source_route_id	source_url	restricted_relative_path	sha256	byte_count	acquisition_cursor
route.frontiers.2024.inera-robusta-q-grader-frequency	https://api.figshare.com/v2/articles/25735122	restricted://post20k_extension/raw/non-coe/figshare-25735122-metadata.json	9782af9bdbf70cfcc8bbe562e32c805c9f2399ad9eee90c7a740811fe532209e	17299	noncoe-route=frontiers-inera-robusta;status=EXHAUSTED
route.frontiers.2024.inera-robusta-q-grader-frequency	https://ndownloader.figshare.com/files/46039437	restricted://post20k_extension/raw/non-coe/frontiers-inera-robusta-sensory.xlsx	4ca2bff21183d2615e244f68b330ba23282f56e6d012c7be762f04baa19abb0a	31426	noncoe-route=frontiers-inera-robusta;status=EXHAUSTED
route.frontiers.2026.lengupa-trained-cupper-table	https://www.frontiersin.org/journals/sustainable-food-systems/articles/10.3389/fsufs.2026.1809471/full	restricted://post20k_extension/raw/non-coe/frontiers-lengupa-trained-cupper-article.html	e5bbcdf68eb025877d1e00e037a3f1710b58c94e697ed0e398af32129809428e	1012517	noncoe-route=frontiers-lengupa;status=EXHAUSTED
route.coe.archive-continuation	https://farmdirectory.cupofexcellence.org/listings/page/12/	restricted://post20k_extension/raw/coe-archive/listings-page-012.html	49dd9698e34bc42010071e05cff598d73922e6fec63003b4b993e66992bdaaf7	129123	archive-page=12
route.coe.generic-official-sensory-detail	https://farmdirectory.cupofexcellence.org/listing/9-liquidambar-honduras-2026-parainema-catracha/	restricted://post20k_extension/raw/coe-detail/9f59e2f1a803e4821c2e796b.html	cd7ab2c750d7365ec45607c343128ed43182cb1d732cc0b881c8972feba6234b	141014	archive-page=12;detail-index=10;url=https://farmdirectory.cupofexcellence.org/listing/9-liquidambar-honduras-2026-parainema-catracha/
route.coe.archive-continuation	https://farmdirectory.cupofexcellence.org/listings/page/13/	restricted://post20k_extension/raw/coe-archive/listings-page-013.html	e0ec727dd6339f6e9f6abeedb8b7c93fc9d315861cb9d8c6b850a1e476d5b3ff	129039	archive-page=13
route.coe.generic-official-sensory-detail	https://farmdirectory.cupofexcellence.org/listing/1-la-cascada-honduras-2026-honduras-traditional/	restricted://post20k_extension/raw/coe-detail/fbe78dc86a1868dcda505eec.html	d9e9642d105a3076a4e1c6f49c0f539a22595bcb3b5b47cd4c6d174654530dca	144447	archive-page=13;detail-index=1;url=https://farmdirectory.cupofexcellence.org/listing/1-la-cascada-honduras-2026-honduras-traditional/
route.coe.generic-official-sensory-detail	https://farmdirectory.cupofexcellence.org/listing/10-mystic-hills-costa-rica-2026-experimental/	restricted://post20k_extension/raw/coe-detail/79de7988f31d39cb4a0917a0.html	6780d7c9346b12ac9baf020287277be969cf4033d8d3f46e18e7a67baf2d8002	143371	archive-page=13;detail-index=2;url=https://farmdirectory.cupofexcellence.org/listing/10-mystic-hills-costa-rica-2026-experimental/
route.coe.generic-official-sensory-detail	https://farmdirectory.cupofexcellence.org/listing/2-el-manantial-honduras-2026-honduras-traditional/	restricted://post20k_extension/raw/coe-detail/5e4ab136c38c251de71eb052.html	24cb81525f672ea1b6d8e72b4351d7ea7870e72c32648ccdbf1db9ab3e7eeac2	143172	archive-page=13;detail-index=3;url=https://farmdirectory.cupofexcellence.org/listing/2-el-manantial-honduras-2026-honduras-traditional/
route.coe.generic-official-sensory-detail	https://farmdirectory.cupofexcellence.org/listing/3-las-acacias-honduras-2026-honduras-traditional/	restricted://post20k_extension/raw/coe-detail/0bbf5de8fbbb2f719c0df302.html	a8acc3886fe970741d3571b7e60610911ae40f072c8f0d1e4a340cba5cb94306	144395	archive-page=13;detail-index=4;url=https://farmdirectory.cupofexcellence.org/listing/3-las-acacias-honduras-2026-honduras-traditional/
route.coe.generic-official-sensory-detail	https://farmdirectory.cupofexcellence.org/listing/4-la-pena-honduras-2026-honduras-traditional/	restricted://post20k_extension/raw/coe-detail/e06fefa44fd8bf392b145064.html	b46468e8468779e5291c02312917b6552ea128e74abade72eb2ad1dada9d1f91	141511	archive-page=13;detail-index=5;url=https://farmdirectory.cupofexcellence.org/listing/4-la-pena-honduras-2026-honduras-traditional/
route.coe.generic-official-sensory-detail	https://farmdirectory.cupofexcellence.org/listing/5-la-casa-honduras-2026-honduras-traditional/	restricted://post20k_extension/raw/coe-detail/c5b0a9e19bf9a557dc42d8eb.html	ad0919d421fd21b3ac52819b444c5214acfe2663c65be8bce88f02de4022a73d	140123	archive-page=13;detail-index=6;url=https://farmdirectory.cupofexcellence.org/listing/5-la-casa-honduras-2026-honduras-traditional/
route.coe.generic-official-sensory-detail	https://farmdirectory.cupofexcellence.org/listing/6-el-cutal-honduras-2026-honduras-traditional/	restricted://post20k_extension/raw/coe-detail/11a28949a908e9bbb1438a49.html	c3c375c04bdc90d22ad77aeab0dfbe558c460b1360e6652e96ea5fec881eeb93	133408	archive-page=13;detail-index=7;url=https://farmdirectory.cupofexcellence.org/listing/6-el-cutal-honduras-2026-honduras-traditional/
route.coe.generic-official-sensory-detail	https://farmdirectory.cupofexcellence.org/listing/7-los-primos-honduras-2026-honduras-traditional/	restricted://post20k_extension/raw/coe-detail/0a1179362034fd1356c7448e.html	a599eea09b41661bf0216f4a5817da99fb3b0bffa4f8a87e60bb6216e2002a36	144260	archive-page=13;detail-index=8;url=https://farmdirectory.cupofexcellence.org/listing/7-los-primos-honduras-2026-honduras-traditional/
route.coe.generic-official-sensory-detail	https://farmdirectory.cupofexcellence.org/listing/8-el-guayabo-honduras-2026-honduras-traditional/	restricted://post20k_extension/raw/coe-detail/3f960056ef972e03d20920f3.html	264495d62bea7ba5be3ce90347d55fd43b6a9bee3f5f1b7e5ced34e3076b6d65	133568	archive-page=13;detail-index=9;url=https://farmdirectory.cupofexcellence.org/listing/8-el-guayabo-honduras-2026-honduras-traditional/
route.coe.archive-continuation	https://farmdirectory.cupofexcellence.org/listings/page/14/	restricted://post20k_extension/raw/coe-archive/listings-page-014.html	fc7d1a6dfd085cd35c568f05efc084edb5fe9ea395264cbeeef109873e9bf28e	128806	archive-page=14
route.coe.generic-official-sensory-detail	https://farmdirectory.cupofexcellence.org/listing/1-las-margaritas-veintiseis-costa-rica-2026-experimental/	restricted://post20k_extension/raw/coe-detail/51083db7c9d7ad8ef1c867b4.html	217fd5f3d9cbb322efb0a0a1ec496fe0c34f7d40f7e375ff7429115559fbeda9	145173	archive-page=14;detail-index=1;url=https://farmdirectory.cupofexcellence.org/listing/1-las-margaritas-veintiseis-costa-rica-2026-experimental/
route.coe.generic-official-sensory-detail	https://farmdirectory.cupofexcellence.org/listing/12-el-centro-costa-rica-2026-dry/	restricted://post20k_extension/raw/coe-detail/04612574c1cd83689887d422.html	316588b3f0eb34ee101906d912c425399e4a5779d519f013b784033f5f096af1	143059	archive-page=14;detail-index=2;url=https://farmdirectory.cupofexcellence.org/listing/12-el-centro-costa-rica-2026-dry/
route.coe.generic-official-sensory-detail	https://farmdirectory.cupofexcellence.org/listing/2-el-entronque-costa-rica-2026-experimental/	restricted://post20k_extension/raw/coe-detail/3e0fe37179dda1d87042532f.html	3326b0edd3121a777c8b6167f954ad11a34ae909da767123b89199d9ad143a71	143590	archive-page=14;detail-index=3;url=https://farmdirectory.cupofexcellence.org/listing/2-el-entronque-costa-rica-2026-experimental/
route.coe.generic-official-sensory-detail	https://farmdirectory.cupofexcellence.org/listing/3-don-dario-costa-rica-2026-experimental/	restricted://post20k_extension/raw/coe-detail/969b9e1d5b8c21417aac5f35.html	cca2d2182f5b26000964b6b597a2c8859611092285f4bf28d5ccc0ed8c43d47a	142600	archive-page=14;detail-index=4;url=https://farmdirectory.cupofexcellence.org/listing/3-don-dario-costa-rica-2026-experimental/
route.coe.generic-official-sensory-detail	https://farmdirectory.cupofexcellence.org/listing/4-la-isabela-costa-rica-2026-experimental/	restricted://post20k_extension/raw/coe-detail/c2f418d9647f336073c8c544.html	24dbfb2ab1cb23bc4cbb982d268504b2401a8074df490b27a91a2b3d4e916cf8	143200	archive-page=14;detail-index=5;url=https://farmdirectory.cupofexcellence.org/listing/4-la-isabela-costa-rica-2026-experimental/
route.coe.generic-official-sensory-detail	https://farmdirectory.cupofexcellence.org/listing/5-la-esmeralda-am-costa-rica-2026-experimental/	restricted://post20k_extension/raw/coe-detail/dc3d1cc91177e604197d56b2.html	8b6cc8b152d04201271d4bf23b1515337d31748439f6a8e8122e902c86b5ea95	144606	archive-page=14;detail-index=6;url=https://farmdirectory.cupofexcellence.org/listing/5-la-esmeralda-am-costa-rica-2026-experimental/
route.coe.generic-official-sensory-detail	https://farmdirectory.cupofexcellence.org/listing/6-emanuel-costa-rica-2026-experimental/	restricted://post20k_extension/raw/coe-detail/b08795d0c434bdf78956868c.html	ea7a586c4e4e9098967dd66a0d8deb635d0f5ea356fa11b09a8f2fbc361f6a52	143941	archive-page=14;detail-index=7;url=https://farmdirectory.cupofexcellence.org/listing/6-emanuel-costa-rica-2026-experimental/
route.coe.generic-official-sensory-detail	https://farmdirectory.cupofexcellence.org/listing/7-finca-voo-costa-rica-2026-experimental/	restricted://post20k_extension/raw/coe-detail/a01a6731c7394fe2b9430c97.html	bd051a62ba265324b2901271190c428a7ac01ec1ea24a0c70f3fab71047296ca	144436	archive-page=14;detail-index=8;url=https://farmdirectory.cupofexcellence.org/listing/7-finca-voo-costa-rica-2026-experimental/
route.coe.generic-official-sensory-detail	https://farmdirectory.cupofexcellence.org/listing/8-finca-los-robles-costa-rica-2026-experimental/	restricted://post20k_extension/raw/coe-detail/add03340d8209158b2d27ed9.html	b786cbb5d8e48b6543d39bf442967219e546c2e3fae8747eff16e0f5b4c39646	144350	archive-page=14;detail-index=9;url=https://farmdirectory.cupofexcellence.org/listing/8-finca-los-robles-costa-rica-2026-experimental/
route.coe.archive-continuation	https://farmdirectory.cupofexcellence.org/listings/page/15/	restricted://post20k_extension/raw/coe-archive/listings-page-015.html	d2ef6749860c4a81069befe08f644c98adbb1448e6b1f469a0c9f70c82202026	128696	archive-page=15
route.coe.generic-official-sensory-detail	https://farmdirectory.cupofexcellence.org/listing/10-el-cola-roja-costa-rica-2026-dry/	restricted://post20k_extension/raw/coe-detail/fdd623d4fe50c57963071fac.html	7a35c8358792a6ae813b5454f4532257bcee25e407c818e439b2a29a68885edf	143754	archive-page=15;detail-index=1;url=https://farmdirectory.cupofexcellence.org/listing/10-el-cola-roja-costa-rica-2026-dry/
route.coe.generic-official-sensory-detail	https://farmdirectory.cupofexcellence.org/listing/11-la-planada-costa-rica-2026-dry/	restricted://post20k_extension/raw/coe-detail/6a7f56b0db28cf405aaccfa6.html	0073b2a70a0caa10443e74910ee82d9e507d7a206b877335f8b9930762444c12	141233	archive-page=15;detail-index=2;url=https://farmdirectory.cupofexcellence.org/listing/11-la-planada-costa-rica-2026-dry/
route.coe.generic-official-sensory-detail	https://farmdirectory.cupofexcellence.org/listing/2-don-cayito-costa-rica-2026-dry/	restricted://post20k_extension/raw/coe-detail/759ddfff57a9c91448ed1f12.html	09d7619a0bab1d61ef34f4caaddc2ff871879506de2bfdc8ec8e227017dd2717	144054	archive-page=15;detail-index=3;url=https://farmdirectory.cupofexcellence.org/listing/2-don-cayito-costa-rica-2026-dry/
route.coe.generic-official-sensory-detail	https://farmdirectory.cupofexcellence.org/listing/3-rio-blanco-costa-rica-2026-dry/	restricted://post20k_extension/raw/coe-detail/f06e1beb1f03f09af9b9d724.html	c1e3ef9dd3efe4d0b47c23b4f1d0bdca98cce87d57713b40ddadd620b2d650fd	143308	archive-page=15;detail-index=4;url=https://farmdirectory.cupofexcellence.org/listing/3-rio-blanco-costa-rica-2026-dry/
route.coe.generic-official-sensory-detail	https://farmdirectory.cupofexcellence.org/listing/4-fcj-volcan-azul-costa-rica-2026-dry/	restricted://post20k_extension/raw/coe-detail/21585780c6602f0500b91d44.html	a6eaee5fe8cb412fbd4edf883b6e2d334e106c6d1f2433d65974f138026651de	143079	archive-page=15;detail-index=5;url=https://farmdirectory.cupofexcellence.org/listing/4-fcj-volcan-azul-costa-rica-2026-dry/
route.coe.generic-official-sensory-detail	https://farmdirectory.cupofexcellence.org/listing/5-quebrada-grande-costa-rica-2026-dry/	restricted://post20k_extension/raw/coe-detail/2a625be7c6179ff9b23c4ea4.html	17060236e77d5f429817db01622eceda1d9044c695f13af32a60b55c052fb0fc	143418	archive-page=15;detail-index=6;url=https://farmdirectory.cupofexcellence.org/listing/5-quebrada-grande-costa-rica-2026-dry/
route.coe.generic-official-sensory-detail	https://farmdirectory.cupofexcellence.org/listing/6-la-fila-costa-rica-2026-dry/	restricted://post20k_extension/raw/coe-detail/5f1a96665460aea66572e608.html	f2e708028c276c2159fda22d8a6364e29a8cba6c74b4116e0d87c94bf0a2634b	143256	archive-page=15;detail-index=7;url=https://farmdirectory.cupofexcellence.org/listing/6-la-fila-costa-rica-2026-dry/
route.coe.generic-official-sensory-detail	https://farmdirectory.cupofexcellence.org/listing/7-finca-matilde-costa-rica-2026-dry/	restricted://post20k_extension/raw/coe-detail/1081f095038797c3523adb56.html	8d29539d016b9569ad378aeaf3048dc0d850621a4a6552b3256b01ee35baeb84	143133	archive-page=15;detail-index=8;url=https://farmdirectory.cupofexcellence.org/listing/7-finca-matilde-costa-rica-2026-dry/
route.coe.generic-official-sensory-detail	https://farmdirectory.cupofexcellence.org/listing/8-el-cusuco-costa-rica-2026-dry/	restricted://post20k_extension/raw/coe-detail/afe8059bded3d49f68b14524.html	f504f7b373ae85e962187d3a7214499c33373090a93858a1f2ee77c68ff066a7	142697	archive-page=15;detail-index=9;url=https://farmdirectory.cupofexcellence.org/listing/8-el-cusuco-costa-rica-2026-dry/
route.coe.generic-official-sensory-detail	https://farmdirectory.cupofexcellence.org/listing/9-finca-45-v-costa-rica-2026-dry/	restricted://post20k_extension/raw/coe-detail/497e4e593b60c6ae9990a97e.html	d109ea434eedb45aa028032affcd8b2d479f31d2635f57dab1ffa49e061f03bf	143143	archive-page=15;detail-index=10;url=https://farmdirectory.cupofexcellence.org/listing/9-finca-45-v-costa-rica-2026-dry/
route.coe.archive-continuation	https://farmdirectory.cupofexcellence.org/listings/page/16/	restricted://post20k_extension/raw/coe-archive/listings-page-016.html	2820746d440e09387be10cf672ea55df12e8a3049ede690618ee4e400b9622a4	128776	archive-page=16
route.coe.generic-official-sensory-detail	https://farmdirectory.cupofexcellence.org/listing/1-las-nubes-costa-rica-2026-dry/	restricted://post20k_extension/raw/coe-detail/e939f0cc65243de430d431dd.html	7f2349e7c7b4f0da56fc12a0486c41a9ba4b8f616dc97bc31bbbb726da18a6fe	142677	archive-page=16;detail-index=1;url=https://farmdirectory.cupofexcellence.org/listing/1-las-nubes-costa-rica-2026-dry/
route.coe.generic-official-sensory-detail	https://farmdirectory.cupofexcellence.org/listing/1-rio-blanco-costa-rica-2026-wet/	restricted://post20k_extension/raw/coe-detail/bc7e142329ffa69951fbfe88.html	29adffaf6aed776269fcc2070696fedadc9df0c7234959dcc172dd9b987448d1	142881	archive-page=16;detail-index=2;url=https://farmdirectory.cupofexcellence.org/listing/1-rio-blanco-costa-rica-2026-wet/
route.coe.generic-official-sensory-detail	https://farmdirectory.cupofexcellence.org/listing/3-el-cedro-hacienda-san-isidro-labrador-costa-rica-2026-wet/	restricted://post20k_extension/raw/coe-detail/9ae374a41fe9b1aca1d583b9.html	f8c5715fb30703a93272b6e727ce185b462ab991f941c8007e3e5637e2db0729	143266	archive-page=16;detail-index=5;url=https://farmdirectory.cupofexcellence.org/listing/3-el-cedro-hacienda-san-isidro-labrador-costa-rica-2026-wet/
route.coe.generic-official-sensory-detail	https://farmdirectory.cupofexcellence.org/listing/4-david-costa-rica-2026-wet/	restricted://post20k_extension/raw/coe-detail/985c6e56a0f504efea6b7730.html	0883434996d695494c0ba2288160786f3c942f4709ace5518014e644073cc474	142791	archive-page=16;detail-index=6;url=https://farmdirectory.cupofexcellence.org/listing/4-david-costa-rica-2026-wet/
route.coe.generic-official-sensory-detail	https://farmdirectory.cupofexcellence.org/listing/5-la-bandera-rica-2026-wet/	restricted://post20k_extension/raw/coe-detail/ed771e5a50cb19d7eadf72d3.html	bfafd759cc75f1fc2d535ffae6e036c2722dd59311bcfc85570f526d1e590e03	143600	archive-page=16;detail-index=7;url=https://farmdirectory.cupofexcellence.org/listing/5-la-bandera-rica-2026-wet/
route.coe.generic-official-sensory-detail	https://farmdirectory.cupofexcellence.org/listing/6-santa-teresa-costa-rica-2026-wet/	restricted://post20k_extension/raw/coe-detail/b27c1d5114daf4d9299f558a.html	f79c6feb07bef340b149d736764e22f17f643a95fe071f040d6782a558b3ea00	143810	archive-page=16;detail-index=8;url=https://farmdirectory.cupofexcellence.org/listing/6-santa-teresa-costa-rica-2026-wet/
route.coe.generic-official-sensory-detail	https://farmdirectory.cupofexcellence.org/listing/7-la-casita-de-la-esperanza-costa-rica-2026-wet/	restricted://post20k_extension/raw/coe-detail/5cff2fdbb004266a2b952114.html	5c6645eea875320f065e53f8c12a1818881997a5a8c56037bcc3db90b468bf1a	143603	archive-page=16;detail-index=9;url=https://farmdirectory.cupofexcellence.org/listing/7-la-casita-de-la-esperanza-costa-rica-2026-wet/
route.coe.generic-official-sensory-detail	https://farmdirectory.cupofexcellence.org/listing/8-leoncio-costa-rica-2026-wet/	restricted://post20k_extension/raw/coe-detail/c28509cc7f747cd082d62089.html	d938c4fdab06190e42f273917cd4767530782e3714a1b2361a8242ae0bb805f7	142765	archive-page=16;detail-index=10;url=https://farmdirectory.cupofexcellence.org/listing/8-leoncio-costa-rica-2026-wet/
route.coe.archive-continuation	https://farmdirectory.cupofexcellence.org/listings/page/17/	restricted://post20k_extension/raw/coe-archive/listings-page-017.html	81f3692c0d6c4be45096e68d9455e99b9488bb6a51f0f0ca074fa106396f5140	129263	archive-page=17
route.coe.archive-continuation	https://farmdirectory.cupofexcellence.org/listings/page/18/	restricted://post20k_extension/raw/coe-archive/listings-page-018.html	5f9e0b912cb15a64ca0a3bf960a6dca50615ab57ec68b1dd6bcd6d3c2d3398c1	128981	archive-page=18
route.coe.archive-continuation	https://farmdirectory.cupofexcellence.org/listings/page/19/	restricted://post20k_extension/raw/coe-archive/listings-page-019.html	29c04ef0c5127903040afc4ccd278d47b6908bde230bbb0453a5f440d3e6a5ae	129120	archive-page=19
route.coe.archive-continuation	https://farmdirectory.cupofexcellence.org/listings/page/20/	restricted://post20k_extension/raw/coe-archive/listings-page-020.html	317485a463b93c1728f6e208001cdefba1d64d1700c69f560e0d1f1fa4eee3cf	129275	archive-page=20
route.coe.archive-continuation	https://farmdirectory.cupofexcellence.org/listings/page/21/	restricted://post20k_extension/raw/coe-archive/listings-page-021.html	ff7580e905de28a70ec465789ba7d116064b357c99fd507ca0688f814680bb72	129466	archive-page=21
route.coe.archive-continuation	https://farmdirectory.cupofexcellence.org/listings/page/22/	restricted://post20k_extension/raw/coe-archive/listings-page-022.html	0af073ed0b6d10a1193a54fee4e9355781a168c1a5b781cd11e8ba30525ed898	129023	archive-page=22
route.coe.generic-official-sensory-detail	https://farmdirectory.cupofexcellence.org/listing/nw-el-colibri-peru-2025/	restricted://post20k_extension/raw/coe-detail/883fe00f9b4c1cae9c392049.html	288349e331c42442e4087a0732e1cac35011d44d8123040a71a56a4d7e343a95	139205	archive-page=22;detail-index=8;url=https://farmdirectory.cupofexcellence.org/listing/nw-el-colibri-peru-2025/
route.coe.generic-official-sensory-detail	https://farmdirectory.cupofexcellence.org/listing/nw-tintin-peru-2025/	restricted://post20k_extension/raw/coe-detail/e6e2b52a879d22e401123f5d.html	8deea36900f1552e03aa25d22430658b49ab92fc70ce93038caa94d9a3d753a8	141540	archive-page=22;detail-index=10;url=https://farmdirectory.cupofexcellence.org/listing/nw-tintin-peru-2025/
route.coe.archive-continuation	https://farmdirectory.cupofexcellence.org/listings/page/23/	restricted://post20k_extension/raw/coe-archive/listings-page-023.html	49c7f337ace9a20df893239d617840b544cd8a39a74cc45af0598a3da43b333f	128458	archive-page=23
route.coe.generic-official-sensory-detail	https://farmdirectory.cupofexcellence.org/listing/21-la-lima-peru-2025/	restricted://post20k_extension/raw/coe-detail/47390330059e9ddd0a524047.html	581e1be00a14360df6bd84e80bbd36507cc09c63db0e352975a0d1ecfc54f6b6	139425	archive-page=23;detail-index=1;url=https://farmdirectory.cupofexcellence.org/listing/21-la-lima-peru-2025/
route.coe.generic-official-sensory-detail	https://farmdirectory.cupofexcellence.org/listing/23-el-romerillo-peru-2025/	restricted://post20k_extension/raw/coe-detail/a003a3fdecd73fbe3b9084ed.html	8ea239b1c9d96ccd5373958d67072c24a494cd8db8ce3aeb4544df8652e1d5d2	141223	archive-page=23;detail-index=3;url=https://farmdirectory.cupofexcellence.org/listing/23-el-romerillo-peru-2025/
route.coe.generic-official-sensory-detail	https://farmdirectory.cupofexcellence.org/listing/27-el-romerillo-peru-2025/	restricted://post20k_extension/raw/coe-detail/894cfd6a2d7d3649dcdb4c78.html	b026fdb21b53093ae8c8488f66a4c26579285c66c59166ea1d5b0d23141dd9da	141418	archive-page=23;detail-index=7;url=https://farmdirectory.cupofexcellence.org/listing/27-el-romerillo-peru-2025/
route.coe.generic-official-sensory-detail	https://farmdirectory.cupofexcellence.org/listing/28-palma-pampa-peru-2025/	restricted://post20k_extension/raw/coe-detail/26e20de3cbc5bdb6136c202f.html	3e4033673aa806936bf2ff6a48dbba313a63ec23951eea55ea460475944d3eb4	136232	archive-page=23;detail-index=8;url=https://farmdirectory.cupofexcellence.org/listing/28-palma-pampa-peru-2025/
route.coe.generic-official-sensory-detail	https://farmdirectory.cupofexcellence.org/listing/29-camino-viejo-peru-2025/	restricted://post20k_extension/raw/coe-detail/b00fe303a62332fffdb53789.html	7646fd344456df63d5f70381bd4f3cb2857edf9d54c7ab72375fcd59f2f33b82	141658	archive-page=23;detail-index=9;url=https://farmdirectory.cupofexcellence.org/listing/29-camino-viejo-peru-2025/
route.coe.generic-official-sensory-detail	https://farmdirectory.cupofexcellence.org/listing/30-uscamayta-peru-2025/	restricted://post20k_extension/raw/coe-detail/64e7555b34e8c3b1115ec109.html	e6835b942572a27ac98f56c812f35dec1e44fb0cf39878c8a9a10feeaca3f9b3	140631	archive-page=23;detail-index=10;url=https://farmdirectory.cupofexcellence.org/listing/30-uscamayta-peru-2025/
route.coe.archive-continuation	https://farmdirectory.cupofexcellence.org/listings/page/24/	restricted://post20k_extension/raw/coe-archive/listings-page-024.html	1799e4207ef2968d48c105b5320be66599aec20bd1da9acd14a692791c391f1e	128416	archive-page=24
route.coe.generic-official-sensory-detail	https://farmdirectory.cupofexcellence.org/listing/11-caminos-del-inka-coffee-estate-peru-2025/	restricted://post20k_extension/raw/coe-detail/2c0c3f95c48a89de186f484b.html	aa429fdc7624c2cca22ad26327485f42843a69e509f8716f460e3676b498261a	142202	archive-page=24;detail-index=1;url=https://farmdirectory.cupofexcellence.org/listing/11-caminos-del-inka-coffee-estate-peru-2025/
route.coe.generic-official-sensory-detail	https://farmdirectory.cupofexcellence.org/listing/14-bella-rosa-peru-2025/	restricted://post20k_extension/raw/coe-detail/584013392f882483702c787f.html	733abba54c6ac23bbe2e45c355ff7ec1969f858a108728cdb49786b5b7eaad35	140688	archive-page=24;detail-index=4;url=https://farmdirectory.cupofexcellence.org/listing/14-bella-rosa-peru-2025/
route.coe.generic-official-sensory-detail	https://farmdirectory.cupofexcellence.org/listing/15-miscabamba-peru-2025/	restricted://post20k_extension/raw/coe-detail/bfed23cedbef4cf9d9bb4f36.html	4b56c307f04fb09f12b0264cd250ccf9deea60184d3fb26408ab2199415e7b44	140443	archive-page=24;detail-index=5;url=https://farmdirectory.cupofexcellence.org/listing/15-miscabamba-peru-2025/
route.coe.generic-official-sensory-detail	https://farmdirectory.cupofexcellence.org/listing/16-paqhaq-alto-peru-2025/	restricted://post20k_extension/raw/coe-detail/a422f2b2e387793d7454fe71.html	cfec682c484a7d660ead328d806d2eccdc4a6e72220682b92353d1b51a8e696e	142146	archive-page=24;detail-index=6;url=https://farmdirectory.cupofexcellence.org/listing/16-paqhaq-alto-peru-2025/
route.coe.generic-official-sensory-detail	https://farmdirectory.cupofexcellence.org/listing/17-miscabamba-alta-peru-2025/	restricted://post20k_extension/raw/coe-detail/9e192f2f8be61bb0733bb4f6.html	342e405b1c5fa82f426fa08053456525663b16529b18ffae68d13ef35d0bd859	138861	archive-page=24;detail-index=7;url=https://farmdirectory.cupofexcellence.org/listing/17-miscabamba-alta-peru-2025/
route.coe.generic-official-sensory-detail	https://farmdirectory.cupofexcellence.org/listing/18-santa-teresa-peru-2025/	restricted://post20k_extension/raw/coe-detail/b7100361b0953e62bf47a8d1.html	5e12eba2e0d467eed71522fe413da777bbe1108f2ee2518c0bedf5e0919179a6	141941	archive-page=24;detail-index=8;url=https://farmdirectory.cupofexcellence.org/listing/18-santa-teresa-peru-2025/
route.coe.generic-official-sensory-detail	https://farmdirectory.cupofexcellence.org/listing/19-el-gringo-peru-2025/	restricted://post20k_extension/raw/coe-detail/cfbc061c93b2b74f12acc4bf.html	613d3bd867c1450cb5b9f57e43e6e76d11c35201fe0afc4b212abab9d92f52f1	141504	archive-page=24;detail-index=9;url=https://farmdirectory.cupofexcellence.org/listing/19-el-gringo-peru-2025/
route.coe.generic-official-sensory-detail	https://farmdirectory.cupofexcellence.org/listing/20-la-rinconada-peru-2025/	restricted://post20k_extension/raw/coe-detail/db10d18e880089ffe126e72b.html	ec32e6e64f9e9e00687cb64d157537c738defa7d08798cc7b7629a0da099b552	144906	archive-page=24;detail-index=10;url=https://farmdirectory.cupofexcellence.org/listing/20-la-rinconada-peru-2025/
route.coe.archive-continuation	https://farmdirectory.cupofexcellence.org/listings/page/25/	restricted://post20k_extension/raw/coe-archive/listings-page-025.html	fcea5a819f25246fb1b83ec6816b11cba2bd8b9f783b3d018dfe34c02b866118	128368	archive-page=25
route.coe.generic-official-sensory-detail	https://farmdirectory.cupofexcellence.org/listing/1-la-catarata-peru-2025/	restricted://post20k_extension/raw/coe-detail/816344f6e6a88d82b0208ca8.html	cf6232bbffc4c1368448a552b88b971e401f3697be4794d593ed7435601b92a5	142768	archive-page=25;detail-index=1;url=https://farmdirectory.cupofexcellence.org/listing/1-la-catarata-peru-2025/
route.coe.generic-official-sensory-detail	https://farmdirectory.cupofexcellence.org/listing/10-seb-peru-2025/	restricted://post20k_extension/raw/coe-detail/51543afa476acfa0efde11cb.html	6f9a03c0ac91ae1178f3f8928058ba51ea597e392bdb54675446c232d4f7c811	136528	archive-page=25;detail-index=2;url=https://farmdirectory.cupofexcellence.org/listing/10-seb-peru-2025/
route.coe.generic-official-sensory-detail	https://farmdirectory.cupofexcellence.org/listing/3-llaqta-pata-peru-2025/	restricted://post20k_extension/raw/coe-detail/59f6b53fd352038f69e0c154.html	170dd4cc8ef90917c421d658c25adfd3da9ef3b3b0fda3fd65206415dc7d4606	138986	archive-page=25;detail-index=4;url=https://farmdirectory.cupofexcellence.org/listing/3-llaqta-pata-peru-2025/
route.coe.generic-official-sensory-detail	https://farmdirectory.cupofexcellence.org/listing/5-nueva-alianza-peru-2025/	restricted://post20k_extension/raw/coe-detail/aac9d8f0b6c6badb35bacac7.html	a77b0bfb87b6dc200bb54aa2441d62b0ac41e9cf75b02ed5b0ba05db63e8dc95	141877	archive-page=25;detail-index=6;url=https://farmdirectory.cupofexcellence.org/listing/5-nueva-alianza-peru-2025/
route.coe.generic-official-sensory-detail	https://farmdirectory.cupofexcellence.org/listing/7-la-miel-peru-2025/	restricted://post20k_extension/raw/coe-detail/a9b570927743303937a38742.html	e07dcd3ca7cf89fc88b9ba97edbfce9076e719530db0e5db29ed428ea0732db4	142146	archive-page=25;detail-index=8;url=https://farmdirectory.cupofexcellence.org/listing/7-la-miel-peru-2025/
route.coe.generic-official-sensory-detail	https://farmdirectory.cupofexcellence.org/listing/9-fincas-remi-peru-2025/	restricted://post20k_extension/raw/coe-detail/53d07b69944fb5b54ce61257.html	ada534e5d21678c821a6c1dcfa022d63a9a181413bf99a5accaf42f5c24325bd	140644	archive-page=25;detail-index=10;url=https://farmdirectory.cupofexcellence.org/listing/9-fincas-remi-peru-2025/
route.coe.archive-continuation	https://farmdirectory.cupofexcellence.org/listings/page/26/	restricted://post20k_extension/raw/coe-archive/listings-page-026.html	b6d63420191c26294a61629662120df270b9c4867142f06e808ce77cf61b9ce9	129016	archive-page=26
route.coe.generic-official-sensory-detail	https://farmdirectory.cupofexcellence.org/listing/nw-dom-silverio-brazil-2025-wet/	restricted://post20k_extension/raw/coe-detail/de09b044a042f9abd344ff1c.html	1c3436cce228a8d8bb2c744dfb4a6ceb9fb87ea8b40a73f6301ed494b537e374	146060	archive-page=26;detail-index=1;url=https://farmdirectory.cupofexcellence.org/listing/nw-dom-silverio-brazil-2025-wet/
route.coe.generic-official-sensory-detail	https://farmdirectory.cupofexcellence.org/listing/nw-fazenda-barra-funda-brazil-2025-dry/	restricted://post20k_extension/raw/coe-detail/d5b81ca02d69972c369a8c3f.html	0038f92473c6d20cc336ad63442f349c2b3f5e275cf19a6998066ee5d81263c1	140904	archive-page=26;detail-index=2;url=https://farmdirectory.cupofexcellence.org/listing/nw-fazenda-barra-funda-brazil-2025-dry/
route.coe.generic-official-sensory-detail	https://farmdirectory.cupofexcellence.org/listing/nw-fazenda-moinho-brazil-2025-wet/	restricted://post20k_extension/raw/coe-detail/262f185cac299984522de576.html	b8ec53d6e31a4388d6506ef408f5251567272e65d88af6124c008eb9a4f79082	141284	archive-page=26;detail-index=3;url=https://farmdirectory.cupofexcellence.org/listing/nw-fazenda-moinho-brazil-2025-wet/
route.coe.generic-official-sensory-detail	https://farmdirectory.cupofexcellence.org/listing/nw-fazenda-queixadas-brazil-2025-experimental/	restricted://post20k_extension/raw/coe-detail/d3895a2cbc1d7066af4bf86c.html	d2f25790ad7eb326d6a112fe0b9fa21ca503514a9020d7378afb6a52e9040ef6	141970	archive-page=26;detail-index=4;url=https://farmdirectory.cupofexcellence.org/listing/nw-fazenda-queixadas-brazil-2025-experimental/
route.coe.generic-official-sensory-detail	https://farmdirectory.cupofexcellence.org/listing/nw-fazenda-rodomunho-brazil-2025-dry/	restricted://post20k_extension/raw/coe-detail/df84ecfc2f6dd8090c89d59c.html	0e86c4e936c18c711e2dafc7fe43f83f9a3c6dff820429119eac39f905004844	143813	archive-page=26;detail-index=5;url=https://farmdirectory.cupofexcellence.org/listing/nw-fazenda-rodomunho-brazil-2025-dry/
route.coe.generic-official-sensory-detail	https://farmdirectory.cupofexcellence.org/listing/nw-fazenda-samambaia-brazil-2025-experimental/	restricted://post20k_extension/raw/coe-detail/3dbf2a8cdb38b16d03f21c02.html	18ecc724eb579fb0abb17462f3d050bd52965fd33092a9a7c36f4f5a1e9fb5e4	142966	archive-page=26;detail-index=6;url=https://farmdirectory.cupofexcellence.org/listing/nw-fazenda-samambaia-brazil-2025-experimental/
route.coe.generic-official-sensory-detail	https://farmdirectory.cupofexcellence.org/listing/nw-sitio-da-serra-brazil-2025-experimental/	restricted://post20k_extension/raw/coe-detail/d0925dfb9dd7d54f2f1d171a.html	23c2189a0c7b3f5fca8e68e0161bb1ef147125ab9eed786237c0680804558aa6	142184	archive-page=26;detail-index=8;url=https://farmdirectory.cupofexcellence.org/listing/nw-sitio-da-serra-brazil-2025-experimental/
route.coe.generic-official-sensory-detail	https://farmdirectory.cupofexcellence.org/listing/nw-sitio-mae-da-providencia-brazil-2025-experimental/	restricted://post20k_extension/raw/coe-detail/090881e4625ac94f866b4afd.html	7627efafd9d1793d94bd1294211c15e96ba9b8fd033599ea88912881fc050991	145370	archive-page=26;detail-index=9;url=https://farmdirectory.cupofexcellence.org/listing/nw-sitio-mae-da-providencia-brazil-2025-experimental/
route.coe.generic-official-sensory-detail	https://farmdirectory.cupofexcellence.org/listing/nw-vista-alegre-brazil-2025-dry/	restricted://post20k_extension/raw/coe-detail/a29859721c5b0a05d93408f0.html	2dd6da40ed4a3423e6c3ea5ec899993f07449ee680d67c90a668710e0c0ff8e4	144941	archive-page=26;detail-index=10;url=https://farmdirectory.cupofexcellence.org/listing/nw-vista-alegre-brazil-2025-dry/
route.coe.archive-continuation	https://farmdirectory.cupofexcellence.org/listings/page/27/	restricted://post20k_extension/raw/coe-archive/listings-page-027.html	70a7f761a46688f5176a262db144a614dd22a9cc5ef801b9e8ea7bfbd726cde4	129219	archive-page=27
route.coe.generic-official-sensory-detail	https://farmdirectory.cupofexcellence.org/listing/2-fazenda-rancho-grande-brazil-2025-experimental/	restricted://post20k_extension/raw/coe-detail/55de8eaf90f91638ced242f2.html	ead041ca061996e6ba3e1f13362f45fe87a792fd030eeb916d45a5b07e1bd6f2	144018	archive-page=27;detail-index=3;url=https://farmdirectory.cupofexcellence.org/listing/2-fazenda-rancho-grande-brazil-2025-experimental/
route.coe.generic-official-sensory-detail	https://farmdirectory.cupofexcellence.org/listing/4-fazenda-olhos-dagua-brazil-2025-experimental/	restricted://post20k_extension/raw/coe-detail/8578f7654be5d334c85dc6de.html	173b55e0f0b5e1aa1cef63bfbf5aa6ed07dcfde361b0a52b902fe60ee8f84808	141272	archive-page=27;detail-index=5;url=https://farmdirectory.cupofexcellence.org/listing/4-fazenda-olhos-dagua-brazil-2025-experimental/
route.coe.generic-official-sensory-detail	https://farmdirectory.cupofexcellence.org/listing/6-fazenda-abaete-dos-mendes-brazil-2025-experimental/	restricted://post20k_extension/raw/coe-detail/99e208a4d048563afe758353.html	b66d05d2f6362408ea412b3fa3a3ed362b83fbce63d85f044203bcb8917660db	144467	archive-page=27;detail-index=7;url=https://farmdirectory.cupofexcellence.org/listing/6-fazenda-abaete-dos-mendes-brazil-2025-experimental/
route.coe.generic-official-sensory-detail	https://farmdirectory.cupofexcellence.org/listing/7-fazenda-boa-vista-de-pinhal-2-brazil-2025-experimental/	restricted://post20k_extension/raw/coe-detail/ac3bdaf6c1e2669924c43c74.html	7a0f91defd5b05dce157199072e82bef9843b2696bf6b27702150862e0e8d24b	143181	archive-page=27;detail-index=8;url=https://farmdirectory.cupofexcellence.org/listing/7-fazenda-boa-vista-de-pinhal-2-brazil-2025-experimental/
route.coe.generic-official-sensory-detail	https://farmdirectory.cupofexcellence.org/listing/8-fazenda-agua-limpa-brazil-2025-experimental/	restricted://post20k_extension/raw/coe-detail/b5e9b538139e5b4a3efff542.html	bfb0dbb1030737e28702525e111b30c388d3021b0caaf5dc3beed445c0a0f63d	147320	archive-page=27;detail-index=9;url=https://farmdirectory.cupofexcellence.org/listing/8-fazenda-agua-limpa-brazil-2025-experimental/
route.coe.generic-official-sensory-detail	https://farmdirectory.cupofexcellence.org/listing/9-fazenda-das-almas-brazil-2025-experimental/	restricted://post20k_extension/raw/coe-detail/af457feeea68cb58901f002d.html	1c40cb8cb498318fd64e43f18fc7ab3a3d965277ce8d790fa6afa290ab6cc07e	147792	archive-page=27;detail-index=10;url=https://farmdirectory.cupofexcellence.org/listing/9-fazenda-das-almas-brazil-2025-experimental/
route.coe.archive-continuation	https://farmdirectory.cupofexcellence.org/listings/page/28/	restricted://post20k_extension/raw/coe-archive/listings-page-028.html	9b10b7f68f2c4e667c7756fa668d04b5d698f6b437e714b9fc0a804a45866284	128992	archive-page=28
route.coe.generic-official-sensory-detail	https://farmdirectory.cupofexcellence.org/listing/10-sitio-capadocia-ii-brazil-2025-wet/	restricted://post20k_extension/raw/coe-detail/81fb081c70d0343032518536.html	c3741dc164a5c995cfc69b1373c3be09e2c9f0e9a557c7b5d277199003314d58	140140	archive-page=28;detail-index=2;url=https://farmdirectory.cupofexcellence.org/listing/10-sitio-capadocia-ii-brazil-2025-wet/
route.coe.generic-official-sensory-detail	https://farmdirectory.cupofexcellence.org/listing/2-fazenda-boa-vista-brazil-2025-wet/	restricted://post20k_extension/raw/coe-detail/a13f330391e3b0f07a2b806a.html	5af005f5ea60ef67eab1845755fd2a50b19b1e58a7ea071f0ec8794d7ede1ff0	146021	archive-page=28;detail-index=3;url=https://farmdirectory.cupofexcellence.org/listing/2-fazenda-boa-vista-brazil-2025-wet/
route.coe.generic-official-sensory-detail	https://farmdirectory.cupofexcellence.org/listing/3-fazenda-agua-limpa-brazil-2025-wet/	restricted://post20k_extension/raw/coe-detail/e315d54f9601e74907eeacd9.html	442be26d76229fc68430f9b0faac6128cbf3a81cd1f817566c4d4b2af479dca2	146424	archive-page=28;detail-index=4;url=https://farmdirectory.cupofexcellence.org/listing/3-fazenda-agua-limpa-brazil-2025-wet/
route.coe.generic-official-sensory-detail	https://farmdirectory.cupofexcellence.org/listing/4-sitio-pedro-varinhas-brazil-2025-wet/	restricted://post20k_extension/raw/coe-detail/3bc96f1df0d74a25765f2c98.html	b6e37afb070b66f1eabd347a33bca534f2ab08db403e1274498b7f7bb985cddd	142377	archive-page=28;detail-index=5;url=https://farmdirectory.cupofexcellence.org/listing/4-sitio-pedro-varinhas-brazil-2025-wet/
route.coe.generic-official-sensory-detail	https://farmdirectory.cupofexcellence.org/listing/5-fazenda-canastra-brazil-2025-wet/	restricted://post20k_extension/raw/coe-detail/b9af1f73aee366566d9c753b.html	cb3983cd87084e06300470277b8577d8a3c3099af59a569f10fa820b15acba6b	145010	archive-page=28;detail-index=6;url=https://farmdirectory.cupofexcellence.org/listing/5-fazenda-canastra-brazil-2025-wet/
route.coe.generic-official-sensory-detail	https://farmdirectory.cupofexcellence.org/listing/7-fazenda-santa-cecilia-brazil-2025-wet/	restricted://post20k_extension/raw/coe-detail/104965c518ec5b8d1fa057df.html	88201913dae0e1296b56ee1722787967796470bfba38a38a53e1f6098d5d60d6	141220	archive-page=28;detail-index=8;url=https://farmdirectory.cupofexcellence.org/listing/7-fazenda-santa-cecilia-brazil-2025-wet/
route.coe.generic-official-sensory-detail	https://farmdirectory.cupofexcellence.org/listing/8-sitio-corrego-frio-brazil-2025-wet/	restricted://post20k_extension/raw/coe-detail/a2b91305947ebe6438d25f53.html	c2b5c17e65cf4adb15b045ba00d7bab4a67c9b8cf766114417cc49b99f1be10e	145976	archive-page=28;detail-index=9;url=https://farmdirectory.cupofexcellence.org/listing/8-sitio-corrego-frio-brazil-2025-wet/
route.coe.generic-official-sensory-detail	https://farmdirectory.cupofexcellence.org/listing/9-sitio-santa-terezinha-brazil-2025-wet/	restricted://post20k_extension/raw/coe-detail/f3197933dd55d707165129a7.html	9618ac2529f020682d3c309ac18df3a5bdd30e9eedd18a4c4504ed30ac7c00a7	142690	archive-page=28;detail-index=10;url=https://farmdirectory.cupofexcellence.org/listing/9-sitio-santa-terezinha-brazil-2025-wet/
route.coe.archive-continuation	https://farmdirectory.cupofexcellence.org/listings/page/29/	restricted://post20k_extension/raw/coe-archive/listings-page-029.html	abfeb3abb460a6cc8c2de03b3fa638ec9b53f2a13298373d855bfde02cee925d	129018	archive-page=29
route.coe.generic-official-sensory-detail	https://farmdirectory.cupofexcellence.org/listing/1-fazenda-aracacu-brazil-2025-dry/	restricted://post20k_extension/raw/coe-detail/fcce83c505771d00ade97cb0.html	da3f100ed6390c0ff3c2354124039e28ca8bcc3665e53f826c3e811ff0bbbb9e	142279	archive-page=29;detail-index=1;url=https://farmdirectory.cupofexcellence.org/listing/1-fazenda-aracacu-brazil-2025-dry/
route.coe.generic-official-sensory-detail	https://farmdirectory.cupofexcellence.org/listing/2-fazenda-sucuri-brazil-2025-dry/	restricted://post20k_extension/raw/coe-detail/d90b117a72534fd2027a319f.html	7a956195e0717d78e2ef77f9e511ae2a3e96e6fd9a74f7889b5ca9737ec399df	134032	archive-page=29;detail-index=3;url=https://farmdirectory.cupofexcellence.org/listing/2-fazenda-sucuri-brazil-2025-dry/
route.coe.generic-official-sensory-detail	https://farmdirectory.cupofexcellence.org/listing/3-fazenda-chapadao-brazil-2025-dry/	restricted://post20k_extension/raw/coe-detail/264b4fc4b8ebcc2f765e0a14.html	900d9b4de117a15fede5709ecc4251c3c34ef088b74ec83a03c65bb1b016260a	141889	archive-page=29;detail-index=4;url=https://farmdirectory.cupofexcellence.org/listing/3-fazenda-chapadao-brazil-2025-dry/
route.coe.generic-official-sensory-detail	https://farmdirectory.cupofexcellence.org/listing/4-fazenda-olhos-dagua-brazil-2025-dry/	restricted://post20k_extension/raw/coe-detail/cd75fcae3b758c5dd02bf622.html	dfefca268622f678dc77196e4d4a0445582c432c651a85a18db22d803cfb0030	140269	archive-page=29;detail-index=5;url=https://farmdirectory.cupofexcellence.org/listing/4-fazenda-olhos-dagua-brazil-2025-dry/
route.coe.generic-official-sensory-detail	https://farmdirectory.cupofexcellence.org/listing/5-fazenda-sertao-brazil-2025-dry/	restricted://post20k_extension/raw/coe-detail/7dd7391f02070e81cffd94fd.html	17fe76beedbd768417cb8258164f42fb19654a952a962a4d0786d0f7a07e6119	146892	archive-page=29;detail-index=6;url=https://farmdirectory.cupofexcellence.org/listing/5-fazenda-sertao-brazil-2025-dry/
route.coe.generic-official-sensory-detail	https://farmdirectory.cupofexcellence.org/listing/7-sitio-ponte-alta-brazil-2025-dry/	restricted://post20k_extension/raw/coe-detail/dbd6388cc4da9b986ba22bc7.html	061438a260abc95806b26e66ec50cd8026f7fca186a60711795a87475dfd0ec3	145895	archive-page=29;detail-index=8;url=https://farmdirectory.cupofexcellence.org/listing/7-sitio-ponte-alta-brazil-2025-dry/
route.coe.generic-official-sensory-detail	https://farmdirectory.cupofexcellence.org/listing/9-fazenda-santa-terezinha-brazil-2025-dry/	restricted://post20k_extension/raw/coe-detail/f7f870aa55d7dba5fbb71552.html	84521fa4949b54bb986e8640a45dbf3de353e0f7b17255d891962fd9616f1170	144295	archive-page=29;detail-index=10;url=https://farmdirectory.cupofexcellence.org/listing/9-fazenda-santa-terezinha-brazil-2025-dry/
route.coe.archive-continuation	https://farmdirectory.cupofexcellence.org/listings/page/30/	restricted://post20k_extension/raw/coe-archive/listings-page-030.html	2913419020ca2ad7acf94dee4f70132c56268070962ae6d11b252f1c006fcdd8	129878	archive-page=30
route.coe.generic-official-sensory-detail	https://farmdirectory.cupofexcellence.org/listing/18-%e7%a7%91%e5%ad%90%e6%9e%97%e5%92%96%e5%95%a1%e8%8e%8a%e5%9c%92-koana-coffee-farm-taiwan-2025/	restricted://post20k_extension/raw/coe-detail/319f830dffd8bb35f57a4225.html	1ea5f8f14f1567f79f795f1300fa51eee057c71710029770e748819349692d2b	143646	archive-page=30;detail-index=1;url=https://farmdirectory.cupofexcellence.org/listing/18-%e7%a7%91%e5%ad%90%e6%9e%97%e5%92%96%e5%95%a1%e8%8e%8a%e5%9c%92-koana-coffee-farm-taiwan-2025/
route.coe.generic-official-sensory-detail	https://farmdirectory.cupofexcellence.org/listing/19-%e8%8a%b1%e5%9b%8d%e7%94%b0%e5%92%96%e5%95%a1%e8%8e%8a%e5%9c%92-hua-xi-tian-manor-cafe-taiwan-2025/	restricted://post20k_extension/raw/coe-detail/8bc7137b40852720ccc43b2a.html	d440bdad78049a6a56af08c1cb77e065de68074181b2dfd322f2bb0c61daf51c	143864	archive-page=30;detail-index=2;url=https://farmdirectory.cupofexcellence.org/listing/19-%e8%8a%b1%e5%9b%8d%e7%94%b0%e5%92%96%e5%95%a1%e8%8e%8a%e5%9c%92-hua-xi-tian-manor-cafe-taiwan-2025/
route.coe.generic-official-sensory-detail	https://farmdirectory.cupofexcellence.org/listing/21-%e6%a8%81%e8%90%b1%e5%b7%ab%e5%b8%ab%e5%92%96%e5%95%a1%e8%8e%8a%e5%9c%92-zhuang-xuan-yoifo-coffee-taiwan-2025/	restricted://post20k_extension/raw/coe-detail/c95e7aad4a289767970b16b9.html	fd9112b526ce833868935b44c8d90e77539598ef1691d82280b0824c26fb31b8	144930	archive-page=30;detail-index=4;url=https://farmdirectory.cupofexcellence.org/listing/21-%e6%a8%81%e8%90%b1%e5%b7%ab%e5%b8%ab%e5%92%96%e5%95%a1%e8%8e%8a%e5%9c%92-zhuang-xuan-yoifo-coffee-taiwan-2025/
route.coe.generic-official-sensory-detail	https://farmdirectory.cupofexcellence.org/listing/26-%e5%8d%93%e6%ad%a6%e5%b1%b1%e5%92%96%e5%95%a1%e8%be%b2%e5%a0%b4-zhuo-wu-mountain-coffee-farm-taiwan-2025/	restricted://post20k_extension/raw/coe-detail/9a6328838a386219ef376dbd.html	d818e2ff23671aabb50ab315b4bebf6354b4c112be4e28148308d541296c34ae	144564	archive-page=30;detail-index=9;url=https://farmdirectory.cupofexcellence.org/listing/26-%e5%8d%93%e6%ad%a6%e5%b1%b1%e5%92%96%e5%95%a1%e8%be%b2%e5%a0%b4-zhuo-wu-mountain-coffee-farm-taiwan-2025/
route.coe.archive-continuation	https://farmdirectory.cupofexcellence.org/listings/page/31/	restricted://post20k_extension/raw/coe-archive/listings-page-031.html	6805fe5a35bada7ea1bc158678853d4b1bc81fdba2b8fbebd29204b234687861	129752	archive-page=31
route.coe.generic-official-sensory-detail	https://farmdirectory.cupofexcellence.org/listing/10-%e9%a6%99%e9%a6%99%e4%b9%85%e6%ba%a2%e5%92%96%e5%95%a1%e8%8e%8a%e5%9c%92-alluring-scent-coffee-estate-taiwan-2025/	restricted://post20k_extension/raw/coe-detail/f5cb23a3d0550d54d83c8aea.html	e6553cfdd93aa9e234c88fc7121a04a7048daa318df6aa06e073cbf8e65b38ab	145128	archive-page=31;detail-index=1;url=https://farmdirectory.cupofexcellence.org/listing/10-%e9%a6%99%e9%a6%99%e4%b9%85%e6%ba%a2%e5%92%96%e5%95%a1%e8%8e%8a%e5%9c%92-alluring-scent-coffee-estate-taiwan-2025/
route.coe.generic-official-sensory-detail	https://farmdirectory.cupofexcellence.org/listing/12-%e9%9b%85%e6%85%95%e4%bc%8a%e5%92%96%e5%95%a1%e8%8e%8a%e5%9c%92-yangui-coffee-farm-taiwan-2025/	restricted://post20k_extension/raw/coe-detail/c1fc1107c72358881fafd60a.html	d6d3d3c34d2fe55367c7c332ca853a8dff6ce7acedf463a98c23895f2958194e	143758	archive-page=31;detail-index=3;url=https://farmdirectory.cupofexcellence.org/listing/12-%e9%9b%85%e6%85%95%e4%bc%8a%e5%92%96%e5%95%a1%e8%8e%8a%e5%9c%92-yangui-coffee-farm-taiwan-2025/
route.coe.generic-official-sensory-detail	https://farmdirectory.cupofexcellence.org/listing/13-%e7%82%ba%e6%88%91%e7%ad%89%e5%92%96%e5%95%a1%e8%be%b2%e8%8e%8a-%e6%a5%93%e9%a6%99%e5%92%96%e5%95%a1-oeotx-coffee-farm-fragant-maple-coffee-taiwan-2025/	restricted://post20k_extension/raw/coe-detail/0955b4aa541413afa4473745.html	37841227e4b9eaa0ce4af1cbeca1bb17b475deb87ffd0a350e4126f05b11a775	147154	archive-page=31;detail-index=4;url=https://farmdirectory.cupofexcellence.org/listing/13-%e7%82%ba%e6%88%91%e7%ad%89%e5%92%96%e5%95%a1%e8%be%b2%e8%8e%8a-%e6%a5%93%e9%a6%99%e5%92%96%e5%95%a1-oeotx-coffee-farm-fragant-maple-coffee-taiwan-2025/
route.coe.generic-official-sensory-detail	https://farmdirectory.cupofexcellence.org/listing/16-%e7%90%a5%e7%8f%80%e7%a4%be%e5%92%96%e5%95%a1%e8%8e%8a%e5%9c%92-amber-coffee-estate-taiwan-2025/	restricted://post20k_extension/raw/coe-detail/c9407faec547b6f741406c20.html	945b134b7ad76807bc66e1233eb1b96acf37eedd8965316b884a11683386e7d3	146721	archive-page=31;detail-index=7;url=https://farmdirectory.cupofexcellence.org/listing/16-%e7%90%a5%e7%8f%80%e7%a4%be%e5%92%96%e5%95%a1%e8%8e%8a%e5%9c%92-amber-coffee-estate-taiwan-2025/
route.coe.generic-official-sensory-detail	https://farmdirectory.cupofexcellence.org/listing/9-%e7%8d%b5%e4%ba%ba%e6%9b%b8%e5%9d%8a-hunter-story-studio-taiwan-2025/	restricted://post20k_extension/raw/coe-detail/771af9258f5ccf4cc0e521db.html	b8bd9b943911a99aa456748b3e5fee281940d9cd7bfa79b838d70ae4893f406f	145473	archive-page=31;detail-index=10;url=https://farmdirectory.cupofexcellence.org/listing/9-%e7%8d%b5%e4%ba%ba%e6%9b%b8%e5%9d%8a-hunter-story-studio-taiwan-2025/
route.coe.archive-continuation	https://farmdirectory.cupofexcellence.org/listings/page/32/	restricted://post20k_extension/raw/coe-archive/listings-page-032.html	e4f660e6d7e9cec445ad91396a8e1575a4fab79bc04678b74b02f6af761828c0	128721	archive-page=32
route.coe.generic-official-sensory-detail	https://farmdirectory.cupofexcellence.org/listing/2-%e8%b1%86%e5%be%a1%e9%a6%99%e8%97%9d%e4%bc%8e%e8%8e%8a%e5%9c%92-royal-bean-geisha-estate-taiwan-2025/	restricted://post20k_extension/raw/coe-detail/1fdd7b22940700d44c4a8ea5.html	77d6a6d6c56eef54d9e92b8691bf535a13a3170eff8ac5eedf2bf16aad517004	143812	archive-page=32;detail-index=2;url=https://farmdirectory.cupofexcellence.org/listing/2-%e8%b1%86%e5%be%a1%e9%a6%99%e8%97%9d%e4%bc%8e%e8%8e%8a%e5%9c%92-royal-bean-geisha-estate-taiwan-2025/
route.coe.generic-official-sensory-detail	https://farmdirectory.cupofexcellence.org/listing/3-%e9%87%8e%e7%89%a1%e4%b8%b9%e5%92%96%e5%95%a1%e8%8e%8a%e5%9c%92-melastoma-coffee-estate-taiwan-2025/	restricted://post20k_extension/raw/coe-detail/f2436423b3ea34fa01c4828a.html	c4e3c4b1358430cec7735cfb38e594ed3b38c686fd78698742b0cadfe6af6caa	143937	archive-page=32;detail-index=3;url=https://farmdirectory.cupofexcellence.org/listing/3-%e9%87%8e%e7%89%a1%e4%b8%b9%e5%92%96%e5%95%a1%e8%8e%8a%e5%9c%92-melastoma-coffee-estate-taiwan-2025/
route.coe.generic-official-sensory-detail	https://farmdirectory.cupofexcellence.org/listing/4-92%e5%90%91%e9%99%bd%e5%8f%b0%e7%81%a3%e5%92%96%e5%95%a1-sunlit-taiwan-coffee-farm-taiwan-2025/	restricted://post20k_extension/raw/coe-detail/13cde037aed1084d5cad433a.html	a30d2fe12d29c141447786c6e131ac7af25e00bae7c576d961882aad9be4c473	144160	archive-page=32;detail-index=4;url=https://farmdirectory.cupofexcellence.org/listing/4-92%e5%90%91%e9%99%bd%e5%8f%b0%e7%81%a3%e5%92%96%e5%95%a1-sunlit-taiwan-coffee-farm-taiwan-2025/
route.coe.generic-official-sensory-detail	https://farmdirectory.cupofexcellence.org/listing/6-%e9%84%92%e7%af%89%e5%9c%92-zou-zhou-yuan-taiwan-2025/	restricted://post20k_extension/raw/coe-detail/56c9c79076ad71877f43e5e5.html	33eae8d07f0c7a97f4a909c422838860e87aa4c2d9e770b191b71bcf3e8dd6f0	141758	archive-page=32;detail-index=6;url=https://farmdirectory.cupofexcellence.org/listing/6-%e9%84%92%e7%af%89%e5%9c%92-zou-zhou-yuan-taiwan-2025/
route.coe.generic-official-sensory-detail	https://farmdirectory.cupofexcellence.org/listing/7-%e5%b5%a9%e5%b2%b3%e5%92%96%e5%95%a1%e8%8e%8a%e5%9c%92-songyue-coffee-manor-taiwan-2025/	restricted://post20k_extension/raw/coe-detail/542b6095e52cd2a9cf403054.html	b2d91c780e3560c6c440301a9467e99c8928829d988c7205d95a813646659d34	143984	archive-page=32;detail-index=7;url=https://farmdirectory.cupofexcellence.org/listing/7-%e5%b5%a9%e5%b2%b3%e5%92%96%e5%95%a1%e8%8e%8a%e5%9c%92-songyue-coffee-manor-taiwan-2025/
route.coe.generic-official-sensory-detail	https://farmdirectory.cupofexcellence.org/listing/nw-natee-coffee-estate-thailand-2025/	restricted://post20k_extension/raw/coe-detail/cff492603cf0843ded76e883.html	d5845feff9cccae040e8adacc9be5a4019818c11c885ce0420f964b53ae213f3	132134	archive-page=32;detail-index=9;url=https://farmdirectory.cupofexcellence.org/listing/nw-natee-coffee-estate-thailand-2025/
route.coe.generic-official-sensory-detail	https://farmdirectory.cupofexcellence.org/listing/nw-typicarakpa-thailand-2025/	restricted://post20k_extension/raw/coe-detail/d95587fba4f3b8c9bbe97d62.html	a93967ffffcfaf89a5a16ad44cd501f14722c03a794c3fadd0731c2fb2f734e3	128490	archive-page=32;detail-index=10;url=https://farmdirectory.cupofexcellence.org/listing/nw-typicarakpa-thailand-2025/
route.coe.archive-continuation	https://farmdirectory.cupofexcellence.org/listings/page/33/	restricted://post20k_extension/raw/coe-archive/listings-page-033.html	adc5780755b86a69418a0674c70ccd51f7439d0a4e5660fd9a6648477219bc5f	127964	archive-page=33
route.coe.generic-official-sensory-detail	https://farmdirectory.cupofexcellence.org/listing/18-phupha-estate-thailand-2025/	restricted://post20k_extension/raw/coe-detail/5bc16ad9d57fdefa1c9bef3c.html	d771eba3ea7225f63b00844334df5dab308ac8b56c5fb39bd4de1f8f92b2c10c	141389	archive-page=33;detail-index=3;url=https://farmdirectory.cupofexcellence.org/listing/18-phupha-estate-thailand-2025/
route.coe.generic-official-sensory-detail	https://farmdirectory.cupofexcellence.org/listing/20-nai-ying-farm-thailand-2025/	restricted://post20k_extension/raw/coe-detail/ad3c02709f180752f068ba2f.html	3f9573aaf15d4de5654669e34b46611be58de0bb52d6d6a8604fd705bb50238f	138036	archive-page=33;detail-index=5;url=https://farmdirectory.cupofexcellence.org/listing/20-nai-ying-farm-thailand-2025/
route.coe.generic-official-sensory-detail	https://farmdirectory.cupofexcellence.org/listing/21-pakakayo-family-thailand-2025/	restricted://post20k_extension/raw/coe-detail/7f9de0a4fc38d7c228f30909.html	ae55406030322f1b61e7c8ad3b033cd0e864d3013bc256d99ecc7b9abcff7110	140569	archive-page=33;detail-index=6;url=https://farmdirectory.cupofexcellence.org/listing/21-pakakayo-family-thailand-2025/
route.coe.generic-official-sensory-detail	https://farmdirectory.cupofexcellence.org/listing/nw-i-amm-doi-coffee-farm-thailand-2025/	restricted://post20k_extension/raw/coe-detail/5145eb6807d1b47bf864317c.html	8b39940548964a016e0e345603923160fae0f4e0f4f38782aafdcca2057b4337	132276	archive-page=33;detail-index=7;url=https://farmdirectory.cupofexcellence.org/listing/nw-i-amm-doi-coffee-farm-thailand-2025/
route.coe.generic-official-sensory-detail	https://farmdirectory.cupofexcellence.org/listing/nw-lungdit-coffee-farm-thailand-2025/	restricted://post20k_extension/raw/coe-detail/5a4771e9310d8c7d3561ae6d.html	754dbf3eb41b6d88a962c0c0bb8802eb3c3cd1aa3e16b09bb11321fd1c347507	130673	archive-page=33;detail-index=9;url=https://farmdirectory.cupofexcellence.org/listing/nw-lungdit-coffee-farm-thailand-2025/
route.coe.generic-official-sensory-detail	https://farmdirectory.cupofexcellence.org/listing/nw-pakakayo-family-thailand-2025/	restricted://post20k_extension/raw/coe-detail/92751287dd746dcb0c19e6e7.html	481729bcb58fd4b8ead06b75b570de8e915b84e766fde26aa1ee7b61b682620f	130223	archive-page=33;detail-index=10;url=https://farmdirectory.cupofexcellence.org/listing/nw-pakakayo-family-thailand-2025/
route.coe.archive-continuation	https://farmdirectory.cupofexcellence.org/listings/page/34/	restricted://post20k_extension/raw/coe-archive/listings-page-034.html	dfc23e0e9ed27b13e130683f07ac884eed1a7574af74c2deb257ea0f85917b0e	127569	archive-page=34
route.coe.generic-official-sensory-detail	https://farmdirectory.cupofexcellence.org/listing/10-chatchai-organic-coffee-farming-thailand-2025/	restricted://post20k_extension/raw/coe-detail/cd067181477ae375b09c15d5.html	4edb3ee31b821916fbf3f926e5899d113032123cf359993aa1dc835a6a41f4e8	139504	archive-page=34;detail-index=1;url=https://farmdirectory.cupofexcellence.org/listing/10-chatchai-organic-coffee-farming-thailand-2025/
route.coe.generic-official-sensory-detail	https://farmdirectory.cupofexcellence.org/listing/11-pakakayo-family-thailand-2025/	restricted://post20k_extension/raw/coe-detail/03c80f50fb3cca73b6c88860.html	1c86349ca41496016cb68b50e8a9b587575ab6a3d87d325a4afd64a9a08f5213	133618	archive-page=34;detail-index=2;url=https://farmdirectory.cupofexcellence.org/listing/11-pakakayo-family-thailand-2025/
route.coe.generic-official-sensory-detail	https://farmdirectory.cupofexcellence.org/listing/12-phupha-estate-thailand-2025/	restricted://post20k_extension/raw/coe-detail/1603a64da69294768448d3f4.html	117165c6fe5a9cf1965b8450d85c0df06dd443ca5838668d44c34fd11e316d03	141360	archive-page=34;detail-index=3;url=https://farmdirectory.cupofexcellence.org/listing/12-phupha-estate-thailand-2025/
route.coe.generic-official-sensory-detail	https://farmdirectory.cupofexcellence.org/listing/15-nai-ying-farm-thailand-2025/	restricted://post20k_extension/raw/coe-detail/5e7d04a4341b14c287acc504.html	f8d87492c54d5420fdfb1da890447724cb450715bfc71c1eb1ae58932e95cb82	139401	archive-page=34;detail-index=6;url=https://farmdirectory.cupofexcellence.org/listing/15-nai-ying-farm-thailand-2025/
route.coe.generic-official-sensory-detail	https://farmdirectory.cupofexcellence.org/listing/6-doi-tung-development-project-thailand-2025/	restricted://post20k_extension/raw/coe-detail/26f7118f7a65fbe8c3358bd8.html	fb8b8883a42ae6e228c9158a2059426cdd5a9b8eec58fa57cbbef4a2b4ba421d	135017	archive-page=34;detail-index=7;url=https://farmdirectory.cupofexcellence.org/listing/6-doi-tung-development-project-thailand-2025/
route.coe.generic-official-sensory-detail	https://farmdirectory.cupofexcellence.org/listing/7-ching-family-farm-thailand-2025/	restricted://post20k_extension/raw/coe-detail/9ec950628ac31df048d1f2b7.html	48e90ae2f7d4c47effcb3d3282211d295b337d094e38734ab94d48a0cc083e22	132570	archive-page=34;detail-index=8;url=https://farmdirectory.cupofexcellence.org/listing/7-ching-family-farm-thailand-2025/
route.coe.generic-official-sensory-detail	https://farmdirectory.cupofexcellence.org/listing/8-yosniyom-coffee-farm-thailand-2025/	restricted://post20k_extension/raw/coe-detail/27cd8d7fa967eb3faa68741e.html	fb7b6b952950c1ac654db49e075680d3bf275b51dcec99fd4363ce8928bd8372	133484	archive-page=34;detail-index=9;url=https://farmdirectory.cupofexcellence.org/listing/8-yosniyom-coffee-farm-thailand-2025/
route.coe.generic-official-sensory-detail	https://farmdirectory.cupofexcellence.org/listing/9-sahayrernfarm-thailand-2025/	restricted://post20k_extension/raw/coe-detail/73163276887beb7266d3da9f.html	089a38b01c79216f2bc60597e2db53f938066d7705c95917125c3ce3c7351cd6	131053	archive-page=34;detail-index=10;url=https://farmdirectory.cupofexcellence.org/listing/9-sahayrernfarm-thailand-2025/
route.coe.archive-continuation	https://farmdirectory.cupofexcellence.org/listings/page/35/	restricted://post20k_extension/raw/coe-archive/listings-page-035.html	5bfda3ab60f2135a9803addf8abf907ebb3f25f6e7013161dd925bec51b8a1a6	128539	archive-page=35
route.coe.generic-official-sensory-detail	https://farmdirectory.cupofexcellence.org/listing/1-discovery-coffee-farm-thailand-2025/	restricted://post20k_extension/raw/coe-detail/859c5152e1cc4be8285658b6.html	e4b7a7fd9c73501a436edea55bfd6c0db7a6aca23e7bd488e426a453ffd85867	138761	archive-page=35;detail-index=1;url=https://farmdirectory.cupofexcellence.org/listing/1-discovery-coffee-farm-thailand-2025/
route.coe.generic-official-sensory-detail	https://farmdirectory.cupofexcellence.org/listing/3-saenchai-estate-thailand-2025/	restricted://post20k_extension/raw/coe-detail/f3b3fe8798f48cad523ca19e.html	71cffe665a7762ea64f5b49134d1d951fa51adf50108bee997a6ce2bf414f4b1	136655	archive-page=35;detail-index=3;url=https://farmdirectory.cupofexcellence.org/listing/3-saenchai-estate-thailand-2025/
route.coe.generic-official-sensory-detail	https://farmdirectory.cupofexcellence.org/listing/4-doi-tung-development-project-thailand-2025/	restricted://post20k_extension/raw/coe-detail/d25fcd589badddef8445c965.html	a99ded95c850fa6168440a545facfabdfa3eb1704e2e740f7977b36b32fe8fd5	135205	archive-page=35;detail-index=4;url=https://farmdirectory.cupofexcellence.org/listing/4-doi-tung-development-project-thailand-2025/
route.coe.archive-continuation	https://farmdirectory.cupofexcellence.org/listings/page/36/	restricted://post20k_extension/raw/coe-archive/listings-page-036.html	9a9fa5a6cdf26738142b730a9490425b5d2ec1fc3a08196fea72f44333119059	128948	archive-page=36
route.coe.archive-continuation	https://farmdirectory.cupofexcellence.org/listings/page/37/	restricted://post20k_extension/raw/coe-archive/listings-page-037.html	f31e758098c1204c20f6af9424226ea852c1a07a027303aebe8558167f938167	129187	archive-page=37
route.coe.archive-continuation	https://farmdirectory.cupofexcellence.org/listings/page/38/	restricted://post20k_extension/raw/coe-archive/listings-page-038.html	ca9d106be0f3e9ccfebd9823791115e4a822eb587b5c787e7d9bcf867a44cf01	128847	archive-page=38
route.coe.archive-continuation	https://farmdirectory.cupofexcellence.org/listings/page/39/	restricted://post20k_extension/raw/coe-archive/listings-page-039.html	239df6cc391c751a86a8507d1e1b018a7e8844cba25deb2da687ca098fdce52a	129237	archive-page=39
route.coe.generic-official-sensory-detail	https://farmdirectory.cupofexcellence.org/listing/1-las-macadamias-guatemala-2025-dry/	restricted://post20k_extension/raw/coe-detail/6aa8fb61e801a3ebc3510e11.html	d2018e14cd7369d97641dd87006cb55afa49351156ebc3dc1964f12fcbc6b37a	137416	archive-page=39;detail-index=1;url=https://farmdirectory.cupofexcellence.org/listing/1-las-macadamias-guatemala-2025-dry/
route.coe.generic-official-sensory-detail	https://farmdirectory.cupofexcellence.org/listing/12-guatalon-guatemala-2025-wet/	restricted://post20k_extension/raw/coe-detail/6633d2a9d0aa96224ccda88b.html	3e01bfa8e649d9f7c05097518b2288659a4de4137a4762130c907b3e162aa39b	142637	archive-page=39;detail-index=2;url=https://farmdirectory.cupofexcellence.org/listing/12-guatalon-guatemala-2025-wet/
route.coe.generic-official-sensory-detail	https://farmdirectory.cupofexcellence.org/listing/2-morelia-guatemala-2025-dry/	restricted://post20k_extension/raw/coe-detail/b45f2a29c77e8308b74135e1.html	de493061c459dedc2b47cbce7da1583a487efddec0ab23a0103a3311e826be97	141990	archive-page=39;detail-index=3;url=https://farmdirectory.cupofexcellence.org/listing/2-morelia-guatemala-2025-dry/
route.coe.generic-official-sensory-detail	https://farmdirectory.cupofexcellence.org/listing/5-bella-vista-guatemala-2025-dry/	restricted://post20k_extension/raw/coe-detail/2c3be234e4868e4f4c0d3011.html	9112000069c9feb6ee2f8907157f07290fbf103af7aa5ef13867dea4b1b232a2	140663	archive-page=39;detail-index=6;url=https://farmdirectory.cupofexcellence.org/listing/5-bella-vista-guatemala-2025-dry/
route.coe.generic-official-sensory-detail	https://farmdirectory.cupofexcellence.org/listing/7-pampojila-y-anexos-guatemala-2025-dry/	restricted://post20k_extension/raw/coe-detail/acefea26e43179c112c07560.html	ef398719b37b4626d63a3a0027e0ea37e81fc849f64f2a064be771aaaa7b98a6	145066	archive-page=39;detail-index=8;url=https://farmdirectory.cupofexcellence.org/listing/7-pampojila-y-anexos-guatemala-2025-dry/
route.coe.generic-official-sensory-detail	https://farmdirectory.cupofexcellence.org/listing/8-san-patricio-el-limon-guatemala-2025-dry/	restricted://post20k_extension/raw/coe-detail/47807f7eb4a83a8a13a05096.html	e982df6d9ae91a5b7d19a7f0dfa4eafbec27236817b4da47321dd14ca973517d	142830	archive-page=39;detail-index=9;url=https://farmdirectory.cupofexcellence.org/listing/8-san-patricio-el-limon-guatemala-2025-dry/
route.coe.archive-continuation	https://farmdirectory.cupofexcellence.org/listings/page/40/	restricted://post20k_extension/raw/coe-archive/listings-page-040.html	588c84cfc9ed009f6159d6d8d7d9e4c6ecf9bdc01183cd73987114e8975afb21	129111	archive-page=40
route.coe.generic-official-sensory-detail	https://farmdirectory.cupofexcellence.org/listing/10-la-pena-guatemala-2025-wet/	restricted://post20k_extension/raw/coe-detail/aa48c01e565e96b4b80413dc.html	cb0bad87f8f001bb4cfdbc756509fd45ede2570353e338240fbffc86de6ceccc	142905	archive-page=40;detail-index=1;url=https://farmdirectory.cupofexcellence.org/listing/10-la-pena-guatemala-2025-wet/
route.coe.generic-official-sensory-detail	https://farmdirectory.cupofexcellence.org/listing/11-sierra-roja-guatemala-2025-wet/	restricted://post20k_extension/raw/coe-detail/db6fb1868aed6f32b9cb508a.html	ae0323e0ede3d90f5cd140cdb53812581112e9ad83ed49a318ee5d468c6a6c1b	144820	archive-page=40;detail-index=2;url=https://farmdirectory.cupofexcellence.org/listing/11-sierra-roja-guatemala-2025-wet/
route.coe.generic-official-sensory-detail	https://farmdirectory.cupofexcellence.org/listing/2-el-morito-guatemala-2025-wet/	restricted://post20k_extension/raw/coe-detail/f1354d24699aa51b18553e79.html	e7df4bb8c907d6b40d770cd2243cc9be19160c57b6ebf2c5860dabf58d258f69	143115	archive-page=40;detail-index=3;url=https://farmdirectory.cupofexcellence.org/listing/2-el-morito-guatemala-2025-wet/
route.coe.generic-official-sensory-detail	https://farmdirectory.cupofexcellence.org/listing/3-el-socorro-guatemala-2025-wet/	restricted://post20k_extension/raw/coe-detail/2af4e877d7858a3d3ee522bc.html	3da2f2be0b4138720d9a67a6aa0334b6ea6a9c62cc0c1b9b3adeda30c7caf15c	146443	archive-page=40;detail-index=4;url=https://farmdirectory.cupofexcellence.org/listing/3-el-socorro-guatemala-2025-wet/
route.coe.generic-official-sensory-detail	https://farmdirectory.cupofexcellence.org/listing/4-hacienda-del-cafe-guatemala-2025-wet/	restricted://post20k_extension/raw/coe-detail/bf44e62abf0962a84082c78b.html	bbf997ccb9950cb04f57071948973e6932a0c8727e0f8c99f7d0224b54121cc3	143532	archive-page=40;detail-index=5;url=https://farmdirectory.cupofexcellence.org/listing/4-hacienda-del-cafe-guatemala-2025-wet/
route.coe.generic-official-sensory-detail	https://farmdirectory.cupofexcellence.org/listing/5-el-injerto-i-guatemala-2025-wet/	restricted://post20k_extension/raw/coe-detail/165a94f6fa3e0904d114d914.html	d9c16c685919745a1d85b3a3937e580d719fc741991db4d7710bea181969377e	137667	archive-page=40;detail-index=6;url=https://farmdirectory.cupofexcellence.org/listing/5-el-injerto-i-guatemala-2025-wet/
route.coe.generic-official-sensory-detail	https://farmdirectory.cupofexcellence.org/listing/6-rosma-guatemala-2025-wet/	restricted://post20k_extension/raw/coe-detail/e6afa872a59a96a33a8888c9.html	5b9d8f7fdb35f203590124f02f55c5921cc0db86a524a99364bcfa65a471f8a3	144282	archive-page=40;detail-index=7;url=https://farmdirectory.cupofexcellence.org/listing/6-rosma-guatemala-2025-wet/
route.coe.generic-official-sensory-detail	https://farmdirectory.cupofexcellence.org/listing/7-villaure-guatemala-2025-wet/	restricted://post20k_extension/raw/coe-detail/c9749f002ddcf132513b23b2.html	dc6b3565f093f9e4ec1e5f580b8adec4bf1180e3c47270dc3bcadb174c926c5a	136189	archive-page=40;detail-index=8;url=https://farmdirectory.cupofexcellence.org/listing/7-villaure-guatemala-2025-wet/
route.coe.generic-official-sensory-detail	https://farmdirectory.cupofexcellence.org/listing/9-vista-hermosa-guatemala-2025-wet/	restricted://post20k_extension/raw/coe-detail/ca7a2178a583959bb4382b25.html	561147f6e84a7df021b87d9a9354fe0fb574a18bf3e505f7439dc669edbb98dc	149283	archive-page=40;detail-index=10;url=https://farmdirectory.cupofexcellence.org/listing/9-vista-hermosa-guatemala-2025-wet/
route.coe.archive-continuation	https://farmdirectory.cupofexcellence.org/listings/page/41/	restricted://post20k_extension/raw/coe-archive/listings-page-041.html	d5453a3865dea994f776123f640c3de06e674055f3ef1364fd368285ebcbe860	129410	archive-page=41
route.coe.generic-official-sensory-detail	https://farmdirectory.cupofexcellence.org/listing/1-el-nazareno-guatemala-2025-ooak/	restricted://post20k_extension/raw/coe-detail/ead7f0dfbccaf37db4795ddc.html	edc3783f69ff8910be4c6d752a30336a936c230708bc73338bc0a5cca81f7c31	143265	archive-page=41;detail-index=1;url=https://farmdirectory.cupofexcellence.org/listing/1-el-nazareno-guatemala-2025-ooak/
route.coe.generic-official-sensory-detail	https://farmdirectory.cupofexcellence.org/listing/10-don-eli-costa-rica-2025-experimental/	restricted://post20k_extension/raw/coe-detail/a9590ab8de434f13a3187ca1.html	849dde9a37940f4d127ab19c133a7b38c6b836c808453f968992f0ab01586bdc	145217	archive-page=41;detail-index=3;url=https://farmdirectory.cupofexcellence.org/listing/10-don-eli-costa-rica-2025-experimental/
route.coe.generic-official-sensory-detail	https://farmdirectory.cupofexcellence.org/listing/2-bella-elizabeth-guatemala-2025-one-of-a-kind/	restricted://post20k_extension/raw/coe-detail/6e2f9202d6dec102b733e26f.html	12cfbcd77e6b7c399adc079cb8319dc647ad022d8be7da1bc76a4a9b23fa22fc	150713	archive-page=41;detail-index=4;url=https://farmdirectory.cupofexcellence.org/listing/2-bella-elizabeth-guatemala-2025-one-of-a-kind/
route.coe.generic-official-sensory-detail	https://farmdirectory.cupofexcellence.org/listing/3-granito-de-oro-guatemala-2025-one-of-a-kind/	restricted://post20k_extension/raw/coe-detail/06ad843efb2c3581812b5586.html	ee8f63a09791be618197cae1eb834fe48edcc5428fa11e795e5a0a9353f7b7f9	136659	archive-page=41;detail-index=5;url=https://farmdirectory.cupofexcellence.org/listing/3-granito-de-oro-guatemala-2025-one-of-a-kind/
route.coe.generic-official-sensory-detail	https://farmdirectory.cupofexcellence.org/listing/4-reserva-natural-el-vergel-guatemala-2025-one-of-a-kind/	restricted://post20k_extension/raw/coe-detail/836b18aeb65581e7f4ca19e8.html	cc0b3ca8cbec77279bb9b5df3f0cb0c10ba64497327f1f51471890dac9e3dbbf	142491	archive-page=41;detail-index=6;url=https://farmdirectory.cupofexcellence.org/listing/4-reserva-natural-el-vergel-guatemala-2025-one-of-a-kind/
route.coe.generic-official-sensory-detail	https://farmdirectory.cupofexcellence.org/listing/5-los-arroyos-guatemala-2025-one-of-a-kind/	restricted://post20k_extension/raw/coe-detail/dc87bd76277b693611cc18dd.html	5486903e4bcfab6c3dd16616156313cd68fb51c1dbdf4b147306ac74f2d493a6	143238	archive-page=41;detail-index=7;url=https://farmdirectory.cupofexcellence.org/listing/5-los-arroyos-guatemala-2025-one-of-a-kind/
route.coe.generic-official-sensory-detail	https://farmdirectory.cupofexcellence.org/listing/6-la-tormenta-guatemala-2025-one-of-a-kind/	restricted://post20k_extension/raw/coe-detail/8eb066436656254049c8fc65.html	a1556febbc929fa77b5a1fa9d8e3b43bf8c83bea7d580c3487a8fd449e5f30fd	145145	archive-page=41;detail-index=8;url=https://farmdirectory.cupofexcellence.org/listing/6-la-tormenta-guatemala-2025-one-of-a-kind/
route.coe.generic-official-sensory-detail	https://farmdirectory.cupofexcellence.org/listing/7-granja-el-tempixque-guatemala-2025-one-of-a-kind/	restricted://post20k_extension/raw/coe-detail/3109d800dbaa4e9b6426747a.html	dac8e65c2f57941e4c9e320c6b3025dc7f2e880b76d79540a7e7b4f0b403fd14	142651	archive-page=41;detail-index=9;url=https://farmdirectory.cupofexcellence.org/listing/7-granja-el-tempixque-guatemala-2025-one-of-a-kind/
route.coe.generic-official-sensory-detail	https://farmdirectory.cupofexcellence.org/listing/8-el-diamante-guatemala-2025-one-of-a-kind/	restricted://post20k_extension/raw/coe-detail/e61c95a1d7ccbbcf4979871a.html	be3cdac79e6b5682351670ca03678fc8cc3cbef1bd135a305f9ca1904eb9e730	142311	archive-page=41;detail-index=10;url=https://farmdirectory.cupofexcellence.org/listing/8-el-diamante-guatemala-2025-one-of-a-kind/
route.coe.archive-continuation	https://farmdirectory.cupofexcellence.org/listings/page/42/	restricted://post20k_extension/raw/coe-archive/listings-page-042.html	b015784ecfa5b64196bb3ff7c800afa31214c28fab7651a7730cc63e1447a3a2	128608	archive-page=42
route.coe.generic-official-sensory-detail	https://farmdirectory.cupofexcellence.org/listing/10-el-cusuco-costa-rica-2025-dry/	restricted://post20k_extension/raw/coe-detail/11b149aa08df481381493ef2.html	405b61d01dfd35c0cf3de14c68112aaacd8a33b699d3e325622635c5b0dd06a3	141076	archive-page=42;detail-index=2;url=https://farmdirectory.cupofexcellence.org/listing/10-el-cusuco-costa-rica-2025-dry/
route.coe.generic-official-sensory-detail	https://farmdirectory.cupofexcellence.org/listing/3-hsil-don-dario-costa-rica-2025-experimental/	restricted://post20k_extension/raw/coe-detail/ca0cdb4d532f193ea774d710.html	e6c560b4aba79873947770d41f7620f16625886eec9e4017da0a8dc3d6d7706c	141380	archive-page=42;detail-index=4;url=https://farmdirectory.cupofexcellence.org/listing/3-hsil-don-dario-costa-rica-2025-experimental/
route.coe.generic-official-sensory-detail	https://farmdirectory.cupofexcellence.org/listing/4-don-joel-costa-rica-2025-experimental/	restricted://post20k_extension/raw/coe-detail/757768b1e64e60848d307da7.html	958e153e94c8d0ec6559e9cf3760a1a22938e5ea17bc2de851378663e20ef901	140969	archive-page=42;detail-index=5;url=https://farmdirectory.cupofexcellence.org/listing/4-don-joel-costa-rica-2025-experimental/
route.coe.generic-official-sensory-detail	https://farmdirectory.cupofexcellence.org/listing/5-el-burio-costa-rica-2025-experimental/	restricted://post20k_extension/raw/coe-detail/2c9f7bbfaec9ddbdf36144e7.html	c81fb3875c1ea309f6c60a3e766dc5a59e32380791ae963dc5b9c731f8d012a6	142895	archive-page=42;detail-index=6;url=https://farmdirectory.cupofexcellence.org/listing/5-el-burio-costa-rica-2025-experimental/
route.coe.generic-official-sensory-detail	https://farmdirectory.cupofexcellence.org/listing/6-bendicion-costa-rica-2025-experimental/	restricted://post20k_extension/raw/coe-detail/cfcb2bce16fb1e909c882414.html	4e2e94f4f7a6c9b06b486e0d760ab453b3f941de7c6e1cdf7687dbeb9af8b45f	158057	archive-page=42;detail-index=7;url=https://farmdirectory.cupofexcellence.org/listing/6-bendicion-costa-rica-2025-experimental/
route.coe.generic-official-sensory-detail	https://farmdirectory.cupofexcellence.org/listing/8-volcan-azul-costa-rica-2025-experimental/	restricted://post20k_extension/raw/coe-detail/22d7a0023933fc4fb4e7de89.html	dda2e6ce3243ca5ccd80b1a12944129962c20272ea245582fb06b4f8831a1d6d	145403	archive-page=42;detail-index=9;url=https://farmdirectory.cupofexcellence.org/listing/8-volcan-azul-costa-rica-2025-experimental/
route.coe.archive-continuation	https://farmdirectory.cupofexcellence.org/listings/page/43/	restricted://post20k_extension/raw/coe-archive/listings-page-043.html	aeb6194084d64371b22cf0367c3d4c8f1851c2178b125872da89f1979cd9710d	128525	archive-page=43
route.coe.generic-official-sensory-detail	https://farmdirectory.cupofexcellence.org/listing/1-la-cusuka-costa-rica-2025-dry/	restricted://post20k_extension/raw/coe-detail/eb7841a18eb7cf31e3bdf0db.html	57e9f7f1738ebf42b6bbe71555c233d425d62936e82740d89c8dffcd9e2640b4	145229	archive-page=43;detail-index=1;url=https://farmdirectory.cupofexcellence.org/listing/1-la-cusuka-costa-rica-2025-dry/
route.coe.generic-official-sensory-detail	https://farmdirectory.cupofexcellence.org/listing/10-la-pastora-don-eli-costa-rica-2025-wet/	restricted://post20k_extension/raw/coe-detail/5b0bb81e1c26920b9981a84f.html	73fc230ad0438558372bec19cf614a815a9ce85cb0835f37b7635e9a3d379181	144431	archive-page=43;detail-index=2;url=https://farmdirectory.cupofexcellence.org/listing/10-la-pastora-don-eli-costa-rica-2025-wet/
route.coe.generic-official-sensory-detail	https://farmdirectory.cupofexcellence.org/listing/3-don-cayito-costa-rica-2025-dry/	restricted://post20k_extension/raw/coe-detail/f5a2dd6f84da6ceb9698d4cc.html	522af6d5ff1e7be7af386292f01c1a0d3dd1182a7886d7e592f1f92a4c0831c9	141776	archive-page=43;detail-index=4;url=https://farmdirectory.cupofexcellence.org/listing/3-don-cayito-costa-rica-2025-dry/
route.coe.generic-official-sensory-detail	https://farmdirectory.cupofexcellence.org/listing/4-el-centro-costa-rica-2025-dry/	restricted://post20k_extension/raw/coe-detail/f7c55a48260969e222a40674.html	61b90cc7ff10f511dee349f1976544cdab793c250859d9764702dda693cd03c2	143639	archive-page=43;detail-index=5;url=https://farmdirectory.cupofexcellence.org/listing/4-el-centro-costa-rica-2025-dry/
route.coe.generic-official-sensory-detail	https://farmdirectory.cupofexcellence.org/listing/5-la-bandera-costa-rica-2025-dry/	restricted://post20k_extension/raw/coe-detail/3470f3be1bc1e76710a06cc1.html	af3e4939592ff457eb4eaf89074a70a0e86ee1ab1c0e9d9ed97991450872f1fb	145040	archive-page=43;detail-index=6;url=https://farmdirectory.cupofexcellence.org/listing/5-la-bandera-costa-rica-2025-dry/
route.coe.generic-official-sensory-detail	https://farmdirectory.cupofexcellence.org/listing/6-la-isla-costa-rica-2025-dry/	restricted://post20k_extension/raw/coe-detail/02f30c11ef2cc4697a9a0085.html	f6704673b3069c1445f0967fc442412ed717856552c62f6bbec471a1d74a8ca1	143576	archive-page=43;detail-index=7;url=https://farmdirectory.cupofexcellence.org/listing/6-la-isla-costa-rica-2025-dry/
route.coe.generic-official-sensory-detail	https://farmdirectory.cupofexcellence.org/listing/7-las-nubes-costa-rica-2025-dry/	restricted://post20k_extension/raw/coe-detail/f6fea8dfa70df88278b1c121.html	2da2163e304a8269c63b287c2097c896b275e76535a5aa6102c75c4d7f3fdbeb	142709	archive-page=43;detail-index=8;url=https://farmdirectory.cupofexcellence.org/listing/7-las-nubes-costa-rica-2025-dry/
route.coe.generic-official-sensory-detail	https://farmdirectory.cupofexcellence.org/listing/8-leoncio-costa-rica-2025-dry/	restricted://post20k_extension/raw/coe-detail/3c2a4d175fbb3b0c8726100f.html	312f517e6bad18d098b12fdfde1b142dc94723ae2d8803763ea6546f94204f5b	143713	archive-page=43;detail-index=9;url=https://farmdirectory.cupofexcellence.org/listing/8-leoncio-costa-rica-2025-dry/
route.coe.generic-official-sensory-detail	https://farmdirectory.cupofexcellence.org/listing/9-la-torre-costa-rica-2025-dry/	restricted://post20k_extension/raw/coe-detail/7190689ef737f48ad1f5510f.html	19a69a28938d93657ac73d42dff406831ee66f04ecda6ec19711aa3159debc2d	140544	archive-page=43;detail-index=10;url=https://farmdirectory.cupofexcellence.org/listing/9-la-torre-costa-rica-2025-dry/
route.coe.archive-continuation	https://farmdirectory.cupofexcellence.org/listings/page/44/	restricted://post20k_extension/raw/coe-archive/listings-page-044.html	15bcc6accb168bab23c02536df0de33f10f1028f8461cb5fc08ab80a64d5ec4e	129333	archive-page=44
route.coe.generic-official-sensory-detail	https://farmdirectory.cupofexcellence.org/listing/1-vista-paraiso-costa-rica-2025-wet/	restricted://post20k_extension/raw/coe-detail/c298f5610b2211325161db50.html	bc1def1ae618b7c97b1fb5296a69df5061f8aab2ae319d4d317cb40f5093eb7d	146401	archive-page=44;detail-index=1;url=https://farmdirectory.cupofexcellence.org/listing/1-vista-paraiso-costa-rica-2025-wet/
route.coe.generic-official-sensory-detail	https://farmdirectory.cupofexcellence.org/listing/14-la-pila-honduras-2025-exotic-varieties/	restricted://post20k_extension/raw/coe-detail/cefcfcecdd6a91c0110c7cc3.html	cc7c566a2440458d5b7b40583c8696dbf8921b0ae728490f390f27feb5a2f749	141884	archive-page=44;detail-index=2;url=https://farmdirectory.cupofexcellence.org/listing/14-la-pila-honduras-2025-exotic-varieties/
route.coe.generic-official-sensory-detail	https://farmdirectory.cupofexcellence.org/listing/2-volcan-azul-hacienda-colima-costa-rica-2025-wet/	restricted://post20k_extension/raw/coe-detail/00ed5102718769daa25e4fa3.html	8cbd470bb804472ff3dba8ae8abf9ab483853649a9344df79cbaf7a1480ff035	141201	archive-page=44;detail-index=3;url=https://farmdirectory.cupofexcellence.org/listing/2-volcan-azul-hacienda-colima-costa-rica-2025-wet/
route.coe.generic-official-sensory-detail	https://farmdirectory.cupofexcellence.org/listing/3-la-torre-costa-rica-2025-wet/	restricted://post20k_extension/raw/coe-detail/98feb4d25c5c642839bf2124.html	9003ef49a5fb686ad1706e40581e65f940c225249513516036f67afff3f0b756	146285	archive-page=44;detail-index=4;url=https://farmdirectory.cupofexcellence.org/listing/3-la-torre-costa-rica-2025-wet/
route.coe.generic-official-sensory-detail	https://farmdirectory.cupofexcellence.org/listing/4-kizuna-costa-rica-2025-wet/	restricted://post20k_extension/raw/coe-detail/408364b8e1ca2bae09178d48.html	877124ae97eff84cec9d5072b0430a5d3f429fc6efb776a14655d4f9950f9b05	146240	archive-page=44;detail-index=5;url=https://farmdirectory.cupofexcellence.org/listing/4-kizuna-costa-rica-2025-wet/
route.coe.generic-official-sensory-detail	https://farmdirectory.cupofexcellence.org/listing/6-el-cedro-costa-rica-2025-wet/	restricted://post20k_extension/raw/coe-detail/2ccdf3a5d66d8b98a499cd4d.html	0205187ef4283e726081763a726a1b0bcf8d028e5179ead9864c73d3e5f34547	141327	archive-page=44;detail-index=7;url=https://farmdirectory.cupofexcellence.org/listing/6-el-cedro-costa-rica-2025-wet/
route.coe.generic-official-sensory-detail	https://farmdirectory.cupofexcellence.org/listing/7-santa-teresa-costa-rica-2025-wet/	restricted://post20k_extension/raw/coe-detail/35fa4b1291906eec1354daf0.html	166ed685e8711ad3da6b8987cc317903e2a7026e97399b2f39d4c950640f1f28	150367	archive-page=44;detail-index=8;url=https://farmdirectory.cupofexcellence.org/listing/7-santa-teresa-costa-rica-2025-wet/
route.coe.generic-official-sensory-detail	https://farmdirectory.cupofexcellence.org/listing/9-emanuel-costa-rica-2025-wet/	restricted://post20k_extension/raw/coe-detail/5fa0f64c0d5196b34f4f243d.html	4eb2d7b7ec9df7082bcec39c095dbb85bf985b2760d07cae59c51ab0e19db08e	140128	archive-page=44;detail-index=10;url=https://farmdirectory.cupofexcellence.org/listing/9-emanuel-costa-rica-2025-wet/
route.coe.archive-continuation	https://farmdirectory.cupofexcellence.org/listings/page/45/	restricted://post20k_extension/raw/coe-archive/listings-page-045.html	51e388144d5a730afa66c0902b1a3e2342ea06bc9dcf5cd8a3735b577d159125	129106	archive-page=45
route.coe.generic-official-sensory-detail	https://farmdirectory.cupofexcellence.org/listing/10-naranjito-2-honduras-2025-exotic-varieties/	restricted://post20k_extension/raw/coe-detail/0698b99fd1189cd88c9b4e7c.html	e45f976a8e45aadf93ad7ae8a5004f9f448e8572c9a76a4da7d9f56ad14bad0d	139859	archive-page=45;detail-index=1;url=https://farmdirectory.cupofexcellence.org/listing/10-naranjito-2-honduras-2025-exotic-varieties/
route.coe.generic-official-sensory-detail	https://farmdirectory.cupofexcellence.org/listing/11-el-mango-honduras-2025-exotic-varieties/	restricted://post20k_extension/raw/coe-detail/7841c63455b140666a2838ad.html	900908aece41275f017c17dd510c96b7073a9bb89bcbfe88df06bad49d685bda	137563	archive-page=45;detail-index=2;url=https://farmdirectory.cupofexcellence.org/listing/11-el-mango-honduras-2025-exotic-varieties/
route.coe.generic-official-sensory-detail	https://farmdirectory.cupofexcellence.org/listing/12-los-hermanos-honduras-2025-exotic-varieties/	restricted://post20k_extension/raw/coe-detail/14d5159178ca4a9d7e0d5d98.html	1eb24dfc58d5d051e4239034eb269837c9b02c419197156397bb90ff143e5dc0	135571	archive-page=45;detail-index=3;url=https://farmdirectory.cupofexcellence.org/listing/12-los-hermanos-honduras-2025-exotic-varieties/
route.coe.generic-official-sensory-detail	https://farmdirectory.cupofexcellence.org/listing/13-la-aguja-honduras-2025-exotic-varieties/	restricted://post20k_extension/raw/coe-detail/f4d64b090079fedcf99e1469.html	f986ebb8b888a7b760c0c2a2b8a71c3398017b71a8e06d898d6db135891a5376	138013	archive-page=45;detail-index=4;url=https://farmdirectory.cupofexcellence.org/listing/13-la-aguja-honduras-2025-exotic-varieties/
route.coe.generic-official-sensory-detail	https://farmdirectory.cupofexcellence.org/listing/4-la-colmena-honduras-2025-exotic-varieties/	restricted://post20k_extension/raw/coe-detail/a849567937f772a3ddba2840.html	400e6e6b17fcaa11f03f27d1e8c74e9f0d4f886747b7b6bcdb967f3cd35a8c45	133793	archive-page=45;detail-index=5;url=https://farmdirectory.cupofexcellence.org/listing/4-la-colmena-honduras-2025-exotic-varieties/
route.coe.generic-official-sensory-detail	https://farmdirectory.cupofexcellence.org/listing/5-las-virginias-honduras-2025-exotic-varieties/	restricted://post20k_extension/raw/coe-detail/6644c96e3a3a65a075ffc26b.html	5132db6100ba4fea633c012e6d95e57efae137ec84d945619e5fe183536f83ca	139587	archive-page=45;detail-index=6;url=https://farmdirectory.cupofexcellence.org/listing/5-las-virginias-honduras-2025-exotic-varieties/
route.coe.generic-official-sensory-detail	https://farmdirectory.cupofexcellence.org/listing/6-buena-vista-honduras-2025-exotic-varieties/	restricted://post20k_extension/raw/coe-detail/e70ca2455cc3543723079e65.html	3acd852990495dccb7638733ade1b981298018281573635352dda228166f072c	142107	archive-page=45;detail-index=7;url=https://farmdirectory.cupofexcellence.org/listing/6-buena-vista-honduras-2025-exotic-varieties/
route.coe.generic-official-sensory-detail	https://farmdirectory.cupofexcellence.org/listing/7-la-leona-honduras-2025-exotic-varieties/	restricted://post20k_extension/raw/coe-detail/459dde2f58f328c534c41dc5.html	2d3d13a5dcc5a1b5ca5af61020b78675d2c2e2a1a8ac01d71db88ee0532df8ef	139499	archive-page=45;detail-index=8;url=https://farmdirectory.cupofexcellence.org/listing/7-la-leona-honduras-2025-exotic-varieties/
route.coe.generic-official-sensory-detail	https://farmdirectory.cupofexcellence.org/listing/8-el-pozo-honduras-2025-exotic-varieties/	restricted://post20k_extension/raw/coe-detail/4a7656aec4dc9d1aca220ce1.html	4e8663d0833698fa2ea48802387b824bb45c291183972b0ce00e8859e9776fec	139448	archive-page=45;detail-index=9;url=https://farmdirectory.cupofexcellence.org/listing/8-el-pozo-honduras-2025-exotic-varieties/
route.coe.generic-official-sensory-detail	https://farmdirectory.cupofexcellence.org/listing/9-el-itacayo-honduras-2025-exotic-varieties/	restricted://post20k_extension/raw/coe-detail/3287ffd7779a914ad8abbbbb.html	426e046bf710865620ca90be1f0b755ad9b510dbdf5ef1068f68f09ea029281b	139399	archive-page=45;detail-index=10;url=https://farmdirectory.cupofexcellence.org/listing/9-el-itacayo-honduras-2025-exotic-varieties/
route.coe.archive-continuation	https://farmdirectory.cupofexcellence.org/listings/page/46/	restricted://post20k_extension/raw/coe-archive/listings-page-046.html	1e932005e4696b26305ccf014f906ea1f6004b72f7d43fe9027b3d8a4ac19ec7	129110	archive-page=46
route.coe.generic-official-sensory-detail	https://farmdirectory.cupofexcellence.org/listing/1-el-rubi-honduras-2025-parainema-variety/	restricted://post20k_extension/raw/coe-detail/d260bec19597252eeb57decc.html	d18c6e103aee66fe67632c8e96904d7ea64d83bc45c0578299201b0e313caef3	141277	archive-page=46;detail-index=1;url=https://farmdirectory.cupofexcellence.org/listing/1-el-rubi-honduras-2025-parainema-variety/
route.coe.generic-official-sensory-detail	https://farmdirectory.cupofexcellence.org/listing/1-la-salvaje-honduras-2025-exotic-varieties/	restricted://post20k_extension/raw/coe-detail/36a4dba7a2ecc1dc6c9c1e4c.html	ad920f5d08ba811f76d0e463c3dab38cd9b90865fabcc53573fbafe3a2f572b8	137067	archive-page=46;detail-index=2;url=https://farmdirectory.cupofexcellence.org/listing/1-la-salvaje-honduras-2025-exotic-varieties/
route.coe.generic-official-sensory-detail	https://farmdirectory.cupofexcellence.org/listing/10-las-acasias-honduras-2025-traditional-varieties/	restricted://post20k_extension/raw/coe-detail/10066bca1ea4f382ec4280ae.html	6ec5681d0c6f97258f787ae8e8c3954f3816571a8da3808b54046b3fd00ef92d	137957	archive-page=46;detail-index=3;url=https://farmdirectory.cupofexcellence.org/listing/10-las-acasias-honduras-2025-traditional-varieties/
route.coe.generic-official-sensory-detail	https://farmdirectory.cupofexcellence.org/listing/2-laurel-3-honduras-2025-parainema-variety/	restricted://post20k_extension/raw/coe-detail/d15985e26105b0fb5372e9cd.html	ad20b15ed222867c8819fffd10681f20f75fc17da80aea738b1bac9213ae482d	140922	archive-page=46;detail-index=4;url=https://farmdirectory.cupofexcellence.org/listing/2-laurel-3-honduras-2025-parainema-variety/
route.coe.generic-official-sensory-detail	https://farmdirectory.cupofexcellence.org/listing/2-piedras-amarillas-honduras-2025-exotic-varieties/	restricted://post20k_extension/raw/coe-detail/a7873fa8260d6a9832741e59.html	34cc4ab1596828d27ccbc51d671a821520c115866d1f3530ecd5a04add876640	134184	archive-page=46;detail-index=5;url=https://farmdirectory.cupofexcellence.org/listing/2-piedras-amarillas-honduras-2025-exotic-varieties/
route.coe.generic-official-sensory-detail	https://farmdirectory.cupofexcellence.org/listing/3-don-andres-honduras-2025-parainema-variety/	restricted://post20k_extension/raw/coe-detail/3471bbe57318b35e3ed8c263.html	ef2518b347a813780ef1f52ee1984f32b7f6f1f05fbe88bc94af5131125c5fc2	141153	archive-page=46;detail-index=6;url=https://farmdirectory.cupofexcellence.org/listing/3-don-andres-honduras-2025-parainema-variety/
route.coe.generic-official-sensory-detail	https://farmdirectory.cupofexcellence.org/listing/3-la-salsa-honduras-2025-exotic-varieties/	restricted://post20k_extension/raw/coe-detail/0f15b96120b0c46d6c262fdc.html	4671f21316d1c6377f2e7b1d6caad6cadbb2e438bc1f1ea4cf8297b7d9c04141	139333	archive-page=46;detail-index=7;url=https://farmdirectory.cupofexcellence.org/listing/3-la-salsa-honduras-2025-exotic-varieties/
route.coe.generic-official-sensory-detail	https://farmdirectory.cupofexcellence.org/listing/4-don-miguel-honduras-2025-parainema-variety/	restricted://post20k_extension/raw/coe-detail/f5feee8dcae774edae8a4d8a.html	b4b76e7e1ef852827887708e85594eb58fd67b374fc77d3c5855557b39cd5e11	146075	archive-page=46;detail-index=8;url=https://farmdirectory.cupofexcellence.org/listing/4-don-miguel-honduras-2025-parainema-variety/
route.coe.generic-official-sensory-detail	https://farmdirectory.cupofexcellence.org/listing/6-el-laurel-2-honduras-2025-parainema-variety/	restricted://post20k_extension/raw/coe-detail/81e7bfe6caa88cd2be13242d.html	91997c254acac95c7e57381dafdd974b1ce0514835e16607fea371a8c17dc321	140647	archive-page=46;detail-index=10;url=https://farmdirectory.cupofexcellence.org/listing/6-el-laurel-2-honduras-2025-parainema-variety/
route.coe.archive-continuation	https://farmdirectory.cupofexcellence.org/listings/page/47/	restricted://post20k_extension/raw/coe-archive/listings-page-047.html	4361320d787d7dc7d22ec0fa9d082fd5c8c05a1f90d5aa20d61168413d41a4c0	128930	archive-page=47
route.coe.generic-official-sensory-detail	https://farmdirectory.cupofexcellence.org/listing/3-karmel-honduras-2025-traditional-varieties/	restricted://post20k_extension/raw/coe-detail/1fc0c4e84460f758f6879ad3.html	7df99879968d5ac252f3d41df30059be35002c8d7c8f3c1f8eeb294c71eb8f5c	144340	archive-page=47;detail-index=3;url=https://farmdirectory.cupofexcellence.org/listing/3-karmel-honduras-2025-traditional-varieties/
route.coe.generic-official-sensory-detail	https://farmdirectory.cupofexcellence.org/listing/4-el-ocote-honduras-2025-traditional-varieties/	restricted://post20k_extension/raw/coe-detail/da8254e0f0d6a435af333fdc.html	1c368df9b6b428fe9f9676cbace04b54807648ac6278311ed4509aa80716b94f	143664	archive-page=47;detail-index=4;url=https://farmdirectory.cupofexcellence.org/listing/4-el-ocote-honduras-2025-traditional-varieties/
route.coe.generic-official-sensory-detail	https://farmdirectory.cupofexcellence.org/listing/6-el-gravileo-honduras-2025-traditional-varieties/	restricted://post20k_extension/raw/coe-detail/f0115ce2cd6b87c080df504a.html	e77bff306e211a966d50326275477fa2443404a744f7c30179f2ab34119ff785	142067	archive-page=47;detail-index=6;url=https://farmdirectory.cupofexcellence.org/listing/6-el-gravileo-honduras-2025-traditional-varieties/
route.coe.generic-official-sensory-detail	https://farmdirectory.cupofexcellence.org/listing/7-los-cipreses-honduras-2025-traditional-varieties/	restricted://post20k_extension/raw/coe-detail/cff4c5c00a0bcf1c1246fbdd.html	a884cd2667dc4d695a07f36b9b137b952f1e9ba44f701ad2ddff36f7376b4fb7	139839	archive-page=47;detail-index=7;url=https://farmdirectory.cupofexcellence.org/listing/7-los-cipreses-honduras-2025-traditional-varieties/
route.coe.generic-official-sensory-detail	https://farmdirectory.cupofexcellence.org/listing/8-la-quebrada-honduras-2025-traditional-varieties/	restricted://post20k_extension/raw/coe-detail/2207e487ce56885723e549cd.html	213b5517e72834d25c39a16d11b9eaf53eabdbdc39f6bd198444e0b7f974395a	144132	archive-page=47;detail-index=8;url=https://farmdirectory.cupofexcellence.org/listing/8-la-quebrada-honduras-2025-traditional-varieties/
route.coe.generic-official-sensory-detail	https://farmdirectory.cupofexcellence.org/listing/9-el-nacimiento-1-honduras-2025-traditional-varieties/	restricted://post20k_extension/raw/coe-detail/a209e1e9c176d2b6407cacfe.html	95a122671a7e8d6b83443348f85c936dad1e9a81ec8e3d61633af71943dde4f4	138834	archive-page=47;detail-index=9;url=https://farmdirectory.cupofexcellence.org/listing/9-el-nacimiento-1-honduras-2025-traditional-varieties/
route.coe.generic-official-sensory-detail	https://farmdirectory.cupofexcellence.org/listing/nw-los-vazquez-mexico-2025-wet/	restricted://post20k_extension/raw/coe-detail/dbcd80b34a8e11bf4d4a44a0.html	8d495061e015eebaed6e0d26916f6fd8f049eafa324af70378923a0a8d5aeae3	147542	archive-page=47;detail-index=10;url=https://farmdirectory.cupofexcellence.org/listing/nw-los-vazquez-mexico-2025-wet/
route.coe.archive-continuation	https://farmdirectory.cupofexcellence.org/listings/page/48/	restricted://post20k_extension/raw/coe-archive/listings-page-048.html	e07e2e174fa260ed62e53a0297773e2e1a4c3d3b4fb40f85a5c9ead8b76f8e29	128972	archive-page=48
route.coe.generic-official-sensory-detail	https://farmdirectory.cupofexcellence.org/listing/3-pocitos-mexico-2025-experimental/	restricted://post20k_extension/raw/coe-detail/392f14363a4cca119679bed8.html	7fd346e23220c05899c952433f71d1bd2c4432884217cb8c57fb44d8171230c7	147933	archive-page=48;detail-index=1;url=https://farmdirectory.cupofexcellence.org/listing/3-pocitos-mexico-2025-experimental/
route.coe.generic-official-sensory-detail	https://farmdirectory.cupofexcellence.org/listing/4-xilontla-mexico-2025-experimental/	restricted://post20k_extension/raw/coe-detail/114140ce7e38fd27b014b04a.html	8bd893e0f6fdd1db4a78dfbacc3b9b159e69e224e160d81ca735b0543d1b8cd7	145383	archive-page=48;detail-index=2;url=https://farmdirectory.cupofexcellence.org/listing/4-xilontla-mexico-2025-experimental/
route.coe.generic-official-sensory-detail	https://farmdirectory.cupofexcellence.org/listing/6-tierra-amarilla-mexico-2025-experimental/	restricted://post20k_extension/raw/coe-detail/52695b9eb7657356464841c1.html	4b2fde3a5f2e0a602eb0640b1f88731ca4827303c88c552e555e90e7ed53a20b	147378	archive-page=48;detail-index=4;url=https://farmdirectory.cupofexcellence.org/listing/6-tierra-amarilla-mexico-2025-experimental/
route.coe.generic-official-sensory-detail	https://farmdirectory.cupofexcellence.org/listing/7-trebolillos-mexico-2025-experimental/	restricted://post20k_extension/raw/coe-detail/b0b083ffd944a700d5f0d8f9.html	8027949cbc2da10df143cd0e4f1a109efa9a6b2b9061c421b76906dc922536f0	154731	archive-page=48;detail-index=5;url=https://farmdirectory.cupofexcellence.org/listing/7-trebolillos-mexico-2025-experimental/
route.coe.generic-official-sensory-detail	https://farmdirectory.cupofexcellence.org/listing/nw-el-naranjo-mexico-2025-wet/	restricted://post20k_extension/raw/coe-detail/56e74d77e7b71226c7091488.html	08e82aacf08e3d138ad5cf8b91aea63e8e89516d4bc8f4005e6cc7bd04ed788c	143210	archive-page=48;detail-index=8;url=https://farmdirectory.cupofexcellence.org/listing/nw-el-naranjo-mexico-2025-wet/
route.coe.generic-official-sensory-detail	https://farmdirectory.cupofexcellence.org/listing/nw-finca-tepetzinta-mexico-2025-experimental/	restricted://post20k_extension/raw/coe-detail/f86ce32b6ad3f194dbf050c1.html	661df5e91d3b79c7d77bb565f34d2fb56261bea3c7f9f46635237450f2691f76	149313	archive-page=48;detail-index=9;url=https://farmdirectory.cupofexcellence.org/listing/nw-finca-tepetzinta-mexico-2025-experimental/
route.coe.generic-official-sensory-detail	https://farmdirectory.cupofexcellence.org/listing/nw-xoxohuico-mexico-2025-wet/	restricted://post20k_extension/raw/coe-detail/f3967216c19a0f7e2440d25e.html	0c2ac0065692f96044d8785a3135c13cd4b07c00375d9a55fc0ce0149623f334	145410	archive-page=48;detail-index=10;url=https://farmdirectory.cupofexcellence.org/listing/nw-xoxohuico-mexico-2025-wet/
route.coe.archive-continuation	https://farmdirectory.cupofexcellence.org/listings/page/49/	restricted://post20k_extension/raw/coe-archive/listings-page-049.html	e791cafab18fd7a379ad0bed8eb77edc00d1c00dacdc34558645fdfc603fe782	128860	archive-page=49
route.coe.generic-official-sensory-detail	https://farmdirectory.cupofexcellence.org/listing/1-el-rio-mexico-2025-experimental/	restricted://post20k_extension/raw/coe-detail/965b4429729b5df8bbca1932.html	492dc5ba9acc6e9ba68751961a9bcecaacb7840c4e1d031485a048fc418bb895	150748	archive-page=49;detail-index=1;url=https://farmdirectory.cupofexcellence.org/listing/1-el-rio-mexico-2025-experimental/
route.coe.generic-official-sensory-detail	https://farmdirectory.cupofexcellence.org/listing/1-la-palma-mexico-2025-experimental/	restricted://post20k_extension/raw/coe-detail/554845b1b3cd33dd84e9400f.html	21ac93cdf1534259ba9b169ca9cd4021a22efc8dd1a504955b01f7d9234b197f	147933	archive-page=49;detail-index=2;url=https://farmdirectory.cupofexcellence.org/listing/1-la-palma-mexico-2025-experimental/
route.coe.generic-official-sensory-detail	https://farmdirectory.cupofexcellence.org/listing/11-alina-mexico-2025-natural/	restricted://post20k_extension/raw/coe-detail/59639132cc27204ef1264254.html	dee76892da5e89a4148a2400e6a26e412d6b59710ddd5ee15fc29dee9c2c113d	144302	archive-page=49;detail-index=4;url=https://farmdirectory.cupofexcellence.org/listing/11-alina-mexico-2025-natural/
route.coe.generic-official-sensory-detail	https://farmdirectory.cupofexcellence.org/listing/5-finca-del-alba-mexico-2025-natural/	restricted://post20k_extension/raw/coe-detail/38819f4948083d5ac5b7e0da.html	fb48a5647024ebf23dab485069936c127ce4429f8436fae2da58aea168219b9c	147391	archive-page=49;detail-index=6;url=https://farmdirectory.cupofexcellence.org/listing/5-finca-del-alba-mexico-2025-natural/
route.coe.generic-official-sensory-detail	https://farmdirectory.cupofexcellence.org/listing/7-xilontla-mexico-2025-natural/	restricted://post20k_extension/raw/coe-detail/d01edbf428dbf3abdff8e64c.html	35a76abfece5443bbac9bdbc8255dc32522ec962aebc1e92c4d0f44ab83e6221	145847	archive-page=49;detail-index=8;url=https://farmdirectory.cupofexcellence.org/listing/7-xilontla-mexico-2025-natural/
route.coe.generic-official-sensory-detail	https://farmdirectory.cupofexcellence.org/listing/9-zacatlami-mexico-2025-natural/	restricted://post20k_extension/raw/coe-detail/fd6b28a1006d8ce3abb36377.html	de8d3d4a12aaf2af0d86afca56b58a26060bab688ea4cc8bdd738e10092d38c8	147537	archive-page=49;detail-index=10;url=https://farmdirectory.cupofexcellence.org/listing/9-zacatlami-mexico-2025-natural/
route.coe.archive-continuation	https://farmdirectory.cupofexcellence.org/listings/page/50/	restricted://post20k_extension/raw/coe-archive/listings-page-050.html	a7a58fee53165fe96a69160b51f02bebce67e101875717e38c77202970c30eb2	128796	archive-page=50
route.coe.generic-official-sensory-detail	https://farmdirectory.cupofexcellence.org/listing/1-santa-cruz-mexico-2025-natural/	restricted://post20k_extension/raw/coe-detail/16895f62b2037b764823844f.html	213853948d4fa697a0ed72f38c8b89621f6491bc213f37668919bb45446df641	145512	archive-page=50;detail-index=1;url=https://farmdirectory.cupofexcellence.org/listing/1-santa-cruz-mexico-2025-natural/
route.coe.generic-official-sensory-detail	https://farmdirectory.cupofexcellence.org/listing/10-rancho-el-separo-mexico-2025-wet/	restricted://post20k_extension/raw/coe-detail/d17ba7854e6e6f8717c6e0d8.html	61a68f42915e1366440dcf60f3f62e463ef75a53c563684a8336b437d1146bfe	145286	archive-page=50;detail-index=2;url=https://farmdirectory.cupofexcellence.org/listing/10-rancho-el-separo-mexico-2025-wet/
route.coe.generic-official-sensory-detail	https://farmdirectory.cupofexcellence.org/listing/7-san-jose-mexico-2025-wet/	restricted://post20k_extension/raw/coe-detail/5cfc562458302a3705e16140.html	5f8ed3a7cbc1e30098675862ce19423bdb93bc2507ffcf650610df753fe8b67f	147654	archive-page=50;detail-index=8;url=https://farmdirectory.cupofexcellence.org/listing/7-san-jose-mexico-2025-wet/
route.coe.generic-official-sensory-detail	https://farmdirectory.cupofexcellence.org/listing/9-el-izote-mexico-2025-wet/	restricted://post20k_extension/raw/coe-detail/1c6ca7d28fcdd612441e5d59.html	1cabd8e2b773f5e7c590e9e1cf3ff24f45417c4f2f1577c417fdc6787727b043	146196	archive-page=50;detail-index=10;url=https://farmdirectory.cupofexcellence.org/listing/9-el-izote-mexico-2025-wet/
route.coe.archive-continuation	https://farmdirectory.cupofexcellence.org/listings/page/51/	restricted://post20k_extension/raw/coe-archive/listings-page-051.html	8cae5de0d0d9583619db3ec431944aeb8104805e6f8f4c4acf4a93a90fa6e238	128840	archive-page=51
route.coe.generic-official-sensory-detail	https://farmdirectory.cupofexcellence.org/listing/10-los-congos-nicaragua-2025/	restricted://post20k_extension/raw/coe-detail/dfde7c744ad98a49794cddbd.html	17d482d6f18e5bf18eb957deca09c966d6aa430cb1a54afd56a98602d2f63e8a	143917	archive-page=51;detail-index=2;url=https://farmdirectory.cupofexcellence.org/listing/10-los-congos-nicaragua-2025/
route.coe.generic-official-sensory-detail	https://farmdirectory.cupofexcellence.org/listing/11-san-antonio-nicaragua-2025/	restricted://post20k_extension/raw/coe-detail/0e594410409b9fdd6a914da1.html	41558b93cf8594bebacf3eaddfceb84ee0613f5f54989316c1938e8c9dd31efb	147631	archive-page=51;detail-index=3;url=https://farmdirectory.cupofexcellence.org/listing/11-san-antonio-nicaragua-2025/
route.coe.generic-official-sensory-detail	https://farmdirectory.cupofexcellence.org/listing/13-brisas-del-mogoton-nicaragua-2025/	restricted://post20k_extension/raw/coe-detail/49f99865343363120254eb8d.html	c317a8a2b63f2fb29ff2e59b5dff442a1626b2771f3156d588bdb8cd3a13456c	143738	archive-page=51;detail-index=5;url=https://farmdirectory.cupofexcellence.org/listing/13-brisas-del-mogoton-nicaragua-2025/
route.coe.generic-official-sensory-detail	https://farmdirectory.cupofexcellence.org/listing/14-el-liquidambar-nicaragua-2025/	restricted://post20k_extension/raw/coe-detail/579d16770be3794515954763.html	c91e59e48637081e587a637ad99b955c12401bf1f1776e01c4aa3d9ac86583f3	144151	archive-page=51;detail-index=6;url=https://farmdirectory.cupofexcellence.org/listing/14-el-liquidambar-nicaragua-2025/
route.coe.generic-official-sensory-detail	https://farmdirectory.cupofexcellence.org/listing/15-la-picona-nicaragua-2025/	restricted://post20k_extension/raw/coe-detail/a3022d253005cc3265177b9a.html	1282c22f1362263d0c817d7611501aeb46b7ac4f6339ea30975f750bc0117352	145787	archive-page=51;detail-index=7;url=https://farmdirectory.cupofexcellence.org/listing/15-la-picona-nicaragua-2025/
route.coe.generic-official-sensory-detail	https://farmdirectory.cupofexcellence.org/listing/9-san-jose-n-1-nicaragua-2025/	restricted://post20k_extension/raw/coe-detail/cd04f8ec5107c99754effafe.html	e4dffa2d5da09c09a016427e70053fbe35b4f296fe1f14c4bfda06e09d825bbf	146381	archive-page=51;detail-index=10;url=https://farmdirectory.cupofexcellence.org/listing/9-san-jose-n-1-nicaragua-2025/
route.coe.archive-continuation	https://farmdirectory.cupofexcellence.org/listings/page/52/	restricted://post20k_extension/raw/coe-archive/listings-page-052.html	b173e3f513257d0b49bdf70a3650b3e53868e210d25dd63603e42f1b9a63f648	128871	archive-page=52
route.coe.generic-official-sensory-detail	https://farmdirectory.cupofexcellence.org/listing/14-el-porvenir-nicaragua-2025/	restricted://post20k_extension/raw/coe-detail/b5224dcae38335d56ccd6fe1.html	a6a9757d2c4ae108789313583ff64844836c5e9ae6c71714bd0530379553733a	151746	archive-page=52;detail-index=2;url=https://farmdirectory.cupofexcellence.org/listing/14-el-porvenir-nicaragua-2025/
route.coe.generic-official-sensory-detail	https://farmdirectory.cupofexcellence.org/listing/15-bella-aurora-nicaragua-2025/	restricted://post20k_extension/raw/coe-detail/9892fe622d9eea796a5225e1.html	62b9f8a5b94d799baafec2b34e68daffe05336a156da7a593fc61671eabe4ead	143389	archive-page=52;detail-index=3;url=https://farmdirectory.cupofexcellence.org/listing/15-bella-aurora-nicaragua-2025/
route.coe.generic-official-sensory-detail	https://farmdirectory.cupofexcellence.org/listing/2-el-porvenir-nicaragua-2025/	restricted://post20k_extension/raw/coe-detail/1c1eea46a996dab1e274e001.html	2cff99256d69ff41130026302edd34ec4ac570066b51c747dfdc3ae8d523a0e7	147625	archive-page=52;detail-index=4;url=https://farmdirectory.cupofexcellence.org/listing/2-el-porvenir-nicaragua-2025/
route.coe.generic-official-sensory-detail	https://farmdirectory.cupofexcellence.org/listing/3-buenos-aires-nicaragua-2025/	restricted://post20k_extension/raw/coe-detail/0c3ad2a8eeb6640b5d949fc4.html	042a3a7e3bc98bf5919b171826c5fe1ed63e1db6c6129d5bd2b6b687be580aa9	143446	archive-page=52;detail-index=5;url=https://farmdirectory.cupofexcellence.org/listing/3-buenos-aires-nicaragua-2025/
route.coe.generic-official-sensory-detail	https://farmdirectory.cupofexcellence.org/listing/5-el-guacalito-nicaragua-2025/	restricted://post20k_extension/raw/coe-detail/894cc41eadd6e6396ba30663.html	c741903cee62fd60b31c6576f8668417e50f1867de7aa963987f159cf9d597e7	142548	archive-page=52;detail-index=7;url=https://farmdirectory.cupofexcellence.org/listing/5-el-guacalito-nicaragua-2025/
route.coe.generic-official-sensory-detail	https://farmdirectory.cupofexcellence.org/listing/6-las-neblinas-nicaragua-2025/	restricted://post20k_extension/raw/coe-detail/f7c31f8dcb7e993af1011093.html	43849bfd42aec92b71dc418bcc29f5eef77f5d8c78a7943dbab885dcb103b588	157661	archive-page=52;detail-index=8;url=https://farmdirectory.cupofexcellence.org/listing/6-las-neblinas-nicaragua-2025/
route.coe.generic-official-sensory-detail	https://farmdirectory.cupofexcellence.org/listing/7-de-la-finca-coffe-farm-nicaragua-2025/	restricted://post20k_extension/raw/coe-detail/76f5abbea669a7e6c7ad6369.html	af7c9ef46de6fb162ccbb101a957ce9aec558a2b2fe679e0e21260c756bedfe1	148880	archive-page=52;detail-index=9;url=https://farmdirectory.cupofexcellence.org/listing/7-de-la-finca-coffe-farm-nicaragua-2025/
route.coe.archive-continuation	https://farmdirectory.cupofexcellence.org/listings/page/53/	restricted://post20k_extension/raw/coe-archive/listings-page-053.html	b27c76430b7db15e6884634f17978697d1d81a32637aea98a95f4289869f5e99	128862	archive-page=53
route.coe.generic-official-sensory-detail	https://farmdirectory.cupofexcellence.org/listing/10-el-povenir-nicaragua-2025/	restricted://post20k_extension/raw/coe-detail/d2de62740d624a5463c6f18b.html	82fd4cf725c392af87fd5bc3eaa3e0790ca83e42fad50eac37be3448564f1016	143630	archive-page=53;detail-index=1;url=https://farmdirectory.cupofexcellence.org/listing/10-el-povenir-nicaragua-2025/
route.coe.generic-official-sensory-detail	https://farmdirectory.cupofexcellence.org/listing/12-el-poste-nicaragua-2025/	restricted://post20k_extension/raw/coe-detail/e7319642bcd4c33c8e562ad6.html	3b887a52212226e27105a6cd859533ffd746e012265d80901c028984d20cca3a	144087	archive-page=53;detail-index=3;url=https://farmdirectory.cupofexcellence.org/listing/12-el-poste-nicaragua-2025/
route.coe.generic-official-sensory-detail	https://farmdirectory.cupofexcellence.org/listing/13-las-hortencias-nicaragua-2025/	restricted://post20k_extension/raw/coe-detail/cd097211656465f539587f5d.html	81eeec1323c3ce21e82be1750e3982ab7f91497c5cf42ef01c1ac1026d53df6e	145769	archive-page=53;detail-index=4;url=https://farmdirectory.cupofexcellence.org/listing/13-las-hortencias-nicaragua-2025/
route.coe.generic-official-sensory-detail	https://farmdirectory.cupofexcellence.org/listing/4-los-alpes-nicaragua-2025/	restricted://post20k_extension/raw/coe-detail/bab3161bc50f86662e185d29.html	87e2e4f8fe92e8877d4f2808b5896e597a4643cac53a478a7be3614e6ef5a884	149418	archive-page=53;detail-index=5;url=https://farmdirectory.cupofexcellence.org/listing/4-los-alpes-nicaragua-2025/
route.coe.generic-official-sensory-detail	https://farmdirectory.cupofexcellence.org/listing/5-san-judas-tadeo-nicaragua-2025/	restricted://post20k_extension/raw/coe-detail/568f0d219f716d7bc105cec9.html	3577e5a92b30a8022749672eb7a862aff88541d0d93e0b5cb2175dd54cf17c8d	141544	archive-page=53;detail-index=6;url=https://farmdirectory.cupofexcellence.org/listing/5-san-judas-tadeo-nicaragua-2025/
route.coe.generic-official-sensory-detail	https://farmdirectory.cupofexcellence.org/listing/6-los-granadillos-nicaragua-2025/	restricted://post20k_extension/raw/coe-detail/b502cbe76cc9be2a009c4304.html	33021c33884085595a1eb5d740dda69b64d2761aed7ccac971b73773394bd86f	146115	archive-page=53;detail-index=7;url=https://farmdirectory.cupofexcellence.org/listing/6-los-granadillos-nicaragua-2025/
route.coe.generic-official-sensory-detail	https://farmdirectory.cupofexcellence.org/listing/7-san-ramon-nicaragua-2025/	restricted://post20k_extension/raw/coe-detail/c824a39ef7ce4cca331114c6.html	72eba8cec6b3368e1527cde4bdb6d30e8fbce2d955aca4a52e52806913f0aac9	141971	archive-page=53;detail-index=8;url=https://farmdirectory.cupofexcellence.org/listing/7-san-ramon-nicaragua-2025/
route.coe.generic-official-sensory-detail	https://farmdirectory.cupofexcellence.org/listing/8-hugo-medina-nicaragua-2025/	restricted://post20k_extension/raw/coe-detail/d8bf6020b477975c76a3b7fb.html	0c7848ae6f48a17407bfaf255b385287433ebd28bb6d372d79794acf23c89944	146557	archive-page=53;detail-index=9;url=https://farmdirectory.cupofexcellence.org/listing/8-hugo-medina-nicaragua-2025/
route.coe.generic-official-sensory-detail	https://farmdirectory.cupofexcellence.org/listing/9-la-furiosa-nicaragua-2025/	restricted://post20k_extension/raw/coe-detail/7222189e6591bd087a5ca96f.html	2ddc9e209a804cdcc3612c0b3994e7b4ade416ce33a874e3b31fb41d2295b1ec	141146	archive-page=53;detail-index=10;url=https://farmdirectory.cupofexcellence.org/listing/9-la-furiosa-nicaragua-2025/
route.coe.archive-continuation	https://farmdirectory.cupofexcellence.org/listings/page/54/	restricted://post20k_extension/raw/coe-archive/listings-page-054.html	931ba40672b4eb8526a1fdd51bde587690d443c3e8ddfc744b5ef6474ec66929	128774	archive-page=54
route.coe.generic-official-sensory-detail	https://farmdirectory.cupofexcellence.org/listing/1-la-esperanza-nicaragua-2025/	restricted://post20k_extension/raw/coe-detail/2931116339a65110965924d7.html	ad218f6a8f3cdb8c86ec8adbe30df2ac3f1286c06c89147d2d0d233d79a12d98	150864	archive-page=54;detail-index=1;url=https://farmdirectory.cupofexcellence.org/listing/1-la-esperanza-nicaragua-2025/
route.coe.generic-official-sensory-detail	https://farmdirectory.cupofexcellence.org/listing/2-solidaridad-nicaragua-2025/	restricted://post20k_extension/raw/coe-detail/32569515bdca66daa59dad13.html	9b131c01657f2527ec90ab3c4d630e7a16699485169ced9d6d121614f912c564	154018	archive-page=54;detail-index=2;url=https://farmdirectory.cupofexcellence.org/listing/2-solidaridad-nicaragua-2025/
route.coe.generic-official-sensory-detail	https://farmdirectory.cupofexcellence.org/listing/3-el-porvenir-nicaragua-2025/	restricted://post20k_extension/raw/coe-detail/4108ec5f19f9a4104447a859.html	42ea88d6987677cdeb46b465e17f6fdc6831cdde97fe2a5c101bfe90c408ff70	154650	archive-page=54;detail-index=3;url=https://farmdirectory.cupofexcellence.org/listing/3-el-porvenir-nicaragua-2025/
route.coe.archive-continuation	https://farmdirectory.cupofexcellence.org/listings/page/55/	restricted://post20k_extension/raw/coe-archive/listings-page-055.html	73e3212bf12c5e0e17eff904fc5db6960ebf5a22feea1ffff1bcc2900b447a56	128772	archive-page=55
route.coe.archive-continuation	https://farmdirectory.cupofexcellence.org/listings/page/56/	restricted://post20k_extension/raw/coe-archive/listings-page-056.html	9114765a244b79d325d70a46eea6baebf1967ac5057141cb1dbb4a2501daac30	128666	archive-page=56
route.coe.archive-continuation	https://farmdirectory.cupofexcellence.org/listings/page/57/	restricted://post20k_extension/raw/coe-archive/listings-page-057.html	3b9d4a653a46f2e929d0e04eb206cdf5c32168f7482f2a11a38c4b20db824b18	129098	archive-page=57
route.coe.generic-official-sensory-detail	https://farmdirectory.cupofexcellence.org/listing/4-fazenda-lagoa-seca-brazil-2024-experimental/	restricted://post20k_extension/raw/coe-detail/325343bff9c78742206dba0a.html	9f28f4e9c9aab856679a7f45d79e8da25380e1e87774c57621321b6be3ef23bc	150181	archive-page=57;detail-index=4;url=https://farmdirectory.cupofexcellence.org/listing/4-fazenda-lagoa-seca-brazil-2024-experimental/
route.coe.generic-official-sensory-detail	https://farmdirectory.cupofexcellence.org/listing/5-fazenda-rio-verde-brazil-2024-experimental/	restricted://post20k_extension/raw/coe-detail/3bfc97200bb8d5d99b08f597.html	9f6ef3d2a3633a32a46b0b8fabbee4430f0f264c17314b6ddbefc0bce8148d39	146538	archive-page=57;detail-index=6;url=https://farmdirectory.cupofexcellence.org/listing/5-fazenda-rio-verde-brazil-2024-experimental/
route.coe.generic-official-sensory-detail	https://farmdirectory.cupofexcellence.org/listing/6-sitio-tres-barras-brazil-2024-experimental/	restricted://post20k_extension/raw/coe-detail/f4214cc9a0d3e1c1828569c2.html	4c02735c67cce8437345dfa83d81dd022dbd88794e4799b32e1acab331efdf47	152278	archive-page=57;detail-index=8;url=https://farmdirectory.cupofexcellence.org/listing/6-sitio-tres-barras-brazil-2024-experimental/
route.coe.generic-official-sensory-detail	https://farmdirectory.cupofexcellence.org/listing/7-sitio-da-pedra-brazil-2024-experimental/	restricted://post20k_extension/raw/coe-detail/0e9fff601fe14390e2cce26f.html	f08cc1432b25e5ad04ab07d1d0b59365c89cd6ff820c83a71d397af1091a626f	146103	archive-page=57;detail-index=9;url=https://farmdirectory.cupofexcellence.org/listing/7-sitio-da-pedra-brazil-2024-experimental/
route.coe.generic-official-sensory-detail	https://farmdirectory.cupofexcellence.org/listing/nw-sitio-coffe-mel-brazil-2024-experimental/	restricted://post20k_extension/raw/coe-detail/fa7db3cc2cd035cd50b6aeb8.html	83473c3ff8f771e9da47a1c5ccfa5b5aac8bd356da5dd0874eb41f15b7a0bb85	140891	archive-page=57;detail-index=10;url=https://farmdirectory.cupofexcellence.org/listing/nw-sitio-coffe-mel-brazil-2024-experimental/
route.coe.archive-continuation	https://farmdirectory.cupofexcellence.org/listings/page/58/	restricted://post20k_extension/raw/coe-archive/listings-page-058.html	650c88a5bd6157cbe29dfc55f23a52577cbf9e0c25f9b9011f2fbc98e2d56924	129559	archive-page=58
route.coe.generic-official-sensory-detail	https://farmdirectory.cupofexcellence.org/listing/1-mf-coffee-brazil-2024-experimental/	restricted://post20k_extension/raw/coe-detail/683ffce506d984dcdc030a0d.html	effb21f6928eacaea87bef38de8448388584c2f342b0409f96f33e8ab62e5bb0	146792	archive-page=58;detail-index=1;url=https://farmdirectory.cupofexcellence.org/listing/1-mf-coffee-brazil-2024-experimental/
route.coe.generic-official-sensory-detail	https://farmdirectory.cupofexcellence.org/listing/10-fazenda-moete-brazil-2024-wet/	restricted://post20k_extension/raw/coe-detail/b9c04846332d7a4ceb923d2c.html	fc4328f665f263aebb48aea759ffd909600bc883b24adbfb0032067efb188eb3	139133	archive-page=58;detail-index=2;url=https://farmdirectory.cupofexcellence.org/listing/10-fazenda-moete-brazil-2024-wet/
route.coe.generic-official-sensory-detail	https://farmdirectory.cupofexcellence.org/listing/2-fazenda-santa-rita-do-xicao-brazil-2024-experimental/	restricted://post20k_extension/raw/coe-detail/c4257e43a9cff7979d228654.html	07bba9c0708fe95070a0c6022b1de3bf22b3dfa85f87c4615c9e3c470cacc9b1	148893	archive-page=58;detail-index=3;url=https://farmdirectory.cupofexcellence.org/listing/2-fazenda-santa-rita-do-xicao-brazil-2024-experimental/
route.coe.generic-official-sensory-detail	https://farmdirectory.cupofexcellence.org/listing/8-fazenda-campo-alegre-brazil-2024-wet/	restricted://post20k_extension/raw/coe-detail/78dff3f08878aadba26c1575.html	84fc852bcc8a3b66804929a1c03ada40e55b9345134f2d34364b69deca5e82d6	147114	archive-page=58;detail-index=5;url=https://farmdirectory.cupofexcellence.org/listing/8-fazenda-campo-alegre-brazil-2024-wet/
route.coe.generic-official-sensory-detail	https://farmdirectory.cupofexcellence.org/listing/nw-fazenda-das-vertentes-brazil-2024-wet/	restricted://post20k_extension/raw/coe-detail/22daf8ecd42a5be4da9a157e.html	ddce92f27bf0ed0a86f522ab9e2d7b270523043678b697bcd84a4595cadbd216	140057	archive-page=58;detail-index=8;url=https://farmdirectory.cupofexcellence.org/listing/nw-fazenda-das-vertentes-brazil-2024-wet/
route.coe.generic-official-sensory-detail	https://farmdirectory.cupofexcellence.org/listing/nw-sitio-bela-vista-brazil-2024-wet/	restricted://post20k_extension/raw/coe-detail/72c4665170987f82acc1fe5e.html	30b6df4bc297182c994fe668a84930b7c538c86487e67afb0393f701eb6587ce	155479	archive-page=58;detail-index=9;url=https://farmdirectory.cupofexcellence.org/listing/nw-sitio-bela-vista-brazil-2024-wet/
route.coe.generic-official-sensory-detail	https://farmdirectory.cupofexcellence.org/listing/nw-sitio-sao-pedro-brazil-2024-wet/	restricted://post20k_extension/raw/coe-detail/c50aec78187725afcba8cb9a.html	4c8cdb82d9f09146a990629cce71ac38f41ee9c453de3860cf7d5f4c2f12d48c	147269	archive-page=58;detail-index=10;url=https://farmdirectory.cupofexcellence.org/listing/nw-sitio-sao-pedro-brazil-2024-wet/
route.coe.archive-continuation	https://farmdirectory.cupofexcellence.org/listings/page/59/	restricted://post20k_extension/raw/coe-archive/listings-page-059.html	942ae810caed81ec2630781b4ca329c1d1ef0facf1f593c7f6fdc8d8d04b1b10	129546	archive-page=59
route.coe.generic-official-sensory-detail	https://farmdirectory.cupofexcellence.org/listing/1-fazenda-sobro-de-cima-brazil-2024-wet/	restricted://post20k_extension/raw/coe-detail/5d614deb84bc034f3da9597b.html	57a3f318f62cf2f2c07839fd902e25ce014a70d97a3ab0ef58d59a7d2a3adfca	146613	archive-page=59;detail-index=1;url=https://farmdirectory.cupofexcellence.org/listing/1-fazenda-sobro-de-cima-brazil-2024-wet/
route.coe.generic-official-sensory-detail	https://farmdirectory.cupofexcellence.org/listing/2-fazenda-olhos-dagua-brazil-2024-wet/	restricted://post20k_extension/raw/coe-detail/774e6670493d065290a7be1b.html	7014d7d987d5cf7b8ccc85b91038d2a9686bd03bd0f0303f64246e6fb9855a1b	146874	archive-page=59;detail-index=2;url=https://farmdirectory.cupofexcellence.org/listing/2-fazenda-olhos-dagua-brazil-2024-wet/
route.coe.generic-official-sensory-detail	https://farmdirectory.cupofexcellence.org/listing/3-sitio-pedro-varinhas-brazil-2024-wet/	restricted://post20k_extension/raw/coe-detail/212f08a58faae71b4b48fc8d.html	fcff4f16d0c0185441c9dbd8ea01f6c89919b20ddb08637829814f9dbba971dc	142691	archive-page=59;detail-index=3;url=https://farmdirectory.cupofexcellence.org/listing/3-sitio-pedro-varinhas-brazil-2024-wet/
route.coe.generic-official-sensory-detail	https://farmdirectory.cupofexcellence.org/listing/4-vista-do-brigadeiro-brazil-2024-wet/	restricted://post20k_extension/raw/coe-detail/b1caffa45e7f12cc847d2bc0.html	8ea4dedfafb3cc07efe2a1596ae9d87351c22f3bb7f696342a9f761ec392b55b	144004	archive-page=59;detail-index=4;url=https://farmdirectory.cupofexcellence.org/listing/4-vista-do-brigadeiro-brazil-2024-wet/
route.coe.generic-official-sensory-detail	https://farmdirectory.cupofexcellence.org/listing/5-sitio-denizar-brazil-2024-wet/	restricted://post20k_extension/raw/coe-detail/abcb32f76c5d0abd0e6975cd.html	62361267541c6a0792a6329cb45882170f9eb7735533aa92710e8a72e8340d35	142887	archive-page=59;detail-index=5;url=https://farmdirectory.cupofexcellence.org/listing/5-sitio-denizar-brazil-2024-wet/
route.coe.generic-official-sensory-detail	https://farmdirectory.cupofexcellence.org/listing/6-fazenda-paredao-brazil-2024-wet/	restricted://post20k_extension/raw/coe-detail/5da2cf6d7393a5914b0e1764.html	0a22c8aa15f71e915c5a7a3f7ef82e3e060b4af8f02dbcf603b08f5ba654e6ce	144895	archive-page=59;detail-index=6;url=https://farmdirectory.cupofexcellence.org/listing/6-fazenda-paredao-brazil-2024-wet/
route.coe.generic-official-sensory-detail	https://farmdirectory.cupofexcellence.org/listing/nw-fazenda-pa-santa-cecilia-brazil-2024-dry/	restricted://post20k_extension/raw/coe-detail/e90660eaa305dd29f5e49165.html	a0dd47f7a23183656c1652f18182cade818f546e1aadf4342418b3180fc716d5	148128	archive-page=59;detail-index=9;url=https://farmdirectory.cupofexcellence.org/listing/nw-fazenda-pa-santa-cecilia-brazil-2024-dry/
route.coe.generic-official-sensory-detail	https://farmdirectory.cupofexcellence.org/listing/nw-sitio-sao-pedro-brazil-2024-dry/	restricted://post20k_extension/raw/coe-detail/02f072f08640827c5ea2e358.html	5118a5874fafaa565c3ddbae8f45551dfbdd338af281bd1b7bbc122078e29c46	147650	archive-page=59;detail-index=10;url=https://farmdirectory.cupofexcellence.org/listing/nw-sitio-sao-pedro-brazil-2024-dry/
route.coe.archive-continuation	https://farmdirectory.cupofexcellence.org/listings/page/60/	restricted://post20k_extension/raw/coe-archive/listings-page-060.html	af1d5b4a8751f4aa3fb3202c443dab671cd314085b31173d49b040a42df92042	129489	archive-page=60
route.coe.generic-official-sensory-detail	https://farmdirectory.cupofexcellence.org/listing/10-sitio-vargem-alegre-brazil-2024-dry/	restricted://post20k_extension/raw/coe-detail/b5b6fc39b5c8176b9de491c7.html	b4021b84475bf6686525e58e59b02d43f76f5e9979d0c95ee646d881004535c4	150399	archive-page=60;detail-index=1;url=https://farmdirectory.cupofexcellence.org/listing/10-sitio-vargem-alegre-brazil-2024-dry/
route.coe.generic-official-sensory-detail	https://farmdirectory.cupofexcellence.org/listing/2-fazenda-rainha-brazil-2024-dry/	restricted://post20k_extension/raw/coe-detail/f38ffb2ac81a0c68cab26e7f.html	ef96e0e62168b6913235016de66da908525ee6f846b4b70ef61af51c773ad702	147170	archive-page=60;detail-index=2;url=https://farmdirectory.cupofexcellence.org/listing/2-fazenda-rainha-brazil-2024-dry/
route.coe.generic-official-sensory-detail	https://farmdirectory.cupofexcellence.org/listing/3-fazenda-rio-verde-brazil-2024-dry/	restricted://post20k_extension/raw/coe-detail/6e1834afd512189fe30c12ed.html	8325f971211eee044480a3793fd8ef1cd7cafc675765eac41c73fdd4220f9eea	146276	archive-page=60;detail-index=3;url=https://farmdirectory.cupofexcellence.org/listing/3-fazenda-rio-verde-brazil-2024-dry/
route.coe.generic-official-sensory-detail	https://farmdirectory.cupofexcellence.org/listing/4-fazenda-boa-vista-brazil-2024-dry/	restricted://post20k_extension/raw/coe-detail/c406d911c30120d4256345a4.html	d4e80a195c3ec5e11e0294476106c881f0b23b56a0cfbb6ca64b9e3227ce21dd	145015	archive-page=60;detail-index=4;url=https://farmdirectory.cupofexcellence.org/listing/4-fazenda-boa-vista-brazil-2024-dry/
route.coe.generic-official-sensory-detail	https://farmdirectory.cupofexcellence.org/listing/6-fazenda-serra-das-tres-barras-brazil-2024-dry/	restricted://post20k_extension/raw/coe-detail/61a1ddfcea1d7d3bad587341.html	760470d12ec9c8f03ea5c65f75b28e5bf91394b02205bc78a5ce24d9eadf305b	150835	archive-page=60;detail-index=6;url=https://farmdirectory.cupofexcellence.org/listing/6-fazenda-serra-das-tres-barras-brazil-2024-dry/
route.coe.generic-official-sensory-detail	https://farmdirectory.cupofexcellence.org/listing/8-mf-coffee-brazil-2024-dry/	restricted://post20k_extension/raw/coe-detail/1be245bacc96a5f5bf11d240.html	da15c13e1015f4a88f91f8a625e946c58b15efbbe4e2dca09b5c2381b5b935ff	146221	archive-page=60;detail-index=8;url=https://farmdirectory.cupofexcellence.org/listing/8-mf-coffee-brazil-2024-dry/
route.coe.generic-official-sensory-detail	https://farmdirectory.cupofexcellence.org/listing/9-fazenda-recreio-brazil-2024-dry/	restricted://post20k_extension/raw/coe-detail/bf8100f8888de0a8f04fece5.html	0d46b91d5546f14af85e49ebdd25036420527f175e9afa226010c57eadbf5987	155781	archive-page=60;detail-index=9;url=https://farmdirectory.cupofexcellence.org/listing/9-fazenda-recreio-brazil-2024-dry/
route.coe.generic-official-sensory-detail	https://farmdirectory.cupofexcellence.org/listing/nw-sitio-vale-do-amanhecer-brazil-2024-dry/	restricted://post20k_extension/raw/coe-detail/bec38bd42b81265acbf44c7f.html	a93c81e6e8a09f2ee38d573eb3867724f3351e11a42bd6d9e0a2cf0558778615	144246	archive-page=60;detail-index=10;url=https://farmdirectory.cupofexcellence.org/listing/nw-sitio-vale-do-amanhecer-brazil-2024-dry/
route.coe.archive-continuation	https://farmdirectory.cupofexcellence.org/listings/page/61/	restricted://post20k_extension/raw/coe-archive/listings-page-061.html	3731320ec390a68bc1417fcc78184ef0684bbc7a480be655df4f7cd1fc927350	129081	archive-page=61
route.coe.generic-official-sensory-detail	https://farmdirectory.cupofexcellence.org/listing/1-sitio-santa-luzia-brazil-2024-dry/	restricted://post20k_extension/raw/coe-detail/ce9844db0178553bbe876eab.html	4e414c79cb1d411159f141d943ba5a101f2300e0eeab8203fba88ea7437d04e5	146864	archive-page=61;detail-index=1;url=https://farmdirectory.cupofexcellence.org/listing/1-sitio-santa-luzia-brazil-2024-dry/
route.coe.archive-continuation	https://farmdirectory.cupofexcellence.org/listings/page/62/	restricted://post20k_extension/raw/coe-archive/listings-page-062.html	58ddf4ed83368a961e6765d5c53a85f6cd283352b0f2828a30d2d6cbbcb8bd64	128958	archive-page=62
route.coe.archive-continuation	https://farmdirectory.cupofexcellence.org/listings/page/63/	restricted://post20k_extension/raw/coe-archive/listings-page-063.html	b88dd83edbeca2b52af508ac8e9218b3d8430e4a832f5c8e4944cedda2e447bc	128818	archive-page=63
route.coe.generic-official-sensory-detail	https://farmdirectory.cupofexcellence.org/listing/17-tafo-ethiopia-2024/	restricted://post20k_extension/raw/coe-detail/f19c7da706871dc830546561.html	f353d6e1ba023865c27b6485b2aa88c6ed93ddfefd8b8e79b85ae46aa0415c2f	138108	archive-page=63;detail-index=1;url=https://farmdirectory.cupofexcellence.org/listing/17-tafo-ethiopia-2024/
route.coe.generic-official-sensory-detail	https://farmdirectory.cupofexcellence.org/listing/nw-adisu-ethiopia-2024/	restricted://post20k_extension/raw/coe-detail/a5c494d72fe901851b380ee7.html	b8c9b6be08ee9df971c67ae6a493a6c16f9dffa628160cff99221f6e3285057c	138547	archive-page=63;detail-index=8;url=https://farmdirectory.cupofexcellence.org/listing/nw-adisu-ethiopia-2024/
route.coe.generic-official-sensory-detail	https://farmdirectory.cupofexcellence.org/listing/nw-bekele-ethiopia-2024/	restricted://post20k_extension/raw/coe-detail/914d2d0514c085756b4d452a.html	5cac56b6f9abd674b14799486e08f71eaf95e6dc4b42f06fce31c8f015381f8e	135657	archive-page=63;detail-index=9;url=https://farmdirectory.cupofexcellence.org/listing/nw-bekele-ethiopia-2024/
route.coe.generic-official-sensory-detail	https://farmdirectory.cupofexcellence.org/listing/nw-esyas-ethiopia-2024/	restricted://post20k_extension/raw/coe-detail/b8d149c067e710b2e91c8118.html	4b05b15bbad73dfb0071f042dd71b9185e2f1756117e6c45432d746cce4692fe	138492	archive-page=63;detail-index=10;url=https://farmdirectory.cupofexcellence.org/listing/nw-esyas-ethiopia-2024/
route.coe.archive-continuation	https://farmdirectory.cupofexcellence.org/listings/page/64/	restricted://post20k_extension/raw/coe-archive/listings-page-064.html	eff82af65230805ecbc4a8c8121f685a77686147a50186591121df39f88d06ff	129089	archive-page=64
route.coe.generic-official-sensory-detail	https://farmdirectory.cupofexcellence.org/listing/nw-assefa-ethiopia-2024/	restricted://post20k_extension/raw/coe-detail/67fd06342896817bda38f064.html	d27a94454f5b1f8884f98c5f57336237665a0de2a0035cd2992eb3d201a8cfc8	135073	archive-page=64;detail-index=1;url=https://farmdirectory.cupofexcellence.org/listing/nw-assefa-ethiopia-2024/
route.coe.generic-official-sensory-detail	https://farmdirectory.cupofexcellence.org/listing/nw-biruk-ethiopia-2024/	restricted://post20k_extension/raw/coe-detail/68d3418a5cbdf65106877846.html	a05b1384943ddef011d881adce7cf7f7c2d8ca65a96b30010b97ba31da8cb86e	135731	archive-page=64;detail-index=2;url=https://farmdirectory.cupofexcellence.org/listing/nw-biruk-ethiopia-2024/
route.coe.generic-official-sensory-detail	https://farmdirectory.cupofexcellence.org/listing/nw-burtekan-zewde-checo-ethiopia-2024/	restricted://post20k_extension/raw/coe-detail/9a454127b9028693c598b425.html	191fec270c3064199ff5484c12c71d56ab0a18f1f4f4aecb446a1dd09f3b87b6	138268	archive-page=64;detail-index=3;url=https://farmdirectory.cupofexcellence.org/listing/nw-burtekan-zewde-checo-ethiopia-2024/
route.coe.generic-official-sensory-detail	https://farmdirectory.cupofexcellence.org/listing/nw-mairegnesh-ethiopia-2024/	restricted://post20k_extension/raw/coe-detail/ae53e63ced6cb75694e8560f.html	733b05e7a21a8b778a29f05555e9ee7ede90e9c4941d43e00c4e7c588cb2ca18	135650	archive-page=64;detail-index=4;url=https://farmdirectory.cupofexcellence.org/listing/nw-mairegnesh-ethiopia-2024/
route.coe.generic-official-sensory-detail	https://farmdirectory.cupofexcellence.org/listing/nw-meswat-shimeles-abera-ethiopia-2024/	restricted://post20k_extension/raw/coe-detail/f7d59d4c5f54537c36cfb37d.html	f0f183d5811ece8d72ab828e8444c5dd81c51caee76ea1e618bb5ca8fed2365c	135980	archive-page=64;detail-index=5;url=https://farmdirectory.cupofexcellence.org/listing/nw-meswat-shimeles-abera-ethiopia-2024/
route.coe.generic-official-sensory-detail	https://farmdirectory.cupofexcellence.org/listing/nw-negusu-kayemo-woraso-ethiopia-2024/	restricted://post20k_extension/raw/coe-detail/91557f01c543fd1f0e1092ef.html	975e7b2d5343fd14b688191f007dc15a132dc5b12e7d86a81c36c5069e6a7296	138454	archive-page=64;detail-index=6;url=https://farmdirectory.cupofexcellence.org/listing/nw-negusu-kayemo-woraso-ethiopia-2024/
route.coe.generic-official-sensory-detail	https://farmdirectory.cupofexcellence.org/listing/nw-niguse-ethiopia-2024/	restricted://post20k_extension/raw/coe-detail/0775ee933241dd7bc3f5f45e.html	3234061b159c3c72edff591bffb18066da0aadc2a4464faa8675599739db8209	133176	archive-page=64;detail-index=7;url=https://farmdirectory.cupofexcellence.org/listing/nw-niguse-ethiopia-2024/
route.coe.generic-official-sensory-detail	https://farmdirectory.cupofexcellence.org/listing/nw-w-ro-buja-g-genamo-ethiopia-2024/	restricted://post20k_extension/raw/coe-detail/f181a9f02e4a363b056c94ce.html	6f3cafab688fdffdee0113111b5805b3fc82ae412dcfee9549d726fa45752f46	139278	archive-page=64;detail-index=8;url=https://farmdirectory.cupofexcellence.org/listing/nw-w-ro-buja-g-genamo-ethiopia-2024/
route.coe.generic-official-sensory-detail	https://farmdirectory.cupofexcellence.org/listing/nw-yednkachew-ethiopia-2024/	restricted://post20k_extension/raw/coe-detail/7b50403acfe08b97565ae73b.html	3556acdca1505a2335f7c9ebaee4d972a69ef1467f5bd833cb1ab5d385be4b58	137468	archive-page=64;detail-index=9;url=https://farmdirectory.cupofexcellence.org/listing/nw-yednkachew-ethiopia-2024/
route.coe.generic-official-sensory-detail	https://farmdirectory.cupofexcellence.org/listing/nw-yiromnesh-roba-woticha-ethiopia-2024/	restricted://post20k_extension/raw/coe-detail/d50459d371e91b09b7c26f0d.html	df5c7e5641c12c6cfc78111c7642f1620fadcc1379f53b888100bd63a7816810	135997	archive-page=64;detail-index=10;url=https://farmdirectory.cupofexcellence.org/listing/nw-yiromnesh-roba-woticha-ethiopia-2024/
route.coe.archive-continuation	https://farmdirectory.cupofexcellence.org/listings/page/65/	restricted://post20k_extension/raw/coe-archive/listings-page-065.html	b45a5fdc0359c508cf325d3882d3d527235218bf3e4cd3105d5c4185a129cb57	129065	archive-page=65
route.coe.generic-official-sensory-detail	https://farmdirectory.cupofexcellence.org/listing/18-abriham-ethiopia-2024/	restricted://post20k_extension/raw/coe-detail/86f9413b35dcce18b2526bda.html	52eee06df1112384e28511965aed673b66c12b1ad83acef140a64c1594923a3c	140117	archive-page=65;detail-index=1;url=https://farmdirectory.cupofexcellence.org/listing/18-abriham-ethiopia-2024/
route.coe.generic-official-sensory-detail	https://farmdirectory.cupofexcellence.org/listing/19-bayene-ethiopia-2024/	restricted://post20k_extension/raw/coe-detail/4da5ad4121537199b324df2d.html	dbd94d8f4746d1817f5386ff951c21af8c596cc4888cf1cda38287e06833bbde	138664	archive-page=65;detail-index=2;url=https://farmdirectory.cupofexcellence.org/listing/19-bayene-ethiopia-2024/
route.coe.generic-official-sensory-detail	https://farmdirectory.cupofexcellence.org/listing/20-leikun-ethiopia-2024/	restricted://post20k_extension/raw/coe-detail/349c16a109b1f141979f01b1.html	825407173d35d82260a9c82c9eaf89a845828f4ef8acdfa80f9986cdc5910297	137684	archive-page=65;detail-index=3;url=https://farmdirectory.cupofexcellence.org/listing/20-leikun-ethiopia-2024/
route.coe.generic-official-sensory-detail	https://farmdirectory.cupofexcellence.org/listing/21-agana-ethiopia-2024/	restricted://post20k_extension/raw/coe-detail/ff9a56e098aff1d4bf11ba5d.html	c084240585d4964340d43d47517202859887fc6b4a519fb0818e7ebabe02a355	135082	archive-page=65;detail-index=4;url=https://farmdirectory.cupofexcellence.org/listing/21-agana-ethiopia-2024/
route.coe.generic-official-sensory-detail	https://farmdirectory.cupofexcellence.org/listing/22-zewuditu-ethiopia-2024/	restricted://post20k_extension/raw/coe-detail/ac5df776924f1a2824f02d6e.html	48c37952e9764cb7d98bfdcb0dcf6f337d2dc2d21a689ea07c21b29a45cc08d0	135730	archive-page=65;detail-index=5;url=https://farmdirectory.cupofexcellence.org/listing/22-zewuditu-ethiopia-2024/
route.coe.generic-official-sensory-detail	https://farmdirectory.cupofexcellence.org/listing/23-legesse-ethiopia-2024/	restricted://post20k_extension/raw/coe-detail/78929ba8e835e7809f997c80.html	9197204752ddee003184922f538f63f191a2800df50a576698391ca38bbc157e	137990	archive-page=65;detail-index=6;url=https://farmdirectory.cupofexcellence.org/listing/23-legesse-ethiopia-2024/
route.coe.generic-official-sensory-detail	https://farmdirectory.cupofexcellence.org/listing/24-tamiru-ethiopia-2024/	restricted://post20k_extension/raw/coe-detail/497b57bc42337487e4cdaa47.html	89ec4cc6636e06fb73a3772152059c078c7143a3d446b2af3289a0d2cab23488	135061	archive-page=65;detail-index=7;url=https://farmdirectory.cupofexcellence.org/listing/24-tamiru-ethiopia-2024/
route.coe.generic-official-sensory-detail	https://farmdirectory.cupofexcellence.org/listing/25-ejigu-ethiopia-2024/	restricted://post20k_extension/raw/coe-detail/1f43bf16aa1c04132e4b020c.html	f67ab2fc68d783c26551545034f4d9db461f52f387a9e455f4e5692b60765562	135152	archive-page=65;detail-index=8;url=https://farmdirectory.cupofexcellence.org/listing/25-ejigu-ethiopia-2024/
route.coe.generic-official-sensory-detail	https://farmdirectory.cupofexcellence.org/listing/26-almaz-ethiopia-2024/	restricted://post20k_extension/raw/coe-detail/627c5160093fa60f15f9f8a8.html	b476ff9d3f0a24047cdae965d3970db2f5311409bdf1c80cec813d48efda280e	137980	archive-page=65;detail-index=9;url=https://farmdirectory.cupofexcellence.org/listing/26-almaz-ethiopia-2024/
route.coe.generic-official-sensory-detail	https://farmdirectory.cupofexcellence.org/listing/27-tadess-ethiopia-2024/	restricted://post20k_extension/raw/coe-detail/fe3ce354d294ed1afa690dec.html	a0ef4a73e6f37463434a86154bcab08c01f968de5ad902641ceb597ad599cfe9	130397	archive-page=65;detail-index=10;url=https://farmdirectory.cupofexcellence.org/listing/27-tadess-ethiopia-2024/
route.coe.archive-continuation	https://farmdirectory.cupofexcellence.org/listings/page/66/	restricted://post20k_extension/raw/coe-archive/listings-page-066.html	6feb30334066cd70c0c78480e3f34b9ed397678d210d202eb16025b786114d7a	128946	archive-page=66
route.coe.generic-official-sensory-detail	https://farmdirectory.cupofexcellence.org/listing/07-sintayehu-ethiopia-2024/	restricted://post20k_extension/raw/coe-detail/191291cda9252ad276ae37bf.html	556e7292136ae75165a6441d4a4050e1f68d83ca445122decd5bba0a0f71e92c	138417	archive-page=66;detail-index=1;url=https://farmdirectory.cupofexcellence.org/listing/07-sintayehu-ethiopia-2024/
route.coe.generic-official-sensory-detail	https://farmdirectory.cupofexcellence.org/listing/08-samuel-ethiopia-2024/	restricted://post20k_extension/raw/coe-detail/bef52f8546cf60434f1602d3.html	2fee80711db9a5ad295bd9a1d2e692d540e6351ac66c0a6ef682c5ac8bc9641b	138380	archive-page=66;detail-index=2;url=https://farmdirectory.cupofexcellence.org/listing/08-samuel-ethiopia-2024/
route.coe.generic-official-sensory-detail	https://farmdirectory.cupofexcellence.org/listing/09-etenesh-ethiopia-2024/	restricted://post20k_extension/raw/coe-detail/8a18cbc5171459e73e173303.html	95cb12b80d58bc98c7fd30aa1d85bb0ebdb2a053daafe951e15598219d85dde2	139032	archive-page=66;detail-index=3;url=https://farmdirectory.cupofexcellence.org/listing/09-etenesh-ethiopia-2024/
route.coe.generic-official-sensory-detail	https://farmdirectory.cupofexcellence.org/listing/10-mustefa-ethiopia-2024/	restricted://post20k_extension/raw/coe-detail/7902bba3b8c8db7f3d1840e4.html	bbf0f15cf24167571a4fca7c2b1e50d83e060624b9b8ee7d8d199c33ed95e11b	134940	archive-page=66;detail-index=4;url=https://farmdirectory.cupofexcellence.org/listing/10-mustefa-ethiopia-2024/
route.coe.generic-official-sensory-detail	https://farmdirectory.cupofexcellence.org/listing/11-senbeto-ethiopia-2024/	restricted://post20k_extension/raw/coe-detail/98868e34a3c4efbff2286889.html	ca1b4da3bdf7c12757ae2ad1d00f19023084b73065114d767119b6b87fda15b7	135521	archive-page=66;detail-index=5;url=https://farmdirectory.cupofexcellence.org/listing/11-senbeto-ethiopia-2024/
route.coe.generic-official-sensory-detail	https://farmdirectory.cupofexcellence.org/listing/12-tesfaye-ethiopia-2024/	restricted://post20k_extension/raw/coe-detail/9e086d88dec559d3c2a23bf2.html	417554c5ddf2a41c2374961b65ac30eb14cd8e81c09ad30c3a5029b1b5ed67db	138938	archive-page=66;detail-index=6;url=https://farmdirectory.cupofexcellence.org/listing/12-tesfaye-ethiopia-2024/
route.coe.generic-official-sensory-detail	https://farmdirectory.cupofexcellence.org/listing/13-ermias-ethiopia-2024/	restricted://post20k_extension/raw/coe-detail/7469c3fec755e0ccc5bef4d0.html	86e4c5d6425b21b0011e31a0d5dd539ac2892d795d8a58a53722f4004391addf	135639	archive-page=66;detail-index=7;url=https://farmdirectory.cupofexcellence.org/listing/13-ermias-ethiopia-2024/
route.coe.generic-official-sensory-detail	https://farmdirectory.cupofexcellence.org/listing/14-azalech-ethiopia-2024/	restricted://post20k_extension/raw/coe-detail/b3199c0debfc87fa0e5f930c.html	6ffde6dccf2b41fd400a05aead9ca84d3acddbd4898dce3e3e9b1a793b329e91	136530	archive-page=66;detail-index=8;url=https://farmdirectory.cupofexcellence.org/listing/14-azalech-ethiopia-2024/
route.coe.generic-official-sensory-detail	https://farmdirectory.cupofexcellence.org/listing/15-belaineh-ethiopia-2024/	restricted://post20k_extension/raw/coe-detail/f609c253bb5c88e01e26ec08.html	d0ca5bb0c8459dcc76b7942965995714a7bbc1dfef5a90b9343b8f70e6f31464	138291	archive-page=66;detail-index=9;url=https://farmdirectory.cupofexcellence.org/listing/15-belaineh-ethiopia-2024/
route.coe.generic-official-sensory-detail	https://farmdirectory.cupofexcellence.org/listing/16-tamru-ethiopia-2024/	restricted://post20k_extension/raw/coe-detail/a15bc1acdd13f01d19e7c772.html	4bdc2fd6110965783ea1f6ceebad21bee1a9e1add566eff3fb4ac7bc2d6943be	135550	archive-page=66;detail-index=10;url=https://farmdirectory.cupofexcellence.org/listing/16-tamru-ethiopia-2024/
route.coe.archive-continuation	https://farmdirectory.cupofexcellence.org/listings/page/67/	restricted://post20k_extension/raw/coe-archive/listings-page-067.html	fb292cf6a7044182b7700ec068644d54d3da3e268fb21e57ea335d3568b8cee0	128937	archive-page=67
route.coe.generic-official-sensory-detail	https://farmdirectory.cupofexcellence.org/listing/01-basha-bekele-butushabasha-ethiopia-2024/	restricted://post20k_extension/raw/coe-detail/7af4a7c86f29acaf428489ce.html	4dc29762eb4235505c281d1e9aa777851141186911a557455214ddd7013c1658	138096	archive-page=67;detail-index=1;url=https://farmdirectory.cupofexcellence.org/listing/01-basha-bekele-butushabasha-ethiopia-2024/
route.coe.generic-official-sensory-detail	https://farmdirectory.cupofexcellence.org/listing/02-mate-ethiopia-2024/	restricted://post20k_extension/raw/coe-detail/1ee359f9b2dbe8dadb9dfb6a.html	d34d7bd5d9e8ff13ef49af273e7ea8ec06c88935e6ad753c2be5cd342fbe0497	138863	archive-page=67;detail-index=2;url=https://farmdirectory.cupofexcellence.org/listing/02-mate-ethiopia-2024/
route.coe.generic-official-sensory-detail	https://farmdirectory.cupofexcellence.org/listing/03-bukto-ethiopia-2024-2/	restricted://post20k_extension/raw/coe-detail/fa7669c06e682a9255851216.html	d15c41603e20c9d0392e4cc9ddfe4d413ca61faf073ea7f1ecbd83156d91e6af	138852	archive-page=67;detail-index=3;url=https://farmdirectory.cupofexcellence.org/listing/03-bukto-ethiopia-2024-2/
route.coe.generic-official-sensory-detail	https://farmdirectory.cupofexcellence.org/listing/04-bekele-ethiopia-2024/	restricted://post20k_extension/raw/coe-detail/bfe834a3b5411bb672c16bb8.html	27ba3cd6a1740188f2af4138d176b9e41fdabbb4315452b597ce0b5083b927ff	137608	archive-page=67;detail-index=4;url=https://farmdirectory.cupofexcellence.org/listing/04-bekele-ethiopia-2024/
route.coe.generic-official-sensory-detail	https://farmdirectory.cupofexcellence.org/listing/05-bekele-ethiopia-2024-2/	restricted://post20k_extension/raw/coe-detail/955721ea86820b5726428f23.html	d124e69e7c9f4afbda5eed02a7f7ba625efe45afe4438fdbd1b0f6328d6bce8f	138032	archive-page=67;detail-index=5;url=https://farmdirectory.cupofexcellence.org/listing/05-bekele-ethiopia-2024-2/
route.coe.generic-official-sensory-detail	https://farmdirectory.cupofexcellence.org/listing/05-mitiku-ethiopia-2024/	restricted://post20k_extension/raw/coe-detail/3b58ccd48c66a74085a3cc9c.html	a827806a92e2b201ed160a720fb8577e64d4f512455048af0c175c5881aa0df0	138576	archive-page=67;detail-index=6;url=https://farmdirectory.cupofexcellence.org/listing/05-mitiku-ethiopia-2024/
route.coe.generic-official-sensory-detail	https://farmdirectory.cupofexcellence.org/listing/nw-come-back-coffee-by-mae-jan-tai-thailand-2024/	restricted://post20k_extension/raw/coe-detail/dc1e44d88db7307f45964146.html	b3a6fb0e7ae809fa0153de179731f36f39fcfd2e5974964647e852ecebb9d66f	136613	archive-page=67;detail-index=7;url=https://farmdirectory.cupofexcellence.org/listing/nw-come-back-coffee-by-mae-jan-tai-thailand-2024/
route.coe.generic-official-sensory-detail	https://farmdirectory.cupofexcellence.org/listing/nw-hua-ha-coffee-thailand-2024/	restricted://post20k_extension/raw/coe-detail/84ef93bb7ee06936f35bb20f.html	6d797895be2523d59f5edc37fa059b8b291edd2ad102ad22bb75aa66fea18bfe	137075	archive-page=67;detail-index=8;url=https://farmdirectory.cupofexcellence.org/listing/nw-hua-ha-coffee-thailand-2024/
route.coe.generic-official-sensory-detail	https://farmdirectory.cupofexcellence.org/listing/nw-phala-akha-coffee-thailand-2024/	restricted://post20k_extension/raw/coe-detail/aad39c2a37fa2580b06bcee5.html	0d78afdb81be9acc0920a17c1b2bb90c41e7fcb5cb98982fcdca9e8fea33579b	136738	archive-page=67;detail-index=9;url=https://farmdirectory.cupofexcellence.org/listing/nw-phala-akha-coffee-thailand-2024/
route.coe.generic-official-sensory-detail	https://farmdirectory.cupofexcellence.org/listing/nw-phupha-estate-thailand-2024/	restricted://post20k_extension/raw/coe-detail/70fd1edf0412a86d30c2593c.html	d64b7cf58380fa8481e40140d574770690353014f72b8026723351ab8e70913d	140022	archive-page=67;detail-index=10;url=https://farmdirectory.cupofexcellence.org/listing/nw-phupha-estate-thailand-2024/
route.coe.archive-continuation	https://farmdirectory.cupofexcellence.org/listings/page/68/	restricted://post20k_extension/raw/coe-archive/listings-page-068.html	efe22cb50111103398b5d86a712dec48f647346b03f48eccdd4355da3c73bb18	129009	archive-page=68
route.coe.generic-official-sensory-detail	https://farmdirectory.cupofexcellence.org/listing/18-priwan-coffee-thailand-2024/	restricted://post20k_extension/raw/coe-detail/bc57b690178aa78a5407dc72.html	2e35482475e3d91304559fadc338b041c75fad35dc2b31dbf513c2aa07fda2f5	136862	archive-page=68;detail-index=1;url=https://farmdirectory.cupofexcellence.org/listing/18-priwan-coffee-thailand-2024/
route.coe.generic-official-sensory-detail	https://farmdirectory.cupofexcellence.org/listing/19-hua-ha-coffee-thailand-2024/	restricted://post20k_extension/raw/coe-detail/609644c01a1bc061105b2a47.html	d1e86de80c7e5308e9df840b9fa0a93f1f9c367808c002b3740644627c894b41	138906	archive-page=68;detail-index=2;url=https://farmdirectory.cupofexcellence.org/listing/19-hua-ha-coffee-thailand-2024/
route.coe.generic-official-sensory-detail	https://farmdirectory.cupofexcellence.org/listing/23-rai-dindee-thailand-2024/	restricted://post20k_extension/raw/coe-detail/2e31129554b4a7f8fc249ea3.html	90ed9486bd96332059190e6ffa7c2565a8877eacd6f6ac1b016653cbf8bfcc35	137992	archive-page=68;detail-index=6;url=https://farmdirectory.cupofexcellence.org/listing/23-rai-dindee-thailand-2024/
route.coe.generic-official-sensory-detail	https://farmdirectory.cupofexcellence.org/listing/24-doitung-thailand-2024/	restricted://post20k_extension/raw/coe-detail/ae638e64ad9d807cb621ae81.html	9481158706b3e1a08c2ed976ce8f1d207a026cc70d6f9511c56709e40c2689c1	142650	archive-page=68;detail-index=7;url=https://farmdirectory.cupofexcellence.org/listing/24-doitung-thailand-2024/
route.coe.generic-official-sensory-detail	https://farmdirectory.cupofexcellence.org/listing/27-naiying-thailand-2024/	restricted://post20k_extension/raw/coe-detail/19dbf7473e7aa10f481079fb.html	da239a7427411bbfe13a785e7afbe43447a5d15e40b51b65297e6d32c43bb5cf	136502	archive-page=68;detail-index=10;url=https://farmdirectory.cupofexcellence.org/listing/27-naiying-thailand-2024/
route.coe.archive-continuation	https://farmdirectory.cupofexcellence.org/listings/page/69/	restricted://post20k_extension/raw/coe-archive/listings-page-069.html	da622bd64de1aaa0376229f0209c27cf719256edf5e3bc067a64b09a537c907c	128908	archive-page=69
route.coe.generic-official-sensory-detail	https://farmdirectory.cupofexcellence.org/listing/10-soyi-thailand-2024/	restricted://post20k_extension/raw/coe-detail/feda12d999513fefc12e915b.html	4cc8dd167af617488fff0bfedc8a135262cb9e0c6d2bde86ae958042ea0e756e	137936	archive-page=69;detail-index=1;url=https://farmdirectory.cupofexcellence.org/listing/10-soyi-thailand-2024/
route.coe.generic-official-sensory-detail	https://farmdirectory.cupofexcellence.org/listing/12-ma-family-coffee-thailand-2024/	restricted://post20k_extension/raw/coe-detail/3c129feca30d6af1607d8a1b.html	e77c0f4a435627df1243796fae934f9fafb7c5c3cb234da17f07ef87c57f7fb0	144331	archive-page=69;detail-index=3;url=https://farmdirectory.cupofexcellence.org/listing/12-ma-family-coffee-thailand-2024/
route.coe.generic-official-sensory-detail	https://farmdirectory.cupofexcellence.org/listing/13-paulo-coffee-pangkhon-thailand-2024/	restricted://post20k_extension/raw/coe-detail/cdef994d9592956d1f03c826.html	482369d4d50fbd718f522366e395ba04530d6d77fd35bf877757b657e59c0536	137026	archive-page=69;detail-index=4;url=https://farmdirectory.cupofexcellence.org/listing/13-paulo-coffee-pangkhon-thailand-2024/
route.coe.generic-official-sensory-detail	https://farmdirectory.cupofexcellence.org/listing/14-akaza-gm-thailand-2024/	restricted://post20k_extension/raw/coe-detail/ee9f6b2048110b447e22b7c8.html	b86cfa3a50e83821af2f6b4c3be3e05296745d4cbb9d7bfd3bbdc1b746676e23	137252	archive-page=69;detail-index=5;url=https://farmdirectory.cupofexcellence.org/listing/14-akaza-gm-thailand-2024/
route.coe.generic-official-sensory-detail	https://farmdirectory.cupofexcellence.org/listing/15-phala-akha-coffee-thailand-2024/	restricted://post20k_extension/raw/coe-detail/6201f17238b787203d4dd6d7.html	a0b3d73f335ab788634495ef495fc03b2f3aea8397ee8fdffa71859f69780e30	138300	archive-page=69;detail-index=6;url=https://farmdirectory.cupofexcellence.org/listing/15-phala-akha-coffee-thailand-2024/
route.coe.generic-official-sensory-detail	https://farmdirectory.cupofexcellence.org/listing/17-huai-wai-thailand-2024/	restricted://post20k_extension/raw/coe-detail/0f62c1ba84cee0215c33d609.html	f3c37d9f1e51d125d0fabb042e7ae276a5d913be82f7fd42668ae14fb6baf2a8	137060	archive-page=69;detail-index=8;url=https://farmdirectory.cupofexcellence.org/listing/17-huai-wai-thailand-2024/
route.coe.generic-official-sensory-detail	https://farmdirectory.cupofexcellence.org/listing/8-priwon-estate-thailand-2024/	restricted://post20k_extension/raw/coe-detail/72369482ed1e1b3af031f1ca.html	55fbc661d3337b75c0f51ea4347c09ae27c4ce00896e206dce0651a81464d103	137150	archive-page=69;detail-index=9;url=https://farmdirectory.cupofexcellence.org/listing/8-priwon-estate-thailand-2024/
route.coe.archive-continuation	https://farmdirectory.cupofexcellence.org/listings/page/70/	restricted://post20k_extension/raw/coe-archive/listings-page-070.html	f26079dee591e0ed8945d23db2d2c85d182df153f0fa81969c66406a329cc0b3	129560	archive-page=70
route.coe.generic-official-sensory-detail	https://farmdirectory.cupofexcellence.org/listing/1-coffee-de-hmong-bio-thailand-2024/	restricted://post20k_extension/raw/coe-detail/39208f471ce0cd996bacec98.html	979b9bbfd74662985bb843d65accbe18d4ee53a761fd143abe1677cc1ddc357c	139430	archive-page=70;detail-index=1;url=https://farmdirectory.cupofexcellence.org/listing/1-coffee-de-hmong-bio-thailand-2024/
route.coe.generic-official-sensory-detail	https://farmdirectory.cupofexcellence.org/listing/2-soft-coffee-thailand-2024/	restricted://post20k_extension/raw/coe-detail/170f347385f6c1d3a80b119b.html	dadfe64db0896ae9b7b575596c15098d950119f619d4d8265774ad02220e1923	138617	archive-page=70;detail-index=2;url=https://farmdirectory.cupofexcellence.org/listing/2-soft-coffee-thailand-2024/
route.coe.generic-official-sensory-detail	https://farmdirectory.cupofexcellence.org/listing/3-live-specialty-thailand-2024/	restricted://post20k_extension/raw/coe-detail/1bce138fc2731ac40f630486.html	b5592dacd8d62998a3104c80883bc70addc8ec9a80500188ab18b793b4c52af0	140186	archive-page=70;detail-index=3;url=https://farmdirectory.cupofexcellence.org/listing/3-live-specialty-thailand-2024/
route.coe.generic-official-sensory-detail	https://farmdirectory.cupofexcellence.org/listing/4-yosniyom-coffee-thailand-2024/	restricted://post20k_extension/raw/coe-detail/a422e6b7b886301d47989b75.html	4eaea2a11cd95ef1d7312372d1b29be7bc8dde8b67d1db7f9bbb22dcb373533b	138301	archive-page=70;detail-index=4;url=https://farmdirectory.cupofexcellence.org/listing/4-yosniyom-coffee-thailand-2024/
route.coe.generic-official-sensory-detail	https://farmdirectory.cupofexcellence.org/listing/5-cherdpong-village-thailand-2024/	restricted://post20k_extension/raw/coe-detail/6c6138e1c1aad7f7e9938362.html	3163286120bebe5bcbe5e46b01650cdc8d52e70dc66080ef93cfa3156da1b183	137573	archive-page=70;detail-index=5;url=https://farmdirectory.cupofexcellence.org/listing/5-cherdpong-village-thailand-2024/
route.coe.generic-official-sensory-detail	https://farmdirectory.cupofexcellence.org/listing/6-chatchai-organic-coffeeing-thailand-2024/	restricted://post20k_extension/raw/coe-detail/4f922994393c3357c7a36466.html	cfe3d2bfaa148aa3949282f2dd4364f8038b7b4f3df8f2104a89b1589d5e082f	141729	archive-page=70;detail-index=6;url=https://farmdirectory.cupofexcellence.org/listing/6-chatchai-organic-coffeeing-thailand-2024/
route.coe.generic-official-sensory-detail	https://farmdirectory.cupofexcellence.org/listing/7-amazing-coffee-by-mae-jan-tai-thailand-2024/	restricted://post20k_extension/raw/coe-detail/d401e34af21586c7240fdb44.html	e5c9f9fdf3014de771542e15d06dd366c12135be9df5e74120ed64ae3b391079	137777	archive-page=70;detail-index=7;url=https://farmdirectory.cupofexcellence.org/listing/7-amazing-coffee-by-mae-jan-tai-thailand-2024/
route.coe.archive-continuation	https://farmdirectory.cupofexcellence.org/listings/page/71/	restricted://post20k_extension/raw/coe-archive/listings-page-071.html	af17049de940e4432ba0829df7cb1ae8dee51b292cd4ecd36369a568e991603e	130981	archive-page=71
route.coe.archive-continuation	https://farmdirectory.cupofexcellence.org/listings/page/72/	restricted://post20k_extension/raw/coe-archive/listings-page-072.html	8540ebabe4225f67704f3060afb59847f6394f2fcfe8b1628d5bc891fa05de47	130763	archive-page=72
route.coe.archive-continuation	https://farmdirectory.cupofexcellence.org/listings/page/73/	restricted://post20k_extension/raw/coe-archive/listings-page-073.html	17b5bcd656372948aa54407d2255b90197cf1a0720ecf7a9c04bdb1540f2d96a	130392	archive-page=73
route.coe.generic-official-sensory-detail	https://farmdirectory.cupofexcellence.org/listing/16-finca-voo-costa-rica-2024-dry/	restricted://post20k_extension/raw/coe-detail/7cb9eaae2155705a6ec0acbc.html	52973211cdb03321fc9e7aaa52a4aae64225c85ca866249b5cda93398163114e	141392	archive-page=73;detail-index=2;url=https://farmdirectory.cupofexcellence.org/listing/16-finca-voo-costa-rica-2024-dry/
route.coe.archive-continuation	https://farmdirectory.cupofexcellence.org/listings/page/74/	restricted://post20k_extension/raw/coe-archive/listings-page-074.html	adca988fb6b35d462b4bccae36f64688e9d27b7e0a7c4ce8ac97214ae0734706	130717	archive-page=74
route.coe.generic-official-sensory-detail	https://farmdirectory.cupofexcellence.org/listing/11-el-cedro-hacienda-san-isidro-labrador-costa-rica-2024-dry/	restricted://post20k_extension/raw/coe-detail/c89624dd364aa3bbe4569d5f.html	c6679c17c8ab5d0609633559f3915f9b155a256d279378538e91d9df24b09730	142803	archive-page=74;detail-index=2;url=https://farmdirectory.cupofexcellence.org/listing/11-el-cedro-hacienda-san-isidro-labrador-costa-rica-2024-dry/
route.coe.generic-official-sensory-detail	https://farmdirectory.cupofexcellence.org/listing/12-pie-san-costa-rica-2024-dry/	restricted://post20k_extension/raw/coe-detail/e2ee0db3e6b141db24f16a6b.html	eb099002f4f32c86b2cee670e30b91bb73ccba436066698f922b337a935845e0	141484	archive-page=74;detail-index=3;url=https://farmdirectory.cupofexcellence.org/listing/12-pie-san-costa-rica-2024-dry/
route.coe.generic-official-sensory-detail	https://farmdirectory.cupofexcellence.org/listing/14-las-nubes-costa-rica-2024-dry/	restricted://post20k_extension/raw/coe-detail/e2721fb10f9538e3e2699b14.html	aa9e183a532ecfadfa4a7cce6bfbdd5ebcc52a1d8fadc74b44f58fe7b4a7e157	144936	archive-page=74;detail-index=5;url=https://farmdirectory.cupofexcellence.org/listing/14-las-nubes-costa-rica-2024-dry/
route.coe.generic-official-sensory-detail	https://farmdirectory.cupofexcellence.org/listing/15-don-mayo-la-loma-costa-rica-2024-dry/	restricted://post20k_extension/raw/coe-detail/0cedbd1d3464a980d82a8529.html	d68ac41d646af0ed41830afd5279a349bf86e119e94ab8cb09737ebf4e9f205d	140707	archive-page=74;detail-index=6;url=https://farmdirectory.cupofexcellence.org/listing/15-don-mayo-la-loma-costa-rica-2024-dry/
route.coe.generic-official-sensory-detail	https://farmdirectory.cupofexcellence.org/listing/6-don-eli-costa-rica-2024-dry/	restricted://post20k_extension/raw/coe-detail/fd22195865f9198a3e42b7c3.html	1bc16a8597480ae1a85cb03f4730317f78984c5a88c45c5fbf7ea1ec5cd8a8bd	150001	archive-page=74;detail-index=7;url=https://farmdirectory.cupofexcellence.org/listing/6-don-eli-costa-rica-2024-dry/
route.coe.generic-official-sensory-detail	https://farmdirectory.cupofexcellence.org/listing/7-don-mayo-tucanes-costa-rica-2024-dry/	restricted://post20k_extension/raw/coe-detail/79455ddda43b6c3d8fd68ad3.html	9eb0e24ddee0716153271f7466ae0884c78dc2e30c42415979d8e5235ac20bc3	140848	archive-page=74;detail-index=8;url=https://farmdirectory.cupofexcellence.org/listing/7-don-mayo-tucanes-costa-rica-2024-dry/
route.coe.generic-official-sensory-detail	https://farmdirectory.cupofexcellence.org/listing/8-quebrada-grande-costa-rica-2024-dry/	restricted://post20k_extension/raw/coe-detail/2ace7e09dd75550f9f3411cd.html	57cde647c1802833b883ea7795f26315b8bee58295f74b915583f3ed86504abd	139805	archive-page=74;detail-index=9;url=https://farmdirectory.cupofexcellence.org/listing/8-quebrada-grande-costa-rica-2024-dry/
route.coe.generic-official-sensory-detail	https://farmdirectory.cupofexcellence.org/listing/9-la-bandera-costa-rica-2024-dry/	restricted://post20k_extension/raw/coe-detail/6361268045c69e951af5a1f8.html	f42fe8129d92848c26d6333d2bcebc57ab74bf5f619178c0dd05c73656f44964	144945	archive-page=74;detail-index=10;url=https://farmdirectory.cupofexcellence.org/listing/9-la-bandera-costa-rica-2024-dry/
route.coe.archive-continuation	https://farmdirectory.cupofexcellence.org/listings/page/75/	restricted://post20k_extension/raw/coe-archive/listings-page-075.html	7154a9988adae46a8e8174f32a3d812992c4a63dadfb44f9db4c17f6d51b0e30	130985	archive-page=75
route.coe.generic-official-sensory-detail	https://farmdirectory.cupofexcellence.org/listing/1-don-cayito-costa-rica-2024-dry/	restricted://post20k_extension/raw/coe-detail/3c33bb3a3bc40e48a75b946f.html	dadf0ae04c8fe03e333e43176d795d1a554601e12b139c294a44a6b7723aa5d4	142889	archive-page=75;detail-index=1;url=https://farmdirectory.cupofexcellence.org/listing/1-don-cayito-costa-rica-2024-dry/
