descriptor_assertion_id	effective_record_id	source_artifact_id	source_route_id	schema_signature_id	publication_layer	source_field_label	source_field_label_sha256	source_selector_or_locator	source_page_or_record_locator	raw_field_text	raw_field_text_sha256	atomic_source_text	atomic_source_text_sha256	source_language	descriptor_class	source_native_lexical_form	source_native_lexical_form_sha256	normalized_candidate_form	normalized_candidate_form_sha256	evidence_tier	evidence_origin_type	origin_decision_basis	origin_evidence_locator	review_state	review_actor_type	review_receipt_id	rights_decision_id	within_record_repeat_group	cross_observation_repeat_group	mirror_group	created_at	source_retrieved_at	source_file_sha256	route_index_sha256	source_file_sha256_scope	source_file_nonstorage_reason	parser_version	adapter_version	source_text_storage_state	source_text_non_storage_reason	counts_as_reviewed_descriptor	model_eligible
assertion:0472ba5175c33538e28a1dbd	effective:e034410f41d662fd4a1c08f6	capture:717b9e1a3ef6400f:coe-colombia-south-2008-el-vergel-86-73	route.coe.colombia-south-2008.frequency-coded	schema.coe.colombia-south-2008.frequency-coded.v1	GENERIC_ORGANIZER_SENSORY_FIELD	Aroma/Flavor	bad6de9899c7f38162119c05d6f7b40fffd698626f8bc6114670b56219bc2d34	restricted:coe_colombia_south_2008_frequency.json#/records/1/fields/Aroma/Flavor	https://allianceforcoffeeexcellence.org/farm-directory/86-73/		8135b1e52d0f49f8e1174f797cb31bfb639577c1312325f678f4c7dc5ee13ec4		6d1c5859550824d403d8c31af9ac673b7ba206e6f87e61e096a017299f74d63f	en	STRICT_FLAVOR		6d1c5859550824d403d8c31af9ac673b7ba206e6f87e61e096a017299f74d63f			UNRESOLVED	FREQUENCY_CODED_P1_CANDIDATE_ORIGIN_UNRESOLVED	FREQUENCY_SEMANTICS_DO_NOT_IDENTIFY_JUDGE_JURY_OR_PANEL_RESPONSES	restricted:coe_colombia_south_2008_frequency.json#/records/1/fields/Aroma/Flavor	PROVISIONAL_MACHINE_CLASSIFIED	AUTOMATED_PARSER	decision-ecc6fda50d774fb615025d6c	rights-set-5ea1583203f540f1ca46f104				2026-08-28T04:30:00Z	2026-08-28T04:30:00Z	717b9e1a3ef6400fa334ddbaf80cb592125ddbdecaf67b0d6271f94bf7878033	f508ebc481c39b4755250f1422148accae73dc57099ecb164e666e07a12b9bc1	WEB_INDEX_FIELD_CAPTURE_SHA256:717b9e1a3ef6400fa334ddbaf80cb592125ddbdecaf67b0d6271f94bf7878033;NOT_FULL_PAGE_BODY	OFFICIAL_FULL_PAGE_BODY_NOT_STORED_ENVIRONMENT_POLICY	round3m.field-parser.v1	round3m.live-adapters.v1	HASH_ONLY	OFFICIAL_FULL_PAGE_BODY_NOT_STORED_ENVIRONMENT_POLICY	false	false
assertion:0489156557eca2876659f477	effective:e034410f41d662fd4a1c08f6	capture:717b9e1a3ef6400f:coe-colombia-south-2008-el-vergel-86-73	route.coe.colombia-south-2008.frequency-coded	schema.coe.colombia-south-2008.frequency-coded.v1	GENERIC_ORGANIZER_SENSORY_FIELD	Aroma/Flavor	bad6de9899c7f38162119c05d6f7b40fffd698626f8bc6114670b56219bc2d34	restricted:coe_colombia_south_2008_frequency.json#/records/1/fields/Aroma/Flavor	https://allianceforcoffeeexcellence.org/farm-directory/86-73/		8135b1e52d0f49f8e1174f797cb31bfb639577c1312325f678f4c7dc5ee13ec4		a55e2e3846a51f6ad0abfdfbdea2ba0e5e0c76b5ccfa8a920895fedeae89a8b6	en	STRICT_FLAVOR		a55e2e3846a51f6ad0abfdfbdea2ba0e5e0c76b5ccfa8a920895fedeae89a8b6			UNRESOLVED	FREQUENCY_CODED_P1_CANDIDATE_ORIGIN_UNRESOLVED	FREQUENCY_SEMANTICS_DO_NOT_IDENTIFY_JUDGE_JURY_OR_PANEL_RESPONSES	restricted:coe_colombia_south_2008_frequency.json#/records/1/fields/Aroma/Flavor	PROVISIONAL_MACHINE_CLASSIFIED	AUTOMATED_PARSER	decision-6b8846c1d00f38219a66b98b	rights-set-314fd737c40a55c961613306				2026-08-28T04:30:00Z	2026-08-28T04:30:00Z	717b9e1a3ef6400fa334ddbaf80cb592125ddbdecaf67b0d6271f94bf7878033	f508ebc481c39b4755250f1422148accae73dc57099ecb164e666e07a12b9bc1	WEB_INDEX_FIELD_CAPTURE_SHA256:717b9e1a3ef6400fa334ddbaf80cb592125ddbdecaf67b0d6271f94bf7878033;NOT_FULL_PAGE_BODY	OFFICIAL_FULL_PAGE_BODY_NOT_STORED_ENVIRONMENT_POLICY	round3m.field-parser.v1	round3m.live-adapters.v1	HASH_ONLY	OFFICIAL_FULL_PAGE_BODY_NOT_STORED_ENVIRONMENT_POLICY	false	false
assertion:0cc87fdbeecc9e4df49411a0	effective:e034410f41d662fd4a1c08f6	capture:717b9e1a3ef6400f:coe-colombia-south-2008-el-vergel-86-73	route.coe.colombia-south-2008.frequency-coded	schema.coe.colombia-south-2008.frequency-coded.v1	GENERIC_ORGANIZER_SENSORY_FIELD	Aroma/Flavor	bad6de9899c7f38162119c05d6f7b40fffd698626f8bc6114670b56219bc2d34	restricted:coe_colombia_south_2008_frequency.json#/records/1/fields/Aroma/Flavor	https://allianceforcoffeeexcellence.org/farm-directory/86-73/		8135b1e52d0f49f8e1174f797cb31bfb639577c1312325f678f4c7dc5ee13ec4		00d2064db061fbc29e714b94dd81e903c98af4b411b58cd303e0ecd2753791a9	en	STRICT_FLAVOR		00d2064db061fbc29e714b94dd81e903c98af4b411b58cd303e0ecd2753791a9			UNRESOLVED	FREQUENCY_CODED_P1_CANDIDATE_ORIGIN_UNRESOLVED	FREQUENCY_SEMANTICS_DO_NOT_IDENTIFY_JUDGE_JURY_OR_PANEL_RESPONSES	restricted:coe_colombia_south_2008_frequency.json#/records/1/fields/Aroma/Flavor	PROVISIONAL_MACHINE_CLASSIFIED	AUTOMATED_PARSER	decision-108c8259ad91e66be2b1c8ad	rights-set-270018e5560927fd78c5512e				2026-08-28T04:30:00Z	2026-08-28T04:30:00Z	717b9e1a3ef6400fa334ddbaf80cb592125ddbdecaf67b0d6271f94bf7878033	f508ebc481c39b4755250f1422148accae73dc57099ecb164e666e07a12b9bc1	WEB_INDEX_FIELD_CAPTURE_SHA256:717b9e1a3ef6400fa334ddbaf80cb592125ddbdecaf67b0d6271f94bf7878033;NOT_FULL_PAGE_BODY	OFFICIAL_FULL_PAGE_BODY_NOT_STORED_ENVIRONMENT_POLICY	round3m.field-parser.v1	round3m.live-adapters.v1	HASH_ONLY	OFFICIAL_FULL_PAGE_BODY_NOT_STORED_ENVIRONMENT_POLICY	false	false
assertion:0d5cfb0c54971ccdee5a19a3	effective:aa8257ea7c527ff93620b889	capture:2ecb916106615174:coe-honduras-2017-el-roblar	route.coe.honduras-2017.explicit-top-jury	schema.coe.honduras-2017.explicit-top-jury.v1	PRIMARY_JURY_DESCRIPTION	Top Jury Descriptions	b170ca39053bb87d7c03416881c4130fbe064ec03957dff115b7c3df364219d6	restricted:coe_honduras_2017_top_jury.json#/records/3/fields/Top Jury Descriptions	https://allianceforcoffeeexcellence.org/farm-directory/88-00-5/		7eadc583046ae80f06521c7dc4467c125933cd133a2b3f92b4a0a56a8896ea79		3b772b1437fa77cb8c61f09b49b1306ce14513547c2db97e7e37710399b2c771	en	STRICT_FLAVOR		3b772b1437fa77cb8c61f09b49b1306ce14513547c2db97e7e37710399b2c771			P2	ORGANIZER_PUBLISHED_EXPLICIT_JURY_DESCRIPTION	EXPLICIT_TOP_JURY_LABEL_PAIRED_WITH_INTERNATIONAL_JUDGE_SCORE	restricted:coe_honduras_2017_top_jury.json#/records/3/fields/Top Jury Descriptions	PROVISIONAL_MACHINE_CLASSIFIED	AUTOMATED_PARSER	decision-b6f951726899b7cd410cc659	rights-set-639c235ad2282f7b1e09d49c				2026-08-28T04:30:00Z	2026-08-28T04:30:00Z	2ecb916106615174a12a05a01589ef2799d168765880a5b83e5416540f562053	453acfc3577f71686783139f9a6dad190ea8edcb188a778e2c8419166593cf95	WEB_INDEX_FIELD_CAPTURE_SHA256:2ecb916106615174a12a05a01589ef2799d168765880a5b83e5416540f562053;NOT_FULL_PAGE_BODY	OFFICIAL_FULL_PAGE_BODY_NOT_STORED_ENVIRONMENT_POLICY	round3m.field-parser.v1	round3m.live-adapters.v1	HASH_ONLY	OFFICIAL_FULL_PAGE_BODY_NOT_STORED_ENVIRONMENT_POLICY	false	false
assertion:0ea3a17ce9ad2ef673d3b7ce	effective:e034410f41d662fd4a1c08f6	capture:717b9e1a3ef6400f:coe-colombia-south-2008-el-vergel-86-73	route.coe.colombia-south-2008.frequency-coded	schema.coe.colombia-south-2008.frequency-coded.v1	GENERIC_ORGANIZER_SENSORY_FIELD	Aroma/Flavor	bad6de9899c7f38162119c05d6f7b40fffd698626f8bc6114670b56219bc2d34	restricted:coe_colombia_south_2008_frequency.json#/records/1/fields/Aroma/Flavor	https://allianceforcoffeeexcellence.org/farm-directory/86-73/		8135b1e52d0f49f8e1174f797cb31bfb639577c1312325f678f4c7dc5ee13ec4		fb8f4afb1a1f8691132e563c429021459ad42876a9fae42dcadaa7fb28d7a935	en	STRICT_FLAVOR		fb8f4afb1a1f8691132e563c429021459ad42876a9fae42dcadaa7fb28d7a935			UNRESOLVED	FREQUENCY_CODED_P1_CANDIDATE_ORIGIN_UNRESOLVED	FREQUENCY_SEMANTICS_DO_NOT_IDENTIFY_JUDGE_JURY_OR_PANEL_RESPONSES	restricted:coe_colombia_south_2008_frequency.json#/records/1/fields/Aroma/Flavor	PROVISIONAL_MACHINE_CLASSIFIED	AUTOMATED_PARSER	decision-1e59fe124f6ecd58264fe50c	rights-set-8f84b1b5f014090684e2f367				2026-08-28T04:30:00Z	2026-08-28T04:30:00Z	717b9e1a3ef6400fa334ddbaf80cb592125ddbdecaf67b0d6271f94bf7878033	f508ebc481c39b4755250f1422148accae73dc57099ecb164e666e07a12b9bc1	WEB_INDEX_FIELD_CAPTURE_SHA256:717b9e1a3ef6400fa334ddbaf80cb592125ddbdecaf67b0d6271f94bf7878033;NOT_FULL_PAGE_BODY	OFFICIAL_FULL_PAGE_BODY_NOT_STORED_ENVIRONMENT_POLICY	round3m.field-parser.v1	round3m.live-adapters.v1	HASH_ONLY	OFFICIAL_FULL_PAGE_BODY_NOT_STORED_ENVIRONMENT_POLICY	false	false
assertion:0eace76bead74cbcf08aa842	effective:6e0f618d2337d1668cd026ec	capture:717b9e1a3ef6400f:coe-colombia-south-2008-la-esperanza-87-18	route.coe.colombia-south-2008.frequency-coded	schema.coe.colombia-south-2008.frequency-coded.v1	GENERIC_ORGANIZER_SENSORY_FIELD	Aroma/Flavor	bad6de9899c7f38162119c05d6f7b40fffd698626f8bc6114670b56219bc2d34	restricted:coe_colombia_south_2008_frequency.json#/records/0/fields/Aroma/Flavor	https://allianceforcoffeeexcellence.org/farm-directory/87-18-2/		3a8d6e2f7d4a94aa3ed3b59bb42eba92f2d90d3f0e4f5c7b29f6446955830657		83a1cbb2b2d02d342042c0042aac671146b9941c09820f430afa4a338ce8ebfe	en	STRICT_FLAVOR		83a1cbb2b2d02d342042c0042aac671146b9941c09820f430afa4a338ce8ebfe			UNRESOLVED	FREQUENCY_CODED_P1_CANDIDATE_ORIGIN_UNRESOLVED	FREQUENCY_SEMANTICS_DO_NOT_IDENTIFY_JUDGE_JURY_OR_PANEL_RESPONSES	restricted:coe_colombia_south_2008_frequency.json#/records/0/fields/Aroma/Flavor	PROVISIONAL_MACHINE_CLASSIFIED	AUTOMATED_PARSER	decision-ec6bb07f6aac161fe23d6f96	rights-set-dfc407c147a7b8991a9c6a0f				2026-08-28T04:30:00Z	2026-08-28T04:30:00Z	717b9e1a3ef6400fa334ddbaf80cb592125ddbdecaf67b0d6271f94bf7878033	f508ebc481c39b4755250f1422148accae73dc57099ecb164e666e07a12b9bc1	WEB_INDEX_FIELD_CAPTURE_SHA256:717b9e1a3ef6400fa334ddbaf80cb592125ddbdecaf67b0d6271f94bf7878033;NOT_FULL_PAGE_BODY	OFFICIAL_FULL_PAGE_BODY_NOT_STORED_ENVIRONMENT_POLICY	round3m.field-parser.v1	round3m.live-adapters.v1	HASH_ONLY	OFFICIAL_FULL_PAGE_BODY_NOT_STORED_ENVIRONMENT_POLICY	false	false
assertion:11d0b5b27d35123d4e7ae125	effective:aa8257ea7c527ff93620b889	capture:2ecb916106615174:coe-honduras-2017-el-roblar	route.coe.honduras-2017.explicit-top-jury	schema.coe.honduras-2017.explicit-top-jury.v1	PRIMARY_JURY_DESCRIPTION	Top Jury Descriptions	b170ca39053bb87d7c03416881c4130fbe064ec03957dff115b7c3df364219d6	restricted:coe_honduras_2017_top_jury.json#/records/3/fields/Top Jury Descriptions	https://allianceforcoffeeexcellence.org/farm-directory/88-00-5/		7eadc583046ae80f06521c7dc4467c125933cd133a2b3f92b4a0a56a8896ea79		ad3f9efe33cff844d1fa4c29855f8aa4c8230f1a112bb14d06f3a8bff9e4801a	en	STRICT_FLAVOR		ad3f9efe33cff844d1fa4c29855f8aa4c8230f1a112bb14d06f3a8bff9e4801a			P2	ORGANIZER_PUBLISHED_EXPLICIT_JURY_DESCRIPTION	EXPLICIT_TOP_JURY_LABEL_PAIRED_WITH_INTERNATIONAL_JUDGE_SCORE	restricted:coe_honduras_2017_top_jury.json#/records/3/fields/Top Jury Descriptions	PROVISIONAL_MACHINE_CLASSIFIED	AUTOMATED_PARSER	decision-3f7ff0f4b518c659aed415b9	rights-set-bf64c12b958bd5a9c513c8d4				2026-08-28T04:30:00Z	2026-08-28T04:30:00Z	2ecb916106615174a12a05a01589ef2799d168765880a5b83e5416540f562053	453acfc3577f71686783139f9a6dad190ea8edcb188a778e2c8419166593cf95	WEB_INDEX_FIELD_CAPTURE_SHA256:2ecb916106615174a12a05a01589ef2799d168765880a5b83e5416540f562053;NOT_FULL_PAGE_BODY	OFFICIAL_FULL_PAGE_BODY_NOT_STORED_ENVIRONMENT_POLICY	round3m.field-parser.v1	round3m.live-adapters.v1	HASH_ONLY	OFFICIAL_FULL_PAGE_BODY_NOT_STORED_ENVIRONMENT_POLICY	false	false
assertion:153ef57b03f40fa8e15505dd	effective:aa8257ea7c527ff93620b889	capture:2ecb916106615174:coe-honduras-2017-el-roblar	route.coe.honduras-2017.explicit-top-jury	schema.coe.honduras-2017.explicit-top-jury.v1	PRIMARY_JURY_DESCRIPTION	Top Jury Descriptions	b170ca39053bb87d7c03416881c4130fbe064ec03957dff115b7c3df364219d6	restricted:coe_honduras_2017_top_jury.json#/records/3/fields/Top Jury Descriptions	https://allianceforcoffeeexcellence.org/farm-directory/88-00-5/		7eadc583046ae80f06521c7dc4467c125933cd133a2b3f92b4a0a56a8896ea79		1b4c9133da73a711322404314402765ab0d23fd362a167d6f0c65bb215113d94	en	STRICT_FLAVOR		1b4c9133da73a711322404314402765ab0d23fd362a167d6f0c65bb215113d94			P2	ORGANIZER_PUBLISHED_EXPLICIT_JURY_DESCRIPTION	EXPLICIT_TOP_JURY_LABEL_PAIRED_WITH_INTERNATIONAL_JUDGE_SCORE	restricted:coe_honduras_2017_top_jury.json#/records/3/fields/Top Jury Descriptions	PROVISIONAL_MACHINE_CLASSIFIED	AUTOMATED_PARSER	decision-4eb19c6edf5845df87b2df11	rights-set-52480db90f9d9e94d3b5b185				2026-08-28T04:30:00Z	2026-08-28T04:30:00Z	2ecb916106615174a12a05a01589ef2799d168765880a5b83e5416540f562053	453acfc3577f71686783139f9a6dad190ea8edcb188a778e2c8419166593cf95	WEB_INDEX_FIELD_CAPTURE_SHA256:2ecb916106615174a12a05a01589ef2799d168765880a5b83e5416540f562053;NOT_FULL_PAGE_BODY	OFFICIAL_FULL_PAGE_BODY_NOT_STORED_ENVIRONMENT_POLICY	round3m.field-parser.v1	round3m.live-adapters.v1	HASH_ONLY	OFFICIAL_FULL_PAGE_BODY_NOT_STORED_ENVIRONMENT_POLICY	false	false
assertion:16269ec0f0e220c35d0b8427	effective:417f9b9adcf3826aa8f3ac12	capture:2ecb916106615174:coe-honduras-2017-el-cedro	route.coe.honduras-2017.explicit-top-jury	schema.coe.honduras-2017.explicit-top-jury.v1	PRIMARY_JURY_DESCRIPTION	Top Jury Descriptions	b170ca39053bb87d7c03416881c4130fbe064ec03957dff115b7c3df364219d6	restricted:coe_honduras_2017_top_jury.json#/records/2/fields/Top Jury Descriptions	https://allianceforcoffeeexcellence.org/farm-directory/88-62-5/		b237a10caf5b846b28ae9e233b69a78264f9f7adc19901074c32f12e3ff8a18b		1f8729702f855687524eb7a526cb22feffa2b02500e077b7d9f9e18583a588cf	en	BROAD_SENSORY		1f8729702f855687524eb7a526cb22feffa2b02500e077b7d9f9e18583a588cf			P2	ORGANIZER_PUBLISHED_EXPLICIT_JURY_DESCRIPTION	EXPLICIT_TOP_JURY_LABEL_PAIRED_WITH_INTERNATIONAL_JUDGE_SCORE	restricted:coe_honduras_2017_top_jury.json#/records/2/fields/Top Jury Descriptions	PROVISIONAL_MACHINE_CLASSIFIED	AUTOMATED_PARSER	decision-276be95f13a780f03e39f28c	rights-set-37310cf2e100a438c53489f0				2026-08-28T04:30:00Z	2026-08-28T04:30:00Z	2ecb916106615174a12a05a01589ef2799d168765880a5b83e5416540f562053	453acfc3577f71686783139f9a6dad190ea8edcb188a778e2c8419166593cf95	WEB_INDEX_FIELD_CAPTURE_SHA256:2ecb916106615174a12a05a01589ef2799d168765880a5b83e5416540f562053;NOT_FULL_PAGE_BODY	OFFICIAL_FULL_PAGE_BODY_NOT_STORED_ENVIRONMENT_POLICY	round3m.field-parser.v1	round3m.live-adapters.v1	HASH_ONLY	OFFICIAL_FULL_PAGE_BODY_NOT_STORED_ENVIRONMENT_POLICY	false	false
assertion:16cae467efce764ba533032e	effective:417f9b9adcf3826aa8f3ac12	capture:2ecb916106615174:coe-honduras-2017-el-cedro	route.coe.honduras-2017.explicit-top-jury	schema.coe.honduras-2017.explicit-top-jury.v1	PRIMARY_JURY_DESCRIPTION	Top Jury Descriptions	b170ca39053bb87d7c03416881c4130fbe064ec03957dff115b7c3df364219d6	restricted:coe_honduras_2017_top_jury.json#/records/2/fields/Top Jury Descriptions	https://allianceforcoffeeexcellence.org/farm-directory/88-62-5/		b237a10caf5b846b28ae9e233b69a78264f9f7adc19901074c32f12e3ff8a18b		a40010d6046616915d64e2b0c761a63858860ef38d35a3a19193d6e42ed14d1a	en	STRICT_FLAVOR		a40010d6046616915d64e2b0c761a63858860ef38d35a3a19193d6e42ed14d1a			P2	ORGANIZER_PUBLISHED_EXPLICIT_JURY_DESCRIPTION	EXPLICIT_TOP_JURY_LABEL_PAIRED_WITH_INTERNATIONAL_JUDGE_SCORE	restricted:coe_honduras_2017_top_jury.json#/records/2/fields/Top Jury Descriptions	PROVISIONAL_MACHINE_CLASSIFIED	AUTOMATED_PARSER	decision-83aa312047f2bb87b6ad5b52	rights-set-43b6ba487faef5f56d0dd64f				2026-08-28T04:30:00Z	2026-08-28T04:30:00Z	2ecb916106615174a12a05a01589ef2799d168765880a5b83e5416540f562053	453acfc3577f71686783139f9a6dad190ea8edcb188a778e2c8419166593cf95	WEB_INDEX_FIELD_CAPTURE_SHA256:2ecb916106615174a12a05a01589ef2799d168765880a5b83e5416540f562053;NOT_FULL_PAGE_BODY	OFFICIAL_FULL_PAGE_BODY_NOT_STORED_ENVIRONMENT_POLICY	round3m.field-parser.v1	round3m.live-adapters.v1	HASH_ONLY	OFFICIAL_FULL_PAGE_BODY_NOT_STORED_ENVIRONMENT_POLICY	false	false
assertion:1700fecd88bd47b5fc2f9737	effective:417f9b9adcf3826aa8f3ac12	capture:2ecb916106615174:coe-honduras-2017-el-cedro	route.coe.honduras-2017.explicit-top-jury	schema.coe.honduras-2017.explicit-top-jury.v1	PRIMARY_JURY_DESCRIPTION	Top Jury Descriptions	b170ca39053bb87d7c03416881c4130fbe064ec03957dff115b7c3df364219d6	restricted:coe_honduras_2017_top_jury.json#/records/2/fields/Top Jury Descriptions	https://allianceforcoffeeexcellence.org/farm-directory/88-62-5/		b237a10caf5b846b28ae9e233b69a78264f9f7adc19901074c32f12e3ff8a18b		c960ab959ced4bf733e88e25c89e10a30574d8cd86ba74b2a351d45f7de12a84	en	STRICT_FLAVOR		c960ab959ced4bf733e88e25c89e10a30574d8cd86ba74b2a351d45f7de12a84			P2	ORGANIZER_PUBLISHED_EXPLICIT_JURY_DESCRIPTION	EXPLICIT_TOP_JURY_LABEL_PAIRED_WITH_INTERNATIONAL_JUDGE_SCORE	restricted:coe_honduras_2017_top_jury.json#/records/2/fields/Top Jury Descriptions	PROVISIONAL_MACHINE_CLASSIFIED	AUTOMATED_PARSER	decision-c63246506f2f636fc7ed99f0	rights-set-73b32fc296c76b9e09867295				2026-08-28T04:30:00Z	2026-08-28T04:30:00Z	2ecb916106615174a12a05a01589ef2799d168765880a5b83e5416540f562053	453acfc3577f71686783139f9a6dad190ea8edcb188a778e2c8419166593cf95	WEB_INDEX_FIELD_CAPTURE_SHA256:2ecb916106615174a12a05a01589ef2799d168765880a5b83e5416540f562053;NOT_FULL_PAGE_BODY	OFFICIAL_FULL_PAGE_BODY_NOT_STORED_ENVIRONMENT_POLICY	round3m.field-parser.v1	round3m.live-adapters.v1	HASH_ONLY	OFFICIAL_FULL_PAGE_BODY_NOT_STORED_ENVIRONMENT_POLICY	false	false
assertion:17ef71a3858d31053220cae1	effective:e034410f41d662fd4a1c08f6	capture:717b9e1a3ef6400f:coe-colombia-south-2008-el-vergel-86-73	route.coe.colombia-south-2008.frequency-coded	schema.coe.colombia-south-2008.frequency-coded.v1	GENERIC_ORGANIZER_SENSORY_FIELD	Aroma/Flavor	bad6de9899c7f38162119c05d6f7b40fffd698626f8bc6114670b56219bc2d34	restricted:coe_colombia_south_2008_frequency.json#/records/1/fields/Aroma/Flavor	https://allianceforcoffeeexcellence.org/farm-directory/86-73/		8135b1e52d0f49f8e1174f797cb31bfb639577c1312325f678f4c7dc5ee13ec4		5ed728c2fa5d767bc6c1ec6a732db1e37c343be46913e6498d340f7782691f14	en	STRICT_FLAVOR		5ed728c2fa5d767bc6c1ec6a732db1e37c343be46913e6498d340f7782691f14			UNRESOLVED	FREQUENCY_CODED_P1_CANDIDATE_ORIGIN_UNRESOLVED	FREQUENCY_SEMANTICS_DO_NOT_IDENTIFY_JUDGE_JURY_OR_PANEL_RESPONSES	restricted:coe_colombia_south_2008_frequency.json#/records/1/fields/Aroma/Flavor	PROVISIONAL_MACHINE_CLASSIFIED	AUTOMATED_PARSER	decision-9271c3b5405d002794aa96ec	rights-set-6123020049582b4db73f58cd				2026-08-28T04:30:00Z	2026-08-28T04:30:00Z	717b9e1a3ef6400fa334ddbaf80cb592125ddbdecaf67b0d6271f94bf7878033	f508ebc481c39b4755250f1422148accae73dc57099ecb164e666e07a12b9bc1	WEB_INDEX_FIELD_CAPTURE_SHA256:717b9e1a3ef6400fa334ddbaf80cb592125ddbdecaf67b0d6271f94bf7878033;NOT_FULL_PAGE_BODY	OFFICIAL_FULL_PAGE_BODY_NOT_STORED_ENVIRONMENT_POLICY	round3m.field-parser.v1	round3m.live-adapters.v1	HASH_ONLY	OFFICIAL_FULL_PAGE_BODY_NOT_STORED_ENVIRONMENT_POLICY	false	false
assertion:1ad87606c27d7456982f654c	effective:e034410f41d662fd4a1c08f6	capture:717b9e1a3ef6400f:coe-colombia-south-2008-el-vergel-86-73	route.coe.colombia-south-2008.frequency-coded	schema.coe.colombia-south-2008.frequency-coded.v1	GENERIC_ORGANIZER_SENSORY_FIELD	Aroma/Flavor	bad6de9899c7f38162119c05d6f7b40fffd698626f8bc6114670b56219bc2d34	restricted:coe_colombia_south_2008_frequency.json#/records/1/fields/Aroma/Flavor	https://allianceforcoffeeexcellence.org/farm-directory/86-73/		8135b1e52d0f49f8e1174f797cb31bfb639577c1312325f678f4c7dc5ee13ec4		f5f445528f4a0134354c891fbd95fd0734d25cb2c9206c4684545ae49b14d29b	en	BROAD_SENSORY		f5f445528f4a0134354c891fbd95fd0734d25cb2c9206c4684545ae49b14d29b			UNRESOLVED	FREQUENCY_CODED_P1_CANDIDATE_ORIGIN_UNRESOLVED	FREQUENCY_SEMANTICS_DO_NOT_IDENTIFY_JUDGE_JURY_OR_PANEL_RESPONSES	restricted:coe_colombia_south_2008_frequency.json#/records/1/fields/Aroma/Flavor	PROVISIONAL_MACHINE_CLASSIFIED	AUTOMATED_PARSER	decision-0512f3fa1c0818b304042ff0	rights-set-07e0a3176e3d5f59855c8f4e				2026-08-28T04:30:00Z	2026-08-28T04:30:00Z	717b9e1a3ef6400fa334ddbaf80cb592125ddbdecaf67b0d6271f94bf7878033	f508ebc481c39b4755250f1422148accae73dc57099ecb164e666e07a12b9bc1	WEB_INDEX_FIELD_CAPTURE_SHA256:717b9e1a3ef6400fa334ddbaf80cb592125ddbdecaf67b0d6271f94bf7878033;NOT_FULL_PAGE_BODY	OFFICIAL_FULL_PAGE_BODY_NOT_STORED_ENVIRONMENT_POLICY	round3m.field-parser.v1	round3m.live-adapters.v1	HASH_ONLY	OFFICIAL_FULL_PAGE_BODY_NOT_STORED_ENVIRONMENT_POLICY	false	false
assertion:1c21591cc5d86d9b86356071	effective:f1a4276a0e1a0970dc839383	capture:2ecb916106615174:coe-honduras-2017-el-laurel	route.coe.honduras-2017.explicit-top-jury	schema.coe.honduras-2017.explicit-top-jury.v1	PRIMARY_JURY_DESCRIPTION	Top Jury Descriptions	b170ca39053bb87d7c03416881c4130fbe064ec03957dff115b7c3df364219d6	restricted:coe_honduras_2017_top_jury.json#/records/1/fields/Top Jury Descriptions	https://allianceforcoffeeexcellence.org/farm-directory/91-81-2/		0188b6914675aaa274a322c064cc9b686d026f04563181ed92e0347b00b8c7b9		2efe147f807a984572e45054d5d16169d9b8bdf4fcc0d45d12fb269a8be12f5b	en	STRICT_FLAVOR		2efe147f807a984572e45054d5d16169d9b8bdf4fcc0d45d12fb269a8be12f5b			P2	ORGANIZER_PUBLISHED_EXPLICIT_JURY_DESCRIPTION	EXPLICIT_TOP_JURY_LABEL_PAIRED_WITH_INTERNATIONAL_JUDGE_SCORE	restricted:coe_honduras_2017_top_jury.json#/records/1/fields/Top Jury Descriptions	PROVISIONAL_MACHINE_CLASSIFIED	AUTOMATED_PARSER	decision-024d009a3b89fdb26ec14379	rights-set-9060f2710b73c0edc3ee160b				2026-08-28T04:30:00Z	2026-08-28T04:30:00Z	2ecb916106615174a12a05a01589ef2799d168765880a5b83e5416540f562053	453acfc3577f71686783139f9a6dad190ea8edcb188a778e2c8419166593cf95	WEB_INDEX_FIELD_CAPTURE_SHA256:2ecb916106615174a12a05a01589ef2799d168765880a5b83e5416540f562053;NOT_FULL_PAGE_BODY	OFFICIAL_FULL_PAGE_BODY_NOT_STORED_ENVIRONMENT_POLICY	round3m.field-parser.v1	round3m.live-adapters.v1	HASH_ONLY	OFFICIAL_FULL_PAGE_BODY_NOT_STORED_ENVIRONMENT_POLICY	false	false
assertion:1ff1b804a5e5690811893a5c	effective:ec2043706fc868557e7d7152	capture:44b83f0786a9909c:coe-peru-2025-la-catarata	route.coe.generic-sensory-field	schema.coe.generic-sensory-field.v1	GENERIC_ORGANIZER_SENSORY_FIELD	Overall	715b1458abbee52eb88658bb578f99719f544104718a34de7d9bcea1383c4b34	restricted:coe_peru_2025_generic.json#/records/0/fields/Overall	https://farmdirectory.cupofexcellence.org/listing/1-la-catarata-peru-2025/		539adfdea796c45db1b6386c0eb39f37f2a40eb6259efe995f38612604a6477d		b6f436d9d3beaf4d676ebab540936c70da384d3db32f51286f5d63c63f76892d	en	STRICT_FLAVOR		b6f436d9d3beaf4d676ebab540936c70da384d3db32f51286f5d63c63f76892d			UNRESOLVED	GENERIC_ORGANIZER_FIELD_ORIGIN_UNRESOLVED	ORGANIZER_HOSTING_DOES_NOT_IDENTIFY_FIELD_AUTHOR	restricted:coe_peru_2025_generic.json#/records/0/fields/Overall	PROVISIONAL_MACHINE_CLASSIFIED	AUTOMATED_PARSER	decision-879b3c1361b5705cd5d2ac06	rights-set-f54c34ca8f48fc717dbaeffd				2026-08-28T04:30:00Z	2026-08-28T04:30:00Z	44b83f0786a9909c3f55fa4ba0f148aee15d75e54ae571918cc4350372b2a0f9	83b674daf22d57d7d42ea92c30fb3b3b2a7b4927b3da6505022238a26941cc1a	WEB_INDEX_FIELD_CAPTURE_SHA256:44b83f0786a9909c3f55fa4ba0f148aee15d75e54ae571918cc4350372b2a0f9;NOT_FULL_PAGE_BODY	OFFICIAL_FULL_PAGE_BODY_NOT_STORED_ENVIRONMENT_POLICY	round3m.field-parser.v1	round3m.live-adapters.v1	HASH_ONLY	OFFICIAL_FULL_PAGE_BODY_NOT_STORED_ENVIRONMENT_POLICY	false	false
assertion:2037f3d3f5bb37d187d700d9	effective:aa8257ea7c527ff93620b889	capture:2ecb916106615174:coe-honduras-2017-el-roblar	route.coe.honduras-2017.explicit-top-jury	schema.coe.honduras-2017.explicit-top-jury.v1	PRIMARY_JURY_DESCRIPTION	Top Jury Descriptions	b170ca39053bb87d7c03416881c4130fbe064ec03957dff115b7c3df364219d6	restricted:coe_honduras_2017_top_jury.json#/records/3/fields/Top Jury Descriptions	https://allianceforcoffeeexcellence.org/farm-directory/88-00-5/		7eadc583046ae80f06521c7dc4467c125933cd133a2b3f92b4a0a56a8896ea79		7d108ddb9255c7f990a9ec23453aea2b99ac06e5150c1e70e804e64dc22ee748	en	BROAD_SENSORY		7d108ddb9255c7f990a9ec23453aea2b99ac06e5150c1e70e804e64dc22ee748			P2	ORGANIZER_PUBLISHED_EXPLICIT_JURY_DESCRIPTION	EXPLICIT_TOP_JURY_LABEL_PAIRED_WITH_INTERNATIONAL_JUDGE_SCORE	restricted:coe_honduras_2017_top_jury.json#/records/3/fields/Top Jury Descriptions	PROVISIONAL_MACHINE_CLASSIFIED	AUTOMATED_PARSER	decision-2eeffca44ad61b14bb68e769	rights-set-3d3fcad6ff0fab4ad49c9dcc				2026-08-28T04:30:00Z	2026-08-28T04:30:00Z	2ecb916106615174a12a05a01589ef2799d168765880a5b83e5416540f562053	453acfc3577f71686783139f9a6dad190ea8edcb188a778e2c8419166593cf95	WEB_INDEX_FIELD_CAPTURE_SHA256:2ecb916106615174a12a05a01589ef2799d168765880a5b83e5416540f562053;NOT_FULL_PAGE_BODY	OFFICIAL_FULL_PAGE_BODY_NOT_STORED_ENVIRONMENT_POLICY	round3m.field-parser.v1	round3m.live-adapters.v1	HASH_ONLY	OFFICIAL_FULL_PAGE_BODY_NOT_STORED_ENVIRONMENT_POLICY	false	false
assertion:22689181346620f06e07324d	effective:f1a4276a0e1a0970dc839383	capture:2ecb916106615174:coe-honduras-2017-el-laurel	route.coe.honduras-2017.explicit-top-jury	schema.coe.honduras-2017.explicit-top-jury.v1	PRIMARY_JURY_DESCRIPTION	Top Jury Descriptions	b170ca39053bb87d7c03416881c4130fbe064ec03957dff115b7c3df364219d6	restricted:coe_honduras_2017_top_jury.json#/records/1/fields/Top Jury Descriptions	https://allianceforcoffeeexcellence.org/farm-directory/91-81-2/		0188b6914675aaa274a322c064cc9b686d026f04563181ed92e0347b00b8c7b9		5f671aee66275d24c0c293a87ca408a6bb6744e80961f04d950b4986d20853ab	en	BROAD_SENSORY		5f671aee66275d24c0c293a87ca408a6bb6744e80961f04d950b4986d20853ab			P2	ORGANIZER_PUBLISHED_EXPLICIT_JURY_DESCRIPTION	EXPLICIT_TOP_JURY_LABEL_PAIRED_WITH_INTERNATIONAL_JUDGE_SCORE	restricted:coe_honduras_2017_top_jury.json#/records/1/fields/Top Jury Descriptions	PROVISIONAL_MACHINE_CLASSIFIED	AUTOMATED_PARSER	decision-a5cf42917815e02acca4363a	rights-set-9fcfbdbec3574bf04c10a2f6				2026-08-28T04:30:00Z	2026-08-28T04:30:00Z	2ecb916106615174a12a05a01589ef2799d168765880a5b83e5416540f562053	453acfc3577f71686783139f9a6dad190ea8edcb188a778e2c8419166593cf95	WEB_INDEX_FIELD_CAPTURE_SHA256:2ecb916106615174a12a05a01589ef2799d168765880a5b83e5416540f562053;NOT_FULL_PAGE_BODY	OFFICIAL_FULL_PAGE_BODY_NOT_STORED_ENVIRONMENT_POLICY	round3m.field-parser.v1	round3m.live-adapters.v1	HASH_ONLY	OFFICIAL_FULL_PAGE_BODY_NOT_STORED_ENVIRONMENT_POLICY	false	false
assertion:231aefc9239efceb019beecc	effective:417f9b9adcf3826aa8f3ac12	capture:2ecb916106615174:coe-honduras-2017-el-cedro	route.coe.honduras-2017.explicit-top-jury	schema.coe.honduras-2017.explicit-top-jury.v1	PRIMARY_JURY_DESCRIPTION	Top Jury Descriptions	b170ca39053bb87d7c03416881c4130fbe064ec03957dff115b7c3df364219d6	restricted:coe_honduras_2017_top_jury.json#/records/2/fields/Top Jury Descriptions	https://allianceforcoffeeexcellence.org/farm-directory/88-62-5/		b237a10caf5b846b28ae9e233b69a78264f9f7adc19901074c32f12e3ff8a18b		cb6fec94760971d48686d800bab84e25988014a8023a1e791cc5e84909beb971	en	STRICT_FLAVOR		cb6fec94760971d48686d800bab84e25988014a8023a1e791cc5e84909beb971			P2	ORGANIZER_PUBLISHED_EXPLICIT_JURY_DESCRIPTION	EXPLICIT_TOP_JURY_LABEL_PAIRED_WITH_INTERNATIONAL_JUDGE_SCORE	restricted:coe_honduras_2017_top_jury.json#/records/2/fields/Top Jury Descriptions	PROVISIONAL_MACHINE_CLASSIFIED	AUTOMATED_PARSER	decision-f25b5895e281c49a953d0789	rights-set-36b8fde59e95c36b1b3f356f				2026-08-28T04:30:00Z	2026-08-28T04:30:00Z	2ecb916106615174a12a05a01589ef2799d168765880a5b83e5416540f562053	453acfc3577f71686783139f9a6dad190ea8edcb188a778e2c8419166593cf95	WEB_INDEX_FIELD_CAPTURE_SHA256:2ecb916106615174a12a05a01589ef2799d168765880a5b83e5416540f562053;NOT_FULL_PAGE_BODY	OFFICIAL_FULL_PAGE_BODY_NOT_STORED_ENVIRONMENT_POLICY	round3m.field-parser.v1	round3m.live-adapters.v1	HASH_ONLY	OFFICIAL_FULL_PAGE_BODY_NOT_STORED_ENVIRONMENT_POLICY	false	false
assertion:2875cddf29086409a05ea5a6	effective:ec2043706fc868557e7d7152	capture:44b83f0786a9909c:coe-peru-2025-la-catarata	route.coe.generic-sensory-field	schema.coe.generic-sensory-field.v1	GENERIC_ORGANIZER_SENSORY_FIELD	Aroma / Flavor	6ddda748d327ba9ec1a784d1d8f705180733aa3d78dce9d5ce8d7b802c7e4011	restricted:coe_peru_2025_generic.json#/records/0/fields/Aroma / Flavor	https://farmdirectory.cupofexcellence.org/listing/1-la-catarata-peru-2025/		4ed9a4d7707377e949145f0ae809422b1a318146143bb5e118176a0a5453338b		f464d7d71c06e47a535ce441aa202aa717cddeab902a45b0c283aac7a9a090d7	en	STRICT_FLAVOR		f464d7d71c06e47a535ce441aa202aa717cddeab902a45b0c283aac7a9a090d7			UNRESOLVED	GENERIC_ORGANIZER_FIELD_ORIGIN_UNRESOLVED	ORGANIZER_HOSTING_DOES_NOT_IDENTIFY_FIELD_AUTHOR	restricted:coe_peru_2025_generic.json#/records/0/fields/Aroma / Flavor	PROVISIONAL_MACHINE_CLASSIFIED	AUTOMATED_PARSER	decision-c4dc7860c9aedbf079e9984d	rights-set-9817501ff37de715143e9a2c				2026-08-28T04:30:00Z	2026-08-28T04:30:00Z	44b83f0786a9909c3f55fa4ba0f148aee15d75e54ae571918cc4350372b2a0f9	83b674daf22d57d7d42ea92c30fb3b3b2a7b4927b3da6505022238a26941cc1a	WEB_INDEX_FIELD_CAPTURE_SHA256:44b83f0786a9909c3f55fa4ba0f148aee15d75e54ae571918cc4350372b2a0f9;NOT_FULL_PAGE_BODY	OFFICIAL_FULL_PAGE_BODY_NOT_STORED_ENVIRONMENT_POLICY	round3m.field-parser.v1	round3m.live-adapters.v1	HASH_ONLY	OFFICIAL_FULL_PAGE_BODY_NOT_STORED_ENVIRONMENT_POLICY	false	false
assertion:2a2febeb55ae638db64666ae	effective:417f9b9adcf3826aa8f3ac12	capture:2ecb916106615174:coe-honduras-2017-el-cedro	route.coe.honduras-2017.explicit-top-jury	schema.coe.honduras-2017.explicit-top-jury.v1	PRIMARY_JURY_DESCRIPTION	Top Jury Descriptions	b170ca39053bb87d7c03416881c4130fbe064ec03957dff115b7c3df364219d6	restricted:coe_honduras_2017_top_jury.json#/records/2/fields/Top Jury Descriptions	https://allianceforcoffeeexcellence.org/farm-directory/88-62-5/		b237a10caf5b846b28ae9e233b69a78264f9f7adc19901074c32f12e3ff8a18b		a87b3e348ccb598ecb71bb83300a2bf8d91b780d0717aec6c91fb46ce6fbe3d8	en	BROAD_SENSORY		a87b3e348ccb598ecb71bb83300a2bf8d91b780d0717aec6c91fb46ce6fbe3d8			P2	ORGANIZER_PUBLISHED_EXPLICIT_JURY_DESCRIPTION	EXPLICIT_TOP_JURY_LABEL_PAIRED_WITH_INTERNATIONAL_JUDGE_SCORE	restricted:coe_honduras_2017_top_jury.json#/records/2/fields/Top Jury Descriptions	PROVISIONAL_MACHINE_CLASSIFIED	AUTOMATED_PARSER	decision-ebb8d309e0d76c55d3630b90	rights-set-b8af2cb15e606f79b5f6f12b				2026-08-28T04:30:00Z	2026-08-28T04:30:00Z	2ecb916106615174a12a05a01589ef2799d168765880a5b83e5416540f562053	453acfc3577f71686783139f9a6dad190ea8edcb188a778e2c8419166593cf95	WEB_INDEX_FIELD_CAPTURE_SHA256:2ecb916106615174a12a05a01589ef2799d168765880a5b83e5416540f562053;NOT_FULL_PAGE_BODY	OFFICIAL_FULL_PAGE_BODY_NOT_STORED_ENVIRONMENT_POLICY	round3m.field-parser.v1	round3m.live-adapters.v1	HASH_ONLY	OFFICIAL_FULL_PAGE_BODY_NOT_STORED_ENVIRONMENT_POLICY	false	false
assertion:2a67d1137a582042b3a828e6	effective:f1a4276a0e1a0970dc839383	capture:2ecb916106615174:coe-honduras-2017-el-laurel	route.coe.honduras-2017.explicit-top-jury	schema.coe.honduras-2017.explicit-top-jury.v1	PRIMARY_JURY_DESCRIPTION	Top Jury Descriptions	b170ca39053bb87d7c03416881c4130fbe064ec03957dff115b7c3df364219d6	restricted:coe_honduras_2017_top_jury.json#/records/1/fields/Top Jury Descriptions	https://allianceforcoffeeexcellence.org/farm-directory/91-81-2/		0188b6914675aaa274a322c064cc9b686d026f04563181ed92e0347b00b8c7b9		06df90ccef78b5002bf5d2b2c5a9ab54c58ba70be98b839161928e8d76a0d478	en	BROAD_SENSORY		06df90ccef78b5002bf5d2b2c5a9ab54c58ba70be98b839161928e8d76a0d478			P2	ORGANIZER_PUBLISHED_EXPLICIT_JURY_DESCRIPTION	EXPLICIT_TOP_JURY_LABEL_PAIRED_WITH_INTERNATIONAL_JUDGE_SCORE	restricted:coe_honduras_2017_top_jury.json#/records/1/fields/Top Jury Descriptions	PROVISIONAL_MACHINE_CLASSIFIED	AUTOMATED_PARSER	decision-7c1f2bca1a7a3165d3b9e6fd	rights-set-c23e7c1f0c144e18fe4176b8				2026-08-28T04:30:00Z	2026-08-28T04:30:00Z	2ecb916106615174a12a05a01589ef2799d168765880a5b83e5416540f562053	453acfc3577f71686783139f9a6dad190ea8edcb188a778e2c8419166593cf95	WEB_INDEX_FIELD_CAPTURE_SHA256:2ecb916106615174a12a05a01589ef2799d168765880a5b83e5416540f562053;NOT_FULL_PAGE_BODY	OFFICIAL_FULL_PAGE_BODY_NOT_STORED_ENVIRONMENT_POLICY	round3m.field-parser.v1	round3m.live-adapters.v1	HASH_ONLY	OFFICIAL_FULL_PAGE_BODY_NOT_STORED_ENVIRONMENT_POLICY	false	false
assertion:2de03d74b9dd99226f84adc9	effective:aa8257ea7c527ff93620b889	capture:2ecb916106615174:coe-honduras-2017-el-roblar	route.coe.honduras-2017.explicit-top-jury	schema.coe.honduras-2017.explicit-top-jury.v1	PRIMARY_JURY_DESCRIPTION	Top Jury Descriptions	b170ca39053bb87d7c03416881c4130fbe064ec03957dff115b7c3df364219d6	restricted:coe_honduras_2017_top_jury.json#/records/3/fields/Top Jury Descriptions	https://allianceforcoffeeexcellence.org/farm-directory/88-00-5/		7eadc583046ae80f06521c7dc4467c125933cd133a2b3f92b4a0a56a8896ea79		e22b4260483268376ed02cda28ebed7769a1c18d164440dccabfb72376aa52c6	en	STRICT_FLAVOR		e22b4260483268376ed02cda28ebed7769a1c18d164440dccabfb72376aa52c6			P2	ORGANIZER_PUBLISHED_EXPLICIT_JURY_DESCRIPTION	EXPLICIT_TOP_JURY_LABEL_PAIRED_WITH_INTERNATIONAL_JUDGE_SCORE	restricted:coe_honduras_2017_top_jury.json#/records/3/fields/Top Jury Descriptions	PROVISIONAL_MACHINE_CLASSIFIED	AUTOMATED_PARSER	decision-2831e8df2fd889e1d068251a	rights-set-ef2bdd1a001e99be9255d69f				2026-08-28T04:30:00Z	2026-08-28T04:30:00Z	2ecb916106615174a12a05a01589ef2799d168765880a5b83e5416540f562053	453acfc3577f71686783139f9a6dad190ea8edcb188a778e2c8419166593cf95	WEB_INDEX_FIELD_CAPTURE_SHA256:2ecb916106615174a12a05a01589ef2799d168765880a5b83e5416540f562053;NOT_FULL_PAGE_BODY	OFFICIAL_FULL_PAGE_BODY_NOT_STORED_ENVIRONMENT_POLICY	round3m.field-parser.v1	round3m.live-adapters.v1	HASH_ONLY	OFFICIAL_FULL_PAGE_BODY_NOT_STORED_ENVIRONMENT_POLICY	false	false
assertion:2e2d61f08431140fbc738ddb	effective:e034410f41d662fd4a1c08f6	capture:717b9e1a3ef6400f:coe-colombia-south-2008-el-vergel-86-73	route.coe.colombia-south-2008.frequency-coded	schema.coe.colombia-south-2008.frequency-coded.v1	GENERIC_ORGANIZER_SENSORY_FIELD	Aroma/Flavor	bad6de9899c7f38162119c05d6f7b40fffd698626f8bc6114670b56219bc2d34	restricted:coe_colombia_south_2008_frequency.json#/records/1/fields/Aroma/Flavor	https://allianceforcoffeeexcellence.org/farm-directory/86-73/		8135b1e52d0f49f8e1174f797cb31bfb639577c1312325f678f4c7dc5ee13ec4		c877647d1eef4e2a539597841d24963407bb2d32fde8cb5cff82f19d9e973d8f	en	STRICT_FLAVOR		c877647d1eef4e2a539597841d24963407bb2d32fde8cb5cff82f19d9e973d8f			UNRESOLVED	FREQUENCY_CODED_P1_CANDIDATE_ORIGIN_UNRESOLVED	FREQUENCY_SEMANTICS_DO_NOT_IDENTIFY_JUDGE_JURY_OR_PANEL_RESPONSES	restricted:coe_colombia_south_2008_frequency.json#/records/1/fields/Aroma/Flavor	PROVISIONAL_MACHINE_CLASSIFIED	AUTOMATED_PARSER	decision-56a353f0b73d80d20c87af46	rights-set-2c042a888e2f163b1dda34d5				2026-08-28T04:30:00Z	2026-08-28T04:30:00Z	717b9e1a3ef6400fa334ddbaf80cb592125ddbdecaf67b0d6271f94bf7878033	f508ebc481c39b4755250f1422148accae73dc57099ecb164e666e07a12b9bc1	WEB_INDEX_FIELD_CAPTURE_SHA256:717b9e1a3ef6400fa334ddbaf80cb592125ddbdecaf67b0d6271f94bf7878033;NOT_FULL_PAGE_BODY	OFFICIAL_FULL_PAGE_BODY_NOT_STORED_ENVIRONMENT_POLICY	round3m.field-parser.v1	round3m.live-adapters.v1	HASH_ONLY	OFFICIAL_FULL_PAGE_BODY_NOT_STORED_ENVIRONMENT_POLICY	false	false
assertion:307ff77e64b2e26cc647506d	effective:f1a4276a0e1a0970dc839383	capture:2ecb916106615174:coe-honduras-2017-el-laurel	route.coe.honduras-2017.explicit-top-jury	schema.coe.honduras-2017.explicit-top-jury.v1	PRIMARY_JURY_DESCRIPTION	Top Jury Descriptions	b170ca39053bb87d7c03416881c4130fbe064ec03957dff115b7c3df364219d6	restricted:coe_honduras_2017_top_jury.json#/records/1/fields/Top Jury Descriptions	https://allianceforcoffeeexcellence.org/farm-directory/91-81-2/		0188b6914675aaa274a322c064cc9b686d026f04563181ed92e0347b00b8c7b9		046b908561243d2930d2c547fc5aec55e36ab2477e60aae977debb5c1ed3ac82	en	STRICT_FLAVOR		046b908561243d2930d2c547fc5aec55e36ab2477e60aae977debb5c1ed3ac82			P2	ORGANIZER_PUBLISHED_EXPLICIT_JURY_DESCRIPTION	EXPLICIT_TOP_JURY_LABEL_PAIRED_WITH_INTERNATIONAL_JUDGE_SCORE	restricted:coe_honduras_2017_top_jury.json#/records/1/fields/Top Jury Descriptions	PROVISIONAL_MACHINE_CLASSIFIED	AUTOMATED_PARSER	decision-4950ba9116fa79d785073e74	rights-set-18fb5341bb1e86da7d5b211f				2026-08-28T04:30:00Z	2026-08-28T04:30:00Z	2ecb916106615174a12a05a01589ef2799d168765880a5b83e5416540f562053	453acfc3577f71686783139f9a6dad190ea8edcb188a778e2c8419166593cf95	WEB_INDEX_FIELD_CAPTURE_SHA256:2ecb916106615174a12a05a01589ef2799d168765880a5b83e5416540f562053;NOT_FULL_PAGE_BODY	OFFICIAL_FULL_PAGE_BODY_NOT_STORED_ENVIRONMENT_POLICY	round3m.field-parser.v1	round3m.live-adapters.v1	HASH_ONLY	OFFICIAL_FULL_PAGE_BODY_NOT_STORED_ENVIRONMENT_POLICY	false	false
assertion:30e15ec2cdcbe09f77744144	effective:e034410f41d662fd4a1c08f6	capture:717b9e1a3ef6400f:coe-colombia-south-2008-el-vergel-86-73	route.coe.colombia-south-2008.frequency-coded	schema.coe.colombia-south-2008.frequency-coded.v1	GENERIC_ORGANIZER_SENSORY_FIELD	Acidity	32857e06215ed58ae66ec40a2d2d8ce8bcb1d2c9942a72e171f17ca9d58c5e55	restricted:coe_colombia_south_2008_frequency.json#/records/1/fields/Acidity	https://allianceforcoffeeexcellence.org/farm-directory/86-73/		385d39ca74ed11d51aa179dc24fdf74121b9d5c629712f52324beaaa866bfdef		b9043c16af362f30807deaf692025d61c3c803bba1efc43fe2f63dc8b507418d	en	BROAD_SENSORY		b9043c16af362f30807deaf692025d61c3c803bba1efc43fe2f63dc8b507418d			UNRESOLVED	FREQUENCY_CODED_P1_CANDIDATE_ORIGIN_UNRESOLVED	FREQUENCY_SEMANTICS_DO_NOT_IDENTIFY_JUDGE_JURY_OR_PANEL_RESPONSES	restricted:coe_colombia_south_2008_frequency.json#/records/1/fields/Acidity	PROVISIONAL_MACHINE_CLASSIFIED	AUTOMATED_PARSER	decision-4751630779f10f029deb2df9	rights-set-50b43458b6f005257a594783				2026-08-28T04:30:00Z	2026-08-28T04:30:00Z	717b9e1a3ef6400fa334ddbaf80cb592125ddbdecaf67b0d6271f94bf7878033	f508ebc481c39b4755250f1422148accae73dc57099ecb164e666e07a12b9bc1	WEB_INDEX_FIELD_CAPTURE_SHA256:717b9e1a3ef6400fa334ddbaf80cb592125ddbdecaf67b0d6271f94bf7878033;NOT_FULL_PAGE_BODY	OFFICIAL_FULL_PAGE_BODY_NOT_STORED_ENVIRONMENT_POLICY	round3m.field-parser.v1	round3m.live-adapters.v1	HASH_ONLY	OFFICIAL_FULL_PAGE_BODY_NOT_STORED_ENVIRONMENT_POLICY	false	false
assertion:315b17af07a4f7f5a0e1e9f9	effective:0ec126e97dcb5ab048050233	capture:2ecb916106615174:coe-honduras-2017-el-liquidambo	route.coe.honduras-2017.explicit-top-jury	schema.coe.honduras-2017.explicit-top-jury.v1	PRIMARY_JURY_DESCRIPTION	Top Jury Descriptions	b170ca39053bb87d7c03416881c4130fbe064ec03957dff115b7c3df364219d6	restricted:coe_honduras_2017_top_jury.json#/records/4/fields/Top Jury Descriptions	https://allianceforcoffeeexcellence.org/farm-directory/89-22-4/		8ff7672a677fdf6f0ff19f16e5872ebb42848fb8efd944ef14c1e6a69d5e8e48		6d1c5859550824d403d8c31af9ac673b7ba206e6f87e61e096a017299f74d63f	en	STRICT_FLAVOR		6d1c5859550824d403d8c31af9ac673b7ba206e6f87e61e096a017299f74d63f			P2	ORGANIZER_PUBLISHED_EXPLICIT_JURY_DESCRIPTION	EXPLICIT_TOP_JURY_LABEL_PAIRED_WITH_INTERNATIONAL_JUDGE_SCORE	restricted:coe_honduras_2017_top_jury.json#/records/4/fields/Top Jury Descriptions	PROVISIONAL_MACHINE_CLASSIFIED	AUTOMATED_PARSER	decision-5802cceb85223dd00a6140d8	rights-set-69a34fa42c9ad57019853c93				2026-08-28T04:30:00Z	2026-08-28T04:30:00Z	2ecb916106615174a12a05a01589ef2799d168765880a5b83e5416540f562053	453acfc3577f71686783139f9a6dad190ea8edcb188a778e2c8419166593cf95	WEB_INDEX_FIELD_CAPTURE_SHA256:2ecb916106615174a12a05a01589ef2799d168765880a5b83e5416540f562053;NOT_FULL_PAGE_BODY	OFFICIAL_FULL_PAGE_BODY_NOT_STORED_ENVIRONMENT_POLICY	round3m.field-parser.v1	round3m.live-adapters.v1	HASH_ONLY	OFFICIAL_FULL_PAGE_BODY_NOT_STORED_ENVIRONMENT_POLICY	false	false
assertion:3193770a71fb9228e3ba6c1e	effective:0ec126e97dcb5ab048050233	capture:2ecb916106615174:coe-honduras-2017-el-liquidambo	route.coe.honduras-2017.explicit-top-jury	schema.coe.honduras-2017.explicit-top-jury.v1	PRIMARY_JURY_DESCRIPTION	Top Jury Descriptions	b170ca39053bb87d7c03416881c4130fbe064ec03957dff115b7c3df364219d6	restricted:coe_honduras_2017_top_jury.json#/records/4/fields/Top Jury Descriptions	https://allianceforcoffeeexcellence.org/farm-directory/89-22-4/		8ff7672a677fdf6f0ff19f16e5872ebb42848fb8efd944ef14c1e6a69d5e8e48		9799613a9a24f9fdf688916537acb0f9c42c676a6fe19967bc188b7951879bb2	en	BROAD_SENSORY		9799613a9a24f9fdf688916537acb0f9c42c676a6fe19967bc188b7951879bb2			P2	ORGANIZER_PUBLISHED_EXPLICIT_JURY_DESCRIPTION	EXPLICIT_TOP_JURY_LABEL_PAIRED_WITH_INTERNATIONAL_JUDGE_SCORE	restricted:coe_honduras_2017_top_jury.json#/records/4/fields/Top Jury Descriptions	PROVISIONAL_MACHINE_CLASSIFIED	AUTOMATED_PARSER	decision-5ceca2fe0956dc52cb06ea4c	rights-set-04654e2abc86d72d12d9a8fe				2026-08-28T04:30:00Z	2026-08-28T04:30:00Z	2ecb916106615174a12a05a01589ef2799d168765880a5b83e5416540f562053	453acfc3577f71686783139f9a6dad190ea8edcb188a778e2c8419166593cf95	WEB_INDEX_FIELD_CAPTURE_SHA256:2ecb916106615174a12a05a01589ef2799d168765880a5b83e5416540f562053;NOT_FULL_PAGE_BODY	OFFICIAL_FULL_PAGE_BODY_NOT_STORED_ENVIRONMENT_POLICY	round3m.field-parser.v1	round3m.live-adapters.v1	HASH_ONLY	OFFICIAL_FULL_PAGE_BODY_NOT_STORED_ENVIRONMENT_POLICY	false	false
assertion:34936d8e5130c7d1c17789cb	effective:f1a4276a0e1a0970dc839383	capture:2ecb916106615174:coe-honduras-2017-el-laurel	route.coe.honduras-2017.explicit-top-jury	schema.coe.honduras-2017.explicit-top-jury.v1	PRIMARY_JURY_DESCRIPTION	Top Jury Descriptions	b170ca39053bb87d7c03416881c4130fbe064ec03957dff115b7c3df364219d6	restricted:coe_honduras_2017_top_jury.json#/records/1/fields/Top Jury Descriptions	https://allianceforcoffeeexcellence.org/farm-directory/91-81-2/		0188b6914675aaa274a322c064cc9b686d026f04563181ed92e0347b00b8c7b9		1220e192481b60ee7b4a300550579a1d808439a82f6edfff306ad3f9d2fd0766	en	STRICT_FLAVOR		1220e192481b60ee7b4a300550579a1d808439a82f6edfff306ad3f9d2fd0766			P2	ORGANIZER_PUBLISHED_EXPLICIT_JURY_DESCRIPTION	EXPLICIT_TOP_JURY_LABEL_PAIRED_WITH_INTERNATIONAL_JUDGE_SCORE	restricted:coe_honduras_2017_top_jury.json#/records/1/fields/Top Jury Descriptions	PROVISIONAL_MACHINE_CLASSIFIED	AUTOMATED_PARSER	decision-df43066ab644f365590f13f5	rights-set-44cb4f33478f807a7e7a7064				2026-08-28T04:30:00Z	2026-08-28T04:30:00Z	2ecb916106615174a12a05a01589ef2799d168765880a5b83e5416540f562053	453acfc3577f71686783139f9a6dad190ea8edcb188a778e2c8419166593cf95	WEB_INDEX_FIELD_CAPTURE_SHA256:2ecb916106615174a12a05a01589ef2799d168765880a5b83e5416540f562053;NOT_FULL_PAGE_BODY	OFFICIAL_FULL_PAGE_BODY_NOT_STORED_ENVIRONMENT_POLICY	round3m.field-parser.v1	round3m.live-adapters.v1	HASH_ONLY	OFFICIAL_FULL_PAGE_BODY_NOT_STORED_ENVIRONMENT_POLICY	false	false
assertion:34fb340827c24640322779b6	effective:f78304cd66c43e7b10ddb5ea	capture:2ecb916106615174:coe-honduras-2017-la-colmena	route.coe.honduras-2017.explicit-top-jury	schema.coe.honduras-2017.explicit-top-jury.v1	PRIMARY_JURY_DESCRIPTION	Top Jury Descriptions	b170ca39053bb87d7c03416881c4130fbe064ec03957dff115b7c3df364219d6	restricted:coe_honduras_2017_top_jury.json#/records/0/fields/Top Jury Descriptions	https://allianceforcoffeeexcellence.org/farm-directory/88-76-5/		8b7d4a8bd138750377087744921197587f05833ea20c913ca73b21fe60882c85		90e62b92a956add6e1c3871b7f592616665e610f12c6468eaad9533ef50834bc	en	STRICT_FLAVOR		90e62b92a956add6e1c3871b7f592616665e610f12c6468eaad9533ef50834bc			P2	ORGANIZER_PUBLISHED_EXPLICIT_JURY_DESCRIPTION	EXPLICIT_TOP_JURY_LABEL_PAIRED_WITH_INTERNATIONAL_JUDGE_SCORE	restricted:coe_honduras_2017_top_jury.json#/records/0/fields/Top Jury Descriptions	PROVISIONAL_MACHINE_CLASSIFIED	AUTOMATED_PARSER	decision-b0f2c037ddc2992fdb72eeda	rights-set-1840b4d5c6258e04a0588979				2026-08-28T04:30:00Z	2026-08-28T04:30:00Z	2ecb916106615174a12a05a01589ef2799d168765880a5b83e5416540f562053	453acfc3577f71686783139f9a6dad190ea8edcb188a778e2c8419166593cf95	WEB_INDEX_FIELD_CAPTURE_SHA256:2ecb916106615174a12a05a01589ef2799d168765880a5b83e5416540f562053;NOT_FULL_PAGE_BODY	OFFICIAL_FULL_PAGE_BODY_NOT_STORED_ENVIRONMENT_POLICY	round3m.field-parser.v1	round3m.live-adapters.v1	HASH_ONLY	OFFICIAL_FULL_PAGE_BODY_NOT_STORED_ENVIRONMENT_POLICY	false	false
assertion:3756b2be90f182e3745f9204	effective:f78304cd66c43e7b10ddb5ea	capture:2ecb916106615174:coe-honduras-2017-la-colmena	route.coe.honduras-2017.explicit-top-jury	schema.coe.honduras-2017.explicit-top-jury.v1	PRIMARY_JURY_DESCRIPTION	Top Jury Descriptions	b170ca39053bb87d7c03416881c4130fbe064ec03957dff115b7c3df364219d6	restricted:coe_honduras_2017_top_jury.json#/records/0/fields/Top Jury Descriptions	https://allianceforcoffeeexcellence.org/farm-directory/88-76-5/		8b7d4a8bd138750377087744921197587f05833ea20c913ca73b21fe60882c85		a7ec7f3ae09187df17173620620eb2f2c8a175fe0d6da5221c1109d26f8e29a5	en	BROAD_SENSORY		a7ec7f3ae09187df17173620620eb2f2c8a175fe0d6da5221c1109d26f8e29a5			P2	ORGANIZER_PUBLISHED_EXPLICIT_JURY_DESCRIPTION	EXPLICIT_TOP_JURY_LABEL_PAIRED_WITH_INTERNATIONAL_JUDGE_SCORE	restricted:coe_honduras_2017_top_jury.json#/records/0/fields/Top Jury Descriptions	PROVISIONAL_MACHINE_CLASSIFIED	AUTOMATED_PARSER	decision-937c174ea404f2f7020d5e1b	rights-set-f71dd3c8ac7154ee2656042a				2026-08-28T04:30:00Z	2026-08-28T04:30:00Z	2ecb916106615174a12a05a01589ef2799d168765880a5b83e5416540f562053	453acfc3577f71686783139f9a6dad190ea8edcb188a778e2c8419166593cf95	WEB_INDEX_FIELD_CAPTURE_SHA256:2ecb916106615174a12a05a01589ef2799d168765880a5b83e5416540f562053;NOT_FULL_PAGE_BODY	OFFICIAL_FULL_PAGE_BODY_NOT_STORED_ENVIRONMENT_POLICY	round3m.field-parser.v1	round3m.live-adapters.v1	HASH_ONLY	OFFICIAL_FULL_PAGE_BODY_NOT_STORED_ENVIRONMENT_POLICY	false	false
assertion:378e5a05f9788324f404197a	effective:6e0f618d2337d1668cd026ec	capture:717b9e1a3ef6400f:coe-colombia-south-2008-la-esperanza-87-18	route.coe.colombia-south-2008.frequency-coded	schema.coe.colombia-south-2008.frequency-coded.v1	GENERIC_ORGANIZER_SENSORY_FIELD	Aroma/Flavor	bad6de9899c7f38162119c05d6f7b40fffd698626f8bc6114670b56219bc2d34	restricted:coe_colombia_south_2008_frequency.json#/records/0/fields/Aroma/Flavor	https://allianceforcoffeeexcellence.org/farm-directory/87-18-2/		3a8d6e2f7d4a94aa3ed3b59bb42eba92f2d90d3f0e4f5c7b29f6446955830657		5296c024e03e439ba3d72c8e432d4f890b3cd0d2c36d67d428aa1e401e675b69	en	STRICT_FLAVOR		5296c024e03e439ba3d72c8e432d4f890b3cd0d2c36d67d428aa1e401e675b69			UNRESOLVED	FREQUENCY_CODED_P1_CANDIDATE_ORIGIN_UNRESOLVED	FREQUENCY_SEMANTICS_DO_NOT_IDENTIFY_JUDGE_JURY_OR_PANEL_RESPONSES	restricted:coe_colombia_south_2008_frequency.json#/records/0/fields/Aroma/Flavor	PROVISIONAL_MACHINE_CLASSIFIED	AUTOMATED_PARSER	decision-190412cf7cca90cc9b35e09e	rights-set-8ca24f6c8bf0adc8b62d9efd				2026-08-28T04:30:00Z	2026-08-28T04:30:00Z	717b9e1a3ef6400fa334ddbaf80cb592125ddbdecaf67b0d6271f94bf7878033	f508ebc481c39b4755250f1422148accae73dc57099ecb164e666e07a12b9bc1	WEB_INDEX_FIELD_CAPTURE_SHA256:717b9e1a3ef6400fa334ddbaf80cb592125ddbdecaf67b0d6271f94bf7878033;NOT_FULL_PAGE_BODY	OFFICIAL_FULL_PAGE_BODY_NOT_STORED_ENVIRONMENT_POLICY	round3m.field-parser.v1	round3m.live-adapters.v1	HASH_ONLY	OFFICIAL_FULL_PAGE_BODY_NOT_STORED_ENVIRONMENT_POLICY	false	false
assertion:3ad31a37fc8c86ddf4009c1c	effective:e034410f41d662fd4a1c08f6	capture:717b9e1a3ef6400f:coe-colombia-south-2008-el-vergel-86-73	route.coe.colombia-south-2008.frequency-coded	schema.coe.colombia-south-2008.frequency-coded.v1	GENERIC_ORGANIZER_SENSORY_FIELD	Aroma/Flavor	bad6de9899c7f38162119c05d6f7b40fffd698626f8bc6114670b56219bc2d34	restricted:coe_colombia_south_2008_frequency.json#/records/1/fields/Aroma/Flavor	https://allianceforcoffeeexcellence.org/farm-directory/86-73/		8135b1e52d0f49f8e1174f797cb31bfb639577c1312325f678f4c7dc5ee13ec4		ab45e8474269b026f668d49860b36850122e18a50d5ea38f3fefdae08261865c	en	STRICT_FLAVOR		ab45e8474269b026f668d49860b36850122e18a50d5ea38f3fefdae08261865c			UNRESOLVED	FREQUENCY_CODED_P1_CANDIDATE_ORIGIN_UNRESOLVED	FREQUENCY_SEMANTICS_DO_NOT_IDENTIFY_JUDGE_JURY_OR_PANEL_RESPONSES	restricted:coe_colombia_south_2008_frequency.json#/records/1/fields/Aroma/Flavor	PROVISIONAL_MACHINE_CLASSIFIED	AUTOMATED_PARSER	decision-22706b8ad3d45e935e8143f8	rights-set-6a52ce1747316b8ff985cd0d				2026-08-28T04:30:00Z	2026-08-28T04:30:00Z	717b9e1a3ef6400fa334ddbaf80cb592125ddbdecaf67b0d6271f94bf7878033	f508ebc481c39b4755250f1422148accae73dc57099ecb164e666e07a12b9bc1	WEB_INDEX_FIELD_CAPTURE_SHA256:717b9e1a3ef6400fa334ddbaf80cb592125ddbdecaf67b0d6271f94bf7878033;NOT_FULL_PAGE_BODY	OFFICIAL_FULL_PAGE_BODY_NOT_STORED_ENVIRONMENT_POLICY	round3m.field-parser.v1	round3m.live-adapters.v1	HASH_ONLY	OFFICIAL_FULL_PAGE_BODY_NOT_STORED_ENVIRONMENT_POLICY	false	false
assertion:3c3387aa31e1ae4d78b69d6c	effective:0ec126e97dcb5ab048050233	capture:2ecb916106615174:coe-honduras-2017-el-liquidambo	route.coe.honduras-2017.explicit-top-jury	schema.coe.honduras-2017.explicit-top-jury.v1	PRIMARY_JURY_DESCRIPTION	Top Jury Descriptions	b170ca39053bb87d7c03416881c4130fbe064ec03957dff115b7c3df364219d6	restricted:coe_honduras_2017_top_jury.json#/records/4/fields/Top Jury Descriptions	https://allianceforcoffeeexcellence.org/farm-directory/89-22-4/		8ff7672a677fdf6f0ff19f16e5872ebb42848fb8efd944ef14c1e6a69d5e8e48		2efe147f807a984572e45054d5d16169d9b8bdf4fcc0d45d12fb269a8be12f5b	en	STRICT_FLAVOR		2efe147f807a984572e45054d5d16169d9b8bdf4fcc0d45d12fb269a8be12f5b			P2	ORGANIZER_PUBLISHED_EXPLICIT_JURY_DESCRIPTION	EXPLICIT_TOP_JURY_LABEL_PAIRED_WITH_INTERNATIONAL_JUDGE_SCORE	restricted:coe_honduras_2017_top_jury.json#/records/4/fields/Top Jury Descriptions	PROVISIONAL_MACHINE_CLASSIFIED	AUTOMATED_PARSER	decision-570dfdaeda7f0b96396bc264	rights-set-598113c7b93a01b63161b36d				2026-08-28T04:30:00Z	2026-08-28T04:30:00Z	2ecb916106615174a12a05a01589ef2799d168765880a5b83e5416540f562053	453acfc3577f71686783139f9a6dad190ea8edcb188a778e2c8419166593cf95	WEB_INDEX_FIELD_CAPTURE_SHA256:2ecb916106615174a12a05a01589ef2799d168765880a5b83e5416540f562053;NOT_FULL_PAGE_BODY	OFFICIAL_FULL_PAGE_BODY_NOT_STORED_ENVIRONMENT_POLICY	round3m.field-parser.v1	round3m.live-adapters.v1	HASH_ONLY	OFFICIAL_FULL_PAGE_BODY_NOT_STORED_ENVIRONMENT_POLICY	false	false
assertion:3f141a8aa49a43a29abc13df	effective:f1a4276a0e1a0970dc839383	capture:2ecb916106615174:coe-honduras-2017-el-laurel	route.coe.honduras-2017.explicit-top-jury	schema.coe.honduras-2017.explicit-top-jury.v1	PRIMARY_JURY_DESCRIPTION	Top Jury Descriptions	b170ca39053bb87d7c03416881c4130fbe064ec03957dff115b7c3df364219d6	restricted:coe_honduras_2017_top_jury.json#/records/1/fields/Top Jury Descriptions	https://allianceforcoffeeexcellence.org/farm-directory/91-81-2/		0188b6914675aaa274a322c064cc9b686d026f04563181ed92e0347b00b8c7b9		4b04681f470cd3574b97418519dfe1888b68494657ee6beab85bbbbdcfd9efa5	en	STRICT_FLAVOR		4b04681f470cd3574b97418519dfe1888b68494657ee6beab85bbbbdcfd9efa5			P2	ORGANIZER_PUBLISHED_EXPLICIT_JURY_DESCRIPTION	EXPLICIT_TOP_JURY_LABEL_PAIRED_WITH_INTERNATIONAL_JUDGE_SCORE	restricted:coe_honduras_2017_top_jury.json#/records/1/fields/Top Jury Descriptions	PROVISIONAL_MACHINE_CLASSIFIED	AUTOMATED_PARSER	decision-28f8d6727c32392f9c819314	rights-set-43c1032ab58e5d15d8eecbab				2026-08-28T04:30:00Z	2026-08-28T04:30:00Z	2ecb916106615174a12a05a01589ef2799d168765880a5b83e5416540f562053	453acfc3577f71686783139f9a6dad190ea8edcb188a778e2c8419166593cf95	WEB_INDEX_FIELD_CAPTURE_SHA256:2ecb916106615174a12a05a01589ef2799d168765880a5b83e5416540f562053;NOT_FULL_PAGE_BODY	OFFICIAL_FULL_PAGE_BODY_NOT_STORED_ENVIRONMENT_POLICY	round3m.field-parser.v1	round3m.live-adapters.v1	HASH_ONLY	OFFICIAL_FULL_PAGE_BODY_NOT_STORED_ENVIRONMENT_POLICY	false	false
assertion:4472d344d0c01a8b18c2e49b	effective:f1a4276a0e1a0970dc839383	capture:2ecb916106615174:coe-honduras-2017-el-laurel	route.coe.honduras-2017.explicit-top-jury	schema.coe.honduras-2017.explicit-top-jury.v1	PRIMARY_JURY_DESCRIPTION	Top Jury Descriptions	b170ca39053bb87d7c03416881c4130fbe064ec03957dff115b7c3df364219d6	restricted:coe_honduras_2017_top_jury.json#/records/1/fields/Top Jury Descriptions	https://allianceforcoffeeexcellence.org/farm-directory/91-81-2/		0188b6914675aaa274a322c064cc9b686d026f04563181ed92e0347b00b8c7b9		0fa4d381445cf48f267a02df70b24052a4279bd8c5a87d90d759a012fa715e59	en	BROAD_SENSORY		0fa4d381445cf48f267a02df70b24052a4279bd8c5a87d90d759a012fa715e59			P2	ORGANIZER_PUBLISHED_EXPLICIT_JURY_DESCRIPTION	EXPLICIT_TOP_JURY_LABEL_PAIRED_WITH_INTERNATIONAL_JUDGE_SCORE	restricted:coe_honduras_2017_top_jury.json#/records/1/fields/Top Jury Descriptions	PROVISIONAL_MACHINE_CLASSIFIED	AUTOMATED_PARSER	decision-6d2c63c5c606b5cb6dac43ac	rights-set-cdf209654cbe4a345a0f69cd				2026-08-28T04:30:00Z	2026-08-28T04:30:00Z	2ecb916106615174a12a05a01589ef2799d168765880a5b83e5416540f562053	453acfc3577f71686783139f9a6dad190ea8edcb188a778e2c8419166593cf95	WEB_INDEX_FIELD_CAPTURE_SHA256:2ecb916106615174a12a05a01589ef2799d168765880a5b83e5416540f562053;NOT_FULL_PAGE_BODY	OFFICIAL_FULL_PAGE_BODY_NOT_STORED_ENVIRONMENT_POLICY	round3m.field-parser.v1	round3m.live-adapters.v1	HASH_ONLY	OFFICIAL_FULL_PAGE_BODY_NOT_STORED_ENVIRONMENT_POLICY	false	false
assertion:44d17f48e4e40e84ba99416c	effective:ec2043706fc868557e7d7152	capture:44b83f0786a9909c:coe-peru-2025-la-catarata	route.coe.generic-sensory-field	schema.coe.generic-sensory-field.v1	GENERIC_ORGANIZER_SENSORY_FIELD	Aroma / Flavor	6ddda748d327ba9ec1a784d1d8f705180733aa3d78dce9d5ce8d7b802c7e4011	restricted:coe_peru_2025_generic.json#/records/0/fields/Aroma / Flavor	https://farmdirectory.cupofexcellence.org/listing/1-la-catarata-peru-2025/		4ed9a4d7707377e949145f0ae809422b1a318146143bb5e118176a0a5453338b		78e7771b8b46e11ddb34ba48887e1330525215f96d94778980d1186e6f09f6b4	en	STRICT_FLAVOR		78e7771b8b46e11ddb34ba48887e1330525215f96d94778980d1186e6f09f6b4			UNRESOLVED	GENERIC_ORGANIZER_FIELD_ORIGIN_UNRESOLVED	ORGANIZER_HOSTING_DOES_NOT_IDENTIFY_FIELD_AUTHOR	restricted:coe_peru_2025_generic.json#/records/0/fields/Aroma / Flavor	PROVISIONAL_MACHINE_CLASSIFIED	AUTOMATED_PARSER	decision-2f77509bc92a691b570d16a7	rights-set-0dcc1676fbcf27427287bd29				2026-08-28T04:30:00Z	2026-08-28T04:30:00Z	44b83f0786a9909c3f55fa4ba0f148aee15d75e54ae571918cc4350372b2a0f9	83b674daf22d57d7d42ea92c30fb3b3b2a7b4927b3da6505022238a26941cc1a	WEB_INDEX_FIELD_CAPTURE_SHA256:44b83f0786a9909c3f55fa4ba0f148aee15d75e54ae571918cc4350372b2a0f9;NOT_FULL_PAGE_BODY	OFFICIAL_FULL_PAGE_BODY_NOT_STORED_ENVIRONMENT_POLICY	round3m.field-parser.v1	round3m.live-adapters.v1	HASH_ONLY	OFFICIAL_FULL_PAGE_BODY_NOT_STORED_ENVIRONMENT_POLICY	false	false
assertion:4626a17d1be8eb480949a290	effective:f78304cd66c43e7b10ddb5ea	capture:2ecb916106615174:coe-honduras-2017-la-colmena	route.coe.honduras-2017.explicit-top-jury	schema.coe.honduras-2017.explicit-top-jury.v1	PRIMARY_JURY_DESCRIPTION	Top Jury Descriptions	b170ca39053bb87d7c03416881c4130fbe064ec03957dff115b7c3df364219d6	restricted:coe_honduras_2017_top_jury.json#/records/0/fields/Top Jury Descriptions	https://allianceforcoffeeexcellence.org/farm-directory/88-76-5/		8b7d4a8bd138750377087744921197587f05833ea20c913ca73b21fe60882c85		1ad25926af75be80d80a6551f4a80010e7436f774874de6d96a05b61d61493da	en	STRICT_FLAVOR		1ad25926af75be80d80a6551f4a80010e7436f774874de6d96a05b61d61493da			P2	ORGANIZER_PUBLISHED_EXPLICIT_JURY_DESCRIPTION	EXPLICIT_TOP_JURY_LABEL_PAIRED_WITH_INTERNATIONAL_JUDGE_SCORE	restricted:coe_honduras_2017_top_jury.json#/records/0/fields/Top Jury Descriptions	PROVISIONAL_MACHINE_CLASSIFIED	AUTOMATED_PARSER	decision-574905261799477db64371e8	rights-set-98a8b4c64ef5a282989b20ab				2026-08-28T04:30:00Z	2026-08-28T04:30:00Z	2ecb916106615174a12a05a01589ef2799d168765880a5b83e5416540f562053	453acfc3577f71686783139f9a6dad190ea8edcb188a778e2c8419166593cf95	WEB_INDEX_FIELD_CAPTURE_SHA256:2ecb916106615174a12a05a01589ef2799d168765880a5b83e5416540f562053;NOT_FULL_PAGE_BODY	OFFICIAL_FULL_PAGE_BODY_NOT_STORED_ENVIRONMENT_POLICY	round3m.field-parser.v1	round3m.live-adapters.v1	HASH_ONLY	OFFICIAL_FULL_PAGE_BODY_NOT_STORED_ENVIRONMENT_POLICY	false	false
assertion:4667dd01fe89ac37141a2150	effective:f78304cd66c43e7b10ddb5ea	capture:2ecb916106615174:coe-honduras-2017-la-colmena	route.coe.honduras-2017.explicit-top-jury	schema.coe.honduras-2017.explicit-top-jury.v1	PRIMARY_JURY_DESCRIPTION	Top Jury Descriptions	b170ca39053bb87d7c03416881c4130fbe064ec03957dff115b7c3df364219d6	restricted:coe_honduras_2017_top_jury.json#/records/0/fields/Top Jury Descriptions	https://allianceforcoffeeexcellence.org/farm-directory/88-76-5/		8b7d4a8bd138750377087744921197587f05833ea20c913ca73b21fe60882c85		e97407735e49029c96e5708c724fc9ce57b6335dba804a893320fcb7c0a07953	en	STRICT_FLAVOR		e97407735e49029c96e5708c724fc9ce57b6335dba804a893320fcb7c0a07953			P2	ORGANIZER_PUBLISHED_EXPLICIT_JURY_DESCRIPTION	EXPLICIT_TOP_JURY_LABEL_PAIRED_WITH_INTERNATIONAL_JUDGE_SCORE	restricted:coe_honduras_2017_top_jury.json#/records/0/fields/Top Jury Descriptions	PROVISIONAL_MACHINE_CLASSIFIED	AUTOMATED_PARSER	decision-cf493792b47d098c55e72233	rights-set-1d64a445a793af8c73bedb97				2026-08-28T04:30:00Z	2026-08-28T04:30:00Z	2ecb916106615174a12a05a01589ef2799d168765880a5b83e5416540f562053	453acfc3577f71686783139f9a6dad190ea8edcb188a778e2c8419166593cf95	WEB_INDEX_FIELD_CAPTURE_SHA256:2ecb916106615174a12a05a01589ef2799d168765880a5b83e5416540f562053;NOT_FULL_PAGE_BODY	OFFICIAL_FULL_PAGE_BODY_NOT_STORED_ENVIRONMENT_POLICY	round3m.field-parser.v1	round3m.live-adapters.v1	HASH_ONLY	OFFICIAL_FULL_PAGE_BODY_NOT_STORED_ENVIRONMENT_POLICY	false	false
assertion:4861e45654e75bbf06f15d2d	effective:e034410f41d662fd4a1c08f6	capture:717b9e1a3ef6400f:coe-colombia-south-2008-el-vergel-86-73	route.coe.colombia-south-2008.frequency-coded	schema.coe.colombia-south-2008.frequency-coded.v1	GENERIC_ORGANIZER_SENSORY_FIELD	Acidity	32857e06215ed58ae66ec40a2d2d8ce8bcb1d2c9942a72e171f17ca9d58c5e55	restricted:coe_colombia_south_2008_frequency.json#/records/1/fields/Acidity	https://allianceforcoffeeexcellence.org/farm-directory/86-73/		385d39ca74ed11d51aa179dc24fdf74121b9d5c629712f52324beaaa866bfdef		5c17109d20746ad75bc1bb9d345b114adc6dca927bd8ed3980c2aa8b1f37d944	en	BROAD_SENSORY		5c17109d20746ad75bc1bb9d345b114adc6dca927bd8ed3980c2aa8b1f37d944			UNRESOLVED	FREQUENCY_CODED_P1_CANDIDATE_ORIGIN_UNRESOLVED	FREQUENCY_SEMANTICS_DO_NOT_IDENTIFY_JUDGE_JURY_OR_PANEL_RESPONSES	restricted:coe_colombia_south_2008_frequency.json#/records/1/fields/Acidity	PROVISIONAL_MACHINE_CLASSIFIED	AUTOMATED_PARSER	decision-ee4ce08b6554ff7e170518c4	rights-set-c91ded3a24a03885ee0eef46		repeat-record-0f12ebc97e75230919018eb4		2026-08-28T04:30:00Z	2026-08-28T04:30:00Z	717b9e1a3ef6400fa334ddbaf80cb592125ddbdecaf67b0d6271f94bf7878033	f508ebc481c39b4755250f1422148accae73dc57099ecb164e666e07a12b9bc1	WEB_INDEX_FIELD_CAPTURE_SHA256:717b9e1a3ef6400fa334ddbaf80cb592125ddbdecaf67b0d6271f94bf7878033;NOT_FULL_PAGE_BODY	OFFICIAL_FULL_PAGE_BODY_NOT_STORED_ENVIRONMENT_POLICY	round3m.field-parser.v1	round3m.live-adapters.v1	HASH_ONLY	OFFICIAL_FULL_PAGE_BODY_NOT_STORED_ENVIRONMENT_POLICY	false	false
assertion:4b04b63ba577c8521208df8c	effective:aa8257ea7c527ff93620b889	capture:2ecb916106615174:coe-honduras-2017-el-roblar	route.coe.honduras-2017.explicit-top-jury	schema.coe.honduras-2017.explicit-top-jury.v1	PRIMARY_JURY_DESCRIPTION	Top Jury Descriptions	b170ca39053bb87d7c03416881c4130fbe064ec03957dff115b7c3df364219d6	restricted:coe_honduras_2017_top_jury.json#/records/3/fields/Top Jury Descriptions	https://allianceforcoffeeexcellence.org/farm-directory/88-00-5/		7eadc583046ae80f06521c7dc4467c125933cd133a2b3f92b4a0a56a8896ea79		b0d04ff05462189837234edb33e2dba634a7a415ca4b8ca6880f507688c6e5e9	en	STRICT_FLAVOR		b0d04ff05462189837234edb33e2dba634a7a415ca4b8ca6880f507688c6e5e9			P2	ORGANIZER_PUBLISHED_EXPLICIT_JURY_DESCRIPTION	EXPLICIT_TOP_JURY_LABEL_PAIRED_WITH_INTERNATIONAL_JUDGE_SCORE	restricted:coe_honduras_2017_top_jury.json#/records/3/fields/Top Jury Descriptions	PROVISIONAL_MACHINE_CLASSIFIED	AUTOMATED_PARSER	decision-e809b059b58da54c547da6c4	rights-set-954fe3f3cf66e86af820d963				2026-08-28T04:30:00Z	2026-08-28T04:30:00Z	2ecb916106615174a12a05a01589ef2799d168765880a5b83e5416540f562053	453acfc3577f71686783139f9a6dad190ea8edcb188a778e2c8419166593cf95	WEB_INDEX_FIELD_CAPTURE_SHA256:2ecb916106615174a12a05a01589ef2799d168765880a5b83e5416540f562053;NOT_FULL_PAGE_BODY	OFFICIAL_FULL_PAGE_BODY_NOT_STORED_ENVIRONMENT_POLICY	round3m.field-parser.v1	round3m.live-adapters.v1	HASH_ONLY	OFFICIAL_FULL_PAGE_BODY_NOT_STORED_ENVIRONMENT_POLICY	false	false
assertion:4bb2c8f38dd1d53bf6c465ea	effective:e034410f41d662fd4a1c08f6	capture:717b9e1a3ef6400f:coe-colombia-south-2008-el-vergel-86-73	route.coe.colombia-south-2008.frequency-coded	schema.coe.colombia-south-2008.frequency-coded.v1	GENERIC_ORGANIZER_SENSORY_FIELD	Acidity	32857e06215ed58ae66ec40a2d2d8ce8bcb1d2c9942a72e171f17ca9d58c5e55	restricted:coe_colombia_south_2008_frequency.json#/records/1/fields/Acidity	https://allianceforcoffeeexcellence.org/farm-directory/86-73/		385d39ca74ed11d51aa179dc24fdf74121b9d5c629712f52324beaaa866bfdef		3b02dc54b7f94f8453f38b840a81012925f766f5b0578db08d2501f625c7a2a6	en	BROAD_SENSORY		3b02dc54b7f94f8453f38b840a81012925f766f5b0578db08d2501f625c7a2a6			UNRESOLVED	FREQUENCY_CODED_P1_CANDIDATE_ORIGIN_UNRESOLVED	FREQUENCY_SEMANTICS_DO_NOT_IDENTIFY_JUDGE_JURY_OR_PANEL_RESPONSES	restricted:coe_colombia_south_2008_frequency.json#/records/1/fields/Acidity	PROVISIONAL_MACHINE_CLASSIFIED	AUTOMATED_PARSER	decision-e251f7ccc8a7d9d0f0b993dd	rights-set-77fadef792f88c99686ef39a				2026-08-28T04:30:00Z	2026-08-28T04:30:00Z	717b9e1a3ef6400fa334ddbaf80cb592125ddbdecaf67b0d6271f94bf7878033	f508ebc481c39b4755250f1422148accae73dc57099ecb164e666e07a12b9bc1	WEB_INDEX_FIELD_CAPTURE_SHA256:717b9e1a3ef6400fa334ddbaf80cb592125ddbdecaf67b0d6271f94bf7878033;NOT_FULL_PAGE_BODY	OFFICIAL_FULL_PAGE_BODY_NOT_STORED_ENVIRONMENT_POLICY	round3m.field-parser.v1	round3m.live-adapters.v1	HASH_ONLY	OFFICIAL_FULL_PAGE_BODY_NOT_STORED_ENVIRONMENT_POLICY	false	false
assertion:4c5dd8dc97ab79dc0b54b8c7	effective:0ec126e97dcb5ab048050233	capture:2ecb916106615174:coe-honduras-2017-el-liquidambo	route.coe.honduras-2017.explicit-top-jury	schema.coe.honduras-2017.explicit-top-jury.v1	PRIMARY_JURY_DESCRIPTION	Top Jury Descriptions	b170ca39053bb87d7c03416881c4130fbe064ec03957dff115b7c3df364219d6	restricted:coe_honduras_2017_top_jury.json#/records/4/fields/Top Jury Descriptions	https://allianceforcoffeeexcellence.org/farm-directory/89-22-4/		8ff7672a677fdf6f0ff19f16e5872ebb42848fb8efd944ef14c1e6a69d5e8e48		f1bc1abd2c1542f016311238199a982d411974b1b0d8f6a10bb8276b9ada306f	en	STRICT_FLAVOR		f1bc1abd2c1542f016311238199a982d411974b1b0d8f6a10bb8276b9ada306f			P2	ORGANIZER_PUBLISHED_EXPLICIT_JURY_DESCRIPTION	EXPLICIT_TOP_JURY_LABEL_PAIRED_WITH_INTERNATIONAL_JUDGE_SCORE	restricted:coe_honduras_2017_top_jury.json#/records/4/fields/Top Jury Descriptions	PROVISIONAL_MACHINE_CLASSIFIED	AUTOMATED_PARSER	decision-a7a14eafb65e3768f23b76ed	rights-set-92c2fcb6ba07c57ebbcaeb72				2026-08-28T04:30:00Z	2026-08-28T04:30:00Z	2ecb916106615174a12a05a01589ef2799d168765880a5b83e5416540f562053	453acfc3577f71686783139f9a6dad190ea8edcb188a778e2c8419166593cf95	WEB_INDEX_FIELD_CAPTURE_SHA256:2ecb916106615174a12a05a01589ef2799d168765880a5b83e5416540f562053;NOT_FULL_PAGE_BODY	OFFICIAL_FULL_PAGE_BODY_NOT_STORED_ENVIRONMENT_POLICY	round3m.field-parser.v1	round3m.live-adapters.v1	HASH_ONLY	OFFICIAL_FULL_PAGE_BODY_NOT_STORED_ENVIRONMENT_POLICY	false	false
assertion:5071d2b5778357668f4e2f3c	effective:417f9b9adcf3826aa8f3ac12	capture:2ecb916106615174:coe-honduras-2017-el-cedro	route.coe.honduras-2017.explicit-top-jury	schema.coe.honduras-2017.explicit-top-jury.v1	PRIMARY_JURY_DESCRIPTION	Top Jury Descriptions	b170ca39053bb87d7c03416881c4130fbe064ec03957dff115b7c3df364219d6	restricted:coe_honduras_2017_top_jury.json#/records/2/fields/Top Jury Descriptions	https://allianceforcoffeeexcellence.org/farm-directory/88-62-5/		b237a10caf5b846b28ae9e233b69a78264f9f7adc19901074c32f12e3ff8a18b		71a6bf62b330d44f89e15dc44f984c0951a633a8ad47a7802504361b252607f4	en	BROAD_SENSORY		71a6bf62b330d44f89e15dc44f984c0951a633a8ad47a7802504361b252607f4			P2	ORGANIZER_PUBLISHED_EXPLICIT_JURY_DESCRIPTION	EXPLICIT_TOP_JURY_LABEL_PAIRED_WITH_INTERNATIONAL_JUDGE_SCORE	restricted:coe_honduras_2017_top_jury.json#/records/2/fields/Top Jury Descriptions	PROVISIONAL_MACHINE_CLASSIFIED	AUTOMATED_PARSER	decision-28f85baadae92f6402213da1	rights-set-d7a79320482aa7f2130d3ca8				2026-08-28T04:30:00Z	2026-08-28T04:30:00Z	2ecb916106615174a12a05a01589ef2799d168765880a5b83e5416540f562053	453acfc3577f71686783139f9a6dad190ea8edcb188a778e2c8419166593cf95	WEB_INDEX_FIELD_CAPTURE_SHA256:2ecb916106615174a12a05a01589ef2799d168765880a5b83e5416540f562053;NOT_FULL_PAGE_BODY	OFFICIAL_FULL_PAGE_BODY_NOT_STORED_ENVIRONMENT_POLICY	round3m.field-parser.v1	round3m.live-adapters.v1	HASH_ONLY	OFFICIAL_FULL_PAGE_BODY_NOT_STORED_ENVIRONMENT_POLICY	false	false
assertion:50cd714d2d4cf8be41b472a7	effective:0ec126e97dcb5ab048050233	capture:2ecb916106615174:coe-honduras-2017-el-liquidambo	route.coe.honduras-2017.explicit-top-jury	schema.coe.honduras-2017.explicit-top-jury.v1	PRIMARY_JURY_DESCRIPTION	Top Jury Descriptions	b170ca39053bb87d7c03416881c4130fbe064ec03957dff115b7c3df364219d6	restricted:coe_honduras_2017_top_jury.json#/records/4/fields/Top Jury Descriptions	https://allianceforcoffeeexcellence.org/farm-directory/89-22-4/		8ff7672a677fdf6f0ff19f16e5872ebb42848fb8efd944ef14c1e6a69d5e8e48		b3e1df68e72a3312e8c59937a2bcd358ab6fe29ce1178035b38da0c315406131	en	BROAD_SENSORY		b3e1df68e72a3312e8c59937a2bcd358ab6fe29ce1178035b38da0c315406131			P2	ORGANIZER_PUBLISHED_EXPLICIT_JURY_DESCRIPTION	EXPLICIT_TOP_JURY_LABEL_PAIRED_WITH_INTERNATIONAL_JUDGE_SCORE	restricted:coe_honduras_2017_top_jury.json#/records/4/fields/Top Jury Descriptions	PROVISIONAL_MACHINE_CLASSIFIED	AUTOMATED_PARSER	decision-c64468dc2952fd56b226f461	rights-set-99dd8ece3552e16fb04b940e				2026-08-28T04:30:00Z	2026-08-28T04:30:00Z	2ecb916106615174a12a05a01589ef2799d168765880a5b83e5416540f562053	453acfc3577f71686783139f9a6dad190ea8edcb188a778e2c8419166593cf95	WEB_INDEX_FIELD_CAPTURE_SHA256:2ecb916106615174a12a05a01589ef2799d168765880a5b83e5416540f562053;NOT_FULL_PAGE_BODY	OFFICIAL_FULL_PAGE_BODY_NOT_STORED_ENVIRONMENT_POLICY	round3m.field-parser.v1	round3m.live-adapters.v1	HASH_ONLY	OFFICIAL_FULL_PAGE_BODY_NOT_STORED_ENVIRONMENT_POLICY	false	false
assertion:5330fc648d4dcc16582f8052	effective:417f9b9adcf3826aa8f3ac12	capture:2ecb916106615174:coe-honduras-2017-el-cedro	route.coe.honduras-2017.explicit-top-jury	schema.coe.honduras-2017.explicit-top-jury.v1	PRIMARY_JURY_DESCRIPTION	Top Jury Descriptions	b170ca39053bb87d7c03416881c4130fbe064ec03957dff115b7c3df364219d6	restricted:coe_honduras_2017_top_jury.json#/records/2/fields/Top Jury Descriptions	https://allianceforcoffeeexcellence.org/farm-directory/88-62-5/		b237a10caf5b846b28ae9e233b69a78264f9f7adc19901074c32f12e3ff8a18b		61cb67a673022cd3469d95f16c690244886acc9f311d8576c8d653666b76d1c5	en	BROAD_SENSORY		61cb67a673022cd3469d95f16c690244886acc9f311d8576c8d653666b76d1c5			P2	ORGANIZER_PUBLISHED_EXPLICIT_JURY_DESCRIPTION	EXPLICIT_TOP_JURY_LABEL_PAIRED_WITH_INTERNATIONAL_JUDGE_SCORE	restricted:coe_honduras_2017_top_jury.json#/records/2/fields/Top Jury Descriptions	PROVISIONAL_MACHINE_CLASSIFIED	AUTOMATED_PARSER	decision-30c3a3ccd183e3237437b970	rights-set-5c22c86abc3b48f1b82b7714				2026-08-28T04:30:00Z	2026-08-28T04:30:00Z	2ecb916106615174a12a05a01589ef2799d168765880a5b83e5416540f562053	453acfc3577f71686783139f9a6dad190ea8edcb188a778e2c8419166593cf95	WEB_INDEX_FIELD_CAPTURE_SHA256:2ecb916106615174a12a05a01589ef2799d168765880a5b83e5416540f562053;NOT_FULL_PAGE_BODY	OFFICIAL_FULL_PAGE_BODY_NOT_STORED_ENVIRONMENT_POLICY	round3m.field-parser.v1	round3m.live-adapters.v1	HASH_ONLY	OFFICIAL_FULL_PAGE_BODY_NOT_STORED_ENVIRONMENT_POLICY	false	false
assertion:58eaef75e49c9124420bbec2	effective:6e0f618d2337d1668cd026ec	capture:717b9e1a3ef6400f:coe-colombia-south-2008-la-esperanza-87-18	route.coe.colombia-south-2008.frequency-coded	schema.coe.colombia-south-2008.frequency-coded.v1	GENERIC_ORGANIZER_SENSORY_FIELD	Aroma/Flavor	bad6de9899c7f38162119c05d6f7b40fffd698626f8bc6114670b56219bc2d34	restricted:coe_colombia_south_2008_frequency.json#/records/0/fields/Aroma/Flavor	https://allianceforcoffeeexcellence.org/farm-directory/87-18-2/		3a8d6e2f7d4a94aa3ed3b59bb42eba92f2d90d3f0e4f5c7b29f6446955830657		dca63bd6e65a45927827e3a90d27109f0c5054e151a04c0bff1fbe0aa22d4c0a	en	BROAD_SENSORY		dca63bd6e65a45927827e3a90d27109f0c5054e151a04c0bff1fbe0aa22d4c0a			UNRESOLVED	FREQUENCY_CODED_P1_CANDIDATE_ORIGIN_UNRESOLVED	FREQUENCY_SEMANTICS_DO_NOT_IDENTIFY_JUDGE_JURY_OR_PANEL_RESPONSES	restricted:coe_colombia_south_2008_frequency.json#/records/0/fields/Aroma/Flavor	PROVISIONAL_MACHINE_CLASSIFIED	AUTOMATED_PARSER	decision-a203b9574fc51d06704b7a8c	rights-set-a5dbd92a26baf9779ddb40ad				2026-08-28T04:30:00Z	2026-08-28T04:30:00Z	717b9e1a3ef6400fa334ddbaf80cb592125ddbdecaf67b0d6271f94bf7878033	f508ebc481c39b4755250f1422148accae73dc57099ecb164e666e07a12b9bc1	WEB_INDEX_FIELD_CAPTURE_SHA256:717b9e1a3ef6400fa334ddbaf80cb592125ddbdecaf67b0d6271f94bf7878033;NOT_FULL_PAGE_BODY	OFFICIAL_FULL_PAGE_BODY_NOT_STORED_ENVIRONMENT_POLICY	round3m.field-parser.v1	round3m.live-adapters.v1	HASH_ONLY	OFFICIAL_FULL_PAGE_BODY_NOT_STORED_ENVIRONMENT_POLICY	false	false
assertion:5a3d2f526bec80e47cda37b3	effective:417f9b9adcf3826aa8f3ac12	capture:2ecb916106615174:coe-honduras-2017-el-cedro	route.coe.honduras-2017.explicit-top-jury	schema.coe.honduras-2017.explicit-top-jury.v1	PRIMARY_JURY_DESCRIPTION	Top Jury Descriptions	b170ca39053bb87d7c03416881c4130fbe064ec03957dff115b7c3df364219d6	restricted:coe_honduras_2017_top_jury.json#/records/2/fields/Top Jury Descriptions	https://allianceforcoffeeexcellence.org/farm-directory/88-62-5/		b237a10caf5b846b28ae9e233b69a78264f9f7adc19901074c32f12e3ff8a18b		37ecf521c8f469c92ce485da3ed4de7f257837873f92d012257308dfac63a567	en	STRICT_FLAVOR		37ecf521c8f469c92ce485da3ed4de7f257837873f92d012257308dfac63a567			P2	ORGANIZER_PUBLISHED_EXPLICIT_JURY_DESCRIPTION	EXPLICIT_TOP_JURY_LABEL_PAIRED_WITH_INTERNATIONAL_JUDGE_SCORE	restricted:coe_honduras_2017_top_jury.json#/records/2/fields/Top Jury Descriptions	PROVISIONAL_MACHINE_CLASSIFIED	AUTOMATED_PARSER	decision-0b40d1ed2722469ce1b3ea83	rights-set-f32e434c7b87876b7bf4265e				2026-08-28T04:30:00Z	2026-08-28T04:30:00Z	2ecb916106615174a12a05a01589ef2799d168765880a5b83e5416540f562053	453acfc3577f71686783139f9a6dad190ea8edcb188a778e2c8419166593cf95	WEB_INDEX_FIELD_CAPTURE_SHA256:2ecb916106615174a12a05a01589ef2799d168765880a5b83e5416540f562053;NOT_FULL_PAGE_BODY	OFFICIAL_FULL_PAGE_BODY_NOT_STORED_ENVIRONMENT_POLICY	round3m.field-parser.v1	round3m.live-adapters.v1	HASH_ONLY	OFFICIAL_FULL_PAGE_BODY_NOT_STORED_ENVIRONMENT_POLICY	false	false
assertion:63b110c1f10cf852dc7e5a4a	effective:f78304cd66c43e7b10ddb5ea	capture:2ecb916106615174:coe-honduras-2017-la-colmena	route.coe.honduras-2017.explicit-top-jury	schema.coe.honduras-2017.explicit-top-jury.v1	PRIMARY_JURY_DESCRIPTION	Top Jury Descriptions	b170ca39053bb87d7c03416881c4130fbe064ec03957dff115b7c3df364219d6	restricted:coe_honduras_2017_top_jury.json#/records/0/fields/Top Jury Descriptions	https://allianceforcoffeeexcellence.org/farm-directory/88-76-5/		8b7d4a8bd138750377087744921197587f05833ea20c913ca73b21fe60882c85		9b93e56bac7dafe920105787c5b3377827cb129ebea9b78df9488da3449360ce	en	BROAD_SENSORY		9b93e56bac7dafe920105787c5b3377827cb129ebea9b78df9488da3449360ce			P2	ORGANIZER_PUBLISHED_EXPLICIT_JURY_DESCRIPTION	EXPLICIT_TOP_JURY_LABEL_PAIRED_WITH_INTERNATIONAL_JUDGE_SCORE	restricted:coe_honduras_2017_top_jury.json#/records/0/fields/Top Jury Descriptions	PROVISIONAL_MACHINE_CLASSIFIED	AUTOMATED_PARSER	decision-d6593366ee23fc49100e6b71	rights-set-b51afbf190606a610f35cc08				2026-08-28T04:30:00Z	2026-08-28T04:30:00Z	2ecb916106615174a12a05a01589ef2799d168765880a5b83e5416540f562053	453acfc3577f71686783139f9a6dad190ea8edcb188a778e2c8419166593cf95	WEB_INDEX_FIELD_CAPTURE_SHA256:2ecb916106615174a12a05a01589ef2799d168765880a5b83e5416540f562053;NOT_FULL_PAGE_BODY	OFFICIAL_FULL_PAGE_BODY_NOT_STORED_ENVIRONMENT_POLICY	round3m.field-parser.v1	round3m.live-adapters.v1	HASH_ONLY	OFFICIAL_FULL_PAGE_BODY_NOT_STORED_ENVIRONMENT_POLICY	false	false
assertion:6470580bd131ce12a87c9423	effective:ec2043706fc868557e7d7152	capture:44b83f0786a9909c:coe-peru-2025-la-catarata	route.coe.generic-sensory-field	schema.coe.generic-sensory-field.v1	GENERIC_ORGANIZER_SENSORY_FIELD	Acidity	32857e06215ed58ae66ec40a2d2d8ce8bcb1d2c9942a72e171f17ca9d58c5e55	restricted:coe_peru_2025_generic.json#/records/0/fields/Acidity	https://farmdirectory.cupofexcellence.org/listing/1-la-catarata-peru-2025/		81d2843c7a69d09f5edfd265df7cac7a96bf03ba4245feac19493a2d4cb080c8		81d2843c7a69d09f5edfd265df7cac7a96bf03ba4245feac19493a2d4cb080c8	en	BROAD_SENSORY		81d2843c7a69d09f5edfd265df7cac7a96bf03ba4245feac19493a2d4cb080c8			UNRESOLVED	GENERIC_ORGANIZER_FIELD_ORIGIN_UNRESOLVED	ORGANIZER_HOSTING_DOES_NOT_IDENTIFY_FIELD_AUTHOR	restricted:coe_peru_2025_generic.json#/records/0/fields/Acidity	PROVISIONAL_MACHINE_CLASSIFIED	AUTOMATED_PARSER	decision-804f1ddc00d8ac8e240ead3f	rights-set-bb02cdf68f808584f8617f83				2026-08-28T04:30:00Z	2026-08-28T04:30:00Z	44b83f0786a9909c3f55fa4ba0f148aee15d75e54ae571918cc4350372b2a0f9	83b674daf22d57d7d42ea92c30fb3b3b2a7b4927b3da6505022238a26941cc1a	WEB_INDEX_FIELD_CAPTURE_SHA256:44b83f0786a9909c3f55fa4ba0f148aee15d75e54ae571918cc4350372b2a0f9;NOT_FULL_PAGE_BODY	OFFICIAL_FULL_PAGE_BODY_NOT_STORED_ENVIRONMENT_POLICY	round3m.field-parser.v1	round3m.live-adapters.v1	HASH_ONLY	OFFICIAL_FULL_PAGE_BODY_NOT_STORED_ENVIRONMENT_POLICY	false	false
assertion:64a8d973d1d9c9152c95d0a6	effective:e034410f41d662fd4a1c08f6	capture:717b9e1a3ef6400f:coe-colombia-south-2008-el-vergel-86-73	route.coe.colombia-south-2008.frequency-coded	schema.coe.colombia-south-2008.frequency-coded.v1	GENERIC_ORGANIZER_SENSORY_FIELD	Aroma/Flavor	bad6de9899c7f38162119c05d6f7b40fffd698626f8bc6114670b56219bc2d34	restricted:coe_colombia_south_2008_frequency.json#/records/1/fields/Aroma/Flavor	https://allianceforcoffeeexcellence.org/farm-directory/86-73/		8135b1e52d0f49f8e1174f797cb31bfb639577c1312325f678f4c7dc5ee13ec4		a97b0931730e83fbf9284ff00a4c5f7a4eef2189dddb89319a6dfa5871e28923	en	BROAD_SENSORY		a97b0931730e83fbf9284ff00a4c5f7a4eef2189dddb89319a6dfa5871e28923			UNRESOLVED	FREQUENCY_CODED_P1_CANDIDATE_ORIGIN_UNRESOLVED	FREQUENCY_SEMANTICS_DO_NOT_IDENTIFY_JUDGE_JURY_OR_PANEL_RESPONSES	restricted:coe_colombia_south_2008_frequency.json#/records/1/fields/Aroma/Flavor	PROVISIONAL_MACHINE_CLASSIFIED	AUTOMATED_PARSER	decision-bac4ddaaf7fa8fc74dc1f8fc	rights-set-08ae8029c5f79fde5d01e630				2026-08-28T04:30:00Z	2026-08-28T04:30:00Z	717b9e1a3ef6400fa334ddbaf80cb592125ddbdecaf67b0d6271f94bf7878033	f508ebc481c39b4755250f1422148accae73dc57099ecb164e666e07a12b9bc1	WEB_INDEX_FIELD_CAPTURE_SHA256:717b9e1a3ef6400fa334ddbaf80cb592125ddbdecaf67b0d6271f94bf7878033;NOT_FULL_PAGE_BODY	OFFICIAL_FULL_PAGE_BODY_NOT_STORED_ENVIRONMENT_POLICY	round3m.field-parser.v1	round3m.live-adapters.v1	HASH_ONLY	OFFICIAL_FULL_PAGE_BODY_NOT_STORED_ENVIRONMENT_POLICY	false	false
assertion:64e1b55464ca667e03d8c836	effective:6e0f618d2337d1668cd026ec	capture:717b9e1a3ef6400f:coe-colombia-south-2008-la-esperanza-87-18	route.coe.colombia-south-2008.frequency-coded	schema.coe.colombia-south-2008.frequency-coded.v1	GENERIC_ORGANIZER_SENSORY_FIELD	Aroma/Flavor	bad6de9899c7f38162119c05d6f7b40fffd698626f8bc6114670b56219bc2d34	restricted:coe_colombia_south_2008_frequency.json#/records/0/fields/Aroma/Flavor	https://allianceforcoffeeexcellence.org/farm-directory/87-18-2/		3a8d6e2f7d4a94aa3ed3b59bb42eba92f2d90d3f0e4f5c7b29f6446955830657		f464d7d71c06e47a535ce441aa202aa717cddeab902a45b0c283aac7a9a090d7	en	STRICT_FLAVOR		f464d7d71c06e47a535ce441aa202aa717cddeab902a45b0c283aac7a9a090d7			UNRESOLVED	FREQUENCY_CODED_P1_CANDIDATE_ORIGIN_UNRESOLVED	FREQUENCY_SEMANTICS_DO_NOT_IDENTIFY_JUDGE_JURY_OR_PANEL_RESPONSES	restricted:coe_colombia_south_2008_frequency.json#/records/0/fields/Aroma/Flavor	PROVISIONAL_MACHINE_CLASSIFIED	AUTOMATED_PARSER	decision-dc0fbd8705c0ad65f4da51cb	rights-set-5348f7be0d231b0a2c4f869a	repeat-field-db37fa0abae7e91a5fb0a81c	repeat-record-714a85e17bd34a0ffc74f46c		2026-08-28T04:30:00Z	2026-08-28T04:30:00Z	717b9e1a3ef6400fa334ddbaf80cb592125ddbdecaf67b0d6271f94bf7878033	f508ebc481c39b4755250f1422148accae73dc57099ecb164e666e07a12b9bc1	WEB_INDEX_FIELD_CAPTURE_SHA256:717b9e1a3ef6400fa334ddbaf80cb592125ddbdecaf67b0d6271f94bf7878033;NOT_FULL_PAGE_BODY	OFFICIAL_FULL_PAGE_BODY_NOT_STORED_ENVIRONMENT_POLICY	round3m.field-parser.v1	round3m.live-adapters.v1	HASH_ONLY	OFFICIAL_FULL_PAGE_BODY_NOT_STORED_ENVIRONMENT_POLICY	false	false
assertion:64f02b3371b91dcec1ed387d	effective:0ec126e97dcb5ab048050233	capture:2ecb916106615174:coe-honduras-2017-el-liquidambo	route.coe.honduras-2017.explicit-top-jury	schema.coe.honduras-2017.explicit-top-jury.v1	PRIMARY_JURY_DESCRIPTION	Top Jury Descriptions	b170ca39053bb87d7c03416881c4130fbe064ec03957dff115b7c3df364219d6	restricted:coe_honduras_2017_top_jury.json#/records/4/fields/Top Jury Descriptions	https://allianceforcoffeeexcellence.org/farm-directory/89-22-4/		8ff7672a677fdf6f0ff19f16e5872ebb42848fb8efd944ef14c1e6a69d5e8e48		e30970665ed2e34594c2645ba9d3c307b36fc95efb92136b18ebdeee48b9072b	en	STRICT_FLAVOR		e30970665ed2e34594c2645ba9d3c307b36fc95efb92136b18ebdeee48b9072b			P2	ORGANIZER_PUBLISHED_EXPLICIT_JURY_DESCRIPTION	EXPLICIT_TOP_JURY_LABEL_PAIRED_WITH_INTERNATIONAL_JUDGE_SCORE	restricted:coe_honduras_2017_top_jury.json#/records/4/fields/Top Jury Descriptions	PROVISIONAL_MACHINE_CLASSIFIED	AUTOMATED_PARSER	decision-8aa880f7159b5753be175131	rights-set-b70dd188be01826ee7dddd29				2026-08-28T04:30:00Z	2026-08-28T04:30:00Z	2ecb916106615174a12a05a01589ef2799d168765880a5b83e5416540f562053	453acfc3577f71686783139f9a6dad190ea8edcb188a778e2c8419166593cf95	WEB_INDEX_FIELD_CAPTURE_SHA256:2ecb916106615174a12a05a01589ef2799d168765880a5b83e5416540f562053;NOT_FULL_PAGE_BODY	OFFICIAL_FULL_PAGE_BODY_NOT_STORED_ENVIRONMENT_POLICY	round3m.field-parser.v1	round3m.live-adapters.v1	HASH_ONLY	OFFICIAL_FULL_PAGE_BODY_NOT_STORED_ENVIRONMENT_POLICY	false	false
assertion:6707d8bcf9760123d5ff93cd	effective:f78304cd66c43e7b10ddb5ea	capture:2ecb916106615174:coe-honduras-2017-la-colmena	route.coe.honduras-2017.explicit-top-jury	schema.coe.honduras-2017.explicit-top-jury.v1	PRIMARY_JURY_DESCRIPTION	Top Jury Descriptions	b170ca39053bb87d7c03416881c4130fbe064ec03957dff115b7c3df364219d6	restricted:coe_honduras_2017_top_jury.json#/records/0/fields/Top Jury Descriptions	https://allianceforcoffeeexcellence.org/farm-directory/88-76-5/		8b7d4a8bd138750377087744921197587f05833ea20c913ca73b21fe60882c85		f464d7d71c06e47a535ce441aa202aa717cddeab902a45b0c283aac7a9a090d7	en	STRICT_FLAVOR		f464d7d71c06e47a535ce441aa202aa717cddeab902a45b0c283aac7a9a090d7			P2	ORGANIZER_PUBLISHED_EXPLICIT_JURY_DESCRIPTION	EXPLICIT_TOP_JURY_LABEL_PAIRED_WITH_INTERNATIONAL_JUDGE_SCORE	restricted:coe_honduras_2017_top_jury.json#/records/0/fields/Top Jury Descriptions	PROVISIONAL_MACHINE_CLASSIFIED	AUTOMATED_PARSER	decision-34abbc1f9d4cd2b22d66daee	rights-set-15a85d53772f64c0e59f5121				2026-08-28T04:30:00Z	2026-08-28T04:30:00Z	2ecb916106615174a12a05a01589ef2799d168765880a5b83e5416540f562053	453acfc3577f71686783139f9a6dad190ea8edcb188a778e2c8419166593cf95	WEB_INDEX_FIELD_CAPTURE_SHA256:2ecb916106615174a12a05a01589ef2799d168765880a5b83e5416540f562053;NOT_FULL_PAGE_BODY	OFFICIAL_FULL_PAGE_BODY_NOT_STORED_ENVIRONMENT_POLICY	round3m.field-parser.v1	round3m.live-adapters.v1	HASH_ONLY	OFFICIAL_FULL_PAGE_BODY_NOT_STORED_ENVIRONMENT_POLICY	false	false
assertion:686608b48f94da42d687007a	effective:aa8257ea7c527ff93620b889	capture:2ecb916106615174:coe-honduras-2017-el-roblar	route.coe.honduras-2017.explicit-top-jury	schema.coe.honduras-2017.explicit-top-jury.v1	PRIMARY_JURY_DESCRIPTION	Top Jury Descriptions	b170ca39053bb87d7c03416881c4130fbe064ec03957dff115b7c3df364219d6	restricted:coe_honduras_2017_top_jury.json#/records/3/fields/Top Jury Descriptions	https://allianceforcoffeeexcellence.org/farm-directory/88-00-5/		7eadc583046ae80f06521c7dc4467c125933cd133a2b3f92b4a0a56a8896ea79		5e737f891db1175442a39fde73e51d781a545506d71c95477a6deb5988bd7f9a	en	STRICT_FLAVOR		5e737f891db1175442a39fde73e51d781a545506d71c95477a6deb5988bd7f9a			P2	ORGANIZER_PUBLISHED_EXPLICIT_JURY_DESCRIPTION	EXPLICIT_TOP_JURY_LABEL_PAIRED_WITH_INTERNATIONAL_JUDGE_SCORE	restricted:coe_honduras_2017_top_jury.json#/records/3/fields/Top Jury Descriptions	PROVISIONAL_MACHINE_CLASSIFIED	AUTOMATED_PARSER	decision-8fe758a3da4c5e7e14e80b9c	rights-set-623e584f44b021ed1515a28a				2026-08-28T04:30:00Z	2026-08-28T04:30:00Z	2ecb916106615174a12a05a01589ef2799d168765880a5b83e5416540f562053	453acfc3577f71686783139f9a6dad190ea8edcb188a778e2c8419166593cf95	WEB_INDEX_FIELD_CAPTURE_SHA256:2ecb916106615174a12a05a01589ef2799d168765880a5b83e5416540f562053;NOT_FULL_PAGE_BODY	OFFICIAL_FULL_PAGE_BODY_NOT_STORED_ENVIRONMENT_POLICY	round3m.field-parser.v1	round3m.live-adapters.v1	HASH_ONLY	OFFICIAL_FULL_PAGE_BODY_NOT_STORED_ENVIRONMENT_POLICY	false	false
assertion:6afe203a93aa6a0ce8818aa9	effective:e034410f41d662fd4a1c08f6	capture:717b9e1a3ef6400f:coe-colombia-south-2008-el-vergel-86-73	route.coe.colombia-south-2008.frequency-coded	schema.coe.colombia-south-2008.frequency-coded.v1	GENERIC_ORGANIZER_SENSORY_FIELD	Aroma/Flavor	bad6de9899c7f38162119c05d6f7b40fffd698626f8bc6114670b56219bc2d34	restricted:coe_colombia_south_2008_frequency.json#/records/1/fields/Aroma/Flavor	https://allianceforcoffeeexcellence.org/farm-directory/86-73/		8135b1e52d0f49f8e1174f797cb31bfb639577c1312325f678f4c7dc5ee13ec4		0b61ac5d9426518ad7908a62037255c6881f9a5fa404ef3b99c24baa2111a174	en	BROAD_SENSORY		0b61ac5d9426518ad7908a62037255c6881f9a5fa404ef3b99c24baa2111a174			UNRESOLVED	FREQUENCY_CODED_P1_CANDIDATE_ORIGIN_UNRESOLVED	FREQUENCY_SEMANTICS_DO_NOT_IDENTIFY_JUDGE_JURY_OR_PANEL_RESPONSES	restricted:coe_colombia_south_2008_frequency.json#/records/1/fields/Aroma/Flavor	PROVISIONAL_MACHINE_CLASSIFIED	AUTOMATED_PARSER	decision-9d91e52a5f511bad0c7e6c51	rights-set-a99ed03559895a05ee38da79				2026-08-28T04:30:00Z	2026-08-28T04:30:00Z	717b9e1a3ef6400fa334ddbaf80cb592125ddbdecaf67b0d6271f94bf7878033	f508ebc481c39b4755250f1422148accae73dc57099ecb164e666e07a12b9bc1	WEB_INDEX_FIELD_CAPTURE_SHA256:717b9e1a3ef6400fa334ddbaf80cb592125ddbdecaf67b0d6271f94bf7878033;NOT_FULL_PAGE_BODY	OFFICIAL_FULL_PAGE_BODY_NOT_STORED_ENVIRONMENT_POLICY	round3m.field-parser.v1	round3m.live-adapters.v1	HASH_ONLY	OFFICIAL_FULL_PAGE_BODY_NOT_STORED_ENVIRONMENT_POLICY	false	false
assertion:6f9a206b3bf59bca1f3c17f1	effective:417f9b9adcf3826aa8f3ac12	capture:2ecb916106615174:coe-honduras-2017-el-cedro	route.coe.honduras-2017.explicit-top-jury	schema.coe.honduras-2017.explicit-top-jury.v1	PRIMARY_JURY_DESCRIPTION	Top Jury Descriptions	b170ca39053bb87d7c03416881c4130fbe064ec03957dff115b7c3df364219d6	restricted:coe_honduras_2017_top_jury.json#/records/2/fields/Top Jury Descriptions	https://allianceforcoffeeexcellence.org/farm-directory/88-62-5/		b237a10caf5b846b28ae9e233b69a78264f9f7adc19901074c32f12e3ff8a18b		c9e199ad7ecffc6901ddf353dd95a0842bd008269da76d00da63cdb43fbb0286	en	STRICT_FLAVOR		c9e199ad7ecffc6901ddf353dd95a0842bd008269da76d00da63cdb43fbb0286			P2	ORGANIZER_PUBLISHED_EXPLICIT_JURY_DESCRIPTION	EXPLICIT_TOP_JURY_LABEL_PAIRED_WITH_INTERNATIONAL_JUDGE_SCORE	restricted:coe_honduras_2017_top_jury.json#/records/2/fields/Top Jury Descriptions	PROVISIONAL_MACHINE_CLASSIFIED	AUTOMATED_PARSER	decision-00c0a0f475bce7e96a399a5a	rights-set-66b8227c2cd16be6af0ba15a				2026-08-28T04:30:00Z	2026-08-28T04:30:00Z	2ecb916106615174a12a05a01589ef2799d168765880a5b83e5416540f562053	453acfc3577f71686783139f9a6dad190ea8edcb188a778e2c8419166593cf95	WEB_INDEX_FIELD_CAPTURE_SHA256:2ecb916106615174a12a05a01589ef2799d168765880a5b83e5416540f562053;NOT_FULL_PAGE_BODY	OFFICIAL_FULL_PAGE_BODY_NOT_STORED_ENVIRONMENT_POLICY	round3m.field-parser.v1	round3m.live-adapters.v1	HASH_ONLY	OFFICIAL_FULL_PAGE_BODY_NOT_STORED_ENVIRONMENT_POLICY	false	false
assertion:6ff695c89c0b1ca67d95f7d2	effective:f78304cd66c43e7b10ddb5ea	capture:2ecb916106615174:coe-honduras-2017-la-colmena	route.coe.honduras-2017.explicit-top-jury	schema.coe.honduras-2017.explicit-top-jury.v1	PRIMARY_JURY_DESCRIPTION	Top Jury Descriptions	b170ca39053bb87d7c03416881c4130fbe064ec03957dff115b7c3df364219d6	restricted:coe_honduras_2017_top_jury.json#/records/0/fields/Top Jury Descriptions	https://allianceforcoffeeexcellence.org/farm-directory/88-76-5/		8b7d4a8bd138750377087744921197587f05833ea20c913ca73b21fe60882c85		533703fd6141e25f565fa24dee8ada19e1765495adb3daae56565b3bb6b4957a	en	BROAD_SENSORY		533703fd6141e25f565fa24dee8ada19e1765495adb3daae56565b3bb6b4957a			P2	ORGANIZER_PUBLISHED_EXPLICIT_JURY_DESCRIPTION	EXPLICIT_TOP_JURY_LABEL_PAIRED_WITH_INTERNATIONAL_JUDGE_SCORE	restricted:coe_honduras_2017_top_jury.json#/records/0/fields/Top Jury Descriptions	PROVISIONAL_MACHINE_CLASSIFIED	AUTOMATED_PARSER	decision-e897de620cb29ab71a3f796e	rights-set-af57c4a8e10a033fdbe51c03				2026-08-28T04:30:00Z	2026-08-28T04:30:00Z	2ecb916106615174a12a05a01589ef2799d168765880a5b83e5416540f562053	453acfc3577f71686783139f9a6dad190ea8edcb188a778e2c8419166593cf95	WEB_INDEX_FIELD_CAPTURE_SHA256:2ecb916106615174a12a05a01589ef2799d168765880a5b83e5416540f562053;NOT_FULL_PAGE_BODY	OFFICIAL_FULL_PAGE_BODY_NOT_STORED_ENVIRONMENT_POLICY	round3m.field-parser.v1	round3m.live-adapters.v1	HASH_ONLY	OFFICIAL_FULL_PAGE_BODY_NOT_STORED_ENVIRONMENT_POLICY	false	false
assertion:729d5ead4c41f084db904b80	effective:417f9b9adcf3826aa8f3ac12	capture:2ecb916106615174:coe-honduras-2017-el-cedro	route.coe.honduras-2017.explicit-top-jury	schema.coe.honduras-2017.explicit-top-jury.v1	PRIMARY_JURY_DESCRIPTION	Top Jury Descriptions	b170ca39053bb87d7c03416881c4130fbe064ec03957dff115b7c3df364219d6	restricted:coe_honduras_2017_top_jury.json#/records/2/fields/Top Jury Descriptions	https://allianceforcoffeeexcellence.org/farm-directory/88-62-5/		b237a10caf5b846b28ae9e233b69a78264f9f7adc19901074c32f12e3ff8a18b		9738eaf312d761a8ae49f777128dd19f894ee7b03d7b1d2fc04e890d6888f014	en	BROAD_SENSORY		9738eaf312d761a8ae49f777128dd19f894ee7b03d7b1d2fc04e890d6888f014			P2	ORGANIZER_PUBLISHED_EXPLICIT_JURY_DESCRIPTION	EXPLICIT_TOP_JURY_LABEL_PAIRED_WITH_INTERNATIONAL_JUDGE_SCORE	restricted:coe_honduras_2017_top_jury.json#/records/2/fields/Top Jury Descriptions	PROVISIONAL_MACHINE_CLASSIFIED	AUTOMATED_PARSER	decision-53ba03d7a454b9b65b082950	rights-set-ccb38efeef50de7c097f8251				2026-08-28T04:30:00Z	2026-08-28T04:30:00Z	2ecb916106615174a12a05a01589ef2799d168765880a5b83e5416540f562053	453acfc3577f71686783139f9a6dad190ea8edcb188a778e2c8419166593cf95	WEB_INDEX_FIELD_CAPTURE_SHA256:2ecb916106615174a12a05a01589ef2799d168765880a5b83e5416540f562053;NOT_FULL_PAGE_BODY	OFFICIAL_FULL_PAGE_BODY_NOT_STORED_ENVIRONMENT_POLICY	round3m.field-parser.v1	round3m.live-adapters.v1	HASH_ONLY	OFFICIAL_FULL_PAGE_BODY_NOT_STORED_ENVIRONMENT_POLICY	false	false
assertion:73e4f8d851b1bc58b41bf256	effective:6e0f618d2337d1668cd026ec	capture:717b9e1a3ef6400f:coe-colombia-south-2008-la-esperanza-87-18	route.coe.colombia-south-2008.frequency-coded	schema.coe.colombia-south-2008.frequency-coded.v1	GENERIC_ORGANIZER_SENSORY_FIELD	Aroma/Flavor	bad6de9899c7f38162119c05d6f7b40fffd698626f8bc6114670b56219bc2d34	restricted:coe_colombia_south_2008_frequency.json#/records/0/fields/Aroma/Flavor	https://allianceforcoffeeexcellence.org/farm-directory/87-18-2/		3a8d6e2f7d4a94aa3ed3b59bb42eba92f2d90d3f0e4f5c7b29f6446955830657		48fb71763d97b54b752aa17694977d1f87c7707415f25ab63ac2ea2495347ae6	en	BROAD_SENSORY		48fb71763d97b54b752aa17694977d1f87c7707415f25ab63ac2ea2495347ae6			UNRESOLVED	FREQUENCY_CODED_P1_CANDIDATE_ORIGIN_UNRESOLVED	FREQUENCY_SEMANTICS_DO_NOT_IDENTIFY_JUDGE_JURY_OR_PANEL_RESPONSES	restricted:coe_colombia_south_2008_frequency.json#/records/0/fields/Aroma/Flavor	PROVISIONAL_MACHINE_CLASSIFIED	AUTOMATED_PARSER	decision-b9b7329d442914bd54150464	rights-set-4f79db71ee1bf6af06ba4ac8				2026-08-28T04:30:00Z	2026-08-28T04:30:00Z	717b9e1a3ef6400fa334ddbaf80cb592125ddbdecaf67b0d6271f94bf7878033	f508ebc481c39b4755250f1422148accae73dc57099ecb164e666e07a12b9bc1	WEB_INDEX_FIELD_CAPTURE_SHA256:717b9e1a3ef6400fa334ddbaf80cb592125ddbdecaf67b0d6271f94bf7878033;NOT_FULL_PAGE_BODY	OFFICIAL_FULL_PAGE_BODY_NOT_STORED_ENVIRONMENT_POLICY	round3m.field-parser.v1	round3m.live-adapters.v1	HASH_ONLY	OFFICIAL_FULL_PAGE_BODY_NOT_STORED_ENVIRONMENT_POLICY	false	false
assertion:74bbd20cd7143406a3bce93f	effective:417f9b9adcf3826aa8f3ac12	capture:2ecb916106615174:coe-honduras-2017-el-cedro	route.coe.honduras-2017.explicit-top-jury	schema.coe.honduras-2017.explicit-top-jury.v1	PRIMARY_JURY_DESCRIPTION	Top Jury Descriptions	b170ca39053bb87d7c03416881c4130fbe064ec03957dff115b7c3df364219d6	restricted:coe_honduras_2017_top_jury.json#/records/2/fields/Top Jury Descriptions	https://allianceforcoffeeexcellence.org/farm-directory/88-62-5/		b237a10caf5b846b28ae9e233b69a78264f9f7adc19901074c32f12e3ff8a18b		36b481152ba40f4eec67cb63e9f1ad785c164e0fcabda0d296ba956c64e0380f	en	BROAD_SENSORY		36b481152ba40f4eec67cb63e9f1ad785c164e0fcabda0d296ba956c64e0380f			P2	ORGANIZER_PUBLISHED_EXPLICIT_JURY_DESCRIPTION	EXPLICIT_TOP_JURY_LABEL_PAIRED_WITH_INTERNATIONAL_JUDGE_SCORE	restricted:coe_honduras_2017_top_jury.json#/records/2/fields/Top Jury Descriptions	PROVISIONAL_MACHINE_CLASSIFIED	AUTOMATED_PARSER	decision-0445d8b43dc8a5e8ca261656	rights-set-6e3e41e3d34d2b42a0790aac				2026-08-28T04:30:00Z	2026-08-28T04:30:00Z	2ecb916106615174a12a05a01589ef2799d168765880a5b83e5416540f562053	453acfc3577f71686783139f9a6dad190ea8edcb188a778e2c8419166593cf95	WEB_INDEX_FIELD_CAPTURE_SHA256:2ecb916106615174a12a05a01589ef2799d168765880a5b83e5416540f562053;NOT_FULL_PAGE_BODY	OFFICIAL_FULL_PAGE_BODY_NOT_STORED_ENVIRONMENT_POLICY	round3m.field-parser.v1	round3m.live-adapters.v1	HASH_ONLY	OFFICIAL_FULL_PAGE_BODY_NOT_STORED_ENVIRONMENT_POLICY	false	false
assertion:7665ab6db6c9945ad255a073	effective:f1a4276a0e1a0970dc839383	capture:2ecb916106615174:coe-honduras-2017-el-laurel	route.coe.honduras-2017.explicit-top-jury	schema.coe.honduras-2017.explicit-top-jury.v1	PRIMARY_JURY_DESCRIPTION	Top Jury Descriptions	b170ca39053bb87d7c03416881c4130fbe064ec03957dff115b7c3df364219d6	restricted:coe_honduras_2017_top_jury.json#/records/1/fields/Top Jury Descriptions	https://allianceforcoffeeexcellence.org/farm-directory/91-81-2/		0188b6914675aaa274a322c064cc9b686d026f04563181ed92e0347b00b8c7b9		156beab0ef28d357b196ccddf5a90c85702bcf5c8048d870ed396dd28cc04693	en	STRICT_FLAVOR		156beab0ef28d357b196ccddf5a90c85702bcf5c8048d870ed396dd28cc04693			P2	ORGANIZER_PUBLISHED_EXPLICIT_JURY_DESCRIPTION	EXPLICIT_TOP_JURY_LABEL_PAIRED_WITH_INTERNATIONAL_JUDGE_SCORE	restricted:coe_honduras_2017_top_jury.json#/records/1/fields/Top Jury Descriptions	PROVISIONAL_MACHINE_CLASSIFIED	AUTOMATED_PARSER	decision-a385074464fabed9b2c6855d	rights-set-76096833517602a5c9e5b680				2026-08-28T04:30:00Z	2026-08-28T04:30:00Z	2ecb916106615174a12a05a01589ef2799d168765880a5b83e5416540f562053	453acfc3577f71686783139f9a6dad190ea8edcb188a778e2c8419166593cf95	WEB_INDEX_FIELD_CAPTURE_SHA256:2ecb916106615174a12a05a01589ef2799d168765880a5b83e5416540f562053;NOT_FULL_PAGE_BODY	OFFICIAL_FULL_PAGE_BODY_NOT_STORED_ENVIRONMENT_POLICY	round3m.field-parser.v1	round3m.live-adapters.v1	HASH_ONLY	OFFICIAL_FULL_PAGE_BODY_NOT_STORED_ENVIRONMENT_POLICY	false	false
assertion:79c5f9e86ee202753d5912c7	effective:6e0f618d2337d1668cd026ec	capture:717b9e1a3ef6400f:coe-colombia-south-2008-la-esperanza-87-18	route.coe.colombia-south-2008.frequency-coded	schema.coe.colombia-south-2008.frequency-coded.v1	GENERIC_ORGANIZER_SENSORY_FIELD	Acidity	32857e06215ed58ae66ec40a2d2d8ce8bcb1d2c9942a72e171f17ca9d58c5e55	restricted:coe_colombia_south_2008_frequency.json#/records/0/fields/Acidity	https://allianceforcoffeeexcellence.org/farm-directory/87-18-2/		f0d41dc25f73c4851fef343f3268a10fc1ced8314198c5db8929248df735f7d4		a87b3e348ccb598ecb71bb83300a2bf8d91b780d0717aec6c91fb46ce6fbe3d8	en	BROAD_SENSORY		a87b3e348ccb598ecb71bb83300a2bf8d91b780d0717aec6c91fb46ce6fbe3d8			UNRESOLVED	FREQUENCY_CODED_P1_CANDIDATE_ORIGIN_UNRESOLVED	FREQUENCY_SEMANTICS_DO_NOT_IDENTIFY_JUDGE_JURY_OR_PANEL_RESPONSES	restricted:coe_colombia_south_2008_frequency.json#/records/0/fields/Acidity	PROVISIONAL_MACHINE_CLASSIFIED	AUTOMATED_PARSER	decision-30c55ac5db23d73b2a465e3b	rights-set-9bd8873e8119938232834d9e				2026-08-28T04:30:00Z	2026-08-28T04:30:00Z	717b9e1a3ef6400fa334ddbaf80cb592125ddbdecaf67b0d6271f94bf7878033	f508ebc481c39b4755250f1422148accae73dc57099ecb164e666e07a12b9bc1	WEB_INDEX_FIELD_CAPTURE_SHA256:717b9e1a3ef6400fa334ddbaf80cb592125ddbdecaf67b0d6271f94bf7878033;NOT_FULL_PAGE_BODY	OFFICIAL_FULL_PAGE_BODY_NOT_STORED_ENVIRONMENT_POLICY	round3m.field-parser.v1	round3m.live-adapters.v1	HASH_ONLY	OFFICIAL_FULL_PAGE_BODY_NOT_STORED_ENVIRONMENT_POLICY	false	false
assertion:7b31e1c9febf67fe268a9cdb	effective:6e0f618d2337d1668cd026ec	capture:717b9e1a3ef6400f:coe-colombia-south-2008-la-esperanza-87-18	route.coe.colombia-south-2008.frequency-coded	schema.coe.colombia-south-2008.frequency-coded.v1	GENERIC_ORGANIZER_SENSORY_FIELD	Aroma/Flavor	bad6de9899c7f38162119c05d6f7b40fffd698626f8bc6114670b56219bc2d34	restricted:coe_colombia_south_2008_frequency.json#/records/0/fields/Aroma/Flavor	https://allianceforcoffeeexcellence.org/farm-directory/87-18-2/		3a8d6e2f7d4a94aa3ed3b59bb42eba92f2d90d3f0e4f5c7b29f6446955830657		2efe147f807a984572e45054d5d16169d9b8bdf4fcc0d45d12fb269a8be12f5b	en	STRICT_FLAVOR		2efe147f807a984572e45054d5d16169d9b8bdf4fcc0d45d12fb269a8be12f5b			UNRESOLVED	FREQUENCY_CODED_P1_CANDIDATE_ORIGIN_UNRESOLVED	FREQUENCY_SEMANTICS_DO_NOT_IDENTIFY_JUDGE_JURY_OR_PANEL_RESPONSES	restricted:coe_colombia_south_2008_frequency.json#/records/0/fields/Aroma/Flavor	PROVISIONAL_MACHINE_CLASSIFIED	AUTOMATED_PARSER	decision-f94ae5c65e8a0a6d1a615140	rights-set-daefb38b3675fe6c97596c45				2026-08-28T04:30:00Z	2026-08-28T04:30:00Z	717b9e1a3ef6400fa334ddbaf80cb592125ddbdecaf67b0d6271f94bf7878033	f508ebc481c39b4755250f1422148accae73dc57099ecb164e666e07a12b9bc1	WEB_INDEX_FIELD_CAPTURE_SHA256:717b9e1a3ef6400fa334ddbaf80cb592125ddbdecaf67b0d6271f94bf7878033;NOT_FULL_PAGE_BODY	OFFICIAL_FULL_PAGE_BODY_NOT_STORED_ENVIRONMENT_POLICY	round3m.field-parser.v1	round3m.live-adapters.v1	HASH_ONLY	OFFICIAL_FULL_PAGE_BODY_NOT_STORED_ENVIRONMENT_POLICY	false	false
assertion:7bd2f87537416b83094545a9	effective:f1a4276a0e1a0970dc839383	capture:2ecb916106615174:coe-honduras-2017-el-laurel	route.coe.honduras-2017.explicit-top-jury	schema.coe.honduras-2017.explicit-top-jury.v1	PRIMARY_JURY_DESCRIPTION	Top Jury Descriptions	b170ca39053bb87d7c03416881c4130fbe064ec03957dff115b7c3df364219d6	restricted:coe_honduras_2017_top_jury.json#/records/1/fields/Top Jury Descriptions	https://allianceforcoffeeexcellence.org/farm-directory/91-81-2/		0188b6914675aaa274a322c064cc9b686d026f04563181ed92e0347b00b8c7b9		fb0e1693b600e9d10b7db4a01f696d9998eee8546f20111ad6f2d8a9db032813	en	STRICT_FLAVOR		fb0e1693b600e9d10b7db4a01f696d9998eee8546f20111ad6f2d8a9db032813			P2	ORGANIZER_PUBLISHED_EXPLICIT_JURY_DESCRIPTION	EXPLICIT_TOP_JURY_LABEL_PAIRED_WITH_INTERNATIONAL_JUDGE_SCORE	restricted:coe_honduras_2017_top_jury.json#/records/1/fields/Top Jury Descriptions	PROVISIONAL_MACHINE_CLASSIFIED	AUTOMATED_PARSER	decision-e1d94fc55d8fb752680d7521	rights-set-d0a6d8b12f45216b00d8fe02				2026-08-28T04:30:00Z	2026-08-28T04:30:00Z	2ecb916106615174a12a05a01589ef2799d168765880a5b83e5416540f562053	453acfc3577f71686783139f9a6dad190ea8edcb188a778e2c8419166593cf95	WEB_INDEX_FIELD_CAPTURE_SHA256:2ecb916106615174a12a05a01589ef2799d168765880a5b83e5416540f562053;NOT_FULL_PAGE_BODY	OFFICIAL_FULL_PAGE_BODY_NOT_STORED_ENVIRONMENT_POLICY	round3m.field-parser.v1	round3m.live-adapters.v1	HASH_ONLY	OFFICIAL_FULL_PAGE_BODY_NOT_STORED_ENVIRONMENT_POLICY	false	false
assertion:7c0b9d46ab6136600a2e5d03	effective:aa8257ea7c527ff93620b889	capture:2ecb916106615174:coe-honduras-2017-el-roblar	route.coe.honduras-2017.explicit-top-jury	schema.coe.honduras-2017.explicit-top-jury.v1	PRIMARY_JURY_DESCRIPTION	Top Jury Descriptions	b170ca39053bb87d7c03416881c4130fbe064ec03957dff115b7c3df364219d6	restricted:coe_honduras_2017_top_jury.json#/records/3/fields/Top Jury Descriptions	https://allianceforcoffeeexcellence.org/farm-directory/88-00-5/		7eadc583046ae80f06521c7dc4467c125933cd133a2b3f92b4a0a56a8896ea79		7fa7e8417a76c4e9ac367403c20879accbea80c9d2635eab6dd0f9c532b52328	en	BROAD_SENSORY		7fa7e8417a76c4e9ac367403c20879accbea80c9d2635eab6dd0f9c532b52328			P2	ORGANIZER_PUBLISHED_EXPLICIT_JURY_DESCRIPTION	EXPLICIT_TOP_JURY_LABEL_PAIRED_WITH_INTERNATIONAL_JUDGE_SCORE	restricted:coe_honduras_2017_top_jury.json#/records/3/fields/Top Jury Descriptions	PROVISIONAL_MACHINE_CLASSIFIED	AUTOMATED_PARSER	decision-fe3ccf2621963413d250514f	rights-set-646b06dcf28476430e667a26				2026-08-28T04:30:00Z	2026-08-28T04:30:00Z	2ecb916106615174a12a05a01589ef2799d168765880a5b83e5416540f562053	453acfc3577f71686783139f9a6dad190ea8edcb188a778e2c8419166593cf95	WEB_INDEX_FIELD_CAPTURE_SHA256:2ecb916106615174a12a05a01589ef2799d168765880a5b83e5416540f562053;NOT_FULL_PAGE_BODY	OFFICIAL_FULL_PAGE_BODY_NOT_STORED_ENVIRONMENT_POLICY	round3m.field-parser.v1	round3m.live-adapters.v1	HASH_ONLY	OFFICIAL_FULL_PAGE_BODY_NOT_STORED_ENVIRONMENT_POLICY	false	false
assertion:7d361fa84fa9aeef205273e2	effective:6e0f618d2337d1668cd026ec	capture:717b9e1a3ef6400f:coe-colombia-south-2008-la-esperanza-87-18	route.coe.colombia-south-2008.frequency-coded	schema.coe.colombia-south-2008.frequency-coded.v1	GENERIC_ORGANIZER_SENSORY_FIELD	Aroma/Flavor	bad6de9899c7f38162119c05d6f7b40fffd698626f8bc6114670b56219bc2d34	restricted:coe_colombia_south_2008_frequency.json#/records/0/fields/Aroma/Flavor	https://allianceforcoffeeexcellence.org/farm-directory/87-18-2/		3a8d6e2f7d4a94aa3ed3b59bb42eba92f2d90d3f0e4f5c7b29f6446955830657		d0d092b83d4aefab43b6c1ba0d766d7e1a0d2677ab9abe374d6d5fe83a1ee641	en	BROAD_SENSORY		d0d092b83d4aefab43b6c1ba0d766d7e1a0d2677ab9abe374d6d5fe83a1ee641			UNRESOLVED	FREQUENCY_CODED_P1_CANDIDATE_ORIGIN_UNRESOLVED	FREQUENCY_SEMANTICS_DO_NOT_IDENTIFY_JUDGE_JURY_OR_PANEL_RESPONSES	restricted:coe_colombia_south_2008_frequency.json#/records/0/fields/Aroma/Flavor	PROVISIONAL_MACHINE_CLASSIFIED	AUTOMATED_PARSER	decision-ca26308e48ca78dbe355f5e7	rights-set-b71e9143a96bae8b318e7b80				2026-08-28T04:30:00Z	2026-08-28T04:30:00Z	717b9e1a3ef6400fa334ddbaf80cb592125ddbdecaf67b0d6271f94bf7878033	f508ebc481c39b4755250f1422148accae73dc57099ecb164e666e07a12b9bc1	WEB_INDEX_FIELD_CAPTURE_SHA256:717b9e1a3ef6400fa334ddbaf80cb592125ddbdecaf67b0d6271f94bf7878033;NOT_FULL_PAGE_BODY	OFFICIAL_FULL_PAGE_BODY_NOT_STORED_ENVIRONMENT_POLICY	round3m.field-parser.v1	round3m.live-adapters.v1	HASH_ONLY	OFFICIAL_FULL_PAGE_BODY_NOT_STORED_ENVIRONMENT_POLICY	false	false
assertion:80422363b0817cee1419cc88	effective:f78304cd66c43e7b10ddb5ea	capture:2ecb916106615174:coe-honduras-2017-la-colmena	route.coe.honduras-2017.explicit-top-jury	schema.coe.honduras-2017.explicit-top-jury.v1	PRIMARY_JURY_DESCRIPTION	Top Jury Descriptions	b170ca39053bb87d7c03416881c4130fbe064ec03957dff115b7c3df364219d6	restricted:coe_honduras_2017_top_jury.json#/records/0/fields/Top Jury Descriptions	https://allianceforcoffeeexcellence.org/farm-directory/88-76-5/		8b7d4a8bd138750377087744921197587f05833ea20c913ca73b21fe60882c85		7d108ddb9255c7f990a9ec23453aea2b99ac06e5150c1e70e804e64dc22ee748	en	STRICT_FLAVOR		7d108ddb9255c7f990a9ec23453aea2b99ac06e5150c1e70e804e64dc22ee748			P2	ORGANIZER_PUBLISHED_EXPLICIT_JURY_DESCRIPTION	EXPLICIT_TOP_JURY_LABEL_PAIRED_WITH_INTERNATIONAL_JUDGE_SCORE	restricted:coe_honduras_2017_top_jury.json#/records/0/fields/Top Jury Descriptions	PROVISIONAL_MACHINE_CLASSIFIED	AUTOMATED_PARSER	decision-3bfbff26d3a23e6027a4b06b	rights-set-ff353d5c65f1828f3253c2bc				2026-08-28T04:30:00Z	2026-08-28T04:30:00Z	2ecb916106615174a12a05a01589ef2799d168765880a5b83e5416540f562053	453acfc3577f71686783139f9a6dad190ea8edcb188a778e2c8419166593cf95	WEB_INDEX_FIELD_CAPTURE_SHA256:2ecb916106615174a12a05a01589ef2799d168765880a5b83e5416540f562053;NOT_FULL_PAGE_BODY	OFFICIAL_FULL_PAGE_BODY_NOT_STORED_ENVIRONMENT_POLICY	round3m.field-parser.v1	round3m.live-adapters.v1	HASH_ONLY	OFFICIAL_FULL_PAGE_BODY_NOT_STORED_ENVIRONMENT_POLICY	false	false
assertion:80bf17895c397e8de898f40e	effective:417f9b9adcf3826aa8f3ac12	capture:2ecb916106615174:coe-honduras-2017-el-cedro	route.coe.honduras-2017.explicit-top-jury	schema.coe.honduras-2017.explicit-top-jury.v1	PRIMARY_JURY_DESCRIPTION	Top Jury Descriptions	b170ca39053bb87d7c03416881c4130fbe064ec03957dff115b7c3df364219d6	restricted:coe_honduras_2017_top_jury.json#/records/2/fields/Top Jury Descriptions	https://allianceforcoffeeexcellence.org/farm-directory/88-62-5/		b237a10caf5b846b28ae9e233b69a78264f9f7adc19901074c32f12e3ff8a18b		bd071899591c00d2276d2254351533b0e9eb8011b7721155025a35b3212c7fc4	en	BROAD_SENSORY		bd071899591c00d2276d2254351533b0e9eb8011b7721155025a35b3212c7fc4			P2	ORGANIZER_PUBLISHED_EXPLICIT_JURY_DESCRIPTION	EXPLICIT_TOP_JURY_LABEL_PAIRED_WITH_INTERNATIONAL_JUDGE_SCORE	restricted:coe_honduras_2017_top_jury.json#/records/2/fields/Top Jury Descriptions	PROVISIONAL_MACHINE_CLASSIFIED	AUTOMATED_PARSER	decision-49042eb5c75bcbb12ab77ceb	rights-set-975ef4fa8af588499018436d				2026-08-28T04:30:00Z	2026-08-28T04:30:00Z	2ecb916106615174a12a05a01589ef2799d168765880a5b83e5416540f562053	453acfc3577f71686783139f9a6dad190ea8edcb188a778e2c8419166593cf95	WEB_INDEX_FIELD_CAPTURE_SHA256:2ecb916106615174a12a05a01589ef2799d168765880a5b83e5416540f562053;NOT_FULL_PAGE_BODY	OFFICIAL_FULL_PAGE_BODY_NOT_STORED_ENVIRONMENT_POLICY	round3m.field-parser.v1	round3m.live-adapters.v1	HASH_ONLY	OFFICIAL_FULL_PAGE_BODY_NOT_STORED_ENVIRONMENT_POLICY	false	false
assertion:812c4bda6d03a5b17ef8cb9b	effective:f78304cd66c43e7b10ddb5ea	capture:2ecb916106615174:coe-honduras-2017-la-colmena	route.coe.honduras-2017.explicit-top-jury	schema.coe.honduras-2017.explicit-top-jury.v1	PRIMARY_JURY_DESCRIPTION	Top Jury Descriptions	b170ca39053bb87d7c03416881c4130fbe064ec03957dff115b7c3df364219d6	restricted:coe_honduras_2017_top_jury.json#/records/0/fields/Top Jury Descriptions	https://allianceforcoffeeexcellence.org/farm-directory/88-76-5/		8b7d4a8bd138750377087744921197587f05833ea20c913ca73b21fe60882c85		70329b1c2fb2a364d806e0cca8471f8cff15c5a6eaf3a7416f94abc9ac6c96ac	en	STRICT_FLAVOR		70329b1c2fb2a364d806e0cca8471f8cff15c5a6eaf3a7416f94abc9ac6c96ac			P2	ORGANIZER_PUBLISHED_EXPLICIT_JURY_DESCRIPTION	EXPLICIT_TOP_JURY_LABEL_PAIRED_WITH_INTERNATIONAL_JUDGE_SCORE	restricted:coe_honduras_2017_top_jury.json#/records/0/fields/Top Jury Descriptions	PROVISIONAL_MACHINE_CLASSIFIED	AUTOMATED_PARSER	decision-883652bd26a25be85ad46ea3	rights-set-be6548cec60ce588d5d92d45				2026-08-28T04:30:00Z	2026-08-28T04:30:00Z	2ecb916106615174a12a05a01589ef2799d168765880a5b83e5416540f562053	453acfc3577f71686783139f9a6dad190ea8edcb188a778e2c8419166593cf95	WEB_INDEX_FIELD_CAPTURE_SHA256:2ecb916106615174a12a05a01589ef2799d168765880a5b83e5416540f562053;NOT_FULL_PAGE_BODY	OFFICIAL_FULL_PAGE_BODY_NOT_STORED_ENVIRONMENT_POLICY	round3m.field-parser.v1	round3m.live-adapters.v1	HASH_ONLY	OFFICIAL_FULL_PAGE_BODY_NOT_STORED_ENVIRONMENT_POLICY	false	false
assertion:8136ff7441ebce45b7bcc7f5	effective:aa8257ea7c527ff93620b889	capture:2ecb916106615174:coe-honduras-2017-el-roblar	route.coe.honduras-2017.explicit-top-jury	schema.coe.honduras-2017.explicit-top-jury.v1	PRIMARY_JURY_DESCRIPTION	Top Jury Descriptions	b170ca39053bb87d7c03416881c4130fbe064ec03957dff115b7c3df364219d6	restricted:coe_honduras_2017_top_jury.json#/records/3/fields/Top Jury Descriptions	https://allianceforcoffeeexcellence.org/farm-directory/88-00-5/		7eadc583046ae80f06521c7dc4467c125933cd133a2b3f92b4a0a56a8896ea79		6011d7a8f33ed8ec9a98ae8103b24310067dd7eb1a6dff6baa3c478612d313a1	en	STRICT_FLAVOR		6011d7a8f33ed8ec9a98ae8103b24310067dd7eb1a6dff6baa3c478612d313a1			P2	ORGANIZER_PUBLISHED_EXPLICIT_JURY_DESCRIPTION	EXPLICIT_TOP_JURY_LABEL_PAIRED_WITH_INTERNATIONAL_JUDGE_SCORE	restricted:coe_honduras_2017_top_jury.json#/records/3/fields/Top Jury Descriptions	PROVISIONAL_MACHINE_CLASSIFIED	AUTOMATED_PARSER	decision-a0668d2955f673a1502ea242	rights-set-ee04b7d2714e6cc3366935c8				2026-08-28T04:30:00Z	2026-08-28T04:30:00Z	2ecb916106615174a12a05a01589ef2799d168765880a5b83e5416540f562053	453acfc3577f71686783139f9a6dad190ea8edcb188a778e2c8419166593cf95	WEB_INDEX_FIELD_CAPTURE_SHA256:2ecb916106615174a12a05a01589ef2799d168765880a5b83e5416540f562053;NOT_FULL_PAGE_BODY	OFFICIAL_FULL_PAGE_BODY_NOT_STORED_ENVIRONMENT_POLICY	round3m.field-parser.v1	round3m.live-adapters.v1	HASH_ONLY	OFFICIAL_FULL_PAGE_BODY_NOT_STORED_ENVIRONMENT_POLICY	false	false
assertion:838cb6a1573068c5b71f93c5	effective:6e0f618d2337d1668cd026ec	capture:717b9e1a3ef6400f:coe-colombia-south-2008-la-esperanza-87-18	route.coe.colombia-south-2008.frequency-coded	schema.coe.colombia-south-2008.frequency-coded.v1	GENERIC_ORGANIZER_SENSORY_FIELD	Acidity	32857e06215ed58ae66ec40a2d2d8ce8bcb1d2c9942a72e171f17ca9d58c5e55	restricted:coe_colombia_south_2008_frequency.json#/records/0/fields/Acidity	https://allianceforcoffeeexcellence.org/farm-directory/87-18-2/		f0d41dc25f73c4851fef343f3268a10fc1ced8314198c5db8929248df735f7d4		36b481152ba40f4eec67cb63e9f1ad785c164e0fcabda0d296ba956c64e0380f	en	BROAD_SENSORY		36b481152ba40f4eec67cb63e9f1ad785c164e0fcabda0d296ba956c64e0380f			UNRESOLVED	FREQUENCY_CODED_P1_CANDIDATE_ORIGIN_UNRESOLVED	FREQUENCY_SEMANTICS_DO_NOT_IDENTIFY_JUDGE_JURY_OR_PANEL_RESPONSES	restricted:coe_colombia_south_2008_frequency.json#/records/0/fields/Acidity	PROVISIONAL_MACHINE_CLASSIFIED	AUTOMATED_PARSER	decision-cba69ce5e0ed5efae78c9ef7	rights-set-dcf9d6e97479be3da475c36e				2026-08-28T04:30:00Z	2026-08-28T04:30:00Z	717b9e1a3ef6400fa334ddbaf80cb592125ddbdecaf67b0d6271f94bf7878033	f508ebc481c39b4755250f1422148accae73dc57099ecb164e666e07a12b9bc1	WEB_INDEX_FIELD_CAPTURE_SHA256:717b9e1a3ef6400fa334ddbaf80cb592125ddbdecaf67b0d6271f94bf7878033;NOT_FULL_PAGE_BODY	OFFICIAL_FULL_PAGE_BODY_NOT_STORED_ENVIRONMENT_POLICY	round3m.field-parser.v1	round3m.live-adapters.v1	HASH_ONLY	OFFICIAL_FULL_PAGE_BODY_NOT_STORED_ENVIRONMENT_POLICY	false	false
assertion:85fa7551069ecb7e029ba12d	effective:f78304cd66c43e7b10ddb5ea	capture:2ecb916106615174:coe-honduras-2017-la-colmena	route.coe.honduras-2017.explicit-top-jury	schema.coe.honduras-2017.explicit-top-jury.v1	PRIMARY_JURY_DESCRIPTION	Top Jury Descriptions	b170ca39053bb87d7c03416881c4130fbe064ec03957dff115b7c3df364219d6	restricted:coe_honduras_2017_top_jury.json#/records/0/fields/Top Jury Descriptions	https://allianceforcoffeeexcellence.org/farm-directory/88-76-5/		8b7d4a8bd138750377087744921197587f05833ea20c913ca73b21fe60882c85		06df90ccef78b5002bf5d2b2c5a9ab54c58ba70be98b839161928e8d76a0d478	en	BROAD_SENSORY		06df90ccef78b5002bf5d2b2c5a9ab54c58ba70be98b839161928e8d76a0d478			P2	ORGANIZER_PUBLISHED_EXPLICIT_JURY_DESCRIPTION	EXPLICIT_TOP_JURY_LABEL_PAIRED_WITH_INTERNATIONAL_JUDGE_SCORE	restricted:coe_honduras_2017_top_jury.json#/records/0/fields/Top Jury Descriptions	PROVISIONAL_MACHINE_CLASSIFIED	AUTOMATED_PARSER	decision-0091831d91523cf6081f913b	rights-set-350b150b6cf7c89aaae96782				2026-08-28T04:30:00Z	2026-08-28T04:30:00Z	2ecb916106615174a12a05a01589ef2799d168765880a5b83e5416540f562053	453acfc3577f71686783139f9a6dad190ea8edcb188a778e2c8419166593cf95	WEB_INDEX_FIELD_CAPTURE_SHA256:2ecb916106615174a12a05a01589ef2799d168765880a5b83e5416540f562053;NOT_FULL_PAGE_BODY	OFFICIAL_FULL_PAGE_BODY_NOT_STORED_ENVIRONMENT_POLICY	round3m.field-parser.v1	round3m.live-adapters.v1	HASH_ONLY	OFFICIAL_FULL_PAGE_BODY_NOT_STORED_ENVIRONMENT_POLICY	false	false
assertion:88121f558321925febb298e5	effective:ec2043706fc868557e7d7152	capture:44b83f0786a9909c:coe-peru-2025-la-catarata	route.coe.generic-sensory-field	schema.coe.generic-sensory-field.v1	GENERIC_ORGANIZER_SENSORY_FIELD	Overall	715b1458abbee52eb88658bb578f99719f544104718a34de7d9bcea1383c4b34	restricted:coe_peru_2025_generic.json#/records/0/fields/Overall	https://farmdirectory.cupofexcellence.org/listing/1-la-catarata-peru-2025/		539adfdea796c45db1b6386c0eb39f37f2a40eb6259efe995f38612604a6477d		cd75063b613ddfc661b8908ea0f8736305baffb7b641ccb06c0a67638905a703	en	BROAD_SENSORY		cd75063b613ddfc661b8908ea0f8736305baffb7b641ccb06c0a67638905a703			UNRESOLVED	GENERIC_ORGANIZER_FIELD_ORIGIN_UNRESOLVED	ORGANIZER_HOSTING_DOES_NOT_IDENTIFY_FIELD_AUTHOR	restricted:coe_peru_2025_generic.json#/records/0/fields/Overall	PROVISIONAL_MACHINE_CLASSIFIED	AUTOMATED_PARSER	decision-88601c79cdbd2e840fdc3db6	rights-set-e606f22c4934a66b2ef91828				2026-08-28T04:30:00Z	2026-08-28T04:30:00Z	44b83f0786a9909c3f55fa4ba0f148aee15d75e54ae571918cc4350372b2a0f9	83b674daf22d57d7d42ea92c30fb3b3b2a7b4927b3da6505022238a26941cc1a	WEB_INDEX_FIELD_CAPTURE_SHA256:44b83f0786a9909c3f55fa4ba0f148aee15d75e54ae571918cc4350372b2a0f9;NOT_FULL_PAGE_BODY	OFFICIAL_FULL_PAGE_BODY_NOT_STORED_ENVIRONMENT_POLICY	round3m.field-parser.v1	round3m.live-adapters.v1	HASH_ONLY	OFFICIAL_FULL_PAGE_BODY_NOT_STORED_ENVIRONMENT_POLICY	false	false
assertion:88dc0a73b423f8cd5668cbc8	effective:f78304cd66c43e7b10ddb5ea	capture:2ecb916106615174:coe-honduras-2017-la-colmena	route.coe.honduras-2017.explicit-top-jury	schema.coe.honduras-2017.explicit-top-jury.v1	PRIMARY_JURY_DESCRIPTION	Top Jury Descriptions	b170ca39053bb87d7c03416881c4130fbe064ec03957dff115b7c3df364219d6	restricted:coe_honduras_2017_top_jury.json#/records/0/fields/Top Jury Descriptions	https://allianceforcoffeeexcellence.org/farm-directory/88-76-5/		8b7d4a8bd138750377087744921197587f05833ea20c913ca73b21fe60882c85		4f730cf232578876b54a68bd4e014d1022e4aa363387c8f1d2fdd707cbb287a7	en	BROAD_SENSORY		4f730cf232578876b54a68bd4e014d1022e4aa363387c8f1d2fdd707cbb287a7			P2	ORGANIZER_PUBLISHED_EXPLICIT_JURY_DESCRIPTION	EXPLICIT_TOP_JURY_LABEL_PAIRED_WITH_INTERNATIONAL_JUDGE_SCORE	restricted:coe_honduras_2017_top_jury.json#/records/0/fields/Top Jury Descriptions	PROVISIONAL_MACHINE_CLASSIFIED	AUTOMATED_PARSER	decision-236f8f42694b1dde20251648	rights-set-cef0cb91c4fc7128f1eff099				2026-08-28T04:30:00Z	2026-08-28T04:30:00Z	2ecb916106615174a12a05a01589ef2799d168765880a5b83e5416540f562053	453acfc3577f71686783139f9a6dad190ea8edcb188a778e2c8419166593cf95	WEB_INDEX_FIELD_CAPTURE_SHA256:2ecb916106615174a12a05a01589ef2799d168765880a5b83e5416540f562053;NOT_FULL_PAGE_BODY	OFFICIAL_FULL_PAGE_BODY_NOT_STORED_ENVIRONMENT_POLICY	round3m.field-parser.v1	round3m.live-adapters.v1	HASH_ONLY	OFFICIAL_FULL_PAGE_BODY_NOT_STORED_ENVIRONMENT_POLICY	false	false
assertion:894c1e23f69016fe2cf7f96d	effective:e034410f41d662fd4a1c08f6	capture:717b9e1a3ef6400f:coe-colombia-south-2008-el-vergel-86-73	route.coe.colombia-south-2008.frequency-coded	schema.coe.colombia-south-2008.frequency-coded.v1	GENERIC_ORGANIZER_SENSORY_FIELD	Aroma/Flavor	bad6de9899c7f38162119c05d6f7b40fffd698626f8bc6114670b56219bc2d34	restricted:coe_colombia_south_2008_frequency.json#/records/1/fields/Aroma/Flavor	https://allianceforcoffeeexcellence.org/farm-directory/86-73/		8135b1e52d0f49f8e1174f797cb31bfb639577c1312325f678f4c7dc5ee13ec4		1152a334a0dd1926bf9549214f4c562bb1689adb85546641a083e657b869511f	en	STRICT_FLAVOR		1152a334a0dd1926bf9549214f4c562bb1689adb85546641a083e657b869511f			UNRESOLVED	FREQUENCY_CODED_P1_CANDIDATE_ORIGIN_UNRESOLVED	FREQUENCY_SEMANTICS_DO_NOT_IDENTIFY_JUDGE_JURY_OR_PANEL_RESPONSES	restricted:coe_colombia_south_2008_frequency.json#/records/1/fields/Aroma/Flavor	PROVISIONAL_MACHINE_CLASSIFIED	AUTOMATED_PARSER	decision-edeb3efc4ca9f6e451033bac	rights-set-d31757629045ca7d596e3bc4				2026-08-28T04:30:00Z	2026-08-28T04:30:00Z	717b9e1a3ef6400fa334ddbaf80cb592125ddbdecaf67b0d6271f94bf7878033	f508ebc481c39b4755250f1422148accae73dc57099ecb164e666e07a12b9bc1	WEB_INDEX_FIELD_CAPTURE_SHA256:717b9e1a3ef6400fa334ddbaf80cb592125ddbdecaf67b0d6271f94bf7878033;NOT_FULL_PAGE_BODY	OFFICIAL_FULL_PAGE_BODY_NOT_STORED_ENVIRONMENT_POLICY	round3m.field-parser.v1	round3m.live-adapters.v1	HASH_ONLY	OFFICIAL_FULL_PAGE_BODY_NOT_STORED_ENVIRONMENT_POLICY	false	false
assertion:8d443699e606381cbbc69309	effective:e034410f41d662fd4a1c08f6	capture:717b9e1a3ef6400f:coe-colombia-south-2008-el-vergel-86-73	route.coe.colombia-south-2008.frequency-coded	schema.coe.colombia-south-2008.frequency-coded.v1	GENERIC_ORGANIZER_SENSORY_FIELD	Aroma/Flavor	bad6de9899c7f38162119c05d6f7b40fffd698626f8bc6114670b56219bc2d34	restricted:coe_colombia_south_2008_frequency.json#/records/1/fields/Aroma/Flavor	https://allianceforcoffeeexcellence.org/farm-directory/86-73/		8135b1e52d0f49f8e1174f797cb31bfb639577c1312325f678f4c7dc5ee13ec4		6c83126bfcb0c11f963495f9102d4a1ea0a90a7e1a65c67878bc7e1e18beac67	en	STRICT_FLAVOR		6c83126bfcb0c11f963495f9102d4a1ea0a90a7e1a65c67878bc7e1e18beac67			UNRESOLVED	FREQUENCY_CODED_P1_CANDIDATE_ORIGIN_UNRESOLVED	FREQUENCY_SEMANTICS_DO_NOT_IDENTIFY_JUDGE_JURY_OR_PANEL_RESPONSES	restricted:coe_colombia_south_2008_frequency.json#/records/1/fields/Aroma/Flavor	PROVISIONAL_MACHINE_CLASSIFIED	AUTOMATED_PARSER	decision-2329bda54eaa8e23b90ffcd7	rights-set-0c5bb4aac5fb80903d975016				2026-08-28T04:30:00Z	2026-08-28T04:30:00Z	717b9e1a3ef6400fa334ddbaf80cb592125ddbdecaf67b0d6271f94bf7878033	f508ebc481c39b4755250f1422148accae73dc57099ecb164e666e07a12b9bc1	WEB_INDEX_FIELD_CAPTURE_SHA256:717b9e1a3ef6400fa334ddbaf80cb592125ddbdecaf67b0d6271f94bf7878033;NOT_FULL_PAGE_BODY	OFFICIAL_FULL_PAGE_BODY_NOT_STORED_ENVIRONMENT_POLICY	round3m.field-parser.v1	round3m.live-adapters.v1	HASH_ONLY	OFFICIAL_FULL_PAGE_BODY_NOT_STORED_ENVIRONMENT_POLICY	false	false
assertion:8eb6117172493acf9602b6f4	effective:ec2043706fc868557e7d7152	capture:44b83f0786a9909c:coe-peru-2025-la-catarata	route.coe.generic-sensory-field	schema.coe.generic-sensory-field.v1	GENERIC_ORGANIZER_SENSORY_FIELD	Aroma / Flavor	6ddda748d327ba9ec1a784d1d8f705180733aa3d78dce9d5ce8d7b802c7e4011	restricted:coe_peru_2025_generic.json#/records/0/fields/Aroma / Flavor	https://farmdirectory.cupofexcellence.org/listing/1-la-catarata-peru-2025/		4ed9a4d7707377e949145f0ae809422b1a318146143bb5e118176a0a5453338b		75631cb15ff838e8ad0f84c02cd59c97d15ead685752e235f50178d30673fe25	en	STRICT_FLAVOR		75631cb15ff838e8ad0f84c02cd59c97d15ead685752e235f50178d30673fe25			UNRESOLVED	GENERIC_ORGANIZER_FIELD_ORIGIN_UNRESOLVED	ORGANIZER_HOSTING_DOES_NOT_IDENTIFY_FIELD_AUTHOR	restricted:coe_peru_2025_generic.json#/records/0/fields/Aroma / Flavor	PROVISIONAL_MACHINE_CLASSIFIED	AUTOMATED_PARSER	decision-dbb779ddc061bf7d3daa51f3	rights-set-0e138aa4423b763c4d2f6b21				2026-08-28T04:30:00Z	2026-08-28T04:30:00Z	44b83f0786a9909c3f55fa4ba0f148aee15d75e54ae571918cc4350372b2a0f9	83b674daf22d57d7d42ea92c30fb3b3b2a7b4927b3da6505022238a26941cc1a	WEB_INDEX_FIELD_CAPTURE_SHA256:44b83f0786a9909c3f55fa4ba0f148aee15d75e54ae571918cc4350372b2a0f9;NOT_FULL_PAGE_BODY	OFFICIAL_FULL_PAGE_BODY_NOT_STORED_ENVIRONMENT_POLICY	round3m.field-parser.v1	round3m.live-adapters.v1	HASH_ONLY	OFFICIAL_FULL_PAGE_BODY_NOT_STORED_ENVIRONMENT_POLICY	false	false
assertion:930e3f7665a8c65bfebd86c3	effective:f1a4276a0e1a0970dc839383	capture:2ecb916106615174:coe-honduras-2017-el-laurel	route.coe.honduras-2017.explicit-top-jury	schema.coe.honduras-2017.explicit-top-jury.v1	PRIMARY_JURY_DESCRIPTION	Top Jury Descriptions	b170ca39053bb87d7c03416881c4130fbe064ec03957dff115b7c3df364219d6	restricted:coe_honduras_2017_top_jury.json#/records/1/fields/Top Jury Descriptions	https://allianceforcoffeeexcellence.org/farm-directory/91-81-2/		0188b6914675aaa274a322c064cc9b686d026f04563181ed92e0347b00b8c7b9		ad428662b8229f21f7b88596321ea0f714b320e09dc31b910f37bab73a7cf5ef	en	STRICT_FLAVOR		ad428662b8229f21f7b88596321ea0f714b320e09dc31b910f37bab73a7cf5ef			P2	ORGANIZER_PUBLISHED_EXPLICIT_JURY_DESCRIPTION	EXPLICIT_TOP_JURY_LABEL_PAIRED_WITH_INTERNATIONAL_JUDGE_SCORE	restricted:coe_honduras_2017_top_jury.json#/records/1/fields/Top Jury Descriptions	PROVISIONAL_MACHINE_CLASSIFIED	AUTOMATED_PARSER	decision-4b37ae6d7622283ff7292951	rights-set-2cf9bff6974023581efb6c96				2026-08-28T04:30:00Z	2026-08-28T04:30:00Z	2ecb916106615174a12a05a01589ef2799d168765880a5b83e5416540f562053	453acfc3577f71686783139f9a6dad190ea8edcb188a778e2c8419166593cf95	WEB_INDEX_FIELD_CAPTURE_SHA256:2ecb916106615174a12a05a01589ef2799d168765880a5b83e5416540f562053;NOT_FULL_PAGE_BODY	OFFICIAL_FULL_PAGE_BODY_NOT_STORED_ENVIRONMENT_POLICY	round3m.field-parser.v1	round3m.live-adapters.v1	HASH_ONLY	OFFICIAL_FULL_PAGE_BODY_NOT_STORED_ENVIRONMENT_POLICY	false	false
assertion:93bc07efbeeac88285b18168	effective:e034410f41d662fd4a1c08f6	capture:717b9e1a3ef6400f:coe-colombia-south-2008-el-vergel-86-73	route.coe.colombia-south-2008.frequency-coded	schema.coe.colombia-south-2008.frequency-coded.v1	GENERIC_ORGANIZER_SENSORY_FIELD	Aroma/Flavor	bad6de9899c7f38162119c05d6f7b40fffd698626f8bc6114670b56219bc2d34	restricted:coe_colombia_south_2008_frequency.json#/records/1/fields/Aroma/Flavor	https://allianceforcoffeeexcellence.org/farm-directory/86-73/		8135b1e52d0f49f8e1174f797cb31bfb639577c1312325f678f4c7dc5ee13ec4		19cb8b968a0c140198161d720eb28295cb0dfb913df9cb984e8140936e616742	en	STRICT_FLAVOR		19cb8b968a0c140198161d720eb28295cb0dfb913df9cb984e8140936e616742			UNRESOLVED	FREQUENCY_CODED_P1_CANDIDATE_ORIGIN_UNRESOLVED	FREQUENCY_SEMANTICS_DO_NOT_IDENTIFY_JUDGE_JURY_OR_PANEL_RESPONSES	restricted:coe_colombia_south_2008_frequency.json#/records/1/fields/Aroma/Flavor	PROVISIONAL_MACHINE_CLASSIFIED	AUTOMATED_PARSER	decision-f3e71c89d60a161c01cba8ff	rights-set-666f0c37f608e2e73e9ef68b				2026-08-28T04:30:00Z	2026-08-28T04:30:00Z	717b9e1a3ef6400fa334ddbaf80cb592125ddbdecaf67b0d6271f94bf7878033	f508ebc481c39b4755250f1422148accae73dc57099ecb164e666e07a12b9bc1	WEB_INDEX_FIELD_CAPTURE_SHA256:717b9e1a3ef6400fa334ddbaf80cb592125ddbdecaf67b0d6271f94bf7878033;NOT_FULL_PAGE_BODY	OFFICIAL_FULL_PAGE_BODY_NOT_STORED_ENVIRONMENT_POLICY	round3m.field-parser.v1	round3m.live-adapters.v1	HASH_ONLY	OFFICIAL_FULL_PAGE_BODY_NOT_STORED_ENVIRONMENT_POLICY	false	false
assertion:93dd7e1064fd12495d37d078	effective:f1a4276a0e1a0970dc839383	capture:2ecb916106615174:coe-honduras-2017-el-laurel	route.coe.honduras-2017.explicit-top-jury	schema.coe.honduras-2017.explicit-top-jury.v1	PRIMARY_JURY_DESCRIPTION	Top Jury Descriptions	b170ca39053bb87d7c03416881c4130fbe064ec03957dff115b7c3df364219d6	restricted:coe_honduras_2017_top_jury.json#/records/1/fields/Top Jury Descriptions	https://allianceforcoffeeexcellence.org/farm-directory/91-81-2/		0188b6914675aaa274a322c064cc9b686d026f04563181ed92e0347b00b8c7b9		6d1c5859550824d403d8c31af9ac673b7ba206e6f87e61e096a017299f74d63f	en	STRICT_FLAVOR		6d1c5859550824d403d8c31af9ac673b7ba206e6f87e61e096a017299f74d63f			P2	ORGANIZER_PUBLISHED_EXPLICIT_JURY_DESCRIPTION	EXPLICIT_TOP_JURY_LABEL_PAIRED_WITH_INTERNATIONAL_JUDGE_SCORE	restricted:coe_honduras_2017_top_jury.json#/records/1/fields/Top Jury Descriptions	PROVISIONAL_MACHINE_CLASSIFIED	AUTOMATED_PARSER	decision-d2b2b9d22a21ec3703f1d84b	rights-set-e3575883cc35c719f6178f69				2026-08-28T04:30:00Z	2026-08-28T04:30:00Z	2ecb916106615174a12a05a01589ef2799d168765880a5b83e5416540f562053	453acfc3577f71686783139f9a6dad190ea8edcb188a778e2c8419166593cf95	WEB_INDEX_FIELD_CAPTURE_SHA256:2ecb916106615174a12a05a01589ef2799d168765880a5b83e5416540f562053;NOT_FULL_PAGE_BODY	OFFICIAL_FULL_PAGE_BODY_NOT_STORED_ENVIRONMENT_POLICY	round3m.field-parser.v1	round3m.live-adapters.v1	HASH_ONLY	OFFICIAL_FULL_PAGE_BODY_NOT_STORED_ENVIRONMENT_POLICY	false	false
assertion:9454c135d0c9028534ffa010	effective:ec2043706fc868557e7d7152	capture:44b83f0786a9909c:coe-peru-2025-la-catarata	route.coe.generic-sensory-field	schema.coe.generic-sensory-field.v1	GENERIC_ORGANIZER_SENSORY_FIELD	Aroma / Flavor	6ddda748d327ba9ec1a784d1d8f705180733aa3d78dce9d5ce8d7b802c7e4011	restricted:coe_peru_2025_generic.json#/records/0/fields/Aroma / Flavor	https://farmdirectory.cupofexcellence.org/listing/1-la-catarata-peru-2025/		4ed9a4d7707377e949145f0ae809422b1a318146143bb5e118176a0a5453338b		2b1f3f0b7afa26e4a824521353a48880a0dbb7c6f7a371056fbde0c6ee03f407	en	STRICT_FLAVOR		2b1f3f0b7afa26e4a824521353a48880a0dbb7c6f7a371056fbde0c6ee03f407			UNRESOLVED	GENERIC_ORGANIZER_FIELD_ORIGIN_UNRESOLVED	ORGANIZER_HOSTING_DOES_NOT_IDENTIFY_FIELD_AUTHOR	restricted:coe_peru_2025_generic.json#/records/0/fields/Aroma / Flavor	PROVISIONAL_MACHINE_CLASSIFIED	AUTOMATED_PARSER	decision-d37d2fcca8d21be75c64e758	rights-set-aafde391c5751cb6386e00b3				2026-08-28T04:30:00Z	2026-08-28T04:30:00Z	44b83f0786a9909c3f55fa4ba0f148aee15d75e54ae571918cc4350372b2a0f9	83b674daf22d57d7d42ea92c30fb3b3b2a7b4927b3da6505022238a26941cc1a	WEB_INDEX_FIELD_CAPTURE_SHA256:44b83f0786a9909c3f55fa4ba0f148aee15d75e54ae571918cc4350372b2a0f9;NOT_FULL_PAGE_BODY	OFFICIAL_FULL_PAGE_BODY_NOT_STORED_ENVIRONMENT_POLICY	round3m.field-parser.v1	round3m.live-adapters.v1	HASH_ONLY	OFFICIAL_FULL_PAGE_BODY_NOT_STORED_ENVIRONMENT_POLICY	false	false
assertion:9515cd420b8b121246f5a5f8	effective:aa8257ea7c527ff93620b889	capture:2ecb916106615174:coe-honduras-2017-el-roblar	route.coe.honduras-2017.explicit-top-jury	schema.coe.honduras-2017.explicit-top-jury.v1	PRIMARY_JURY_DESCRIPTION	Top Jury Descriptions	b170ca39053bb87d7c03416881c4130fbe064ec03957dff115b7c3df364219d6	restricted:coe_honduras_2017_top_jury.json#/records/3/fields/Top Jury Descriptions	https://allianceforcoffeeexcellence.org/farm-directory/88-00-5/		7eadc583046ae80f06521c7dc4467c125933cd133a2b3f92b4a0a56a8896ea79		a97b0931730e83fbf9284ff00a4c5f7a4eef2189dddb89319a6dfa5871e28923	en	BROAD_SENSORY		a97b0931730e83fbf9284ff00a4c5f7a4eef2189dddb89319a6dfa5871e28923			P2	ORGANIZER_PUBLISHED_EXPLICIT_JURY_DESCRIPTION	EXPLICIT_TOP_JURY_LABEL_PAIRED_WITH_INTERNATIONAL_JUDGE_SCORE	restricted:coe_honduras_2017_top_jury.json#/records/3/fields/Top Jury Descriptions	PROVISIONAL_MACHINE_CLASSIFIED	AUTOMATED_PARSER	decision-c3412b26f1e9ce1b7cc4bbc8	rights-set-1021f74fc5201536ac2caa78				2026-08-28T04:30:00Z	2026-08-28T04:30:00Z	2ecb916106615174a12a05a01589ef2799d168765880a5b83e5416540f562053	453acfc3577f71686783139f9a6dad190ea8edcb188a778e2c8419166593cf95	WEB_INDEX_FIELD_CAPTURE_SHA256:2ecb916106615174a12a05a01589ef2799d168765880a5b83e5416540f562053;NOT_FULL_PAGE_BODY	OFFICIAL_FULL_PAGE_BODY_NOT_STORED_ENVIRONMENT_POLICY	round3m.field-parser.v1	round3m.live-adapters.v1	HASH_ONLY	OFFICIAL_FULL_PAGE_BODY_NOT_STORED_ENVIRONMENT_POLICY	false	false
assertion:98d2e1dc7de9ca2d3936f42e	effective:e034410f41d662fd4a1c08f6	capture:717b9e1a3ef6400f:coe-colombia-south-2008-el-vergel-86-73	route.coe.colombia-south-2008.frequency-coded	schema.coe.colombia-south-2008.frequency-coded.v1	GENERIC_ORGANIZER_SENSORY_FIELD	Aroma/Flavor	bad6de9899c7f38162119c05d6f7b40fffd698626f8bc6114670b56219bc2d34	restricted:coe_colombia_south_2008_frequency.json#/records/1/fields/Aroma/Flavor	https://allianceforcoffeeexcellence.org/farm-directory/86-73/		8135b1e52d0f49f8e1174f797cb31bfb639577c1312325f678f4c7dc5ee13ec4		5c17109d20746ad75bc1bb9d345b114adc6dca927bd8ed3980c2aa8b1f37d944	en	BROAD_SENSORY		5c17109d20746ad75bc1bb9d345b114adc6dca927bd8ed3980c2aa8b1f37d944			UNRESOLVED	FREQUENCY_CODED_P1_CANDIDATE_ORIGIN_UNRESOLVED	FREQUENCY_SEMANTICS_DO_NOT_IDENTIFY_JUDGE_JURY_OR_PANEL_RESPONSES	restricted:coe_colombia_south_2008_frequency.json#/records/1/fields/Aroma/Flavor	PROVISIONAL_MACHINE_CLASSIFIED	AUTOMATED_PARSER	decision-28bf9363d50756137a47e7de	rights-set-7c3db0edfeccb413eec14776		repeat-record-0f12ebc97e75230919018eb4		2026-08-28T04:30:00Z	2026-08-28T04:30:00Z	717b9e1a3ef6400fa334ddbaf80cb592125ddbdecaf67b0d6271f94bf7878033	f508ebc481c39b4755250f1422148accae73dc57099ecb164e666e07a12b9bc1	WEB_INDEX_FIELD_CAPTURE_SHA256:717b9e1a3ef6400fa334ddbaf80cb592125ddbdecaf67b0d6271f94bf7878033;NOT_FULL_PAGE_BODY	OFFICIAL_FULL_PAGE_BODY_NOT_STORED_ENVIRONMENT_POLICY	round3m.field-parser.v1	round3m.live-adapters.v1	HASH_ONLY	OFFICIAL_FULL_PAGE_BODY_NOT_STORED_ENVIRONMENT_POLICY	false	false
assertion:9ae01b3d27ec12e0ef990c46	effective:f78304cd66c43e7b10ddb5ea	capture:2ecb916106615174:coe-honduras-2017-la-colmena	route.coe.honduras-2017.explicit-top-jury	schema.coe.honduras-2017.explicit-top-jury.v1	PRIMARY_JURY_DESCRIPTION	Top Jury Descriptions	b170ca39053bb87d7c03416881c4130fbe064ec03957dff115b7c3df364219d6	restricted:coe_honduras_2017_top_jury.json#/records/0/fields/Top Jury Descriptions	https://allianceforcoffeeexcellence.org/farm-directory/88-76-5/		8b7d4a8bd138750377087744921197587f05833ea20c913ca73b21fe60882c85		a55e2e3846a51f6ad0abfdfbdea2ba0e5e0c76b5ccfa8a920895fedeae89a8b6	en	STRICT_FLAVOR		a55e2e3846a51f6ad0abfdfbdea2ba0e5e0c76b5ccfa8a920895fedeae89a8b6			P2	ORGANIZER_PUBLISHED_EXPLICIT_JURY_DESCRIPTION	EXPLICIT_TOP_JURY_LABEL_PAIRED_WITH_INTERNATIONAL_JUDGE_SCORE	restricted:coe_honduras_2017_top_jury.json#/records/0/fields/Top Jury Descriptions	PROVISIONAL_MACHINE_CLASSIFIED	AUTOMATED_PARSER	decision-ee9f70ed79c51176dc9ff95d	rights-set-6ca73611e1f46df0d8068b5e				2026-08-28T04:30:00Z	2026-08-28T04:30:00Z	2ecb916106615174a12a05a01589ef2799d168765880a5b83e5416540f562053	453acfc3577f71686783139f9a6dad190ea8edcb188a778e2c8419166593cf95	WEB_INDEX_FIELD_CAPTURE_SHA256:2ecb916106615174a12a05a01589ef2799d168765880a5b83e5416540f562053;NOT_FULL_PAGE_BODY	OFFICIAL_FULL_PAGE_BODY_NOT_STORED_ENVIRONMENT_POLICY	round3m.field-parser.v1	round3m.live-adapters.v1	HASH_ONLY	OFFICIAL_FULL_PAGE_BODY_NOT_STORED_ENVIRONMENT_POLICY	false	false
assertion:9b3030a1f2e257f967774cef	effective:e034410f41d662fd4a1c08f6	capture:717b9e1a3ef6400f:coe-colombia-south-2008-el-vergel-86-73	route.coe.colombia-south-2008.frequency-coded	schema.coe.colombia-south-2008.frequency-coded.v1	GENERIC_ORGANIZER_SENSORY_FIELD	Aroma/Flavor	bad6de9899c7f38162119c05d6f7b40fffd698626f8bc6114670b56219bc2d34	restricted:coe_colombia_south_2008_frequency.json#/records/1/fields/Aroma/Flavor	https://allianceforcoffeeexcellence.org/farm-directory/86-73/		8135b1e52d0f49f8e1174f797cb31bfb639577c1312325f678f4c7dc5ee13ec4		4b3d4a0dd732f791ca897e95488b5d63caf128d8691b6f5bbc54f866b9b97054	en	BROAD_SENSORY		4b3d4a0dd732f791ca897e95488b5d63caf128d8691b6f5bbc54f866b9b97054			UNRESOLVED	FREQUENCY_CODED_P1_CANDIDATE_ORIGIN_UNRESOLVED	FREQUENCY_SEMANTICS_DO_NOT_IDENTIFY_JUDGE_JURY_OR_PANEL_RESPONSES	restricted:coe_colombia_south_2008_frequency.json#/records/1/fields/Aroma/Flavor	PROVISIONAL_MACHINE_CLASSIFIED	AUTOMATED_PARSER	decision-548c0c35df9f76e7b7f65144	rights-set-4e0dfe4d587b7d7703aa352c				2026-08-28T04:30:00Z	2026-08-28T04:30:00Z	717b9e1a3ef6400fa334ddbaf80cb592125ddbdecaf67b0d6271f94bf7878033	f508ebc481c39b4755250f1422148accae73dc57099ecb164e666e07a12b9bc1	WEB_INDEX_FIELD_CAPTURE_SHA256:717b9e1a3ef6400fa334ddbaf80cb592125ddbdecaf67b0d6271f94bf7878033;NOT_FULL_PAGE_BODY	OFFICIAL_FULL_PAGE_BODY_NOT_STORED_ENVIRONMENT_POLICY	round3m.field-parser.v1	round3m.live-adapters.v1	HASH_ONLY	OFFICIAL_FULL_PAGE_BODY_NOT_STORED_ENVIRONMENT_POLICY	false	false
assertion:9d6261cf93eaa98f375f6a49	effective:417f9b9adcf3826aa8f3ac12	capture:2ecb916106615174:coe-honduras-2017-el-cedro	route.coe.honduras-2017.explicit-top-jury	schema.coe.honduras-2017.explicit-top-jury.v1	PRIMARY_JURY_DESCRIPTION	Top Jury Descriptions	b170ca39053bb87d7c03416881c4130fbe064ec03957dff115b7c3df364219d6	restricted:coe_honduras_2017_top_jury.json#/records/2/fields/Top Jury Descriptions	https://allianceforcoffeeexcellence.org/farm-directory/88-62-5/		b237a10caf5b846b28ae9e233b69a78264f9f7adc19901074c32f12e3ff8a18b		a7ec7f3ae09187df17173620620eb2f2c8a175fe0d6da5221c1109d26f8e29a5	en	BROAD_SENSORY		a7ec7f3ae09187df17173620620eb2f2c8a175fe0d6da5221c1109d26f8e29a5			P2	ORGANIZER_PUBLISHED_EXPLICIT_JURY_DESCRIPTION	EXPLICIT_TOP_JURY_LABEL_PAIRED_WITH_INTERNATIONAL_JUDGE_SCORE	restricted:coe_honduras_2017_top_jury.json#/records/2/fields/Top Jury Descriptions	PROVISIONAL_MACHINE_CLASSIFIED	AUTOMATED_PARSER	decision-3d496e599284427ec24531c4	rights-set-1871113294920bf67db2dddf				2026-08-28T04:30:00Z	2026-08-28T04:30:00Z	2ecb916106615174a12a05a01589ef2799d168765880a5b83e5416540f562053	453acfc3577f71686783139f9a6dad190ea8edcb188a778e2c8419166593cf95	WEB_INDEX_FIELD_CAPTURE_SHA256:2ecb916106615174a12a05a01589ef2799d168765880a5b83e5416540f562053;NOT_FULL_PAGE_BODY	OFFICIAL_FULL_PAGE_BODY_NOT_STORED_ENVIRONMENT_POLICY	round3m.field-parser.v1	round3m.live-adapters.v1	HASH_ONLY	OFFICIAL_FULL_PAGE_BODY_NOT_STORED_ENVIRONMENT_POLICY	false	false
assertion:9ec7596d7cdf1d314b69470e	effective:e034410f41d662fd4a1c08f6	capture:717b9e1a3ef6400f:coe-colombia-south-2008-el-vergel-86-73	route.coe.colombia-south-2008.frequency-coded	schema.coe.colombia-south-2008.frequency-coded.v1	GENERIC_ORGANIZER_SENSORY_FIELD	Aroma/Flavor	bad6de9899c7f38162119c05d6f7b40fffd698626f8bc6114670b56219bc2d34	restricted:coe_colombia_south_2008_frequency.json#/records/1/fields/Aroma/Flavor	https://allianceforcoffeeexcellence.org/farm-directory/86-73/		8135b1e52d0f49f8e1174f797cb31bfb639577c1312325f678f4c7dc5ee13ec4		0c274639936717793d7695ef0373039e397acdabc247d9953d3c9209a95044cd	en	STRICT_FLAVOR		0c274639936717793d7695ef0373039e397acdabc247d9953d3c9209a95044cd			UNRESOLVED	FREQUENCY_CODED_P1_CANDIDATE_ORIGIN_UNRESOLVED	FREQUENCY_SEMANTICS_DO_NOT_IDENTIFY_JUDGE_JURY_OR_PANEL_RESPONSES	restricted:coe_colombia_south_2008_frequency.json#/records/1/fields/Aroma/Flavor	PROVISIONAL_MACHINE_CLASSIFIED	AUTOMATED_PARSER	decision-8bdc883d0f4fd7e2a4a81679	rights-set-3b3beb6b8578c99e5efed79b				2026-08-28T04:30:00Z	2026-08-28T04:30:00Z	717b9e1a3ef6400fa334ddbaf80cb592125ddbdecaf67b0d6271f94bf7878033	f508ebc481c39b4755250f1422148accae73dc57099ecb164e666e07a12b9bc1	WEB_INDEX_FIELD_CAPTURE_SHA256:717b9e1a3ef6400fa334ddbaf80cb592125ddbdecaf67b0d6271f94bf7878033;NOT_FULL_PAGE_BODY	OFFICIAL_FULL_PAGE_BODY_NOT_STORED_ENVIRONMENT_POLICY	round3m.field-parser.v1	round3m.live-adapters.v1	HASH_ONLY	OFFICIAL_FULL_PAGE_BODY_NOT_STORED_ENVIRONMENT_POLICY	false	false
assertion:9f7f577b80fe5eba45b544a5	effective:0ec126e97dcb5ab048050233	capture:2ecb916106615174:coe-honduras-2017-el-liquidambo	route.coe.honduras-2017.explicit-top-jury	schema.coe.honduras-2017.explicit-top-jury.v1	PRIMARY_JURY_DESCRIPTION	Top Jury Descriptions	b170ca39053bb87d7c03416881c4130fbe064ec03957dff115b7c3df364219d6	restricted:coe_honduras_2017_top_jury.json#/records/4/fields/Top Jury Descriptions	https://allianceforcoffeeexcellence.org/farm-directory/89-22-4/		8ff7672a677fdf6f0ff19f16e5872ebb42848fb8efd944ef14c1e6a69d5e8e48		6294cb68d4b9448039a2c8579391bc1681c286cd4b5b0386810d5629ceb3c0e1	en	STRICT_FLAVOR		6294cb68d4b9448039a2c8579391bc1681c286cd4b5b0386810d5629ceb3c0e1			P2	ORGANIZER_PUBLISHED_EXPLICIT_JURY_DESCRIPTION	EXPLICIT_TOP_JURY_LABEL_PAIRED_WITH_INTERNATIONAL_JUDGE_SCORE	restricted:coe_honduras_2017_top_jury.json#/records/4/fields/Top Jury Descriptions	PROVISIONAL_MACHINE_CLASSIFIED	AUTOMATED_PARSER	decision-bb2f9ce719bff1ec0db7c61e	rights-set-6cf2601840e859d41497ae1b				2026-08-28T04:30:00Z	2026-08-28T04:30:00Z	2ecb916106615174a12a05a01589ef2799d168765880a5b83e5416540f562053	453acfc3577f71686783139f9a6dad190ea8edcb188a778e2c8419166593cf95	WEB_INDEX_FIELD_CAPTURE_SHA256:2ecb916106615174a12a05a01589ef2799d168765880a5b83e5416540f562053;NOT_FULL_PAGE_BODY	OFFICIAL_FULL_PAGE_BODY_NOT_STORED_ENVIRONMENT_POLICY	round3m.field-parser.v1	round3m.live-adapters.v1	HASH_ONLY	OFFICIAL_FULL_PAGE_BODY_NOT_STORED_ENVIRONMENT_POLICY	false	false
assertion:a15a91be7db2230bcaf6bdc4	effective:e034410f41d662fd4a1c08f6	capture:717b9e1a3ef6400f:coe-colombia-south-2008-el-vergel-86-73	route.coe.colombia-south-2008.frequency-coded	schema.coe.colombia-south-2008.frequency-coded.v1	GENERIC_ORGANIZER_SENSORY_FIELD	Aroma/Flavor	bad6de9899c7f38162119c05d6f7b40fffd698626f8bc6114670b56219bc2d34	restricted:coe_colombia_south_2008_frequency.json#/records/1/fields/Aroma/Flavor	https://allianceforcoffeeexcellence.org/farm-directory/86-73/		8135b1e52d0f49f8e1174f797cb31bfb639577c1312325f678f4c7dc5ee13ec4		c0e5eb15b27d73702d8c713b2eed118c8c4e06ea49fbd878bcff91037b1325a0	en	STRICT_FLAVOR		c0e5eb15b27d73702d8c713b2eed118c8c4e06ea49fbd878bcff91037b1325a0			UNRESOLVED	FREQUENCY_CODED_P1_CANDIDATE_ORIGIN_UNRESOLVED	FREQUENCY_SEMANTICS_DO_NOT_IDENTIFY_JUDGE_JURY_OR_PANEL_RESPONSES	restricted:coe_colombia_south_2008_frequency.json#/records/1/fields/Aroma/Flavor	PROVISIONAL_MACHINE_CLASSIFIED	AUTOMATED_PARSER	decision-30dffdf4a7bb82c129bc2642	rights-set-57fe1362487ea11d7794492d				2026-08-28T04:30:00Z	2026-08-28T04:30:00Z	717b9e1a3ef6400fa334ddbaf80cb592125ddbdecaf67b0d6271f94bf7878033	f508ebc481c39b4755250f1422148accae73dc57099ecb164e666e07a12b9bc1	WEB_INDEX_FIELD_CAPTURE_SHA256:717b9e1a3ef6400fa334ddbaf80cb592125ddbdecaf67b0d6271f94bf7878033;NOT_FULL_PAGE_BODY	OFFICIAL_FULL_PAGE_BODY_NOT_STORED_ENVIRONMENT_POLICY	round3m.field-parser.v1	round3m.live-adapters.v1	HASH_ONLY	OFFICIAL_FULL_PAGE_BODY_NOT_STORED_ENVIRONMENT_POLICY	false	false
assertion:a34314e22943bb96da08a7ca	effective:e034410f41d662fd4a1c08f6	capture:717b9e1a3ef6400f:coe-colombia-south-2008-el-vergel-86-73	route.coe.colombia-south-2008.frequency-coded	schema.coe.colombia-south-2008.frequency-coded.v1	GENERIC_ORGANIZER_SENSORY_FIELD	Aroma/Flavor	bad6de9899c7f38162119c05d6f7b40fffd698626f8bc6114670b56219bc2d34	restricted:coe_colombia_south_2008_frequency.json#/records/1/fields/Aroma/Flavor	https://allianceforcoffeeexcellence.org/farm-directory/86-73/		8135b1e52d0f49f8e1174f797cb31bfb639577c1312325f678f4c7dc5ee13ec4		d751ccb2237a8c78679d94d57d2713690958a34b440e7a141bc0aaedabde095b	en	STRICT_FLAVOR		d751ccb2237a8c78679d94d57d2713690958a34b440e7a141bc0aaedabde095b			UNRESOLVED	FREQUENCY_CODED_P1_CANDIDATE_ORIGIN_UNRESOLVED	FREQUENCY_SEMANTICS_DO_NOT_IDENTIFY_JUDGE_JURY_OR_PANEL_RESPONSES	restricted:coe_colombia_south_2008_frequency.json#/records/1/fields/Aroma/Flavor	PROVISIONAL_MACHINE_CLASSIFIED	AUTOMATED_PARSER	decision-27749a1adf7bc0aaca6da11e	rights-set-1c09d7e625fe9e2180a33e14				2026-08-28T04:30:00Z	2026-08-28T04:30:00Z	717b9e1a3ef6400fa334ddbaf80cb592125ddbdecaf67b0d6271f94bf7878033	f508ebc481c39b4755250f1422148accae73dc57099ecb164e666e07a12b9bc1	WEB_INDEX_FIELD_CAPTURE_SHA256:717b9e1a3ef6400fa334ddbaf80cb592125ddbdecaf67b0d6271f94bf7878033;NOT_FULL_PAGE_BODY	OFFICIAL_FULL_PAGE_BODY_NOT_STORED_ENVIRONMENT_POLICY	round3m.field-parser.v1	round3m.live-adapters.v1	HASH_ONLY	OFFICIAL_FULL_PAGE_BODY_NOT_STORED_ENVIRONMENT_POLICY	false	false
assertion:a39873e6d6592c7820670b5c	effective:ec2043706fc868557e7d7152	capture:44b83f0786a9909c:coe-peru-2025-la-catarata	route.coe.generic-sensory-field	schema.coe.generic-sensory-field.v1	GENERIC_ORGANIZER_SENSORY_FIELD	Aroma / Flavor	6ddda748d327ba9ec1a784d1d8f705180733aa3d78dce9d5ce8d7b802c7e4011	restricted:coe_peru_2025_generic.json#/records/0/fields/Aroma / Flavor	https://farmdirectory.cupofexcellence.org/listing/1-la-catarata-peru-2025/		4ed9a4d7707377e949145f0ae809422b1a318146143bb5e118176a0a5453338b		dca40757d00d1d85634daa896b0947fc9ef6033fad5a09340c6dd555094f826d	en	STRICT_FLAVOR		dca40757d00d1d85634daa896b0947fc9ef6033fad5a09340c6dd555094f826d			UNRESOLVED	GENERIC_ORGANIZER_FIELD_ORIGIN_UNRESOLVED	ORGANIZER_HOSTING_DOES_NOT_IDENTIFY_FIELD_AUTHOR	restricted:coe_peru_2025_generic.json#/records/0/fields/Aroma / Flavor	PROVISIONAL_MACHINE_CLASSIFIED	AUTOMATED_PARSER	decision-c0278840fad938f1cefbe9a8	rights-set-22f4bcb86a0bdee2b792e996				2026-08-28T04:30:00Z	2026-08-28T04:30:00Z	44b83f0786a9909c3f55fa4ba0f148aee15d75e54ae571918cc4350372b2a0f9	83b674daf22d57d7d42ea92c30fb3b3b2a7b4927b3da6505022238a26941cc1a	WEB_INDEX_FIELD_CAPTURE_SHA256:44b83f0786a9909c3f55fa4ba0f148aee15d75e54ae571918cc4350372b2a0f9;NOT_FULL_PAGE_BODY	OFFICIAL_FULL_PAGE_BODY_NOT_STORED_ENVIRONMENT_POLICY	round3m.field-parser.v1	round3m.live-adapters.v1	HASH_ONLY	OFFICIAL_FULL_PAGE_BODY_NOT_STORED_ENVIRONMENT_POLICY	false	false
assertion:a3dbf0c995d99ec2dbb0a48f	effective:0ec126e97dcb5ab048050233	capture:2ecb916106615174:coe-honduras-2017-el-liquidambo	route.coe.honduras-2017.explicit-top-jury	schema.coe.honduras-2017.explicit-top-jury.v1	PRIMARY_JURY_DESCRIPTION	Top Jury Descriptions	b170ca39053bb87d7c03416881c4130fbe064ec03957dff115b7c3df364219d6	restricted:coe_honduras_2017_top_jury.json#/records/4/fields/Top Jury Descriptions	https://allianceforcoffeeexcellence.org/farm-directory/89-22-4/		8ff7672a677fdf6f0ff19f16e5872ebb42848fb8efd944ef14c1e6a69d5e8e48		ac714a6f533f23dfab34c1268be2d0a48fc552ff450424e2addc5a13902777d0	en	BROAD_SENSORY		ac714a6f533f23dfab34c1268be2d0a48fc552ff450424e2addc5a13902777d0			P2	ORGANIZER_PUBLISHED_EXPLICIT_JURY_DESCRIPTION	EXPLICIT_TOP_JURY_LABEL_PAIRED_WITH_INTERNATIONAL_JUDGE_SCORE	restricted:coe_honduras_2017_top_jury.json#/records/4/fields/Top Jury Descriptions	PROVISIONAL_MACHINE_CLASSIFIED	AUTOMATED_PARSER	decision-da2ee7d0a2d921564e425884	rights-set-267e64fbe9b240da3f514391				2026-08-28T04:30:00Z	2026-08-28T04:30:00Z	2ecb916106615174a12a05a01589ef2799d168765880a5b83e5416540f562053	453acfc3577f71686783139f9a6dad190ea8edcb188a778e2c8419166593cf95	WEB_INDEX_FIELD_CAPTURE_SHA256:2ecb916106615174a12a05a01589ef2799d168765880a5b83e5416540f562053;NOT_FULL_PAGE_BODY	OFFICIAL_FULL_PAGE_BODY_NOT_STORED_ENVIRONMENT_POLICY	round3m.field-parser.v1	round3m.live-adapters.v1	HASH_ONLY	OFFICIAL_FULL_PAGE_BODY_NOT_STORED_ENVIRONMENT_POLICY	false	false
assertion:a49a6f6a71a9385ec48cd747	effective:417f9b9adcf3826aa8f3ac12	capture:2ecb916106615174:coe-honduras-2017-el-cedro	route.coe.honduras-2017.explicit-top-jury	schema.coe.honduras-2017.explicit-top-jury.v1	PRIMARY_JURY_DESCRIPTION	Top Jury Descriptions	b170ca39053bb87d7c03416881c4130fbe064ec03957dff115b7c3df364219d6	restricted:coe_honduras_2017_top_jury.json#/records/2/fields/Top Jury Descriptions	https://allianceforcoffeeexcellence.org/farm-directory/88-62-5/		b237a10caf5b846b28ae9e233b69a78264f9f7adc19901074c32f12e3ff8a18b		b9043c16af362f30807deaf692025d61c3c803bba1efc43fe2f63dc8b507418d	en	BROAD_SENSORY		b9043c16af362f30807deaf692025d61c3c803bba1efc43fe2f63dc8b507418d			P2	ORGANIZER_PUBLISHED_EXPLICIT_JURY_DESCRIPTION	EXPLICIT_TOP_JURY_LABEL_PAIRED_WITH_INTERNATIONAL_JUDGE_SCORE	restricted:coe_honduras_2017_top_jury.json#/records/2/fields/Top Jury Descriptions	PROVISIONAL_MACHINE_CLASSIFIED	AUTOMATED_PARSER	decision-0a2d1521b17282fc7c19dfde	rights-set-28803e961d4cab4ae0379e34				2026-08-28T04:30:00Z	2026-08-28T04:30:00Z	2ecb916106615174a12a05a01589ef2799d168765880a5b83e5416540f562053	453acfc3577f71686783139f9a6dad190ea8edcb188a778e2c8419166593cf95	WEB_INDEX_FIELD_CAPTURE_SHA256:2ecb916106615174a12a05a01589ef2799d168765880a5b83e5416540f562053;NOT_FULL_PAGE_BODY	OFFICIAL_FULL_PAGE_BODY_NOT_STORED_ENVIRONMENT_POLICY	round3m.field-parser.v1	round3m.live-adapters.v1	HASH_ONLY	OFFICIAL_FULL_PAGE_BODY_NOT_STORED_ENVIRONMENT_POLICY	false	false
assertion:a54e7ca73637290828cf5d07	effective:ec2043706fc868557e7d7152	capture:44b83f0786a9909c:coe-peru-2025-la-catarata	route.coe.generic-sensory-field	schema.coe.generic-sensory-field.v1	GENERIC_ORGANIZER_SENSORY_FIELD	Aroma / Flavor	6ddda748d327ba9ec1a784d1d8f705180733aa3d78dce9d5ce8d7b802c7e4011	restricted:coe_peru_2025_generic.json#/records/0/fields/Aroma / Flavor	https://farmdirectory.cupofexcellence.org/listing/1-la-catarata-peru-2025/		4ed9a4d7707377e949145f0ae809422b1a318146143bb5e118176a0a5453338b		60707cfeb40e2a665b352fd1618c7c84685856fdc4b7f5ebffc7987ade98df2f	en	STRICT_FLAVOR		60707cfeb40e2a665b352fd1618c7c84685856fdc4b7f5ebffc7987ade98df2f			UNRESOLVED	GENERIC_ORGANIZER_FIELD_ORIGIN_UNRESOLVED	ORGANIZER_HOSTING_DOES_NOT_IDENTIFY_FIELD_AUTHOR	restricted:coe_peru_2025_generic.json#/records/0/fields/Aroma / Flavor	PROVISIONAL_MACHINE_CLASSIFIED	AUTOMATED_PARSER	decision-b6a760dd4f2782b6e763df1c	rights-set-cd7676478cf42d973cb939f8				2026-08-28T04:30:00Z	2026-08-28T04:30:00Z	44b83f0786a9909c3f55fa4ba0f148aee15d75e54ae571918cc4350372b2a0f9	83b674daf22d57d7d42ea92c30fb3b3b2a7b4927b3da6505022238a26941cc1a	WEB_INDEX_FIELD_CAPTURE_SHA256:44b83f0786a9909c3f55fa4ba0f148aee15d75e54ae571918cc4350372b2a0f9;NOT_FULL_PAGE_BODY	OFFICIAL_FULL_PAGE_BODY_NOT_STORED_ENVIRONMENT_POLICY	round3m.field-parser.v1	round3m.live-adapters.v1	HASH_ONLY	OFFICIAL_FULL_PAGE_BODY_NOT_STORED_ENVIRONMENT_POLICY	false	false
assertion:a95d19ce0f9c78d81bb959df	effective:6e0f618d2337d1668cd026ec	capture:717b9e1a3ef6400f:coe-colombia-south-2008-la-esperanza-87-18	route.coe.colombia-south-2008.frequency-coded	schema.coe.colombia-south-2008.frequency-coded.v1	GENERIC_ORGANIZER_SENSORY_FIELD	Aroma/Flavor	bad6de9899c7f38162119c05d6f7b40fffd698626f8bc6114670b56219bc2d34	restricted:coe_colombia_south_2008_frequency.json#/records/0/fields/Aroma/Flavor	https://allianceforcoffeeexcellence.org/farm-directory/87-18-2/		3a8d6e2f7d4a94aa3ed3b59bb42eba92f2d90d3f0e4f5c7b29f6446955830657		ab45e8474269b026f668d49860b36850122e18a50d5ea38f3fefdae08261865c	en	STRICT_FLAVOR		ab45e8474269b026f668d49860b36850122e18a50d5ea38f3fefdae08261865c			UNRESOLVED	FREQUENCY_CODED_P1_CANDIDATE_ORIGIN_UNRESOLVED	FREQUENCY_SEMANTICS_DO_NOT_IDENTIFY_JUDGE_JURY_OR_PANEL_RESPONSES	restricted:coe_colombia_south_2008_frequency.json#/records/0/fields/Aroma/Flavor	PROVISIONAL_MACHINE_CLASSIFIED	AUTOMATED_PARSER	decision-31d8fccdc099a1b781b2c7ac	rights-set-178af6af7cf1b1dcaaae8af6				2026-08-28T04:30:00Z	2026-08-28T04:30:00Z	717b9e1a3ef6400fa334ddbaf80cb592125ddbdecaf67b0d6271f94bf7878033	f508ebc481c39b4755250f1422148accae73dc57099ecb164e666e07a12b9bc1	WEB_INDEX_FIELD_CAPTURE_SHA256:717b9e1a3ef6400fa334ddbaf80cb592125ddbdecaf67b0d6271f94bf7878033;NOT_FULL_PAGE_BODY	OFFICIAL_FULL_PAGE_BODY_NOT_STORED_ENVIRONMENT_POLICY	round3m.field-parser.v1	round3m.live-adapters.v1	HASH_ONLY	OFFICIAL_FULL_PAGE_BODY_NOT_STORED_ENVIRONMENT_POLICY	false	false
assertion:acca772c0ecc7841e618d924	effective:f1a4276a0e1a0970dc839383	capture:2ecb916106615174:coe-honduras-2017-el-laurel	route.coe.honduras-2017.explicit-top-jury	schema.coe.honduras-2017.explicit-top-jury.v1	PRIMARY_JURY_DESCRIPTION	Top Jury Descriptions	b170ca39053bb87d7c03416881c4130fbe064ec03957dff115b7c3df364219d6	restricted:coe_honduras_2017_top_jury.json#/records/1/fields/Top Jury Descriptions	https://allianceforcoffeeexcellence.org/farm-directory/91-81-2/		0188b6914675aaa274a322c064cc9b686d026f04563181ed92e0347b00b8c7b9		85356064d03872ac4bed179b8bbe8318ab67a9626be55d0d72288ee14e165265	en	STRICT_FLAVOR		85356064d03872ac4bed179b8bbe8318ab67a9626be55d0d72288ee14e165265			P2	ORGANIZER_PUBLISHED_EXPLICIT_JURY_DESCRIPTION	EXPLICIT_TOP_JURY_LABEL_PAIRED_WITH_INTERNATIONAL_JUDGE_SCORE	restricted:coe_honduras_2017_top_jury.json#/records/1/fields/Top Jury Descriptions	PROVISIONAL_MACHINE_CLASSIFIED	AUTOMATED_PARSER	decision-d60b0cf10f89b14771c6e5bd	rights-set-598629f2cf8576a6fa72855e				2026-08-28T04:30:00Z	2026-08-28T04:30:00Z	2ecb916106615174a12a05a01589ef2799d168765880a5b83e5416540f562053	453acfc3577f71686783139f9a6dad190ea8edcb188a778e2c8419166593cf95	WEB_INDEX_FIELD_CAPTURE_SHA256:2ecb916106615174a12a05a01589ef2799d168765880a5b83e5416540f562053;NOT_FULL_PAGE_BODY	OFFICIAL_FULL_PAGE_BODY_NOT_STORED_ENVIRONMENT_POLICY	round3m.field-parser.v1	round3m.live-adapters.v1	HASH_ONLY	OFFICIAL_FULL_PAGE_BODY_NOT_STORED_ENVIRONMENT_POLICY	false	false
assertion:af8ee441673a2c24d63d7d55	effective:417f9b9adcf3826aa8f3ac12	capture:2ecb916106615174:coe-honduras-2017-el-cedro	route.coe.honduras-2017.explicit-top-jury	schema.coe.honduras-2017.explicit-top-jury.v1	PRIMARY_JURY_DESCRIPTION	Top Jury Descriptions	b170ca39053bb87d7c03416881c4130fbe064ec03957dff115b7c3df364219d6	restricted:coe_honduras_2017_top_jury.json#/records/2/fields/Top Jury Descriptions	https://allianceforcoffeeexcellence.org/farm-directory/88-62-5/		b237a10caf5b846b28ae9e233b69a78264f9f7adc19901074c32f12e3ff8a18b		a24b12400051729ef83bcd86ff851a0e00bec57348d189327391f6d827d3c988	en	BROAD_SENSORY		a24b12400051729ef83bcd86ff851a0e00bec57348d189327391f6d827d3c988			P2	ORGANIZER_PUBLISHED_EXPLICIT_JURY_DESCRIPTION	EXPLICIT_TOP_JURY_LABEL_PAIRED_WITH_INTERNATIONAL_JUDGE_SCORE	restricted:coe_honduras_2017_top_jury.json#/records/2/fields/Top Jury Descriptions	PROVISIONAL_MACHINE_CLASSIFIED	AUTOMATED_PARSER	decision-a5c42cc3acf7e966a706c9e8	rights-set-51712ee651f5a88624986914				2026-08-28T04:30:00Z	2026-08-28T04:30:00Z	2ecb916106615174a12a05a01589ef2799d168765880a5b83e5416540f562053	453acfc3577f71686783139f9a6dad190ea8edcb188a778e2c8419166593cf95	WEB_INDEX_FIELD_CAPTURE_SHA256:2ecb916106615174a12a05a01589ef2799d168765880a5b83e5416540f562053;NOT_FULL_PAGE_BODY	OFFICIAL_FULL_PAGE_BODY_NOT_STORED_ENVIRONMENT_POLICY	round3m.field-parser.v1	round3m.live-adapters.v1	HASH_ONLY	OFFICIAL_FULL_PAGE_BODY_NOT_STORED_ENVIRONMENT_POLICY	false	false
assertion:b1a19653a0e21ceb81253f37	effective:f1a4276a0e1a0970dc839383	capture:2ecb916106615174:coe-honduras-2017-el-laurel	route.coe.honduras-2017.explicit-top-jury	schema.coe.honduras-2017.explicit-top-jury.v1	PRIMARY_JURY_DESCRIPTION	Top Jury Descriptions	b170ca39053bb87d7c03416881c4130fbe064ec03957dff115b7c3df364219d6	restricted:coe_honduras_2017_top_jury.json#/records/1/fields/Top Jury Descriptions	https://allianceforcoffeeexcellence.org/farm-directory/91-81-2/		0188b6914675aaa274a322c064cc9b686d026f04563181ed92e0347b00b8c7b9		533703fd6141e25f565fa24dee8ada19e1765495adb3daae56565b3bb6b4957a	en	BROAD_SENSORY		533703fd6141e25f565fa24dee8ada19e1765495adb3daae56565b3bb6b4957a			P2	ORGANIZER_PUBLISHED_EXPLICIT_JURY_DESCRIPTION	EXPLICIT_TOP_JURY_LABEL_PAIRED_WITH_INTERNATIONAL_JUDGE_SCORE	restricted:coe_honduras_2017_top_jury.json#/records/1/fields/Top Jury Descriptions	PROVISIONAL_MACHINE_CLASSIFIED	AUTOMATED_PARSER	decision-477de3501a1c53ec636987a3	rights-set-198415976b12164603957625				2026-08-28T04:30:00Z	2026-08-28T04:30:00Z	2ecb916106615174a12a05a01589ef2799d168765880a5b83e5416540f562053	453acfc3577f71686783139f9a6dad190ea8edcb188a778e2c8419166593cf95	WEB_INDEX_FIELD_CAPTURE_SHA256:2ecb916106615174a12a05a01589ef2799d168765880a5b83e5416540f562053;NOT_FULL_PAGE_BODY	OFFICIAL_FULL_PAGE_BODY_NOT_STORED_ENVIRONMENT_POLICY	round3m.field-parser.v1	round3m.live-adapters.v1	HASH_ONLY	OFFICIAL_FULL_PAGE_BODY_NOT_STORED_ENVIRONMENT_POLICY	false	false
assertion:b33e671f2326a052a5d61a98	effective:6e0f618d2337d1668cd026ec	capture:717b9e1a3ef6400f:coe-colombia-south-2008-la-esperanza-87-18	route.coe.colombia-south-2008.frequency-coded	schema.coe.colombia-south-2008.frequency-coded.v1	GENERIC_ORGANIZER_SENSORY_FIELD	Aroma/Flavor	bad6de9899c7f38162119c05d6f7b40fffd698626f8bc6114670b56219bc2d34	restricted:coe_colombia_south_2008_frequency.json#/records/0/fields/Aroma/Flavor	https://allianceforcoffeeexcellence.org/farm-directory/87-18-2/		3a8d6e2f7d4a94aa3ed3b59bb42eba92f2d90d3f0e4f5c7b29f6446955830657		c877647d1eef4e2a539597841d24963407bb2d32fde8cb5cff82f19d9e973d8f	en	STRICT_FLAVOR		c877647d1eef4e2a539597841d24963407bb2d32fde8cb5cff82f19d9e973d8f			UNRESOLVED	FREQUENCY_CODED_P1_CANDIDATE_ORIGIN_UNRESOLVED	FREQUENCY_SEMANTICS_DO_NOT_IDENTIFY_JUDGE_JURY_OR_PANEL_RESPONSES	restricted:coe_colombia_south_2008_frequency.json#/records/0/fields/Aroma/Flavor	PROVISIONAL_MACHINE_CLASSIFIED	AUTOMATED_PARSER	decision-41add74d20078ad26d98b94e	rights-set-b5e4e96931212267805a98bd				2026-08-28T04:30:00Z	2026-08-28T04:30:00Z	717b9e1a3ef6400fa334ddbaf80cb592125ddbdecaf67b0d6271f94bf7878033	f508ebc481c39b4755250f1422148accae73dc57099ecb164e666e07a12b9bc1	WEB_INDEX_FIELD_CAPTURE_SHA256:717b9e1a3ef6400fa334ddbaf80cb592125ddbdecaf67b0d6271f94bf7878033;NOT_FULL_PAGE_BODY	OFFICIAL_FULL_PAGE_BODY_NOT_STORED_ENVIRONMENT_POLICY	round3m.field-parser.v1	round3m.live-adapters.v1	HASH_ONLY	OFFICIAL_FULL_PAGE_BODY_NOT_STORED_ENVIRONMENT_POLICY	false	false
assertion:b48d5460462f5f60e52f8b00	effective:0ec126e97dcb5ab048050233	capture:2ecb916106615174:coe-honduras-2017-el-liquidambo	route.coe.honduras-2017.explicit-top-jury	schema.coe.honduras-2017.explicit-top-jury.v1	PRIMARY_JURY_DESCRIPTION	Top Jury Descriptions	b170ca39053bb87d7c03416881c4130fbe064ec03957dff115b7c3df364219d6	restricted:coe_honduras_2017_top_jury.json#/records/4/fields/Top Jury Descriptions	https://allianceforcoffeeexcellence.org/farm-directory/89-22-4/		8ff7672a677fdf6f0ff19f16e5872ebb42848fb8efd944ef14c1e6a69d5e8e48		a55e2e3846a51f6ad0abfdfbdea2ba0e5e0c76b5ccfa8a920895fedeae89a8b6	en	STRICT_FLAVOR		a55e2e3846a51f6ad0abfdfbdea2ba0e5e0c76b5ccfa8a920895fedeae89a8b6			P2	ORGANIZER_PUBLISHED_EXPLICIT_JURY_DESCRIPTION	EXPLICIT_TOP_JURY_LABEL_PAIRED_WITH_INTERNATIONAL_JUDGE_SCORE	restricted:coe_honduras_2017_top_jury.json#/records/4/fields/Top Jury Descriptions	PROVISIONAL_MACHINE_CLASSIFIED	AUTOMATED_PARSER	decision-fb72d79e2ad5a6a8cc8545b7	rights-set-a353149951c2c27be8e1fc2c				2026-08-28T04:30:00Z	2026-08-28T04:30:00Z	2ecb916106615174a12a05a01589ef2799d168765880a5b83e5416540f562053	453acfc3577f71686783139f9a6dad190ea8edcb188a778e2c8419166593cf95	WEB_INDEX_FIELD_CAPTURE_SHA256:2ecb916106615174a12a05a01589ef2799d168765880a5b83e5416540f562053;NOT_FULL_PAGE_BODY	OFFICIAL_FULL_PAGE_BODY_NOT_STORED_ENVIRONMENT_POLICY	round3m.field-parser.v1	round3m.live-adapters.v1	HASH_ONLY	OFFICIAL_FULL_PAGE_BODY_NOT_STORED_ENVIRONMENT_POLICY	false	false
assertion:b5eb9492767c538120f833b5	effective:0ec126e97dcb5ab048050233	capture:2ecb916106615174:coe-honduras-2017-el-liquidambo	route.coe.honduras-2017.explicit-top-jury	schema.coe.honduras-2017.explicit-top-jury.v1	PRIMARY_JURY_DESCRIPTION	Top Jury Descriptions	b170ca39053bb87d7c03416881c4130fbe064ec03957dff115b7c3df364219d6	restricted:coe_honduras_2017_top_jury.json#/records/4/fields/Top Jury Descriptions	https://allianceforcoffeeexcellence.org/farm-directory/89-22-4/		8ff7672a677fdf6f0ff19f16e5872ebb42848fb8efd944ef14c1e6a69d5e8e48		c62a908dd8f1f63c24b3584bae69770014aa881f4e4a01854b83443e1d331534	en	BROAD_SENSORY		c62a908dd8f1f63c24b3584bae69770014aa881f4e4a01854b83443e1d331534			P2	ORGANIZER_PUBLISHED_EXPLICIT_JURY_DESCRIPTION	EXPLICIT_TOP_JURY_LABEL_PAIRED_WITH_INTERNATIONAL_JUDGE_SCORE	restricted:coe_honduras_2017_top_jury.json#/records/4/fields/Top Jury Descriptions	PROVISIONAL_MACHINE_CLASSIFIED	AUTOMATED_PARSER	decision-44b954a5d3c3e00ab3333357	rights-set-36ff11917004156d2b7e14da				2026-08-28T04:30:00Z	2026-08-28T04:30:00Z	2ecb916106615174a12a05a01589ef2799d168765880a5b83e5416540f562053	453acfc3577f71686783139f9a6dad190ea8edcb188a778e2c8419166593cf95	WEB_INDEX_FIELD_CAPTURE_SHA256:2ecb916106615174a12a05a01589ef2799d168765880a5b83e5416540f562053;NOT_FULL_PAGE_BODY	OFFICIAL_FULL_PAGE_BODY_NOT_STORED_ENVIRONMENT_POLICY	round3m.field-parser.v1	round3m.live-adapters.v1	HASH_ONLY	OFFICIAL_FULL_PAGE_BODY_NOT_STORED_ENVIRONMENT_POLICY	false	false
assertion:b5ef93f93321a8145e8db76a	effective:6e0f618d2337d1668cd026ec	capture:717b9e1a3ef6400f:coe-colombia-south-2008-la-esperanza-87-18	route.coe.colombia-south-2008.frequency-coded	schema.coe.colombia-south-2008.frequency-coded.v1	GENERIC_ORGANIZER_SENSORY_FIELD	Aroma/Flavor	bad6de9899c7f38162119c05d6f7b40fffd698626f8bc6114670b56219bc2d34	restricted:coe_colombia_south_2008_frequency.json#/records/0/fields/Aroma/Flavor	https://allianceforcoffeeexcellence.org/farm-directory/87-18-2/		3a8d6e2f7d4a94aa3ed3b59bb42eba92f2d90d3f0e4f5c7b29f6446955830657		9e8c9731465cd632d80ddde8c890cad83b8c96c336e1cb68471bd4e299f8e880	en	STRICT_FLAVOR		9e8c9731465cd632d80ddde8c890cad83b8c96c336e1cb68471bd4e299f8e880			UNRESOLVED	FREQUENCY_CODED_P1_CANDIDATE_ORIGIN_UNRESOLVED	FREQUENCY_SEMANTICS_DO_NOT_IDENTIFY_JUDGE_JURY_OR_PANEL_RESPONSES	restricted:coe_colombia_south_2008_frequency.json#/records/0/fields/Aroma/Flavor	PROVISIONAL_MACHINE_CLASSIFIED	AUTOMATED_PARSER	decision-8f5ee433974db3ba95feeb1e	rights-set-753a9229f0f3bb992a8416f4				2026-08-28T04:30:00Z	2026-08-28T04:30:00Z	717b9e1a3ef6400fa334ddbaf80cb592125ddbdecaf67b0d6271f94bf7878033	f508ebc481c39b4755250f1422148accae73dc57099ecb164e666e07a12b9bc1	WEB_INDEX_FIELD_CAPTURE_SHA256:717b9e1a3ef6400fa334ddbaf80cb592125ddbdecaf67b0d6271f94bf7878033;NOT_FULL_PAGE_BODY	OFFICIAL_FULL_PAGE_BODY_NOT_STORED_ENVIRONMENT_POLICY	round3m.field-parser.v1	round3m.live-adapters.v1	HASH_ONLY	OFFICIAL_FULL_PAGE_BODY_NOT_STORED_ENVIRONMENT_POLICY	false	false
assertion:b9146993f92669fb1abb39fa	effective:ec2043706fc868557e7d7152	capture:44b83f0786a9909c:coe-peru-2025-la-catarata	route.coe.generic-sensory-field	schema.coe.generic-sensory-field.v1	GENERIC_ORGANIZER_SENSORY_FIELD	Overall	715b1458abbee52eb88658bb578f99719f544104718a34de7d9bcea1383c4b34	restricted:coe_peru_2025_generic.json#/records/0/fields/Overall	https://farmdirectory.cupofexcellence.org/listing/1-la-catarata-peru-2025/		539adfdea796c45db1b6386c0eb39f37f2a40eb6259efe995f38612604a6477d		01e7c30f7fec479d601b6df8751fece184fdca5327204120f3a5ca0934f98cc5	en	BROAD_SENSORY		01e7c30f7fec479d601b6df8751fece184fdca5327204120f3a5ca0934f98cc5			UNRESOLVED	GENERIC_ORGANIZER_FIELD_ORIGIN_UNRESOLVED	ORGANIZER_HOSTING_DOES_NOT_IDENTIFY_FIELD_AUTHOR	restricted:coe_peru_2025_generic.json#/records/0/fields/Overall	PROVISIONAL_MACHINE_CLASSIFIED	AUTOMATED_PARSER	decision-be60354212a18bf8868c155a	rights-set-e690c5828776c3b0250fd757				2026-08-28T04:30:00Z	2026-08-28T04:30:00Z	44b83f0786a9909c3f55fa4ba0f148aee15d75e54ae571918cc4350372b2a0f9	83b674daf22d57d7d42ea92c30fb3b3b2a7b4927b3da6505022238a26941cc1a	WEB_INDEX_FIELD_CAPTURE_SHA256:44b83f0786a9909c3f55fa4ba0f148aee15d75e54ae571918cc4350372b2a0f9;NOT_FULL_PAGE_BODY	OFFICIAL_FULL_PAGE_BODY_NOT_STORED_ENVIRONMENT_POLICY	round3m.field-parser.v1	round3m.live-adapters.v1	HASH_ONLY	OFFICIAL_FULL_PAGE_BODY_NOT_STORED_ENVIRONMENT_POLICY	false	false
assertion:bc5350e237e44c267b1cfdc9	effective:ec2043706fc868557e7d7152	capture:44b83f0786a9909c:coe-peru-2025-la-catarata	route.coe.generic-sensory-field	schema.coe.generic-sensory-field.v1	GENERIC_ORGANIZER_SENSORY_FIELD	Aroma / Flavor	6ddda748d327ba9ec1a784d1d8f705180733aa3d78dce9d5ce8d7b802c7e4011	restricted:coe_peru_2025_generic.json#/records/0/fields/Aroma / Flavor	https://farmdirectory.cupofexcellence.org/listing/1-la-catarata-peru-2025/		4ed9a4d7707377e949145f0ae809422b1a318146143bb5e118176a0a5453338b		8e4dfdbf2e89fab01d8add26e2d27db6e21902181a733166d712efc3fb7804f2	en	STRICT_FLAVOR		8e4dfdbf2e89fab01d8add26e2d27db6e21902181a733166d712efc3fb7804f2			UNRESOLVED	GENERIC_ORGANIZER_FIELD_ORIGIN_UNRESOLVED	ORGANIZER_HOSTING_DOES_NOT_IDENTIFY_FIELD_AUTHOR	restricted:coe_peru_2025_generic.json#/records/0/fields/Aroma / Flavor	PROVISIONAL_MACHINE_CLASSIFIED	AUTOMATED_PARSER	decision-1d88fc1cc93807da02d14ce3	rights-set-15ab552ba14e7fe02a5a7d52				2026-08-28T04:30:00Z	2026-08-28T04:30:00Z	44b83f0786a9909c3f55fa4ba0f148aee15d75e54ae571918cc4350372b2a0f9	83b674daf22d57d7d42ea92c30fb3b3b2a7b4927b3da6505022238a26941cc1a	WEB_INDEX_FIELD_CAPTURE_SHA256:44b83f0786a9909c3f55fa4ba0f148aee15d75e54ae571918cc4350372b2a0f9;NOT_FULL_PAGE_BODY	OFFICIAL_FULL_PAGE_BODY_NOT_STORED_ENVIRONMENT_POLICY	round3m.field-parser.v1	round3m.live-adapters.v1	HASH_ONLY	OFFICIAL_FULL_PAGE_BODY_NOT_STORED_ENVIRONMENT_POLICY	false	false
assertion:bce239680a96ef6434a4d936	effective:6e0f618d2337d1668cd026ec	capture:717b9e1a3ef6400f:coe-colombia-south-2008-la-esperanza-87-18	route.coe.colombia-south-2008.frequency-coded	schema.coe.colombia-south-2008.frequency-coded.v1	GENERIC_ORGANIZER_SENSORY_FIELD	Aroma/Flavor	bad6de9899c7f38162119c05d6f7b40fffd698626f8bc6114670b56219bc2d34	restricted:coe_colombia_south_2008_frequency.json#/records/0/fields/Aroma/Flavor	https://allianceforcoffeeexcellence.org/farm-directory/87-18-2/		3a8d6e2f7d4a94aa3ed3b59bb42eba92f2d90d3f0e4f5c7b29f6446955830657		7f367ddc0f2681378eef4d16abdc9f54dd7bcb8c040eab1c701cef7027c4a6b7	en	STRICT_FLAVOR		7f367ddc0f2681378eef4d16abdc9f54dd7bcb8c040eab1c701cef7027c4a6b7			UNRESOLVED	FREQUENCY_CODED_P1_CANDIDATE_ORIGIN_UNRESOLVED	FREQUENCY_SEMANTICS_DO_NOT_IDENTIFY_JUDGE_JURY_OR_PANEL_RESPONSES	restricted:coe_colombia_south_2008_frequency.json#/records/0/fields/Aroma/Flavor	PROVISIONAL_MACHINE_CLASSIFIED	AUTOMATED_PARSER	decision-813ab2f73225e63e0c3d08f2	rights-set-f0b19483016f3f3cd0bafb14				2026-08-28T04:30:00Z	2026-08-28T04:30:00Z	717b9e1a3ef6400fa334ddbaf80cb592125ddbdecaf67b0d6271f94bf7878033	f508ebc481c39b4755250f1422148accae73dc57099ecb164e666e07a12b9bc1	WEB_INDEX_FIELD_CAPTURE_SHA256:717b9e1a3ef6400fa334ddbaf80cb592125ddbdecaf67b0d6271f94bf7878033;NOT_FULL_PAGE_BODY	OFFICIAL_FULL_PAGE_BODY_NOT_STORED_ENVIRONMENT_POLICY	round3m.field-parser.v1	round3m.live-adapters.v1	HASH_ONLY	OFFICIAL_FULL_PAGE_BODY_NOT_STORED_ENVIRONMENT_POLICY	false	false
assertion:be2c8817e81b6c9759633a12	effective:e034410f41d662fd4a1c08f6	capture:717b9e1a3ef6400f:coe-colombia-south-2008-el-vergel-86-73	route.coe.colombia-south-2008.frequency-coded	schema.coe.colombia-south-2008.frequency-coded.v1	GENERIC_ORGANIZER_SENSORY_FIELD	Aroma/Flavor	bad6de9899c7f38162119c05d6f7b40fffd698626f8bc6114670b56219bc2d34	restricted:coe_colombia_south_2008_frequency.json#/records/1/fields/Aroma/Flavor	https://allianceforcoffeeexcellence.org/farm-directory/86-73/		8135b1e52d0f49f8e1174f797cb31bfb639577c1312325f678f4c7dc5ee13ec4		9093f2bb8d45a4d70a44fdf56e0b62f7d6c9d7cb0748093b0cf3ff9d35b3ebbe	en	STRICT_FLAVOR		9093f2bb8d45a4d70a44fdf56e0b62f7d6c9d7cb0748093b0cf3ff9d35b3ebbe			UNRESOLVED	FREQUENCY_CODED_P1_CANDIDATE_ORIGIN_UNRESOLVED	FREQUENCY_SEMANTICS_DO_NOT_IDENTIFY_JUDGE_JURY_OR_PANEL_RESPONSES	restricted:coe_colombia_south_2008_frequency.json#/records/1/fields/Aroma/Flavor	PROVISIONAL_MACHINE_CLASSIFIED	AUTOMATED_PARSER	decision-416cc14d2357b3c1b1cbbfec	rights-set-4c215fd601e0ca78f8bda5b8				2026-08-28T04:30:00Z	2026-08-28T04:30:00Z	717b9e1a3ef6400fa334ddbaf80cb592125ddbdecaf67b0d6271f94bf7878033	f508ebc481c39b4755250f1422148accae73dc57099ecb164e666e07a12b9bc1	WEB_INDEX_FIELD_CAPTURE_SHA256:717b9e1a3ef6400fa334ddbaf80cb592125ddbdecaf67b0d6271f94bf7878033;NOT_FULL_PAGE_BODY	OFFICIAL_FULL_PAGE_BODY_NOT_STORED_ENVIRONMENT_POLICY	round3m.field-parser.v1	round3m.live-adapters.v1	HASH_ONLY	OFFICIAL_FULL_PAGE_BODY_NOT_STORED_ENVIRONMENT_POLICY	false	false
assertion:be58750dabeb0e83c84c9d3d	effective:f78304cd66c43e7b10ddb5ea	capture:2ecb916106615174:coe-honduras-2017-la-colmena	route.coe.honduras-2017.explicit-top-jury	schema.coe.honduras-2017.explicit-top-jury.v1	PRIMARY_JURY_DESCRIPTION	Top Jury Descriptions	b170ca39053bb87d7c03416881c4130fbe064ec03957dff115b7c3df364219d6	restricted:coe_honduras_2017_top_jury.json#/records/0/fields/Top Jury Descriptions	https://allianceforcoffeeexcellence.org/farm-directory/88-76-5/		8b7d4a8bd138750377087744921197587f05833ea20c913ca73b21fe60882c85		6d002154ca2a89d964a825d66bf099b7a6ec2598619c3b947ca925fc0f0b0016	en	STRICT_FLAVOR		6d002154ca2a89d964a825d66bf099b7a6ec2598619c3b947ca925fc0f0b0016			P2	ORGANIZER_PUBLISHED_EXPLICIT_JURY_DESCRIPTION	EXPLICIT_TOP_JURY_LABEL_PAIRED_WITH_INTERNATIONAL_JUDGE_SCORE	restricted:coe_honduras_2017_top_jury.json#/records/0/fields/Top Jury Descriptions	PROVISIONAL_MACHINE_CLASSIFIED	AUTOMATED_PARSER	decision-8055128f553cb9007b2ca7c7	rights-set-62694db0f5a5ba4b1bc57fdb				2026-08-28T04:30:00Z	2026-08-28T04:30:00Z	2ecb916106615174a12a05a01589ef2799d168765880a5b83e5416540f562053	453acfc3577f71686783139f9a6dad190ea8edcb188a778e2c8419166593cf95	WEB_INDEX_FIELD_CAPTURE_SHA256:2ecb916106615174a12a05a01589ef2799d168765880a5b83e5416540f562053;NOT_FULL_PAGE_BODY	OFFICIAL_FULL_PAGE_BODY_NOT_STORED_ENVIRONMENT_POLICY	round3m.field-parser.v1	round3m.live-adapters.v1	HASH_ONLY	OFFICIAL_FULL_PAGE_BODY_NOT_STORED_ENVIRONMENT_POLICY	false	false
assertion:bfd6932292a630c781d5e081	effective:6e0f618d2337d1668cd026ec	capture:717b9e1a3ef6400f:coe-colombia-south-2008-la-esperanza-87-18	route.coe.colombia-south-2008.frequency-coded	schema.coe.colombia-south-2008.frequency-coded.v1	GENERIC_ORGANIZER_SENSORY_FIELD	Acidity	32857e06215ed58ae66ec40a2d2d8ce8bcb1d2c9942a72e171f17ca9d58c5e55	restricted:coe_colombia_south_2008_frequency.json#/records/0/fields/Acidity	https://allianceforcoffeeexcellence.org/farm-directory/87-18-2/		f0d41dc25f73c4851fef343f3268a10fc1ced8314198c5db8929248df735f7d4		6255e14abc09aa5c8882cacc761f506793fe5f5b329ae23d38482ae8bd046e45	en	BROAD_SENSORY		6255e14abc09aa5c8882cacc761f506793fe5f5b329ae23d38482ae8bd046e45			UNRESOLVED	FREQUENCY_CODED_P1_CANDIDATE_ORIGIN_UNRESOLVED	FREQUENCY_SEMANTICS_DO_NOT_IDENTIFY_JUDGE_JURY_OR_PANEL_RESPONSES	restricted:coe_colombia_south_2008_frequency.json#/records/0/fields/Acidity	PROVISIONAL_MACHINE_CLASSIFIED	AUTOMATED_PARSER	decision-4b2c020cde2b206eadb2e4cb	rights-set-d8e56656c686a7ed68f0d838				2026-08-28T04:30:00Z	2026-08-28T04:30:00Z	717b9e1a3ef6400fa334ddbaf80cb592125ddbdecaf67b0d6271f94bf7878033	f508ebc481c39b4755250f1422148accae73dc57099ecb164e666e07a12b9bc1	WEB_INDEX_FIELD_CAPTURE_SHA256:717b9e1a3ef6400fa334ddbaf80cb592125ddbdecaf67b0d6271f94bf7878033;NOT_FULL_PAGE_BODY	OFFICIAL_FULL_PAGE_BODY_NOT_STORED_ENVIRONMENT_POLICY	round3m.field-parser.v1	round3m.live-adapters.v1	HASH_ONLY	OFFICIAL_FULL_PAGE_BODY_NOT_STORED_ENVIRONMENT_POLICY	false	false
assertion:c24dfa3752cb42d9ea78818a	effective:6e0f618d2337d1668cd026ec	capture:717b9e1a3ef6400f:coe-colombia-south-2008-la-esperanza-87-18	route.coe.colombia-south-2008.frequency-coded	schema.coe.colombia-south-2008.frequency-coded.v1	GENERIC_ORGANIZER_SENSORY_FIELD	Aroma/Flavor	bad6de9899c7f38162119c05d6f7b40fffd698626f8bc6114670b56219bc2d34	restricted:coe_colombia_south_2008_frequency.json#/records/0/fields/Aroma/Flavor	https://allianceforcoffeeexcellence.org/farm-directory/87-18-2/		3a8d6e2f7d4a94aa3ed3b59bb42eba92f2d90d3f0e4f5c7b29f6446955830657		f464d7d71c06e47a535ce441aa202aa717cddeab902a45b0c283aac7a9a090d7	en	STRICT_FLAVOR		f464d7d71c06e47a535ce441aa202aa717cddeab902a45b0c283aac7a9a090d7			UNRESOLVED	FREQUENCY_CODED_P1_CANDIDATE_ORIGIN_UNRESOLVED	FREQUENCY_SEMANTICS_DO_NOT_IDENTIFY_JUDGE_JURY_OR_PANEL_RESPONSES	restricted:coe_colombia_south_2008_frequency.json#/records/0/fields/Aroma/Flavor	PROVISIONAL_MACHINE_CLASSIFIED	AUTOMATED_PARSER	decision-11f846d5a970bd38fa0a12de	rights-set-6b7e8c8898818b9c5f8d8e54	repeat-field-db37fa0abae7e91a5fb0a81c			2026-08-28T04:30:00Z	2026-08-28T04:30:00Z	717b9e1a3ef6400fa334ddbaf80cb592125ddbdecaf67b0d6271f94bf7878033	f508ebc481c39b4755250f1422148accae73dc57099ecb164e666e07a12b9bc1	WEB_INDEX_FIELD_CAPTURE_SHA256:717b9e1a3ef6400fa334ddbaf80cb592125ddbdecaf67b0d6271f94bf7878033;NOT_FULL_PAGE_BODY	OFFICIAL_FULL_PAGE_BODY_NOT_STORED_ENVIRONMENT_POLICY	round3m.field-parser.v1	round3m.live-adapters.v1	HASH_ONLY	OFFICIAL_FULL_PAGE_BODY_NOT_STORED_ENVIRONMENT_POLICY	false	false
assertion:c4de37c8b4e3c9b7ca9cb9b2	effective:f1a4276a0e1a0970dc839383	capture:2ecb916106615174:coe-honduras-2017-el-laurel	route.coe.honduras-2017.explicit-top-jury	schema.coe.honduras-2017.explicit-top-jury.v1	PRIMARY_JURY_DESCRIPTION	Top Jury Descriptions	b170ca39053bb87d7c03416881c4130fbe064ec03957dff115b7c3df364219d6	restricted:coe_honduras_2017_top_jury.json#/records/1/fields/Top Jury Descriptions	https://allianceforcoffeeexcellence.org/farm-directory/91-81-2/		0188b6914675aaa274a322c064cc9b686d026f04563181ed92e0347b00b8c7b9		e7be2c21ba8e9e96a85a7e485fe6040afaf8ff558e201b7923460172f068356d	en	BROAD_SENSORY		e7be2c21ba8e9e96a85a7e485fe6040afaf8ff558e201b7923460172f068356d			P2	ORGANIZER_PUBLISHED_EXPLICIT_JURY_DESCRIPTION	EXPLICIT_TOP_JURY_LABEL_PAIRED_WITH_INTERNATIONAL_JUDGE_SCORE	restricted:coe_honduras_2017_top_jury.json#/records/1/fields/Top Jury Descriptions	PROVISIONAL_MACHINE_CLASSIFIED	AUTOMATED_PARSER	decision-b21df2b7226442f1dc2c975a	rights-set-797de87dd1a257371430b96d				2026-08-28T04:30:00Z	2026-08-28T04:30:00Z	2ecb916106615174a12a05a01589ef2799d168765880a5b83e5416540f562053	453acfc3577f71686783139f9a6dad190ea8edcb188a778e2c8419166593cf95	WEB_INDEX_FIELD_CAPTURE_SHA256:2ecb916106615174a12a05a01589ef2799d168765880a5b83e5416540f562053;NOT_FULL_PAGE_BODY	OFFICIAL_FULL_PAGE_BODY_NOT_STORED_ENVIRONMENT_POLICY	round3m.field-parser.v1	round3m.live-adapters.v1	HASH_ONLY	OFFICIAL_FULL_PAGE_BODY_NOT_STORED_ENVIRONMENT_POLICY	false	false
assertion:c55165ea4d1be5307c225138	effective:6e0f618d2337d1668cd026ec	capture:717b9e1a3ef6400f:coe-colombia-south-2008-la-esperanza-87-18	route.coe.colombia-south-2008.frequency-coded	schema.coe.colombia-south-2008.frequency-coded.v1	GENERIC_ORGANIZER_SENSORY_FIELD	Aroma/Flavor	bad6de9899c7f38162119c05d6f7b40fffd698626f8bc6114670b56219bc2d34	restricted:coe_colombia_south_2008_frequency.json#/records/0/fields/Aroma/Flavor	https://allianceforcoffeeexcellence.org/farm-directory/87-18-2/		3a8d6e2f7d4a94aa3ed3b59bb42eba92f2d90d3f0e4f5c7b29f6446955830657		740d9472155d310672c71c284d4b91e751b93f8f0a5a3ed9ee01b30f204bf0a8	en	STRICT_FLAVOR		740d9472155d310672c71c284d4b91e751b93f8f0a5a3ed9ee01b30f204bf0a8			UNRESOLVED	FREQUENCY_CODED_P1_CANDIDATE_ORIGIN_UNRESOLVED	FREQUENCY_SEMANTICS_DO_NOT_IDENTIFY_JUDGE_JURY_OR_PANEL_RESPONSES	restricted:coe_colombia_south_2008_frequency.json#/records/0/fields/Aroma/Flavor	PROVISIONAL_MACHINE_CLASSIFIED	AUTOMATED_PARSER	decision-ed9baaa15c88e59fd1b191d7	rights-set-461d95a90124a26e1c435a71				2026-08-28T04:30:00Z	2026-08-28T04:30:00Z	717b9e1a3ef6400fa334ddbaf80cb592125ddbdecaf67b0d6271f94bf7878033	f508ebc481c39b4755250f1422148accae73dc57099ecb164e666e07a12b9bc1	WEB_INDEX_FIELD_CAPTURE_SHA256:717b9e1a3ef6400fa334ddbaf80cb592125ddbdecaf67b0d6271f94bf7878033;NOT_FULL_PAGE_BODY	OFFICIAL_FULL_PAGE_BODY_NOT_STORED_ENVIRONMENT_POLICY	round3m.field-parser.v1	round3m.live-adapters.v1	HASH_ONLY	OFFICIAL_FULL_PAGE_BODY_NOT_STORED_ENVIRONMENT_POLICY	false	false
assertion:c5b056dabfc47bb0f71be9c9	effective:6e0f618d2337d1668cd026ec	capture:717b9e1a3ef6400f:coe-colombia-south-2008-la-esperanza-87-18	route.coe.colombia-south-2008.frequency-coded	schema.coe.colombia-south-2008.frequency-coded.v1	GENERIC_ORGANIZER_SENSORY_FIELD	Acidity	32857e06215ed58ae66ec40a2d2d8ce8bcb1d2c9942a72e171f17ca9d58c5e55	restricted:coe_colombia_south_2008_frequency.json#/records/0/fields/Acidity	https://allianceforcoffeeexcellence.org/farm-directory/87-18-2/		f0d41dc25f73c4851fef343f3268a10fc1ced8314198c5db8929248df735f7d4		f464d7d71c06e47a535ce441aa202aa717cddeab902a45b0c283aac7a9a090d7	en	BROAD_SENSORY		f464d7d71c06e47a535ce441aa202aa717cddeab902a45b0c283aac7a9a090d7			UNRESOLVED	FREQUENCY_CODED_P1_CANDIDATE_ORIGIN_UNRESOLVED	FREQUENCY_SEMANTICS_DO_NOT_IDENTIFY_JUDGE_JURY_OR_PANEL_RESPONSES	restricted:coe_colombia_south_2008_frequency.json#/records/0/fields/Acidity	PROVISIONAL_MACHINE_CLASSIFIED	AUTOMATED_PARSER	decision-07dc8110720dc908529b4ee0	rights-set-77fdabff160f7a15d0a9c36c		repeat-record-714a85e17bd34a0ffc74f46c		2026-08-28T04:30:00Z	2026-08-28T04:30:00Z	717b9e1a3ef6400fa334ddbaf80cb592125ddbdecaf67b0d6271f94bf7878033	f508ebc481c39b4755250f1422148accae73dc57099ecb164e666e07a12b9bc1	WEB_INDEX_FIELD_CAPTURE_SHA256:717b9e1a3ef6400fa334ddbaf80cb592125ddbdecaf67b0d6271f94bf7878033;NOT_FULL_PAGE_BODY	OFFICIAL_FULL_PAGE_BODY_NOT_STORED_ENVIRONMENT_POLICY	round3m.field-parser.v1	round3m.live-adapters.v1	HASH_ONLY	OFFICIAL_FULL_PAGE_BODY_NOT_STORED_ENVIRONMENT_POLICY	false	false
assertion:c7d4ff3a8e353c948185da6f	effective:ec2043706fc868557e7d7152	capture:44b83f0786a9909c:coe-peru-2025-la-catarata	route.coe.generic-sensory-field	schema.coe.generic-sensory-field.v1	GENERIC_ORGANIZER_SENSORY_FIELD	Overall	715b1458abbee52eb88658bb578f99719f544104718a34de7d9bcea1383c4b34	restricted:coe_peru_2025_generic.json#/records/0/fields/Overall	https://farmdirectory.cupofexcellence.org/listing/1-la-catarata-peru-2025/		539adfdea796c45db1b6386c0eb39f37f2a40eb6259efe995f38612604a6477d		b579d00d3939d52a938bd668aac42867b420e42ac987dd438beafb1a4f637d20	en	STRICT_FLAVOR		b579d00d3939d52a938bd668aac42867b420e42ac987dd438beafb1a4f637d20			UNRESOLVED	GENERIC_ORGANIZER_FIELD_ORIGIN_UNRESOLVED	ORGANIZER_HOSTING_DOES_NOT_IDENTIFY_FIELD_AUTHOR	restricted:coe_peru_2025_generic.json#/records/0/fields/Overall	PROVISIONAL_MACHINE_CLASSIFIED	AUTOMATED_PARSER	decision-d4fd90c348d3ff800c9932a7	rights-set-df2186e749ead3cabf069ff4				2026-08-28T04:30:00Z	2026-08-28T04:30:00Z	44b83f0786a9909c3f55fa4ba0f148aee15d75e54ae571918cc4350372b2a0f9	83b674daf22d57d7d42ea92c30fb3b3b2a7b4927b3da6505022238a26941cc1a	WEB_INDEX_FIELD_CAPTURE_SHA256:44b83f0786a9909c3f55fa4ba0f148aee15d75e54ae571918cc4350372b2a0f9;NOT_FULL_PAGE_BODY	OFFICIAL_FULL_PAGE_BODY_NOT_STORED_ENVIRONMENT_POLICY	round3m.field-parser.v1	round3m.live-adapters.v1	HASH_ONLY	OFFICIAL_FULL_PAGE_BODY_NOT_STORED_ENVIRONMENT_POLICY	false	false
assertion:cae3256fd57980b5582f03aa	effective:aa8257ea7c527ff93620b889	capture:2ecb916106615174:coe-honduras-2017-el-roblar	route.coe.honduras-2017.explicit-top-jury	schema.coe.honduras-2017.explicit-top-jury.v1	PRIMARY_JURY_DESCRIPTION	Top Jury Descriptions	b170ca39053bb87d7c03416881c4130fbe064ec03957dff115b7c3df364219d6	restricted:coe_honduras_2017_top_jury.json#/records/3/fields/Top Jury Descriptions	https://allianceforcoffeeexcellence.org/farm-directory/88-00-5/		7eadc583046ae80f06521c7dc4467c125933cd133a2b3f92b4a0a56a8896ea79		db2ca3cb92017fa91cdd6ea80f2e9cfbed3c4cc71de9b3455335c777cd94bc7f	en	STRICT_FLAVOR		db2ca3cb92017fa91cdd6ea80f2e9cfbed3c4cc71de9b3455335c777cd94bc7f			P2	ORGANIZER_PUBLISHED_EXPLICIT_JURY_DESCRIPTION	EXPLICIT_TOP_JURY_LABEL_PAIRED_WITH_INTERNATIONAL_JUDGE_SCORE	restricted:coe_honduras_2017_top_jury.json#/records/3/fields/Top Jury Descriptions	PROVISIONAL_MACHINE_CLASSIFIED	AUTOMATED_PARSER	decision-3a5d5de3f00b68d19c27fa1d	rights-set-e02e576ae8656fba7950ef31				2026-08-28T04:30:00Z	2026-08-28T04:30:00Z	2ecb916106615174a12a05a01589ef2799d168765880a5b83e5416540f562053	453acfc3577f71686783139f9a6dad190ea8edcb188a778e2c8419166593cf95	WEB_INDEX_FIELD_CAPTURE_SHA256:2ecb916106615174a12a05a01589ef2799d168765880a5b83e5416540f562053;NOT_FULL_PAGE_BODY	OFFICIAL_FULL_PAGE_BODY_NOT_STORED_ENVIRONMENT_POLICY	round3m.field-parser.v1	round3m.live-adapters.v1	HASH_ONLY	OFFICIAL_FULL_PAGE_BODY_NOT_STORED_ENVIRONMENT_POLICY	false	false
assertion:cc7f9db40e845810b7983c94	effective:6e0f618d2337d1668cd026ec	capture:717b9e1a3ef6400f:coe-colombia-south-2008-la-esperanza-87-18	route.coe.colombia-south-2008.frequency-coded	schema.coe.colombia-south-2008.frequency-coded.v1	GENERIC_ORGANIZER_SENSORY_FIELD	Aroma/Flavor	bad6de9899c7f38162119c05d6f7b40fffd698626f8bc6114670b56219bc2d34	restricted:coe_colombia_south_2008_frequency.json#/records/0/fields/Aroma/Flavor	https://allianceforcoffeeexcellence.org/farm-directory/87-18-2/		3a8d6e2f7d4a94aa3ed3b59bb42eba92f2d90d3f0e4f5c7b29f6446955830657		2e9360bf94a360aa1420d04a13c3ed341ba3dbc689b239887d3832332cce4fbd	en	STRICT_FLAVOR		2e9360bf94a360aa1420d04a13c3ed341ba3dbc689b239887d3832332cce4fbd			UNRESOLVED	FREQUENCY_CODED_P1_CANDIDATE_ORIGIN_UNRESOLVED	FREQUENCY_SEMANTICS_DO_NOT_IDENTIFY_JUDGE_JURY_OR_PANEL_RESPONSES	restricted:coe_colombia_south_2008_frequency.json#/records/0/fields/Aroma/Flavor	PROVISIONAL_MACHINE_CLASSIFIED	AUTOMATED_PARSER	decision-a92508f2f5bdf0c47b168cbf	rights-set-45ac83201c9f361607741654				2026-08-28T04:30:00Z	2026-08-28T04:30:00Z	717b9e1a3ef6400fa334ddbaf80cb592125ddbdecaf67b0d6271f94bf7878033	f508ebc481c39b4755250f1422148accae73dc57099ecb164e666e07a12b9bc1	WEB_INDEX_FIELD_CAPTURE_SHA256:717b9e1a3ef6400fa334ddbaf80cb592125ddbdecaf67b0d6271f94bf7878033;NOT_FULL_PAGE_BODY	OFFICIAL_FULL_PAGE_BODY_NOT_STORED_ENVIRONMENT_POLICY	round3m.field-parser.v1	round3m.live-adapters.v1	HASH_ONLY	OFFICIAL_FULL_PAGE_BODY_NOT_STORED_ENVIRONMENT_POLICY	false	false
assertion:d4b4eb63b76d0260fd9d3fa0	effective:e034410f41d662fd4a1c08f6	capture:717b9e1a3ef6400f:coe-colombia-south-2008-el-vergel-86-73	route.coe.colombia-south-2008.frequency-coded	schema.coe.colombia-south-2008.frequency-coded.v1	GENERIC_ORGANIZER_SENSORY_FIELD	Aroma/Flavor	bad6de9899c7f38162119c05d6f7b40fffd698626f8bc6114670b56219bc2d34	restricted:coe_colombia_south_2008_frequency.json#/records/1/fields/Aroma/Flavor	https://allianceforcoffeeexcellence.org/farm-directory/86-73/		8135b1e52d0f49f8e1174f797cb31bfb639577c1312325f678f4c7dc5ee13ec4		0f78fcc486f5315418fbf095e71c0675ee07d318e5ac4d150050cd8e57966496	en	STRICT_FLAVOR		0f78fcc486f5315418fbf095e71c0675ee07d318e5ac4d150050cd8e57966496			UNRESOLVED	FREQUENCY_CODED_P1_CANDIDATE_ORIGIN_UNRESOLVED	FREQUENCY_SEMANTICS_DO_NOT_IDENTIFY_JUDGE_JURY_OR_PANEL_RESPONSES	restricted:coe_colombia_south_2008_frequency.json#/records/1/fields/Aroma/Flavor	PROVISIONAL_MACHINE_CLASSIFIED	AUTOMATED_PARSER	decision-495eb6741008e7408a03ee46	rights-set-38afeff55096d0b06fff80a5				2026-08-28T04:30:00Z	2026-08-28T04:30:00Z	717b9e1a3ef6400fa334ddbaf80cb592125ddbdecaf67b0d6271f94bf7878033	f508ebc481c39b4755250f1422148accae73dc57099ecb164e666e07a12b9bc1	WEB_INDEX_FIELD_CAPTURE_SHA256:717b9e1a3ef6400fa334ddbaf80cb592125ddbdecaf67b0d6271f94bf7878033;NOT_FULL_PAGE_BODY	OFFICIAL_FULL_PAGE_BODY_NOT_STORED_ENVIRONMENT_POLICY	round3m.field-parser.v1	round3m.live-adapters.v1	HASH_ONLY	OFFICIAL_FULL_PAGE_BODY_NOT_STORED_ENVIRONMENT_POLICY	false	false
assertion:d664f61ce37489f6e56e5ad6	effective:e034410f41d662fd4a1c08f6	capture:717b9e1a3ef6400f:coe-colombia-south-2008-el-vergel-86-73	route.coe.colombia-south-2008.frequency-coded	schema.coe.colombia-south-2008.frequency-coded.v1	GENERIC_ORGANIZER_SENSORY_FIELD	Aroma/Flavor	bad6de9899c7f38162119c05d6f7b40fffd698626f8bc6114670b56219bc2d34	restricted:coe_colombia_south_2008_frequency.json#/records/1/fields/Aroma/Flavor	https://allianceforcoffeeexcellence.org/farm-directory/86-73/		8135b1e52d0f49f8e1174f797cb31bfb639577c1312325f678f4c7dc5ee13ec4		da43f06caa04c6fd627b63e9e825119a41a376d12ca7a306769d6ea652f9a486	en	STRICT_FLAVOR		da43f06caa04c6fd627b63e9e825119a41a376d12ca7a306769d6ea652f9a486			UNRESOLVED	FREQUENCY_CODED_P1_CANDIDATE_ORIGIN_UNRESOLVED	FREQUENCY_SEMANTICS_DO_NOT_IDENTIFY_JUDGE_JURY_OR_PANEL_RESPONSES	restricted:coe_colombia_south_2008_frequency.json#/records/1/fields/Aroma/Flavor	PROVISIONAL_MACHINE_CLASSIFIED	AUTOMATED_PARSER	decision-a2ecd3867348f15992ea994a	rights-set-ecf528843fb00efea8eea4cb				2026-08-28T04:30:00Z	2026-08-28T04:30:00Z	717b9e1a3ef6400fa334ddbaf80cb592125ddbdecaf67b0d6271f94bf7878033	f508ebc481c39b4755250f1422148accae73dc57099ecb164e666e07a12b9bc1	WEB_INDEX_FIELD_CAPTURE_SHA256:717b9e1a3ef6400fa334ddbaf80cb592125ddbdecaf67b0d6271f94bf7878033;NOT_FULL_PAGE_BODY	OFFICIAL_FULL_PAGE_BODY_NOT_STORED_ENVIRONMENT_POLICY	round3m.field-parser.v1	round3m.live-adapters.v1	HASH_ONLY	OFFICIAL_FULL_PAGE_BODY_NOT_STORED_ENVIRONMENT_POLICY	false	false
assertion:d67f069f4ec39c0750b92534	effective:e034410f41d662fd4a1c08f6	capture:717b9e1a3ef6400f:coe-colombia-south-2008-el-vergel-86-73	route.coe.colombia-south-2008.frequency-coded	schema.coe.colombia-south-2008.frequency-coded.v1	GENERIC_ORGANIZER_SENSORY_FIELD	Aroma/Flavor	bad6de9899c7f38162119c05d6f7b40fffd698626f8bc6114670b56219bc2d34	restricted:coe_colombia_south_2008_frequency.json#/records/1/fields/Aroma/Flavor	https://allianceforcoffeeexcellence.org/farm-directory/86-73/		8135b1e52d0f49f8e1174f797cb31bfb639577c1312325f678f4c7dc5ee13ec4		f6c544f14cf432eb80745e9637ace25e460f06a74b85acfa1b235f0404c09f4a	en	BROAD_SENSORY		f6c544f14cf432eb80745e9637ace25e460f06a74b85acfa1b235f0404c09f4a			UNRESOLVED	FREQUENCY_CODED_P1_CANDIDATE_ORIGIN_UNRESOLVED	FREQUENCY_SEMANTICS_DO_NOT_IDENTIFY_JUDGE_JURY_OR_PANEL_RESPONSES	restricted:coe_colombia_south_2008_frequency.json#/records/1/fields/Aroma/Flavor	PROVISIONAL_MACHINE_CLASSIFIED	AUTOMATED_PARSER	decision-076c03a5f948f386adbdae78	rights-set-80b3f4a085e35476f79aa839				2026-08-28T04:30:00Z	2026-08-28T04:30:00Z	717b9e1a3ef6400fa334ddbaf80cb592125ddbdecaf67b0d6271f94bf7878033	f508ebc481c39b4755250f1422148accae73dc57099ecb164e666e07a12b9bc1	WEB_INDEX_FIELD_CAPTURE_SHA256:717b9e1a3ef6400fa334ddbaf80cb592125ddbdecaf67b0d6271f94bf7878033;NOT_FULL_PAGE_BODY	OFFICIAL_FULL_PAGE_BODY_NOT_STORED_ENVIRONMENT_POLICY	round3m.field-parser.v1	round3m.live-adapters.v1	HASH_ONLY	OFFICIAL_FULL_PAGE_BODY_NOT_STORED_ENVIRONMENT_POLICY	false	false
assertion:d7dc4e9515c76aeb2f0db1c6	effective:6e0f618d2337d1668cd026ec	capture:717b9e1a3ef6400f:coe-colombia-south-2008-la-esperanza-87-18	route.coe.colombia-south-2008.frequency-coded	schema.coe.colombia-south-2008.frequency-coded.v1	GENERIC_ORGANIZER_SENSORY_FIELD	Acidity	32857e06215ed58ae66ec40a2d2d8ce8bcb1d2c9942a72e171f17ca9d58c5e55	restricted:coe_colombia_south_2008_frequency.json#/records/0/fields/Acidity	https://allianceforcoffeeexcellence.org/farm-directory/87-18-2/		f0d41dc25f73c4851fef343f3268a10fc1ced8314198c5db8929248df735f7d4		06df90ccef78b5002bf5d2b2c5a9ab54c58ba70be98b839161928e8d76a0d478	en	BROAD_SENSORY		06df90ccef78b5002bf5d2b2c5a9ab54c58ba70be98b839161928e8d76a0d478			UNRESOLVED	FREQUENCY_CODED_P1_CANDIDATE_ORIGIN_UNRESOLVED	FREQUENCY_SEMANTICS_DO_NOT_IDENTIFY_JUDGE_JURY_OR_PANEL_RESPONSES	restricted:coe_colombia_south_2008_frequency.json#/records/0/fields/Acidity	PROVISIONAL_MACHINE_CLASSIFIED	AUTOMATED_PARSER	decision-922c1e939b20014138b1190d	rights-set-e5a81560f4d946d3c046a590				2026-08-28T04:30:00Z	2026-08-28T04:30:00Z	717b9e1a3ef6400fa334ddbaf80cb592125ddbdecaf67b0d6271f94bf7878033	f508ebc481c39b4755250f1422148accae73dc57099ecb164e666e07a12b9bc1	WEB_INDEX_FIELD_CAPTURE_SHA256:717b9e1a3ef6400fa334ddbaf80cb592125ddbdecaf67b0d6271f94bf7878033;NOT_FULL_PAGE_BODY	OFFICIAL_FULL_PAGE_BODY_NOT_STORED_ENVIRONMENT_POLICY	round3m.field-parser.v1	round3m.live-adapters.v1	HASH_ONLY	OFFICIAL_FULL_PAGE_BODY_NOT_STORED_ENVIRONMENT_POLICY	false	false
assertion:d8e291b2b7f712957f218277	effective:ec2043706fc868557e7d7152	capture:44b83f0786a9909c:coe-peru-2025-la-catarata	route.coe.generic-sensory-field	schema.coe.generic-sensory-field.v1	GENERIC_ORGANIZER_SENSORY_FIELD	Aroma / Flavor	6ddda748d327ba9ec1a784d1d8f705180733aa3d78dce9d5ce8d7b802c7e4011	restricted:coe_peru_2025_generic.json#/records/0/fields/Aroma / Flavor	https://farmdirectory.cupofexcellence.org/listing/1-la-catarata-peru-2025/		4ed9a4d7707377e949145f0ae809422b1a318146143bb5e118176a0a5453338b		cb2ad2f5b06e067fb1e9b486940743520b8a6807944cffa2f3df40c2572c4684	en	STRICT_FLAVOR		cb2ad2f5b06e067fb1e9b486940743520b8a6807944cffa2f3df40c2572c4684			UNRESOLVED	GENERIC_ORGANIZER_FIELD_ORIGIN_UNRESOLVED	ORGANIZER_HOSTING_DOES_NOT_IDENTIFY_FIELD_AUTHOR	restricted:coe_peru_2025_generic.json#/records/0/fields/Aroma / Flavor	PROVISIONAL_MACHINE_CLASSIFIED	AUTOMATED_PARSER	decision-adffa62e6b6a592721bf37d9	rights-set-9bb07dd3ee99c0545ba6ef85				2026-08-28T04:30:00Z	2026-08-28T04:30:00Z	44b83f0786a9909c3f55fa4ba0f148aee15d75e54ae571918cc4350372b2a0f9	83b674daf22d57d7d42ea92c30fb3b3b2a7b4927b3da6505022238a26941cc1a	WEB_INDEX_FIELD_CAPTURE_SHA256:44b83f0786a9909c3f55fa4ba0f148aee15d75e54ae571918cc4350372b2a0f9;NOT_FULL_PAGE_BODY	OFFICIAL_FULL_PAGE_BODY_NOT_STORED_ENVIRONMENT_POLICY	round3m.field-parser.v1	round3m.live-adapters.v1	HASH_ONLY	OFFICIAL_FULL_PAGE_BODY_NOT_STORED_ENVIRONMENT_POLICY	false	false
assertion:db67c19bc6adeb07d8e9ea26	effective:417f9b9adcf3826aa8f3ac12	capture:2ecb916106615174:coe-honduras-2017-el-cedro	route.coe.honduras-2017.explicit-top-jury	schema.coe.honduras-2017.explicit-top-jury.v1	PRIMARY_JURY_DESCRIPTION	Top Jury Descriptions	b170ca39053bb87d7c03416881c4130fbe064ec03957dff115b7c3df364219d6	restricted:coe_honduras_2017_top_jury.json#/records/2/fields/Top Jury Descriptions	https://allianceforcoffeeexcellence.org/farm-directory/88-62-5/		b237a10caf5b846b28ae9e233b69a78264f9f7adc19901074c32f12e3ff8a18b		043d97d69419bd79f3b5c1d8acd900cdc8364cdfe2b1f6657c4e9de2580f594b	en	BROAD_SENSORY		043d97d69419bd79f3b5c1d8acd900cdc8364cdfe2b1f6657c4e9de2580f594b			P2	ORGANIZER_PUBLISHED_EXPLICIT_JURY_DESCRIPTION	EXPLICIT_TOP_JURY_LABEL_PAIRED_WITH_INTERNATIONAL_JUDGE_SCORE	restricted:coe_honduras_2017_top_jury.json#/records/2/fields/Top Jury Descriptions	PROVISIONAL_MACHINE_CLASSIFIED	AUTOMATED_PARSER	decision-8c2e390e4aee8de7f55cd7d1	rights-set-bd9f44bd4131ea900f64bc4b				2026-08-28T04:30:00Z	2026-08-28T04:30:00Z	2ecb916106615174a12a05a01589ef2799d168765880a5b83e5416540f562053	453acfc3577f71686783139f9a6dad190ea8edcb188a778e2c8419166593cf95	WEB_INDEX_FIELD_CAPTURE_SHA256:2ecb916106615174a12a05a01589ef2799d168765880a5b83e5416540f562053;NOT_FULL_PAGE_BODY	OFFICIAL_FULL_PAGE_BODY_NOT_STORED_ENVIRONMENT_POLICY	round3m.field-parser.v1	round3m.live-adapters.v1	HASH_ONLY	OFFICIAL_FULL_PAGE_BODY_NOT_STORED_ENVIRONMENT_POLICY	false	false
assertion:de2287351c41ec6b4fe39eae	effective:f1a4276a0e1a0970dc839383	capture:2ecb916106615174:coe-honduras-2017-el-laurel	route.coe.honduras-2017.explicit-top-jury	schema.coe.honduras-2017.explicit-top-jury.v1	PRIMARY_JURY_DESCRIPTION	Top Jury Descriptions	b170ca39053bb87d7c03416881c4130fbe064ec03957dff115b7c3df364219d6	restricted:coe_honduras_2017_top_jury.json#/records/1/fields/Top Jury Descriptions	https://allianceforcoffeeexcellence.org/farm-directory/91-81-2/		0188b6914675aaa274a322c064cc9b686d026f04563181ed92e0347b00b8c7b9		d07dce1eb4a6ccaa51d4d695ec97b86eabca48431f9ea5690dfe597f2b014f38	en	STRICT_FLAVOR		d07dce1eb4a6ccaa51d4d695ec97b86eabca48431f9ea5690dfe597f2b014f38			P2	ORGANIZER_PUBLISHED_EXPLICIT_JURY_DESCRIPTION	EXPLICIT_TOP_JURY_LABEL_PAIRED_WITH_INTERNATIONAL_JUDGE_SCORE	restricted:coe_honduras_2017_top_jury.json#/records/1/fields/Top Jury Descriptions	PROVISIONAL_MACHINE_CLASSIFIED	AUTOMATED_PARSER	decision-4051fd626bd7bdf67057ecdf	rights-set-400344ff8b282366d434dde3				2026-08-28T04:30:00Z	2026-08-28T04:30:00Z	2ecb916106615174a12a05a01589ef2799d168765880a5b83e5416540f562053	453acfc3577f71686783139f9a6dad190ea8edcb188a778e2c8419166593cf95	WEB_INDEX_FIELD_CAPTURE_SHA256:2ecb916106615174a12a05a01589ef2799d168765880a5b83e5416540f562053;NOT_FULL_PAGE_BODY	OFFICIAL_FULL_PAGE_BODY_NOT_STORED_ENVIRONMENT_POLICY	round3m.field-parser.v1	round3m.live-adapters.v1	HASH_ONLY	OFFICIAL_FULL_PAGE_BODY_NOT_STORED_ENVIRONMENT_POLICY	false	false
assertion:dfcdc570acc723a5f3620da4	effective:e034410f41d662fd4a1c08f6	capture:717b9e1a3ef6400f:coe-colombia-south-2008-el-vergel-86-73	route.coe.colombia-south-2008.frequency-coded	schema.coe.colombia-south-2008.frequency-coded.v1	GENERIC_ORGANIZER_SENSORY_FIELD	Acidity	32857e06215ed58ae66ec40a2d2d8ce8bcb1d2c9942a72e171f17ca9d58c5e55	restricted:coe_colombia_south_2008_frequency.json#/records/1/fields/Acidity	https://allianceforcoffeeexcellence.org/farm-directory/86-73/		385d39ca74ed11d51aa179dc24fdf74121b9d5c629712f52324beaaa866bfdef		4ee210159ebaf53dd08ce9968994ccb3ba17b2a691e8596a2ca9b5e5ace12ffe	en	BROAD_SENSORY		4ee210159ebaf53dd08ce9968994ccb3ba17b2a691e8596a2ca9b5e5ace12ffe			UNRESOLVED	FREQUENCY_CODED_P1_CANDIDATE_ORIGIN_UNRESOLVED	FREQUENCY_SEMANTICS_DO_NOT_IDENTIFY_JUDGE_JURY_OR_PANEL_RESPONSES	restricted:coe_colombia_south_2008_frequency.json#/records/1/fields/Acidity	PROVISIONAL_MACHINE_CLASSIFIED	AUTOMATED_PARSER	decision-ba34c83ae5af92c87629a887	rights-set-f80fe22d1b521a49dee897d3				2026-08-28T04:30:00Z	2026-08-28T04:30:00Z	717b9e1a3ef6400fa334ddbaf80cb592125ddbdecaf67b0d6271f94bf7878033	f508ebc481c39b4755250f1422148accae73dc57099ecb164e666e07a12b9bc1	WEB_INDEX_FIELD_CAPTURE_SHA256:717b9e1a3ef6400fa334ddbaf80cb592125ddbdecaf67b0d6271f94bf7878033;NOT_FULL_PAGE_BODY	OFFICIAL_FULL_PAGE_BODY_NOT_STORED_ENVIRONMENT_POLICY	round3m.field-parser.v1	round3m.live-adapters.v1	HASH_ONLY	OFFICIAL_FULL_PAGE_BODY_NOT_STORED_ENVIRONMENT_POLICY	false	false
assertion:e21ff76028600102c9810597	effective:6e0f618d2337d1668cd026ec	capture:717b9e1a3ef6400f:coe-colombia-south-2008-la-esperanza-87-18	route.coe.colombia-south-2008.frequency-coded	schema.coe.colombia-south-2008.frequency-coded.v1	GENERIC_ORGANIZER_SENSORY_FIELD	Aroma/Flavor	bad6de9899c7f38162119c05d6f7b40fffd698626f8bc6114670b56219bc2d34	restricted:coe_colombia_south_2008_frequency.json#/records/0/fields/Aroma/Flavor	https://allianceforcoffeeexcellence.org/farm-directory/87-18-2/		3a8d6e2f7d4a94aa3ed3b59bb42eba92f2d90d3f0e4f5c7b29f6446955830657		8cbbcf29d9cef89675c5f5c1dcfe827d0570416a5aaba30dd0de159661ad905b	en	STRICT_FLAVOR		8cbbcf29d9cef89675c5f5c1dcfe827d0570416a5aaba30dd0de159661ad905b			UNRESOLVED	FREQUENCY_CODED_P1_CANDIDATE_ORIGIN_UNRESOLVED	FREQUENCY_SEMANTICS_DO_NOT_IDENTIFY_JUDGE_JURY_OR_PANEL_RESPONSES	restricted:coe_colombia_south_2008_frequency.json#/records/0/fields/Aroma/Flavor	PROVISIONAL_MACHINE_CLASSIFIED	AUTOMATED_PARSER	decision-6a50286f87ca91cba2b5c14b	rights-set-7073f1abb3254a2c3aee029b				2026-08-28T04:30:00Z	2026-08-28T04:30:00Z	717b9e1a3ef6400fa334ddbaf80cb592125ddbdecaf67b0d6271f94bf7878033	f508ebc481c39b4755250f1422148accae73dc57099ecb164e666e07a12b9bc1	WEB_INDEX_FIELD_CAPTURE_SHA256:717b9e1a3ef6400fa334ddbaf80cb592125ddbdecaf67b0d6271f94bf7878033;NOT_FULL_PAGE_BODY	OFFICIAL_FULL_PAGE_BODY_NOT_STORED_ENVIRONMENT_POLICY	round3m.field-parser.v1	round3m.live-adapters.v1	HASH_ONLY	OFFICIAL_FULL_PAGE_BODY_NOT_STORED_ENVIRONMENT_POLICY	false	false
assertion:e34181a080dc3e7614f6dc69	effective:aa8257ea7c527ff93620b889	capture:2ecb916106615174:coe-honduras-2017-el-roblar	route.coe.honduras-2017.explicit-top-jury	schema.coe.honduras-2017.explicit-top-jury.v1	PRIMARY_JURY_DESCRIPTION	Top Jury Descriptions	b170ca39053bb87d7c03416881c4130fbe064ec03957dff115b7c3df364219d6	restricted:coe_honduras_2017_top_jury.json#/records/3/fields/Top Jury Descriptions	https://allianceforcoffeeexcellence.org/farm-directory/88-00-5/		7eadc583046ae80f06521c7dc4467c125933cd133a2b3f92b4a0a56a8896ea79		1dcde5f994d37981fa47f3794b3ef9f620b223d72d112c5fc7eddc0b1508f2f9	en	STRICT_FLAVOR		1dcde5f994d37981fa47f3794b3ef9f620b223d72d112c5fc7eddc0b1508f2f9			P2	ORGANIZER_PUBLISHED_EXPLICIT_JURY_DESCRIPTION	EXPLICIT_TOP_JURY_LABEL_PAIRED_WITH_INTERNATIONAL_JUDGE_SCORE	restricted:coe_honduras_2017_top_jury.json#/records/3/fields/Top Jury Descriptions	PROVISIONAL_MACHINE_CLASSIFIED	AUTOMATED_PARSER	decision-d43460b0dfa648c796caaa9d	rights-set-1a1bec03442a4e126abb10eb				2026-08-28T04:30:00Z	2026-08-28T04:30:00Z	2ecb916106615174a12a05a01589ef2799d168765880a5b83e5416540f562053	453acfc3577f71686783139f9a6dad190ea8edcb188a778e2c8419166593cf95	WEB_INDEX_FIELD_CAPTURE_SHA256:2ecb916106615174a12a05a01589ef2799d168765880a5b83e5416540f562053;NOT_FULL_PAGE_BODY	OFFICIAL_FULL_PAGE_BODY_NOT_STORED_ENVIRONMENT_POLICY	round3m.field-parser.v1	round3m.live-adapters.v1	HASH_ONLY	OFFICIAL_FULL_PAGE_BODY_NOT_STORED_ENVIRONMENT_POLICY	false	false
assertion:e7de40562ee0a0363aabd07b	effective:6e0f618d2337d1668cd026ec	capture:717b9e1a3ef6400f:coe-colombia-south-2008-la-esperanza-87-18	route.coe.colombia-south-2008.frequency-coded	schema.coe.colombia-south-2008.frequency-coded.v1	GENERIC_ORGANIZER_SENSORY_FIELD	Aroma/Flavor	bad6de9899c7f38162119c05d6f7b40fffd698626f8bc6114670b56219bc2d34	restricted:coe_colombia_south_2008_frequency.json#/records/0/fields/Aroma/Flavor	https://allianceforcoffeeexcellence.org/farm-directory/87-18-2/		3a8d6e2f7d4a94aa3ed3b59bb42eba92f2d90d3f0e4f5c7b29f6446955830657		f5f445528f4a0134354c891fbd95fd0734d25cb2c9206c4684545ae49b14d29b	en	BROAD_SENSORY		f5f445528f4a0134354c891fbd95fd0734d25cb2c9206c4684545ae49b14d29b			UNRESOLVED	FREQUENCY_CODED_P1_CANDIDATE_ORIGIN_UNRESOLVED	FREQUENCY_SEMANTICS_DO_NOT_IDENTIFY_JUDGE_JURY_OR_PANEL_RESPONSES	restricted:coe_colombia_south_2008_frequency.json#/records/0/fields/Aroma/Flavor	PROVISIONAL_MACHINE_CLASSIFIED	AUTOMATED_PARSER	decision-72eaf4a7a592a6266fdb3958	rights-set-54bacc2409756a070f198f2b				2026-08-28T04:30:00Z	2026-08-28T04:30:00Z	717b9e1a3ef6400fa334ddbaf80cb592125ddbdecaf67b0d6271f94bf7878033	f508ebc481c39b4755250f1422148accae73dc57099ecb164e666e07a12b9bc1	WEB_INDEX_FIELD_CAPTURE_SHA256:717b9e1a3ef6400fa334ddbaf80cb592125ddbdecaf67b0d6271f94bf7878033;NOT_FULL_PAGE_BODY	OFFICIAL_FULL_PAGE_BODY_NOT_STORED_ENVIRONMENT_POLICY	round3m.field-parser.v1	round3m.live-adapters.v1	HASH_ONLY	OFFICIAL_FULL_PAGE_BODY_NOT_STORED_ENVIRONMENT_POLICY	false	false
assertion:eb70eb1209490f2a067899e1	effective:6e0f618d2337d1668cd026ec	capture:717b9e1a3ef6400f:coe-colombia-south-2008-la-esperanza-87-18	route.coe.colombia-south-2008.frequency-coded	schema.coe.colombia-south-2008.frequency-coded.v1	GENERIC_ORGANIZER_SENSORY_FIELD	Aroma/Flavor	bad6de9899c7f38162119c05d6f7b40fffd698626f8bc6114670b56219bc2d34	restricted:coe_colombia_south_2008_frequency.json#/records/0/fields/Aroma/Flavor	https://allianceforcoffeeexcellence.org/farm-directory/87-18-2/		3a8d6e2f7d4a94aa3ed3b59bb42eba92f2d90d3f0e4f5c7b29f6446955830657		7019275bf53483f22cab4e0f568d2c2a8f785fa3b558024cd8ba12f3894bd6b0	en	STRICT_FLAVOR		7019275bf53483f22cab4e0f568d2c2a8f785fa3b558024cd8ba12f3894bd6b0			UNRESOLVED	FREQUENCY_CODED_P1_CANDIDATE_ORIGIN_UNRESOLVED	FREQUENCY_SEMANTICS_DO_NOT_IDENTIFY_JUDGE_JURY_OR_PANEL_RESPONSES	restricted:coe_colombia_south_2008_frequency.json#/records/0/fields/Aroma/Flavor	PROVISIONAL_MACHINE_CLASSIFIED	AUTOMATED_PARSER	decision-b47481886f8329ab6a86832c	rights-set-7926b7b6131b369b1cfe7abe				2026-08-28T04:30:00Z	2026-08-28T04:30:00Z	717b9e1a3ef6400fa334ddbaf80cb592125ddbdecaf67b0d6271f94bf7878033	f508ebc481c39b4755250f1422148accae73dc57099ecb164e666e07a12b9bc1	WEB_INDEX_FIELD_CAPTURE_SHA256:717b9e1a3ef6400fa334ddbaf80cb592125ddbdecaf67b0d6271f94bf7878033;NOT_FULL_PAGE_BODY	OFFICIAL_FULL_PAGE_BODY_NOT_STORED_ENVIRONMENT_POLICY	round3m.field-parser.v1	round3m.live-adapters.v1	HASH_ONLY	OFFICIAL_FULL_PAGE_BODY_NOT_STORED_ENVIRONMENT_POLICY	false	false
assertion:ecf7da0da90f00ca3a282c10	effective:0ec126e97dcb5ab048050233	capture:2ecb916106615174:coe-honduras-2017-el-liquidambo	route.coe.honduras-2017.explicit-top-jury	schema.coe.honduras-2017.explicit-top-jury.v1	PRIMARY_JURY_DESCRIPTION	Top Jury Descriptions	b170ca39053bb87d7c03416881c4130fbe064ec03957dff115b7c3df364219d6	restricted:coe_honduras_2017_top_jury.json#/records/4/fields/Top Jury Descriptions	https://allianceforcoffeeexcellence.org/farm-directory/89-22-4/		8ff7672a677fdf6f0ff19f16e5872ebb42848fb8efd944ef14c1e6a69d5e8e48		bf3ee326facd455d7984a7b7b34e04f24335f0088063126c59685865085cca88	en	STRICT_FLAVOR		bf3ee326facd455d7984a7b7b34e04f24335f0088063126c59685865085cca88			P2	ORGANIZER_PUBLISHED_EXPLICIT_JURY_DESCRIPTION	EXPLICIT_TOP_JURY_LABEL_PAIRED_WITH_INTERNATIONAL_JUDGE_SCORE	restricted:coe_honduras_2017_top_jury.json#/records/4/fields/Top Jury Descriptions	PROVISIONAL_MACHINE_CLASSIFIED	AUTOMATED_PARSER	decision-a4c9f8edcea32f6558675299	rights-set-275a743ba848f0d669199c39				2026-08-28T04:30:00Z	2026-08-28T04:30:00Z	2ecb916106615174a12a05a01589ef2799d168765880a5b83e5416540f562053	453acfc3577f71686783139f9a6dad190ea8edcb188a778e2c8419166593cf95	WEB_INDEX_FIELD_CAPTURE_SHA256:2ecb916106615174a12a05a01589ef2799d168765880a5b83e5416540f562053;NOT_FULL_PAGE_BODY	OFFICIAL_FULL_PAGE_BODY_NOT_STORED_ENVIRONMENT_POLICY	round3m.field-parser.v1	round3m.live-adapters.v1	HASH_ONLY	OFFICIAL_FULL_PAGE_BODY_NOT_STORED_ENVIRONMENT_POLICY	false	false
assertion:f0ef56a2ec7d0a256ed6c7b8	effective:e034410f41d662fd4a1c08f6	capture:717b9e1a3ef6400f:coe-colombia-south-2008-el-vergel-86-73	route.coe.colombia-south-2008.frequency-coded	schema.coe.colombia-south-2008.frequency-coded.v1	GENERIC_ORGANIZER_SENSORY_FIELD	Aroma/Flavor	bad6de9899c7f38162119c05d6f7b40fffd698626f8bc6114670b56219bc2d34	restricted:coe_colombia_south_2008_frequency.json#/records/1/fields/Aroma/Flavor	https://allianceforcoffeeexcellence.org/farm-directory/86-73/		8135b1e52d0f49f8e1174f797cb31bfb639577c1312325f678f4c7dc5ee13ec4		ccfbf54a16301979086b98938e44a69cf6b5126e4bcfc6c2afe1f6df27709c8a	en	STRICT_FLAVOR		ccfbf54a16301979086b98938e44a69cf6b5126e4bcfc6c2afe1f6df27709c8a			UNRESOLVED	FREQUENCY_CODED_P1_CANDIDATE_ORIGIN_UNRESOLVED	FREQUENCY_SEMANTICS_DO_NOT_IDENTIFY_JUDGE_JURY_OR_PANEL_RESPONSES	restricted:coe_colombia_south_2008_frequency.json#/records/1/fields/Aroma/Flavor	PROVISIONAL_MACHINE_CLASSIFIED	AUTOMATED_PARSER	decision-fe792570be655cc797796481	rights-set-e1b25e25d5f98186a5490912				2026-08-28T04:30:00Z	2026-08-28T04:30:00Z	717b9e1a3ef6400fa334ddbaf80cb592125ddbdecaf67b0d6271f94bf7878033	f508ebc481c39b4755250f1422148accae73dc57099ecb164e666e07a12b9bc1	WEB_INDEX_FIELD_CAPTURE_SHA256:717b9e1a3ef6400fa334ddbaf80cb592125ddbdecaf67b0d6271f94bf7878033;NOT_FULL_PAGE_BODY	OFFICIAL_FULL_PAGE_BODY_NOT_STORED_ENVIRONMENT_POLICY	round3m.field-parser.v1	round3m.live-adapters.v1	HASH_ONLY	OFFICIAL_FULL_PAGE_BODY_NOT_STORED_ENVIRONMENT_POLICY	false	false
assertion:f1c2efebdd3bd604f390cbc4	effective:f1a4276a0e1a0970dc839383	capture:2ecb916106615174:coe-honduras-2017-el-laurel	route.coe.honduras-2017.explicit-top-jury	schema.coe.honduras-2017.explicit-top-jury.v1	PRIMARY_JURY_DESCRIPTION	Top Jury Descriptions	b170ca39053bb87d7c03416881c4130fbe064ec03957dff115b7c3df364219d6	restricted:coe_honduras_2017_top_jury.json#/records/1/fields/Top Jury Descriptions	https://allianceforcoffeeexcellence.org/farm-directory/91-81-2/		0188b6914675aaa274a322c064cc9b686d026f04563181ed92e0347b00b8c7b9		bd071899591c00d2276d2254351533b0e9eb8011b7721155025a35b3212c7fc4	en	BROAD_SENSORY		bd071899591c00d2276d2254351533b0e9eb8011b7721155025a35b3212c7fc4			P2	ORGANIZER_PUBLISHED_EXPLICIT_JURY_DESCRIPTION	EXPLICIT_TOP_JURY_LABEL_PAIRED_WITH_INTERNATIONAL_JUDGE_SCORE	restricted:coe_honduras_2017_top_jury.json#/records/1/fields/Top Jury Descriptions	PROVISIONAL_MACHINE_CLASSIFIED	AUTOMATED_PARSER	decision-f735bc2f27af38bcf9939465	rights-set-3dd397bb29f62713787fa8c4				2026-08-28T04:30:00Z	2026-08-28T04:30:00Z	2ecb916106615174a12a05a01589ef2799d168765880a5b83e5416540f562053	453acfc3577f71686783139f9a6dad190ea8edcb188a778e2c8419166593cf95	WEB_INDEX_FIELD_CAPTURE_SHA256:2ecb916106615174a12a05a01589ef2799d168765880a5b83e5416540f562053;NOT_FULL_PAGE_BODY	OFFICIAL_FULL_PAGE_BODY_NOT_STORED_ENVIRONMENT_POLICY	round3m.field-parser.v1	round3m.live-adapters.v1	HASH_ONLY	OFFICIAL_FULL_PAGE_BODY_NOT_STORED_ENVIRONMENT_POLICY	false	false
assertion:f2d81365e32259c586f65d07	effective:aa8257ea7c527ff93620b889	capture:2ecb916106615174:coe-honduras-2017-el-roblar	route.coe.honduras-2017.explicit-top-jury	schema.coe.honduras-2017.explicit-top-jury.v1	PRIMARY_JURY_DESCRIPTION	Top Jury Descriptions	b170ca39053bb87d7c03416881c4130fbe064ec03957dff115b7c3df364219d6	restricted:coe_honduras_2017_top_jury.json#/records/3/fields/Top Jury Descriptions	https://allianceforcoffeeexcellence.org/farm-directory/88-00-5/		7eadc583046ae80f06521c7dc4467c125933cd133a2b3f92b4a0a56a8896ea79		f0436c42b80ee296c73ee5127edfacb91f3e33c9134b516371df63dd1f32c779	en	STRICT_FLAVOR		f0436c42b80ee296c73ee5127edfacb91f3e33c9134b516371df63dd1f32c779			P2	ORGANIZER_PUBLISHED_EXPLICIT_JURY_DESCRIPTION	EXPLICIT_TOP_JURY_LABEL_PAIRED_WITH_INTERNATIONAL_JUDGE_SCORE	restricted:coe_honduras_2017_top_jury.json#/records/3/fields/Top Jury Descriptions	PROVISIONAL_MACHINE_CLASSIFIED	AUTOMATED_PARSER	decision-7e3244772233bef5211eb280	rights-set-fff041456c6e19a158475a25				2026-08-28T04:30:00Z	2026-08-28T04:30:00Z	2ecb916106615174a12a05a01589ef2799d168765880a5b83e5416540f562053	453acfc3577f71686783139f9a6dad190ea8edcb188a778e2c8419166593cf95	WEB_INDEX_FIELD_CAPTURE_SHA256:2ecb916106615174a12a05a01589ef2799d168765880a5b83e5416540f562053;NOT_FULL_PAGE_BODY	OFFICIAL_FULL_PAGE_BODY_NOT_STORED_ENVIRONMENT_POLICY	round3m.field-parser.v1	round3m.live-adapters.v1	HASH_ONLY	OFFICIAL_FULL_PAGE_BODY_NOT_STORED_ENVIRONMENT_POLICY	false	false
assertion:f41bfadc96518c28a6060c08	effective:e034410f41d662fd4a1c08f6	capture:717b9e1a3ef6400f:coe-colombia-south-2008-el-vergel-86-73	route.coe.colombia-south-2008.frequency-coded	schema.coe.colombia-south-2008.frequency-coded.v1	GENERIC_ORGANIZER_SENSORY_FIELD	Aroma/Flavor	bad6de9899c7f38162119c05d6f7b40fffd698626f8bc6114670b56219bc2d34	restricted:coe_colombia_south_2008_frequency.json#/records/1/fields/Aroma/Flavor	https://allianceforcoffeeexcellence.org/farm-directory/86-73/		8135b1e52d0f49f8e1174f797cb31bfb639577c1312325f678f4c7dc5ee13ec4		e43deaeba6549b70b2a0a524d20a2979db2ea823ba942290078a1757b41e91c8	en	STRICT_FLAVOR		e43deaeba6549b70b2a0a524d20a2979db2ea823ba942290078a1757b41e91c8			UNRESOLVED	FREQUENCY_CODED_P1_CANDIDATE_ORIGIN_UNRESOLVED	FREQUENCY_SEMANTICS_DO_NOT_IDENTIFY_JUDGE_JURY_OR_PANEL_RESPONSES	restricted:coe_colombia_south_2008_frequency.json#/records/1/fields/Aroma/Flavor	PROVISIONAL_MACHINE_CLASSIFIED	AUTOMATED_PARSER	decision-dadb9815f82b1c24b9f8e360	rights-set-d96981a24ebe84f3e07df91e				2026-08-28T04:30:00Z	2026-08-28T04:30:00Z	717b9e1a3ef6400fa334ddbaf80cb592125ddbdecaf67b0d6271f94bf7878033	f508ebc481c39b4755250f1422148accae73dc57099ecb164e666e07a12b9bc1	WEB_INDEX_FIELD_CAPTURE_SHA256:717b9e1a3ef6400fa334ddbaf80cb592125ddbdecaf67b0d6271f94bf7878033;NOT_FULL_PAGE_BODY	OFFICIAL_FULL_PAGE_BODY_NOT_STORED_ENVIRONMENT_POLICY	round3m.field-parser.v1	round3m.live-adapters.v1	HASH_ONLY	OFFICIAL_FULL_PAGE_BODY_NOT_STORED_ENVIRONMENT_POLICY	false	false
assertion:f454843be922812185ea8c2c	effective:417f9b9adcf3826aa8f3ac12	capture:2ecb916106615174:coe-honduras-2017-el-cedro	route.coe.honduras-2017.explicit-top-jury	schema.coe.honduras-2017.explicit-top-jury.v1	PRIMARY_JURY_DESCRIPTION	Top Jury Descriptions	b170ca39053bb87d7c03416881c4130fbe064ec03957dff115b7c3df364219d6	restricted:coe_honduras_2017_top_jury.json#/records/2/fields/Top Jury Descriptions	https://allianceforcoffeeexcellence.org/farm-directory/88-62-5/		b237a10caf5b846b28ae9e233b69a78264f9f7adc19901074c32f12e3ff8a18b		7937c4dc4579bfc7c37baa46e65d3cdf6181badbf8ad1b1668c9d9409e403844	en	BROAD_SENSORY		7937c4dc4579bfc7c37baa46e65d3cdf6181badbf8ad1b1668c9d9409e403844			P2	ORGANIZER_PUBLISHED_EXPLICIT_JURY_DESCRIPTION	EXPLICIT_TOP_JURY_LABEL_PAIRED_WITH_INTERNATIONAL_JUDGE_SCORE	restricted:coe_honduras_2017_top_jury.json#/records/2/fields/Top Jury Descriptions	PROVISIONAL_MACHINE_CLASSIFIED	AUTOMATED_PARSER	decision-d46fd34e8c9746d8e3ca1166	rights-set-41a0b329f8c0ce152c00c4a5				2026-08-28T04:30:00Z	2026-08-28T04:30:00Z	2ecb916106615174a12a05a01589ef2799d168765880a5b83e5416540f562053	453acfc3577f71686783139f9a6dad190ea8edcb188a778e2c8419166593cf95	WEB_INDEX_FIELD_CAPTURE_SHA256:2ecb916106615174a12a05a01589ef2799d168765880a5b83e5416540f562053;NOT_FULL_PAGE_BODY	OFFICIAL_FULL_PAGE_BODY_NOT_STORED_ENVIRONMENT_POLICY	round3m.field-parser.v1	round3m.live-adapters.v1	HASH_ONLY	OFFICIAL_FULL_PAGE_BODY_NOT_STORED_ENVIRONMENT_POLICY	false	false
assertion:f4f04321d69c3dbf72794496	effective:6e0f618d2337d1668cd026ec	capture:717b9e1a3ef6400f:coe-colombia-south-2008-la-esperanza-87-18	route.coe.colombia-south-2008.frequency-coded	schema.coe.colombia-south-2008.frequency-coded.v1	GENERIC_ORGANIZER_SENSORY_FIELD	Aroma/Flavor	bad6de9899c7f38162119c05d6f7b40fffd698626f8bc6114670b56219bc2d34	restricted:coe_colombia_south_2008_frequency.json#/records/0/fields/Aroma/Flavor	https://allianceforcoffeeexcellence.org/farm-directory/87-18-2/		3a8d6e2f7d4a94aa3ed3b59bb42eba92f2d90d3f0e4f5c7b29f6446955830657		efbaa8cbfffc1af3afcf8082a3732e4d5111104ae3f6ef8b2545975e50497505	en	STRICT_FLAVOR		efbaa8cbfffc1af3afcf8082a3732e4d5111104ae3f6ef8b2545975e50497505			UNRESOLVED	FREQUENCY_CODED_P1_CANDIDATE_ORIGIN_UNRESOLVED	FREQUENCY_SEMANTICS_DO_NOT_IDENTIFY_JUDGE_JURY_OR_PANEL_RESPONSES	restricted:coe_colombia_south_2008_frequency.json#/records/0/fields/Aroma/Flavor	PROVISIONAL_MACHINE_CLASSIFIED	AUTOMATED_PARSER	decision-e715f6f7a6601fec26bf7b91	rights-set-34a001dccdc627de2d7fad09				2026-08-28T04:30:00Z	2026-08-28T04:30:00Z	717b9e1a3ef6400fa334ddbaf80cb592125ddbdecaf67b0d6271f94bf7878033	f508ebc481c39b4755250f1422148accae73dc57099ecb164e666e07a12b9bc1	WEB_INDEX_FIELD_CAPTURE_SHA256:717b9e1a3ef6400fa334ddbaf80cb592125ddbdecaf67b0d6271f94bf7878033;NOT_FULL_PAGE_BODY	OFFICIAL_FULL_PAGE_BODY_NOT_STORED_ENVIRONMENT_POLICY	round3m.field-parser.v1	round3m.live-adapters.v1	HASH_ONLY	OFFICIAL_FULL_PAGE_BODY_NOT_STORED_ENVIRONMENT_POLICY	false	false
assertion:f56f2ab59519864b3202e636	effective:e034410f41d662fd4a1c08f6	capture:717b9e1a3ef6400f:coe-colombia-south-2008-el-vergel-86-73	route.coe.colombia-south-2008.frequency-coded	schema.coe.colombia-south-2008.frequency-coded.v1	GENERIC_ORGANIZER_SENSORY_FIELD	Aroma/Flavor	bad6de9899c7f38162119c05d6f7b40fffd698626f8bc6114670b56219bc2d34	restricted:coe_colombia_south_2008_frequency.json#/records/1/fields/Aroma/Flavor	https://allianceforcoffeeexcellence.org/farm-directory/86-73/		8135b1e52d0f49f8e1174f797cb31bfb639577c1312325f678f4c7dc5ee13ec4		2efa64f91736e51bfbcae85be793635c890cf873727a90a959ad0fbcffafbead	en	STRICT_FLAVOR		2efa64f91736e51bfbcae85be793635c890cf873727a90a959ad0fbcffafbead			UNRESOLVED	FREQUENCY_CODED_P1_CANDIDATE_ORIGIN_UNRESOLVED	FREQUENCY_SEMANTICS_DO_NOT_IDENTIFY_JUDGE_JURY_OR_PANEL_RESPONSES	restricted:coe_colombia_south_2008_frequency.json#/records/1/fields/Aroma/Flavor	PROVISIONAL_MACHINE_CLASSIFIED	AUTOMATED_PARSER	decision-91f5623115cc964f5f4df251	rights-set-5361aac421753b870032e256				2026-08-28T04:30:00Z	2026-08-28T04:30:00Z	717b9e1a3ef6400fa334ddbaf80cb592125ddbdecaf67b0d6271f94bf7878033	f508ebc481c39b4755250f1422148accae73dc57099ecb164e666e07a12b9bc1	WEB_INDEX_FIELD_CAPTURE_SHA256:717b9e1a3ef6400fa334ddbaf80cb592125ddbdecaf67b0d6271f94bf7878033;NOT_FULL_PAGE_BODY	OFFICIAL_FULL_PAGE_BODY_NOT_STORED_ENVIRONMENT_POLICY	round3m.field-parser.v1	round3m.live-adapters.v1	HASH_ONLY	OFFICIAL_FULL_PAGE_BODY_NOT_STORED_ENVIRONMENT_POLICY	false	false
assertion:f8e6a579c60fce2f5368d848	effective:0ec126e97dcb5ab048050233	capture:2ecb916106615174:coe-honduras-2017-el-liquidambo	route.coe.honduras-2017.explicit-top-jury	schema.coe.honduras-2017.explicit-top-jury.v1	PRIMARY_JURY_DESCRIPTION	Top Jury Descriptions	b170ca39053bb87d7c03416881c4130fbe064ec03957dff115b7c3df364219d6	restricted:coe_honduras_2017_top_jury.json#/records/4/fields/Top Jury Descriptions	https://allianceforcoffeeexcellence.org/farm-directory/89-22-4/		8ff7672a677fdf6f0ff19f16e5872ebb42848fb8efd944ef14c1e6a69d5e8e48		a87b3e348ccb598ecb71bb83300a2bf8d91b780d0717aec6c91fb46ce6fbe3d8	en	BROAD_SENSORY		a87b3e348ccb598ecb71bb83300a2bf8d91b780d0717aec6c91fb46ce6fbe3d8			P2	ORGANIZER_PUBLISHED_EXPLICIT_JURY_DESCRIPTION	EXPLICIT_TOP_JURY_LABEL_PAIRED_WITH_INTERNATIONAL_JUDGE_SCORE	restricted:coe_honduras_2017_top_jury.json#/records/4/fields/Top Jury Descriptions	PROVISIONAL_MACHINE_CLASSIFIED	AUTOMATED_PARSER	decision-6bb9594595a4ed0c7efc4ebe	rights-set-9c66c27e7971c9d08f0a719f				2026-08-28T04:30:00Z	2026-08-28T04:30:00Z	2ecb916106615174a12a05a01589ef2799d168765880a5b83e5416540f562053	453acfc3577f71686783139f9a6dad190ea8edcb188a778e2c8419166593cf95	WEB_INDEX_FIELD_CAPTURE_SHA256:2ecb916106615174a12a05a01589ef2799d168765880a5b83e5416540f562053;NOT_FULL_PAGE_BODY	OFFICIAL_FULL_PAGE_BODY_NOT_STORED_ENVIRONMENT_POLICY	round3m.field-parser.v1	round3m.live-adapters.v1	HASH_ONLY	OFFICIAL_FULL_PAGE_BODY_NOT_STORED_ENVIRONMENT_POLICY	false	false
assertion:f9e1938ca12f8fa0dc2fc5b1	effective:e034410f41d662fd4a1c08f6	capture:717b9e1a3ef6400f:coe-colombia-south-2008-el-vergel-86-73	route.coe.colombia-south-2008.frequency-coded	schema.coe.colombia-south-2008.frequency-coded.v1	GENERIC_ORGANIZER_SENSORY_FIELD	Aroma/Flavor	bad6de9899c7f38162119c05d6f7b40fffd698626f8bc6114670b56219bc2d34	restricted:coe_colombia_south_2008_frequency.json#/records/1/fields/Aroma/Flavor	https://allianceforcoffeeexcellence.org/farm-directory/86-73/		8135b1e52d0f49f8e1174f797cb31bfb639577c1312325f678f4c7dc5ee13ec4		8c3c2e02c1fdcf7ec847690f07b921089361a297dc44c345cd812add5bec620c	en	STRICT_FLAVOR		8c3c2e02c1fdcf7ec847690f07b921089361a297dc44c345cd812add5bec620c			UNRESOLVED	FREQUENCY_CODED_P1_CANDIDATE_ORIGIN_UNRESOLVED	FREQUENCY_SEMANTICS_DO_NOT_IDENTIFY_JUDGE_JURY_OR_PANEL_RESPONSES	restricted:coe_colombia_south_2008_frequency.json#/records/1/fields/Aroma/Flavor	PROVISIONAL_MACHINE_CLASSIFIED	AUTOMATED_PARSER	decision-f424e0d77641767d53b3043e	rights-set-55653fd37a50ee8c136305e9				2026-08-28T04:30:00Z	2026-08-28T04:30:00Z	717b9e1a3ef6400fa334ddbaf80cb592125ddbdecaf67b0d6271f94bf7878033	f508ebc481c39b4755250f1422148accae73dc57099ecb164e666e07a12b9bc1	WEB_INDEX_FIELD_CAPTURE_SHA256:717b9e1a3ef6400fa334ddbaf80cb592125ddbdecaf67b0d6271f94bf7878033;NOT_FULL_PAGE_BODY	OFFICIAL_FULL_PAGE_BODY_NOT_STORED_ENVIRONMENT_POLICY	round3m.field-parser.v1	round3m.live-adapters.v1	HASH_ONLY	OFFICIAL_FULL_PAGE_BODY_NOT_STORED_ENVIRONMENT_POLICY	false	false
assertion:fb5ff7ea19b778e4986b0136	effective:417f9b9adcf3826aa8f3ac12	capture:2ecb916106615174:coe-honduras-2017-el-cedro	route.coe.honduras-2017.explicit-top-jury	schema.coe.honduras-2017.explicit-top-jury.v1	PRIMARY_JURY_DESCRIPTION	Top Jury Descriptions	b170ca39053bb87d7c03416881c4130fbe064ec03957dff115b7c3df364219d6	restricted:coe_honduras_2017_top_jury.json#/records/2/fields/Top Jury Descriptions	https://allianceforcoffeeexcellence.org/farm-directory/88-62-5/		b237a10caf5b846b28ae9e233b69a78264f9f7adc19901074c32f12e3ff8a18b		12a4b317aea8e14f37f775a58f67f97b39127a79f7e83fd48ae228f4ea919dde	en	STRICT_FLAVOR		12a4b317aea8e14f37f775a58f67f97b39127a79f7e83fd48ae228f4ea919dde			P2	ORGANIZER_PUBLISHED_EXPLICIT_JURY_DESCRIPTION	EXPLICIT_TOP_JURY_LABEL_PAIRED_WITH_INTERNATIONAL_JUDGE_SCORE	restricted:coe_honduras_2017_top_jury.json#/records/2/fields/Top Jury Descriptions	PROVISIONAL_MACHINE_CLASSIFIED	AUTOMATED_PARSER	decision-ca43bcfc10a701e0d7de6519	rights-set-45c3054b9e4741e1f4b07e98				2026-08-28T04:30:00Z	2026-08-28T04:30:00Z	2ecb916106615174a12a05a01589ef2799d168765880a5b83e5416540f562053	453acfc3577f71686783139f9a6dad190ea8edcb188a778e2c8419166593cf95	WEB_INDEX_FIELD_CAPTURE_SHA256:2ecb916106615174a12a05a01589ef2799d168765880a5b83e5416540f562053;NOT_FULL_PAGE_BODY	OFFICIAL_FULL_PAGE_BODY_NOT_STORED_ENVIRONMENT_POLICY	round3m.field-parser.v1	round3m.live-adapters.v1	HASH_ONLY	OFFICIAL_FULL_PAGE_BODY_NOT_STORED_ENVIRONMENT_POLICY	false	false
assertion:fbd9c4348a9d34eb7bb93b1a	effective:f78304cd66c43e7b10ddb5ea	capture:2ecb916106615174:coe-honduras-2017-la-colmena	route.coe.honduras-2017.explicit-top-jury	schema.coe.honduras-2017.explicit-top-jury.v1	PRIMARY_JURY_DESCRIPTION	Top Jury Descriptions	b170ca39053bb87d7c03416881c4130fbe064ec03957dff115b7c3df364219d6	restricted:coe_honduras_2017_top_jury.json#/records/0/fields/Top Jury Descriptions	https://allianceforcoffeeexcellence.org/farm-directory/88-76-5/		8b7d4a8bd138750377087744921197587f05833ea20c913ca73b21fe60882c85		35e13eaefe74facfd46ec26d1ea611ff04d2e1a58f029add3d04113388f1b173	en	BROAD_SENSORY		35e13eaefe74facfd46ec26d1ea611ff04d2e1a58f029add3d04113388f1b173			P2	ORGANIZER_PUBLISHED_EXPLICIT_JURY_DESCRIPTION	EXPLICIT_TOP_JURY_LABEL_PAIRED_WITH_INTERNATIONAL_JUDGE_SCORE	restricted:coe_honduras_2017_top_jury.json#/records/0/fields/Top Jury Descriptions	PROVISIONAL_MACHINE_CLASSIFIED	AUTOMATED_PARSER	decision-3d944e86b0fb43d30807c92c	rights-set-22c803c2d7109c89dbbc9b3b				2026-08-28T04:30:00Z	2026-08-28T04:30:00Z	2ecb916106615174a12a05a01589ef2799d168765880a5b83e5416540f562053	453acfc3577f71686783139f9a6dad190ea8edcb188a778e2c8419166593cf95	WEB_INDEX_FIELD_CAPTURE_SHA256:2ecb916106615174a12a05a01589ef2799d168765880a5b83e5416540f562053;NOT_FULL_PAGE_BODY	OFFICIAL_FULL_PAGE_BODY_NOT_STORED_ENVIRONMENT_POLICY	round3m.field-parser.v1	round3m.live-adapters.v1	HASH_ONLY	OFFICIAL_FULL_PAGE_BODY_NOT_STORED_ENVIRONMENT_POLICY	false	false
assertion:fd13371adffe736f65fc46d9	effective:6e0f618d2337d1668cd026ec	capture:717b9e1a3ef6400f:coe-colombia-south-2008-la-esperanza-87-18	route.coe.colombia-south-2008.frequency-coded	schema.coe.colombia-south-2008.frequency-coded.v1	GENERIC_ORGANIZER_SENSORY_FIELD	Aroma/Flavor	bad6de9899c7f38162119c05d6f7b40fffd698626f8bc6114670b56219bc2d34	restricted:coe_colombia_south_2008_frequency.json#/records/0/fields/Aroma/Flavor	https://allianceforcoffeeexcellence.org/farm-directory/87-18-2/		3a8d6e2f7d4a94aa3ed3b59bb42eba92f2d90d3f0e4f5c7b29f6446955830657		1b4c9133da73a711322404314402765ab0d23fd362a167d6f0c65bb215113d94	en	STRICT_FLAVOR		1b4c9133da73a711322404314402765ab0d23fd362a167d6f0c65bb215113d94			UNRESOLVED	FREQUENCY_CODED_P1_CANDIDATE_ORIGIN_UNRESOLVED	FREQUENCY_SEMANTICS_DO_NOT_IDENTIFY_JUDGE_JURY_OR_PANEL_RESPONSES	restricted:coe_colombia_south_2008_frequency.json#/records/0/fields/Aroma/Flavor	PROVISIONAL_MACHINE_CLASSIFIED	AUTOMATED_PARSER	decision-4068d80f99b7eb289a2bc491	rights-set-f85f8fe20d9d09587a993d46				2026-08-28T04:30:00Z	2026-08-28T04:30:00Z	717b9e1a3ef6400fa334ddbaf80cb592125ddbdecaf67b0d6271f94bf7878033	f508ebc481c39b4755250f1422148accae73dc57099ecb164e666e07a12b9bc1	WEB_INDEX_FIELD_CAPTURE_SHA256:717b9e1a3ef6400fa334ddbaf80cb592125ddbdecaf67b0d6271f94bf7878033;NOT_FULL_PAGE_BODY	OFFICIAL_FULL_PAGE_BODY_NOT_STORED_ENVIRONMENT_POLICY	round3m.field-parser.v1	round3m.live-adapters.v1	HASH_ONLY	OFFICIAL_FULL_PAGE_BODY_NOT_STORED_ENVIRONMENT_POLICY	false	false
