publication_layer_relation_id	descriptor_assertion_id	professional_record_id	publication_layer	related_assertion_id	relation_type	decision_basis	source_locator	source_file_sha256	route_index_sha256	source_file_sha256_scope	source_file_nonstorage_reason
layer-5654fe0182e844095028a45a	assert-00a6152081f52c737ceaf6549dc522a8b8dee2959b69607d	commercial-regional-avpa-coffees-roasted-at-origin-2025-avpa-2025-p7-r3	RESULT_METADATA		SINGLE_REJECTED_RESULT_LAYER	AWARD_ROW_CATEGORY_CLASSIFICATION_IS_RESULT_METADATA	https://es.avpa.fr/_files/ugd/58172f_8bacccff6b394c70a4245a028435bf32.pdf#page=7;table=1;row=3	37e395246a44f63dbda8e024275a1f7789c2808c831d96593069464f529c7547		FULL_GOVERNED_SNAPSHOT	
layer-3500e8412fce61fa777a8c00	assert-015a0e98df5ed02086ebf2e0609e876e217109f2edd29d0e	commercial-regional-avpa-coffees-roasted-at-origin-2023-avpa-2023-112	RESULT_METADATA		SINGLE_REJECTED_RESULT_LAYER	AWARD_ROW_CATEGORY_CLASSIFICATION_IS_RESULT_METADATA	https://www.avpa.fr/_files/ugd/58172f_30052b626d3046dc809ac7c1aadfb577.pdf#page=1;table=1;row=6	7e44c8ba26dff9508589edf308496c47b5104c07922101ba8d08eb0b89240c53		FULL_GOVERNED_SNAPSHOT	
layer-13b1e52d7d3f0a61baf12bca	assert-02a3ef3f3df1196351ee1854c07fe1174f11d72eed3c7376	commercial-regional-avpa-coffees-roasted-at-origin-2021-avpa-2021-107	RESULT_METADATA		SINGLE_REJECTED_RESULT_LAYER	AWARD_ROW_CATEGORY_CLASSIFICATION_IS_RESULT_METADATA	https://en.avpa.fr/_files/ugd/58172f_4c77467cf60241c68a87aa0c5ae471dd.pdf#page=4;table=1;row=4	bc2cadb1180e5e941708ad9a1b71637cdc3351c8fdd1cf543864948b1f63ac6f		FULL_GOVERNED_SNAPSHOT	
layer-53f2829e154e299a606e6656	assert-03c5d2dd92d488d8ef1e31d80eb0d9ae51fa747041a29d68	commercial-regional-avpa-coffees-roasted-at-origin-2025-avpa-2025-p3-r7	RESULT_METADATA		SINGLE_REJECTED_RESULT_LAYER	AWARD_ROW_CATEGORY_CLASSIFICATION_IS_RESULT_METADATA	https://es.avpa.fr/_files/ugd/58172f_8bacccff6b394c70a4245a028435bf32.pdf#page=3;table=1;row=7	37e395246a44f63dbda8e024275a1f7789c2808c831d96593069464f529c7547		FULL_GOVERNED_SNAPSHOT	
layer-6d06ec53b475bb34f88a1cf1	assert-042d3f70400c2bfd7a15621b10fa6a8505ff2a70d6b0d108	commercial-regional-avpa-coffees-roasted-at-origin-2025-avpa-2025-p7-r5	RESULT_METADATA		SINGLE_REJECTED_RESULT_LAYER	AWARD_ROW_CATEGORY_CLASSIFICATION_IS_RESULT_METADATA	https://es.avpa.fr/_files/ugd/58172f_8bacccff6b394c70a4245a028435bf32.pdf#page=7;table=1;row=5	37e395246a44f63dbda8e024275a1f7789c2808c831d96593069464f529c7547		FULL_GOVERNED_SNAPSHOT	
layer-b14745466d59130ac9c3c14a	assert-0628463d91f70e0545c85294328ba48a901c64b5bc2856e4	commercial-regional-avpa-coffees-roasted-at-origin-2024-avpa-2024-7	RESULT_METADATA		SINGLE_REJECTED_RESULT_LAYER	AWARD_ROW_CATEGORY_CLASSIFICATION_IS_RESULT_METADATA	https://it.avpa.fr/_files/ugd/58172f_35c0d4eb0b3043bbb4dbe37d46bc608c.pdf#page=2;table=1;row=3	6f8be1365130c379c41b79fdbbde910f73f0e26f73f04a99ceba22e41702a847		FULL_GOVERNED_SNAPSHOT	
layer-d87fa8e6f43d885b25fe138e	assert-06a88aa1fd2808fa76033934da777de3cbbaef5c1764f459	commercial-regional-avpa-coffees-roasted-at-origin-2025-avpa-2025-p5-r11	RESULT_METADATA		SINGLE_REJECTED_RESULT_LAYER	AWARD_ROW_CATEGORY_CLASSIFICATION_IS_RESULT_METADATA	https://es.avpa.fr/_files/ugd/58172f_8bacccff6b394c70a4245a028435bf32.pdf#page=5;table=1;row=11	37e395246a44f63dbda8e024275a1f7789c2808c831d96593069464f529c7547		FULL_GOVERNED_SNAPSHOT	
layer-72479533a4757e7d220b3beb	assert-06c728f296c660ae32f110cc9335ca8cb79bdbabd75b7f8e	commercial-regional-avpa-coffees-roasted-at-origin-2025-avpa-2025-p3-r4	RESULT_METADATA		SINGLE_REJECTED_RESULT_LAYER	AWARD_ROW_CATEGORY_CLASSIFICATION_IS_RESULT_METADATA	https://es.avpa.fr/_files/ugd/58172f_8bacccff6b394c70a4245a028435bf32.pdf#page=3;table=1;row=4	37e395246a44f63dbda8e024275a1f7789c2808c831d96593069464f529c7547		FULL_GOVERNED_SNAPSHOT	
layer-8d9b895df558420dc5960c0f	assert-0782163bcea56a2af6ff32d526e99ec319e4a0e2eb09c18d	commercial-regional-avpa-coffees-roasted-at-origin-2023-avpa-2023-13	RESULT_METADATA		SINGLE_REJECTED_RESULT_LAYER	AWARD_ROW_CATEGORY_CLASSIFICATION_IS_RESULT_METADATA	https://www.avpa.fr/_files/ugd/58172f_30052b626d3046dc809ac7c1aadfb577.pdf#page=2;table=1;row=11	7e44c8ba26dff9508589edf308496c47b5104c07922101ba8d08eb0b89240c53		FULL_GOVERNED_SNAPSHOT	
layer-8c36639710f5d4d8fe5106ed	assert-079fe8dde36cf67cc74edd2e5bdcb9b50110eb5ab4060e77	commercial-regional-avpa-coffees-roasted-at-origin-2022-avpa-2022-36	RESULT_METADATA		SINGLE_REJECTED_RESULT_LAYER	AWARD_ROW_CATEGORY_CLASSIFICATION_IS_RESULT_METADATA	https://www.avpa.fr/_files/ugd/58172f_6742d088d0844243bf7ecf5a0c14962d.pdf#page=1;table=1;row=24	9e24c113cad136b7471f2855a4f21b56f5255c9e6e91aac41801304b3006c6a7		FULL_GOVERNED_SNAPSHOT	
layer-a79fb145b073a0c21a708e10	assert-08457830d4bb811a289dcce9add9c9d144ccd4ba11977ecc	commercial-regional-avpa-coffees-roasted-at-origin-2021-avpa-2021-74	RESULT_METADATA		SINGLE_REJECTED_RESULT_LAYER	AWARD_ROW_CATEGORY_CLASSIFICATION_IS_RESULT_METADATA	https://en.avpa.fr/_files/ugd/58172f_4c77467cf60241c68a87aa0c5ae471dd.pdf#page=2;table=1;row=3	bc2cadb1180e5e941708ad9a1b71637cdc3351c8fdd1cf543864948b1f63ac6f		FULL_GOVERNED_SNAPSHOT	
layer-a95f0bdc88cc75c706a24ded	assert-0ad247b0b92f6d1fd68308ffd79137b58bf9c4273fd6010a	commercial-regional-avpa-coffees-roasted-at-origin-2025-avpa-2025-p6-r11	RESULT_METADATA		SINGLE_REJECTED_RESULT_LAYER	AWARD_ROW_CATEGORY_CLASSIFICATION_IS_RESULT_METADATA	https://es.avpa.fr/_files/ugd/58172f_8bacccff6b394c70a4245a028435bf32.pdf#page=6;table=1;row=11	37e395246a44f63dbda8e024275a1f7789c2808c831d96593069464f529c7547		FULL_GOVERNED_SNAPSHOT	
layer-6868dbe85860b9023f96a19d	assert-0aef2c5032343ab8030d525a358d71480bf4d553e49566c3	commercial-regional-avpa-coffees-roasted-at-origin-2025-avpa-2025-p3-r13	RESULT_METADATA		SINGLE_REJECTED_RESULT_LAYER	AWARD_ROW_CATEGORY_CLASSIFICATION_IS_RESULT_METADATA	https://es.avpa.fr/_files/ugd/58172f_8bacccff6b394c70a4245a028435bf32.pdf#page=3;table=1;row=13	37e395246a44f63dbda8e024275a1f7789c2808c831d96593069464f529c7547		FULL_GOVERNED_SNAPSHOT	
layer-4057667f34721dc12f72f18d	assert-0b39601eeaa16068b366b58a8f9e61b1e9f85e1275d9042d	commercial-regional-avpa-coffees-roasted-at-origin-2021-avpa-2021-65	RESULT_METADATA		SINGLE_REJECTED_RESULT_LAYER	AWARD_ROW_CATEGORY_CLASSIFICATION_IS_RESULT_METADATA	https://en.avpa.fr/_files/ugd/58172f_4c77467cf60241c68a87aa0c5ae471dd.pdf#page=5;table=1;row=5	bc2cadb1180e5e941708ad9a1b71637cdc3351c8fdd1cf543864948b1f63ac6f		FULL_GOVERNED_SNAPSHOT	
layer-58e96bfc8b18b19857142b14	assert-0b91bdb7217202fbd7a2ad46d1560ea7f136d8da93b36a4a	commercial-regional-avpa-coffees-roasted-at-origin-2023-avpa-2023-106	RESULT_METADATA		SINGLE_REJECTED_RESULT_LAYER	AWARD_ROW_CATEGORY_CLASSIFICATION_IS_RESULT_METADATA	https://www.avpa.fr/_files/ugd/58172f_30052b626d3046dc809ac7c1aadfb577.pdf#page=5;table=1;row=9	7e44c8ba26dff9508589edf308496c47b5104c07922101ba8d08eb0b89240c53		FULL_GOVERNED_SNAPSHOT	
layer-2d85249113d84d688844ac2f	assert-0bd0d457e200e31756d69e05e61863e4cc912e2b326590de	commercial-regional-avpa-coffees-roasted-at-origin-2022-avpa-2022-68	RESULT_METADATA		SINGLE_REJECTED_RESULT_LAYER	AWARD_ROW_CATEGORY_CLASSIFICATION_IS_RESULT_METADATA	https://www.avpa.fr/_files/ugd/58172f_6742d088d0844243bf7ecf5a0c14962d.pdf#page=4;table=1;row=7	9e24c113cad136b7471f2855a4f21b56f5255c9e6e91aac41801304b3006c6a7		FULL_GOVERNED_SNAPSHOT	
layer-23dda6a3337f8d13bb3e7ced	assert-0ccd2bf19a8ccd3f318aa6c015f79c44fda9dbdef7dba282	commercial-regional-avpa-coffees-roasted-at-origin-2023-avpa-2023-9	RESULT_METADATA		SINGLE_REJECTED_RESULT_LAYER	AWARD_ROW_CATEGORY_CLASSIFICATION_IS_RESULT_METADATA	https://www.avpa.fr/_files/ugd/58172f_30052b626d3046dc809ac7c1aadfb577.pdf#page=4;table=1;row=3	7e44c8ba26dff9508589edf308496c47b5104c07922101ba8d08eb0b89240c53		FULL_GOVERNED_SNAPSHOT	
layer-4e6f618ecc05465d17723a58	assert-0e90ace1e57245d4a177992148711eb49a79a729cc8ba0a7	commercial-regional-avpa-coffees-roasted-at-origin-2025-avpa-2025-p3-r8	RESULT_METADATA		SINGLE_REJECTED_RESULT_LAYER	AWARD_ROW_CATEGORY_CLASSIFICATION_IS_RESULT_METADATA	https://es.avpa.fr/_files/ugd/58172f_8bacccff6b394c70a4245a028435bf32.pdf#page=3;table=1;row=8	37e395246a44f63dbda8e024275a1f7789c2808c831d96593069464f529c7547		FULL_GOVERNED_SNAPSHOT	
layer-5ba6bf7a212404a44821ad19	assert-0f72979a4bd778d079c303a13001b3767d40bb18d2a55de2	commercial-regional-avpa-coffees-roasted-at-origin-2024-avpa-2024-13	RESULT_METADATA		SINGLE_REJECTED_RESULT_LAYER	AWARD_ROW_CATEGORY_CLASSIFICATION_IS_RESULT_METADATA	https://it.avpa.fr/_files/ugd/58172f_35c0d4eb0b3043bbb4dbe37d46bc608c.pdf#page=2;table=1;row=8	6f8be1365130c379c41b79fdbbde910f73f0e26f73f04a99ceba22e41702a847		FULL_GOVERNED_SNAPSHOT	
layer-a45ca68594f0684fd523ec0b	assert-0f92263ff7b7b89945cf6e76103bd2c7510c82b5a01b617f	commercial-regional-avpa-coffees-roasted-at-origin-2025-avpa-2025-p4-r2	RESULT_METADATA		SINGLE_REJECTED_RESULT_LAYER	AWARD_ROW_CATEGORY_CLASSIFICATION_IS_RESULT_METADATA	https://es.avpa.fr/_files/ugd/58172f_8bacccff6b394c70a4245a028435bf32.pdf#page=4;table=1;row=2	37e395246a44f63dbda8e024275a1f7789c2808c831d96593069464f529c7547		FULL_GOVERNED_SNAPSHOT	
layer-25a95422413caca06363dcd5	assert-1035da8a7d44708a9232fa333e144bcaef6645c3b788c024	commercial-regional-avpa-coffees-roasted-at-origin-2023-avpa-2023-108	RESULT_METADATA		SINGLE_REJECTED_RESULT_LAYER	AWARD_ROW_CATEGORY_CLASSIFICATION_IS_RESULT_METADATA	https://www.avpa.fr/_files/ugd/58172f_30052b626d3046dc809ac7c1aadfb577.pdf#page=5;table=1;row=10	7e44c8ba26dff9508589edf308496c47b5104c07922101ba8d08eb0b89240c53		FULL_GOVERNED_SNAPSHOT	
layer-0f82f8e3adf334ba2a4967c4	assert-105e513403fff32df47d672cf9d9eb99ca518113de202af9	commercial-regional-avpa-coffees-roasted-at-origin-2025-avpa-2025-p1-r11	RESULT_METADATA		SINGLE_REJECTED_RESULT_LAYER	AWARD_ROW_CATEGORY_CLASSIFICATION_IS_RESULT_METADATA	https://es.avpa.fr/_files/ugd/58172f_8bacccff6b394c70a4245a028435bf32.pdf#page=1;table=1;row=11	37e395246a44f63dbda8e024275a1f7789c2808c831d96593069464f529c7547		FULL_GOVERNED_SNAPSHOT	
layer-9020959d72d21960cbfa299c	assert-106163fc743671a4cb7ff10e4c08eea4acf95a9de6d2ba56	commercial-regional-avpa-coffees-roasted-at-origin-2024-avpa-2024-93	RESULT_METADATA		SINGLE_REJECTED_RESULT_LAYER	AWARD_ROW_CATEGORY_CLASSIFICATION_IS_RESULT_METADATA	https://it.avpa.fr/_files/ugd/58172f_35c0d4eb0b3043bbb4dbe37d46bc608c.pdf#page=5;table=1;row=10	6f8be1365130c379c41b79fdbbde910f73f0e26f73f04a99ceba22e41702a847		FULL_GOVERNED_SNAPSHOT	
layer-28769e4c0bc97628a2df398b	assert-112c0e70c3d3dc5b256dffe561e99758e5e6bd2e75cfb44a	commercial-regional-avpa-coffees-roasted-at-origin-2022-avpa-2022-41	RESULT_METADATA		SINGLE_REJECTED_RESULT_LAYER	AWARD_ROW_CATEGORY_CLASSIFICATION_IS_RESULT_METADATA	https://www.avpa.fr/_files/ugd/58172f_6742d088d0844243bf7ecf5a0c14962d.pdf#page=1;table=1;row=11	9e24c113cad136b7471f2855a4f21b56f5255c9e6e91aac41801304b3006c6a7		FULL_GOVERNED_SNAPSHOT	
layer-978e6d48e99bdb13861fd560	assert-114e32e604b383832deeb81c32311ed9568ea77d7bccda96	commercial-regional-avpa-coffees-roasted-at-origin-2023-avpa-2023-87	RESULT_METADATA		SINGLE_REJECTED_RESULT_LAYER	AWARD_ROW_CATEGORY_CLASSIFICATION_IS_RESULT_METADATA	https://www.avpa.fr/_files/ugd/58172f_30052b626d3046dc809ac7c1aadfb577.pdf#page=5;table=1;row=6	7e44c8ba26dff9508589edf308496c47b5104c07922101ba8d08eb0b89240c53		FULL_GOVERNED_SNAPSHOT	
layer-79c49d4a558012bdd95758e3	assert-1171bfa41d79298309cb8c299c303664c7ea7d6a5e6ecf0f	commercial-regional-avpa-coffees-roasted-at-origin-2021-avpa-2021-94	RESULT_METADATA		SINGLE_REJECTED_RESULT_LAYER	AWARD_ROW_CATEGORY_CLASSIFICATION_IS_RESULT_METADATA	https://en.avpa.fr/_files/ugd/58172f_4c77467cf60241c68a87aa0c5ae471dd.pdf#page=3;table=1;row=10	bc2cadb1180e5e941708ad9a1b71637cdc3351c8fdd1cf543864948b1f63ac6f		FULL_GOVERNED_SNAPSHOT	
layer-a79e3f409762704f27f0e197	assert-11c570e91b2bd502d9b2d9e070a95520a5fbf764c36b57ef	commercial-regional-avpa-coffees-roasted-at-origin-2025-avpa-2025-p7-r4	RESULT_METADATA		SINGLE_REJECTED_RESULT_LAYER	AWARD_ROW_CATEGORY_CLASSIFICATION_IS_RESULT_METADATA	https://es.avpa.fr/_files/ugd/58172f_8bacccff6b394c70a4245a028435bf32.pdf#page=7;table=1;row=4	37e395246a44f63dbda8e024275a1f7789c2808c831d96593069464f529c7547		FULL_GOVERNED_SNAPSHOT	
layer-7d1267f4fe0ed6b6193aeaed	assert-11e6f369480aa74ef80ee51cf96862371268d41b5a09274e	commercial-regional-avpa-coffees-roasted-at-origin-2021-avpa-2021-80	RESULT_METADATA		SINGLE_REJECTED_RESULT_LAYER	AWARD_ROW_CATEGORY_CLASSIFICATION_IS_RESULT_METADATA	https://en.avpa.fr/_files/ugd/58172f_4c77467cf60241c68a87aa0c5ae471dd.pdf#page=3;table=1;row=14	bc2cadb1180e5e941708ad9a1b71637cdc3351c8fdd1cf543864948b1f63ac6f		FULL_GOVERNED_SNAPSHOT	
layer-70bd7a860d9ed2594b4a686a	assert-1239b21fff7f87d1b82795225d6ae2635069740a7db6b3e5	commercial-regional-avpa-coffees-roasted-at-origin-2023-avpa-2023-6	RESULT_METADATA		SINGLE_REJECTED_RESULT_LAYER	AWARD_ROW_CATEGORY_CLASSIFICATION_IS_RESULT_METADATA	https://www.avpa.fr/_files/ugd/58172f_30052b626d3046dc809ac7c1aadfb577.pdf#page=4;table=1;row=15	7e44c8ba26dff9508589edf308496c47b5104c07922101ba8d08eb0b89240c53		FULL_GOVERNED_SNAPSHOT	
layer-1d28d58ac17c969c21197b3c	assert-126153d810c403e94aec16e1f375626a8b781529e993c09b	commercial-regional-avpa-coffees-roasted-at-origin-2024-avpa-2024-34	RESULT_METADATA		SINGLE_REJECTED_RESULT_LAYER	AWARD_ROW_CATEGORY_CLASSIFICATION_IS_RESULT_METADATA	https://it.avpa.fr/_files/ugd/58172f_35c0d4eb0b3043bbb4dbe37d46bc608c.pdf#page=8;table=1;row=10	6f8be1365130c379c41b79fdbbde910f73f0e26f73f04a99ceba22e41702a847		FULL_GOVERNED_SNAPSHOT	
layer-a3a2b497603ccbb4eb1e5a83	assert-12b603dbcea90264a0a1a2ec711d784312f761783b9a034b	commercial-regional-avpa-coffees-roasted-at-origin-2025-avpa-2025-p6-r12	RESULT_METADATA		SINGLE_REJECTED_RESULT_LAYER	AWARD_ROW_CATEGORY_CLASSIFICATION_IS_RESULT_METADATA	https://es.avpa.fr/_files/ugd/58172f_8bacccff6b394c70a4245a028435bf32.pdf#page=6;table=1;row=12	37e395246a44f63dbda8e024275a1f7789c2808c831d96593069464f529c7547		FULL_GOVERNED_SNAPSHOT	
layer-7e9d9ed32c7428d0f3c801ae	assert-13a4c99e88e2464499754b513682ae30e5d4cd4bcfa70952	commercial-regional-avpa-coffees-roasted-at-origin-2025-avpa-2025-p4-r9	RESULT_METADATA		SINGLE_REJECTED_RESULT_LAYER	AWARD_ROW_CATEGORY_CLASSIFICATION_IS_RESULT_METADATA	https://es.avpa.fr/_files/ugd/58172f_8bacccff6b394c70a4245a028435bf32.pdf#page=4;table=1;row=9	37e395246a44f63dbda8e024275a1f7789c2808c831d96593069464f529c7547		FULL_GOVERNED_SNAPSHOT	
layer-87d011c366f3b1774f1f2487	assert-140c0583ea767bcccd4b9cc69f6705de44e98f0218d65a00	commercial-regional-avpa-coffees-roasted-at-origin-2024-avpa-2024-94	RESULT_METADATA		SINGLE_REJECTED_RESULT_LAYER	AWARD_ROW_CATEGORY_CLASSIFICATION_IS_RESULT_METADATA	https://it.avpa.fr/_files/ugd/58172f_35c0d4eb0b3043bbb4dbe37d46bc608c.pdf#page=3;table=1;row=2	6f8be1365130c379c41b79fdbbde910f73f0e26f73f04a99ceba22e41702a847		FULL_GOVERNED_SNAPSHOT	
layer-48a1634f39254ed35e7fb704	assert-149b046b42548cc4b983b7b9203485726570c7ed48cb847f	commercial-regional-avpa-coffees-roasted-at-origin-2023-avpa-2023-81	RESULT_METADATA		SINGLE_REJECTED_RESULT_LAYER	AWARD_ROW_CATEGORY_CLASSIFICATION_IS_RESULT_METADATA	https://www.avpa.fr/_files/ugd/58172f_30052b626d3046dc809ac7c1aadfb577.pdf#page=1;table=1;row=18	7e44c8ba26dff9508589edf308496c47b5104c07922101ba8d08eb0b89240c53		FULL_GOVERNED_SNAPSHOT	
layer-5a28041c16272142c64bec82	assert-1524b9ed3b3cab5858a43798ede521ca6db85af1848ef153	commercial-regional-avpa-coffees-roasted-at-origin-2024-avpa-2024-55	RESULT_METADATA		SINGLE_REJECTED_RESULT_LAYER	AWARD_ROW_CATEGORY_CLASSIFICATION_IS_RESULT_METADATA	https://it.avpa.fr/_files/ugd/58172f_35c0d4eb0b3043bbb4dbe37d46bc608c.pdf#page=5;table=1;row=12	6f8be1365130c379c41b79fdbbde910f73f0e26f73f04a99ceba22e41702a847		FULL_GOVERNED_SNAPSHOT	
layer-8def6563f837e398c1745200	assert-1626b27cb37a3ee069ac848692e949897dd5746e156d9ae8	commercial-regional-avpa-coffees-roasted-at-origin-2024-avpa-2024-91	RESULT_METADATA		SINGLE_REJECTED_RESULT_LAYER	AWARD_ROW_CATEGORY_CLASSIFICATION_IS_RESULT_METADATA	https://it.avpa.fr/_files/ugd/58172f_35c0d4eb0b3043bbb4dbe37d46bc608c.pdf#page=5;table=1;row=2	6f8be1365130c379c41b79fdbbde910f73f0e26f73f04a99ceba22e41702a847		FULL_GOVERNED_SNAPSHOT	
layer-a01866e480557bacbd15240a	assert-167a9a8c690f74a46353a8efe9a0222676f98a9c01096676	commercial-regional-avpa-coffees-roasted-at-origin-2025-avpa-2025-p2-r2	RESULT_METADATA		SINGLE_REJECTED_RESULT_LAYER	AWARD_ROW_CATEGORY_CLASSIFICATION_IS_RESULT_METADATA	https://es.avpa.fr/_files/ugd/58172f_8bacccff6b394c70a4245a028435bf32.pdf#page=2;table=1;row=2	37e395246a44f63dbda8e024275a1f7789c2808c831d96593069464f529c7547		FULL_GOVERNED_SNAPSHOT	
layer-a7729d323306b78c8f763597	assert-17fca580cf615d449288f43250f27d34dc43f653187f4423	commercial-regional-avpa-coffees-roasted-at-origin-2022-avpa-2022-28	RESULT_METADATA		SINGLE_REJECTED_RESULT_LAYER	AWARD_ROW_CATEGORY_CLASSIFICATION_IS_RESULT_METADATA	https://www.avpa.fr/_files/ugd/58172f_6742d088d0844243bf7ecf5a0c14962d.pdf#page=3;table=1;row=18	9e24c113cad136b7471f2855a4f21b56f5255c9e6e91aac41801304b3006c6a7		FULL_GOVERNED_SNAPSHOT	
layer-4c4644d52be30b7edd51950c	assert-18c4ea4e3bdd26ce52a56481271da7c459954aae35e42034	commercial-regional-avpa-coffees-roasted-at-origin-2025-avpa-2025-p4-r6	RESULT_METADATA		SINGLE_REJECTED_RESULT_LAYER	AWARD_ROW_CATEGORY_CLASSIFICATION_IS_RESULT_METADATA	https://es.avpa.fr/_files/ugd/58172f_8bacccff6b394c70a4245a028435bf32.pdf#page=4;table=1;row=6	37e395246a44f63dbda8e024275a1f7789c2808c831d96593069464f529c7547		FULL_GOVERNED_SNAPSHOT	
layer-276ed13bc16bd26b9c798b7f	assert-19cbf1094c786e5f8a82af12f31d1e814c5b2bc6d5be3d64	commercial-regional-avpa-coffees-roasted-at-origin-2025-avpa-2025-p8-r3	RESULT_METADATA		SINGLE_REJECTED_RESULT_LAYER	AWARD_ROW_CATEGORY_CLASSIFICATION_IS_RESULT_METADATA	https://es.avpa.fr/_files/ugd/58172f_8bacccff6b394c70a4245a028435bf32.pdf#page=8;table=1;row=3	37e395246a44f63dbda8e024275a1f7789c2808c831d96593069464f529c7547		FULL_GOVERNED_SNAPSHOT	
layer-a5919cc9a73871f810c62f4f	assert-19d2553997ddb77492cfdf264bffc0d13c1bf6035a815974	commercial-regional-avpa-coffees-roasted-at-origin-2021-avpa-2021-108	RESULT_METADATA		SINGLE_REJECTED_RESULT_LAYER	AWARD_ROW_CATEGORY_CLASSIFICATION_IS_RESULT_METADATA	https://en.avpa.fr/_files/ugd/58172f_4c77467cf60241c68a87aa0c5ae471dd.pdf#page=3;table=1;row=6	bc2cadb1180e5e941708ad9a1b71637cdc3351c8fdd1cf543864948b1f63ac6f		FULL_GOVERNED_SNAPSHOT	
layer-b47c39a41c9dc6a82810ae70	assert-1c18a34bce3d9fafe146aa44c749c350845779ae95dcb6ee	commercial-regional-avpa-coffees-roasted-at-origin-2022-avpa-2022-18	RESULT_METADATA		SINGLE_REJECTED_RESULT_LAYER	AWARD_ROW_CATEGORY_CLASSIFICATION_IS_RESULT_METADATA	https://www.avpa.fr/_files/ugd/58172f_6742d088d0844243bf7ecf5a0c14962d.pdf#page=4;table=1;row=5	9e24c113cad136b7471f2855a4f21b56f5255c9e6e91aac41801304b3006c6a7		FULL_GOVERNED_SNAPSHOT	
layer-b6ec4c64370c1d844503277f	assert-1f1bcbe7d8249c45f4fa31065d34219ecef49eac87973089	commercial-regional-avpa-coffees-roasted-at-origin-2023-avpa-2023-5	RESULT_METADATA		SINGLE_REJECTED_RESULT_LAYER	AWARD_ROW_CATEGORY_CLASSIFICATION_IS_RESULT_METADATA	https://www.avpa.fr/_files/ugd/58172f_30052b626d3046dc809ac7c1aadfb577.pdf#page=4;table=1;row=6	7e44c8ba26dff9508589edf308496c47b5104c07922101ba8d08eb0b89240c53		FULL_GOVERNED_SNAPSHOT	
layer-34de4ea11511a6f1838693b1	assert-1f966f16214f7715b96598dcc2eb32f4daa157677411cc59	commercial-regional-avpa-coffees-roasted-at-origin-2021-avpa-2021-59	RESULT_METADATA		SINGLE_REJECTED_RESULT_LAYER	AWARD_ROW_CATEGORY_CLASSIFICATION_IS_RESULT_METADATA	https://en.avpa.fr/_files/ugd/58172f_4c77467cf60241c68a87aa0c5ae471dd.pdf#page=5;table=1;row=2	bc2cadb1180e5e941708ad9a1b71637cdc3351c8fdd1cf543864948b1f63ac6f		FULL_GOVERNED_SNAPSHOT	
layer-e47dfe07549f3110641aadcc	assert-200da3e011653b48f03668c5d27f505df9c64208bf474ea9	commercial-regional-avpa-coffees-roasted-at-origin-2023-avpa-2023-51	RESULT_METADATA		SINGLE_REJECTED_RESULT_LAYER	AWARD_ROW_CATEGORY_CLASSIFICATION_IS_RESULT_METADATA	https://www.avpa.fr/_files/ugd/58172f_30052b626d3046dc809ac7c1aadfb577.pdf#page=4;table=1;row=16	7e44c8ba26dff9508589edf308496c47b5104c07922101ba8d08eb0b89240c53		FULL_GOVERNED_SNAPSHOT	
layer-1a4d03cb8fd5ecc93b96f20e	assert-20bbfb5b832fb006ad8b1a53a9889be54ad9a34c964514df	commercial-regional-avpa-coffees-roasted-at-origin-2025-avpa-2025-p8-r4	RESULT_METADATA		SINGLE_REJECTED_RESULT_LAYER	AWARD_ROW_CATEGORY_CLASSIFICATION_IS_RESULT_METADATA	https://es.avpa.fr/_files/ugd/58172f_8bacccff6b394c70a4245a028435bf32.pdf#page=8;table=1;row=4	37e395246a44f63dbda8e024275a1f7789c2808c831d96593069464f529c7547		FULL_GOVERNED_SNAPSHOT	
layer-194dc1d5bd6c480381b34a3e	assert-21a5f31bc92fa976adafc91d4eae5ccf31ebb2810120e428	commercial-regional-avpa-coffees-roasted-at-origin-2025-avpa-2025-p6-r3	RESULT_METADATA		SINGLE_REJECTED_RESULT_LAYER	AWARD_ROW_CATEGORY_CLASSIFICATION_IS_RESULT_METADATA	https://es.avpa.fr/_files/ugd/58172f_8bacccff6b394c70a4245a028435bf32.pdf#page=6;table=1;row=3	37e395246a44f63dbda8e024275a1f7789c2808c831d96593069464f529c7547		FULL_GOVERNED_SNAPSHOT	
layer-f4eff7ef28eea1ec962fe7d4	assert-227de8ae1dd6cd87b4bd75be8008af1d0d8262253fbf3c94	commercial-regional-avpa-coffees-roasted-at-origin-2024-avpa-2024-98	RESULT_METADATA		SINGLE_REJECTED_RESULT_LAYER	AWARD_ROW_CATEGORY_CLASSIFICATION_IS_RESULT_METADATA	https://it.avpa.fr/_files/ugd/58172f_35c0d4eb0b3043bbb4dbe37d46bc608c.pdf#page=7;table=1;row=8	6f8be1365130c379c41b79fdbbde910f73f0e26f73f04a99ceba22e41702a847		FULL_GOVERNED_SNAPSHOT	
layer-f1dec7c440237d1f3aba5c5d	assert-22e2777f28da89320d3f773192741f16512a0c7bbe2fc8ec	commercial-regional-avpa-coffees-roasted-at-origin-2021-avpa-2021-10	RESULT_METADATA		SINGLE_REJECTED_RESULT_LAYER	AWARD_ROW_CATEGORY_CLASSIFICATION_IS_RESULT_METADATA	https://en.avpa.fr/_files/ugd/58172f_4c77467cf60241c68a87aa0c5ae471dd.pdf#page=4;table=1;row=11	bc2cadb1180e5e941708ad9a1b71637cdc3351c8fdd1cf543864948b1f63ac6f		FULL_GOVERNED_SNAPSHOT	
layer-5c135c7979ccb22e5ab15e38	assert-22eb23e2e664f1ad770d04ba786e32eacf9eb90c658c8155	commercial-regional-avpa-coffees-roasted-at-origin-2024-avpa-2024-92	RESULT_METADATA		SINGLE_REJECTED_RESULT_LAYER	AWARD_ROW_CATEGORY_CLASSIFICATION_IS_RESULT_METADATA	https://it.avpa.fr/_files/ugd/58172f_35c0d4eb0b3043bbb4dbe37d46bc608c.pdf#page=5;table=1;row=4	6f8be1365130c379c41b79fdbbde910f73f0e26f73f04a99ceba22e41702a847		FULL_GOVERNED_SNAPSHOT	
layer-4038eb92ba531b0745c5ad9c	assert-233f4d3634e2016fc3288901942830094855e9dfdd1802ef	commercial-regional-avpa-coffees-roasted-at-origin-2022-avpa-2022-77	RESULT_METADATA		SINGLE_REJECTED_RESULT_LAYER	AWARD_ROW_CATEGORY_CLASSIFICATION_IS_RESULT_METADATA	https://www.avpa.fr/_files/ugd/58172f_6742d088d0844243bf7ecf5a0c14962d.pdf#page=2;table=1;row=8	9e24c113cad136b7471f2855a4f21b56f5255c9e6e91aac41801304b3006c6a7		FULL_GOVERNED_SNAPSHOT	
layer-8a7c3771f2b12b715792dbda	assert-234daf30afb4993065b2579a5eecebd1f341aa018e4cbf1f	commercial-regional-avpa-coffees-roasted-at-origin-2023-avpa-2023-103	RESULT_METADATA		SINGLE_REJECTED_RESULT_LAYER	AWARD_ROW_CATEGORY_CLASSIFICATION_IS_RESULT_METADATA	https://www.avpa.fr/_files/ugd/58172f_30052b626d3046dc809ac7c1aadfb577.pdf#page=4;table=1;row=5	7e44c8ba26dff9508589edf308496c47b5104c07922101ba8d08eb0b89240c53		FULL_GOVERNED_SNAPSHOT	
layer-1325cd8deacf2786297c5426	assert-23fa5ae963395bed497404aa3d0ce072603b2d7b76cbc375	commercial-regional-avpa-coffees-roasted-at-origin-2023-avpa-2023-116	RESULT_METADATA		SINGLE_REJECTED_RESULT_LAYER	AWARD_ROW_CATEGORY_CLASSIFICATION_IS_RESULT_METADATA	https://www.avpa.fr/_files/ugd/58172f_30052b626d3046dc809ac7c1aadfb577.pdf#page=1;table=1;row=14	7e44c8ba26dff9508589edf308496c47b5104c07922101ba8d08eb0b89240c53		FULL_GOVERNED_SNAPSHOT	
layer-d7063e0ad9291b705267aa9b	assert-248ac92ea32a5c134a2d3b33a5949910b1875bcd7b13ec4e	commercial-regional-avpa-coffees-roasted-at-origin-2022-avpa-2022-54	RESULT_METADATA		SINGLE_REJECTED_RESULT_LAYER	AWARD_ROW_CATEGORY_CLASSIFICATION_IS_RESULT_METADATA	https://www.avpa.fr/_files/ugd/58172f_6742d088d0844243bf7ecf5a0c14962d.pdf#page=3;table=1;row=23	9e24c113cad136b7471f2855a4f21b56f5255c9e6e91aac41801304b3006c6a7		FULL_GOVERNED_SNAPSHOT	
layer-bb0b87101feb8bc148551cf5	assert-24d1d542f0e6c79946ad370745f14d75e28e7d348b88a056	commercial-regional-avpa-coffees-roasted-at-origin-2024-avpa-2024-57	RESULT_METADATA		SINGLE_REJECTED_RESULT_LAYER	AWARD_ROW_CATEGORY_CLASSIFICATION_IS_RESULT_METADATA	https://it.avpa.fr/_files/ugd/58172f_35c0d4eb0b3043bbb4dbe37d46bc608c.pdf#page=5;table=1;row=5	6f8be1365130c379c41b79fdbbde910f73f0e26f73f04a99ceba22e41702a847		FULL_GOVERNED_SNAPSHOT	
layer-6c98a10b0bb81540238815e6	assert-24d9f8b5bcd2153aded4b1cca1429aa741e0e7382f089f94	commercial-regional-avpa-coffees-roasted-at-origin-2025-avpa-2025-p4-r3	RESULT_METADATA		SINGLE_REJECTED_RESULT_LAYER	AWARD_ROW_CATEGORY_CLASSIFICATION_IS_RESULT_METADATA	https://es.avpa.fr/_files/ugd/58172f_8bacccff6b394c70a4245a028435bf32.pdf#page=4;table=1;row=3	37e395246a44f63dbda8e024275a1f7789c2808c831d96593069464f529c7547		FULL_GOVERNED_SNAPSHOT	
layer-5aeef399763449c299b8885d	assert-25f7709e99b6fe76ece24e95d90641a9a8769c657eb3727b	commercial-regional-avpa-coffees-roasted-at-origin-2024-avpa-2024-21	RESULT_METADATA		SINGLE_REJECTED_RESULT_LAYER	AWARD_ROW_CATEGORY_CLASSIFICATION_IS_RESULT_METADATA	https://it.avpa.fr/_files/ugd/58172f_35c0d4eb0b3043bbb4dbe37d46bc608c.pdf#page=6;table=1;row=11	6f8be1365130c379c41b79fdbbde910f73f0e26f73f04a99ceba22e41702a847		FULL_GOVERNED_SNAPSHOT	
layer-bb5270cc24a866918d55d65f	assert-26646caec7dff4c0b600d68d18e15bcfdf251caa23861e9f	commercial-regional-avpa-coffees-roasted-at-origin-2024-avpa-2024-67	RESULT_METADATA		SINGLE_REJECTED_RESULT_LAYER	AWARD_ROW_CATEGORY_CLASSIFICATION_IS_RESULT_METADATA	https://it.avpa.fr/_files/ugd/58172f_35c0d4eb0b3043bbb4dbe37d46bc608c.pdf#page=2;table=1;row=13	6f8be1365130c379c41b79fdbbde910f73f0e26f73f04a99ceba22e41702a847		FULL_GOVERNED_SNAPSHOT	
layer-429f9d262b53be68fb2ef202	assert-279e18b9494043ac65f86e3eec582f90eb38352e89d742f9	commercial-regional-avpa-coffees-roasted-at-origin-2024-avpa-2024-66	RESULT_METADATA		SINGLE_REJECTED_RESULT_LAYER	AWARD_ROW_CATEGORY_CLASSIFICATION_IS_RESULT_METADATA	https://it.avpa.fr/_files/ugd/58172f_35c0d4eb0b3043bbb4dbe37d46bc608c.pdf#page=2;table=1;row=9	6f8be1365130c379c41b79fdbbde910f73f0e26f73f04a99ceba22e41702a847		FULL_GOVERNED_SNAPSHOT	
layer-a604bd83ab326103db163062	assert-27d9b6811888917d720fd087eafaca0671b81e620565f6ec	commercial-regional-avpa-coffees-roasted-at-origin-2025-avpa-2025-p1-r10	RESULT_METADATA		SINGLE_REJECTED_RESULT_LAYER	AWARD_ROW_CATEGORY_CLASSIFICATION_IS_RESULT_METADATA	https://es.avpa.fr/_files/ugd/58172f_8bacccff6b394c70a4245a028435bf32.pdf#page=1;table=1;row=10	37e395246a44f63dbda8e024275a1f7789c2808c831d96593069464f529c7547		FULL_GOVERNED_SNAPSHOT	
layer-0ba94c1eab533111fa290ff0	assert-27e348157b7fabbe22c0cab27333c9d17eb3229698b0a054	commercial-regional-avpa-coffees-roasted-at-origin-2021-avpa-2021-52	RESULT_METADATA		SINGLE_REJECTED_RESULT_LAYER	AWARD_ROW_CATEGORY_CLASSIFICATION_IS_RESULT_METADATA	https://en.avpa.fr/_files/ugd/58172f_4c77467cf60241c68a87aa0c5ae471dd.pdf#page=1;table=1;row=5	bc2cadb1180e5e941708ad9a1b71637cdc3351c8fdd1cf543864948b1f63ac6f		FULL_GOVERNED_SNAPSHOT	
layer-428af40b039c7d1169c8edb7	assert-2985ef771c3d830d455fdf05be4853adf6f1149c77df8ef8	commercial-regional-avpa-coffees-roasted-at-origin-2024-avpa-2024-8	RESULT_METADATA		SINGLE_REJECTED_RESULT_LAYER	AWARD_ROW_CATEGORY_CLASSIFICATION_IS_RESULT_METADATA	https://it.avpa.fr/_files/ugd/58172f_35c0d4eb0b3043bbb4dbe37d46bc608c.pdf#page=2;table=1;row=5	6f8be1365130c379c41b79fdbbde910f73f0e26f73f04a99ceba22e41702a847		FULL_GOVERNED_SNAPSHOT	
layer-e477505a3752c565b70b7465	assert-2a7c9b8b3b798f4decfe5ed554ea569bda9f263759a9342a	commercial-regional-avpa-coffees-roasted-at-origin-2023-avpa-2023-83	RESULT_METADATA		SINGLE_REJECTED_RESULT_LAYER	AWARD_ROW_CATEGORY_CLASSIFICATION_IS_RESULT_METADATA	https://www.avpa.fr/_files/ugd/58172f_30052b626d3046dc809ac7c1aadfb577.pdf#page=1;table=1;row=19	7e44c8ba26dff9508589edf308496c47b5104c07922101ba8d08eb0b89240c53		FULL_GOVERNED_SNAPSHOT	
layer-47cbbf821807fb41b9b73c25	assert-2b8077bd483884c1fd5e2a3178afc483fa5eb043e17e285a	commercial-regional-avpa-coffees-roasted-at-origin-2023-avpa-2023-78	RESULT_METADATA		SINGLE_REJECTED_RESULT_LAYER	AWARD_ROW_CATEGORY_CLASSIFICATION_IS_RESULT_METADATA	https://www.avpa.fr/_files/ugd/58172f_30052b626d3046dc809ac7c1aadfb577.pdf#page=1;table=1;row=10	7e44c8ba26dff9508589edf308496c47b5104c07922101ba8d08eb0b89240c53		FULL_GOVERNED_SNAPSHOT	
layer-8ad0337316b721d4f499f314	assert-2c91e29de2d455deb62a846d6a040b82d42a9696b35e472d	commercial-regional-avpa-coffees-roasted-at-origin-2023-avpa-2023-88	RESULT_METADATA		SINGLE_REJECTED_RESULT_LAYER	AWARD_ROW_CATEGORY_CLASSIFICATION_IS_RESULT_METADATA	https://www.avpa.fr/_files/ugd/58172f_30052b626d3046dc809ac7c1aadfb577.pdf#page=5;table=1;row=7	7e44c8ba26dff9508589edf308496c47b5104c07922101ba8d08eb0b89240c53		FULL_GOVERNED_SNAPSHOT	
layer-60f49305a769053d813ca82c	assert-2cadb48ec6c5fd9b5f6843ca86520b8919e915753da019ac	commercial-regional-avpa-coffees-roasted-at-origin-2024-avpa-2024-70	RESULT_METADATA		SINGLE_REJECTED_RESULT_LAYER	AWARD_ROW_CATEGORY_CLASSIFICATION_IS_RESULT_METADATA	https://it.avpa.fr/_files/ugd/58172f_35c0d4eb0b3043bbb4dbe37d46bc608c.pdf#page=2;table=1;row=10	6f8be1365130c379c41b79fdbbde910f73f0e26f73f04a99ceba22e41702a847		FULL_GOVERNED_SNAPSHOT	
layer-80bbbb4fc270a5fa38e7d1e0	assert-2d4a1642b80d854f839dcb82b4dcf9e51f12750258e03a99	commercial-regional-avpa-coffees-roasted-at-origin-2021-avpa-2021-97	RESULT_METADATA		SINGLE_REJECTED_RESULT_LAYER	AWARD_ROW_CATEGORY_CLASSIFICATION_IS_RESULT_METADATA	https://en.avpa.fr/_files/ugd/58172f_4c77467cf60241c68a87aa0c5ae471dd.pdf#page=4;table=1;row=14	bc2cadb1180e5e941708ad9a1b71637cdc3351c8fdd1cf543864948b1f63ac6f		FULL_GOVERNED_SNAPSHOT	
layer-fa0cdc200dea05eb97d7e4d8	assert-2e6bd0a225b30850fd7cabb79e555984eac139b05b18f1ba	commercial-regional-avpa-coffees-roasted-at-origin-2025-avpa-2025-p5-r6	RESULT_METADATA		SINGLE_REJECTED_RESULT_LAYER	AWARD_ROW_CATEGORY_CLASSIFICATION_IS_RESULT_METADATA	https://es.avpa.fr/_files/ugd/58172f_8bacccff6b394c70a4245a028435bf32.pdf#page=5;table=1;row=6	37e395246a44f63dbda8e024275a1f7789c2808c831d96593069464f529c7547		FULL_GOVERNED_SNAPSHOT	
layer-9eac859f73aed45efd87464c	assert-2f064d21e0fb3f51a310c0cf503eb75ac71681cfca97306f	commercial-regional-avpa-coffees-roasted-at-origin-2023-avpa-2023-15	RESULT_METADATA		SINGLE_REJECTED_RESULT_LAYER	AWARD_ROW_CATEGORY_CLASSIFICATION_IS_RESULT_METADATA	https://www.avpa.fr/_files/ugd/58172f_30052b626d3046dc809ac7c1aadfb577.pdf#page=3;table=1;row=9	7e44c8ba26dff9508589edf308496c47b5104c07922101ba8d08eb0b89240c53		FULL_GOVERNED_SNAPSHOT	
layer-f52235ee4fc84a8fad655be0	assert-2f34cbebd16a32fdaaa5ec274accad54061a6bf596110c87	commercial-regional-avpa-coffees-roasted-at-origin-2025-avpa-2025-p3-r12	RESULT_METADATA		SINGLE_REJECTED_RESULT_LAYER	AWARD_ROW_CATEGORY_CLASSIFICATION_IS_RESULT_METADATA	https://es.avpa.fr/_files/ugd/58172f_8bacccff6b394c70a4245a028435bf32.pdf#page=3;table=1;row=12	37e395246a44f63dbda8e024275a1f7789c2808c831d96593069464f529c7547		FULL_GOVERNED_SNAPSHOT	
layer-a29584a0ec0cc4f8b645ed12	assert-2fe27d2f655d162ca78ce2d9e50d5f529d8171b390c6ea6a	commercial-regional-avpa-coffees-roasted-at-origin-2023-avpa-2023-33	RESULT_METADATA		SINGLE_REJECTED_RESULT_LAYER	AWARD_ROW_CATEGORY_CLASSIFICATION_IS_RESULT_METADATA	https://www.avpa.fr/_files/ugd/58172f_30052b626d3046dc809ac7c1aadfb577.pdf#page=3;table=1;row=16	7e44c8ba26dff9508589edf308496c47b5104c07922101ba8d08eb0b89240c53		FULL_GOVERNED_SNAPSHOT	
layer-c12945040821708945975233	assert-30d216bd296cad1119c427c3f22da32df6bb6ea47857863f	commercial-regional-avpa-coffees-roasted-at-origin-2025-avpa-2025-p1-r12	RESULT_METADATA		SINGLE_REJECTED_RESULT_LAYER	AWARD_ROW_CATEGORY_CLASSIFICATION_IS_RESULT_METADATA	https://es.avpa.fr/_files/ugd/58172f_8bacccff6b394c70a4245a028435bf32.pdf#page=1;table=1;row=12	37e395246a44f63dbda8e024275a1f7789c2808c831d96593069464f529c7547		FULL_GOVERNED_SNAPSHOT	
layer-e2fa68d91f7d88f63b8cfebb	assert-30d64bfa09736c567d085be8c79093da0104be4bd60a405f	commercial-regional-avpa-coffees-roasted-at-origin-2022-avpa-2022-40	RESULT_METADATA		SINGLE_REJECTED_RESULT_LAYER	AWARD_ROW_CATEGORY_CLASSIFICATION_IS_RESULT_METADATA	https://www.avpa.fr/_files/ugd/58172f_6742d088d0844243bf7ecf5a0c14962d.pdf#page=1;table=1;row=18	9e24c113cad136b7471f2855a4f21b56f5255c9e6e91aac41801304b3006c6a7		FULL_GOVERNED_SNAPSHOT	
layer-faa38ff4bc7f1b73cb661d4a	assert-30f454dc8437b257acf2561cbb17e8aa40edd1472b9a9dcc	commercial-regional-avpa-coffees-roasted-at-origin-2023-avpa-2023-114	RESULT_METADATA		SINGLE_REJECTED_RESULT_LAYER	AWARD_ROW_CATEGORY_CLASSIFICATION_IS_RESULT_METADATA	https://www.avpa.fr/_files/ugd/58172f_30052b626d3046dc809ac7c1aadfb577.pdf#page=1;table=1;row=20	7e44c8ba26dff9508589edf308496c47b5104c07922101ba8d08eb0b89240c53		FULL_GOVERNED_SNAPSHOT	
layer-8e93358f4ee51e61bad1fb4d	assert-33cd08bbe9b7138b41fb2004cd4110cdd5a5dc7eaae19596	commercial-regional-avpa-coffees-roasted-at-origin-2023-avpa-2023-45	RESULT_METADATA		SINGLE_REJECTED_RESULT_LAYER	AWARD_ROW_CATEGORY_CLASSIFICATION_IS_RESULT_METADATA	https://www.avpa.fr/_files/ugd/58172f_30052b626d3046dc809ac7c1aadfb577.pdf#page=4;table=1;row=8	7e44c8ba26dff9508589edf308496c47b5104c07922101ba8d08eb0b89240c53		FULL_GOVERNED_SNAPSHOT	
layer-322c418c4802c366ba3d1064	assert-340c505df8cb3fdcce1934c5668538e2bbacf3559511c033	commercial-regional-avpa-coffees-roasted-at-origin-2025-avpa-2025-p4-r8	RESULT_METADATA		SINGLE_REJECTED_RESULT_LAYER	AWARD_ROW_CATEGORY_CLASSIFICATION_IS_RESULT_METADATA	https://es.avpa.fr/_files/ugd/58172f_8bacccff6b394c70a4245a028435bf32.pdf#page=4;table=1;row=8	37e395246a44f63dbda8e024275a1f7789c2808c831d96593069464f529c7547		FULL_GOVERNED_SNAPSHOT	
layer-f8e721ffd4f419b584d22ea9	assert-3449a8e1a691bb66d664d6b7ebaa35c7268177bbabde0fee	commercial-regional-avpa-coffees-roasted-at-origin-2021-avpa-2021-8	RESULT_METADATA		SINGLE_REJECTED_RESULT_LAYER	AWARD_ROW_CATEGORY_CLASSIFICATION_IS_RESULT_METADATA	https://en.avpa.fr/_files/ugd/58172f_4c77467cf60241c68a87aa0c5ae471dd.pdf#page=4;table=1;row=10	bc2cadb1180e5e941708ad9a1b71637cdc3351c8fdd1cf543864948b1f63ac6f		FULL_GOVERNED_SNAPSHOT	
layer-829fcce22607bae5dd2e53ac	assert-345593c2c116703f38fd6428ecc044f7d407bbd21e39fa76	commercial-regional-avpa-coffees-roasted-at-origin-2025-avpa-2025-p7-r12	RESULT_METADATA		SINGLE_REJECTED_RESULT_LAYER	AWARD_ROW_CATEGORY_CLASSIFICATION_IS_RESULT_METADATA	https://es.avpa.fr/_files/ugd/58172f_8bacccff6b394c70a4245a028435bf32.pdf#page=7;table=1;row=12	37e395246a44f63dbda8e024275a1f7789c2808c831d96593069464f529c7547		FULL_GOVERNED_SNAPSHOT	
layer-3fc678b394d07785b12ed716	assert-34e1845471923bc0c49c434607f15516691babb963ce5e12	commercial-regional-avpa-coffees-roasted-at-origin-2021-avpa-2021-71	RESULT_METADATA		SINGLE_REJECTED_RESULT_LAYER	AWARD_ROW_CATEGORY_CLASSIFICATION_IS_RESULT_METADATA	https://en.avpa.fr/_files/ugd/58172f_4c77467cf60241c68a87aa0c5ae471dd.pdf#page=1;table=1;row=12	bc2cadb1180e5e941708ad9a1b71637cdc3351c8fdd1cf543864948b1f63ac6f		FULL_GOVERNED_SNAPSHOT	
layer-0f58630d22229b801737a2d2	assert-358cd11e4c91ca30c97546e40fc4d3055594f80595cbc0b8	commercial-regional-avpa-coffees-roasted-at-origin-2022-avpa-2022-13	RESULT_METADATA		SINGLE_REJECTED_RESULT_LAYER	AWARD_ROW_CATEGORY_CLASSIFICATION_IS_RESULT_METADATA	https://www.avpa.fr/_files/ugd/58172f_6742d088d0844243bf7ecf5a0c14962d.pdf#page=4;table=1;row=11	9e24c113cad136b7471f2855a4f21b56f5255c9e6e91aac41801304b3006c6a7		FULL_GOVERNED_SNAPSHOT	
layer-e0926c7864c840b9f9041de2	assert-35c7b4952a3a7790f0d053f5ffb259cd80fd5cdc5ff1acc1	commercial-regional-avpa-coffees-roasted-at-origin-2021-avpa-2021-104	RESULT_METADATA		SINGLE_REJECTED_RESULT_LAYER	AWARD_ROW_CATEGORY_CLASSIFICATION_IS_RESULT_METADATA	https://en.avpa.fr/_files/ugd/58172f_4c77467cf60241c68a87aa0c5ae471dd.pdf#page=1;table=1;row=8	bc2cadb1180e5e941708ad9a1b71637cdc3351c8fdd1cf543864948b1f63ac6f		FULL_GOVERNED_SNAPSHOT	
layer-592831eb8807430d309f9ea6	assert-37bf4b42cfaa4d3e662fee045b5d2429f850a5e6a7c0262c	commercial-regional-avpa-coffees-roasted-at-origin-2021-avpa-2021-63	RESULT_METADATA		SINGLE_REJECTED_RESULT_LAYER	AWARD_ROW_CATEGORY_CLASSIFICATION_IS_RESULT_METADATA	https://en.avpa.fr/_files/ugd/58172f_4c77467cf60241c68a87aa0c5ae471dd.pdf#page=5;table=1;row=7	bc2cadb1180e5e941708ad9a1b71637cdc3351c8fdd1cf543864948b1f63ac6f		FULL_GOVERNED_SNAPSHOT	
layer-5351b2f3ab57cbeb97e3870a	assert-392e27482a4d220bcaa8429e10071d8547a3d6be7a7f4750	commercial-regional-avpa-coffees-roasted-at-origin-2023-avpa-2023-34	RESULT_METADATA		SINGLE_REJECTED_RESULT_LAYER	AWARD_ROW_CATEGORY_CLASSIFICATION_IS_RESULT_METADATA	https://www.avpa.fr/_files/ugd/58172f_30052b626d3046dc809ac7c1aadfb577.pdf#page=3;table=1;row=21	7e44c8ba26dff9508589edf308496c47b5104c07922101ba8d08eb0b89240c53		FULL_GOVERNED_SNAPSHOT	
layer-4418724e180ae0587f477938	assert-3a661b47a39448052673e1cef9013e532658295ca753cc78	commercial-regional-avpa-coffees-roasted-at-origin-2021-avpa-2021-45	RESULT_METADATA		SINGLE_REJECTED_RESULT_LAYER	AWARD_ROW_CATEGORY_CLASSIFICATION_IS_RESULT_METADATA	https://en.avpa.fr/_files/ugd/58172f_4c77467cf60241c68a87aa0c5ae471dd.pdf#page=2;table=1;row=6	bc2cadb1180e5e941708ad9a1b71637cdc3351c8fdd1cf543864948b1f63ac6f		FULL_GOVERNED_SNAPSHOT	
layer-f9d8c796b02b39798d22bedf	assert-3aef1677aa92e1e5a70d060e4793e57a02ea9053985d5d30	commercial-regional-avpa-coffees-roasted-at-origin-2024-avpa-2024-44	RESULT_METADATA		SINGLE_REJECTED_RESULT_LAYER	AWARD_ROW_CATEGORY_CLASSIFICATION_IS_RESULT_METADATA	https://it.avpa.fr/_files/ugd/58172f_35c0d4eb0b3043bbb4dbe37d46bc608c.pdf#page=1;table=1;row=3	6f8be1365130c379c41b79fdbbde910f73f0e26f73f04a99ceba22e41702a847		FULL_GOVERNED_SNAPSHOT	
layer-0bcc1c612119d7c5ecfe217f	assert-3b2aba1e84fd8ba590d354b7023013351854471bc8107574	commercial-regional-avpa-coffees-roasted-at-origin-2021-avpa-2021-75	RESULT_METADATA		SINGLE_REJECTED_RESULT_LAYER	AWARD_ROW_CATEGORY_CLASSIFICATION_IS_RESULT_METADATA	https://en.avpa.fr/_files/ugd/58172f_4c77467cf60241c68a87aa0c5ae471dd.pdf#page=3;table=1;row=2	bc2cadb1180e5e941708ad9a1b71637cdc3351c8fdd1cf543864948b1f63ac6f		FULL_GOVERNED_SNAPSHOT	
layer-e50a72b241e120f8b2b7f930	assert-3c7c315d4c1a445787843556429ee4c3a13d39d7fbb20612	commercial-regional-avpa-coffees-roasted-at-origin-2023-avpa-2023-19	RESULT_METADATA		SINGLE_REJECTED_RESULT_LAYER	AWARD_ROW_CATEGORY_CLASSIFICATION_IS_RESULT_METADATA	https://www.avpa.fr/_files/ugd/58172f_30052b626d3046dc809ac7c1aadfb577.pdf#page=5;table=1;row=14	7e44c8ba26dff9508589edf308496c47b5104c07922101ba8d08eb0b89240c53		FULL_GOVERNED_SNAPSHOT	
layer-cd841c6a2506f05ba3c335e7	assert-3cb27d2f7f0ed7313e7c72d3f3634983d91fbe25978b1a9d	commercial-regional-avpa-coffees-roasted-at-origin-2025-avpa-2025-p1-r7	RESULT_METADATA		SINGLE_REJECTED_RESULT_LAYER	AWARD_ROW_CATEGORY_CLASSIFICATION_IS_RESULT_METADATA	https://es.avpa.fr/_files/ugd/58172f_8bacccff6b394c70a4245a028435bf32.pdf#page=1;table=1;row=7	37e395246a44f63dbda8e024275a1f7789c2808c831d96593069464f529c7547		FULL_GOVERNED_SNAPSHOT	
layer-2d13e9087b40bb656e974376	assert-3ccb63e7a16a90942478b4d0d734e67a8c77e44734a383ff	commercial-regional-avpa-coffees-roasted-at-origin-2025-avpa-2025-p6-r9	RESULT_METADATA		SINGLE_REJECTED_RESULT_LAYER	AWARD_ROW_CATEGORY_CLASSIFICATION_IS_RESULT_METADATA	https://es.avpa.fr/_files/ugd/58172f_8bacccff6b394c70a4245a028435bf32.pdf#page=6;table=1;row=9	37e395246a44f63dbda8e024275a1f7789c2808c831d96593069464f529c7547		FULL_GOVERNED_SNAPSHOT	
layer-a72596c50df27f1775aa04ee	assert-3e488ae92abacdd7df7f155c3fbd69df9505d0562ebbcd77	commercial-regional-avpa-coffees-roasted-at-origin-2021-avpa-2021-77	RESULT_METADATA		SINGLE_REJECTED_RESULT_LAYER	AWARD_ROW_CATEGORY_CLASSIFICATION_IS_RESULT_METADATA	https://en.avpa.fr/_files/ugd/58172f_4c77467cf60241c68a87aa0c5ae471dd.pdf#page=3;table=1;row=11	bc2cadb1180e5e941708ad9a1b71637cdc3351c8fdd1cf543864948b1f63ac6f		FULL_GOVERNED_SNAPSHOT	
layer-1c948865fae99f8e06efb93d	assert-3e8218a3d59ccd38a1b3d435c6f92df8d6359d499fb4f598	commercial-regional-avpa-coffees-roasted-at-origin-2023-avpa-2023-20	RESULT_METADATA		SINGLE_REJECTED_RESULT_LAYER	AWARD_ROW_CATEGORY_CLASSIFICATION_IS_RESULT_METADATA	https://www.avpa.fr/_files/ugd/58172f_30052b626d3046dc809ac7c1aadfb577.pdf#page=5;table=1;row=13	7e44c8ba26dff9508589edf308496c47b5104c07922101ba8d08eb0b89240c53		FULL_GOVERNED_SNAPSHOT	
layer-9d08dbd10438c640e2e01ffb	assert-3ec98ad7c5a897cd1cbd2a4d5e6dd48edff97b9a1acbc242	commercial-regional-avpa-coffees-roasted-at-origin-2022-avpa-2022-51	RESULT_METADATA		SINGLE_REJECTED_RESULT_LAYER	AWARD_ROW_CATEGORY_CLASSIFICATION_IS_RESULT_METADATA	https://www.avpa.fr/_files/ugd/58172f_6742d088d0844243bf7ecf5a0c14962d.pdf#page=3;table=1;row=22	9e24c113cad136b7471f2855a4f21b56f5255c9e6e91aac41801304b3006c6a7		FULL_GOVERNED_SNAPSHOT	
layer-22908ef005aad26f86570493	assert-40ebb3a160270350611b5db14a599a2725ff28727686311c	commercial-regional-avpa-coffees-roasted-at-origin-2021-avpa-2021-69	RESULT_METADATA		SINGLE_REJECTED_RESULT_LAYER	AWARD_ROW_CATEGORY_CLASSIFICATION_IS_RESULT_METADATA	https://en.avpa.fr/_files/ugd/58172f_4c77467cf60241c68a87aa0c5ae471dd.pdf#page=1;table=1;row=14	bc2cadb1180e5e941708ad9a1b71637cdc3351c8fdd1cf543864948b1f63ac6f		FULL_GOVERNED_SNAPSHOT	
layer-00c76c1e279cf31d2c33b45d	assert-4177921d9de4e06a3bcb53474cb3305d3160ddc1cfe6c332	commercial-regional-avpa-coffees-roasted-at-origin-2023-avpa-2023-76	RESULT_METADATA		SINGLE_REJECTED_RESULT_LAYER	AWARD_ROW_CATEGORY_CLASSIFICATION_IS_RESULT_METADATA	https://www.avpa.fr/_files/ugd/58172f_30052b626d3046dc809ac7c1aadfb577.pdf#page=1;table=1;row=7	7e44c8ba26dff9508589edf308496c47b5104c07922101ba8d08eb0b89240c53		FULL_GOVERNED_SNAPSHOT	
layer-28e97b15e4be0823bf8f6a5e	assert-436d8692335cf966fdf9afeeb00529711e8bff63dc970aa1	commercial-regional-avpa-coffees-roasted-at-origin-2024-avpa-2024-111	RESULT_METADATA		SINGLE_REJECTED_RESULT_LAYER	AWARD_ROW_CATEGORY_CLASSIFICATION_IS_RESULT_METADATA	https://it.avpa.fr/_files/ugd/58172f_35c0d4eb0b3043bbb4dbe37d46bc608c.pdf#page=3;table=1;row=9	6f8be1365130c379c41b79fdbbde910f73f0e26f73f04a99ceba22e41702a847		FULL_GOVERNED_SNAPSHOT	
layer-de2ea82d27b4e59195aa1f7f	assert-442e1e6774143d405c28068799fdb8f0850734390434d191	commercial-regional-avpa-coffees-roasted-at-origin-2024-avpa-2024-83	RESULT_METADATA		SINGLE_REJECTED_RESULT_LAYER	AWARD_ROW_CATEGORY_CLASSIFICATION_IS_RESULT_METADATA	https://it.avpa.fr/_files/ugd/58172f_35c0d4eb0b3043bbb4dbe37d46bc608c.pdf#page=5;table=1;row=3	6f8be1365130c379c41b79fdbbde910f73f0e26f73f04a99ceba22e41702a847		FULL_GOVERNED_SNAPSHOT	
layer-731b17f6382e1ef9e200b905	assert-45855161b5b1d0e28965640a9127e14e025195d92207cbb6	commercial-regional-avpa-coffees-roasted-at-origin-2023-avpa-2023-57	RESULT_METADATA		SINGLE_REJECTED_RESULT_LAYER	AWARD_ROW_CATEGORY_CLASSIFICATION_IS_RESULT_METADATA	https://www.avpa.fr/_files/ugd/58172f_30052b626d3046dc809ac7c1aadfb577.pdf#page=5;table=1;row=11	7e44c8ba26dff9508589edf308496c47b5104c07922101ba8d08eb0b89240c53		FULL_GOVERNED_SNAPSHOT	
layer-35745acd55ca9286db0e731f	assert-45d4a2223261114902f93975b1d3ba330eccd4626c81a206	commercial-regional-avpa-coffees-roasted-at-origin-2023-avpa-2023-74	RESULT_METADATA		SINGLE_REJECTED_RESULT_LAYER	AWARD_ROW_CATEGORY_CLASSIFICATION_IS_RESULT_METADATA	https://www.avpa.fr/_files/ugd/58172f_30052b626d3046dc809ac7c1aadfb577.pdf#page=2;table=1;row=13	7e44c8ba26dff9508589edf308496c47b5104c07922101ba8d08eb0b89240c53		FULL_GOVERNED_SNAPSHOT	
layer-c52dd9798a4e570e5eb3400f	assert-46dd32bc97f1eea30f060e92dbc45ce392e93024d19fb305	commercial-regional-avpa-coffees-roasted-at-origin-2023-avpa-2023-11	RESULT_METADATA		SINGLE_REJECTED_RESULT_LAYER	AWARD_ROW_CATEGORY_CLASSIFICATION_IS_RESULT_METADATA	https://www.avpa.fr/_files/ugd/58172f_30052b626d3046dc809ac7c1aadfb577.pdf#page=2;table=1;row=9	7e44c8ba26dff9508589edf308496c47b5104c07922101ba8d08eb0b89240c53		FULL_GOVERNED_SNAPSHOT	
layer-caca533477464dba241aab36	assert-475f09ae137056cbdb45e9b2e9f81cf122b3019cc4176f04	commercial-regional-avpa-coffees-roasted-at-origin-2021-avpa-2021-27	RESULT_METADATA		SINGLE_REJECTED_RESULT_LAYER	AWARD_ROW_CATEGORY_CLASSIFICATION_IS_RESULT_METADATA	https://en.avpa.fr/_files/ugd/58172f_4c77467cf60241c68a87aa0c5ae471dd.pdf#page=2;table=1;row=14	bc2cadb1180e5e941708ad9a1b71637cdc3351c8fdd1cf543864948b1f63ac6f		FULL_GOVERNED_SNAPSHOT	
layer-d564f91fe2853b949eee42e9	assert-488da866f26f0dd727326e7d8d7acf0435cfa43af378733d	commercial-regional-avpa-coffees-roasted-at-origin-2025-avpa-2025-p2-r8	RESULT_METADATA		SINGLE_REJECTED_RESULT_LAYER	AWARD_ROW_CATEGORY_CLASSIFICATION_IS_RESULT_METADATA	https://es.avpa.fr/_files/ugd/58172f_8bacccff6b394c70a4245a028435bf32.pdf#page=2;table=1;row=8	37e395246a44f63dbda8e024275a1f7789c2808c831d96593069464f529c7547		FULL_GOVERNED_SNAPSHOT	
layer-29d1cbb5662e9204ef3d517e	assert-498532ca10b55b594631b5192de9d724d81739711f342e25	commercial-regional-avpa-coffees-roasted-at-origin-2023-avpa-2023-107	RESULT_METADATA		SINGLE_REJECTED_RESULT_LAYER	AWARD_ROW_CATEGORY_CLASSIFICATION_IS_RESULT_METADATA	https://www.avpa.fr/_files/ugd/58172f_30052b626d3046dc809ac7c1aadfb577.pdf#page=4;table=1;row=14	7e44c8ba26dff9508589edf308496c47b5104c07922101ba8d08eb0b89240c53		FULL_GOVERNED_SNAPSHOT	
layer-f51cb8e7129ddbf07289cfda	assert-498fbad86e33eac4f7cf5f5fab4117de76b9be40e8a1ac6b	commercial-regional-avpa-coffees-roasted-at-origin-2025-avpa-2025-p2-r12	RESULT_METADATA		SINGLE_REJECTED_RESULT_LAYER	AWARD_ROW_CATEGORY_CLASSIFICATION_IS_RESULT_METADATA	https://es.avpa.fr/_files/ugd/58172f_8bacccff6b394c70a4245a028435bf32.pdf#page=2;table=1;row=12	37e395246a44f63dbda8e024275a1f7789c2808c831d96593069464f529c7547		FULL_GOVERNED_SNAPSHOT	
layer-840df45ad701b1ef204d9722	assert-4aef874639fdc99b494737ad5185f927191618c14fe65937	commercial-regional-avpa-coffees-roasted-at-origin-2025-avpa-2025-p2-r14	RESULT_METADATA		SINGLE_REJECTED_RESULT_LAYER	AWARD_ROW_CATEGORY_CLASSIFICATION_IS_RESULT_METADATA	https://es.avpa.fr/_files/ugd/58172f_8bacccff6b394c70a4245a028435bf32.pdf#page=2;table=1;row=14	37e395246a44f63dbda8e024275a1f7789c2808c831d96593069464f529c7547		FULL_GOVERNED_SNAPSHOT	
layer-7fcae4f30d5db0fd43d0e5b2	assert-4b2e4977589298197dabff06e7ca25b044d907d4ac248a4f	commercial-regional-avpa-coffees-roasted-at-origin-2023-avpa-2023-95	RESULT_METADATA		SINGLE_REJECTED_RESULT_LAYER	AWARD_ROW_CATEGORY_CLASSIFICATION_IS_RESULT_METADATA	https://www.avpa.fr/_files/ugd/58172f_30052b626d3046dc809ac7c1aadfb577.pdf#page=4;table=1;row=18	7e44c8ba26dff9508589edf308496c47b5104c07922101ba8d08eb0b89240c53		FULL_GOVERNED_SNAPSHOT	
layer-5082642e33cfa956ac2002e2	assert-4c3a0c73413e41a5a467118caa66a14660d477a1884baa64	commercial-regional-avpa-coffees-roasted-at-origin-2021-avpa-2021-43	RESULT_METADATA		SINGLE_REJECTED_RESULT_LAYER	AWARD_ROW_CATEGORY_CLASSIFICATION_IS_RESULT_METADATA	https://en.avpa.fr/_files/ugd/58172f_4c77467cf60241c68a87aa0c5ae471dd.pdf#page=2;table=1;row=8	bc2cadb1180e5e941708ad9a1b71637cdc3351c8fdd1cf543864948b1f63ac6f		FULL_GOVERNED_SNAPSHOT	
layer-4cc50d645a6053f4d964ba1d	assert-4c8252e6f28ef020cd5e4be37f25337d17c61e8701d18ef0	commercial-regional-avpa-coffees-roasted-at-origin-2025-avpa-2025-p4-r10	RESULT_METADATA		SINGLE_REJECTED_RESULT_LAYER	AWARD_ROW_CATEGORY_CLASSIFICATION_IS_RESULT_METADATA	https://es.avpa.fr/_files/ugd/58172f_8bacccff6b394c70a4245a028435bf32.pdf#page=4;table=1;row=10	37e395246a44f63dbda8e024275a1f7789c2808c831d96593069464f529c7547		FULL_GOVERNED_SNAPSHOT	
layer-de999e89838299733a8f62d4	assert-4ce76ecfbf4c15d54bbe07e3cbb1405a776e4c360136ad30	commercial-regional-avpa-coffees-roasted-at-origin-2021-avpa-2021-83	RESULT_METADATA		SINGLE_REJECTED_RESULT_LAYER	AWARD_ROW_CATEGORY_CLASSIFICATION_IS_RESULT_METADATA	https://en.avpa.fr/_files/ugd/58172f_4c77467cf60241c68a87aa0c5ae471dd.pdf#page=3;table=1;row=9	bc2cadb1180e5e941708ad9a1b71637cdc3351c8fdd1cf543864948b1f63ac6f		FULL_GOVERNED_SNAPSHOT	
layer-43c1563cb363d1c3c969efdc	assert-4df3eafa1befa53a97837aae80a91996329193cccd1ebc03	commercial-regional-avpa-coffees-roasted-at-origin-2024-avpa-2024-23	RESULT_METADATA		SINGLE_REJECTED_RESULT_LAYER	AWARD_ROW_CATEGORY_CLASSIFICATION_IS_RESULT_METADATA	https://it.avpa.fr/_files/ugd/58172f_35c0d4eb0b3043bbb4dbe37d46bc608c.pdf#page=8;table=1;row=4	6f8be1365130c379c41b79fdbbde910f73f0e26f73f04a99ceba22e41702a847		FULL_GOVERNED_SNAPSHOT	
layer-e00785257229e4f26fd70698	assert-4e7d5b8d5b13c16d01d2d5eb5b7d01d0889b47b293f91cd8	commercial-regional-avpa-coffees-roasted-at-origin-2021-avpa-2021-68	RESULT_METADATA		SINGLE_REJECTED_RESULT_LAYER	AWARD_ROW_CATEGORY_CLASSIFICATION_IS_RESULT_METADATA	https://en.avpa.fr/_files/ugd/58172f_4c77467cf60241c68a87aa0c5ae471dd.pdf#page=1;table=1;row=16	bc2cadb1180e5e941708ad9a1b71637cdc3351c8fdd1cf543864948b1f63ac6f		FULL_GOVERNED_SNAPSHOT	
layer-f1787a44297a7e6a7ed0307a	assert-4f0aa5e1fcfc46c3543acd506ebbae5ab47bc31ded453fcf	commercial-regional-avpa-coffees-roasted-at-origin-2024-avpa-2024-73	RESULT_METADATA		SINGLE_REJECTED_RESULT_LAYER	AWARD_ROW_CATEGORY_CLASSIFICATION_IS_RESULT_METADATA	https://it.avpa.fr/_files/ugd/58172f_35c0d4eb0b3043bbb4dbe37d46bc608c.pdf#page=7;table=1;row=11	6f8be1365130c379c41b79fdbbde910f73f0e26f73f04a99ceba22e41702a847		FULL_GOVERNED_SNAPSHOT	
layer-86f1513ae8043da087dd826b	assert-509a0116c9d2815b0cd5cb7c88e2e43aca5c1f2304adc43d	commercial-regional-avpa-coffees-roasted-at-origin-2024-avpa-2024-110	RESULT_METADATA		SINGLE_REJECTED_RESULT_LAYER	AWARD_ROW_CATEGORY_CLASSIFICATION_IS_RESULT_METADATA	https://it.avpa.fr/_files/ugd/58172f_35c0d4eb0b3043bbb4dbe37d46bc608c.pdf#page=4;table=1;row=4	6f8be1365130c379c41b79fdbbde910f73f0e26f73f04a99ceba22e41702a847		FULL_GOVERNED_SNAPSHOT	
layer-00cd129605ec6b85f34ce59a	assert-516f552e723a763218fce82b17739d77441b1fa4237e36a4	commercial-regional-avpa-coffees-roasted-at-origin-2024-avpa-2024-38	RESULT_METADATA		SINGLE_REJECTED_RESULT_LAYER	AWARD_ROW_CATEGORY_CLASSIFICATION_IS_RESULT_METADATA	https://it.avpa.fr/_files/ugd/58172f_35c0d4eb0b3043bbb4dbe37d46bc608c.pdf#page=3;table=1;row=5	6f8be1365130c379c41b79fdbbde910f73f0e26f73f04a99ceba22e41702a847		FULL_GOVERNED_SNAPSHOT	
layer-d1729cc8fca9dfd95683c56c	assert-5373baefcfd64b7df13fb023230a8e7353bfbdb4df8f6b6e	commercial-regional-avpa-coffees-roasted-at-origin-2022-avpa-2022-62	RESULT_METADATA		SINGLE_REJECTED_RESULT_LAYER	AWARD_ROW_CATEGORY_CLASSIFICATION_IS_RESULT_METADATA	https://www.avpa.fr/_files/ugd/58172f_6742d088d0844243bf7ecf5a0c14962d.pdf#page=4;table=1;row=3	9e24c113cad136b7471f2855a4f21b56f5255c9e6e91aac41801304b3006c6a7		FULL_GOVERNED_SNAPSHOT	
layer-324d27bfe28db6bd7a5f5574	assert-53e32400adfbd0efd161664ceffe7bcc137667dcfcc8e62c	commercial-regional-avpa-coffees-roasted-at-origin-2023-avpa-2023-31	RESULT_METADATA		SINGLE_REJECTED_RESULT_LAYER	AWARD_ROW_CATEGORY_CLASSIFICATION_IS_RESULT_METADATA	https://www.avpa.fr/_files/ugd/58172f_30052b626d3046dc809ac7c1aadfb577.pdf#page=3;table=1;row=13	7e44c8ba26dff9508589edf308496c47b5104c07922101ba8d08eb0b89240c53		FULL_GOVERNED_SNAPSHOT	
layer-d37b7d6d3669c8771b873da5	assert-548b4b2cb2deae36ff372030347ba629f6d32f9b1ecede89	commercial-regional-avpa-coffees-roasted-at-origin-2024-avpa-2024-22	RESULT_METADATA		SINGLE_REJECTED_RESULT_LAYER	AWARD_ROW_CATEGORY_CLASSIFICATION_IS_RESULT_METADATA	https://it.avpa.fr/_files/ugd/58172f_35c0d4eb0b3043bbb4dbe37d46bc608c.pdf#page=8;table=1;row=7	6f8be1365130c379c41b79fdbbde910f73f0e26f73f04a99ceba22e41702a847		FULL_GOVERNED_SNAPSHOT	
layer-0ab259bfbc1d0a1f8ecea56d	assert-54dde6e30171a9318618a13c9f8fba0defc45d08191f292f	commercial-regional-avpa-coffees-roasted-at-origin-2024-avpa-2024-62	RESULT_METADATA		SINGLE_REJECTED_RESULT_LAYER	AWARD_ROW_CATEGORY_CLASSIFICATION_IS_RESULT_METADATA	https://it.avpa.fr/_files/ugd/58172f_35c0d4eb0b3043bbb4dbe37d46bc608c.pdf#page=6;table=1;row=3	6f8be1365130c379c41b79fdbbde910f73f0e26f73f04a99ceba22e41702a847		FULL_GOVERNED_SNAPSHOT	
layer-4b948b623d3427a6cc11add8	assert-554c943ad1f9db28fc3b538be8385df388192e055ba7801c	commercial-regional-avpa-coffees-roasted-at-origin-2021-avpa-2021-87	RESULT_METADATA		SINGLE_REJECTED_RESULT_LAYER	AWARD_ROW_CATEGORY_CLASSIFICATION_IS_RESULT_METADATA	https://en.avpa.fr/_files/ugd/58172f_4c77467cf60241c68a87aa0c5ae471dd.pdf#page=3;table=1;row=5	bc2cadb1180e5e941708ad9a1b71637cdc3351c8fdd1cf543864948b1f63ac6f		FULL_GOVERNED_SNAPSHOT	
layer-894276c19cc1dd6a26569883	assert-559b8bc6f0e4cbff9e0f2e450a2332413f3b401605d8f20a	commercial-regional-avpa-coffees-roasted-at-origin-2022-avpa-2022-2	RESULT_METADATA		SINGLE_REJECTED_RESULT_LAYER	AWARD_ROW_CATEGORY_CLASSIFICATION_IS_RESULT_METADATA	https://www.avpa.fr/_files/ugd/58172f_6742d088d0844243bf7ecf5a0c14962d.pdf#page=2;table=1;row=2	9e24c113cad136b7471f2855a4f21b56f5255c9e6e91aac41801304b3006c6a7		FULL_GOVERNED_SNAPSHOT	
layer-e43e74f11860b2de98e6822f	assert-569d5e2af29712782e5858f676a0ad0ec511a9d2411896c4	commercial-regional-avpa-coffees-roasted-at-origin-2021-avpa-2021-44	RESULT_METADATA		SINGLE_REJECTED_RESULT_LAYER	AWARD_ROW_CATEGORY_CLASSIFICATION_IS_RESULT_METADATA	https://en.avpa.fr/_files/ugd/58172f_4c77467cf60241c68a87aa0c5ae471dd.pdf#page=1;table=1;row=7	bc2cadb1180e5e941708ad9a1b71637cdc3351c8fdd1cf543864948b1f63ac6f		FULL_GOVERNED_SNAPSHOT	
layer-de3eedffc253ec0eb89092c3	assert-57766794573dc7dc35bb66df739910127b0d02e4d4378da5	commercial-regional-avpa-coffees-roasted-at-origin-2024-avpa-2024-104	RESULT_METADATA		SINGLE_REJECTED_RESULT_LAYER	AWARD_ROW_CATEGORY_CLASSIFICATION_IS_RESULT_METADATA	https://it.avpa.fr/_files/ugd/58172f_35c0d4eb0b3043bbb4dbe37d46bc608c.pdf#page=4;table=1;row=7	6f8be1365130c379c41b79fdbbde910f73f0e26f73f04a99ceba22e41702a847		FULL_GOVERNED_SNAPSHOT	
layer-0ff0f562ab9173212e72676a	assert-57b6cee0fa25e2476d64e0ad0c2fe52decd1cf1cc56777e0	commercial-regional-avpa-coffees-roasted-at-origin-2022-avpa-2022-76	RESULT_METADATA		SINGLE_REJECTED_RESULT_LAYER	AWARD_ROW_CATEGORY_CLASSIFICATION_IS_RESULT_METADATA	https://www.avpa.fr/_files/ugd/58172f_6742d088d0844243bf7ecf5a0c14962d.pdf#page=1;table=1;row=4	9e24c113cad136b7471f2855a4f21b56f5255c9e6e91aac41801304b3006c6a7		FULL_GOVERNED_SNAPSHOT	
layer-8410fd0e0367d9373d804eb0	assert-58afccb9a8e3522142c8688a16e3191a4a69f9fd4be75b5f	commercial-regional-avpa-coffees-roasted-at-origin-2021-avpa-2021-57	RESULT_METADATA		SINGLE_REJECTED_RESULT_LAYER	AWARD_ROW_CATEGORY_CLASSIFICATION_IS_RESULT_METADATA	https://en.avpa.fr/_files/ugd/58172f_4c77467cf60241c68a87aa0c5ae471dd.pdf#page=4;table=1;row=16	bc2cadb1180e5e941708ad9a1b71637cdc3351c8fdd1cf543864948b1f63ac6f		FULL_GOVERNED_SNAPSHOT	
layer-cedf92a2b23cbc54aebc66f3	assert-593532b67af1db1d888a08c67a9c24c28573c050e08694d6	commercial-regional-avpa-coffees-roasted-at-origin-2024-avpa-2024-103	RESULT_METADATA		SINGLE_REJECTED_RESULT_LAYER	AWARD_ROW_CATEGORY_CLASSIFICATION_IS_RESULT_METADATA	https://it.avpa.fr/_files/ugd/58172f_35c0d4eb0b3043bbb4dbe37d46bc608c.pdf#page=4;table=1;row=5	6f8be1365130c379c41b79fdbbde910f73f0e26f73f04a99ceba22e41702a847		FULL_GOVERNED_SNAPSHOT	
layer-924d8a29e13150f88faf3c28	assert-5b9c168ce3751275053a78285b393aa44b7bcc40a7a95909	commercial-regional-avpa-coffees-roasted-at-origin-2024-avpa-2024-88	RESULT_METADATA		SINGLE_REJECTED_RESULT_LAYER	AWARD_ROW_CATEGORY_CLASSIFICATION_IS_RESULT_METADATA	https://it.avpa.fr/_files/ugd/58172f_35c0d4eb0b3043bbb4dbe37d46bc608c.pdf#page=7;table=1;row=2	6f8be1365130c379c41b79fdbbde910f73f0e26f73f04a99ceba22e41702a847		FULL_GOVERNED_SNAPSHOT	
layer-af0ccfa9e201a536433d89ad	assert-5bfd6d4efdc0a4f1aec6722393c47034132c2c5585de9bc5	commercial-regional-avpa-coffees-roasted-at-origin-2025-avpa-2025-p6-r8	RESULT_METADATA		SINGLE_REJECTED_RESULT_LAYER	AWARD_ROW_CATEGORY_CLASSIFICATION_IS_RESULT_METADATA	https://es.avpa.fr/_files/ugd/58172f_8bacccff6b394c70a4245a028435bf32.pdf#page=6;table=1;row=8	37e395246a44f63dbda8e024275a1f7789c2808c831d96593069464f529c7547		FULL_GOVERNED_SNAPSHOT	
layer-2038f27d4d45a46254c30f15	assert-5cc920e454d3ca7343f4e62c43da08c2ba33e73ee4b34e1f	commercial-regional-avpa-coffees-roasted-at-origin-2021-avpa-2021-100	RESULT_METADATA		SINGLE_REJECTED_RESULT_LAYER	AWARD_ROW_CATEGORY_CLASSIFICATION_IS_RESULT_METADATA	https://en.avpa.fr/_files/ugd/58172f_4c77467cf60241c68a87aa0c5ae471dd.pdf#page=5;table=1;row=8	bc2cadb1180e5e941708ad9a1b71637cdc3351c8fdd1cf543864948b1f63ac6f		FULL_GOVERNED_SNAPSHOT	
layer-7500336265fb4911b251f4cb	assert-5cdc78e91aba478222d669f80be1b84b08025cc02604e561	commercial-regional-avpa-coffees-roasted-at-origin-2021-avpa-2021-81	RESULT_METADATA		SINGLE_REJECTED_RESULT_LAYER	AWARD_ROW_CATEGORY_CLASSIFICATION_IS_RESULT_METADATA	https://en.avpa.fr/_files/ugd/58172f_4c77467cf60241c68a87aa0c5ae471dd.pdf#page=3;table=1;row=13	bc2cadb1180e5e941708ad9a1b71637cdc3351c8fdd1cf543864948b1f63ac6f		FULL_GOVERNED_SNAPSHOT	
layer-f0aa330ef35e35fefd068747	assert-5e053f912da8a1ff654ca06962bab44c17f0fba560c94583	commercial-regional-avpa-coffees-roasted-at-origin-2021-avpa-2021-11	RESULT_METADATA		SINGLE_REJECTED_RESULT_LAYER	AWARD_ROW_CATEGORY_CLASSIFICATION_IS_RESULT_METADATA	https://en.avpa.fr/_files/ugd/58172f_4c77467cf60241c68a87aa0c5ae471dd.pdf#page=2;table=1;row=7	bc2cadb1180e5e941708ad9a1b71637cdc3351c8fdd1cf543864948b1f63ac6f		FULL_GOVERNED_SNAPSHOT	
layer-0e37f4b99b9639485225cb3d	assert-5ed21e5965abf07917621cb21e52333b8950e9e48b4c2641	commercial-regional-avpa-coffees-roasted-at-origin-2021-avpa-2021-82	RESULT_METADATA		SINGLE_REJECTED_RESULT_LAYER	AWARD_ROW_CATEGORY_CLASSIFICATION_IS_RESULT_METADATA	https://en.avpa.fr/_files/ugd/58172f_4c77467cf60241c68a87aa0c5ae471dd.pdf#page=3;table=1;row=8	bc2cadb1180e5e941708ad9a1b71637cdc3351c8fdd1cf543864948b1f63ac6f		FULL_GOVERNED_SNAPSHOT	
layer-4c39a55c3d239790f36fd559	assert-5f022a24e6a8cc18b2a6214ca6165bc38f191bdd1ccac08c	commercial-regional-avpa-coffees-roasted-at-origin-2023-avpa-2023-63	RESULT_METADATA		SINGLE_REJECTED_RESULT_LAYER	AWARD_ROW_CATEGORY_CLASSIFICATION_IS_RESULT_METADATA	https://www.avpa.fr/_files/ugd/58172f_30052b626d3046dc809ac7c1aadfb577.pdf#page=2;table=1;row=3	7e44c8ba26dff9508589edf308496c47b5104c07922101ba8d08eb0b89240c53		FULL_GOVERNED_SNAPSHOT	
layer-c993227ad84f8068a78a68f1	assert-5f405d92d0430d24d13d3def07fb1ceae92c900c88c80849	commercial-regional-avpa-coffees-roasted-at-origin-2025-avpa-2025-p3-r2	RESULT_METADATA		SINGLE_REJECTED_RESULT_LAYER	AWARD_ROW_CATEGORY_CLASSIFICATION_IS_RESULT_METADATA	https://es.avpa.fr/_files/ugd/58172f_8bacccff6b394c70a4245a028435bf32.pdf#page=3;table=1;row=2	37e395246a44f63dbda8e024275a1f7789c2808c831d96593069464f529c7547		FULL_GOVERNED_SNAPSHOT	
layer-93410f3dcda18d8e3a960e11	assert-5fe59ca1f751e24f6befc7f80bc0fae8c103222ef338c44d	commercial-regional-avpa-coffees-roasted-at-origin-2022-avpa-2022-1	RESULT_METADATA		SINGLE_REJECTED_RESULT_LAYER	AWARD_ROW_CATEGORY_CLASSIFICATION_IS_RESULT_METADATA	https://www.avpa.fr/_files/ugd/58172f_6742d088d0844243bf7ecf5a0c14962d.pdf#page=2;table=1;row=6	9e24c113cad136b7471f2855a4f21b56f5255c9e6e91aac41801304b3006c6a7		FULL_GOVERNED_SNAPSHOT	
layer-aa17bf90354bc357c95bf7d1	assert-60b25aabaa55ea27f236774f2a5f211a3f19043e4f0a664d	commercial-regional-avpa-coffees-roasted-at-origin-2023-avpa-2023-58	RESULT_METADATA		SINGLE_REJECTED_RESULT_LAYER	AWARD_ROW_CATEGORY_CLASSIFICATION_IS_RESULT_METADATA	https://www.avpa.fr/_files/ugd/58172f_30052b626d3046dc809ac7c1aadfb577.pdf#page=5;table=1;row=12	7e44c8ba26dff9508589edf308496c47b5104c07922101ba8d08eb0b89240c53		FULL_GOVERNED_SNAPSHOT	
layer-fe07c641ff0023a0a75af385	assert-61444c46ef6b2ae679accbbfe5941ae62146e948c5f8c287	commercial-regional-avpa-coffees-roasted-at-origin-2025-avpa-2025-p5-r3	RESULT_METADATA		SINGLE_REJECTED_RESULT_LAYER	AWARD_ROW_CATEGORY_CLASSIFICATION_IS_RESULT_METADATA	https://es.avpa.fr/_files/ugd/58172f_8bacccff6b394c70a4245a028435bf32.pdf#page=5;table=1;row=3	37e395246a44f63dbda8e024275a1f7789c2808c831d96593069464f529c7547		FULL_GOVERNED_SNAPSHOT	
layer-7e758172e2cb78ffa65df483	assert-61511d5de1c9c755335885d054521e29d61aece2cb831b0c	commercial-regional-avpa-coffees-roasted-at-origin-2023-avpa-2023-68	RESULT_METADATA		SINGLE_REJECTED_RESULT_LAYER	AWARD_ROW_CATEGORY_CLASSIFICATION_IS_RESULT_METADATA	https://www.avpa.fr/_files/ugd/58172f_30052b626d3046dc809ac7c1aadfb577.pdf#page=2;table=1;row=7	7e44c8ba26dff9508589edf308496c47b5104c07922101ba8d08eb0b89240c53		FULL_GOVERNED_SNAPSHOT	
layer-04865cec15dc5303a21fc9e4	assert-61bd2cdad99eb25a526f099e36afdb07a0dacf9b1393b527	commercial-regional-avpa-coffees-roasted-at-origin-2021-avpa-2021-39	RESULT_METADATA		SINGLE_REJECTED_RESULT_LAYER	AWARD_ROW_CATEGORY_CLASSIFICATION_IS_RESULT_METADATA	https://en.avpa.fr/_files/ugd/58172f_4c77467cf60241c68a87aa0c5ae471dd.pdf#page=3;table=1;row=15	bc2cadb1180e5e941708ad9a1b71637cdc3351c8fdd1cf543864948b1f63ac6f		FULL_GOVERNED_SNAPSHOT	
layer-adca368aa71fc952848b9fa3	assert-6381fad91c4aaa7219dd697c8caf63b343b2c5c3d865b29d	commercial-regional-avpa-coffees-roasted-at-origin-2024-avpa-2024-33	RESULT_METADATA		SINGLE_REJECTED_RESULT_LAYER	AWARD_ROW_CATEGORY_CLASSIFICATION_IS_RESULT_METADATA	https://it.avpa.fr/_files/ugd/58172f_35c0d4eb0b3043bbb4dbe37d46bc608c.pdf#page=3;table=1;row=6	6f8be1365130c379c41b79fdbbde910f73f0e26f73f04a99ceba22e41702a847		FULL_GOVERNED_SNAPSHOT	
layer-c208405cf956377075a919c8	assert-63e93beeacb14b34e9a07c1e13b2a27db25f8cf2e71832d6	commercial-regional-avpa-coffees-roasted-at-origin-2021-avpa-2021-61	RESULT_METADATA		SINGLE_REJECTED_RESULT_LAYER	AWARD_ROW_CATEGORY_CLASSIFICATION_IS_RESULT_METADATA	https://en.avpa.fr/_files/ugd/58172f_4c77467cf60241c68a87aa0c5ae471dd.pdf#page=4;table=1;row=6	bc2cadb1180e5e941708ad9a1b71637cdc3351c8fdd1cf543864948b1f63ac6f		FULL_GOVERNED_SNAPSHOT	
layer-e032bc46e91ca6a9a448041c	assert-64d76bbf2a37c5b3dfcad00528948d5e22855cf0b3a0513e	commercial-regional-avpa-coffees-roasted-at-origin-2023-avpa-2023-12	RESULT_METADATA		SINGLE_REJECTED_RESULT_LAYER	AWARD_ROW_CATEGORY_CLASSIFICATION_IS_RESULT_METADATA	https://www.avpa.fr/_files/ugd/58172f_30052b626d3046dc809ac7c1aadfb577.pdf#page=2;table=1;row=10	7e44c8ba26dff9508589edf308496c47b5104c07922101ba8d08eb0b89240c53		FULL_GOVERNED_SNAPSHOT	
layer-0791841a35eacdf01400fda9	assert-6660db6b0aca1f81c6ad8e50a638abd36afbe73ceaff4598	commercial-regional-avpa-coffees-roasted-at-origin-2024-avpa-2024-20	RESULT_METADATA		SINGLE_REJECTED_RESULT_LAYER	AWARD_ROW_CATEGORY_CLASSIFICATION_IS_RESULT_METADATA	https://it.avpa.fr/_files/ugd/58172f_35c0d4eb0b3043bbb4dbe37d46bc608c.pdf#page=6;table=1;row=5	6f8be1365130c379c41b79fdbbde910f73f0e26f73f04a99ceba22e41702a847		FULL_GOVERNED_SNAPSHOT	
layer-7703312fe0d1ce7e67f13baf	assert-679e2bc8ff1de1c66419907f3babf1ad072bc149c3c04897	commercial-regional-avpa-coffees-roasted-at-origin-2024-avpa-2024-45	RESULT_METADATA		SINGLE_REJECTED_RESULT_LAYER	AWARD_ROW_CATEGORY_CLASSIFICATION_IS_RESULT_METADATA	https://it.avpa.fr/_files/ugd/58172f_35c0d4eb0b3043bbb4dbe37d46bc608c.pdf#page=1;table=1;row=4	6f8be1365130c379c41b79fdbbde910f73f0e26f73f04a99ceba22e41702a847		FULL_GOVERNED_SNAPSHOT	
layer-00a0cf6f6e2c9cb0bc0e4b79	assert-684ecc3b41c279b153e6bcca840f0e65594399c645f85d8e	commercial-regional-avpa-coffees-roasted-at-origin-2024-avpa-2024-52	RESULT_METADATA		SINGLE_REJECTED_RESULT_LAYER	AWARD_ROW_CATEGORY_CLASSIFICATION_IS_RESULT_METADATA	https://it.avpa.fr/_files/ugd/58172f_35c0d4eb0b3043bbb4dbe37d46bc608c.pdf#page=5;table=1;row=11	6f8be1365130c379c41b79fdbbde910f73f0e26f73f04a99ceba22e41702a847		FULL_GOVERNED_SNAPSHOT	
layer-f9f4a37212ab80b0a2c7fc1e	assert-689fad444af1c12c4af254d92733ac9c8b9858ed774db9d5	commercial-regional-avpa-coffees-roasted-at-origin-2025-avpa-2025-p4-r5	RESULT_METADATA		SINGLE_REJECTED_RESULT_LAYER	AWARD_ROW_CATEGORY_CLASSIFICATION_IS_RESULT_METADATA	https://es.avpa.fr/_files/ugd/58172f_8bacccff6b394c70a4245a028435bf32.pdf#page=4;table=1;row=5	37e395246a44f63dbda8e024275a1f7789c2808c831d96593069464f529c7547		FULL_GOVERNED_SNAPSHOT	
layer-e4185837e662308f31334d8d	assert-68d639d3eb9070c63eb26dd55c7af210d6054fab9112c330	commercial-regional-avpa-coffees-roasted-at-origin-2022-avpa-2022-66	RESULT_METADATA		SINGLE_REJECTED_RESULT_LAYER	AWARD_ROW_CATEGORY_CLASSIFICATION_IS_RESULT_METADATA	https://www.avpa.fr/_files/ugd/58172f_6742d088d0844243bf7ecf5a0c14962d.pdf#page=1;table=1;row=6	9e24c113cad136b7471f2855a4f21b56f5255c9e6e91aac41801304b3006c6a7		FULL_GOVERNED_SNAPSHOT	
layer-3d33cd47edc802788c8d0e9c	assert-690c8a4b3e3d19e781cc1ba3822a7a64bcfbae17e7ed4201	commercial-regional-avpa-coffees-roasted-at-origin-2025-avpa-2025-p7-r2	RESULT_METADATA		SINGLE_REJECTED_RESULT_LAYER	AWARD_ROW_CATEGORY_CLASSIFICATION_IS_RESULT_METADATA	https://es.avpa.fr/_files/ugd/58172f_8bacccff6b394c70a4245a028435bf32.pdf#page=7;table=1;row=2	37e395246a44f63dbda8e024275a1f7789c2808c831d96593069464f529c7547		FULL_GOVERNED_SNAPSHOT	
layer-6da51265f8f2e4929e319ea3	assert-692000e54944be38b72e29ddbf52d93ce990d92ca9235b58	commercial-regional-avpa-coffees-roasted-at-origin-2023-avpa-2023-24	RESULT_METADATA		SINGLE_REJECTED_RESULT_LAYER	AWARD_ROW_CATEGORY_CLASSIFICATION_IS_RESULT_METADATA	https://www.avpa.fr/_files/ugd/58172f_30052b626d3046dc809ac7c1aadfb577.pdf#page=3;table=1;row=10	7e44c8ba26dff9508589edf308496c47b5104c07922101ba8d08eb0b89240c53		FULL_GOVERNED_SNAPSHOT	
layer-40f2c223e3fdd5fe81325927	assert-6965e0dde0f3a7af883cab2ffaf32386c4bb92e5738db971	commercial-regional-avpa-coffees-roasted-at-origin-2022-avpa-2022-39	RESULT_METADATA		SINGLE_REJECTED_RESULT_LAYER	AWARD_ROW_CATEGORY_CLASSIFICATION_IS_RESULT_METADATA	https://www.avpa.fr/_files/ugd/58172f_6742d088d0844243bf7ecf5a0c14962d.pdf#page=1;table=1;row=10	9e24c113cad136b7471f2855a4f21b56f5255c9e6e91aac41801304b3006c6a7		FULL_GOVERNED_SNAPSHOT	
layer-6011ef47fceece0e240f5db7	assert-6a8d03a11db0396ec7536c1ffd68682ca80af9ce0f407ee0	commercial-regional-avpa-coffees-roasted-at-origin-2024-avpa-2024-101	RESULT_METADATA		SINGLE_REJECTED_RESULT_LAYER	AWARD_ROW_CATEGORY_CLASSIFICATION_IS_RESULT_METADATA	https://it.avpa.fr/_files/ugd/58172f_35c0d4eb0b3043bbb4dbe37d46bc608c.pdf#page=3;table=1;row=11	6f8be1365130c379c41b79fdbbde910f73f0e26f73f04a99ceba22e41702a847		FULL_GOVERNED_SNAPSHOT	
layer-c44ff6c403d3d7c08fdf4b3e	assert-6b216657348662261f6f86ed94cbded70b0d500fb7ce154f	commercial-regional-avpa-coffees-roasted-at-origin-2024-avpa-2024-16	RESULT_METADATA		SINGLE_REJECTED_RESULT_LAYER	AWARD_ROW_CATEGORY_CLASSIFICATION_IS_RESULT_METADATA	https://it.avpa.fr/_files/ugd/58172f_35c0d4eb0b3043bbb4dbe37d46bc608c.pdf#page=6;table=1;row=10	6f8be1365130c379c41b79fdbbde910f73f0e26f73f04a99ceba22e41702a847		FULL_GOVERNED_SNAPSHOT	
layer-cd197881ae336c62728c660f	assert-6b26ab7a6bddd23c1a0f5743a43f2bc801e49be7821e898b	commercial-regional-avpa-coffees-roasted-at-origin-2025-avpa-2025-p2-r11	RESULT_METADATA		SINGLE_REJECTED_RESULT_LAYER	AWARD_ROW_CATEGORY_CLASSIFICATION_IS_RESULT_METADATA	https://es.avpa.fr/_files/ugd/58172f_8bacccff6b394c70a4245a028435bf32.pdf#page=2;table=1;row=11	37e395246a44f63dbda8e024275a1f7789c2808c831d96593069464f529c7547		FULL_GOVERNED_SNAPSHOT	
layer-ec523608aea24dab44691990	assert-6c0dd6d67a58be7ef5cda6e5be13b7d67b71be0a5fa3f93c	commercial-regional-avpa-coffees-roasted-at-origin-2022-avpa-2022-16	RESULT_METADATA		SINGLE_REJECTED_RESULT_LAYER	AWARD_ROW_CATEGORY_CLASSIFICATION_IS_RESULT_METADATA	https://www.avpa.fr/_files/ugd/58172f_6742d088d0844243bf7ecf5a0c14962d.pdf#page=3;table=1;row=5	9e24c113cad136b7471f2855a4f21b56f5255c9e6e91aac41801304b3006c6a7		FULL_GOVERNED_SNAPSHOT	
layer-b690255103f9e4b1936b52c0	assert-6c731cd472cfee06215ab65ff0ab7480296698fee9b3b4ae	commercial-regional-avpa-coffees-roasted-at-origin-2023-avpa-2023-99	RESULT_METADATA		SINGLE_REJECTED_RESULT_LAYER	AWARD_ROW_CATEGORY_CLASSIFICATION_IS_RESULT_METADATA	https://www.avpa.fr/_files/ugd/58172f_30052b626d3046dc809ac7c1aadfb577.pdf#page=3;table=1;row=8	7e44c8ba26dff9508589edf308496c47b5104c07922101ba8d08eb0b89240c53		FULL_GOVERNED_SNAPSHOT	
layer-9c1b9a1d2490b3bdceb2dd01	assert-6ca1c0145af2a90e4a9bd1977880b7c6dae6d7de57f74a14	commercial-regional-avpa-coffees-roasted-at-origin-2021-avpa-2021-70	RESULT_METADATA		SINGLE_REJECTED_RESULT_LAYER	AWARD_ROW_CATEGORY_CLASSIFICATION_IS_RESULT_METADATA	https://en.avpa.fr/_files/ugd/58172f_4c77467cf60241c68a87aa0c5ae471dd.pdf#page=1;table=1;row=11	bc2cadb1180e5e941708ad9a1b71637cdc3351c8fdd1cf543864948b1f63ac6f		FULL_GOVERNED_SNAPSHOT	
layer-b3c6f043ddbcd5d18dec4f68	assert-6cee7a48a40df5a2364e0aea1d68115cb743c73ea80e6b09	commercial-regional-avpa-coffees-roasted-at-origin-2024-avpa-2024-63	RESULT_METADATA		SINGLE_REJECTED_RESULT_LAYER	AWARD_ROW_CATEGORY_CLASSIFICATION_IS_RESULT_METADATA	https://it.avpa.fr/_files/ugd/58172f_35c0d4eb0b3043bbb4dbe37d46bc608c.pdf#page=5;table=1;row=9	6f8be1365130c379c41b79fdbbde910f73f0e26f73f04a99ceba22e41702a847		FULL_GOVERNED_SNAPSHOT	
layer-43ee718a9113d44e8b20a058	assert-6d4462bfe99217b1a0fec3e1e59ecf3268a9b6f70e69b35b	commercial-regional-avpa-coffees-roasted-at-origin-2021-avpa-2021-33	RESULT_METADATA		SINGLE_REJECTED_RESULT_LAYER	AWARD_ROW_CATEGORY_CLASSIFICATION_IS_RESULT_METADATA	https://en.avpa.fr/_files/ugd/58172f_4c77467cf60241c68a87aa0c5ae471dd.pdf#page=2;table=1;row=12	bc2cadb1180e5e941708ad9a1b71637cdc3351c8fdd1cf543864948b1f63ac6f		FULL_GOVERNED_SNAPSHOT	
layer-1e0388590b456c22ce0a4d94	assert-6ec1b7acf09e948c8d1a3af6624705e19091cedd0259e087	commercial-regional-avpa-coffees-roasted-at-origin-2025-avpa-2025-p7-r10	RESULT_METADATA		SINGLE_REJECTED_RESULT_LAYER	AWARD_ROW_CATEGORY_CLASSIFICATION_IS_RESULT_METADATA	https://es.avpa.fr/_files/ugd/58172f_8bacccff6b394c70a4245a028435bf32.pdf#page=7;table=1;row=10	37e395246a44f63dbda8e024275a1f7789c2808c831d96593069464f529c7547		FULL_GOVERNED_SNAPSHOT	
layer-7fa93c3a66d62022a9296388	assert-710d222ee1aaca05e26e4963f2400826f64ca344d2eaa069	commercial-regional-avpa-coffees-roasted-at-origin-2023-avpa-2023-14	RESULT_METADATA		SINGLE_REJECTED_RESULT_LAYER	AWARD_ROW_CATEGORY_CLASSIFICATION_IS_RESULT_METADATA	https://www.avpa.fr/_files/ugd/58172f_30052b626d3046dc809ac7c1aadfb577.pdf#page=1;table=1;row=16	7e44c8ba26dff9508589edf308496c47b5104c07922101ba8d08eb0b89240c53		FULL_GOVERNED_SNAPSHOT	
layer-2da512ae48481f04b3d4cd01	assert-71babfeb6ba9a58f8432ee6a082dbc3695a26d21dce8ab46	commercial-regional-avpa-coffees-roasted-at-origin-2024-avpa-2024-35	RESULT_METADATA		SINGLE_REJECTED_RESULT_LAYER	AWARD_ROW_CATEGORY_CLASSIFICATION_IS_RESULT_METADATA	https://it.avpa.fr/_files/ugd/58172f_35c0d4eb0b3043bbb4dbe37d46bc608c.pdf#page=8;table=1;row=8	6f8be1365130c379c41b79fdbbde910f73f0e26f73f04a99ceba22e41702a847		FULL_GOVERNED_SNAPSHOT	
layer-9a3480b42c3652d6bcc331d9	assert-723d2280e38933aaa1257e151b979cc9d12d70b7d6a7c9cb	commercial-regional-avpa-coffees-roasted-at-origin-2022-avpa-2022-82	RESULT_METADATA		SINGLE_REJECTED_RESULT_LAYER	AWARD_ROW_CATEGORY_CLASSIFICATION_IS_RESULT_METADATA	https://www.avpa.fr/_files/ugd/58172f_6742d088d0844243bf7ecf5a0c14962d.pdf#page=3;table=1;row=12	9e24c113cad136b7471f2855a4f21b56f5255c9e6e91aac41801304b3006c6a7		FULL_GOVERNED_SNAPSHOT	
layer-529f5bc907b12cadaf60b49a	assert-72b039afcce9c12131983cb3f06254688708499c103fcfc3	commercial-regional-avpa-coffees-roasted-at-origin-2025-avpa-2025-p4-r4	RESULT_METADATA		SINGLE_REJECTED_RESULT_LAYER	AWARD_ROW_CATEGORY_CLASSIFICATION_IS_RESULT_METADATA	https://es.avpa.fr/_files/ugd/58172f_8bacccff6b394c70a4245a028435bf32.pdf#page=4;table=1;row=4	37e395246a44f63dbda8e024275a1f7789c2808c831d96593069464f529c7547		FULL_GOVERNED_SNAPSHOT	
layer-95608ec24d0a19ccecf55e62	assert-735702e8f54ade11ade854da4897030ef13446836f488f6f	commercial-regional-avpa-coffees-roasted-at-origin-2021-avpa-2021-28	RESULT_METADATA		SINGLE_REJECTED_RESULT_LAYER	AWARD_ROW_CATEGORY_CLASSIFICATION_IS_RESULT_METADATA	https://en.avpa.fr/_files/ugd/58172f_4c77467cf60241c68a87aa0c5ae471dd.pdf#page=2;table=1;row=9	bc2cadb1180e5e941708ad9a1b71637cdc3351c8fdd1cf543864948b1f63ac6f		FULL_GOVERNED_SNAPSHOT	
layer-995f24457c28a9cde580dec5	assert-7357658a85f8e6284b4e4c196e5e4521b2a1806fb9efbaf9	commercial-regional-avpa-coffees-roasted-at-origin-2021-avpa-2021-7	RESULT_METADATA		SINGLE_REJECTED_RESULT_LAYER	AWARD_ROW_CATEGORY_CLASSIFICATION_IS_RESULT_METADATA	https://en.avpa.fr/_files/ugd/58172f_4c77467cf60241c68a87aa0c5ae471dd.pdf#page=4;table=1;row=9	bc2cadb1180e5e941708ad9a1b71637cdc3351c8fdd1cf543864948b1f63ac6f		FULL_GOVERNED_SNAPSHOT	
layer-c8159dd8e75d1c5fd978bbb6	assert-73ee0e03fa23d998dcaad41595a7537b32ee7fe79736dabb	commercial-regional-avpa-coffees-roasted-at-origin-2025-avpa-2025-p6-r7	RESULT_METADATA		SINGLE_REJECTED_RESULT_LAYER	AWARD_ROW_CATEGORY_CLASSIFICATION_IS_RESULT_METADATA	https://es.avpa.fr/_files/ugd/58172f_8bacccff6b394c70a4245a028435bf32.pdf#page=6;table=1;row=7	37e395246a44f63dbda8e024275a1f7789c2808c831d96593069464f529c7547		FULL_GOVERNED_SNAPSHOT	
layer-977ee8227ebb8ce809cbeab4	assert-744246bf0232928a379c3a8c02593c0d4c7f95bbcaad09af	commercial-regional-avpa-coffees-roasted-at-origin-2025-avpa-2025-p7-r8	RESULT_METADATA		SINGLE_REJECTED_RESULT_LAYER	AWARD_ROW_CATEGORY_CLASSIFICATION_IS_RESULT_METADATA	https://es.avpa.fr/_files/ugd/58172f_8bacccff6b394c70a4245a028435bf32.pdf#page=7;table=1;row=8	37e395246a44f63dbda8e024275a1f7789c2808c831d96593069464f529c7547		FULL_GOVERNED_SNAPSHOT	
layer-0465a47dae86efd3b392c6af	assert-75e03650dd68f67a4aa336297783125b54e99d87f60601ac	commercial-regional-avpa-coffees-roasted-at-origin-2022-avpa-2022-3	RESULT_METADATA		SINGLE_REJECTED_RESULT_LAYER	AWARD_ROW_CATEGORY_CLASSIFICATION_IS_RESULT_METADATA	https://www.avpa.fr/_files/ugd/58172f_6742d088d0844243bf7ecf5a0c14962d.pdf#page=2;table=1;row=4	9e24c113cad136b7471f2855a4f21b56f5255c9e6e91aac41801304b3006c6a7		FULL_GOVERNED_SNAPSHOT	
layer-b0cf0394333e36c24bc07045	assert-75fa8e7b147bac1cd4bab355df86b7f6bd1d67bd9ce43df9	commercial-regional-avpa-coffees-roasted-at-origin-2022-avpa-2022-14	RESULT_METADATA		SINGLE_REJECTED_RESULT_LAYER	AWARD_ROW_CATEGORY_CLASSIFICATION_IS_RESULT_METADATA	https://www.avpa.fr/_files/ugd/58172f_6742d088d0844243bf7ecf5a0c14962d.pdf#page=4;table=1;row=9	9e24c113cad136b7471f2855a4f21b56f5255c9e6e91aac41801304b3006c6a7		FULL_GOVERNED_SNAPSHOT	
layer-14871aa2c0807bc3a027597f	assert-767a5fd450d3f7948b5eccea24bda5dfa2257fd7b8324b1c	commercial-regional-avpa-coffees-roasted-at-origin-2023-avpa-2023-86	RESULT_METADATA		SINGLE_REJECTED_RESULT_LAYER	AWARD_ROW_CATEGORY_CLASSIFICATION_IS_RESULT_METADATA	https://www.avpa.fr/_files/ugd/58172f_30052b626d3046dc809ac7c1aadfb577.pdf#page=5;table=1;row=5	7e44c8ba26dff9508589edf308496c47b5104c07922101ba8d08eb0b89240c53		FULL_GOVERNED_SNAPSHOT	
layer-b202b050c0a55ea8ee0ebe01	assert-76fb8a664a9131d9aaf5ab839e492bb614c9d992a3c6af3a	commercial-regional-avpa-coffees-roasted-at-origin-2022-avpa-2022-45	RESULT_METADATA		SINGLE_REJECTED_RESULT_LAYER	AWARD_ROW_CATEGORY_CLASSIFICATION_IS_RESULT_METADATA	https://www.avpa.fr/_files/ugd/58172f_6742d088d0844243bf7ecf5a0c14962d.pdf#page=1;table=1;row=28	9e24c113cad136b7471f2855a4f21b56f5255c9e6e91aac41801304b3006c6a7		FULL_GOVERNED_SNAPSHOT	
layer-ff040321d5770c408e0c03cd	assert-772a19e3b64ba47398f832dae49df25fff981a244e214d45	commercial-regional-avpa-coffees-roasted-at-origin-2022-avpa-2022-43	RESULT_METADATA		SINGLE_REJECTED_RESULT_LAYER	AWARD_ROW_CATEGORY_CLASSIFICATION_IS_RESULT_METADATA	https://www.avpa.fr/_files/ugd/58172f_6742d088d0844243bf7ecf5a0c14962d.pdf#page=1;table=1;row=22	9e24c113cad136b7471f2855a4f21b56f5255c9e6e91aac41801304b3006c6a7		FULL_GOVERNED_SNAPSHOT	
layer-1890e48ee03d6bea17751233	assert-775d31cce1789d9d172f121bcab3dca21f0de194deb9d9b8	commercial-regional-avpa-coffees-roasted-at-origin-2024-avpa-2024-76	RESULT_METADATA		SINGLE_REJECTED_RESULT_LAYER	AWARD_ROW_CATEGORY_CLASSIFICATION_IS_RESULT_METADATA	https://it.avpa.fr/_files/ugd/58172f_35c0d4eb0b3043bbb4dbe37d46bc608c.pdf#page=6;table=1;row=7	6f8be1365130c379c41b79fdbbde910f73f0e26f73f04a99ceba22e41702a847		FULL_GOVERNED_SNAPSHOT	
layer-710087f6bc4dfa5d18d21327	assert-77b7a5745b34a73f11588b559fb5aff270648746717caa80	commercial-regional-avpa-coffees-roasted-at-origin-2023-avpa-2023-38	RESULT_METADATA		SINGLE_REJECTED_RESULT_LAYER	AWARD_ROW_CATEGORY_CLASSIFICATION_IS_RESULT_METADATA	https://www.avpa.fr/_files/ugd/58172f_30052b626d3046dc809ac7c1aadfb577.pdf#page=2;table=1;row=17	7e44c8ba26dff9508589edf308496c47b5104c07922101ba8d08eb0b89240c53		FULL_GOVERNED_SNAPSHOT	
layer-7a5e8fa07abebdd80d02213d	assert-78d6fef93143c234e8a795044d378a632df76849f40a313b	commercial-regional-avpa-coffees-roasted-at-origin-2025-avpa-2025-p7-r7	RESULT_METADATA		SINGLE_REJECTED_RESULT_LAYER	AWARD_ROW_CATEGORY_CLASSIFICATION_IS_RESULT_METADATA	https://es.avpa.fr/_files/ugd/58172f_8bacccff6b394c70a4245a028435bf32.pdf#page=7;table=1;row=7	37e395246a44f63dbda8e024275a1f7789c2808c831d96593069464f529c7547		FULL_GOVERNED_SNAPSHOT	
layer-7b16a8858dabae0e849104d8	assert-79a0685b404ca64fed4cc68e27444d5629026b3dc9d21994	commercial-regional-avpa-coffees-roasted-at-origin-2024-avpa-2024-106	RESULT_METADATA		SINGLE_REJECTED_RESULT_LAYER	AWARD_ROW_CATEGORY_CLASSIFICATION_IS_RESULT_METADATA	https://it.avpa.fr/_files/ugd/58172f_35c0d4eb0b3043bbb4dbe37d46bc608c.pdf#page=4;table=1;row=6	6f8be1365130c379c41b79fdbbde910f73f0e26f73f04a99ceba22e41702a847		FULL_GOVERNED_SNAPSHOT	
layer-7089d66ae1121f6f64eb395f	assert-7a319e027420f62001fbc4598191bf4898071b099685f073	commercial-regional-avpa-coffees-roasted-at-origin-2023-avpa-2023-43	RESULT_METADATA		SINGLE_REJECTED_RESULT_LAYER	AWARD_ROW_CATEGORY_CLASSIFICATION_IS_RESULT_METADATA	https://www.avpa.fr/_files/ugd/58172f_30052b626d3046dc809ac7c1aadfb577.pdf#page=4;table=1;row=10	7e44c8ba26dff9508589edf308496c47b5104c07922101ba8d08eb0b89240c53		FULL_GOVERNED_SNAPSHOT	
layer-352ad382efb52238ed5acf67	assert-7a92c6f0dc1273908a1ae4d621d9e7d9534e0ccb072ebd22	commercial-regional-avpa-coffees-roasted-at-origin-2022-avpa-2022-29	RESULT_METADATA		SINGLE_REJECTED_RESULT_LAYER	AWARD_ROW_CATEGORY_CLASSIFICATION_IS_RESULT_METADATA	https://www.avpa.fr/_files/ugd/58172f_6742d088d0844243bf7ecf5a0c14962d.pdf#page=3;table=1;row=19	9e24c113cad136b7471f2855a4f21b56f5255c9e6e91aac41801304b3006c6a7		FULL_GOVERNED_SNAPSHOT	
layer-4db5f846d4eb508d45205559	assert-7b514b098a39eed0e93d6617c54f0385af6eb3cd2dde18af	commercial-regional-avpa-coffees-roasted-at-origin-2021-avpa-2021-24	RESULT_METADATA		SINGLE_REJECTED_RESULT_LAYER	AWARD_ROW_CATEGORY_CLASSIFICATION_IS_RESULT_METADATA	https://en.avpa.fr/_files/ugd/58172f_4c77467cf60241c68a87aa0c5ae471dd.pdf#page=5;table=1;row=9	bc2cadb1180e5e941708ad9a1b71637cdc3351c8fdd1cf543864948b1f63ac6f		FULL_GOVERNED_SNAPSHOT	
layer-c70c23d5a6984dbeb1a99afc	assert-7b782b2c1b4410deea1d7a65c7ca7fb14dfedb8304d6582a	commercial-regional-avpa-coffees-roasted-at-origin-2023-avpa-2023-3	RESULT_METADATA		SINGLE_REJECTED_RESULT_LAYER	AWARD_ROW_CATEGORY_CLASSIFICATION_IS_RESULT_METADATA	https://www.avpa.fr/_files/ugd/58172f_30052b626d3046dc809ac7c1aadfb577.pdf#page=1;table=1;row=15	7e44c8ba26dff9508589edf308496c47b5104c07922101ba8d08eb0b89240c53		FULL_GOVERNED_SNAPSHOT	
layer-a4b884cee39b6d5429b9aa11	assert-7c871a293574aa9f94b9cfbca97227178f339619d292580e	commercial-regional-avpa-coffees-roasted-at-origin-2021-avpa-2021-38	RESULT_METADATA		SINGLE_REJECTED_RESULT_LAYER	AWARD_ROW_CATEGORY_CLASSIFICATION_IS_RESULT_METADATA	https://en.avpa.fr/_files/ugd/58172f_4c77467cf60241c68a87aa0c5ae471dd.pdf#page=3;table=1;row=16	bc2cadb1180e5e941708ad9a1b71637cdc3351c8fdd1cf543864948b1f63ac6f		FULL_GOVERNED_SNAPSHOT	
layer-4e1d76ee13635a1bd2275eeb	assert-7d80ff1dc1b74450bb8907444a3297951ce08a44dfea31d1	commercial-regional-avpa-coffees-roasted-at-origin-2024-avpa-2024-99	RESULT_METADATA		SINGLE_REJECTED_RESULT_LAYER	AWARD_ROW_CATEGORY_CLASSIFICATION_IS_RESULT_METADATA	https://it.avpa.fr/_files/ugd/58172f_35c0d4eb0b3043bbb4dbe37d46bc608c.pdf#page=4;table=1;row=10	6f8be1365130c379c41b79fdbbde910f73f0e26f73f04a99ceba22e41702a847		FULL_GOVERNED_SNAPSHOT	
layer-91ea1ebd698c016cd9ed6e4d	assert-7e91925f9ca6fb28436fa59959eabd8889454f64b4a0273c	commercial-regional-avpa-coffees-roasted-at-origin-2023-avpa-2023-77	RESULT_METADATA		SINGLE_REJECTED_RESULT_LAYER	AWARD_ROW_CATEGORY_CLASSIFICATION_IS_RESULT_METADATA	https://www.avpa.fr/_files/ugd/58172f_30052b626d3046dc809ac7c1aadfb577.pdf#page=1;table=1;row=9	7e44c8ba26dff9508589edf308496c47b5104c07922101ba8d08eb0b89240c53		FULL_GOVERNED_SNAPSHOT	
layer-50d8038ddc5dfb1e875ccc4a	assert-7eb2f7eebbed3ed5e37c008604c3eccfae699d6c4109265f	commercial-regional-avpa-coffees-roasted-at-origin-2023-avpa-2023-67	RESULT_METADATA		SINGLE_REJECTED_RESULT_LAYER	AWARD_ROW_CATEGORY_CLASSIFICATION_IS_RESULT_METADATA	https://www.avpa.fr/_files/ugd/58172f_30052b626d3046dc809ac7c1aadfb577.pdf#page=2;table=1;row=6	7e44c8ba26dff9508589edf308496c47b5104c07922101ba8d08eb0b89240c53		FULL_GOVERNED_SNAPSHOT	
layer-f191b8d55d614286804cd555	assert-7f11187a1385d7acde57b9efc705e73e229df1d6f9ca2f23	commercial-regional-avpa-coffees-roasted-at-origin-2021-avpa-2021-46	RESULT_METADATA		SINGLE_REJECTED_RESULT_LAYER	AWARD_ROW_CATEGORY_CLASSIFICATION_IS_RESULT_METADATA	https://en.avpa.fr/_files/ugd/58172f_4c77467cf60241c68a87aa0c5ae471dd.pdf#page=2;table=1;row=4	bc2cadb1180e5e941708ad9a1b71637cdc3351c8fdd1cf543864948b1f63ac6f		FULL_GOVERNED_SNAPSHOT	
layer-7224714f3144eafb7d7594d5	assert-7fc0cb930dc09cbdb771b0bb5e09af3941b5dfbf4e6d788d	commercial-regional-avpa-coffees-roasted-at-origin-2023-avpa-2023-82	RESULT_METADATA		SINGLE_REJECTED_RESULT_LAYER	AWARD_ROW_CATEGORY_CLASSIFICATION_IS_RESULT_METADATA	https://www.avpa.fr/_files/ugd/58172f_30052b626d3046dc809ac7c1aadfb577.pdf#page=1;table=1;row=13	7e44c8ba26dff9508589edf308496c47b5104c07922101ba8d08eb0b89240c53		FULL_GOVERNED_SNAPSHOT	
layer-0116172ae3b3ffcf910d17f9	assert-8106cfc8f76790db1d8dbb06e9c5a0253a5082ab90812c8b	commercial-regional-avpa-coffees-roasted-at-origin-2025-avpa-2025-p4-r7	RESULT_METADATA		SINGLE_REJECTED_RESULT_LAYER	AWARD_ROW_CATEGORY_CLASSIFICATION_IS_RESULT_METADATA	https://es.avpa.fr/_files/ugd/58172f_8bacccff6b394c70a4245a028435bf32.pdf#page=4;table=1;row=7	37e395246a44f63dbda8e024275a1f7789c2808c831d96593069464f529c7547		FULL_GOVERNED_SNAPSHOT	
layer-bf0f04cee930de4aba0f7449	assert-823b5fa80b5da3c3be0649288c1ce40647042583819c10e5	commercial-regional-avpa-coffees-roasted-at-origin-2024-avpa-2024-15	RESULT_METADATA		SINGLE_REJECTED_RESULT_LAYER	AWARD_ROW_CATEGORY_CLASSIFICATION_IS_RESULT_METADATA	https://it.avpa.fr/_files/ugd/58172f_35c0d4eb0b3043bbb4dbe37d46bc608c.pdf#page=6;table=1;row=9	6f8be1365130c379c41b79fdbbde910f73f0e26f73f04a99ceba22e41702a847		FULL_GOVERNED_SNAPSHOT	
layer-f0afb2f7d3c7293220986cd0	assert-82bac66a8888b23d31ce4e5ac6e1d115d8916cf7cb0c008a	commercial-regional-avpa-coffees-roasted-at-origin-2023-avpa-2023-32	RESULT_METADATA		SINGLE_REJECTED_RESULT_LAYER	AWARD_ROW_CATEGORY_CLASSIFICATION_IS_RESULT_METADATA	https://www.avpa.fr/_files/ugd/58172f_30052b626d3046dc809ac7c1aadfb577.pdf#page=3;table=1;row=20	7e44c8ba26dff9508589edf308496c47b5104c07922101ba8d08eb0b89240c53		FULL_GOVERNED_SNAPSHOT	
layer-eb9b79c027e65231748868e7	assert-83e8405b4849c496fa0526f303d799d7644e5fceccdf9f7b	commercial-regional-avpa-coffees-roasted-at-origin-2023-avpa-2023-80	RESULT_METADATA		SINGLE_REJECTED_RESULT_LAYER	AWARD_ROW_CATEGORY_CLASSIFICATION_IS_RESULT_METADATA	https://www.avpa.fr/_files/ugd/58172f_30052b626d3046dc809ac7c1aadfb577.pdf#page=1;table=1;row=12	7e44c8ba26dff9508589edf308496c47b5104c07922101ba8d08eb0b89240c53		FULL_GOVERNED_SNAPSHOT	
layer-1c9a7279eeb0865abc5a2840	assert-854f15fa4ff9e0c3e81ade04be7e72ddb8fbc56a9d03cde6	commercial-regional-avpa-coffees-roasted-at-origin-2021-avpa-2021-89	RESULT_METADATA		SINGLE_REJECTED_RESULT_LAYER	AWARD_ROW_CATEGORY_CLASSIFICATION_IS_RESULT_METADATA	https://en.avpa.fr/_files/ugd/58172f_4c77467cf60241c68a87aa0c5ae471dd.pdf#page=3;table=1;row=3	bc2cadb1180e5e941708ad9a1b71637cdc3351c8fdd1cf543864948b1f63ac6f		FULL_GOVERNED_SNAPSHOT	
layer-3631070512c76f86769e9aa9	assert-8560553d342af8f88facf13a86c4d4984978f77bbf248b5c	commercial-regional-avpa-coffees-roasted-at-origin-2024-avpa-2024-27	RESULT_METADATA		SINGLE_REJECTED_RESULT_LAYER	AWARD_ROW_CATEGORY_CLASSIFICATION_IS_RESULT_METADATA	https://it.avpa.fr/_files/ugd/58172f_35c0d4eb0b3043bbb4dbe37d46bc608c.pdf#page=3;table=1;row=8	6f8be1365130c379c41b79fdbbde910f73f0e26f73f04a99ceba22e41702a847		FULL_GOVERNED_SNAPSHOT	
layer-e1ae17459683c1cb22685d02	assert-85d7cf78f0a6b1bdcbcbf34c3377172e3ccc8e106af6c256	commercial-regional-avpa-coffees-roasted-at-origin-2024-avpa-2024-61	RESULT_METADATA		SINGLE_REJECTED_RESULT_LAYER	AWARD_ROW_CATEGORY_CLASSIFICATION_IS_RESULT_METADATA	https://it.avpa.fr/_files/ugd/58172f_35c0d4eb0b3043bbb4dbe37d46bc608c.pdf#page=6;table=1;row=6	6f8be1365130c379c41b79fdbbde910f73f0e26f73f04a99ceba22e41702a847		FULL_GOVERNED_SNAPSHOT	
layer-3dd010267af66c70a66ef4c6	assert-86960813900ee3862f84ec85d7b858fa055b323f761616ea	commercial-regional-avpa-coffees-roasted-at-origin-2023-avpa-2023-4	RESULT_METADATA		SINGLE_REJECTED_RESULT_LAYER	AWARD_ROW_CATEGORY_CLASSIFICATION_IS_RESULT_METADATA	https://www.avpa.fr/_files/ugd/58172f_30052b626d3046dc809ac7c1aadfb577.pdf#page=1;table=1;row=11	7e44c8ba26dff9508589edf308496c47b5104c07922101ba8d08eb0b89240c53		FULL_GOVERNED_SNAPSHOT	
layer-c8d1ffc6a2bd443cfac32ce6	assert-869d1fe9a329f983cb63c3ed23708d3cd18dd2585eaa1007	commercial-regional-avpa-coffees-roasted-at-origin-2021-avpa-2021-49	RESULT_METADATA		SINGLE_REJECTED_RESULT_LAYER	AWARD_ROW_CATEGORY_CLASSIFICATION_IS_RESULT_METADATA	https://en.avpa.fr/_files/ugd/58172f_4c77467cf60241c68a87aa0c5ae471dd.pdf#page=1;table=1;row=3	bc2cadb1180e5e941708ad9a1b71637cdc3351c8fdd1cf543864948b1f63ac6f		FULL_GOVERNED_SNAPSHOT	
layer-5212dfae317c5d1001b56204	assert-8777d1994680b0568c65e47341b4d485f63db99212096201	commercial-regional-avpa-coffees-roasted-at-origin-2024-avpa-2024-6	RESULT_METADATA		SINGLE_REJECTED_RESULT_LAYER	AWARD_ROW_CATEGORY_CLASSIFICATION_IS_RESULT_METADATA	https://it.avpa.fr/_files/ugd/58172f_35c0d4eb0b3043bbb4dbe37d46bc608c.pdf#page=2;table=1;row=4	6f8be1365130c379c41b79fdbbde910f73f0e26f73f04a99ceba22e41702a847		FULL_GOVERNED_SNAPSHOT	
layer-cdeb577a5251097c8884c146	assert-8781715c6bf58b1385ece865dc2c03d5a40c56c4ffce0091	commercial-regional-avpa-coffees-roasted-at-origin-2025-avpa-2025-p1-r3	RESULT_METADATA		SINGLE_REJECTED_RESULT_LAYER	AWARD_ROW_CATEGORY_CLASSIFICATION_IS_RESULT_METADATA	https://es.avpa.fr/_files/ugd/58172f_8bacccff6b394c70a4245a028435bf32.pdf#page=1;table=1;row=3	37e395246a44f63dbda8e024275a1f7789c2808c831d96593069464f529c7547		FULL_GOVERNED_SNAPSHOT	
layer-88264f673b01389797560eb2	assert-87b81096267051bb3ec1fb3f3a31eb323000629fc4783505	commercial-regional-avpa-coffees-roasted-at-origin-2023-avpa-2023-90	RESULT_METADATA		SINGLE_REJECTED_RESULT_LAYER	AWARD_ROW_CATEGORY_CLASSIFICATION_IS_RESULT_METADATA	https://www.avpa.fr/_files/ugd/58172f_30052b626d3046dc809ac7c1aadfb577.pdf#page=4;table=1;row=12	7e44c8ba26dff9508589edf308496c47b5104c07922101ba8d08eb0b89240c53		FULL_GOVERNED_SNAPSHOT	
layer-4e05c505486ab46fb281ada6	assert-882b93a568d7ee3f6fefa3ee82799d50b7d31db81e278c1a	commercial-regional-avpa-coffees-roasted-at-origin-2023-avpa-2023-66	RESULT_METADATA		SINGLE_REJECTED_RESULT_LAYER	AWARD_ROW_CATEGORY_CLASSIFICATION_IS_RESULT_METADATA	https://www.avpa.fr/_files/ugd/58172f_30052b626d3046dc809ac7c1aadfb577.pdf#page=2;table=1;row=5	7e44c8ba26dff9508589edf308496c47b5104c07922101ba8d08eb0b89240c53		FULL_GOVERNED_SNAPSHOT	
layer-934521713bbc18cbd7fc57a7	assert-88ed0692ca790708e7147d2ba9fa411a1d6882be197b84e4	commercial-regional-avpa-coffees-roasted-at-origin-2023-avpa-2023-96	RESULT_METADATA		SINGLE_REJECTED_RESULT_LAYER	AWARD_ROW_CATEGORY_CLASSIFICATION_IS_RESULT_METADATA	https://www.avpa.fr/_files/ugd/58172f_30052b626d3046dc809ac7c1aadfb577.pdf#page=3;table=1;row=5	7e44c8ba26dff9508589edf308496c47b5104c07922101ba8d08eb0b89240c53		FULL_GOVERNED_SNAPSHOT	
layer-38053dca0ece034d7574e8ad	assert-8a81b6fb73d6ae2bbe7d03b0f44469b37d7f70d9443cafb2	commercial-regional-avpa-coffees-roasted-at-origin-2025-avpa-2025-p4-r13	RESULT_METADATA		SINGLE_REJECTED_RESULT_LAYER	AWARD_ROW_CATEGORY_CLASSIFICATION_IS_RESULT_METADATA	https://es.avpa.fr/_files/ugd/58172f_8bacccff6b394c70a4245a028435bf32.pdf#page=4;table=1;row=13	37e395246a44f63dbda8e024275a1f7789c2808c831d96593069464f529c7547		FULL_GOVERNED_SNAPSHOT	
layer-4321f7fd77762df83acc5c41	assert-8b8e5e0cdaad763607a8bce2781e6eaf1bec5be27a704df9	commercial-regional-avpa-coffees-roasted-at-origin-2024-avpa-2024-54	RESULT_METADATA		SINGLE_REJECTED_RESULT_LAYER	AWARD_ROW_CATEGORY_CLASSIFICATION_IS_RESULT_METADATA	https://it.avpa.fr/_files/ugd/58172f_35c0d4eb0b3043bbb4dbe37d46bc608c.pdf#page=5;table=1;row=13	6f8be1365130c379c41b79fdbbde910f73f0e26f73f04a99ceba22e41702a847		FULL_GOVERNED_SNAPSHOT	
layer-7d46b9f4facdca0aa9a0dc5d	assert-8c8c63aa1733c8e23fe6f7fe12321135b632448a1705a0f4	commercial-regional-avpa-coffees-roasted-at-origin-2021-avpa-2021-40	RESULT_METADATA		SINGLE_REJECTED_RESULT_LAYER	AWARD_ROW_CATEGORY_CLASSIFICATION_IS_RESULT_METADATA	https://en.avpa.fr/_files/ugd/58172f_4c77467cf60241c68a87aa0c5ae471dd.pdf#page=4;table=1;row=2	bc2cadb1180e5e941708ad9a1b71637cdc3351c8fdd1cf543864948b1f63ac6f		FULL_GOVERNED_SNAPSHOT	
layer-9afbfe0f34056e2a67ab3883	assert-8caaab2cefa6c0a694c8e2984b9c1a2a2ca70ac7284a2f33	commercial-regional-avpa-coffees-roasted-at-origin-2021-avpa-2021-36	RESULT_METADATA		SINGLE_REJECTED_RESULT_LAYER	AWARD_ROW_CATEGORY_CLASSIFICATION_IS_RESULT_METADATA	https://en.avpa.fr/_files/ugd/58172f_4c77467cf60241c68a87aa0c5ae471dd.pdf#page=4;table=1;row=5	bc2cadb1180e5e941708ad9a1b71637cdc3351c8fdd1cf543864948b1f63ac6f		FULL_GOVERNED_SNAPSHOT	
layer-60b54a8f2f0cc8b75a5be0df	assert-8cbbfa848a4ef4158fbba06d684a014de4c0653617f4c166	commercial-regional-avpa-coffees-roasted-at-origin-2025-avpa-2025-p1-r8	RESULT_METADATA		SINGLE_REJECTED_RESULT_LAYER	AWARD_ROW_CATEGORY_CLASSIFICATION_IS_RESULT_METADATA	https://es.avpa.fr/_files/ugd/58172f_8bacccff6b394c70a4245a028435bf32.pdf#page=1;table=1;row=8	37e395246a44f63dbda8e024275a1f7789c2808c831d96593069464f529c7547		FULL_GOVERNED_SNAPSHOT	
layer-2239d4d24e4a6b4a3a109b0a	assert-8cc1f306da89f53ed0d31c4782467ea818c5e26707e1bfc6	commercial-regional-avpa-coffees-roasted-at-origin-2021-avpa-2021-78	RESULT_METADATA		SINGLE_REJECTED_RESULT_LAYER	AWARD_ROW_CATEGORY_CLASSIFICATION_IS_RESULT_METADATA	https://en.avpa.fr/_files/ugd/58172f_4c77467cf60241c68a87aa0c5ae471dd.pdf#page=3;table=1;row=12	bc2cadb1180e5e941708ad9a1b71637cdc3351c8fdd1cf543864948b1f63ac6f		FULL_GOVERNED_SNAPSHOT	
layer-c72acc2506aee36f4bb4cf17	assert-8e16fd9bf5b9d962ed5fab919bd2e136e20c1121a99344b2	commercial-regional-avpa-coffees-roasted-at-origin-2021-avpa-2021-12	RESULT_METADATA		SINGLE_REJECTED_RESULT_LAYER	AWARD_ROW_CATEGORY_CLASSIFICATION_IS_RESULT_METADATA	https://en.avpa.fr/_files/ugd/58172f_4c77467cf60241c68a87aa0c5ae471dd.pdf#page=5;table=1;row=10	bc2cadb1180e5e941708ad9a1b71637cdc3351c8fdd1cf543864948b1f63ac6f		FULL_GOVERNED_SNAPSHOT	
layer-c662f4e404631086bfd486cb	assert-8e264d1727c7c07bd328610dd9cbbe2158f46a5bfc65fde6	commercial-regional-avpa-coffees-roasted-at-origin-2022-avpa-2022-64	RESULT_METADATA		SINGLE_REJECTED_RESULT_LAYER	AWARD_ROW_CATEGORY_CLASSIFICATION_IS_RESULT_METADATA	https://www.avpa.fr/_files/ugd/58172f_6742d088d0844243bf7ecf5a0c14962d.pdf#page=3;table=1;row=10	9e24c113cad136b7471f2855a4f21b56f5255c9e6e91aac41801304b3006c6a7		FULL_GOVERNED_SNAPSHOT	
layer-f8a08c35e09a03b5c68d172d	assert-9002c289e4f1efab9923b80564952da18f394ce168642fef	commercial-regional-avpa-coffees-roasted-at-origin-2021-avpa-2021-67	RESULT_METADATA		SINGLE_REJECTED_RESULT_LAYER	AWARD_ROW_CATEGORY_CLASSIFICATION_IS_RESULT_METADATA	https://en.avpa.fr/_files/ugd/58172f_4c77467cf60241c68a87aa0c5ae471dd.pdf#page=1;table=1;row=15	bc2cadb1180e5e941708ad9a1b71637cdc3351c8fdd1cf543864948b1f63ac6f		FULL_GOVERNED_SNAPSHOT	
layer-633eae70476ae83f4cb49630	assert-90e20d15d2c6945bb549323f1906345253c54180190e03d2	commercial-regional-avpa-coffees-roasted-at-origin-2024-avpa-2024-2	RESULT_METADATA		SINGLE_REJECTED_RESULT_LAYER	AWARD_ROW_CATEGORY_CLASSIFICATION_IS_RESULT_METADATA	https://it.avpa.fr/_files/ugd/58172f_35c0d4eb0b3043bbb4dbe37d46bc608c.pdf#page=2;table=1;row=7	6f8be1365130c379c41b79fdbbde910f73f0e26f73f04a99ceba22e41702a847		FULL_GOVERNED_SNAPSHOT	
layer-3b8f80df1c90f484f638eaeb	assert-90f0066b13f4e3d5c30db45c5f92fab3473dcef7afbe80a5	commercial-regional-avpa-coffees-roasted-at-origin-2024-avpa-2024-40	RESULT_METADATA		SINGLE_REJECTED_RESULT_LAYER	AWARD_ROW_CATEGORY_CLASSIFICATION_IS_RESULT_METADATA	https://it.avpa.fr/_files/ugd/58172f_35c0d4eb0b3043bbb4dbe37d46bc608c.pdf#page=1;table=1;row=8	6f8be1365130c379c41b79fdbbde910f73f0e26f73f04a99ceba22e41702a847		FULL_GOVERNED_SNAPSHOT	
layer-9103d8f333c53606d7f1ee9e	assert-912e526716703be39acbe6a2b1d8597d660bd350d437275e	commercial-regional-avpa-coffees-roasted-at-origin-2023-avpa-2023-110	RESULT_METADATA		SINGLE_REJECTED_RESULT_LAYER	AWARD_ROW_CATEGORY_CLASSIFICATION_IS_RESULT_METADATA	https://www.avpa.fr/_files/ugd/58172f_30052b626d3046dc809ac7c1aadfb577.pdf#page=2;table=1;row=20	7e44c8ba26dff9508589edf308496c47b5104c07922101ba8d08eb0b89240c53		FULL_GOVERNED_SNAPSHOT	
layer-8d8f341b7d8a31578e9ef197	assert-91a5889c1bae2bcc23513b9ff807567557bee8641652df37	commercial-regional-avpa-coffees-roasted-at-origin-2025-avpa-2025-p7-r11	RESULT_METADATA		SINGLE_REJECTED_RESULT_LAYER	AWARD_ROW_CATEGORY_CLASSIFICATION_IS_RESULT_METADATA	https://es.avpa.fr/_files/ugd/58172f_8bacccff6b394c70a4245a028435bf32.pdf#page=7;table=1;row=11	37e395246a44f63dbda8e024275a1f7789c2808c831d96593069464f529c7547		FULL_GOVERNED_SNAPSHOT	
layer-a39facc81bed46305ee399fd	assert-93364f7e2a672ef412823ca41901557a9fefc2f8a183d98e	commercial-regional-avpa-coffees-roasted-at-origin-2024-avpa-2024-39	RESULT_METADATA		SINGLE_REJECTED_RESULT_LAYER	AWARD_ROW_CATEGORY_CLASSIFICATION_IS_RESULT_METADATA	https://it.avpa.fr/_files/ugd/58172f_35c0d4eb0b3043bbb4dbe37d46bc608c.pdf#page=3;table=1;row=3	6f8be1365130c379c41b79fdbbde910f73f0e26f73f04a99ceba22e41702a847		FULL_GOVERNED_SNAPSHOT	
layer-972dbdb397c252ff9820f581	assert-9558ae0480920b24a02dd5cd8d7287634664c129e5e81701	commercial-regional-avpa-coffees-roasted-at-origin-2023-avpa-2023-35	RESULT_METADATA		SINGLE_REJECTED_RESULT_LAYER	AWARD_ROW_CATEGORY_CLASSIFICATION_IS_RESULT_METADATA	https://www.avpa.fr/_files/ugd/58172f_30052b626d3046dc809ac7c1aadfb577.pdf#page=3;table=1;row=22	7e44c8ba26dff9508589edf308496c47b5104c07922101ba8d08eb0b89240c53		FULL_GOVERNED_SNAPSHOT	
layer-332a36da9d99940198474942	assert-95a2bf426e96f5904a2e7e510a100682d6901cfa7fdd585a	commercial-regional-avpa-coffees-roasted-at-origin-2024-avpa-2024-86	RESULT_METADATA		SINGLE_REJECTED_RESULT_LAYER	AWARD_ROW_CATEGORY_CLASSIFICATION_IS_RESULT_METADATA	https://it.avpa.fr/_files/ugd/58172f_35c0d4eb0b3043bbb4dbe37d46bc608c.pdf#page=6;table=1;row=13	6f8be1365130c379c41b79fdbbde910f73f0e26f73f04a99ceba22e41702a847		FULL_GOVERNED_SNAPSHOT	
layer-aed0a733c2f435b7e82ffefc	assert-95fbff9c44098b336f5c897c01a76dcfca77ed863e09a87c	commercial-regional-avpa-coffees-roasted-at-origin-2023-avpa-2023-71	RESULT_METADATA		SINGLE_REJECTED_RESULT_LAYER	AWARD_ROW_CATEGORY_CLASSIFICATION_IS_RESULT_METADATA	https://www.avpa.fr/_files/ugd/58172f_30052b626d3046dc809ac7c1aadfb577.pdf#page=2;table=1;row=12	7e44c8ba26dff9508589edf308496c47b5104c07922101ba8d08eb0b89240c53		FULL_GOVERNED_SNAPSHOT	
layer-284fc7a265b0b2da6508ab19	assert-962cf3493c24e200c70beaeb00824be8fb1ff312d4a3a522	commercial-regional-avpa-coffees-roasted-at-origin-2021-avpa-2021-105	RESULT_METADATA		SINGLE_REJECTED_RESULT_LAYER	AWARD_ROW_CATEGORY_CLASSIFICATION_IS_RESULT_METADATA	https://en.avpa.fr/_files/ugd/58172f_4c77467cf60241c68a87aa0c5ae471dd.pdf#page=1;table=1;row=9	bc2cadb1180e5e941708ad9a1b71637cdc3351c8fdd1cf543864948b1f63ac6f		FULL_GOVERNED_SNAPSHOT	
layer-605153cc9864a2f30a89831f	assert-96e775abe1b538833533b4f89c1b8283bd5df285b738425a	commercial-regional-avpa-coffees-roasted-at-origin-2024-avpa-2024-50	RESULT_METADATA		SINGLE_REJECTED_RESULT_LAYER	AWARD_ROW_CATEGORY_CLASSIFICATION_IS_RESULT_METADATA	https://it.avpa.fr/_files/ugd/58172f_35c0d4eb0b3043bbb4dbe37d46bc608c.pdf#page=5;table=1;row=6	6f8be1365130c379c41b79fdbbde910f73f0e26f73f04a99ceba22e41702a847		FULL_GOVERNED_SNAPSHOT	
layer-370f4ba628e029c0b5c7d98b	assert-98e55310416a2271d83b3a73147e0de49163e066d9b24d5b	commercial-regional-avpa-coffees-roasted-at-origin-2024-avpa-2024-81	RESULT_METADATA		SINGLE_REJECTED_RESULT_LAYER	AWARD_ROW_CATEGORY_CLASSIFICATION_IS_RESULT_METADATA	https://it.avpa.fr/_files/ugd/58172f_35c0d4eb0b3043bbb4dbe37d46bc608c.pdf#page=1;table=1;row=10	6f8be1365130c379c41b79fdbbde910f73f0e26f73f04a99ceba22e41702a847		FULL_GOVERNED_SNAPSHOT	
layer-81a81d463d27c3650ea3030b	assert-9ac18b6d09f55d87e6dd9babbbd0a1a003d08a870f281ad0	commercial-regional-avpa-coffees-roasted-at-origin-2024-avpa-2024-47	RESULT_METADATA		SINGLE_REJECTED_RESULT_LAYER	AWARD_ROW_CATEGORY_CLASSIFICATION_IS_RESULT_METADATA	https://it.avpa.fr/_files/ugd/58172f_35c0d4eb0b3043bbb4dbe37d46bc608c.pdf#page=5;table=1;row=7	6f8be1365130c379c41b79fdbbde910f73f0e26f73f04a99ceba22e41702a847		FULL_GOVERNED_SNAPSHOT	
layer-61abe756f610f33abdaf75b8	assert-9ac3f89eeffdfc82b6759402c4b88f94cb9415d086bbe3c3	commercial-regional-avpa-coffees-roasted-at-origin-2022-avpa-2022-17	RESULT_METADATA		SINGLE_REJECTED_RESULT_LAYER	AWARD_ROW_CATEGORY_CLASSIFICATION_IS_RESULT_METADATA	https://www.avpa.fr/_files/ugd/58172f_6742d088d0844243bf7ecf5a0c14962d.pdf#page=3;table=1;row=3	9e24c113cad136b7471f2855a4f21b56f5255c9e6e91aac41801304b3006c6a7		FULL_GOVERNED_SNAPSHOT	
layer-11918360b5b403a4266914eb	assert-9ae3e07637115db4ae5c349b7da15efe24d4ab8fd225c124	commercial-regional-avpa-coffees-roasted-at-origin-2025-avpa-2025-p8-r2	RESULT_METADATA		SINGLE_REJECTED_RESULT_LAYER	AWARD_ROW_CATEGORY_CLASSIFICATION_IS_RESULT_METADATA	https://es.avpa.fr/_files/ugd/58172f_8bacccff6b394c70a4245a028435bf32.pdf#page=8;table=1;row=2	37e395246a44f63dbda8e024275a1f7789c2808c831d96593069464f529c7547		FULL_GOVERNED_SNAPSHOT	
layer-dc02fe61dd5ae672f93d9c0e	assert-9b133764d2b96d03ebedbd690bc9f8f2ed6665420328f600	commercial-regional-avpa-coffees-roasted-at-origin-2024-avpa-2024-112	RESULT_METADATA		SINGLE_REJECTED_RESULT_LAYER	AWARD_ROW_CATEGORY_CLASSIFICATION_IS_RESULT_METADATA	https://it.avpa.fr/_files/ugd/58172f_35c0d4eb0b3043bbb4dbe37d46bc608c.pdf#page=3;table=1;row=10	6f8be1365130c379c41b79fdbbde910f73f0e26f73f04a99ceba22e41702a847		FULL_GOVERNED_SNAPSHOT	
layer-ba131de05295bf845eb56248	assert-9c5e0a93a4bacf90b92097d2713bba6cea6e46a827870370	commercial-regional-avpa-coffees-roasted-at-origin-2025-avpa-2025-p6-r6	RESULT_METADATA		SINGLE_REJECTED_RESULT_LAYER	AWARD_ROW_CATEGORY_CLASSIFICATION_IS_RESULT_METADATA	https://es.avpa.fr/_files/ugd/58172f_8bacccff6b394c70a4245a028435bf32.pdf#page=6;table=1;row=6	37e395246a44f63dbda8e024275a1f7789c2808c831d96593069464f529c7547		FULL_GOVERNED_SNAPSHOT	
layer-987e6a04d3ddf795578aa3f3	assert-9ce310fa4e934a9055d46483628f00af520664920a8ed340	commercial-regional-avpa-coffees-roasted-at-origin-2024-avpa-2024-68	RESULT_METADATA		SINGLE_REJECTED_RESULT_LAYER	AWARD_ROW_CATEGORY_CLASSIFICATION_IS_RESULT_METADATA	https://it.avpa.fr/_files/ugd/58172f_35c0d4eb0b3043bbb4dbe37d46bc608c.pdf#page=2;table=1;row=11	6f8be1365130c379c41b79fdbbde910f73f0e26f73f04a99ceba22e41702a847		FULL_GOVERNED_SNAPSHOT	
layer-4acaba9b6ee01c1da2837443	assert-9d63c2e531ded0b4f14f801baa3e375708993d3b4177842f	commercial-regional-avpa-coffees-roasted-at-origin-2023-avpa-2023-79	RESULT_METADATA		SINGLE_REJECTED_RESULT_LAYER	AWARD_ROW_CATEGORY_CLASSIFICATION_IS_RESULT_METADATA	https://www.avpa.fr/_files/ugd/58172f_30052b626d3046dc809ac7c1aadfb577.pdf#page=1;table=1;row=17	7e44c8ba26dff9508589edf308496c47b5104c07922101ba8d08eb0b89240c53		FULL_GOVERNED_SNAPSHOT	
layer-fe4df2a13ba9b852d9afb202	assert-9eea3c8cbf160c9d74584c6b42895a00bcd4fa790ef023c2	commercial-regional-avpa-coffees-roasted-at-origin-2025-avpa-2025-p2-r9	RESULT_METADATA		SINGLE_REJECTED_RESULT_LAYER	AWARD_ROW_CATEGORY_CLASSIFICATION_IS_RESULT_METADATA	https://es.avpa.fr/_files/ugd/58172f_8bacccff6b394c70a4245a028435bf32.pdf#page=2;table=1;row=9	37e395246a44f63dbda8e024275a1f7789c2808c831d96593069464f529c7547		FULL_GOVERNED_SNAPSHOT	
layer-123caa62cc6b1f94acba2377	assert-a037d961ca0b24fe1dda2ae341b440d57227542a79feb1f6	commercial-regional-avpa-coffees-roasted-at-origin-2025-avpa-2025-p2-r10	RESULT_METADATA		SINGLE_REJECTED_RESULT_LAYER	AWARD_ROW_CATEGORY_CLASSIFICATION_IS_RESULT_METADATA	https://es.avpa.fr/_files/ugd/58172f_8bacccff6b394c70a4245a028435bf32.pdf#page=2;table=1;row=10	37e395246a44f63dbda8e024275a1f7789c2808c831d96593069464f529c7547		FULL_GOVERNED_SNAPSHOT	
layer-37e1a1a7a540fae5bd651bfb	assert-a14e38d94b011c24fc9b6cc52c0144424849f0d505eab6bf	commercial-regional-avpa-coffees-roasted-at-origin-2022-avpa-2022-78	RESULT_METADATA		SINGLE_REJECTED_RESULT_LAYER	AWARD_ROW_CATEGORY_CLASSIFICATION_IS_RESULT_METADATA	https://www.avpa.fr/_files/ugd/58172f_6742d088d0844243bf7ecf5a0c14962d.pdf#page=2;table=1;row=10	9e24c113cad136b7471f2855a4f21b56f5255c9e6e91aac41801304b3006c6a7		FULL_GOVERNED_SNAPSHOT	
layer-f98dded2a570d9fd2b017289	assert-a281d0f86ad4112b613598afc06cbd30943c848c91820dd9	commercial-regional-avpa-coffees-roasted-at-origin-2025-avpa-2025-p2-r5	RESULT_METADATA		SINGLE_REJECTED_RESULT_LAYER	AWARD_ROW_CATEGORY_CLASSIFICATION_IS_RESULT_METADATA	https://es.avpa.fr/_files/ugd/58172f_8bacccff6b394c70a4245a028435bf32.pdf#page=2;table=1;row=5	37e395246a44f63dbda8e024275a1f7789c2808c831d96593069464f529c7547		FULL_GOVERNED_SNAPSHOT	
layer-558e5558c5b29e70f2b9283a	assert-a2cdf1534ef0c2645bcaabfb91339a778c20462d0f83e35c	commercial-regional-avpa-coffees-roasted-at-origin-2022-avpa-2022-83	RESULT_METADATA		SINGLE_REJECTED_RESULT_LAYER	AWARD_ROW_CATEGORY_CLASSIFICATION_IS_RESULT_METADATA	https://www.avpa.fr/_files/ugd/58172f_6742d088d0844243bf7ecf5a0c14962d.pdf#page=3;table=1;row=14	9e24c113cad136b7471f2855a4f21b56f5255c9e6e91aac41801304b3006c6a7		FULL_GOVERNED_SNAPSHOT	
layer-531f11a53e54b1758ae4e5c6	assert-a3b9340d465a4b6e7c772c472ba58090155a4524eb045484	commercial-regional-avpa-coffees-roasted-at-origin-2024-avpa-2024-85	RESULT_METADATA		SINGLE_REJECTED_RESULT_LAYER	AWARD_ROW_CATEGORY_CLASSIFICATION_IS_RESULT_METADATA	https://it.avpa.fr/_files/ugd/58172f_35c0d4eb0b3043bbb4dbe37d46bc608c.pdf#page=7;table=1;row=5	6f8be1365130c379c41b79fdbbde910f73f0e26f73f04a99ceba22e41702a847		FULL_GOVERNED_SNAPSHOT	
layer-61c6cddf03f7c061d817679a	assert-a3eb6bbbeb3378ac2586e641d2cb0c3f47aefb001dc6ea76	commercial-regional-avpa-coffees-roasted-at-origin-2024-avpa-2024-46	RESULT_METADATA		SINGLE_REJECTED_RESULT_LAYER	AWARD_ROW_CATEGORY_CLASSIFICATION_IS_RESULT_METADATA	https://it.avpa.fr/_files/ugd/58172f_35c0d4eb0b3043bbb4dbe37d46bc608c.pdf#page=1;table=1;row=6	6f8be1365130c379c41b79fdbbde910f73f0e26f73f04a99ceba22e41702a847		FULL_GOVERNED_SNAPSHOT	
layer-93c08ada74dca42801a74cd2	assert-a4ef5245c6d12552e4c6657b4a91c97987292d0ec73510a9	commercial-regional-avpa-coffees-roasted-at-origin-2021-avpa-2021-64	RESULT_METADATA		SINGLE_REJECTED_RESULT_LAYER	AWARD_ROW_CATEGORY_CLASSIFICATION_IS_RESULT_METADATA	https://en.avpa.fr/_files/ugd/58172f_4c77467cf60241c68a87aa0c5ae471dd.pdf#page=5;table=1;row=4	bc2cadb1180e5e941708ad9a1b71637cdc3351c8fdd1cf543864948b1f63ac6f		FULL_GOVERNED_SNAPSHOT	
layer-f646fa3c7b1e06941e0c4619	assert-a6a75a9c09fe9a4a90994a44077e301c9c55fafe742ad57d	commercial-regional-avpa-coffees-roasted-at-origin-2022-avpa-2022-74	RESULT_METADATA		SINGLE_REJECTED_RESULT_LAYER	AWARD_ROW_CATEGORY_CLASSIFICATION_IS_RESULT_METADATA	https://www.avpa.fr/_files/ugd/58172f_6742d088d0844243bf7ecf5a0c14962d.pdf#page=3;table=1;row=2	9e24c113cad136b7471f2855a4f21b56f5255c9e6e91aac41801304b3006c6a7		FULL_GOVERNED_SNAPSHOT	
layer-83cdae68207b05471633aef9	assert-a78824ca6657c91ee9520c49a9fa81d8c276dbc7607a4229	commercial-regional-avpa-coffees-roasted-at-origin-2025-avpa-2025-p1-r5	RESULT_METADATA		SINGLE_REJECTED_RESULT_LAYER	AWARD_ROW_CATEGORY_CLASSIFICATION_IS_RESULT_METADATA	https://es.avpa.fr/_files/ugd/58172f_8bacccff6b394c70a4245a028435bf32.pdf#page=1;table=1;row=5	37e395246a44f63dbda8e024275a1f7789c2808c831d96593069464f529c7547		FULL_GOVERNED_SNAPSHOT	
layer-598937b72e52c1aa49e557f8	assert-a806b6c6d91bead2cb9801dd6de4510b9fb39ca12bec4468	commercial-regional-avpa-coffees-roasted-at-origin-2024-avpa-2024-82	RESULT_METADATA		SINGLE_REJECTED_RESULT_LAYER	AWARD_ROW_CATEGORY_CLASSIFICATION_IS_RESULT_METADATA	https://it.avpa.fr/_files/ugd/58172f_35c0d4eb0b3043bbb4dbe37d46bc608c.pdf#page=1;table=1;row=11	6f8be1365130c379c41b79fdbbde910f73f0e26f73f04a99ceba22e41702a847		FULL_GOVERNED_SNAPSHOT	
layer-6f4eda8c1a30784ff46e7c9d	assert-a869ba18c490a316fa34634c40dc3bfd43af397e1bd30639	commercial-regional-avpa-coffees-roasted-at-origin-2021-avpa-2021-31	RESULT_METADATA		SINGLE_REJECTED_RESULT_LAYER	AWARD_ROW_CATEGORY_CLASSIFICATION_IS_RESULT_METADATA	https://en.avpa.fr/_files/ugd/58172f_4c77467cf60241c68a87aa0c5ae471dd.pdf#page=2;table=1;row=11	bc2cadb1180e5e941708ad9a1b71637cdc3351c8fdd1cf543864948b1f63ac6f		FULL_GOVERNED_SNAPSHOT	
layer-332c8c15ddd7815cfdc894d8	assert-a94abb2b337db586e5f266bba50a9b9e9cef062db4f86580	commercial-regional-avpa-coffees-roasted-at-origin-2023-avpa-2023-44	RESULT_METADATA		SINGLE_REJECTED_RESULT_LAYER	AWARD_ROW_CATEGORY_CLASSIFICATION_IS_RESULT_METADATA	https://www.avpa.fr/_files/ugd/58172f_30052b626d3046dc809ac7c1aadfb577.pdf#page=4;table=1;row=7	7e44c8ba26dff9508589edf308496c47b5104c07922101ba8d08eb0b89240c53		FULL_GOVERNED_SNAPSHOT	
layer-ece74685767ca024ab433d44	assert-a99a078559d2b6a946eefb552de59613c71b6a804824c203	commercial-regional-avpa-coffees-roasted-at-origin-2022-avpa-2022-44	RESULT_METADATA		SINGLE_REJECTED_RESULT_LAYER	AWARD_ROW_CATEGORY_CLASSIFICATION_IS_RESULT_METADATA	https://www.avpa.fr/_files/ugd/58172f_6742d088d0844243bf7ecf5a0c14962d.pdf#page=1;table=1;row=20	9e24c113cad136b7471f2855a4f21b56f5255c9e6e91aac41801304b3006c6a7		FULL_GOVERNED_SNAPSHOT	
layer-0a573248683835dce51757b3	assert-a9a896a0fd244e776cc8b95659024becbc0fa24c1f8162c0	commercial-regional-avpa-coffees-roasted-at-origin-2025-avpa-2025-p4-r12	RESULT_METADATA		SINGLE_REJECTED_RESULT_LAYER	AWARD_ROW_CATEGORY_CLASSIFICATION_IS_RESULT_METADATA	https://es.avpa.fr/_files/ugd/58172f_8bacccff6b394c70a4245a028435bf32.pdf#page=4;table=1;row=12	37e395246a44f63dbda8e024275a1f7789c2808c831d96593069464f529c7547		FULL_GOVERNED_SNAPSHOT	
layer-96c08f57ca00306a08bca80b	assert-a9e829b7e86ee82e3e28982c1b16496fb8c9fdb5469d771e	commercial-regional-avpa-coffees-roasted-at-origin-2023-avpa-2023-111	RESULT_METADATA		SINGLE_REJECTED_RESULT_LAYER	AWARD_ROW_CATEGORY_CLASSIFICATION_IS_RESULT_METADATA	https://www.avpa.fr/_files/ugd/58172f_30052b626d3046dc809ac7c1aadfb577.pdf#page=2;table=1;row=18	7e44c8ba26dff9508589edf308496c47b5104c07922101ba8d08eb0b89240c53		FULL_GOVERNED_SNAPSHOT	
layer-eb32a91ee1350c5a582a8e17	assert-aa5a5d11b8c67e075f0d4440e814f5d9a04e69a021512e34	commercial-regional-avpa-coffees-roasted-at-origin-2023-avpa-2023-52	RESULT_METADATA		SINGLE_REJECTED_RESULT_LAYER	AWARD_ROW_CATEGORY_CLASSIFICATION_IS_RESULT_METADATA	https://www.avpa.fr/_files/ugd/58172f_30052b626d3046dc809ac7c1aadfb577.pdf#page=2;table=1;row=16	7e44c8ba26dff9508589edf308496c47b5104c07922101ba8d08eb0b89240c53		FULL_GOVERNED_SNAPSHOT	
layer-7fc93110f51bc8fd16fc9108	assert-aa90ee3e53b2b83a2349bc6fe91d2f0f3df7ced9aa277bc6	commercial-regional-avpa-coffees-roasted-at-origin-2022-avpa-2022-49	RESULT_METADATA		SINGLE_REJECTED_RESULT_LAYER	AWARD_ROW_CATEGORY_CLASSIFICATION_IS_RESULT_METADATA	https://www.avpa.fr/_files/ugd/58172f_6742d088d0844243bf7ecf5a0c14962d.pdf#page=1;table=1;row=30	9e24c113cad136b7471f2855a4f21b56f5255c9e6e91aac41801304b3006c6a7		FULL_GOVERNED_SNAPSHOT	
layer-14832ea4d08caf170facded4	assert-ab8c27a27ee167a58a772340616ee9f9bad9a47c0a64ef24	commercial-regional-avpa-coffees-roasted-at-origin-2023-avpa-2023-94	RESULT_METADATA		SINGLE_REJECTED_RESULT_LAYER	AWARD_ROW_CATEGORY_CLASSIFICATION_IS_RESULT_METADATA	https://www.avpa.fr/_files/ugd/58172f_30052b626d3046dc809ac7c1aadfb577.pdf#page=4;table=1;row=17	7e44c8ba26dff9508589edf308496c47b5104c07922101ba8d08eb0b89240c53		FULL_GOVERNED_SNAPSHOT	
layer-96e0c94570973267c9d2e6f3	assert-ab8efc9e5ab7e59f70a9744f3ea254873a1df6000b0f3a13	commercial-regional-avpa-coffees-roasted-at-origin-2021-avpa-2021-29	RESULT_METADATA		SINGLE_REJECTED_RESULT_LAYER	AWARD_ROW_CATEGORY_CLASSIFICATION_IS_RESULT_METADATA	https://en.avpa.fr/_files/ugd/58172f_4c77467cf60241c68a87aa0c5ae471dd.pdf#page=2;table=1;row=13	bc2cadb1180e5e941708ad9a1b71637cdc3351c8fdd1cf543864948b1f63ac6f		FULL_GOVERNED_SNAPSHOT	
layer-af53f979ca67e9c7f6df632d	assert-ac3e28c829b486c2e71270938c346df94a90ede94388abe8	commercial-regional-avpa-coffees-roasted-at-origin-2025-avpa-2025-p3-r11	RESULT_METADATA		SINGLE_REJECTED_RESULT_LAYER	AWARD_ROW_CATEGORY_CLASSIFICATION_IS_RESULT_METADATA	https://es.avpa.fr/_files/ugd/58172f_8bacccff6b394c70a4245a028435bf32.pdf#page=3;table=1;row=11	37e395246a44f63dbda8e024275a1f7789c2808c831d96593069464f529c7547		FULL_GOVERNED_SNAPSHOT	
layer-e768567f271246fb7404a56f	assert-ac7c50463fa2dccf9f6923883bdf1a9f9d0ab6e76e5361b0	commercial-regional-avpa-coffees-roasted-at-origin-2022-avpa-2022-55	RESULT_METADATA		SINGLE_REJECTED_RESULT_LAYER	AWARD_ROW_CATEGORY_CLASSIFICATION_IS_RESULT_METADATA	https://www.avpa.fr/_files/ugd/58172f_6742d088d0844243bf7ecf5a0c14962d.pdf#page=3;table=1;row=7	9e24c113cad136b7471f2855a4f21b56f5255c9e6e91aac41801304b3006c6a7		FULL_GOVERNED_SNAPSHOT	
layer-e25bd71a3fd4314c90474767	assert-acbf2e3cea621f897a570cd0db7eeacf4567f724666a7e48	commercial-regional-avpa-coffees-roasted-at-origin-2024-avpa-2024-37	RESULT_METADATA		SINGLE_REJECTED_RESULT_LAYER	AWARD_ROW_CATEGORY_CLASSIFICATION_IS_RESULT_METADATA	https://it.avpa.fr/_files/ugd/58172f_35c0d4eb0b3043bbb4dbe37d46bc608c.pdf#page=3;table=1;row=4	6f8be1365130c379c41b79fdbbde910f73f0e26f73f04a99ceba22e41702a847		FULL_GOVERNED_SNAPSHOT	
layer-1b2223287e4c6c2f5d57d75c	assert-adc419469e25c5e54babf0d18d124c3f7ea88c42eb5ba5cc	commercial-regional-avpa-coffees-roasted-at-origin-2024-avpa-2024-51	RESULT_METADATA		SINGLE_REJECTED_RESULT_LAYER	AWARD_ROW_CATEGORY_CLASSIFICATION_IS_RESULT_METADATA	https://it.avpa.fr/_files/ugd/58172f_35c0d4eb0b3043bbb4dbe37d46bc608c.pdf#page=5;table=1;row=8	6f8be1365130c379c41b79fdbbde910f73f0e26f73f04a99ceba22e41702a847		FULL_GOVERNED_SNAPSHOT	
layer-bfa6c04d19e4236265768fcc	assert-af50005fdcdfe2a3b8347c23c397b8246fddf054c1845053	commercial-regional-avpa-coffees-roasted-at-origin-2023-avpa-2023-17	RESULT_METADATA		SINGLE_REJECTED_RESULT_LAYER	AWARD_ROW_CATEGORY_CLASSIFICATION_IS_RESULT_METADATA	https://www.avpa.fr/_files/ugd/58172f_30052b626d3046dc809ac7c1aadfb577.pdf#page=1;table=1;row=4	7e44c8ba26dff9508589edf308496c47b5104c07922101ba8d08eb0b89240c53		FULL_GOVERNED_SNAPSHOT	
layer-c2316d197cea5e19e475643e	assert-af61e664b9881f4b57aaf85e62015a1b201fedfa747e9f78	commercial-regional-avpa-coffees-roasted-at-origin-2025-avpa-2025-p7-r9	RESULT_METADATA		SINGLE_REJECTED_RESULT_LAYER	AWARD_ROW_CATEGORY_CLASSIFICATION_IS_RESULT_METADATA	https://es.avpa.fr/_files/ugd/58172f_8bacccff6b394c70a4245a028435bf32.pdf#page=7;table=1;row=9	37e395246a44f63dbda8e024275a1f7789c2808c831d96593069464f529c7547		FULL_GOVERNED_SNAPSHOT	
layer-e432d5089c5b311edc149bdd	assert-b05d216c21afe6fa098e9eb931b8636120c20eb0e2baa4eb	commercial-regional-avpa-coffees-roasted-at-origin-2024-avpa-2024-41	RESULT_METADATA		SINGLE_REJECTED_RESULT_LAYER	AWARD_ROW_CATEGORY_CLASSIFICATION_IS_RESULT_METADATA	https://it.avpa.fr/_files/ugd/58172f_35c0d4eb0b3043bbb4dbe37d46bc608c.pdf#page=1;table=1;row=5	6f8be1365130c379c41b79fdbbde910f73f0e26f73f04a99ceba22e41702a847		FULL_GOVERNED_SNAPSHOT	
layer-6a5f7849009c60149fd8741d	assert-b11e30a145ced154d847943d41a0217e2d4e15d6fbfc0e5c	commercial-regional-avpa-coffees-roasted-at-origin-2023-avpa-2023-49	RESULT_METADATA		SINGLE_REJECTED_RESULT_LAYER	AWARD_ROW_CATEGORY_CLASSIFICATION_IS_RESULT_METADATA	https://www.avpa.fr/_files/ugd/58172f_30052b626d3046dc809ac7c1aadfb577.pdf#page=5;table=1;row=4	7e44c8ba26dff9508589edf308496c47b5104c07922101ba8d08eb0b89240c53		FULL_GOVERNED_SNAPSHOT	
layer-e34f374a081a0e38737c5d54	assert-b1b93f721ecf9ca0912e38eab1131df1385764baf5d4c74b	commercial-regional-avpa-coffees-roasted-at-origin-2024-avpa-2024-108	RESULT_METADATA		SINGLE_REJECTED_RESULT_LAYER	AWARD_ROW_CATEGORY_CLASSIFICATION_IS_RESULT_METADATA	https://it.avpa.fr/_files/ugd/58172f_35c0d4eb0b3043bbb4dbe37d46bc608c.pdf#page=4;table=1;row=11	6f8be1365130c379c41b79fdbbde910f73f0e26f73f04a99ceba22e41702a847		FULL_GOVERNED_SNAPSHOT	
layer-153ccba8ba4e4a528340cd01	assert-b4f35d71e899c8de21cba0c31b94c00f94c6033d5f38b70e	commercial-regional-avpa-coffees-roasted-at-origin-2023-avpa-2023-102	RESULT_METADATA		SINGLE_REJECTED_RESULT_LAYER	AWARD_ROW_CATEGORY_CLASSIFICATION_IS_RESULT_METADATA	https://www.avpa.fr/_files/ugd/58172f_30052b626d3046dc809ac7c1aadfb577.pdf#page=2;table=1;row=8	7e44c8ba26dff9508589edf308496c47b5104c07922101ba8d08eb0b89240c53		FULL_GOVERNED_SNAPSHOT	
layer-b76d5824cf096a1967821b29	assert-b53c68abfc0cc40318449aa7c06c503605b82cdabdfb4bb8	commercial-regional-avpa-coffees-roasted-at-origin-2021-avpa-2021-103	RESULT_METADATA		SINGLE_REJECTED_RESULT_LAYER	AWARD_ROW_CATEGORY_CLASSIFICATION_IS_RESULT_METADATA	https://en.avpa.fr/_files/ugd/58172f_4c77467cf60241c68a87aa0c5ae471dd.pdf#page=2;table=1;row=5	bc2cadb1180e5e941708ad9a1b71637cdc3351c8fdd1cf543864948b1f63ac6f		FULL_GOVERNED_SNAPSHOT	
layer-ec89df26a3f41b682b0feae5	assert-b56d0b121a551809793f769ad28d277e3e1ec0993bdc652b	commercial-regional-avpa-coffees-roasted-at-origin-2025-avpa-2025-p3-r9	RESULT_METADATA		SINGLE_REJECTED_RESULT_LAYER	AWARD_ROW_CATEGORY_CLASSIFICATION_IS_RESULT_METADATA	https://es.avpa.fr/_files/ugd/58172f_8bacccff6b394c70a4245a028435bf32.pdf#page=3;table=1;row=9	37e395246a44f63dbda8e024275a1f7789c2808c831d96593069464f529c7547		FULL_GOVERNED_SNAPSHOT	
layer-2ef525be1080f96af9e8e3fd	assert-b5736d5643a23b291b9f1e3da3eed21eedd082a610ccaba7	commercial-regional-avpa-coffees-roasted-at-origin-2024-avpa-2024-24	RESULT_METADATA		SINGLE_REJECTED_RESULT_LAYER	AWARD_ROW_CATEGORY_CLASSIFICATION_IS_RESULT_METADATA	https://it.avpa.fr/_files/ugd/58172f_35c0d4eb0b3043bbb4dbe37d46bc608c.pdf#page=8;table=1;row=2	6f8be1365130c379c41b79fdbbde910f73f0e26f73f04a99ceba22e41702a847		FULL_GOVERNED_SNAPSHOT	
layer-43a35996a4820312b4211c1a	assert-b69dde7b3f2cdac2216d63491f6e7cd284b602f6e11d0cd0	commercial-regional-avpa-coffees-roasted-at-origin-2025-avpa-2025-p5-r2	RESULT_METADATA		SINGLE_REJECTED_RESULT_LAYER	AWARD_ROW_CATEGORY_CLASSIFICATION_IS_RESULT_METADATA	https://es.avpa.fr/_files/ugd/58172f_8bacccff6b394c70a4245a028435bf32.pdf#page=5;table=1;row=2	37e395246a44f63dbda8e024275a1f7789c2808c831d96593069464f529c7547		FULL_GOVERNED_SNAPSHOT	
layer-e474f2ffffdeff86455074aa	assert-b707d360d272fe860324f1746d820300cdd7dd1a60a554f4	commercial-regional-avpa-coffees-roasted-at-origin-2025-avpa-2025-p2-r7	RESULT_METADATA		SINGLE_REJECTED_RESULT_LAYER	AWARD_ROW_CATEGORY_CLASSIFICATION_IS_RESULT_METADATA	https://es.avpa.fr/_files/ugd/58172f_8bacccff6b394c70a4245a028435bf32.pdf#page=2;table=1;row=7	37e395246a44f63dbda8e024275a1f7789c2808c831d96593069464f529c7547		FULL_GOVERNED_SNAPSHOT	
layer-a5d216b57271740c7198f772	assert-b7d717a649161eb37f601958d645097766a71a10aa1f9279	commercial-regional-avpa-coffees-roasted-at-origin-2024-avpa-2024-48	RESULT_METADATA		SINGLE_REJECTED_RESULT_LAYER	AWARD_ROW_CATEGORY_CLASSIFICATION_IS_RESULT_METADATA	https://it.avpa.fr/_files/ugd/58172f_35c0d4eb0b3043bbb4dbe37d46bc608c.pdf#page=1;table=1;row=12	6f8be1365130c379c41b79fdbbde910f73f0e26f73f04a99ceba22e41702a847		FULL_GOVERNED_SNAPSHOT	
layer-0908fed8a89b4a6289683005	assert-b7fa2864c23a8077ba346adc25ac3531d8f908349cbddf03	commercial-regional-avpa-coffees-roasted-at-origin-2024-avpa-2024-100	RESULT_METADATA		SINGLE_REJECTED_RESULT_LAYER	AWARD_ROW_CATEGORY_CLASSIFICATION_IS_RESULT_METADATA	https://it.avpa.fr/_files/ugd/58172f_35c0d4eb0b3043bbb4dbe37d46bc608c.pdf#page=4;table=1;row=3	6f8be1365130c379c41b79fdbbde910f73f0e26f73f04a99ceba22e41702a847		FULL_GOVERNED_SNAPSHOT	
layer-a2b6c401e99e8353954c804d	assert-b84168bee80b0745d66ea51f88c837a6768aa2972c387c24	commercial-regional-avpa-coffees-roasted-at-origin-2024-avpa-2024-58	RESULT_METADATA		SINGLE_REJECTED_RESULT_LAYER	AWARD_ROW_CATEGORY_CLASSIFICATION_IS_RESULT_METADATA	https://it.avpa.fr/_files/ugd/58172f_35c0d4eb0b3043bbb4dbe37d46bc608c.pdf#page=7;table=1;row=7	6f8be1365130c379c41b79fdbbde910f73f0e26f73f04a99ceba22e41702a847		FULL_GOVERNED_SNAPSHOT	
layer-979ab53fc61ace5e7840b7c0	assert-b8b0eba95c83cc0a4e81dbb4a4940b829a16cbd640a5fb90	commercial-regional-avpa-coffees-roasted-at-origin-2024-avpa-2024-17	RESULT_METADATA		SINGLE_REJECTED_RESULT_LAYER	AWARD_ROW_CATEGORY_CLASSIFICATION_IS_RESULT_METADATA	https://it.avpa.fr/_files/ugd/58172f_35c0d4eb0b3043bbb4dbe37d46bc608c.pdf#page=8;table=1;row=6	6f8be1365130c379c41b79fdbbde910f73f0e26f73f04a99ceba22e41702a847		FULL_GOVERNED_SNAPSHOT	
layer-32b754f84b7a23c8d4e80da8	assert-b9227a29ba52fae43a6702e2dda1a6e1500f2d9a9308b3aa	commercial-regional-avpa-coffees-roasted-at-origin-2025-avpa-2025-p3-r10	RESULT_METADATA		SINGLE_REJECTED_RESULT_LAYER	AWARD_ROW_CATEGORY_CLASSIFICATION_IS_RESULT_METADATA	https://es.avpa.fr/_files/ugd/58172f_8bacccff6b394c70a4245a028435bf32.pdf#page=3;table=1;row=10	37e395246a44f63dbda8e024275a1f7789c2808c831d96593069464f529c7547		FULL_GOVERNED_SNAPSHOT	
layer-b2b5aeb6208b16f547df6ad8	assert-b9c918dbe9e8d725e76da3a42eff1c1a616d6f556e7dead0	commercial-regional-avpa-coffees-roasted-at-origin-2021-avpa-2021-62	RESULT_METADATA		SINGLE_REJECTED_RESULT_LAYER	AWARD_ROW_CATEGORY_CLASSIFICATION_IS_RESULT_METADATA	https://en.avpa.fr/_files/ugd/58172f_4c77467cf60241c68a87aa0c5ae471dd.pdf#page=4;table=1;row=7	bc2cadb1180e5e941708ad9a1b71637cdc3351c8fdd1cf543864948b1f63ac6f		FULL_GOVERNED_SNAPSHOT	
layer-c89a52a108386073ac1993dd	assert-b9f4b659af69abaeebfcd32812dc03f3d92eeafb8cec9e50	commercial-regional-avpa-coffees-roasted-at-origin-2022-avpa-2022-48	RESULT_METADATA		SINGLE_REJECTED_RESULT_LAYER	AWARD_ROW_CATEGORY_CLASSIFICATION_IS_RESULT_METADATA	https://www.avpa.fr/_files/ugd/58172f_6742d088d0844243bf7ecf5a0c14962d.pdf#page=1;table=1;row=29	9e24c113cad136b7471f2855a4f21b56f5255c9e6e91aac41801304b3006c6a7		FULL_GOVERNED_SNAPSHOT	
layer-27688e76bb0301ab5ebe9cf5	assert-ba19a6642f8d756ef1aeae83a8a0f16ad8f96fa06882018c	commercial-regional-avpa-coffees-roasted-at-origin-2024-avpa-2024-11	RESULT_METADATA		SINGLE_REJECTED_RESULT_LAYER	AWARD_ROW_CATEGORY_CLASSIFICATION_IS_RESULT_METADATA	https://it.avpa.fr/_files/ugd/58172f_35c0d4eb0b3043bbb4dbe37d46bc608c.pdf#page=2;table=1;row=6	6f8be1365130c379c41b79fdbbde910f73f0e26f73f04a99ceba22e41702a847		FULL_GOVERNED_SNAPSHOT	
layer-9c20e4ddc9d527b8ee4e6ef8	assert-bbad5afc275439706350643bdb9533c5808a6dbc0df0066a	commercial-regional-avpa-coffees-roasted-at-origin-2023-avpa-2023-75	RESULT_METADATA		SINGLE_REJECTED_RESULT_LAYER	AWARD_ROW_CATEGORY_CLASSIFICATION_IS_RESULT_METADATA	https://www.avpa.fr/_files/ugd/58172f_30052b626d3046dc809ac7c1aadfb577.pdf#page=3;table=1;row=7	7e44c8ba26dff9508589edf308496c47b5104c07922101ba8d08eb0b89240c53		FULL_GOVERNED_SNAPSHOT	
layer-cff7ea0e454522c47ad7763b	assert-bbc61b6ec3370f0013788c64ecc628a9ad8f616e677623e9	commercial-regional-avpa-coffees-roasted-at-origin-2024-avpa-2024-26	RESULT_METADATA		SINGLE_REJECTED_RESULT_LAYER	AWARD_ROW_CATEGORY_CLASSIFICATION_IS_RESULT_METADATA	https://it.avpa.fr/_files/ugd/58172f_35c0d4eb0b3043bbb4dbe37d46bc608c.pdf#page=8;table=1;row=3	6f8be1365130c379c41b79fdbbde910f73f0e26f73f04a99ceba22e41702a847		FULL_GOVERNED_SNAPSHOT	
layer-27d2f89345302d780e3f0fc4	assert-bc3c72a3bd6fe7ba9cb6eced26ef766a6dc9533dfc966f84	commercial-regional-avpa-coffees-roasted-at-origin-2025-avpa-2025-p3-r3	RESULT_METADATA		SINGLE_REJECTED_RESULT_LAYER	AWARD_ROW_CATEGORY_CLASSIFICATION_IS_RESULT_METADATA	https://es.avpa.fr/_files/ugd/58172f_8bacccff6b394c70a4245a028435bf32.pdf#page=3;table=1;row=3	37e395246a44f63dbda8e024275a1f7789c2808c831d96593069464f529c7547		FULL_GOVERNED_SNAPSHOT	
layer-7d9d60ad593aba3df6699f4a	assert-bc976fb8c3acd25a1100cfa8fd1abb50b22c0a0ffa740b7a	commercial-regional-avpa-coffees-roasted-at-origin-2021-avpa-2021-58	RESULT_METADATA		SINGLE_REJECTED_RESULT_LAYER	AWARD_ROW_CATEGORY_CLASSIFICATION_IS_RESULT_METADATA	https://en.avpa.fr/_files/ugd/58172f_4c77467cf60241c68a87aa0c5ae471dd.pdf#page=5;table=1;row=3	bc2cadb1180e5e941708ad9a1b71637cdc3351c8fdd1cf543864948b1f63ac6f		FULL_GOVERNED_SNAPSHOT	
layer-66318be14a563de7e5643f14	assert-bcc129bdbf3bcd4ff9dbca2c17997169784ef49b03e1ebd0	commercial-regional-avpa-coffees-roasted-at-origin-2021-avpa-2021-50	RESULT_METADATA		SINGLE_REJECTED_RESULT_LAYER	AWARD_ROW_CATEGORY_CLASSIFICATION_IS_RESULT_METADATA	https://en.avpa.fr/_files/ugd/58172f_4c77467cf60241c68a87aa0c5ae471dd.pdf#page=1;table=1;row=2	bc2cadb1180e5e941708ad9a1b71637cdc3351c8fdd1cf543864948b1f63ac6f		FULL_GOVERNED_SNAPSHOT	
layer-8a6203531fbb1ad77824e14b	assert-bda64e2541f7787cb64290d9f57fe763bcd2a9c35a5b43bc	commercial-regional-avpa-coffees-roasted-at-origin-2022-avpa-2022-53	RESULT_METADATA		SINGLE_REJECTED_RESULT_LAYER	AWARD_ROW_CATEGORY_CLASSIFICATION_IS_RESULT_METADATA	https://www.avpa.fr/_files/ugd/58172f_6742d088d0844243bf7ecf5a0c14962d.pdf#page=3;table=1;row=9	9e24c113cad136b7471f2855a4f21b56f5255c9e6e91aac41801304b3006c6a7		FULL_GOVERNED_SNAPSHOT	
layer-2665d02d2f7c457e058f2fb3	assert-be300b89cc10b7bcb36a60ea5772de2491f020e2a6b3d71f	commercial-regional-avpa-coffees-roasted-at-origin-2025-avpa-2025-p1-r9	RESULT_METADATA		SINGLE_REJECTED_RESULT_LAYER	AWARD_ROW_CATEGORY_CLASSIFICATION_IS_RESULT_METADATA	https://es.avpa.fr/_files/ugd/58172f_8bacccff6b394c70a4245a028435bf32.pdf#page=1;table=1;row=9	37e395246a44f63dbda8e024275a1f7789c2808c831d96593069464f529c7547		FULL_GOVERNED_SNAPSHOT	
layer-7d3a289d7d61fe27047805c7	assert-bf834eb22e3bd9ea080188ea03b6a41087547f139caac0a0	commercial-regional-avpa-coffees-roasted-at-origin-2023-avpa-2023-115	RESULT_METADATA		SINGLE_REJECTED_RESULT_LAYER	AWARD_ROW_CATEGORY_CLASSIFICATION_IS_RESULT_METADATA	https://www.avpa.fr/_files/ugd/58172f_30052b626d3046dc809ac7c1aadfb577.pdf#page=1;table=1;row=8	7e44c8ba26dff9508589edf308496c47b5104c07922101ba8d08eb0b89240c53		FULL_GOVERNED_SNAPSHOT	
layer-a9195038da4d3f2bd73a0b17	assert-bfe4d5f8bdd8cc9f6ca2d02e5cf35425544f2a697fc88a11	commercial-regional-avpa-coffees-roasted-at-origin-2025-avpa-2025-p2-r4	RESULT_METADATA		SINGLE_REJECTED_RESULT_LAYER	AWARD_ROW_CATEGORY_CLASSIFICATION_IS_RESULT_METADATA	https://es.avpa.fr/_files/ugd/58172f_8bacccff6b394c70a4245a028435bf32.pdf#page=2;table=1;row=4	37e395246a44f63dbda8e024275a1f7789c2808c831d96593069464f529c7547		FULL_GOVERNED_SNAPSHOT	
layer-1be8cff3dce5109134027a45	assert-c06f67b6500ccef339f20ed5b108045e7bddb7ffe80cf6c6	commercial-regional-avpa-coffees-roasted-at-origin-2021-avpa-2021-32	RESULT_METADATA		SINGLE_REJECTED_RESULT_LAYER	AWARD_ROW_CATEGORY_CLASSIFICATION_IS_RESULT_METADATA	https://en.avpa.fr/_files/ugd/58172f_4c77467cf60241c68a87aa0c5ae471dd.pdf#page=2;table=1;row=10	bc2cadb1180e5e941708ad9a1b71637cdc3351c8fdd1cf543864948b1f63ac6f		FULL_GOVERNED_SNAPSHOT	
layer-37efb7bce6e3313a6ec5e5fa	assert-c0a494a1072aef8e59be08899d2ac1b280f48d9a2a9199bc	commercial-regional-avpa-coffees-roasted-at-origin-2021-avpa-2021-109	RESULT_METADATA		SINGLE_REJECTED_RESULT_LAYER	AWARD_ROW_CATEGORY_CLASSIFICATION_IS_RESULT_METADATA	https://en.avpa.fr/_files/ugd/58172f_4c77467cf60241c68a87aa0c5ae471dd.pdf#page=3;table=1;row=7	bc2cadb1180e5e941708ad9a1b71637cdc3351c8fdd1cf543864948b1f63ac6f		FULL_GOVERNED_SNAPSHOT	
layer-21cf82c37da1406cff3a8df0	assert-c0d9b4776f2330767c9eb5a7f35ab7c6f3e7efc251fa1e60	commercial-regional-avpa-coffees-roasted-at-origin-2023-avpa-2023-85	RESULT_METADATA		SINGLE_REJECTED_RESULT_LAYER	AWARD_ROW_CATEGORY_CLASSIFICATION_IS_RESULT_METADATA	https://www.avpa.fr/_files/ugd/58172f_30052b626d3046dc809ac7c1aadfb577.pdf#page=2;table=1;row=14	7e44c8ba26dff9508589edf308496c47b5104c07922101ba8d08eb0b89240c53		FULL_GOVERNED_SNAPSHOT	
layer-cedcfc91ad0e92358bff97b4	assert-c0f91503230fd9119824e88a21977099b9d90178b48ba853	commercial-regional-avpa-coffees-roasted-at-origin-2025-avpa-2025-p5-r9	RESULT_METADATA		SINGLE_REJECTED_RESULT_LAYER	AWARD_ROW_CATEGORY_CLASSIFICATION_IS_RESULT_METADATA	https://es.avpa.fr/_files/ugd/58172f_8bacccff6b394c70a4245a028435bf32.pdf#page=5;table=1;row=9	37e395246a44f63dbda8e024275a1f7789c2808c831d96593069464f529c7547		FULL_GOVERNED_SNAPSHOT	
layer-3e52f726ddaa06580ef35069	assert-c1de8957ca780a7d278b2abc096baf8ad95c38ea33bc5f04	commercial-regional-avpa-coffees-roasted-at-origin-2022-avpa-2022-47	RESULT_METADATA		SINGLE_REJECTED_RESULT_LAYER	AWARD_ROW_CATEGORY_CLASSIFICATION_IS_RESULT_METADATA	https://www.avpa.fr/_files/ugd/58172f_6742d088d0844243bf7ecf5a0c14962d.pdf#page=1;table=1;row=32	9e24c113cad136b7471f2855a4f21b56f5255c9e6e91aac41801304b3006c6a7		FULL_GOVERNED_SNAPSHOT	
layer-89281f826387e6752882b0bb	assert-c29062d159444ffd278990159f785d5228efb557ad5351dc	commercial-regional-avpa-coffees-roasted-at-origin-2025-avpa-2025-p6-r10	RESULT_METADATA		SINGLE_REJECTED_RESULT_LAYER	AWARD_ROW_CATEGORY_CLASSIFICATION_IS_RESULT_METADATA	https://es.avpa.fr/_files/ugd/58172f_8bacccff6b394c70a4245a028435bf32.pdf#page=6;table=1;row=10	37e395246a44f63dbda8e024275a1f7789c2808c831d96593069464f529c7547		FULL_GOVERNED_SNAPSHOT	
layer-30fc287af323210b02d4d62e	assert-c3db55fd7b3c9c8d12a4ae92cdbf9112a5bc57a517831122	commercial-regional-avpa-coffees-roasted-at-origin-2023-avpa-2023-54	RESULT_METADATA		SINGLE_REJECTED_RESULT_LAYER	AWARD_ROW_CATEGORY_CLASSIFICATION_IS_RESULT_METADATA	https://www.avpa.fr/_files/ugd/58172f_30052b626d3046dc809ac7c1aadfb577.pdf#page=3;table=1;row=3	7e44c8ba26dff9508589edf308496c47b5104c07922101ba8d08eb0b89240c53		FULL_GOVERNED_SNAPSHOT	
layer-de3b5f24edd200b5dc7dcabf	assert-c4c835ee053dfefa2632037344afcb1b52a63308f9aced7a	commercial-regional-avpa-coffees-roasted-at-origin-2024-avpa-2024-90	RESULT_METADATA		SINGLE_REJECTED_RESULT_LAYER	AWARD_ROW_CATEGORY_CLASSIFICATION_IS_RESULT_METADATA	https://it.avpa.fr/_files/ugd/58172f_35c0d4eb0b3043bbb4dbe37d46bc608c.pdf#page=7;table=1;row=10	6f8be1365130c379c41b79fdbbde910f73f0e26f73f04a99ceba22e41702a847		FULL_GOVERNED_SNAPSHOT	
layer-91547bfd80094549822fbb1d	assert-c51b277045de73300c843606829f75275cc560927f7e870a	commercial-regional-avpa-coffees-roasted-at-origin-2023-avpa-2023-37	RESULT_METADATA		SINGLE_REJECTED_RESULT_LAYER	AWARD_ROW_CATEGORY_CLASSIFICATION_IS_RESULT_METADATA	https://www.avpa.fr/_files/ugd/58172f_30052b626d3046dc809ac7c1aadfb577.pdf#page=3;table=1;row=17	7e44c8ba26dff9508589edf308496c47b5104c07922101ba8d08eb0b89240c53		FULL_GOVERNED_SNAPSHOT	
layer-63549707073195ea385f9c2a	assert-c52efa8c01c9c0b7b91f94f5b1279f86e23333cfa3543847	commercial-regional-avpa-coffees-roasted-at-origin-2023-avpa-2023-97	RESULT_METADATA		SINGLE_REJECTED_RESULT_LAYER	AWARD_ROW_CATEGORY_CLASSIFICATION_IS_RESULT_METADATA	https://www.avpa.fr/_files/ugd/58172f_30052b626d3046dc809ac7c1aadfb577.pdf#page=4;table=1;row=19	7e44c8ba26dff9508589edf308496c47b5104c07922101ba8d08eb0b89240c53		FULL_GOVERNED_SNAPSHOT	
layer-96113ca7f08a9f33c8c64223	assert-c66e7f67afd6b55f821371e5fcf21f30b888082192f26b2d	commercial-regional-avpa-coffees-roasted-at-origin-2023-avpa-2023-47	RESULT_METADATA		SINGLE_REJECTED_RESULT_LAYER	AWARD_ROW_CATEGORY_CLASSIFICATION_IS_RESULT_METADATA	https://www.avpa.fr/_files/ugd/58172f_30052b626d3046dc809ac7c1aadfb577.pdf#page=4;table=1;row=9	7e44c8ba26dff9508589edf308496c47b5104c07922101ba8d08eb0b89240c53		FULL_GOVERNED_SNAPSHOT	
layer-e68266c0613002aced6b9703	assert-c686ee0a6b83cecd0aba72d5b15a1e0cd848be598b36b420	commercial-regional-avpa-coffees-roasted-at-origin-2024-avpa-2024-49	RESULT_METADATA		SINGLE_REJECTED_RESULT_LAYER	AWARD_ROW_CATEGORY_CLASSIFICATION_IS_RESULT_METADATA	https://it.avpa.fr/_files/ugd/58172f_35c0d4eb0b3043bbb4dbe37d46bc608c.pdf#page=6;table=1;row=2	6f8be1365130c379c41b79fdbbde910f73f0e26f73f04a99ceba22e41702a847		FULL_GOVERNED_SNAPSHOT	
layer-f9cadf09c38dcbea6b5c4b67	assert-c69076da38dcb0547a774f8a34bcef46dc330dfaf10bf662	commercial-regional-avpa-coffees-roasted-at-origin-2024-avpa-2024-25	RESULT_METADATA		SINGLE_REJECTED_RESULT_LAYER	AWARD_ROW_CATEGORY_CLASSIFICATION_IS_RESULT_METADATA	https://it.avpa.fr/_files/ugd/58172f_35c0d4eb0b3043bbb4dbe37d46bc608c.pdf#page=8;table=1;row=5	6f8be1365130c379c41b79fdbbde910f73f0e26f73f04a99ceba22e41702a847		FULL_GOVERNED_SNAPSHOT	
layer-9a8ea518482691374fa9e0a0	assert-c6a91649f48f417f0befcd02e0f9cafa5250508a3a2c9193	commercial-regional-avpa-coffees-roasted-at-origin-2023-avpa-2023-26	RESULT_METADATA		SINGLE_REJECTED_RESULT_LAYER	AWARD_ROW_CATEGORY_CLASSIFICATION_IS_RESULT_METADATA	https://www.avpa.fr/_files/ugd/58172f_30052b626d3046dc809ac7c1aadfb577.pdf#page=3;table=1;row=12	7e44c8ba26dff9508589edf308496c47b5104c07922101ba8d08eb0b89240c53		FULL_GOVERNED_SNAPSHOT	
layer-0b1e4f420dbe8c64d83bfd06	assert-c7ff3f2972b06f941bceb622fd63e542124f526f6d49da91	commercial-regional-avpa-coffees-roasted-at-origin-2023-avpa-2023-55	RESULT_METADATA		SINGLE_REJECTED_RESULT_LAYER	AWARD_ROW_CATEGORY_CLASSIFICATION_IS_RESULT_METADATA	https://www.avpa.fr/_files/ugd/58172f_30052b626d3046dc809ac7c1aadfb577.pdf#page=3;table=1;row=4	7e44c8ba26dff9508589edf308496c47b5104c07922101ba8d08eb0b89240c53		FULL_GOVERNED_SNAPSHOT	
layer-f56831d567884782e7e53d2e	assert-c8e38191b27117bb3b19f293831b6fc1bd8b5b6de621f395	commercial-regional-avpa-coffees-roasted-at-origin-2023-avpa-2023-25	RESULT_METADATA		SINGLE_REJECTED_RESULT_LAYER	AWARD_ROW_CATEGORY_CLASSIFICATION_IS_RESULT_METADATA	https://www.avpa.fr/_files/ugd/58172f_30052b626d3046dc809ac7c1aadfb577.pdf#page=3;table=1;row=15	7e44c8ba26dff9508589edf308496c47b5104c07922101ba8d08eb0b89240c53		FULL_GOVERNED_SNAPSHOT	
layer-a5307b3dafec23318dc24367	assert-c9369b1ba38921702c9c1b358e5310fa73c81922681c4473	commercial-regional-avpa-coffees-roasted-at-origin-2023-avpa-2023-104	RESULT_METADATA		SINGLE_REJECTED_RESULT_LAYER	AWARD_ROW_CATEGORY_CLASSIFICATION_IS_RESULT_METADATA	https://www.avpa.fr/_files/ugd/58172f_30052b626d3046dc809ac7c1aadfb577.pdf#page=2;table=1;row=19	7e44c8ba26dff9508589edf308496c47b5104c07922101ba8d08eb0b89240c53		FULL_GOVERNED_SNAPSHOT	
layer-12e71d9e2cdabd881c7f106e	assert-c98a8140c84d21062ed15501d45b58eff9a66d16719ec821	commercial-regional-avpa-coffees-roasted-at-origin-2022-avpa-2022-60	RESULT_METADATA		SINGLE_REJECTED_RESULT_LAYER	AWARD_ROW_CATEGORY_CLASSIFICATION_IS_RESULT_METADATA	https://www.avpa.fr/_files/ugd/58172f_6742d088d0844243bf7ecf5a0c14962d.pdf#page=3;table=1;row=15	9e24c113cad136b7471f2855a4f21b56f5255c9e6e91aac41801304b3006c6a7		FULL_GOVERNED_SNAPSHOT	
layer-4814c1321c617c65a6cba3a7	assert-ca2b2dfa53ab49ecaa14c8745a2904fd7bb6702f10b35455	commercial-regional-avpa-coffees-roasted-at-origin-2021-avpa-2021-51	RESULT_METADATA		SINGLE_REJECTED_RESULT_LAYER	AWARD_ROW_CATEGORY_CLASSIFICATION_IS_RESULT_METADATA	https://en.avpa.fr/_files/ugd/58172f_4c77467cf60241c68a87aa0c5ae471dd.pdf#page=1;table=1;row=4	bc2cadb1180e5e941708ad9a1b71637cdc3351c8fdd1cf543864948b1f63ac6f		FULL_GOVERNED_SNAPSHOT	
layer-89b4cb6d1d5957ee1bc03851	assert-cb76f7288df4e053e1816775fc167354c3f169e70f414fce	commercial-regional-avpa-coffees-roasted-at-origin-2025-avpa-2025-p5-r10	RESULT_METADATA		SINGLE_REJECTED_RESULT_LAYER	AWARD_ROW_CATEGORY_CLASSIFICATION_IS_RESULT_METADATA	https://es.avpa.fr/_files/ugd/58172f_8bacccff6b394c70a4245a028435bf32.pdf#page=5;table=1;row=10	37e395246a44f63dbda8e024275a1f7789c2808c831d96593069464f529c7547		FULL_GOVERNED_SNAPSHOT	
layer-55982a0cc6fa551957cb2eb2	assert-cd075c388267338a322b304d2a60c4a4bb7e82755062655a	commercial-regional-avpa-coffees-roasted-at-origin-2022-avpa-2022-65	RESULT_METADATA		SINGLE_REJECTED_RESULT_LAYER	AWARD_ROW_CATEGORY_CLASSIFICATION_IS_RESULT_METADATA	https://www.avpa.fr/_files/ugd/58172f_6742d088d0844243bf7ecf5a0c14962d.pdf#page=1;table=1;row=8	9e24c113cad136b7471f2855a4f21b56f5255c9e6e91aac41801304b3006c6a7		FULL_GOVERNED_SNAPSHOT	
layer-8a0b3dfd9048c497be965cb7	assert-cd3df1a11c5ac8be614b7e3051301b0ae8e86540e123646b	commercial-regional-avpa-coffees-roasted-at-origin-2025-avpa-2025-p2-r6	RESULT_METADATA		SINGLE_REJECTED_RESULT_LAYER	AWARD_ROW_CATEGORY_CLASSIFICATION_IS_RESULT_METADATA	https://es.avpa.fr/_files/ugd/58172f_8bacccff6b394c70a4245a028435bf32.pdf#page=2;table=1;row=6	37e395246a44f63dbda8e024275a1f7789c2808c831d96593069464f529c7547		FULL_GOVERNED_SNAPSHOT	
layer-7378965afb202d88b70df9ab	assert-cdec87c46e981c61bc53bb5f6eed260c8c02c8b50004b614	commercial-regional-avpa-coffees-roasted-at-origin-2022-avpa-2022-30	RESULT_METADATA		SINGLE_REJECTED_RESULT_LAYER	AWARD_ROW_CATEGORY_CLASSIFICATION_IS_RESULT_METADATA	https://www.avpa.fr/_files/ugd/58172f_6742d088d0844243bf7ecf5a0c14962d.pdf#page=4;table=1;row=2	9e24c113cad136b7471f2855a4f21b56f5255c9e6e91aac41801304b3006c6a7		FULL_GOVERNED_SNAPSHOT	
layer-2de83972574be59791a3dcbe	assert-cfdea7f16ad1cece0e8c9c5c2a500d6411e0aab6e9f1de97	commercial-regional-avpa-coffees-roasted-at-origin-2025-avpa-2025-p6-r4	RESULT_METADATA		SINGLE_REJECTED_RESULT_LAYER	AWARD_ROW_CATEGORY_CLASSIFICATION_IS_RESULT_METADATA	https://es.avpa.fr/_files/ugd/58172f_8bacccff6b394c70a4245a028435bf32.pdf#page=6;table=1;row=4	37e395246a44f63dbda8e024275a1f7789c2808c831d96593069464f529c7547		FULL_GOVERNED_SNAPSHOT	
layer-672822caa3b20fc70f29f93d	assert-d0b72b3ff52ea750cbfe1c60b40815d4c41f2ef825828523	commercial-regional-avpa-coffees-roasted-at-origin-2025-avpa-2025-p5-r7	RESULT_METADATA		SINGLE_REJECTED_RESULT_LAYER	AWARD_ROW_CATEGORY_CLASSIFICATION_IS_RESULT_METADATA	https://es.avpa.fr/_files/ugd/58172f_8bacccff6b394c70a4245a028435bf32.pdf#page=5;table=1;row=7	37e395246a44f63dbda8e024275a1f7789c2808c831d96593069464f529c7547		FULL_GOVERNED_SNAPSHOT	
layer-a9dd4f04564d4421691abde2	assert-d19bbc4a254e1572986e73f1884c122e0c2b53529d5a3f8f	commercial-regional-avpa-coffees-roasted-at-origin-2023-avpa-2023-117	RESULT_METADATA		SINGLE_REJECTED_RESULT_LAYER	AWARD_ROW_CATEGORY_CLASSIFICATION_IS_RESULT_METADATA	https://www.avpa.fr/_files/ugd/58172f_30052b626d3046dc809ac7c1aadfb577.pdf#page=1;table=1;row=5	7e44c8ba26dff9508589edf308496c47b5104c07922101ba8d08eb0b89240c53		FULL_GOVERNED_SNAPSHOT	
layer-1817e035dc201e943d75edb7	assert-d22a62df8399ee0604c99724e8472fd56f377be5215180ba	commercial-regional-avpa-coffees-roasted-at-origin-2025-avpa-2025-p1-r6	RESULT_METADATA		SINGLE_REJECTED_RESULT_LAYER	AWARD_ROW_CATEGORY_CLASSIFICATION_IS_RESULT_METADATA	https://es.avpa.fr/_files/ugd/58172f_8bacccff6b394c70a4245a028435bf32.pdf#page=1;table=1;row=6	37e395246a44f63dbda8e024275a1f7789c2808c831d96593069464f529c7547		FULL_GOVERNED_SNAPSHOT	
layer-1a23713f8be746046ef220b6	assert-d291fa4cef16b70975ba2ae83771b8aefd8cd33326932ef9	commercial-regional-avpa-coffees-roasted-at-origin-2024-avpa-2024-87	RESULT_METADATA		SINGLE_REJECTED_RESULT_LAYER	AWARD_ROW_CATEGORY_CLASSIFICATION_IS_RESULT_METADATA	https://it.avpa.fr/_files/ugd/58172f_35c0d4eb0b3043bbb4dbe37d46bc608c.pdf#page=7;table=1;row=6	6f8be1365130c379c41b79fdbbde910f73f0e26f73f04a99ceba22e41702a847		FULL_GOVERNED_SNAPSHOT	
layer-c31c41002ad54e3f09907674	assert-d30f776addb1232c8ab99ec26d82e111568e86d4d7afd48b	commercial-regional-avpa-coffees-roasted-at-origin-2024-avpa-2024-43	RESULT_METADATA		SINGLE_REJECTED_RESULT_LAYER	AWARD_ROW_CATEGORY_CLASSIFICATION_IS_RESULT_METADATA	https://it.avpa.fr/_files/ugd/58172f_35c0d4eb0b3043bbb4dbe37d46bc608c.pdf#page=1;table=1;row=7	6f8be1365130c379c41b79fdbbde910f73f0e26f73f04a99ceba22e41702a847		FULL_GOVERNED_SNAPSHOT	
layer-614470dff1bedb375bf4e8c6	assert-d4a9863afe0e1be7d6d2a992e7cf989948159e0ac8ad45e8	commercial-regional-avpa-coffees-roasted-at-origin-2024-avpa-2024-71	RESULT_METADATA		SINGLE_REJECTED_RESULT_LAYER	AWARD_ROW_CATEGORY_CLASSIFICATION_IS_RESULT_METADATA	https://it.avpa.fr/_files/ugd/58172f_35c0d4eb0b3043bbb4dbe37d46bc608c.pdf#page=2;table=1;row=12	6f8be1365130c379c41b79fdbbde910f73f0e26f73f04a99ceba22e41702a847		FULL_GOVERNED_SNAPSHOT	
layer-ace01b5f1cefcc09754cc60c	assert-d5898c746549c327e22f92b49d98f1a83df284ff4bf4d487	commercial-regional-avpa-coffees-roasted-at-origin-2024-avpa-2024-19	RESULT_METADATA		SINGLE_REJECTED_RESULT_LAYER	AWARD_ROW_CATEGORY_CLASSIFICATION_IS_RESULT_METADATA	https://it.avpa.fr/_files/ugd/58172f_35c0d4eb0b3043bbb4dbe37d46bc608c.pdf#page=7;table=1;row=4	6f8be1365130c379c41b79fdbbde910f73f0e26f73f04a99ceba22e41702a847		FULL_GOVERNED_SNAPSHOT	
layer-ee59c60ceb038f6f960ca74a	assert-d79c991b78572e8c004c8b790f2b82200c0fa15209b21bd5	commercial-regional-avpa-coffees-roasted-at-origin-2022-avpa-2022-27	RESULT_METADATA		SINGLE_REJECTED_RESULT_LAYER	AWARD_ROW_CATEGORY_CLASSIFICATION_IS_RESULT_METADATA	https://www.avpa.fr/_files/ugd/58172f_6742d088d0844243bf7ecf5a0c14962d.pdf#page=3;table=1;row=17	9e24c113cad136b7471f2855a4f21b56f5255c9e6e91aac41801304b3006c6a7		FULL_GOVERNED_SNAPSHOT	
layer-30b439f0476a61093de2306f	assert-d7c57f14e187dd85d6b5504d8f1c0e01dddcdfda61360652	commercial-regional-avpa-coffees-roasted-at-origin-2024-avpa-2024-31	RESULT_METADATA		SINGLE_REJECTED_RESULT_LAYER	AWARD_ROW_CATEGORY_CLASSIFICATION_IS_RESULT_METADATA	https://it.avpa.fr/_files/ugd/58172f_35c0d4eb0b3043bbb4dbe37d46bc608c.pdf#page=3;table=1;row=7	6f8be1365130c379c41b79fdbbde910f73f0e26f73f04a99ceba22e41702a847		FULL_GOVERNED_SNAPSHOT	
layer-ea08bc4dbe0806598f62d69c	assert-d7ce88e7706d9ea8ab5013099e110ea932d9c08a0872e906	commercial-regional-avpa-coffees-roasted-at-origin-2021-avpa-2021-1	RESULT_METADATA		SINGLE_REJECTED_RESULT_LAYER	AWARD_ROW_CATEGORY_CLASSIFICATION_IS_RESULT_METADATA	https://en.avpa.fr/_files/ugd/58172f_4c77467cf60241c68a87aa0c5ae471dd.pdf#page=4;table=1;row=12	bc2cadb1180e5e941708ad9a1b71637cdc3351c8fdd1cf543864948b1f63ac6f		FULL_GOVERNED_SNAPSHOT	
layer-461064dd0314d519451401e7	assert-d97c6c77b51eab26b2b0e104816409a881b9f904cc4f5682	commercial-regional-avpa-coffees-roasted-at-origin-2022-avpa-2022-46	RESULT_METADATA		SINGLE_REJECTED_RESULT_LAYER	AWARD_ROW_CATEGORY_CLASSIFICATION_IS_RESULT_METADATA	https://www.avpa.fr/_files/ugd/58172f_6742d088d0844243bf7ecf5a0c14962d.pdf#page=1;table=1;row=26	9e24c113cad136b7471f2855a4f21b56f5255c9e6e91aac41801304b3006c6a7		FULL_GOVERNED_SNAPSHOT	
layer-c3d09506e7945a385dc9d588	assert-d9c2288548610e5d615fcd3eff4dd2516b0599bafc3a83ea	commercial-regional-avpa-coffees-roasted-at-origin-2024-avpa-2024-77	RESULT_METADATA		SINGLE_REJECTED_RESULT_LAYER	AWARD_ROW_CATEGORY_CLASSIFICATION_IS_RESULT_METADATA	https://it.avpa.fr/_files/ugd/58172f_35c0d4eb0b3043bbb4dbe37d46bc608c.pdf#page=1;table=1;row=9	6f8be1365130c379c41b79fdbbde910f73f0e26f73f04a99ceba22e41702a847		FULL_GOVERNED_SNAPSHOT	
layer-9deffc6bb6eae991219c82c0	assert-da309041b651d09a252fe2702ba6ba5f24b6c41be69f332c	commercial-regional-avpa-coffees-roasted-at-origin-2025-avpa-2025-p3-r6	RESULT_METADATA		SINGLE_REJECTED_RESULT_LAYER	AWARD_ROW_CATEGORY_CLASSIFICATION_IS_RESULT_METADATA	https://es.avpa.fr/_files/ugd/58172f_8bacccff6b394c70a4245a028435bf32.pdf#page=3;table=1;row=6	37e395246a44f63dbda8e024275a1f7789c2808c831d96593069464f529c7547		FULL_GOVERNED_SNAPSHOT	
layer-e427f7a18a15ad97ffa5c7d4	assert-dbd818b9186a7d27e23492e62ddacf8d06a9fe185f7bfda0	commercial-regional-avpa-coffees-roasted-at-origin-2023-avpa-2023-84	RESULT_METADATA		SINGLE_REJECTED_RESULT_LAYER	AWARD_ROW_CATEGORY_CLASSIFICATION_IS_RESULT_METADATA	https://www.avpa.fr/_files/ugd/58172f_30052b626d3046dc809ac7c1aadfb577.pdf#page=2;table=1;row=15	7e44c8ba26dff9508589edf308496c47b5104c07922101ba8d08eb0b89240c53		FULL_GOVERNED_SNAPSHOT	
layer-e5fc7a191e91105d5c17751a	assert-dcb1c285040f1634a7699a7336648f379b99e42b69337b0e	commercial-regional-avpa-coffees-roasted-at-origin-2023-avpa-2023-105	RESULT_METADATA		SINGLE_REJECTED_RESULT_LAYER	AWARD_ROW_CATEGORY_CLASSIFICATION_IS_RESULT_METADATA	https://www.avpa.fr/_files/ugd/58172f_30052b626d3046dc809ac7c1aadfb577.pdf#page=4;table=1;row=13	7e44c8ba26dff9508589edf308496c47b5104c07922101ba8d08eb0b89240c53		FULL_GOVERNED_SNAPSHOT	
layer-197feb9b22e718049919f25e	assert-dcc2c4e4d06c823a3368f9024422b449616a64c87d309115	commercial-regional-avpa-coffees-roasted-at-origin-2022-avpa-2022-75	RESULT_METADATA		SINGLE_REJECTED_RESULT_LAYER	AWARD_ROW_CATEGORY_CLASSIFICATION_IS_RESULT_METADATA	https://www.avpa.fr/_files/ugd/58172f_6742d088d0844243bf7ecf5a0c14962d.pdf#page=4;table=1;row=13	9e24c113cad136b7471f2855a4f21b56f5255c9e6e91aac41801304b3006c6a7		FULL_GOVERNED_SNAPSHOT	
layer-d16dc5ffab77fd4f00e18a79	assert-dd5228457e211acff91651f60241d60600b1b0a3ee445bd4	commercial-regional-avpa-coffees-roasted-at-origin-2021-avpa-2021-55	RESULT_METADATA		SINGLE_REJECTED_RESULT_LAYER	AWARD_ROW_CATEGORY_CLASSIFICATION_IS_RESULT_METADATA	https://en.avpa.fr/_files/ugd/58172f_4c77467cf60241c68a87aa0c5ae471dd.pdf#page=4;table=1;row=13	bc2cadb1180e5e941708ad9a1b71637cdc3351c8fdd1cf543864948b1f63ac6f		FULL_GOVERNED_SNAPSHOT	
layer-7ea4139346f4eaded26c50f3	assert-de4b458c99089baaf061556f3d401af542cdb5cf08d66682	commercial-regional-avpa-coffees-roasted-at-origin-2023-avpa-2023-10	RESULT_METADATA		SINGLE_REJECTED_RESULT_LAYER	AWARD_ROW_CATEGORY_CLASSIFICATION_IS_RESULT_METADATA	https://www.avpa.fr/_files/ugd/58172f_30052b626d3046dc809ac7c1aadfb577.pdf#page=4;table=1;row=4	7e44c8ba26dff9508589edf308496c47b5104c07922101ba8d08eb0b89240c53		FULL_GOVERNED_SNAPSHOT	
layer-f3cb226e2f3de158104a29ba	assert-df12a4304ee96bb266cf38651240ede4c060d1fcd331dea5	commercial-regional-avpa-coffees-roasted-at-origin-2021-avpa-2021-106	RESULT_METADATA		SINGLE_REJECTED_RESULT_LAYER	AWARD_ROW_CATEGORY_CLASSIFICATION_IS_RESULT_METADATA	https://en.avpa.fr/_files/ugd/58172f_4c77467cf60241c68a87aa0c5ae471dd.pdf#page=4;table=1;row=3	bc2cadb1180e5e941708ad9a1b71637cdc3351c8fdd1cf543864948b1f63ac6f		FULL_GOVERNED_SNAPSHOT	
layer-d885985ba2dc7224997547d9	assert-df8fb228ad6c141152207d1bc775769fd7eaa2871ffe5005	commercial-regional-avpa-coffees-roasted-at-origin-2022-avpa-2022-37	RESULT_METADATA		SINGLE_REJECTED_RESULT_LAYER	AWARD_ROW_CATEGORY_CLASSIFICATION_IS_RESULT_METADATA	https://www.avpa.fr/_files/ugd/58172f_6742d088d0844243bf7ecf5a0c14962d.pdf#page=1;table=1;row=16	9e24c113cad136b7471f2855a4f21b56f5255c9e6e91aac41801304b3006c6a7		FULL_GOVERNED_SNAPSHOT	
layer-0db712f70ffd07c872b1a58e	assert-dfc410d230b08f07e4f60e2925063ae3ce7ee7dd8184723a	commercial-regional-avpa-coffees-roasted-at-origin-2022-avpa-2022-52	RESULT_METADATA		SINGLE_REJECTED_RESULT_LAYER	AWARD_ROW_CATEGORY_CLASSIFICATION_IS_RESULT_METADATA	https://www.avpa.fr/_files/ugd/58172f_6742d088d0844243bf7ecf5a0c14962d.pdf#page=3;table=1;row=20	9e24c113cad136b7471f2855a4f21b56f5255c9e6e91aac41801304b3006c6a7		FULL_GOVERNED_SNAPSHOT	
layer-2636823748fd5b7d16502049	assert-e18a87941662f3c84ff23490155dcf72018b58c38b8e2eee	commercial-regional-avpa-coffees-roasted-at-origin-2023-avpa-2023-61	RESULT_METADATA		SINGLE_REJECTED_RESULT_LAYER	AWARD_ROW_CATEGORY_CLASSIFICATION_IS_RESULT_METADATA	https://www.avpa.fr/_files/ugd/58172f_30052b626d3046dc809ac7c1aadfb577.pdf#page=3;table=1;row=14	7e44c8ba26dff9508589edf308496c47b5104c07922101ba8d08eb0b89240c53		FULL_GOVERNED_SNAPSHOT	
layer-334ba4bc6adadfd030dd7883	assert-e26dac245050d497c16f0baa9385b998bf8d00116525fdd4	commercial-regional-avpa-coffees-roasted-at-origin-2024-avpa-2024-64	RESULT_METADATA		SINGLE_REJECTED_RESULT_LAYER	AWARD_ROW_CATEGORY_CLASSIFICATION_IS_RESULT_METADATA	https://it.avpa.fr/_files/ugd/58172f_35c0d4eb0b3043bbb4dbe37d46bc608c.pdf#page=7;table=1;row=12	6f8be1365130c379c41b79fdbbde910f73f0e26f73f04a99ceba22e41702a847		FULL_GOVERNED_SNAPSHOT	
layer-ac8b9ea9196b7c3b021f9b52	assert-e3078bf2e7e0a92f0eb28a8d881ef20af54c7ceeee66419d	commercial-regional-avpa-coffees-roasted-at-origin-2022-avpa-2022-42	RESULT_METADATA		SINGLE_REJECTED_RESULT_LAYER	AWARD_ROW_CATEGORY_CLASSIFICATION_IS_RESULT_METADATA	https://www.avpa.fr/_files/ugd/58172f_6742d088d0844243bf7ecf5a0c14962d.pdf#page=1;table=1;row=14	9e24c113cad136b7471f2855a4f21b56f5255c9e6e91aac41801304b3006c6a7		FULL_GOVERNED_SNAPSHOT	
layer-e1a5dbf2902601fadc0cdafc	assert-e3c9cb3a50cd05de3c3b16d857b74618888b53f56e0d233b	commercial-regional-avpa-coffees-roasted-at-origin-2023-avpa-2023-30	RESULT_METADATA		SINGLE_REJECTED_RESULT_LAYER	AWARD_ROW_CATEGORY_CLASSIFICATION_IS_RESULT_METADATA	https://www.avpa.fr/_files/ugd/58172f_30052b626d3046dc809ac7c1aadfb577.pdf#page=3;table=1;row=19	7e44c8ba26dff9508589edf308496c47b5104c07922101ba8d08eb0b89240c53		FULL_GOVERNED_SNAPSHOT	
layer-5e9ad3487e32a997974b2a9f	assert-e3dd17a4cd07a5ab0bc1fd00a2240adbdbcad7b828f3db66	commercial-regional-avpa-coffees-roasted-at-origin-2021-avpa-2021-88	RESULT_METADATA		SINGLE_REJECTED_RESULT_LAYER	AWARD_ROW_CATEGORY_CLASSIFICATION_IS_RESULT_METADATA	https://en.avpa.fr/_files/ugd/58172f_4c77467cf60241c68a87aa0c5ae471dd.pdf#page=3;table=1;row=4	bc2cadb1180e5e941708ad9a1b71637cdc3351c8fdd1cf543864948b1f63ac6f		FULL_GOVERNED_SNAPSHOT	
layer-0453eda6cd2c3471150dacfc	assert-e40796140fa1127fc8f08840b3814f6497e328f1d79f8da5	commercial-regional-avpa-coffees-roasted-at-origin-2025-avpa-2025-p6-r2	RESULT_METADATA		SINGLE_REJECTED_RESULT_LAYER	AWARD_ROW_CATEGORY_CLASSIFICATION_IS_RESULT_METADATA	https://es.avpa.fr/_files/ugd/58172f_8bacccff6b394c70a4245a028435bf32.pdf#page=6;table=1;row=2	37e395246a44f63dbda8e024275a1f7789c2808c831d96593069464f529c7547		FULL_GOVERNED_SNAPSHOT	
layer-8a0d9db92248ab89f10fd1e4	assert-e48e8ff6afb6e8d758a36b328c69d95739857ca2a06d744a	commercial-regional-avpa-coffees-roasted-at-origin-2022-avpa-2022-57	RESULT_METADATA		SINGLE_REJECTED_RESULT_LAYER	AWARD_ROW_CATEGORY_CLASSIFICATION_IS_RESULT_METADATA	https://www.avpa.fr/_files/ugd/58172f_6742d088d0844243bf7ecf5a0c14962d.pdf#page=1;table=1;row=33	9e24c113cad136b7471f2855a4f21b56f5255c9e6e91aac41801304b3006c6a7		FULL_GOVERNED_SNAPSHOT	
layer-aa09080540949fd7fb983b3e	assert-e51b22b8e9f92bf1dffc0731f91bdf7e9a158dc5815dd866	commercial-regional-avpa-coffees-roasted-at-origin-2024-avpa-2024-102	RESULT_METADATA		SINGLE_REJECTED_RESULT_LAYER	AWARD_ROW_CATEGORY_CLASSIFICATION_IS_RESULT_METADATA	https://it.avpa.fr/_files/ugd/58172f_35c0d4eb0b3043bbb4dbe37d46bc608c.pdf#page=4;table=1;row=2	6f8be1365130c379c41b79fdbbde910f73f0e26f73f04a99ceba22e41702a847		FULL_GOVERNED_SNAPSHOT	
layer-52f003f945451d5d4a99c4a2	assert-e651c12c500ad823ad39d9e27888a035b241a1372577aacf	commercial-regional-avpa-coffees-roasted-at-origin-2022-avpa-2022-73	RESULT_METADATA		SINGLE_REJECTED_RESULT_LAYER	AWARD_ROW_CATEGORY_CLASSIFICATION_IS_RESULT_METADATA	https://www.avpa.fr/_files/ugd/58172f_6742d088d0844243bf7ecf5a0c14962d.pdf#page=1;table=1;row=2	9e24c113cad136b7471f2855a4f21b56f5255c9e6e91aac41801304b3006c6a7		FULL_GOVERNED_SNAPSHOT	
layer-c84ab5dec349611b96dad306	assert-e680ef637a2e6f3b330c7907c3f1722ae1a33d33dbf2025e	commercial-regional-avpa-coffees-roasted-at-origin-2025-avpa-2025-p3-r5	RESULT_METADATA		SINGLE_REJECTED_RESULT_LAYER	AWARD_ROW_CATEGORY_CLASSIFICATION_IS_RESULT_METADATA	https://es.avpa.fr/_files/ugd/58172f_8bacccff6b394c70a4245a028435bf32.pdf#page=3;table=1;row=5	37e395246a44f63dbda8e024275a1f7789c2808c831d96593069464f529c7547		FULL_GOVERNED_SNAPSHOT	
layer-18c91a9221b2b61c168360fa	assert-e76da8a8bbaf5e8f8887c55ce9fbc1cc40657fc07b11fc2f	commercial-regional-avpa-coffees-roasted-at-origin-2023-avpa-2023-100	RESULT_METADATA		SINGLE_REJECTED_RESULT_LAYER	AWARD_ROW_CATEGORY_CLASSIFICATION_IS_RESULT_METADATA	https://www.avpa.fr/_files/ugd/58172f_30052b626d3046dc809ac7c1aadfb577.pdf#page=5;table=1;row=8	7e44c8ba26dff9508589edf308496c47b5104c07922101ba8d08eb0b89240c53		FULL_GOVERNED_SNAPSHOT	
layer-94b2e063fbc566495ac100e3	assert-e78cee906248bfbc0076afa02699456622111eb319721f2c	commercial-regional-avpa-coffees-roasted-at-origin-2023-avpa-2023-46	RESULT_METADATA		SINGLE_REJECTED_RESULT_LAYER	AWARD_ROW_CATEGORY_CLASSIFICATION_IS_RESULT_METADATA	https://www.avpa.fr/_files/ugd/58172f_30052b626d3046dc809ac7c1aadfb577.pdf#page=5;table=1;row=3	7e44c8ba26dff9508589edf308496c47b5104c07922101ba8d08eb0b89240c53		FULL_GOVERNED_SNAPSHOT	
layer-c75f79d163be5193efc6ac70	assert-e8889fdc970a0e649dd4a75e0c6a182927851b9d604c0651	commercial-regional-avpa-coffees-roasted-at-origin-2025-avpa-2025-p7-r6	RESULT_METADATA		SINGLE_REJECTED_RESULT_LAYER	AWARD_ROW_CATEGORY_CLASSIFICATION_IS_RESULT_METADATA	https://es.avpa.fr/_files/ugd/58172f_8bacccff6b394c70a4245a028435bf32.pdf#page=7;table=1;row=6	37e395246a44f63dbda8e024275a1f7789c2808c831d96593069464f529c7547		FULL_GOVERNED_SNAPSHOT	
layer-8897ea4cfe8fa4a79963bfef	assert-e90c67c0b98c3c2460170ccb5cf1a0912a7f4fee64e81f43	commercial-regional-avpa-coffees-roasted-at-origin-2024-avpa-2024-53	RESULT_METADATA		SINGLE_REJECTED_RESULT_LAYER	AWARD_ROW_CATEGORY_CLASSIFICATION_IS_RESULT_METADATA	https://it.avpa.fr/_files/ugd/58172f_35c0d4eb0b3043bbb4dbe37d46bc608c.pdf#page=6;table=1;row=4	6f8be1365130c379c41b79fdbbde910f73f0e26f73f04a99ceba22e41702a847		FULL_GOVERNED_SNAPSHOT	
layer-0694d7348c9749240dfb2ee7	assert-e9b86b35a6f71f9be50fd0a0c5697893581db76a43438604	commercial-regional-avpa-coffees-roasted-at-origin-2024-avpa-2024-105	RESULT_METADATA		SINGLE_REJECTED_RESULT_LAYER	AWARD_ROW_CATEGORY_CLASSIFICATION_IS_RESULT_METADATA	https://it.avpa.fr/_files/ugd/58172f_35c0d4eb0b3043bbb4dbe37d46bc608c.pdf#page=4;table=1;row=8	6f8be1365130c379c41b79fdbbde910f73f0e26f73f04a99ceba22e41702a847		FULL_GOVERNED_SNAPSHOT	
layer-77ae999a87358e3ae19cd10c	assert-ea3d0c5ab8f2cfb1ff5916f32612a40c535accf366199836	commercial-regional-avpa-coffees-roasted-at-origin-2023-avpa-2023-62	RESULT_METADATA		SINGLE_REJECTED_RESULT_LAYER	AWARD_ROW_CATEGORY_CLASSIFICATION_IS_RESULT_METADATA	https://www.avpa.fr/_files/ugd/58172f_30052b626d3046dc809ac7c1aadfb577.pdf#page=2;table=1;row=4	7e44c8ba26dff9508589edf308496c47b5104c07922101ba8d08eb0b89240c53		FULL_GOVERNED_SNAPSHOT	
layer-e0f52c596b4b7a7f628089ce	assert-ec94881d6380570dc5bde78b2595b648cfa1b523ad96e88e	commercial-regional-avpa-coffees-roasted-at-origin-2024-avpa-2024-107	RESULT_METADATA		SINGLE_REJECTED_RESULT_LAYER	AWARD_ROW_CATEGORY_CLASSIFICATION_IS_RESULT_METADATA	https://it.avpa.fr/_files/ugd/58172f_35c0d4eb0b3043bbb4dbe37d46bc608c.pdf#page=3;table=1;row=12	6f8be1365130c379c41b79fdbbde910f73f0e26f73f04a99ceba22e41702a847		FULL_GOVERNED_SNAPSHOT	
layer-3bbed7bad788c6bc64f94551	assert-ecd31b500a167db7cb23950b7a0eba9a3d469a71185820e2	commercial-regional-avpa-coffees-roasted-at-origin-2023-avpa-2023-42	RESULT_METADATA		SINGLE_REJECTED_RESULT_LAYER	AWARD_ROW_CATEGORY_CLASSIFICATION_IS_RESULT_METADATA	https://www.avpa.fr/_files/ugd/58172f_30052b626d3046dc809ac7c1aadfb577.pdf#page=2;table=1;row=22	7e44c8ba26dff9508589edf308496c47b5104c07922101ba8d08eb0b89240c53		FULL_GOVERNED_SNAPSHOT	
layer-b359c99f6d132bd5163bc1ac	assert-ed38fe8e70c8cf39e4d372c76e5b879643b7559f04ce778d	commercial-regional-avpa-coffees-roasted-at-origin-2021-avpa-2021-76	RESULT_METADATA		SINGLE_REJECTED_RESULT_LAYER	AWARD_ROW_CATEGORY_CLASSIFICATION_IS_RESULT_METADATA	https://en.avpa.fr/_files/ugd/58172f_4c77467cf60241c68a87aa0c5ae471dd.pdf#page=2;table=1;row=16	bc2cadb1180e5e941708ad9a1b71637cdc3351c8fdd1cf543864948b1f63ac6f		FULL_GOVERNED_SNAPSHOT	
layer-33303d8deb9cabfbf4dc1e9e	assert-ed8ee2b92ab7b74aaa17bf7b32840e6dd8e53513e8a78727	commercial-regional-avpa-coffees-roasted-at-origin-2023-avpa-2023-109	RESULT_METADATA		SINGLE_REJECTED_RESULT_LAYER	AWARD_ROW_CATEGORY_CLASSIFICATION_IS_RESULT_METADATA	https://www.avpa.fr/_files/ugd/58172f_30052b626d3046dc809ac7c1aadfb577.pdf#page=2;table=1;row=23	7e44c8ba26dff9508589edf308496c47b5104c07922101ba8d08eb0b89240c53		FULL_GOVERNED_SNAPSHOT	
layer-3c629f8970a7434daacaa24b	assert-edc690f13c7002ac4d9f109b8372395a83bb1f564cca72c9	commercial-regional-avpa-coffees-roasted-at-origin-2022-avpa-2022-38	RESULT_METADATA		SINGLE_REJECTED_RESULT_LAYER	AWARD_ROW_CATEGORY_CLASSIFICATION_IS_RESULT_METADATA	https://www.avpa.fr/_files/ugd/58172f_6742d088d0844243bf7ecf5a0c14962d.pdf#page=1;table=1;row=12	9e24c113cad136b7471f2855a4f21b56f5255c9e6e91aac41801304b3006c6a7		FULL_GOVERNED_SNAPSHOT	
layer-eb1802412f88f4d066e407b7	assert-ee0ebfa090450dc48e1d8205ad2818e53c6fa9eb3bde7e24	commercial-regional-avpa-coffees-roasted-at-origin-2025-avpa-2025-p1-r4	RESULT_METADATA		SINGLE_REJECTED_RESULT_LAYER	AWARD_ROW_CATEGORY_CLASSIFICATION_IS_RESULT_METADATA	https://es.avpa.fr/_files/ugd/58172f_8bacccff6b394c70a4245a028435bf32.pdf#page=1;table=1;row=4	37e395246a44f63dbda8e024275a1f7789c2808c831d96593069464f529c7547		FULL_GOVERNED_SNAPSHOT	
layer-058166906839f537cbd94ff0	assert-ee4fc7845f468b2d709162f5e475398ef3db3d1aae666e03	commercial-regional-avpa-coffees-roasted-at-origin-2025-avpa-2025-p5-r8	RESULT_METADATA		SINGLE_REJECTED_RESULT_LAYER	AWARD_ROW_CATEGORY_CLASSIFICATION_IS_RESULT_METADATA	https://es.avpa.fr/_files/ugd/58172f_8bacccff6b394c70a4245a028435bf32.pdf#page=5;table=1;row=8	37e395246a44f63dbda8e024275a1f7789c2808c831d96593069464f529c7547		FULL_GOVERNED_SNAPSHOT	
layer-99b1bbbd29d46c39c5e38fd0	assert-ef889ca9a6ddfa3befc3e0a1e0c57072b3adfd3f4e299eb4	commercial-regional-avpa-coffees-roasted-at-origin-2024-avpa-2024-12	RESULT_METADATA		SINGLE_REJECTED_RESULT_LAYER	AWARD_ROW_CATEGORY_CLASSIFICATION_IS_RESULT_METADATA	https://it.avpa.fr/_files/ugd/58172f_35c0d4eb0b3043bbb4dbe37d46bc608c.pdf#page=2;table=1;row=2	6f8be1365130c379c41b79fdbbde910f73f0e26f73f04a99ceba22e41702a847		FULL_GOVERNED_SNAPSHOT	
layer-1351d0d284b13e3756689bd2	assert-efba9e750328961f2b89c0b27bcc6695cda62f46c47a2807	commercial-regional-avpa-coffees-roasted-at-origin-2022-avpa-2022-50	RESULT_METADATA		SINGLE_REJECTED_RESULT_LAYER	AWARD_ROW_CATEGORY_CLASSIFICATION_IS_RESULT_METADATA	https://www.avpa.fr/_files/ugd/58172f_6742d088d0844243bf7ecf5a0c14962d.pdf#page=1;table=1;row=31	9e24c113cad136b7471f2855a4f21b56f5255c9e6e91aac41801304b3006c6a7		FULL_GOVERNED_SNAPSHOT	
layer-badbf1c1e98372067413f2f0	assert-f000aa1c85ba6c90a68d116e45ff89bb057c339a42a41541	commercial-regional-avpa-coffees-roasted-at-origin-2021-avpa-2021-56	RESULT_METADATA		SINGLE_REJECTED_RESULT_LAYER	AWARD_ROW_CATEGORY_CLASSIFICATION_IS_RESULT_METADATA	https://en.avpa.fr/_files/ugd/58172f_4c77467cf60241c68a87aa0c5ae471dd.pdf#page=4;table=1;row=15	bc2cadb1180e5e941708ad9a1b71637cdc3351c8fdd1cf543864948b1f63ac6f		FULL_GOVERNED_SNAPSHOT	
layer-c5e753b303d28472541f4ce9	assert-f1090eecfcedd8feee768ff0a79f3a56ee73fcb47bf57eb6	commercial-regional-avpa-coffees-roasted-at-origin-2025-avpa-2025-p6-r5	RESULT_METADATA		SINGLE_REJECTED_RESULT_LAYER	AWARD_ROW_CATEGORY_CLASSIFICATION_IS_RESULT_METADATA	https://es.avpa.fr/_files/ugd/58172f_8bacccff6b394c70a4245a028435bf32.pdf#page=6;table=1;row=5	37e395246a44f63dbda8e024275a1f7789c2808c831d96593069464f529c7547		FULL_GOVERNED_SNAPSHOT	
layer-554fe9038ef8ca1c1b05ebe6	assert-f187aaefe078e0ec59cd250dfd2d3da771afe2fb6355c8c8	commercial-regional-avpa-coffees-roasted-at-origin-2024-avpa-2024-89	RESULT_METADATA		SINGLE_REJECTED_RESULT_LAYER	AWARD_ROW_CATEGORY_CLASSIFICATION_IS_RESULT_METADATA	https://it.avpa.fr/_files/ugd/58172f_35c0d4eb0b3043bbb4dbe37d46bc608c.pdf#page=6;table=1;row=8	6f8be1365130c379c41b79fdbbde910f73f0e26f73f04a99ceba22e41702a847		FULL_GOVERNED_SNAPSHOT	
layer-26c9156881a23be88c5ce4f6	assert-f1d0f4ec131876f2de9b83e4063dcd46b11155aeadafc2ab	commercial-regional-avpa-coffees-roasted-at-origin-2022-avpa-2022-15	RESULT_METADATA		SINGLE_REJECTED_RESULT_LAYER	AWARD_ROW_CATEGORY_CLASSIFICATION_IS_RESULT_METADATA	https://www.avpa.fr/_files/ugd/58172f_6742d088d0844243bf7ecf5a0c14962d.pdf#page=3;table=1;row=4	9e24c113cad136b7471f2855a4f21b56f5255c9e6e91aac41801304b3006c6a7		FULL_GOVERNED_SNAPSHOT	
layer-11d17811c4d32c86792f7d97	assert-f2bd59ac90bc6c7cd80acaa4b3293f4c58498253fa689365	commercial-regional-avpa-coffees-roasted-at-origin-2021-avpa-2021-6	RESULT_METADATA		SINGLE_REJECTED_RESULT_LAYER	AWARD_ROW_CATEGORY_CLASSIFICATION_IS_RESULT_METADATA	https://en.avpa.fr/_files/ugd/58172f_4c77467cf60241c68a87aa0c5ae471dd.pdf#page=4;table=1;row=8	bc2cadb1180e5e941708ad9a1b71637cdc3351c8fdd1cf543864948b1f63ac6f		FULL_GOVERNED_SNAPSHOT	
layer-12031c45314a3c255ee8a6da	assert-f4b9d8a48319d207980b9eede97a16644087a3f6363dca00	commercial-regional-avpa-coffees-roasted-at-origin-2023-avpa-2023-16	RESULT_METADATA		SINGLE_REJECTED_RESULT_LAYER	AWARD_ROW_CATEGORY_CLASSIFICATION_IS_RESULT_METADATA	https://www.avpa.fr/_files/ugd/58172f_30052b626d3046dc809ac7c1aadfb577.pdf#page=3;table=1;row=6	7e44c8ba26dff9508589edf308496c47b5104c07922101ba8d08eb0b89240c53		FULL_GOVERNED_SNAPSHOT	
layer-600925510116e33a53638ad9	assert-f5d3224f54efc20efd3b1ebfe2a19685c36fc3b55e571bd6	commercial-regional-avpa-coffees-roasted-at-origin-2021-avpa-2021-41	RESULT_METADATA		SINGLE_REJECTED_RESULT_LAYER	AWARD_ROW_CATEGORY_CLASSIFICATION_IS_RESULT_METADATA	https://en.avpa.fr/_files/ugd/58172f_4c77467cf60241c68a87aa0c5ae471dd.pdf#page=1;table=1;row=13	bc2cadb1180e5e941708ad9a1b71637cdc3351c8fdd1cf543864948b1f63ac6f		FULL_GOVERNED_SNAPSHOT	
layer-47935309788b1b9a5a55b6ff	assert-f6881abab16252cdf6c26bb79a22d0cb01083ff2d61dcb28	commercial-regional-avpa-coffees-roasted-at-origin-2024-avpa-2024-65	RESULT_METADATA		SINGLE_REJECTED_RESULT_LAYER	AWARD_ROW_CATEGORY_CLASSIFICATION_IS_RESULT_METADATA	https://it.avpa.fr/_files/ugd/58172f_35c0d4eb0b3043bbb4dbe37d46bc608c.pdf#page=6;table=1;row=12	6f8be1365130c379c41b79fdbbde910f73f0e26f73f04a99ceba22e41702a847		FULL_GOVERNED_SNAPSHOT	
layer-b7ba80f73050fc997363d165	assert-f6ffb8dda9bd452759b66c017e74db2033ea488891a078af	commercial-regional-avpa-coffees-roasted-at-origin-2025-avpa-2025-p5-r5	RESULT_METADATA		SINGLE_REJECTED_RESULT_LAYER	AWARD_ROW_CATEGORY_CLASSIFICATION_IS_RESULT_METADATA	https://es.avpa.fr/_files/ugd/58172f_8bacccff6b394c70a4245a028435bf32.pdf#page=5;table=1;row=5	37e395246a44f63dbda8e024275a1f7789c2808c831d96593069464f529c7547		FULL_GOVERNED_SNAPSHOT	
layer-ac7fdefa858b5dcc8c6494a8	assert-f805dfd284d33d51db7d3a5cda2dd9774b04b4b3a9d21dc0	commercial-regional-avpa-coffees-roasted-at-origin-2025-avpa-2025-p4-r11	RESULT_METADATA		SINGLE_REJECTED_RESULT_LAYER	AWARD_ROW_CATEGORY_CLASSIFICATION_IS_RESULT_METADATA	https://es.avpa.fr/_files/ugd/58172f_8bacccff6b394c70a4245a028435bf32.pdf#page=4;table=1;row=11	37e395246a44f63dbda8e024275a1f7789c2808c831d96593069464f529c7547		FULL_GOVERNED_SNAPSHOT	
layer-adc4281afdc9356ad9841953	assert-f9310cf40985202bbf8b0fe7e491c798b0c5f027697eb317	commercial-regional-avpa-coffees-roasted-at-origin-2023-avpa-2023-29	RESULT_METADATA		SINGLE_REJECTED_RESULT_LAYER	AWARD_ROW_CATEGORY_CLASSIFICATION_IS_RESULT_METADATA	https://www.avpa.fr/_files/ugd/58172f_30052b626d3046dc809ac7c1aadfb577.pdf#page=3;table=1;row=18	7e44c8ba26dff9508589edf308496c47b5104c07922101ba8d08eb0b89240c53		FULL_GOVERNED_SNAPSHOT	
layer-8f31373ce09113114566036d	assert-fa2737986e820d11895b051802d871d88e55112213014f11	commercial-regional-avpa-coffees-roasted-at-origin-2025-avpa-2025-p2-r13	RESULT_METADATA		SINGLE_REJECTED_RESULT_LAYER	AWARD_ROW_CATEGORY_CLASSIFICATION_IS_RESULT_METADATA	https://es.avpa.fr/_files/ugd/58172f_8bacccff6b394c70a4245a028435bf32.pdf#page=2;table=1;row=13	37e395246a44f63dbda8e024275a1f7789c2808c831d96593069464f529c7547		FULL_GOVERNED_SNAPSHOT	
layer-90814afc8e6140bac791c74c	assert-fa445cd3dfb11d70bb9e015cfa362e4ea6ab7879bf0cbc4d	commercial-regional-avpa-coffees-roasted-at-origin-2024-avpa-2024-56	RESULT_METADATA		SINGLE_REJECTED_RESULT_LAYER	AWARD_ROW_CATEGORY_CLASSIFICATION_IS_RESULT_METADATA	https://it.avpa.fr/_files/ugd/58172f_35c0d4eb0b3043bbb4dbe37d46bc608c.pdf#page=7;table=1;row=9	6f8be1365130c379c41b79fdbbde910f73f0e26f73f04a99ceba22e41702a847		FULL_GOVERNED_SNAPSHOT	
layer-71b3c71377bf75e4566c5ebf	assert-fa694cabd3bee3398f936aef68d7107a58d118c847d302c5	commercial-regional-avpa-coffees-roasted-at-origin-2021-avpa-2021-73	RESULT_METADATA		SINGLE_REJECTED_RESULT_LAYER	AWARD_ROW_CATEGORY_CLASSIFICATION_IS_RESULT_METADATA	https://en.avpa.fr/_files/ugd/58172f_4c77467cf60241c68a87aa0c5ae471dd.pdf#page=2;table=1;row=2	bc2cadb1180e5e941708ad9a1b71637cdc3351c8fdd1cf543864948b1f63ac6f		FULL_GOVERNED_SNAPSHOT	
layer-588fd6b58f504d80cc262916	assert-fb00706f548dff7d011233fd7b50d68edec75bdec709341c	commercial-regional-avpa-coffees-roasted-at-origin-2021-avpa-2021-66	RESULT_METADATA		SINGLE_REJECTED_RESULT_LAYER	AWARD_ROW_CATEGORY_CLASSIFICATION_IS_RESULT_METADATA	https://en.avpa.fr/_files/ugd/58172f_4c77467cf60241c68a87aa0c5ae471dd.pdf#page=5;table=1;row=6	bc2cadb1180e5e941708ad9a1b71637cdc3351c8fdd1cf543864948b1f63ac6f		FULL_GOVERNED_SNAPSHOT	
layer-12f06cc1bf0f99944762cce0	assert-fb0c493a6b28b164d80f44d394a64c3e4da93bebac25a51c	commercial-regional-avpa-coffees-roasted-at-origin-2021-avpa-2021-102	RESULT_METADATA		SINGLE_REJECTED_RESULT_LAYER	AWARD_ROW_CATEGORY_CLASSIFICATION_IS_RESULT_METADATA	https://en.avpa.fr/_files/ugd/58172f_4c77467cf60241c68a87aa0c5ae471dd.pdf#page=1;table=1;row=6	bc2cadb1180e5e941708ad9a1b71637cdc3351c8fdd1cf543864948b1f63ac6f		FULL_GOVERNED_SNAPSHOT	
layer-420223cd3e5afcce6603bf71	assert-fb48c6ef4e203abcb936fd2adc4a76f90ea789546589eb0d	commercial-regional-avpa-coffees-roasted-at-origin-2024-avpa-2024-114	RESULT_METADATA		SINGLE_REJECTED_RESULT_LAYER	AWARD_ROW_CATEGORY_CLASSIFICATION_IS_RESULT_METADATA	https://it.avpa.fr/_files/ugd/58172f_35c0d4eb0b3043bbb4dbe37d46bc608c.pdf#page=4;table=1;row=9	6f8be1365130c379c41b79fdbbde910f73f0e26f73f04a99ceba22e41702a847		FULL_GOVERNED_SNAPSHOT	
layer-2084f3df3c84d5b7bed9cd2f	assert-fbdc230509f122623cf5fdd71ff1316097b9e963fe8f4d5c	commercial-regional-avpa-coffees-roasted-at-origin-2024-avpa-2024-36	RESULT_METADATA		SINGLE_REJECTED_RESULT_LAYER	AWARD_ROW_CATEGORY_CLASSIFICATION_IS_RESULT_METADATA	https://it.avpa.fr/_files/ugd/58172f_35c0d4eb0b3043bbb4dbe37d46bc608c.pdf#page=8;table=1;row=9	6f8be1365130c379c41b79fdbbde910f73f0e26f73f04a99ceba22e41702a847		FULL_GOVERNED_SNAPSHOT	
layer-6406c06037d7fbcee841ba31	assert-fbfa048c2a604c21e773e21c9a437a7c0ce97fcfbee3adff	commercial-regional-avpa-coffees-roasted-at-origin-2021-avpa-2021-30	RESULT_METADATA		SINGLE_REJECTED_RESULT_LAYER	AWARD_ROW_CATEGORY_CLASSIFICATION_IS_RESULT_METADATA	https://en.avpa.fr/_files/ugd/58172f_4c77467cf60241c68a87aa0c5ae471dd.pdf#page=2;table=1;row=15	bc2cadb1180e5e941708ad9a1b71637cdc3351c8fdd1cf543864948b1f63ac6f		FULL_GOVERNED_SNAPSHOT	
layer-9c5c1f2e6559c4207d4198d3	assert-fbff93b80599d6223428deae69fb660305ef170e535080b1	commercial-regional-avpa-coffees-roasted-at-origin-2023-avpa-2023-39	RESULT_METADATA		SINGLE_REJECTED_RESULT_LAYER	AWARD_ROW_CATEGORY_CLASSIFICATION_IS_RESULT_METADATA	https://www.avpa.fr/_files/ugd/58172f_30052b626d3046dc809ac7c1aadfb577.pdf#page=2;table=1;row=21	7e44c8ba26dff9508589edf308496c47b5104c07922101ba8d08eb0b89240c53		FULL_GOVERNED_SNAPSHOT	
layer-470836a8018a39d92421f90e	assert-fc0a2c05cd066bdfd55c38898bf784c354a448702f51fd02	commercial-regional-avpa-coffees-roasted-at-origin-2023-avpa-2023-27	RESULT_METADATA		SINGLE_REJECTED_RESULT_LAYER	AWARD_ROW_CATEGORY_CLASSIFICATION_IS_RESULT_METADATA	https://www.avpa.fr/_files/ugd/58172f_30052b626d3046dc809ac7c1aadfb577.pdf#page=3;table=1;row=11	7e44c8ba26dff9508589edf308496c47b5104c07922101ba8d08eb0b89240c53		FULL_GOVERNED_SNAPSHOT	
layer-d4f73ef6bc4f28bb0c940089	assert-fc6c4ed1ef357b2e8b4a52f445df419f8297371d17ddb6b7	commercial-regional-avpa-coffees-roasted-at-origin-2022-avpa-2022-56	RESULT_METADATA		SINGLE_REJECTED_RESULT_LAYER	AWARD_ROW_CATEGORY_CLASSIFICATION_IS_RESULT_METADATA	https://www.avpa.fr/_files/ugd/58172f_6742d088d0844243bf7ecf5a0c14962d.pdf#page=3;table=1;row=21	9e24c113cad136b7471f2855a4f21b56f5255c9e6e91aac41801304b3006c6a7		FULL_GOVERNED_SNAPSHOT	
layer-790c078703ae8d1682b15447	assert-fce3c2918c72edcf1311292c90a743765623fc1ed5b83ad1	commercial-regional-avpa-coffees-roasted-at-origin-2025-avpa-2025-p5-r4	RESULT_METADATA		SINGLE_REJECTED_RESULT_LAYER	AWARD_ROW_CATEGORY_CLASSIFICATION_IS_RESULT_METADATA	https://es.avpa.fr/_files/ugd/58172f_8bacccff6b394c70a4245a028435bf32.pdf#page=5;table=1;row=4	37e395246a44f63dbda8e024275a1f7789c2808c831d96593069464f529c7547		FULL_GOVERNED_SNAPSHOT	
layer-4bedef937b1945afb401ba7f	assert-fe845f9ef2ce4a190c4de1cd65a55b60356975b763058f0f	commercial-regional-avpa-coffees-roasted-at-origin-2023-avpa-2023-2	RESULT_METADATA		SINGLE_REJECTED_RESULT_LAYER	AWARD_ROW_CATEGORY_CLASSIFICATION_IS_RESULT_METADATA	https://www.avpa.fr/_files/ugd/58172f_30052b626d3046dc809ac7c1aadfb577.pdf#page=1;table=1;row=3	7e44c8ba26dff9508589edf308496c47b5104c07922101ba8d08eb0b89240c53		FULL_GOVERNED_SNAPSHOT	
layer-b9ba07dcdea2d04a12404230	assert-fe9c859ff4644804c21940e1ec2dfedbc28a52fcbb82ad32	commercial-regional-avpa-coffees-roasted-at-origin-2021-avpa-2021-42	RESULT_METADATA		SINGLE_REJECTED_RESULT_LAYER	AWARD_ROW_CATEGORY_CLASSIFICATION_IS_RESULT_METADATA	https://en.avpa.fr/_files/ugd/58172f_4c77467cf60241c68a87aa0c5ae471dd.pdf#page=1;table=1;row=10	bc2cadb1180e5e941708ad9a1b71637cdc3351c8fdd1cf543864948b1f63ac6f		FULL_GOVERNED_SNAPSHOT	
layer-dc3b2a83da2e138fa317e702	assert-fe9d64a6ac6e38846bb4a89b11cfa16fac577d43961da930	commercial-regional-avpa-coffees-roasted-at-origin-2023-avpa-2023-89	RESULT_METADATA		SINGLE_REJECTED_RESULT_LAYER	AWARD_ROW_CATEGORY_CLASSIFICATION_IS_RESULT_METADATA	https://www.avpa.fr/_files/ugd/58172f_30052b626d3046dc809ac7c1aadfb577.pdf#page=4;table=1;row=11	7e44c8ba26dff9508589edf308496c47b5104c07922101ba8d08eb0b89240c53		FULL_GOVERNED_SNAPSHOT	
layer-4c6990f5578948e09acc351b	assert-feba94e54212da533bd2cd7e8cb8c9936e9c3a2215cead02	commercial-regional-avpa-coffees-roasted-at-origin-2022-avpa-2022-9	RESULT_METADATA		SINGLE_REJECTED_RESULT_LAYER	AWARD_ROW_CATEGORY_CLASSIFICATION_IS_RESULT_METADATA	https://www.avpa.fr/_files/ugd/58172f_6742d088d0844243bf7ecf5a0c14962d.pdf#page=3;table=1;row=6	9e24c113cad136b7471f2855a4f21b56f5255c9e6e91aac41801304b3006c6a7		FULL_GOVERNED_SNAPSHOT	
layer-1d2f6f4edfa2610500727298	assert-fef23e1481b020500c0b96f1fe08aff5e2f5dfdd485e1f84	commercial-regional-avpa-coffees-roasted-at-origin-2024-avpa-2024-84	RESULT_METADATA		SINGLE_REJECTED_RESULT_LAYER	AWARD_ROW_CATEGORY_CLASSIFICATION_IS_RESULT_METADATA	https://it.avpa.fr/_files/ugd/58172f_35c0d4eb0b3043bbb4dbe37d46bc608c.pdf#page=7;table=1;row=3	6f8be1365130c379c41b79fdbbde910f73f0e26f73f04a99ceba22e41702a847		FULL_GOVERNED_SNAPSHOT	
layer-fa3436f75fd9f8e795208dbb	assert-ff10bb8196475b604a62a609fe82a698e7d75cba06fb3652	commercial-regional-avpa-coffees-roasted-at-origin-2025-avpa-2025-p2-r3	RESULT_METADATA		SINGLE_REJECTED_RESULT_LAYER	AWARD_ROW_CATEGORY_CLASSIFICATION_IS_RESULT_METADATA	https://es.avpa.fr/_files/ugd/58172f_8bacccff6b394c70a4245a028435bf32.pdf#page=2;table=1;row=3	37e395246a44f63dbda8e024275a1f7789c2808c831d96593069464f529c7547		FULL_GOVERNED_SNAPSHOT	
layer-5ea1583203f540f1ca46f104	assertion:0472ba5175c33538e28a1dbd	effective:e034410f41d662fd4a1c08f6	GENERIC_ORGANIZER_SENSORY_FIELD		PRIMARY_PROVISIONAL_LAYER	FREQUENCY_SEMANTICS_DO_NOT_IDENTIFY_JUDGE_JURY_OR_PANEL_RESPONSES	https://allianceforcoffeeexcellence.org/farm-directory/86-73/	717b9e1a3ef6400fa334ddbaf80cb592125ddbdecaf67b0d6271f94bf7878033	f508ebc481c39b4755250f1422148accae73dc57099ecb164e666e07a12b9bc1	WEB_INDEX_FIELD_CAPTURE_SHA256:717b9e1a3ef6400fa334ddbaf80cb592125ddbdecaf67b0d6271f94bf7878033;NOT_FULL_PAGE_BODY	OFFICIAL_FULL_PAGE_BODY_NOT_STORED_ENVIRONMENT_POLICY
layer-314fd737c40a55c961613306	assertion:0489156557eca2876659f477	effective:e034410f41d662fd4a1c08f6	GENERIC_ORGANIZER_SENSORY_FIELD		PRIMARY_PROVISIONAL_LAYER	FREQUENCY_SEMANTICS_DO_NOT_IDENTIFY_JUDGE_JURY_OR_PANEL_RESPONSES	https://allianceforcoffeeexcellence.org/farm-directory/86-73/	717b9e1a3ef6400fa334ddbaf80cb592125ddbdecaf67b0d6271f94bf7878033	f508ebc481c39b4755250f1422148accae73dc57099ecb164e666e07a12b9bc1	WEB_INDEX_FIELD_CAPTURE_SHA256:717b9e1a3ef6400fa334ddbaf80cb592125ddbdecaf67b0d6271f94bf7878033;NOT_FULL_PAGE_BODY	OFFICIAL_FULL_PAGE_BODY_NOT_STORED_ENVIRONMENT_POLICY
layer-270018e5560927fd78c5512e	assertion:0cc87fdbeecc9e4df49411a0	effective:e034410f41d662fd4a1c08f6	GENERIC_ORGANIZER_SENSORY_FIELD		PRIMARY_PROVISIONAL_LAYER	FREQUENCY_SEMANTICS_DO_NOT_IDENTIFY_JUDGE_JURY_OR_PANEL_RESPONSES	https://allianceforcoffeeexcellence.org/farm-directory/86-73/	717b9e1a3ef6400fa334ddbaf80cb592125ddbdecaf67b0d6271f94bf7878033	f508ebc481c39b4755250f1422148accae73dc57099ecb164e666e07a12b9bc1	WEB_INDEX_FIELD_CAPTURE_SHA256:717b9e1a3ef6400fa334ddbaf80cb592125ddbdecaf67b0d6271f94bf7878033;NOT_FULL_PAGE_BODY	OFFICIAL_FULL_PAGE_BODY_NOT_STORED_ENVIRONMENT_POLICY
layer-639c235ad2282f7b1e09d49c	assertion:0d5cfb0c54971ccdee5a19a3	effective:aa8257ea7c527ff93620b889	PRIMARY_JURY_DESCRIPTION		PRIMARY_PROVISIONAL_LAYER	EXPLICIT_TOP_JURY_LABEL_PAIRED_WITH_INTERNATIONAL_JUDGE_SCORE	https://allianceforcoffeeexcellence.org/farm-directory/88-00-5/	2ecb916106615174a12a05a01589ef2799d168765880a5b83e5416540f562053	453acfc3577f71686783139f9a6dad190ea8edcb188a778e2c8419166593cf95	WEB_INDEX_FIELD_CAPTURE_SHA256:2ecb916106615174a12a05a01589ef2799d168765880a5b83e5416540f562053;NOT_FULL_PAGE_BODY	OFFICIAL_FULL_PAGE_BODY_NOT_STORED_ENVIRONMENT_POLICY
layer-8f84b1b5f014090684e2f367	assertion:0ea3a17ce9ad2ef673d3b7ce	effective:e034410f41d662fd4a1c08f6	GENERIC_ORGANIZER_SENSORY_FIELD		PRIMARY_PROVISIONAL_LAYER	FREQUENCY_SEMANTICS_DO_NOT_IDENTIFY_JUDGE_JURY_OR_PANEL_RESPONSES	https://allianceforcoffeeexcellence.org/farm-directory/86-73/	717b9e1a3ef6400fa334ddbaf80cb592125ddbdecaf67b0d6271f94bf7878033	f508ebc481c39b4755250f1422148accae73dc57099ecb164e666e07a12b9bc1	WEB_INDEX_FIELD_CAPTURE_SHA256:717b9e1a3ef6400fa334ddbaf80cb592125ddbdecaf67b0d6271f94bf7878033;NOT_FULL_PAGE_BODY	OFFICIAL_FULL_PAGE_BODY_NOT_STORED_ENVIRONMENT_POLICY
layer-dfc407c147a7b8991a9c6a0f	assertion:0eace76bead74cbcf08aa842	effective:6e0f618d2337d1668cd026ec	GENERIC_ORGANIZER_SENSORY_FIELD		PRIMARY_PROVISIONAL_LAYER	FREQUENCY_SEMANTICS_DO_NOT_IDENTIFY_JUDGE_JURY_OR_PANEL_RESPONSES	https://allianceforcoffeeexcellence.org/farm-directory/87-18-2/	717b9e1a3ef6400fa334ddbaf80cb592125ddbdecaf67b0d6271f94bf7878033	f508ebc481c39b4755250f1422148accae73dc57099ecb164e666e07a12b9bc1	WEB_INDEX_FIELD_CAPTURE_SHA256:717b9e1a3ef6400fa334ddbaf80cb592125ddbdecaf67b0d6271f94bf7878033;NOT_FULL_PAGE_BODY	OFFICIAL_FULL_PAGE_BODY_NOT_STORED_ENVIRONMENT_POLICY
layer-bf64c12b958bd5a9c513c8d4	assertion:11d0b5b27d35123d4e7ae125	effective:aa8257ea7c527ff93620b889	PRIMARY_JURY_DESCRIPTION		PRIMARY_PROVISIONAL_LAYER	EXPLICIT_TOP_JURY_LABEL_PAIRED_WITH_INTERNATIONAL_JUDGE_SCORE	https://allianceforcoffeeexcellence.org/farm-directory/88-00-5/	2ecb916106615174a12a05a01589ef2799d168765880a5b83e5416540f562053	453acfc3577f71686783139f9a6dad190ea8edcb188a778e2c8419166593cf95	WEB_INDEX_FIELD_CAPTURE_SHA256:2ecb916106615174a12a05a01589ef2799d168765880a5b83e5416540f562053;NOT_FULL_PAGE_BODY	OFFICIAL_FULL_PAGE_BODY_NOT_STORED_ENVIRONMENT_POLICY
layer-52480db90f9d9e94d3b5b185	assertion:153ef57b03f40fa8e15505dd	effective:aa8257ea7c527ff93620b889	PRIMARY_JURY_DESCRIPTION		PRIMARY_PROVISIONAL_LAYER	EXPLICIT_TOP_JURY_LABEL_PAIRED_WITH_INTERNATIONAL_JUDGE_SCORE	https://allianceforcoffeeexcellence.org/farm-directory/88-00-5/	2ecb916106615174a12a05a01589ef2799d168765880a5b83e5416540f562053	453acfc3577f71686783139f9a6dad190ea8edcb188a778e2c8419166593cf95	WEB_INDEX_FIELD_CAPTURE_SHA256:2ecb916106615174a12a05a01589ef2799d168765880a5b83e5416540f562053;NOT_FULL_PAGE_BODY	OFFICIAL_FULL_PAGE_BODY_NOT_STORED_ENVIRONMENT_POLICY
layer-37310cf2e100a438c53489f0	assertion:16269ec0f0e220c35d0b8427	effective:417f9b9adcf3826aa8f3ac12	PRIMARY_JURY_DESCRIPTION		PRIMARY_PROVISIONAL_LAYER	EXPLICIT_TOP_JURY_LABEL_PAIRED_WITH_INTERNATIONAL_JUDGE_SCORE	https://allianceforcoffeeexcellence.org/farm-directory/88-62-5/	2ecb916106615174a12a05a01589ef2799d168765880a5b83e5416540f562053	453acfc3577f71686783139f9a6dad190ea8edcb188a778e2c8419166593cf95	WEB_INDEX_FIELD_CAPTURE_SHA256:2ecb916106615174a12a05a01589ef2799d168765880a5b83e5416540f562053;NOT_FULL_PAGE_BODY	OFFICIAL_FULL_PAGE_BODY_NOT_STORED_ENVIRONMENT_POLICY
layer-43b6ba487faef5f56d0dd64f	assertion:16cae467efce764ba533032e	effective:417f9b9adcf3826aa8f3ac12	PRIMARY_JURY_DESCRIPTION		PRIMARY_PROVISIONAL_LAYER	EXPLICIT_TOP_JURY_LABEL_PAIRED_WITH_INTERNATIONAL_JUDGE_SCORE	https://allianceforcoffeeexcellence.org/farm-directory/88-62-5/	2ecb916106615174a12a05a01589ef2799d168765880a5b83e5416540f562053	453acfc3577f71686783139f9a6dad190ea8edcb188a778e2c8419166593cf95	WEB_INDEX_FIELD_CAPTURE_SHA256:2ecb916106615174a12a05a01589ef2799d168765880a5b83e5416540f562053;NOT_FULL_PAGE_BODY	OFFICIAL_FULL_PAGE_BODY_NOT_STORED_ENVIRONMENT_POLICY
layer-73b32fc296c76b9e09867295	assertion:1700fecd88bd47b5fc2f9737	effective:417f9b9adcf3826aa8f3ac12	PRIMARY_JURY_DESCRIPTION		PRIMARY_PROVISIONAL_LAYER	EXPLICIT_TOP_JURY_LABEL_PAIRED_WITH_INTERNATIONAL_JUDGE_SCORE	https://allianceforcoffeeexcellence.org/farm-directory/88-62-5/	2ecb916106615174a12a05a01589ef2799d168765880a5b83e5416540f562053	453acfc3577f71686783139f9a6dad190ea8edcb188a778e2c8419166593cf95	WEB_INDEX_FIELD_CAPTURE_SHA256:2ecb916106615174a12a05a01589ef2799d168765880a5b83e5416540f562053;NOT_FULL_PAGE_BODY	OFFICIAL_FULL_PAGE_BODY_NOT_STORED_ENVIRONMENT_POLICY
layer-6123020049582b4db73f58cd	assertion:17ef71a3858d31053220cae1	effective:e034410f41d662fd4a1c08f6	GENERIC_ORGANIZER_SENSORY_FIELD		PRIMARY_PROVISIONAL_LAYER	FREQUENCY_SEMANTICS_DO_NOT_IDENTIFY_JUDGE_JURY_OR_PANEL_RESPONSES	https://allianceforcoffeeexcellence.org/farm-directory/86-73/	717b9e1a3ef6400fa334ddbaf80cb592125ddbdecaf67b0d6271f94bf7878033	f508ebc481c39b4755250f1422148accae73dc57099ecb164e666e07a12b9bc1	WEB_INDEX_FIELD_CAPTURE_SHA256:717b9e1a3ef6400fa334ddbaf80cb592125ddbdecaf67b0d6271f94bf7878033;NOT_FULL_PAGE_BODY	OFFICIAL_FULL_PAGE_BODY_NOT_STORED_ENVIRONMENT_POLICY
layer-07e0a3176e3d5f59855c8f4e	assertion:1ad87606c27d7456982f654c	effective:e034410f41d662fd4a1c08f6	GENERIC_ORGANIZER_SENSORY_FIELD		PRIMARY_PROVISIONAL_LAYER	FREQUENCY_SEMANTICS_DO_NOT_IDENTIFY_JUDGE_JURY_OR_PANEL_RESPONSES	https://allianceforcoffeeexcellence.org/farm-directory/86-73/	717b9e1a3ef6400fa334ddbaf80cb592125ddbdecaf67b0d6271f94bf7878033	f508ebc481c39b4755250f1422148accae73dc57099ecb164e666e07a12b9bc1	WEB_INDEX_FIELD_CAPTURE_SHA256:717b9e1a3ef6400fa334ddbaf80cb592125ddbdecaf67b0d6271f94bf7878033;NOT_FULL_PAGE_BODY	OFFICIAL_FULL_PAGE_BODY_NOT_STORED_ENVIRONMENT_POLICY
layer-9060f2710b73c0edc3ee160b	assertion:1c21591cc5d86d9b86356071	effective:f1a4276a0e1a0970dc839383	PRIMARY_JURY_DESCRIPTION		PRIMARY_PROVISIONAL_LAYER	EXPLICIT_TOP_JURY_LABEL_PAIRED_WITH_INTERNATIONAL_JUDGE_SCORE	https://allianceforcoffeeexcellence.org/farm-directory/91-81-2/	2ecb916106615174a12a05a01589ef2799d168765880a5b83e5416540f562053	453acfc3577f71686783139f9a6dad190ea8edcb188a778e2c8419166593cf95	WEB_INDEX_FIELD_CAPTURE_SHA256:2ecb916106615174a12a05a01589ef2799d168765880a5b83e5416540f562053;NOT_FULL_PAGE_BODY	OFFICIAL_FULL_PAGE_BODY_NOT_STORED_ENVIRONMENT_POLICY
layer-f54c34ca8f48fc717dbaeffd	assertion:1ff1b804a5e5690811893a5c	effective:ec2043706fc868557e7d7152	GENERIC_ORGANIZER_SENSORY_FIELD		PRIMARY_PROVISIONAL_LAYER	ORGANIZER_HOSTING_DOES_NOT_IDENTIFY_FIELD_AUTHOR	https://farmdirectory.cupofexcellence.org/listing/1-la-catarata-peru-2025/	44b83f0786a9909c3f55fa4ba0f148aee15d75e54ae571918cc4350372b2a0f9	83b674daf22d57d7d42ea92c30fb3b3b2a7b4927b3da6505022238a26941cc1a	WEB_INDEX_FIELD_CAPTURE_SHA256:44b83f0786a9909c3f55fa4ba0f148aee15d75e54ae571918cc4350372b2a0f9;NOT_FULL_PAGE_BODY	OFFICIAL_FULL_PAGE_BODY_NOT_STORED_ENVIRONMENT_POLICY
layer-3d3fcad6ff0fab4ad49c9dcc	assertion:2037f3d3f5bb37d187d700d9	effective:aa8257ea7c527ff93620b889	PRIMARY_JURY_DESCRIPTION		PRIMARY_PROVISIONAL_LAYER	EXPLICIT_TOP_JURY_LABEL_PAIRED_WITH_INTERNATIONAL_JUDGE_SCORE	https://allianceforcoffeeexcellence.org/farm-directory/88-00-5/	2ecb916106615174a12a05a01589ef2799d168765880a5b83e5416540f562053	453acfc3577f71686783139f9a6dad190ea8edcb188a778e2c8419166593cf95	WEB_INDEX_FIELD_CAPTURE_SHA256:2ecb916106615174a12a05a01589ef2799d168765880a5b83e5416540f562053;NOT_FULL_PAGE_BODY	OFFICIAL_FULL_PAGE_BODY_NOT_STORED_ENVIRONMENT_POLICY
layer-9fcfbdbec3574bf04c10a2f6	assertion:22689181346620f06e07324d	effective:f1a4276a0e1a0970dc839383	PRIMARY_JURY_DESCRIPTION		PRIMARY_PROVISIONAL_LAYER	EXPLICIT_TOP_JURY_LABEL_PAIRED_WITH_INTERNATIONAL_JUDGE_SCORE	https://allianceforcoffeeexcellence.org/farm-directory/91-81-2/	2ecb916106615174a12a05a01589ef2799d168765880a5b83e5416540f562053	453acfc3577f71686783139f9a6dad190ea8edcb188a778e2c8419166593cf95	WEB_INDEX_FIELD_CAPTURE_SHA256:2ecb916106615174a12a05a01589ef2799d168765880a5b83e5416540f562053;NOT_FULL_PAGE_BODY	OFFICIAL_FULL_PAGE_BODY_NOT_STORED_ENVIRONMENT_POLICY
layer-36b8fde59e95c36b1b3f356f	assertion:231aefc9239efceb019beecc	effective:417f9b9adcf3826aa8f3ac12	PRIMARY_JURY_DESCRIPTION		PRIMARY_PROVISIONAL_LAYER	EXPLICIT_TOP_JURY_LABEL_PAIRED_WITH_INTERNATIONAL_JUDGE_SCORE	https://allianceforcoffeeexcellence.org/farm-directory/88-62-5/	2ecb916106615174a12a05a01589ef2799d168765880a5b83e5416540f562053	453acfc3577f71686783139f9a6dad190ea8edcb188a778e2c8419166593cf95	WEB_INDEX_FIELD_CAPTURE_SHA256:2ecb916106615174a12a05a01589ef2799d168765880a5b83e5416540f562053;NOT_FULL_PAGE_BODY	OFFICIAL_FULL_PAGE_BODY_NOT_STORED_ENVIRONMENT_POLICY
layer-9817501ff37de715143e9a2c	assertion:2875cddf29086409a05ea5a6	effective:ec2043706fc868557e7d7152	GENERIC_ORGANIZER_SENSORY_FIELD		PRIMARY_PROVISIONAL_LAYER	ORGANIZER_HOSTING_DOES_NOT_IDENTIFY_FIELD_AUTHOR	https://farmdirectory.cupofexcellence.org/listing/1-la-catarata-peru-2025/	44b83f0786a9909c3f55fa4ba0f148aee15d75e54ae571918cc4350372b2a0f9	83b674daf22d57d7d42ea92c30fb3b3b2a7b4927b3da6505022238a26941cc1a	WEB_INDEX_FIELD_CAPTURE_SHA256:44b83f0786a9909c3f55fa4ba0f148aee15d75e54ae571918cc4350372b2a0f9;NOT_FULL_PAGE_BODY	OFFICIAL_FULL_PAGE_BODY_NOT_STORED_ENVIRONMENT_POLICY
layer-b8af2cb15e606f79b5f6f12b	assertion:2a2febeb55ae638db64666ae	effective:417f9b9adcf3826aa8f3ac12	PRIMARY_JURY_DESCRIPTION		PRIMARY_PROVISIONAL_LAYER	EXPLICIT_TOP_JURY_LABEL_PAIRED_WITH_INTERNATIONAL_JUDGE_SCORE	https://allianceforcoffeeexcellence.org/farm-directory/88-62-5/	2ecb916106615174a12a05a01589ef2799d168765880a5b83e5416540f562053	453acfc3577f71686783139f9a6dad190ea8edcb188a778e2c8419166593cf95	WEB_INDEX_FIELD_CAPTURE_SHA256:2ecb916106615174a12a05a01589ef2799d168765880a5b83e5416540f562053;NOT_FULL_PAGE_BODY	OFFICIAL_FULL_PAGE_BODY_NOT_STORED_ENVIRONMENT_POLICY
layer-c23e7c1f0c144e18fe4176b8	assertion:2a67d1137a582042b3a828e6	effective:f1a4276a0e1a0970dc839383	PRIMARY_JURY_DESCRIPTION		PRIMARY_PROVISIONAL_LAYER	EXPLICIT_TOP_JURY_LABEL_PAIRED_WITH_INTERNATIONAL_JUDGE_SCORE	https://allianceforcoffeeexcellence.org/farm-directory/91-81-2/	2ecb916106615174a12a05a01589ef2799d168765880a5b83e5416540f562053	453acfc3577f71686783139f9a6dad190ea8edcb188a778e2c8419166593cf95	WEB_INDEX_FIELD_CAPTURE_SHA256:2ecb916106615174a12a05a01589ef2799d168765880a5b83e5416540f562053;NOT_FULL_PAGE_BODY	OFFICIAL_FULL_PAGE_BODY_NOT_STORED_ENVIRONMENT_POLICY
layer-ef2bdd1a001e99be9255d69f	assertion:2de03d74b9dd99226f84adc9	effective:aa8257ea7c527ff93620b889	PRIMARY_JURY_DESCRIPTION		PRIMARY_PROVISIONAL_LAYER	EXPLICIT_TOP_JURY_LABEL_PAIRED_WITH_INTERNATIONAL_JUDGE_SCORE	https://allianceforcoffeeexcellence.org/farm-directory/88-00-5/	2ecb916106615174a12a05a01589ef2799d168765880a5b83e5416540f562053	453acfc3577f71686783139f9a6dad190ea8edcb188a778e2c8419166593cf95	WEB_INDEX_FIELD_CAPTURE_SHA256:2ecb916106615174a12a05a01589ef2799d168765880a5b83e5416540f562053;NOT_FULL_PAGE_BODY	OFFICIAL_FULL_PAGE_BODY_NOT_STORED_ENVIRONMENT_POLICY
layer-2c042a888e2f163b1dda34d5	assertion:2e2d61f08431140fbc738ddb	effective:e034410f41d662fd4a1c08f6	GENERIC_ORGANIZER_SENSORY_FIELD		PRIMARY_PROVISIONAL_LAYER	FREQUENCY_SEMANTICS_DO_NOT_IDENTIFY_JUDGE_JURY_OR_PANEL_RESPONSES	https://allianceforcoffeeexcellence.org/farm-directory/86-73/	717b9e1a3ef6400fa334ddbaf80cb592125ddbdecaf67b0d6271f94bf7878033	f508ebc481c39b4755250f1422148accae73dc57099ecb164e666e07a12b9bc1	WEB_INDEX_FIELD_CAPTURE_SHA256:717b9e1a3ef6400fa334ddbaf80cb592125ddbdecaf67b0d6271f94bf7878033;NOT_FULL_PAGE_BODY	OFFICIAL_FULL_PAGE_BODY_NOT_STORED_ENVIRONMENT_POLICY
layer-18fb5341bb1e86da7d5b211f	assertion:307ff77e64b2e26cc647506d	effective:f1a4276a0e1a0970dc839383	PRIMARY_JURY_DESCRIPTION		PRIMARY_PROVISIONAL_LAYER	EXPLICIT_TOP_JURY_LABEL_PAIRED_WITH_INTERNATIONAL_JUDGE_SCORE	https://allianceforcoffeeexcellence.org/farm-directory/91-81-2/	2ecb916106615174a12a05a01589ef2799d168765880a5b83e5416540f562053	453acfc3577f71686783139f9a6dad190ea8edcb188a778e2c8419166593cf95	WEB_INDEX_FIELD_CAPTURE_SHA256:2ecb916106615174a12a05a01589ef2799d168765880a5b83e5416540f562053;NOT_FULL_PAGE_BODY	OFFICIAL_FULL_PAGE_BODY_NOT_STORED_ENVIRONMENT_POLICY
layer-50b43458b6f005257a594783	assertion:30e15ec2cdcbe09f77744144	effective:e034410f41d662fd4a1c08f6	GENERIC_ORGANIZER_SENSORY_FIELD		PRIMARY_PROVISIONAL_LAYER	FREQUENCY_SEMANTICS_DO_NOT_IDENTIFY_JUDGE_JURY_OR_PANEL_RESPONSES	https://allianceforcoffeeexcellence.org/farm-directory/86-73/	717b9e1a3ef6400fa334ddbaf80cb592125ddbdecaf67b0d6271f94bf7878033	f508ebc481c39b4755250f1422148accae73dc57099ecb164e666e07a12b9bc1	WEB_INDEX_FIELD_CAPTURE_SHA256:717b9e1a3ef6400fa334ddbaf80cb592125ddbdecaf67b0d6271f94bf7878033;NOT_FULL_PAGE_BODY	OFFICIAL_FULL_PAGE_BODY_NOT_STORED_ENVIRONMENT_POLICY
layer-69a34fa42c9ad57019853c93	assertion:315b17af07a4f7f5a0e1e9f9	effective:0ec126e97dcb5ab048050233	PRIMARY_JURY_DESCRIPTION		PRIMARY_PROVISIONAL_LAYER	EXPLICIT_TOP_JURY_LABEL_PAIRED_WITH_INTERNATIONAL_JUDGE_SCORE	https://allianceforcoffeeexcellence.org/farm-directory/89-22-4/	2ecb916106615174a12a05a01589ef2799d168765880a5b83e5416540f562053	453acfc3577f71686783139f9a6dad190ea8edcb188a778e2c8419166593cf95	WEB_INDEX_FIELD_CAPTURE_SHA256:2ecb916106615174a12a05a01589ef2799d168765880a5b83e5416540f562053;NOT_FULL_PAGE_BODY	OFFICIAL_FULL_PAGE_BODY_NOT_STORED_ENVIRONMENT_POLICY
layer-04654e2abc86d72d12d9a8fe	assertion:3193770a71fb9228e3ba6c1e	effective:0ec126e97dcb5ab048050233	PRIMARY_JURY_DESCRIPTION		PRIMARY_PROVISIONAL_LAYER	EXPLICIT_TOP_JURY_LABEL_PAIRED_WITH_INTERNATIONAL_JUDGE_SCORE	https://allianceforcoffeeexcellence.org/farm-directory/89-22-4/	2ecb916106615174a12a05a01589ef2799d168765880a5b83e5416540f562053	453acfc3577f71686783139f9a6dad190ea8edcb188a778e2c8419166593cf95	WEB_INDEX_FIELD_CAPTURE_SHA256:2ecb916106615174a12a05a01589ef2799d168765880a5b83e5416540f562053;NOT_FULL_PAGE_BODY	OFFICIAL_FULL_PAGE_BODY_NOT_STORED_ENVIRONMENT_POLICY
layer-44cb4f33478f807a7e7a7064	assertion:34936d8e5130c7d1c17789cb	effective:f1a4276a0e1a0970dc839383	PRIMARY_JURY_DESCRIPTION		PRIMARY_PROVISIONAL_LAYER	EXPLICIT_TOP_JURY_LABEL_PAIRED_WITH_INTERNATIONAL_JUDGE_SCORE	https://allianceforcoffeeexcellence.org/farm-directory/91-81-2/	2ecb916106615174a12a05a01589ef2799d168765880a5b83e5416540f562053	453acfc3577f71686783139f9a6dad190ea8edcb188a778e2c8419166593cf95	WEB_INDEX_FIELD_CAPTURE_SHA256:2ecb916106615174a12a05a01589ef2799d168765880a5b83e5416540f562053;NOT_FULL_PAGE_BODY	OFFICIAL_FULL_PAGE_BODY_NOT_STORED_ENVIRONMENT_POLICY
layer-1840b4d5c6258e04a0588979	assertion:34fb340827c24640322779b6	effective:f78304cd66c43e7b10ddb5ea	PRIMARY_JURY_DESCRIPTION		PRIMARY_PROVISIONAL_LAYER	EXPLICIT_TOP_JURY_LABEL_PAIRED_WITH_INTERNATIONAL_JUDGE_SCORE	https://allianceforcoffeeexcellence.org/farm-directory/88-76-5/	2ecb916106615174a12a05a01589ef2799d168765880a5b83e5416540f562053	453acfc3577f71686783139f9a6dad190ea8edcb188a778e2c8419166593cf95	WEB_INDEX_FIELD_CAPTURE_SHA256:2ecb916106615174a12a05a01589ef2799d168765880a5b83e5416540f562053;NOT_FULL_PAGE_BODY	OFFICIAL_FULL_PAGE_BODY_NOT_STORED_ENVIRONMENT_POLICY
layer-f71dd3c8ac7154ee2656042a	assertion:3756b2be90f182e3745f9204	effective:f78304cd66c43e7b10ddb5ea	PRIMARY_JURY_DESCRIPTION		PRIMARY_PROVISIONAL_LAYER	EXPLICIT_TOP_JURY_LABEL_PAIRED_WITH_INTERNATIONAL_JUDGE_SCORE	https://allianceforcoffeeexcellence.org/farm-directory/88-76-5/	2ecb916106615174a12a05a01589ef2799d168765880a5b83e5416540f562053	453acfc3577f71686783139f9a6dad190ea8edcb188a778e2c8419166593cf95	WEB_INDEX_FIELD_CAPTURE_SHA256:2ecb916106615174a12a05a01589ef2799d168765880a5b83e5416540f562053;NOT_FULL_PAGE_BODY	OFFICIAL_FULL_PAGE_BODY_NOT_STORED_ENVIRONMENT_POLICY
layer-8ca24f6c8bf0adc8b62d9efd	assertion:378e5a05f9788324f404197a	effective:6e0f618d2337d1668cd026ec	GENERIC_ORGANIZER_SENSORY_FIELD		PRIMARY_PROVISIONAL_LAYER	FREQUENCY_SEMANTICS_DO_NOT_IDENTIFY_JUDGE_JURY_OR_PANEL_RESPONSES	https://allianceforcoffeeexcellence.org/farm-directory/87-18-2/	717b9e1a3ef6400fa334ddbaf80cb592125ddbdecaf67b0d6271f94bf7878033	f508ebc481c39b4755250f1422148accae73dc57099ecb164e666e07a12b9bc1	WEB_INDEX_FIELD_CAPTURE_SHA256:717b9e1a3ef6400fa334ddbaf80cb592125ddbdecaf67b0d6271f94bf7878033;NOT_FULL_PAGE_BODY	OFFICIAL_FULL_PAGE_BODY_NOT_STORED_ENVIRONMENT_POLICY
layer-6a52ce1747316b8ff985cd0d	assertion:3ad31a37fc8c86ddf4009c1c	effective:e034410f41d662fd4a1c08f6	GENERIC_ORGANIZER_SENSORY_FIELD		PRIMARY_PROVISIONAL_LAYER	FREQUENCY_SEMANTICS_DO_NOT_IDENTIFY_JUDGE_JURY_OR_PANEL_RESPONSES	https://allianceforcoffeeexcellence.org/farm-directory/86-73/	717b9e1a3ef6400fa334ddbaf80cb592125ddbdecaf67b0d6271f94bf7878033	f508ebc481c39b4755250f1422148accae73dc57099ecb164e666e07a12b9bc1	WEB_INDEX_FIELD_CAPTURE_SHA256:717b9e1a3ef6400fa334ddbaf80cb592125ddbdecaf67b0d6271f94bf7878033;NOT_FULL_PAGE_BODY	OFFICIAL_FULL_PAGE_BODY_NOT_STORED_ENVIRONMENT_POLICY
layer-598113c7b93a01b63161b36d	assertion:3c3387aa31e1ae4d78b69d6c	effective:0ec126e97dcb5ab048050233	PRIMARY_JURY_DESCRIPTION		PRIMARY_PROVISIONAL_LAYER	EXPLICIT_TOP_JURY_LABEL_PAIRED_WITH_INTERNATIONAL_JUDGE_SCORE	https://allianceforcoffeeexcellence.org/farm-directory/89-22-4/	2ecb916106615174a12a05a01589ef2799d168765880a5b83e5416540f562053	453acfc3577f71686783139f9a6dad190ea8edcb188a778e2c8419166593cf95	WEB_INDEX_FIELD_CAPTURE_SHA256:2ecb916106615174a12a05a01589ef2799d168765880a5b83e5416540f562053;NOT_FULL_PAGE_BODY	OFFICIAL_FULL_PAGE_BODY_NOT_STORED_ENVIRONMENT_POLICY
layer-43c1032ab58e5d15d8eecbab	assertion:3f141a8aa49a43a29abc13df	effective:f1a4276a0e1a0970dc839383	PRIMARY_JURY_DESCRIPTION		PRIMARY_PROVISIONAL_LAYER	EXPLICIT_TOP_JURY_LABEL_PAIRED_WITH_INTERNATIONAL_JUDGE_SCORE	https://allianceforcoffeeexcellence.org/farm-directory/91-81-2/	2ecb916106615174a12a05a01589ef2799d168765880a5b83e5416540f562053	453acfc3577f71686783139f9a6dad190ea8edcb188a778e2c8419166593cf95	WEB_INDEX_FIELD_CAPTURE_SHA256:2ecb916106615174a12a05a01589ef2799d168765880a5b83e5416540f562053;NOT_FULL_PAGE_BODY	OFFICIAL_FULL_PAGE_BODY_NOT_STORED_ENVIRONMENT_POLICY
layer-cdf209654cbe4a345a0f69cd	assertion:4472d344d0c01a8b18c2e49b	effective:f1a4276a0e1a0970dc839383	PRIMARY_JURY_DESCRIPTION		PRIMARY_PROVISIONAL_LAYER	EXPLICIT_TOP_JURY_LABEL_PAIRED_WITH_INTERNATIONAL_JUDGE_SCORE	https://allianceforcoffeeexcellence.org/farm-directory/91-81-2/	2ecb916106615174a12a05a01589ef2799d168765880a5b83e5416540f562053	453acfc3577f71686783139f9a6dad190ea8edcb188a778e2c8419166593cf95	WEB_INDEX_FIELD_CAPTURE_SHA256:2ecb916106615174a12a05a01589ef2799d168765880a5b83e5416540f562053;NOT_FULL_PAGE_BODY	OFFICIAL_FULL_PAGE_BODY_NOT_STORED_ENVIRONMENT_POLICY
layer-0dcc1676fbcf27427287bd29	assertion:44d17f48e4e40e84ba99416c	effective:ec2043706fc868557e7d7152	GENERIC_ORGANIZER_SENSORY_FIELD		PRIMARY_PROVISIONAL_LAYER	ORGANIZER_HOSTING_DOES_NOT_IDENTIFY_FIELD_AUTHOR	https://farmdirectory.cupofexcellence.org/listing/1-la-catarata-peru-2025/	44b83f0786a9909c3f55fa4ba0f148aee15d75e54ae571918cc4350372b2a0f9	83b674daf22d57d7d42ea92c30fb3b3b2a7b4927b3da6505022238a26941cc1a	WEB_INDEX_FIELD_CAPTURE_SHA256:44b83f0786a9909c3f55fa4ba0f148aee15d75e54ae571918cc4350372b2a0f9;NOT_FULL_PAGE_BODY	OFFICIAL_FULL_PAGE_BODY_NOT_STORED_ENVIRONMENT_POLICY
layer-98a8b4c64ef5a282989b20ab	assertion:4626a17d1be8eb480949a290	effective:f78304cd66c43e7b10ddb5ea	PRIMARY_JURY_DESCRIPTION		PRIMARY_PROVISIONAL_LAYER	EXPLICIT_TOP_JURY_LABEL_PAIRED_WITH_INTERNATIONAL_JUDGE_SCORE	https://allianceforcoffeeexcellence.org/farm-directory/88-76-5/	2ecb916106615174a12a05a01589ef2799d168765880a5b83e5416540f562053	453acfc3577f71686783139f9a6dad190ea8edcb188a778e2c8419166593cf95	WEB_INDEX_FIELD_CAPTURE_SHA256:2ecb916106615174a12a05a01589ef2799d168765880a5b83e5416540f562053;NOT_FULL_PAGE_BODY	OFFICIAL_FULL_PAGE_BODY_NOT_STORED_ENVIRONMENT_POLICY
layer-1d64a445a793af8c73bedb97	assertion:4667dd01fe89ac37141a2150	effective:f78304cd66c43e7b10ddb5ea	PRIMARY_JURY_DESCRIPTION		PRIMARY_PROVISIONAL_LAYER	EXPLICIT_TOP_JURY_LABEL_PAIRED_WITH_INTERNATIONAL_JUDGE_SCORE	https://allianceforcoffeeexcellence.org/farm-directory/88-76-5/	2ecb916106615174a12a05a01589ef2799d168765880a5b83e5416540f562053	453acfc3577f71686783139f9a6dad190ea8edcb188a778e2c8419166593cf95	WEB_INDEX_FIELD_CAPTURE_SHA256:2ecb916106615174a12a05a01589ef2799d168765880a5b83e5416540f562053;NOT_FULL_PAGE_BODY	OFFICIAL_FULL_PAGE_BODY_NOT_STORED_ENVIRONMENT_POLICY
layer-c91ded3a24a03885ee0eef46	assertion:4861e45654e75bbf06f15d2d	effective:e034410f41d662fd4a1c08f6	GENERIC_ORGANIZER_SENSORY_FIELD		PRIMARY_PROVISIONAL_LAYER	FREQUENCY_SEMANTICS_DO_NOT_IDENTIFY_JUDGE_JURY_OR_PANEL_RESPONSES	https://allianceforcoffeeexcellence.org/farm-directory/86-73/	717b9e1a3ef6400fa334ddbaf80cb592125ddbdecaf67b0d6271f94bf7878033	f508ebc481c39b4755250f1422148accae73dc57099ecb164e666e07a12b9bc1	WEB_INDEX_FIELD_CAPTURE_SHA256:717b9e1a3ef6400fa334ddbaf80cb592125ddbdecaf67b0d6271f94bf7878033;NOT_FULL_PAGE_BODY	OFFICIAL_FULL_PAGE_BODY_NOT_STORED_ENVIRONMENT_POLICY
layer-954fe3f3cf66e86af820d963	assertion:4b04b63ba577c8521208df8c	effective:aa8257ea7c527ff93620b889	PRIMARY_JURY_DESCRIPTION		PRIMARY_PROVISIONAL_LAYER	EXPLICIT_TOP_JURY_LABEL_PAIRED_WITH_INTERNATIONAL_JUDGE_SCORE	https://allianceforcoffeeexcellence.org/farm-directory/88-00-5/	2ecb916106615174a12a05a01589ef2799d168765880a5b83e5416540f562053	453acfc3577f71686783139f9a6dad190ea8edcb188a778e2c8419166593cf95	WEB_INDEX_FIELD_CAPTURE_SHA256:2ecb916106615174a12a05a01589ef2799d168765880a5b83e5416540f562053;NOT_FULL_PAGE_BODY	OFFICIAL_FULL_PAGE_BODY_NOT_STORED_ENVIRONMENT_POLICY
layer-77fadef792f88c99686ef39a	assertion:4bb2c8f38dd1d53bf6c465ea	effective:e034410f41d662fd4a1c08f6	GENERIC_ORGANIZER_SENSORY_FIELD		PRIMARY_PROVISIONAL_LAYER	FREQUENCY_SEMANTICS_DO_NOT_IDENTIFY_JUDGE_JURY_OR_PANEL_RESPONSES	https://allianceforcoffeeexcellence.org/farm-directory/86-73/	717b9e1a3ef6400fa334ddbaf80cb592125ddbdecaf67b0d6271f94bf7878033	f508ebc481c39b4755250f1422148accae73dc57099ecb164e666e07a12b9bc1	WEB_INDEX_FIELD_CAPTURE_SHA256:717b9e1a3ef6400fa334ddbaf80cb592125ddbdecaf67b0d6271f94bf7878033;NOT_FULL_PAGE_BODY	OFFICIAL_FULL_PAGE_BODY_NOT_STORED_ENVIRONMENT_POLICY
layer-92c2fcb6ba07c57ebbcaeb72	assertion:4c5dd8dc97ab79dc0b54b8c7	effective:0ec126e97dcb5ab048050233	PRIMARY_JURY_DESCRIPTION		PRIMARY_PROVISIONAL_LAYER	EXPLICIT_TOP_JURY_LABEL_PAIRED_WITH_INTERNATIONAL_JUDGE_SCORE	https://allianceforcoffeeexcellence.org/farm-directory/89-22-4/	2ecb916106615174a12a05a01589ef2799d168765880a5b83e5416540f562053	453acfc3577f71686783139f9a6dad190ea8edcb188a778e2c8419166593cf95	WEB_INDEX_FIELD_CAPTURE_SHA256:2ecb916106615174a12a05a01589ef2799d168765880a5b83e5416540f562053;NOT_FULL_PAGE_BODY	OFFICIAL_FULL_PAGE_BODY_NOT_STORED_ENVIRONMENT_POLICY
layer-d7a79320482aa7f2130d3ca8	assertion:5071d2b5778357668f4e2f3c	effective:417f9b9adcf3826aa8f3ac12	PRIMARY_JURY_DESCRIPTION		PRIMARY_PROVISIONAL_LAYER	EXPLICIT_TOP_JURY_LABEL_PAIRED_WITH_INTERNATIONAL_JUDGE_SCORE	https://allianceforcoffeeexcellence.org/farm-directory/88-62-5/	2ecb916106615174a12a05a01589ef2799d168765880a5b83e5416540f562053	453acfc3577f71686783139f9a6dad190ea8edcb188a778e2c8419166593cf95	WEB_INDEX_FIELD_CAPTURE_SHA256:2ecb916106615174a12a05a01589ef2799d168765880a5b83e5416540f562053;NOT_FULL_PAGE_BODY	OFFICIAL_FULL_PAGE_BODY_NOT_STORED_ENVIRONMENT_POLICY
layer-99dd8ece3552e16fb04b940e	assertion:50cd714d2d4cf8be41b472a7	effective:0ec126e97dcb5ab048050233	PRIMARY_JURY_DESCRIPTION		PRIMARY_PROVISIONAL_LAYER	EXPLICIT_TOP_JURY_LABEL_PAIRED_WITH_INTERNATIONAL_JUDGE_SCORE	https://allianceforcoffeeexcellence.org/farm-directory/89-22-4/	2ecb916106615174a12a05a01589ef2799d168765880a5b83e5416540f562053	453acfc3577f71686783139f9a6dad190ea8edcb188a778e2c8419166593cf95	WEB_INDEX_FIELD_CAPTURE_SHA256:2ecb916106615174a12a05a01589ef2799d168765880a5b83e5416540f562053;NOT_FULL_PAGE_BODY	OFFICIAL_FULL_PAGE_BODY_NOT_STORED_ENVIRONMENT_POLICY
layer-5c22c86abc3b48f1b82b7714	assertion:5330fc648d4dcc16582f8052	effective:417f9b9adcf3826aa8f3ac12	PRIMARY_JURY_DESCRIPTION		PRIMARY_PROVISIONAL_LAYER	EXPLICIT_TOP_JURY_LABEL_PAIRED_WITH_INTERNATIONAL_JUDGE_SCORE	https://allianceforcoffeeexcellence.org/farm-directory/88-62-5/	2ecb916106615174a12a05a01589ef2799d168765880a5b83e5416540f562053	453acfc3577f71686783139f9a6dad190ea8edcb188a778e2c8419166593cf95	WEB_INDEX_FIELD_CAPTURE_SHA256:2ecb916106615174a12a05a01589ef2799d168765880a5b83e5416540f562053;NOT_FULL_PAGE_BODY	OFFICIAL_FULL_PAGE_BODY_NOT_STORED_ENVIRONMENT_POLICY
layer-a5dbd92a26baf9779ddb40ad	assertion:58eaef75e49c9124420bbec2	effective:6e0f618d2337d1668cd026ec	GENERIC_ORGANIZER_SENSORY_FIELD		PRIMARY_PROVISIONAL_LAYER	FREQUENCY_SEMANTICS_DO_NOT_IDENTIFY_JUDGE_JURY_OR_PANEL_RESPONSES	https://allianceforcoffeeexcellence.org/farm-directory/87-18-2/	717b9e1a3ef6400fa334ddbaf80cb592125ddbdecaf67b0d6271f94bf7878033	f508ebc481c39b4755250f1422148accae73dc57099ecb164e666e07a12b9bc1	WEB_INDEX_FIELD_CAPTURE_SHA256:717b9e1a3ef6400fa334ddbaf80cb592125ddbdecaf67b0d6271f94bf7878033;NOT_FULL_PAGE_BODY	OFFICIAL_FULL_PAGE_BODY_NOT_STORED_ENVIRONMENT_POLICY
layer-f32e434c7b87876b7bf4265e	assertion:5a3d2f526bec80e47cda37b3	effective:417f9b9adcf3826aa8f3ac12	PRIMARY_JURY_DESCRIPTION		PRIMARY_PROVISIONAL_LAYER	EXPLICIT_TOP_JURY_LABEL_PAIRED_WITH_INTERNATIONAL_JUDGE_SCORE	https://allianceforcoffeeexcellence.org/farm-directory/88-62-5/	2ecb916106615174a12a05a01589ef2799d168765880a5b83e5416540f562053	453acfc3577f71686783139f9a6dad190ea8edcb188a778e2c8419166593cf95	WEB_INDEX_FIELD_CAPTURE_SHA256:2ecb916106615174a12a05a01589ef2799d168765880a5b83e5416540f562053;NOT_FULL_PAGE_BODY	OFFICIAL_FULL_PAGE_BODY_NOT_STORED_ENVIRONMENT_POLICY
layer-b51afbf190606a610f35cc08	assertion:63b110c1f10cf852dc7e5a4a	effective:f78304cd66c43e7b10ddb5ea	PRIMARY_JURY_DESCRIPTION		PRIMARY_PROVISIONAL_LAYER	EXPLICIT_TOP_JURY_LABEL_PAIRED_WITH_INTERNATIONAL_JUDGE_SCORE	https://allianceforcoffeeexcellence.org/farm-directory/88-76-5/	2ecb916106615174a12a05a01589ef2799d168765880a5b83e5416540f562053	453acfc3577f71686783139f9a6dad190ea8edcb188a778e2c8419166593cf95	WEB_INDEX_FIELD_CAPTURE_SHA256:2ecb916106615174a12a05a01589ef2799d168765880a5b83e5416540f562053;NOT_FULL_PAGE_BODY	OFFICIAL_FULL_PAGE_BODY_NOT_STORED_ENVIRONMENT_POLICY
layer-bb02cdf68f808584f8617f83	assertion:6470580bd131ce12a87c9423	effective:ec2043706fc868557e7d7152	GENERIC_ORGANIZER_SENSORY_FIELD		PRIMARY_PROVISIONAL_LAYER	ORGANIZER_HOSTING_DOES_NOT_IDENTIFY_FIELD_AUTHOR	https://farmdirectory.cupofexcellence.org/listing/1-la-catarata-peru-2025/	44b83f0786a9909c3f55fa4ba0f148aee15d75e54ae571918cc4350372b2a0f9	83b674daf22d57d7d42ea92c30fb3b3b2a7b4927b3da6505022238a26941cc1a	WEB_INDEX_FIELD_CAPTURE_SHA256:44b83f0786a9909c3f55fa4ba0f148aee15d75e54ae571918cc4350372b2a0f9;NOT_FULL_PAGE_BODY	OFFICIAL_FULL_PAGE_BODY_NOT_STORED_ENVIRONMENT_POLICY
layer-08ae8029c5f79fde5d01e630	assertion:64a8d973d1d9c9152c95d0a6	effective:e034410f41d662fd4a1c08f6	GENERIC_ORGANIZER_SENSORY_FIELD		PRIMARY_PROVISIONAL_LAYER	FREQUENCY_SEMANTICS_DO_NOT_IDENTIFY_JUDGE_JURY_OR_PANEL_RESPONSES	https://allianceforcoffeeexcellence.org/farm-directory/86-73/	717b9e1a3ef6400fa334ddbaf80cb592125ddbdecaf67b0d6271f94bf7878033	f508ebc481c39b4755250f1422148accae73dc57099ecb164e666e07a12b9bc1	WEB_INDEX_FIELD_CAPTURE_SHA256:717b9e1a3ef6400fa334ddbaf80cb592125ddbdecaf67b0d6271f94bf7878033;NOT_FULL_PAGE_BODY	OFFICIAL_FULL_PAGE_BODY_NOT_STORED_ENVIRONMENT_POLICY
layer-5348f7be0d231b0a2c4f869a	assertion:64e1b55464ca667e03d8c836	effective:6e0f618d2337d1668cd026ec	GENERIC_ORGANIZER_SENSORY_FIELD		PRIMARY_PROVISIONAL_LAYER	FREQUENCY_SEMANTICS_DO_NOT_IDENTIFY_JUDGE_JURY_OR_PANEL_RESPONSES	https://allianceforcoffeeexcellence.org/farm-directory/87-18-2/	717b9e1a3ef6400fa334ddbaf80cb592125ddbdecaf67b0d6271f94bf7878033	f508ebc481c39b4755250f1422148accae73dc57099ecb164e666e07a12b9bc1	WEB_INDEX_FIELD_CAPTURE_SHA256:717b9e1a3ef6400fa334ddbaf80cb592125ddbdecaf67b0d6271f94bf7878033;NOT_FULL_PAGE_BODY	OFFICIAL_FULL_PAGE_BODY_NOT_STORED_ENVIRONMENT_POLICY
layer-b70dd188be01826ee7dddd29	assertion:64f02b3371b91dcec1ed387d	effective:0ec126e97dcb5ab048050233	PRIMARY_JURY_DESCRIPTION		PRIMARY_PROVISIONAL_LAYER	EXPLICIT_TOP_JURY_LABEL_PAIRED_WITH_INTERNATIONAL_JUDGE_SCORE	https://allianceforcoffeeexcellence.org/farm-directory/89-22-4/	2ecb916106615174a12a05a01589ef2799d168765880a5b83e5416540f562053	453acfc3577f71686783139f9a6dad190ea8edcb188a778e2c8419166593cf95	WEB_INDEX_FIELD_CAPTURE_SHA256:2ecb916106615174a12a05a01589ef2799d168765880a5b83e5416540f562053;NOT_FULL_PAGE_BODY	OFFICIAL_FULL_PAGE_BODY_NOT_STORED_ENVIRONMENT_POLICY
layer-15a85d53772f64c0e59f5121	assertion:6707d8bcf9760123d5ff93cd	effective:f78304cd66c43e7b10ddb5ea	PRIMARY_JURY_DESCRIPTION		PRIMARY_PROVISIONAL_LAYER	EXPLICIT_TOP_JURY_LABEL_PAIRED_WITH_INTERNATIONAL_JUDGE_SCORE	https://allianceforcoffeeexcellence.org/farm-directory/88-76-5/	2ecb916106615174a12a05a01589ef2799d168765880a5b83e5416540f562053	453acfc3577f71686783139f9a6dad190ea8edcb188a778e2c8419166593cf95	WEB_INDEX_FIELD_CAPTURE_SHA256:2ecb916106615174a12a05a01589ef2799d168765880a5b83e5416540f562053;NOT_FULL_PAGE_BODY	OFFICIAL_FULL_PAGE_BODY_NOT_STORED_ENVIRONMENT_POLICY
layer-623e584f44b021ed1515a28a	assertion:686608b48f94da42d687007a	effective:aa8257ea7c527ff93620b889	PRIMARY_JURY_DESCRIPTION		PRIMARY_PROVISIONAL_LAYER	EXPLICIT_TOP_JURY_LABEL_PAIRED_WITH_INTERNATIONAL_JUDGE_SCORE	https://allianceforcoffeeexcellence.org/farm-directory/88-00-5/	2ecb916106615174a12a05a01589ef2799d168765880a5b83e5416540f562053	453acfc3577f71686783139f9a6dad190ea8edcb188a778e2c8419166593cf95	WEB_INDEX_FIELD_CAPTURE_SHA256:2ecb916106615174a12a05a01589ef2799d168765880a5b83e5416540f562053;NOT_FULL_PAGE_BODY	OFFICIAL_FULL_PAGE_BODY_NOT_STORED_ENVIRONMENT_POLICY
layer-a99ed03559895a05ee38da79	assertion:6afe203a93aa6a0ce8818aa9	effective:e034410f41d662fd4a1c08f6	GENERIC_ORGANIZER_SENSORY_FIELD		PRIMARY_PROVISIONAL_LAYER	FREQUENCY_SEMANTICS_DO_NOT_IDENTIFY_JUDGE_JURY_OR_PANEL_RESPONSES	https://allianceforcoffeeexcellence.org/farm-directory/86-73/	717b9e1a3ef6400fa334ddbaf80cb592125ddbdecaf67b0d6271f94bf7878033	f508ebc481c39b4755250f1422148accae73dc57099ecb164e666e07a12b9bc1	WEB_INDEX_FIELD_CAPTURE_SHA256:717b9e1a3ef6400fa334ddbaf80cb592125ddbdecaf67b0d6271f94bf7878033;NOT_FULL_PAGE_BODY	OFFICIAL_FULL_PAGE_BODY_NOT_STORED_ENVIRONMENT_POLICY
layer-66b8227c2cd16be6af0ba15a	assertion:6f9a206b3bf59bca1f3c17f1	effective:417f9b9adcf3826aa8f3ac12	PRIMARY_JURY_DESCRIPTION		PRIMARY_PROVISIONAL_LAYER	EXPLICIT_TOP_JURY_LABEL_PAIRED_WITH_INTERNATIONAL_JUDGE_SCORE	https://allianceforcoffeeexcellence.org/farm-directory/88-62-5/	2ecb916106615174a12a05a01589ef2799d168765880a5b83e5416540f562053	453acfc3577f71686783139f9a6dad190ea8edcb188a778e2c8419166593cf95	WEB_INDEX_FIELD_CAPTURE_SHA256:2ecb916106615174a12a05a01589ef2799d168765880a5b83e5416540f562053;NOT_FULL_PAGE_BODY	OFFICIAL_FULL_PAGE_BODY_NOT_STORED_ENVIRONMENT_POLICY
layer-af57c4a8e10a033fdbe51c03	assertion:6ff695c89c0b1ca67d95f7d2	effective:f78304cd66c43e7b10ddb5ea	PRIMARY_JURY_DESCRIPTION		PRIMARY_PROVISIONAL_LAYER	EXPLICIT_TOP_JURY_LABEL_PAIRED_WITH_INTERNATIONAL_JUDGE_SCORE	https://allianceforcoffeeexcellence.org/farm-directory/88-76-5/	2ecb916106615174a12a05a01589ef2799d168765880a5b83e5416540f562053	453acfc3577f71686783139f9a6dad190ea8edcb188a778e2c8419166593cf95	WEB_INDEX_FIELD_CAPTURE_SHA256:2ecb916106615174a12a05a01589ef2799d168765880a5b83e5416540f562053;NOT_FULL_PAGE_BODY	OFFICIAL_FULL_PAGE_BODY_NOT_STORED_ENVIRONMENT_POLICY
layer-ccb38efeef50de7c097f8251	assertion:729d5ead4c41f084db904b80	effective:417f9b9adcf3826aa8f3ac12	PRIMARY_JURY_DESCRIPTION		PRIMARY_PROVISIONAL_LAYER	EXPLICIT_TOP_JURY_LABEL_PAIRED_WITH_INTERNATIONAL_JUDGE_SCORE	https://allianceforcoffeeexcellence.org/farm-directory/88-62-5/	2ecb916106615174a12a05a01589ef2799d168765880a5b83e5416540f562053	453acfc3577f71686783139f9a6dad190ea8edcb188a778e2c8419166593cf95	WEB_INDEX_FIELD_CAPTURE_SHA256:2ecb916106615174a12a05a01589ef2799d168765880a5b83e5416540f562053;NOT_FULL_PAGE_BODY	OFFICIAL_FULL_PAGE_BODY_NOT_STORED_ENVIRONMENT_POLICY
layer-4f79db71ee1bf6af06ba4ac8	assertion:73e4f8d851b1bc58b41bf256	effective:6e0f618d2337d1668cd026ec	GENERIC_ORGANIZER_SENSORY_FIELD		PRIMARY_PROVISIONAL_LAYER	FREQUENCY_SEMANTICS_DO_NOT_IDENTIFY_JUDGE_JURY_OR_PANEL_RESPONSES	https://allianceforcoffeeexcellence.org/farm-directory/87-18-2/	717b9e1a3ef6400fa334ddbaf80cb592125ddbdecaf67b0d6271f94bf7878033	f508ebc481c39b4755250f1422148accae73dc57099ecb164e666e07a12b9bc1	WEB_INDEX_FIELD_CAPTURE_SHA256:717b9e1a3ef6400fa334ddbaf80cb592125ddbdecaf67b0d6271f94bf7878033;NOT_FULL_PAGE_BODY	OFFICIAL_FULL_PAGE_BODY_NOT_STORED_ENVIRONMENT_POLICY
layer-6e3e41e3d34d2b42a0790aac	assertion:74bbd20cd7143406a3bce93f	effective:417f9b9adcf3826aa8f3ac12	PRIMARY_JURY_DESCRIPTION		PRIMARY_PROVISIONAL_LAYER	EXPLICIT_TOP_JURY_LABEL_PAIRED_WITH_INTERNATIONAL_JUDGE_SCORE	https://allianceforcoffeeexcellence.org/farm-directory/88-62-5/	2ecb916106615174a12a05a01589ef2799d168765880a5b83e5416540f562053	453acfc3577f71686783139f9a6dad190ea8edcb188a778e2c8419166593cf95	WEB_INDEX_FIELD_CAPTURE_SHA256:2ecb916106615174a12a05a01589ef2799d168765880a5b83e5416540f562053;NOT_FULL_PAGE_BODY	OFFICIAL_FULL_PAGE_BODY_NOT_STORED_ENVIRONMENT_POLICY
layer-76096833517602a5c9e5b680	assertion:7665ab6db6c9945ad255a073	effective:f1a4276a0e1a0970dc839383	PRIMARY_JURY_DESCRIPTION		PRIMARY_PROVISIONAL_LAYER	EXPLICIT_TOP_JURY_LABEL_PAIRED_WITH_INTERNATIONAL_JUDGE_SCORE	https://allianceforcoffeeexcellence.org/farm-directory/91-81-2/	2ecb916106615174a12a05a01589ef2799d168765880a5b83e5416540f562053	453acfc3577f71686783139f9a6dad190ea8edcb188a778e2c8419166593cf95	WEB_INDEX_FIELD_CAPTURE_SHA256:2ecb916106615174a12a05a01589ef2799d168765880a5b83e5416540f562053;NOT_FULL_PAGE_BODY	OFFICIAL_FULL_PAGE_BODY_NOT_STORED_ENVIRONMENT_POLICY
layer-9bd8873e8119938232834d9e	assertion:79c5f9e86ee202753d5912c7	effective:6e0f618d2337d1668cd026ec	GENERIC_ORGANIZER_SENSORY_FIELD		PRIMARY_PROVISIONAL_LAYER	FREQUENCY_SEMANTICS_DO_NOT_IDENTIFY_JUDGE_JURY_OR_PANEL_RESPONSES	https://allianceforcoffeeexcellence.org/farm-directory/87-18-2/	717b9e1a3ef6400fa334ddbaf80cb592125ddbdecaf67b0d6271f94bf7878033	f508ebc481c39b4755250f1422148accae73dc57099ecb164e666e07a12b9bc1	WEB_INDEX_FIELD_CAPTURE_SHA256:717b9e1a3ef6400fa334ddbaf80cb592125ddbdecaf67b0d6271f94bf7878033;NOT_FULL_PAGE_BODY	OFFICIAL_FULL_PAGE_BODY_NOT_STORED_ENVIRONMENT_POLICY
layer-daefb38b3675fe6c97596c45	assertion:7b31e1c9febf67fe268a9cdb	effective:6e0f618d2337d1668cd026ec	GENERIC_ORGANIZER_SENSORY_FIELD		PRIMARY_PROVISIONAL_LAYER	FREQUENCY_SEMANTICS_DO_NOT_IDENTIFY_JUDGE_JURY_OR_PANEL_RESPONSES	https://allianceforcoffeeexcellence.org/farm-directory/87-18-2/	717b9e1a3ef6400fa334ddbaf80cb592125ddbdecaf67b0d6271f94bf7878033	f508ebc481c39b4755250f1422148accae73dc57099ecb164e666e07a12b9bc1	WEB_INDEX_FIELD_CAPTURE_SHA256:717b9e1a3ef6400fa334ddbaf80cb592125ddbdecaf67b0d6271f94bf7878033;NOT_FULL_PAGE_BODY	OFFICIAL_FULL_PAGE_BODY_NOT_STORED_ENVIRONMENT_POLICY
layer-d0a6d8b12f45216b00d8fe02	assertion:7bd2f87537416b83094545a9	effective:f1a4276a0e1a0970dc839383	PRIMARY_JURY_DESCRIPTION		PRIMARY_PROVISIONAL_LAYER	EXPLICIT_TOP_JURY_LABEL_PAIRED_WITH_INTERNATIONAL_JUDGE_SCORE	https://allianceforcoffeeexcellence.org/farm-directory/91-81-2/	2ecb916106615174a12a05a01589ef2799d168765880a5b83e5416540f562053	453acfc3577f71686783139f9a6dad190ea8edcb188a778e2c8419166593cf95	WEB_INDEX_FIELD_CAPTURE_SHA256:2ecb916106615174a12a05a01589ef2799d168765880a5b83e5416540f562053;NOT_FULL_PAGE_BODY	OFFICIAL_FULL_PAGE_BODY_NOT_STORED_ENVIRONMENT_POLICY
layer-646b06dcf28476430e667a26	assertion:7c0b9d46ab6136600a2e5d03	effective:aa8257ea7c527ff93620b889	PRIMARY_JURY_DESCRIPTION		PRIMARY_PROVISIONAL_LAYER	EXPLICIT_TOP_JURY_LABEL_PAIRED_WITH_INTERNATIONAL_JUDGE_SCORE	https://allianceforcoffeeexcellence.org/farm-directory/88-00-5/	2ecb916106615174a12a05a01589ef2799d168765880a5b83e5416540f562053	453acfc3577f71686783139f9a6dad190ea8edcb188a778e2c8419166593cf95	WEB_INDEX_FIELD_CAPTURE_SHA256:2ecb916106615174a12a05a01589ef2799d168765880a5b83e5416540f562053;NOT_FULL_PAGE_BODY	OFFICIAL_FULL_PAGE_BODY_NOT_STORED_ENVIRONMENT_POLICY
layer-b71e9143a96bae8b318e7b80	assertion:7d361fa84fa9aeef205273e2	effective:6e0f618d2337d1668cd026ec	GENERIC_ORGANIZER_SENSORY_FIELD		PRIMARY_PROVISIONAL_LAYER	FREQUENCY_SEMANTICS_DO_NOT_IDENTIFY_JUDGE_JURY_OR_PANEL_RESPONSES	https://allianceforcoffeeexcellence.org/farm-directory/87-18-2/	717b9e1a3ef6400fa334ddbaf80cb592125ddbdecaf67b0d6271f94bf7878033	f508ebc481c39b4755250f1422148accae73dc57099ecb164e666e07a12b9bc1	WEB_INDEX_FIELD_CAPTURE_SHA256:717b9e1a3ef6400fa334ddbaf80cb592125ddbdecaf67b0d6271f94bf7878033;NOT_FULL_PAGE_BODY	OFFICIAL_FULL_PAGE_BODY_NOT_STORED_ENVIRONMENT_POLICY
layer-ff353d5c65f1828f3253c2bc	assertion:80422363b0817cee1419cc88	effective:f78304cd66c43e7b10ddb5ea	PRIMARY_JURY_DESCRIPTION		PRIMARY_PROVISIONAL_LAYER	EXPLICIT_TOP_JURY_LABEL_PAIRED_WITH_INTERNATIONAL_JUDGE_SCORE	https://allianceforcoffeeexcellence.org/farm-directory/88-76-5/	2ecb916106615174a12a05a01589ef2799d168765880a5b83e5416540f562053	453acfc3577f71686783139f9a6dad190ea8edcb188a778e2c8419166593cf95	WEB_INDEX_FIELD_CAPTURE_SHA256:2ecb916106615174a12a05a01589ef2799d168765880a5b83e5416540f562053;NOT_FULL_PAGE_BODY	OFFICIAL_FULL_PAGE_BODY_NOT_STORED_ENVIRONMENT_POLICY
layer-975ef4fa8af588499018436d	assertion:80bf17895c397e8de898f40e	effective:417f9b9adcf3826aa8f3ac12	PRIMARY_JURY_DESCRIPTION		PRIMARY_PROVISIONAL_LAYER	EXPLICIT_TOP_JURY_LABEL_PAIRED_WITH_INTERNATIONAL_JUDGE_SCORE	https://allianceforcoffeeexcellence.org/farm-directory/88-62-5/	2ecb916106615174a12a05a01589ef2799d168765880a5b83e5416540f562053	453acfc3577f71686783139f9a6dad190ea8edcb188a778e2c8419166593cf95	WEB_INDEX_FIELD_CAPTURE_SHA256:2ecb916106615174a12a05a01589ef2799d168765880a5b83e5416540f562053;NOT_FULL_PAGE_BODY	OFFICIAL_FULL_PAGE_BODY_NOT_STORED_ENVIRONMENT_POLICY
layer-be6548cec60ce588d5d92d45	assertion:812c4bda6d03a5b17ef8cb9b	effective:f78304cd66c43e7b10ddb5ea	PRIMARY_JURY_DESCRIPTION		PRIMARY_PROVISIONAL_LAYER	EXPLICIT_TOP_JURY_LABEL_PAIRED_WITH_INTERNATIONAL_JUDGE_SCORE	https://allianceforcoffeeexcellence.org/farm-directory/88-76-5/	2ecb916106615174a12a05a01589ef2799d168765880a5b83e5416540f562053	453acfc3577f71686783139f9a6dad190ea8edcb188a778e2c8419166593cf95	WEB_INDEX_FIELD_CAPTURE_SHA256:2ecb916106615174a12a05a01589ef2799d168765880a5b83e5416540f562053;NOT_FULL_PAGE_BODY	OFFICIAL_FULL_PAGE_BODY_NOT_STORED_ENVIRONMENT_POLICY
layer-ee04b7d2714e6cc3366935c8	assertion:8136ff7441ebce45b7bcc7f5	effective:aa8257ea7c527ff93620b889	PRIMARY_JURY_DESCRIPTION		PRIMARY_PROVISIONAL_LAYER	EXPLICIT_TOP_JURY_LABEL_PAIRED_WITH_INTERNATIONAL_JUDGE_SCORE	https://allianceforcoffeeexcellence.org/farm-directory/88-00-5/	2ecb916106615174a12a05a01589ef2799d168765880a5b83e5416540f562053	453acfc3577f71686783139f9a6dad190ea8edcb188a778e2c8419166593cf95	WEB_INDEX_FIELD_CAPTURE_SHA256:2ecb916106615174a12a05a01589ef2799d168765880a5b83e5416540f562053;NOT_FULL_PAGE_BODY	OFFICIAL_FULL_PAGE_BODY_NOT_STORED_ENVIRONMENT_POLICY
layer-dcf9d6e97479be3da475c36e	assertion:838cb6a1573068c5b71f93c5	effective:6e0f618d2337d1668cd026ec	GENERIC_ORGANIZER_SENSORY_FIELD		PRIMARY_PROVISIONAL_LAYER	FREQUENCY_SEMANTICS_DO_NOT_IDENTIFY_JUDGE_JURY_OR_PANEL_RESPONSES	https://allianceforcoffeeexcellence.org/farm-directory/87-18-2/	717b9e1a3ef6400fa334ddbaf80cb592125ddbdecaf67b0d6271f94bf7878033	f508ebc481c39b4755250f1422148accae73dc57099ecb164e666e07a12b9bc1	WEB_INDEX_FIELD_CAPTURE_SHA256:717b9e1a3ef6400fa334ddbaf80cb592125ddbdecaf67b0d6271f94bf7878033;NOT_FULL_PAGE_BODY	OFFICIAL_FULL_PAGE_BODY_NOT_STORED_ENVIRONMENT_POLICY
layer-350b150b6cf7c89aaae96782	assertion:85fa7551069ecb7e029ba12d	effective:f78304cd66c43e7b10ddb5ea	PRIMARY_JURY_DESCRIPTION		PRIMARY_PROVISIONAL_LAYER	EXPLICIT_TOP_JURY_LABEL_PAIRED_WITH_INTERNATIONAL_JUDGE_SCORE	https://allianceforcoffeeexcellence.org/farm-directory/88-76-5/	2ecb916106615174a12a05a01589ef2799d168765880a5b83e5416540f562053	453acfc3577f71686783139f9a6dad190ea8edcb188a778e2c8419166593cf95	WEB_INDEX_FIELD_CAPTURE_SHA256:2ecb916106615174a12a05a01589ef2799d168765880a5b83e5416540f562053;NOT_FULL_PAGE_BODY	OFFICIAL_FULL_PAGE_BODY_NOT_STORED_ENVIRONMENT_POLICY
layer-e606f22c4934a66b2ef91828	assertion:88121f558321925febb298e5	effective:ec2043706fc868557e7d7152	GENERIC_ORGANIZER_SENSORY_FIELD		PRIMARY_PROVISIONAL_LAYER	ORGANIZER_HOSTING_DOES_NOT_IDENTIFY_FIELD_AUTHOR	https://farmdirectory.cupofexcellence.org/listing/1-la-catarata-peru-2025/	44b83f0786a9909c3f55fa4ba0f148aee15d75e54ae571918cc4350372b2a0f9	83b674daf22d57d7d42ea92c30fb3b3b2a7b4927b3da6505022238a26941cc1a	WEB_INDEX_FIELD_CAPTURE_SHA256:44b83f0786a9909c3f55fa4ba0f148aee15d75e54ae571918cc4350372b2a0f9;NOT_FULL_PAGE_BODY	OFFICIAL_FULL_PAGE_BODY_NOT_STORED_ENVIRONMENT_POLICY
layer-cef0cb91c4fc7128f1eff099	assertion:88dc0a73b423f8cd5668cbc8	effective:f78304cd66c43e7b10ddb5ea	PRIMARY_JURY_DESCRIPTION		PRIMARY_PROVISIONAL_LAYER	EXPLICIT_TOP_JURY_LABEL_PAIRED_WITH_INTERNATIONAL_JUDGE_SCORE	https://allianceforcoffeeexcellence.org/farm-directory/88-76-5/	2ecb916106615174a12a05a01589ef2799d168765880a5b83e5416540f562053	453acfc3577f71686783139f9a6dad190ea8edcb188a778e2c8419166593cf95	WEB_INDEX_FIELD_CAPTURE_SHA256:2ecb916106615174a12a05a01589ef2799d168765880a5b83e5416540f562053;NOT_FULL_PAGE_BODY	OFFICIAL_FULL_PAGE_BODY_NOT_STORED_ENVIRONMENT_POLICY
layer-d31757629045ca7d596e3bc4	assertion:894c1e23f69016fe2cf7f96d	effective:e034410f41d662fd4a1c08f6	GENERIC_ORGANIZER_SENSORY_FIELD		PRIMARY_PROVISIONAL_LAYER	FREQUENCY_SEMANTICS_DO_NOT_IDENTIFY_JUDGE_JURY_OR_PANEL_RESPONSES	https://allianceforcoffeeexcellence.org/farm-directory/86-73/	717b9e1a3ef6400fa334ddbaf80cb592125ddbdecaf67b0d6271f94bf7878033	f508ebc481c39b4755250f1422148accae73dc57099ecb164e666e07a12b9bc1	WEB_INDEX_FIELD_CAPTURE_SHA256:717b9e1a3ef6400fa334ddbaf80cb592125ddbdecaf67b0d6271f94bf7878033;NOT_FULL_PAGE_BODY	OFFICIAL_FULL_PAGE_BODY_NOT_STORED_ENVIRONMENT_POLICY
layer-0c5bb4aac5fb80903d975016	assertion:8d443699e606381cbbc69309	effective:e034410f41d662fd4a1c08f6	GENERIC_ORGANIZER_SENSORY_FIELD		PRIMARY_PROVISIONAL_LAYER	FREQUENCY_SEMANTICS_DO_NOT_IDENTIFY_JUDGE_JURY_OR_PANEL_RESPONSES	https://allianceforcoffeeexcellence.org/farm-directory/86-73/	717b9e1a3ef6400fa334ddbaf80cb592125ddbdecaf67b0d6271f94bf7878033	f508ebc481c39b4755250f1422148accae73dc57099ecb164e666e07a12b9bc1	WEB_INDEX_FIELD_CAPTURE_SHA256:717b9e1a3ef6400fa334ddbaf80cb592125ddbdecaf67b0d6271f94bf7878033;NOT_FULL_PAGE_BODY	OFFICIAL_FULL_PAGE_BODY_NOT_STORED_ENVIRONMENT_POLICY
layer-0e138aa4423b763c4d2f6b21	assertion:8eb6117172493acf9602b6f4	effective:ec2043706fc868557e7d7152	GENERIC_ORGANIZER_SENSORY_FIELD		PRIMARY_PROVISIONAL_LAYER	ORGANIZER_HOSTING_DOES_NOT_IDENTIFY_FIELD_AUTHOR	https://farmdirectory.cupofexcellence.org/listing/1-la-catarata-peru-2025/	44b83f0786a9909c3f55fa4ba0f148aee15d75e54ae571918cc4350372b2a0f9	83b674daf22d57d7d42ea92c30fb3b3b2a7b4927b3da6505022238a26941cc1a	WEB_INDEX_FIELD_CAPTURE_SHA256:44b83f0786a9909c3f55fa4ba0f148aee15d75e54ae571918cc4350372b2a0f9;NOT_FULL_PAGE_BODY	OFFICIAL_FULL_PAGE_BODY_NOT_STORED_ENVIRONMENT_POLICY
layer-2cf9bff6974023581efb6c96	assertion:930e3f7665a8c65bfebd86c3	effective:f1a4276a0e1a0970dc839383	PRIMARY_JURY_DESCRIPTION		PRIMARY_PROVISIONAL_LAYER	EXPLICIT_TOP_JURY_LABEL_PAIRED_WITH_INTERNATIONAL_JUDGE_SCORE	https://allianceforcoffeeexcellence.org/farm-directory/91-81-2/	2ecb916106615174a12a05a01589ef2799d168765880a5b83e5416540f562053	453acfc3577f71686783139f9a6dad190ea8edcb188a778e2c8419166593cf95	WEB_INDEX_FIELD_CAPTURE_SHA256:2ecb916106615174a12a05a01589ef2799d168765880a5b83e5416540f562053;NOT_FULL_PAGE_BODY	OFFICIAL_FULL_PAGE_BODY_NOT_STORED_ENVIRONMENT_POLICY
layer-666f0c37f608e2e73e9ef68b	assertion:93bc07efbeeac88285b18168	effective:e034410f41d662fd4a1c08f6	GENERIC_ORGANIZER_SENSORY_FIELD		PRIMARY_PROVISIONAL_LAYER	FREQUENCY_SEMANTICS_DO_NOT_IDENTIFY_JUDGE_JURY_OR_PANEL_RESPONSES	https://allianceforcoffeeexcellence.org/farm-directory/86-73/	717b9e1a3ef6400fa334ddbaf80cb592125ddbdecaf67b0d6271f94bf7878033	f508ebc481c39b4755250f1422148accae73dc57099ecb164e666e07a12b9bc1	WEB_INDEX_FIELD_CAPTURE_SHA256:717b9e1a3ef6400fa334ddbaf80cb592125ddbdecaf67b0d6271f94bf7878033;NOT_FULL_PAGE_BODY	OFFICIAL_FULL_PAGE_BODY_NOT_STORED_ENVIRONMENT_POLICY
layer-e3575883cc35c719f6178f69	assertion:93dd7e1064fd12495d37d078	effective:f1a4276a0e1a0970dc839383	PRIMARY_JURY_DESCRIPTION		PRIMARY_PROVISIONAL_LAYER	EXPLICIT_TOP_JURY_LABEL_PAIRED_WITH_INTERNATIONAL_JUDGE_SCORE	https://allianceforcoffeeexcellence.org/farm-directory/91-81-2/	2ecb916106615174a12a05a01589ef2799d168765880a5b83e5416540f562053	453acfc3577f71686783139f9a6dad190ea8edcb188a778e2c8419166593cf95	WEB_INDEX_FIELD_CAPTURE_SHA256:2ecb916106615174a12a05a01589ef2799d168765880a5b83e5416540f562053;NOT_FULL_PAGE_BODY	OFFICIAL_FULL_PAGE_BODY_NOT_STORED_ENVIRONMENT_POLICY
layer-aafde391c5751cb6386e00b3	assertion:9454c135d0c9028534ffa010	effective:ec2043706fc868557e7d7152	GENERIC_ORGANIZER_SENSORY_FIELD		PRIMARY_PROVISIONAL_LAYER	ORGANIZER_HOSTING_DOES_NOT_IDENTIFY_FIELD_AUTHOR	https://farmdirectory.cupofexcellence.org/listing/1-la-catarata-peru-2025/	44b83f0786a9909c3f55fa4ba0f148aee15d75e54ae571918cc4350372b2a0f9	83b674daf22d57d7d42ea92c30fb3b3b2a7b4927b3da6505022238a26941cc1a	WEB_INDEX_FIELD_CAPTURE_SHA256:44b83f0786a9909c3f55fa4ba0f148aee15d75e54ae571918cc4350372b2a0f9;NOT_FULL_PAGE_BODY	OFFICIAL_FULL_PAGE_BODY_NOT_STORED_ENVIRONMENT_POLICY
layer-1021f74fc5201536ac2caa78	assertion:9515cd420b8b121246f5a5f8	effective:aa8257ea7c527ff93620b889	PRIMARY_JURY_DESCRIPTION		PRIMARY_PROVISIONAL_LAYER	EXPLICIT_TOP_JURY_LABEL_PAIRED_WITH_INTERNATIONAL_JUDGE_SCORE	https://allianceforcoffeeexcellence.org/farm-directory/88-00-5/	2ecb916106615174a12a05a01589ef2799d168765880a5b83e5416540f562053	453acfc3577f71686783139f9a6dad190ea8edcb188a778e2c8419166593cf95	WEB_INDEX_FIELD_CAPTURE_SHA256:2ecb916106615174a12a05a01589ef2799d168765880a5b83e5416540f562053;NOT_FULL_PAGE_BODY	OFFICIAL_FULL_PAGE_BODY_NOT_STORED_ENVIRONMENT_POLICY
layer-7c3db0edfeccb413eec14776	assertion:98d2e1dc7de9ca2d3936f42e	effective:e034410f41d662fd4a1c08f6	GENERIC_ORGANIZER_SENSORY_FIELD		PRIMARY_PROVISIONAL_LAYER	FREQUENCY_SEMANTICS_DO_NOT_IDENTIFY_JUDGE_JURY_OR_PANEL_RESPONSES	https://allianceforcoffeeexcellence.org/farm-directory/86-73/	717b9e1a3ef6400fa334ddbaf80cb592125ddbdecaf67b0d6271f94bf7878033	f508ebc481c39b4755250f1422148accae73dc57099ecb164e666e07a12b9bc1	WEB_INDEX_FIELD_CAPTURE_SHA256:717b9e1a3ef6400fa334ddbaf80cb592125ddbdecaf67b0d6271f94bf7878033;NOT_FULL_PAGE_BODY	OFFICIAL_FULL_PAGE_BODY_NOT_STORED_ENVIRONMENT_POLICY
layer-6ca73611e1f46df0d8068b5e	assertion:9ae01b3d27ec12e0ef990c46	effective:f78304cd66c43e7b10ddb5ea	PRIMARY_JURY_DESCRIPTION		PRIMARY_PROVISIONAL_LAYER	EXPLICIT_TOP_JURY_LABEL_PAIRED_WITH_INTERNATIONAL_JUDGE_SCORE	https://allianceforcoffeeexcellence.org/farm-directory/88-76-5/	2ecb916106615174a12a05a01589ef2799d168765880a5b83e5416540f562053	453acfc3577f71686783139f9a6dad190ea8edcb188a778e2c8419166593cf95	WEB_INDEX_FIELD_CAPTURE_SHA256:2ecb916106615174a12a05a01589ef2799d168765880a5b83e5416540f562053;NOT_FULL_PAGE_BODY	OFFICIAL_FULL_PAGE_BODY_NOT_STORED_ENVIRONMENT_POLICY
layer-4e0dfe4d587b7d7703aa352c	assertion:9b3030a1f2e257f967774cef	effective:e034410f41d662fd4a1c08f6	GENERIC_ORGANIZER_SENSORY_FIELD		PRIMARY_PROVISIONAL_LAYER	FREQUENCY_SEMANTICS_DO_NOT_IDENTIFY_JUDGE_JURY_OR_PANEL_RESPONSES	https://allianceforcoffeeexcellence.org/farm-directory/86-73/	717b9e1a3ef6400fa334ddbaf80cb592125ddbdecaf67b0d6271f94bf7878033	f508ebc481c39b4755250f1422148accae73dc57099ecb164e666e07a12b9bc1	WEB_INDEX_FIELD_CAPTURE_SHA256:717b9e1a3ef6400fa334ddbaf80cb592125ddbdecaf67b0d6271f94bf7878033;NOT_FULL_PAGE_BODY	OFFICIAL_FULL_PAGE_BODY_NOT_STORED_ENVIRONMENT_POLICY
layer-1871113294920bf67db2dddf	assertion:9d6261cf93eaa98f375f6a49	effective:417f9b9adcf3826aa8f3ac12	PRIMARY_JURY_DESCRIPTION		PRIMARY_PROVISIONAL_LAYER	EXPLICIT_TOP_JURY_LABEL_PAIRED_WITH_INTERNATIONAL_JUDGE_SCORE	https://allianceforcoffeeexcellence.org/farm-directory/88-62-5/	2ecb916106615174a12a05a01589ef2799d168765880a5b83e5416540f562053	453acfc3577f71686783139f9a6dad190ea8edcb188a778e2c8419166593cf95	WEB_INDEX_FIELD_CAPTURE_SHA256:2ecb916106615174a12a05a01589ef2799d168765880a5b83e5416540f562053;NOT_FULL_PAGE_BODY	OFFICIAL_FULL_PAGE_BODY_NOT_STORED_ENVIRONMENT_POLICY
layer-3b3beb6b8578c99e5efed79b	assertion:9ec7596d7cdf1d314b69470e	effective:e034410f41d662fd4a1c08f6	GENERIC_ORGANIZER_SENSORY_FIELD		PRIMARY_PROVISIONAL_LAYER	FREQUENCY_SEMANTICS_DO_NOT_IDENTIFY_JUDGE_JURY_OR_PANEL_RESPONSES	https://allianceforcoffeeexcellence.org/farm-directory/86-73/	717b9e1a3ef6400fa334ddbaf80cb592125ddbdecaf67b0d6271f94bf7878033	f508ebc481c39b4755250f1422148accae73dc57099ecb164e666e07a12b9bc1	WEB_INDEX_FIELD_CAPTURE_SHA256:717b9e1a3ef6400fa334ddbaf80cb592125ddbdecaf67b0d6271f94bf7878033;NOT_FULL_PAGE_BODY	OFFICIAL_FULL_PAGE_BODY_NOT_STORED_ENVIRONMENT_POLICY
layer-6cf2601840e859d41497ae1b	assertion:9f7f577b80fe5eba45b544a5	effective:0ec126e97dcb5ab048050233	PRIMARY_JURY_DESCRIPTION		PRIMARY_PROVISIONAL_LAYER	EXPLICIT_TOP_JURY_LABEL_PAIRED_WITH_INTERNATIONAL_JUDGE_SCORE	https://allianceforcoffeeexcellence.org/farm-directory/89-22-4/	2ecb916106615174a12a05a01589ef2799d168765880a5b83e5416540f562053	453acfc3577f71686783139f9a6dad190ea8edcb188a778e2c8419166593cf95	WEB_INDEX_FIELD_CAPTURE_SHA256:2ecb916106615174a12a05a01589ef2799d168765880a5b83e5416540f562053;NOT_FULL_PAGE_BODY	OFFICIAL_FULL_PAGE_BODY_NOT_STORED_ENVIRONMENT_POLICY
layer-57fe1362487ea11d7794492d	assertion:a15a91be7db2230bcaf6bdc4	effective:e034410f41d662fd4a1c08f6	GENERIC_ORGANIZER_SENSORY_FIELD		PRIMARY_PROVISIONAL_LAYER	FREQUENCY_SEMANTICS_DO_NOT_IDENTIFY_JUDGE_JURY_OR_PANEL_RESPONSES	https://allianceforcoffeeexcellence.org/farm-directory/86-73/	717b9e1a3ef6400fa334ddbaf80cb592125ddbdecaf67b0d6271f94bf7878033	f508ebc481c39b4755250f1422148accae73dc57099ecb164e666e07a12b9bc1	WEB_INDEX_FIELD_CAPTURE_SHA256:717b9e1a3ef6400fa334ddbaf80cb592125ddbdecaf67b0d6271f94bf7878033;NOT_FULL_PAGE_BODY	OFFICIAL_FULL_PAGE_BODY_NOT_STORED_ENVIRONMENT_POLICY
layer-1c09d7e625fe9e2180a33e14	assertion:a34314e22943bb96da08a7ca	effective:e034410f41d662fd4a1c08f6	GENERIC_ORGANIZER_SENSORY_FIELD		PRIMARY_PROVISIONAL_LAYER	FREQUENCY_SEMANTICS_DO_NOT_IDENTIFY_JUDGE_JURY_OR_PANEL_RESPONSES	https://allianceforcoffeeexcellence.org/farm-directory/86-73/	717b9e1a3ef6400fa334ddbaf80cb592125ddbdecaf67b0d6271f94bf7878033	f508ebc481c39b4755250f1422148accae73dc57099ecb164e666e07a12b9bc1	WEB_INDEX_FIELD_CAPTURE_SHA256:717b9e1a3ef6400fa334ddbaf80cb592125ddbdecaf67b0d6271f94bf7878033;NOT_FULL_PAGE_BODY	OFFICIAL_FULL_PAGE_BODY_NOT_STORED_ENVIRONMENT_POLICY
layer-22f4bcb86a0bdee2b792e996	assertion:a39873e6d6592c7820670b5c	effective:ec2043706fc868557e7d7152	GENERIC_ORGANIZER_SENSORY_FIELD		PRIMARY_PROVISIONAL_LAYER	ORGANIZER_HOSTING_DOES_NOT_IDENTIFY_FIELD_AUTHOR	https://farmdirectory.cupofexcellence.org/listing/1-la-catarata-peru-2025/	44b83f0786a9909c3f55fa4ba0f148aee15d75e54ae571918cc4350372b2a0f9	83b674daf22d57d7d42ea92c30fb3b3b2a7b4927b3da6505022238a26941cc1a	WEB_INDEX_FIELD_CAPTURE_SHA256:44b83f0786a9909c3f55fa4ba0f148aee15d75e54ae571918cc4350372b2a0f9;NOT_FULL_PAGE_BODY	OFFICIAL_FULL_PAGE_BODY_NOT_STORED_ENVIRONMENT_POLICY
layer-267e64fbe9b240da3f514391	assertion:a3dbf0c995d99ec2dbb0a48f	effective:0ec126e97dcb5ab048050233	PRIMARY_JURY_DESCRIPTION		PRIMARY_PROVISIONAL_LAYER	EXPLICIT_TOP_JURY_LABEL_PAIRED_WITH_INTERNATIONAL_JUDGE_SCORE	https://allianceforcoffeeexcellence.org/farm-directory/89-22-4/	2ecb916106615174a12a05a01589ef2799d168765880a5b83e5416540f562053	453acfc3577f71686783139f9a6dad190ea8edcb188a778e2c8419166593cf95	WEB_INDEX_FIELD_CAPTURE_SHA256:2ecb916106615174a12a05a01589ef2799d168765880a5b83e5416540f562053;NOT_FULL_PAGE_BODY	OFFICIAL_FULL_PAGE_BODY_NOT_STORED_ENVIRONMENT_POLICY
layer-28803e961d4cab4ae0379e34	assertion:a49a6f6a71a9385ec48cd747	effective:417f9b9adcf3826aa8f3ac12	PRIMARY_JURY_DESCRIPTION		PRIMARY_PROVISIONAL_LAYER	EXPLICIT_TOP_JURY_LABEL_PAIRED_WITH_INTERNATIONAL_JUDGE_SCORE	https://allianceforcoffeeexcellence.org/farm-directory/88-62-5/	2ecb916106615174a12a05a01589ef2799d168765880a5b83e5416540f562053	453acfc3577f71686783139f9a6dad190ea8edcb188a778e2c8419166593cf95	WEB_INDEX_FIELD_CAPTURE_SHA256:2ecb916106615174a12a05a01589ef2799d168765880a5b83e5416540f562053;NOT_FULL_PAGE_BODY	OFFICIAL_FULL_PAGE_BODY_NOT_STORED_ENVIRONMENT_POLICY
layer-cd7676478cf42d973cb939f8	assertion:a54e7ca73637290828cf5d07	effective:ec2043706fc868557e7d7152	GENERIC_ORGANIZER_SENSORY_FIELD		PRIMARY_PROVISIONAL_LAYER	ORGANIZER_HOSTING_DOES_NOT_IDENTIFY_FIELD_AUTHOR	https://farmdirectory.cupofexcellence.org/listing/1-la-catarata-peru-2025/	44b83f0786a9909c3f55fa4ba0f148aee15d75e54ae571918cc4350372b2a0f9	83b674daf22d57d7d42ea92c30fb3b3b2a7b4927b3da6505022238a26941cc1a	WEB_INDEX_FIELD_CAPTURE_SHA256:44b83f0786a9909c3f55fa4ba0f148aee15d75e54ae571918cc4350372b2a0f9;NOT_FULL_PAGE_BODY	OFFICIAL_FULL_PAGE_BODY_NOT_STORED_ENVIRONMENT_POLICY
layer-178af6af7cf1b1dcaaae8af6	assertion:a95d19ce0f9c78d81bb959df	effective:6e0f618d2337d1668cd026ec	GENERIC_ORGANIZER_SENSORY_FIELD		PRIMARY_PROVISIONAL_LAYER	FREQUENCY_SEMANTICS_DO_NOT_IDENTIFY_JUDGE_JURY_OR_PANEL_RESPONSES	https://allianceforcoffeeexcellence.org/farm-directory/87-18-2/	717b9e1a3ef6400fa334ddbaf80cb592125ddbdecaf67b0d6271f94bf7878033	f508ebc481c39b4755250f1422148accae73dc57099ecb164e666e07a12b9bc1	WEB_INDEX_FIELD_CAPTURE_SHA256:717b9e1a3ef6400fa334ddbaf80cb592125ddbdecaf67b0d6271f94bf7878033;NOT_FULL_PAGE_BODY	OFFICIAL_FULL_PAGE_BODY_NOT_STORED_ENVIRONMENT_POLICY
layer-598629f2cf8576a6fa72855e	assertion:acca772c0ecc7841e618d924	effective:f1a4276a0e1a0970dc839383	PRIMARY_JURY_DESCRIPTION		PRIMARY_PROVISIONAL_LAYER	EXPLICIT_TOP_JURY_LABEL_PAIRED_WITH_INTERNATIONAL_JUDGE_SCORE	https://allianceforcoffeeexcellence.org/farm-directory/91-81-2/	2ecb916106615174a12a05a01589ef2799d168765880a5b83e5416540f562053	453acfc3577f71686783139f9a6dad190ea8edcb188a778e2c8419166593cf95	WEB_INDEX_FIELD_CAPTURE_SHA256:2ecb916106615174a12a05a01589ef2799d168765880a5b83e5416540f562053;NOT_FULL_PAGE_BODY	OFFICIAL_FULL_PAGE_BODY_NOT_STORED_ENVIRONMENT_POLICY
layer-51712ee651f5a88624986914	assertion:af8ee441673a2c24d63d7d55	effective:417f9b9adcf3826aa8f3ac12	PRIMARY_JURY_DESCRIPTION		PRIMARY_PROVISIONAL_LAYER	EXPLICIT_TOP_JURY_LABEL_PAIRED_WITH_INTERNATIONAL_JUDGE_SCORE	https://allianceforcoffeeexcellence.org/farm-directory/88-62-5/	2ecb916106615174a12a05a01589ef2799d168765880a5b83e5416540f562053	453acfc3577f71686783139f9a6dad190ea8edcb188a778e2c8419166593cf95	WEB_INDEX_FIELD_CAPTURE_SHA256:2ecb916106615174a12a05a01589ef2799d168765880a5b83e5416540f562053;NOT_FULL_PAGE_BODY	OFFICIAL_FULL_PAGE_BODY_NOT_STORED_ENVIRONMENT_POLICY
layer-198415976b12164603957625	assertion:b1a19653a0e21ceb81253f37	effective:f1a4276a0e1a0970dc839383	PRIMARY_JURY_DESCRIPTION		PRIMARY_PROVISIONAL_LAYER	EXPLICIT_TOP_JURY_LABEL_PAIRED_WITH_INTERNATIONAL_JUDGE_SCORE	https://allianceforcoffeeexcellence.org/farm-directory/91-81-2/	2ecb916106615174a12a05a01589ef2799d168765880a5b83e5416540f562053	453acfc3577f71686783139f9a6dad190ea8edcb188a778e2c8419166593cf95	WEB_INDEX_FIELD_CAPTURE_SHA256:2ecb916106615174a12a05a01589ef2799d168765880a5b83e5416540f562053;NOT_FULL_PAGE_BODY	OFFICIAL_FULL_PAGE_BODY_NOT_STORED_ENVIRONMENT_POLICY
layer-b5e4e96931212267805a98bd	assertion:b33e671f2326a052a5d61a98	effective:6e0f618d2337d1668cd026ec	GENERIC_ORGANIZER_SENSORY_FIELD		PRIMARY_PROVISIONAL_LAYER	FREQUENCY_SEMANTICS_DO_NOT_IDENTIFY_JUDGE_JURY_OR_PANEL_RESPONSES	https://allianceforcoffeeexcellence.org/farm-directory/87-18-2/	717b9e1a3ef6400fa334ddbaf80cb592125ddbdecaf67b0d6271f94bf7878033	f508ebc481c39b4755250f1422148accae73dc57099ecb164e666e07a12b9bc1	WEB_INDEX_FIELD_CAPTURE_SHA256:717b9e1a3ef6400fa334ddbaf80cb592125ddbdecaf67b0d6271f94bf7878033;NOT_FULL_PAGE_BODY	OFFICIAL_FULL_PAGE_BODY_NOT_STORED_ENVIRONMENT_POLICY
layer-a353149951c2c27be8e1fc2c	assertion:b48d5460462f5f60e52f8b00	effective:0ec126e97dcb5ab048050233	PRIMARY_JURY_DESCRIPTION		PRIMARY_PROVISIONAL_LAYER	EXPLICIT_TOP_JURY_LABEL_PAIRED_WITH_INTERNATIONAL_JUDGE_SCORE	https://allianceforcoffeeexcellence.org/farm-directory/89-22-4/	2ecb916106615174a12a05a01589ef2799d168765880a5b83e5416540f562053	453acfc3577f71686783139f9a6dad190ea8edcb188a778e2c8419166593cf95	WEB_INDEX_FIELD_CAPTURE_SHA256:2ecb916106615174a12a05a01589ef2799d168765880a5b83e5416540f562053;NOT_FULL_PAGE_BODY	OFFICIAL_FULL_PAGE_BODY_NOT_STORED_ENVIRONMENT_POLICY
layer-36ff11917004156d2b7e14da	assertion:b5eb9492767c538120f833b5	effective:0ec126e97dcb5ab048050233	PRIMARY_JURY_DESCRIPTION		PRIMARY_PROVISIONAL_LAYER	EXPLICIT_TOP_JURY_LABEL_PAIRED_WITH_INTERNATIONAL_JUDGE_SCORE	https://allianceforcoffeeexcellence.org/farm-directory/89-22-4/	2ecb916106615174a12a05a01589ef2799d168765880a5b83e5416540f562053	453acfc3577f71686783139f9a6dad190ea8edcb188a778e2c8419166593cf95	WEB_INDEX_FIELD_CAPTURE_SHA256:2ecb916106615174a12a05a01589ef2799d168765880a5b83e5416540f562053;NOT_FULL_PAGE_BODY	OFFICIAL_FULL_PAGE_BODY_NOT_STORED_ENVIRONMENT_POLICY
layer-753a9229f0f3bb992a8416f4	assertion:b5ef93f93321a8145e8db76a	effective:6e0f618d2337d1668cd026ec	GENERIC_ORGANIZER_SENSORY_FIELD		PRIMARY_PROVISIONAL_LAYER	FREQUENCY_SEMANTICS_DO_NOT_IDENTIFY_JUDGE_JURY_OR_PANEL_RESPONSES	https://allianceforcoffeeexcellence.org/farm-directory/87-18-2/	717b9e1a3ef6400fa334ddbaf80cb592125ddbdecaf67b0d6271f94bf7878033	f508ebc481c39b4755250f1422148accae73dc57099ecb164e666e07a12b9bc1	WEB_INDEX_FIELD_CAPTURE_SHA256:717b9e1a3ef6400fa334ddbaf80cb592125ddbdecaf67b0d6271f94bf7878033;NOT_FULL_PAGE_BODY	OFFICIAL_FULL_PAGE_BODY_NOT_STORED_ENVIRONMENT_POLICY
layer-e690c5828776c3b0250fd757	assertion:b9146993f92669fb1abb39fa	effective:ec2043706fc868557e7d7152	GENERIC_ORGANIZER_SENSORY_FIELD		PRIMARY_PROVISIONAL_LAYER	ORGANIZER_HOSTING_DOES_NOT_IDENTIFY_FIELD_AUTHOR	https://farmdirectory.cupofexcellence.org/listing/1-la-catarata-peru-2025/	44b83f0786a9909c3f55fa4ba0f148aee15d75e54ae571918cc4350372b2a0f9	83b674daf22d57d7d42ea92c30fb3b3b2a7b4927b3da6505022238a26941cc1a	WEB_INDEX_FIELD_CAPTURE_SHA256:44b83f0786a9909c3f55fa4ba0f148aee15d75e54ae571918cc4350372b2a0f9;NOT_FULL_PAGE_BODY	OFFICIAL_FULL_PAGE_BODY_NOT_STORED_ENVIRONMENT_POLICY
layer-15ab552ba14e7fe02a5a7d52	assertion:bc5350e237e44c267b1cfdc9	effective:ec2043706fc868557e7d7152	GENERIC_ORGANIZER_SENSORY_FIELD		PRIMARY_PROVISIONAL_LAYER	ORGANIZER_HOSTING_DOES_NOT_IDENTIFY_FIELD_AUTHOR	https://farmdirectory.cupofexcellence.org/listing/1-la-catarata-peru-2025/	44b83f0786a9909c3f55fa4ba0f148aee15d75e54ae571918cc4350372b2a0f9	83b674daf22d57d7d42ea92c30fb3b3b2a7b4927b3da6505022238a26941cc1a	WEB_INDEX_FIELD_CAPTURE_SHA256:44b83f0786a9909c3f55fa4ba0f148aee15d75e54ae571918cc4350372b2a0f9;NOT_FULL_PAGE_BODY	OFFICIAL_FULL_PAGE_BODY_NOT_STORED_ENVIRONMENT_POLICY
layer-f0b19483016f3f3cd0bafb14	assertion:bce239680a96ef6434a4d936	effective:6e0f618d2337d1668cd026ec	GENERIC_ORGANIZER_SENSORY_FIELD		PRIMARY_PROVISIONAL_LAYER	FREQUENCY_SEMANTICS_DO_NOT_IDENTIFY_JUDGE_JURY_OR_PANEL_RESPONSES	https://allianceforcoffeeexcellence.org/farm-directory/87-18-2/	717b9e1a3ef6400fa334ddbaf80cb592125ddbdecaf67b0d6271f94bf7878033	f508ebc481c39b4755250f1422148accae73dc57099ecb164e666e07a12b9bc1	WEB_INDEX_FIELD_CAPTURE_SHA256:717b9e1a3ef6400fa334ddbaf80cb592125ddbdecaf67b0d6271f94bf7878033;NOT_FULL_PAGE_BODY	OFFICIAL_FULL_PAGE_BODY_NOT_STORED_ENVIRONMENT_POLICY
layer-4c215fd601e0ca78f8bda5b8	assertion:be2c8817e81b6c9759633a12	effective:e034410f41d662fd4a1c08f6	GENERIC_ORGANIZER_SENSORY_FIELD		PRIMARY_PROVISIONAL_LAYER	FREQUENCY_SEMANTICS_DO_NOT_IDENTIFY_JUDGE_JURY_OR_PANEL_RESPONSES	https://allianceforcoffeeexcellence.org/farm-directory/86-73/	717b9e1a3ef6400fa334ddbaf80cb592125ddbdecaf67b0d6271f94bf7878033	f508ebc481c39b4755250f1422148accae73dc57099ecb164e666e07a12b9bc1	WEB_INDEX_FIELD_CAPTURE_SHA256:717b9e1a3ef6400fa334ddbaf80cb592125ddbdecaf67b0d6271f94bf7878033;NOT_FULL_PAGE_BODY	OFFICIAL_FULL_PAGE_BODY_NOT_STORED_ENVIRONMENT_POLICY
layer-62694db0f5a5ba4b1bc57fdb	assertion:be58750dabeb0e83c84c9d3d	effective:f78304cd66c43e7b10ddb5ea	PRIMARY_JURY_DESCRIPTION		PRIMARY_PROVISIONAL_LAYER	EXPLICIT_TOP_JURY_LABEL_PAIRED_WITH_INTERNATIONAL_JUDGE_SCORE	https://allianceforcoffeeexcellence.org/farm-directory/88-76-5/	2ecb916106615174a12a05a01589ef2799d168765880a5b83e5416540f562053	453acfc3577f71686783139f9a6dad190ea8edcb188a778e2c8419166593cf95	WEB_INDEX_FIELD_CAPTURE_SHA256:2ecb916106615174a12a05a01589ef2799d168765880a5b83e5416540f562053;NOT_FULL_PAGE_BODY	OFFICIAL_FULL_PAGE_BODY_NOT_STORED_ENVIRONMENT_POLICY
layer-d8e56656c686a7ed68f0d838	assertion:bfd6932292a630c781d5e081	effective:6e0f618d2337d1668cd026ec	GENERIC_ORGANIZER_SENSORY_FIELD		PRIMARY_PROVISIONAL_LAYER	FREQUENCY_SEMANTICS_DO_NOT_IDENTIFY_JUDGE_JURY_OR_PANEL_RESPONSES	https://allianceforcoffeeexcellence.org/farm-directory/87-18-2/	717b9e1a3ef6400fa334ddbaf80cb592125ddbdecaf67b0d6271f94bf7878033	f508ebc481c39b4755250f1422148accae73dc57099ecb164e666e07a12b9bc1	WEB_INDEX_FIELD_CAPTURE_SHA256:717b9e1a3ef6400fa334ddbaf80cb592125ddbdecaf67b0d6271f94bf7878033;NOT_FULL_PAGE_BODY	OFFICIAL_FULL_PAGE_BODY_NOT_STORED_ENVIRONMENT_POLICY
layer-6b7e8c8898818b9c5f8d8e54	assertion:c24dfa3752cb42d9ea78818a	effective:6e0f618d2337d1668cd026ec	GENERIC_ORGANIZER_SENSORY_FIELD		PRIMARY_PROVISIONAL_LAYER	FREQUENCY_SEMANTICS_DO_NOT_IDENTIFY_JUDGE_JURY_OR_PANEL_RESPONSES	https://allianceforcoffeeexcellence.org/farm-directory/87-18-2/	717b9e1a3ef6400fa334ddbaf80cb592125ddbdecaf67b0d6271f94bf7878033	f508ebc481c39b4755250f1422148accae73dc57099ecb164e666e07a12b9bc1	WEB_INDEX_FIELD_CAPTURE_SHA256:717b9e1a3ef6400fa334ddbaf80cb592125ddbdecaf67b0d6271f94bf7878033;NOT_FULL_PAGE_BODY	OFFICIAL_FULL_PAGE_BODY_NOT_STORED_ENVIRONMENT_POLICY
layer-797de87dd1a257371430b96d	assertion:c4de37c8b4e3c9b7ca9cb9b2	effective:f1a4276a0e1a0970dc839383	PRIMARY_JURY_DESCRIPTION		PRIMARY_PROVISIONAL_LAYER	EXPLICIT_TOP_JURY_LABEL_PAIRED_WITH_INTERNATIONAL_JUDGE_SCORE	https://allianceforcoffeeexcellence.org/farm-directory/91-81-2/	2ecb916106615174a12a05a01589ef2799d168765880a5b83e5416540f562053	453acfc3577f71686783139f9a6dad190ea8edcb188a778e2c8419166593cf95	WEB_INDEX_FIELD_CAPTURE_SHA256:2ecb916106615174a12a05a01589ef2799d168765880a5b83e5416540f562053;NOT_FULL_PAGE_BODY	OFFICIAL_FULL_PAGE_BODY_NOT_STORED_ENVIRONMENT_POLICY
layer-461d95a90124a26e1c435a71	assertion:c55165ea4d1be5307c225138	effective:6e0f618d2337d1668cd026ec	GENERIC_ORGANIZER_SENSORY_FIELD		PRIMARY_PROVISIONAL_LAYER	FREQUENCY_SEMANTICS_DO_NOT_IDENTIFY_JUDGE_JURY_OR_PANEL_RESPONSES	https://allianceforcoffeeexcellence.org/farm-directory/87-18-2/	717b9e1a3ef6400fa334ddbaf80cb592125ddbdecaf67b0d6271f94bf7878033	f508ebc481c39b4755250f1422148accae73dc57099ecb164e666e07a12b9bc1	WEB_INDEX_FIELD_CAPTURE_SHA256:717b9e1a3ef6400fa334ddbaf80cb592125ddbdecaf67b0d6271f94bf7878033;NOT_FULL_PAGE_BODY	OFFICIAL_FULL_PAGE_BODY_NOT_STORED_ENVIRONMENT_POLICY
layer-77fdabff160f7a15d0a9c36c	assertion:c5b056dabfc47bb0f71be9c9	effective:6e0f618d2337d1668cd026ec	GENERIC_ORGANIZER_SENSORY_FIELD		PRIMARY_PROVISIONAL_LAYER	FREQUENCY_SEMANTICS_DO_NOT_IDENTIFY_JUDGE_JURY_OR_PANEL_RESPONSES	https://allianceforcoffeeexcellence.org/farm-directory/87-18-2/	717b9e1a3ef6400fa334ddbaf80cb592125ddbdecaf67b0d6271f94bf7878033	f508ebc481c39b4755250f1422148accae73dc57099ecb164e666e07a12b9bc1	WEB_INDEX_FIELD_CAPTURE_SHA256:717b9e1a3ef6400fa334ddbaf80cb592125ddbdecaf67b0d6271f94bf7878033;NOT_FULL_PAGE_BODY	OFFICIAL_FULL_PAGE_BODY_NOT_STORED_ENVIRONMENT_POLICY
layer-df2186e749ead3cabf069ff4	assertion:c7d4ff3a8e353c948185da6f	effective:ec2043706fc868557e7d7152	GENERIC_ORGANIZER_SENSORY_FIELD		PRIMARY_PROVISIONAL_LAYER	ORGANIZER_HOSTING_DOES_NOT_IDENTIFY_FIELD_AUTHOR	https://farmdirectory.cupofexcellence.org/listing/1-la-catarata-peru-2025/	44b83f0786a9909c3f55fa4ba0f148aee15d75e54ae571918cc4350372b2a0f9	83b674daf22d57d7d42ea92c30fb3b3b2a7b4927b3da6505022238a26941cc1a	WEB_INDEX_FIELD_CAPTURE_SHA256:44b83f0786a9909c3f55fa4ba0f148aee15d75e54ae571918cc4350372b2a0f9;NOT_FULL_PAGE_BODY	OFFICIAL_FULL_PAGE_BODY_NOT_STORED_ENVIRONMENT_POLICY
layer-e02e576ae8656fba7950ef31	assertion:cae3256fd57980b5582f03aa	effective:aa8257ea7c527ff93620b889	PRIMARY_JURY_DESCRIPTION		PRIMARY_PROVISIONAL_LAYER	EXPLICIT_TOP_JURY_LABEL_PAIRED_WITH_INTERNATIONAL_JUDGE_SCORE	https://allianceforcoffeeexcellence.org/farm-directory/88-00-5/	2ecb916106615174a12a05a01589ef2799d168765880a5b83e5416540f562053	453acfc3577f71686783139f9a6dad190ea8edcb188a778e2c8419166593cf95	WEB_INDEX_FIELD_CAPTURE_SHA256:2ecb916106615174a12a05a01589ef2799d168765880a5b83e5416540f562053;NOT_FULL_PAGE_BODY	OFFICIAL_FULL_PAGE_BODY_NOT_STORED_ENVIRONMENT_POLICY
layer-45ac83201c9f361607741654	assertion:cc7f9db40e845810b7983c94	effective:6e0f618d2337d1668cd026ec	GENERIC_ORGANIZER_SENSORY_FIELD		PRIMARY_PROVISIONAL_LAYER	FREQUENCY_SEMANTICS_DO_NOT_IDENTIFY_JUDGE_JURY_OR_PANEL_RESPONSES	https://allianceforcoffeeexcellence.org/farm-directory/87-18-2/	717b9e1a3ef6400fa334ddbaf80cb592125ddbdecaf67b0d6271f94bf7878033	f508ebc481c39b4755250f1422148accae73dc57099ecb164e666e07a12b9bc1	WEB_INDEX_FIELD_CAPTURE_SHA256:717b9e1a3ef6400fa334ddbaf80cb592125ddbdecaf67b0d6271f94bf7878033;NOT_FULL_PAGE_BODY	OFFICIAL_FULL_PAGE_BODY_NOT_STORED_ENVIRONMENT_POLICY
layer-38afeff55096d0b06fff80a5	assertion:d4b4eb63b76d0260fd9d3fa0	effective:e034410f41d662fd4a1c08f6	GENERIC_ORGANIZER_SENSORY_FIELD		PRIMARY_PROVISIONAL_LAYER	FREQUENCY_SEMANTICS_DO_NOT_IDENTIFY_JUDGE_JURY_OR_PANEL_RESPONSES	https://allianceforcoffeeexcellence.org/farm-directory/86-73/	717b9e1a3ef6400fa334ddbaf80cb592125ddbdecaf67b0d6271f94bf7878033	f508ebc481c39b4755250f1422148accae73dc57099ecb164e666e07a12b9bc1	WEB_INDEX_FIELD_CAPTURE_SHA256:717b9e1a3ef6400fa334ddbaf80cb592125ddbdecaf67b0d6271f94bf7878033;NOT_FULL_PAGE_BODY	OFFICIAL_FULL_PAGE_BODY_NOT_STORED_ENVIRONMENT_POLICY
layer-ecf528843fb00efea8eea4cb	assertion:d664f61ce37489f6e56e5ad6	effective:e034410f41d662fd4a1c08f6	GENERIC_ORGANIZER_SENSORY_FIELD		PRIMARY_PROVISIONAL_LAYER	FREQUENCY_SEMANTICS_DO_NOT_IDENTIFY_JUDGE_JURY_OR_PANEL_RESPONSES	https://allianceforcoffeeexcellence.org/farm-directory/86-73/	717b9e1a3ef6400fa334ddbaf80cb592125ddbdecaf67b0d6271f94bf7878033	f508ebc481c39b4755250f1422148accae73dc57099ecb164e666e07a12b9bc1	WEB_INDEX_FIELD_CAPTURE_SHA256:717b9e1a3ef6400fa334ddbaf80cb592125ddbdecaf67b0d6271f94bf7878033;NOT_FULL_PAGE_BODY	OFFICIAL_FULL_PAGE_BODY_NOT_STORED_ENVIRONMENT_POLICY
layer-80b3f4a085e35476f79aa839	assertion:d67f069f4ec39c0750b92534	effective:e034410f41d662fd4a1c08f6	GENERIC_ORGANIZER_SENSORY_FIELD		PRIMARY_PROVISIONAL_LAYER	FREQUENCY_SEMANTICS_DO_NOT_IDENTIFY_JUDGE_JURY_OR_PANEL_RESPONSES	https://allianceforcoffeeexcellence.org/farm-directory/86-73/	717b9e1a3ef6400fa334ddbaf80cb592125ddbdecaf67b0d6271f94bf7878033	f508ebc481c39b4755250f1422148accae73dc57099ecb164e666e07a12b9bc1	WEB_INDEX_FIELD_CAPTURE_SHA256:717b9e1a3ef6400fa334ddbaf80cb592125ddbdecaf67b0d6271f94bf7878033;NOT_FULL_PAGE_BODY	OFFICIAL_FULL_PAGE_BODY_NOT_STORED_ENVIRONMENT_POLICY
layer-e5a81560f4d946d3c046a590	assertion:d7dc4e9515c76aeb2f0db1c6	effective:6e0f618d2337d1668cd026ec	GENERIC_ORGANIZER_SENSORY_FIELD		PRIMARY_PROVISIONAL_LAYER	FREQUENCY_SEMANTICS_DO_NOT_IDENTIFY_JUDGE_JURY_OR_PANEL_RESPONSES	https://allianceforcoffeeexcellence.org/farm-directory/87-18-2/	717b9e1a3ef6400fa334ddbaf80cb592125ddbdecaf67b0d6271f94bf7878033	f508ebc481c39b4755250f1422148accae73dc57099ecb164e666e07a12b9bc1	WEB_INDEX_FIELD_CAPTURE_SHA256:717b9e1a3ef6400fa334ddbaf80cb592125ddbdecaf67b0d6271f94bf7878033;NOT_FULL_PAGE_BODY	OFFICIAL_FULL_PAGE_BODY_NOT_STORED_ENVIRONMENT_POLICY
layer-9bb07dd3ee99c0545ba6ef85	assertion:d8e291b2b7f712957f218277	effective:ec2043706fc868557e7d7152	GENERIC_ORGANIZER_SENSORY_FIELD		PRIMARY_PROVISIONAL_LAYER	ORGANIZER_HOSTING_DOES_NOT_IDENTIFY_FIELD_AUTHOR	https://farmdirectory.cupofexcellence.org/listing/1-la-catarata-peru-2025/	44b83f0786a9909c3f55fa4ba0f148aee15d75e54ae571918cc4350372b2a0f9	83b674daf22d57d7d42ea92c30fb3b3b2a7b4927b3da6505022238a26941cc1a	WEB_INDEX_FIELD_CAPTURE_SHA256:44b83f0786a9909c3f55fa4ba0f148aee15d75e54ae571918cc4350372b2a0f9;NOT_FULL_PAGE_BODY	OFFICIAL_FULL_PAGE_BODY_NOT_STORED_ENVIRONMENT_POLICY
layer-bd9f44bd4131ea900f64bc4b	assertion:db67c19bc6adeb07d8e9ea26	effective:417f9b9adcf3826aa8f3ac12	PRIMARY_JURY_DESCRIPTION		PRIMARY_PROVISIONAL_LAYER	EXPLICIT_TOP_JURY_LABEL_PAIRED_WITH_INTERNATIONAL_JUDGE_SCORE	https://allianceforcoffeeexcellence.org/farm-directory/88-62-5/	2ecb916106615174a12a05a01589ef2799d168765880a5b83e5416540f562053	453acfc3577f71686783139f9a6dad190ea8edcb188a778e2c8419166593cf95	WEB_INDEX_FIELD_CAPTURE_SHA256:2ecb916106615174a12a05a01589ef2799d168765880a5b83e5416540f562053;NOT_FULL_PAGE_BODY	OFFICIAL_FULL_PAGE_BODY_NOT_STORED_ENVIRONMENT_POLICY
layer-400344ff8b282366d434dde3	assertion:de2287351c41ec6b4fe39eae	effective:f1a4276a0e1a0970dc839383	PRIMARY_JURY_DESCRIPTION		PRIMARY_PROVISIONAL_LAYER	EXPLICIT_TOP_JURY_LABEL_PAIRED_WITH_INTERNATIONAL_JUDGE_SCORE	https://allianceforcoffeeexcellence.org/farm-directory/91-81-2/	2ecb916106615174a12a05a01589ef2799d168765880a5b83e5416540f562053	453acfc3577f71686783139f9a6dad190ea8edcb188a778e2c8419166593cf95	WEB_INDEX_FIELD_CAPTURE_SHA256:2ecb916106615174a12a05a01589ef2799d168765880a5b83e5416540f562053;NOT_FULL_PAGE_BODY	OFFICIAL_FULL_PAGE_BODY_NOT_STORED_ENVIRONMENT_POLICY
layer-f80fe22d1b521a49dee897d3	assertion:dfcdc570acc723a5f3620da4	effective:e034410f41d662fd4a1c08f6	GENERIC_ORGANIZER_SENSORY_FIELD		PRIMARY_PROVISIONAL_LAYER	FREQUENCY_SEMANTICS_DO_NOT_IDENTIFY_JUDGE_JURY_OR_PANEL_RESPONSES	https://allianceforcoffeeexcellence.org/farm-directory/86-73/	717b9e1a3ef6400fa334ddbaf80cb592125ddbdecaf67b0d6271f94bf7878033	f508ebc481c39b4755250f1422148accae73dc57099ecb164e666e07a12b9bc1	WEB_INDEX_FIELD_CAPTURE_SHA256:717b9e1a3ef6400fa334ddbaf80cb592125ddbdecaf67b0d6271f94bf7878033;NOT_FULL_PAGE_BODY	OFFICIAL_FULL_PAGE_BODY_NOT_STORED_ENVIRONMENT_POLICY
layer-7073f1abb3254a2c3aee029b	assertion:e21ff76028600102c9810597	effective:6e0f618d2337d1668cd026ec	GENERIC_ORGANIZER_SENSORY_FIELD		PRIMARY_PROVISIONAL_LAYER	FREQUENCY_SEMANTICS_DO_NOT_IDENTIFY_JUDGE_JURY_OR_PANEL_RESPONSES	https://allianceforcoffeeexcellence.org/farm-directory/87-18-2/	717b9e1a3ef6400fa334ddbaf80cb592125ddbdecaf67b0d6271f94bf7878033	f508ebc481c39b4755250f1422148accae73dc57099ecb164e666e07a12b9bc1	WEB_INDEX_FIELD_CAPTURE_SHA256:717b9e1a3ef6400fa334ddbaf80cb592125ddbdecaf67b0d6271f94bf7878033;NOT_FULL_PAGE_BODY	OFFICIAL_FULL_PAGE_BODY_NOT_STORED_ENVIRONMENT_POLICY
layer-1a1bec03442a4e126abb10eb	assertion:e34181a080dc3e7614f6dc69	effective:aa8257ea7c527ff93620b889	PRIMARY_JURY_DESCRIPTION		PRIMARY_PROVISIONAL_LAYER	EXPLICIT_TOP_JURY_LABEL_PAIRED_WITH_INTERNATIONAL_JUDGE_SCORE	https://allianceforcoffeeexcellence.org/farm-directory/88-00-5/	2ecb916106615174a12a05a01589ef2799d168765880a5b83e5416540f562053	453acfc3577f71686783139f9a6dad190ea8edcb188a778e2c8419166593cf95	WEB_INDEX_FIELD_CAPTURE_SHA256:2ecb916106615174a12a05a01589ef2799d168765880a5b83e5416540f562053;NOT_FULL_PAGE_BODY	OFFICIAL_FULL_PAGE_BODY_NOT_STORED_ENVIRONMENT_POLICY
layer-54bacc2409756a070f198f2b	assertion:e7de40562ee0a0363aabd07b	effective:6e0f618d2337d1668cd026ec	GENERIC_ORGANIZER_SENSORY_FIELD		PRIMARY_PROVISIONAL_LAYER	FREQUENCY_SEMANTICS_DO_NOT_IDENTIFY_JUDGE_JURY_OR_PANEL_RESPONSES	https://allianceforcoffeeexcellence.org/farm-directory/87-18-2/	717b9e1a3ef6400fa334ddbaf80cb592125ddbdecaf67b0d6271f94bf7878033	f508ebc481c39b4755250f1422148accae73dc57099ecb164e666e07a12b9bc1	WEB_INDEX_FIELD_CAPTURE_SHA256:717b9e1a3ef6400fa334ddbaf80cb592125ddbdecaf67b0d6271f94bf7878033;NOT_FULL_PAGE_BODY	OFFICIAL_FULL_PAGE_BODY_NOT_STORED_ENVIRONMENT_POLICY
layer-7926b7b6131b369b1cfe7abe	assertion:eb70eb1209490f2a067899e1	effective:6e0f618d2337d1668cd026ec	GENERIC_ORGANIZER_SENSORY_FIELD		PRIMARY_PROVISIONAL_LAYER	FREQUENCY_SEMANTICS_DO_NOT_IDENTIFY_JUDGE_JURY_OR_PANEL_RESPONSES	https://allianceforcoffeeexcellence.org/farm-directory/87-18-2/	717b9e1a3ef6400fa334ddbaf80cb592125ddbdecaf67b0d6271f94bf7878033	f508ebc481c39b4755250f1422148accae73dc57099ecb164e666e07a12b9bc1	WEB_INDEX_FIELD_CAPTURE_SHA256:717b9e1a3ef6400fa334ddbaf80cb592125ddbdecaf67b0d6271f94bf7878033;NOT_FULL_PAGE_BODY	OFFICIAL_FULL_PAGE_BODY_NOT_STORED_ENVIRONMENT_POLICY
layer-275a743ba848f0d669199c39	assertion:ecf7da0da90f00ca3a282c10	effective:0ec126e97dcb5ab048050233	PRIMARY_JURY_DESCRIPTION		PRIMARY_PROVISIONAL_LAYER	EXPLICIT_TOP_JURY_LABEL_PAIRED_WITH_INTERNATIONAL_JUDGE_SCORE	https://allianceforcoffeeexcellence.org/farm-directory/89-22-4/	2ecb916106615174a12a05a01589ef2799d168765880a5b83e5416540f562053	453acfc3577f71686783139f9a6dad190ea8edcb188a778e2c8419166593cf95	WEB_INDEX_FIELD_CAPTURE_SHA256:2ecb916106615174a12a05a01589ef2799d168765880a5b83e5416540f562053;NOT_FULL_PAGE_BODY	OFFICIAL_FULL_PAGE_BODY_NOT_STORED_ENVIRONMENT_POLICY
layer-e1b25e25d5f98186a5490912	assertion:f0ef56a2ec7d0a256ed6c7b8	effective:e034410f41d662fd4a1c08f6	GENERIC_ORGANIZER_SENSORY_FIELD		PRIMARY_PROVISIONAL_LAYER	FREQUENCY_SEMANTICS_DO_NOT_IDENTIFY_JUDGE_JURY_OR_PANEL_RESPONSES	https://allianceforcoffeeexcellence.org/farm-directory/86-73/	717b9e1a3ef6400fa334ddbaf80cb592125ddbdecaf67b0d6271f94bf7878033	f508ebc481c39b4755250f1422148accae73dc57099ecb164e666e07a12b9bc1	WEB_INDEX_FIELD_CAPTURE_SHA256:717b9e1a3ef6400fa334ddbaf80cb592125ddbdecaf67b0d6271f94bf7878033;NOT_FULL_PAGE_BODY	OFFICIAL_FULL_PAGE_BODY_NOT_STORED_ENVIRONMENT_POLICY
layer-3dd397bb29f62713787fa8c4	assertion:f1c2efebdd3bd604f390cbc4	effective:f1a4276a0e1a0970dc839383	PRIMARY_JURY_DESCRIPTION		PRIMARY_PROVISIONAL_LAYER	EXPLICIT_TOP_JURY_LABEL_PAIRED_WITH_INTERNATIONAL_JUDGE_SCORE	https://allianceforcoffeeexcellence.org/farm-directory/91-81-2/	2ecb916106615174a12a05a01589ef2799d168765880a5b83e5416540f562053	453acfc3577f71686783139f9a6dad190ea8edcb188a778e2c8419166593cf95	WEB_INDEX_FIELD_CAPTURE_SHA256:2ecb916106615174a12a05a01589ef2799d168765880a5b83e5416540f562053;NOT_FULL_PAGE_BODY	OFFICIAL_FULL_PAGE_BODY_NOT_STORED_ENVIRONMENT_POLICY
layer-fff041456c6e19a158475a25	assertion:f2d81365e32259c586f65d07	effective:aa8257ea7c527ff93620b889	PRIMARY_JURY_DESCRIPTION		PRIMARY_PROVISIONAL_LAYER	EXPLICIT_TOP_JURY_LABEL_PAIRED_WITH_INTERNATIONAL_JUDGE_SCORE	https://allianceforcoffeeexcellence.org/farm-directory/88-00-5/	2ecb916106615174a12a05a01589ef2799d168765880a5b83e5416540f562053	453acfc3577f71686783139f9a6dad190ea8edcb188a778e2c8419166593cf95	WEB_INDEX_FIELD_CAPTURE_SHA256:2ecb916106615174a12a05a01589ef2799d168765880a5b83e5416540f562053;NOT_FULL_PAGE_BODY	OFFICIAL_FULL_PAGE_BODY_NOT_STORED_ENVIRONMENT_POLICY
layer-d96981a24ebe84f3e07df91e	assertion:f41bfadc96518c28a6060c08	effective:e034410f41d662fd4a1c08f6	GENERIC_ORGANIZER_SENSORY_FIELD		PRIMARY_PROVISIONAL_LAYER	FREQUENCY_SEMANTICS_DO_NOT_IDENTIFY_JUDGE_JURY_OR_PANEL_RESPONSES	https://allianceforcoffeeexcellence.org/farm-directory/86-73/	717b9e1a3ef6400fa334ddbaf80cb592125ddbdecaf67b0d6271f94bf7878033	f508ebc481c39b4755250f1422148accae73dc57099ecb164e666e07a12b9bc1	WEB_INDEX_FIELD_CAPTURE_SHA256:717b9e1a3ef6400fa334ddbaf80cb592125ddbdecaf67b0d6271f94bf7878033;NOT_FULL_PAGE_BODY	OFFICIAL_FULL_PAGE_BODY_NOT_STORED_ENVIRONMENT_POLICY
layer-41a0b329f8c0ce152c00c4a5	assertion:f454843be922812185ea8c2c	effective:417f9b9adcf3826aa8f3ac12	PRIMARY_JURY_DESCRIPTION		PRIMARY_PROVISIONAL_LAYER	EXPLICIT_TOP_JURY_LABEL_PAIRED_WITH_INTERNATIONAL_JUDGE_SCORE	https://allianceforcoffeeexcellence.org/farm-directory/88-62-5/	2ecb916106615174a12a05a01589ef2799d168765880a5b83e5416540f562053	453acfc3577f71686783139f9a6dad190ea8edcb188a778e2c8419166593cf95	WEB_INDEX_FIELD_CAPTURE_SHA256:2ecb916106615174a12a05a01589ef2799d168765880a5b83e5416540f562053;NOT_FULL_PAGE_BODY	OFFICIAL_FULL_PAGE_BODY_NOT_STORED_ENVIRONMENT_POLICY
layer-34a001dccdc627de2d7fad09	assertion:f4f04321d69c3dbf72794496	effective:6e0f618d2337d1668cd026ec	GENERIC_ORGANIZER_SENSORY_FIELD		PRIMARY_PROVISIONAL_LAYER	FREQUENCY_SEMANTICS_DO_NOT_IDENTIFY_JUDGE_JURY_OR_PANEL_RESPONSES	https://allianceforcoffeeexcellence.org/farm-directory/87-18-2/	717b9e1a3ef6400fa334ddbaf80cb592125ddbdecaf67b0d6271f94bf7878033	f508ebc481c39b4755250f1422148accae73dc57099ecb164e666e07a12b9bc1	WEB_INDEX_FIELD_CAPTURE_SHA256:717b9e1a3ef6400fa334ddbaf80cb592125ddbdecaf67b0d6271f94bf7878033;NOT_FULL_PAGE_BODY	OFFICIAL_FULL_PAGE_BODY_NOT_STORED_ENVIRONMENT_POLICY
layer-5361aac421753b870032e256	assertion:f56f2ab59519864b3202e636	effective:e034410f41d662fd4a1c08f6	GENERIC_ORGANIZER_SENSORY_FIELD		PRIMARY_PROVISIONAL_LAYER	FREQUENCY_SEMANTICS_DO_NOT_IDENTIFY_JUDGE_JURY_OR_PANEL_RESPONSES	https://allianceforcoffeeexcellence.org/farm-directory/86-73/	717b9e1a3ef6400fa334ddbaf80cb592125ddbdecaf67b0d6271f94bf7878033	f508ebc481c39b4755250f1422148accae73dc57099ecb164e666e07a12b9bc1	WEB_INDEX_FIELD_CAPTURE_SHA256:717b9e1a3ef6400fa334ddbaf80cb592125ddbdecaf67b0d6271f94bf7878033;NOT_FULL_PAGE_BODY	OFFICIAL_FULL_PAGE_BODY_NOT_STORED_ENVIRONMENT_POLICY
layer-9c66c27e7971c9d08f0a719f	assertion:f8e6a579c60fce2f5368d848	effective:0ec126e97dcb5ab048050233	PRIMARY_JURY_DESCRIPTION		PRIMARY_PROVISIONAL_LAYER	EXPLICIT_TOP_JURY_LABEL_PAIRED_WITH_INTERNATIONAL_JUDGE_SCORE	https://allianceforcoffeeexcellence.org/farm-directory/89-22-4/	2ecb916106615174a12a05a01589ef2799d168765880a5b83e5416540f562053	453acfc3577f71686783139f9a6dad190ea8edcb188a778e2c8419166593cf95	WEB_INDEX_FIELD_CAPTURE_SHA256:2ecb916106615174a12a05a01589ef2799d168765880a5b83e5416540f562053;NOT_FULL_PAGE_BODY	OFFICIAL_FULL_PAGE_BODY_NOT_STORED_ENVIRONMENT_POLICY
layer-55653fd37a50ee8c136305e9	assertion:f9e1938ca12f8fa0dc2fc5b1	effective:e034410f41d662fd4a1c08f6	GENERIC_ORGANIZER_SENSORY_FIELD		PRIMARY_PROVISIONAL_LAYER	FREQUENCY_SEMANTICS_DO_NOT_IDENTIFY_JUDGE_JURY_OR_PANEL_RESPONSES	https://allianceforcoffeeexcellence.org/farm-directory/86-73/	717b9e1a3ef6400fa334ddbaf80cb592125ddbdecaf67b0d6271f94bf7878033	f508ebc481c39b4755250f1422148accae73dc57099ecb164e666e07a12b9bc1	WEB_INDEX_FIELD_CAPTURE_SHA256:717b9e1a3ef6400fa334ddbaf80cb592125ddbdecaf67b0d6271f94bf7878033;NOT_FULL_PAGE_BODY	OFFICIAL_FULL_PAGE_BODY_NOT_STORED_ENVIRONMENT_POLICY
layer-45c3054b9e4741e1f4b07e98	assertion:fb5ff7ea19b778e4986b0136	effective:417f9b9adcf3826aa8f3ac12	PRIMARY_JURY_DESCRIPTION		PRIMARY_PROVISIONAL_LAYER	EXPLICIT_TOP_JURY_LABEL_PAIRED_WITH_INTERNATIONAL_JUDGE_SCORE	https://allianceforcoffeeexcellence.org/farm-directory/88-62-5/	2ecb916106615174a12a05a01589ef2799d168765880a5b83e5416540f562053	453acfc3577f71686783139f9a6dad190ea8edcb188a778e2c8419166593cf95	WEB_INDEX_FIELD_CAPTURE_SHA256:2ecb916106615174a12a05a01589ef2799d168765880a5b83e5416540f562053;NOT_FULL_PAGE_BODY	OFFICIAL_FULL_PAGE_BODY_NOT_STORED_ENVIRONMENT_POLICY
layer-22c803c2d7109c89dbbc9b3b	assertion:fbd9c4348a9d34eb7bb93b1a	effective:f78304cd66c43e7b10ddb5ea	PRIMARY_JURY_DESCRIPTION		PRIMARY_PROVISIONAL_LAYER	EXPLICIT_TOP_JURY_LABEL_PAIRED_WITH_INTERNATIONAL_JUDGE_SCORE	https://allianceforcoffeeexcellence.org/farm-directory/88-76-5/	2ecb916106615174a12a05a01589ef2799d168765880a5b83e5416540f562053	453acfc3577f71686783139f9a6dad190ea8edcb188a778e2c8419166593cf95	WEB_INDEX_FIELD_CAPTURE_SHA256:2ecb916106615174a12a05a01589ef2799d168765880a5b83e5416540f562053;NOT_FULL_PAGE_BODY	OFFICIAL_FULL_PAGE_BODY_NOT_STORED_ENVIRONMENT_POLICY
layer-f85f8fe20d9d09587a993d46	assertion:fd13371adffe736f65fc46d9	effective:6e0f618d2337d1668cd026ec	GENERIC_ORGANIZER_SENSORY_FIELD		PRIMARY_PROVISIONAL_LAYER	FREQUENCY_SEMANTICS_DO_NOT_IDENTIFY_JUDGE_JURY_OR_PANEL_RESPONSES	https://allianceforcoffeeexcellence.org/farm-directory/87-18-2/	717b9e1a3ef6400fa334ddbaf80cb592125ddbdecaf67b0d6271f94bf7878033	f508ebc481c39b4755250f1422148accae73dc57099ecb164e666e07a12b9bc1	WEB_INDEX_FIELD_CAPTURE_SHA256:717b9e1a3ef6400fa334ddbaf80cb592125ddbdecaf67b0d6271f94bf7878033;NOT_FULL_PAGE_BODY	OFFICIAL_FULL_PAGE_BODY_NOT_STORED_ENVIRONMENT_POLICY
