language_document_key	language_source_key	language_source_family_key	source_revision	source_date	source_row_locator	language_code	document_type	source_content_sha256	content	raw_text_public_export_allowed	counts_as_new_contemporary_document	counts_as_zh_hans_document	source_authored	machine_translated	artificial_variant	privacy_state	public_export_state	frozen_snapshot
document.firstbloom.release_1037	github.firstbloom-data.a6cb0026	family.baseline.firstbloom-industry	a6cb0026d1af9642724793c799bbc48dc189ba35	2019-01-23	product_release_id=1037	en	TASTING_NOTE	6a448d799f11b825e35b63f8571741af6224410760472c05ae257fbe009e06f7	"{""external_release_key"":""1037"",""product_id"":""1017"",""raw_field_sha256"":""6a448d799f11b825e35b63f8571741af6224410760472c05ae257fbe009e06f7"",""retention"":""dual-reviewed-short-phrases-only""}"	false	false	false	true	false	false	NO_PERSONAL_DATA	PUBLIC_DERIVED_ONLY	true
document.firstbloom.release_1043	github.firstbloom-data.a6cb0026	family.baseline.firstbloom-industry	a6cb0026d1af9642724793c799bbc48dc189ba35	2019-01-23	product_release_id=1043	en	TASTING_NOTE	796cad85fc6c7c1e24e6e23adff1636dd34daef28a8f4b2736c50cb75ea813c5	"{""external_release_key"":""1043"",""product_id"":""70"",""raw_field_sha256"":""796cad85fc6c7c1e24e6e23adff1636dd34daef28a8f4b2736c50cb75ea813c5"",""retention"":""dual-reviewed-short-phrases-only""}"	false	false	false	true	false	false	NO_PERSONAL_DATA	PUBLIC_DERIVED_ONLY	true
document.firstbloom.release_1060	github.firstbloom-data.a6cb0026	family.baseline.firstbloom-industry	a6cb0026d1af9642724793c799bbc48dc189ba35	2019-01-24	product_release_id=1060	en	TASTING_NOTE	996ecbdf0099bfd4edf31fdde277dc23f78cd6f69bfe1524fa490aeec85c0ecf	"{""external_release_key"":""1060"",""product_id"":""1040"",""raw_field_sha256"":""996ecbdf0099bfd4edf31fdde277dc23f78cd6f69bfe1524fa490aeec85c0ecf"",""retention"":""dual-reviewed-short-phrases-only""}"	false	false	false	true	false	false	NO_PERSONAL_DATA	PUBLIC_DERIVED_ONLY	true
document.firstbloom.release_1061	github.firstbloom-data.a6cb0026	family.baseline.firstbloom-industry	a6cb0026d1af9642724793c799bbc48dc189ba35	2019-01-24	product_release_id=1061	en	TASTING_NOTE	d29b68a21ad5c27b8c9d3e174659ddb9ca2bf394c5779420f7fb872b56267642	"{""external_release_key"":""1061"",""product_id"":""1041"",""raw_field_sha256"":""d29b68a21ad5c27b8c9d3e174659ddb9ca2bf394c5779420f7fb872b56267642"",""retention"":""dual-reviewed-short-phrases-only""}"	false	false	false	true	false	false	NO_PERSONAL_DATA	PUBLIC_DERIVED_ONLY	true
document.firstbloom.release_1064	github.firstbloom-data.a6cb0026	family.baseline.firstbloom-industry	a6cb0026d1af9642724793c799bbc48dc189ba35	2019-01-24	product_release_id=1064	en	TASTING_NOTE	b91f0476b837522e12acf54a6b9b2f1ba53b374ceb95ba8fae492fe39e938d6f	"{""external_release_key"":""1064"",""product_id"":""1044"",""raw_field_sha256"":""b91f0476b837522e12acf54a6b9b2f1ba53b374ceb95ba8fae492fe39e938d6f"",""retention"":""dual-reviewed-short-phrases-only""}"	false	false	false	true	false	false	NO_PERSONAL_DATA	PUBLIC_DERIVED_ONLY	true
document.firstbloom.release_1069	github.firstbloom-data.a6cb0026	family.baseline.firstbloom-industry	a6cb0026d1af9642724793c799bbc48dc189ba35	2019-01-25	product_release_id=1069	en	TASTING_NOTE	0fa5afaa909e5e1018e08ebab7a570da24f1dc97862b11aaffbc5ba5be95882a	"{""external_release_key"":""1069"",""product_id"":""1049"",""raw_field_sha256"":""0fa5afaa909e5e1018e08ebab7a570da24f1dc97862b11aaffbc5ba5be95882a"",""retention"":""dual-reviewed-short-phrases-only""}"	false	false	false	true	false	false	NO_PERSONAL_DATA	PUBLIC_DERIVED_ONLY	true
document.firstbloom.release_1070	github.firstbloom-data.a6cb0026	family.baseline.firstbloom-industry	a6cb0026d1af9642724793c799bbc48dc189ba35	2019-01-25	product_release_id=1070	en	TASTING_NOTE	51f23eadf234138919b8eefef5347cfad96be36c32feca9940ee51deecd855c9	"{""external_release_key"":""1070"",""product_id"":""1050"",""raw_field_sha256"":""51f23eadf234138919b8eefef5347cfad96be36c32feca9940ee51deecd855c9"",""retention"":""dual-reviewed-short-phrases-only""}"	false	false	false	true	false	false	NO_PERSONAL_DATA	PUBLIC_DERIVED_ONLY	true
document.firstbloom.release_1073	github.firstbloom-data.a6cb0026	family.baseline.firstbloom-industry	a6cb0026d1af9642724793c799bbc48dc189ba35	2019-01-28	product_release_id=1073	en	TASTING_NOTE	80972a7c6eb2f037ea6d6dcb161308a96d8d9ba4b0fe1b51dcef0fe125057105	"{""external_release_key"":""1073"",""product_id"":""1053"",""raw_field_sha256"":""80972a7c6eb2f037ea6d6dcb161308a96d8d9ba4b0fe1b51dcef0fe125057105"",""retention"":""dual-reviewed-short-phrases-only""}"	false	false	false	true	false	false	NO_PERSONAL_DATA	PUBLIC_DERIVED_ONLY	true
document.firstbloom.release_1074	github.firstbloom-data.a6cb0026	family.baseline.firstbloom-industry	a6cb0026d1af9642724793c799bbc48dc189ba35	2019-01-30	product_release_id=1074	en	TASTING_NOTE	f3b55d071d61f33b75529ee0ff8bfdc1d7dd6fe0695fdcaec26056d77ed797df	"{""external_release_key"":""1074"",""product_id"":""1054"",""raw_field_sha256"":""f3b55d071d61f33b75529ee0ff8bfdc1d7dd6fe0695fdcaec26056d77ed797df"",""retention"":""dual-reviewed-short-phrases-only""}"	false	false	false	true	false	false	NO_PERSONAL_DATA	PUBLIC_DERIVED_ONLY	true
document.firstbloom.release_1088	github.firstbloom-data.a6cb0026	family.baseline.firstbloom-industry	a6cb0026d1af9642724793c799bbc48dc189ba35	2019-01-31	product_release_id=1088	en	TASTING_NOTE	65d411fa8d8647d6f8701fdde70cdc1e06cc70fd592b71a8d8dbae416ab2a849	"{""external_release_key"":""1088"",""product_id"":""1068"",""raw_field_sha256"":""65d411fa8d8647d6f8701fdde70cdc1e06cc70fd592b71a8d8dbae416ab2a849"",""retention"":""dual-reviewed-short-phrases-only""}"	false	false	false	true	false	false	NO_PERSONAL_DATA	PUBLIC_DERIVED_ONLY	true
document.firstbloom.release_1090	github.firstbloom-data.a6cb0026	family.baseline.firstbloom-industry	a6cb0026d1af9642724793c799bbc48dc189ba35	2019-02-03	product_release_id=1090	en	TASTING_NOTE	38715b175c70010a29ecb1b6e7f245e7ac18a7269ca322649ccc141eddfead76	"{""external_release_key"":""1090"",""product_id"":""1070"",""raw_field_sha256"":""38715b175c70010a29ecb1b6e7f245e7ac18a7269ca322649ccc141eddfead76"",""retention"":""dual-reviewed-short-phrases-only""}"	false	false	false	true	false	false	NO_PERSONAL_DATA	PUBLIC_DERIVED_ONLY	true
document.firstbloom.release_1105	github.firstbloom-data.a6cb0026	family.baseline.firstbloom-industry	a6cb0026d1af9642724793c799bbc48dc189ba35	2019-02-06	product_release_id=1105	en	TASTING_NOTE	3dd74764c38aa27368444f53a5a5ce61a7ffa82d8431831e409db209fc082449	"{""external_release_key"":""1105"",""product_id"":""1085"",""raw_field_sha256"":""3dd74764c38aa27368444f53a5a5ce61a7ffa82d8431831e409db209fc082449"",""retention"":""dual-reviewed-short-phrases-only""}"	false	false	false	true	false	false	NO_PERSONAL_DATA	PUBLIC_DERIVED_ONLY	true
document.firstbloom.release_1109	github.firstbloom-data.a6cb0026	family.baseline.firstbloom-industry	a6cb0026d1af9642724793c799bbc48dc189ba35	2019-02-06	product_release_id=1109	en	TASTING_NOTE	e2ae144b8074fde25d0b6842daafcc557d9a2b3b1850a5faeecc137ab32c38eb	"{""external_release_key"":""1109"",""product_id"":""1089"",""raw_field_sha256"":""e2ae144b8074fde25d0b6842daafcc557d9a2b3b1850a5faeecc137ab32c38eb"",""retention"":""dual-reviewed-short-phrases-only""}"	false	false	false	true	false	false	NO_PERSONAL_DATA	PUBLIC_DERIVED_ONLY	true
document.firstbloom.release_112	github.firstbloom-data.a6cb0026	family.baseline.firstbloom-industry	a6cb0026d1af9642724793c799bbc48dc189ba35	2018-01-04	product_release_id=112	en	TASTING_NOTE	6ef0384b97361853f517e00e9c6baf7f8c1beff4b99fb4132e597004b53f27d9	"{""external_release_key"":""112"",""product_id"":""141"",""raw_field_sha256"":""6ef0384b97361853f517e00e9c6baf7f8c1beff4b99fb4132e597004b53f27d9"",""retention"":""dual-reviewed-short-phrases-only""}"	false	false	false	true	false	false	NO_PERSONAL_DATA	PUBLIC_DERIVED_ONLY	true
document.firstbloom.release_1126	github.firstbloom-data.a6cb0026	family.baseline.firstbloom-industry	a6cb0026d1af9642724793c799bbc48dc189ba35	2019-02-11	product_release_id=1126	en	TASTING_NOTE	9e1c34725a42dd95c4f0d754a4a914ac2452461181a3942c850a9bf62fab2811	"{""external_release_key"":""1126"",""product_id"":""1106"",""raw_field_sha256"":""9e1c34725a42dd95c4f0d754a4a914ac2452461181a3942c850a9bf62fab2811"",""retention"":""dual-reviewed-short-phrases-only""}"	false	false	false	true	false	false	NO_PERSONAL_DATA	PUBLIC_DERIVED_ONLY	true
document.firstbloom.release_113	github.firstbloom-data.a6cb0026	family.baseline.firstbloom-industry	a6cb0026d1af9642724793c799bbc48dc189ba35	2018-01-04	product_release_id=113	en	TASTING_NOTE	ad8821c8ca42363158404708257e1e5d08be2af53d8fe8812b1fff6b594a6fb0	"{""external_release_key"":""113"",""product_id"":""142"",""raw_field_sha256"":""ad8821c8ca42363158404708257e1e5d08be2af53d8fe8812b1fff6b594a6fb0"",""retention"":""dual-reviewed-short-phrases-only""}"	false	false	false	true	false	false	NO_PERSONAL_DATA	PUBLIC_DERIVED_ONLY	true
document.firstbloom.release_1139	github.firstbloom-data.a6cb0026	family.baseline.firstbloom-industry	a6cb0026d1af9642724793c799bbc48dc189ba35	2019-02-13	product_release_id=1139	en	TASTING_NOTE	dc9db1991c33842376768dc41191a20bd7622f5cd3463a4f0473a34c43e41c0e	"{""external_release_key"":""1139"",""product_id"":""1118"",""raw_field_sha256"":""dc9db1991c33842376768dc41191a20bd7622f5cd3463a4f0473a34c43e41c0e"",""retention"":""dual-reviewed-short-phrases-only""}"	false	false	false	true	false	false	NO_PERSONAL_DATA	PUBLIC_DERIVED_ONLY	true
document.firstbloom.release_1141	github.firstbloom-data.a6cb0026	family.baseline.firstbloom-industry	a6cb0026d1af9642724793c799bbc48dc189ba35	2019-02-13	product_release_id=1141	en	TASTING_NOTE	406161b249d7ee7588009ab706547baa3bf4d5fd14d0680835febaa8e94060f5	"{""external_release_key"":""1141"",""product_id"":""1120"",""raw_field_sha256"":""406161b249d7ee7588009ab706547baa3bf4d5fd14d0680835febaa8e94060f5"",""retention"":""dual-reviewed-short-phrases-only""}"	false	false	false	true	false	false	NO_PERSONAL_DATA	PUBLIC_DERIVED_ONLY	true
document.firstbloom.release_1143	github.firstbloom-data.a6cb0026	family.baseline.firstbloom-industry	a6cb0026d1af9642724793c799bbc48dc189ba35	2019-02-13	product_release_id=1143	en	TASTING_NOTE	463e1bc83b912ef3ec80afce198b055c8145e8950eb5e2c571b311b9cd5cd47e	"{""external_release_key"":""1143"",""product_id"":""1122"",""raw_field_sha256"":""463e1bc83b912ef3ec80afce198b055c8145e8950eb5e2c571b311b9cd5cd47e"",""retention"":""dual-reviewed-short-phrases-only""}"	false	false	false	true	false	false	NO_PERSONAL_DATA	PUBLIC_DERIVED_ONLY	true
document.firstbloom.release_1145	github.firstbloom-data.a6cb0026	family.baseline.firstbloom-industry	a6cb0026d1af9642724793c799bbc48dc189ba35	2019-02-13	product_release_id=1145	en	TASTING_NOTE	882190863a91a551c3e06a8a3842cfca4e2f951172a138557bb2e1c6d827df27	"{""external_release_key"":""1145"",""product_id"":""1124"",""raw_field_sha256"":""882190863a91a551c3e06a8a3842cfca4e2f951172a138557bb2e1c6d827df27"",""retention"":""dual-reviewed-short-phrases-only""}"	false	false	false	true	false	false	NO_PERSONAL_DATA	PUBLIC_DERIVED_ONLY	true
document.firstbloom.release_1147	github.firstbloom-data.a6cb0026	family.baseline.firstbloom-industry	a6cb0026d1af9642724793c799bbc48dc189ba35	2019-02-13	product_release_id=1147	en	TASTING_NOTE	b15b981e0c26cb9254bac4281edaacba1fbf83a0eb9a3d9935f04afd2d33910e	"{""external_release_key"":""1147"",""product_id"":""126"",""raw_field_sha256"":""b15b981e0c26cb9254bac4281edaacba1fbf83a0eb9a3d9935f04afd2d33910e"",""retention"":""dual-reviewed-short-phrases-only""}"	false	false	false	true	false	false	NO_PERSONAL_DATA	PUBLIC_DERIVED_ONLY	true
document.firstbloom.release_115	github.firstbloom-data.a6cb0026	family.baseline.firstbloom-industry	a6cb0026d1af9642724793c799bbc48dc189ba35	2018-01-09	product_release_id=115	en	TASTING_NOTE	3b9313cf8562b933e35d9e307e10c2e2720d44f77c8c5b3b20db10eece2bc6f8	"{""external_release_key"":""115"",""product_id"":""128"",""raw_field_sha256"":""3b9313cf8562b933e35d9e307e10c2e2720d44f77c8c5b3b20db10eece2bc6f8"",""retention"":""dual-reviewed-short-phrases-only""}"	false	false	false	true	false	false	NO_PERSONAL_DATA	PUBLIC_DERIVED_ONLY	true
document.firstbloom.release_1150	github.firstbloom-data.a6cb0026	family.baseline.firstbloom-industry	a6cb0026d1af9642724793c799bbc48dc189ba35	2019-02-13	product_release_id=1150	en	TASTING_NOTE	ed3ee012c5d3e6bb14258b1d10bc2171ea517cb71a483971f3e36e91c079b689	"{""external_release_key"":""1150"",""product_id"":""1127"",""raw_field_sha256"":""ed3ee012c5d3e6bb14258b1d10bc2171ea517cb71a483971f3e36e91c079b689"",""retention"":""dual-reviewed-short-phrases-only""}"	false	false	false	true	false	false	NO_PERSONAL_DATA	PUBLIC_DERIVED_ONLY	true
document.firstbloom.release_1157	github.firstbloom-data.a6cb0026	family.baseline.firstbloom-industry	a6cb0026d1af9642724793c799bbc48dc189ba35	2019-02-20	product_release_id=1157	en	TASTING_NOTE	1009c8eb049add56e5b968f4d2bfeeadbf411384726b0c3305f2bcb473e17b72	"{""external_release_key"":""1157"",""product_id"":""1134"",""raw_field_sha256"":""1009c8eb049add56e5b968f4d2bfeeadbf411384726b0c3305f2bcb473e17b72"",""retention"":""dual-reviewed-short-phrases-only""}"	false	false	false	true	false	false	NO_PERSONAL_DATA	PUBLIC_DERIVED_ONLY	true
document.firstbloom.release_1161	github.firstbloom-data.a6cb0026	family.baseline.firstbloom-industry	a6cb0026d1af9642724793c799bbc48dc189ba35	2019-02-20	product_release_id=1161	en	TASTING_NOTE	00456193a8692913d7685bb74aecae9bfc2797e166d107f39f674dbec4961bf4	"{""external_release_key"":""1161"",""product_id"":""1138"",""raw_field_sha256"":""00456193a8692913d7685bb74aecae9bfc2797e166d107f39f674dbec4961bf4"",""retention"":""dual-reviewed-short-phrases-only""}"	false	false	false	true	false	false	NO_PERSONAL_DATA	PUBLIC_DERIVED_ONLY	true
document.firstbloom.release_1168	github.firstbloom-data.a6cb0026	family.baseline.firstbloom-industry	a6cb0026d1af9642724793c799bbc48dc189ba35	2019-02-22	product_release_id=1168	en	TASTING_NOTE	960b2b4f05810dcdaa48938f5ed10845190d203cf9bd10b7872a9401e7cd47a7	"{""external_release_key"":""1168"",""product_id"":""1145"",""raw_field_sha256"":""960b2b4f05810dcdaa48938f5ed10845190d203cf9bd10b7872a9401e7cd47a7"",""retention"":""dual-reviewed-short-phrases-only""}"	false	false	false	true	false	false	NO_PERSONAL_DATA	PUBLIC_DERIVED_ONLY	true
document.firstbloom.release_117	github.firstbloom-data.a6cb0026	family.baseline.firstbloom-industry	a6cb0026d1af9642724793c799bbc48dc189ba35	2018-01-09	product_release_id=117	en	TASTING_NOTE	31cd5ecb53a6b5b01c5625bf1e13da2c8f1bf66b8a7779f485d9b8013150760e	"{""external_release_key"":""117"",""product_id"":""145"",""raw_field_sha256"":""31cd5ecb53a6b5b01c5625bf1e13da2c8f1bf66b8a7779f485d9b8013150760e"",""retention"":""dual-reviewed-short-phrases-only""}"	false	false	false	true	false	false	NO_PERSONAL_DATA	PUBLIC_DERIVED_ONLY	true
document.firstbloom.release_1177	github.firstbloom-data.a6cb0026	family.baseline.firstbloom-industry	a6cb0026d1af9642724793c799bbc48dc189ba35	2019-02-25	product_release_id=1177	en	TASTING_NOTE	890af32f5c23253d6ccf4651cc6050156855a1ccd61fd8e8bbb2046a07cc91f9	"{""external_release_key"":""1177"",""product_id"":""1154"",""raw_field_sha256"":""890af32f5c23253d6ccf4651cc6050156855a1ccd61fd8e8bbb2046a07cc91f9"",""retention"":""dual-reviewed-short-phrases-only""}"	false	false	false	true	false	false	NO_PERSONAL_DATA	PUBLIC_DERIVED_ONLY	true
document.firstbloom.release_118	github.firstbloom-data.a6cb0026	family.baseline.firstbloom-industry	a6cb0026d1af9642724793c799bbc48dc189ba35	2018-01-09	product_release_id=118	en	TASTING_NOTE	fa3df3f3fed64ad407434c19c87ab0a9bf21703c8b20bf20d455a7418a635f66	"{""external_release_key"":""118"",""product_id"":""146"",""raw_field_sha256"":""fa3df3f3fed64ad407434c19c87ab0a9bf21703c8b20bf20d455a7418a635f66"",""retention"":""dual-reviewed-short-phrases-only""}"	false	false	false	true	false	false	NO_PERSONAL_DATA	PUBLIC_DERIVED_ONLY	true
document.firstbloom.release_1190	github.firstbloom-data.a6cb0026	family.baseline.firstbloom-industry	a6cb0026d1af9642724793c799bbc48dc189ba35	2019-02-27	product_release_id=1190	en	TASTING_NOTE	899745ffa6f93ff084d07e5d5f20aeccef41c0d1c5386f6e347e70ea308f7cf4	"{""external_release_key"":""1190"",""product_id"":""1167"",""raw_field_sha256"":""899745ffa6f93ff084d07e5d5f20aeccef41c0d1c5386f6e347e70ea308f7cf4"",""retention"":""dual-reviewed-short-phrases-only""}"	false	false	false	true	false	false	NO_PERSONAL_DATA	PUBLIC_DERIVED_ONLY	true
document.firstbloom.release_1195	github.firstbloom-data.a6cb0026	family.baseline.firstbloom-industry	a6cb0026d1af9642724793c799bbc48dc189ba35	2019-03-01	product_release_id=1195	en	TASTING_NOTE	8f15d0acae92a23fe7a2a489bb14164a95306d4462f957b4359432077a9cf34d	"{""external_release_key"":""1195"",""product_id"":""1171"",""raw_field_sha256"":""8f15d0acae92a23fe7a2a489bb14164a95306d4462f957b4359432077a9cf34d"",""retention"":""dual-reviewed-short-phrases-only""}"	false	false	false	true	false	false	NO_PERSONAL_DATA	PUBLIC_DERIVED_ONLY	true
document.firstbloom.release_1196	github.firstbloom-data.a6cb0026	family.baseline.firstbloom-industry	a6cb0026d1af9642724793c799bbc48dc189ba35	2019-03-01	product_release_id=1196	en	TASTING_NOTE	483eed493f8471bf2a9a38151e0997e5927c2c2aa36c7cce09ff1b5e397a6dd8	"{""external_release_key"":""1196"",""product_id"":""1172"",""raw_field_sha256"":""483eed493f8471bf2a9a38151e0997e5927c2c2aa36c7cce09ff1b5e397a6dd8"",""retention"":""dual-reviewed-short-phrases-only""}"	false	false	false	true	false	false	NO_PERSONAL_DATA	PUBLIC_DERIVED_ONLY	true
document.firstbloom.release_1198	github.firstbloom-data.a6cb0026	family.baseline.firstbloom-industry	a6cb0026d1af9642724793c799bbc48dc189ba35	2019-03-01	product_release_id=1198	en	TASTING_NOTE	264668d510ba5f1b3f1450ae29e78a76906f7bd32d238ff60bd3de0a9860101e	"{""external_release_key"":""1198"",""product_id"":""1174"",""raw_field_sha256"":""264668d510ba5f1b3f1450ae29e78a76906f7bd32d238ff60bd3de0a9860101e"",""retention"":""dual-reviewed-short-phrases-only""}"	false	false	false	true	false	false	NO_PERSONAL_DATA	PUBLIC_DERIVED_ONLY	true
document.firstbloom.release_1199	github.firstbloom-data.a6cb0026	family.baseline.firstbloom-industry	a6cb0026d1af9642724793c799bbc48dc189ba35	2019-03-01	product_release_id=1199	en	TASTING_NOTE	c2c37cb092c1034bd48d15d2024f777f7026f95c5da1394ef907eb32cbbb80e1	"{""external_release_key"":""1199"",""product_id"":""1175"",""raw_field_sha256"":""c2c37cb092c1034bd48d15d2024f777f7026f95c5da1394ef907eb32cbbb80e1"",""retention"":""dual-reviewed-short-phrases-only""}"	false	false	false	true	false	false	NO_PERSONAL_DATA	PUBLIC_DERIVED_ONLY	true
document.firstbloom.release_1200	github.firstbloom-data.a6cb0026	family.baseline.firstbloom-industry	a6cb0026d1af9642724793c799bbc48dc189ba35	2019-03-01	product_release_id=1200	en	TASTING_NOTE	13bfa325a8f891b2635b0eac39a26c5d8e0adb111f500e9e0f1dcca607d36f97	"{""external_release_key"":""1200"",""product_id"":""1176"",""raw_field_sha256"":""13bfa325a8f891b2635b0eac39a26c5d8e0adb111f500e9e0f1dcca607d36f97"",""retention"":""dual-reviewed-short-phrases-only""}"	false	false	false	true	false	false	NO_PERSONAL_DATA	PUBLIC_DERIVED_ONLY	true
document.firstbloom.release_1203	github.firstbloom-data.a6cb0026	family.baseline.firstbloom-industry	a6cb0026d1af9642724793c799bbc48dc189ba35	2019-03-03	product_release_id=1203	en	TASTING_NOTE	e92a4904880280937a67736ac46777adae109ebc93d7687b8042f6c6415babcf	"{""external_release_key"":""1203"",""product_id"":""886"",""raw_field_sha256"":""e92a4904880280937a67736ac46777adae109ebc93d7687b8042f6c6415babcf"",""retention"":""dual-reviewed-short-phrases-only""}"	false	false	false	true	false	false	NO_PERSONAL_DATA	PUBLIC_DERIVED_ONLY	true
document.firstbloom.release_1205	github.firstbloom-data.a6cb0026	family.baseline.firstbloom-industry	a6cb0026d1af9642724793c799bbc48dc189ba35	2019-03-04	product_release_id=1205	en	TASTING_NOTE	564f7adc9cde752a6b3a542fb7aafc18386bcd02c5a86784ef2109523c3eff79	"{""external_release_key"":""1205"",""product_id"":""1181"",""raw_field_sha256"":""564f7adc9cde752a6b3a542fb7aafc18386bcd02c5a86784ef2109523c3eff79"",""retention"":""dual-reviewed-short-phrases-only""}"	false	false	false	true	false	false	NO_PERSONAL_DATA	PUBLIC_DERIVED_ONLY	true
document.firstbloom.release_1208	github.firstbloom-data.a6cb0026	family.baseline.firstbloom-industry	a6cb0026d1af9642724793c799bbc48dc189ba35	2019-03-04	product_release_id=1208	en	TASTING_NOTE	2a7a365d2a8aa490872677678c819bf199d6f1bfb4d967247b0955b7511207f2	"{""external_release_key"":""1208"",""product_id"":""1184"",""raw_field_sha256"":""2a7a365d2a8aa490872677678c819bf199d6f1bfb4d967247b0955b7511207f2"",""retention"":""dual-reviewed-short-phrases-only""}"	false	false	false	true	false	false	NO_PERSONAL_DATA	PUBLIC_DERIVED_ONLY	true
document.firstbloom.release_1210	github.firstbloom-data.a6cb0026	family.baseline.firstbloom-industry	a6cb0026d1af9642724793c799bbc48dc189ba35	2019-03-05	product_release_id=1210	en	TASTING_NOTE	f43d8fe77b3ff3aa05798c9ee0117d6863782f2b81ba881032323fad1feff945	"{""external_release_key"":""1210"",""product_id"":""1186"",""raw_field_sha256"":""f43d8fe77b3ff3aa05798c9ee0117d6863782f2b81ba881032323fad1feff945"",""retention"":""dual-reviewed-short-phrases-only""}"	false	false	false	true	false	false	NO_PERSONAL_DATA	PUBLIC_DERIVED_ONLY	true
document.firstbloom.release_1219	github.firstbloom-data.a6cb0026	family.baseline.firstbloom-industry	a6cb0026d1af9642724793c799bbc48dc189ba35	2019-03-06	product_release_id=1219	en	TASTING_NOTE	eec8aa33ff378580a636f641c292e42fa69caa66714cf8fc00431745c939356b	"{""external_release_key"":""1219"",""product_id"":""1195"",""raw_field_sha256"":""eec8aa33ff378580a636f641c292e42fa69caa66714cf8fc00431745c939356b"",""retention"":""dual-reviewed-short-phrases-only""}"	false	false	false	true	false	false	NO_PERSONAL_DATA	PUBLIC_DERIVED_ONLY	true
document.firstbloom.release_1221	github.firstbloom-data.a6cb0026	family.baseline.firstbloom-industry	a6cb0026d1af9642724793c799bbc48dc189ba35	2019-03-06	product_release_id=1221	en	TASTING_NOTE	3a06308a8d49e22d74d31b323f1f01948aaa2aa08314f12db80e7ec75d971e1a	"{""external_release_key"":""1221"",""product_id"":""1197"",""raw_field_sha256"":""3a06308a8d49e22d74d31b323f1f01948aaa2aa08314f12db80e7ec75d971e1a"",""retention"":""dual-reviewed-short-phrases-only""}"	false	false	false	true	false	false	NO_PERSONAL_DATA	PUBLIC_DERIVED_ONLY	true
document.firstbloom.release_1222	github.firstbloom-data.a6cb0026	family.baseline.firstbloom-industry	a6cb0026d1af9642724793c799bbc48dc189ba35	2019-03-06	product_release_id=1222	en	TASTING_NOTE	f43d8fe77b3ff3aa05798c9ee0117d6863782f2b81ba881032323fad1feff945	"{""external_release_key"":""1222"",""product_id"":""1198"",""raw_field_sha256"":""f43d8fe77b3ff3aa05798c9ee0117d6863782f2b81ba881032323fad1feff945"",""retention"":""dual-reviewed-short-phrases-only""}"	false	false	false	true	false	false	NO_PERSONAL_DATA	PUBLIC_DERIVED_ONLY	true
document.firstbloom.release_1225	github.firstbloom-data.a6cb0026	family.baseline.firstbloom-industry	a6cb0026d1af9642724793c799bbc48dc189ba35	2019-03-07	product_release_id=1225	en	TASTING_NOTE	ff948ae5dd9b8a48d161ae95fcd603af2e8869743e715c17c1742a9b60f90003	"{""external_release_key"":""1225"",""product_id"":""1201"",""raw_field_sha256"":""ff948ae5dd9b8a48d161ae95fcd603af2e8869743e715c17c1742a9b60f90003"",""retention"":""dual-reviewed-short-phrases-only""}"	false	false	false	true	false	false	NO_PERSONAL_DATA	PUBLIC_DERIVED_ONLY	true
document.firstbloom.release_1226	github.firstbloom-data.a6cb0026	family.baseline.firstbloom-industry	a6cb0026d1af9642724793c799bbc48dc189ba35	2019-03-07	product_release_id=1226	en	TASTING_NOTE	d1026f3a783c815beba80a0c4520cf8e21320469be4e0314e09b7ef9b49b8555	"{""external_release_key"":""1226"",""product_id"":""1202"",""raw_field_sha256"":""d1026f3a783c815beba80a0c4520cf8e21320469be4e0314e09b7ef9b49b8555"",""retention"":""dual-reviewed-short-phrases-only""}"	false	false	false	true	false	false	NO_PERSONAL_DATA	PUBLIC_DERIVED_ONLY	true
document.firstbloom.release_1236	github.firstbloom-data.a6cb0026	family.baseline.firstbloom-industry	a6cb0026d1af9642724793c799bbc48dc189ba35	2019-03-08	product_release_id=1236	en	TASTING_NOTE	e69ac68f4e822deb6fff1a866fe178cc40c18ab605c991dc5143411d469974bc	"{""external_release_key"":""1236"",""product_id"":""1211"",""raw_field_sha256"":""e69ac68f4e822deb6fff1a866fe178cc40c18ab605c991dc5143411d469974bc"",""retention"":""dual-reviewed-short-phrases-only""}"	false	false	false	true	false	false	NO_PERSONAL_DATA	PUBLIC_DERIVED_ONLY	true
document.firstbloom.release_1238	github.firstbloom-data.a6cb0026	family.baseline.firstbloom-industry	a6cb0026d1af9642724793c799bbc48dc189ba35	2019-03-10	product_release_id=1238	en	TASTING_NOTE	b8ac1910b1feaf2068e0e913535cbfd3433d9cfd0e9b67c665694bcd412ea1e7	"{""external_release_key"":""1238"",""product_id"":""1213"",""raw_field_sha256"":""b8ac1910b1feaf2068e0e913535cbfd3433d9cfd0e9b67c665694bcd412ea1e7"",""retention"":""dual-reviewed-short-phrases-only""}"	false	false	false	true	false	false	NO_PERSONAL_DATA	PUBLIC_DERIVED_ONLY	true
document.firstbloom.release_1239	github.firstbloom-data.a6cb0026	family.baseline.firstbloom-industry	a6cb0026d1af9642724793c799bbc48dc189ba35	2019-03-10	product_release_id=1239	en	TASTING_NOTE	c8ba48d3c9d3a6d5e411e5fe645d5784d155be573c7c9bce62aa9ef615cbcde5	"{""external_release_key"":""1239"",""product_id"":""1214"",""raw_field_sha256"":""c8ba48d3c9d3a6d5e411e5fe645d5784d155be573c7c9bce62aa9ef615cbcde5"",""retention"":""dual-reviewed-short-phrases-only""}"	false	false	false	true	false	false	NO_PERSONAL_DATA	PUBLIC_DERIVED_ONLY	true
document.firstbloom.release_1245	github.firstbloom-data.a6cb0026	family.baseline.firstbloom-industry	a6cb0026d1af9642724793c799bbc48dc189ba35	2019-03-13	product_release_id=1245	en	TASTING_NOTE	7a2948804bc278a70235977a41663e3918b0f8e53fba818c909e14a1ad4d8cef	"{""external_release_key"":""1245"",""product_id"":""1216"",""raw_field_sha256"":""7a2948804bc278a70235977a41663e3918b0f8e53fba818c909e14a1ad4d8cef"",""retention"":""dual-reviewed-short-phrases-only""}"	false	false	false	true	false	false	NO_PERSONAL_DATA	PUBLIC_DERIVED_ONLY	true
document.firstbloom.release_1247	github.firstbloom-data.a6cb0026	family.baseline.firstbloom-industry	a6cb0026d1af9642724793c799bbc48dc189ba35	2019-03-13	product_release_id=1247	en	TASTING_NOTE	72077f0c232c616755453b10bd122a9c0830a0d50dcaafe0a045c36cdf04dace	"{""external_release_key"":""1247"",""product_id"":""1218"",""raw_field_sha256"":""72077f0c232c616755453b10bd122a9c0830a0d50dcaafe0a045c36cdf04dace"",""retention"":""dual-reviewed-short-phrases-only""}"	false	false	false	true	false	false	NO_PERSONAL_DATA	PUBLIC_DERIVED_ONLY	true
document.firstbloom.release_1248	github.firstbloom-data.a6cb0026	family.baseline.firstbloom-industry	a6cb0026d1af9642724793c799bbc48dc189ba35	2019-03-13	product_release_id=1248	en	TASTING_NOTE	abb09083bcca9a76743014201b169a2eb5fa8a9c4086c619ecaa880276b58252	"{""external_release_key"":""1248"",""product_id"":""1219"",""raw_field_sha256"":""abb09083bcca9a76743014201b169a2eb5fa8a9c4086c619ecaa880276b58252"",""retention"":""dual-reviewed-short-phrases-only""}"	false	false	false	true	false	false	NO_PERSONAL_DATA	PUBLIC_DERIVED_ONLY	true
document.firstbloom.release_1250	github.firstbloom-data.a6cb0026	family.baseline.firstbloom-industry	a6cb0026d1af9642724793c799bbc48dc189ba35	2019-03-15	product_release_id=1250	en	TASTING_NOTE	0356f44bf288eba9bdfc7a9ddc860d0674fd04855b2aa0e29075c8a8416bfa52	"{""external_release_key"":""1250"",""product_id"":""1221"",""raw_field_sha256"":""0356f44bf288eba9bdfc7a9ddc860d0674fd04855b2aa0e29075c8a8416bfa52"",""retention"":""dual-reviewed-short-phrases-only""}"	false	false	false	true	false	false	NO_PERSONAL_DATA	PUBLIC_DERIVED_ONLY	true
document.firstbloom.release_1259	github.firstbloom-data.a6cb0026	family.baseline.firstbloom-industry	a6cb0026d1af9642724793c799bbc48dc189ba35	2019-03-17	product_release_id=1259	en	TASTING_NOTE	1c25fd6337732fe057d3d02938b95c20eaf774e301ee767c95f619f0fefbdeca	"{""external_release_key"":""1259"",""product_id"":""1230"",""raw_field_sha256"":""1c25fd6337732fe057d3d02938b95c20eaf774e301ee767c95f619f0fefbdeca"",""retention"":""dual-reviewed-short-phrases-only""}"	false	false	false	true	false	false	NO_PERSONAL_DATA	PUBLIC_DERIVED_ONLY	true
document.firstbloom.release_1260	github.firstbloom-data.a6cb0026	family.baseline.firstbloom-industry	a6cb0026d1af9642724793c799bbc48dc189ba35	2019-03-17	product_release_id=1260	en	TASTING_NOTE	d7bc252d7d26dc980363ab3810d6fb0863dcdad1b3c7c64857bf4f8d443b1952	"{""external_release_key"":""1260"",""product_id"":""1231"",""raw_field_sha256"":""d7bc252d7d26dc980363ab3810d6fb0863dcdad1b3c7c64857bf4f8d443b1952"",""retention"":""dual-reviewed-short-phrases-only""}"	false	false	false	true	false	false	NO_PERSONAL_DATA	PUBLIC_DERIVED_ONLY	true
document.firstbloom.release_1261	github.firstbloom-data.a6cb0026	family.baseline.firstbloom-industry	a6cb0026d1af9642724793c799bbc48dc189ba35	2019-03-17	product_release_id=1261	en	TASTING_NOTE	9caca760fb842689ff597bf5ecae83f71ab6bc949605b678c514d74a4df01a51	"{""external_release_key"":""1261"",""product_id"":""1232"",""raw_field_sha256"":""9caca760fb842689ff597bf5ecae83f71ab6bc949605b678c514d74a4df01a51"",""retention"":""dual-reviewed-short-phrases-only""}"	false	false	false	true	false	false	NO_PERSONAL_DATA	PUBLIC_DERIVED_ONLY	true
document.firstbloom.release_1262	github.firstbloom-data.a6cb0026	family.baseline.firstbloom-industry	a6cb0026d1af9642724793c799bbc48dc189ba35	2019-03-17	product_release_id=1262	en	TASTING_NOTE	3640e8b166ab67485b8ef3d19f58adda10d0958d4d633edb88d78dd03345b382	"{""external_release_key"":""1262"",""product_id"":""1233"",""raw_field_sha256"":""3640e8b166ab67485b8ef3d19f58adda10d0958d4d633edb88d78dd03345b382"",""retention"":""dual-reviewed-short-phrases-only""}"	false	false	false	true	false	false	NO_PERSONAL_DATA	PUBLIC_DERIVED_ONLY	true
document.firstbloom.release_1263	github.firstbloom-data.a6cb0026	family.baseline.firstbloom-industry	a6cb0026d1af9642724793c799bbc48dc189ba35	2019-03-17	product_release_id=1263	en	TASTING_NOTE	444eed1f8fc71ba615cecd6e170da4b7a08b5614ba13b57aa406ab98a48c98eb	"{""external_release_key"":""1263"",""product_id"":""1234"",""raw_field_sha256"":""444eed1f8fc71ba615cecd6e170da4b7a08b5614ba13b57aa406ab98a48c98eb"",""retention"":""dual-reviewed-short-phrases-only""}"	false	false	false	true	false	false	NO_PERSONAL_DATA	PUBLIC_DERIVED_ONLY	true
document.firstbloom.release_1267	github.firstbloom-data.a6cb0026	family.baseline.firstbloom-industry	a6cb0026d1af9642724793c799bbc48dc189ba35	2019-03-17	product_release_id=1267	en	TASTING_NOTE	347866431a139db319ca796b1f83e0dc2b8961339c8028b05cbbe3cf512d4c8e	"{""external_release_key"":""1267"",""product_id"":""330"",""raw_field_sha256"":""347866431a139db319ca796b1f83e0dc2b8961339c8028b05cbbe3cf512d4c8e"",""retention"":""dual-reviewed-short-phrases-only""}"	false	false	false	true	false	false	NO_PERSONAL_DATA	PUBLIC_DERIVED_ONLY	true
document.firstbloom.release_1275	github.firstbloom-data.a6cb0026	family.baseline.firstbloom-industry	a6cb0026d1af9642724793c799bbc48dc189ba35	2019-03-18	product_release_id=1275	en	TASTING_NOTE	aae19098c300b008c95fd7f6455f7079ed9c2fc42511b0254f2becd1c9912430	"{""external_release_key"":""1275"",""product_id"":""1244"",""raw_field_sha256"":""aae19098c300b008c95fd7f6455f7079ed9c2fc42511b0254f2becd1c9912430"",""retention"":""dual-reviewed-short-phrases-only""}"	false	false	false	true	false	false	NO_PERSONAL_DATA	PUBLIC_DERIVED_ONLY	true
document.firstbloom.release_1283	github.firstbloom-data.a6cb0026	family.baseline.firstbloom-industry	a6cb0026d1af9642724793c799bbc48dc189ba35	2019-03-20	product_release_id=1283	en	TASTING_NOTE	1ac24829179ba2c185605e451d3a87e895e51d1e873ea937c8ae588ce3689c06	"{""external_release_key"":""1283"",""product_id"":""1251"",""raw_field_sha256"":""1ac24829179ba2c185605e451d3a87e895e51d1e873ea937c8ae588ce3689c06"",""retention"":""dual-reviewed-short-phrases-only""}"	false	false	false	true	false	false	NO_PERSONAL_DATA	PUBLIC_DERIVED_ONLY	true
document.firstbloom.release_129	github.firstbloom-data.a6cb0026	family.baseline.firstbloom-industry	a6cb0026d1af9642724793c799bbc48dc189ba35	2018-05-23	product_release_id=129	en	TASTING_NOTE	7369b54f1202450e9215a82c1affdbca42ac3923eb717fda0f59fdb9c88ddf5c	"{""external_release_key"":""129"",""product_id"":""157"",""raw_field_sha256"":""7369b54f1202450e9215a82c1affdbca42ac3923eb717fda0f59fdb9c88ddf5c"",""retention"":""dual-reviewed-short-phrases-only""}"	false	false	false	true	false	false	NO_PERSONAL_DATA	PUBLIC_DERIVED_ONLY	true
document.firstbloom.release_1290	github.firstbloom-data.a6cb0026	family.baseline.firstbloom-industry	a6cb0026d1af9642724793c799bbc48dc189ba35	2019-03-22	product_release_id=1290	en	TASTING_NOTE	7f4d3fe8bf1d8164a352a0c4c3d5ea7eab4e95dd0b3e181ee6265918fb0869b7	"{""external_release_key"":""1290"",""product_id"":""1258"",""raw_field_sha256"":""7f4d3fe8bf1d8164a352a0c4c3d5ea7eab4e95dd0b3e181ee6265918fb0869b7"",""retention"":""dual-reviewed-short-phrases-only""}"	false	false	false	true	false	false	NO_PERSONAL_DATA	PUBLIC_DERIVED_ONLY	true
document.firstbloom.release_1309	github.firstbloom-data.a6cb0026	family.baseline.firstbloom-industry	a6cb0026d1af9642724793c799bbc48dc189ba35	2019-03-26	product_release_id=1309	en	TASTING_NOTE	7d02f06e57ffec89dc78cb703f7fa8c043af7dba18973d07db6aa3ff70fcab70	"{""external_release_key"":""1309"",""product_id"":""1277"",""raw_field_sha256"":""7d02f06e57ffec89dc78cb703f7fa8c043af7dba18973d07db6aa3ff70fcab70"",""retention"":""dual-reviewed-short-phrases-only""}"	false	false	false	true	false	false	NO_PERSONAL_DATA	PUBLIC_DERIVED_ONLY	true
document.firstbloom.release_1310	github.firstbloom-data.a6cb0026	family.baseline.firstbloom-industry	a6cb0026d1af9642724793c799bbc48dc189ba35	2019-03-26	product_release_id=1310	en	TASTING_NOTE	be6986942afa06441d0fb9853a6420299874aeed3bb6ba735fd97b7f27f07f4f	"{""external_release_key"":""1310"",""product_id"":""1278"",""raw_field_sha256"":""be6986942afa06441d0fb9853a6420299874aeed3bb6ba735fd97b7f27f07f4f"",""retention"":""dual-reviewed-short-phrases-only""}"	false	false	false	true	false	false	NO_PERSONAL_DATA	PUBLIC_DERIVED_ONLY	true
document.firstbloom.release_1333	github.firstbloom-data.a6cb0026	family.baseline.firstbloom-industry	a6cb0026d1af9642724793c799bbc48dc189ba35	2019-04-03	product_release_id=1333	en	TASTING_NOTE	915c013c598c13f166e076165c1519c24a7ec7a706c1783110e248a994112c2d	"{""external_release_key"":""1333"",""product_id"":""1299"",""raw_field_sha256"":""915c013c598c13f166e076165c1519c24a7ec7a706c1783110e248a994112c2d"",""retention"":""dual-reviewed-short-phrases-only""}"	false	false	false	true	false	false	NO_PERSONAL_DATA	PUBLIC_DERIVED_ONLY	true
document.firstbloom.release_1334	github.firstbloom-data.a6cb0026	family.baseline.firstbloom-industry	a6cb0026d1af9642724793c799bbc48dc189ba35	2019-04-03	product_release_id=1334	en	TASTING_NOTE	5740eff544cf8227e4efd15f636e7b8d156e553089a5bfff767378ae968ee24e	"{""external_release_key"":""1334"",""product_id"":""1300"",""raw_field_sha256"":""5740eff544cf8227e4efd15f636e7b8d156e553089a5bfff767378ae968ee24e"",""retention"":""dual-reviewed-short-phrases-only""}"	false	false	false	true	false	false	NO_PERSONAL_DATA	PUBLIC_DERIVED_ONLY	true
document.firstbloom.release_1335	github.firstbloom-data.a6cb0026	family.baseline.firstbloom-industry	a6cb0026d1af9642724793c799bbc48dc189ba35	2019-04-03	product_release_id=1335	en	TASTING_NOTE	4cd9c9305fae457ac950e813a9361561538dbaedaf6393275aa13036263a183d	"{""external_release_key"":""1335"",""product_id"":""1301"",""raw_field_sha256"":""4cd9c9305fae457ac950e813a9361561538dbaedaf6393275aa13036263a183d"",""retention"":""dual-reviewed-short-phrases-only""}"	false	false	false	true	false	false	NO_PERSONAL_DATA	PUBLIC_DERIVED_ONLY	true
document.firstbloom.release_1336	github.firstbloom-data.a6cb0026	family.baseline.firstbloom-industry	a6cb0026d1af9642724793c799bbc48dc189ba35	2019-04-03	product_release_id=1336	en	TASTING_NOTE	a64df04809e0127775d9c036e1dfccddac1870a772093b0cbc37f74ca7b2b783	"{""external_release_key"":""1336"",""product_id"":""1302"",""raw_field_sha256"":""a64df04809e0127775d9c036e1dfccddac1870a772093b0cbc37f74ca7b2b783"",""retention"":""dual-reviewed-short-phrases-only""}"	false	false	false	true	false	false	NO_PERSONAL_DATA	PUBLIC_DERIVED_ONLY	true
document.firstbloom.release_1337	github.firstbloom-data.a6cb0026	family.baseline.firstbloom-industry	a6cb0026d1af9642724793c799bbc48dc189ba35	2019-04-03	product_release_id=1337	en	TASTING_NOTE	21daa9505796cf0e1e8e4b5a46c05e94b2e777431066306ee53a3c167d262c74	"{""external_release_key"":""1337"",""product_id"":""1303"",""raw_field_sha256"":""21daa9505796cf0e1e8e4b5a46c05e94b2e777431066306ee53a3c167d262c74"",""retention"":""dual-reviewed-short-phrases-only""}"	false	false	false	true	false	false	NO_PERSONAL_DATA	PUBLIC_DERIVED_ONLY	true
document.firstbloom.release_1338	github.firstbloom-data.a6cb0026	family.baseline.firstbloom-industry	a6cb0026d1af9642724793c799bbc48dc189ba35	2019-04-03	product_release_id=1338	en	TASTING_NOTE	bf9a5f398edc4e31738bffdb0c73ee781ac0ec3d9ef86fe6468b5a07cff5a59f	"{""external_release_key"":""1338"",""product_id"":""1304"",""raw_field_sha256"":""bf9a5f398edc4e31738bffdb0c73ee781ac0ec3d9ef86fe6468b5a07cff5a59f"",""retention"":""dual-reviewed-short-phrases-only""}"	false	false	false	true	false	false	NO_PERSONAL_DATA	PUBLIC_DERIVED_ONLY	true
document.firstbloom.release_1339	github.firstbloom-data.a6cb0026	family.baseline.firstbloom-industry	a6cb0026d1af9642724793c799bbc48dc189ba35	2019-04-03	product_release_id=1339	en	TASTING_NOTE	38f55dac42342720bd91c3dc166e17d3eb419d05a5f211e8a4b6f2c096faef39	"{""external_release_key"":""1339"",""product_id"":""1305"",""raw_field_sha256"":""38f55dac42342720bd91c3dc166e17d3eb419d05a5f211e8a4b6f2c096faef39"",""retention"":""dual-reviewed-short-phrases-only""}"	false	false	false	true	false	false	NO_PERSONAL_DATA	PUBLIC_DERIVED_ONLY	true
document.firstbloom.release_1347	github.firstbloom-data.a6cb0026	family.baseline.firstbloom-industry	a6cb0026d1af9642724793c799bbc48dc189ba35	2019-04-03	product_release_id=1347	en	TASTING_NOTE	73d7d4aa7c772fcc10a6ce0a6206254f74853ebab92819e6caaef231792fdb16	"{""external_release_key"":""1347"",""product_id"":""1313"",""raw_field_sha256"":""73d7d4aa7c772fcc10a6ce0a6206254f74853ebab92819e6caaef231792fdb16"",""retention"":""dual-reviewed-short-phrases-only""}"	false	false	false	true	false	false	NO_PERSONAL_DATA	PUBLIC_DERIVED_ONLY	true
document.firstbloom.release_1353	github.firstbloom-data.a6cb0026	family.baseline.firstbloom-industry	a6cb0026d1af9642724793c799bbc48dc189ba35	2019-04-04	product_release_id=1353	en	TASTING_NOTE	3dfc9ca4c569453e8b1f4a09de7b44059117cfcfd0cf2d3726a33df9d5354a82	"{""external_release_key"":""1353"",""product_id"":""1318"",""raw_field_sha256"":""3dfc9ca4c569453e8b1f4a09de7b44059117cfcfd0cf2d3726a33df9d5354a82"",""retention"":""dual-reviewed-short-phrases-only""}"	false	false	false	true	false	false	NO_PERSONAL_DATA	PUBLIC_DERIVED_ONLY	true
document.firstbloom.release_1357	github.firstbloom-data.a6cb0026	family.baseline.firstbloom-industry	a6cb0026d1af9642724793c799bbc48dc189ba35	2019-04-05	product_release_id=1357	en	TASTING_NOTE	c46db992d6f303c104ef30311d59a2cca52b77c7c8c9a2f7807a080c61912f7d	"{""external_release_key"":""1357"",""product_id"":""1321"",""raw_field_sha256"":""c46db992d6f303c104ef30311d59a2cca52b77c7c8c9a2f7807a080c61912f7d"",""retention"":""dual-reviewed-short-phrases-only""}"	false	false	false	true	false	false	NO_PERSONAL_DATA	PUBLIC_DERIVED_ONLY	true
document.firstbloom.release_1361	github.firstbloom-data.a6cb0026	family.baseline.firstbloom-industry	a6cb0026d1af9642724793c799bbc48dc189ba35	2019-04-05	product_release_id=1361	en	TASTING_NOTE	ef001aeca74aa3f48007238bfde7bab1bb8c3fff82e0cf21ed28ee03ee94650a	"{""external_release_key"":""1361"",""product_id"":""1324"",""raw_field_sha256"":""ef001aeca74aa3f48007238bfde7bab1bb8c3fff82e0cf21ed28ee03ee94650a"",""retention"":""dual-reviewed-short-phrases-only""}"	false	false	false	true	false	false	NO_PERSONAL_DATA	PUBLIC_DERIVED_ONLY	true
document.firstbloom.release_1363	github.firstbloom-data.a6cb0026	family.baseline.firstbloom-industry	a6cb0026d1af9642724793c799bbc48dc189ba35	2019-04-05	product_release_id=1363	en	TASTING_NOTE	d8d9d9e3ae3af2fb6cb6e9762127f379a0f63efc054d8907de34eb9657cc2420	"{""external_release_key"":""1363"",""product_id"":""1326"",""raw_field_sha256"":""d8d9d9e3ae3af2fb6cb6e9762127f379a0f63efc054d8907de34eb9657cc2420"",""retention"":""dual-reviewed-short-phrases-only""}"	false	false	false	true	false	false	NO_PERSONAL_DATA	PUBLIC_DERIVED_ONLY	true
document.firstbloom.release_1366	github.firstbloom-data.a6cb0026	family.baseline.firstbloom-industry	a6cb0026d1af9642724793c799bbc48dc189ba35	2019-04-10	product_release_id=1366	en	TASTING_NOTE	98d52addc84923c4309a73c42fd056ef309f75edede4f624cc933bd80a9a6dd6	"{""external_release_key"":""1366"",""product_id"":""1329"",""raw_field_sha256"":""98d52addc84923c4309a73c42fd056ef309f75edede4f624cc933bd80a9a6dd6"",""retention"":""dual-reviewed-short-phrases-only""}"	false	false	false	true	false	false	NO_PERSONAL_DATA	PUBLIC_DERIVED_ONLY	true
document.firstbloom.release_1367	github.firstbloom-data.a6cb0026	family.baseline.firstbloom-industry	a6cb0026d1af9642724793c799bbc48dc189ba35	2019-04-10	product_release_id=1367	en	TASTING_NOTE	2caf17291b90a717fe521f100eec0b7c3d98a4b3fd89c14f3e3950f809ec8fb5	"{""external_release_key"":""1367"",""product_id"":""1330"",""raw_field_sha256"":""2caf17291b90a717fe521f100eec0b7c3d98a4b3fd89c14f3e3950f809ec8fb5"",""retention"":""dual-reviewed-short-phrases-only""}"	false	false	false	true	false	false	NO_PERSONAL_DATA	PUBLIC_DERIVED_ONLY	true
document.firstbloom.release_1368	github.firstbloom-data.a6cb0026	family.baseline.firstbloom-industry	a6cb0026d1af9642724793c799bbc48dc189ba35	2019-04-10	product_release_id=1368	en	TASTING_NOTE	3a2ebc62478c7be630ff6d1b8672c31fd5622e9c90a3c2c39041add865b954d4	"{""external_release_key"":""1368"",""product_id"":""1331"",""raw_field_sha256"":""3a2ebc62478c7be630ff6d1b8672c31fd5622e9c90a3c2c39041add865b954d4"",""retention"":""dual-reviewed-short-phrases-only""}"	false	false	false	true	false	false	NO_PERSONAL_DATA	PUBLIC_DERIVED_ONLY	true
document.firstbloom.release_137	github.firstbloom-data.a6cb0026	family.baseline.firstbloom-industry	a6cb0026d1af9642724793c799bbc48dc189ba35	2018-07-25	product_release_id=137	en	TASTING_NOTE	4a5385f4dbe2a45b6e79e88412055158f758cbfee43fff04ef013ae08cbbb9cf	"{""external_release_key"":""137"",""product_id"":""166"",""raw_field_sha256"":""4a5385f4dbe2a45b6e79e88412055158f758cbfee43fff04ef013ae08cbbb9cf"",""retention"":""dual-reviewed-short-phrases-only""}"	false	false	false	true	false	false	NO_PERSONAL_DATA	PUBLIC_DERIVED_ONLY	true
document.firstbloom.release_1370	github.firstbloom-data.a6cb0026	family.baseline.firstbloom-industry	a6cb0026d1af9642724793c799bbc48dc189ba35	2019-04-10	product_release_id=1370	en	TASTING_NOTE	145f5d043c1690ec0f886a5efd3a5a72fc59868d5f57e40ac251e4a64bfc95ec	"{""external_release_key"":""1370"",""product_id"":""1333"",""raw_field_sha256"":""145f5d043c1690ec0f886a5efd3a5a72fc59868d5f57e40ac251e4a64bfc95ec"",""retention"":""dual-reviewed-short-phrases-only""}"	false	false	false	true	false	false	NO_PERSONAL_DATA	PUBLIC_DERIVED_ONLY	true
document.firstbloom.release_1371	github.firstbloom-data.a6cb0026	family.baseline.firstbloom-industry	a6cb0026d1af9642724793c799bbc48dc189ba35	2019-04-10	product_release_id=1371	en	TASTING_NOTE	189bf6036f6d6e8b7e078959bc74f530cd43642e969c73b682fe66122e2ce09c	"{""external_release_key"":""1371"",""product_id"":""1334"",""raw_field_sha256"":""189bf6036f6d6e8b7e078959bc74f530cd43642e969c73b682fe66122e2ce09c"",""retention"":""dual-reviewed-short-phrases-only""}"	false	false	false	true	false	false	NO_PERSONAL_DATA	PUBLIC_DERIVED_ONLY	true
document.firstbloom.release_1372	github.firstbloom-data.a6cb0026	family.baseline.firstbloom-industry	a6cb0026d1af9642724793c799bbc48dc189ba35	2019-04-10	product_release_id=1372	en	TASTING_NOTE	5b767372a89f65ea615ba96463ec24937e61d36830465debbf187752b1374990	"{""external_release_key"":""1372"",""product_id"":""1335"",""raw_field_sha256"":""5b767372a89f65ea615ba96463ec24937e61d36830465debbf187752b1374990"",""retention"":""dual-reviewed-short-phrases-only""}"	false	false	false	true	false	false	NO_PERSONAL_DATA	PUBLIC_DERIVED_ONLY	true
document.firstbloom.release_1374	github.firstbloom-data.a6cb0026	family.baseline.firstbloom-industry	a6cb0026d1af9642724793c799bbc48dc189ba35	2019-04-10	product_release_id=1374	en	TASTING_NOTE	c549d6f630aa51378e78b4b0592be0baa39bbb0b2f230924ade39db9e81d672c	"{""external_release_key"":""1374"",""product_id"":""1337"",""raw_field_sha256"":""c549d6f630aa51378e78b4b0592be0baa39bbb0b2f230924ade39db9e81d672c"",""retention"":""dual-reviewed-short-phrases-only""}"	false	false	false	true	false	false	NO_PERSONAL_DATA	PUBLIC_DERIVED_ONLY	true
document.firstbloom.release_138	github.firstbloom-data.a6cb0026	family.baseline.firstbloom-industry	a6cb0026d1af9642724793c799bbc48dc189ba35	2018-07-25	product_release_id=138	en	TASTING_NOTE	7ae36104e24cefb49c54177c6d5a45e36f810b29bb2a8e53905c32c3be4afae5	"{""external_release_key"":""138"",""product_id"":""167"",""raw_field_sha256"":""7ae36104e24cefb49c54177c6d5a45e36f810b29bb2a8e53905c32c3be4afae5"",""retention"":""dual-reviewed-short-phrases-only""}"	false	false	false	true	false	false	NO_PERSONAL_DATA	PUBLIC_DERIVED_ONLY	true
document.firstbloom.release_1385	github.firstbloom-data.a6cb0026	family.baseline.firstbloom-industry	a6cb0026d1af9642724793c799bbc48dc189ba35	2019-04-11	product_release_id=1385	en	TASTING_NOTE	f8b8a49e278f5196db7e21039029e26a4ded97b2c0ee18f4234c4d9eb389b80c	"{""external_release_key"":""1385"",""product_id"":""1347"",""raw_field_sha256"":""f8b8a49e278f5196db7e21039029e26a4ded97b2c0ee18f4234c4d9eb389b80c"",""retention"":""dual-reviewed-short-phrases-only""}"	false	false	false	true	false	false	NO_PERSONAL_DATA	PUBLIC_DERIVED_ONLY	true
document.firstbloom.release_1386	github.firstbloom-data.a6cb0026	family.baseline.firstbloom-industry	a6cb0026d1af9642724793c799bbc48dc189ba35	2019-04-11	product_release_id=1386	en	TASTING_NOTE	85ee6ef96395164231424497e9a88c49636da02f7f3d9e30f1e41fe8de879587	"{""external_release_key"":""1386"",""product_id"":""1348"",""raw_field_sha256"":""85ee6ef96395164231424497e9a88c49636da02f7f3d9e30f1e41fe8de879587"",""retention"":""dual-reviewed-short-phrases-only""}"	false	false	false	true	false	false	NO_PERSONAL_DATA	PUBLIC_DERIVED_ONLY	true
document.firstbloom.release_1387	github.firstbloom-data.a6cb0026	family.baseline.firstbloom-industry	a6cb0026d1af9642724793c799bbc48dc189ba35	2019-04-11	product_release_id=1387	en	TASTING_NOTE	3bda49e389d591c3c0f6824f2b5fca666096d4f6a79cb35dd92d1287d030df33	"{""external_release_key"":""1387"",""product_id"":""1349"",""raw_field_sha256"":""3bda49e389d591c3c0f6824f2b5fca666096d4f6a79cb35dd92d1287d030df33"",""retention"":""dual-reviewed-short-phrases-only""}"	false	false	false	true	false	false	NO_PERSONAL_DATA	PUBLIC_DERIVED_ONLY	true
document.firstbloom.release_139	github.firstbloom-data.a6cb0026	family.baseline.firstbloom-industry	a6cb0026d1af9642724793c799bbc48dc189ba35	2018-07-30	product_release_id=139	en	TASTING_NOTE	b25ceedb04858f202080f5857c3affedaa729b604f8717941b1b8a97a2da86fe	"{""external_release_key"":""139"",""product_id"":""168"",""raw_field_sha256"":""b25ceedb04858f202080f5857c3affedaa729b604f8717941b1b8a97a2da86fe"",""retention"":""dual-reviewed-short-phrases-only""}"	false	false	false	true	false	false	NO_PERSONAL_DATA	PUBLIC_DERIVED_ONLY	true
document.firstbloom.release_1390	github.firstbloom-data.a6cb0026	family.baseline.firstbloom-industry	a6cb0026d1af9642724793c799bbc48dc189ba35	2019-04-11	product_release_id=1390	en	TASTING_NOTE	ae5344106fb741172e5bc8878da359752811be00af18d3ba28d8e53a6b3dbcb3	"{""external_release_key"":""1390"",""product_id"":""1352"",""raw_field_sha256"":""ae5344106fb741172e5bc8878da359752811be00af18d3ba28d8e53a6b3dbcb3"",""retention"":""dual-reviewed-short-phrases-only""}"	false	false	false	true	false	false	NO_PERSONAL_DATA	PUBLIC_DERIVED_ONLY	true
document.firstbloom.release_1391	github.firstbloom-data.a6cb0026	family.baseline.firstbloom-industry	a6cb0026d1af9642724793c799bbc48dc189ba35	2019-04-11	product_release_id=1391	en	TASTING_NOTE	801b539d051149e8fd75455e2b4f070b19daaa9f4fe30344e92f0309fd07e49f	"{""external_release_key"":""1391"",""product_id"":""1353"",""raw_field_sha256"":""801b539d051149e8fd75455e2b4f070b19daaa9f4fe30344e92f0309fd07e49f"",""retention"":""dual-reviewed-short-phrases-only""}"	false	false	false	true	false	false	NO_PERSONAL_DATA	PUBLIC_DERIVED_ONLY	true
document.firstbloom.release_141	github.firstbloom-data.a6cb0026	family.baseline.firstbloom-industry	a6cb0026d1af9642724793c799bbc48dc189ba35	2018-07-30	product_release_id=141	en	TASTING_NOTE	ac5a23da8b8ce1724ef0334b2fdb0240c9ea2111014577c18f08996a23bd9ff5	"{""external_release_key"":""141"",""product_id"":""170"",""raw_field_sha256"":""ac5a23da8b8ce1724ef0334b2fdb0240c9ea2111014577c18f08996a23bd9ff5"",""retention"":""dual-reviewed-short-phrases-only""}"	false	false	false	true	false	false	NO_PERSONAL_DATA	PUBLIC_DERIVED_ONLY	true
document.firstbloom.release_1427	github.firstbloom-data.a6cb0026	family.baseline.firstbloom-industry	a6cb0026d1af9642724793c799bbc48dc189ba35	2019-04-12	product_release_id=1427	en	TASTING_NOTE	94c69d6bc56986981a589bfe93b7cdbfc9dfa62cae029ec6ca48698862cfcd2f	"{""external_release_key"":""1427"",""product_id"":""1389"",""raw_field_sha256"":""94c69d6bc56986981a589bfe93b7cdbfc9dfa62cae029ec6ca48698862cfcd2f"",""retention"":""dual-reviewed-short-phrases-only""}"	false	false	false	true	false	false	NO_PERSONAL_DATA	PUBLIC_DERIVED_ONLY	true
document.firstbloom.release_1431	github.firstbloom-data.a6cb0026	family.baseline.firstbloom-industry	a6cb0026d1af9642724793c799bbc48dc189ba35	2019-04-12	product_release_id=1431	en	TASTING_NOTE	8843a9c0a69bc5c327069f803ac34521c678ea281cc6b13fbfd48820be02a2f4	"{""external_release_key"":""1431"",""product_id"":""1393"",""raw_field_sha256"":""8843a9c0a69bc5c327069f803ac34521c678ea281cc6b13fbfd48820be02a2f4"",""retention"":""dual-reviewed-short-phrases-only""}"	false	false	false	true	false	false	NO_PERSONAL_DATA	PUBLIC_DERIVED_ONLY	true
document.firstbloom.release_1437	github.firstbloom-data.a6cb0026	family.baseline.firstbloom-industry	a6cb0026d1af9642724793c799bbc48dc189ba35	2019-04-12	product_release_id=1437	en	TASTING_NOTE	c83cce6af13bc416c5e655c2f88f981ec65db174cce13e1f60575ee6f6e48d9e	"{""external_release_key"":""1437"",""product_id"":""1399"",""raw_field_sha256"":""c83cce6af13bc416c5e655c2f88f981ec65db174cce13e1f60575ee6f6e48d9e"",""retention"":""dual-reviewed-short-phrases-only""}"	false	false	false	true	false	false	NO_PERSONAL_DATA	PUBLIC_DERIVED_ONLY	true
document.firstbloom.release_1440	github.firstbloom-data.a6cb0026	family.baseline.firstbloom-industry	a6cb0026d1af9642724793c799bbc48dc189ba35	2019-04-12	product_release_id=1440	en	TASTING_NOTE	8bd6b84f151922c7de3e7a5baaf540ae11e75bdc073c76b02b4d8502bdfbc30f	"{""external_release_key"":""1440"",""product_id"":""1402"",""raw_field_sha256"":""8bd6b84f151922c7de3e7a5baaf540ae11e75bdc073c76b02b4d8502bdfbc30f"",""retention"":""dual-reviewed-short-phrases-only""}"	false	false	false	true	false	false	NO_PERSONAL_DATA	PUBLIC_DERIVED_ONLY	true
document.firstbloom.release_1447	github.firstbloom-data.a6cb0026	family.baseline.firstbloom-industry	a6cb0026d1af9642724793c799bbc48dc189ba35	2019-04-12	product_release_id=1447	en	TASTING_NOTE	2e92f4b135de073916d4e57dedb8040a391a52d162e41df798d85c2dd1beb3ab	"{""external_release_key"":""1447"",""product_id"":""1409"",""raw_field_sha256"":""2e92f4b135de073916d4e57dedb8040a391a52d162e41df798d85c2dd1beb3ab"",""retention"":""dual-reviewed-short-phrases-only""}"	false	false	false	true	false	false	NO_PERSONAL_DATA	PUBLIC_DERIVED_ONLY	true
document.firstbloom.release_1449	github.firstbloom-data.a6cb0026	family.baseline.firstbloom-industry	a6cb0026d1af9642724793c799bbc48dc189ba35	2019-04-13	product_release_id=1449	en	TASTING_NOTE	7f9c40cecc046aba457385a89f9e105b6343842d811e61bfb63c41a2f63f69a1	"{""external_release_key"":""1449"",""product_id"":""1411"",""raw_field_sha256"":""7f9c40cecc046aba457385a89f9e105b6343842d811e61bfb63c41a2f63f69a1"",""retention"":""dual-reviewed-short-phrases-only""}"	false	false	false	true	false	false	NO_PERSONAL_DATA	PUBLIC_DERIVED_ONLY	true
document.firstbloom.release_145	github.firstbloom-data.a6cb0026	family.baseline.firstbloom-industry	a6cb0026d1af9642724793c799bbc48dc189ba35	2018-08-06	product_release_id=145	en	TASTING_NOTE	640c2f33aae608a9d3b15731890b80d8e47b08c347e168c225e442aeddb81b36	"{""external_release_key"":""145"",""product_id"":""174"",""raw_field_sha256"":""640c2f33aae608a9d3b15731890b80d8e47b08c347e168c225e442aeddb81b36"",""retention"":""dual-reviewed-short-phrases-only""}"	false	false	false	true	false	false	NO_PERSONAL_DATA	PUBLIC_DERIVED_ONLY	true
document.firstbloom.release_1458	github.firstbloom-data.a6cb0026	family.baseline.firstbloom-industry	a6cb0026d1af9642724793c799bbc48dc189ba35	2019-04-13	product_release_id=1458	en	TASTING_NOTE	ec5b5610058dfcdcf833f055eb92f43baf92c9a8c4d12cb570b45ba52369e4f6	"{""external_release_key"":""1458"",""product_id"":""1420"",""raw_field_sha256"":""ec5b5610058dfcdcf833f055eb92f43baf92c9a8c4d12cb570b45ba52369e4f6"",""retention"":""dual-reviewed-short-phrases-only""}"	false	false	false	true	false	false	NO_PERSONAL_DATA	PUBLIC_DERIVED_ONLY	true
document.firstbloom.release_1472	github.firstbloom-data.a6cb0026	family.baseline.firstbloom-industry	a6cb0026d1af9642724793c799bbc48dc189ba35	2019-04-13	product_release_id=1472	en	TASTING_NOTE	69aa1078d1a4d38c162718a4b6b0c2b0286dae91e1af4493bbb22c2e9879601e	"{""external_release_key"":""1472"",""product_id"":""1434"",""raw_field_sha256"":""69aa1078d1a4d38c162718a4b6b0c2b0286dae91e1af4493bbb22c2e9879601e"",""retention"":""dual-reviewed-short-phrases-only""}"	false	false	false	true	false	false	NO_PERSONAL_DATA	PUBLIC_DERIVED_ONLY	true
document.firstbloom.release_1477	github.firstbloom-data.a6cb0026	family.baseline.firstbloom-industry	a6cb0026d1af9642724793c799bbc48dc189ba35	2019-04-13	product_release_id=1477	en	TASTING_NOTE	4d70a20505b841675cf6d1b46b0093b7c754db317e6f05c03227826d1d338441	"{""external_release_key"":""1477"",""product_id"":""1439"",""raw_field_sha256"":""4d70a20505b841675cf6d1b46b0093b7c754db317e6f05c03227826d1d338441"",""retention"":""dual-reviewed-short-phrases-only""}"	false	false	false	true	false	false	NO_PERSONAL_DATA	PUBLIC_DERIVED_ONLY	true
document.firstbloom.release_1479	github.firstbloom-data.a6cb0026	family.baseline.firstbloom-industry	a6cb0026d1af9642724793c799bbc48dc189ba35	2019-04-13	product_release_id=1479	en	TASTING_NOTE	fd7d3b41553bee5b5116315f5b44af296445c9e4ffc7bbf89bb8f624c4c0ae78	"{""external_release_key"":""1479"",""product_id"":""1441"",""raw_field_sha256"":""fd7d3b41553bee5b5116315f5b44af296445c9e4ffc7bbf89bb8f624c4c0ae78"",""retention"":""dual-reviewed-short-phrases-only""}"	false	false	false	true	false	false	NO_PERSONAL_DATA	PUBLIC_DERIVED_ONLY	true
document.firstbloom.release_1494	github.firstbloom-data.a6cb0026	family.baseline.firstbloom-industry	a6cb0026d1af9642724793c799bbc48dc189ba35	2019-04-17	product_release_id=1494	en	TASTING_NOTE	7ee100ac51ada5e808cce9a67fcc37135fbba46c3c6964cfab63529e3d28a702	"{""external_release_key"":""1494"",""product_id"":""1454"",""raw_field_sha256"":""7ee100ac51ada5e808cce9a67fcc37135fbba46c3c6964cfab63529e3d28a702"",""retention"":""dual-reviewed-short-phrases-only""}"	false	false	false	true	false	false	NO_PERSONAL_DATA	PUBLIC_DERIVED_ONLY	true
document.firstbloom.release_1495	github.firstbloom-data.a6cb0026	family.baseline.firstbloom-industry	a6cb0026d1af9642724793c799bbc48dc189ba35	2019-04-17	product_release_id=1495	en	TASTING_NOTE	d1a913cee727fef6615e07c40c2d82cf5e81d5d88c990ede460d4b09dbb3616a	"{""external_release_key"":""1495"",""product_id"":""1455"",""raw_field_sha256"":""d1a913cee727fef6615e07c40c2d82cf5e81d5d88c990ede460d4b09dbb3616a"",""retention"":""dual-reviewed-short-phrases-only""}"	false	false	false	true	false	false	NO_PERSONAL_DATA	PUBLIC_DERIVED_ONLY	true
document.firstbloom.release_1496	github.firstbloom-data.a6cb0026	family.baseline.firstbloom-industry	a6cb0026d1af9642724793c799bbc48dc189ba35	2019-04-17	product_release_id=1496	en	TASTING_NOTE	3ebedbdfd60951c43d043cbdd6299f0c73304895b533d1c0e76aa9ff4d729a1e	"{""external_release_key"":""1496"",""product_id"":""1456"",""raw_field_sha256"":""3ebedbdfd60951c43d043cbdd6299f0c73304895b533d1c0e76aa9ff4d729a1e"",""retention"":""dual-reviewed-short-phrases-only""}"	false	false	false	true	false	false	NO_PERSONAL_DATA	PUBLIC_DERIVED_ONLY	true
document.firstbloom.release_1499	github.firstbloom-data.a6cb0026	family.baseline.firstbloom-industry	a6cb0026d1af9642724793c799bbc48dc189ba35	2019-04-18	product_release_id=1499	en	TASTING_NOTE	5bb7ae0ad7f90b4ff42025c3bdf669f76abbe62ce96fc1d75a87dab120cba624	"{""external_release_key"":""1499"",""product_id"":""16"",""raw_field_sha256"":""5bb7ae0ad7f90b4ff42025c3bdf669f76abbe62ce96fc1d75a87dab120cba624"",""retention"":""dual-reviewed-short-phrases-only""}"	false	false	false	true	false	false	NO_PERSONAL_DATA	PUBLIC_DERIVED_ONLY	true
document.firstbloom.release_1507	github.firstbloom-data.a6cb0026	family.baseline.firstbloom-industry	a6cb0026d1af9642724793c799bbc48dc189ba35	2019-04-19	product_release_id=1507	en	TASTING_NOTE	9f9403d9f1e56de1daa72f6b1f5c8a0b51e3f3b5f5d48b13cb0ed1d037d494ba	"{""external_release_key"":""1507"",""product_id"":""1467"",""raw_field_sha256"":""9f9403d9f1e56de1daa72f6b1f5c8a0b51e3f3b5f5d48b13cb0ed1d037d494ba"",""retention"":""dual-reviewed-short-phrases-only""}"	false	false	false	true	false	false	NO_PERSONAL_DATA	PUBLIC_DERIVED_ONLY	true
document.firstbloom.release_1508	github.firstbloom-data.a6cb0026	family.baseline.firstbloom-industry	a6cb0026d1af9642724793c799bbc48dc189ba35	2019-04-20	product_release_id=1508	en	TASTING_NOTE	234085cb17313e1d27f2c695845c24dd827a99bc489b44357d8f8cf8d82a74f9	"{""external_release_key"":""1508"",""product_id"":""1468"",""raw_field_sha256"":""234085cb17313e1d27f2c695845c24dd827a99bc489b44357d8f8cf8d82a74f9"",""retention"":""dual-reviewed-short-phrases-only""}"	false	false	false	true	false	false	NO_PERSONAL_DATA	PUBLIC_DERIVED_ONLY	true
document.firstbloom.release_1509	github.firstbloom-data.a6cb0026	family.baseline.firstbloom-industry	a6cb0026d1af9642724793c799bbc48dc189ba35	2019-04-20	product_release_id=1509	en	TASTING_NOTE	b809983e0a10ceb03106f1027916c9a922e1d292db341a4f5c04a6c764a41e5c	"{""external_release_key"":""1509"",""product_id"":""1469"",""raw_field_sha256"":""b809983e0a10ceb03106f1027916c9a922e1d292db341a4f5c04a6c764a41e5c"",""retention"":""dual-reviewed-short-phrases-only""}"	false	false	false	true	false	false	NO_PERSONAL_DATA	PUBLIC_DERIVED_ONLY	true
document.firstbloom.release_1510	github.firstbloom-data.a6cb0026	family.baseline.firstbloom-industry	a6cb0026d1af9642724793c799bbc48dc189ba35	2019-04-20	product_release_id=1510	en	TASTING_NOTE	069730dbd27a5c7b227c1067208d2d480047577a32f36ffa8c30ead1bc693304	"{""external_release_key"":""1510"",""product_id"":""1470"",""raw_field_sha256"":""069730dbd27a5c7b227c1067208d2d480047577a32f36ffa8c30ead1bc693304"",""retention"":""dual-reviewed-short-phrases-only""}"	false	false	false	true	false	false	NO_PERSONAL_DATA	PUBLIC_DERIVED_ONLY	true
document.firstbloom.release_1523	github.firstbloom-data.a6cb0026	family.baseline.firstbloom-industry	a6cb0026d1af9642724793c799bbc48dc189ba35	2019-04-21	product_release_id=1523	en	TASTING_NOTE	8af653ef97d7c4f5aaa9d473ae0d5d3368a0dfa6c37b34a0b07afdce878bbcbf	"{""external_release_key"":""1523"",""product_id"":""1481"",""raw_field_sha256"":""8af653ef97d7c4f5aaa9d473ae0d5d3368a0dfa6c37b34a0b07afdce878bbcbf"",""retention"":""dual-reviewed-short-phrases-only""}"	false	false	false	true	false	false	NO_PERSONAL_DATA	PUBLIC_DERIVED_ONLY	true
document.firstbloom.release_1525	github.firstbloom-data.a6cb0026	family.baseline.firstbloom-industry	a6cb0026d1af9642724793c799bbc48dc189ba35	2019-04-21	product_release_id=1525	en	TASTING_NOTE	b9a58bbdb6626f9f8dd24a10350851da0ae9c02fbe9f078d92d63a86841828c7	"{""external_release_key"":""1525"",""product_id"":""1483"",""raw_field_sha256"":""b9a58bbdb6626f9f8dd24a10350851da0ae9c02fbe9f078d92d63a86841828c7"",""retention"":""dual-reviewed-short-phrases-only""}"	false	false	false	true	false	false	NO_PERSONAL_DATA	PUBLIC_DERIVED_ONLY	true
document.firstbloom.release_1529	github.firstbloom-data.a6cb0026	family.baseline.firstbloom-industry	a6cb0026d1af9642724793c799bbc48dc189ba35	2019-04-21	product_release_id=1529	en	TASTING_NOTE	b8bab717fe23731d7a79dc68fad8ac96191327ac347c709a09a7c7c5f3e8571a	"{""external_release_key"":""1529"",""product_id"":""1487"",""raw_field_sha256"":""b8bab717fe23731d7a79dc68fad8ac96191327ac347c709a09a7c7c5f3e8571a"",""retention"":""dual-reviewed-short-phrases-only""}"	false	false	false	true	false	false	NO_PERSONAL_DATA	PUBLIC_DERIVED_ONLY	true
document.firstbloom.release_1543	github.firstbloom-data.a6cb0026	family.baseline.firstbloom-industry	a6cb0026d1af9642724793c799bbc48dc189ba35	2019-04-28	product_release_id=1543	en	TASTING_NOTE	ce7490fb7da6a8134237c70a1508f91a9564884f671306524134c94d2f69b18a	"{""external_release_key"":""1543"",""product_id"":""1500"",""raw_field_sha256"":""ce7490fb7da6a8134237c70a1508f91a9564884f671306524134c94d2f69b18a"",""retention"":""dual-reviewed-short-phrases-only""}"	false	false	false	true	false	false	NO_PERSONAL_DATA	PUBLIC_DERIVED_ONLY	true
document.firstbloom.release_1549	github.firstbloom-data.a6cb0026	family.baseline.firstbloom-industry	a6cb0026d1af9642724793c799bbc48dc189ba35	2019-04-28	product_release_id=1549	en	TASTING_NOTE	0418a3249802749f69695a5928214d11f70c51c73c20c0ec047ecb3b42a5d80e	"{""external_release_key"":""1549"",""product_id"":""1506"",""raw_field_sha256"":""0418a3249802749f69695a5928214d11f70c51c73c20c0ec047ecb3b42a5d80e"",""retention"":""dual-reviewed-short-phrases-only""}"	false	false	false	true	false	false	NO_PERSONAL_DATA	PUBLIC_DERIVED_ONLY	true
document.firstbloom.release_1551	github.firstbloom-data.a6cb0026	family.baseline.firstbloom-industry	a6cb0026d1af9642724793c799bbc48dc189ba35	2019-04-29	product_release_id=1551	en	TASTING_NOTE	343362e93feb477c96174b80e70a5dbc98ee33deb7c7943152f7c75930f164a6	"{""external_release_key"":""1551"",""product_id"":""1508"",""raw_field_sha256"":""343362e93feb477c96174b80e70a5dbc98ee33deb7c7943152f7c75930f164a6"",""retention"":""dual-reviewed-short-phrases-only""}"	false	false	false	true	false	false	NO_PERSONAL_DATA	PUBLIC_DERIVED_ONLY	true
document.firstbloom.release_1554	github.firstbloom-data.a6cb0026	family.baseline.firstbloom-industry	a6cb0026d1af9642724793c799bbc48dc189ba35	2019-05-03	product_release_id=1554	en	TASTING_NOTE	739779a13a565c0327ec5134d54d400d4ea9a2c7dae49a11ce1319ffefe44332	"{""external_release_key"":""1554"",""product_id"":""1511"",""raw_field_sha256"":""739779a13a565c0327ec5134d54d400d4ea9a2c7dae49a11ce1319ffefe44332"",""retention"":""dual-reviewed-short-phrases-only""}"	false	false	false	true	false	false	NO_PERSONAL_DATA	PUBLIC_DERIVED_ONLY	true
document.firstbloom.release_1555	github.firstbloom-data.a6cb0026	family.baseline.firstbloom-industry	a6cb0026d1af9642724793c799bbc48dc189ba35	2019-05-03	product_release_id=1555	en	TASTING_NOTE	6cb4108e6edb60772fa0fd3383117037a587162f1feb14ab358abcb2a55ce979	"{""external_release_key"":""1555"",""product_id"":""1512"",""raw_field_sha256"":""6cb4108e6edb60772fa0fd3383117037a587162f1feb14ab358abcb2a55ce979"",""retention"":""dual-reviewed-short-phrases-only""}"	false	false	false	true	false	false	NO_PERSONAL_DATA	PUBLIC_DERIVED_ONLY	true
document.firstbloom.release_1556	github.firstbloom-data.a6cb0026	family.baseline.firstbloom-industry	a6cb0026d1af9642724793c799bbc48dc189ba35	2019-05-03	product_release_id=1556	en	TASTING_NOTE	e2ece7da0adf99af390613d99890dd6782213b99e1b27726c579b2927b2fc997	"{""external_release_key"":""1556"",""product_id"":""1513"",""raw_field_sha256"":""e2ece7da0adf99af390613d99890dd6782213b99e1b27726c579b2927b2fc997"",""retention"":""dual-reviewed-short-phrases-only""}"	false	false	false	true	false	false	NO_PERSONAL_DATA	PUBLIC_DERIVED_ONLY	true
document.firstbloom.release_1558	github.firstbloom-data.a6cb0026	family.baseline.firstbloom-industry	a6cb0026d1af9642724793c799bbc48dc189ba35	2019-05-03	product_release_id=1558	en	TASTING_NOTE	6f07891575bebeaa15006dab544d5ecd57567aadc46060fca23e8fc39689981a	"{""external_release_key"":""1558"",""product_id"":""1515"",""raw_field_sha256"":""6f07891575bebeaa15006dab544d5ecd57567aadc46060fca23e8fc39689981a"",""retention"":""dual-reviewed-short-phrases-only""}"	false	false	false	true	false	false	NO_PERSONAL_DATA	PUBLIC_DERIVED_ONLY	true
document.firstbloom.release_1559	github.firstbloom-data.a6cb0026	family.baseline.firstbloom-industry	a6cb0026d1af9642724793c799bbc48dc189ba35	2019-05-03	product_release_id=1559	en	TASTING_NOTE	b56aba42f1a70143c11a6b286c599b3452f92c8463295b2e8995c5d16259e90b	"{""external_release_key"":""1559"",""product_id"":""1516"",""raw_field_sha256"":""b56aba42f1a70143c11a6b286c599b3452f92c8463295b2e8995c5d16259e90b"",""retention"":""dual-reviewed-short-phrases-only""}"	false	false	false	true	false	false	NO_PERSONAL_DATA	PUBLIC_DERIVED_ONLY	true
document.firstbloom.release_156	github.firstbloom-data.a6cb0026	family.baseline.firstbloom-industry	a6cb0026d1af9642724793c799bbc48dc189ba35	2018-08-09	product_release_id=156	en	TASTING_NOTE	3b8745a5d8669765f05536d56c467821ce6896433b8adce9e1a2489c3a61b153	"{""external_release_key"":""156"",""product_id"":""185"",""raw_field_sha256"":""3b8745a5d8669765f05536d56c467821ce6896433b8adce9e1a2489c3a61b153"",""retention"":""dual-reviewed-short-phrases-only""}"	false	false	false	true	false	false	NO_PERSONAL_DATA	PUBLIC_DERIVED_ONLY	true
document.firstbloom.release_1560	github.firstbloom-data.a6cb0026	family.baseline.firstbloom-industry	a6cb0026d1af9642724793c799bbc48dc189ba35	2019-05-03	product_release_id=1560	en	TASTING_NOTE	e0d6f0dbba195f2816bfaaff5fc0be26baca58e8cc215373fbba93d8fbc0293f	"{""external_release_key"":""1560"",""product_id"":""1517"",""raw_field_sha256"":""e0d6f0dbba195f2816bfaaff5fc0be26baca58e8cc215373fbba93d8fbc0293f"",""retention"":""dual-reviewed-short-phrases-only""}"	false	false	false	true	false	false	NO_PERSONAL_DATA	PUBLIC_DERIVED_ONLY	true
document.firstbloom.release_1561	github.firstbloom-data.a6cb0026	family.baseline.firstbloom-industry	a6cb0026d1af9642724793c799bbc48dc189ba35	2019-05-03	product_release_id=1561	en	TASTING_NOTE	ea89b5dc3fcbb7d0f64ca88275670c34d3d80128c0a9825b073b30c9d020b770	"{""external_release_key"":""1561"",""product_id"":""1518"",""raw_field_sha256"":""ea89b5dc3fcbb7d0f64ca88275670c34d3d80128c0a9825b073b30c9d020b770"",""retention"":""dual-reviewed-short-phrases-only""}"	false	false	false	true	false	false	NO_PERSONAL_DATA	PUBLIC_DERIVED_ONLY	true
document.firstbloom.release_1564	github.firstbloom-data.a6cb0026	family.baseline.firstbloom-industry	a6cb0026d1af9642724793c799bbc48dc189ba35	2019-05-06	product_release_id=1564	en	TASTING_NOTE	b67ffe1d27e961bbecb88636f8a9c3dfe8cf345c79145dcfe4db450698092ea0	"{""external_release_key"":""1564"",""product_id"":""436"",""raw_field_sha256"":""b67ffe1d27e961bbecb88636f8a9c3dfe8cf345c79145dcfe4db450698092ea0"",""retention"":""dual-reviewed-short-phrases-only""}"	false	false	false	true	false	false	NO_PERSONAL_DATA	PUBLIC_DERIVED_ONLY	true
document.firstbloom.release_1566	github.firstbloom-data.a6cb0026	family.baseline.firstbloom-industry	a6cb0026d1af9642724793c799bbc48dc189ba35	2019-05-08	product_release_id=1566	en	TASTING_NOTE	6d29ad8df023cc477eccd7d78711dd5e0229b767e4a417d7d3e66219d0d7df8a	"{""external_release_key"":""1566"",""product_id"":""1522"",""raw_field_sha256"":""6d29ad8df023cc477eccd7d78711dd5e0229b767e4a417d7d3e66219d0d7df8a"",""retention"":""dual-reviewed-short-phrases-only""}"	false	false	false	true	false	false	NO_PERSONAL_DATA	PUBLIC_DERIVED_ONLY	true
document.firstbloom.release_1567	github.firstbloom-data.a6cb0026	family.baseline.firstbloom-industry	a6cb0026d1af9642724793c799bbc48dc189ba35	2019-05-08	product_release_id=1567	en	TASTING_NOTE	829f16c9ea0cefc31da7921c09ef92067f92b68bc45ef2b5264420fe6b977467	"{""external_release_key"":""1567"",""product_id"":""1523"",""raw_field_sha256"":""829f16c9ea0cefc31da7921c09ef92067f92b68bc45ef2b5264420fe6b977467"",""retention"":""dual-reviewed-short-phrases-only""}"	false	false	false	true	false	false	NO_PERSONAL_DATA	PUBLIC_DERIVED_ONLY	true
document.firstbloom.release_157	github.firstbloom-data.a6cb0026	family.baseline.firstbloom-industry	a6cb0026d1af9642724793c799bbc48dc189ba35	2018-08-09	product_release_id=157	en	TASTING_NOTE	e2625c4c1cd5a582f4e03c9c427928942e133a4a587950825c9187014e69d2bc	"{""external_release_key"":""157"",""product_id"":""186"",""raw_field_sha256"":""e2625c4c1cd5a582f4e03c9c427928942e133a4a587950825c9187014e69d2bc"",""retention"":""dual-reviewed-short-phrases-only""}"	false	false	false	true	false	false	NO_PERSONAL_DATA	PUBLIC_DERIVED_ONLY	true
document.firstbloom.release_1572	github.firstbloom-data.a6cb0026	family.baseline.firstbloom-industry	a6cb0026d1af9642724793c799bbc48dc189ba35	2019-05-10	product_release_id=1572	en	TASTING_NOTE	bf26cb69c00982c822a94ff423f246643971f89a26583f7ad1556a065b701f04	"{""external_release_key"":""1572"",""product_id"":""1528"",""raw_field_sha256"":""bf26cb69c00982c822a94ff423f246643971f89a26583f7ad1556a065b701f04"",""retention"":""dual-reviewed-short-phrases-only""}"	false	false	false	true	false	false	NO_PERSONAL_DATA	PUBLIC_DERIVED_ONLY	true
document.firstbloom.release_1573	github.firstbloom-data.a6cb0026	family.baseline.firstbloom-industry	a6cb0026d1af9642724793c799bbc48dc189ba35	2019-05-10	product_release_id=1573	en	TASTING_NOTE	9e0cb4b1177786203cd7da617d44dec961bfe515f2ef3c02f7620d5caa968dfe	"{""external_release_key"":""1573"",""product_id"":""1529"",""raw_field_sha256"":""9e0cb4b1177786203cd7da617d44dec961bfe515f2ef3c02f7620d5caa968dfe"",""retention"":""dual-reviewed-short-phrases-only""}"	false	false	false	true	false	false	NO_PERSONAL_DATA	PUBLIC_DERIVED_ONLY	true
document.firstbloom.release_1576	github.firstbloom-data.a6cb0026	family.baseline.firstbloom-industry	a6cb0026d1af9642724793c799bbc48dc189ba35	2019-05-11	product_release_id=1576	en	TASTING_NOTE	b0301f850a637938a9fc9c553afebc83497e991cc6d67c2fbd4f215f4f3861a6	"{""external_release_key"":""1576"",""product_id"":""113"",""raw_field_sha256"":""b0301f850a637938a9fc9c553afebc83497e991cc6d67c2fbd4f215f4f3861a6"",""retention"":""dual-reviewed-short-phrases-only""}"	false	false	false	true	false	false	NO_PERSONAL_DATA	PUBLIC_DERIVED_ONLY	true
document.firstbloom.release_1592	github.firstbloom-data.a6cb0026	family.baseline.firstbloom-industry	a6cb0026d1af9642724793c799bbc48dc189ba35	2019-05-15	product_release_id=1592	en	TASTING_NOTE	3f246acd6ff5359a2908cf2573e56784e6be76b2dda94de0236a71d2d36081e1	"{""external_release_key"":""1592"",""product_id"":""1542"",""raw_field_sha256"":""3f246acd6ff5359a2908cf2573e56784e6be76b2dda94de0236a71d2d36081e1"",""retention"":""dual-reviewed-short-phrases-only""}"	false	false	false	true	false	false	NO_PERSONAL_DATA	PUBLIC_DERIVED_ONLY	true
document.firstbloom.release_1594	github.firstbloom-data.a6cb0026	family.baseline.firstbloom-industry	a6cb0026d1af9642724793c799bbc48dc189ba35	2019-05-15	product_release_id=1594	en	TASTING_NOTE	e472668a7787f18fc638aa83dc4eada5d7f2eb9ef32dfcf635a34712dd02ec1c	"{""external_release_key"":""1594"",""product_id"":""1544"",""raw_field_sha256"":""e472668a7787f18fc638aa83dc4eada5d7f2eb9ef32dfcf635a34712dd02ec1c"",""retention"":""dual-reviewed-short-phrases-only""}"	false	false	false	true	false	false	NO_PERSONAL_DATA	PUBLIC_DERIVED_ONLY	true
document.firstbloom.release_16	github.firstbloom-data.a6cb0026	family.baseline.firstbloom-industry	a6cb0026d1af9642724793c799bbc48dc189ba35	2017-12-29	product_release_id=16	en	TASTING_NOTE	a4916a9dd370fcc1cb47461b6b782db1847daf07d1b8a79da981098a3d17c68b	"{""external_release_key"":""16"",""product_id"":""27"",""raw_field_sha256"":""a4916a9dd370fcc1cb47461b6b782db1847daf07d1b8a79da981098a3d17c68b"",""retention"":""dual-reviewed-short-phrases-only""}"	false	false	false	true	false	false	NO_PERSONAL_DATA	PUBLIC_DERIVED_ONLY	true
document.firstbloom.release_1608	github.firstbloom-data.a6cb0026	family.baseline.firstbloom-industry	a6cb0026d1af9642724793c799bbc48dc189ba35	2019-05-17	product_release_id=1608	en	TASTING_NOTE	c1a355fd02917b5e639bac61a7337a3d78dfd877dc035de00494e97ea0c47e3b	"{""external_release_key"":""1608"",""product_id"":""1557"",""raw_field_sha256"":""c1a355fd02917b5e639bac61a7337a3d78dfd877dc035de00494e97ea0c47e3b"",""retention"":""dual-reviewed-short-phrases-only""}"	false	false	false	true	false	false	NO_PERSONAL_DATA	PUBLIC_DERIVED_ONLY	true
document.firstbloom.release_1610	github.firstbloom-data.a6cb0026	family.baseline.firstbloom-industry	a6cb0026d1af9642724793c799bbc48dc189ba35	2019-05-17	product_release_id=1610	en	TASTING_NOTE	0b901d64ea4393da2195ca45c7700deabf722affaf917ec42845195a72cefa22	"{""external_release_key"":""1610"",""product_id"":""1559"",""raw_field_sha256"":""0b901d64ea4393da2195ca45c7700deabf722affaf917ec42845195a72cefa22"",""retention"":""dual-reviewed-short-phrases-only""}"	false	false	false	true	false	false	NO_PERSONAL_DATA	PUBLIC_DERIVED_ONLY	true
document.firstbloom.release_1612	github.firstbloom-data.a6cb0026	family.baseline.firstbloom-industry	a6cb0026d1af9642724793c799bbc48dc189ba35	2019-05-17	product_release_id=1612	en	TASTING_NOTE	18784ed44051d0d72ed47d084f581e49297864f84eb8f67fa1a68c5d45cd9098	"{""external_release_key"":""1612"",""product_id"":""1561"",""raw_field_sha256"":""18784ed44051d0d72ed47d084f581e49297864f84eb8f67fa1a68c5d45cd9098"",""retention"":""dual-reviewed-short-phrases-only""}"	false	false	false	true	false	false	NO_PERSONAL_DATA	PUBLIC_DERIVED_ONLY	true
document.firstbloom.release_162	github.firstbloom-data.a6cb0026	family.baseline.firstbloom-industry	a6cb0026d1af9642724793c799bbc48dc189ba35	2018-08-13	product_release_id=162	en	TASTING_NOTE	a475b7ac604be44b82254dff104881d3eb3cd46a71b951648463318a84860f26	"{""external_release_key"":""162"",""product_id"":""189"",""raw_field_sha256"":""a475b7ac604be44b82254dff104881d3eb3cd46a71b951648463318a84860f26"",""retention"":""dual-reviewed-short-phrases-only""}"	false	false	false	true	false	false	NO_PERSONAL_DATA	PUBLIC_DERIVED_ONLY	true
document.firstbloom.release_1629	github.firstbloom-data.a6cb0026	family.baseline.firstbloom-industry	a6cb0026d1af9642724793c799bbc48dc189ba35	2019-05-22	product_release_id=1629	en	TASTING_NOTE	b629d8de6bf7cde757877f744b5639f2d73aa4f0210fbe96c2ce50981d3e2aff	"{""external_release_key"":""1629"",""product_id"":""1578"",""raw_field_sha256"":""b629d8de6bf7cde757877f744b5639f2d73aa4f0210fbe96c2ce50981d3e2aff"",""retention"":""dual-reviewed-short-phrases-only""}"	false	false	false	true	false	false	NO_PERSONAL_DATA	PUBLIC_DERIVED_ONLY	true
document.firstbloom.release_1639	github.firstbloom-data.a6cb0026	family.baseline.firstbloom-industry	a6cb0026d1af9642724793c799bbc48dc189ba35	2019-05-28	product_release_id=1639	en	TASTING_NOTE	ee69922c3c1de18289a438f6ab738aea43236a73d49fd1ccbcd6e0f0e56f3c14	"{""external_release_key"":""1639"",""product_id"":""1588"",""raw_field_sha256"":""ee69922c3c1de18289a438f6ab738aea43236a73d49fd1ccbcd6e0f0e56f3c14"",""retention"":""dual-reviewed-short-phrases-only""}"	false	false	false	true	false	false	NO_PERSONAL_DATA	PUBLIC_DERIVED_ONLY	true
document.firstbloom.release_1640	github.firstbloom-data.a6cb0026	family.baseline.firstbloom-industry	a6cb0026d1af9642724793c799bbc48dc189ba35	2019-05-28	product_release_id=1640	en	TASTING_NOTE	b4018bfe3c2cf3b5d7fc6ce1e6a05d6f051ab1e7ae54870515a15e260c986c60	"{""external_release_key"":""1640"",""product_id"":""1589"",""raw_field_sha256"":""b4018bfe3c2cf3b5d7fc6ce1e6a05d6f051ab1e7ae54870515a15e260c986c60"",""retention"":""dual-reviewed-short-phrases-only""}"	false	false	false	true	false	false	NO_PERSONAL_DATA	PUBLIC_DERIVED_ONLY	true
document.firstbloom.release_1641	github.firstbloom-data.a6cb0026	family.baseline.firstbloom-industry	a6cb0026d1af9642724793c799bbc48dc189ba35	2019-05-28	product_release_id=1641	en	TASTING_NOTE	671517dafabf92886f25c99001b132880ffbf18161fe3a22aaf96d54f89cd019	"{""external_release_key"":""1641"",""product_id"":""1590"",""raw_field_sha256"":""671517dafabf92886f25c99001b132880ffbf18161fe3a22aaf96d54f89cd019"",""retention"":""dual-reviewed-short-phrases-only""}"	false	false	false	true	false	false	NO_PERSONAL_DATA	PUBLIC_DERIVED_ONLY	true
document.firstbloom.release_1642	github.firstbloom-data.a6cb0026	family.baseline.firstbloom-industry	a6cb0026d1af9642724793c799bbc48dc189ba35	2019-05-28	product_release_id=1642	en	TASTING_NOTE	4cf8416fdfeb63a6c5b96d1bb484e0a84535a515a1f2fda8cdf76feaf3f74eff	"{""external_release_key"":""1642"",""product_id"":""1591"",""raw_field_sha256"":""4cf8416fdfeb63a6c5b96d1bb484e0a84535a515a1f2fda8cdf76feaf3f74eff"",""retention"":""dual-reviewed-short-phrases-only""}"	false	false	false	true	false	false	NO_PERSONAL_DATA	PUBLIC_DERIVED_ONLY	true
document.firstbloom.release_1643	github.firstbloom-data.a6cb0026	family.baseline.firstbloom-industry	a6cb0026d1af9642724793c799bbc48dc189ba35	2019-05-28	product_release_id=1643	en	TASTING_NOTE	4cf8416fdfeb63a6c5b96d1bb484e0a84535a515a1f2fda8cdf76feaf3f74eff	"{""external_release_key"":""1643"",""product_id"":""1592"",""raw_field_sha256"":""4cf8416fdfeb63a6c5b96d1bb484e0a84535a515a1f2fda8cdf76feaf3f74eff"",""retention"":""dual-reviewed-short-phrases-only""}"	false	false	false	true	false	false	NO_PERSONAL_DATA	PUBLIC_DERIVED_ONLY	true
document.firstbloom.release_1644	github.firstbloom-data.a6cb0026	family.baseline.firstbloom-industry	a6cb0026d1af9642724793c799bbc48dc189ba35	2019-05-28	product_release_id=1644	en	TASTING_NOTE	407723f9dc64bab57ff58b8ffcded4ffbae18cf27a5dd9fd430116298b770044	"{""external_release_key"":""1644"",""product_id"":""1593"",""raw_field_sha256"":""407723f9dc64bab57ff58b8ffcded4ffbae18cf27a5dd9fd430116298b770044"",""retention"":""dual-reviewed-short-phrases-only""}"	false	false	false	true	false	false	NO_PERSONAL_DATA	PUBLIC_DERIVED_ONLY	true
document.firstbloom.release_1651	github.firstbloom-data.a6cb0026	family.baseline.firstbloom-industry	a6cb0026d1af9642724793c799bbc48dc189ba35	2019-05-29	product_release_id=1651	en	TASTING_NOTE	8405a3a0346c83d0c1e52bd350b2a6ec2a9d4ba7af5070fa23103fa4314f66de	"{""external_release_key"":""1651"",""product_id"":""1599"",""raw_field_sha256"":""8405a3a0346c83d0c1e52bd350b2a6ec2a9d4ba7af5070fa23103fa4314f66de"",""retention"":""dual-reviewed-short-phrases-only""}"	false	false	false	true	false	false	NO_PERSONAL_DATA	PUBLIC_DERIVED_ONLY	true
document.firstbloom.release_1652	github.firstbloom-data.a6cb0026	family.baseline.firstbloom-industry	a6cb0026d1af9642724793c799bbc48dc189ba35	2019-05-29	product_release_id=1652	en	TASTING_NOTE	9d5f5920058f4b535912d2e8383f2e8c989a75eaf95c443d2a200b7fd4330cbd	"{""external_release_key"":""1652"",""product_id"":""1600"",""raw_field_sha256"":""9d5f5920058f4b535912d2e8383f2e8c989a75eaf95c443d2a200b7fd4330cbd"",""retention"":""dual-reviewed-short-phrases-only""}"	false	false	false	true	false	false	NO_PERSONAL_DATA	PUBLIC_DERIVED_ONLY	true
document.firstbloom.release_1653	github.firstbloom-data.a6cb0026	family.baseline.firstbloom-industry	a6cb0026d1af9642724793c799bbc48dc189ba35	2019-05-29	product_release_id=1653	en	TASTING_NOTE	a18239ce1b2653141175090e3cf2fe89c73aaf7a068d61ba7faae2aad0494371	"{""external_release_key"":""1653"",""product_id"":""1601"",""raw_field_sha256"":""a18239ce1b2653141175090e3cf2fe89c73aaf7a068d61ba7faae2aad0494371"",""retention"":""dual-reviewed-short-phrases-only""}"	false	false	false	true	false	false	NO_PERSONAL_DATA	PUBLIC_DERIVED_ONLY	true
document.firstbloom.release_1669	github.firstbloom-data.a6cb0026	family.baseline.firstbloom-industry	a6cb0026d1af9642724793c799bbc48dc189ba35	2019-05-31	product_release_id=1669	en	TASTING_NOTE	2c091596da8b8b0f1a1136122ef9d64f029639f721626fb49d38e95e286f0c35	"{""external_release_key"":""1669"",""product_id"":""1614"",""raw_field_sha256"":""2c091596da8b8b0f1a1136122ef9d64f029639f721626fb49d38e95e286f0c35"",""retention"":""dual-reviewed-short-phrases-only""}"	false	false	false	true	false	false	NO_PERSONAL_DATA	PUBLIC_DERIVED_ONLY	true
document.firstbloom.release_167	github.firstbloom-data.a6cb0026	family.baseline.firstbloom-industry	a6cb0026d1af9642724793c799bbc48dc189ba35	2018-08-16	product_release_id=167	en	TASTING_NOTE	24ad00c6cce995e095833e239cc4c414122b2a3ac739685ba1dc2756d5ebe41f	"{""external_release_key"":""167"",""product_id"":""194"",""raw_field_sha256"":""24ad00c6cce995e095833e239cc4c414122b2a3ac739685ba1dc2756d5ebe41f"",""retention"":""dual-reviewed-short-phrases-only""}"	false	false	false	true	false	false	NO_PERSONAL_DATA	PUBLIC_DERIVED_ONLY	true
document.firstbloom.release_1672	github.firstbloom-data.a6cb0026	family.baseline.firstbloom-industry	a6cb0026d1af9642724793c799bbc48dc189ba35	2019-06-03	product_release_id=1672	en	TASTING_NOTE	03ff61ee0e9bacfa79d24716c8efb99fc5c71b2c86b745dfad1ae9278617c293	"{""external_release_key"":""1672"",""product_id"":""1617"",""raw_field_sha256"":""03ff61ee0e9bacfa79d24716c8efb99fc5c71b2c86b745dfad1ae9278617c293"",""retention"":""dual-reviewed-short-phrases-only""}"	false	false	false	true	false	false	NO_PERSONAL_DATA	PUBLIC_DERIVED_ONLY	true
document.firstbloom.release_1676	github.firstbloom-data.a6cb0026	family.baseline.firstbloom-industry	a6cb0026d1af9642724793c799bbc48dc189ba35	2019-06-04	product_release_id=1676	en	TASTING_NOTE	5fdfd380dba1f4ce8000e7ed374264815b5bf6a29c28d9dbf117a91b30fe133e	"{""external_release_key"":""1676"",""product_id"":""1621"",""raw_field_sha256"":""5fdfd380dba1f4ce8000e7ed374264815b5bf6a29c28d9dbf117a91b30fe133e"",""retention"":""dual-reviewed-short-phrases-only""}"	false	false	false	true	false	false	NO_PERSONAL_DATA	PUBLIC_DERIVED_ONLY	true
document.firstbloom.release_1679	github.firstbloom-data.a6cb0026	family.baseline.firstbloom-industry	a6cb0026d1af9642724793c799bbc48dc189ba35	2019-06-05	product_release_id=1679	en	TASTING_NOTE	e2625c4c1cd5a582f4e03c9c427928942e133a4a587950825c9187014e69d2bc	"{""external_release_key"":""1679"",""product_id"":""186"",""raw_field_sha256"":""e2625c4c1cd5a582f4e03c9c427928942e133a4a587950825c9187014e69d2bc"",""retention"":""dual-reviewed-short-phrases-only""}"	false	false	false	true	false	false	NO_PERSONAL_DATA	PUBLIC_DERIVED_ONLY	true
document.firstbloom.release_1680	github.firstbloom-data.a6cb0026	family.baseline.firstbloom-industry	a6cb0026d1af9642724793c799bbc48dc189ba35	2019-06-05	product_release_id=1680	en	TASTING_NOTE	50800a979b1cff1b9cb13ad694476e95da5c26f67eb0a0d7a68b166856feb6d1	"{""external_release_key"":""1680"",""product_id"":""1623"",""raw_field_sha256"":""50800a979b1cff1b9cb13ad694476e95da5c26f67eb0a0d7a68b166856feb6d1"",""retention"":""dual-reviewed-short-phrases-only""}"	false	false	false	true	false	false	NO_PERSONAL_DATA	PUBLIC_DERIVED_ONLY	true
document.firstbloom.release_1681	github.firstbloom-data.a6cb0026	family.baseline.firstbloom-industry	a6cb0026d1af9642724793c799bbc48dc189ba35	2019-06-05	product_release_id=1681	en	TASTING_NOTE	8fbf3a2d36783cae054ae45facb67617804664dff75d4f85739cd8554bb32a3f	"{""external_release_key"":""1681"",""product_id"":""362"",""raw_field_sha256"":""8fbf3a2d36783cae054ae45facb67617804664dff75d4f85739cd8554bb32a3f"",""retention"":""dual-reviewed-short-phrases-only""}"	false	false	false	true	false	false	NO_PERSONAL_DATA	PUBLIC_DERIVED_ONLY	true
document.firstbloom.release_1682	github.firstbloom-data.a6cb0026	family.baseline.firstbloom-industry	a6cb0026d1af9642724793c799bbc48dc189ba35	2019-06-05	product_release_id=1682	en	TASTING_NOTE	787feb2ab41111a3bbe1fbddf60a2aa5def70253cbb750c6c15988792cc78914	"{""external_release_key"":""1682"",""product_id"":""1624"",""raw_field_sha256"":""787feb2ab41111a3bbe1fbddf60a2aa5def70253cbb750c6c15988792cc78914"",""retention"":""dual-reviewed-short-phrases-only""}"	false	false	false	true	false	false	NO_PERSONAL_DATA	PUBLIC_DERIVED_ONLY	true
document.firstbloom.release_1684	github.firstbloom-data.a6cb0026	family.baseline.firstbloom-industry	a6cb0026d1af9642724793c799bbc48dc189ba35	2019-06-05	product_release_id=1684	en	TASTING_NOTE	b629d8de6bf7cde757877f744b5639f2d73aa4f0210fbe96c2ce50981d3e2aff	"{""external_release_key"":""1684"",""product_id"":""1626"",""raw_field_sha256"":""b629d8de6bf7cde757877f744b5639f2d73aa4f0210fbe96c2ce50981d3e2aff"",""retention"":""dual-reviewed-short-phrases-only""}"	false	false	false	true	false	false	NO_PERSONAL_DATA	PUBLIC_DERIVED_ONLY	true
document.firstbloom.release_169	github.firstbloom-data.a6cb0026	family.baseline.firstbloom-industry	a6cb0026d1af9642724793c799bbc48dc189ba35	2018-08-17	product_release_id=169	en	TASTING_NOTE	dd4ad2dd923b835da383b06d1876557cd5412528c7f6210a50b62cea038ed2b3	"{""external_release_key"":""169"",""product_id"":""196"",""raw_field_sha256"":""dd4ad2dd923b835da383b06d1876557cd5412528c7f6210a50b62cea038ed2b3"",""retention"":""dual-reviewed-short-phrases-only""}"	false	false	false	true	false	false	NO_PERSONAL_DATA	PUBLIC_DERIVED_ONLY	true
document.firstbloom.release_1696	github.firstbloom-data.a6cb0026	family.baseline.firstbloom-industry	a6cb0026d1af9642724793c799bbc48dc189ba35	2019-06-18	product_release_id=1696	en	TASTING_NOTE	8cc4a970f0aebd85950dff1ff4e25382229f3e855d736e8774b5ae9ccdd703b2	"{""external_release_key"":""1696"",""product_id"":""1634"",""raw_field_sha256"":""8cc4a970f0aebd85950dff1ff4e25382229f3e855d736e8774b5ae9ccdd703b2"",""retention"":""dual-reviewed-short-phrases-only""}"	false	false	false	true	false	false	NO_PERSONAL_DATA	PUBLIC_DERIVED_ONLY	true
document.firstbloom.release_1698	github.firstbloom-data.a6cb0026	family.baseline.firstbloom-industry	a6cb0026d1af9642724793c799bbc48dc189ba35	2019-06-18	product_release_id=1698	en	TASTING_NOTE	b42432086f8478ce3bb28a65fca061dd9a9e3927618ad66401b860a7762fc61a	"{""external_release_key"":""1698"",""product_id"":""1636"",""raw_field_sha256"":""b42432086f8478ce3bb28a65fca061dd9a9e3927618ad66401b860a7762fc61a"",""retention"":""dual-reviewed-short-phrases-only""}"	false	false	false	true	false	false	NO_PERSONAL_DATA	PUBLIC_DERIVED_ONLY	true
document.firstbloom.release_1699	github.firstbloom-data.a6cb0026	family.baseline.firstbloom-industry	a6cb0026d1af9642724793c799bbc48dc189ba35	2019-06-18	product_release_id=1699	en	TASTING_NOTE	efe2d26389fb51afd165a5509406cf2a8765582eb45bf74a7db5626110379b67	"{""external_release_key"":""1699"",""product_id"":""1637"",""raw_field_sha256"":""efe2d26389fb51afd165a5509406cf2a8765582eb45bf74a7db5626110379b67"",""retention"":""dual-reviewed-short-phrases-only""}"	false	false	false	true	false	false	NO_PERSONAL_DATA	PUBLIC_DERIVED_ONLY	true
document.firstbloom.release_1700	github.firstbloom-data.a6cb0026	family.baseline.firstbloom-industry	a6cb0026d1af9642724793c799bbc48dc189ba35	2019-06-19	product_release_id=1700	en	TASTING_NOTE	b32a8465870284afa36ba16fa2f5e0fd6298c7087c7cabfa38299616ce9247f3	"{""external_release_key"":""1700"",""product_id"":""964"",""raw_field_sha256"":""b32a8465870284afa36ba16fa2f5e0fd6298c7087c7cabfa38299616ce9247f3"",""retention"":""dual-reviewed-short-phrases-only""}"	false	false	false	true	false	false	NO_PERSONAL_DATA	PUBLIC_DERIVED_ONLY	true
document.firstbloom.release_1709	github.firstbloom-data.a6cb0026	family.baseline.firstbloom-industry	a6cb0026d1af9642724793c799bbc48dc189ba35	2019-06-22	product_release_id=1709	en	TASTING_NOTE	d34b5a74cbfe20d8abfc27d4578dba474dbfb18fe78a90539a3e7257f5896899	"{""external_release_key"":""1709"",""product_id"":""1645"",""raw_field_sha256"":""d34b5a74cbfe20d8abfc27d4578dba474dbfb18fe78a90539a3e7257f5896899"",""retention"":""dual-reviewed-short-phrases-only""}"	false	false	false	true	false	false	NO_PERSONAL_DATA	PUBLIC_DERIVED_ONLY	true
document.firstbloom.release_171	github.firstbloom-data.a6cb0026	family.baseline.firstbloom-industry	a6cb0026d1af9642724793c799bbc48dc189ba35	2018-08-17	product_release_id=171	en	TASTING_NOTE	25c8aefba86b22a1b8064d0ad674304674536ed115354a89b52b344f6bee9a7d	"{""external_release_key"":""171"",""product_id"":""198"",""raw_field_sha256"":""25c8aefba86b22a1b8064d0ad674304674536ed115354a89b52b344f6bee9a7d"",""retention"":""dual-reviewed-short-phrases-only""}"	false	false	false	true	false	false	NO_PERSONAL_DATA	PUBLIC_DERIVED_ONLY	true
document.firstbloom.release_1712	github.firstbloom-data.a6cb0026	family.baseline.firstbloom-industry	a6cb0026d1af9642724793c799bbc48dc189ba35	2019-06-24	product_release_id=1712	en	TASTING_NOTE	a847ffa7bc1e04a31d6e7163475df011c8ac495600fc9a5d9e17e42dca57b63f	"{""external_release_key"":""1712"",""product_id"":""1647"",""raw_field_sha256"":""a847ffa7bc1e04a31d6e7163475df011c8ac495600fc9a5d9e17e42dca57b63f"",""retention"":""dual-reviewed-short-phrases-only""}"	false	false	false	true	false	false	NO_PERSONAL_DATA	PUBLIC_DERIVED_ONLY	true
document.firstbloom.release_1717	github.firstbloom-data.a6cb0026	family.baseline.firstbloom-industry	a6cb0026d1af9642724793c799bbc48dc189ba35	2019-06-25	product_release_id=1717	en	TASTING_NOTE	89967ba7762d4a5667dc195edfd99f5fc755c0f58e4ffb83465371bdf5d2fae6	"{""external_release_key"":""1717"",""product_id"":""1652"",""raw_field_sha256"":""89967ba7762d4a5667dc195edfd99f5fc755c0f58e4ffb83465371bdf5d2fae6"",""retention"":""dual-reviewed-short-phrases-only""}"	false	false	false	true	false	false	NO_PERSONAL_DATA	PUBLIC_DERIVED_ONLY	true
document.firstbloom.release_1718	github.firstbloom-data.a6cb0026	family.baseline.firstbloom-industry	a6cb0026d1af9642724793c799bbc48dc189ba35	2019-06-25	product_release_id=1718	en	TASTING_NOTE	52027bfed9f96e8494e48532a27a3a34712d9954ad7787b3037526b35f01f81d	"{""external_release_key"":""1718"",""product_id"":""1653"",""raw_field_sha256"":""52027bfed9f96e8494e48532a27a3a34712d9954ad7787b3037526b35f01f81d"",""retention"":""dual-reviewed-short-phrases-only""}"	false	false	false	true	false	false	NO_PERSONAL_DATA	PUBLIC_DERIVED_ONLY	true
document.firstbloom.release_1721	github.firstbloom-data.a6cb0026	family.baseline.firstbloom-industry	a6cb0026d1af9642724793c799bbc48dc189ba35	2019-06-25	product_release_id=1721	en	TASTING_NOTE	cc70ca6b0106cbe070e02ea2dd1225fbd3cc3f1eff830afab25f894af86cab75	"{""external_release_key"":""1721"",""product_id"":""227"",""raw_field_sha256"":""cc70ca6b0106cbe070e02ea2dd1225fbd3cc3f1eff830afab25f894af86cab75"",""retention"":""dual-reviewed-short-phrases-only""}"	false	false	false	true	false	false	NO_PERSONAL_DATA	PUBLIC_DERIVED_ONLY	true
document.firstbloom.release_173	github.firstbloom-data.a6cb0026	family.baseline.firstbloom-industry	a6cb0026d1af9642724793c799bbc48dc189ba35	2018-08-17	product_release_id=173	en	TASTING_NOTE	8baa8e6a90246dec653dfb0f847826d58613a1480c7576f66e2c7cd25775ac7a	"{""external_release_key"":""173"",""product_id"":""200"",""raw_field_sha256"":""8baa8e6a90246dec653dfb0f847826d58613a1480c7576f66e2c7cd25775ac7a"",""retention"":""dual-reviewed-short-phrases-only""}"	false	false	false	true	false	false	NO_PERSONAL_DATA	PUBLIC_DERIVED_ONLY	true
document.firstbloom.release_1736	github.firstbloom-data.a6cb0026	family.baseline.firstbloom-industry	a6cb0026d1af9642724793c799bbc48dc189ba35	2019-06-28	product_release_id=1736	en	TASTING_NOTE	e654587d7a6a99e87bb5b202d9d2fbd5719a19982312cf560f1b613d8aeda3c9	"{""external_release_key"":""1736"",""product_id"":""1670"",""raw_field_sha256"":""e654587d7a6a99e87bb5b202d9d2fbd5719a19982312cf560f1b613d8aeda3c9"",""retention"":""dual-reviewed-short-phrases-only""}"	false	false	false	true	false	false	NO_PERSONAL_DATA	PUBLIC_DERIVED_ONLY	true
document.firstbloom.release_1737	github.firstbloom-data.a6cb0026	family.baseline.firstbloom-industry	a6cb0026d1af9642724793c799bbc48dc189ba35	2019-06-28	product_release_id=1737	en	TASTING_NOTE	5ea14c1c4bde567bf902367bd1d0897c6fb8874ebed3d57bb304a0fb6e6744f9	"{""external_release_key"":""1737"",""product_id"":""1671"",""raw_field_sha256"":""5ea14c1c4bde567bf902367bd1d0897c6fb8874ebed3d57bb304a0fb6e6744f9"",""retention"":""dual-reviewed-short-phrases-only""}"	false	false	false	true	false	false	NO_PERSONAL_DATA	PUBLIC_DERIVED_ONLY	true
document.firstbloom.release_174	github.firstbloom-data.a6cb0026	family.baseline.firstbloom-industry	a6cb0026d1af9642724793c799bbc48dc189ba35	2018-08-17	product_release_id=174	en	TASTING_NOTE	50bb4a6ec34cfecf8fb61b01558e19b4d420ca6c07def4329230581a8a9adf09	"{""external_release_key"":""174"",""product_id"":""201"",""raw_field_sha256"":""50bb4a6ec34cfecf8fb61b01558e19b4d420ca6c07def4329230581a8a9adf09"",""retention"":""dual-reviewed-short-phrases-only""}"	false	false	false	true	false	false	NO_PERSONAL_DATA	PUBLIC_DERIVED_ONLY	true
document.firstbloom.release_1741	github.firstbloom-data.a6cb0026	family.baseline.firstbloom-industry	a6cb0026d1af9642724793c799bbc48dc189ba35	2019-06-28	product_release_id=1741	en	TASTING_NOTE	4629040ffacb105ca7de2575929d9e7aa8cc14cb8a2ba6866b1fe65b758b07e1	"{""external_release_key"":""1741"",""product_id"":""1675"",""raw_field_sha256"":""4629040ffacb105ca7de2575929d9e7aa8cc14cb8a2ba6866b1fe65b758b07e1"",""retention"":""dual-reviewed-short-phrases-only""}"	false	false	false	true	false	false	NO_PERSONAL_DATA	PUBLIC_DERIVED_ONLY	true
document.firstbloom.release_1744	github.firstbloom-data.a6cb0026	family.baseline.firstbloom-industry	a6cb0026d1af9642724793c799bbc48dc189ba35	2019-06-28	product_release_id=1744	en	TASTING_NOTE	eaf2c02072fa49e6e931d33ac9b6c724df5da0570d94f36ec71d9db287c30dbf	"{""external_release_key"":""1744"",""product_id"":""1676"",""raw_field_sha256"":""eaf2c02072fa49e6e931d33ac9b6c724df5da0570d94f36ec71d9db287c30dbf"",""retention"":""dual-reviewed-short-phrases-only""}"	false	false	false	true	false	false	NO_PERSONAL_DATA	PUBLIC_DERIVED_ONLY	true
document.firstbloom.release_1747	github.firstbloom-data.a6cb0026	family.baseline.firstbloom-industry	a6cb0026d1af9642724793c799bbc48dc189ba35	2019-06-28	product_release_id=1747	en	TASTING_NOTE	e5f4f4eaaf5fc3c767364eb60c13879accf4b8220826eecf1934b2adb54e047d	"{""external_release_key"":""1747"",""product_id"":""1678"",""raw_field_sha256"":""e5f4f4eaaf5fc3c767364eb60c13879accf4b8220826eecf1934b2adb54e047d"",""retention"":""dual-reviewed-short-phrases-only""}"	false	false	false	true	false	false	NO_PERSONAL_DATA	PUBLIC_DERIVED_ONLY	true
document.firstbloom.release_1755	github.firstbloom-data.a6cb0026	family.baseline.firstbloom-industry	a6cb0026d1af9642724793c799bbc48dc189ba35	2019-06-30	product_release_id=1755	en	TASTING_NOTE	cc0b544d6c1109249585b5dcc6d157791a8e21eda57b1a87663a3a5d481a2a94	"{""external_release_key"":""1755"",""product_id"":""1686"",""raw_field_sha256"":""cc0b544d6c1109249585b5dcc6d157791a8e21eda57b1a87663a3a5d481a2a94"",""retention"":""dual-reviewed-short-phrases-only""}"	false	false	false	true	false	false	NO_PERSONAL_DATA	PUBLIC_DERIVED_ONLY	true
document.firstbloom.release_176	github.firstbloom-data.a6cb0026	family.baseline.firstbloom-industry	a6cb0026d1af9642724793c799bbc48dc189ba35	2018-08-20	product_release_id=176	en	TASTING_NOTE	e643ecc2e4dccd8996ee1076eeae4dec54f9124afa24b9989b1fe247b8612afd	"{""external_release_key"":""176"",""product_id"":""203"",""raw_field_sha256"":""e643ecc2e4dccd8996ee1076eeae4dec54f9124afa24b9989b1fe247b8612afd"",""retention"":""dual-reviewed-short-phrases-only""}"	false	false	false	true	false	false	NO_PERSONAL_DATA	PUBLIC_DERIVED_ONLY	true
document.firstbloom.release_1772	github.firstbloom-data.a6cb0026	family.baseline.firstbloom-industry	a6cb0026d1af9642724793c799bbc48dc189ba35	2019-07-01	product_release_id=1772	en	TASTING_NOTE	63e5d646fa742c92248ae17253647216fd83f39dede3ff4e6def81bc7b0fd25d	"{""external_release_key"":""1772"",""product_id"":""1703"",""raw_field_sha256"":""63e5d646fa742c92248ae17253647216fd83f39dede3ff4e6def81bc7b0fd25d"",""retention"":""dual-reviewed-short-phrases-only""}"	false	false	false	true	false	false	NO_PERSONAL_DATA	PUBLIC_DERIVED_ONLY	true
document.firstbloom.release_1773	github.firstbloom-data.a6cb0026	family.baseline.firstbloom-industry	a6cb0026d1af9642724793c799bbc48dc189ba35	2019-07-01	product_release_id=1773	en	TASTING_NOTE	63e5d646fa742c92248ae17253647216fd83f39dede3ff4e6def81bc7b0fd25d	"{""external_release_key"":""1773"",""product_id"":""1704"",""raw_field_sha256"":""63e5d646fa742c92248ae17253647216fd83f39dede3ff4e6def81bc7b0fd25d"",""retention"":""dual-reviewed-short-phrases-only""}"	false	false	false	true	false	false	NO_PERSONAL_DATA	PUBLIC_DERIVED_ONLY	true
document.firstbloom.release_178	github.firstbloom-data.a6cb0026	family.baseline.firstbloom-industry	a6cb0026d1af9642724793c799bbc48dc189ba35	2018-08-20	product_release_id=178	en	TASTING_NOTE	862afaaaa3403f7dd5f685446a45e6a9444b82a40e9580f14f82879df2521f67	"{""external_release_key"":""178"",""product_id"":""205"",""raw_field_sha256"":""862afaaaa3403f7dd5f685446a45e6a9444b82a40e9580f14f82879df2521f67"",""retention"":""dual-reviewed-short-phrases-only""}"	false	false	false	true	false	false	NO_PERSONAL_DATA	PUBLIC_DERIVED_ONLY	true
document.firstbloom.release_1796	github.firstbloom-data.a6cb0026	family.baseline.firstbloom-industry	a6cb0026d1af9642724793c799bbc48dc189ba35	2019-07-05	product_release_id=1796	en	TASTING_NOTE	a55e3008777795f259e0cbe25c33f807f33f7b87880dbd3c2446a0d8003f9ab5	"{""external_release_key"":""1796"",""product_id"":""1726"",""raw_field_sha256"":""a55e3008777795f259e0cbe25c33f807f33f7b87880dbd3c2446a0d8003f9ab5"",""retention"":""dual-reviewed-short-phrases-only""}"	false	false	false	true	false	false	NO_PERSONAL_DATA	PUBLIC_DERIVED_ONLY	true
document.firstbloom.release_1799	github.firstbloom-data.a6cb0026	family.baseline.firstbloom-industry	a6cb0026d1af9642724793c799bbc48dc189ba35	2019-07-05	product_release_id=1799	en	TASTING_NOTE	c157db8ade1167c061e537dd04c1aad8c6a1a2b8d72b908da74d99038637f193	"{""external_release_key"":""1799"",""product_id"":""1729"",""raw_field_sha256"":""c157db8ade1167c061e537dd04c1aad8c6a1a2b8d72b908da74d99038637f193"",""retention"":""dual-reviewed-short-phrases-only""}"	false	false	false	true	false	false	NO_PERSONAL_DATA	PUBLIC_DERIVED_ONLY	true
document.firstbloom.release_1800	github.firstbloom-data.a6cb0026	family.baseline.firstbloom-industry	a6cb0026d1af9642724793c799bbc48dc189ba35	2019-07-05	product_release_id=1800	en	TASTING_NOTE	6ac53c8bafd2a5f89642763fb3b8f0375315a6958293b3f2f7270e6ef7d8c33a	"{""external_release_key"":""1800"",""product_id"":""1730"",""raw_field_sha256"":""6ac53c8bafd2a5f89642763fb3b8f0375315a6958293b3f2f7270e6ef7d8c33a"",""retention"":""dual-reviewed-short-phrases-only""}"	false	false	false	true	false	false	NO_PERSONAL_DATA	PUBLIC_DERIVED_ONLY	true
document.firstbloom.release_1804	github.firstbloom-data.a6cb0026	family.baseline.firstbloom-industry	a6cb0026d1af9642724793c799bbc48dc189ba35	2019-07-05	product_release_id=1804	en	TASTING_NOTE	4e006231cd204490ae4269ab298046c6f543f34f0390673ce7cb151216d21ac9	"{""external_release_key"":""1804"",""product_id"":""1734"",""raw_field_sha256"":""4e006231cd204490ae4269ab298046c6f543f34f0390673ce7cb151216d21ac9"",""retention"":""dual-reviewed-short-phrases-only""}"	false	false	false	true	false	false	NO_PERSONAL_DATA	PUBLIC_DERIVED_ONLY	true
document.firstbloom.release_1805	github.firstbloom-data.a6cb0026	family.baseline.firstbloom-industry	a6cb0026d1af9642724793c799bbc48dc189ba35	2019-07-05	product_release_id=1805	en	TASTING_NOTE	60244dec9bd32846e81dacb44684ad3a7e384d44dd71573f06431be976558cda	"{""external_release_key"":""1805"",""product_id"":""1735"",""raw_field_sha256"":""60244dec9bd32846e81dacb44684ad3a7e384d44dd71573f06431be976558cda"",""retention"":""dual-reviewed-short-phrases-only""}"	false	false	false	true	false	false	NO_PERSONAL_DATA	PUBLIC_DERIVED_ONLY	true
document.firstbloom.release_1807	github.firstbloom-data.a6cb0026	family.baseline.firstbloom-industry	a6cb0026d1af9642724793c799bbc48dc189ba35	2019-07-05	product_release_id=1807	en	TASTING_NOTE	e86769f73d4319ce0d436bf817291941f7360886fbc6d98e2ed333832b0c8dc9	"{""external_release_key"":""1807"",""product_id"":""1737"",""raw_field_sha256"":""e86769f73d4319ce0d436bf817291941f7360886fbc6d98e2ed333832b0c8dc9"",""retention"":""dual-reviewed-short-phrases-only""}"	false	false	false	true	false	false	NO_PERSONAL_DATA	PUBLIC_DERIVED_ONLY	true
document.firstbloom.release_1808	github.firstbloom-data.a6cb0026	family.baseline.firstbloom-industry	a6cb0026d1af9642724793c799bbc48dc189ba35	2019-07-05	product_release_id=1808	en	TASTING_NOTE	16752db5485bf9c6cc07e0cf6a94e409b5c4194eb38c398d0e4ee6ce3a2337ea	"{""external_release_key"":""1808"",""product_id"":""1738"",""raw_field_sha256"":""16752db5485bf9c6cc07e0cf6a94e409b5c4194eb38c398d0e4ee6ce3a2337ea"",""retention"":""dual-reviewed-short-phrases-only""}"	false	false	false	true	false	false	NO_PERSONAL_DATA	PUBLIC_DERIVED_ONLY	true
document.firstbloom.release_1809	github.firstbloom-data.a6cb0026	family.baseline.firstbloom-industry	a6cb0026d1af9642724793c799bbc48dc189ba35	2019-07-05	product_release_id=1809	en	TASTING_NOTE	b3d9f750881cc35e207f832b28827b65d82fc9351103bf28f07db811b3a5a685	"{""external_release_key"":""1809"",""product_id"":""1739"",""raw_field_sha256"":""b3d9f750881cc35e207f832b28827b65d82fc9351103bf28f07db811b3a5a685"",""retention"":""dual-reviewed-short-phrases-only""}"	false	false	false	true	false	false	NO_PERSONAL_DATA	PUBLIC_DERIVED_ONLY	true
document.firstbloom.release_1815	github.firstbloom-data.a6cb0026	family.baseline.firstbloom-industry	a6cb0026d1af9642724793c799bbc48dc189ba35	2019-07-05	product_release_id=1815	en	TASTING_NOTE	2df4698a633e642253b059b05263d9a7cd43fe415c62d504caa373d9d6fa4d4d	"{""external_release_key"":""1815"",""product_id"":""1745"",""raw_field_sha256"":""2df4698a633e642253b059b05263d9a7cd43fe415c62d504caa373d9d6fa4d4d"",""retention"":""dual-reviewed-short-phrases-only""}"	false	false	false	true	false	false	NO_PERSONAL_DATA	PUBLIC_DERIVED_ONLY	true
document.firstbloom.release_1817	github.firstbloom-data.a6cb0026	family.baseline.firstbloom-industry	a6cb0026d1af9642724793c799bbc48dc189ba35	2019-07-07	product_release_id=1817	en	TASTING_NOTE	52050abc48f9e0da5fa6acc6fd0b49fcd583605d1bc884cf3bd4e63479e5a81b	"{""external_release_key"":""1817"",""product_id"":""1747"",""raw_field_sha256"":""52050abc48f9e0da5fa6acc6fd0b49fcd583605d1bc884cf3bd4e63479e5a81b"",""retention"":""dual-reviewed-short-phrases-only""}"	false	false	false	true	false	false	NO_PERSONAL_DATA	PUBLIC_DERIVED_ONLY	true
document.firstbloom.release_1818	github.firstbloom-data.a6cb0026	family.baseline.firstbloom-industry	a6cb0026d1af9642724793c799bbc48dc189ba35	2019-07-07	product_release_id=1818	en	TASTING_NOTE	21b46203769e1e85922aae99e57afe2a0f4b832d7a8f09395c5b33b7197090ab	"{""external_release_key"":""1818"",""product_id"":""1748"",""raw_field_sha256"":""21b46203769e1e85922aae99e57afe2a0f4b832d7a8f09395c5b33b7197090ab"",""retention"":""dual-reviewed-short-phrases-only""}"	false	false	false	true	false	false	NO_PERSONAL_DATA	PUBLIC_DERIVED_ONLY	true
document.firstbloom.release_182	github.firstbloom-data.a6cb0026	family.baseline.firstbloom-industry	a6cb0026d1af9642724793c799bbc48dc189ba35	2018-08-21	product_release_id=182	en	TASTING_NOTE	e7162554b787b3d133cc2c495f23724ca20c081ffd72226561ea618108159985	"{""external_release_key"":""182"",""product_id"":""209"",""raw_field_sha256"":""e7162554b787b3d133cc2c495f23724ca20c081ffd72226561ea618108159985"",""retention"":""dual-reviewed-short-phrases-only""}"	false	false	false	true	false	false	NO_PERSONAL_DATA	PUBLIC_DERIVED_ONLY	true
document.firstbloom.release_1820	github.firstbloom-data.a6cb0026	family.baseline.firstbloom-industry	a6cb0026d1af9642724793c799bbc48dc189ba35	2019-07-07	product_release_id=1820	en	TASTING_NOTE	58d19d2a350d7bb4c7e200d716f8249ee4d9e6e14d5a1f4ca4389a71d107d28d	"{""external_release_key"":""1820"",""product_id"":""1750"",""raw_field_sha256"":""58d19d2a350d7bb4c7e200d716f8249ee4d9e6e14d5a1f4ca4389a71d107d28d"",""retention"":""dual-reviewed-short-phrases-only""}"	false	false	false	true	false	false	NO_PERSONAL_DATA	PUBLIC_DERIVED_ONLY	true
document.firstbloom.release_1821	github.firstbloom-data.a6cb0026	family.baseline.firstbloom-industry	a6cb0026d1af9642724793c799bbc48dc189ba35	2019-07-07	product_release_id=1821	en	TASTING_NOTE	bf14b18603db0672ade6163900069da3a383f8863adea1bcf673033d35131981	"{""external_release_key"":""1821"",""product_id"":""1751"",""raw_field_sha256"":""bf14b18603db0672ade6163900069da3a383f8863adea1bcf673033d35131981"",""retention"":""dual-reviewed-short-phrases-only""}"	false	false	false	true	false	false	NO_PERSONAL_DATA	PUBLIC_DERIVED_ONLY	true
document.firstbloom.release_1823	github.firstbloom-data.a6cb0026	family.baseline.firstbloom-industry	a6cb0026d1af9642724793c799bbc48dc189ba35	2019-07-07	product_release_id=1823	en	TASTING_NOTE	adbf08085290d882601cb587c039ab8d2e979e7be04e1f4a5e136062be9dcfed	"{""external_release_key"":""1823"",""product_id"":""1753"",""raw_field_sha256"":""adbf08085290d882601cb587c039ab8d2e979e7be04e1f4a5e136062be9dcfed"",""retention"":""dual-reviewed-short-phrases-only""}"	false	false	false	true	false	false	NO_PERSONAL_DATA	PUBLIC_DERIVED_ONLY	true
document.firstbloom.release_1824	github.firstbloom-data.a6cb0026	family.baseline.firstbloom-industry	a6cb0026d1af9642724793c799bbc48dc189ba35	2019-07-07	product_release_id=1824	en	TASTING_NOTE	56256060207edadce0103aba342a839d6014fa9ae6824fa281c82c1e9a95db9f	"{""external_release_key"":""1824"",""product_id"":""1754"",""raw_field_sha256"":""56256060207edadce0103aba342a839d6014fa9ae6824fa281c82c1e9a95db9f"",""retention"":""dual-reviewed-short-phrases-only""}"	false	false	false	true	false	false	NO_PERSONAL_DATA	PUBLIC_DERIVED_ONLY	true
document.firstbloom.release_1826	github.firstbloom-data.a6cb0026	family.baseline.firstbloom-industry	a6cb0026d1af9642724793c799bbc48dc189ba35	2019-07-07	product_release_id=1826	en	TASTING_NOTE	1cad194768a1485fbb0d611fb1f97d1f020ea77ce7a4d5b68e601f207d071e35	"{""external_release_key"":""1826"",""product_id"":""1756"",""raw_field_sha256"":""1cad194768a1485fbb0d611fb1f97d1f020ea77ce7a4d5b68e601f207d071e35"",""retention"":""dual-reviewed-short-phrases-only""}"	false	false	false	true	false	false	NO_PERSONAL_DATA	PUBLIC_DERIVED_ONLY	true
document.firstbloom.release_1827	github.firstbloom-data.a6cb0026	family.baseline.firstbloom-industry	a6cb0026d1af9642724793c799bbc48dc189ba35	2019-07-07	product_release_id=1827	en	TASTING_NOTE	b5ef7fc2e38984f0a88cbad1760bd890059c479fc1b518fe3de31f64de50caf7	"{""external_release_key"":""1827"",""product_id"":""1757"",""raw_field_sha256"":""b5ef7fc2e38984f0a88cbad1760bd890059c479fc1b518fe3de31f64de50caf7"",""retention"":""dual-reviewed-short-phrases-only""}"	false	false	false	true	false	false	NO_PERSONAL_DATA	PUBLIC_DERIVED_ONLY	true
document.firstbloom.release_1828	github.firstbloom-data.a6cb0026	family.baseline.firstbloom-industry	a6cb0026d1af9642724793c799bbc48dc189ba35	2019-07-07	product_release_id=1828	en	TASTING_NOTE	71c5d21a61873775e838973e76619196ec54049e44bcb19d122e308abd672236	"{""external_release_key"":""1828"",""product_id"":""1758"",""raw_field_sha256"":""71c5d21a61873775e838973e76619196ec54049e44bcb19d122e308abd672236"",""retention"":""dual-reviewed-short-phrases-only""}"	false	false	false	true	false	false	NO_PERSONAL_DATA	PUBLIC_DERIVED_ONLY	true
document.firstbloom.release_1830	github.firstbloom-data.a6cb0026	family.baseline.firstbloom-industry	a6cb0026d1af9642724793c799bbc48dc189ba35	2019-07-07	product_release_id=1830	en	TASTING_NOTE	58424ac22bec442c3fa84f278f4d8c77aecc2652969484ebf655fb9ad602a108	"{""external_release_key"":""1830"",""product_id"":""1760"",""raw_field_sha256"":""58424ac22bec442c3fa84f278f4d8c77aecc2652969484ebf655fb9ad602a108"",""retention"":""dual-reviewed-short-phrases-only""}"	false	false	false	true	false	false	NO_PERSONAL_DATA	PUBLIC_DERIVED_ONLY	true
document.firstbloom.release_1838	github.firstbloom-data.a6cb0026	family.baseline.firstbloom-industry	a6cb0026d1af9642724793c799bbc48dc189ba35	2019-07-09	product_release_id=1838	en	TASTING_NOTE	83be4e8fdfce64756f763eed207024f7d76ee3990c1c111d90e2f9924a86b722	"{""external_release_key"":""1838"",""product_id"":""1765"",""raw_field_sha256"":""83be4e8fdfce64756f763eed207024f7d76ee3990c1c111d90e2f9924a86b722"",""retention"":""dual-reviewed-short-phrases-only""}"	false	false	false	true	false	false	NO_PERSONAL_DATA	PUBLIC_DERIVED_ONLY	true
document.firstbloom.release_187	github.firstbloom-data.a6cb0026	family.baseline.firstbloom-industry	a6cb0026d1af9642724793c799bbc48dc189ba35	2018-08-22	product_release_id=187	en	TASTING_NOTE	25515284d6a344eec0c02aafbb79eb2834cff0855e422cfb7c098aedb30cf47b	"{""external_release_key"":""187"",""product_id"":""214"",""raw_field_sha256"":""25515284d6a344eec0c02aafbb79eb2834cff0855e422cfb7c098aedb30cf47b"",""retention"":""dual-reviewed-short-phrases-only""}"	false	false	false	true	false	false	NO_PERSONAL_DATA	PUBLIC_DERIVED_ONLY	true
document.firstbloom.release_1878	github.firstbloom-data.a6cb0026	family.baseline.firstbloom-industry	a6cb0026d1af9642724793c799bbc48dc189ba35	2019-07-15	product_release_id=1878	en	TASTING_NOTE	3163163d36d3c8a01d622fa2c9dbefd69f6ed01e036d484d590d8b7e51fa06f8	"{""external_release_key"":""1878"",""product_id"":""1803"",""raw_field_sha256"":""3163163d36d3c8a01d622fa2c9dbefd69f6ed01e036d484d590d8b7e51fa06f8"",""retention"":""dual-reviewed-short-phrases-only""}"	false	false	false	true	false	false	NO_PERSONAL_DATA	PUBLIC_DERIVED_ONLY	true
document.firstbloom.release_1879	github.firstbloom-data.a6cb0026	family.baseline.firstbloom-industry	a6cb0026d1af9642724793c799bbc48dc189ba35	2019-07-15	product_release_id=1879	en	TASTING_NOTE	afd6439e158babd5bceb2e3975398c39cfcb80d6b4551ea44418d4727ca8f86f	"{""external_release_key"":""1879"",""product_id"":""1804"",""raw_field_sha256"":""afd6439e158babd5bceb2e3975398c39cfcb80d6b4551ea44418d4727ca8f86f"",""retention"":""dual-reviewed-short-phrases-only""}"	false	false	false	true	false	false	NO_PERSONAL_DATA	PUBLIC_DERIVED_ONLY	true
document.firstbloom.release_188	github.firstbloom-data.a6cb0026	family.baseline.firstbloom-industry	a6cb0026d1af9642724793c799bbc48dc189ba35	2018-08-22	product_release_id=188	en	TASTING_NOTE	d78cda0977db6b1178f8ed76303aa187444db85e29b41f85abdf4fc85249134f	"{""external_release_key"":""188"",""product_id"":""215"",""raw_field_sha256"":""d78cda0977db6b1178f8ed76303aa187444db85e29b41f85abdf4fc85249134f"",""retention"":""dual-reviewed-short-phrases-only""}"	false	false	false	true	false	false	NO_PERSONAL_DATA	PUBLIC_DERIVED_ONLY	true
document.firstbloom.release_1883	github.firstbloom-data.a6cb0026	family.baseline.firstbloom-industry	a6cb0026d1af9642724793c799bbc48dc189ba35	2019-07-15	product_release_id=1883	en	TASTING_NOTE	141d22042e437709c4841a3550a97b02f4ecc662db1e1e5397911f8fa02c85ae	"{""external_release_key"":""1883"",""product_id"":""1808"",""raw_field_sha256"":""141d22042e437709c4841a3550a97b02f4ecc662db1e1e5397911f8fa02c85ae"",""retention"":""dual-reviewed-short-phrases-only""}"	false	false	false	true	false	false	NO_PERSONAL_DATA	PUBLIC_DERIVED_ONLY	true
document.firstbloom.release_1889	github.firstbloom-data.a6cb0026	family.baseline.firstbloom-industry	a6cb0026d1af9642724793c799bbc48dc189ba35	2019-07-15	product_release_id=1889	en	TASTING_NOTE	fc8454b33d56811978e15ad7255c89d7d8433c06faebc9608c46c160e27bdc40	"{""external_release_key"":""1889"",""product_id"":""1814"",""raw_field_sha256"":""fc8454b33d56811978e15ad7255c89d7d8433c06faebc9608c46c160e27bdc40"",""retention"":""dual-reviewed-short-phrases-only""}"	false	false	false	true	false	false	NO_PERSONAL_DATA	PUBLIC_DERIVED_ONLY	true
document.firstbloom.release_189	github.firstbloom-data.a6cb0026	family.baseline.firstbloom-industry	a6cb0026d1af9642724793c799bbc48dc189ba35	2018-08-22	product_release_id=189	en	TASTING_NOTE	85c6aa9c91a55293c4bc8e539c65aa82f81fab70c90d45d8ca5e236065869221	"{""external_release_key"":""189"",""product_id"":""216"",""raw_field_sha256"":""85c6aa9c91a55293c4bc8e539c65aa82f81fab70c90d45d8ca5e236065869221"",""retention"":""dual-reviewed-short-phrases-only""}"	false	false	false	true	false	false	NO_PERSONAL_DATA	PUBLIC_DERIVED_ONLY	true
document.firstbloom.release_1890	github.firstbloom-data.a6cb0026	family.baseline.firstbloom-industry	a6cb0026d1af9642724793c799bbc48dc189ba35	2019-07-15	product_release_id=1890	en	TASTING_NOTE	fdeb65d0f290f1c4e5336b53b2813e4e26bbe1e66aca397cfa8a08a04d5b9476	"{""external_release_key"":""1890"",""product_id"":""1815"",""raw_field_sha256"":""fdeb65d0f290f1c4e5336b53b2813e4e26bbe1e66aca397cfa8a08a04d5b9476"",""retention"":""dual-reviewed-short-phrases-only""}"	false	false	false	true	false	false	NO_PERSONAL_DATA	PUBLIC_DERIVED_ONLY	true
document.firstbloom.release_1911	github.firstbloom-data.a6cb0026	family.baseline.firstbloom-industry	a6cb0026d1af9642724793c799bbc48dc189ba35	2019-07-18	product_release_id=1911	en	TASTING_NOTE	9a324c355326e6abb2b79e714e544abf08ee6234895eff2b8ed91ff6dac50e6e	"{""external_release_key"":""1911"",""product_id"":""1836"",""raw_field_sha256"":""9a324c355326e6abb2b79e714e544abf08ee6234895eff2b8ed91ff6dac50e6e"",""retention"":""dual-reviewed-short-phrases-only""}"	false	false	false	true	false	false	NO_PERSONAL_DATA	PUBLIC_DERIVED_ONLY	true
document.firstbloom.release_1912	github.firstbloom-data.a6cb0026	family.baseline.firstbloom-industry	a6cb0026d1af9642724793c799bbc48dc189ba35	2019-07-18	product_release_id=1912	en	TASTING_NOTE	769e8c5e0cc15b146d0337700794f95989e79defd0ee1d1822ed85440637d6b5	"{""external_release_key"":""1912"",""product_id"":""1837"",""raw_field_sha256"":""769e8c5e0cc15b146d0337700794f95989e79defd0ee1d1822ed85440637d6b5"",""retention"":""dual-reviewed-short-phrases-only""}"	false	false	false	true	false	false	NO_PERSONAL_DATA	PUBLIC_DERIVED_ONLY	true
document.firstbloom.release_1913	github.firstbloom-data.a6cb0026	family.baseline.firstbloom-industry	a6cb0026d1af9642724793c799bbc48dc189ba35	2019-07-18	product_release_id=1913	en	TASTING_NOTE	2e0167617c20e7dff8acb4b09b8f5878a976b8058eee200ab3b6e1f165b6be35	"{""external_release_key"":""1913"",""product_id"":""1838"",""raw_field_sha256"":""2e0167617c20e7dff8acb4b09b8f5878a976b8058eee200ab3b6e1f165b6be35"",""retention"":""dual-reviewed-short-phrases-only""}"	false	false	false	true	false	false	NO_PERSONAL_DATA	PUBLIC_DERIVED_ONLY	true
document.firstbloom.release_1914	github.firstbloom-data.a6cb0026	family.baseline.firstbloom-industry	a6cb0026d1af9642724793c799bbc48dc189ba35	2019-07-18	product_release_id=1914	en	TASTING_NOTE	02a283af442ef3e96f2df822998bac496943c449863f7b0b36b22895e2d1af51	"{""external_release_key"":""1914"",""product_id"":""1839"",""raw_field_sha256"":""02a283af442ef3e96f2df822998bac496943c449863f7b0b36b22895e2d1af51"",""retention"":""dual-reviewed-short-phrases-only""}"	false	false	false	true	false	false	NO_PERSONAL_DATA	PUBLIC_DERIVED_ONLY	true
document.firstbloom.release_1915	github.firstbloom-data.a6cb0026	family.baseline.firstbloom-industry	a6cb0026d1af9642724793c799bbc48dc189ba35	2019-07-18	product_release_id=1915	en	TASTING_NOTE	0eb0b215682bf141eca78d1ae618911dba7cad8ea2ba2ef89ec7519d9b58938d	"{""external_release_key"":""1915"",""product_id"":""1840"",""raw_field_sha256"":""0eb0b215682bf141eca78d1ae618911dba7cad8ea2ba2ef89ec7519d9b58938d"",""retention"":""dual-reviewed-short-phrases-only""}"	false	false	false	true	false	false	NO_PERSONAL_DATA	PUBLIC_DERIVED_ONLY	true
document.firstbloom.release_1917	github.firstbloom-data.a6cb0026	family.baseline.firstbloom-industry	a6cb0026d1af9642724793c799bbc48dc189ba35	2019-07-18	product_release_id=1917	en	TASTING_NOTE	693eb44b332f65114b3be46cdca186165f4169ec103208ef0ce8319d1ef10f5c	"{""external_release_key"":""1917"",""product_id"":""1842"",""raw_field_sha256"":""693eb44b332f65114b3be46cdca186165f4169ec103208ef0ce8319d1ef10f5c"",""retention"":""dual-reviewed-short-phrases-only""}"	false	false	false	true	false	false	NO_PERSONAL_DATA	PUBLIC_DERIVED_ONLY	true
document.firstbloom.release_1918	github.firstbloom-data.a6cb0026	family.baseline.firstbloom-industry	a6cb0026d1af9642724793c799bbc48dc189ba35	2019-07-18	product_release_id=1918	en	TASTING_NOTE	23e569ee61a10551f8585fd14231f8a35dd4d0bfa8dd18b0f0a9cdb0a8a1af43	"{""external_release_key"":""1918"",""product_id"":""881"",""raw_field_sha256"":""23e569ee61a10551f8585fd14231f8a35dd4d0bfa8dd18b0f0a9cdb0a8a1af43"",""retention"":""dual-reviewed-short-phrases-only""}"	false	false	false	true	false	false	NO_PERSONAL_DATA	PUBLIC_DERIVED_ONLY	true
document.firstbloom.release_1919	github.firstbloom-data.a6cb0026	family.baseline.firstbloom-industry	a6cb0026d1af9642724793c799bbc48dc189ba35	2019-07-18	product_release_id=1919	en	TASTING_NOTE	7dc95a799842acc6a725f79589d8637054ac0e84d932b07cbc5f186c5062fddf	"{""external_release_key"":""1919"",""product_id"":""1843"",""raw_field_sha256"":""7dc95a799842acc6a725f79589d8637054ac0e84d932b07cbc5f186c5062fddf"",""retention"":""dual-reviewed-short-phrases-only""}"	false	false	false	true	false	false	NO_PERSONAL_DATA	PUBLIC_DERIVED_ONLY	true
document.firstbloom.release_1920	github.firstbloom-data.a6cb0026	family.baseline.firstbloom-industry	a6cb0026d1af9642724793c799bbc48dc189ba35	2019-07-18	product_release_id=1920	en	TASTING_NOTE	6235a9dca63b747f0f8ab3c037e0bbd23ef4d6f2323173102b3d8c5e0d4c757f	"{""external_release_key"":""1920"",""product_id"":""510"",""raw_field_sha256"":""6235a9dca63b747f0f8ab3c037e0bbd23ef4d6f2323173102b3d8c5e0d4c757f"",""retention"":""dual-reviewed-short-phrases-only""}"	false	false	false	true	false	false	NO_PERSONAL_DATA	PUBLIC_DERIVED_ONLY	true
document.firstbloom.release_1921	github.firstbloom-data.a6cb0026	family.baseline.firstbloom-industry	a6cb0026d1af9642724793c799bbc48dc189ba35	2019-07-18	product_release_id=1921	en	TASTING_NOTE	e344ba81e70d4ed33b2ee7bda6550f8a53b53ce2eaa9aba5113108084dd2a28d	"{""external_release_key"":""1921"",""product_id"":""885"",""raw_field_sha256"":""e344ba81e70d4ed33b2ee7bda6550f8a53b53ce2eaa9aba5113108084dd2a28d"",""retention"":""dual-reviewed-short-phrases-only""}"	false	false	false	true	false	false	NO_PERSONAL_DATA	PUBLIC_DERIVED_ONLY	true
document.firstbloom.release_1922	github.firstbloom-data.a6cb0026	family.baseline.firstbloom-industry	a6cb0026d1af9642724793c799bbc48dc189ba35	2019-07-18	product_release_id=1922	en	TASTING_NOTE	9300e35fce4411245ca74f95489e8bfff070c5117c4625038dd961ea3f8a7500	"{""external_release_key"":""1922"",""product_id"":""753"",""raw_field_sha256"":""9300e35fce4411245ca74f95489e8bfff070c5117c4625038dd961ea3f8a7500"",""retention"":""dual-reviewed-short-phrases-only""}"	false	false	false	true	false	false	NO_PERSONAL_DATA	PUBLIC_DERIVED_ONLY	true
document.firstbloom.release_1923	github.firstbloom-data.a6cb0026	family.baseline.firstbloom-industry	a6cb0026d1af9642724793c799bbc48dc189ba35	2019-07-18	product_release_id=1923	en	TASTING_NOTE	7b25010f61a4d908ab1f9690b1d20eb44e2064b9cb3d2912ccd5cbdb3bf0683d	"{""external_release_key"":""1923"",""product_id"":""1844"",""raw_field_sha256"":""7b25010f61a4d908ab1f9690b1d20eb44e2064b9cb3d2912ccd5cbdb3bf0683d"",""retention"":""dual-reviewed-short-phrases-only""}"	false	false	false	true	false	false	NO_PERSONAL_DATA	PUBLIC_DERIVED_ONLY	true
document.firstbloom.release_1927	github.firstbloom-data.a6cb0026	family.baseline.firstbloom-industry	a6cb0026d1af9642724793c799bbc48dc189ba35	2019-07-18	product_release_id=1927	en	TASTING_NOTE	27d54722a26fd21432ec38a3fce7767c6e75cf418fbd891e7c092c826a59ab23	"{""external_release_key"":""1927"",""product_id"":""1848"",""raw_field_sha256"":""27d54722a26fd21432ec38a3fce7767c6e75cf418fbd891e7c092c826a59ab23"",""retention"":""dual-reviewed-short-phrases-only""}"	false	false	false	true	false	false	NO_PERSONAL_DATA	PUBLIC_DERIVED_ONLY	true
document.firstbloom.release_1929	github.firstbloom-data.a6cb0026	family.baseline.firstbloom-industry	a6cb0026d1af9642724793c799bbc48dc189ba35	2019-07-18	product_release_id=1929	en	TASTING_NOTE	2a8cece95e67660a88bd4d148558e5854e31487183cefe84549a48cf5dd7853d	"{""external_release_key"":""1929"",""product_id"":""1850"",""raw_field_sha256"":""2a8cece95e67660a88bd4d148558e5854e31487183cefe84549a48cf5dd7853d"",""retention"":""dual-reviewed-short-phrases-only""}"	false	false	false	true	false	false	NO_PERSONAL_DATA	PUBLIC_DERIVED_ONLY	true
document.firstbloom.release_1939	github.firstbloom-data.a6cb0026	family.baseline.firstbloom-industry	a6cb0026d1af9642724793c799bbc48dc189ba35	2019-07-19	product_release_id=1939	en	TASTING_NOTE	01ed89733383efb061dde6e2cfd666f1be15818bc12c24a4d7c0e62cebadc7d7	"{""external_release_key"":""1939"",""product_id"":""1860"",""raw_field_sha256"":""01ed89733383efb061dde6e2cfd666f1be15818bc12c24a4d7c0e62cebadc7d7"",""retention"":""dual-reviewed-short-phrases-only""}"	false	false	false	true	false	false	NO_PERSONAL_DATA	PUBLIC_DERIVED_ONLY	true
document.firstbloom.release_1945	github.firstbloom-data.a6cb0026	family.baseline.firstbloom-industry	a6cb0026d1af9642724793c799bbc48dc189ba35	2019-07-19	product_release_id=1945	en	TASTING_NOTE	0448afac10d8955df85cb805dc384171af8f976f88284e13b2cca559a0a6963d	"{""external_release_key"":""1945"",""product_id"":""1866"",""raw_field_sha256"":""0448afac10d8955df85cb805dc384171af8f976f88284e13b2cca559a0a6963d"",""retention"":""dual-reviewed-short-phrases-only""}"	false	false	false	true	false	false	NO_PERSONAL_DATA	PUBLIC_DERIVED_ONLY	true
document.firstbloom.release_1946	github.firstbloom-data.a6cb0026	family.baseline.firstbloom-industry	a6cb0026d1af9642724793c799bbc48dc189ba35	2019-07-19	product_release_id=1946	en	TASTING_NOTE	2806904735ede6a56a1c6f050aeb0626c3c21bf8b38c0fc5adbf9116ed51178d	"{""external_release_key"":""1946"",""product_id"":""1867"",""raw_field_sha256"":""2806904735ede6a56a1c6f050aeb0626c3c21bf8b38c0fc5adbf9116ed51178d"",""retention"":""dual-reviewed-short-phrases-only""}"	false	false	false	true	false	false	NO_PERSONAL_DATA	PUBLIC_DERIVED_ONLY	true
document.firstbloom.release_195	github.firstbloom-data.a6cb0026	family.baseline.firstbloom-industry	a6cb0026d1af9642724793c799bbc48dc189ba35	2018-08-24	product_release_id=195	en	TASTING_NOTE	884e7dbe8efa48c376f3610edd656ea0b3f9da6fe37c82a1f6c85ee4fb848ead	"{""external_release_key"":""195"",""product_id"":""222"",""raw_field_sha256"":""884e7dbe8efa48c376f3610edd656ea0b3f9da6fe37c82a1f6c85ee4fb848ead"",""retention"":""dual-reviewed-short-phrases-only""}"	false	false	false	true	false	false	NO_PERSONAL_DATA	PUBLIC_DERIVED_ONLY	true
document.firstbloom.release_1953	github.firstbloom-data.a6cb0026	family.baseline.firstbloom-industry	a6cb0026d1af9642724793c799bbc48dc189ba35	2019-07-19	product_release_id=1953	en	TASTING_NOTE	cd801b863ce9f5214a6b2f45795f04c3ee70568b4635fd33af8663352ee0e4c5	"{""external_release_key"":""1953"",""product_id"":""1872"",""raw_field_sha256"":""cd801b863ce9f5214a6b2f45795f04c3ee70568b4635fd33af8663352ee0e4c5"",""retention"":""dual-reviewed-short-phrases-only""}"	false	false	false	true	false	false	NO_PERSONAL_DATA	PUBLIC_DERIVED_ONLY	true
document.firstbloom.release_1955	github.firstbloom-data.a6cb0026	family.baseline.firstbloom-industry	a6cb0026d1af9642724793c799bbc48dc189ba35	2019-07-19	product_release_id=1955	en	TASTING_NOTE	4da1a148fd6af47a72eecce476fd64202431c556a7c1b976af8d972bb45f0d32	"{""external_release_key"":""1955"",""product_id"":""1874"",""raw_field_sha256"":""4da1a148fd6af47a72eecce476fd64202431c556a7c1b976af8d972bb45f0d32"",""retention"":""dual-reviewed-short-phrases-only""}"	false	false	false	true	false	false	NO_PERSONAL_DATA	PUBLIC_DERIVED_ONLY	true
document.firstbloom.release_1959	github.firstbloom-data.a6cb0026	family.baseline.firstbloom-industry	a6cb0026d1af9642724793c799bbc48dc189ba35	2019-07-19	product_release_id=1959	en	TASTING_NOTE	449fe1d4f8cdbc83bb1da9423177f7876824c1481b07edc9ef23260d2bcc6b84	"{""external_release_key"":""1959"",""product_id"":""1878"",""raw_field_sha256"":""449fe1d4f8cdbc83bb1da9423177f7876824c1481b07edc9ef23260d2bcc6b84"",""retention"":""dual-reviewed-short-phrases-only""}"	false	false	false	true	false	false	NO_PERSONAL_DATA	PUBLIC_DERIVED_ONLY	true
document.firstbloom.release_196	github.firstbloom-data.a6cb0026	family.baseline.firstbloom-industry	a6cb0026d1af9642724793c799bbc48dc189ba35	2018-08-24	product_release_id=196	en	TASTING_NOTE	d764c8d3ebd44b2eb72c51e0717c4903d9eeb27c8f9e7597304f58a8b6575454	"{""external_release_key"":""196"",""product_id"":""223"",""raw_field_sha256"":""d764c8d3ebd44b2eb72c51e0717c4903d9eeb27c8f9e7597304f58a8b6575454"",""retention"":""dual-reviewed-short-phrases-only""}"	false	false	false	true	false	false	NO_PERSONAL_DATA	PUBLIC_DERIVED_ONLY	true
document.firstbloom.release_1963	github.firstbloom-data.a6cb0026	family.baseline.firstbloom-industry	a6cb0026d1af9642724793c799bbc48dc189ba35	2019-07-20	product_release_id=1963	en	TASTING_NOTE	988a67446643c98b081594bd3fedc7e4540ea4c9293c92d52c161dbc0543c577	"{""external_release_key"":""1963"",""product_id"":""1882"",""raw_field_sha256"":""988a67446643c98b081594bd3fedc7e4540ea4c9293c92d52c161dbc0543c577"",""retention"":""dual-reviewed-short-phrases-only""}"	false	false	false	true	false	false	NO_PERSONAL_DATA	PUBLIC_DERIVED_ONLY	true
document.firstbloom.release_197	github.firstbloom-data.a6cb0026	family.baseline.firstbloom-industry	a6cb0026d1af9642724793c799bbc48dc189ba35	2018-08-24	product_release_id=197	en	TASTING_NOTE	1e65e1a62ea9ace3d03ce823959cd70c7a5a7e4750855b459534dd0e59158474	"{""external_release_key"":""197"",""product_id"":""224"",""raw_field_sha256"":""1e65e1a62ea9ace3d03ce823959cd70c7a5a7e4750855b459534dd0e59158474"",""retention"":""dual-reviewed-short-phrases-only""}"	false	false	false	true	false	false	NO_PERSONAL_DATA	PUBLIC_DERIVED_ONLY	true
document.firstbloom.release_1972	github.firstbloom-data.a6cb0026	family.baseline.firstbloom-industry	a6cb0026d1af9642724793c799bbc48dc189ba35	2019-07-20	product_release_id=1972	en	TASTING_NOTE	880a2944f4480ee3bf8e0d96ad59abda632757fdf1669611784f6a3d3c569fa1	"{""external_release_key"":""1972"",""product_id"":""1891"",""raw_field_sha256"":""880a2944f4480ee3bf8e0d96ad59abda632757fdf1669611784f6a3d3c569fa1"",""retention"":""dual-reviewed-short-phrases-only""}"	false	false	false	true	false	false	NO_PERSONAL_DATA	PUBLIC_DERIVED_ONLY	true
document.firstbloom.release_198	github.firstbloom-data.a6cb0026	family.baseline.firstbloom-industry	a6cb0026d1af9642724793c799bbc48dc189ba35	2018-08-24	product_release_id=198	en	TASTING_NOTE	36fa9e7eb13afc890030e069775afe207bced2768d61c206158ca695a39645b1	"{""external_release_key"":""198"",""product_id"":""225"",""raw_field_sha256"":""36fa9e7eb13afc890030e069775afe207bced2768d61c206158ca695a39645b1"",""retention"":""dual-reviewed-short-phrases-only""}"	false	false	false	true	false	false	NO_PERSONAL_DATA	PUBLIC_DERIVED_ONLY	true
document.firstbloom.release_1980	github.firstbloom-data.a6cb0026	family.baseline.firstbloom-industry	a6cb0026d1af9642724793c799bbc48dc189ba35	2019-07-20	product_release_id=1980	en	TASTING_NOTE	940c4c716bbb80917d1a858899196504ed71b0b528813c873e48ca590c157482	"{""external_release_key"":""1980"",""product_id"":""1899"",""raw_field_sha256"":""940c4c716bbb80917d1a858899196504ed71b0b528813c873e48ca590c157482"",""retention"":""dual-reviewed-short-phrases-only""}"	false	false	false	true	false	false	NO_PERSONAL_DATA	PUBLIC_DERIVED_ONLY	true
document.firstbloom.release_1985	github.firstbloom-data.a6cb0026	family.baseline.firstbloom-industry	a6cb0026d1af9642724793c799bbc48dc189ba35	2019-07-23	product_release_id=1985	en	TASTING_NOTE	96039177cf49144bb6bfbc57241fd2007972688ec2d727c71d0435157c5693fc	"{""external_release_key"":""1985"",""product_id"":""1904"",""raw_field_sha256"":""96039177cf49144bb6bfbc57241fd2007972688ec2d727c71d0435157c5693fc"",""retention"":""dual-reviewed-short-phrases-only""}"	false	false	false	true	false	false	NO_PERSONAL_DATA	PUBLIC_DERIVED_ONLY	true
document.firstbloom.release_1990	github.firstbloom-data.a6cb0026	family.baseline.firstbloom-industry	a6cb0026d1af9642724793c799bbc48dc189ba35	2019-07-24	product_release_id=1990	en	TASTING_NOTE	69ce6dfb3e601de4024138a093420a8366355a7577144c3ba484672ed6f28f40	"{""external_release_key"":""1990"",""product_id"":""1909"",""raw_field_sha256"":""69ce6dfb3e601de4024138a093420a8366355a7577144c3ba484672ed6f28f40"",""retention"":""dual-reviewed-short-phrases-only""}"	false	false	false	true	false	false	NO_PERSONAL_DATA	PUBLIC_DERIVED_ONLY	true
document.firstbloom.release_1991	github.firstbloom-data.a6cb0026	family.baseline.firstbloom-industry	a6cb0026d1af9642724793c799bbc48dc189ba35	2019-07-24	product_release_id=1991	en	TASTING_NOTE	66f6b9614355b384fb9d4bdcacd86464949e28276e93da400916741851dbb1d2	"{""external_release_key"":""1991"",""product_id"":""1910"",""raw_field_sha256"":""66f6b9614355b384fb9d4bdcacd86464949e28276e93da400916741851dbb1d2"",""retention"":""dual-reviewed-short-phrases-only""}"	false	false	false	true	false	false	NO_PERSONAL_DATA	PUBLIC_DERIVED_ONLY	true
document.firstbloom.release_1999	github.firstbloom-data.a6cb0026	family.baseline.firstbloom-industry	a6cb0026d1af9642724793c799bbc48dc189ba35	2019-07-24	product_release_id=1999	en	TASTING_NOTE	a999e4daa41111818f4af7336ee955f32aecfd0d4fac1591e15e118aa0fef0c2	"{""external_release_key"":""1999"",""product_id"":""88"",""raw_field_sha256"":""a999e4daa41111818f4af7336ee955f32aecfd0d4fac1591e15e118aa0fef0c2"",""retention"":""dual-reviewed-short-phrases-only""}"	false	false	false	true	false	false	NO_PERSONAL_DATA	PUBLIC_DERIVED_ONLY	true
document.firstbloom.release_200	github.firstbloom-data.a6cb0026	family.baseline.firstbloom-industry	a6cb0026d1af9642724793c799bbc48dc189ba35	2018-08-27	product_release_id=200	en	TASTING_NOTE	f7c8478eaa828404d1b1e5203021df8f1015f0b1aa56130f560eb31e5f37873b	"{""external_release_key"":""200"",""product_id"":""227"",""raw_field_sha256"":""f7c8478eaa828404d1b1e5203021df8f1015f0b1aa56130f560eb31e5f37873b"",""retention"":""dual-reviewed-short-phrases-only""}"	false	false	false	true	false	false	NO_PERSONAL_DATA	PUBLIC_DERIVED_ONLY	true
document.firstbloom.release_2004	github.firstbloom-data.a6cb0026	family.baseline.firstbloom-industry	a6cb0026d1af9642724793c799bbc48dc189ba35	2019-07-25	product_release_id=2004	en	TASTING_NOTE	0ca048e832d5526734ad3162e3cd3b5b2b0bd2f72204ec7e4ff532161a67e3c7	"{""external_release_key"":""2004"",""product_id"":""1919"",""raw_field_sha256"":""0ca048e832d5526734ad3162e3cd3b5b2b0bd2f72204ec7e4ff532161a67e3c7"",""retention"":""dual-reviewed-short-phrases-only""}"	false	false	false	true	false	false	NO_PERSONAL_DATA	PUBLIC_DERIVED_ONLY	true
document.firstbloom.release_2006	github.firstbloom-data.a6cb0026	family.baseline.firstbloom-industry	a6cb0026d1af9642724793c799bbc48dc189ba35	2019-07-25	product_release_id=2006	en	TASTING_NOTE	640761408b51285620aa77b8381200d568815f828ca469a126e68af6bc73ec59	"{""external_release_key"":""2006"",""product_id"":""600"",""raw_field_sha256"":""640761408b51285620aa77b8381200d568815f828ca469a126e68af6bc73ec59"",""retention"":""dual-reviewed-short-phrases-only""}"	false	false	false	true	false	false	NO_PERSONAL_DATA	PUBLIC_DERIVED_ONLY	true
document.firstbloom.release_2008	github.firstbloom-data.a6cb0026	family.baseline.firstbloom-industry	a6cb0026d1af9642724793c799bbc48dc189ba35	2019-07-25	product_release_id=2008	en	TASTING_NOTE	0c81f9a2469ae8c9b71c4be98ff67024d551c714e3e7438f839d06c7cf716871	"{""external_release_key"":""2008"",""product_id"":""1921"",""raw_field_sha256"":""0c81f9a2469ae8c9b71c4be98ff67024d551c714e3e7438f839d06c7cf716871"",""retention"":""dual-reviewed-short-phrases-only""}"	false	false	false	true	false	false	NO_PERSONAL_DATA	PUBLIC_DERIVED_ONLY	true
document.firstbloom.release_2009	github.firstbloom-data.a6cb0026	family.baseline.firstbloom-industry	a6cb0026d1af9642724793c799bbc48dc189ba35	2019-07-25	product_release_id=2009	en	TASTING_NOTE	43731aa3024a76696a0cd6390b3808592a2b230f70e51b323fe0e50d19cf0233	"{""external_release_key"":""2009"",""product_id"":""1922"",""raw_field_sha256"":""43731aa3024a76696a0cd6390b3808592a2b230f70e51b323fe0e50d19cf0233"",""retention"":""dual-reviewed-short-phrases-only""}"	false	false	false	true	false	false	NO_PERSONAL_DATA	PUBLIC_DERIVED_ONLY	true
document.firstbloom.release_2012	github.firstbloom-data.a6cb0026	family.baseline.firstbloom-industry	a6cb0026d1af9642724793c799bbc48dc189ba35	2019-07-25	product_release_id=2012	en	TASTING_NOTE	1166269620351fa0fc692cdca0057af6d4ef70de8023d5a980274b42ecd3b3fa	"{""external_release_key"":""2012"",""product_id"":""1925"",""raw_field_sha256"":""1166269620351fa0fc692cdca0057af6d4ef70de8023d5a980274b42ecd3b3fa"",""retention"":""dual-reviewed-short-phrases-only""}"	false	false	false	true	false	false	NO_PERSONAL_DATA	PUBLIC_DERIVED_ONLY	true
document.firstbloom.release_2013	github.firstbloom-data.a6cb0026	family.baseline.firstbloom-industry	a6cb0026d1af9642724793c799bbc48dc189ba35	2019-07-25	product_release_id=2013	en	TASTING_NOTE	3f46c5c1776459f5a0c3dc4ec3a89e83f4ebedda41c8a817457f607fb76160e6	"{""external_release_key"":""2013"",""product_id"":""1926"",""raw_field_sha256"":""3f46c5c1776459f5a0c3dc4ec3a89e83f4ebedda41c8a817457f607fb76160e6"",""retention"":""dual-reviewed-short-phrases-only""}"	false	false	false	true	false	false	NO_PERSONAL_DATA	PUBLIC_DERIVED_ONLY	true
document.firstbloom.release_2016	github.firstbloom-data.a6cb0026	family.baseline.firstbloom-industry	a6cb0026d1af9642724793c799bbc48dc189ba35	2019-07-25	product_release_id=2016	en	TASTING_NOTE	0ff329dc3ac5e9c0f30f247fad9f5b33e54099be115df393f86497cec9ece151	"{""external_release_key"":""2016"",""product_id"":""1929"",""raw_field_sha256"":""0ff329dc3ac5e9c0f30f247fad9f5b33e54099be115df393f86497cec9ece151"",""retention"":""dual-reviewed-short-phrases-only""}"	false	false	false	true	false	false	NO_PERSONAL_DATA	PUBLIC_DERIVED_ONLY	true
document.firstbloom.release_2018	github.firstbloom-data.a6cb0026	family.baseline.firstbloom-industry	a6cb0026d1af9642724793c799bbc48dc189ba35	2019-07-26	product_release_id=2018	en	TASTING_NOTE	59f545853c4d4b9375ead192e94488f27606f979b8ae1a579129526db9293868	"{""external_release_key"":""2018"",""product_id"":""1931"",""raw_field_sha256"":""59f545853c4d4b9375ead192e94488f27606f979b8ae1a579129526db9293868"",""retention"":""dual-reviewed-short-phrases-only""}"	false	false	false	true	false	false	NO_PERSONAL_DATA	PUBLIC_DERIVED_ONLY	true
document.firstbloom.release_202	github.firstbloom-data.a6cb0026	family.baseline.firstbloom-industry	a6cb0026d1af9642724793c799bbc48dc189ba35	2018-08-27	product_release_id=202	en	TASTING_NOTE	056a736bb49c3338ba9e152a844fef2cade288dfb247cbe993853640d489fd28	"{""external_release_key"":""202"",""product_id"":""229"",""raw_field_sha256"":""056a736bb49c3338ba9e152a844fef2cade288dfb247cbe993853640d489fd28"",""retention"":""dual-reviewed-short-phrases-only""}"	false	false	false	true	false	false	NO_PERSONAL_DATA	PUBLIC_DERIVED_ONLY	true
document.firstbloom.release_2027	github.firstbloom-data.a6cb0026	family.baseline.firstbloom-industry	a6cb0026d1af9642724793c799bbc48dc189ba35	2019-07-28	product_release_id=2027	en	TASTING_NOTE	cc93722723a691eaaf3f47bc9c3c2f722cf9ec4edd63aff05c91d3412a933890	"{""external_release_key"":""2027"",""product_id"":""1940"",""raw_field_sha256"":""cc93722723a691eaaf3f47bc9c3c2f722cf9ec4edd63aff05c91d3412a933890"",""retention"":""dual-reviewed-short-phrases-only""}"	false	false	false	true	false	false	NO_PERSONAL_DATA	PUBLIC_DERIVED_ONLY	true
document.firstbloom.release_203	github.firstbloom-data.a6cb0026	family.baseline.firstbloom-industry	a6cb0026d1af9642724793c799bbc48dc189ba35	2018-08-27	product_release_id=203	en	TASTING_NOTE	c32081302657437f45d600eb2aa2c02cfef92ac975e0d715b9e976c831e26e78	"{""external_release_key"":""203"",""product_id"":""230"",""raw_field_sha256"":""c32081302657437f45d600eb2aa2c02cfef92ac975e0d715b9e976c831e26e78"",""retention"":""dual-reviewed-short-phrases-only""}"	false	false	false	true	false	false	NO_PERSONAL_DATA	PUBLIC_DERIVED_ONLY	true
document.firstbloom.release_2031	github.firstbloom-data.a6cb0026	family.baseline.firstbloom-industry	a6cb0026d1af9642724793c799bbc48dc189ba35	2019-07-28	product_release_id=2031	en	TASTING_NOTE	e60044e5e12ccc3006d0093094fa8628fcf7b237ead4db4a7c551e537eabbe6d	"{""external_release_key"":""2031"",""product_id"":""1944"",""raw_field_sha256"":""e60044e5e12ccc3006d0093094fa8628fcf7b237ead4db4a7c551e537eabbe6d"",""retention"":""dual-reviewed-short-phrases-only""}"	false	false	false	true	false	false	NO_PERSONAL_DATA	PUBLIC_DERIVED_ONLY	true
document.firstbloom.release_2042	github.firstbloom-data.a6cb0026	family.baseline.firstbloom-industry	a6cb0026d1af9642724793c799bbc48dc189ba35	2019-07-29	product_release_id=2042	en	TASTING_NOTE	955456bf4c5f0b6492ee01c7aff21fd56a4a5078f4b10d9cf8f62bd10172101b	"{""external_release_key"":""2042"",""product_id"":""1955"",""raw_field_sha256"":""955456bf4c5f0b6492ee01c7aff21fd56a4a5078f4b10d9cf8f62bd10172101b"",""retention"":""dual-reviewed-short-phrases-only""}"	false	false	false	true	false	false	NO_PERSONAL_DATA	PUBLIC_DERIVED_ONLY	true
document.firstbloom.release_2051	github.firstbloom-data.a6cb0026	family.baseline.firstbloom-industry	a6cb0026d1af9642724793c799bbc48dc189ba35	2019-07-29	product_release_id=2051	en	TASTING_NOTE	320ad4bb307df173163dbcc1b5dd17edbc67891e74392b092b8faec397de9eee	"{""external_release_key"":""2051"",""product_id"":""1962"",""raw_field_sha256"":""320ad4bb307df173163dbcc1b5dd17edbc67891e74392b092b8faec397de9eee"",""retention"":""dual-reviewed-short-phrases-only""}"	false	false	false	true	false	false	NO_PERSONAL_DATA	PUBLIC_DERIVED_ONLY	true
document.firstbloom.release_2058	github.firstbloom-data.a6cb0026	family.baseline.firstbloom-industry	a6cb0026d1af9642724793c799bbc48dc189ba35	2019-07-29	product_release_id=2058	en	TASTING_NOTE	c08f81dacbba781d1508b91193437650c900b2eb421ad6bbc491f2897cd15226	"{""external_release_key"":""2058"",""product_id"":""1969"",""raw_field_sha256"":""c08f81dacbba781d1508b91193437650c900b2eb421ad6bbc491f2897cd15226"",""retention"":""dual-reviewed-short-phrases-only""}"	false	false	false	true	false	false	NO_PERSONAL_DATA	PUBLIC_DERIVED_ONLY	true
document.firstbloom.release_2062	github.firstbloom-data.a6cb0026	family.baseline.firstbloom-industry	a6cb0026d1af9642724793c799bbc48dc189ba35	2019-07-29	product_release_id=2062	en	TASTING_NOTE	c684a22ef5322af1e0d625a7a5052e8581ebe05dd833ecc6ff5fedce52bae151	"{""external_release_key"":""2062"",""product_id"":""1973"",""raw_field_sha256"":""c684a22ef5322af1e0d625a7a5052e8581ebe05dd833ecc6ff5fedce52bae151"",""retention"":""dual-reviewed-short-phrases-only""}"	false	false	false	true	false	false	NO_PERSONAL_DATA	PUBLIC_DERIVED_ONLY	true
document.firstbloom.release_2073	github.firstbloom-data.a6cb0026	family.baseline.firstbloom-industry	a6cb0026d1af9642724793c799bbc48dc189ba35	2019-07-30	product_release_id=2073	en	TASTING_NOTE	1c29e837936a7ee8c45f3e0d851b9822169f030f18e6cb14d919db9a5acea3bc	"{""external_release_key"":""2073"",""product_id"":""1979"",""raw_field_sha256"":""1c29e837936a7ee8c45f3e0d851b9822169f030f18e6cb14d919db9a5acea3bc"",""retention"":""dual-reviewed-short-phrases-only""}"	false	false	false	true	false	false	NO_PERSONAL_DATA	PUBLIC_DERIVED_ONLY	true
document.firstbloom.release_2076	github.firstbloom-data.a6cb0026	family.baseline.firstbloom-industry	a6cb0026d1af9642724793c799bbc48dc189ba35	2019-07-31	product_release_id=2076	en	TASTING_NOTE	a6f306f1e101264cd0123d2772975a00bd439e1c78b5b0e88396a22f93fe16a8	"{""external_release_key"":""2076"",""product_id"":""1981"",""raw_field_sha256"":""a6f306f1e101264cd0123d2772975a00bd439e1c78b5b0e88396a22f93fe16a8"",""retention"":""dual-reviewed-short-phrases-only""}"	false	false	false	true	false	false	NO_PERSONAL_DATA	PUBLIC_DERIVED_ONLY	true
document.firstbloom.release_2077	github.firstbloom-data.a6cb0026	family.baseline.firstbloom-industry	a6cb0026d1af9642724793c799bbc48dc189ba35	2019-07-31	product_release_id=2077	en	TASTING_NOTE	a5984667617a27bbd1dc6b8108a2ca89059b29cc99a3921603671a98c795bfd7	"{""external_release_key"":""2077"",""product_id"":""1982"",""raw_field_sha256"":""a5984667617a27bbd1dc6b8108a2ca89059b29cc99a3921603671a98c795bfd7"",""retention"":""dual-reviewed-short-phrases-only""}"	false	false	false	true	false	false	NO_PERSONAL_DATA	PUBLIC_DERIVED_ONLY	true
document.firstbloom.release_2078	github.firstbloom-data.a6cb0026	family.baseline.firstbloom-industry	a6cb0026d1af9642724793c799bbc48dc189ba35	2019-07-31	product_release_id=2078	en	TASTING_NOTE	6ed4dfdb9595039bb9eccbe1ec154574acc97a6993fa037948d88dd1819dfbe3	"{""external_release_key"":""2078"",""product_id"":""1983"",""raw_field_sha256"":""6ed4dfdb9595039bb9eccbe1ec154574acc97a6993fa037948d88dd1819dfbe3"",""retention"":""dual-reviewed-short-phrases-only""}"	false	false	false	true	false	false	NO_PERSONAL_DATA	PUBLIC_DERIVED_ONLY	true
document.firstbloom.release_2079	github.firstbloom-data.a6cb0026	family.baseline.firstbloom-industry	a6cb0026d1af9642724793c799bbc48dc189ba35	2019-07-31	product_release_id=2079	en	TASTING_NOTE	e50da40b5d6f0e91b44cdf105f1626f215c6826f5fb7e01484df50eacb07ff49	"{""external_release_key"":""2079"",""product_id"":""1984"",""raw_field_sha256"":""e50da40b5d6f0e91b44cdf105f1626f215c6826f5fb7e01484df50eacb07ff49"",""retention"":""dual-reviewed-short-phrases-only""}"	false	false	false	true	false	false	NO_PERSONAL_DATA	PUBLIC_DERIVED_ONLY	true
document.firstbloom.release_208	github.firstbloom-data.a6cb0026	family.baseline.firstbloom-industry	a6cb0026d1af9642724793c799bbc48dc189ba35	2018-08-28	product_release_id=208	en	TASTING_NOTE	dcf3029b46287e69ed5cdc8eeb8528bd6293007f1ff2f40557794fc894dfca2f	"{""external_release_key"":""208"",""product_id"":""235"",""raw_field_sha256"":""dcf3029b46287e69ed5cdc8eeb8528bd6293007f1ff2f40557794fc894dfca2f"",""retention"":""dual-reviewed-short-phrases-only""}"	false	false	false	true	false	false	NO_PERSONAL_DATA	PUBLIC_DERIVED_ONLY	true
document.firstbloom.release_2087	github.firstbloom-data.a6cb0026	family.baseline.firstbloom-industry	a6cb0026d1af9642724793c799bbc48dc189ba35	2019-07-31	product_release_id=2087	en	TASTING_NOTE	5a0da699be440cf99986dd409bd05e92511cd98f3285a7249f0fca2ac0914cc6	"{""external_release_key"":""2087"",""product_id"":""1990"",""raw_field_sha256"":""5a0da699be440cf99986dd409bd05e92511cd98f3285a7249f0fca2ac0914cc6"",""retention"":""dual-reviewed-short-phrases-only""}"	false	false	false	true	false	false	NO_PERSONAL_DATA	PUBLIC_DERIVED_ONLY	true
document.firstbloom.release_209	github.firstbloom-data.a6cb0026	family.baseline.firstbloom-industry	a6cb0026d1af9642724793c799bbc48dc189ba35	2018-08-28	product_release_id=209	en	TASTING_NOTE	ae4149ae85a24f3679a979fec7c60bf2095b50255b62635f17c3cebf20235dc8	"{""external_release_key"":""209"",""product_id"":""72"",""raw_field_sha256"":""ae4149ae85a24f3679a979fec7c60bf2095b50255b62635f17c3cebf20235dc8"",""retention"":""dual-reviewed-short-phrases-only""}"	false	false	false	true	false	false	NO_PERSONAL_DATA	PUBLIC_DERIVED_ONLY	true
document.firstbloom.release_2094	github.firstbloom-data.a6cb0026	family.baseline.firstbloom-industry	a6cb0026d1af9642724793c799bbc48dc189ba35	2019-08-02	product_release_id=2094	en	TASTING_NOTE	759268337cdafa819d17b19a50afb2479ffdb1a86fff772fc5ba2a30fbdf0b07	"{""external_release_key"":""2094"",""product_id"":""1997"",""raw_field_sha256"":""759268337cdafa819d17b19a50afb2479ffdb1a86fff772fc5ba2a30fbdf0b07"",""retention"":""dual-reviewed-short-phrases-only""}"	false	false	false	true	false	false	NO_PERSONAL_DATA	PUBLIC_DERIVED_ONLY	true
document.firstbloom.release_21	github.firstbloom-data.a6cb0026	family.baseline.firstbloom-industry	a6cb0026d1af9642724793c799bbc48dc189ba35	2017-12-29	product_release_id=21	en	TASTING_NOTE	abb5a5a5e00a323b4ef2666f347acdba469b8991d5b5a61f4dfe451ea8bf856a	"{""external_release_key"":""21"",""product_id"":""36"",""raw_field_sha256"":""abb5a5a5e00a323b4ef2666f347acdba469b8991d5b5a61f4dfe451ea8bf856a"",""retention"":""dual-reviewed-short-phrases-only""}"	false	false	false	true	false	false	NO_PERSONAL_DATA	PUBLIC_DERIVED_ONLY	true
document.firstbloom.release_212	github.firstbloom-data.a6cb0026	family.baseline.firstbloom-industry	a6cb0026d1af9642724793c799bbc48dc189ba35	2018-08-28	product_release_id=212	en	TASTING_NOTE	37a4f90c6687d9f732c16f35cee5e2174c8a5e1223e96deffcecda66c5de7ecd	"{""external_release_key"":""212"",""product_id"":""238"",""raw_field_sha256"":""37a4f90c6687d9f732c16f35cee5e2174c8a5e1223e96deffcecda66c5de7ecd"",""retention"":""dual-reviewed-short-phrases-only""}"	false	false	false	true	false	false	NO_PERSONAL_DATA	PUBLIC_DERIVED_ONLY	true
document.firstbloom.release_2122	github.firstbloom-data.a6cb0026	family.baseline.firstbloom-industry	a6cb0026d1af9642724793c799bbc48dc189ba35	2019-08-05	product_release_id=2122	en	TASTING_NOTE	e7bdb7e5e6042c1f44a2f80604c49ed5a0aca6451347c698bf11ac963dbbc110	"{""external_release_key"":""2122"",""product_id"":""290"",""raw_field_sha256"":""e7bdb7e5e6042c1f44a2f80604c49ed5a0aca6451347c698bf11ac963dbbc110"",""retention"":""dual-reviewed-short-phrases-only""}"	false	false	false	true	false	false	NO_PERSONAL_DATA	PUBLIC_DERIVED_ONLY	true
document.firstbloom.release_2123	github.firstbloom-data.a6cb0026	family.baseline.firstbloom-industry	a6cb0026d1af9642724793c799bbc48dc189ba35	2019-08-05	product_release_id=2123	en	TASTING_NOTE	3c776f262e501e25c368b305f93d4a956449f416144cc317e94429dd979ed240	"{""external_release_key"":""2123"",""product_id"":""288"",""raw_field_sha256"":""3c776f262e501e25c368b305f93d4a956449f416144cc317e94429dd979ed240"",""retention"":""dual-reviewed-short-phrases-only""}"	false	false	false	true	false	false	NO_PERSONAL_DATA	PUBLIC_DERIVED_ONLY	true
document.firstbloom.release_2124	github.firstbloom-data.a6cb0026	family.baseline.firstbloom-industry	a6cb0026d1af9642724793c799bbc48dc189ba35	2019-08-05	product_release_id=2124	en	TASTING_NOTE	ce0496ca06f32b9f7fa8f5c24541f22113949e7c73c121b4d05fa5ac924e7678	"{""external_release_key"":""2124"",""product_id"":""2022"",""raw_field_sha256"":""ce0496ca06f32b9f7fa8f5c24541f22113949e7c73c121b4d05fa5ac924e7678"",""retention"":""dual-reviewed-short-phrases-only""}"	false	false	false	true	false	false	NO_PERSONAL_DATA	PUBLIC_DERIVED_ONLY	true
document.firstbloom.release_2126	github.firstbloom-data.a6cb0026	family.baseline.firstbloom-industry	a6cb0026d1af9642724793c799bbc48dc189ba35	2019-08-05	product_release_id=2126	en	TASTING_NOTE	ea4eb601e91147f90ca128eda4f36dedf3420536e0a78943cd0168fec175fab9	"{""external_release_key"":""2126"",""product_id"":""294"",""raw_field_sha256"":""ea4eb601e91147f90ca128eda4f36dedf3420536e0a78943cd0168fec175fab9"",""retention"":""dual-reviewed-short-phrases-only""}"	false	false	false	true	false	false	NO_PERSONAL_DATA	PUBLIC_DERIVED_ONLY	true
document.firstbloom.release_2128	github.firstbloom-data.a6cb0026	family.baseline.firstbloom-industry	a6cb0026d1af9642724793c799bbc48dc189ba35	2019-08-05	product_release_id=2128	en	TASTING_NOTE	ec3ac9e874ffee8b245172cc3e741aeac6e03e466dfb8efa7670fddd888196fe	"{""external_release_key"":""2128"",""product_id"":""1123"",""raw_field_sha256"":""ec3ac9e874ffee8b245172cc3e741aeac6e03e466dfb8efa7670fddd888196fe"",""retention"":""dual-reviewed-short-phrases-only""}"	false	false	false	true	false	false	NO_PERSONAL_DATA	PUBLIC_DERIVED_ONLY	true
document.firstbloom.release_213	github.firstbloom-data.a6cb0026	family.baseline.firstbloom-industry	a6cb0026d1af9642724793c799bbc48dc189ba35	2018-08-28	product_release_id=213	en	TASTING_NOTE	37a4f90c6687d9f732c16f35cee5e2174c8a5e1223e96deffcecda66c5de7ecd	"{""external_release_key"":""213"",""product_id"":""239"",""raw_field_sha256"":""37a4f90c6687d9f732c16f35cee5e2174c8a5e1223e96deffcecda66c5de7ecd"",""retention"":""dual-reviewed-short-phrases-only""}"	false	false	false	true	false	false	NO_PERSONAL_DATA	PUBLIC_DERIVED_ONLY	true
document.firstbloom.release_2130	github.firstbloom-data.a6cb0026	family.baseline.firstbloom-industry	a6cb0026d1af9642724793c799bbc48dc189ba35	2019-08-05	product_release_id=2130	en	TASTING_NOTE	beadce2cee9af74ebd5d1b8653f0881ed7458382d55f29b7f667d227b0433a96	"{""external_release_key"":""2130"",""product_id"":""2025"",""raw_field_sha256"":""beadce2cee9af74ebd5d1b8653f0881ed7458382d55f29b7f667d227b0433a96"",""retention"":""dual-reviewed-short-phrases-only""}"	false	false	false	true	false	false	NO_PERSONAL_DATA	PUBLIC_DERIVED_ONLY	true
document.firstbloom.release_2132	github.firstbloom-data.a6cb0026	family.baseline.firstbloom-industry	a6cb0026d1af9642724793c799bbc48dc189ba35	2019-08-05	product_release_id=2132	en	TASTING_NOTE	0abeec61aa11b9124bad98ee00325af13aa49844ace57b9f7b166a00e977024e	"{""external_release_key"":""2132"",""product_id"":""638"",""raw_field_sha256"":""0abeec61aa11b9124bad98ee00325af13aa49844ace57b9f7b166a00e977024e"",""retention"":""dual-reviewed-short-phrases-only""}"	false	false	false	true	false	false	NO_PERSONAL_DATA	PUBLIC_DERIVED_ONLY	true
document.firstbloom.release_2133	github.firstbloom-data.a6cb0026	family.baseline.firstbloom-industry	a6cb0026d1af9642724793c799bbc48dc189ba35	2019-08-05	product_release_id=2133	en	TASTING_NOTE	aba54c894c5b18fbcaa0f5b03fd512ac6b27121a07dca0b5fde8d8dae5347dba	"{""external_release_key"":""2133"",""product_id"":""2027"",""raw_field_sha256"":""aba54c894c5b18fbcaa0f5b03fd512ac6b27121a07dca0b5fde8d8dae5347dba"",""retention"":""dual-reviewed-short-phrases-only""}"	false	false	false	true	false	false	NO_PERSONAL_DATA	PUBLIC_DERIVED_ONLY	true
document.firstbloom.release_2135	github.firstbloom-data.a6cb0026	family.baseline.firstbloom-industry	a6cb0026d1af9642724793c799bbc48dc189ba35	2019-08-06	product_release_id=2135	en	TASTING_NOTE	e5287b17c7a0ee23819424a0c3a8e9fe06c991401c83a79b3a0beec92d315e73	"{""external_release_key"":""2135"",""product_id"":""2029"",""raw_field_sha256"":""e5287b17c7a0ee23819424a0c3a8e9fe06c991401c83a79b3a0beec92d315e73"",""retention"":""dual-reviewed-short-phrases-only""}"	false	false	false	true	false	false	NO_PERSONAL_DATA	PUBLIC_DERIVED_ONLY	true
document.firstbloom.release_2152	github.firstbloom-data.a6cb0026	family.baseline.firstbloom-industry	a6cb0026d1af9642724793c799bbc48dc189ba35	2019-08-07	product_release_id=2152	en	TASTING_NOTE	8050a80be762be045e9305152ed38c8ea18904332c77454671c0f11329c09270	"{""external_release_key"":""2152"",""product_id"":""2046"",""raw_field_sha256"":""8050a80be762be045e9305152ed38c8ea18904332c77454671c0f11329c09270"",""retention"":""dual-reviewed-short-phrases-only""}"	false	false	false	true	false	false	NO_PERSONAL_DATA	PUBLIC_DERIVED_ONLY	true
document.firstbloom.release_216	github.firstbloom-data.a6cb0026	family.baseline.firstbloom-industry	a6cb0026d1af9642724793c799bbc48dc189ba35	2018-08-28	product_release_id=216	en	TASTING_NOTE	cd489c0b3a94ec1d199dc18f08970713e6a3b2ab26bea29dd87fc3bb04586f33	"{""external_release_key"":""216"",""product_id"":""242"",""raw_field_sha256"":""cd489c0b3a94ec1d199dc18f08970713e6a3b2ab26bea29dd87fc3bb04586f33"",""retention"":""dual-reviewed-short-phrases-only""}"	false	false	false	true	false	false	NO_PERSONAL_DATA	PUBLIC_DERIVED_ONLY	true
document.firstbloom.release_2161	github.firstbloom-data.a6cb0026	family.baseline.firstbloom-industry	a6cb0026d1af9642724793c799bbc48dc189ba35	2019-08-07	product_release_id=2161	en	TASTING_NOTE	c08e21e58bebf6b55a641ffaac882175157869629a6e76e5b5866463bc3d4d23	"{""external_release_key"":""2161"",""product_id"":""2054"",""raw_field_sha256"":""c08e21e58bebf6b55a641ffaac882175157869629a6e76e5b5866463bc3d4d23"",""retention"":""dual-reviewed-short-phrases-only""}"	false	false	false	true	false	false	NO_PERSONAL_DATA	PUBLIC_DERIVED_ONLY	true
document.firstbloom.release_217	github.firstbloom-data.a6cb0026	family.baseline.firstbloom-industry	a6cb0026d1af9642724793c799bbc48dc189ba35	2018-08-28	product_release_id=217	en	TASTING_NOTE	02a198b9921c645c691fb7df0d62dd44febc734052ac084a37cfe36da222c7a2	"{""external_release_key"":""217"",""product_id"":""243"",""raw_field_sha256"":""02a198b9921c645c691fb7df0d62dd44febc734052ac084a37cfe36da222c7a2"",""retention"":""dual-reviewed-short-phrases-only""}"	false	false	false	true	false	false	NO_PERSONAL_DATA	PUBLIC_DERIVED_ONLY	true
document.firstbloom.release_218	github.firstbloom-data.a6cb0026	family.baseline.firstbloom-industry	a6cb0026d1af9642724793c799bbc48dc189ba35	2018-08-28	product_release_id=218	en	TASTING_NOTE	0840b7ca6a8677185dc682b1c8062af955bfddebb3aa744e14e04fb8a93d0f2d	"{""external_release_key"":""218"",""product_id"":""244"",""raw_field_sha256"":""0840b7ca6a8677185dc682b1c8062af955bfddebb3aa744e14e04fb8a93d0f2d"",""retention"":""dual-reviewed-short-phrases-only""}"	false	false	false	true	false	false	NO_PERSONAL_DATA	PUBLIC_DERIVED_ONLY	true
document.firstbloom.release_219	github.firstbloom-data.a6cb0026	family.baseline.firstbloom-industry	a6cb0026d1af9642724793c799bbc48dc189ba35	2018-08-28	product_release_id=219	en	TASTING_NOTE	1b5862868881cc351eaee7800b680613b8788f745c4bb94a53e581fbfb0f2a96	"{""external_release_key"":""219"",""product_id"":""245"",""raw_field_sha256"":""1b5862868881cc351eaee7800b680613b8788f745c4bb94a53e581fbfb0f2a96"",""retention"":""dual-reviewed-short-phrases-only""}"	false	false	false	true	false	false	NO_PERSONAL_DATA	PUBLIC_DERIVED_ONLY	true
document.firstbloom.release_2190	github.firstbloom-data.a6cb0026	family.baseline.firstbloom-industry	a6cb0026d1af9642724793c799bbc48dc189ba35	2019-08-09	product_release_id=2190	en	TASTING_NOTE	90c1256ff9ef6b4f16a0823ccc2607cd93b7cfa4c712b5d4902140b718f7f9a1	"{""external_release_key"":""2190"",""product_id"":""2081"",""raw_field_sha256"":""90c1256ff9ef6b4f16a0823ccc2607cd93b7cfa4c712b5d4902140b718f7f9a1"",""retention"":""dual-reviewed-short-phrases-only""}"	false	false	false	true	false	false	NO_PERSONAL_DATA	PUBLIC_DERIVED_ONLY	true
document.firstbloom.release_2196	github.firstbloom-data.a6cb0026	family.baseline.firstbloom-industry	a6cb0026d1af9642724793c799bbc48dc189ba35	2019-08-11	product_release_id=2196	en	TASTING_NOTE	2c091596da8b8b0f1a1136122ef9d64f029639f721626fb49d38e95e286f0c35	"{""external_release_key"":""2196"",""product_id"":""1614"",""raw_field_sha256"":""2c091596da8b8b0f1a1136122ef9d64f029639f721626fb49d38e95e286f0c35"",""retention"":""dual-reviewed-short-phrases-only""}"	false	false	false	true	false	false	NO_PERSONAL_DATA	PUBLIC_DERIVED_ONLY	true
document.firstbloom.release_220	github.firstbloom-data.a6cb0026	family.baseline.firstbloom-industry	a6cb0026d1af9642724793c799bbc48dc189ba35	2018-08-30	product_release_id=220	en	TASTING_NOTE	9bed513ecb660d02f0bac8406526d535e28996375ef3b04d887f447547ee7f20	"{""external_release_key"":""220"",""product_id"":""246"",""raw_field_sha256"":""9bed513ecb660d02f0bac8406526d535e28996375ef3b04d887f447547ee7f20"",""retention"":""dual-reviewed-short-phrases-only""}"	false	false	false	true	false	false	NO_PERSONAL_DATA	PUBLIC_DERIVED_ONLY	true
document.firstbloom.release_2201	github.firstbloom-data.a6cb0026	family.baseline.firstbloom-industry	a6cb0026d1af9642724793c799bbc48dc189ba35	2019-08-11	product_release_id=2201	en	TASTING_NOTE	2bbc6515461f6b0663939d6bc995567430fc7622a02ca3b55c6724f854796d68	"{""external_release_key"":""2201"",""product_id"":""2091"",""raw_field_sha256"":""2bbc6515461f6b0663939d6bc995567430fc7622a02ca3b55c6724f854796d68"",""retention"":""dual-reviewed-short-phrases-only""}"	false	false	false	true	false	false	NO_PERSONAL_DATA	PUBLIC_DERIVED_ONLY	true
document.firstbloom.release_2211	github.firstbloom-data.a6cb0026	family.baseline.firstbloom-industry	a6cb0026d1af9642724793c799bbc48dc189ba35	2019-08-11	product_release_id=2211	en	TASTING_NOTE	3b6e48f10661f8ae0522a0e81a8cb194fe29d25ed0ef14bc403d515c6a336e91	"{""external_release_key"":""2211"",""product_id"":""2101"",""raw_field_sha256"":""3b6e48f10661f8ae0522a0e81a8cb194fe29d25ed0ef14bc403d515c6a336e91"",""retention"":""dual-reviewed-short-phrases-only""}"	false	false	false	true	false	false	NO_PERSONAL_DATA	PUBLIC_DERIVED_ONLY	true
document.firstbloom.release_222	github.firstbloom-data.a6cb0026	family.baseline.firstbloom-industry	a6cb0026d1af9642724793c799bbc48dc189ba35	2018-08-30	product_release_id=222	en	TASTING_NOTE	0fdfcab3588472de56a0343c1538f86085fc7fadfe66ac1a538087042fc34dd2	"{""external_release_key"":""222"",""product_id"":""248"",""raw_field_sha256"":""0fdfcab3588472de56a0343c1538f86085fc7fadfe66ac1a538087042fc34dd2"",""retention"":""dual-reviewed-short-phrases-only""}"	false	false	false	true	false	false	NO_PERSONAL_DATA	PUBLIC_DERIVED_ONLY	true
document.firstbloom.release_2228	github.firstbloom-data.a6cb0026	family.baseline.firstbloom-industry	a6cb0026d1af9642724793c799bbc48dc189ba35	2019-08-12	product_release_id=2228	en	TASTING_NOTE	ba0db1a08cddf9c33ac92fedc3f8185886ec92d4f034cab16dd5957279ebe723	"{""external_release_key"":""2228"",""product_id"":""2114"",""raw_field_sha256"":""ba0db1a08cddf9c33ac92fedc3f8185886ec92d4f034cab16dd5957279ebe723"",""retention"":""dual-reviewed-short-phrases-only""}"	false	false	false	true	false	false	NO_PERSONAL_DATA	PUBLIC_DERIVED_ONLY	true
document.firstbloom.release_2229	github.firstbloom-data.a6cb0026	family.baseline.firstbloom-industry	a6cb0026d1af9642724793c799bbc48dc189ba35	2019-08-12	product_release_id=2229	en	TASTING_NOTE	7c806e6d056a01a7c16efdd2dc730af7ae6d0ca2674ed5aeb52b3172d538f613	"{""external_release_key"":""2229"",""product_id"":""2115"",""raw_field_sha256"":""7c806e6d056a01a7c16efdd2dc730af7ae6d0ca2674ed5aeb52b3172d538f613"",""retention"":""dual-reviewed-short-phrases-only""}"	false	false	false	true	false	false	NO_PERSONAL_DATA	PUBLIC_DERIVED_ONLY	true
document.firstbloom.release_223	github.firstbloom-data.a6cb0026	family.baseline.firstbloom-industry	a6cb0026d1af9642724793c799bbc48dc189ba35	2018-08-30	product_release_id=223	en	TASTING_NOTE	9767e911c9fbca8f5a9f05f2d952819d4692b4892a30d92ae5a37f91d61c9215	"{""external_release_key"":""223"",""product_id"":""249"",""raw_field_sha256"":""9767e911c9fbca8f5a9f05f2d952819d4692b4892a30d92ae5a37f91d61c9215"",""retention"":""dual-reviewed-short-phrases-only""}"	false	false	false	true	false	false	NO_PERSONAL_DATA	PUBLIC_DERIVED_ONLY	true
document.firstbloom.release_2230	github.firstbloom-data.a6cb0026	family.baseline.firstbloom-industry	a6cb0026d1af9642724793c799bbc48dc189ba35	2019-08-12	product_release_id=2230	en	TASTING_NOTE	1f06cd3606d140b0f2a680b79cb239993e675542b2f015f46831f143ea2fd74a	"{""external_release_key"":""2230"",""product_id"":""2116"",""raw_field_sha256"":""1f06cd3606d140b0f2a680b79cb239993e675542b2f015f46831f143ea2fd74a"",""retention"":""dual-reviewed-short-phrases-only""}"	false	false	false	true	false	false	NO_PERSONAL_DATA	PUBLIC_DERIVED_ONLY	true
document.firstbloom.release_2231	github.firstbloom-data.a6cb0026	family.baseline.firstbloom-industry	a6cb0026d1af9642724793c799bbc48dc189ba35	2019-08-12	product_release_id=2231	en	TASTING_NOTE	84acae8df36d8f9bf6cc806add5234c47f727e9fdd56152303f82ad591c04cc0	"{""external_release_key"":""2231"",""product_id"":""2117"",""raw_field_sha256"":""84acae8df36d8f9bf6cc806add5234c47f727e9fdd56152303f82ad591c04cc0"",""retention"":""dual-reviewed-short-phrases-only""}"	false	false	false	true	false	false	NO_PERSONAL_DATA	PUBLIC_DERIVED_ONLY	true
document.firstbloom.release_2236	github.firstbloom-data.a6cb0026	family.baseline.firstbloom-industry	a6cb0026d1af9642724793c799bbc48dc189ba35	2019-08-15	product_release_id=2236	en	TASTING_NOTE	32c96013949eb1bd9876faa850ba5132ddf660410ba9fd14347db20ed8f82a5b	"{""external_release_key"":""2236"",""product_id"":""2122"",""raw_field_sha256"":""32c96013949eb1bd9876faa850ba5132ddf660410ba9fd14347db20ed8f82a5b"",""retention"":""dual-reviewed-short-phrases-only""}"	false	false	false	true	false	false	NO_PERSONAL_DATA	PUBLIC_DERIVED_ONLY	true
document.firstbloom.release_2239	github.firstbloom-data.a6cb0026	family.baseline.firstbloom-industry	a6cb0026d1af9642724793c799bbc48dc189ba35	2019-08-15	product_release_id=2239	en	TASTING_NOTE	d25df7fe147b7dbe60fae4a545c4d416bbe5a43355a0eeba9c244d685a46928a	"{""external_release_key"":""2239"",""product_id"":""2125"",""raw_field_sha256"":""d25df7fe147b7dbe60fae4a545c4d416bbe5a43355a0eeba9c244d685a46928a"",""retention"":""dual-reviewed-short-phrases-only""}"	false	false	false	true	false	false	NO_PERSONAL_DATA	PUBLIC_DERIVED_ONLY	true
document.firstbloom.release_224	github.firstbloom-data.a6cb0026	family.baseline.firstbloom-industry	a6cb0026d1af9642724793c799bbc48dc189ba35	2018-08-30	product_release_id=224	en	TASTING_NOTE	5594d85f6de66a579947e6e9b229a158e8dec04cc988054646fcb92142c5a8ba	"{""external_release_key"":""224"",""product_id"":""250"",""raw_field_sha256"":""5594d85f6de66a579947e6e9b229a158e8dec04cc988054646fcb92142c5a8ba"",""retention"":""dual-reviewed-short-phrases-only""}"	false	false	false	true	false	false	NO_PERSONAL_DATA	PUBLIC_DERIVED_ONLY	true
document.firstbloom.release_2240	github.firstbloom-data.a6cb0026	family.baseline.firstbloom-industry	a6cb0026d1af9642724793c799bbc48dc189ba35	2019-08-15	product_release_id=2240	en	TASTING_NOTE	be1e2859071d2e2cac5dce6228f544a5d8e2865400c409f71463eccc3ace13fd	"{""external_release_key"":""2240"",""product_id"":""2126"",""raw_field_sha256"":""be1e2859071d2e2cac5dce6228f544a5d8e2865400c409f71463eccc3ace13fd"",""retention"":""dual-reviewed-short-phrases-only""}"	false	false	false	true	false	false	NO_PERSONAL_DATA	PUBLIC_DERIVED_ONLY	true
document.firstbloom.release_2242	github.firstbloom-data.a6cb0026	family.baseline.firstbloom-industry	a6cb0026d1af9642724793c799bbc48dc189ba35	2019-08-15	product_release_id=2242	en	TASTING_NOTE	a6418434e30ee4eb1a6f1f19643ee296f56fb0cdabb7198c044e8fada9f458c8	"{""external_release_key"":""2242"",""product_id"":""2128"",""raw_field_sha256"":""a6418434e30ee4eb1a6f1f19643ee296f56fb0cdabb7198c044e8fada9f458c8"",""retention"":""dual-reviewed-short-phrases-only""}"	false	false	false	true	false	false	NO_PERSONAL_DATA	PUBLIC_DERIVED_ONLY	true
document.firstbloom.release_225	github.firstbloom-data.a6cb0026	family.baseline.firstbloom-industry	a6cb0026d1af9642724793c799bbc48dc189ba35	2018-08-30	product_release_id=225	en	TASTING_NOTE	b4aabf5791f4cd9973112d0676d39e06bef8512d429a131f9faa02bdd0e1bf9d	"{""external_release_key"":""225"",""product_id"":""251"",""raw_field_sha256"":""b4aabf5791f4cd9973112d0676d39e06bef8512d429a131f9faa02bdd0e1bf9d"",""retention"":""dual-reviewed-short-phrases-only""}"	false	false	false	true	false	false	NO_PERSONAL_DATA	PUBLIC_DERIVED_ONLY	true
document.firstbloom.release_2252	github.firstbloom-data.a6cb0026	family.baseline.firstbloom-industry	a6cb0026d1af9642724793c799bbc48dc189ba35	2019-08-19	product_release_id=2252	en	TASTING_NOTE	281e5fa8c7b3a2b9fb48238fd31abc2cde2d44c9d22f9eb3913fc64976df7493	"{""external_release_key"":""2252"",""product_id"":""467"",""raw_field_sha256"":""281e5fa8c7b3a2b9fb48238fd31abc2cde2d44c9d22f9eb3913fc64976df7493"",""retention"":""dual-reviewed-short-phrases-only""}"	false	false	false	true	false	false	NO_PERSONAL_DATA	PUBLIC_DERIVED_ONLY	true
document.firstbloom.release_2254	github.firstbloom-data.a6cb0026	family.baseline.firstbloom-industry	a6cb0026d1af9642724793c799bbc48dc189ba35	2019-08-19	product_release_id=2254	en	TASTING_NOTE	36270142c9d18c70844ead452eb7de375c14dad1074d7624233d5bf1006b1ac2	"{""external_release_key"":""2254"",""product_id"":""2138"",""raw_field_sha256"":""36270142c9d18c70844ead452eb7de375c14dad1074d7624233d5bf1006b1ac2"",""retention"":""dual-reviewed-short-phrases-only""}"	false	false	false	true	false	false	NO_PERSONAL_DATA	PUBLIC_DERIVED_ONLY	true
document.firstbloom.release_227	github.firstbloom-data.a6cb0026	family.baseline.firstbloom-industry	a6cb0026d1af9642724793c799bbc48dc189ba35	2018-08-30	product_release_id=227	en	TASTING_NOTE	c8cd9e13ffbd0e4e15631a4e629f47e890f35cfd24b62b7def320065592fe976	"{""external_release_key"":""227"",""product_id"":""253"",""raw_field_sha256"":""c8cd9e13ffbd0e4e15631a4e629f47e890f35cfd24b62b7def320065592fe976"",""retention"":""dual-reviewed-short-phrases-only""}"	false	false	false	true	false	false	NO_PERSONAL_DATA	PUBLIC_DERIVED_ONLY	true
document.firstbloom.release_2275	github.firstbloom-data.a6cb0026	family.baseline.firstbloom-industry	a6cb0026d1af9642724793c799bbc48dc189ba35	2019-08-23	product_release_id=2275	en	TASTING_NOTE	c1e39016784a8749934d36a699118e986202e4360985e5ad4bf0e1700353ceb8	"{""external_release_key"":""2275"",""product_id"":""2154"",""raw_field_sha256"":""c1e39016784a8749934d36a699118e986202e4360985e5ad4bf0e1700353ceb8"",""retention"":""dual-reviewed-short-phrases-only""}"	false	false	false	true	false	false	NO_PERSONAL_DATA	PUBLIC_DERIVED_ONLY	true
document.firstbloom.release_2279	github.firstbloom-data.a6cb0026	family.baseline.firstbloom-industry	a6cb0026d1af9642724793c799bbc48dc189ba35	2019-08-24	product_release_id=2279	en	TASTING_NOTE	833ce37cff7be02f4e21a27e6fbbc0f713fd0560505fc3bb1e5637110515593d	"{""external_release_key"":""2279"",""product_id"":""221"",""raw_field_sha256"":""833ce37cff7be02f4e21a27e6fbbc0f713fd0560505fc3bb1e5637110515593d"",""retention"":""dual-reviewed-short-phrases-only""}"	false	false	false	true	false	false	NO_PERSONAL_DATA	PUBLIC_DERIVED_ONLY	true
document.firstbloom.release_228	github.firstbloom-data.a6cb0026	family.baseline.firstbloom-industry	a6cb0026d1af9642724793c799bbc48dc189ba35	2018-08-30	product_release_id=228	en	TASTING_NOTE	62bb82386875760dd7b28c2d7a6abfcbacd38c8f39e8abde57538b0a88c2097e	"{""external_release_key"":""228"",""product_id"":""254"",""raw_field_sha256"":""62bb82386875760dd7b28c2d7a6abfcbacd38c8f39e8abde57538b0a88c2097e"",""retention"":""dual-reviewed-short-phrases-only""}"	false	false	false	true	false	false	NO_PERSONAL_DATA	PUBLIC_DERIVED_ONLY	true
document.firstbloom.release_2285	github.firstbloom-data.a6cb0026	family.baseline.firstbloom-industry	a6cb0026d1af9642724793c799bbc48dc189ba35	2019-08-27	product_release_id=2285	en	TASTING_NOTE	2ab6eca2ad078f51dab9de98b8e305fda5422a3fd6ca74941ee135b9084778b2	"{""external_release_key"":""2285"",""product_id"":""2162"",""raw_field_sha256"":""2ab6eca2ad078f51dab9de98b8e305fda5422a3fd6ca74941ee135b9084778b2"",""retention"":""dual-reviewed-short-phrases-only""}"	false	false	false	true	false	false	NO_PERSONAL_DATA	PUBLIC_DERIVED_ONLY	true
document.firstbloom.release_229	github.firstbloom-data.a6cb0026	family.baseline.firstbloom-industry	a6cb0026d1af9642724793c799bbc48dc189ba35	2018-08-30	product_release_id=229	en	TASTING_NOTE	9c35fff1f57ea39a72244c8be4446e4cc52328940d50d1753471ed54e2f9a755	"{""external_release_key"":""229"",""product_id"":""255"",""raw_field_sha256"":""9c35fff1f57ea39a72244c8be4446e4cc52328940d50d1753471ed54e2f9a755"",""retention"":""dual-reviewed-short-phrases-only""}"	false	false	false	true	false	false	NO_PERSONAL_DATA	PUBLIC_DERIVED_ONLY	true
document.firstbloom.release_2297	github.firstbloom-data.a6cb0026	family.baseline.firstbloom-industry	a6cb0026d1af9642724793c799bbc48dc189ba35	2019-08-27	product_release_id=2297	en	TASTING_NOTE	463f856684d95b016e9caa57c1f9ae366e42fb01e3f62d639cb25aa509a7dbaa	"{""external_release_key"":""2297"",""product_id"":""2174"",""raw_field_sha256"":""463f856684d95b016e9caa57c1f9ae366e42fb01e3f62d639cb25aa509a7dbaa"",""retention"":""dual-reviewed-short-phrases-only""}"	false	false	false	true	false	false	NO_PERSONAL_DATA	PUBLIC_DERIVED_ONLY	true
document.firstbloom.release_23	github.firstbloom-data.a6cb0026	family.baseline.firstbloom-industry	a6cb0026d1af9642724793c799bbc48dc189ba35	2017-12-29	product_release_id=23	en	TASTING_NOTE	de8a99b4c71fa55ab95e81de8327a22c937d1f9c0f2f3c03b36f3f7c6b39ae12	"{""external_release_key"":""23"",""product_id"":""38"",""raw_field_sha256"":""de8a99b4c71fa55ab95e81de8327a22c937d1f9c0f2f3c03b36f3f7c6b39ae12"",""retention"":""dual-reviewed-short-phrases-only""}"	false	false	false	true	false	false	NO_PERSONAL_DATA	PUBLIC_DERIVED_ONLY	true
document.firstbloom.release_230	github.firstbloom-data.a6cb0026	family.baseline.firstbloom-industry	a6cb0026d1af9642724793c799bbc48dc189ba35	2018-08-30	product_release_id=230	en	TASTING_NOTE	fb0fc5a6bc7f987b88588ef89320a291f0c0c28f520335b868105e2f5d23d075	"{""external_release_key"":""230"",""product_id"":""256"",""raw_field_sha256"":""fb0fc5a6bc7f987b88588ef89320a291f0c0c28f520335b868105e2f5d23d075"",""retention"":""dual-reviewed-short-phrases-only""}"	false	false	false	true	false	false	NO_PERSONAL_DATA	PUBLIC_DERIVED_ONLY	true
document.firstbloom.release_2300	github.firstbloom-data.a6cb0026	family.baseline.firstbloom-industry	a6cb0026d1af9642724793c799bbc48dc189ba35	2019-08-28	product_release_id=2300	en	TASTING_NOTE	0296610c3dbebd5a9dc3b0e67da748e9aa633166b2fe4e7089a30bc9a20ae749	"{""external_release_key"":""2300"",""product_id"":""1277"",""raw_field_sha256"":""0296610c3dbebd5a9dc3b0e67da748e9aa633166b2fe4e7089a30bc9a20ae749"",""retention"":""dual-reviewed-short-phrases-only""}"	false	false	false	true	false	false	NO_PERSONAL_DATA	PUBLIC_DERIVED_ONLY	true
document.firstbloom.release_2306	github.firstbloom-data.a6cb0026	family.baseline.firstbloom-industry	a6cb0026d1af9642724793c799bbc48dc189ba35	2019-08-28	product_release_id=2306	en	TASTING_NOTE	8614c7dd79163e595bb5cd0de5d286f802db4fc24de205e6591bdc8a21bd11a9	"{""external_release_key"":""2306"",""product_id"":""2181"",""raw_field_sha256"":""8614c7dd79163e595bb5cd0de5d286f802db4fc24de205e6591bdc8a21bd11a9"",""retention"":""dual-reviewed-short-phrases-only""}"	false	false	false	true	false	false	NO_PERSONAL_DATA	PUBLIC_DERIVED_ONLY	true
document.firstbloom.release_231	github.firstbloom-data.a6cb0026	family.baseline.firstbloom-industry	a6cb0026d1af9642724793c799bbc48dc189ba35	2018-08-30	product_release_id=231	en	TASTING_NOTE	6f0cd391bd1d78c68bd0ac826de51b65a7591e12a5d9cded76be4fc39f829ba4	"{""external_release_key"":""231"",""product_id"":""257"",""raw_field_sha256"":""6f0cd391bd1d78c68bd0ac826de51b65a7591e12a5d9cded76be4fc39f829ba4"",""retention"":""dual-reviewed-short-phrases-only""}"	false	false	false	true	false	false	NO_PERSONAL_DATA	PUBLIC_DERIVED_ONLY	true
document.firstbloom.release_2317	github.firstbloom-data.a6cb0026	family.baseline.firstbloom-industry	a6cb0026d1af9642724793c799bbc48dc189ba35	2019-08-30	product_release_id=2317	en	TASTING_NOTE	a7a5f2357f50ceba93dd80635b801e4b758073f70f9b898471ab7e8bf9f2c3a0	"{""external_release_key"":""2317"",""product_id"":""2192"",""raw_field_sha256"":""a7a5f2357f50ceba93dd80635b801e4b758073f70f9b898471ab7e8bf9f2c3a0"",""retention"":""dual-reviewed-short-phrases-only""}"	false	false	false	true	false	false	NO_PERSONAL_DATA	PUBLIC_DERIVED_ONLY	true
document.firstbloom.release_2318	github.firstbloom-data.a6cb0026	family.baseline.firstbloom-industry	a6cb0026d1af9642724793c799bbc48dc189ba35	2019-08-30	product_release_id=2318	en	TASTING_NOTE	dbc372a592e267eee27813986d33ab16fcfca5740920b4f3580988663f84f6a3	"{""external_release_key"":""2318"",""product_id"":""186"",""raw_field_sha256"":""dbc372a592e267eee27813986d33ab16fcfca5740920b4f3580988663f84f6a3"",""retention"":""dual-reviewed-short-phrases-only""}"	false	false	false	true	false	false	NO_PERSONAL_DATA	PUBLIC_DERIVED_ONLY	true
document.firstbloom.release_2323	github.firstbloom-data.a6cb0026	family.baseline.firstbloom-industry	a6cb0026d1af9642724793c799bbc48dc189ba35	2019-08-31	product_release_id=2323	en	TASTING_NOTE	9639c70b036d62ef01a0d47a98e5a5934a2e1d25bdc9a5efaa9be2b4018e9464	"{""external_release_key"":""2323"",""product_id"":""2197"",""raw_field_sha256"":""9639c70b036d62ef01a0d47a98e5a5934a2e1d25bdc9a5efaa9be2b4018e9464"",""retention"":""dual-reviewed-short-phrases-only""}"	false	false	false	true	false	false	NO_PERSONAL_DATA	PUBLIC_DERIVED_ONLY	true
document.firstbloom.release_2324	github.firstbloom-data.a6cb0026	family.baseline.firstbloom-industry	a6cb0026d1af9642724793c799bbc48dc189ba35	2019-08-31	product_release_id=2324	en	TASTING_NOTE	2b34ccb9086f38b3c843c07b784645ed7159170fed296790e37148f5f14e350f	"{""external_release_key"":""2324"",""product_id"":""2198"",""raw_field_sha256"":""2b34ccb9086f38b3c843c07b784645ed7159170fed296790e37148f5f14e350f"",""retention"":""dual-reviewed-short-phrases-only""}"	false	false	false	true	false	false	NO_PERSONAL_DATA	PUBLIC_DERIVED_ONLY	true
document.firstbloom.release_2325	github.firstbloom-data.a6cb0026	family.baseline.firstbloom-industry	a6cb0026d1af9642724793c799bbc48dc189ba35	2019-08-31	product_release_id=2325	en	TASTING_NOTE	d8dd0bdea188806391c6b48da11189f72348f3577de39da001cb4d43113fe61c	"{""external_release_key"":""2325"",""product_id"":""2199"",""raw_field_sha256"":""d8dd0bdea188806391c6b48da11189f72348f3577de39da001cb4d43113fe61c"",""retention"":""dual-reviewed-short-phrases-only""}"	false	false	false	true	false	false	NO_PERSONAL_DATA	PUBLIC_DERIVED_ONLY	true
document.firstbloom.release_233	github.firstbloom-data.a6cb0026	family.baseline.firstbloom-industry	a6cb0026d1af9642724793c799bbc48dc189ba35	2018-09-02	product_release_id=233	en	TASTING_NOTE	e3fbaf54f261a6e3b7f441cc31ade2f95f9beb5de9b17d5103ab5fd734765a43	"{""external_release_key"":""233"",""product_id"":""259"",""raw_field_sha256"":""e3fbaf54f261a6e3b7f441cc31ade2f95f9beb5de9b17d5103ab5fd734765a43"",""retention"":""dual-reviewed-short-phrases-only""}"	false	false	false	true	false	false	NO_PERSONAL_DATA	PUBLIC_DERIVED_ONLY	true
document.firstbloom.release_2334	github.firstbloom-data.a6cb0026	family.baseline.firstbloom-industry	a6cb0026d1af9642724793c799bbc48dc189ba35	2019-09-02	product_release_id=2334	en	TASTING_NOTE	97357627c5fe17658d275b7e92add4136541029014e1c0a99c42ae44370c4d44	"{""external_release_key"":""2334"",""product_id"":""2208"",""raw_field_sha256"":""97357627c5fe17658d275b7e92add4136541029014e1c0a99c42ae44370c4d44"",""retention"":""dual-reviewed-short-phrases-only""}"	false	false	false	true	false	false	NO_PERSONAL_DATA	PUBLIC_DERIVED_ONLY	true
document.firstbloom.release_2335	github.firstbloom-data.a6cb0026	family.baseline.firstbloom-industry	a6cb0026d1af9642724793c799bbc48dc189ba35	2019-09-02	product_release_id=2335	en	TASTING_NOTE	013575c5563addea01b1a6746da63211121c489e62ae8563d292000e71115928	"{""external_release_key"":""2335"",""product_id"":""2209"",""raw_field_sha256"":""013575c5563addea01b1a6746da63211121c489e62ae8563d292000e71115928"",""retention"":""dual-reviewed-short-phrases-only""}"	false	false	false	true	false	false	NO_PERSONAL_DATA	PUBLIC_DERIVED_ONLY	true
document.firstbloom.release_234	github.firstbloom-data.a6cb0026	family.baseline.firstbloom-industry	a6cb0026d1af9642724793c799bbc48dc189ba35	2018-09-02	product_release_id=234	en	TASTING_NOTE	7a9cbc86dfd37e9432b475988d14160e4be54931da276087006ecb683f77490d	"{""external_release_key"":""234"",""product_id"":""260"",""raw_field_sha256"":""7a9cbc86dfd37e9432b475988d14160e4be54931da276087006ecb683f77490d"",""retention"":""dual-reviewed-short-phrases-only""}"	false	false	false	true	false	false	NO_PERSONAL_DATA	PUBLIC_DERIVED_ONLY	true
document.firstbloom.release_2350	github.firstbloom-data.a6cb0026	family.baseline.firstbloom-industry	a6cb0026d1af9642724793c799bbc48dc189ba35	2019-09-04	product_release_id=2350	en	TASTING_NOTE	871f6a3dea82f0d34d3f2ce32ee46013050010584b00aafb1ba2c5d0b275b00e	"{""external_release_key"":""2350"",""product_id"":""2224"",""raw_field_sha256"":""871f6a3dea82f0d34d3f2ce32ee46013050010584b00aafb1ba2c5d0b275b00e"",""retention"":""dual-reviewed-short-phrases-only""}"	false	false	false	true	false	false	NO_PERSONAL_DATA	PUBLIC_DERIVED_ONLY	true
document.firstbloom.release_2353	github.firstbloom-data.a6cb0026	family.baseline.firstbloom-industry	a6cb0026d1af9642724793c799bbc48dc189ba35	2019-09-04	product_release_id=2353	en	TASTING_NOTE	334363038bf28ca80e7bafda6cdd901be4d655ec751e6a855ae35f4902d0add4	"{""external_release_key"":""2353"",""product_id"":""2227"",""raw_field_sha256"":""334363038bf28ca80e7bafda6cdd901be4d655ec751e6a855ae35f4902d0add4"",""retention"":""dual-reviewed-short-phrases-only""}"	false	false	false	true	false	false	NO_PERSONAL_DATA	PUBLIC_DERIVED_ONLY	true
document.firstbloom.release_2354	github.firstbloom-data.a6cb0026	family.baseline.firstbloom-industry	a6cb0026d1af9642724793c799bbc48dc189ba35	2019-09-04	product_release_id=2354	en	TASTING_NOTE	19e689365bdd668a18ad3a2500adc85616f4e77d68810543403821e3f99fe6b0	"{""external_release_key"":""2354"",""product_id"":""2228"",""raw_field_sha256"":""19e689365bdd668a18ad3a2500adc85616f4e77d68810543403821e3f99fe6b0"",""retention"":""dual-reviewed-short-phrases-only""}"	false	false	false	true	false	false	NO_PERSONAL_DATA	PUBLIC_DERIVED_ONLY	true
document.firstbloom.release_2355	github.firstbloom-data.a6cb0026	family.baseline.firstbloom-industry	a6cb0026d1af9642724793c799bbc48dc189ba35	2019-09-04	product_release_id=2355	en	TASTING_NOTE	82449f8bf9a37d9f9616075c96599088b85f8ed9c7dde5ae3f4cd434f2b43d5a	"{""external_release_key"":""2355"",""product_id"":""2229"",""raw_field_sha256"":""82449f8bf9a37d9f9616075c96599088b85f8ed9c7dde5ae3f4cd434f2b43d5a"",""retention"":""dual-reviewed-short-phrases-only""}"	false	false	false	true	false	false	NO_PERSONAL_DATA	PUBLIC_DERIVED_ONLY	true
document.firstbloom.release_236	github.firstbloom-data.a6cb0026	family.baseline.firstbloom-industry	a6cb0026d1af9642724793c799bbc48dc189ba35	2018-09-02	product_release_id=236	en	TASTING_NOTE	fc571ace7ac801345e74bc6513ff794058444d519a5068b6a73c9ac3907e5e98	"{""external_release_key"":""236"",""product_id"":""262"",""raw_field_sha256"":""fc571ace7ac801345e74bc6513ff794058444d519a5068b6a73c9ac3907e5e98"",""retention"":""dual-reviewed-short-phrases-only""}"	false	false	false	true	false	false	NO_PERSONAL_DATA	PUBLIC_DERIVED_ONLY	true
document.firstbloom.release_2360	github.firstbloom-data.a6cb0026	family.baseline.firstbloom-industry	a6cb0026d1af9642724793c799bbc48dc189ba35	2019-09-04	product_release_id=2360	en	TASTING_NOTE	2d0e348e64c45a87edd461cedb6dac9cbe6deb86ac001b6fae41982f232d47a8	"{""external_release_key"":""2360"",""product_id"":""2234"",""raw_field_sha256"":""2d0e348e64c45a87edd461cedb6dac9cbe6deb86ac001b6fae41982f232d47a8"",""retention"":""dual-reviewed-short-phrases-only""}"	false	false	false	true	false	false	NO_PERSONAL_DATA	PUBLIC_DERIVED_ONLY	true
document.firstbloom.release_2361	github.firstbloom-data.a6cb0026	family.baseline.firstbloom-industry	a6cb0026d1af9642724793c799bbc48dc189ba35	2019-09-04	product_release_id=2361	en	TASTING_NOTE	247259a707ac6002275ac6fb915ac218212a0ecb065b64482227a0d0589bc471	"{""external_release_key"":""2361"",""product_id"":""2235"",""raw_field_sha256"":""247259a707ac6002275ac6fb915ac218212a0ecb065b64482227a0d0589bc471"",""retention"":""dual-reviewed-short-phrases-only""}"	false	false	false	true	false	false	NO_PERSONAL_DATA	PUBLIC_DERIVED_ONLY	true
document.firstbloom.release_2364	github.firstbloom-data.a6cb0026	family.baseline.firstbloom-industry	a6cb0026d1af9642724793c799bbc48dc189ba35	2019-09-04	product_release_id=2364	en	TASTING_NOTE	130ef0c15481fb98396c10fc7dd9e42628c76899756c7d9ad9f7836c6cbcf07f	"{""external_release_key"":""2364"",""product_id"":""2238"",""raw_field_sha256"":""130ef0c15481fb98396c10fc7dd9e42628c76899756c7d9ad9f7836c6cbcf07f"",""retention"":""dual-reviewed-short-phrases-only""}"	false	false	false	true	false	false	NO_PERSONAL_DATA	PUBLIC_DERIVED_ONLY	true
document.firstbloom.release_2365	github.firstbloom-data.a6cb0026	family.baseline.firstbloom-industry	a6cb0026d1af9642724793c799bbc48dc189ba35	2019-09-04	product_release_id=2365	en	TASTING_NOTE	e4360506b23df72f9b102c08725c233ae11da95a46370882e4e889e76c02b76d	"{""external_release_key"":""2365"",""product_id"":""2239"",""raw_field_sha256"":""e4360506b23df72f9b102c08725c233ae11da95a46370882e4e889e76c02b76d"",""retention"":""dual-reviewed-short-phrases-only""}"	false	false	false	true	false	false	NO_PERSONAL_DATA	PUBLIC_DERIVED_ONLY	true
document.firstbloom.release_2366	github.firstbloom-data.a6cb0026	family.baseline.firstbloom-industry	a6cb0026d1af9642724793c799bbc48dc189ba35	2019-09-04	product_release_id=2366	en	TASTING_NOTE	fa2bccf9c529f0890126bffef895b04facb790a1edb1933d26dee29200e15c7e	"{""external_release_key"":""2366"",""product_id"":""2240"",""raw_field_sha256"":""fa2bccf9c529f0890126bffef895b04facb790a1edb1933d26dee29200e15c7e"",""retention"":""dual-reviewed-short-phrases-only""}"	false	false	false	true	false	false	NO_PERSONAL_DATA	PUBLIC_DERIVED_ONLY	true
document.firstbloom.release_2368	github.firstbloom-data.a6cb0026	family.baseline.firstbloom-industry	a6cb0026d1af9642724793c799bbc48dc189ba35	2019-09-04	product_release_id=2368	en	TASTING_NOTE	52102675e4675b9b9568a2e9111b8bf53e6cf9a70cde2a7384ebb36d4d88d22e	"{""external_release_key"":""2368"",""product_id"":""2242"",""raw_field_sha256"":""52102675e4675b9b9568a2e9111b8bf53e6cf9a70cde2a7384ebb36d4d88d22e"",""retention"":""dual-reviewed-short-phrases-only""}"	false	false	false	true	false	false	NO_PERSONAL_DATA	PUBLIC_DERIVED_ONLY	true
document.firstbloom.release_237	github.firstbloom-data.a6cb0026	family.baseline.firstbloom-industry	a6cb0026d1af9642724793c799bbc48dc189ba35	2018-09-02	product_release_id=237	en	TASTING_NOTE	5b9a36b837b576d1cf38841c4413f9afe6a9f9498d54f7c06e570d47488b16e5	"{""external_release_key"":""237"",""product_id"":""263"",""raw_field_sha256"":""5b9a36b837b576d1cf38841c4413f9afe6a9f9498d54f7c06e570d47488b16e5"",""retention"":""dual-reviewed-short-phrases-only""}"	false	false	false	true	false	false	NO_PERSONAL_DATA	PUBLIC_DERIVED_ONLY	true
document.firstbloom.release_2370	github.firstbloom-data.a6cb0026	family.baseline.firstbloom-industry	a6cb0026d1af9642724793c799bbc48dc189ba35	2019-09-04	product_release_id=2370	en	TASTING_NOTE	32151e2fdabfd81d583f52b0c95590e84748c48366ec97e885279a0c8e80a034	"{""external_release_key"":""2370"",""product_id"":""2244"",""raw_field_sha256"":""32151e2fdabfd81d583f52b0c95590e84748c48366ec97e885279a0c8e80a034"",""retention"":""dual-reviewed-short-phrases-only""}"	false	false	false	true	false	false	NO_PERSONAL_DATA	PUBLIC_DERIVED_ONLY	true
document.firstbloom.release_2371	github.firstbloom-data.a6cb0026	family.baseline.firstbloom-industry	a6cb0026d1af9642724793c799bbc48dc189ba35	2019-09-04	product_release_id=2371	en	TASTING_NOTE	b0629a6a66ce104e4ac4a3bf2696808ac7b09eefa9ba203ce7a318fc411ba0fa	"{""external_release_key"":""2371"",""product_id"":""2245"",""raw_field_sha256"":""b0629a6a66ce104e4ac4a3bf2696808ac7b09eefa9ba203ce7a318fc411ba0fa"",""retention"":""dual-reviewed-short-phrases-only""}"	false	false	false	true	false	false	NO_PERSONAL_DATA	PUBLIC_DERIVED_ONLY	true
document.firstbloom.release_2375	github.firstbloom-data.a6cb0026	family.baseline.firstbloom-industry	a6cb0026d1af9642724793c799bbc48dc189ba35	2019-09-04	product_release_id=2375	en	TASTING_NOTE	4a20a27cefeabed77315ab09a80f60276c87d4b0256bda946c03b79a479d5d20	"{""external_release_key"":""2375"",""product_id"":""2249"",""raw_field_sha256"":""4a20a27cefeabed77315ab09a80f60276c87d4b0256bda946c03b79a479d5d20"",""retention"":""dual-reviewed-short-phrases-only""}"	false	false	false	true	false	false	NO_PERSONAL_DATA	PUBLIC_DERIVED_ONLY	true
document.firstbloom.release_2377	github.firstbloom-data.a6cb0026	family.baseline.firstbloom-industry	a6cb0026d1af9642724793c799bbc48dc189ba35	2019-09-04	product_release_id=2377	en	TASTING_NOTE	328d7c7a2a29df01fbcc43536db3ba4218b0fa7c6d437d88332026540f389b8e	"{""external_release_key"":""2377"",""product_id"":""2251"",""raw_field_sha256"":""328d7c7a2a29df01fbcc43536db3ba4218b0fa7c6d437d88332026540f389b8e"",""retention"":""dual-reviewed-short-phrases-only""}"	false	false	false	true	false	false	NO_PERSONAL_DATA	PUBLIC_DERIVED_ONLY	true
document.firstbloom.release_2379	github.firstbloom-data.a6cb0026	family.baseline.firstbloom-industry	a6cb0026d1af9642724793c799bbc48dc189ba35	2019-09-04	product_release_id=2379	en	TASTING_NOTE	f9ae79285a97c637cd92dd75ea498b4dfec66a5f336bf2613830dd6c8b0aa73f	"{""external_release_key"":""2379"",""product_id"":""2253"",""raw_field_sha256"":""f9ae79285a97c637cd92dd75ea498b4dfec66a5f336bf2613830dd6c8b0aa73f"",""retention"":""dual-reviewed-short-phrases-only""}"	false	false	false	true	false	false	NO_PERSONAL_DATA	PUBLIC_DERIVED_ONLY	true
document.firstbloom.release_2380	github.firstbloom-data.a6cb0026	family.baseline.firstbloom-industry	a6cb0026d1af9642724793c799bbc48dc189ba35	2019-09-04	product_release_id=2380	en	TASTING_NOTE	7079a683c65ce2d0df041a57318b557b5f9585ddbf52878b0b7afe5c04013b21	"{""external_release_key"":""2380"",""product_id"":""2254"",""raw_field_sha256"":""7079a683c65ce2d0df041a57318b557b5f9585ddbf52878b0b7afe5c04013b21"",""retention"":""dual-reviewed-short-phrases-only""}"	false	false	false	true	false	false	NO_PERSONAL_DATA	PUBLIC_DERIVED_ONLY	true
document.firstbloom.release_240	github.firstbloom-data.a6cb0026	family.baseline.firstbloom-industry	a6cb0026d1af9642724793c799bbc48dc189ba35	2018-09-02	product_release_id=240	en	TASTING_NOTE	112eb9c66ca0df27caeb14778f9ed433b6f42cab930939918e37b4bfbe8daeb1	"{""external_release_key"":""240"",""product_id"":""266"",""raw_field_sha256"":""112eb9c66ca0df27caeb14778f9ed433b6f42cab930939918e37b4bfbe8daeb1"",""retention"":""dual-reviewed-short-phrases-only""}"	false	false	false	true	false	false	NO_PERSONAL_DATA	PUBLIC_DERIVED_ONLY	true
document.firstbloom.release_2403	github.firstbloom-data.a6cb0026	family.baseline.firstbloom-industry	a6cb0026d1af9642724793c799bbc48dc189ba35	2019-09-06	product_release_id=2403	en	TASTING_NOTE	04803729957a8dedb0da5cd5e301786808fe9544b9db3bc4ddabf8339247136c	"{""external_release_key"":""2403"",""product_id"":""2277"",""raw_field_sha256"":""04803729957a8dedb0da5cd5e301786808fe9544b9db3bc4ddabf8339247136c"",""retention"":""dual-reviewed-short-phrases-only""}"	false	false	false	true	false	false	NO_PERSONAL_DATA	PUBLIC_DERIVED_ONLY	true
document.firstbloom.release_2408	github.firstbloom-data.a6cb0026	family.baseline.firstbloom-industry	a6cb0026d1af9642724793c799bbc48dc189ba35	2019-09-06	product_release_id=2408	en	TASTING_NOTE	154632e9e541663b133086fdae5952e6631f1c00d1a7d5d5e1f330bdc1dca318	"{""external_release_key"":""2408"",""product_id"":""2282"",""raw_field_sha256"":""154632e9e541663b133086fdae5952e6631f1c00d1a7d5d5e1f330bdc1dca318"",""retention"":""dual-reviewed-short-phrases-only""}"	false	false	false	true	false	false	NO_PERSONAL_DATA	PUBLIC_DERIVED_ONLY	true
document.firstbloom.release_2418	github.firstbloom-data.a6cb0026	family.baseline.firstbloom-industry	a6cb0026d1af9642724793c799bbc48dc189ba35	2019-09-08	product_release_id=2418	en	TASTING_NOTE	26177f8280374d4144ac7223005c4e0ebe0660c84e7f4728ecafaa248d8a2767	"{""external_release_key"":""2418"",""product_id"":""343"",""raw_field_sha256"":""26177f8280374d4144ac7223005c4e0ebe0660c84e7f4728ecafaa248d8a2767"",""retention"":""dual-reviewed-short-phrases-only""}"	false	false	false	true	false	false	NO_PERSONAL_DATA	PUBLIC_DERIVED_ONLY	true
document.firstbloom.release_2425	github.firstbloom-data.a6cb0026	family.baseline.firstbloom-industry	a6cb0026d1af9642724793c799bbc48dc189ba35	2019-09-08	product_release_id=2425	en	TASTING_NOTE	26177f8280374d4144ac7223005c4e0ebe0660c84e7f4728ecafaa248d8a2767	"{""external_release_key"":""2425"",""product_id"":""336"",""raw_field_sha256"":""26177f8280374d4144ac7223005c4e0ebe0660c84e7f4728ecafaa248d8a2767"",""retention"":""dual-reviewed-short-phrases-only""}"	false	false	false	true	false	false	NO_PERSONAL_DATA	PUBLIC_DERIVED_ONLY	true
document.firstbloom.release_2426	github.firstbloom-data.a6cb0026	family.baseline.firstbloom-industry	a6cb0026d1af9642724793c799bbc48dc189ba35	2019-09-08	product_release_id=2426	en	TASTING_NOTE	4528c89ddc231769913a5452b9038451182317ab7646ab7f5e3bfb6a6bd585ba	"{""external_release_key"":""2426"",""product_id"":""2298"",""raw_field_sha256"":""4528c89ddc231769913a5452b9038451182317ab7646ab7f5e3bfb6a6bd585ba"",""retention"":""dual-reviewed-short-phrases-only""}"	false	false	false	true	false	false	NO_PERSONAL_DATA	PUBLIC_DERIVED_ONLY	true
document.firstbloom.release_2442	github.firstbloom-data.a6cb0026	family.baseline.firstbloom-industry	a6cb0026d1af9642724793c799bbc48dc189ba35	2019-09-09	product_release_id=2442	en	TASTING_NOTE	e8d781b587d4d3321021a386563631efead68f240247f7985b98f3b60035b241	"{""external_release_key"":""2442"",""product_id"":""667"",""raw_field_sha256"":""e8d781b587d4d3321021a386563631efead68f240247f7985b98f3b60035b241"",""retention"":""dual-reviewed-short-phrases-only""}"	false	false	false	true	false	false	NO_PERSONAL_DATA	PUBLIC_DERIVED_ONLY	true
document.firstbloom.release_2444	github.firstbloom-data.a6cb0026	family.baseline.firstbloom-industry	a6cb0026d1af9642724793c799bbc48dc189ba35	2019-09-10	product_release_id=2444	en	TASTING_NOTE	a0d271d2bdc7cc073cc0f5fc1b6d0ce12009923d16cfe46f43fcdf58aebfc026	"{""external_release_key"":""2444"",""product_id"":""2310"",""raw_field_sha256"":""a0d271d2bdc7cc073cc0f5fc1b6d0ce12009923d16cfe46f43fcdf58aebfc026"",""retention"":""dual-reviewed-short-phrases-only""}"	false	false	false	true	false	false	NO_PERSONAL_DATA	PUBLIC_DERIVED_ONLY	true
document.firstbloom.release_2461	github.firstbloom-data.a6cb0026	family.baseline.firstbloom-industry	a6cb0026d1af9642724793c799bbc48dc189ba35	2019-09-11	product_release_id=2461	en	TASTING_NOTE	3aa14df56de516d695899e44489994886dcde4442d3a34c4396875f6fceaadb0	"{""external_release_key"":""2461"",""product_id"":""2327"",""raw_field_sha256"":""3aa14df56de516d695899e44489994886dcde4442d3a34c4396875f6fceaadb0"",""retention"":""dual-reviewed-short-phrases-only""}"	false	false	false	true	false	false	NO_PERSONAL_DATA	PUBLIC_DERIVED_ONLY	true
document.firstbloom.release_2462	github.firstbloom-data.a6cb0026	family.baseline.firstbloom-industry	a6cb0026d1af9642724793c799bbc48dc189ba35	2019-09-11	product_release_id=2462	en	TASTING_NOTE	9483e73d2ac06285f64971b914c8c06d1961d313cbb820c0807aa25d5fd7c730	"{""external_release_key"":""2462"",""product_id"":""2328"",""raw_field_sha256"":""9483e73d2ac06285f64971b914c8c06d1961d313cbb820c0807aa25d5fd7c730"",""retention"":""dual-reviewed-short-phrases-only""}"	false	false	false	true	false	false	NO_PERSONAL_DATA	PUBLIC_DERIVED_ONLY	true
document.firstbloom.release_2481	github.firstbloom-data.a6cb0026	family.baseline.firstbloom-industry	a6cb0026d1af9642724793c799bbc48dc189ba35	2019-09-12	product_release_id=2481	en	TASTING_NOTE	600381365c891535d7eceb6d229a823b2582623c43d2aa116aea04a1e9938ad6	"{""external_release_key"":""2481"",""product_id"":""2344"",""raw_field_sha256"":""600381365c891535d7eceb6d229a823b2582623c43d2aa116aea04a1e9938ad6"",""retention"":""dual-reviewed-short-phrases-only""}"	false	false	false	true	false	false	NO_PERSONAL_DATA	PUBLIC_DERIVED_ONLY	true
document.firstbloom.release_2483	github.firstbloom-data.a6cb0026	family.baseline.firstbloom-industry	a6cb0026d1af9642724793c799bbc48dc189ba35	2019-09-12	product_release_id=2483	en	TASTING_NOTE	bec272c135c25c68c0af5762917b4010fee3e9a778930d48928ddab681191568	"{""external_release_key"":""2483"",""product_id"":""2346"",""raw_field_sha256"":""bec272c135c25c68c0af5762917b4010fee3e9a778930d48928ddab681191568"",""retention"":""dual-reviewed-short-phrases-only""}"	false	false	false	true	false	false	NO_PERSONAL_DATA	PUBLIC_DERIVED_ONLY	true
document.firstbloom.release_2489	github.firstbloom-data.a6cb0026	family.baseline.firstbloom-industry	a6cb0026d1af9642724793c799bbc48dc189ba35	2019-09-12	product_release_id=2489	en	TASTING_NOTE	7e9e3c8cfe3e7ed4b05c50932341a4c6bcac0c845192ee0adbf960cb0e45450c	"{""external_release_key"":""2489"",""product_id"":""2352"",""raw_field_sha256"":""7e9e3c8cfe3e7ed4b05c50932341a4c6bcac0c845192ee0adbf960cb0e45450c"",""retention"":""dual-reviewed-short-phrases-only""}"	false	false	false	true	false	false	NO_PERSONAL_DATA	PUBLIC_DERIVED_ONLY	true
document.firstbloom.release_2497	github.firstbloom-data.a6cb0026	family.baseline.firstbloom-industry	a6cb0026d1af9642724793c799bbc48dc189ba35	2019-09-12	product_release_id=2497	en	TASTING_NOTE	4e534925671eb3498502ab8b1db0d52a02ee2b64028665268319c2a92b9db0ad	"{""external_release_key"":""2497"",""product_id"":""2359"",""raw_field_sha256"":""4e534925671eb3498502ab8b1db0d52a02ee2b64028665268319c2a92b9db0ad"",""retention"":""dual-reviewed-short-phrases-only""}"	false	false	false	true	false	false	NO_PERSONAL_DATA	PUBLIC_DERIVED_ONLY	true
document.firstbloom.release_2498	github.firstbloom-data.a6cb0026	family.baseline.firstbloom-industry	a6cb0026d1af9642724793c799bbc48dc189ba35	2019-09-13	product_release_id=2498	en	TASTING_NOTE	4ae230908d70ead733ec1ec7c51a05d0fb2eaf15533aa4b8950b6e42c79ad0d7	"{""external_release_key"":""2498"",""product_id"":""2360"",""raw_field_sha256"":""4ae230908d70ead733ec1ec7c51a05d0fb2eaf15533aa4b8950b6e42c79ad0d7"",""retention"":""dual-reviewed-short-phrases-only""}"	false	false	false	true	false	false	NO_PERSONAL_DATA	PUBLIC_DERIVED_ONLY	true
document.firstbloom.release_2502	github.firstbloom-data.a6cb0026	family.baseline.firstbloom-industry	a6cb0026d1af9642724793c799bbc48dc189ba35	2019-09-13	product_release_id=2502	en	TASTING_NOTE	b32640a9938fcccbecbc7c647f0ac61e365e669bd01670c6bb53bc539ccfc8e0	"{""external_release_key"":""2502"",""product_id"":""2363"",""raw_field_sha256"":""b32640a9938fcccbecbc7c647f0ac61e365e669bd01670c6bb53bc539ccfc8e0"",""retention"":""dual-reviewed-short-phrases-only""}"	false	false	false	true	false	false	NO_PERSONAL_DATA	PUBLIC_DERIVED_ONLY	true
document.firstbloom.release_2504	github.firstbloom-data.a6cb0026	family.baseline.firstbloom-industry	a6cb0026d1af9642724793c799bbc48dc189ba35	2019-09-13	product_release_id=2504	en	TASTING_NOTE	e270f8cbef18a99f9e47e0c86d50e10b38b4a6fd3b0995da48a2ec45174e6fad	"{""external_release_key"":""2504"",""product_id"":""824"",""raw_field_sha256"":""e270f8cbef18a99f9e47e0c86d50e10b38b4a6fd3b0995da48a2ec45174e6fad"",""retention"":""dual-reviewed-short-phrases-only""}"	false	false	false	true	false	false	NO_PERSONAL_DATA	PUBLIC_DERIVED_ONLY	true
document.firstbloom.release_2505	github.firstbloom-data.a6cb0026	family.baseline.firstbloom-industry	a6cb0026d1af9642724793c799bbc48dc189ba35	2019-09-13	product_release_id=2505	en	TASTING_NOTE	d46a0985319f12b5007a01cd56f7672d2e38632d48eac38ea7b2e9ce74f277bd	"{""external_release_key"":""2505"",""product_id"":""2365"",""raw_field_sha256"":""d46a0985319f12b5007a01cd56f7672d2e38632d48eac38ea7b2e9ce74f277bd"",""retention"":""dual-reviewed-short-phrases-only""}"	false	false	false	true	false	false	NO_PERSONAL_DATA	PUBLIC_DERIVED_ONLY	true
document.firstbloom.release_2506	github.firstbloom-data.a6cb0026	family.baseline.firstbloom-industry	a6cb0026d1af9642724793c799bbc48dc189ba35	2019-09-13	product_release_id=2506	en	TASTING_NOTE	00e0c6e312fdef56a8fff1527eaddad6a7f1a441443616c8886dd52afead45b8	"{""external_release_key"":""2506"",""product_id"":""2366"",""raw_field_sha256"":""00e0c6e312fdef56a8fff1527eaddad6a7f1a441443616c8886dd52afead45b8"",""retention"":""dual-reviewed-short-phrases-only""}"	false	false	false	true	false	false	NO_PERSONAL_DATA	PUBLIC_DERIVED_ONLY	true
document.firstbloom.release_2508	github.firstbloom-data.a6cb0026	family.baseline.firstbloom-industry	a6cb0026d1af9642724793c799bbc48dc189ba35	2019-09-13	product_release_id=2508	en	TASTING_NOTE	89beb2070f7ca9e0b0bf8ddd2679a4fa7754e9304a020c1d8b2afb06785b0e3f	"{""external_release_key"":""2508"",""product_id"":""2368"",""raw_field_sha256"":""89beb2070f7ca9e0b0bf8ddd2679a4fa7754e9304a020c1d8b2afb06785b0e3f"",""retention"":""dual-reviewed-short-phrases-only""}"	false	false	false	true	false	false	NO_PERSONAL_DATA	PUBLIC_DERIVED_ONLY	true
document.firstbloom.release_2509	github.firstbloom-data.a6cb0026	family.baseline.firstbloom-industry	a6cb0026d1af9642724793c799bbc48dc189ba35	2019-09-13	product_release_id=2509	en	TASTING_NOTE	284846b1e695f6d22ab9b8cb4d163a13ed1d06c80d1c2a3ee7053e136a9f8649	"{""external_release_key"":""2509"",""product_id"":""2369"",""raw_field_sha256"":""284846b1e695f6d22ab9b8cb4d163a13ed1d06c80d1c2a3ee7053e136a9f8649"",""retention"":""dual-reviewed-short-phrases-only""}"	false	false	false	true	false	false	NO_PERSONAL_DATA	PUBLIC_DERIVED_ONLY	true
document.firstbloom.release_251	github.firstbloom-data.a6cb0026	family.baseline.firstbloom-industry	a6cb0026d1af9642724793c799bbc48dc189ba35	2018-09-04	product_release_id=251	en	TASTING_NOTE	56b848398db1db8b34e22aeb9d92594547783e05db4916026c809afe9b115b75	"{""external_release_key"":""251"",""product_id"":""276"",""raw_field_sha256"":""56b848398db1db8b34e22aeb9d92594547783e05db4916026c809afe9b115b75"",""retention"":""dual-reviewed-short-phrases-only""}"	false	false	false	true	false	false	NO_PERSONAL_DATA	PUBLIC_DERIVED_ONLY	true
document.firstbloom.release_2517	github.firstbloom-data.a6cb0026	family.baseline.firstbloom-industry	a6cb0026d1af9642724793c799bbc48dc189ba35	2019-09-14	product_release_id=2517	en	TASTING_NOTE	232706efc825b7eaed89d54cd9b143513bb9bf981ce6e695e39a9bb4324d18f7	"{""external_release_key"":""2517"",""product_id"":""854"",""raw_field_sha256"":""232706efc825b7eaed89d54cd9b143513bb9bf981ce6e695e39a9bb4324d18f7"",""retention"":""dual-reviewed-short-phrases-only""}"	false	false	false	true	false	false	NO_PERSONAL_DATA	PUBLIC_DERIVED_ONLY	true
document.firstbloom.release_2518	github.firstbloom-data.a6cb0026	family.baseline.firstbloom-industry	a6cb0026d1af9642724793c799bbc48dc189ba35	2019-09-14	product_release_id=2518	en	TASTING_NOTE	34499f19616a10eb1d22703b8b10f167e94226adacce9ac9e2e014faae9fe663	"{""external_release_key"":""2518"",""product_id"":""2377"",""raw_field_sha256"":""34499f19616a10eb1d22703b8b10f167e94226adacce9ac9e2e014faae9fe663"",""retention"":""dual-reviewed-short-phrases-only""}"	false	false	false	true	false	false	NO_PERSONAL_DATA	PUBLIC_DERIVED_ONLY	true
document.firstbloom.release_2538	github.firstbloom-data.a6cb0026	family.baseline.firstbloom-industry	a6cb0026d1af9642724793c799bbc48dc189ba35	2019-09-16	product_release_id=2538	en	TASTING_NOTE	9ddb4e73eac2abd73c60c2b660cbe3a0b842d3211897618ee0ee5babcc872e8b	"{""external_release_key"":""2538"",""product_id"":""2395"",""raw_field_sha256"":""9ddb4e73eac2abd73c60c2b660cbe3a0b842d3211897618ee0ee5babcc872e8b"",""retention"":""dual-reviewed-short-phrases-only""}"	false	false	false	true	false	false	NO_PERSONAL_DATA	PUBLIC_DERIVED_ONLY	true
document.firstbloom.release_2540	github.firstbloom-data.a6cb0026	family.baseline.firstbloom-industry	a6cb0026d1af9642724793c799bbc48dc189ba35	2019-09-16	product_release_id=2540	en	TASTING_NOTE	ad1ab2bdbff149af6d31cc038c9f853f69cb0e54e46e97983d172795fcb02012	"{""external_release_key"":""2540"",""product_id"":""2397"",""raw_field_sha256"":""ad1ab2bdbff149af6d31cc038c9f853f69cb0e54e46e97983d172795fcb02012"",""retention"":""dual-reviewed-short-phrases-only""}"	false	false	false	true	false	false	NO_PERSONAL_DATA	PUBLIC_DERIVED_ONLY	true
document.firstbloom.release_2545	github.firstbloom-data.a6cb0026	family.baseline.firstbloom-industry	a6cb0026d1af9642724793c799bbc48dc189ba35	2019-09-16	product_release_id=2545	en	TASTING_NOTE	6d0b9b3d129449f3f4bb81f97425a3aa10f2e67aa69a86a6279d4a8b68597cb8	"{""external_release_key"":""2545"",""product_id"":""2402"",""raw_field_sha256"":""6d0b9b3d129449f3f4bb81f97425a3aa10f2e67aa69a86a6279d4a8b68597cb8"",""retention"":""dual-reviewed-short-phrases-only""}"	false	false	false	true	false	false	NO_PERSONAL_DATA	PUBLIC_DERIVED_ONLY	true
document.firstbloom.release_2549	github.firstbloom-data.a6cb0026	family.baseline.firstbloom-industry	a6cb0026d1af9642724793c799bbc48dc189ba35	2019-09-16	product_release_id=2549	en	TASTING_NOTE	94f6722c9aa515d45e83c56a769ea1c1b1f0fbdd97202c29f6a6798a62980a93	"{""external_release_key"":""2549"",""product_id"":""2406"",""raw_field_sha256"":""94f6722c9aa515d45e83c56a769ea1c1b1f0fbdd97202c29f6a6798a62980a93"",""retention"":""dual-reviewed-short-phrases-only""}"	false	false	false	true	false	false	NO_PERSONAL_DATA	PUBLIC_DERIVED_ONLY	true
document.firstbloom.release_256	github.firstbloom-data.a6cb0026	family.baseline.firstbloom-industry	a6cb0026d1af9642724793c799bbc48dc189ba35	2018-09-06	product_release_id=256	en	TASTING_NOTE	7454fab03aca70ce5980ea73cb94ab7f84346ee0723bb6cbb8b0b6e3a20719a7	"{""external_release_key"":""256"",""product_id"":""281"",""raw_field_sha256"":""7454fab03aca70ce5980ea73cb94ab7f84346ee0723bb6cbb8b0b6e3a20719a7"",""retention"":""dual-reviewed-short-phrases-only""}"	false	false	false	true	false	false	NO_PERSONAL_DATA	PUBLIC_DERIVED_ONLY	true
document.firstbloom.release_259	github.firstbloom-data.a6cb0026	family.baseline.firstbloom-industry	a6cb0026d1af9642724793c799bbc48dc189ba35	2018-09-06	product_release_id=259	en	TASTING_NOTE	06751edade9e4253c6ee22b335f84a33f8a19e4afae5ca442c1eaa2ef7b2ab05	"{""external_release_key"":""259"",""product_id"":""283"",""raw_field_sha256"":""06751edade9e4253c6ee22b335f84a33f8a19e4afae5ca442c1eaa2ef7b2ab05"",""retention"":""dual-reviewed-short-phrases-only""}"	false	false	false	true	false	false	NO_PERSONAL_DATA	PUBLIC_DERIVED_ONLY	true
document.firstbloom.release_2594	github.firstbloom-data.a6cb0026	family.baseline.firstbloom-industry	a6cb0026d1af9642724793c799bbc48dc189ba35	2019-09-19	product_release_id=2594	en	TASTING_NOTE	38c3a6b865ff2f986b67bcc310c9d7531b8ddb621db8c5072fc03f73aa9efdb9	"{""external_release_key"":""2594"",""product_id"":""2451"",""raw_field_sha256"":""38c3a6b865ff2f986b67bcc310c9d7531b8ddb621db8c5072fc03f73aa9efdb9"",""retention"":""dual-reviewed-short-phrases-only""}"	false	false	false	true	false	false	NO_PERSONAL_DATA	PUBLIC_DERIVED_ONLY	true
document.firstbloom.release_2595	github.firstbloom-data.a6cb0026	family.baseline.firstbloom-industry	a6cb0026d1af9642724793c799bbc48dc189ba35	2019-09-19	product_release_id=2595	en	TASTING_NOTE	d24bf50e115f395140a1500396ec88cb57e37c6c22493a13b071530003a1db9a	"{""external_release_key"":""2595"",""product_id"":""2452"",""raw_field_sha256"":""d24bf50e115f395140a1500396ec88cb57e37c6c22493a13b071530003a1db9a"",""retention"":""dual-reviewed-short-phrases-only""}"	false	false	false	true	false	false	NO_PERSONAL_DATA	PUBLIC_DERIVED_ONLY	true
document.firstbloom.release_2602	github.firstbloom-data.a6cb0026	family.baseline.firstbloom-industry	a6cb0026d1af9642724793c799bbc48dc189ba35	2019-09-19	product_release_id=2602	en	TASTING_NOTE	52602e4d38d2f303122d9b329a4f2cc7dd372a7d7dae234d93748f350332096d	"{""external_release_key"":""2602"",""product_id"":""2459"",""raw_field_sha256"":""52602e4d38d2f303122d9b329a4f2cc7dd372a7d7dae234d93748f350332096d"",""retention"":""dual-reviewed-short-phrases-only""}"	false	false	false	true	false	false	NO_PERSONAL_DATA	PUBLIC_DERIVED_ONLY	true
document.firstbloom.release_2603	github.firstbloom-data.a6cb0026	family.baseline.firstbloom-industry	a6cb0026d1af9642724793c799bbc48dc189ba35	2019-09-19	product_release_id=2603	en	TASTING_NOTE	cc70621a95be22e953439caed0faabb6885c055e74e665fe1f46eb3f03cb4bfa	"{""external_release_key"":""2603"",""product_id"":""2460"",""raw_field_sha256"":""cc70621a95be22e953439caed0faabb6885c055e74e665fe1f46eb3f03cb4bfa"",""retention"":""dual-reviewed-short-phrases-only""}"	false	false	false	true	false	false	NO_PERSONAL_DATA	PUBLIC_DERIVED_ONLY	true
document.firstbloom.release_2607	github.firstbloom-data.a6cb0026	family.baseline.firstbloom-industry	a6cb0026d1af9642724793c799bbc48dc189ba35	2019-09-19	product_release_id=2607	en	TASTING_NOTE	7660c20191ebac963012210c298dec29686cc15851f6a83ea6198651d6fd6cd9	"{""external_release_key"":""2607"",""product_id"":""2464"",""raw_field_sha256"":""7660c20191ebac963012210c298dec29686cc15851f6a83ea6198651d6fd6cd9"",""retention"":""dual-reviewed-short-phrases-only""}"	false	false	false	true	false	false	NO_PERSONAL_DATA	PUBLIC_DERIVED_ONLY	true
document.firstbloom.release_2622	github.firstbloom-data.a6cb0026	family.baseline.firstbloom-industry	a6cb0026d1af9642724793c799bbc48dc189ba35	2019-09-20	product_release_id=2622	en	TASTING_NOTE	ffbd5747740b62313ef0d4833ed9c512f9f4478c016bddca0cad2c31c8d90927	"{""external_release_key"":""2622"",""product_id"":""2479"",""raw_field_sha256"":""ffbd5747740b62313ef0d4833ed9c512f9f4478c016bddca0cad2c31c8d90927"",""retention"":""dual-reviewed-short-phrases-only""}"	false	false	false	true	false	false	NO_PERSONAL_DATA	PUBLIC_DERIVED_ONLY	true
document.firstbloom.release_2623	github.firstbloom-data.a6cb0026	family.baseline.firstbloom-industry	a6cb0026d1af9642724793c799bbc48dc189ba35	2019-09-21	product_release_id=2623	en	TASTING_NOTE	f8b2cd2aabe333023e214aac3d166de610e9994d2f995d436c3556ad51e7f35c	"{""external_release_key"":""2623"",""product_id"":""2480"",""raw_field_sha256"":""f8b2cd2aabe333023e214aac3d166de610e9994d2f995d436c3556ad51e7f35c"",""retention"":""dual-reviewed-short-phrases-only""}"	false	false	false	true	false	false	NO_PERSONAL_DATA	PUBLIC_DERIVED_ONLY	true
document.firstbloom.release_2630	github.firstbloom-data.a6cb0026	family.baseline.firstbloom-industry	a6cb0026d1af9642724793c799bbc48dc189ba35	2019-09-23	product_release_id=2630	en	TASTING_NOTE	7d76cccd2d53151d8a0adf8513e7609f61fbdbb595c5112c0ffb323dc41fd877	"{""external_release_key"":""2630"",""product_id"":""843"",""raw_field_sha256"":""7d76cccd2d53151d8a0adf8513e7609f61fbdbb595c5112c0ffb323dc41fd877"",""retention"":""dual-reviewed-short-phrases-only""}"	false	false	false	true	false	false	NO_PERSONAL_DATA	PUBLIC_DERIVED_ONLY	true
document.firstbloom.release_2631	github.firstbloom-data.a6cb0026	family.baseline.firstbloom-industry	a6cb0026d1af9642724793c799bbc48dc189ba35	2019-09-23	product_release_id=2631	en	TASTING_NOTE	19d52cf3538d018c837973ed9cc9c9e07da759c5f6536e3e45b870449baf79ba	"{""external_release_key"":""2631"",""product_id"":""2487"",""raw_field_sha256"":""19d52cf3538d018c837973ed9cc9c9e07da759c5f6536e3e45b870449baf79ba"",""retention"":""dual-reviewed-short-phrases-only""}"	false	false	false	true	false	false	NO_PERSONAL_DATA	PUBLIC_DERIVED_ONLY	true
document.firstbloom.release_2634	github.firstbloom-data.a6cb0026	family.baseline.firstbloom-industry	a6cb0026d1af9642724793c799bbc48dc189ba35	2019-09-23	product_release_id=2634	en	TASTING_NOTE	d335614c1330105a42dd2ade11e2ce3466301bb6f129f508da514a23e403ca41	"{""external_release_key"":""2634"",""product_id"":""2490"",""raw_field_sha256"":""d335614c1330105a42dd2ade11e2ce3466301bb6f129f508da514a23e403ca41"",""retention"":""dual-reviewed-short-phrases-only""}"	false	false	false	true	false	false	NO_PERSONAL_DATA	PUBLIC_DERIVED_ONLY	true
document.firstbloom.release_2636	github.firstbloom-data.a6cb0026	family.baseline.firstbloom-industry	a6cb0026d1af9642724793c799bbc48dc189ba35	2019-09-23	product_release_id=2636	en	TASTING_NOTE	a7ee92a2c029e8959ebb97e0900ae54c391224f722c191681a629f9125f392d9	"{""external_release_key"":""2636"",""product_id"":""2492"",""raw_field_sha256"":""a7ee92a2c029e8959ebb97e0900ae54c391224f722c191681a629f9125f392d9"",""retention"":""dual-reviewed-short-phrases-only""}"	false	false	false	true	false	false	NO_PERSONAL_DATA	PUBLIC_DERIVED_ONLY	true
document.firstbloom.release_264	github.firstbloom-data.a6cb0026	family.baseline.firstbloom-industry	a6cb0026d1af9642724793c799bbc48dc189ba35	2018-09-07	product_release_id=264	en	TASTING_NOTE	6d462508906c22a02c1d0acf64e4d3ae3b469516a6b1924f5902bfc7634379c1	"{""external_release_key"":""264"",""product_id"":""288"",""raw_field_sha256"":""6d462508906c22a02c1d0acf64e4d3ae3b469516a6b1924f5902bfc7634379c1"",""retention"":""dual-reviewed-short-phrases-only""}"	false	false	false	true	false	false	NO_PERSONAL_DATA	PUBLIC_DERIVED_ONLY	true
document.firstbloom.release_2663	github.firstbloom-data.a6cb0026	family.baseline.firstbloom-industry	a6cb0026d1af9642724793c799bbc48dc189ba35	2019-09-25	product_release_id=2663	en	TASTING_NOTE	58a8834ea9d4a21cb935c1244bf24a29cf2053f7f73a44c339d9324fa851b169	"{""external_release_key"":""2663"",""product_id"":""2519"",""raw_field_sha256"":""58a8834ea9d4a21cb935c1244bf24a29cf2053f7f73a44c339d9324fa851b169"",""retention"":""dual-reviewed-short-phrases-only""}"	false	false	false	true	false	false	NO_PERSONAL_DATA	PUBLIC_DERIVED_ONLY	true
document.firstbloom.release_2671	github.firstbloom-data.a6cb0026	family.baseline.firstbloom-industry	a6cb0026d1af9642724793c799bbc48dc189ba35	2019-09-25	product_release_id=2671	en	TASTING_NOTE	a660e95f43d03afca27605ef1cd0c1dc19ffe55ef0b2f3ad33cd57f0ddec8ad2	"{""external_release_key"":""2671"",""product_id"":""285"",""raw_field_sha256"":""a660e95f43d03afca27605ef1cd0c1dc19ffe55ef0b2f3ad33cd57f0ddec8ad2"",""retention"":""dual-reviewed-short-phrases-only""}"	false	false	false	true	false	false	NO_PERSONAL_DATA	PUBLIC_DERIVED_ONLY	true
document.firstbloom.release_268	github.firstbloom-data.a6cb0026	family.baseline.firstbloom-industry	a6cb0026d1af9642724793c799bbc48dc189ba35	2018-09-08	product_release_id=268	en	TASTING_NOTE	37f7ba5af9a20585b631407330c89b72b0fec48a0e5e2c5efebaba624867ed06	"{""external_release_key"":""268"",""product_id"":""292"",""raw_field_sha256"":""37f7ba5af9a20585b631407330c89b72b0fec48a0e5e2c5efebaba624867ed06"",""retention"":""dual-reviewed-short-phrases-only""}"	false	false	false	true	false	false	NO_PERSONAL_DATA	PUBLIC_DERIVED_ONLY	true
document.firstbloom.release_269	github.firstbloom-data.a6cb0026	family.baseline.firstbloom-industry	a6cb0026d1af9642724793c799bbc48dc189ba35	2018-09-08	product_release_id=269	en	TASTING_NOTE	62c13da0f7952e62afcb40fe69e14ae65f90d63bad97bec799844e5da870c234	"{""external_release_key"":""269"",""product_id"":""293"",""raw_field_sha256"":""62c13da0f7952e62afcb40fe69e14ae65f90d63bad97bec799844e5da870c234"",""retention"":""dual-reviewed-short-phrases-only""}"	false	false	false	true	false	false	NO_PERSONAL_DATA	PUBLIC_DERIVED_ONLY	true
document.firstbloom.release_270	github.firstbloom-data.a6cb0026	family.baseline.firstbloom-industry	a6cb0026d1af9642724793c799bbc48dc189ba35	2018-09-08	product_release_id=270	en	TASTING_NOTE	a4c67d17231457ae266513aaa5296dac430c1026e00a8a26b8ab45106f923889	"{""external_release_key"":""270"",""product_id"":""294"",""raw_field_sha256"":""a4c67d17231457ae266513aaa5296dac430c1026e00a8a26b8ab45106f923889"",""retention"":""dual-reviewed-short-phrases-only""}"	false	false	false	true	false	false	NO_PERSONAL_DATA	PUBLIC_DERIVED_ONLY	true
document.firstbloom.release_2703	github.firstbloom-data.a6cb0026	family.baseline.firstbloom-industry	a6cb0026d1af9642724793c799bbc48dc189ba35	2019-10-02	product_release_id=2703	en	TASTING_NOTE	fce63e7701138d6b4e70fb8154e8d6faf3ad980d41d81f8a576b52a07b54c651	"{""external_release_key"":""2703"",""product_id"":""2557"",""raw_field_sha256"":""fce63e7701138d6b4e70fb8154e8d6faf3ad980d41d81f8a576b52a07b54c651"",""retention"":""dual-reviewed-short-phrases-only""}"	false	false	false	true	false	false	NO_PERSONAL_DATA	PUBLIC_DERIVED_ONLY	true
document.firstbloom.release_2708	github.firstbloom-data.a6cb0026	family.baseline.firstbloom-industry	a6cb0026d1af9642724793c799bbc48dc189ba35	2019-10-02	product_release_id=2708	en	TASTING_NOTE	cc4c7ea18fbc5fe936391319f9277d3a47e865ad31a369168c60a9cd350c1f6f	"{""external_release_key"":""2708"",""product_id"":""2562"",""raw_field_sha256"":""cc4c7ea18fbc5fe936391319f9277d3a47e865ad31a369168c60a9cd350c1f6f"",""retention"":""dual-reviewed-short-phrases-only""}"	false	false	false	true	false	false	NO_PERSONAL_DATA	PUBLIC_DERIVED_ONLY	true
document.firstbloom.release_271	github.firstbloom-data.a6cb0026	family.baseline.firstbloom-industry	a6cb0026d1af9642724793c799bbc48dc189ba35	2018-09-08	product_release_id=271	en	TASTING_NOTE	1ad4ba881dc01e18b36fdec2fac49216d5c86871fe1836687da6eb53e55b3c30	"{""external_release_key"":""271"",""product_id"":""295"",""raw_field_sha256"":""1ad4ba881dc01e18b36fdec2fac49216d5c86871fe1836687da6eb53e55b3c30"",""retention"":""dual-reviewed-short-phrases-only""}"	false	false	false	true	false	false	NO_PERSONAL_DATA	PUBLIC_DERIVED_ONLY	true
document.firstbloom.release_2712	github.firstbloom-data.a6cb0026	family.baseline.firstbloom-industry	a6cb0026d1af9642724793c799bbc48dc189ba35	2019-10-02	product_release_id=2712	en	TASTING_NOTE	eada6da731206683babb4b62465f3b0f1be25dcecf7c748662c9c892b48bdb51	"{""external_release_key"":""2712"",""product_id"":""2566"",""raw_field_sha256"":""eada6da731206683babb4b62465f3b0f1be25dcecf7c748662c9c892b48bdb51"",""retention"":""dual-reviewed-short-phrases-only""}"	false	false	false	true	false	false	NO_PERSONAL_DATA	PUBLIC_DERIVED_ONLY	true
document.firstbloom.release_272	github.firstbloom-data.a6cb0026	family.baseline.firstbloom-industry	a6cb0026d1af9642724793c799bbc48dc189ba35	2018-09-08	product_release_id=272	en	TASTING_NOTE	080cd1efb39bcd1b2523dc077daff063706246928b24c38ca0f8c0cd3145bf9e	"{""external_release_key"":""272"",""product_id"":""296"",""raw_field_sha256"":""080cd1efb39bcd1b2523dc077daff063706246928b24c38ca0f8c0cd3145bf9e"",""retention"":""dual-reviewed-short-phrases-only""}"	false	false	false	true	false	false	NO_PERSONAL_DATA	PUBLIC_DERIVED_ONLY	true
document.firstbloom.release_2729	github.firstbloom-data.a6cb0026	family.baseline.firstbloom-industry	a6cb0026d1af9642724793c799bbc48dc189ba35	2019-10-02	product_release_id=2729	en	TASTING_NOTE	3bda61fee5feeed6ef5e0e865d97bc085dbd67168165f2b29f6e0d5eb8065049	"{""external_release_key"":""2729"",""product_id"":""2580"",""raw_field_sha256"":""3bda61fee5feeed6ef5e0e865d97bc085dbd67168165f2b29f6e0d5eb8065049"",""retention"":""dual-reviewed-short-phrases-only""}"	false	false	false	true	false	false	NO_PERSONAL_DATA	PUBLIC_DERIVED_ONLY	true
document.firstbloom.release_273	github.firstbloom-data.a6cb0026	family.baseline.firstbloom-industry	a6cb0026d1af9642724793c799bbc48dc189ba35	2018-09-08	product_release_id=273	en	TASTING_NOTE	07cbb34ae0f00b53a08652f1fbc3bb3311c1c511947fea0611f2c451a9ab57e9	"{""external_release_key"":""273"",""product_id"":""297"",""raw_field_sha256"":""07cbb34ae0f00b53a08652f1fbc3bb3311c1c511947fea0611f2c451a9ab57e9"",""retention"":""dual-reviewed-short-phrases-only""}"	false	false	false	true	false	false	NO_PERSONAL_DATA	PUBLIC_DERIVED_ONLY	true
document.firstbloom.release_2731	github.firstbloom-data.a6cb0026	family.baseline.firstbloom-industry	a6cb0026d1af9642724793c799bbc48dc189ba35	2019-10-02	product_release_id=2731	en	TASTING_NOTE	508326139807b66c9971a7e996ff5126fb364561801c18c2920053ab99d4bb33	"{""external_release_key"":""2731"",""product_id"":""2582"",""raw_field_sha256"":""508326139807b66c9971a7e996ff5126fb364561801c18c2920053ab99d4bb33"",""retention"":""dual-reviewed-short-phrases-only""}"	false	false	false	true	false	false	NO_PERSONAL_DATA	PUBLIC_DERIVED_ONLY	true
document.firstbloom.release_2732	github.firstbloom-data.a6cb0026	family.baseline.firstbloom-industry	a6cb0026d1af9642724793c799bbc48dc189ba35	2019-10-02	product_release_id=2732	en	TASTING_NOTE	6192c87cd079a1909459ace4f2fac401a4d6333fdb7b8b5868a2df1e7088aac9	"{""external_release_key"":""2732"",""product_id"":""2583"",""raw_field_sha256"":""6192c87cd079a1909459ace4f2fac401a4d6333fdb7b8b5868a2df1e7088aac9"",""retention"":""dual-reviewed-short-phrases-only""}"	false	false	false	true	false	false	NO_PERSONAL_DATA	PUBLIC_DERIVED_ONLY	true
document.firstbloom.release_2733	github.firstbloom-data.a6cb0026	family.baseline.firstbloom-industry	a6cb0026d1af9642724793c799bbc48dc189ba35	2019-10-02	product_release_id=2733	en	TASTING_NOTE	0a425afa5879b921fa9fb4c23e8263c280aee256c842ff368dd70f0a1f4ec7c7	"{""external_release_key"":""2733"",""product_id"":""2584"",""raw_field_sha256"":""0a425afa5879b921fa9fb4c23e8263c280aee256c842ff368dd70f0a1f4ec7c7"",""retention"":""dual-reviewed-short-phrases-only""}"	false	false	false	true	false	false	NO_PERSONAL_DATA	PUBLIC_DERIVED_ONLY	true
document.firstbloom.release_2765	github.firstbloom-data.a6cb0026	family.baseline.firstbloom-industry	a6cb0026d1af9642724793c799bbc48dc189ba35	2019-10-04	product_release_id=2765	en	TASTING_NOTE	c32f45144b2a042b373690f07c701d25a3bd76628fce62a2ae59f427c0edad62	"{""external_release_key"":""2765"",""product_id"":""2611"",""raw_field_sha256"":""c32f45144b2a042b373690f07c701d25a3bd76628fce62a2ae59f427c0edad62"",""retention"":""dual-reviewed-short-phrases-only""}"	false	false	false	true	false	false	NO_PERSONAL_DATA	PUBLIC_DERIVED_ONLY	true
document.firstbloom.release_2770	github.firstbloom-data.a6cb0026	family.baseline.firstbloom-industry	a6cb0026d1af9642724793c799bbc48dc189ba35	2019-10-04	product_release_id=2770	en	TASTING_NOTE	ecb5a81b5decfc581a9e4a69ebe6e0c965416a8005c174ee56605f44d4c6a9d3	"{""external_release_key"":""2770"",""product_id"":""2360"",""raw_field_sha256"":""ecb5a81b5decfc581a9e4a69ebe6e0c965416a8005c174ee56605f44d4c6a9d3"",""retention"":""dual-reviewed-short-phrases-only""}"	false	false	false	true	false	false	NO_PERSONAL_DATA	PUBLIC_DERIVED_ONLY	true
document.firstbloom.release_2774	github.firstbloom-data.a6cb0026	family.baseline.firstbloom-industry	a6cb0026d1af9642724793c799bbc48dc189ba35	2019-10-04	product_release_id=2774	en	TASTING_NOTE	01472469797e4509c4b74a568b2a703e9fa10a38fa2aec8d1cfaed7f0bb82ddc	"{""external_release_key"":""2774"",""product_id"":""27"",""raw_field_sha256"":""01472469797e4509c4b74a568b2a703e9fa10a38fa2aec8d1cfaed7f0bb82ddc"",""retention"":""dual-reviewed-short-phrases-only""}"	false	false	false	true	false	false	NO_PERSONAL_DATA	PUBLIC_DERIVED_ONLY	true
document.firstbloom.release_2784	github.firstbloom-data.a6cb0026	family.baseline.firstbloom-industry	a6cb0026d1af9642724793c799bbc48dc189ba35	2019-10-04	product_release_id=2784	en	TASTING_NOTE	fcb96664b4fb1a940e4fbc79749c54ad178990e15d9f2ee133ad37745827b8e1	"{""external_release_key"":""2784"",""product_id"":""2627"",""raw_field_sha256"":""fcb96664b4fb1a940e4fbc79749c54ad178990e15d9f2ee133ad37745827b8e1"",""retention"":""dual-reviewed-short-phrases-only""}"	false	false	false	true	false	false	NO_PERSONAL_DATA	PUBLIC_DERIVED_ONLY	true
document.firstbloom.release_2786	github.firstbloom-data.a6cb0026	family.baseline.firstbloom-industry	a6cb0026d1af9642724793c799bbc48dc189ba35	2019-10-04	product_release_id=2786	en	TASTING_NOTE	37e05b7c5e27e20d64852cbe12702cb42b3efc9da17252628171a25639a2c678	"{""external_release_key"":""2786"",""product_id"":""499"",""raw_field_sha256"":""37e05b7c5e27e20d64852cbe12702cb42b3efc9da17252628171a25639a2c678"",""retention"":""dual-reviewed-short-phrases-only""}"	false	false	false	true	false	false	NO_PERSONAL_DATA	PUBLIC_DERIVED_ONLY	true
document.firstbloom.release_2790	github.firstbloom-data.a6cb0026	family.baseline.firstbloom-industry	a6cb0026d1af9642724793c799bbc48dc189ba35	2019-10-04	product_release_id=2790	en	TASTING_NOTE	85adf15aec94de07b8f12f53b896e92eac93bf179c0bb5ab8decfa3435c4b08d	"{""external_release_key"":""2790"",""product_id"":""2631"",""raw_field_sha256"":""85adf15aec94de07b8f12f53b896e92eac93bf179c0bb5ab8decfa3435c4b08d"",""retention"":""dual-reviewed-short-phrases-only""}"	false	false	false	true	false	false	NO_PERSONAL_DATA	PUBLIC_DERIVED_ONLY	true
document.firstbloom.release_28	github.firstbloom-data.a6cb0026	family.baseline.firstbloom-industry	a6cb0026d1af9642724793c799bbc48dc189ba35	2017-12-29	product_release_id=28	en	TASTING_NOTE	d491599ab01624da1ad8603426707d7ebff2862a981948ea7d6b7dd57f732d87	"{""external_release_key"":""28"",""product_id"":""7"",""raw_field_sha256"":""d491599ab01624da1ad8603426707d7ebff2862a981948ea7d6b7dd57f732d87"",""retention"":""dual-reviewed-short-phrases-only""}"	false	false	false	true	false	false	NO_PERSONAL_DATA	PUBLIC_DERIVED_ONLY	true
document.firstbloom.release_2804	github.firstbloom-data.a6cb0026	family.baseline.firstbloom-industry	a6cb0026d1af9642724793c799bbc48dc189ba35	2019-10-05	product_release_id=2804	en	TASTING_NOTE	1218dab0cfd535c4a69759b2b371a81536e4b35f129c3dd3a53ece7518245c35	"{""external_release_key"":""2804"",""product_id"":""2644"",""raw_field_sha256"":""1218dab0cfd535c4a69759b2b371a81536e4b35f129c3dd3a53ece7518245c35"",""retention"":""dual-reviewed-short-phrases-only""}"	false	false	false	true	false	false	NO_PERSONAL_DATA	PUBLIC_DERIVED_ONLY	true
document.firstbloom.release_2808	github.firstbloom-data.a6cb0026	family.baseline.firstbloom-industry	a6cb0026d1af9642724793c799bbc48dc189ba35	2019-10-05	product_release_id=2808	en	TASTING_NOTE	a487a28c44373c575e0cd3104f8cf2e4298d841198ac79bccb98320a4a894907	"{""external_release_key"":""2808"",""product_id"":""2646"",""raw_field_sha256"":""a487a28c44373c575e0cd3104f8cf2e4298d841198ac79bccb98320a4a894907"",""retention"":""dual-reviewed-short-phrases-only""}"	false	false	false	true	false	false	NO_PERSONAL_DATA	PUBLIC_DERIVED_ONLY	true
document.firstbloom.release_2817	github.firstbloom-data.a6cb0026	family.baseline.firstbloom-industry	a6cb0026d1af9642724793c799bbc48dc189ba35	2019-10-05	product_release_id=2817	en	TASTING_NOTE	b56e249d5e57513cfd128217c4aaf440c5cf693a2fcf3b0ee860f993c6b73194	"{""external_release_key"":""2817"",""product_id"":""2649"",""raw_field_sha256"":""b56e249d5e57513cfd128217c4aaf440c5cf693a2fcf3b0ee860f993c6b73194"",""retention"":""dual-reviewed-short-phrases-only""}"	false	false	false	true	false	false	NO_PERSONAL_DATA	PUBLIC_DERIVED_ONLY	true
document.firstbloom.release_2819	github.firstbloom-data.a6cb0026	family.baseline.firstbloom-industry	a6cb0026d1af9642724793c799bbc48dc189ba35	2019-10-05	product_release_id=2819	en	TASTING_NOTE	aa226af9c6b83d8619f5ff87b948becef9497e73ed301f16af45f8e68844e67c	"{""external_release_key"":""2819"",""product_id"":""2650"",""raw_field_sha256"":""aa226af9c6b83d8619f5ff87b948becef9497e73ed301f16af45f8e68844e67c"",""retention"":""dual-reviewed-short-phrases-only""}"	false	false	false	true	false	false	NO_PERSONAL_DATA	PUBLIC_DERIVED_ONLY	true
document.firstbloom.release_2823	github.firstbloom-data.a6cb0026	family.baseline.firstbloom-industry	a6cb0026d1af9642724793c799bbc48dc189ba35	2019-10-05	product_release_id=2823	en	TASTING_NOTE	c8a2f4c0796b9b5d8035ca65743bd13ca8cb172a29f75eda1f67cf7816e9c6e9	"{""external_release_key"":""2823"",""product_id"":""2654"",""raw_field_sha256"":""c8a2f4c0796b9b5d8035ca65743bd13ca8cb172a29f75eda1f67cf7816e9c6e9"",""retention"":""dual-reviewed-short-phrases-only""}"	false	false	false	true	false	false	NO_PERSONAL_DATA	PUBLIC_DERIVED_ONLY	true
document.firstbloom.release_2824	github.firstbloom-data.a6cb0026	family.baseline.firstbloom-industry	a6cb0026d1af9642724793c799bbc48dc189ba35	2019-10-05	product_release_id=2824	en	TASTING_NOTE	77cfcd04958dcaf3f3ced953df5cd003a23b5f9f12f9fcdbb4f46033aa2913bf	"{""external_release_key"":""2824"",""product_id"":""2655"",""raw_field_sha256"":""77cfcd04958dcaf3f3ced953df5cd003a23b5f9f12f9fcdbb4f46033aa2913bf"",""retention"":""dual-reviewed-short-phrases-only""}"	false	false	false	true	false	false	NO_PERSONAL_DATA	PUBLIC_DERIVED_ONLY	true
document.firstbloom.release_2826	github.firstbloom-data.a6cb0026	family.baseline.firstbloom-industry	a6cb0026d1af9642724793c799bbc48dc189ba35	2019-10-05	product_release_id=2826	en	TASTING_NOTE	bb205a9c7cd9886c7dfcdf0608b98070a925ba188112cd4915d245968d59cea2	"{""external_release_key"":""2826"",""product_id"":""2656"",""raw_field_sha256"":""bb205a9c7cd9886c7dfcdf0608b98070a925ba188112cd4915d245968d59cea2"",""retention"":""dual-reviewed-short-phrases-only""}"	false	false	false	true	false	false	NO_PERSONAL_DATA	PUBLIC_DERIVED_ONLY	true
document.firstbloom.release_2827	github.firstbloom-data.a6cb0026	family.baseline.firstbloom-industry	a6cb0026d1af9642724793c799bbc48dc189ba35	2019-10-05	product_release_id=2827	en	TASTING_NOTE	e723f5618bc5198bb6d86fc79bd1cdf866dcd6a179962b66700e978ccac75a05	"{""external_release_key"":""2827"",""product_id"":""2657"",""raw_field_sha256"":""e723f5618bc5198bb6d86fc79bd1cdf866dcd6a179962b66700e978ccac75a05"",""retention"":""dual-reviewed-short-phrases-only""}"	false	false	false	true	false	false	NO_PERSONAL_DATA	PUBLIC_DERIVED_ONLY	true
document.firstbloom.release_2828	github.firstbloom-data.a6cb0026	family.baseline.firstbloom-industry	a6cb0026d1af9642724793c799bbc48dc189ba35	2019-10-05	product_release_id=2828	en	TASTING_NOTE	54da858c234770dff6486bd8e59894f9d407e4f514f4413d0d4d751ba546cc5a	"{""external_release_key"":""2828"",""product_id"":""2658"",""raw_field_sha256"":""54da858c234770dff6486bd8e59894f9d407e4f514f4413d0d4d751ba546cc5a"",""retention"":""dual-reviewed-short-phrases-only""}"	false	false	false	true	false	false	NO_PERSONAL_DATA	PUBLIC_DERIVED_ONLY	true
document.firstbloom.release_2829	github.firstbloom-data.a6cb0026	family.baseline.firstbloom-industry	a6cb0026d1af9642724793c799bbc48dc189ba35	2019-10-06	product_release_id=2829	en	TASTING_NOTE	71c735597335078fa73b3b172c3c4a98fdb817861a3fdfdc6d82d5c23626ecbd	"{""external_release_key"":""2829"",""product_id"":""2659"",""raw_field_sha256"":""71c735597335078fa73b3b172c3c4a98fdb817861a3fdfdc6d82d5c23626ecbd"",""retention"":""dual-reviewed-short-phrases-only""}"	false	false	false	true	false	false	NO_PERSONAL_DATA	PUBLIC_DERIVED_ONLY	true
document.firstbloom.release_2840	github.firstbloom-data.a6cb0026	family.baseline.firstbloom-industry	a6cb0026d1af9642724793c799bbc48dc189ba35	2019-10-09	product_release_id=2840	en	TASTING_NOTE	00fa91e86187b558427598d61827f77971aa9017148f465948fdfec0df1d6d3d	"{""external_release_key"":""2840"",""product_id"":""2668"",""raw_field_sha256"":""00fa91e86187b558427598d61827f77971aa9017148f465948fdfec0df1d6d3d"",""retention"":""dual-reviewed-short-phrases-only""}"	false	false	false	true	false	false	NO_PERSONAL_DATA	PUBLIC_DERIVED_ONLY	true
document.firstbloom.release_2843	github.firstbloom-data.a6cb0026	family.baseline.firstbloom-industry	a6cb0026d1af9642724793c799bbc48dc189ba35	2019-10-09	product_release_id=2843	en	TASTING_NOTE	6fe29988ab929b302fd9f2d1ce620aa5d0266d7a253fffcf78271e4c0acf8275	"{""external_release_key"":""2843"",""product_id"":""2671"",""raw_field_sha256"":""6fe29988ab929b302fd9f2d1ce620aa5d0266d7a253fffcf78271e4c0acf8275"",""retention"":""dual-reviewed-short-phrases-only""}"	false	false	false	true	false	false	NO_PERSONAL_DATA	PUBLIC_DERIVED_ONLY	true
document.firstbloom.release_2856	github.firstbloom-data.a6cb0026	family.baseline.firstbloom-industry	a6cb0026d1af9642724793c799bbc48dc189ba35	2019-10-10	product_release_id=2856	en	TASTING_NOTE	1375c2d7b435bcd3154535292ffb0ae39e6a288fd5132b2c77bcbff0476a2d40	"{""external_release_key"":""2856"",""product_id"":""2682"",""raw_field_sha256"":""1375c2d7b435bcd3154535292ffb0ae39e6a288fd5132b2c77bcbff0476a2d40"",""retention"":""dual-reviewed-short-phrases-only""}"	false	false	false	true	false	false	NO_PERSONAL_DATA	PUBLIC_DERIVED_ONLY	true
document.firstbloom.release_2857	github.firstbloom-data.a6cb0026	family.baseline.firstbloom-industry	a6cb0026d1af9642724793c799bbc48dc189ba35	2019-10-10	product_release_id=2857	en	TASTING_NOTE	42ed5bee1c8f911aadead00bc347212aacfe0fa567bdb6839f09ac05100c44e4	"{""external_release_key"":""2857"",""product_id"":""2683"",""raw_field_sha256"":""42ed5bee1c8f911aadead00bc347212aacfe0fa567bdb6839f09ac05100c44e4"",""retention"":""dual-reviewed-short-phrases-only""}"	false	false	false	true	false	false	NO_PERSONAL_DATA	PUBLIC_DERIVED_ONLY	true
document.firstbloom.release_2871	github.firstbloom-data.a6cb0026	family.baseline.firstbloom-industry	a6cb0026d1af9642724793c799bbc48dc189ba35	2019-10-11	product_release_id=2871	en	TASTING_NOTE	e9bf168f72371b4efb4978f9fa611e85ef2206ef1fb7f3523d4fa2ee6d706bbc	"{""external_release_key"":""2871"",""product_id"":""2696"",""raw_field_sha256"":""e9bf168f72371b4efb4978f9fa611e85ef2206ef1fb7f3523d4fa2ee6d706bbc"",""retention"":""dual-reviewed-short-phrases-only""}"	false	false	false	true	false	false	NO_PERSONAL_DATA	PUBLIC_DERIVED_ONLY	true
document.firstbloom.release_29	github.firstbloom-data.a6cb0026	family.baseline.firstbloom-industry	a6cb0026d1af9642724793c799bbc48dc189ba35	2017-12-29	product_release_id=29	en	TASTING_NOTE	64f927bc21fa700ba5956532de9dc31386426df632ea156e3d6263f731668c2b	"{""external_release_key"":""29"",""product_id"":""10"",""raw_field_sha256"":""64f927bc21fa700ba5956532de9dc31386426df632ea156e3d6263f731668c2b"",""retention"":""dual-reviewed-short-phrases-only""}"	false	false	false	true	false	false	NO_PERSONAL_DATA	PUBLIC_DERIVED_ONLY	true
document.firstbloom.release_2906	github.firstbloom-data.a6cb0026	family.baseline.firstbloom-industry	a6cb0026d1af9642724793c799bbc48dc189ba35	2019-10-13	product_release_id=2906	en	TASTING_NOTE	6bbffe61914d275ec714512028cf5b36ca0c3c91b9389fee2519c0c60dd0eac6	"{""external_release_key"":""2906"",""product_id"":""2729"",""raw_field_sha256"":""6bbffe61914d275ec714512028cf5b36ca0c3c91b9389fee2519c0c60dd0eac6"",""retention"":""dual-reviewed-short-phrases-only""}"	false	false	false	true	false	false	NO_PERSONAL_DATA	PUBLIC_DERIVED_ONLY	true
document.firstbloom.release_2924	github.firstbloom-data.a6cb0026	family.baseline.firstbloom-industry	a6cb0026d1af9642724793c799bbc48dc189ba35	2019-10-16	product_release_id=2924	en	TASTING_NOTE	cd0f25218ce9e601f315fa5c39d5fd83985c3c2052936a91fe8654e25836537a	"{""external_release_key"":""2924"",""product_id"":""227"",""raw_field_sha256"":""cd0f25218ce9e601f315fa5c39d5fd83985c3c2052936a91fe8654e25836537a"",""retention"":""dual-reviewed-short-phrases-only""}"	false	false	false	true	false	false	NO_PERSONAL_DATA	PUBLIC_DERIVED_ONLY	true
document.firstbloom.release_2926	github.firstbloom-data.a6cb0026	family.baseline.firstbloom-industry	a6cb0026d1af9642724793c799bbc48dc189ba35	2019-10-16	product_release_id=2926	en	TASTING_NOTE	f06d19f97ffdab8967531c3dc301cbe8fd57e502b07fb429213b98aaf6e9f6cf	"{""external_release_key"":""2926"",""product_id"":""2741"",""raw_field_sha256"":""f06d19f97ffdab8967531c3dc301cbe8fd57e502b07fb429213b98aaf6e9f6cf"",""retention"":""dual-reviewed-short-phrases-only""}"	false	false	false	true	false	false	NO_PERSONAL_DATA	PUBLIC_DERIVED_ONLY	true
document.firstbloom.release_2927	github.firstbloom-data.a6cb0026	family.baseline.firstbloom-industry	a6cb0026d1af9642724793c799bbc48dc189ba35	2019-10-16	product_release_id=2927	en	TASTING_NOTE	bbe4ad8281853563a90f72e7dd3506db26e9e28f3dbfac57a53972d4e7ee0381	"{""external_release_key"":""2927"",""product_id"":""2742"",""raw_field_sha256"":""bbe4ad8281853563a90f72e7dd3506db26e9e28f3dbfac57a53972d4e7ee0381"",""retention"":""dual-reviewed-short-phrases-only""}"	false	false	false	true	false	false	NO_PERSONAL_DATA	PUBLIC_DERIVED_ONLY	true
document.firstbloom.release_2928	github.firstbloom-data.a6cb0026	family.baseline.firstbloom-industry	a6cb0026d1af9642724793c799bbc48dc189ba35	2019-10-16	product_release_id=2928	en	TASTING_NOTE	e843db3b3c3d78b5eff402e352ff9ca6968f29b1478f5b66d53e1888bcf795a9	"{""external_release_key"":""2928"",""product_id"":""2743"",""raw_field_sha256"":""e843db3b3c3d78b5eff402e352ff9ca6968f29b1478f5b66d53e1888bcf795a9"",""retention"":""dual-reviewed-short-phrases-only""}"	false	false	false	true	false	false	NO_PERSONAL_DATA	PUBLIC_DERIVED_ONLY	true
document.firstbloom.release_2936	github.firstbloom-data.a6cb0026	family.baseline.firstbloom-industry	a6cb0026d1af9642724793c799bbc48dc189ba35	2019-10-17	product_release_id=2936	en	TASTING_NOTE	0e6ce26c431c83ff83045f8a3c930c1e9744a5c9bcbd1e8083f67d6a2dc96f87	"{""external_release_key"":""2936"",""product_id"":""2751"",""raw_field_sha256"":""0e6ce26c431c83ff83045f8a3c930c1e9744a5c9bcbd1e8083f67d6a2dc96f87"",""retention"":""dual-reviewed-short-phrases-only""}"	false	false	false	true	false	false	NO_PERSONAL_DATA	PUBLIC_DERIVED_ONLY	true
document.firstbloom.release_2938	github.firstbloom-data.a6cb0026	family.baseline.firstbloom-industry	a6cb0026d1af9642724793c799bbc48dc189ba35	2019-10-17	product_release_id=2938	en	TASTING_NOTE	4dbb7c11436c25da69b100cb67e95adb852d3b3e725a92ce616c38a6b18db780	"{""external_release_key"":""2938"",""product_id"":""734"",""raw_field_sha256"":""4dbb7c11436c25da69b100cb67e95adb852d3b3e725a92ce616c38a6b18db780"",""retention"":""dual-reviewed-short-phrases-only""}"	false	false	false	true	false	false	NO_PERSONAL_DATA	PUBLIC_DERIVED_ONLY	true
document.firstbloom.release_2939	github.firstbloom-data.a6cb0026	family.baseline.firstbloom-industry	a6cb0026d1af9642724793c799bbc48dc189ba35	2019-10-17	product_release_id=2939	en	TASTING_NOTE	8aeed7544587f6ceb9d4521bd8d48d7714e7ebb44c7e3646eefb948aa28bfd56	"{""external_release_key"":""2939"",""product_id"":""2753"",""raw_field_sha256"":""8aeed7544587f6ceb9d4521bd8d48d7714e7ebb44c7e3646eefb948aa28bfd56"",""retention"":""dual-reviewed-short-phrases-only""}"	false	false	false	true	false	false	NO_PERSONAL_DATA	PUBLIC_DERIVED_ONLY	true
document.firstbloom.release_2948	github.firstbloom-data.a6cb0026	family.baseline.firstbloom-industry	a6cb0026d1af9642724793c799bbc48dc189ba35	2019-10-18	product_release_id=2948	en	TASTING_NOTE	f98f982897ed3e734c1764cab8e41530b9ab924dab0727ce17a60ac802ed3b90	"{""external_release_key"":""2948"",""product_id"":""2762"",""raw_field_sha256"":""f98f982897ed3e734c1764cab8e41530b9ab924dab0727ce17a60ac802ed3b90"",""retention"":""dual-reviewed-short-phrases-only""}"	false	false	false	true	false	false	NO_PERSONAL_DATA	PUBLIC_DERIVED_ONLY	true
document.firstbloom.release_2949	github.firstbloom-data.a6cb0026	family.baseline.firstbloom-industry	a6cb0026d1af9642724793c799bbc48dc189ba35	2019-10-18	product_release_id=2949	en	TASTING_NOTE	c3c01d1060071f3c90bedd6fff74f584d93c02d67aae145c6af6c883797a1423	"{""external_release_key"":""2949"",""product_id"":""2763"",""raw_field_sha256"":""c3c01d1060071f3c90bedd6fff74f584d93c02d67aae145c6af6c883797a1423"",""retention"":""dual-reviewed-short-phrases-only""}"	false	false	false	true	false	false	NO_PERSONAL_DATA	PUBLIC_DERIVED_ONLY	true
document.firstbloom.release_2953	github.firstbloom-data.a6cb0026	family.baseline.firstbloom-industry	a6cb0026d1af9642724793c799bbc48dc189ba35	2019-10-18	product_release_id=2953	en	TASTING_NOTE	356d61f5a28c9c757a01607b9c425e1fa51409f92b5713f1e37e6a77b081024e	"{""external_release_key"":""2953"",""product_id"":""2767"",""raw_field_sha256"":""356d61f5a28c9c757a01607b9c425e1fa51409f92b5713f1e37e6a77b081024e"",""retention"":""dual-reviewed-short-phrases-only""}"	false	false	false	true	false	false	NO_PERSONAL_DATA	PUBLIC_DERIVED_ONLY	true
document.firstbloom.release_2954	github.firstbloom-data.a6cb0026	family.baseline.firstbloom-industry	a6cb0026d1af9642724793c799bbc48dc189ba35	2019-10-18	product_release_id=2954	en	TASTING_NOTE	356d61f5a28c9c757a01607b9c425e1fa51409f92b5713f1e37e6a77b081024e	"{""external_release_key"":""2954"",""product_id"":""2768"",""raw_field_sha256"":""356d61f5a28c9c757a01607b9c425e1fa51409f92b5713f1e37e6a77b081024e"",""retention"":""dual-reviewed-short-phrases-only""}"	false	false	false	true	false	false	NO_PERSONAL_DATA	PUBLIC_DERIVED_ONLY	true
document.firstbloom.release_2973	github.firstbloom-data.a6cb0026	family.baseline.firstbloom-industry	a6cb0026d1af9642724793c799bbc48dc189ba35	2019-10-18	product_release_id=2973	en	TASTING_NOTE	8e3b0fc72e0998630f943d2de73abb6d5b58e062a4fd34d32a55ee090c362b1c	"{""external_release_key"":""2973"",""product_id"":""2787"",""raw_field_sha256"":""8e3b0fc72e0998630f943d2de73abb6d5b58e062a4fd34d32a55ee090c362b1c"",""retention"":""dual-reviewed-short-phrases-only""}"	false	false	false	true	false	false	NO_PERSONAL_DATA	PUBLIC_DERIVED_ONLY	true
document.firstbloom.release_2986	github.firstbloom-data.a6cb0026	family.baseline.firstbloom-industry	a6cb0026d1af9642724793c799bbc48dc189ba35	2019-10-18	product_release_id=2986	en	TASTING_NOTE	7afe7d7c07be2694fa0ec2f0b7e8d80acdc9d292f8213f189d21b1b813bdd3c5	"{""external_release_key"":""2986"",""product_id"":""2800"",""raw_field_sha256"":""7afe7d7c07be2694fa0ec2f0b7e8d80acdc9d292f8213f189d21b1b813bdd3c5"",""retention"":""dual-reviewed-short-phrases-only""}"	false	false	false	true	false	false	NO_PERSONAL_DATA	PUBLIC_DERIVED_ONLY	true
document.firstbloom.release_2987	github.firstbloom-data.a6cb0026	family.baseline.firstbloom-industry	a6cb0026d1af9642724793c799bbc48dc189ba35	2019-10-18	product_release_id=2987	en	TASTING_NOTE	477df7f3bf877397d3fa40f56961aa6d7177bffdc236067c81ded86bee25568e	"{""external_release_key"":""2987"",""product_id"":""2801"",""raw_field_sha256"":""477df7f3bf877397d3fa40f56961aa6d7177bffdc236067c81ded86bee25568e"",""retention"":""dual-reviewed-short-phrases-only""}"	false	false	false	true	false	false	NO_PERSONAL_DATA	PUBLIC_DERIVED_ONLY	true
document.firstbloom.release_2997	github.firstbloom-data.a6cb0026	family.baseline.firstbloom-industry	a6cb0026d1af9642724793c799bbc48dc189ba35	2019-10-23	product_release_id=2997	en	TASTING_NOTE	d58e9e2e6d25bb302638546a52c21ed1c1a0b84995f38bb5d55b87c2edb453bb	"{""external_release_key"":""2997"",""product_id"":""2811"",""raw_field_sha256"":""d58e9e2e6d25bb302638546a52c21ed1c1a0b84995f38bb5d55b87c2edb453bb"",""retention"":""dual-reviewed-short-phrases-only""}"	false	false	false	true	false	false	NO_PERSONAL_DATA	PUBLIC_DERIVED_ONLY	true
document.firstbloom.release_3000	github.firstbloom-data.a6cb0026	family.baseline.firstbloom-industry	a6cb0026d1af9642724793c799bbc48dc189ba35	2019-10-23	product_release_id=3000	en	TASTING_NOTE	8fd4e84d5af70b235e6d5a4a58a7d07b9066d5079a3c157409deaac7139daebd	"{""external_release_key"":""3000"",""product_id"":""2814"",""raw_field_sha256"":""8fd4e84d5af70b235e6d5a4a58a7d07b9066d5079a3c157409deaac7139daebd"",""retention"":""dual-reviewed-short-phrases-only""}"	false	false	false	true	false	false	NO_PERSONAL_DATA	PUBLIC_DERIVED_ONLY	true
document.firstbloom.release_3013	github.firstbloom-data.a6cb0026	family.baseline.firstbloom-industry	a6cb0026d1af9642724793c799bbc48dc189ba35	2019-10-23	product_release_id=3013	en	TASTING_NOTE	6244907426ee24c7690ae3f76e91e32ad6981d0436d7adea3d9b13b0bfc6c63d	"{""external_release_key"":""3013"",""product_id"":""2824"",""raw_field_sha256"":""6244907426ee24c7690ae3f76e91e32ad6981d0436d7adea3d9b13b0bfc6c63d"",""retention"":""dual-reviewed-short-phrases-only""}"	false	false	false	true	false	false	NO_PERSONAL_DATA	PUBLIC_DERIVED_ONLY	true
document.firstbloom.release_3014	github.firstbloom-data.a6cb0026	family.baseline.firstbloom-industry	a6cb0026d1af9642724793c799bbc48dc189ba35	2019-10-23	product_release_id=3014	en	TASTING_NOTE	8813692a69f45b067b2dd7a9c9c1ac141f2b8affa06645d1fca69ce58ddbfbfb	"{""external_release_key"":""3014"",""product_id"":""248"",""raw_field_sha256"":""8813692a69f45b067b2dd7a9c9c1ac141f2b8affa06645d1fca69ce58ddbfbfb"",""retention"":""dual-reviewed-short-phrases-only""}"	false	false	false	true	false	false	NO_PERSONAL_DATA	PUBLIC_DERIVED_ONLY	true
document.firstbloom.release_3025	github.firstbloom-data.a6cb0026	family.baseline.firstbloom-industry	a6cb0026d1af9642724793c799bbc48dc189ba35	2019-10-23	product_release_id=3025	en	TASTING_NOTE	302edfe440f7624be8b2ff6ce122d53359bdfb9393afdaaeb4b650bd93525ca6	"{""external_release_key"":""3025"",""product_id"":""2832"",""raw_field_sha256"":""302edfe440f7624be8b2ff6ce122d53359bdfb9393afdaaeb4b650bd93525ca6"",""retention"":""dual-reviewed-short-phrases-only""}"	false	false	false	true	false	false	NO_PERSONAL_DATA	PUBLIC_DERIVED_ONLY	true
document.firstbloom.release_3048	github.firstbloom-data.a6cb0026	family.baseline.firstbloom-industry	a6cb0026d1af9642724793c799bbc48dc189ba35	2019-10-24	product_release_id=3048	en	TASTING_NOTE	6cdd71f283b233175216b9a59c5572c4a7f0bd2e48f06f98c9412d57427c6bc5	"{""external_release_key"":""3048"",""product_id"":""2855"",""raw_field_sha256"":""6cdd71f283b233175216b9a59c5572c4a7f0bd2e48f06f98c9412d57427c6bc5"",""retention"":""dual-reviewed-short-phrases-only""}"	false	false	false	true	false	false	NO_PERSONAL_DATA	PUBLIC_DERIVED_ONLY	true
document.firstbloom.release_3060	github.firstbloom-data.a6cb0026	family.baseline.firstbloom-industry	a6cb0026d1af9642724793c799bbc48dc189ba35	2019-10-25	product_release_id=3060	en	TASTING_NOTE	1f1d1c4f9ba56a2ee5955ee2bd80302b34aa9979e5c668c4a1001c3bd112184c	"{""external_release_key"":""3060"",""product_id"":""2867"",""raw_field_sha256"":""1f1d1c4f9ba56a2ee5955ee2bd80302b34aa9979e5c668c4a1001c3bd112184c"",""retention"":""dual-reviewed-short-phrases-only""}"	false	false	false	true	false	false	NO_PERSONAL_DATA	PUBLIC_DERIVED_ONLY	true
document.firstbloom.release_3061	github.firstbloom-data.a6cb0026	family.baseline.firstbloom-industry	a6cb0026d1af9642724793c799bbc48dc189ba35	2019-10-25	product_release_id=3061	en	TASTING_NOTE	44774453882333da07e57f19343cafc41636cccc1a9e07a3e5d296ce1d480121	"{""external_release_key"":""3061"",""product_id"":""2868"",""raw_field_sha256"":""44774453882333da07e57f19343cafc41636cccc1a9e07a3e5d296ce1d480121"",""retention"":""dual-reviewed-short-phrases-only""}"	false	false	false	true	false	false	NO_PERSONAL_DATA	PUBLIC_DERIVED_ONLY	true
document.firstbloom.release_3065	github.firstbloom-data.a6cb0026	family.baseline.firstbloom-industry	a6cb0026d1af9642724793c799bbc48dc189ba35	2019-10-25	product_release_id=3065	en	TASTING_NOTE	a0b069578e03ef7b296abeb261483fc60b34c897591fdc2eaf93f543ac5e62b4	"{""external_release_key"":""3065"",""product_id"":""2871"",""raw_field_sha256"":""a0b069578e03ef7b296abeb261483fc60b34c897591fdc2eaf93f543ac5e62b4"",""retention"":""dual-reviewed-short-phrases-only""}"	false	false	false	true	false	false	NO_PERSONAL_DATA	PUBLIC_DERIVED_ONLY	true
document.firstbloom.release_3066	github.firstbloom-data.a6cb0026	family.baseline.firstbloom-industry	a6cb0026d1af9642724793c799bbc48dc189ba35	2019-10-25	product_release_id=3066	en	TASTING_NOTE	2d9d6ae646274f2fbc758d092708dfb708cec35aae03ebb3cfbb110131100ecc	"{""external_release_key"":""3066"",""product_id"":""2872"",""raw_field_sha256"":""2d9d6ae646274f2fbc758d092708dfb708cec35aae03ebb3cfbb110131100ecc"",""retention"":""dual-reviewed-short-phrases-only""}"	false	false	false	true	false	false	NO_PERSONAL_DATA	PUBLIC_DERIVED_ONLY	true
document.firstbloom.release_307	github.firstbloom-data.a6cb0026	family.baseline.firstbloom-industry	a6cb0026d1af9642724793c799bbc48dc189ba35	2018-09-15	product_release_id=307	en	TASTING_NOTE	dc9d33815572976ec8d4ab8d998f4059d3eeab273620f12cef07ee718153d0b0	"{""external_release_key"":""307"",""product_id"":""314"",""raw_field_sha256"":""dc9d33815572976ec8d4ab8d998f4059d3eeab273620f12cef07ee718153d0b0"",""retention"":""dual-reviewed-short-phrases-only""}"	false	false	false	true	false	false	NO_PERSONAL_DATA	PUBLIC_DERIVED_ONLY	true
document.firstbloom.release_3079	github.firstbloom-data.a6cb0026	family.baseline.firstbloom-industry	a6cb0026d1af9642724793c799bbc48dc189ba35	2019-10-28	product_release_id=3079	en	TASTING_NOTE	11c9d576227430214ff50d0042750e26445e2d99d30d4c7e693efb23ea52724c	"{""external_release_key"":""3079"",""product_id"":""2885"",""raw_field_sha256"":""11c9d576227430214ff50d0042750e26445e2d99d30d4c7e693efb23ea52724c"",""retention"":""dual-reviewed-short-phrases-only""}"	false	false	false	true	false	false	NO_PERSONAL_DATA	PUBLIC_DERIVED_ONLY	true
document.firstbloom.release_3085	github.firstbloom-data.a6cb0026	family.baseline.firstbloom-industry	a6cb0026d1af9642724793c799bbc48dc189ba35	2019-10-28	product_release_id=3085	en	TASTING_NOTE	2b434d52ad8e2a95f7dab7a4ee1dfe8549ec54ed1beaf4d786bb1adf4f618287	"{""external_release_key"":""3085"",""product_id"":""2891"",""raw_field_sha256"":""2b434d52ad8e2a95f7dab7a4ee1dfe8549ec54ed1beaf4d786bb1adf4f618287"",""retention"":""dual-reviewed-short-phrases-only""}"	false	false	false	true	false	false	NO_PERSONAL_DATA	PUBLIC_DERIVED_ONLY	true
document.firstbloom.release_309	github.firstbloom-data.a6cb0026	family.baseline.firstbloom-industry	a6cb0026d1af9642724793c799bbc48dc189ba35	2018-09-15	product_release_id=309	en	TASTING_NOTE	b3ef756da65f384331fa808fb0719b900d636a6e08ec523cec7c7729d783e54b	"{""external_release_key"":""309"",""product_id"":""316"",""raw_field_sha256"":""b3ef756da65f384331fa808fb0719b900d636a6e08ec523cec7c7729d783e54b"",""retention"":""dual-reviewed-short-phrases-only""}"	false	false	false	true	false	false	NO_PERSONAL_DATA	PUBLIC_DERIVED_ONLY	true
document.firstbloom.release_3091	github.firstbloom-data.a6cb0026	family.baseline.firstbloom-industry	a6cb0026d1af9642724793c799bbc48dc189ba35	2019-10-29	product_release_id=3091	en	TASTING_NOTE	2854167e670af10f4912da7f184b19ae40600f6b71b8552867097b310a8e7396	"{""external_release_key"":""3091"",""product_id"":""2897"",""raw_field_sha256"":""2854167e670af10f4912da7f184b19ae40600f6b71b8552867097b310a8e7396"",""retention"":""dual-reviewed-short-phrases-only""}"	false	false	false	true	false	false	NO_PERSONAL_DATA	PUBLIC_DERIVED_ONLY	true
document.firstbloom.release_3109	github.firstbloom-data.a6cb0026	family.baseline.firstbloom-industry	a6cb0026d1af9642724793c799bbc48dc189ba35	2019-10-30	product_release_id=3109	en	TASTING_NOTE	f19ea70de2aef87d35f43bf1959e7aa833dd68403477bba717a8d7218b5b7918	"{""external_release_key"":""3109"",""product_id"":""2915"",""raw_field_sha256"":""f19ea70de2aef87d35f43bf1959e7aa833dd68403477bba717a8d7218b5b7918"",""retention"":""dual-reviewed-short-phrases-only""}"	false	false	false	true	false	false	NO_PERSONAL_DATA	PUBLIC_DERIVED_ONLY	true
document.firstbloom.release_3111	github.firstbloom-data.a6cb0026	family.baseline.firstbloom-industry	a6cb0026d1af9642724793c799bbc48dc189ba35	2019-10-30	product_release_id=3111	en	TASTING_NOTE	0edfbccc99ae127bffa88e99cf9157bc4850d322217e7e1f061599d3ac1a1583	"{""external_release_key"":""3111"",""product_id"":""2917"",""raw_field_sha256"":""0edfbccc99ae127bffa88e99cf9157bc4850d322217e7e1f061599d3ac1a1583"",""retention"":""dual-reviewed-short-phrases-only""}"	false	false	false	true	false	false	NO_PERSONAL_DATA	PUBLIC_DERIVED_ONLY	true
document.firstbloom.release_3112	github.firstbloom-data.a6cb0026	family.baseline.firstbloom-industry	a6cb0026d1af9642724793c799bbc48dc189ba35	2019-10-30	product_release_id=3112	en	TASTING_NOTE	000f0d021cff7e0bdecb5a254bc57620935b77190c24cd0ed9c430f02e4d2a6d	"{""external_release_key"":""3112"",""product_id"":""2918"",""raw_field_sha256"":""000f0d021cff7e0bdecb5a254bc57620935b77190c24cd0ed9c430f02e4d2a6d"",""retention"":""dual-reviewed-short-phrases-only""}"	false	false	false	true	false	false	NO_PERSONAL_DATA	PUBLIC_DERIVED_ONLY	true
document.firstbloom.release_3122	github.firstbloom-data.a6cb0026	family.baseline.firstbloom-industry	a6cb0026d1af9642724793c799bbc48dc189ba35	2019-10-30	product_release_id=3122	en	TASTING_NOTE	650466ce8c50391763f2c6cc3682d52daa349763021521afa866e37a70e8946b	"{""external_release_key"":""3122"",""product_id"":""2927"",""raw_field_sha256"":""650466ce8c50391763f2c6cc3682d52daa349763021521afa866e37a70e8946b"",""retention"":""dual-reviewed-short-phrases-only""}"	false	false	false	true	false	false	NO_PERSONAL_DATA	PUBLIC_DERIVED_ONLY	true
document.firstbloom.release_3126	github.firstbloom-data.a6cb0026	family.baseline.firstbloom-industry	a6cb0026d1af9642724793c799bbc48dc189ba35	2019-10-30	product_release_id=3126	en	TASTING_NOTE	ed613d544b276ebe0b947e0b9f4b1cdc83929ca7b8a64c2771c0d29ff5bc7c68	"{""external_release_key"":""3126"",""product_id"":""2929"",""raw_field_sha256"":""ed613d544b276ebe0b947e0b9f4b1cdc83929ca7b8a64c2771c0d29ff5bc7c68"",""retention"":""dual-reviewed-short-phrases-only""}"	false	false	false	true	false	false	NO_PERSONAL_DATA	PUBLIC_DERIVED_ONLY	true
document.firstbloom.release_3130	github.firstbloom-data.a6cb0026	family.baseline.firstbloom-industry	a6cb0026d1af9642724793c799bbc48dc189ba35	2019-10-30	product_release_id=3130	en	TASTING_NOTE	696bf6ed81512a75d87ac29488d34d02e002e6ab7cbb69a97d54421cb0d16e64	"{""external_release_key"":""3130"",""product_id"":""2931"",""raw_field_sha256"":""696bf6ed81512a75d87ac29488d34d02e002e6ab7cbb69a97d54421cb0d16e64"",""retention"":""dual-reviewed-short-phrases-only""}"	false	false	false	true	false	false	NO_PERSONAL_DATA	PUBLIC_DERIVED_ONLY	true
document.firstbloom.release_3137	github.firstbloom-data.a6cb0026	family.baseline.firstbloom-industry	a6cb0026d1af9642724793c799bbc48dc189ba35	2019-10-31	product_release_id=3137	en	TASTING_NOTE	9c6fa81d02874e3b7f77cb62d414e9ec00d8d8b88ebe9c646f1dd7d9ab70b92d	"{""external_release_key"":""3137"",""product_id"":""2938"",""raw_field_sha256"":""9c6fa81d02874e3b7f77cb62d414e9ec00d8d8b88ebe9c646f1dd7d9ab70b92d"",""retention"":""dual-reviewed-short-phrases-only""}"	false	false	false	true	false	false	NO_PERSONAL_DATA	PUBLIC_DERIVED_ONLY	true
document.firstbloom.release_3139	github.firstbloom-data.a6cb0026	family.baseline.firstbloom-industry	a6cb0026d1af9642724793c799bbc48dc189ba35	2019-10-31	product_release_id=3139	en	TASTING_NOTE	36bc7d99e65a3d87f1b644beb341b9a88369341dcf6798f52f88e93468adc49e	"{""external_release_key"":""3139"",""product_id"":""2940"",""raw_field_sha256"":""36bc7d99e65a3d87f1b644beb341b9a88369341dcf6798f52f88e93468adc49e"",""retention"":""dual-reviewed-short-phrases-only""}"	false	false	false	true	false	false	NO_PERSONAL_DATA	PUBLIC_DERIVED_ONLY	true
document.firstbloom.release_3140	github.firstbloom-data.a6cb0026	family.baseline.firstbloom-industry	a6cb0026d1af9642724793c799bbc48dc189ba35	2019-10-31	product_release_id=3140	en	TASTING_NOTE	8ae428553ff7da7550d88d4357c63cbf898c61ead749aff18ab2db00eee6e44d	"{""external_release_key"":""3140"",""product_id"":""2941"",""raw_field_sha256"":""8ae428553ff7da7550d88d4357c63cbf898c61ead749aff18ab2db00eee6e44d"",""retention"":""dual-reviewed-short-phrases-only""}"	false	false	false	true	false	false	NO_PERSONAL_DATA	PUBLIC_DERIVED_ONLY	true
document.firstbloom.release_3142	github.firstbloom-data.a6cb0026	family.baseline.firstbloom-industry	a6cb0026d1af9642724793c799bbc48dc189ba35	2019-10-31	product_release_id=3142	en	TASTING_NOTE	6d63cc3193ff2fc9af448df4ee0d21850b86216ba8f6093c3f1a878980799281	"{""external_release_key"":""3142"",""product_id"":""2943"",""raw_field_sha256"":""6d63cc3193ff2fc9af448df4ee0d21850b86216ba8f6093c3f1a878980799281"",""retention"":""dual-reviewed-short-phrases-only""}"	false	false	false	true	false	false	NO_PERSONAL_DATA	PUBLIC_DERIVED_ONLY	true
document.firstbloom.release_3144	github.firstbloom-data.a6cb0026	family.baseline.firstbloom-industry	a6cb0026d1af9642724793c799bbc48dc189ba35	2019-10-31	product_release_id=3144	en	TASTING_NOTE	ca9d9f73ac4733f09583d536426c0e8eac89f2107b77b1df5b53cc956e2148d3	"{""external_release_key"":""3144"",""product_id"":""752"",""raw_field_sha256"":""ca9d9f73ac4733f09583d536426c0e8eac89f2107b77b1df5b53cc956e2148d3"",""retention"":""dual-reviewed-short-phrases-only""}"	false	false	false	true	false	false	NO_PERSONAL_DATA	PUBLIC_DERIVED_ONLY	true
document.firstbloom.release_3145	github.firstbloom-data.a6cb0026	family.baseline.firstbloom-industry	a6cb0026d1af9642724793c799bbc48dc189ba35	2019-10-31	product_release_id=3145	en	TASTING_NOTE	c1613345a101e98a0856396c80a555864ab3bba7d82b21562b2b2b56757a690a	"{""external_release_key"":""3145"",""product_id"":""505"",""raw_field_sha256"":""c1613345a101e98a0856396c80a555864ab3bba7d82b21562b2b2b56757a690a"",""retention"":""dual-reviewed-short-phrases-only""}"	false	false	false	true	false	false	NO_PERSONAL_DATA	PUBLIC_DERIVED_ONLY	true
document.firstbloom.release_3146	github.firstbloom-data.a6cb0026	family.baseline.firstbloom-industry	a6cb0026d1af9642724793c799bbc48dc189ba35	2019-10-31	product_release_id=3146	en	TASTING_NOTE	ac6208d601b7e12c882133ff259bd270ad07490d1c220b6cce0e8a726b1f3e5c	"{""external_release_key"":""3146"",""product_id"":""754"",""raw_field_sha256"":""ac6208d601b7e12c882133ff259bd270ad07490d1c220b6cce0e8a726b1f3e5c"",""retention"":""dual-reviewed-short-phrases-only""}"	false	false	false	true	false	false	NO_PERSONAL_DATA	PUBLIC_DERIVED_ONLY	true
document.firstbloom.release_3147	github.firstbloom-data.a6cb0026	family.baseline.firstbloom-industry	a6cb0026d1af9642724793c799bbc48dc189ba35	2019-10-31	product_release_id=3147	en	TASTING_NOTE	0863a28eee8928cfaf07a98d87cbe32b5c4cfaf464790c4ab7b8d82be038d6cb	"{""external_release_key"":""3147"",""product_id"":""503"",""raw_field_sha256"":""0863a28eee8928cfaf07a98d87cbe32b5c4cfaf464790c4ab7b8d82be038d6cb"",""retention"":""dual-reviewed-short-phrases-only""}"	false	false	false	true	false	false	NO_PERSONAL_DATA	PUBLIC_DERIVED_ONLY	true
document.firstbloom.release_3157	github.firstbloom-data.a6cb0026	family.baseline.firstbloom-industry	a6cb0026d1af9642724793c799bbc48dc189ba35	2019-11-02	product_release_id=3157	en	TASTING_NOTE	e246a90ef47b7964495c21ae498d40eca08fa978431ed89c3bb2ef9985709483	"{""external_release_key"":""3157"",""product_id"":""2951"",""raw_field_sha256"":""e246a90ef47b7964495c21ae498d40eca08fa978431ed89c3bb2ef9985709483"",""retention"":""dual-reviewed-short-phrases-only""}"	false	false	false	true	false	false	NO_PERSONAL_DATA	PUBLIC_DERIVED_ONLY	true
document.firstbloom.release_3174	github.firstbloom-data.a6cb0026	family.baseline.firstbloom-industry	a6cb0026d1af9642724793c799bbc48dc189ba35	2019-11-02	product_release_id=3174	en	TASTING_NOTE	daeac265e17e2cde756e175db80ad58805ac9bf9b5696dab97d29f8342ed10d2	"{""external_release_key"":""3174"",""product_id"":""88"",""raw_field_sha256"":""daeac265e17e2cde756e175db80ad58805ac9bf9b5696dab97d29f8342ed10d2"",""retention"":""dual-reviewed-short-phrases-only""}"	false	false	false	true	false	false	NO_PERSONAL_DATA	PUBLIC_DERIVED_ONLY	true
document.firstbloom.release_3175	github.firstbloom-data.a6cb0026	family.baseline.firstbloom-industry	a6cb0026d1af9642724793c799bbc48dc189ba35	2019-11-02	product_release_id=3175	en	TASTING_NOTE	c0c38b9f0b3354f866e16937f2f390be09a32bc4cbeba70fe8a2859be7cc6319	"{""external_release_key"":""3175"",""product_id"":""89"",""raw_field_sha256"":""c0c38b9f0b3354f866e16937f2f390be09a32bc4cbeba70fe8a2859be7cc6319"",""retention"":""dual-reviewed-short-phrases-only""}"	false	false	false	true	false	false	NO_PERSONAL_DATA	PUBLIC_DERIVED_ONLY	true
document.firstbloom.release_3176	github.firstbloom-data.a6cb0026	family.baseline.firstbloom-industry	a6cb0026d1af9642724793c799bbc48dc189ba35	2019-11-03	product_release_id=3176	en	TASTING_NOTE	c3aa36b143ed2ce46285bd7b946500b2bc3dbf1105decfd73b05ea781c22bbeb	"{""external_release_key"":""3176"",""product_id"":""2970"",""raw_field_sha256"":""c3aa36b143ed2ce46285bd7b946500b2bc3dbf1105decfd73b05ea781c22bbeb"",""retention"":""dual-reviewed-short-phrases-only""}"	false	false	false	true	false	false	NO_PERSONAL_DATA	PUBLIC_DERIVED_ONLY	true
document.firstbloom.release_3179	github.firstbloom-data.a6cb0026	family.baseline.firstbloom-industry	a6cb0026d1af9642724793c799bbc48dc189ba35	2019-11-04	product_release_id=3179	en	TASTING_NOTE	0781fe22ef7fc4aa4bb763441f7555c26d0ff3d611e02c5a408a784520387417	"{""external_release_key"":""3179"",""product_id"":""2972"",""raw_field_sha256"":""0781fe22ef7fc4aa4bb763441f7555c26d0ff3d611e02c5a408a784520387417"",""retention"":""dual-reviewed-short-phrases-only""}"	false	false	false	true	false	false	NO_PERSONAL_DATA	PUBLIC_DERIVED_ONLY	true
document.firstbloom.release_3188	github.firstbloom-data.a6cb0026	family.baseline.firstbloom-industry	a6cb0026d1af9642724793c799bbc48dc189ba35	2019-11-06	product_release_id=3188	en	TASTING_NOTE	cd35df8f9f44bebd5b31ce7b07f9cd8cb4856354c2058dea273177de873121b3	"{""external_release_key"":""3188"",""product_id"":""2980"",""raw_field_sha256"":""cd35df8f9f44bebd5b31ce7b07f9cd8cb4856354c2058dea273177de873121b3"",""retention"":""dual-reviewed-short-phrases-only""}"	false	false	false	true	false	false	NO_PERSONAL_DATA	PUBLIC_DERIVED_ONLY	true
document.firstbloom.release_3204	github.firstbloom-data.a6cb0026	family.baseline.firstbloom-industry	a6cb0026d1af9642724793c799bbc48dc189ba35	2019-11-07	product_release_id=3204	en	TASTING_NOTE	5683a1f46b9013e189da4e7aaa841d9a7cc34141f73b655359e73dad66f512df	"{""external_release_key"":""3204"",""product_id"":""2995"",""raw_field_sha256"":""5683a1f46b9013e189da4e7aaa841d9a7cc34141f73b655359e73dad66f512df"",""retention"":""dual-reviewed-short-phrases-only""}"	false	false	false	true	false	false	NO_PERSONAL_DATA	PUBLIC_DERIVED_ONLY	true
document.firstbloom.release_3205	github.firstbloom-data.a6cb0026	family.baseline.firstbloom-industry	a6cb0026d1af9642724793c799bbc48dc189ba35	2019-11-07	product_release_id=3205	en	TASTING_NOTE	5dfa2dc66ab16bfa190ecc3b763947d4688f4ca2e226e0fde3602fadd537ebc7	"{""external_release_key"":""3205"",""product_id"":""2996"",""raw_field_sha256"":""5dfa2dc66ab16bfa190ecc3b763947d4688f4ca2e226e0fde3602fadd537ebc7"",""retention"":""dual-reviewed-short-phrases-only""}"	false	false	false	true	false	false	NO_PERSONAL_DATA	PUBLIC_DERIVED_ONLY	true
document.firstbloom.release_3206	github.firstbloom-data.a6cb0026	family.baseline.firstbloom-industry	a6cb0026d1af9642724793c799bbc48dc189ba35	2019-11-07	product_release_id=3206	en	TASTING_NOTE	9819d2dc6bb8e093e938d5cdbdadb7a9890b28d7202545ccd7c2033605ff9beb	"{""external_release_key"":""3206"",""product_id"":""2997"",""raw_field_sha256"":""9819d2dc6bb8e093e938d5cdbdadb7a9890b28d7202545ccd7c2033605ff9beb"",""retention"":""dual-reviewed-short-phrases-only""}"	false	false	false	true	false	false	NO_PERSONAL_DATA	PUBLIC_DERIVED_ONLY	true
document.firstbloom.release_3207	github.firstbloom-data.a6cb0026	family.baseline.firstbloom-industry	a6cb0026d1af9642724793c799bbc48dc189ba35	2019-11-08	product_release_id=3207	en	TASTING_NOTE	a862897ac388611a612ea451e0d16690ad43fcba7f1826b67cbcfd68a5cf2fd9	"{""external_release_key"":""3207"",""product_id"":""2998"",""raw_field_sha256"":""a862897ac388611a612ea451e0d16690ad43fcba7f1826b67cbcfd68a5cf2fd9"",""retention"":""dual-reviewed-short-phrases-only""}"	false	false	false	true	false	false	NO_PERSONAL_DATA	PUBLIC_DERIVED_ONLY	true
document.firstbloom.release_3208	github.firstbloom-data.a6cb0026	family.baseline.firstbloom-industry	a6cb0026d1af9642724793c799bbc48dc189ba35	2019-11-08	product_release_id=3208	en	TASTING_NOTE	b19761a3561d45e535ca06447f2acfae140c63bb49f4da3df00e2ae7b5be9e6a	"{""external_release_key"":""3208"",""product_id"":""2999"",""raw_field_sha256"":""b19761a3561d45e535ca06447f2acfae140c63bb49f4da3df00e2ae7b5be9e6a"",""retention"":""dual-reviewed-short-phrases-only""}"	false	false	false	true	false	false	NO_PERSONAL_DATA	PUBLIC_DERIVED_ONLY	true
document.firstbloom.release_3224	github.firstbloom-data.a6cb0026	family.baseline.firstbloom-industry	a6cb0026d1af9642724793c799bbc48dc189ba35	2019-11-08	product_release_id=3224	en	TASTING_NOTE	3fb57705871e1d69048001c1bf4bad9f8d2a9d96d2679913e9d36e8c81546fc4	"{""external_release_key"":""3224"",""product_id"":""3014"",""raw_field_sha256"":""3fb57705871e1d69048001c1bf4bad9f8d2a9d96d2679913e9d36e8c81546fc4"",""retention"":""dual-reviewed-short-phrases-only""}"	false	false	false	true	false	false	NO_PERSONAL_DATA	PUBLIC_DERIVED_ONLY	true
document.firstbloom.release_3227	github.firstbloom-data.a6cb0026	family.baseline.firstbloom-industry	a6cb0026d1af9642724793c799bbc48dc189ba35	2019-11-08	product_release_id=3227	en	TASTING_NOTE	b31288a57d64c5655915b91f3345873a828c0d966c46bda8011e901dc824669b	"{""external_release_key"":""3227"",""product_id"":""3017"",""raw_field_sha256"":""b31288a57d64c5655915b91f3345873a828c0d966c46bda8011e901dc824669b"",""retention"":""dual-reviewed-short-phrases-only""}"	false	false	false	true	false	false	NO_PERSONAL_DATA	PUBLIC_DERIVED_ONLY	true
document.firstbloom.release_323	github.firstbloom-data.a6cb0026	family.baseline.firstbloom-industry	a6cb0026d1af9642724793c799bbc48dc189ba35	2018-09-16	product_release_id=323	en	TASTING_NOTE	e40ea1b01996f04d979d4a47e10a4d9a3b404a9921a3478bed44923e4446c56f	"{""external_release_key"":""323"",""product_id"":""329"",""raw_field_sha256"":""e40ea1b01996f04d979d4a47e10a4d9a3b404a9921a3478bed44923e4446c56f"",""retention"":""dual-reviewed-short-phrases-only""}"	false	false	false	true	false	false	NO_PERSONAL_DATA	PUBLIC_DERIVED_ONLY	true
document.firstbloom.release_3230	github.firstbloom-data.a6cb0026	family.baseline.firstbloom-industry	a6cb0026d1af9642724793c799bbc48dc189ba35	2019-11-08	product_release_id=3230	en	TASTING_NOTE	4d40f09d074a354c8995d9bf88abb7f8e6ad704d6698a96a7937ccf5318ee791	"{""external_release_key"":""3230"",""product_id"":""3020"",""raw_field_sha256"":""4d40f09d074a354c8995d9bf88abb7f8e6ad704d6698a96a7937ccf5318ee791"",""retention"":""dual-reviewed-short-phrases-only""}"	false	false	false	true	false	false	NO_PERSONAL_DATA	PUBLIC_DERIVED_ONLY	true
document.firstbloom.release_324	github.firstbloom-data.a6cb0026	family.baseline.firstbloom-industry	a6cb0026d1af9642724793c799bbc48dc189ba35	2018-09-16	product_release_id=324	en	TASTING_NOTE	0e3977c20ba975dfc12735d1a43d32e7b7c503a9b2a1727f7cc071ef7253c9dd	"{""external_release_key"":""324"",""product_id"":""330"",""raw_field_sha256"":""0e3977c20ba975dfc12735d1a43d32e7b7c503a9b2a1727f7cc071ef7253c9dd"",""retention"":""dual-reviewed-short-phrases-only""}"	false	false	false	true	false	false	NO_PERSONAL_DATA	PUBLIC_DERIVED_ONLY	true
document.firstbloom.release_3286	github.firstbloom-data.a6cb0026	family.baseline.firstbloom-industry	a6cb0026d1af9642724793c799bbc48dc189ba35	2019-11-15	product_release_id=3286	en	TASTING_NOTE	e4551c39c200e77bffce99a1556989a6182d9342ca3d901cb1b8e0c830f5b247	"{""external_release_key"":""3286"",""product_id"":""3071"",""raw_field_sha256"":""e4551c39c200e77bffce99a1556989a6182d9342ca3d901cb1b8e0c830f5b247"",""retention"":""dual-reviewed-short-phrases-only""}"	false	false	false	true	false	false	NO_PERSONAL_DATA	PUBLIC_DERIVED_ONLY	true
document.firstbloom.release_3289	github.firstbloom-data.a6cb0026	family.baseline.firstbloom-industry	a6cb0026d1af9642724793c799bbc48dc189ba35	2019-11-15	product_release_id=3289	en	TASTING_NOTE	1f9a7863235b05ea4bade6fbee6d7231f52728c144acc2385d283f0f9a221096	"{""external_release_key"":""3289"",""product_id"":""3074"",""raw_field_sha256"":""1f9a7863235b05ea4bade6fbee6d7231f52728c144acc2385d283f0f9a221096"",""retention"":""dual-reviewed-short-phrases-only""}"	false	false	false	true	false	false	NO_PERSONAL_DATA	PUBLIC_DERIVED_ONLY	true
document.firstbloom.release_3290	github.firstbloom-data.a6cb0026	family.baseline.firstbloom-industry	a6cb0026d1af9642724793c799bbc48dc189ba35	2019-11-15	product_release_id=3290	en	TASTING_NOTE	81c02cb31ee6046000142b6b134dfbff421fcc6bbfa1b751a7a52b3266fc9859	"{""external_release_key"":""3290"",""product_id"":""3075"",""raw_field_sha256"":""81c02cb31ee6046000142b6b134dfbff421fcc6bbfa1b751a7a52b3266fc9859"",""retention"":""dual-reviewed-short-phrases-only""}"	false	false	false	true	false	false	NO_PERSONAL_DATA	PUBLIC_DERIVED_ONLY	true
document.firstbloom.release_3294	github.firstbloom-data.a6cb0026	family.baseline.firstbloom-industry	a6cb0026d1af9642724793c799bbc48dc189ba35	2019-11-15	product_release_id=3294	en	TASTING_NOTE	5d03ee55f43db2e2e9ed8a3083ccd0c21d6c62955364f7044afd4686b1d888db	"{""external_release_key"":""3294"",""product_id"":""3079"",""raw_field_sha256"":""5d03ee55f43db2e2e9ed8a3083ccd0c21d6c62955364f7044afd4686b1d888db"",""retention"":""dual-reviewed-short-phrases-only""}"	false	false	false	true	false	false	NO_PERSONAL_DATA	PUBLIC_DERIVED_ONLY	true
document.firstbloom.release_3295	github.firstbloom-data.a6cb0026	family.baseline.firstbloom-industry	a6cb0026d1af9642724793c799bbc48dc189ba35	2019-11-15	product_release_id=3295	en	TASTING_NOTE	37b160b57c9ed2282051b6a5f4e0761dd398b3f0770b07b57fc16245e061af64	"{""external_release_key"":""3295"",""product_id"":""3080"",""raw_field_sha256"":""37b160b57c9ed2282051b6a5f4e0761dd398b3f0770b07b57fc16245e061af64"",""retention"":""dual-reviewed-short-phrases-only""}"	false	false	false	true	false	false	NO_PERSONAL_DATA	PUBLIC_DERIVED_ONLY	true
document.firstbloom.release_331	github.firstbloom-data.a6cb0026	family.baseline.firstbloom-industry	a6cb0026d1af9642724793c799bbc48dc189ba35	2018-09-16	product_release_id=331	en	TASTING_NOTE	15dd8522e5b5b9c4d7fa2b023b345973b1daf34c23f7ee76df2dbd6848f7f0b8	"{""external_release_key"":""331"",""product_id"":""337"",""raw_field_sha256"":""15dd8522e5b5b9c4d7fa2b023b345973b1daf34c23f7ee76df2dbd6848f7f0b8"",""retention"":""dual-reviewed-short-phrases-only""}"	false	false	false	true	false	false	NO_PERSONAL_DATA	PUBLIC_DERIVED_ONLY	true
document.firstbloom.release_332	github.firstbloom-data.a6cb0026	family.baseline.firstbloom-industry	a6cb0026d1af9642724793c799bbc48dc189ba35	2018-09-16	product_release_id=332	en	TASTING_NOTE	2d4114ca9af12c010702c84a6b38694d4dd2699956e96ec82f7f11849e562212	"{""external_release_key"":""332"",""product_id"":""338"",""raw_field_sha256"":""2d4114ca9af12c010702c84a6b38694d4dd2699956e96ec82f7f11849e562212"",""retention"":""dual-reviewed-short-phrases-only""}"	false	false	false	true	false	false	NO_PERSONAL_DATA	PUBLIC_DERIVED_ONLY	true
document.firstbloom.release_3335	github.firstbloom-data.a6cb0026	family.baseline.firstbloom-industry	a6cb0026d1af9642724793c799bbc48dc189ba35	2019-11-17	product_release_id=3335	en	TASTING_NOTE	ea5aaec7f68a637f67a0885881478a61636e5bcfa0bb7fe4dd4b71527ec64b99	"{""external_release_key"":""3335"",""product_id"":""1140"",""raw_field_sha256"":""ea5aaec7f68a637f67a0885881478a61636e5bcfa0bb7fe4dd4b71527ec64b99"",""retention"":""dual-reviewed-short-phrases-only""}"	false	false	false	true	false	false	NO_PERSONAL_DATA	PUBLIC_DERIVED_ONLY	true
document.firstbloom.release_3336	github.firstbloom-data.a6cb0026	family.baseline.firstbloom-industry	a6cb0026d1af9642724793c799bbc48dc189ba35	2019-11-17	product_release_id=3336	en	TASTING_NOTE	4ba98a7ebd5045d926117f61b85ce528276dfce9c343d7342a6ec52dbaba560b	"{""external_release_key"":""3336"",""product_id"":""336"",""raw_field_sha256"":""4ba98a7ebd5045d926117f61b85ce528276dfce9c343d7342a6ec52dbaba560b"",""retention"":""dual-reviewed-short-phrases-only""}"	false	false	false	true	false	false	NO_PERSONAL_DATA	PUBLIC_DERIVED_ONLY	true
document.firstbloom.release_3338	github.firstbloom-data.a6cb0026	family.baseline.firstbloom-industry	a6cb0026d1af9642724793c799bbc48dc189ba35	2019-11-17	product_release_id=3338	en	TASTING_NOTE	c7b6f9750f3154d1cd0962f045eb7a5ab6b653ac588cd4d5972866d0c5d33583	"{""external_release_key"":""3338"",""product_id"":""3105"",""raw_field_sha256"":""c7b6f9750f3154d1cd0962f045eb7a5ab6b653ac588cd4d5972866d0c5d33583"",""retention"":""dual-reviewed-short-phrases-only""}"	false	false	false	true	false	false	NO_PERSONAL_DATA	PUBLIC_DERIVED_ONLY	true
document.firstbloom.release_3342	github.firstbloom-data.a6cb0026	family.baseline.firstbloom-industry	a6cb0026d1af9642724793c799bbc48dc189ba35	2019-11-17	product_release_id=3342	en	TASTING_NOTE	8cded76e396aacc1f61bf26286f9896e556a30f790a223e4ca3086f245f535e1	"{""external_release_key"":""3342"",""product_id"":""3108"",""raw_field_sha256"":""8cded76e396aacc1f61bf26286f9896e556a30f790a223e4ca3086f245f535e1"",""retention"":""dual-reviewed-short-phrases-only""}"	false	false	false	true	false	false	NO_PERSONAL_DATA	PUBLIC_DERIVED_ONLY	true
document.firstbloom.release_3344	github.firstbloom-data.a6cb0026	family.baseline.firstbloom-industry	a6cb0026d1af9642724793c799bbc48dc189ba35	2019-11-17	product_release_id=3344	en	TASTING_NOTE	7674092fef83808d4db5ad6e6bc27c6261e7885d1296499e2d7b989089a5e456	"{""external_release_key"":""3344"",""product_id"":""3110"",""raw_field_sha256"":""7674092fef83808d4db5ad6e6bc27c6261e7885d1296499e2d7b989089a5e456"",""retention"":""dual-reviewed-short-phrases-only""}"	false	false	false	true	false	false	NO_PERSONAL_DATA	PUBLIC_DERIVED_ONLY	true
document.firstbloom.release_3358	github.firstbloom-data.a6cb0026	family.baseline.firstbloom-industry	a6cb0026d1af9642724793c799bbc48dc189ba35	2019-11-17	product_release_id=3358	en	TASTING_NOTE	9fca6e3300c067e548146657ba8887a624f639c5da1dd8916e8c921c1703d3fd	"{""external_release_key"":""3358"",""product_id"":""3124"",""raw_field_sha256"":""9fca6e3300c067e548146657ba8887a624f639c5da1dd8916e8c921c1703d3fd"",""retention"":""dual-reviewed-short-phrases-only""}"	false	false	false	true	false	false	NO_PERSONAL_DATA	PUBLIC_DERIVED_ONLY	true
document.firstbloom.release_336	github.firstbloom-data.a6cb0026	family.baseline.firstbloom-industry	a6cb0026d1af9642724793c799bbc48dc189ba35	2018-09-16	product_release_id=336	en	TASTING_NOTE	6eaac75aeb0f61a8dfccb5410809341536c4db2cd184cd9466e8a6c95526e3f2	"{""external_release_key"":""336"",""product_id"":""342"",""raw_field_sha256"":""6eaac75aeb0f61a8dfccb5410809341536c4db2cd184cd9466e8a6c95526e3f2"",""retention"":""dual-reviewed-short-phrases-only""}"	false	false	false	true	false	false	NO_PERSONAL_DATA	PUBLIC_DERIVED_ONLY	true
document.firstbloom.release_3369	github.firstbloom-data.a6cb0026	family.baseline.firstbloom-industry	a6cb0026d1af9642724793c799bbc48dc189ba35	2019-11-20	product_release_id=3369	en	TASTING_NOTE	0ac2b88b5c45827c29eb96067dbf78e0f59d003ceca8fdd56832ed7030b50bc8	"{""external_release_key"":""3369"",""product_id"":""3135"",""raw_field_sha256"":""0ac2b88b5c45827c29eb96067dbf78e0f59d003ceca8fdd56832ed7030b50bc8"",""retention"":""dual-reviewed-short-phrases-only""}"	false	false	false	true	false	false	NO_PERSONAL_DATA	PUBLIC_DERIVED_ONLY	true
document.firstbloom.release_338	github.firstbloom-data.a6cb0026	family.baseline.firstbloom-industry	a6cb0026d1af9642724793c799bbc48dc189ba35	2018-09-16	product_release_id=338	en	TASTING_NOTE	2ffc43df58580b79d1835d78c6772786aa8907152e1043dea870fe12c64024b0	"{""external_release_key"":""338"",""product_id"":""344"",""raw_field_sha256"":""2ffc43df58580b79d1835d78c6772786aa8907152e1043dea870fe12c64024b0"",""retention"":""dual-reviewed-short-phrases-only""}"	false	false	false	true	false	false	NO_PERSONAL_DATA	PUBLIC_DERIVED_ONLY	true
document.firstbloom.release_3396	github.firstbloom-data.a6cb0026	family.baseline.firstbloom-industry	a6cb0026d1af9642724793c799bbc48dc189ba35	2019-11-20	product_release_id=3396	en	TASTING_NOTE	7c3e1885da36338a660af51c7af1002103bfc3e01f64021fe25b48c37ad8ecf6	"{""external_release_key"":""3396"",""product_id"":""3155"",""raw_field_sha256"":""7c3e1885da36338a660af51c7af1002103bfc3e01f64021fe25b48c37ad8ecf6"",""retention"":""dual-reviewed-short-phrases-only""}"	false	false	false	true	false	false	NO_PERSONAL_DATA	PUBLIC_DERIVED_ONLY	true
document.firstbloom.release_3398	github.firstbloom-data.a6cb0026	family.baseline.firstbloom-industry	a6cb0026d1af9642724793c799bbc48dc189ba35	2019-11-20	product_release_id=3398	en	TASTING_NOTE	6e2db182d689889be90678cc9b3e0cfb89216489ce9de0b5ec90f3587597c28b	"{""external_release_key"":""3398"",""product_id"":""3157"",""raw_field_sha256"":""6e2db182d689889be90678cc9b3e0cfb89216489ce9de0b5ec90f3587597c28b"",""retention"":""dual-reviewed-short-phrases-only""}"	false	false	false	true	false	false	NO_PERSONAL_DATA	PUBLIC_DERIVED_ONLY	true
document.firstbloom.release_3449	github.firstbloom-data.a6cb0026	family.baseline.firstbloom-industry	a6cb0026d1af9642724793c799bbc48dc189ba35	2019-11-22	product_release_id=3449	en	TASTING_NOTE	d62cdee45d00bbc356925d80c29011ad3b2584c8087491b908b3e0bc2fae0e02	"{""external_release_key"":""3449"",""product_id"":""95"",""raw_field_sha256"":""d62cdee45d00bbc356925d80c29011ad3b2584c8087491b908b3e0bc2fae0e02"",""retention"":""dual-reviewed-short-phrases-only""}"	false	false	false	true	false	false	NO_PERSONAL_DATA	PUBLIC_DERIVED_ONLY	true
document.firstbloom.release_345	github.firstbloom-data.a6cb0026	family.baseline.firstbloom-industry	a6cb0026d1af9642724793c799bbc48dc189ba35	2018-09-17	product_release_id=345	en	TASTING_NOTE	2f4a4c7fbbd83eac2a5c49e8f1240e3c1cf52db6e6fb534c44ff75c4e008585d	"{""external_release_key"":""345"",""product_id"":""351"",""raw_field_sha256"":""2f4a4c7fbbd83eac2a5c49e8f1240e3c1cf52db6e6fb534c44ff75c4e008585d"",""retention"":""dual-reviewed-short-phrases-only""}"	false	false	false	true	false	false	NO_PERSONAL_DATA	PUBLIC_DERIVED_ONLY	true
document.firstbloom.release_3458	github.firstbloom-data.a6cb0026	family.baseline.firstbloom-industry	a6cb0026d1af9642724793c799bbc48dc189ba35	2019-11-22	product_release_id=3458	en	TASTING_NOTE	33fb2aa3ea012c1ae6cfd6c316e41d926297850875a53c94b36e83faeb8e19e3	"{""external_release_key"":""3458"",""product_id"":""3217"",""raw_field_sha256"":""33fb2aa3ea012c1ae6cfd6c316e41d926297850875a53c94b36e83faeb8e19e3"",""retention"":""dual-reviewed-short-phrases-only""}"	false	false	false	true	false	false	NO_PERSONAL_DATA	PUBLIC_DERIVED_ONLY	true
document.firstbloom.release_3463	github.firstbloom-data.a6cb0026	family.baseline.firstbloom-industry	a6cb0026d1af9642724793c799bbc48dc189ba35	2019-11-22	product_release_id=3463	en	TASTING_NOTE	b89049d778ec6ca279ad791aba68e38c339e312fa6325314a411b02c71479a14	"{""external_release_key"":""3463"",""product_id"":""3222"",""raw_field_sha256"":""b89049d778ec6ca279ad791aba68e38c339e312fa6325314a411b02c71479a14"",""retention"":""dual-reviewed-short-phrases-only""}"	false	false	false	true	false	false	NO_PERSONAL_DATA	PUBLIC_DERIVED_ONLY	true
document.firstbloom.release_3464	github.firstbloom-data.a6cb0026	family.baseline.firstbloom-industry	a6cb0026d1af9642724793c799bbc48dc189ba35	2019-11-22	product_release_id=3464	en	TASTING_NOTE	3b0b32bef8c79138ab6eb839afc4ef260381e9529401ef6d272c5810e6bbfba9	"{""external_release_key"":""3464"",""product_id"":""3223"",""raw_field_sha256"":""3b0b32bef8c79138ab6eb839afc4ef260381e9529401ef6d272c5810e6bbfba9"",""retention"":""dual-reviewed-short-phrases-only""}"	false	false	false	true	false	false	NO_PERSONAL_DATA	PUBLIC_DERIVED_ONLY	true
document.firstbloom.release_3472	github.firstbloom-data.a6cb0026	family.baseline.firstbloom-industry	a6cb0026d1af9642724793c799bbc48dc189ba35	2019-11-22	product_release_id=3472	en	TASTING_NOTE	a5678a9edaaa34b0236a6beab7d153fb1d9c74afdd769403cbbcf2d62a4a495c	"{""external_release_key"":""3472"",""product_id"":""3231"",""raw_field_sha256"":""a5678a9edaaa34b0236a6beab7d153fb1d9c74afdd769403cbbcf2d62a4a495c"",""retention"":""dual-reviewed-short-phrases-only""}"	false	false	false	true	false	false	NO_PERSONAL_DATA	PUBLIC_DERIVED_ONLY	true
document.firstbloom.release_348	github.firstbloom-data.a6cb0026	family.baseline.firstbloom-industry	a6cb0026d1af9642724793c799bbc48dc189ba35	2018-09-17	product_release_id=348	en	TASTING_NOTE	6a3bc1564868a3a83d06a54bf3c53500409da2dc4333a33525d62b89a2a301d5	"{""external_release_key"":""348"",""product_id"":""354"",""raw_field_sha256"":""6a3bc1564868a3a83d06a54bf3c53500409da2dc4333a33525d62b89a2a301d5"",""retention"":""dual-reviewed-short-phrases-only""}"	false	false	false	true	false	false	NO_PERSONAL_DATA	PUBLIC_DERIVED_ONLY	true
document.firstbloom.release_3484	github.firstbloom-data.a6cb0026	family.baseline.firstbloom-industry	a6cb0026d1af9642724793c799bbc48dc189ba35	2019-11-27	product_release_id=3484	en	TASTING_NOTE	2cc130d6f7cf3d742254e0a20450fe0f4d0f89ff41a7a5b72f926a32c2843bb6	"{""external_release_key"":""3484"",""product_id"":""3242"",""raw_field_sha256"":""2cc130d6f7cf3d742254e0a20450fe0f4d0f89ff41a7a5b72f926a32c2843bb6"",""retention"":""dual-reviewed-short-phrases-only""}"	false	false	false	true	false	false	NO_PERSONAL_DATA	PUBLIC_DERIVED_ONLY	true
document.firstbloom.release_3507	github.firstbloom-data.a6cb0026	family.baseline.firstbloom-industry	a6cb0026d1af9642724793c799bbc48dc189ba35	2019-12-01	product_release_id=3507	en	TASTING_NOTE	be6986942afa06441d0fb9853a6420299874aeed3bb6ba735fd97b7f27f07f4f	"{""external_release_key"":""3507"",""product_id"":""1278"",""raw_field_sha256"":""be6986942afa06441d0fb9853a6420299874aeed3bb6ba735fd97b7f27f07f4f"",""retention"":""dual-reviewed-short-phrases-only""}"	false	false	false	true	false	false	NO_PERSONAL_DATA	PUBLIC_DERIVED_ONLY	true
document.firstbloom.release_3509	github.firstbloom-data.a6cb0026	family.baseline.firstbloom-industry	a6cb0026d1af9642724793c799bbc48dc189ba35	2019-12-01	product_release_id=3509	en	TASTING_NOTE	7d02f06e57ffec89dc78cb703f7fa8c043af7dba18973d07db6aa3ff70fcab70	"{""external_release_key"":""3509"",""product_id"":""1277"",""raw_field_sha256"":""7d02f06e57ffec89dc78cb703f7fa8c043af7dba18973d07db6aa3ff70fcab70"",""retention"":""dual-reviewed-short-phrases-only""}"	false	false	false	true	false	false	NO_PERSONAL_DATA	PUBLIC_DERIVED_ONLY	true
document.firstbloom.release_3510	github.firstbloom-data.a6cb0026	family.baseline.firstbloom-industry	a6cb0026d1af9642724793c799bbc48dc189ba35	2019-12-01	product_release_id=3510	en	TASTING_NOTE	b6aa61f7050c110cb2a51e7146159407f4aa1e8fa3e7418b055ba0688937de9a	"{""external_release_key"":""3510"",""product_id"":""3259"",""raw_field_sha256"":""b6aa61f7050c110cb2a51e7146159407f4aa1e8fa3e7418b055ba0688937de9a"",""retention"":""dual-reviewed-short-phrases-only""}"	false	false	false	true	false	false	NO_PERSONAL_DATA	PUBLIC_DERIVED_ONLY	true
document.firstbloom.release_3519	github.firstbloom-data.a6cb0026	family.baseline.firstbloom-industry	a6cb0026d1af9642724793c799bbc48dc189ba35	2019-12-01	product_release_id=3519	en	TASTING_NOTE	daf20437e5eeee3adfc272ecf77a5f17e686f0de931fb0e9f33af87add1122cb	"{""external_release_key"":""3519"",""product_id"":""3263"",""raw_field_sha256"":""daf20437e5eeee3adfc272ecf77a5f17e686f0de931fb0e9f33af87add1122cb"",""retention"":""dual-reviewed-short-phrases-only""}"	false	false	false	true	false	false	NO_PERSONAL_DATA	PUBLIC_DERIVED_ONLY	true
document.firstbloom.release_3526	github.firstbloom-data.a6cb0026	family.baseline.firstbloom-industry	a6cb0026d1af9642724793c799bbc48dc189ba35	2019-12-02	product_release_id=3526	en	TASTING_NOTE	0694b7fe3586c43718b3e206ca29dafb956d73080114cf055bff2263d5d780af	"{""external_release_key"":""3526"",""product_id"":""746"",""raw_field_sha256"":""0694b7fe3586c43718b3e206ca29dafb956d73080114cf055bff2263d5d780af"",""retention"":""dual-reviewed-short-phrases-only""}"	false	false	false	true	false	false	NO_PERSONAL_DATA	PUBLIC_DERIVED_ONLY	true
document.firstbloom.release_3527	github.firstbloom-data.a6cb0026	family.baseline.firstbloom-industry	a6cb0026d1af9642724793c799bbc48dc189ba35	2019-12-02	product_release_id=3527	en	TASTING_NOTE	183d8e2f30f27c395c9b0fd2e10b7bec76ce0f8ee6c4d44ac72aa44c8f202c62	"{""external_release_key"":""3527"",""product_id"":""475"",""raw_field_sha256"":""183d8e2f30f27c395c9b0fd2e10b7bec76ce0f8ee6c4d44ac72aa44c8f202c62"",""retention"":""dual-reviewed-short-phrases-only""}"	false	false	false	true	false	false	NO_PERSONAL_DATA	PUBLIC_DERIVED_ONLY	true
document.firstbloom.release_3528	github.firstbloom-data.a6cb0026	family.baseline.firstbloom-industry	a6cb0026d1af9642724793c799bbc48dc189ba35	2019-12-02	product_release_id=3528	en	TASTING_NOTE	5d51a6f478a06056d0f598e93df4bdb71c993117c5ec63f3ed952315d5bf23af	"{""external_release_key"":""3528"",""product_id"":""3270"",""raw_field_sha256"":""5d51a6f478a06056d0f598e93df4bdb71c993117c5ec63f3ed952315d5bf23af"",""retention"":""dual-reviewed-short-phrases-only""}"	false	false	false	true	false	false	NO_PERSONAL_DATA	PUBLIC_DERIVED_ONLY	true
document.firstbloom.release_3529	github.firstbloom-data.a6cb0026	family.baseline.firstbloom-industry	a6cb0026d1af9642724793c799bbc48dc189ba35	2019-12-02	product_release_id=3529	en	TASTING_NOTE	747252cac48a1d446cfa34531b62095202f5bdae0c1b0246124e5143df45611e	"{""external_release_key"":""3529"",""product_id"":""3271"",""raw_field_sha256"":""747252cac48a1d446cfa34531b62095202f5bdae0c1b0246124e5143df45611e"",""retention"":""dual-reviewed-short-phrases-only""}"	false	false	false	true	false	false	NO_PERSONAL_DATA	PUBLIC_DERIVED_ONLY	true
document.firstbloom.release_3544	github.firstbloom-data.a6cb0026	family.baseline.firstbloom-industry	a6cb0026d1af9642724793c799bbc48dc189ba35	2019-12-04	product_release_id=3544	en	TASTING_NOTE	f045f1b32a0597c19e8b25805638c29790328ca8dfd884cb05afea1c0ce41866	"{""external_release_key"":""3544"",""product_id"":""3284"",""raw_field_sha256"":""f045f1b32a0597c19e8b25805638c29790328ca8dfd884cb05afea1c0ce41866"",""retention"":""dual-reviewed-short-phrases-only""}"	false	false	false	true	false	false	NO_PERSONAL_DATA	PUBLIC_DERIVED_ONLY	true
document.firstbloom.release_3563	github.firstbloom-data.a6cb0026	family.baseline.firstbloom-industry	a6cb0026d1af9642724793c799bbc48dc189ba35	2019-12-05	product_release_id=3563	en	TASTING_NOTE	5f2a1333aad93cc06899d7ce6c0957f6f551d2f34266b0f42286c678fab15537	"{""external_release_key"":""3563"",""product_id"":""3302"",""raw_field_sha256"":""5f2a1333aad93cc06899d7ce6c0957f6f551d2f34266b0f42286c678fab15537"",""retention"":""dual-reviewed-short-phrases-only""}"	false	false	false	true	false	false	NO_PERSONAL_DATA	PUBLIC_DERIVED_ONLY	true
document.firstbloom.release_3568	github.firstbloom-data.a6cb0026	family.baseline.firstbloom-industry	a6cb0026d1af9642724793c799bbc48dc189ba35	2019-12-05	product_release_id=3568	en	TASTING_NOTE	9fb774d4e80a51655ec64826ad8dbff2cb51ee29577cb7154548be687a046921	"{""external_release_key"":""3568"",""product_id"":""3307"",""raw_field_sha256"":""9fb774d4e80a51655ec64826ad8dbff2cb51ee29577cb7154548be687a046921"",""retention"":""dual-reviewed-short-phrases-only""}"	false	false	false	true	false	false	NO_PERSONAL_DATA	PUBLIC_DERIVED_ONLY	true
document.firstbloom.release_3571	github.firstbloom-data.a6cb0026	family.baseline.firstbloom-industry	a6cb0026d1af9642724793c799bbc48dc189ba35	2019-12-05	product_release_id=3571	en	TASTING_NOTE	57e691e83d6eecfa8bbc3c0fa9ac58a421b2b5a9564ff568e511cfd3824aff4f	"{""external_release_key"":""3571"",""product_id"":""3310"",""raw_field_sha256"":""57e691e83d6eecfa8bbc3c0fa9ac58a421b2b5a9564ff568e511cfd3824aff4f"",""retention"":""dual-reviewed-short-phrases-only""}"	false	false	false	true	false	false	NO_PERSONAL_DATA	PUBLIC_DERIVED_ONLY	true
document.firstbloom.release_3583	github.firstbloom-data.a6cb0026	family.baseline.firstbloom-industry	a6cb0026d1af9642724793c799bbc48dc189ba35	2019-12-05	product_release_id=3583	en	TASTING_NOTE	8acdcfe9c4943c1dead59dbf15106506dcc7aca285565fc58ea6646a1353ce4c	"{""external_release_key"":""3583"",""product_id"":""3321"",""raw_field_sha256"":""8acdcfe9c4943c1dead59dbf15106506dcc7aca285565fc58ea6646a1353ce4c"",""retention"":""dual-reviewed-short-phrases-only""}"	false	false	false	true	false	false	NO_PERSONAL_DATA	PUBLIC_DERIVED_ONLY	true
document.firstbloom.release_3587	github.firstbloom-data.a6cb0026	family.baseline.firstbloom-industry	a6cb0026d1af9642724793c799bbc48dc189ba35	2019-12-05	product_release_id=3587	en	TASTING_NOTE	9c32ca776628b7db8215a81ce300408407a8b0b2e645bafc57497717d1fdd48e	"{""external_release_key"":""3587"",""product_id"":""930"",""raw_field_sha256"":""9c32ca776628b7db8215a81ce300408407a8b0b2e645bafc57497717d1fdd48e"",""retention"":""dual-reviewed-short-phrases-only""}"	false	false	false	true	false	false	NO_PERSONAL_DATA	PUBLIC_DERIVED_ONLY	true
document.firstbloom.release_3588	github.firstbloom-data.a6cb0026	family.baseline.firstbloom-industry	a6cb0026d1af9642724793c799bbc48dc189ba35	2019-12-05	product_release_id=3588	en	TASTING_NOTE	e90a89d65fe51de11eb6bc194bce8ebd9332d4945ffb2626281ba780e68f9088	"{""external_release_key"":""3588"",""product_id"":""3324"",""raw_field_sha256"":""e90a89d65fe51de11eb6bc194bce8ebd9332d4945ffb2626281ba780e68f9088"",""retention"":""dual-reviewed-short-phrases-only""}"	false	false	false	true	false	false	NO_PERSONAL_DATA	PUBLIC_DERIVED_ONLY	true
document.firstbloom.release_3596	github.firstbloom-data.a6cb0026	family.baseline.firstbloom-industry	a6cb0026d1af9642724793c799bbc48dc189ba35	2019-12-06	product_release_id=3596	en	TASTING_NOTE	916622d39d111447e3bf572a6013bf2c82cdef34b33752dd897e46e15db066f3	"{""external_release_key"":""3596"",""product_id"":""3331"",""raw_field_sha256"":""916622d39d111447e3bf572a6013bf2c82cdef34b33752dd897e46e15db066f3"",""retention"":""dual-reviewed-short-phrases-only""}"	false	false	false	true	false	false	NO_PERSONAL_DATA	PUBLIC_DERIVED_ONLY	true
document.firstbloom.release_3599	github.firstbloom-data.a6cb0026	family.baseline.firstbloom-industry	a6cb0026d1af9642724793c799bbc48dc189ba35	2019-12-06	product_release_id=3599	en	TASTING_NOTE	3cb26a52020cd4d409b9c9bf102be19dfff44aa0db531b12f8c573ff93fa61c5	"{""external_release_key"":""3599"",""product_id"":""890"",""raw_field_sha256"":""3cb26a52020cd4d409b9c9bf102be19dfff44aa0db531b12f8c573ff93fa61c5"",""retention"":""dual-reviewed-short-phrases-only""}"	false	false	false	true	false	false	NO_PERSONAL_DATA	PUBLIC_DERIVED_ONLY	true
document.firstbloom.release_3646	github.firstbloom-data.a6cb0026	family.baseline.firstbloom-industry	a6cb0026d1af9642724793c799bbc48dc189ba35	2019-12-11	product_release_id=3646	en	TASTING_NOTE	6dad7520a4a1f45b4d6ddc31c7e82fb9e004a30bb62d1a4c87cf3038b5ad3c51	"{""external_release_key"":""3646"",""product_id"":""3372"",""raw_field_sha256"":""6dad7520a4a1f45b4d6ddc31c7e82fb9e004a30bb62d1a4c87cf3038b5ad3c51"",""retention"":""dual-reviewed-short-phrases-only""}"	false	false	false	true	false	false	NO_PERSONAL_DATA	PUBLIC_DERIVED_ONLY	true
document.firstbloom.release_3656	github.firstbloom-data.a6cb0026	family.baseline.firstbloom-industry	a6cb0026d1af9642724793c799bbc48dc189ba35	2019-12-11	product_release_id=3656	en	TASTING_NOTE	ad9c699fe6b847f9684549705fdb1f88bd05472954a510c7f39597f9a1f05dde	"{""external_release_key"":""3656"",""product_id"":""3381"",""raw_field_sha256"":""ad9c699fe6b847f9684549705fdb1f88bd05472954a510c7f39597f9a1f05dde"",""retention"":""dual-reviewed-short-phrases-only""}"	false	false	false	true	false	false	NO_PERSONAL_DATA	PUBLIC_DERIVED_ONLY	true
document.firstbloom.release_3667	github.firstbloom-data.a6cb0026	family.baseline.firstbloom-industry	a6cb0026d1af9642724793c799bbc48dc189ba35	2019-12-11	product_release_id=3667	en	TASTING_NOTE	462af91ee8e7da76aed302e60f31557a582f407729313205f1869943372d3a32	"{""external_release_key"":""3667"",""product_id"":""3396"",""raw_field_sha256"":""462af91ee8e7da76aed302e60f31557a582f407729313205f1869943372d3a32"",""retention"":""dual-reviewed-short-phrases-only""}"	false	false	false	true	false	false	NO_PERSONAL_DATA	PUBLIC_DERIVED_ONLY	true
document.firstbloom.release_3699	github.firstbloom-data.a6cb0026	family.baseline.firstbloom-industry	a6cb0026d1af9642724793c799bbc48dc189ba35	2019-12-12	product_release_id=3699	en	TASTING_NOTE	6c7876b0f6993bccadd936965a99cdd48cd3373075dd91c9c2a7b04d48a0b65b	"{""external_release_key"":""3699"",""product_id"":""336"",""raw_field_sha256"":""6c7876b0f6993bccadd936965a99cdd48cd3373075dd91c9c2a7b04d48a0b65b"",""retention"":""dual-reviewed-short-phrases-only""}"	false	false	false	true	false	false	NO_PERSONAL_DATA	PUBLIC_DERIVED_ONLY	true
document.firstbloom.release_37	github.firstbloom-data.a6cb0026	family.baseline.firstbloom-industry	a6cb0026d1af9642724793c799bbc48dc189ba35	2017-12-29	product_release_id=37	en	TASTING_NOTE	d501d71459a2313536af312970fe6f86c7ba9966f414ecc9e899c3175dedb1c3	"{""external_release_key"":""37"",""product_id"":""53"",""raw_field_sha256"":""d501d71459a2313536af312970fe6f86c7ba9966f414ecc9e899c3175dedb1c3"",""retention"":""dual-reviewed-short-phrases-only""}"	false	false	false	true	false	false	NO_PERSONAL_DATA	PUBLIC_DERIVED_ONLY	true
document.firstbloom.release_3706	github.firstbloom-data.a6cb0026	family.baseline.firstbloom-industry	a6cb0026d1af9642724793c799bbc48dc189ba35	2019-12-12	product_release_id=3706	en	TASTING_NOTE	d9834092cc055768df5a705bfbaa69e807362fd2df4956e7ab73d89ed9b080b6	"{""external_release_key"":""3706"",""product_id"":""3430"",""raw_field_sha256"":""d9834092cc055768df5a705bfbaa69e807362fd2df4956e7ab73d89ed9b080b6"",""retention"":""dual-reviewed-short-phrases-only""}"	false	false	false	true	false	false	NO_PERSONAL_DATA	PUBLIC_DERIVED_ONLY	true
document.firstbloom.release_3724	github.firstbloom-data.a6cb0026	family.baseline.firstbloom-industry	a6cb0026d1af9642724793c799bbc48dc189ba35	2019-12-13	product_release_id=3724	en	TASTING_NOTE	f56ab0249c9da81bb4bb6bb4e09b852da7a3ac8e50219061b151da017969c203	"{""external_release_key"":""3724"",""product_id"":""3448"",""raw_field_sha256"":""f56ab0249c9da81bb4bb6bb4e09b852da7a3ac8e50219061b151da017969c203"",""retention"":""dual-reviewed-short-phrases-only""}"	false	false	false	true	false	false	NO_PERSONAL_DATA	PUBLIC_DERIVED_ONLY	true
document.firstbloom.release_3727	github.firstbloom-data.a6cb0026	family.baseline.firstbloom-industry	a6cb0026d1af9642724793c799bbc48dc189ba35	2019-12-13	product_release_id=3727	en	TASTING_NOTE	04803729957a8dedb0da5cd5e301786808fe9544b9db3bc4ddabf8339247136c	"{""external_release_key"":""3727"",""product_id"":""3451"",""raw_field_sha256"":""04803729957a8dedb0da5cd5e301786808fe9544b9db3bc4ddabf8339247136c"",""retention"":""dual-reviewed-short-phrases-only""}"	false	false	false	true	false	false	NO_PERSONAL_DATA	PUBLIC_DERIVED_ONLY	true
document.firstbloom.release_3728	github.firstbloom-data.a6cb0026	family.baseline.firstbloom-industry	a6cb0026d1af9642724793c799bbc48dc189ba35	2019-12-13	product_release_id=3728	en	TASTING_NOTE	41ea3c536ed621a8f16efd9d447a3c9ea863ecb3a4ca27137040343ca2eacc1f	"{""external_release_key"":""3728"",""product_id"":""3452"",""raw_field_sha256"":""41ea3c536ed621a8f16efd9d447a3c9ea863ecb3a4ca27137040343ca2eacc1f"",""retention"":""dual-reviewed-short-phrases-only""}"	false	false	false	true	false	false	NO_PERSONAL_DATA	PUBLIC_DERIVED_ONLY	true
document.firstbloom.release_3737	github.firstbloom-data.a6cb0026	family.baseline.firstbloom-industry	a6cb0026d1af9642724793c799bbc48dc189ba35	2019-12-15	product_release_id=3737	en	TASTING_NOTE	97bcbcd505d11f6e8d5f347d5ecf2316ea73b8f7a270e6267a8520fd2fa70a23	"{""external_release_key"":""3737"",""product_id"":""3461"",""raw_field_sha256"":""97bcbcd505d11f6e8d5f347d5ecf2316ea73b8f7a270e6267a8520fd2fa70a23"",""retention"":""dual-reviewed-short-phrases-only""}"	false	false	false	true	false	false	NO_PERSONAL_DATA	PUBLIC_DERIVED_ONLY	true
document.firstbloom.release_3782	github.firstbloom-data.a6cb0026	family.baseline.firstbloom-industry	a6cb0026d1af9642724793c799bbc48dc189ba35	2019-12-18	product_release_id=3782	en	TASTING_NOTE	8e701cb1ea5366aec9a86f4779ea3f2c198f50d261ddbc7a1bad7a73112712df	"{""external_release_key"":""3782"",""product_id"":""3503"",""raw_field_sha256"":""8e701cb1ea5366aec9a86f4779ea3f2c198f50d261ddbc7a1bad7a73112712df"",""retention"":""dual-reviewed-short-phrases-only""}"	false	false	false	true	false	false	NO_PERSONAL_DATA	PUBLIC_DERIVED_ONLY	true
document.firstbloom.release_38	github.firstbloom-data.a6cb0026	family.baseline.firstbloom-industry	a6cb0026d1af9642724793c799bbc48dc189ba35	2017-12-29	product_release_id=38	en	TASTING_NOTE	274d938f9da998de06810ff1d36db18e88b93ab758056017d613e54b8a82f4f8	"{""external_release_key"":""38"",""product_id"":""54"",""raw_field_sha256"":""274d938f9da998de06810ff1d36db18e88b93ab758056017d613e54b8a82f4f8"",""retention"":""dual-reviewed-short-phrases-only""}"	false	false	false	true	false	false	NO_PERSONAL_DATA	PUBLIC_DERIVED_ONLY	true
document.firstbloom.release_3809	github.firstbloom-data.a6cb0026	family.baseline.firstbloom-industry	a6cb0026d1af9642724793c799bbc48dc189ba35	2019-12-19	product_release_id=3809	en	TASTING_NOTE	096ef30f54e81073182b19e058dfcf8e473d967667cfdce3d9d275567c798583	"{""external_release_key"":""3809"",""product_id"":""3525"",""raw_field_sha256"":""096ef30f54e81073182b19e058dfcf8e473d967667cfdce3d9d275567c798583"",""retention"":""dual-reviewed-short-phrases-only""}"	false	false	false	true	false	false	NO_PERSONAL_DATA	PUBLIC_DERIVED_ONLY	true
document.firstbloom.release_3812	github.firstbloom-data.a6cb0026	family.baseline.firstbloom-industry	a6cb0026d1af9642724793c799bbc48dc189ba35	2019-12-19	product_release_id=3812	en	TASTING_NOTE	f54118b25cf1f7b37599ed0e33cfc8b3ee01646be5b34b619900f37726e8b975	"{""external_release_key"":""3812"",""product_id"":""3528"",""raw_field_sha256"":""f54118b25cf1f7b37599ed0e33cfc8b3ee01646be5b34b619900f37726e8b975"",""retention"":""dual-reviewed-short-phrases-only""}"	false	false	false	true	false	false	NO_PERSONAL_DATA	PUBLIC_DERIVED_ONLY	true
document.firstbloom.release_3821	github.firstbloom-data.a6cb0026	family.baseline.firstbloom-industry	a6cb0026d1af9642724793c799bbc48dc189ba35	2019-12-20	product_release_id=3821	en	TASTING_NOTE	74f12d9f68474319bb40db07a7321a45a232c9f2c0d21ce2516d5420edbe64e5	"{""external_release_key"":""3821"",""product_id"":""3537"",""raw_field_sha256"":""74f12d9f68474319bb40db07a7321a45a232c9f2c0d21ce2516d5420edbe64e5"",""retention"":""dual-reviewed-short-phrases-only""}"	false	false	false	true	false	false	NO_PERSONAL_DATA	PUBLIC_DERIVED_ONLY	true
document.firstbloom.release_383	github.firstbloom-data.a6cb0026	family.baseline.firstbloom-industry	a6cb0026d1af9642724793c799bbc48dc189ba35	2018-09-26	product_release_id=383	en	TASTING_NOTE	26140fc09f9409cf7a3293877f800663b5af15d02547518ed4bccf0c0027c770	"{""external_release_key"":""383"",""product_id"":""135"",""raw_field_sha256"":""26140fc09f9409cf7a3293877f800663b5af15d02547518ed4bccf0c0027c770"",""retention"":""dual-reviewed-short-phrases-only""}"	false	false	false	true	false	false	NO_PERSONAL_DATA	PUBLIC_DERIVED_ONLY	true
document.firstbloom.release_386	github.firstbloom-data.a6cb0026	family.baseline.firstbloom-industry	a6cb0026d1af9642724793c799bbc48dc189ba35	2018-09-26	product_release_id=386	en	TASTING_NOTE	748978ab9021f0afd3a609bbd567db98cffce394321d680cc5d0542940828772	"{""external_release_key"":""386"",""product_id"":""56"",""raw_field_sha256"":""748978ab9021f0afd3a609bbd567db98cffce394321d680cc5d0542940828772"",""retention"":""dual-reviewed-short-phrases-only""}"	false	false	false	true	false	false	NO_PERSONAL_DATA	PUBLIC_DERIVED_ONLY	true
document.firstbloom.release_3890	github.firstbloom-data.a6cb0026	family.baseline.firstbloom-industry	a6cb0026d1af9642724793c799bbc48dc189ba35	2020-01-03	product_release_id=3890	en	TASTING_NOTE	109e18d9579d2bf21c3799f1d9f650617a30eac63dee193bf08d01e27ae19885	"{""external_release_key"":""3890"",""product_id"":""3603"",""raw_field_sha256"":""109e18d9579d2bf21c3799f1d9f650617a30eac63dee193bf08d01e27ae19885"",""retention"":""dual-reviewed-short-phrases-only""}"	false	false	false	true	false	false	NO_PERSONAL_DATA	PUBLIC_DERIVED_ONLY	true
document.firstbloom.release_3892	github.firstbloom-data.a6cb0026	family.baseline.firstbloom-industry	a6cb0026d1af9642724793c799bbc48dc189ba35	2020-01-03	product_release_id=3892	en	TASTING_NOTE	2d612417135d3f77af825eafafcab88ad7b44aadea5e1900071bd1f20f2e29b7	"{""external_release_key"":""3892"",""product_id"":""3605"",""raw_field_sha256"":""2d612417135d3f77af825eafafcab88ad7b44aadea5e1900071bd1f20f2e29b7"",""retention"":""dual-reviewed-short-phrases-only""}"	false	false	false	true	false	false	NO_PERSONAL_DATA	PUBLIC_DERIVED_ONLY	true
document.firstbloom.release_39	github.firstbloom-data.a6cb0026	family.baseline.firstbloom-industry	a6cb0026d1af9642724793c799bbc48dc189ba35	2017-12-29	product_release_id=39	en	TASTING_NOTE	637040f5dc0965d484bf246f7f26c4dbc16ae324522870e17f7d6714291632eb	"{""external_release_key"":""39"",""product_id"":""55"",""raw_field_sha256"":""637040f5dc0965d484bf246f7f26c4dbc16ae324522870e17f7d6714291632eb"",""retention"":""dual-reviewed-short-phrases-only""}"	false	false	false	true	false	false	NO_PERSONAL_DATA	PUBLIC_DERIVED_ONLY	true
document.firstbloom.release_3900	github.firstbloom-data.a6cb0026	family.baseline.firstbloom-industry	a6cb0026d1af9642724793c799bbc48dc189ba35	2020-01-03	product_release_id=3900	en	TASTING_NOTE	711b26933788e9a1d11e5beafadce9e43e567e22f37983ee9a6ea211251f75fd	"{""external_release_key"":""3900"",""product_id"":""3613"",""raw_field_sha256"":""711b26933788e9a1d11e5beafadce9e43e567e22f37983ee9a6ea211251f75fd"",""retention"":""dual-reviewed-short-phrases-only""}"	false	false	false	true	false	false	NO_PERSONAL_DATA	PUBLIC_DERIVED_ONLY	true
document.firstbloom.release_3917	github.firstbloom-data.a6cb0026	family.baseline.firstbloom-industry	a6cb0026d1af9642724793c799bbc48dc189ba35	2020-01-04	product_release_id=3917	en	TASTING_NOTE	4a2148b039a4d9da27777f6ea79e95e39cb96513256666a5056ce37012d5fb04	"{""external_release_key"":""3917"",""product_id"":""3624"",""raw_field_sha256"":""4a2148b039a4d9da27777f6ea79e95e39cb96513256666a5056ce37012d5fb04"",""retention"":""dual-reviewed-short-phrases-only""}"	false	false	false	true	false	false	NO_PERSONAL_DATA	PUBLIC_DERIVED_ONLY	true
document.firstbloom.release_3919	github.firstbloom-data.a6cb0026	family.baseline.firstbloom-industry	a6cb0026d1af9642724793c799bbc48dc189ba35	2020-01-04	product_release_id=3919	en	TASTING_NOTE	aa9b8c5e37a419af013c3323dfcaec9156c14b4792933a33a5aff928c71548a2	"{""external_release_key"":""3919"",""product_id"":""3626"",""raw_field_sha256"":""aa9b8c5e37a419af013c3323dfcaec9156c14b4792933a33a5aff928c71548a2"",""retention"":""dual-reviewed-short-phrases-only""}"	false	false	false	true	false	false	NO_PERSONAL_DATA	PUBLIC_DERIVED_ONLY	true
document.firstbloom.release_392	github.firstbloom-data.a6cb0026	family.baseline.firstbloom-industry	a6cb0026d1af9642724793c799bbc48dc189ba35	2018-09-26	product_release_id=392	en	TASTING_NOTE	0616ce9a102b6e2326dc96e9e66f5f8f42b3b6567d63d7851223394da7323bd9	"{""external_release_key"":""392"",""product_id"":""390"",""raw_field_sha256"":""0616ce9a102b6e2326dc96e9e66f5f8f42b3b6567d63d7851223394da7323bd9"",""retention"":""dual-reviewed-short-phrases-only""}"	false	false	false	true	false	false	NO_PERSONAL_DATA	PUBLIC_DERIVED_ONLY	true
document.firstbloom.release_3920	github.firstbloom-data.a6cb0026	family.baseline.firstbloom-industry	a6cb0026d1af9642724793c799bbc48dc189ba35	2020-01-04	product_release_id=3920	en	TASTING_NOTE	a35ed027eb253702ae9989b863c1d6a9c27db4cfcda2d63e49ca5021ee57c737	"{""external_release_key"":""3920"",""product_id"":""3627"",""raw_field_sha256"":""a35ed027eb253702ae9989b863c1d6a9c27db4cfcda2d63e49ca5021ee57c737"",""retention"":""dual-reviewed-short-phrases-only""}"	false	false	false	true	false	false	NO_PERSONAL_DATA	PUBLIC_DERIVED_ONLY	true
document.firstbloom.release_3923	github.firstbloom-data.a6cb0026	family.baseline.firstbloom-industry	a6cb0026d1af9642724793c799bbc48dc189ba35	2020-01-04	product_release_id=3923	en	TASTING_NOTE	14a53729a5cdc7b510494310c56f029960ed7c08d0bca604f3ac73fe0353991b	"{""external_release_key"":""3923"",""product_id"":""3629"",""raw_field_sha256"":""14a53729a5cdc7b510494310c56f029960ed7c08d0bca604f3ac73fe0353991b"",""retention"":""dual-reviewed-short-phrases-only""}"	false	false	false	true	false	false	NO_PERSONAL_DATA	PUBLIC_DERIVED_ONLY	true
document.firstbloom.release_3927	github.firstbloom-data.a6cb0026	family.baseline.firstbloom-industry	a6cb0026d1af9642724793c799bbc48dc189ba35	2020-01-04	product_release_id=3927	en	TASTING_NOTE	fdbf35e78c459240c64d1a2dcd430b2906d4ea04f89bb397cff6e4ba5227b14c	"{""external_release_key"":""3927"",""product_id"":""3633"",""raw_field_sha256"":""fdbf35e78c459240c64d1a2dcd430b2906d4ea04f89bb397cff6e4ba5227b14c"",""retention"":""dual-reviewed-short-phrases-only""}"	false	false	false	true	false	false	NO_PERSONAL_DATA	PUBLIC_DERIVED_ONLY	true
document.firstbloom.release_3928	github.firstbloom-data.a6cb0026	family.baseline.firstbloom-industry	a6cb0026d1af9642724793c799bbc48dc189ba35	2020-01-04	product_release_id=3928	en	TASTING_NOTE	89fe8e4a5dd528beb307bff788e807e341b50f825ff8eb6998508de1bdac2521	"{""external_release_key"":""3928"",""product_id"":""3634"",""raw_field_sha256"":""89fe8e4a5dd528beb307bff788e807e341b50f825ff8eb6998508de1bdac2521"",""retention"":""dual-reviewed-short-phrases-only""}"	false	false	false	true	false	false	NO_PERSONAL_DATA	PUBLIC_DERIVED_ONLY	true
document.firstbloom.release_3929	github.firstbloom-data.a6cb0026	family.baseline.firstbloom-industry	a6cb0026d1af9642724793c799bbc48dc189ba35	2020-01-04	product_release_id=3929	en	TASTING_NOTE	d235152394c8b5171fa2bac28618cc717c54700e5c7d3362cc1d984d6c9b3f8c	"{""external_release_key"":""3929"",""product_id"":""3635"",""raw_field_sha256"":""d235152394c8b5171fa2bac28618cc717c54700e5c7d3362cc1d984d6c9b3f8c"",""retention"":""dual-reviewed-short-phrases-only""}"	false	false	false	true	false	false	NO_PERSONAL_DATA	PUBLIC_DERIVED_ONLY	true
document.firstbloom.release_3932	github.firstbloom-data.a6cb0026	family.baseline.firstbloom-industry	a6cb0026d1af9642724793c799bbc48dc189ba35	2020-01-04	product_release_id=3932	en	TASTING_NOTE	d5cca8653dac9ac12450ff08d2f5312fad5312b24141b47d6656dbbe073bf572	"{""external_release_key"":""3932"",""product_id"":""3638"",""raw_field_sha256"":""d5cca8653dac9ac12450ff08d2f5312fad5312b24141b47d6656dbbe073bf572"",""retention"":""dual-reviewed-short-phrases-only""}"	false	false	false	true	false	false	NO_PERSONAL_DATA	PUBLIC_DERIVED_ONLY	true
document.firstbloom.release_3954	github.firstbloom-data.a6cb0026	family.baseline.firstbloom-industry	a6cb0026d1af9642724793c799bbc48dc189ba35	2020-01-13	product_release_id=3954	en	TASTING_NOTE	ed0d1cac0b24e6ced82144e255276d64daa7692b823f9fd3b4e57b2fd7fd74b6	"{""external_release_key"":""3954"",""product_id"":""3662"",""raw_field_sha256"":""ed0d1cac0b24e6ced82144e255276d64daa7692b823f9fd3b4e57b2fd7fd74b6"",""retention"":""dual-reviewed-short-phrases-only""}"	false	false	false	true	false	false	NO_PERSONAL_DATA	PUBLIC_DERIVED_ONLY	true
document.firstbloom.release_3955	github.firstbloom-data.a6cb0026	family.baseline.firstbloom-industry	a6cb0026d1af9642724793c799bbc48dc189ba35	2020-01-13	product_release_id=3955	en	TASTING_NOTE	1ad97980c70414240d9f994df44c4ac637cc780df4f90dd04698b162ed620d95	"{""external_release_key"":""3955"",""product_id"":""3663"",""raw_field_sha256"":""1ad97980c70414240d9f994df44c4ac637cc780df4f90dd04698b162ed620d95"",""retention"":""dual-reviewed-short-phrases-only""}"	false	false	false	true	false	false	NO_PERSONAL_DATA	PUBLIC_DERIVED_ONLY	true
document.firstbloom.release_3957	github.firstbloom-data.a6cb0026	family.baseline.firstbloom-industry	a6cb0026d1af9642724793c799bbc48dc189ba35	2020-01-13	product_release_id=3957	en	TASTING_NOTE	2e828660e7dda5d0577333c25b491d4212f85cc74f3e8e4419203f12c8789606	"{""external_release_key"":""3957"",""product_id"":""3665"",""raw_field_sha256"":""2e828660e7dda5d0577333c25b491d4212f85cc74f3e8e4419203f12c8789606"",""retention"":""dual-reviewed-short-phrases-only""}"	false	false	false	true	false	false	NO_PERSONAL_DATA	PUBLIC_DERIVED_ONLY	true
document.firstbloom.release_3958	github.firstbloom-data.a6cb0026	family.baseline.firstbloom-industry	a6cb0026d1af9642724793c799bbc48dc189ba35	2020-01-13	product_release_id=3958	en	TASTING_NOTE	8a45e0ee8e0cd3a87e52aa11b5346e95532315e94dce9e3ba3a2846a01a10a6b	"{""external_release_key"":""3958"",""product_id"":""3666"",""raw_field_sha256"":""8a45e0ee8e0cd3a87e52aa11b5346e95532315e94dce9e3ba3a2846a01a10a6b"",""retention"":""dual-reviewed-short-phrases-only""}"	false	false	false	true	false	false	NO_PERSONAL_DATA	PUBLIC_DERIVED_ONLY	true
document.firstbloom.release_3965	github.firstbloom-data.a6cb0026	family.baseline.firstbloom-industry	a6cb0026d1af9642724793c799bbc48dc189ba35	2020-01-14	product_release_id=3965	en	TASTING_NOTE	dd3cd10e6bd06d108e094e177548abd21989290260554dbcc1e41cb83931b9ef	"{""external_release_key"":""3965"",""product_id"":""3676"",""raw_field_sha256"":""dd3cd10e6bd06d108e094e177548abd21989290260554dbcc1e41cb83931b9ef"",""retention"":""dual-reviewed-short-phrases-only""}"	false	false	false	true	false	false	NO_PERSONAL_DATA	PUBLIC_DERIVED_ONLY	true
document.firstbloom.release_3981	github.firstbloom-data.a6cb0026	family.baseline.firstbloom-industry	a6cb0026d1af9642724793c799bbc48dc189ba35	2020-01-14	product_release_id=3981	en	TASTING_NOTE	1b9050502b331916489db889139b5012834f24c97f45959d45eb2413c2c220f1	"{""external_release_key"":""3981"",""product_id"":""3691"",""raw_field_sha256"":""1b9050502b331916489db889139b5012834f24c97f45959d45eb2413c2c220f1"",""retention"":""dual-reviewed-short-phrases-only""}"	false	false	false	true	false	false	NO_PERSONAL_DATA	PUBLIC_DERIVED_ONLY	true
document.firstbloom.release_3983	github.firstbloom-data.a6cb0026	family.baseline.firstbloom-industry	a6cb0026d1af9642724793c799bbc48dc189ba35	2020-01-14	product_release_id=3983	en	TASTING_NOTE	723dc56c940e539bad197df4c276d038d79cfb8abe288bd272c07b4ee6a73b99	"{""external_release_key"":""3983"",""product_id"":""3693"",""raw_field_sha256"":""723dc56c940e539bad197df4c276d038d79cfb8abe288bd272c07b4ee6a73b99"",""retention"":""dual-reviewed-short-phrases-only""}"	false	false	false	true	false	false	NO_PERSONAL_DATA	PUBLIC_DERIVED_ONLY	true
document.firstbloom.release_3986	github.firstbloom-data.a6cb0026	family.baseline.firstbloom-industry	a6cb0026d1af9642724793c799bbc48dc189ba35	2020-01-14	product_release_id=3986	en	TASTING_NOTE	9fe1d13c80a75c95ab0ba03f019e419683a698fe10b4cf54b7e8a091fbd41622	"{""external_release_key"":""3986"",""product_id"":""3696"",""raw_field_sha256"":""9fe1d13c80a75c95ab0ba03f019e419683a698fe10b4cf54b7e8a091fbd41622"",""retention"":""dual-reviewed-short-phrases-only""}"	false	false	false	true	false	false	NO_PERSONAL_DATA	PUBLIC_DERIVED_ONLY	true
document.firstbloom.release_3989	github.firstbloom-data.a6cb0026	family.baseline.firstbloom-industry	a6cb0026d1af9642724793c799bbc48dc189ba35	2020-01-14	product_release_id=3989	en	TASTING_NOTE	7a262937011c540817a3fb720cc9758161be8a0cad76a1100513898657b30396	"{""external_release_key"":""3989"",""product_id"":""710"",""raw_field_sha256"":""7a262937011c540817a3fb720cc9758161be8a0cad76a1100513898657b30396"",""retention"":""dual-reviewed-short-phrases-only""}"	false	false	false	true	false	false	NO_PERSONAL_DATA	PUBLIC_DERIVED_ONLY	true
document.firstbloom.release_3991	github.firstbloom-data.a6cb0026	family.baseline.firstbloom-industry	a6cb0026d1af9642724793c799bbc48dc189ba35	2020-01-14	product_release_id=3991	en	TASTING_NOTE	111fbf3c1e4ac4a74b31af101c532277f9f1de880f896d6576a7b5200c6eeb2b	"{""external_release_key"":""3991"",""product_id"":""3699"",""raw_field_sha256"":""111fbf3c1e4ac4a74b31af101c532277f9f1de880f896d6576a7b5200c6eeb2b"",""retention"":""dual-reviewed-short-phrases-only""}"	false	false	false	true	false	false	NO_PERSONAL_DATA	PUBLIC_DERIVED_ONLY	true
document.firstbloom.release_4	github.firstbloom-data.a6cb0026	family.baseline.firstbloom-industry	a6cb0026d1af9642724793c799bbc48dc189ba35	2017-12-29	product_release_id=4	en	TASTING_NOTE	65a905fcff4b633b3f4982d78d57442dbf416016dfeaf9d85d32737e24e33847	"{""external_release_key"":""4"",""product_id"":""14"",""raw_field_sha256"":""65a905fcff4b633b3f4982d78d57442dbf416016dfeaf9d85d32737e24e33847"",""retention"":""dual-reviewed-short-phrases-only""}"	false	false	false	true	false	false	NO_PERSONAL_DATA	PUBLIC_DERIVED_ONLY	true
document.firstbloom.release_40	github.firstbloom-data.a6cb0026	family.baseline.firstbloom-industry	a6cb0026d1af9642724793c799bbc48dc189ba35	2017-12-29	product_release_id=40	en	TASTING_NOTE	065b099b6013956eb9b70e8811821bef8565eb3d79162d0b67a2b6096980e5c1	"{""external_release_key"":""40"",""product_id"":""56"",""raw_field_sha256"":""065b099b6013956eb9b70e8811821bef8565eb3d79162d0b67a2b6096980e5c1"",""retention"":""dual-reviewed-short-phrases-only""}"	false	false	false	true	false	false	NO_PERSONAL_DATA	PUBLIC_DERIVED_ONLY	true
document.firstbloom.release_4018	github.firstbloom-data.a6cb0026	family.baseline.firstbloom-industry	a6cb0026d1af9642724793c799bbc48dc189ba35	2020-01-15	product_release_id=4018	en	TASTING_NOTE	26ddb9a56a8f32346701e7181be6db2da7431e20fee49d8933f164e9cdcd3973	"{""external_release_key"":""4018"",""product_id"":""3726"",""raw_field_sha256"":""26ddb9a56a8f32346701e7181be6db2da7431e20fee49d8933f164e9cdcd3973"",""retention"":""dual-reviewed-short-phrases-only""}"	false	false	false	true	false	false	NO_PERSONAL_DATA	PUBLIC_DERIVED_ONLY	true
document.firstbloom.release_4031	github.firstbloom-data.a6cb0026	family.baseline.firstbloom-industry	a6cb0026d1af9642724793c799bbc48dc189ba35	2020-01-16	product_release_id=4031	en	TASTING_NOTE	525aafb8d7b358102c01941d3b891b1cfa36e5d0e0caf587295488b6d004924f	"{""external_release_key"":""4031"",""product_id"":""3739"",""raw_field_sha256"":""525aafb8d7b358102c01941d3b891b1cfa36e5d0e0caf587295488b6d004924f"",""retention"":""dual-reviewed-short-phrases-only""}"	false	false	false	true	false	false	NO_PERSONAL_DATA	PUBLIC_DERIVED_ONLY	true
document.firstbloom.release_4050	github.firstbloom-data.a6cb0026	family.baseline.firstbloom-industry	a6cb0026d1af9642724793c799bbc48dc189ba35	2020-01-16	product_release_id=4050	en	TASTING_NOTE	a911ff137add8a171816a9b97ce07173ca2b0ba05089345d4959aa832013c2e3	"{""external_release_key"":""4050"",""product_id"":""3758"",""raw_field_sha256"":""a911ff137add8a171816a9b97ce07173ca2b0ba05089345d4959aa832013c2e3"",""retention"":""dual-reviewed-short-phrases-only""}"	false	false	false	true	false	false	NO_PERSONAL_DATA	PUBLIC_DERIVED_ONLY	true
document.firstbloom.release_4053	github.firstbloom-data.a6cb0026	family.baseline.firstbloom-industry	a6cb0026d1af9642724793c799bbc48dc189ba35	2020-01-16	product_release_id=4053	en	TASTING_NOTE	045d78cefbb4b685742e9450783dc620d8b7dc1bc0b740519321fbbd8b4d6de7	"{""external_release_key"":""4053"",""product_id"":""3761"",""raw_field_sha256"":""045d78cefbb4b685742e9450783dc620d8b7dc1bc0b740519321fbbd8b4d6de7"",""retention"":""dual-reviewed-short-phrases-only""}"	false	false	false	true	false	false	NO_PERSONAL_DATA	PUBLIC_DERIVED_ONLY	true
document.firstbloom.release_4054	github.firstbloom-data.a6cb0026	family.baseline.firstbloom-industry	a6cb0026d1af9642724793c799bbc48dc189ba35	2020-01-16	product_release_id=4054	en	TASTING_NOTE	35cdabeec2f22d5c6d309856c75d5dfe771f516aa1d7dd38cc628a6b36f3b7ad	"{""external_release_key"":""4054"",""product_id"":""3762"",""raw_field_sha256"":""35cdabeec2f22d5c6d309856c75d5dfe771f516aa1d7dd38cc628a6b36f3b7ad"",""retention"":""dual-reviewed-short-phrases-only""}"	false	false	false	true	false	false	NO_PERSONAL_DATA	PUBLIC_DERIVED_ONLY	true
document.firstbloom.release_4055	github.firstbloom-data.a6cb0026	family.baseline.firstbloom-industry	a6cb0026d1af9642724793c799bbc48dc189ba35	2020-01-16	product_release_id=4055	en	TASTING_NOTE	5af258e800d56badbd86f3402823d45d4948122ce8d5ce8b1d815ffc06ac2f62	"{""external_release_key"":""4055"",""product_id"":""70"",""raw_field_sha256"":""5af258e800d56badbd86f3402823d45d4948122ce8d5ce8b1d815ffc06ac2f62"",""retention"":""dual-reviewed-short-phrases-only""}"	false	false	false	true	false	false	NO_PERSONAL_DATA	PUBLIC_DERIVED_ONLY	true
document.firstbloom.release_4056	github.firstbloom-data.a6cb0026	family.baseline.firstbloom-industry	a6cb0026d1af9642724793c799bbc48dc189ba35	2020-01-17	product_release_id=4056	en	TASTING_NOTE	40009200b107e7a95515c0480bc69c195d4bc068cb9ae03c6659f53fc1c36e45	"{""external_release_key"":""4056"",""product_id"":""3763"",""raw_field_sha256"":""40009200b107e7a95515c0480bc69c195d4bc068cb9ae03c6659f53fc1c36e45"",""retention"":""dual-reviewed-short-phrases-only""}"	false	false	false	true	false	false	NO_PERSONAL_DATA	PUBLIC_DERIVED_ONLY	true
document.firstbloom.release_4057	github.firstbloom-data.a6cb0026	family.baseline.firstbloom-industry	a6cb0026d1af9642724793c799bbc48dc189ba35	2020-01-17	product_release_id=4057	en	TASTING_NOTE	c90de9d74358a15224b680a39db793532185ca095b32141a283f8bdb44b1be1c	"{""external_release_key"":""4057"",""product_id"":""3764"",""raw_field_sha256"":""c90de9d74358a15224b680a39db793532185ca095b32141a283f8bdb44b1be1c"",""retention"":""dual-reviewed-short-phrases-only""}"	false	false	false	true	false	false	NO_PERSONAL_DATA	PUBLIC_DERIVED_ONLY	true
document.firstbloom.release_4059	github.firstbloom-data.a6cb0026	family.baseline.firstbloom-industry	a6cb0026d1af9642724793c799bbc48dc189ba35	2020-01-17	product_release_id=4059	en	TASTING_NOTE	c8336c92238690fd8477b6a15a0b0604a4d576008f2e5a23710a0e2e593b2343	"{""external_release_key"":""4059"",""product_id"":""1637"",""raw_field_sha256"":""c8336c92238690fd8477b6a15a0b0604a4d576008f2e5a23710a0e2e593b2343"",""retention"":""dual-reviewed-short-phrases-only""}"	false	false	false	true	false	false	NO_PERSONAL_DATA	PUBLIC_DERIVED_ONLY	true
document.firstbloom.release_4060	github.firstbloom-data.a6cb0026	family.baseline.firstbloom-industry	a6cb0026d1af9642724793c799bbc48dc189ba35	2020-01-17	product_release_id=4060	en	TASTING_NOTE	b0d984e4c408bfd56f860efbdc95b7b5ad2036c000f470153b44f19445dd464e	"{""external_release_key"":""4060"",""product_id"":""3766"",""raw_field_sha256"":""b0d984e4c408bfd56f860efbdc95b7b5ad2036c000f470153b44f19445dd464e"",""retention"":""dual-reviewed-short-phrases-only""}"	false	false	false	true	false	false	NO_PERSONAL_DATA	PUBLIC_DERIVED_ONLY	true
document.firstbloom.release_4061	github.firstbloom-data.a6cb0026	family.baseline.firstbloom-industry	a6cb0026d1af9642724793c799bbc48dc189ba35	2020-01-17	product_release_id=4061	en	TASTING_NOTE	fd01e7cb4c45ea6623628f5e42906a785b85e94b52c4b05356c24fcb38eb1709	"{""external_release_key"":""4061"",""product_id"":""3767"",""raw_field_sha256"":""fd01e7cb4c45ea6623628f5e42906a785b85e94b52c4b05356c24fcb38eb1709"",""retention"":""dual-reviewed-short-phrases-only""}"	false	false	false	true	false	false	NO_PERSONAL_DATA	PUBLIC_DERIVED_ONLY	true
document.firstbloom.release_41	github.firstbloom-data.a6cb0026	family.baseline.firstbloom-industry	a6cb0026d1af9642724793c799bbc48dc189ba35	2017-12-29	product_release_id=41	en	TASTING_NOTE	1d1a7000430359070142e9a680bc02616dc499d730d9708e25b2123f773bdc24	"{""external_release_key"":""41"",""product_id"":""59"",""raw_field_sha256"":""1d1a7000430359070142e9a680bc02616dc499d730d9708e25b2123f773bdc24"",""retention"":""dual-reviewed-short-phrases-only""}"	false	false	false	true	false	false	NO_PERSONAL_DATA	PUBLIC_DERIVED_ONLY	true
document.firstbloom.release_4103	github.firstbloom-data.a6cb0026	family.baseline.firstbloom-industry	a6cb0026d1af9642724793c799bbc48dc189ba35	2020-01-21	product_release_id=4103	en	TASTING_NOTE	cbde92ab75e939c8e38c16bc76015f4329f44ced9f56498c58f534104af42f27	"{""external_release_key"":""4103"",""product_id"":""3806"",""raw_field_sha256"":""cbde92ab75e939c8e38c16bc76015f4329f44ced9f56498c58f534104af42f27"",""retention"":""dual-reviewed-short-phrases-only""}"	false	false	false	true	false	false	NO_PERSONAL_DATA	PUBLIC_DERIVED_ONLY	true
document.firstbloom.release_4120	github.firstbloom-data.a6cb0026	family.baseline.firstbloom-industry	a6cb0026d1af9642724793c799bbc48dc189ba35	2020-01-23	product_release_id=4120	en	TASTING_NOTE	101a75a16a2373a684df127b470429eb72847fea1a398f10baba16559a1dc6de	"{""external_release_key"":""4120"",""product_id"":""3823"",""raw_field_sha256"":""101a75a16a2373a684df127b470429eb72847fea1a398f10baba16559a1dc6de"",""retention"":""dual-reviewed-short-phrases-only""}"	false	false	false	true	false	false	NO_PERSONAL_DATA	PUBLIC_DERIVED_ONLY	true
document.firstbloom.release_4122	github.firstbloom-data.a6cb0026	family.baseline.firstbloom-industry	a6cb0026d1af9642724793c799bbc48dc189ba35	2020-01-24	product_release_id=4122	en	TASTING_NOTE	4f3d749257b5da509e8e4eaf00ff474287d92a8ff1ba0b82db9cbdb043a23a71	"{""external_release_key"":""4122"",""product_id"":""3826"",""raw_field_sha256"":""4f3d749257b5da509e8e4eaf00ff474287d92a8ff1ba0b82db9cbdb043a23a71"",""retention"":""dual-reviewed-short-phrases-only""}"	false	false	false	true	false	false	NO_PERSONAL_DATA	PUBLIC_DERIVED_ONLY	true
document.firstbloom.release_4123	github.firstbloom-data.a6cb0026	family.baseline.firstbloom-industry	a6cb0026d1af9642724793c799bbc48dc189ba35	2020-01-24	product_release_id=4123	en	TASTING_NOTE	6beb62bfb1a76e37c3c3d2dfbc954e00ce4dbd7b423358f7c517441f4d7541a7	"{""external_release_key"":""4123"",""product_id"":""3827"",""raw_field_sha256"":""6beb62bfb1a76e37c3c3d2dfbc954e00ce4dbd7b423358f7c517441f4d7541a7"",""retention"":""dual-reviewed-short-phrases-only""}"	false	false	false	true	false	false	NO_PERSONAL_DATA	PUBLIC_DERIVED_ONLY	true
document.firstbloom.release_4130	github.firstbloom-data.a6cb0026	family.baseline.firstbloom-industry	a6cb0026d1af9642724793c799bbc48dc189ba35	2020-01-24	product_release_id=4130	en	TASTING_NOTE	62996ded69f2a956ff60d753c437eaa55824f5f8049e0e5c2b1f2e5066e06f6d	"{""external_release_key"":""4130"",""product_id"":""1266"",""raw_field_sha256"":""62996ded69f2a956ff60d753c437eaa55824f5f8049e0e5c2b1f2e5066e06f6d"",""retention"":""dual-reviewed-short-phrases-only""}"	false	false	false	true	false	false	NO_PERSONAL_DATA	PUBLIC_DERIVED_ONLY	true
document.firstbloom.release_4132	github.firstbloom-data.a6cb0026	family.baseline.firstbloom-industry	a6cb0026d1af9642724793c799bbc48dc189ba35	2020-01-28	product_release_id=4132	en	TASTING_NOTE	1697a73ee5fd80bf8c2b4463ae457775488fe6c4d50d8e2ed1e7fb435b082892	"{""external_release_key"":""4132"",""product_id"":""3833"",""raw_field_sha256"":""1697a73ee5fd80bf8c2b4463ae457775488fe6c4d50d8e2ed1e7fb435b082892"",""retention"":""dual-reviewed-short-phrases-only""}"	false	false	false	true	false	false	NO_PERSONAL_DATA	PUBLIC_DERIVED_ONLY	true
document.firstbloom.release_4133	github.firstbloom-data.a6cb0026	family.baseline.firstbloom-industry	a6cb0026d1af9642724793c799bbc48dc189ba35	2020-01-30	product_release_id=4133	en	TASTING_NOTE	b075de70e7af084cb6d4ab7c10288e09cbaa32547ceda37e910633e06546f682	"{""external_release_key"":""4133"",""product_id"":""3834"",""raw_field_sha256"":""b075de70e7af084cb6d4ab7c10288e09cbaa32547ceda37e910633e06546f682"",""retention"":""dual-reviewed-short-phrases-only""}"	false	false	false	true	false	false	NO_PERSONAL_DATA	PUBLIC_DERIVED_ONLY	true
document.firstbloom.release_4135	github.firstbloom-data.a6cb0026	family.baseline.firstbloom-industry	a6cb0026d1af9642724793c799bbc48dc189ba35	2020-02-20	product_release_id=4135	en	TASTING_NOTE	50f36982642f9337721fe11a23928a182b45e69b8ff128bba22cbb453817c0f1	"{""external_release_key"":""4135"",""product_id"":""169"",""raw_field_sha256"":""50f36982642f9337721fe11a23928a182b45e69b8ff128bba22cbb453817c0f1"",""retention"":""dual-reviewed-short-phrases-only""}"	false	false	false	true	false	false	NO_PERSONAL_DATA	PUBLIC_DERIVED_ONLY	true
document.firstbloom.release_4136	github.firstbloom-data.a6cb0026	family.baseline.firstbloom-industry	a6cb0026d1af9642724793c799bbc48dc189ba35	2020-02-20	product_release_id=4136	en	TASTING_NOTE	0fa5afaa909e5e1018e08ebab7a570da24f1dc97862b11aaffbc5ba5be95882a	"{""external_release_key"":""4136"",""product_id"":""1049"",""raw_field_sha256"":""0fa5afaa909e5e1018e08ebab7a570da24f1dc97862b11aaffbc5ba5be95882a"",""retention"":""dual-reviewed-short-phrases-only""}"	false	false	false	true	false	false	NO_PERSONAL_DATA	PUBLIC_DERIVED_ONLY	true
document.firstbloom.release_4137	github.firstbloom-data.a6cb0026	family.baseline.firstbloom-industry	a6cb0026d1af9642724793c799bbc48dc189ba35	2020-02-20	product_release_id=4137	en	TASTING_NOTE	b46663aeafb52ac12bcaf03e9c7c80f60e280d5f818ad05f5b333e55c66fee32	"{""external_release_key"":""4137"",""product_id"":""3836"",""raw_field_sha256"":""b46663aeafb52ac12bcaf03e9c7c80f60e280d5f818ad05f5b333e55c66fee32"",""retention"":""dual-reviewed-short-phrases-only""}"	false	false	false	true	false	false	NO_PERSONAL_DATA	PUBLIC_DERIVED_ONLY	true
document.firstbloom.release_4146	github.firstbloom-data.a6cb0026	family.baseline.firstbloom-industry	a6cb0026d1af9642724793c799bbc48dc189ba35	2020-03-06	product_release_id=4146	en	TASTING_NOTE	dec15a97c192bf928fdbaa1403e4383daa527c1f2998d7940e848908ae6990b0	"{""external_release_key"":""4146"",""product_id"":""3844"",""raw_field_sha256"":""dec15a97c192bf928fdbaa1403e4383daa527c1f2998d7940e848908ae6990b0"",""retention"":""dual-reviewed-short-phrases-only""}"	false	false	false	true	false	false	NO_PERSONAL_DATA	PUBLIC_DERIVED_ONLY	true
document.firstbloom.release_415	github.firstbloom-data.a6cb0026	family.baseline.firstbloom-industry	a6cb0026d1af9642724793c799bbc48dc189ba35	2018-10-04	product_release_id=415	en	TASTING_NOTE	3b7bf89ddc0081a342fba865b1b3635ab9246f8005aebdeee89ddaf696dcbcda	"{""external_release_key"":""415"",""product_id"":""413"",""raw_field_sha256"":""3b7bf89ddc0081a342fba865b1b3635ab9246f8005aebdeee89ddaf696dcbcda"",""retention"":""dual-reviewed-short-phrases-only""}"	false	false	false	true	false	false	NO_PERSONAL_DATA	PUBLIC_DERIVED_ONLY	true
document.firstbloom.release_4155	github.firstbloom-data.a6cb0026	family.baseline.firstbloom-industry	a6cb0026d1af9642724793c799bbc48dc189ba35	2020-03-30	product_release_id=4155	en	TASTING_NOTE	be621d6a48c9a78ebae185592070368d327410f5d87ab2b0192bf9069355e817	"{""external_release_key"":""4155"",""product_id"":""3852"",""raw_field_sha256"":""be621d6a48c9a78ebae185592070368d327410f5d87ab2b0192bf9069355e817"",""retention"":""dual-reviewed-short-phrases-only""}"	false	false	false	true	false	false	NO_PERSONAL_DATA	PUBLIC_DERIVED_ONLY	true
document.firstbloom.release_4158	github.firstbloom-data.a6cb0026	family.baseline.firstbloom-industry	a6cb0026d1af9642724793c799bbc48dc189ba35	2020-03-30	product_release_id=4158	en	TASTING_NOTE	e442cef6dc9a744d61ed57671792224a36cbe8bdc2f27672bcc977aa8a5399d2	"{""external_release_key"":""4158"",""product_id"":""3855"",""raw_field_sha256"":""e442cef6dc9a744d61ed57671792224a36cbe8bdc2f27672bcc977aa8a5399d2"",""retention"":""dual-reviewed-short-phrases-only""}"	false	false	false	true	false	false	NO_PERSONAL_DATA	PUBLIC_DERIVED_ONLY	true
document.firstbloom.release_4163	github.firstbloom-data.a6cb0026	family.baseline.firstbloom-industry	a6cb0026d1af9642724793c799bbc48dc189ba35	2020-04-07	product_release_id=4163	en	TASTING_NOTE	74987d4ac685e8308f8a12dde37368d110f4ff0dea6cbf4b477d9b2513d48ee1	"{""external_release_key"":""4163"",""product_id"":""3860"",""raw_field_sha256"":""74987d4ac685e8308f8a12dde37368d110f4ff0dea6cbf4b477d9b2513d48ee1"",""retention"":""dual-reviewed-short-phrases-only""}"	false	false	false	true	false	false	NO_PERSONAL_DATA	PUBLIC_DERIVED_ONLY	true
document.firstbloom.release_417	github.firstbloom-data.a6cb0026	family.baseline.firstbloom-industry	a6cb0026d1af9642724793c799bbc48dc189ba35	2018-10-04	product_release_id=417	en	TASTING_NOTE	875dea8d74a668ed064bcdd8a261aefc6010b4dfbae1108258e309763a46d03e	"{""external_release_key"":""417"",""product_id"":""415"",""raw_field_sha256"":""875dea8d74a668ed064bcdd8a261aefc6010b4dfbae1108258e309763a46d03e"",""retention"":""dual-reviewed-short-phrases-only""}"	false	false	false	true	false	false	NO_PERSONAL_DATA	PUBLIC_DERIVED_ONLY	true
document.firstbloom.release_4174	github.firstbloom-data.a6cb0026	family.baseline.firstbloom-industry	a6cb0026d1af9642724793c799bbc48dc189ba35	2020-04-07	product_release_id=4174	en	TASTING_NOTE	37c61904f37d74f518f15bb7fbbcecfe7db504b42abb72f180e4f01441131ef7	"{""external_release_key"":""4174"",""product_id"":""2498"",""raw_field_sha256"":""37c61904f37d74f518f15bb7fbbcecfe7db504b42abb72f180e4f01441131ef7"",""retention"":""dual-reviewed-short-phrases-only""}"	false	false	false	true	false	false	NO_PERSONAL_DATA	PUBLIC_DERIVED_ONLY	true
document.firstbloom.release_4184	github.firstbloom-data.a6cb0026	family.baseline.firstbloom-industry	a6cb0026d1af9642724793c799bbc48dc189ba35	2020-04-13	product_release_id=4184	en	TASTING_NOTE	032006bf577a2af280cc46824c7fa406d9de460606f3031171b7e439804bcd6d	"{""external_release_key"":""4184"",""product_id"":""1580"",""raw_field_sha256"":""032006bf577a2af280cc46824c7fa406d9de460606f3031171b7e439804bcd6d"",""retention"":""dual-reviewed-short-phrases-only""}"	false	false	false	true	false	false	NO_PERSONAL_DATA	PUBLIC_DERIVED_ONLY	true
document.firstbloom.release_4186	github.firstbloom-data.a6cb0026	family.baseline.firstbloom-industry	a6cb0026d1af9642724793c799bbc48dc189ba35	2020-04-13	product_release_id=4186	en	TASTING_NOTE	eb90ed3a62e4da335ec8d05e7f4b8a1067121240bbf415d109d1e2c3ebd4e815	"{""external_release_key"":""4186"",""product_id"":""3875"",""raw_field_sha256"":""eb90ed3a62e4da335ec8d05e7f4b8a1067121240bbf415d109d1e2c3ebd4e815"",""retention"":""dual-reviewed-short-phrases-only""}"	false	false	false	true	false	false	NO_PERSONAL_DATA	PUBLIC_DERIVED_ONLY	true
document.firstbloom.release_4188	github.firstbloom-data.a6cb0026	family.baseline.firstbloom-industry	a6cb0026d1af9642724793c799bbc48dc189ba35	2020-04-13	product_release_id=4188	en	TASTING_NOTE	bc7961f2f3d3275523f1c2c283eeadff5567e69a0bb8518224a84aef9d2aa94e	"{""external_release_key"":""4188"",""product_id"":""3876"",""raw_field_sha256"":""bc7961f2f3d3275523f1c2c283eeadff5567e69a0bb8518224a84aef9d2aa94e"",""retention"":""dual-reviewed-short-phrases-only""}"	false	false	false	true	false	false	NO_PERSONAL_DATA	PUBLIC_DERIVED_ONLY	true
document.firstbloom.release_4189	github.firstbloom-data.a6cb0026	family.baseline.firstbloom-industry	a6cb0026d1af9642724793c799bbc48dc189ba35	2020-04-13	product_release_id=4189	en	TASTING_NOTE	cdd781a61a198b7e85d025d8e06564f4bc05842ae79f551c1bfbde07f5e47ba0	"{""external_release_key"":""4189"",""product_id"":""3877"",""raw_field_sha256"":""cdd781a61a198b7e85d025d8e06564f4bc05842ae79f551c1bfbde07f5e47ba0"",""retention"":""dual-reviewed-short-phrases-only""}"	false	false	false	true	false	false	NO_PERSONAL_DATA	PUBLIC_DERIVED_ONLY	true
document.firstbloom.release_42	github.firstbloom-data.a6cb0026	family.baseline.firstbloom-industry	a6cb0026d1af9642724793c799bbc48dc189ba35	2017-12-29	product_release_id=42	en	TASTING_NOTE	15f68ab7210fa2b3d54e16adf833753647d2d3fc9d25d2c6f1ac31b6e2d00171	"{""external_release_key"":""42"",""product_id"":""60"",""raw_field_sha256"":""15f68ab7210fa2b3d54e16adf833753647d2d3fc9d25d2c6f1ac31b6e2d00171"",""retention"":""dual-reviewed-short-phrases-only""}"	false	false	false	true	false	false	NO_PERSONAL_DATA	PUBLIC_DERIVED_ONLY	true
document.firstbloom.release_4203	github.firstbloom-data.a6cb0026	family.baseline.firstbloom-industry	a6cb0026d1af9642724793c799bbc48dc189ba35	2020-04-14	product_release_id=4203	en	TASTING_NOTE	530e1c6ab7bcd4609b39761e95b110361baced85b239d4c2a23c4f298e1a44c7	"{""external_release_key"":""4203"",""product_id"":""3890"",""raw_field_sha256"":""530e1c6ab7bcd4609b39761e95b110361baced85b239d4c2a23c4f298e1a44c7"",""retention"":""dual-reviewed-short-phrases-only""}"	false	false	false	true	false	false	NO_PERSONAL_DATA	PUBLIC_DERIVED_ONLY	true
document.firstbloom.release_4205	github.firstbloom-data.a6cb0026	family.baseline.firstbloom-industry	a6cb0026d1af9642724793c799bbc48dc189ba35	2020-04-14	product_release_id=4205	en	TASTING_NOTE	4ababe9b315da0add37b8f293a4b4f0b8aba88b90675052f255ea5b8dadd59e7	"{""external_release_key"":""4205"",""product_id"":""3892"",""raw_field_sha256"":""4ababe9b315da0add37b8f293a4b4f0b8aba88b90675052f255ea5b8dadd59e7"",""retention"":""dual-reviewed-short-phrases-only""}"	false	false	false	true	false	false	NO_PERSONAL_DATA	PUBLIC_DERIVED_ONLY	true
document.firstbloom.release_4209	github.firstbloom-data.a6cb0026	family.baseline.firstbloom-industry	a6cb0026d1af9642724793c799bbc48dc189ba35	2020-04-15	product_release_id=4209	en	TASTING_NOTE	f7c65babdd61f850bcc32898d86e2678acebe186e4a74b6b27d79c060b459ea2	"{""external_release_key"":""4209"",""product_id"":""3896"",""raw_field_sha256"":""f7c65babdd61f850bcc32898d86e2678acebe186e4a74b6b27d79c060b459ea2"",""retention"":""dual-reviewed-short-phrases-only""}"	false	false	false	true	false	false	NO_PERSONAL_DATA	PUBLIC_DERIVED_ONLY	true
document.firstbloom.release_4211	github.firstbloom-data.a6cb0026	family.baseline.firstbloom-industry	a6cb0026d1af9642724793c799bbc48dc189ba35	2020-04-15	product_release_id=4211	en	TASTING_NOTE	587d54902de316be330efaf1f1a3228bf6f215501d0f6410e618817055784a7f	"{""external_release_key"":""4211"",""product_id"":""3898"",""raw_field_sha256"":""587d54902de316be330efaf1f1a3228bf6f215501d0f6410e618817055784a7f"",""retention"":""dual-reviewed-short-phrases-only""}"	false	false	false	true	false	false	NO_PERSONAL_DATA	PUBLIC_DERIVED_ONLY	true
document.firstbloom.release_4212	github.firstbloom-data.a6cb0026	family.baseline.firstbloom-industry	a6cb0026d1af9642724793c799bbc48dc189ba35	2020-04-15	product_release_id=4212	en	TASTING_NOTE	316e5a4c490cd74fa3ce2d22e0bc928a29428c3596a4383524314d7baf03285e	"{""external_release_key"":""4212"",""product_id"":""1920"",""raw_field_sha256"":""316e5a4c490cd74fa3ce2d22e0bc928a29428c3596a4383524314d7baf03285e"",""retention"":""dual-reviewed-short-phrases-only""}"	false	false	false	true	false	false	NO_PERSONAL_DATA	PUBLIC_DERIVED_ONLY	true
document.firstbloom.release_4216	github.firstbloom-data.a6cb0026	family.baseline.firstbloom-industry	a6cb0026d1af9642724793c799bbc48dc189ba35	2020-04-15	product_release_id=4216	en	TASTING_NOTE	f82dbd932cb4dea45b45e032cd439319d130124d94f46fd5459080fcdb9477f0	"{""external_release_key"":""4216"",""product_id"":""3901"",""raw_field_sha256"":""f82dbd932cb4dea45b45e032cd439319d130124d94f46fd5459080fcdb9477f0"",""retention"":""dual-reviewed-short-phrases-only""}"	false	false	false	true	false	false	NO_PERSONAL_DATA	PUBLIC_DERIVED_ONLY	true
document.firstbloom.release_4217	github.firstbloom-data.a6cb0026	family.baseline.firstbloom-industry	a6cb0026d1af9642724793c799bbc48dc189ba35	2020-04-15	product_release_id=4217	en	TASTING_NOTE	5151f68df84056a31931aa9c365ff1921efbe64b69272732525acd619d3727d4	"{""external_release_key"":""4217"",""product_id"":""3902"",""raw_field_sha256"":""5151f68df84056a31931aa9c365ff1921efbe64b69272732525acd619d3727d4"",""retention"":""dual-reviewed-short-phrases-only""}"	false	false	false	true	false	false	NO_PERSONAL_DATA	PUBLIC_DERIVED_ONLY	true
document.firstbloom.release_4219	github.firstbloom-data.a6cb0026	family.baseline.firstbloom-industry	a6cb0026d1af9642724793c799bbc48dc189ba35	2020-04-15	product_release_id=4219	en	TASTING_NOTE	d8eafb868b0ab562989221d241a326f9f6cea5c3ea8857c715c88eda740df0f7	"{""external_release_key"":""4219"",""product_id"":""3904"",""raw_field_sha256"":""d8eafb868b0ab562989221d241a326f9f6cea5c3ea8857c715c88eda740df0f7"",""retention"":""dual-reviewed-short-phrases-only""}"	false	false	false	true	false	false	NO_PERSONAL_DATA	PUBLIC_DERIVED_ONLY	true
document.firstbloom.release_4220	github.firstbloom-data.a6cb0026	family.baseline.firstbloom-industry	a6cb0026d1af9642724793c799bbc48dc189ba35	2020-04-15	product_release_id=4220	en	TASTING_NOTE	535a0e3dc345b1ff3f2dd2fa97fcc95717fe322bf05a32f77118dc5d7446f7ad	"{""external_release_key"":""4220"",""product_id"":""3905"",""raw_field_sha256"":""535a0e3dc345b1ff3f2dd2fa97fcc95717fe322bf05a32f77118dc5d7446f7ad"",""retention"":""dual-reviewed-short-phrases-only""}"	false	false	false	true	false	false	NO_PERSONAL_DATA	PUBLIC_DERIVED_ONLY	true
document.firstbloom.release_4222	github.firstbloom-data.a6cb0026	family.baseline.firstbloom-industry	a6cb0026d1af9642724793c799bbc48dc189ba35	2020-04-15	product_release_id=4222	en	TASTING_NOTE	2e7550a51744a1e759f79296ebb153e30f36759e88ae797d5c97d12a38411b3e	"{""external_release_key"":""4222"",""product_id"":""3907"",""raw_field_sha256"":""2e7550a51744a1e759f79296ebb153e30f36759e88ae797d5c97d12a38411b3e"",""retention"":""dual-reviewed-short-phrases-only""}"	false	false	false	true	false	false	NO_PERSONAL_DATA	PUBLIC_DERIVED_ONLY	true
document.firstbloom.release_4252	github.firstbloom-data.a6cb0026	family.baseline.firstbloom-industry	a6cb0026d1af9642724793c799bbc48dc189ba35	2020-04-21	product_release_id=4252	en	TASTING_NOTE	76b2708a71a07631c4b43480146d975b3e92d2bb6f84aeef0e48beca2d962093	"{""external_release_key"":""4252"",""product_id"":""3932"",""raw_field_sha256"":""76b2708a71a07631c4b43480146d975b3e92d2bb6f84aeef0e48beca2d962093"",""retention"":""dual-reviewed-short-phrases-only""}"	false	false	false	true	false	false	NO_PERSONAL_DATA	PUBLIC_DERIVED_ONLY	true
document.firstbloom.release_4254	github.firstbloom-data.a6cb0026	family.baseline.firstbloom-industry	a6cb0026d1af9642724793c799bbc48dc189ba35	2020-04-21	product_release_id=4254	en	TASTING_NOTE	a8293f7337f0b414b5120d17374b4a4064daad8899951e6bdf3dec1ec5a957dc	"{""external_release_key"":""4254"",""product_id"":""3934"",""raw_field_sha256"":""a8293f7337f0b414b5120d17374b4a4064daad8899951e6bdf3dec1ec5a957dc"",""retention"":""dual-reviewed-short-phrases-only""}"	false	false	false	true	false	false	NO_PERSONAL_DATA	PUBLIC_DERIVED_ONLY	true
document.firstbloom.release_4258	github.firstbloom-data.a6cb0026	family.baseline.firstbloom-industry	a6cb0026d1af9642724793c799bbc48dc189ba35	2020-04-21	product_release_id=4258	en	TASTING_NOTE	33aa9379a197cc56f6ee9d2563d8601c2adc7c318cb3821a34a3e66758546ef2	"{""external_release_key"":""4258"",""product_id"":""3937"",""raw_field_sha256"":""33aa9379a197cc56f6ee9d2563d8601c2adc7c318cb3821a34a3e66758546ef2"",""retention"":""dual-reviewed-short-phrases-only""}"	false	false	false	true	false	false	NO_PERSONAL_DATA	PUBLIC_DERIVED_ONLY	true
document.firstbloom.release_4263	github.firstbloom-data.a6cb0026	family.baseline.firstbloom-industry	a6cb0026d1af9642724793c799bbc48dc189ba35	2020-04-22	product_release_id=4263	en	TASTING_NOTE	b89790a685399fe4721199281f5d2877a5139f2db3debeea2762c6f8c3cda9af	"{""external_release_key"":""4263"",""product_id"":""3940"",""raw_field_sha256"":""b89790a685399fe4721199281f5d2877a5139f2db3debeea2762c6f8c3cda9af"",""retention"":""dual-reviewed-short-phrases-only""}"	false	false	false	true	false	false	NO_PERSONAL_DATA	PUBLIC_DERIVED_ONLY	true
document.firstbloom.release_4265	github.firstbloom-data.a6cb0026	family.baseline.firstbloom-industry	a6cb0026d1af9642724793c799bbc48dc189ba35	2020-04-22	product_release_id=4265	en	TASTING_NOTE	c24d6940c6f75d0817ffc7def07f273f6b8e693fe2464632725222b36f09de76	"{""external_release_key"":""4265"",""product_id"":""3943"",""raw_field_sha256"":""c24d6940c6f75d0817ffc7def07f273f6b8e693fe2464632725222b36f09de76"",""retention"":""dual-reviewed-short-phrases-only""}"	false	false	false	true	false	false	NO_PERSONAL_DATA	PUBLIC_DERIVED_ONLY	true
document.firstbloom.release_4269	github.firstbloom-data.a6cb0026	family.baseline.firstbloom-industry	a6cb0026d1af9642724793c799bbc48dc189ba35	2020-04-22	product_release_id=4269	en	TASTING_NOTE	1816f4f5850bf30bd85d01c84cb5811bc6584217075184886f9680a703a154c3	"{""external_release_key"":""4269"",""product_id"":""1618"",""raw_field_sha256"":""1816f4f5850bf30bd85d01c84cb5811bc6584217075184886f9680a703a154c3"",""retention"":""dual-reviewed-short-phrases-only""}"	false	false	false	true	false	false	NO_PERSONAL_DATA	PUBLIC_DERIVED_ONLY	true
document.firstbloom.release_4270	github.firstbloom-data.a6cb0026	family.baseline.firstbloom-industry	a6cb0026d1af9642724793c799bbc48dc189ba35	2020-04-22	product_release_id=4270	en	TASTING_NOTE	bedfee9ba9c914bffbe3ffece645c07c240c688f447196968980165226044e4b	"{""external_release_key"":""4270"",""product_id"":""3944"",""raw_field_sha256"":""bedfee9ba9c914bffbe3ffece645c07c240c688f447196968980165226044e4b"",""retention"":""dual-reviewed-short-phrases-only""}"	false	false	false	true	false	false	NO_PERSONAL_DATA	PUBLIC_DERIVED_ONLY	true
document.firstbloom.release_4272	github.firstbloom-data.a6cb0026	family.baseline.firstbloom-industry	a6cb0026d1af9642724793c799bbc48dc189ba35	2020-04-22	product_release_id=4272	en	TASTING_NOTE	900cf45068e8e528f15c3b8ca9872ecfce56203267c1d6f2e4cf1b4def81a2b3	"{""external_release_key"":""4272"",""product_id"":""772"",""raw_field_sha256"":""900cf45068e8e528f15c3b8ca9872ecfce56203267c1d6f2e4cf1b4def81a2b3"",""retention"":""dual-reviewed-short-phrases-only""}"	false	false	false	true	false	false	NO_PERSONAL_DATA	PUBLIC_DERIVED_ONLY	true
document.firstbloom.release_4275	github.firstbloom-data.a6cb0026	family.baseline.firstbloom-industry	a6cb0026d1af9642724793c799bbc48dc189ba35	2020-04-22	product_release_id=4275	en	TASTING_NOTE	fb5b8a50ae4eb8dc4325cbb2a58e27b7e203f19340df9d639b04194dee821143	"{""external_release_key"":""4275"",""product_id"":""302"",""raw_field_sha256"":""fb5b8a50ae4eb8dc4325cbb2a58e27b7e203f19340df9d639b04194dee821143"",""retention"":""dual-reviewed-short-phrases-only""}"	false	false	false	true	false	false	NO_PERSONAL_DATA	PUBLIC_DERIVED_ONLY	true
document.firstbloom.release_4279	github.firstbloom-data.a6cb0026	family.baseline.firstbloom-industry	a6cb0026d1af9642724793c799bbc48dc189ba35	2020-04-29	product_release_id=4279	en	TASTING_NOTE	2a1bb40d57e4f76896c791dc681fd4cc7d9807a7a58a091615368f77771b23ff	"{""external_release_key"":""4279"",""product_id"":""3950"",""raw_field_sha256"":""2a1bb40d57e4f76896c791dc681fd4cc7d9807a7a58a091615368f77771b23ff"",""retention"":""dual-reviewed-short-phrases-only""}"	false	false	false	true	false	false	NO_PERSONAL_DATA	PUBLIC_DERIVED_ONLY	true
document.firstbloom.release_428	github.firstbloom-data.a6cb0026	family.baseline.firstbloom-industry	a6cb0026d1af9642724793c799bbc48dc189ba35	2018-10-07	product_release_id=428	en	TASTING_NOTE	69b1eafbce88047b0a6c00cae36517dacb86f8aba4e40ab91ced9555493ba53e	"{""external_release_key"":""428"",""product_id"":""426"",""raw_field_sha256"":""69b1eafbce88047b0a6c00cae36517dacb86f8aba4e40ab91ced9555493ba53e"",""retention"":""dual-reviewed-short-phrases-only""}"	false	false	false	true	false	false	NO_PERSONAL_DATA	PUBLIC_DERIVED_ONLY	true
document.firstbloom.release_4290	github.firstbloom-data.a6cb0026	family.baseline.firstbloom-industry	a6cb0026d1af9642724793c799bbc48dc189ba35	2020-04-29	product_release_id=4290	en	TASTING_NOTE	5a59cc89f5a20d40381daa8cffd9400d7fff70cbe6c84277cb6bf0b12bdfcd25	"{""external_release_key"":""4290"",""product_id"":""3961"",""raw_field_sha256"":""5a59cc89f5a20d40381daa8cffd9400d7fff70cbe6c84277cb6bf0b12bdfcd25"",""retention"":""dual-reviewed-short-phrases-only""}"	false	false	false	true	false	false	NO_PERSONAL_DATA	PUBLIC_DERIVED_ONLY	true
document.firstbloom.release_4295	github.firstbloom-data.a6cb0026	family.baseline.firstbloom-industry	a6cb0026d1af9642724793c799bbc48dc189ba35	2020-04-29	product_release_id=4295	en	TASTING_NOTE	7bdadec2e55f703761937598a644695a65afabb8408cb5c41b81e796c173d989	"{""external_release_key"":""4295"",""product_id"":""3966"",""raw_field_sha256"":""7bdadec2e55f703761937598a644695a65afabb8408cb5c41b81e796c173d989"",""retention"":""dual-reviewed-short-phrases-only""}"	false	false	false	true	false	false	NO_PERSONAL_DATA	PUBLIC_DERIVED_ONLY	true
document.firstbloom.release_430	github.firstbloom-data.a6cb0026	family.baseline.firstbloom-industry	a6cb0026d1af9642724793c799bbc48dc189ba35	2018-10-07	product_release_id=430	en	TASTING_NOTE	6d5d28db8af240b688e0ca32ccef0450f5bafbedcf07e753596172e9b6181677	"{""external_release_key"":""430"",""product_id"":""428"",""raw_field_sha256"":""6d5d28db8af240b688e0ca32ccef0450f5bafbedcf07e753596172e9b6181677"",""retention"":""dual-reviewed-short-phrases-only""}"	false	false	false	true	false	false	NO_PERSONAL_DATA	PUBLIC_DERIVED_ONLY	true
document.firstbloom.release_434	github.firstbloom-data.a6cb0026	family.baseline.firstbloom-industry	a6cb0026d1af9642724793c799bbc48dc189ba35	2018-10-07	product_release_id=434	en	TASTING_NOTE	9bc7ac73574e4d1b2b8c13f779af05167f35b5bd8222a43d73f2e9767fe72114	"{""external_release_key"":""434"",""product_id"":""432"",""raw_field_sha256"":""9bc7ac73574e4d1b2b8c13f779af05167f35b5bd8222a43d73f2e9767fe72114"",""retention"":""dual-reviewed-short-phrases-only""}"	false	false	false	true	false	false	NO_PERSONAL_DATA	PUBLIC_DERIVED_ONLY	true
document.firstbloom.release_4343	github.firstbloom-data.a6cb0026	family.baseline.firstbloom-industry	a6cb0026d1af9642724793c799bbc48dc189ba35	2020-05-03	product_release_id=4343	en	TASTING_NOTE	6fe29988ab929b302fd9f2d1ce620aa5d0266d7a253fffcf78271e4c0acf8275	"{""external_release_key"":""4343"",""product_id"":""2671"",""raw_field_sha256"":""6fe29988ab929b302fd9f2d1ce620aa5d0266d7a253fffcf78271e4c0acf8275"",""retention"":""dual-reviewed-short-phrases-only""}"	false	false	false	true	false	false	NO_PERSONAL_DATA	PUBLIC_DERIVED_ONLY	true
document.firstbloom.release_4380	github.firstbloom-data.a6cb0026	family.baseline.firstbloom-industry	a6cb0026d1af9642724793c799bbc48dc189ba35	2020-05-11	product_release_id=4380	en	TASTING_NOTE	07d1b1dc7c6199427187311c088c60e6f10fd4473ce59a353ce77e925723415c	"{""external_release_key"":""4380"",""product_id"":""4043"",""raw_field_sha256"":""07d1b1dc7c6199427187311c088c60e6f10fd4473ce59a353ce77e925723415c"",""retention"":""dual-reviewed-short-phrases-only""}"	false	false	false	true	false	false	NO_PERSONAL_DATA	PUBLIC_DERIVED_ONLY	true
document.firstbloom.release_4384	github.firstbloom-data.a6cb0026	family.baseline.firstbloom-industry	a6cb0026d1af9642724793c799bbc48dc189ba35	2020-05-11	product_release_id=4384	en	TASTING_NOTE	eccdc5d1b7d3339103362b347b8a665d6f27def79a8b1bc6e9009dac24f4e018	"{""external_release_key"":""4384"",""product_id"":""187"",""raw_field_sha256"":""eccdc5d1b7d3339103362b347b8a665d6f27def79a8b1bc6e9009dac24f4e018"",""retention"":""dual-reviewed-short-phrases-only""}"	false	false	false	true	false	false	NO_PERSONAL_DATA	PUBLIC_DERIVED_ONLY	true
document.firstbloom.release_439	github.firstbloom-data.a6cb0026	family.baseline.firstbloom-industry	a6cb0026d1af9642724793c799bbc48dc189ba35	2018-10-07	product_release_id=439	en	TASTING_NOTE	3243b2abfd458c5f5b74ed917cebe81ba95ce21f3b0a7b4ebcec7e833d1ab5b0	"{""external_release_key"":""439"",""product_id"":""437"",""raw_field_sha256"":""3243b2abfd458c5f5b74ed917cebe81ba95ce21f3b0a7b4ebcec7e833d1ab5b0"",""retention"":""dual-reviewed-short-phrases-only""}"	false	false	false	true	false	false	NO_PERSONAL_DATA	PUBLIC_DERIVED_ONLY	true
document.firstbloom.release_440	github.firstbloom-data.a6cb0026	family.baseline.firstbloom-industry	a6cb0026d1af9642724793c799bbc48dc189ba35	2018-10-07	product_release_id=440	en	TASTING_NOTE	51a92d4c785cdde099d7e155bfc51a25b3abaa8527ae14217753a3f364217ff1	"{""external_release_key"":""440"",""product_id"":""438"",""raw_field_sha256"":""51a92d4c785cdde099d7e155bfc51a25b3abaa8527ae14217753a3f364217ff1"",""retention"":""dual-reviewed-short-phrases-only""}"	false	false	false	true	false	false	NO_PERSONAL_DATA	PUBLIC_DERIVED_ONLY	true
document.firstbloom.release_4409	github.firstbloom-data.a6cb0026	family.baseline.firstbloom-industry	a6cb0026d1af9642724793c799bbc48dc189ba35	2020-05-13	product_release_id=4409	en	TASTING_NOTE	d238a52546107851168b74121eff23d9cf24bf264526e517975cf011fe4a1bd6	"{""external_release_key"":""4409"",""product_id"":""4067"",""raw_field_sha256"":""d238a52546107851168b74121eff23d9cf24bf264526e517975cf011fe4a1bd6"",""retention"":""dual-reviewed-short-phrases-only""}"	false	false	false	true	false	false	NO_PERSONAL_DATA	PUBLIC_DERIVED_ONLY	true
document.firstbloom.release_4422	github.firstbloom-data.a6cb0026	family.baseline.firstbloom-industry	a6cb0026d1af9642724793c799bbc48dc189ba35	2020-05-14	product_release_id=4422	en	TASTING_NOTE	daeac265e17e2cde756e175db80ad58805ac9bf9b5696dab97d29f8342ed10d2	"{""external_release_key"":""4422"",""product_id"":""88"",""raw_field_sha256"":""daeac265e17e2cde756e175db80ad58805ac9bf9b5696dab97d29f8342ed10d2"",""retention"":""dual-reviewed-short-phrases-only""}"	false	false	false	true	false	false	NO_PERSONAL_DATA	PUBLIC_DERIVED_ONLY	true
document.firstbloom.release_4424	github.firstbloom-data.a6cb0026	family.baseline.firstbloom-industry	a6cb0026d1af9642724793c799bbc48dc189ba35	2020-05-14	product_release_id=4424	en	TASTING_NOTE	d6ec0b94c2c4ccfe2b170f1f64c354564585802342734f388361d113286e481c	"{""external_release_key"":""4424"",""product_id"":""4080"",""raw_field_sha256"":""d6ec0b94c2c4ccfe2b170f1f64c354564585802342734f388361d113286e481c"",""retention"":""dual-reviewed-short-phrases-only""}"	false	false	false	true	false	false	NO_PERSONAL_DATA	PUBLIC_DERIVED_ONLY	true
document.firstbloom.release_443	github.firstbloom-data.a6cb0026	family.baseline.firstbloom-industry	a6cb0026d1af9642724793c799bbc48dc189ba35	2018-10-07	product_release_id=443	en	TASTING_NOTE	b035e529bb8451fd666885d50f9520d34a529076288989adb53c902a97eb14ae	"{""external_release_key"":""443"",""product_id"":""441"",""raw_field_sha256"":""b035e529bb8451fd666885d50f9520d34a529076288989adb53c902a97eb14ae"",""retention"":""dual-reviewed-short-phrases-only""}"	false	false	false	true	false	false	NO_PERSONAL_DATA	PUBLIC_DERIVED_ONLY	true
document.firstbloom.release_4451	github.firstbloom-data.a6cb0026	family.baseline.firstbloom-industry	a6cb0026d1af9642724793c799bbc48dc189ba35	2020-05-19	product_release_id=4451	en	TASTING_NOTE	22efdecde617db0b3909714de94465e7b28da4f9a064777389163336d74b2c1d	"{""external_release_key"":""4451"",""product_id"":""1267"",""raw_field_sha256"":""22efdecde617db0b3909714de94465e7b28da4f9a064777389163336d74b2c1d"",""retention"":""dual-reviewed-short-phrases-only""}"	false	false	false	true	false	false	NO_PERSONAL_DATA	PUBLIC_DERIVED_ONLY	true
document.firstbloom.release_4467	github.firstbloom-data.a6cb0026	family.baseline.firstbloom-industry	a6cb0026d1af9642724793c799bbc48dc189ba35	2020-05-20	product_release_id=4467	en	TASTING_NOTE	3361e2ab4c5a7bfd91221241438411d25ca8016fe94c528bd8a0221338b4ab0c	"{""external_release_key"":""4467"",""product_id"":""4118"",""raw_field_sha256"":""3361e2ab4c5a7bfd91221241438411d25ca8016fe94c528bd8a0221338b4ab0c"",""retention"":""dual-reviewed-short-phrases-only""}"	false	false	false	true	false	false	NO_PERSONAL_DATA	PUBLIC_DERIVED_ONLY	true
document.firstbloom.release_4471	github.firstbloom-data.a6cb0026	family.baseline.firstbloom-industry	a6cb0026d1af9642724793c799bbc48dc189ba35	2020-05-25	product_release_id=4471	en	TASTING_NOTE	4db07a16073ce815f2b7652ea4efba54898f8ebd8f78e10b62bd6bd89e9300b0	"{""external_release_key"":""4471"",""product_id"":""2488"",""raw_field_sha256"":""4db07a16073ce815f2b7652ea4efba54898f8ebd8f78e10b62bd6bd89e9300b0"",""retention"":""dual-reviewed-short-phrases-only""}"	false	false	false	true	false	false	NO_PERSONAL_DATA	PUBLIC_DERIVED_ONLY	true
document.firstbloom.release_4474	github.firstbloom-data.a6cb0026	family.baseline.firstbloom-industry	a6cb0026d1af9642724793c799bbc48dc189ba35	2020-05-25	product_release_id=4474	en	TASTING_NOTE	e72e0ffb55854a7d5430d0cec88d4405f00b2d695150c71992f96a5b6d82d56a	"{""external_release_key"":""4474"",""product_id"":""431"",""raw_field_sha256"":""e72e0ffb55854a7d5430d0cec88d4405f00b2d695150c71992f96a5b6d82d56a"",""retention"":""dual-reviewed-short-phrases-only""}"	false	false	false	true	false	false	NO_PERSONAL_DATA	PUBLIC_DERIVED_ONLY	true
document.firstbloom.release_448	github.firstbloom-data.a6cb0026	family.baseline.firstbloom-industry	a6cb0026d1af9642724793c799bbc48dc189ba35	2018-10-07	product_release_id=448	en	TASTING_NOTE	c22fb7afb1a2514b1f0fadd642ceeb788af52c3056688a17b9dee03cf8bca606	"{""external_release_key"":""448"",""product_id"":""446"",""raw_field_sha256"":""c22fb7afb1a2514b1f0fadd642ceeb788af52c3056688a17b9dee03cf8bca606"",""retention"":""dual-reviewed-short-phrases-only""}"	false	false	false	true	false	false	NO_PERSONAL_DATA	PUBLIC_DERIVED_ONLY	true
document.firstbloom.release_4480	github.firstbloom-data.a6cb0026	family.baseline.firstbloom-industry	a6cb0026d1af9642724793c799bbc48dc189ba35	2020-05-25	product_release_id=4480	en	TASTING_NOTE	7db7c7044b4a08343ddd765a41dd4cfdf379da732b8bc030b69b7fab0f106288	"{""external_release_key"":""4480"",""product_id"":""1289"",""raw_field_sha256"":""7db7c7044b4a08343ddd765a41dd4cfdf379da732b8bc030b69b7fab0f106288"",""retention"":""dual-reviewed-short-phrases-only""}"	false	false	false	true	false	false	NO_PERSONAL_DATA	PUBLIC_DERIVED_ONLY	true
document.firstbloom.release_4481	github.firstbloom-data.a6cb0026	family.baseline.firstbloom-industry	a6cb0026d1af9642724793c799bbc48dc189ba35	2020-05-25	product_release_id=4481	en	TASTING_NOTE	3bafc2377c507dc297727e3a1c6241a5f0be714b2090b941f8f430026fa3a861	"{""external_release_key"":""4481"",""product_id"":""4125"",""raw_field_sha256"":""3bafc2377c507dc297727e3a1c6241a5f0be714b2090b941f8f430026fa3a861"",""retention"":""dual-reviewed-short-phrases-only""}"	false	false	false	true	false	false	NO_PERSONAL_DATA	PUBLIC_DERIVED_ONLY	true
document.firstbloom.release_4483	github.firstbloom-data.a6cb0026	family.baseline.firstbloom-industry	a6cb0026d1af9642724793c799bbc48dc189ba35	2020-05-25	product_release_id=4483	en	TASTING_NOTE	a9ad9e306233fcc3858f3cfd0a70017ec5293f2999c03c0492652a4ec312759e	"{""external_release_key"":""4483"",""product_id"":""4127"",""raw_field_sha256"":""a9ad9e306233fcc3858f3cfd0a70017ec5293f2999c03c0492652a4ec312759e"",""retention"":""dual-reviewed-short-phrases-only""}"	false	false	false	true	false	false	NO_PERSONAL_DATA	PUBLIC_DERIVED_ONLY	true
document.firstbloom.release_4500	github.firstbloom-data.a6cb0026	family.baseline.firstbloom-industry	a6cb0026d1af9642724793c799bbc48dc189ba35	2020-05-26	product_release_id=4500	en	TASTING_NOTE	c3773de43860c71b13da5afa2e6746ac14c0090a470cb2f7ad20afff8682a8e4	"{""external_release_key"":""4500"",""product_id"":""4144"",""raw_field_sha256"":""c3773de43860c71b13da5afa2e6746ac14c0090a470cb2f7ad20afff8682a8e4"",""retention"":""dual-reviewed-short-phrases-only""}"	false	false	false	true	false	false	NO_PERSONAL_DATA	PUBLIC_DERIVED_ONLY	true
document.firstbloom.release_4507	github.firstbloom-data.a6cb0026	family.baseline.firstbloom-industry	a6cb0026d1af9642724793c799bbc48dc189ba35	2020-05-26	product_release_id=4507	en	TASTING_NOTE	0ae69aa05b35131480e7bf8de342f65b641cba3ea3159a03fd74a916983ecb6b	"{""external_release_key"":""4507"",""product_id"":""4147"",""raw_field_sha256"":""0ae69aa05b35131480e7bf8de342f65b641cba3ea3159a03fd74a916983ecb6b"",""retention"":""dual-reviewed-short-phrases-only""}"	false	false	false	true	false	false	NO_PERSONAL_DATA	PUBLIC_DERIVED_ONLY	true
document.firstbloom.release_452	github.firstbloom-data.a6cb0026	family.baseline.firstbloom-industry	a6cb0026d1af9642724793c799bbc48dc189ba35	2018-10-07	product_release_id=452	en	TASTING_NOTE	d4f65ae86fdcab57065490e92ead7f0fb6f4f05f6f9cb067f0f85ff8345bbe07	"{""external_release_key"":""452"",""product_id"":""450"",""raw_field_sha256"":""d4f65ae86fdcab57065490e92ead7f0fb6f4f05f6f9cb067f0f85ff8345bbe07"",""retention"":""dual-reviewed-short-phrases-only""}"	false	false	false	true	false	false	NO_PERSONAL_DATA	PUBLIC_DERIVED_ONLY	true
document.firstbloom.release_4522	github.firstbloom-data.a6cb0026	family.baseline.firstbloom-industry	a6cb0026d1af9642724793c799bbc48dc189ba35	2020-05-26	product_release_id=4522	en	TASTING_NOTE	f010dbe50ee7f0a823cb08b221b874f1ca1a6767fc777e81ab9659f12fe4c950	"{""external_release_key"":""4522"",""product_id"":""1799"",""raw_field_sha256"":""f010dbe50ee7f0a823cb08b221b874f1ca1a6767fc777e81ab9659f12fe4c950"",""retention"":""dual-reviewed-short-phrases-only""}"	false	false	false	true	false	false	NO_PERSONAL_DATA	PUBLIC_DERIVED_ONLY	true
document.firstbloom.release_4524	github.firstbloom-data.a6cb0026	family.baseline.firstbloom-industry	a6cb0026d1af9642724793c799bbc48dc189ba35	2020-05-26	product_release_id=4524	en	TASTING_NOTE	c8f692ef0e0f1cc928eaa50fa3d301cbbab7c96f02f9c0e1ac5a8a3156677831	"{""external_release_key"":""4524"",""product_id"":""4159"",""raw_field_sha256"":""c8f692ef0e0f1cc928eaa50fa3d301cbbab7c96f02f9c0e1ac5a8a3156677831"",""retention"":""dual-reviewed-short-phrases-only""}"	false	false	false	true	false	false	NO_PERSONAL_DATA	PUBLIC_DERIVED_ONLY	true
document.firstbloom.release_4525	github.firstbloom-data.a6cb0026	family.baseline.firstbloom-industry	a6cb0026d1af9642724793c799bbc48dc189ba35	2020-05-26	product_release_id=4525	en	TASTING_NOTE	515400d0d60197c3ec24cd414255e4794697a994292ad8e4f8dfe0b3b0de6018	"{""external_release_key"":""4525"",""product_id"":""4160"",""raw_field_sha256"":""515400d0d60197c3ec24cd414255e4794697a994292ad8e4f8dfe0b3b0de6018"",""retention"":""dual-reviewed-short-phrases-only""}"	false	false	false	true	false	false	NO_PERSONAL_DATA	PUBLIC_DERIVED_ONLY	true
document.firstbloom.release_4526	github.firstbloom-data.a6cb0026	family.baseline.firstbloom-industry	a6cb0026d1af9642724793c799bbc48dc189ba35	2020-05-26	product_release_id=4526	en	TASTING_NOTE	320fbcfe86a73bbeb5fa8e44c961e292a3cc2f7b6be42540e987cb518d754869	"{""external_release_key"":""4526"",""product_id"":""4161"",""raw_field_sha256"":""320fbcfe86a73bbeb5fa8e44c961e292a3cc2f7b6be42540e987cb518d754869"",""retention"":""dual-reviewed-short-phrases-only""}"	false	false	false	true	false	false	NO_PERSONAL_DATA	PUBLIC_DERIVED_ONLY	true
document.firstbloom.release_4527	github.firstbloom-data.a6cb0026	family.baseline.firstbloom-industry	a6cb0026d1af9642724793c799bbc48dc189ba35	2020-05-26	product_release_id=4527	en	TASTING_NOTE	d35bfd017a1f499150044b83c9b9bbfb7e74f02f4434747a73759aa8dbd2c72e	"{""external_release_key"":""4527"",""product_id"":""4166"",""raw_field_sha256"":""d35bfd017a1f499150044b83c9b9bbfb7e74f02f4434747a73759aa8dbd2c72e"",""retention"":""dual-reviewed-short-phrases-only""}"	false	false	false	true	false	false	NO_PERSONAL_DATA	PUBLIC_DERIVED_ONLY	true
document.firstbloom.release_454	github.firstbloom-data.a6cb0026	family.baseline.firstbloom-industry	a6cb0026d1af9642724793c799bbc48dc189ba35	2018-10-07	product_release_id=454	en	TASTING_NOTE	47f6934318a88d936f3d5aefa645ef815b76abd8b0449b7870ebfedf486be141	"{""external_release_key"":""454"",""product_id"":""287"",""raw_field_sha256"":""47f6934318a88d936f3d5aefa645ef815b76abd8b0449b7870ebfedf486be141"",""retention"":""dual-reviewed-short-phrases-only""}"	false	false	false	true	false	false	NO_PERSONAL_DATA	PUBLIC_DERIVED_ONLY	true
document.firstbloom.release_4575	github.firstbloom-data.a6cb0026	family.baseline.firstbloom-industry	a6cb0026d1af9642724793c799bbc48dc189ba35	2020-05-31	product_release_id=4575	en	TASTING_NOTE	cd204d1603c5d639e4bb5776b48c9333d131fb7ef00d05a607c8f19faca9ceb3	"{""external_release_key"":""4575"",""product_id"":""4205"",""raw_field_sha256"":""cd204d1603c5d639e4bb5776b48c9333d131fb7ef00d05a607c8f19faca9ceb3"",""retention"":""dual-reviewed-short-phrases-only""}"	false	false	false	true	false	false	NO_PERSONAL_DATA	PUBLIC_DERIVED_ONLY	true
document.firstbloom.release_458	github.firstbloom-data.a6cb0026	family.baseline.firstbloom-industry	a6cb0026d1af9642724793c799bbc48dc189ba35	2018-10-07	product_release_id=458	en	TASTING_NOTE	18890d92da12d3bf44e737be5933753846442d8e9fb160abf5a11102cfb9e2a3	"{""external_release_key"":""458"",""product_id"":""455"",""raw_field_sha256"":""18890d92da12d3bf44e737be5933753846442d8e9fb160abf5a11102cfb9e2a3"",""retention"":""dual-reviewed-short-phrases-only""}"	false	false	false	true	false	false	NO_PERSONAL_DATA	PUBLIC_DERIVED_ONLY	true
document.firstbloom.release_4583	github.firstbloom-data.a6cb0026	family.baseline.firstbloom-industry	a6cb0026d1af9642724793c799bbc48dc189ba35	2020-05-31	product_release_id=4583	en	TASTING_NOTE	721cc3f5eaddcc78af639b3e131224a8344ce7f5665adb88817442c4f40d734c	"{""external_release_key"":""4583"",""product_id"":""4210"",""raw_field_sha256"":""721cc3f5eaddcc78af639b3e131224a8344ce7f5665adb88817442c4f40d734c"",""retention"":""dual-reviewed-short-phrases-only""}"	false	false	false	true	false	false	NO_PERSONAL_DATA	PUBLIC_DERIVED_ONLY	true
document.firstbloom.release_4605	github.firstbloom-data.a6cb0026	family.baseline.firstbloom-industry	a6cb0026d1af9642724793c799bbc48dc189ba35	2020-06-06	product_release_id=4605	en	TASTING_NOTE	debab76be8ab590b95a07771fa5fa073d98317bc33cbb8f1b98460926fd10a1e	"{""external_release_key"":""4605"",""product_id"":""4227"",""raw_field_sha256"":""debab76be8ab590b95a07771fa5fa073d98317bc33cbb8f1b98460926fd10a1e"",""retention"":""dual-reviewed-short-phrases-only""}"	false	false	false	true	false	false	NO_PERSONAL_DATA	PUBLIC_DERIVED_ONLY	true
document.firstbloom.release_4606	github.firstbloom-data.a6cb0026	family.baseline.firstbloom-industry	a6cb0026d1af9642724793c799bbc48dc189ba35	2020-06-06	product_release_id=4606	en	TASTING_NOTE	4bb859c45c4e0bf7f84f50b8ca844d9e4f470b872ed63a3342d432180834ff92	"{""external_release_key"":""4606"",""product_id"":""4228"",""raw_field_sha256"":""4bb859c45c4e0bf7f84f50b8ca844d9e4f470b872ed63a3342d432180834ff92"",""retention"":""dual-reviewed-short-phrases-only""}"	false	false	false	true	false	false	NO_PERSONAL_DATA	PUBLIC_DERIVED_ONLY	true
document.firstbloom.release_4607	github.firstbloom-data.a6cb0026	family.baseline.firstbloom-industry	a6cb0026d1af9642724793c799bbc48dc189ba35	2020-06-06	product_release_id=4607	en	TASTING_NOTE	c9e60c94fc2c1e1f8bca75f9c3a969a2d214fde2ccc1a67f881c17aedf59d4fa	"{""external_release_key"":""4607"",""product_id"":""4229"",""raw_field_sha256"":""c9e60c94fc2c1e1f8bca75f9c3a969a2d214fde2ccc1a67f881c17aedf59d4fa"",""retention"":""dual-reviewed-short-phrases-only""}"	false	false	false	true	false	false	NO_PERSONAL_DATA	PUBLIC_DERIVED_ONLY	true
document.firstbloom.release_462	github.firstbloom-data.a6cb0026	family.baseline.firstbloom-industry	a6cb0026d1af9642724793c799bbc48dc189ba35	2018-10-07	product_release_id=462	en	TASTING_NOTE	6f45be96c0efdf9d263a66f23028eecbb9522f7781a6033b76b0f256a65dc7e4	"{""external_release_key"":""462"",""product_id"":""459"",""raw_field_sha256"":""6f45be96c0efdf9d263a66f23028eecbb9522f7781a6033b76b0f256a65dc7e4"",""retention"":""dual-reviewed-short-phrases-only""}"	false	false	false	true	false	false	NO_PERSONAL_DATA	PUBLIC_DERIVED_ONLY	true
document.firstbloom.release_4628	github.firstbloom-data.a6cb0026	family.baseline.firstbloom-industry	a6cb0026d1af9642724793c799bbc48dc189ba35	2020-06-10	product_release_id=4628	en	TASTING_NOTE	20f340bcd3d29e0da23260aeb56b4fb43cc70ea1bcfd9a1d7e5d64be61a2cccc	"{""external_release_key"":""4628"",""product_id"":""4252"",""raw_field_sha256"":""20f340bcd3d29e0da23260aeb56b4fb43cc70ea1bcfd9a1d7e5d64be61a2cccc"",""retention"":""dual-reviewed-short-phrases-only""}"	false	false	false	true	false	false	NO_PERSONAL_DATA	PUBLIC_DERIVED_ONLY	true
document.firstbloom.release_4632	github.firstbloom-data.a6cb0026	family.baseline.firstbloom-industry	a6cb0026d1af9642724793c799bbc48dc189ba35	2020-06-10	product_release_id=4632	en	TASTING_NOTE	36b9d36c0dfe48aa2aec4c285751f0065215fbeb4b0a8c02891e0f54ffdd8606	"{""external_release_key"":""4632"",""product_id"":""4256"",""raw_field_sha256"":""36b9d36c0dfe48aa2aec4c285751f0065215fbeb4b0a8c02891e0f54ffdd8606"",""retention"":""dual-reviewed-short-phrases-only""}"	false	false	false	true	false	false	NO_PERSONAL_DATA	PUBLIC_DERIVED_ONLY	true
document.firstbloom.release_4634	github.firstbloom-data.a6cb0026	family.baseline.firstbloom-industry	a6cb0026d1af9642724793c799bbc48dc189ba35	2020-06-10	product_release_id=4634	en	TASTING_NOTE	c368965a5ac4cd516903a77a89dd229c8a3c49f9aa6d0f149ce42c0a87419e4a	"{""external_release_key"":""4634"",""product_id"":""4258"",""raw_field_sha256"":""c368965a5ac4cd516903a77a89dd229c8a3c49f9aa6d0f149ce42c0a87419e4a"",""retention"":""dual-reviewed-short-phrases-only""}"	false	false	false	true	false	false	NO_PERSONAL_DATA	PUBLIC_DERIVED_ONLY	true
document.firstbloom.release_4641	github.firstbloom-data.a6cb0026	family.baseline.firstbloom-industry	a6cb0026d1af9642724793c799bbc48dc189ba35	2020-06-10	product_release_id=4641	en	TASTING_NOTE	46a1c811b65999d452ad176c6f53f55db5a5531de2887ac3638c797bb265d1cf	"{""external_release_key"":""4641"",""product_id"":""4264"",""raw_field_sha256"":""46a1c811b65999d452ad176c6f53f55db5a5531de2887ac3638c797bb265d1cf"",""retention"":""dual-reviewed-short-phrases-only""}"	false	false	false	true	false	false	NO_PERSONAL_DATA	PUBLIC_DERIVED_ONLY	true
document.firstbloom.release_4642	github.firstbloom-data.a6cb0026	family.baseline.firstbloom-industry	a6cb0026d1af9642724793c799bbc48dc189ba35	2020-06-10	product_release_id=4642	en	TASTING_NOTE	cd866cb2c750ecfdf6304640abd946cc472d769a9de112b64958f2e55d0a97fa	"{""external_release_key"":""4642"",""product_id"":""4265"",""raw_field_sha256"":""cd866cb2c750ecfdf6304640abd946cc472d769a9de112b64958f2e55d0a97fa"",""retention"":""dual-reviewed-short-phrases-only""}"	false	false	false	true	false	false	NO_PERSONAL_DATA	PUBLIC_DERIVED_ONLY	true
document.firstbloom.release_4644	github.firstbloom-data.a6cb0026	family.baseline.firstbloom-industry	a6cb0026d1af9642724793c799bbc48dc189ba35	2020-06-10	product_release_id=4644	en	TASTING_NOTE	63e909bad5a042d85a2c282043ee0845adeb970d69859a7a7c0a76b7fb37c914	"{""external_release_key"":""4644"",""product_id"":""352"",""raw_field_sha256"":""63e909bad5a042d85a2c282043ee0845adeb970d69859a7a7c0a76b7fb37c914"",""retention"":""dual-reviewed-short-phrases-only""}"	false	false	false	true	false	false	NO_PERSONAL_DATA	PUBLIC_DERIVED_ONLY	true
document.firstbloom.release_4653	github.firstbloom-data.a6cb0026	family.baseline.firstbloom-industry	a6cb0026d1af9642724793c799bbc48dc189ba35	2020-06-10	product_release_id=4653	en	TASTING_NOTE	063c9e9e8c2cbd799b63e81587156ae3c240780108ed46e6f5c79ba9292e339a	"{""external_release_key"":""4653"",""product_id"":""4273"",""raw_field_sha256"":""063c9e9e8c2cbd799b63e81587156ae3c240780108ed46e6f5c79ba9292e339a"",""retention"":""dual-reviewed-short-phrases-only""}"	false	false	false	true	false	false	NO_PERSONAL_DATA	PUBLIC_DERIVED_ONLY	true
document.firstbloom.release_4664	github.firstbloom-data.a6cb0026	family.baseline.firstbloom-industry	a6cb0026d1af9642724793c799bbc48dc189ba35	2020-06-22	product_release_id=4664	en	TASTING_NOTE	9a240a48efdfd1c0c448cc13eea45ba74e666223e1d43681b106e43c3fb91f3f	"{""external_release_key"":""4664"",""product_id"":""1267"",""raw_field_sha256"":""9a240a48efdfd1c0c448cc13eea45ba74e666223e1d43681b106e43c3fb91f3f"",""retention"":""dual-reviewed-short-phrases-only""}"	false	false	false	true	false	false	NO_PERSONAL_DATA	PUBLIC_DERIVED_ONLY	true
document.firstbloom.release_4682	github.firstbloom-data.a6cb0026	family.baseline.firstbloom-industry	a6cb0026d1af9642724793c799bbc48dc189ba35	2020-06-29	product_release_id=4682	en	TASTING_NOTE	e61f46187d863a04ab4e7c5fd7db8d01bfc6c548035a437dc3d8c63cfa5c061d	"{""external_release_key"":""4682"",""product_id"":""440"",""raw_field_sha256"":""e61f46187d863a04ab4e7c5fd7db8d01bfc6c548035a437dc3d8c63cfa5c061d"",""retention"":""dual-reviewed-short-phrases-only""}"	false	false	false	true	false	false	NO_PERSONAL_DATA	PUBLIC_DERIVED_ONLY	true
document.firstbloom.release_4684	github.firstbloom-data.a6cb0026	family.baseline.firstbloom-industry	a6cb0026d1af9642724793c799bbc48dc189ba35	2020-06-29	product_release_id=4684	en	TASTING_NOTE	fe27f4c8fc73ad017da4e3b6ddfee0e40e99cabc4e19de97869a945110cc0550	"{""external_release_key"":""4684"",""product_id"":""4301"",""raw_field_sha256"":""fe27f4c8fc73ad017da4e3b6ddfee0e40e99cabc4e19de97869a945110cc0550"",""retention"":""dual-reviewed-short-phrases-only""}"	false	false	false	true	false	false	NO_PERSONAL_DATA	PUBLIC_DERIVED_ONLY	true
document.firstbloom.release_4685	github.firstbloom-data.a6cb0026	family.baseline.firstbloom-industry	a6cb0026d1af9642724793c799bbc48dc189ba35	2020-07-20	product_release_id=4685	en	TASTING_NOTE	e205d6e98705b4a1278ce18b3bbcfa971c797214ddc717cea88a051a3fef7543	"{""external_release_key"":""4685"",""product_id"":""4302"",""raw_field_sha256"":""e205d6e98705b4a1278ce18b3bbcfa971c797214ddc717cea88a051a3fef7543"",""retention"":""dual-reviewed-short-phrases-only""}"	false	false	false	true	false	false	NO_PERSONAL_DATA	PUBLIC_DERIVED_ONLY	true
document.firstbloom.release_4686	github.firstbloom-data.a6cb0026	family.baseline.firstbloom-industry	a6cb0026d1af9642724793c799bbc48dc189ba35	2020-07-20	product_release_id=4686	en	TASTING_NOTE	bd0b7db8ec5012c782695403483dd353c17873007e3a269dcdd76cacff3711f6	"{""external_release_key"":""4686"",""product_id"":""1266"",""raw_field_sha256"":""bd0b7db8ec5012c782695403483dd353c17873007e3a269dcdd76cacff3711f6"",""retention"":""dual-reviewed-short-phrases-only""}"	false	false	false	true	false	false	NO_PERSONAL_DATA	PUBLIC_DERIVED_ONLY	true
document.firstbloom.release_469	github.firstbloom-data.a6cb0026	family.baseline.firstbloom-industry	a6cb0026d1af9642724793c799bbc48dc189ba35	2018-10-08	product_release_id=469	en	TASTING_NOTE	4d46ee90fa2f3c2a26d4c1e5d87b3782c27d371c324c616a57a47eafe0d20867	"{""external_release_key"":""469"",""product_id"":""466"",""raw_field_sha256"":""4d46ee90fa2f3c2a26d4c1e5d87b3782c27d371c324c616a57a47eafe0d20867"",""retention"":""dual-reviewed-short-phrases-only""}"	false	false	false	true	false	false	NO_PERSONAL_DATA	PUBLIC_DERIVED_ONLY	true
document.firstbloom.release_4690	github.firstbloom-data.a6cb0026	family.baseline.firstbloom-industry	a6cb0026d1af9642724793c799bbc48dc189ba35	2020-07-30	product_release_id=4690	en	TASTING_NOTE	c95c3db080e62a94914ecbe0235c33c21e3ef5480a009e8d5d327447dc4fce86	"{""external_release_key"":""4690"",""product_id"":""456"",""raw_field_sha256"":""c95c3db080e62a94914ecbe0235c33c21e3ef5480a009e8d5d327447dc4fce86"",""retention"":""dual-reviewed-short-phrases-only""}"	false	false	false	true	false	false	NO_PERSONAL_DATA	PUBLIC_DERIVED_ONLY	true
document.firstbloom.release_4691	github.firstbloom-data.a6cb0026	family.baseline.firstbloom-industry	a6cb0026d1af9642724793c799bbc48dc189ba35	2020-07-30	product_release_id=4691	en	TASTING_NOTE	79b22bfe9c996e21fd65a920d0cecc1b3ffb734de5a1cbc349716f2d44b0f9a1	"{""external_release_key"":""4691"",""product_id"":""458"",""raw_field_sha256"":""79b22bfe9c996e21fd65a920d0cecc1b3ffb734de5a1cbc349716f2d44b0f9a1"",""retention"":""dual-reviewed-short-phrases-only""}"	false	false	false	true	false	false	NO_PERSONAL_DATA	PUBLIC_DERIVED_ONLY	true
document.firstbloom.release_4699	github.firstbloom-data.a6cb0026	family.baseline.firstbloom-industry	a6cb0026d1af9642724793c799bbc48dc189ba35	2020-08-24	product_release_id=4699	en	TASTING_NOTE	e925588e7dc31b7ac8b7eb669b85f30ad8da34b39282b2418d2ec54232e23fa9	"{""external_release_key"":""4699"",""product_id"":""4312"",""raw_field_sha256"":""e925588e7dc31b7ac8b7eb669b85f30ad8da34b39282b2418d2ec54232e23fa9"",""retention"":""dual-reviewed-short-phrases-only""}"	false	false	false	true	false	false	NO_PERSONAL_DATA	PUBLIC_DERIVED_ONLY	true
document.firstbloom.release_4701	github.firstbloom-data.a6cb0026	family.baseline.firstbloom-industry	a6cb0026d1af9642724793c799bbc48dc189ba35	2020-08-24	product_release_id=4701	en	TASTING_NOTE	0c2ae865cfaa7b11bdd4f4e1c2f2a736fc6e6fac2f2edc90fdd6cd2716d19f93	"{""external_release_key"":""4701"",""product_id"":""4314"",""raw_field_sha256"":""0c2ae865cfaa7b11bdd4f4e1c2f2a736fc6e6fac2f2edc90fdd6cd2716d19f93"",""retention"":""dual-reviewed-short-phrases-only""}"	false	false	false	true	false	false	NO_PERSONAL_DATA	PUBLIC_DERIVED_ONLY	true
document.firstbloom.release_4702	github.firstbloom-data.a6cb0026	family.baseline.firstbloom-industry	a6cb0026d1af9642724793c799bbc48dc189ba35	2020-08-25	product_release_id=4702	en	TASTING_NOTE	7319c6c42cb47738379900502b68c90c9250ef2f48aac5803a5246a58b365d25	"{""external_release_key"":""4702"",""product_id"":""4315"",""raw_field_sha256"":""7319c6c42cb47738379900502b68c90c9250ef2f48aac5803a5246a58b365d25"",""retention"":""dual-reviewed-short-phrases-only""}"	false	false	false	true	false	false	NO_PERSONAL_DATA	PUBLIC_DERIVED_ONLY	true
document.firstbloom.release_4707	github.firstbloom-data.a6cb0026	family.baseline.firstbloom-industry	a6cb0026d1af9642724793c799bbc48dc189ba35	2020-09-12	product_release_id=4707	en	TASTING_NOTE	cf628f028dc92cc54e5b26494304b446a22da14bbc68cc07749af6e616a544ce	"{""external_release_key"":""4707"",""product_id"":""4320"",""raw_field_sha256"":""cf628f028dc92cc54e5b26494304b446a22da14bbc68cc07749af6e616a544ce"",""retention"":""dual-reviewed-short-phrases-only""}"	false	false	false	true	false	false	NO_PERSONAL_DATA	PUBLIC_DERIVED_ONLY	true
document.firstbloom.release_471	github.firstbloom-data.a6cb0026	family.baseline.firstbloom-industry	a6cb0026d1af9642724793c799bbc48dc189ba35	2018-10-09	product_release_id=471	en	TASTING_NOTE	cb6f5f0216710c388b433d6d1f1f3067519145d0176905454088bc039e1f5aa6	"{""external_release_key"":""471"",""product_id"":""468"",""raw_field_sha256"":""cb6f5f0216710c388b433d6d1f1f3067519145d0176905454088bc039e1f5aa6"",""retention"":""dual-reviewed-short-phrases-only""}"	false	false	false	true	false	false	NO_PERSONAL_DATA	PUBLIC_DERIVED_ONLY	true
document.firstbloom.release_4711	github.firstbloom-data.a6cb0026	family.baseline.firstbloom-industry	a6cb0026d1af9642724793c799bbc48dc189ba35	2020-09-14	product_release_id=4711	en	TASTING_NOTE	4921a3f9b538e38c4dc58afcc00b35c760676d377a2b3f892ee05d7075396954	"{""external_release_key"":""4711"",""product_id"":""4324"",""raw_field_sha256"":""4921a3f9b538e38c4dc58afcc00b35c760676d377a2b3f892ee05d7075396954"",""retention"":""dual-reviewed-short-phrases-only""}"	false	false	false	true	false	false	NO_PERSONAL_DATA	PUBLIC_DERIVED_ONLY	true
document.firstbloom.release_4712	github.firstbloom-data.a6cb0026	family.baseline.firstbloom-industry	a6cb0026d1af9642724793c799bbc48dc189ba35	2020-09-28	product_release_id=4712	en	TASTING_NOTE	9aa3afed35ee3f093ee885ce26110197f7aef44f68a8f7255d8e2b90eab0c868	"{""external_release_key"":""4712"",""product_id"":""4325"",""raw_field_sha256"":""9aa3afed35ee3f093ee885ce26110197f7aef44f68a8f7255d8e2b90eab0c868"",""retention"":""dual-reviewed-short-phrases-only""}"	false	false	false	true	false	false	NO_PERSONAL_DATA	PUBLIC_DERIVED_ONLY	true
document.firstbloom.release_4714	github.firstbloom-data.a6cb0026	family.baseline.firstbloom-industry	a6cb0026d1af9642724793c799bbc48dc189ba35	2020-09-28	product_release_id=4714	en	TASTING_NOTE	91a9c8efa65f9c49f6ea7b376ba41adecda07f81c49256a12fe39fc1f532d2e4	"{""external_release_key"":""4714"",""product_id"":""1829"",""raw_field_sha256"":""91a9c8efa65f9c49f6ea7b376ba41adecda07f81c49256a12fe39fc1f532d2e4"",""retention"":""dual-reviewed-short-phrases-only""}"	false	false	false	true	false	false	NO_PERSONAL_DATA	PUBLIC_DERIVED_ONLY	true
document.firstbloom.release_4718	github.firstbloom-data.a6cb0026	family.baseline.firstbloom-industry	a6cb0026d1af9642724793c799bbc48dc189ba35	2020-10-21	product_release_id=4718	en	TASTING_NOTE	3c311671e39d4546d9be85de43ccd19e50aaf766cbfd3e18e8e5f7cd09be2a80	"{""external_release_key"":""4718"",""product_id"":""4330"",""raw_field_sha256"":""3c311671e39d4546d9be85de43ccd19e50aaf766cbfd3e18e8e5f7cd09be2a80"",""retention"":""dual-reviewed-short-phrases-only""}"	false	false	false	true	false	false	NO_PERSONAL_DATA	PUBLIC_DERIVED_ONLY	true
document.firstbloom.release_472	github.firstbloom-data.a6cb0026	family.baseline.firstbloom-industry	a6cb0026d1af9642724793c799bbc48dc189ba35	2018-10-09	product_release_id=472	en	TASTING_NOTE	4170f584152b287b18beea585fbf3c765e319bf52bdce952d8a6df867a19486b	"{""external_release_key"":""472"",""product_id"":""469"",""raw_field_sha256"":""4170f584152b287b18beea585fbf3c765e319bf52bdce952d8a6df867a19486b"",""retention"":""dual-reviewed-short-phrases-only""}"	false	false	false	true	false	false	NO_PERSONAL_DATA	PUBLIC_DERIVED_ONLY	true
document.firstbloom.release_4721	github.firstbloom-data.a6cb0026	family.baseline.firstbloom-industry	a6cb0026d1af9642724793c799bbc48dc189ba35	2020-10-21	product_release_id=4721	en	TASTING_NOTE	316e5a4c490cd74fa3ce2d22e0bc928a29428c3596a4383524314d7baf03285e	"{""external_release_key"":""4721"",""product_id"":""1920"",""raw_field_sha256"":""316e5a4c490cd74fa3ce2d22e0bc928a29428c3596a4383524314d7baf03285e"",""retention"":""dual-reviewed-short-phrases-only""}"	false	false	false	true	false	false	NO_PERSONAL_DATA	PUBLIC_DERIVED_ONLY	true
document.firstbloom.release_473	github.firstbloom-data.a6cb0026	family.baseline.firstbloom-industry	a6cb0026d1af9642724793c799bbc48dc189ba35	2018-10-09	product_release_id=473	en	TASTING_NOTE	02c3275e77b1ffc3ef693bbf966c3fabb01311bc256d4fed17e1fc58b2513c15	"{""external_release_key"":""473"",""product_id"":""470"",""raw_field_sha256"":""02c3275e77b1ffc3ef693bbf966c3fabb01311bc256d4fed17e1fc58b2513c15"",""retention"":""dual-reviewed-short-phrases-only""}"	false	false	false	true	false	false	NO_PERSONAL_DATA	PUBLIC_DERIVED_ONLY	true
document.firstbloom.release_4733	github.firstbloom-data.a6cb0026	family.baseline.firstbloom-industry	a6cb0026d1af9642724793c799bbc48dc189ba35	2020-11-26	product_release_id=4733	en	TASTING_NOTE	647af1d1a81bc65a69cd31749c994886a7dd674b25f31b5448f3cdb834a20fe2	"{""external_release_key"":""4733"",""product_id"":""4341"",""raw_field_sha256"":""647af1d1a81bc65a69cd31749c994886a7dd674b25f31b5448f3cdb834a20fe2"",""retention"":""dual-reviewed-short-phrases-only""}"	false	false	false	true	false	false	NO_PERSONAL_DATA	PUBLIC_DERIVED_ONLY	true
document.firstbloom.release_474	github.firstbloom-data.a6cb0026	family.baseline.firstbloom-industry	a6cb0026d1af9642724793c799bbc48dc189ba35	2018-10-09	product_release_id=474	en	TASTING_NOTE	ac90ebd4e4d077a01817956be402ee39d43e8568a37c484eafbc01b6b264fa7e	"{""external_release_key"":""474"",""product_id"":""471"",""raw_field_sha256"":""ac90ebd4e4d077a01817956be402ee39d43e8568a37c484eafbc01b6b264fa7e"",""retention"":""dual-reviewed-short-phrases-only""}"	false	false	false	true	false	false	NO_PERSONAL_DATA	PUBLIC_DERIVED_ONLY	true
document.firstbloom.release_4744	github.firstbloom-data.a6cb0026	family.baseline.firstbloom-industry	a6cb0026d1af9642724793c799bbc48dc189ba35	2020-12-07	product_release_id=4744	en	TASTING_NOTE	fe43a0ef00127fc3ebb6e53cbde831a712815944d78af9931c28bee0eb5ff9da	"{""external_release_key"":""4744"",""product_id"":""4349"",""raw_field_sha256"":""fe43a0ef00127fc3ebb6e53cbde831a712815944d78af9931c28bee0eb5ff9da"",""retention"":""dual-reviewed-short-phrases-only""}"	false	false	false	true	false	false	NO_PERSONAL_DATA	PUBLIC_DERIVED_ONLY	true
document.firstbloom.release_4749	github.firstbloom-data.a6cb0026	family.baseline.firstbloom-industry	a6cb0026d1af9642724793c799bbc48dc189ba35	2020-12-07	product_release_id=4749	en	TASTING_NOTE	4be62f07293b199db8439f8edfa682fcc0ea29fc3ebae4ad7d39e18d5871b6cd	"{""external_release_key"":""4749"",""product_id"":""95"",""raw_field_sha256"":""4be62f07293b199db8439f8edfa682fcc0ea29fc3ebae4ad7d39e18d5871b6cd"",""retention"":""dual-reviewed-short-phrases-only""}"	false	false	false	true	false	false	NO_PERSONAL_DATA	PUBLIC_DERIVED_ONLY	true
document.firstbloom.release_475	github.firstbloom-data.a6cb0026	family.baseline.firstbloom-industry	a6cb0026d1af9642724793c799bbc48dc189ba35	2018-10-09	product_release_id=475	en	TASTING_NOTE	550806d895b42da5c8220878c9f2cbfacc1ccff19731c2482f4114e801f111c1	"{""external_release_key"":""475"",""product_id"":""472"",""raw_field_sha256"":""550806d895b42da5c8220878c9f2cbfacc1ccff19731c2482f4114e801f111c1"",""retention"":""dual-reviewed-short-phrases-only""}"	false	false	false	true	false	false	NO_PERSONAL_DATA	PUBLIC_DERIVED_ONLY	true
document.firstbloom.release_4761	github.firstbloom-data.a6cb0026	family.baseline.firstbloom-industry	a6cb0026d1af9642724793c799bbc48dc189ba35	2020-12-26	product_release_id=4761	en	TASTING_NOTE	44e0a5c4c3c900abfd700c24f5fb6cfc23dc585e2cb1216b0c6c26670b4097d3	"{""external_release_key"":""4761"",""product_id"":""4355"",""raw_field_sha256"":""44e0a5c4c3c900abfd700c24f5fb6cfc23dc585e2cb1216b0c6c26670b4097d3"",""retention"":""dual-reviewed-short-phrases-only""}"	false	false	false	true	false	false	NO_PERSONAL_DATA	PUBLIC_DERIVED_ONLY	true
document.firstbloom.release_477	github.firstbloom-data.a6cb0026	family.baseline.firstbloom-industry	a6cb0026d1af9642724793c799bbc48dc189ba35	2018-10-10	product_release_id=477	en	TASTING_NOTE	4fbba53474439a50c7d03d071ed3862e6ee5b644c12f7fe6a742bfe4371cf0cc	"{""external_release_key"":""477"",""product_id"":""133"",""raw_field_sha256"":""4fbba53474439a50c7d03d071ed3862e6ee5b644c12f7fe6a742bfe4371cf0cc"",""retention"":""dual-reviewed-short-phrases-only""}"	false	false	false	true	false	false	NO_PERSONAL_DATA	PUBLIC_DERIVED_ONLY	true
document.firstbloom.release_480	github.firstbloom-data.a6cb0026	family.baseline.firstbloom-industry	a6cb0026d1af9642724793c799bbc48dc189ba35	2018-10-10	product_release_id=480	en	TASTING_NOTE	460bf19f096c0084aeaa7f3131ded00b11077d4046ef1fabc5679ba9dd6da6ff	"{""external_release_key"":""480"",""product_id"":""476"",""raw_field_sha256"":""460bf19f096c0084aeaa7f3131ded00b11077d4046ef1fabc5679ba9dd6da6ff"",""retention"":""dual-reviewed-short-phrases-only""}"	false	false	false	true	false	false	NO_PERSONAL_DATA	PUBLIC_DERIVED_ONLY	true
document.firstbloom.release_482	github.firstbloom-data.a6cb0026	family.baseline.firstbloom-industry	a6cb0026d1af9642724793c799bbc48dc189ba35	2018-10-10	product_release_id=482	en	TASTING_NOTE	be0828be253a1116836f68540a57b23a994f67af49ddd374849aa6f1362561f8	"{""external_release_key"":""482"",""product_id"":""478"",""raw_field_sha256"":""be0828be253a1116836f68540a57b23a994f67af49ddd374849aa6f1362561f8"",""retention"":""dual-reviewed-short-phrases-only""}"	false	false	false	true	false	false	NO_PERSONAL_DATA	PUBLIC_DERIVED_ONLY	true
document.firstbloom.release_483	github.firstbloom-data.a6cb0026	family.baseline.firstbloom-industry	a6cb0026d1af9642724793c799bbc48dc189ba35	2018-10-10	product_release_id=483	en	TASTING_NOTE	5a428f0c7b4dffaef2005bd48a7565066df9db8b0a5b7026f8812a7c4e29a138	"{""external_release_key"":""483"",""product_id"":""479"",""raw_field_sha256"":""5a428f0c7b4dffaef2005bd48a7565066df9db8b0a5b7026f8812a7c4e29a138"",""retention"":""dual-reviewed-short-phrases-only""}"	false	false	false	true	false	false	NO_PERSONAL_DATA	PUBLIC_DERIVED_ONLY	true
document.firstbloom.release_484	github.firstbloom-data.a6cb0026	family.baseline.firstbloom-industry	a6cb0026d1af9642724793c799bbc48dc189ba35	2018-10-10	product_release_id=484	en	TASTING_NOTE	1d21be1ef031e176bd533b5ee4a5d9f21718d5e0b83eca8010f5df7878cd1b06	"{""external_release_key"":""484"",""product_id"":""480"",""raw_field_sha256"":""1d21be1ef031e176bd533b5ee4a5d9f21718d5e0b83eca8010f5df7878cd1b06"",""retention"":""dual-reviewed-short-phrases-only""}"	false	false	false	true	false	false	NO_PERSONAL_DATA	PUBLIC_DERIVED_ONLY	true
document.firstbloom.release_489	github.firstbloom-data.a6cb0026	family.baseline.firstbloom-industry	a6cb0026d1af9642724793c799bbc48dc189ba35	2018-10-10	product_release_id=489	en	TASTING_NOTE	211ce1562047b9653dca4c54264b9064ed0e51c84238109a68d1c08fa6b93de2	"{""external_release_key"":""489"",""product_id"":""484"",""raw_field_sha256"":""211ce1562047b9653dca4c54264b9064ed0e51c84238109a68d1c08fa6b93de2"",""retention"":""dual-reviewed-short-phrases-only""}"	false	false	false	true	false	false	NO_PERSONAL_DATA	PUBLIC_DERIVED_ONLY	true
document.firstbloom.release_491	github.firstbloom-data.a6cb0026	family.baseline.firstbloom-industry	a6cb0026d1af9642724793c799bbc48dc189ba35	2018-10-10	product_release_id=491	en	TASTING_NOTE	f794a04e61559e193d6558d356ab9c10248036f28da914a9489d50c9a55698e4	"{""external_release_key"":""491"",""product_id"":""486"",""raw_field_sha256"":""f794a04e61559e193d6558d356ab9c10248036f28da914a9489d50c9a55698e4"",""retention"":""dual-reviewed-short-phrases-only""}"	false	false	false	true	false	false	NO_PERSONAL_DATA	PUBLIC_DERIVED_ONLY	true
document.firstbloom.release_5	github.firstbloom-data.a6cb0026	family.baseline.firstbloom-industry	a6cb0026d1af9642724793c799bbc48dc189ba35	2017-12-29	product_release_id=5	en	TASTING_NOTE	facefd97ea5edb4b890013c215885fbe413541fdf6bdcb61671bc895c95c382e	"{""external_release_key"":""5"",""product_id"":""15"",""raw_field_sha256"":""facefd97ea5edb4b890013c215885fbe413541fdf6bdcb61671bc895c95c382e"",""retention"":""dual-reviewed-short-phrases-only""}"	false	false	false	true	false	false	NO_PERSONAL_DATA	PUBLIC_DERIVED_ONLY	true
document.firstbloom.release_509	github.firstbloom-data.a6cb0026	family.baseline.firstbloom-industry	a6cb0026d1af9642724793c799bbc48dc189ba35	2018-10-13	product_release_id=509	en	TASTING_NOTE	14fc1741d4b8176e16dcd86d3ae3ed5257e60a6fd179a2cb73c2b169c96fc6f9	"{""external_release_key"":""509"",""product_id"":""503"",""raw_field_sha256"":""14fc1741d4b8176e16dcd86d3ae3ed5257e60a6fd179a2cb73c2b169c96fc6f9"",""retention"":""dual-reviewed-short-phrases-only""}"	false	false	false	true	false	false	NO_PERSONAL_DATA	PUBLIC_DERIVED_ONLY	true
document.firstbloom.release_510	github.firstbloom-data.a6cb0026	family.baseline.firstbloom-industry	a6cb0026d1af9642724793c799bbc48dc189ba35	2018-10-13	product_release_id=510	en	TASTING_NOTE	befa2e14d7714ddfbe4b67342d9d5488787506c36c9f8bd5f59865e1eb05b87a	"{""external_release_key"":""510"",""product_id"":""504"",""raw_field_sha256"":""befa2e14d7714ddfbe4b67342d9d5488787506c36c9f8bd5f59865e1eb05b87a"",""retention"":""dual-reviewed-short-phrases-only""}"	false	false	false	true	false	false	NO_PERSONAL_DATA	PUBLIC_DERIVED_ONLY	true
document.firstbloom.release_512	github.firstbloom-data.a6cb0026	family.baseline.firstbloom-industry	a6cb0026d1af9642724793c799bbc48dc189ba35	2018-10-13	product_release_id=512	en	TASTING_NOTE	52e399f05bc35c1c9f186db2479588b62f4cefb4447408b0276a6d70b9e1c5be	"{""external_release_key"":""512"",""product_id"":""506"",""raw_field_sha256"":""52e399f05bc35c1c9f186db2479588b62f4cefb4447408b0276a6d70b9e1c5be"",""retention"":""dual-reviewed-short-phrases-only""}"	false	false	false	true	false	false	NO_PERSONAL_DATA	PUBLIC_DERIVED_ONLY	true
document.firstbloom.release_513	github.firstbloom-data.a6cb0026	family.baseline.firstbloom-industry	a6cb0026d1af9642724793c799bbc48dc189ba35	2018-10-13	product_release_id=513	en	TASTING_NOTE	666932a6acc6347f7d108441b2410784d87504959c905bddc1a1e2894331114f	"{""external_release_key"":""513"",""product_id"":""507"",""raw_field_sha256"":""666932a6acc6347f7d108441b2410784d87504959c905bddc1a1e2894331114f"",""retention"":""dual-reviewed-short-phrases-only""}"	false	false	false	true	false	false	NO_PERSONAL_DATA	PUBLIC_DERIVED_ONLY	true
document.firstbloom.release_514	github.firstbloom-data.a6cb0026	family.baseline.firstbloom-industry	a6cb0026d1af9642724793c799bbc48dc189ba35	2018-10-13	product_release_id=514	en	TASTING_NOTE	a5a5be750bdae8361e5817d0eb40958de7a2eb489f54d29bdc8c49c180e8f755	"{""external_release_key"":""514"",""product_id"":""508"",""raw_field_sha256"":""a5a5be750bdae8361e5817d0eb40958de7a2eb489f54d29bdc8c49c180e8f755"",""retention"":""dual-reviewed-short-phrases-only""}"	false	false	false	true	false	false	NO_PERSONAL_DATA	PUBLIC_DERIVED_ONLY	true
document.firstbloom.release_516	github.firstbloom-data.a6cb0026	family.baseline.firstbloom-industry	a6cb0026d1af9642724793c799bbc48dc189ba35	2018-10-13	product_release_id=516	en	TASTING_NOTE	6e8b7fc05a80a5fb5eb87e006312dc90f988751084d1c7e7c519145ab391550b	"{""external_release_key"":""516"",""product_id"":""510"",""raw_field_sha256"":""6e8b7fc05a80a5fb5eb87e006312dc90f988751084d1c7e7c519145ab391550b"",""retention"":""dual-reviewed-short-phrases-only""}"	false	false	false	true	false	false	NO_PERSONAL_DATA	PUBLIC_DERIVED_ONLY	true
document.firstbloom.release_517	github.firstbloom-data.a6cb0026	family.baseline.firstbloom-industry	a6cb0026d1af9642724793c799bbc48dc189ba35	2018-10-13	product_release_id=517	en	TASTING_NOTE	27a4e26be7c6c145398bf1cf6035f2a437cd38bd5cc848029095e0d3fac14c58	"{""external_release_key"":""517"",""product_id"":""511"",""raw_field_sha256"":""27a4e26be7c6c145398bf1cf6035f2a437cd38bd5cc848029095e0d3fac14c58"",""retention"":""dual-reviewed-short-phrases-only""}"	false	false	false	true	false	false	NO_PERSONAL_DATA	PUBLIC_DERIVED_ONLY	true
document.firstbloom.release_524	github.firstbloom-data.a6cb0026	family.baseline.firstbloom-industry	a6cb0026d1af9642724793c799bbc48dc189ba35	2018-10-17	product_release_id=524	en	TASTING_NOTE	254f3431b770e98e48b62a57addf0779074369e600a918bfd1ae0543e2648818	"{""external_release_key"":""524"",""product_id"":""517"",""raw_field_sha256"":""254f3431b770e98e48b62a57addf0779074369e600a918bfd1ae0543e2648818"",""retention"":""dual-reviewed-short-phrases-only""}"	false	false	false	true	false	false	NO_PERSONAL_DATA	PUBLIC_DERIVED_ONLY	true
document.firstbloom.release_527	github.firstbloom-data.a6cb0026	family.baseline.firstbloom-industry	a6cb0026d1af9642724793c799bbc48dc189ba35	2018-10-17	product_release_id=527	en	TASTING_NOTE	51545d124321aafeda645814c8adc42baa7ba5766c011049355d68f336a8c998	"{""external_release_key"":""527"",""product_id"":""520"",""raw_field_sha256"":""51545d124321aafeda645814c8adc42baa7ba5766c011049355d68f336a8c998"",""retention"":""dual-reviewed-short-phrases-only""}"	false	false	false	true	false	false	NO_PERSONAL_DATA	PUBLIC_DERIVED_ONLY	true
document.firstbloom.release_529	github.firstbloom-data.a6cb0026	family.baseline.firstbloom-industry	a6cb0026d1af9642724793c799bbc48dc189ba35	2018-10-17	product_release_id=529	en	TASTING_NOTE	b3131be76d6609ca8ddfd834f791421b432c0e8fc5b1401a93c34d27222cd5db	"{""external_release_key"":""529"",""product_id"":""521"",""raw_field_sha256"":""b3131be76d6609ca8ddfd834f791421b432c0e8fc5b1401a93c34d27222cd5db"",""retention"":""dual-reviewed-short-phrases-only""}"	false	false	false	true	false	false	NO_PERSONAL_DATA	PUBLIC_DERIVED_ONLY	true
document.firstbloom.release_530	github.firstbloom-data.a6cb0026	family.baseline.firstbloom-industry	a6cb0026d1af9642724793c799bbc48dc189ba35	2018-10-17	product_release_id=530	en	TASTING_NOTE	b3131be76d6609ca8ddfd834f791421b432c0e8fc5b1401a93c34d27222cd5db	"{""external_release_key"":""530"",""product_id"":""522"",""raw_field_sha256"":""b3131be76d6609ca8ddfd834f791421b432c0e8fc5b1401a93c34d27222cd5db"",""retention"":""dual-reviewed-short-phrases-only""}"	false	false	false	true	false	false	NO_PERSONAL_DATA	PUBLIC_DERIVED_ONLY	true
document.firstbloom.release_531	github.firstbloom-data.a6cb0026	family.baseline.firstbloom-industry	a6cb0026d1af9642724793c799bbc48dc189ba35	2018-10-17	product_release_id=531	en	TASTING_NOTE	bcd9aad89ebbefdb95b499d94928629c0c7c948743f048e532b9569eb5dbcd7e	"{""external_release_key"":""531"",""product_id"":""523"",""raw_field_sha256"":""bcd9aad89ebbefdb95b499d94928629c0c7c948743f048e532b9569eb5dbcd7e"",""retention"":""dual-reviewed-short-phrases-only""}"	false	false	false	true	false	false	NO_PERSONAL_DATA	PUBLIC_DERIVED_ONLY	true
document.firstbloom.release_537	github.firstbloom-data.a6cb0026	family.baseline.firstbloom-industry	a6cb0026d1af9642724793c799bbc48dc189ba35	2018-10-17	product_release_id=537	en	TASTING_NOTE	5f69c8725691f9979190fb9313268970e3a5c2e5a3c389047dde55b9eeb8cd8f	"{""external_release_key"":""537"",""product_id"":""66"",""raw_field_sha256"":""5f69c8725691f9979190fb9313268970e3a5c2e5a3c389047dde55b9eeb8cd8f"",""retention"":""dual-reviewed-short-phrases-only""}"	false	false	false	true	false	false	NO_PERSONAL_DATA	PUBLIC_DERIVED_ONLY	true
document.firstbloom.release_54	github.firstbloom-data.a6cb0026	family.baseline.firstbloom-industry	a6cb0026d1af9642724793c799bbc48dc189ba35	2017-12-29	product_release_id=54	en	TASTING_NOTE	05f7daf08c0632adfee6bc9e1532ebfb21aef3e0199997b804b778eb7ef91a89	"{""external_release_key"":""54"",""product_id"":""66"",""raw_field_sha256"":""05f7daf08c0632adfee6bc9e1532ebfb21aef3e0199997b804b778eb7ef91a89"",""retention"":""dual-reviewed-short-phrases-only""}"	false	false	false	true	false	false	NO_PERSONAL_DATA	PUBLIC_DERIVED_ONLY	true
document.firstbloom.release_540	github.firstbloom-data.a6cb0026	family.baseline.firstbloom-industry	a6cb0026d1af9642724793c799bbc48dc189ba35	2018-10-17	product_release_id=540	en	TASTING_NOTE	c320778fb07a66cdfaa49e9a5181d02e755315254534dbb0a2c637641960129a	"{""external_release_key"":""540"",""product_id"":""531"",""raw_field_sha256"":""c320778fb07a66cdfaa49e9a5181d02e755315254534dbb0a2c637641960129a"",""retention"":""dual-reviewed-short-phrases-only""}"	false	false	false	true	false	false	NO_PERSONAL_DATA	PUBLIC_DERIVED_ONLY	true
document.firstbloom.release_542	github.firstbloom-data.a6cb0026	family.baseline.firstbloom-industry	a6cb0026d1af9642724793c799bbc48dc189ba35	2018-10-17	product_release_id=542	en	TASTING_NOTE	2527dca467b5a30ec733e0d200c8bb4630247d8c0f71a1c28180994359ede69e	"{""external_release_key"":""542"",""product_id"":""89"",""raw_field_sha256"":""2527dca467b5a30ec733e0d200c8bb4630247d8c0f71a1c28180994359ede69e"",""retention"":""dual-reviewed-short-phrases-only""}"	false	false	false	true	false	false	NO_PERSONAL_DATA	PUBLIC_DERIVED_ONLY	true
document.firstbloom.release_543	github.firstbloom-data.a6cb0026	family.baseline.firstbloom-industry	a6cb0026d1af9642724793c799bbc48dc189ba35	2018-10-17	product_release_id=543	en	TASTING_NOTE	1640b5a6e7fafb47f9b406e7b476ca1b68e1791078f1fcc0aabce0e180136ccf	"{""external_release_key"":""543"",""product_id"":""533"",""raw_field_sha256"":""1640b5a6e7fafb47f9b406e7b476ca1b68e1791078f1fcc0aabce0e180136ccf"",""retention"":""dual-reviewed-short-phrases-only""}"	false	false	false	true	false	false	NO_PERSONAL_DATA	PUBLIC_DERIVED_ONLY	true
document.firstbloom.release_550	github.firstbloom-data.a6cb0026	family.baseline.firstbloom-industry	a6cb0026d1af9642724793c799bbc48dc189ba35	2018-10-20	product_release_id=550	en	TASTING_NOTE	13696d344b4696a6719712983c85852f68908319dd7154893a66c5156781760b	"{""external_release_key"":""550"",""product_id"":""540"",""raw_field_sha256"":""13696d344b4696a6719712983c85852f68908319dd7154893a66c5156781760b"",""retention"":""dual-reviewed-short-phrases-only""}"	false	false	false	true	false	false	NO_PERSONAL_DATA	PUBLIC_DERIVED_ONLY	true
document.firstbloom.release_552	github.firstbloom-data.a6cb0026	family.baseline.firstbloom-industry	a6cb0026d1af9642724793c799bbc48dc189ba35	2018-10-20	product_release_id=552	en	TASTING_NOTE	cd830fb00ff8138c5ca84eea5bf08688933403dc65abe00bce8f7bee62f04219	"{""external_release_key"":""552"",""product_id"":""542"",""raw_field_sha256"":""cd830fb00ff8138c5ca84eea5bf08688933403dc65abe00bce8f7bee62f04219"",""retention"":""dual-reviewed-short-phrases-only""}"	false	false	false	true	false	false	NO_PERSONAL_DATA	PUBLIC_DERIVED_ONLY	true
document.firstbloom.release_558	github.firstbloom-data.a6cb0026	family.baseline.firstbloom-industry	a6cb0026d1af9642724793c799bbc48dc189ba35	2018-10-21	product_release_id=558	en	TASTING_NOTE	08bf32a6c140a6c1a1522206b3f918fbd285a6445ee03d9271bdad7d05b8ebdd	"{""external_release_key"":""558"",""product_id"":""548"",""raw_field_sha256"":""08bf32a6c140a6c1a1522206b3f918fbd285a6445ee03d9271bdad7d05b8ebdd"",""retention"":""dual-reviewed-short-phrases-only""}"	false	false	false	true	false	false	NO_PERSONAL_DATA	PUBLIC_DERIVED_ONLY	true
document.firstbloom.release_56	github.firstbloom-data.a6cb0026	family.baseline.firstbloom-industry	a6cb0026d1af9642724793c799bbc48dc189ba35	2017-12-29	product_release_id=56	en	TASTING_NOTE	fa61b67589042902c12c687baff258b35c0c4d93198c9178848ef6cd1c16d9c3	"{""external_release_key"":""56"",""product_id"":""88"",""raw_field_sha256"":""fa61b67589042902c12c687baff258b35c0c4d93198c9178848ef6cd1c16d9c3"",""retention"":""dual-reviewed-short-phrases-only""}"	false	false	false	true	false	false	NO_PERSONAL_DATA	PUBLIC_DERIVED_ONLY	true
document.firstbloom.release_562	github.firstbloom-data.a6cb0026	family.baseline.firstbloom-industry	a6cb0026d1af9642724793c799bbc48dc189ba35	2018-10-21	product_release_id=562	en	TASTING_NOTE	38ccb690d26a8145d35579f7628596467afd7108e7ad5987a810c40990df88f8	"{""external_release_key"":""562"",""product_id"":""552"",""raw_field_sha256"":""38ccb690d26a8145d35579f7628596467afd7108e7ad5987a810c40990df88f8"",""retention"":""dual-reviewed-short-phrases-only""}"	false	false	false	true	false	false	NO_PERSONAL_DATA	PUBLIC_DERIVED_ONLY	true
document.firstbloom.release_567	github.firstbloom-data.a6cb0026	family.baseline.firstbloom-industry	a6cb0026d1af9642724793c799bbc48dc189ba35	2018-10-21	product_release_id=567	en	TASTING_NOTE	638b785638f9d14dcc432bdcc7565f4c24c9663ec64be78d3c808a05501eaf8b	"{""external_release_key"":""567"",""product_id"":""557"",""raw_field_sha256"":""638b785638f9d14dcc432bdcc7565f4c24c9663ec64be78d3c808a05501eaf8b"",""retention"":""dual-reviewed-short-phrases-only""}"	false	false	false	true	false	false	NO_PERSONAL_DATA	PUBLIC_DERIVED_ONLY	true
document.firstbloom.release_577	github.firstbloom-data.a6cb0026	family.baseline.firstbloom-industry	a6cb0026d1af9642724793c799bbc48dc189ba35	2018-10-22	product_release_id=577	en	TASTING_NOTE	c2b725cda620fdbd22d18d708d4134a01a7a23000a2b0ae9695c76656d9168e7	"{""external_release_key"":""577"",""product_id"":""567"",""raw_field_sha256"":""c2b725cda620fdbd22d18d708d4134a01a7a23000a2b0ae9695c76656d9168e7"",""retention"":""dual-reviewed-short-phrases-only""}"	false	false	false	true	false	false	NO_PERSONAL_DATA	PUBLIC_DERIVED_ONLY	true
document.firstbloom.release_578	github.firstbloom-data.a6cb0026	family.baseline.firstbloom-industry	a6cb0026d1af9642724793c799bbc48dc189ba35	2018-10-22	product_release_id=578	en	TASTING_NOTE	f7d1f8406f08e76cb5f7a4cbadd4e60e7f7239f09eb782227530119600a4c149	"{""external_release_key"":""578"",""product_id"":""568"",""raw_field_sha256"":""f7d1f8406f08e76cb5f7a4cbadd4e60e7f7239f09eb782227530119600a4c149"",""retention"":""dual-reviewed-short-phrases-only""}"	false	false	false	true	false	false	NO_PERSONAL_DATA	PUBLIC_DERIVED_ONLY	true
document.firstbloom.release_580	github.firstbloom-data.a6cb0026	family.baseline.firstbloom-industry	a6cb0026d1af9642724793c799bbc48dc189ba35	2018-10-22	product_release_id=580	en	TASTING_NOTE	f1fc94991ad070431956fa6a41673ae3658f973172edd2c84bcb5a2dbeb17c34	"{""external_release_key"":""580"",""product_id"":""570"",""raw_field_sha256"":""f1fc94991ad070431956fa6a41673ae3658f973172edd2c84bcb5a2dbeb17c34"",""retention"":""dual-reviewed-short-phrases-only""}"	false	false	false	true	false	false	NO_PERSONAL_DATA	PUBLIC_DERIVED_ONLY	true
document.firstbloom.release_584	github.firstbloom-data.a6cb0026	family.baseline.firstbloom-industry	a6cb0026d1af9642724793c799bbc48dc189ba35	2018-10-22	product_release_id=584	en	TASTING_NOTE	d0453907dc7f3d3c42185b6612dfccc1907e86d762cbaf753a7f83a4c9cd52f0	"{""external_release_key"":""584"",""product_id"":""574"",""raw_field_sha256"":""d0453907dc7f3d3c42185b6612dfccc1907e86d762cbaf753a7f83a4c9cd52f0"",""retention"":""dual-reviewed-short-phrases-only""}"	false	false	false	true	false	false	NO_PERSONAL_DATA	PUBLIC_DERIVED_ONLY	true
document.firstbloom.release_585	github.firstbloom-data.a6cb0026	family.baseline.firstbloom-industry	a6cb0026d1af9642724793c799bbc48dc189ba35	2018-10-22	product_release_id=585	en	TASTING_NOTE	6ff301b99157e93e9212fc3329b1c62e403af9c55ff6efb3e007d856060597c1	"{""external_release_key"":""585"",""product_id"":""575"",""raw_field_sha256"":""6ff301b99157e93e9212fc3329b1c62e403af9c55ff6efb3e007d856060597c1"",""retention"":""dual-reviewed-short-phrases-only""}"	false	false	false	true	false	false	NO_PERSONAL_DATA	PUBLIC_DERIVED_ONLY	true
document.firstbloom.release_588	github.firstbloom-data.a6cb0026	family.baseline.firstbloom-industry	a6cb0026d1af9642724793c799bbc48dc189ba35	2018-10-22	product_release_id=588	en	TASTING_NOTE	7546cef8e51f5e67a0cb9dc2f38a507170625670f07ff4ebfabfbfbcb08a0baf	"{""external_release_key"":""588"",""product_id"":""578"",""raw_field_sha256"":""7546cef8e51f5e67a0cb9dc2f38a507170625670f07ff4ebfabfbfbcb08a0baf"",""retention"":""dual-reviewed-short-phrases-only""}"	false	false	false	true	false	false	NO_PERSONAL_DATA	PUBLIC_DERIVED_ONLY	true
document.firstbloom.release_592	github.firstbloom-data.a6cb0026	family.baseline.firstbloom-industry	a6cb0026d1af9642724793c799bbc48dc189ba35	2018-10-24	product_release_id=592	en	TASTING_NOTE	45df8f2fa25460f338daa8c91d760c5fe557050a6d8a2a7ceb1ba8991cd49201	"{""external_release_key"":""592"",""product_id"":""582"",""raw_field_sha256"":""45df8f2fa25460f338daa8c91d760c5fe557050a6d8a2a7ceb1ba8991cd49201"",""retention"":""dual-reviewed-short-phrases-only""}"	false	false	false	true	false	false	NO_PERSONAL_DATA	PUBLIC_DERIVED_ONLY	true
document.firstbloom.release_594	github.firstbloom-data.a6cb0026	family.baseline.firstbloom-industry	a6cb0026d1af9642724793c799bbc48dc189ba35	2018-10-24	product_release_id=594	en	TASTING_NOTE	fe51d57440c815f552c7421a3b54b0106a3a6988075bff61a74e3170cab79479	"{""external_release_key"":""594"",""product_id"":""584"",""raw_field_sha256"":""fe51d57440c815f552c7421a3b54b0106a3a6988075bff61a74e3170cab79479"",""retention"":""dual-reviewed-short-phrases-only""}"	false	false	false	true	false	false	NO_PERSONAL_DATA	PUBLIC_DERIVED_ONLY	true
document.firstbloom.release_597	github.firstbloom-data.a6cb0026	family.baseline.firstbloom-industry	a6cb0026d1af9642724793c799bbc48dc189ba35	2018-10-24	product_release_id=597	en	TASTING_NOTE	f5941b2d60c85a665ed0ff07982625f4bb891746c64d51dfd8e8d0b7216f714e	"{""external_release_key"":""597"",""product_id"":""587"",""raw_field_sha256"":""f5941b2d60c85a665ed0ff07982625f4bb891746c64d51dfd8e8d0b7216f714e"",""retention"":""dual-reviewed-short-phrases-only""}"	false	false	false	true	false	false	NO_PERSONAL_DATA	PUBLIC_DERIVED_ONLY	true
document.firstbloom.release_599	github.firstbloom-data.a6cb0026	family.baseline.firstbloom-industry	a6cb0026d1af9642724793c799bbc48dc189ba35	2018-10-25	product_release_id=599	en	TASTING_NOTE	bac43b04d83a01e0958d0ca1c4d005be33c6a0f2504575e2114b27562930a74a	"{""external_release_key"":""599"",""product_id"":""589"",""raw_field_sha256"":""bac43b04d83a01e0958d0ca1c4d005be33c6a0f2504575e2114b27562930a74a"",""retention"":""dual-reviewed-short-phrases-only""}"	false	false	false	true	false	false	NO_PERSONAL_DATA	PUBLIC_DERIVED_ONLY	true
document.firstbloom.release_600	github.firstbloom-data.a6cb0026	family.baseline.firstbloom-industry	a6cb0026d1af9642724793c799bbc48dc189ba35	2018-10-25	product_release_id=600	en	TASTING_NOTE	718eec0e022c9e3a3a0786f18e15e02efe43042de12edbb25b5b3f888cfa6e8f	"{""external_release_key"":""600"",""product_id"":""590"",""raw_field_sha256"":""718eec0e022c9e3a3a0786f18e15e02efe43042de12edbb25b5b3f888cfa6e8f"",""retention"":""dual-reviewed-short-phrases-only""}"	false	false	false	true	false	false	NO_PERSONAL_DATA	PUBLIC_DERIVED_ONLY	true
document.firstbloom.release_601	github.firstbloom-data.a6cb0026	family.baseline.firstbloom-industry	a6cb0026d1af9642724793c799bbc48dc189ba35	2018-10-25	product_release_id=601	en	TASTING_NOTE	b13228209f2844dfd8f0ec5c92a45e2016b238be6019c70fd51e28e14103148a	"{""external_release_key"":""601"",""product_id"":""591"",""raw_field_sha256"":""b13228209f2844dfd8f0ec5c92a45e2016b238be6019c70fd51e28e14103148a"",""retention"":""dual-reviewed-short-phrases-only""}"	false	false	false	true	false	false	NO_PERSONAL_DATA	PUBLIC_DERIVED_ONLY	true
document.firstbloom.release_609	github.firstbloom-data.a6cb0026	family.baseline.firstbloom-industry	a6cb0026d1af9642724793c799bbc48dc189ba35	2018-10-25	product_release_id=609	en	TASTING_NOTE	053258ce718a69fa36c6486c3a88aaee578786334339043242a4605ba4b45eeb	"{""external_release_key"":""609"",""product_id"":""599"",""raw_field_sha256"":""053258ce718a69fa36c6486c3a88aaee578786334339043242a4605ba4b45eeb"",""retention"":""dual-reviewed-short-phrases-only""}"	false	false	false	true	false	false	NO_PERSONAL_DATA	PUBLIC_DERIVED_ONLY	true
document.firstbloom.release_611	github.firstbloom-data.a6cb0026	family.baseline.firstbloom-industry	a6cb0026d1af9642724793c799bbc48dc189ba35	2018-10-25	product_release_id=611	en	TASTING_NOTE	969985c6994cb851341d5e4f672c2749a42e7da79dab313733ca48c16996a022	"{""external_release_key"":""611"",""product_id"":""460"",""raw_field_sha256"":""969985c6994cb851341d5e4f672c2749a42e7da79dab313733ca48c16996a022"",""retention"":""dual-reviewed-short-phrases-only""}"	false	false	false	true	false	false	NO_PERSONAL_DATA	PUBLIC_DERIVED_ONLY	true
document.firstbloom.release_618	github.firstbloom-data.a6cb0026	family.baseline.firstbloom-industry	a6cb0026d1af9642724793c799bbc48dc189ba35	2018-10-26	product_release_id=618	en	TASTING_NOTE	c0b2b969a10b1553dbc00818c33f8274dad81081737fcade9e819743ebfd8d5c	"{""external_release_key"":""618"",""product_id"":""607"",""raw_field_sha256"":""c0b2b969a10b1553dbc00818c33f8274dad81081737fcade9e819743ebfd8d5c"",""retention"":""dual-reviewed-short-phrases-only""}"	false	false	false	true	false	false	NO_PERSONAL_DATA	PUBLIC_DERIVED_ONLY	true
document.firstbloom.release_634	github.firstbloom-data.a6cb0026	family.baseline.firstbloom-industry	a6cb0026d1af9642724793c799bbc48dc189ba35	2018-10-31	product_release_id=634	en	TASTING_NOTE	8d9de9a650efe7a3fdb7edee1d9eb9f397ff9ec3cd6518278fddf50586c7f467	"{""external_release_key"":""634"",""product_id"":""623"",""raw_field_sha256"":""8d9de9a650efe7a3fdb7edee1d9eb9f397ff9ec3cd6518278fddf50586c7f467"",""retention"":""dual-reviewed-short-phrases-only""}"	false	false	false	true	false	false	NO_PERSONAL_DATA	PUBLIC_DERIVED_ONLY	true
document.firstbloom.release_635	github.firstbloom-data.a6cb0026	family.baseline.firstbloom-industry	a6cb0026d1af9642724793c799bbc48dc189ba35	2018-10-31	product_release_id=635	en	TASTING_NOTE	11a02c60d14d2b2c8a48d7fbeace98da93e6b05f85e5b01014abd28db8af5251	"{""external_release_key"":""635"",""product_id"":""624"",""raw_field_sha256"":""11a02c60d14d2b2c8a48d7fbeace98da93e6b05f85e5b01014abd28db8af5251"",""retention"":""dual-reviewed-short-phrases-only""}"	false	false	false	true	false	false	NO_PERSONAL_DATA	PUBLIC_DERIVED_ONLY	true
document.firstbloom.release_636	github.firstbloom-data.a6cb0026	family.baseline.firstbloom-industry	a6cb0026d1af9642724793c799bbc48dc189ba35	2018-10-31	product_release_id=636	en	TASTING_NOTE	d783526896484c3b58c613efca421b3b9b0265470c23ca929dc917d023e590d6	"{""external_release_key"":""636"",""product_id"":""625"",""raw_field_sha256"":""d783526896484c3b58c613efca421b3b9b0265470c23ca929dc917d023e590d6"",""retention"":""dual-reviewed-short-phrases-only""}"	false	false	false	true	false	false	NO_PERSONAL_DATA	PUBLIC_DERIVED_ONLY	true
document.firstbloom.release_638	github.firstbloom-data.a6cb0026	family.baseline.firstbloom-industry	a6cb0026d1af9642724793c799bbc48dc189ba35	2018-10-31	product_release_id=638	en	TASTING_NOTE	0daf26b460701dfe039065443347e8f5d82fbf6d547812bd23d8e12bdbc2cc3e	"{""external_release_key"":""638"",""product_id"":""627"",""raw_field_sha256"":""0daf26b460701dfe039065443347e8f5d82fbf6d547812bd23d8e12bdbc2cc3e"",""retention"":""dual-reviewed-short-phrases-only""}"	false	false	false	true	false	false	NO_PERSONAL_DATA	PUBLIC_DERIVED_ONLY	true
document.firstbloom.release_642	github.firstbloom-data.a6cb0026	family.baseline.firstbloom-industry	a6cb0026d1af9642724793c799bbc48dc189ba35	2018-10-31	product_release_id=642	en	TASTING_NOTE	df4151e821bd6fd3f598a3f40b67ded6516e8239937172f98a5ea8dad4ce5b7c	"{""external_release_key"":""642"",""product_id"":""631"",""raw_field_sha256"":""df4151e821bd6fd3f598a3f40b67ded6516e8239937172f98a5ea8dad4ce5b7c"",""retention"":""dual-reviewed-short-phrases-only""}"	false	false	false	true	false	false	NO_PERSONAL_DATA	PUBLIC_DERIVED_ONLY	true
document.firstbloom.release_643	github.firstbloom-data.a6cb0026	family.baseline.firstbloom-industry	a6cb0026d1af9642724793c799bbc48dc189ba35	2018-10-31	product_release_id=643	en	TASTING_NOTE	78a854f9ba6c87664e1dd46f9fdb33ba832353f84ea72dea216f2d862d42fdc0	"{""external_release_key"":""643"",""product_id"":""632"",""raw_field_sha256"":""78a854f9ba6c87664e1dd46f9fdb33ba832353f84ea72dea216f2d862d42fdc0"",""retention"":""dual-reviewed-short-phrases-only""}"	false	false	false	true	false	false	NO_PERSONAL_DATA	PUBLIC_DERIVED_ONLY	true
document.firstbloom.release_647	github.firstbloom-data.a6cb0026	family.baseline.firstbloom-industry	a6cb0026d1af9642724793c799bbc48dc189ba35	2018-10-31	product_release_id=647	en	TASTING_NOTE	843a05ba9311be88c5679faf2f15e37ed52041bfbe454c02a6d1dd11230fdb38	"{""external_release_key"":""647"",""product_id"":""636"",""raw_field_sha256"":""843a05ba9311be88c5679faf2f15e37ed52041bfbe454c02a6d1dd11230fdb38"",""retention"":""dual-reviewed-short-phrases-only""}"	false	false	false	true	false	false	NO_PERSONAL_DATA	PUBLIC_DERIVED_ONLY	true
document.firstbloom.release_649	github.firstbloom-data.a6cb0026	family.baseline.firstbloom-industry	a6cb0026d1af9642724793c799bbc48dc189ba35	2018-10-31	product_release_id=649	en	TASTING_NOTE	574e24b44ec447ce0a8fcfad231556ce881ae6ce165a0bdd6266cb313bf08952	"{""external_release_key"":""649"",""product_id"":""638"",""raw_field_sha256"":""574e24b44ec447ce0a8fcfad231556ce881ae6ce165a0bdd6266cb313bf08952"",""retention"":""dual-reviewed-short-phrases-only""}"	false	false	false	true	false	false	NO_PERSONAL_DATA	PUBLIC_DERIVED_ONLY	true
document.firstbloom.release_651	github.firstbloom-data.a6cb0026	family.baseline.firstbloom-industry	a6cb0026d1af9642724793c799bbc48dc189ba35	2018-10-31	product_release_id=651	en	TASTING_NOTE	a843eea06ff17d56961a768a583a0d07820bd16d644c70f860a451d0f346e57f	"{""external_release_key"":""651"",""product_id"":""640"",""raw_field_sha256"":""a843eea06ff17d56961a768a583a0d07820bd16d644c70f860a451d0f346e57f"",""retention"":""dual-reviewed-short-phrases-only""}"	false	false	false	true	false	false	NO_PERSONAL_DATA	PUBLIC_DERIVED_ONLY	true
document.firstbloom.release_653	github.firstbloom-data.a6cb0026	family.baseline.firstbloom-industry	a6cb0026d1af9642724793c799bbc48dc189ba35	2018-11-02	product_release_id=653	en	TASTING_NOTE	9c97247f9489204d37ad877322d734654b3801678245ecd1f8a3a14617ba1e8f	"{""external_release_key"":""653"",""product_id"":""642"",""raw_field_sha256"":""9c97247f9489204d37ad877322d734654b3801678245ecd1f8a3a14617ba1e8f"",""retention"":""dual-reviewed-short-phrases-only""}"	false	false	false	true	false	false	NO_PERSONAL_DATA	PUBLIC_DERIVED_ONLY	true
document.firstbloom.release_655	github.firstbloom-data.a6cb0026	family.baseline.firstbloom-industry	a6cb0026d1af9642724793c799bbc48dc189ba35	2018-11-02	product_release_id=655	en	TASTING_NOTE	cb36eca0bcff27feb52a8e107f7a88547ac90c4ec63c14b94f693a9dd428efc2	"{""external_release_key"":""655"",""product_id"":""644"",""raw_field_sha256"":""cb36eca0bcff27feb52a8e107f7a88547ac90c4ec63c14b94f693a9dd428efc2"",""retention"":""dual-reviewed-short-phrases-only""}"	false	false	false	true	false	false	NO_PERSONAL_DATA	PUBLIC_DERIVED_ONLY	true
document.firstbloom.release_659	github.firstbloom-data.a6cb0026	family.baseline.firstbloom-industry	a6cb0026d1af9642724793c799bbc48dc189ba35	2018-11-03	product_release_id=659	en	TASTING_NOTE	7ff989535a2b352b309ee22ffd28f3936db92cf382399293e69269996ca18175	"{""external_release_key"":""659"",""product_id"":""648"",""raw_field_sha256"":""7ff989535a2b352b309ee22ffd28f3936db92cf382399293e69269996ca18175"",""retention"":""dual-reviewed-short-phrases-only""}"	false	false	false	true	false	false	NO_PERSONAL_DATA	PUBLIC_DERIVED_ONLY	true
document.firstbloom.release_673	github.firstbloom-data.a6cb0026	family.baseline.firstbloom-industry	a6cb0026d1af9642724793c799bbc48dc189ba35	2018-11-06	product_release_id=673	en	TASTING_NOTE	4280205c8da4dc23b5782ab882b70cbb06dbf87d5f4dae446396027382aedc42	"{""external_release_key"":""673"",""product_id"":""662"",""raw_field_sha256"":""4280205c8da4dc23b5782ab882b70cbb06dbf87d5f4dae446396027382aedc42"",""retention"":""dual-reviewed-short-phrases-only""}"	false	false	false	true	false	false	NO_PERSONAL_DATA	PUBLIC_DERIVED_ONLY	true
document.firstbloom.release_678	github.firstbloom-data.a6cb0026	family.baseline.firstbloom-industry	a6cb0026d1af9642724793c799bbc48dc189ba35	2018-11-06	product_release_id=678	en	TASTING_NOTE	e8d781b587d4d3321021a386563631efead68f240247f7985b98f3b60035b241	"{""external_release_key"":""678"",""product_id"":""667"",""raw_field_sha256"":""e8d781b587d4d3321021a386563631efead68f240247f7985b98f3b60035b241"",""retention"":""dual-reviewed-short-phrases-only""}"	false	false	false	true	false	false	NO_PERSONAL_DATA	PUBLIC_DERIVED_ONLY	true
document.firstbloom.release_68	github.firstbloom-data.a6cb0026	family.baseline.firstbloom-industry	a6cb0026d1af9642724793c799bbc48dc189ba35	2017-12-29	product_release_id=68	en	TASTING_NOTE	3bb97ff1726be9d54d81706f16bc6e906b191bc64526567350e5016c1ace6ec6	"{""external_release_key"":""68"",""product_id"":""103"",""raw_field_sha256"":""3bb97ff1726be9d54d81706f16bc6e906b191bc64526567350e5016c1ace6ec6"",""retention"":""dual-reviewed-short-phrases-only""}"	false	false	false	true	false	false	NO_PERSONAL_DATA	PUBLIC_DERIVED_ONLY	true
document.firstbloom.release_683	github.firstbloom-data.a6cb0026	family.baseline.firstbloom-industry	a6cb0026d1af9642724793c799bbc48dc189ba35	2018-11-06	product_release_id=683	en	TASTING_NOTE	684136bc2da5700e7cc8985719cdac8fa27f4e21c5463b26adb82da305414735	"{""external_release_key"":""683"",""product_id"":""672"",""raw_field_sha256"":""684136bc2da5700e7cc8985719cdac8fa27f4e21c5463b26adb82da305414735"",""retention"":""dual-reviewed-short-phrases-only""}"	false	false	false	true	false	false	NO_PERSONAL_DATA	PUBLIC_DERIVED_ONLY	true
document.firstbloom.release_690	github.firstbloom-data.a6cb0026	family.baseline.firstbloom-industry	a6cb0026d1af9642724793c799bbc48dc189ba35	2018-11-07	product_release_id=690	en	TASTING_NOTE	1c3702def93f0f8915d5ff6c979fe1a60f5a2e87d9cadd706418867eeeaa30a8	"{""external_release_key"":""690"",""product_id"":""679"",""raw_field_sha256"":""1c3702def93f0f8915d5ff6c979fe1a60f5a2e87d9cadd706418867eeeaa30a8"",""retention"":""dual-reviewed-short-phrases-only""}"	false	false	false	true	false	false	NO_PERSONAL_DATA	PUBLIC_DERIVED_ONLY	true
document.firstbloom.release_692	github.firstbloom-data.a6cb0026	family.baseline.firstbloom-industry	a6cb0026d1af9642724793c799bbc48dc189ba35	2018-11-07	product_release_id=692	en	TASTING_NOTE	e801fb59e1595f1bfe8794c8ce6219d1f0bb92ac499a20c394fdb4e477a6611b	"{""external_release_key"":""692"",""product_id"":""681"",""raw_field_sha256"":""e801fb59e1595f1bfe8794c8ce6219d1f0bb92ac499a20c394fdb4e477a6611b"",""retention"":""dual-reviewed-short-phrases-only""}"	false	false	false	true	false	false	NO_PERSONAL_DATA	PUBLIC_DERIVED_ONLY	true
document.firstbloom.release_693	github.firstbloom-data.a6cb0026	family.baseline.firstbloom-industry	a6cb0026d1af9642724793c799bbc48dc189ba35	2018-11-07	product_release_id=693	en	TASTING_NOTE	95c7842975bf8cea5befada7e60f957bb312a43ab5a0652b9306f981d17b5349	"{""external_release_key"":""693"",""product_id"":""682"",""raw_field_sha256"":""95c7842975bf8cea5befada7e60f957bb312a43ab5a0652b9306f981d17b5349"",""retention"":""dual-reviewed-short-phrases-only""}"	false	false	false	true	false	false	NO_PERSONAL_DATA	PUBLIC_DERIVED_ONLY	true
document.firstbloom.release_699	github.firstbloom-data.a6cb0026	family.baseline.firstbloom-industry	a6cb0026d1af9642724793c799bbc48dc189ba35	2018-11-10	product_release_id=699	en	TASTING_NOTE	91f96bff75bb6b01d7908891ab22148447c1342658e7a8d6f49f7393d3f8bd60	"{""external_release_key"":""699"",""product_id"":""688"",""raw_field_sha256"":""91f96bff75bb6b01d7908891ab22148447c1342658e7a8d6f49f7393d3f8bd60"",""retention"":""dual-reviewed-short-phrases-only""}"	false	false	false	true	false	false	NO_PERSONAL_DATA	PUBLIC_DERIVED_ONLY	true
document.firstbloom.release_708	github.firstbloom-data.a6cb0026	family.baseline.firstbloom-industry	a6cb0026d1af9642724793c799bbc48dc189ba35	2018-11-13	product_release_id=708	en	TASTING_NOTE	a396ca9ea24831ac037a9afc38ae70e7a71af2fd13011f4e3c17710d37483c5e	"{""external_release_key"":""708"",""product_id"":""697"",""raw_field_sha256"":""a396ca9ea24831ac037a9afc38ae70e7a71af2fd13011f4e3c17710d37483c5e"",""retention"":""dual-reviewed-short-phrases-only""}"	false	false	false	true	false	false	NO_PERSONAL_DATA	PUBLIC_DERIVED_ONLY	true
document.firstbloom.release_71	github.firstbloom-data.a6cb0026	family.baseline.firstbloom-industry	a6cb0026d1af9642724793c799bbc48dc189ba35	2017-12-29	product_release_id=71	en	TASTING_NOTE	3880f4bca0689726089e9fbc0224d47ddb60da34d3cbfc28aa25709758cbcbe5	"{""external_release_key"":""71"",""product_id"":""94"",""raw_field_sha256"":""3880f4bca0689726089e9fbc0224d47ddb60da34d3cbfc28aa25709758cbcbe5"",""retention"":""dual-reviewed-short-phrases-only""}"	false	false	false	true	false	false	NO_PERSONAL_DATA	PUBLIC_DERIVED_ONLY	true
document.firstbloom.release_715	github.firstbloom-data.a6cb0026	family.baseline.firstbloom-industry	a6cb0026d1af9642724793c799bbc48dc189ba35	2018-11-14	product_release_id=715	en	TASTING_NOTE	55ec6286bd7c03fc288343325f244c0ad13572fe1919e826df95f46fa431fd0a	"{""external_release_key"":""715"",""product_id"":""704"",""raw_field_sha256"":""55ec6286bd7c03fc288343325f244c0ad13572fe1919e826df95f46fa431fd0a"",""retention"":""dual-reviewed-short-phrases-only""}"	false	false	false	true	false	false	NO_PERSONAL_DATA	PUBLIC_DERIVED_ONLY	true
document.firstbloom.release_716	github.firstbloom-data.a6cb0026	family.baseline.firstbloom-industry	a6cb0026d1af9642724793c799bbc48dc189ba35	2018-11-14	product_release_id=716	en	TASTING_NOTE	66bcca51bc3f74e17a90202efd60da7cd3e5b538b395b647051c7f1caf0eed29	"{""external_release_key"":""716"",""product_id"":""705"",""raw_field_sha256"":""66bcca51bc3f74e17a90202efd60da7cd3e5b538b395b647051c7f1caf0eed29"",""retention"":""dual-reviewed-short-phrases-only""}"	false	false	false	true	false	false	NO_PERSONAL_DATA	PUBLIC_DERIVED_ONLY	true
document.firstbloom.release_717	github.firstbloom-data.a6cb0026	family.baseline.firstbloom-industry	a6cb0026d1af9642724793c799bbc48dc189ba35	2018-11-14	product_release_id=717	en	TASTING_NOTE	53882a5fbd00ae24178bc5ab5ecbef9c35af35251a22728327a0655f2046d805	"{""external_release_key"":""717"",""product_id"":""706"",""raw_field_sha256"":""53882a5fbd00ae24178bc5ab5ecbef9c35af35251a22728327a0655f2046d805"",""retention"":""dual-reviewed-short-phrases-only""}"	false	false	false	true	false	false	NO_PERSONAL_DATA	PUBLIC_DERIVED_ONLY	true
document.firstbloom.release_719	github.firstbloom-data.a6cb0026	family.baseline.firstbloom-industry	a6cb0026d1af9642724793c799bbc48dc189ba35	2018-11-14	product_release_id=719	en	TASTING_NOTE	1231f223c2b4785ae407c7ad81f33d20c2daab5e05d386bbcec35bcfd5360af9	"{""external_release_key"":""719"",""product_id"":""708"",""raw_field_sha256"":""1231f223c2b4785ae407c7ad81f33d20c2daab5e05d386bbcec35bcfd5360af9"",""retention"":""dual-reviewed-short-phrases-only""}"	false	false	false	true	false	false	NO_PERSONAL_DATA	PUBLIC_DERIVED_ONLY	true
document.firstbloom.release_721	github.firstbloom-data.a6cb0026	family.baseline.firstbloom-industry	a6cb0026d1af9642724793c799bbc48dc189ba35	2018-11-14	product_release_id=721	en	TASTING_NOTE	6cace250ab63282518225255b7fd4e0935e4eb425bdb414c31858a64dc95ce4c	"{""external_release_key"":""721"",""product_id"":""710"",""raw_field_sha256"":""6cace250ab63282518225255b7fd4e0935e4eb425bdb414c31858a64dc95ce4c"",""retention"":""dual-reviewed-short-phrases-only""}"	false	false	false	true	false	false	NO_PERSONAL_DATA	PUBLIC_DERIVED_ONLY	true
document.firstbloom.release_722	github.firstbloom-data.a6cb0026	family.baseline.firstbloom-industry	a6cb0026d1af9642724793c799bbc48dc189ba35	2018-11-15	product_release_id=722	en	TASTING_NOTE	09e4439db0381ac590918ecf2ce83037f8666064bb9c8f068c931c3ae5d11086	"{""external_release_key"":""722"",""product_id"":""711"",""raw_field_sha256"":""09e4439db0381ac590918ecf2ce83037f8666064bb9c8f068c931c3ae5d11086"",""retention"":""dual-reviewed-short-phrases-only""}"	false	false	false	true	false	false	NO_PERSONAL_DATA	PUBLIC_DERIVED_ONLY	true
document.firstbloom.release_723	github.firstbloom-data.a6cb0026	family.baseline.firstbloom-industry	a6cb0026d1af9642724793c799bbc48dc189ba35	2018-11-15	product_release_id=723	en	TASTING_NOTE	b2419c868ab4d35907dd506e8a6f51a68521db45f9ea73561d5011e7240d625b	"{""external_release_key"":""723"",""product_id"":""712"",""raw_field_sha256"":""b2419c868ab4d35907dd506e8a6f51a68521db45f9ea73561d5011e7240d625b"",""retention"":""dual-reviewed-short-phrases-only""}"	false	false	false	true	false	false	NO_PERSONAL_DATA	PUBLIC_DERIVED_ONLY	true
document.firstbloom.release_728	github.firstbloom-data.a6cb0026	family.baseline.firstbloom-industry	a6cb0026d1af9642724793c799bbc48dc189ba35	2018-11-16	product_release_id=728	en	TASTING_NOTE	92d7dec07029704702f90f93120f254839488873681efd88527673b5993009f6	"{""external_release_key"":""728"",""product_id"":""717"",""raw_field_sha256"":""92d7dec07029704702f90f93120f254839488873681efd88527673b5993009f6"",""retention"":""dual-reviewed-short-phrases-only""}"	false	false	false	true	false	false	NO_PERSONAL_DATA	PUBLIC_DERIVED_ONLY	true
document.firstbloom.release_74	github.firstbloom-data.a6cb0026	family.baseline.firstbloom-industry	a6cb0026d1af9642724793c799bbc48dc189ba35	2017-12-29	product_release_id=74	en	TASTING_NOTE	1d1a7000430359070142e9a680bc02616dc499d730d9708e25b2123f773bdc24	"{""external_release_key"":""74"",""product_id"":""74"",""raw_field_sha256"":""1d1a7000430359070142e9a680bc02616dc499d730d9708e25b2123f773bdc24"",""retention"":""dual-reviewed-short-phrases-only""}"	false	false	false	true	false	false	NO_PERSONAL_DATA	PUBLIC_DERIVED_ONLY	true
document.firstbloom.release_747	github.firstbloom-data.a6cb0026	family.baseline.firstbloom-industry	a6cb0026d1af9642724793c799bbc48dc189ba35	2018-11-21	product_release_id=747	en	TASTING_NOTE	81bec7104769e7cc334015a24b7d0ffc4a825a48220ace28d2e39bf3144a9932	"{""external_release_key"":""747"",""product_id"":""735"",""raw_field_sha256"":""81bec7104769e7cc334015a24b7d0ffc4a825a48220ace28d2e39bf3144a9932"",""retention"":""dual-reviewed-short-phrases-only""}"	false	false	false	true	false	false	NO_PERSONAL_DATA	PUBLIC_DERIVED_ONLY	true
document.firstbloom.release_760	github.firstbloom-data.a6cb0026	family.baseline.firstbloom-industry	a6cb0026d1af9642724793c799bbc48dc189ba35	2018-11-21	product_release_id=760	en	TASTING_NOTE	88bfaa2f3e65dd0b616bcff75ac2bc065efb76b88e1b8e259b99b09ab6220e1b	"{""external_release_key"":""760"",""product_id"":""748"",""raw_field_sha256"":""88bfaa2f3e65dd0b616bcff75ac2bc065efb76b88e1b8e259b99b09ab6220e1b"",""retention"":""dual-reviewed-short-phrases-only""}"	false	false	false	true	false	false	NO_PERSONAL_DATA	PUBLIC_DERIVED_ONLY	true
document.firstbloom.release_769	github.firstbloom-data.a6cb0026	family.baseline.firstbloom-industry	a6cb0026d1af9642724793c799bbc48dc189ba35	2018-11-24	product_release_id=769	en	TASTING_NOTE	97407e4efd432e4a19d9ce15651b5f4c62824fcacb9dc31230ec22374b8cb8fa	"{""external_release_key"":""769"",""product_id"":""756"",""raw_field_sha256"":""97407e4efd432e4a19d9ce15651b5f4c62824fcacb9dc31230ec22374b8cb8fa"",""retention"":""dual-reviewed-short-phrases-only""}"	false	false	false	true	false	false	NO_PERSONAL_DATA	PUBLIC_DERIVED_ONLY	true
document.firstbloom.release_770	github.firstbloom-data.a6cb0026	family.baseline.firstbloom-industry	a6cb0026d1af9642724793c799bbc48dc189ba35	2018-11-24	product_release_id=770	en	TASTING_NOTE	95481f037e26def440d9f573631a10576ec643e7a5a4aa82d936c00d76f6e1fe	"{""external_release_key"":""770"",""product_id"":""757"",""raw_field_sha256"":""95481f037e26def440d9f573631a10576ec643e7a5a4aa82d936c00d76f6e1fe"",""retention"":""dual-reviewed-short-phrases-only""}"	false	false	false	true	false	false	NO_PERSONAL_DATA	PUBLIC_DERIVED_ONLY	true
document.firstbloom.release_772	github.firstbloom-data.a6cb0026	family.baseline.firstbloom-industry	a6cb0026d1af9642724793c799bbc48dc189ba35	2018-11-24	product_release_id=772	en	TASTING_NOTE	ee3c1deffacb509d17ce39cecd85d5ce0613a36d9c95703f6cfa7a7ec339a8bb	"{""external_release_key"":""772"",""product_id"":""759"",""raw_field_sha256"":""ee3c1deffacb509d17ce39cecd85d5ce0613a36d9c95703f6cfa7a7ec339a8bb"",""retention"":""dual-reviewed-short-phrases-only""}"	false	false	false	true	false	false	NO_PERSONAL_DATA	PUBLIC_DERIVED_ONLY	true
document.firstbloom.release_776	github.firstbloom-data.a6cb0026	family.baseline.firstbloom-industry	a6cb0026d1af9642724793c799bbc48dc189ba35	2018-11-28	product_release_id=776	en	TASTING_NOTE	8b4846baa4d86b386ac8d6c88dcd64567de2d85344751c202ccda75a697dc749	"{""external_release_key"":""776"",""product_id"":""763"",""raw_field_sha256"":""8b4846baa4d86b386ac8d6c88dcd64567de2d85344751c202ccda75a697dc749"",""retention"":""dual-reviewed-short-phrases-only""}"	false	false	false	true	false	false	NO_PERSONAL_DATA	PUBLIC_DERIVED_ONLY	true
document.firstbloom.release_778	github.firstbloom-data.a6cb0026	family.baseline.firstbloom-industry	a6cb0026d1af9642724793c799bbc48dc189ba35	2018-11-28	product_release_id=778	en	TASTING_NOTE	b36b2c5918fb9dd6f6c744499a1fbebc20b48d409db63785007a48bbd554394b	"{""external_release_key"":""778"",""product_id"":""765"",""raw_field_sha256"":""b36b2c5918fb9dd6f6c744499a1fbebc20b48d409db63785007a48bbd554394b"",""retention"":""dual-reviewed-short-phrases-only""}"	false	false	false	true	false	false	NO_PERSONAL_DATA	PUBLIC_DERIVED_ONLY	true
document.firstbloom.release_779	github.firstbloom-data.a6cb0026	family.baseline.firstbloom-industry	a6cb0026d1af9642724793c799bbc48dc189ba35	2018-11-28	product_release_id=779	en	TASTING_NOTE	06f725de3e8963ea19dc2018b999ea397b1d1417528b6ff2635d1a6bf60e7feb	"{""external_release_key"":""779"",""product_id"":""766"",""raw_field_sha256"":""06f725de3e8963ea19dc2018b999ea397b1d1417528b6ff2635d1a6bf60e7feb"",""retention"":""dual-reviewed-short-phrases-only""}"	false	false	false	true	false	false	NO_PERSONAL_DATA	PUBLIC_DERIVED_ONLY	true
document.firstbloom.release_781	github.firstbloom-data.a6cb0026	family.baseline.firstbloom-industry	a6cb0026d1af9642724793c799bbc48dc189ba35	2018-11-28	product_release_id=781	en	TASTING_NOTE	c7bdf5df5b37264bf1242ba5a7e723aa4fba8632295facc850e84fcdc2e1c323	"{""external_release_key"":""781"",""product_id"":""768"",""raw_field_sha256"":""c7bdf5df5b37264bf1242ba5a7e723aa4fba8632295facc850e84fcdc2e1c323"",""retention"":""dual-reviewed-short-phrases-only""}"	false	false	false	true	false	false	NO_PERSONAL_DATA	PUBLIC_DERIVED_ONLY	true
document.firstbloom.release_783	github.firstbloom-data.a6cb0026	family.baseline.firstbloom-industry	a6cb0026d1af9642724793c799bbc48dc189ba35	2018-11-28	product_release_id=783	en	TASTING_NOTE	be8f301682d161d9dc2706e11cafd20ae82ca491c967ccae7dc69c0c5ca21337	"{""external_release_key"":""783"",""product_id"":""770"",""raw_field_sha256"":""be8f301682d161d9dc2706e11cafd20ae82ca491c967ccae7dc69c0c5ca21337"",""retention"":""dual-reviewed-short-phrases-only""}"	false	false	false	true	false	false	NO_PERSONAL_DATA	PUBLIC_DERIVED_ONLY	true
document.firstbloom.release_785	github.firstbloom-data.a6cb0026	family.baseline.firstbloom-industry	a6cb0026d1af9642724793c799bbc48dc189ba35	2018-11-30	product_release_id=785	en	TASTING_NOTE	c6a1e7e68945a0c2bc24a342becbc922c6ed5a3d9a6d55574ae3dd8e8fcca1c0	"{""external_release_key"":""785"",""product_id"":""772"",""raw_field_sha256"":""c6a1e7e68945a0c2bc24a342becbc922c6ed5a3d9a6d55574ae3dd8e8fcca1c0"",""retention"":""dual-reviewed-short-phrases-only""}"	false	false	false	true	false	false	NO_PERSONAL_DATA	PUBLIC_DERIVED_ONLY	true
document.firstbloom.release_789	github.firstbloom-data.a6cb0026	family.baseline.firstbloom-industry	a6cb0026d1af9642724793c799bbc48dc189ba35	2018-12-01	product_release_id=789	en	TASTING_NOTE	933ba9e99bd7ea826e4942ddab93d6248f0a58e7a17b4254773e9bfe1ab74f8c	"{""external_release_key"":""789"",""product_id"":""776"",""raw_field_sha256"":""933ba9e99bd7ea826e4942ddab93d6248f0a58e7a17b4254773e9bfe1ab74f8c"",""retention"":""dual-reviewed-short-phrases-only""}"	false	false	false	true	false	false	NO_PERSONAL_DATA	PUBLIC_DERIVED_ONLY	true
document.firstbloom.release_790	github.firstbloom-data.a6cb0026	family.baseline.firstbloom-industry	a6cb0026d1af9642724793c799bbc48dc189ba35	2018-12-01	product_release_id=790	en	TASTING_NOTE	1c7c2e4751085230b1ccb42049665e704107273b797e08303a55fbe5c946fef2	"{""external_release_key"":""790"",""product_id"":""777"",""raw_field_sha256"":""1c7c2e4751085230b1ccb42049665e704107273b797e08303a55fbe5c946fef2"",""retention"":""dual-reviewed-short-phrases-only""}"	false	false	false	true	false	false	NO_PERSONAL_DATA	PUBLIC_DERIVED_ONLY	true
document.firstbloom.release_791	github.firstbloom-data.a6cb0026	family.baseline.firstbloom-industry	a6cb0026d1af9642724793c799bbc48dc189ba35	2018-12-01	product_release_id=791	en	TASTING_NOTE	b838c57818dda0b7dc5caaf5e51d8ff3dc7b8804d5bd65b5f2739c9e7a2098e5	"{""external_release_key"":""791"",""product_id"":""778"",""raw_field_sha256"":""b838c57818dda0b7dc5caaf5e51d8ff3dc7b8804d5bd65b5f2739c9e7a2098e5"",""retention"":""dual-reviewed-short-phrases-only""}"	false	false	false	true	false	false	NO_PERSONAL_DATA	PUBLIC_DERIVED_ONLY	true
document.firstbloom.release_795	github.firstbloom-data.a6cb0026	family.baseline.firstbloom-industry	a6cb0026d1af9642724793c799bbc48dc189ba35	2018-12-01	product_release_id=795	en	TASTING_NOTE	acf3dd0263088d198862c5a50da63c0d57fed6bd7ec556fa8c63f8d638137859	"{""external_release_key"":""795"",""product_id"":""782"",""raw_field_sha256"":""acf3dd0263088d198862c5a50da63c0d57fed6bd7ec556fa8c63f8d638137859"",""retention"":""dual-reviewed-short-phrases-only""}"	false	false	false	true	false	false	NO_PERSONAL_DATA	PUBLIC_DERIVED_ONLY	true
document.firstbloom.release_796	github.firstbloom-data.a6cb0026	family.baseline.firstbloom-industry	a6cb0026d1af9642724793c799bbc48dc189ba35	2018-12-01	product_release_id=796	en	TASTING_NOTE	baee88988ec36e57e4f60e8b24a51c7551dc11d7c03e3f62062b0d516f61ea93	"{""external_release_key"":""796"",""product_id"":""783"",""raw_field_sha256"":""baee88988ec36e57e4f60e8b24a51c7551dc11d7c03e3f62062b0d516f61ea93"",""retention"":""dual-reviewed-short-phrases-only""}"	false	false	false	true	false	false	NO_PERSONAL_DATA	PUBLIC_DERIVED_ONLY	true
document.firstbloom.release_798	github.firstbloom-data.a6cb0026	family.baseline.firstbloom-industry	a6cb0026d1af9642724793c799bbc48dc189ba35	2018-12-01	product_release_id=798	en	TASTING_NOTE	3d80d6141e901d626818a520eca64f23e6ffc1d2b1d0bf5e647a01b696c88ee8	"{""external_release_key"":""798"",""product_id"":""785"",""raw_field_sha256"":""3d80d6141e901d626818a520eca64f23e6ffc1d2b1d0bf5e647a01b696c88ee8"",""retention"":""dual-reviewed-short-phrases-only""}"	false	false	false	true	false	false	NO_PERSONAL_DATA	PUBLIC_DERIVED_ONLY	true
document.firstbloom.release_80	github.firstbloom-data.a6cb0026	family.baseline.firstbloom-industry	a6cb0026d1af9642724793c799bbc48dc189ba35	2017-12-29	product_release_id=80	en	TASTING_NOTE	656609928402739decf8cb2ee0f1e1989c9d5b285628a906a3b5c232063b3c57	"{""external_release_key"":""80"",""product_id"":""110"",""raw_field_sha256"":""656609928402739decf8cb2ee0f1e1989c9d5b285628a906a3b5c232063b3c57"",""retention"":""dual-reviewed-short-phrases-only""}"	false	false	false	true	false	false	NO_PERSONAL_DATA	PUBLIC_DERIVED_ONLY	true
document.firstbloom.release_801	github.firstbloom-data.a6cb0026	family.baseline.firstbloom-industry	a6cb0026d1af9642724793c799bbc48dc189ba35	2018-12-01	product_release_id=801	en	TASTING_NOTE	6b39de05db1ad7f23f0966495abb3222de41995eb0b9bcb65426f406f5ab1738	"{""external_release_key"":""801"",""product_id"":""788"",""raw_field_sha256"":""6b39de05db1ad7f23f0966495abb3222de41995eb0b9bcb65426f406f5ab1738"",""retention"":""dual-reviewed-short-phrases-only""}"	false	false	false	true	false	false	NO_PERSONAL_DATA	PUBLIC_DERIVED_ONLY	true
document.firstbloom.release_802	github.firstbloom-data.a6cb0026	family.baseline.firstbloom-industry	a6cb0026d1af9642724793c799bbc48dc189ba35	2018-12-01	product_release_id=802	en	TASTING_NOTE	bcd600334a4592585cdbc470fdcd9fd529e47708c41fed20d3f00891cdf2d157	"{""external_release_key"":""802"",""product_id"":""789"",""raw_field_sha256"":""bcd600334a4592585cdbc470fdcd9fd529e47708c41fed20d3f00891cdf2d157"",""retention"":""dual-reviewed-short-phrases-only""}"	false	false	false	true	false	false	NO_PERSONAL_DATA	PUBLIC_DERIVED_ONLY	true
document.firstbloom.release_807	github.firstbloom-data.a6cb0026	family.baseline.firstbloom-industry	a6cb0026d1af9642724793c799bbc48dc189ba35	2018-12-01	product_release_id=807	en	TASTING_NOTE	10c1f1f00b384ce773ee94b83179fa6472f9a5c79d99c6a384a820012d9a9bf7	"{""external_release_key"":""807"",""product_id"":""794"",""raw_field_sha256"":""10c1f1f00b384ce773ee94b83179fa6472f9a5c79d99c6a384a820012d9a9bf7"",""retention"":""dual-reviewed-short-phrases-only""}"	false	false	false	true	false	false	NO_PERSONAL_DATA	PUBLIC_DERIVED_ONLY	true
document.firstbloom.release_809	github.firstbloom-data.a6cb0026	family.baseline.firstbloom-industry	a6cb0026d1af9642724793c799bbc48dc189ba35	2018-12-04	product_release_id=809	en	TASTING_NOTE	88f1448c60d9fcb58affa08febbcec442d4d2320ec21dbe09518d4b060bded80	"{""external_release_key"":""809"",""product_id"":""796"",""raw_field_sha256"":""88f1448c60d9fcb58affa08febbcec442d4d2320ec21dbe09518d4b060bded80"",""retention"":""dual-reviewed-short-phrases-only""}"	false	false	false	true	false	false	NO_PERSONAL_DATA	PUBLIC_DERIVED_ONLY	true
document.firstbloom.release_811	github.firstbloom-data.a6cb0026	family.baseline.firstbloom-industry	a6cb0026d1af9642724793c799bbc48dc189ba35	2018-12-04	product_release_id=811	en	TASTING_NOTE	fc339bc57fffa184c0ff8d120097f86a8ea1b3f7acf23f52bba560ef1ecf75b0	"{""external_release_key"":""811"",""product_id"":""798"",""raw_field_sha256"":""fc339bc57fffa184c0ff8d120097f86a8ea1b3f7acf23f52bba560ef1ecf75b0"",""retention"":""dual-reviewed-short-phrases-only""}"	false	false	false	true	false	false	NO_PERSONAL_DATA	PUBLIC_DERIVED_ONLY	true
document.firstbloom.release_812	github.firstbloom-data.a6cb0026	family.baseline.firstbloom-industry	a6cb0026d1af9642724793c799bbc48dc189ba35	2018-12-04	product_release_id=812	en	TASTING_NOTE	e37406352c29ac0a4f4bd1913db55c7b3888f6c10025e2f3bf4a3f09bd23ded0	"{""external_release_key"":""812"",""product_id"":""799"",""raw_field_sha256"":""e37406352c29ac0a4f4bd1913db55c7b3888f6c10025e2f3bf4a3f09bd23ded0"",""retention"":""dual-reviewed-short-phrases-only""}"	false	false	false	true	false	false	NO_PERSONAL_DATA	PUBLIC_DERIVED_ONLY	true
document.firstbloom.release_813	github.firstbloom-data.a6cb0026	family.baseline.firstbloom-industry	a6cb0026d1af9642724793c799bbc48dc189ba35	2018-12-04	product_release_id=813	en	TASTING_NOTE	05f18b59c1c57ccbc58228a468ad4a0a18a013d6131c6a3a24de7c2e01c99463	"{""external_release_key"":""813"",""product_id"":""800"",""raw_field_sha256"":""05f18b59c1c57ccbc58228a468ad4a0a18a013d6131c6a3a24de7c2e01c99463"",""retention"":""dual-reviewed-short-phrases-only""}"	false	false	false	true	false	false	NO_PERSONAL_DATA	PUBLIC_DERIVED_ONLY	true
document.firstbloom.release_814	github.firstbloom-data.a6cb0026	family.baseline.firstbloom-industry	a6cb0026d1af9642724793c799bbc48dc189ba35	2018-12-04	product_release_id=814	en	TASTING_NOTE	0b40e389a6eec1f7dbf153ba2d8ca7d126c171f2a720fb54fa63367ff0bbba15	"{""external_release_key"":""814"",""product_id"":""801"",""raw_field_sha256"":""0b40e389a6eec1f7dbf153ba2d8ca7d126c171f2a720fb54fa63367ff0bbba15"",""retention"":""dual-reviewed-short-phrases-only""}"	false	false	false	true	false	false	NO_PERSONAL_DATA	PUBLIC_DERIVED_ONLY	true
document.firstbloom.release_816	github.firstbloom-data.a6cb0026	family.baseline.firstbloom-industry	a6cb0026d1af9642724793c799bbc48dc189ba35	2018-12-04	product_release_id=816	en	TASTING_NOTE	88f1448c60d9fcb58affa08febbcec442d4d2320ec21dbe09518d4b060bded80	"{""external_release_key"":""816"",""product_id"":""803"",""raw_field_sha256"":""88f1448c60d9fcb58affa08febbcec442d4d2320ec21dbe09518d4b060bded80"",""retention"":""dual-reviewed-short-phrases-only""}"	false	false	false	true	false	false	NO_PERSONAL_DATA	PUBLIC_DERIVED_ONLY	true
document.firstbloom.release_819	github.firstbloom-data.a6cb0026	family.baseline.firstbloom-industry	a6cb0026d1af9642724793c799bbc48dc189ba35	2018-12-05	product_release_id=819	en	TASTING_NOTE	0bf0c425cdf1be93289e41f0dd2ccf573d6ab43bf35f8cc9f5d435162aab22df	"{""external_release_key"":""819"",""product_id"":""805"",""raw_field_sha256"":""0bf0c425cdf1be93289e41f0dd2ccf573d6ab43bf35f8cc9f5d435162aab22df"",""retention"":""dual-reviewed-short-phrases-only""}"	false	false	false	true	false	false	NO_PERSONAL_DATA	PUBLIC_DERIVED_ONLY	true
document.firstbloom.release_825	github.firstbloom-data.a6cb0026	family.baseline.firstbloom-industry	a6cb0026d1af9642724793c799bbc48dc189ba35	2018-12-05	product_release_id=825	en	TASTING_NOTE	53179acb43f065b59b54d86ed92bcb86e4aef7988aa387d5b40de89f69b87198	"{""external_release_key"":""825"",""product_id"":""811"",""raw_field_sha256"":""53179acb43f065b59b54d86ed92bcb86e4aef7988aa387d5b40de89f69b87198"",""retention"":""dual-reviewed-short-phrases-only""}"	false	false	false	true	false	false	NO_PERSONAL_DATA	PUBLIC_DERIVED_ONLY	true
document.firstbloom.release_826	github.firstbloom-data.a6cb0026	family.baseline.firstbloom-industry	a6cb0026d1af9642724793c799bbc48dc189ba35	2018-12-05	product_release_id=826	en	TASTING_NOTE	2ca0f971b3dfbdcff242f7f64f032633b3bdeb474239a0d0b72a475e27ca8aea	"{""external_release_key"":""826"",""product_id"":""812"",""raw_field_sha256"":""2ca0f971b3dfbdcff242f7f64f032633b3bdeb474239a0d0b72a475e27ca8aea"",""retention"":""dual-reviewed-short-phrases-only""}"	false	false	false	true	false	false	NO_PERSONAL_DATA	PUBLIC_DERIVED_ONLY	true
document.firstbloom.release_827	github.firstbloom-data.a6cb0026	family.baseline.firstbloom-industry	a6cb0026d1af9642724793c799bbc48dc189ba35	2018-12-05	product_release_id=827	en	TASTING_NOTE	68a813324e8bc13a28d19867248fab15bba538f81778fb192963ab731dc88cd0	"{""external_release_key"":""827"",""product_id"":""813"",""raw_field_sha256"":""68a813324e8bc13a28d19867248fab15bba538f81778fb192963ab731dc88cd0"",""retention"":""dual-reviewed-short-phrases-only""}"	false	false	false	true	false	false	NO_PERSONAL_DATA	PUBLIC_DERIVED_ONLY	true
document.firstbloom.release_831	github.firstbloom-data.a6cb0026	family.baseline.firstbloom-industry	a6cb0026d1af9642724793c799bbc48dc189ba35	2018-12-08	product_release_id=831	en	TASTING_NOTE	8e7c57f0893d19fdc67b9a499f6b878eb6a6a69fb7367dac2c511285c0c636ba	"{""external_release_key"":""831"",""product_id"":""817"",""raw_field_sha256"":""8e7c57f0893d19fdc67b9a499f6b878eb6a6a69fb7367dac2c511285c0c636ba"",""retention"":""dual-reviewed-short-phrases-only""}"	false	false	false	true	false	false	NO_PERSONAL_DATA	PUBLIC_DERIVED_ONLY	true
document.firstbloom.release_835	github.firstbloom-data.a6cb0026	family.baseline.firstbloom-industry	a6cb0026d1af9642724793c799bbc48dc189ba35	2018-12-08	product_release_id=835	en	TASTING_NOTE	7c30174201b6f1920ddf47cffc0cf0d5baf127f84794f22be71c8add7a7af82a	"{""external_release_key"":""835"",""product_id"":""146"",""raw_field_sha256"":""7c30174201b6f1920ddf47cffc0cf0d5baf127f84794f22be71c8add7a7af82a"",""retention"":""dual-reviewed-short-phrases-only""}"	false	false	false	true	false	false	NO_PERSONAL_DATA	PUBLIC_DERIVED_ONLY	true
document.firstbloom.release_839	github.firstbloom-data.a6cb0026	family.baseline.firstbloom-industry	a6cb0026d1af9642724793c799bbc48dc189ba35	2018-12-08	product_release_id=839	en	TASTING_NOTE	9ad9e08c6d785dca74b6cba6b7e16eec1f3a3eb257b37e1f211239a937930ebb	"{""external_release_key"":""839"",""product_id"":""824"",""raw_field_sha256"":""9ad9e08c6d785dca74b6cba6b7e16eec1f3a3eb257b37e1f211239a937930ebb"",""retention"":""dual-reviewed-short-phrases-only""}"	false	false	false	true	false	false	NO_PERSONAL_DATA	PUBLIC_DERIVED_ONLY	true
document.firstbloom.release_841	github.firstbloom-data.a6cb0026	family.baseline.firstbloom-industry	a6cb0026d1af9642724793c799bbc48dc189ba35	2018-12-09	product_release_id=841	en	TASTING_NOTE	0c1dc9a99ce826f09b1151069f8603d6b20f3e24dfa81d6d1bffc7cce86182da	"{""external_release_key"":""841"",""product_id"":""826"",""raw_field_sha256"":""0c1dc9a99ce826f09b1151069f8603d6b20f3e24dfa81d6d1bffc7cce86182da"",""retention"":""dual-reviewed-short-phrases-only""}"	false	false	false	true	false	false	NO_PERSONAL_DATA	PUBLIC_DERIVED_ONLY	true
document.firstbloom.release_855	github.firstbloom-data.a6cb0026	family.baseline.firstbloom-industry	a6cb0026d1af9642724793c799bbc48dc189ba35	2018-12-13	product_release_id=855	en	TASTING_NOTE	947d3779cae278952021809cb0deedcfa21fd5d2068471537545a2e57e1b083f	"{""external_release_key"":""855"",""product_id"":""840"",""raw_field_sha256"":""947d3779cae278952021809cb0deedcfa21fd5d2068471537545a2e57e1b083f"",""retention"":""dual-reviewed-short-phrases-only""}"	false	false	false	true	false	false	NO_PERSONAL_DATA	PUBLIC_DERIVED_ONLY	true
document.firstbloom.release_861	github.firstbloom-data.a6cb0026	family.baseline.firstbloom-industry	a6cb0026d1af9642724793c799bbc48dc189ba35	2018-12-17	product_release_id=861	en	TASTING_NOTE	af80863f15aa1004ef42315f617c646de67b43a5d81f0e6bf9e8f9128cb2579c	"{""external_release_key"":""861"",""product_id"":""846"",""raw_field_sha256"":""af80863f15aa1004ef42315f617c646de67b43a5d81f0e6bf9e8f9128cb2579c"",""retention"":""dual-reviewed-short-phrases-only""}"	false	false	false	true	false	false	NO_PERSONAL_DATA	PUBLIC_DERIVED_ONLY	true
document.firstbloom.release_863	github.firstbloom-data.a6cb0026	family.baseline.firstbloom-industry	a6cb0026d1af9642724793c799bbc48dc189ba35	2018-12-17	product_release_id=863	en	TASTING_NOTE	eb52ffe7287ca55cc69012e4df0554b3e3f0eaa7ea0d54a0f595f54a8bdb8d10	"{""external_release_key"":""863"",""product_id"":""848"",""raw_field_sha256"":""eb52ffe7287ca55cc69012e4df0554b3e3f0eaa7ea0d54a0f595f54a8bdb8d10"",""retention"":""dual-reviewed-short-phrases-only""}"	false	false	false	true	false	false	NO_PERSONAL_DATA	PUBLIC_DERIVED_ONLY	true
document.firstbloom.release_869	github.firstbloom-data.a6cb0026	family.baseline.firstbloom-industry	a6cb0026d1af9642724793c799bbc48dc189ba35	2018-12-19	product_release_id=869	en	TASTING_NOTE	0a2dac40c58dc6173c1ca768f516da1501892adab0b56df369b5946dbd694020	"{""external_release_key"":""869"",""product_id"":""854"",""raw_field_sha256"":""0a2dac40c58dc6173c1ca768f516da1501892adab0b56df369b5946dbd694020"",""retention"":""dual-reviewed-short-phrases-only""}"	false	false	false	true	false	false	NO_PERSONAL_DATA	PUBLIC_DERIVED_ONLY	true
document.firstbloom.release_871	github.firstbloom-data.a6cb0026	family.baseline.firstbloom-industry	a6cb0026d1af9642724793c799bbc48dc189ba35	2018-12-19	product_release_id=871	en	TASTING_NOTE	d43420876cc795d471ab589ac9cad0c54137c44f90782f8ba8dc5a1d42fa2725	"{""external_release_key"":""871"",""product_id"":""856"",""raw_field_sha256"":""d43420876cc795d471ab589ac9cad0c54137c44f90782f8ba8dc5a1d42fa2725"",""retention"":""dual-reviewed-short-phrases-only""}"	false	false	false	true	false	false	NO_PERSONAL_DATA	PUBLIC_DERIVED_ONLY	true
document.firstbloom.release_872	github.firstbloom-data.a6cb0026	family.baseline.firstbloom-industry	a6cb0026d1af9642724793c799bbc48dc189ba35	2018-12-19	product_release_id=872	en	TASTING_NOTE	cb58211f79c577b1cbfb4834d3c6a0add441e7d4c8aedf512a1bc5667f3af1e3	"{""external_release_key"":""872"",""product_id"":""857"",""raw_field_sha256"":""cb58211f79c577b1cbfb4834d3c6a0add441e7d4c8aedf512a1bc5667f3af1e3"",""retention"":""dual-reviewed-short-phrases-only""}"	false	false	false	true	false	false	NO_PERSONAL_DATA	PUBLIC_DERIVED_ONLY	true
document.firstbloom.release_874	github.firstbloom-data.a6cb0026	family.baseline.firstbloom-industry	a6cb0026d1af9642724793c799bbc48dc189ba35	2018-12-19	product_release_id=874	en	TASTING_NOTE	5fcc90ef032901719f62933c3c802f3368f6cf0e686da423bc8417459acc1c3d	"{""external_release_key"":""874"",""product_id"":""859"",""raw_field_sha256"":""5fcc90ef032901719f62933c3c802f3368f6cf0e686da423bc8417459acc1c3d"",""retention"":""dual-reviewed-short-phrases-only""}"	false	false	false	true	false	false	NO_PERSONAL_DATA	PUBLIC_DERIVED_ONLY	true
document.firstbloom.release_875	github.firstbloom-data.a6cb0026	family.baseline.firstbloom-industry	a6cb0026d1af9642724793c799bbc48dc189ba35	2018-12-19	product_release_id=875	en	TASTING_NOTE	1ff446d996b9cbba9116cf0ffd308e46aa9009cf3629b993bec3119f4c56a369	"{""external_release_key"":""875"",""product_id"":""860"",""raw_field_sha256"":""1ff446d996b9cbba9116cf0ffd308e46aa9009cf3629b993bec3119f4c56a369"",""retention"":""dual-reviewed-short-phrases-only""}"	false	false	false	true	false	false	NO_PERSONAL_DATA	PUBLIC_DERIVED_ONLY	true
document.firstbloom.release_876	github.firstbloom-data.a6cb0026	family.baseline.firstbloom-industry	a6cb0026d1af9642724793c799bbc48dc189ba35	2018-12-19	product_release_id=876	en	TASTING_NOTE	3b54fdccd5e13dae6e4a3ed57ea1598daf3e5feb16fb1f59b87f399abb8defcd	"{""external_release_key"":""876"",""product_id"":""861"",""raw_field_sha256"":""3b54fdccd5e13dae6e4a3ed57ea1598daf3e5feb16fb1f59b87f399abb8defcd"",""retention"":""dual-reviewed-short-phrases-only""}"	false	false	false	true	false	false	NO_PERSONAL_DATA	PUBLIC_DERIVED_ONLY	true
document.firstbloom.release_878	github.firstbloom-data.a6cb0026	family.baseline.firstbloom-industry	a6cb0026d1af9642724793c799bbc48dc189ba35	2018-12-19	product_release_id=878	en	TASTING_NOTE	048057c00c4d9383d3229a72fcb9474cf642bb1d7d274499547355092de4efa9	"{""external_release_key"":""878"",""product_id"":""863"",""raw_field_sha256"":""048057c00c4d9383d3229a72fcb9474cf642bb1d7d274499547355092de4efa9"",""retention"":""dual-reviewed-short-phrases-only""}"	false	false	false	true	false	false	NO_PERSONAL_DATA	PUBLIC_DERIVED_ONLY	true
document.firstbloom.release_879	github.firstbloom-data.a6cb0026	family.baseline.firstbloom-industry	a6cb0026d1af9642724793c799bbc48dc189ba35	2018-12-19	product_release_id=879	en	TASTING_NOTE	d27550e1d7530cc36a1fb57fcf3afe9f55359732473ce54631f9cb3b94741c2b	"{""external_release_key"":""879"",""product_id"":""864"",""raw_field_sha256"":""d27550e1d7530cc36a1fb57fcf3afe9f55359732473ce54631f9cb3b94741c2b"",""retention"":""dual-reviewed-short-phrases-only""}"	false	false	false	true	false	false	NO_PERSONAL_DATA	PUBLIC_DERIVED_ONLY	true
document.firstbloom.release_896	github.firstbloom-data.a6cb0026	family.baseline.firstbloom-industry	a6cb0026d1af9642724793c799bbc48dc189ba35	2018-12-20	product_release_id=896	en	TASTING_NOTE	e580ea872e0f3d22cb8ae362c8e4fa74f37ecfabda3ed13588cc91cd91351312	"{""external_release_key"":""896"",""product_id"":""881"",""raw_field_sha256"":""e580ea872e0f3d22cb8ae362c8e4fa74f37ecfabda3ed13588cc91cd91351312"",""retention"":""dual-reviewed-short-phrases-only""}"	false	false	false	true	false	false	NO_PERSONAL_DATA	PUBLIC_DERIVED_ONLY	true
document.firstbloom.release_90	github.firstbloom-data.a6cb0026	family.baseline.firstbloom-industry	a6cb0026d1af9642724793c799bbc48dc189ba35	2017-12-29	product_release_id=90	en	TASTING_NOTE	149d6e1cf4c924da5437a5fe94b5feda42dc9604aae7129174ca27b2785fc6ff	"{""external_release_key"":""90"",""product_id"":""119"",""raw_field_sha256"":""149d6e1cf4c924da5437a5fe94b5feda42dc9604aae7129174ca27b2785fc6ff"",""retention"":""dual-reviewed-short-phrases-only""}"	false	false	false	true	false	false	NO_PERSONAL_DATA	PUBLIC_DERIVED_ONLY	true
document.firstbloom.release_912	github.firstbloom-data.a6cb0026	family.baseline.firstbloom-industry	a6cb0026d1af9642724793c799bbc48dc189ba35	2018-12-21	product_release_id=912	en	TASTING_NOTE	2e0f55eb03e023a65e7e13902b49f2398dd3f3317be2141c2f433ea369211c62	"{""external_release_key"":""912"",""product_id"":""89"",""raw_field_sha256"":""2e0f55eb03e023a65e7e13902b49f2398dd3f3317be2141c2f433ea369211c62"",""retention"":""dual-reviewed-short-phrases-only""}"	false	false	false	true	false	false	NO_PERSONAL_DATA	PUBLIC_DERIVED_ONLY	true
document.firstbloom.release_914	github.firstbloom-data.a6cb0026	family.baseline.firstbloom-industry	a6cb0026d1af9642724793c799bbc48dc189ba35	2018-12-24	product_release_id=914	en	TASTING_NOTE	b07451ba678bd13cb72c7c6bec15350436b44929cb999b9b858dc557b6e784f3	"{""external_release_key"":""914"",""product_id"":""896"",""raw_field_sha256"":""b07451ba678bd13cb72c7c6bec15350436b44929cb999b9b858dc557b6e784f3"",""retention"":""dual-reviewed-short-phrases-only""}"	false	false	false	true	false	false	NO_PERSONAL_DATA	PUBLIC_DERIVED_ONLY	true
document.firstbloom.release_929	github.firstbloom-data.a6cb0026	family.baseline.firstbloom-industry	a6cb0026d1af9642724793c799bbc48dc189ba35	2019-01-03	product_release_id=929	en	TASTING_NOTE	1c794154ba62b260fadb213f5ac0d490764f1fde72b08bfd0beef6cca0c58196	"{""external_release_key"":""929"",""product_id"":""911"",""raw_field_sha256"":""1c794154ba62b260fadb213f5ac0d490764f1fde72b08bfd0beef6cca0c58196"",""retention"":""dual-reviewed-short-phrases-only""}"	false	false	false	true	false	false	NO_PERSONAL_DATA	PUBLIC_DERIVED_ONLY	true
document.firstbloom.release_930	github.firstbloom-data.a6cb0026	family.baseline.firstbloom-industry	a6cb0026d1af9642724793c799bbc48dc189ba35	2019-01-03	product_release_id=930	en	TASTING_NOTE	e3c02f7527a12dcbb0db44c0fb492b1bdf403b6804d4f6dfcf5019b28311b6f5	"{""external_release_key"":""930"",""product_id"":""912"",""raw_field_sha256"":""e3c02f7527a12dcbb0db44c0fb492b1bdf403b6804d4f6dfcf5019b28311b6f5"",""retention"":""dual-reviewed-short-phrases-only""}"	false	false	false	true	false	false	NO_PERSONAL_DATA	PUBLIC_DERIVED_ONLY	true
document.firstbloom.release_931	github.firstbloom-data.a6cb0026	family.baseline.firstbloom-industry	a6cb0026d1af9642724793c799bbc48dc189ba35	2019-01-03	product_release_id=931	en	TASTING_NOTE	568dad462519810b173099badcac8456a6b6f0ce0c22ef05b64a548ac7cfd17f	"{""external_release_key"":""931"",""product_id"":""913"",""raw_field_sha256"":""568dad462519810b173099badcac8456a6b6f0ce0c22ef05b64a548ac7cfd17f"",""retention"":""dual-reviewed-short-phrases-only""}"	false	false	false	true	false	false	NO_PERSONAL_DATA	PUBLIC_DERIVED_ONLY	true
document.firstbloom.release_935	github.firstbloom-data.a6cb0026	family.baseline.firstbloom-industry	a6cb0026d1af9642724793c799bbc48dc189ba35	2019-01-07	product_release_id=935	en	TASTING_NOTE	49247580d80764fd43944fc47dc644bf192b9b07800d8cdc8586be92d67495e6	"{""external_release_key"":""935"",""product_id"":""917"",""raw_field_sha256"":""49247580d80764fd43944fc47dc644bf192b9b07800d8cdc8586be92d67495e6"",""retention"":""dual-reviewed-short-phrases-only""}"	false	false	false	true	false	false	NO_PERSONAL_DATA	PUBLIC_DERIVED_ONLY	true
document.firstbloom.release_938	github.firstbloom-data.a6cb0026	family.baseline.firstbloom-industry	a6cb0026d1af9642724793c799bbc48dc189ba35	2019-01-07	product_release_id=938	en	TASTING_NOTE	74f2e27873219e18eb81cfd21130a8303609b01ef7d4ec868d3f712a9b2dd60f	"{""external_release_key"":""938"",""product_id"":""920"",""raw_field_sha256"":""74f2e27873219e18eb81cfd21130a8303609b01ef7d4ec868d3f712a9b2dd60f"",""retention"":""dual-reviewed-short-phrases-only""}"	false	false	false	true	false	false	NO_PERSONAL_DATA	PUBLIC_DERIVED_ONLY	true
document.firstbloom.release_940	github.firstbloom-data.a6cb0026	family.baseline.firstbloom-industry	a6cb0026d1af9642724793c799bbc48dc189ba35	2019-01-07	product_release_id=940	en	TASTING_NOTE	383e15ab7ca549fb60984ed3071b75cd6d5a8fb8c9d37bbc6d8ca92a32dfe9fd	"{""external_release_key"":""940"",""product_id"":""922"",""raw_field_sha256"":""383e15ab7ca549fb60984ed3071b75cd6d5a8fb8c9d37bbc6d8ca92a32dfe9fd"",""retention"":""dual-reviewed-short-phrases-only""}"	false	false	false	true	false	false	NO_PERSONAL_DATA	PUBLIC_DERIVED_ONLY	true
document.firstbloom.release_944	github.firstbloom-data.a6cb0026	family.baseline.firstbloom-industry	a6cb0026d1af9642724793c799bbc48dc189ba35	2019-01-07	product_release_id=944	en	TASTING_NOTE	059c2dd02729f77205a6bd62f00d59ec2052849bb58e7660806e1469387d415e	"{""external_release_key"":""944"",""product_id"":""926"",""raw_field_sha256"":""059c2dd02729f77205a6bd62f00d59ec2052849bb58e7660806e1469387d415e"",""retention"":""dual-reviewed-short-phrases-only""}"	false	false	false	true	false	false	NO_PERSONAL_DATA	PUBLIC_DERIVED_ONLY	true
document.firstbloom.release_955	github.firstbloom-data.a6cb0026	family.baseline.firstbloom-industry	a6cb0026d1af9642724793c799bbc48dc189ba35	2019-01-08	product_release_id=955	en	TASTING_NOTE	620696c7886a6ce95e3fbcdaf45001382a841985fa5dd56158c3819746591942	"{""external_release_key"":""955"",""product_id"":""937"",""raw_field_sha256"":""620696c7886a6ce95e3fbcdaf45001382a841985fa5dd56158c3819746591942"",""retention"":""dual-reviewed-short-phrases-only""}"	false	false	false	true	false	false	NO_PERSONAL_DATA	PUBLIC_DERIVED_ONLY	true
document.firstbloom.release_956	github.firstbloom-data.a6cb0026	family.baseline.firstbloom-industry	a6cb0026d1af9642724793c799bbc48dc189ba35	2019-01-08	product_release_id=956	en	TASTING_NOTE	044a3f9e9578b3d8bf8a3ef578305460f956507def0a777123d01367a6f8e2bb	"{""external_release_key"":""956"",""product_id"":""938"",""raw_field_sha256"":""044a3f9e9578b3d8bf8a3ef578305460f956507def0a777123d01367a6f8e2bb"",""retention"":""dual-reviewed-short-phrases-only""}"	false	false	false	true	false	false	NO_PERSONAL_DATA	PUBLIC_DERIVED_ONLY	true
document.firstbloom.release_957	github.firstbloom-data.a6cb0026	family.baseline.firstbloom-industry	a6cb0026d1af9642724793c799bbc48dc189ba35	2019-01-08	product_release_id=957	en	TASTING_NOTE	c29aa89d1866a010e2986b299a8279248548a4c39ade00b71d0c82861e568ae1	"{""external_release_key"":""957"",""product_id"":""939"",""raw_field_sha256"":""c29aa89d1866a010e2986b299a8279248548a4c39ade00b71d0c82861e568ae1"",""retention"":""dual-reviewed-short-phrases-only""}"	false	false	false	true	false	false	NO_PERSONAL_DATA	PUBLIC_DERIVED_ONLY	true
document.firstbloom.release_958	github.firstbloom-data.a6cb0026	family.baseline.firstbloom-industry	a6cb0026d1af9642724793c799bbc48dc189ba35	2019-01-08	product_release_id=958	en	TASTING_NOTE	30e4073c796fa20a2b2c803841fe200cb7bed15819c22e29c22e62a39e051d56	"{""external_release_key"":""958"",""product_id"":""940"",""raw_field_sha256"":""30e4073c796fa20a2b2c803841fe200cb7bed15819c22e29c22e62a39e051d56"",""retention"":""dual-reviewed-short-phrases-only""}"	false	false	false	true	false	false	NO_PERSONAL_DATA	PUBLIC_DERIVED_ONLY	true
document.firstbloom.release_961	github.firstbloom-data.a6cb0026	family.baseline.firstbloom-industry	a6cb0026d1af9642724793c799bbc48dc189ba35	2019-01-08	product_release_id=961	en	TASTING_NOTE	fd5057838aef6aac634974c5a48aa542f73deb6f379285c17acd04f9dbd8c7e6	"{""external_release_key"":""961"",""product_id"":""943"",""raw_field_sha256"":""fd5057838aef6aac634974c5a48aa542f73deb6f379285c17acd04f9dbd8c7e6"",""retention"":""dual-reviewed-short-phrases-only""}"	false	false	false	true	false	false	NO_PERSONAL_DATA	PUBLIC_DERIVED_ONLY	true
document.firstbloom.release_962	github.firstbloom-data.a6cb0026	family.baseline.firstbloom-industry	a6cb0026d1af9642724793c799bbc48dc189ba35	2019-01-08	product_release_id=962	en	TASTING_NOTE	bc4b8bd46679df90be6b258724d6552f7163320e9c3cf87a1fac838870d685ad	"{""external_release_key"":""962"",""product_id"":""944"",""raw_field_sha256"":""bc4b8bd46679df90be6b258724d6552f7163320e9c3cf87a1fac838870d685ad"",""retention"":""dual-reviewed-short-phrases-only""}"	false	false	false	true	false	false	NO_PERSONAL_DATA	PUBLIC_DERIVED_ONLY	true
document.firstbloom.release_97	github.firstbloom-data.a6cb0026	family.baseline.firstbloom-industry	a6cb0026d1af9642724793c799bbc48dc189ba35	2017-12-31	product_release_id=97	en	TASTING_NOTE	6c79cd680885675d0429134081e4b570617750a93e6b2077c050b01afe541b4e	"{""external_release_key"":""97"",""product_id"":""126"",""raw_field_sha256"":""6c79cd680885675d0429134081e4b570617750a93e6b2077c050b01afe541b4e"",""retention"":""dual-reviewed-short-phrases-only""}"	false	false	false	true	false	false	NO_PERSONAL_DATA	PUBLIC_DERIVED_ONLY	true
document.firstbloom.release_973	github.firstbloom-data.a6cb0026	family.baseline.firstbloom-industry	a6cb0026d1af9642724793c799bbc48dc189ba35	2019-01-13	product_release_id=973	en	TASTING_NOTE	f734505151cd7924cdc95883dd3453cc182a8d872d0193d95c9ee655d98e5de8	"{""external_release_key"":""973"",""product_id"":""955"",""raw_field_sha256"":""f734505151cd7924cdc95883dd3453cc182a8d872d0193d95c9ee655d98e5de8"",""retention"":""dual-reviewed-short-phrases-only""}"	false	false	false	true	false	false	NO_PERSONAL_DATA	PUBLIC_DERIVED_ONLY	true
document.firstbloom.release_974	github.firstbloom-data.a6cb0026	family.baseline.firstbloom-industry	a6cb0026d1af9642724793c799bbc48dc189ba35	2019-01-15	product_release_id=974	en	TASTING_NOTE	7de5322c75b21e00e83c0a3ffc3045995528f715cb3f325b5db3b1881481e0cf	"{""external_release_key"":""974"",""product_id"":""956"",""raw_field_sha256"":""7de5322c75b21e00e83c0a3ffc3045995528f715cb3f325b5db3b1881481e0cf"",""retention"":""dual-reviewed-short-phrases-only""}"	false	false	false	true	false	false	NO_PERSONAL_DATA	PUBLIC_DERIVED_ONLY	true
document.firstbloom.release_975	github.firstbloom-data.a6cb0026	family.baseline.firstbloom-industry	a6cb0026d1af9642724793c799bbc48dc189ba35	2019-01-15	product_release_id=975	en	TASTING_NOTE	4261fefcbb87fd66993086b236d50da9cd2c121571302aa2a40cc2da84f81695	"{""external_release_key"":""975"",""product_id"":""957"",""raw_field_sha256"":""4261fefcbb87fd66993086b236d50da9cd2c121571302aa2a40cc2da84f81695"",""retention"":""dual-reviewed-short-phrases-only""}"	false	false	false	true	false	false	NO_PERSONAL_DATA	PUBLIC_DERIVED_ONLY	true
document.firstbloom.release_980	github.firstbloom-data.a6cb0026	family.baseline.firstbloom-industry	a6cb0026d1af9642724793c799bbc48dc189ba35	2019-01-17	product_release_id=980	en	TASTING_NOTE	49d2f0dbb66e22c459fcf4a36c178c21e8258044e077e51e34d5c632c169a6c3	"{""external_release_key"":""980"",""product_id"":""962"",""raw_field_sha256"":""49d2f0dbb66e22c459fcf4a36c178c21e8258044e077e51e34d5c632c169a6c3"",""retention"":""dual-reviewed-short-phrases-only""}"	false	false	false	true	false	false	NO_PERSONAL_DATA	PUBLIC_DERIVED_ONLY	true
document.firstbloom.release_985	github.firstbloom-data.a6cb0026	family.baseline.firstbloom-industry	a6cb0026d1af9642724793c799bbc48dc189ba35	2019-01-17	product_release_id=985	en	TASTING_NOTE	241472dc3c456d770501ed763bfc16688e39451b550746deaf9b0b7f98d8a810	"{""external_release_key"":""985"",""product_id"":""967"",""raw_field_sha256"":""241472dc3c456d770501ed763bfc16688e39451b550746deaf9b0b7f98d8a810"",""retention"":""dual-reviewed-short-phrases-only""}"	false	false	false	true	false	false	NO_PERSONAL_DATA	PUBLIC_DERIVED_ONLY	true
document.firstbloom.release_987	github.firstbloom-data.a6cb0026	family.baseline.firstbloom-industry	a6cb0026d1af9642724793c799bbc48dc189ba35	2019-01-17	product_release_id=987	en	TASTING_NOTE	49d2f0dbb66e22c459fcf4a36c178c21e8258044e077e51e34d5c632c169a6c3	"{""external_release_key"":""987"",""product_id"":""969"",""raw_field_sha256"":""49d2f0dbb66e22c459fcf4a36c178c21e8258044e077e51e34d5c632c169a6c3"",""retention"":""dual-reviewed-short-phrases-only""}"	false	false	false	true	false	false	NO_PERSONAL_DATA	PUBLIC_DERIVED_ONLY	true
document.firstbloom.release_99	github.firstbloom-data.a6cb0026	family.baseline.firstbloom-industry	a6cb0026d1af9642724793c799bbc48dc189ba35	2017-12-31	product_release_id=99	en	TASTING_NOTE	3b9313cf8562b933e35d9e307e10c2e2720d44f77c8c5b3b20db10eece2bc6f8	"{""external_release_key"":""99"",""product_id"":""128"",""raw_field_sha256"":""3b9313cf8562b933e35d9e307e10c2e2720d44f77c8c5b3b20db10eece2bc6f8"",""retention"":""dual-reviewed-short-phrases-only""}"	false	false	false	true	false	false	NO_PERSONAL_DATA	PUBLIC_DERIVED_ONLY	true
