source_route_id	source_url	restricted_relative_path	sha256	byte_count	acquisition_cursor
route.coe.post40k-archive-continuation	https://farmdirectory.cupofexcellence.org/listings/page/100/	restricted://post40k_extension/raw/coe-archive/listings-page-100.html	c35a791ebb315b5c42575c5cfd2b9ffa131d58eac32b72e8ec5c0eb66991f45a	128226	archive-page=100
route.coe.generic-official-sensory-detail	https://farmdirectory.cupofexcellence.org/listing/2-la-lucuma-peru-2023/	restricted://post40k_extension/raw/coe-detail/98cf8cad696afaa6acca7cd9.html	7bed2dc484c8d14c4e5232a85a8dca65063ecf2984f7abcfaa65c3cb51e889a0	138617	archive-page=100;detail-index=3;url=https://farmdirectory.cupofexcellence.org/listing/2-la-lucuma-peru-2023/
route.coe.generic-official-sensory-detail	https://farmdirectory.cupofexcellence.org/listing/3-chiriloma-peru-2023/	restricted://post40k_extension/raw/coe-detail/9298779636e28f52c3e3e8a1.html	8094f2e079458356668040a59a76dd128b8bf20064a05034517bdb16148f4e2e	131523	archive-page=100;detail-index=4;url=https://farmdirectory.cupofexcellence.org/listing/3-chiriloma-peru-2023/
route.coe.generic-official-sensory-detail	https://farmdirectory.cupofexcellence.org/listing/4-pedregal-peru-2023/	restricted://post40k_extension/raw/coe-detail/f121ef704686f608653f5827.html	99514a783d19f5b655239de8281721ec0252d616e448098a277c5dc2cb12cb91	133536	archive-page=100;detail-index=5;url=https://farmdirectory.cupofexcellence.org/listing/4-pedregal-peru-2023/
route.coe.generic-official-sensory-detail	https://farmdirectory.cupofexcellence.org/listing/5-randu-peru-2023/	restricted://post40k_extension/raw/coe-detail/72a1ed05ad624b6caf38677c.html	24fcce5af23a3c1e47b18ddcdfb3a14fc45e774515eb1d38730787e2a3fcf587	132811	archive-page=100;detail-index=6;url=https://farmdirectory.cupofexcellence.org/listing/5-randu-peru-2023/
route.coe.generic-official-sensory-detail	https://farmdirectory.cupofexcellence.org/listing/6-llactapata-peru-2023/	restricted://post40k_extension/raw/coe-detail/d5d8a2308d7df962fc7a3534.html	612210b4a9dda40d42181d42ad2ba38c969f548c350ec6243c64962a6f1725ff	132429	archive-page=100;detail-index=7;url=https://farmdirectory.cupofexcellence.org/listing/6-llactapata-peru-2023/
route.coe.generic-official-sensory-detail	https://farmdirectory.cupofexcellence.org/listing/7-el-pino-peru-2023/	restricted://post40k_extension/raw/coe-detail/16b1011d5cbede381bfde854.html	22dc8e107b755a646e743f7e9d7627860ba4bbd99e3c4bd9f006aea1f0e660ff	136979	archive-page=100;detail-index=8;url=https://farmdirectory.cupofexcellence.org/listing/7-el-pino-peru-2023/
route.coe.generic-official-sensory-detail	https://farmdirectory.cupofexcellence.org/listing/8-bello-horizonte-peru-2023/	restricted://post40k_extension/raw/coe-detail/2524e36738dd612c2cd0ef93.html	580fc534d29d1e9dda1f4baf2e69ae59da51cadf90360e00c0752f01e9788fc2	137115	archive-page=100;detail-index=9;url=https://farmdirectory.cupofexcellence.org/listing/8-bello-horizonte-peru-2023/
route.coe.generic-official-sensory-detail	https://farmdirectory.cupofexcellence.org/listing/9-nueva-alianza-peru-2023/	restricted://post40k_extension/raw/coe-detail/ad83e3ad8d7461e2bb713511.html	cfe5aa10c28a9b9258afd27f642a0de85a0bd96fb74af89870691f1f5180a4eb	135459	archive-page=100;detail-index=10;url=https://farmdirectory.cupofexcellence.org/listing/9-nueva-alianza-peru-2023/
route.coe.post40k-archive-continuation	https://farmdirectory.cupofexcellence.org/listings/page/101/	restricted://post40k_extension/raw/coe-archive/listings-page-101.html	151d7139bd45a3eb588b3ecc231a2d7eb5b53526f8bf5d4627facf738af83d55	128187	archive-page=101
route.coe.generic-official-sensory-detail	https://farmdirectory.cupofexcellence.org/listing/1-alto-mirador-peru-2023/	restricted://post40k_extension/raw/coe-detail/a2861c69d372639bc2c22607.html	0c581949dc6154c5b288083fd5ceceaa0ec969c1672cf318fa06693ff43b0018	134854	archive-page=101;detail-index=1;url=https://farmdirectory.cupofexcellence.org/listing/1-alto-mirador-peru-2023/
route.coe.generic-official-sensory-detail	https://farmdirectory.cupofexcellence.org/listing/20-los-cachingos-colombia-2023/	restricted://post40k_extension/raw/coe-detail/7dc6b9c7aac8369e43fd3b28.html	92c5ceb3352b9ab3a0d06fcd4b2371286055406fcad478d981173b74b94f1dc2	133574	archive-page=101;detail-index=2;url=https://farmdirectory.cupofexcellence.org/listing/20-los-cachingos-colombia-2023/
route.coe.generic-official-sensory-detail	https://farmdirectory.cupofexcellence.org/listing/21-monteverde-colombia-2023/	restricted://post40k_extension/raw/coe-detail/a0a6415bd67774a509b1d5bb.html	cc32ab05fe3efe3e6f87be93acf1814f996bd3ff790a91867c84a463a3a269ba	131689	archive-page=101;detail-index=3;url=https://farmdirectory.cupofexcellence.org/listing/21-monteverde-colombia-2023/
route.coe.generic-official-sensory-detail	https://farmdirectory.cupofexcellence.org/listing/22-la-fortuna-colombia-2023/	restricted://post40k_extension/raw/coe-detail/fd668db2cb225edefa624279.html	4bb0086bbbfde6ec1abda6aaa639ea91089ba91e1ec4faa2037c1e8e62b94e0f	135962	archive-page=101;detail-index=4;url=https://farmdirectory.cupofexcellence.org/listing/22-la-fortuna-colombia-2023/
route.coe.generic-official-sensory-detail	https://farmdirectory.cupofexcellence.org/listing/23-diamante-colombia-2023/	restricted://post40k_extension/raw/coe-detail/76ad97ce1ce17ecd996130d1.html	5d3402a34a26a9bbd00d775f3d3ede41e14af11903e766c466c2977d7fa606a7	132112	archive-page=101;detail-index=5;url=https://farmdirectory.cupofexcellence.org/listing/23-diamante-colombia-2023/
route.coe.generic-official-sensory-detail	https://farmdirectory.cupofexcellence.org/listing/24-la-roca-colombia-2023/	restricted://post40k_extension/raw/coe-detail/0bc1482ad62dd0d1cdcd2454.html	695d9eec484744816461801e1085526fb828590ecf5888cd63ee444ffc462c59	129823	archive-page=101;detail-index=6;url=https://farmdirectory.cupofexcellence.org/listing/24-la-roca-colombia-2023/
route.coe.generic-official-sensory-detail	https://farmdirectory.cupofexcellence.org/listing/25-la-piragua-colombia-2023/	restricted://post40k_extension/raw/coe-detail/a2ab1645d5ff1b42b0c99c93.html	b1bc9f89980aade627a071d34a0bb44a0ced800f2177efc114a6cf9b9cd7d609	136248	archive-page=101;detail-index=7;url=https://farmdirectory.cupofexcellence.org/listing/25-la-piragua-colombia-2023/
route.coe.generic-official-sensory-detail	https://farmdirectory.cupofexcellence.org/listing/26-el-refugio-colombia-2023/	restricted://post40k_extension/raw/coe-detail/94a05a2cdb7efc8b202504ba.html	52297345c10149bf07083d019c71d49ee6974b64d2a928630ff8ee67979aaeda	132002	archive-page=101;detail-index=8;url=https://farmdirectory.cupofexcellence.org/listing/26-el-refugio-colombia-2023/
route.coe.generic-official-sensory-detail	https://farmdirectory.cupofexcellence.org/listing/27-el-cairo-colombia-2023/	restricted://post40k_extension/raw/coe-detail/f81c0755cfbbfbf9a8ce139a.html	2451f12231ae2140f65cf0ab41842e8417c5f0bfb2bba5c2da0fb8d9c5a7672a	126087	archive-page=101;detail-index=9;url=https://farmdirectory.cupofexcellence.org/listing/27-el-cairo-colombia-2023/
route.coe.generic-official-sensory-detail	https://farmdirectory.cupofexcellence.org/listing/28-la-siberia-colombia/	restricted://post40k_extension/raw/coe-detail/f7907b9cbdf5cd0e01638a3a.html	d6443cd79f6c4249b36831d3c5742177c3b6a8a153328f9d399a6ec218815659	132077	archive-page=101;detail-index=10;url=https://farmdirectory.cupofexcellence.org/listing/28-la-siberia-colombia/
route.coe.post40k-archive-continuation	https://farmdirectory.cupofexcellence.org/listings/page/102/	restricted://post40k_extension/raw/coe-archive/listings-page-102.html	2737b2bb8bfdf8f84639900ae5a5d068b560f9f1af6225667992643ccdcb32b4	128285	archive-page=102
route.coe.generic-official-sensory-detail	https://farmdirectory.cupofexcellence.org/listing/10-juan-martin-colombia-2023/	restricted://post40k_extension/raw/coe-detail/aec14dd4d337e338fb1f1537.html	51b7b0277f43954b3d2450eb09e952edb436c269e9f9afca2c5d6fe73429d135	135731	archive-page=102;detail-index=1;url=https://farmdirectory.cupofexcellence.org/listing/10-juan-martin-colombia-2023/
route.coe.generic-official-sensory-detail	https://farmdirectory.cupofexcellence.org/listing/11-buena-vista-colombia-2023/	restricted://post40k_extension/raw/coe-detail/7fc7ab78dd5c25ac8be7ce50.html	f74889f74db69ce8ef0d6bfd5350c5bfa955a0f3c48645d57ea56119962f4eed	129517	archive-page=102;detail-index=2;url=https://farmdirectory.cupofexcellence.org/listing/11-buena-vista-colombia-2023/
route.coe.generic-official-sensory-detail	https://farmdirectory.cupofexcellence.org/listing/12-la-cruz-colombia-2023/	restricted://post40k_extension/raw/coe-detail/014844fc4d2b2011efe72a37.html	d575d9b09095d87a86434a3f324392378bd54427fb8f8e37a617332613a39e73	130235	archive-page=102;detail-index=3;url=https://farmdirectory.cupofexcellence.org/listing/12-la-cruz-colombia-2023/
route.coe.generic-official-sensory-detail	https://farmdirectory.cupofexcellence.org/listing/13-zamora-colombia-2023/	restricted://post40k_extension/raw/coe-detail/a1de8dfcb771c869b655aee8.html	387a66739fdd6c62e33e24fe3a046068316eede4a2841ee2185da60b744f7c38	129316	archive-page=102;detail-index=4;url=https://farmdirectory.cupofexcellence.org/listing/13-zamora-colombia-2023/
route.coe.generic-official-sensory-detail	https://farmdirectory.cupofexcellence.org/listing/14-la-vega-colombia-2023/	restricted://post40k_extension/raw/coe-detail/328b184fba46a5ddc0d3e842.html	227f21a6a83b0d716b0ec5aaf3d32c928d4b3509ec5ad7f10788e1810ed82935	134079	archive-page=102;detail-index=5;url=https://farmdirectory.cupofexcellence.org/listing/14-la-vega-colombia-2023/
route.coe.generic-official-sensory-detail	https://farmdirectory.cupofexcellence.org/listing/15-los-guayacanes-colombia-2023/	restricted://post40k_extension/raw/coe-detail/52ec38941b4730036e3b0902.html	267f35e2d56dd38ffbae1dd1acc4d2eaebdeacb92cccb7decf57eaa9e87a68bc	130068	archive-page=102;detail-index=6;url=https://farmdirectory.cupofexcellence.org/listing/15-los-guayacanes-colombia-2023/
route.coe.generic-official-sensory-detail	https://farmdirectory.cupofexcellence.org/listing/16-el-guayabo-colombia-2023/	restricted://post40k_extension/raw/coe-detail/10094be77f934a5240a77214.html	53ffe05b295afa6240f79879b7f7e7159af4ee5a0ae2db203d426dd21a1ccb4b	127869	archive-page=102;detail-index=7;url=https://farmdirectory.cupofexcellence.org/listing/16-el-guayabo-colombia-2023/
route.coe.generic-official-sensory-detail	https://farmdirectory.cupofexcellence.org/listing/17-san-pedro-colombia-2023/	restricted://post40k_extension/raw/coe-detail/3b980f17fec8632811a32257.html	26bcb92c91740dbbeaacab6cbde251025280646d29d45c60a3a7d980cdccd3e8	128984	archive-page=102;detail-index=8;url=https://farmdirectory.cupofexcellence.org/listing/17-san-pedro-colombia-2023/
route.coe.generic-official-sensory-detail	https://farmdirectory.cupofexcellence.org/listing/18-el-cachingo-colombia-2023/	restricted://post40k_extension/raw/coe-detail/c24b3b8688939246f8a4ae08.html	1deb7b61f02c88ecb80c7d308a0d47dab7e2597b02c8c1283580abee2bb16153	129688	archive-page=102;detail-index=9;url=https://farmdirectory.cupofexcellence.org/listing/18-el-cachingo-colombia-2023/
route.coe.generic-official-sensory-detail	https://farmdirectory.cupofexcellence.org/listing/19-la-mina-colombia-2023/	restricted://post40k_extension/raw/coe-detail/7b9ad43f4e32f91a436dced6.html	01cd0be5c5c8f3aa27aec520fa1289e97e6b075950f7e20ea00b93553ffa31ed	133721	archive-page=102;detail-index=10;url=https://farmdirectory.cupofexcellence.org/listing/19-la-mina-colombia-2023/
route.coe.post40k-archive-continuation	https://farmdirectory.cupofexcellence.org/listings/page/103/	restricted://post40k_extension/raw/coe-archive/listings-page-103.html	f5421525ebe2fcb06ac8dd91bf20ef51991a1a6478d8a04acc96a0d05884ea30	127833	archive-page=103
route.coe.generic-official-sensory-detail	https://farmdirectory.cupofexcellence.org/listing/1-montreal-colombia-2023/	restricted://post40k_extension/raw/coe-detail/29adc7b2e19804b3e9deadff.html	a7624c4544fc63f86094558daad1c887030bb094c0b8145c42244d1bb19cdb3e	132068	archive-page=103;detail-index=1;url=https://farmdirectory.cupofexcellence.org/listing/1-montreal-colombia-2023/
route.coe.generic-official-sensory-detail	https://farmdirectory.cupofexcellence.org/listing/2-santa-ana-colombia-2023/	restricted://post40k_extension/raw/coe-detail/26d3c214132867a2ca9b6fce.html	4e8d1351bd9d0a528f17c1b83841d4a30803144728e4c447ec8f2b5383ceb25c	129658	archive-page=103;detail-index=2;url=https://farmdirectory.cupofexcellence.org/listing/2-santa-ana-colombia-2023/
route.coe.generic-official-sensory-detail	https://farmdirectory.cupofexcellence.org/listing/3-el-cedral-colombia-2023/	restricted://post40k_extension/raw/coe-detail/56103df87bec1b67dbf42798.html	c090c89299f6c27132989a97289bf1e9ed50e731ab07a8cb077cc58b191fb4cf	130386	archive-page=103;detail-index=4;url=https://farmdirectory.cupofexcellence.org/listing/3-el-cedral-colombia-2023/
route.coe.generic-official-sensory-detail	https://farmdirectory.cupofexcellence.org/listing/4-los-aguacates-colombia-2023/	restricted://post40k_extension/raw/coe-detail/922e99dc74a2db36e74508f0.html	387b76d3ba821034ae7556bc160dcffb7f52b2455f3060c6c35af1e74c8179f1	129465	archive-page=103;detail-index=5;url=https://farmdirectory.cupofexcellence.org/listing/4-los-aguacates-colombia-2023/
route.coe.generic-official-sensory-detail	https://farmdirectory.cupofexcellence.org/listing/5-la-bohemia-colombia-2023/	restricted://post40k_extension/raw/coe-detail/7d9a27cf0104dc1535fd6c07.html	20e25853b37dc7832ab97340a420112a239d83a41ad5d7f2c2028a3ea3078b38	131235	archive-page=103;detail-index=6;url=https://farmdirectory.cupofexcellence.org/listing/5-la-bohemia-colombia-2023/
route.coe.generic-official-sensory-detail	https://farmdirectory.cupofexcellence.org/listing/6-el-triunfo-colombia-2023/	restricted://post40k_extension/raw/coe-detail/48245858767e74098d31de8b.html	9a6a837cc74b4db91e9e782618f74a65c7ae1469d74f2240a015b3874bb15f12	130783	archive-page=103;detail-index=7;url=https://farmdirectory.cupofexcellence.org/listing/6-el-triunfo-colombia-2023/
route.coe.generic-official-sensory-detail	https://farmdirectory.cupofexcellence.org/listing/7-buenos-aires-colombia-2023/	restricted://post40k_extension/raw/coe-detail/fe44e2ef9a64d7b9949555c6.html	d79ae92ce201a1957f14ea57e65fd23b17afe99de6b8da18302b3402f9c39e6b	131876	archive-page=103;detail-index=8;url=https://farmdirectory.cupofexcellence.org/listing/7-buenos-aires-colombia-2023/
route.coe.generic-official-sensory-detail	https://farmdirectory.cupofexcellence.org/listing/8-la-palma-colombia-2023/	restricted://post40k_extension/raw/coe-detail/46273dcba137419a44edc6a4.html	81c89f3ae17c3f083743c976f9b83e35565e8cf4438f71cd464f28e893b14ca7	131360	archive-page=103;detail-index=9;url=https://farmdirectory.cupofexcellence.org/listing/8-la-palma-colombia-2023/
route.coe.generic-official-sensory-detail	https://farmdirectory.cupofexcellence.org/listing/9-juanambu-colombia-2023/	restricted://post40k_extension/raw/coe-detail/6fb680bf2abe8cf6ea145615.html	0bd1f9d028102937ab48c6ec1146883595a256c4feb8e91bb4f06a086529ad07	127720	archive-page=103;detail-index=10;url=https://farmdirectory.cupofexcellence.org/listing/9-juanambu-colombia-2023/
route.coe.post40k-archive-continuation	https://farmdirectory.cupofexcellence.org/listings/page/104/	restricted://post40k_extension/raw/coe-archive/listings-page-104.html	26ae594612c3298415175f495d686bf548ebc5af8e4f47179bf9435e8de16552	126418	archive-page=104
route.coe.post40k-archive-continuation	https://farmdirectory.cupofexcellence.org/listings/page/105/	restricted://post40k_extension/raw/coe-archive/listings-page-105.html	b90818c775f9d95f63357fa67f1a513d590f335efe80db6ef7f37b83d767d90e	126065	archive-page=105
route.coe.generic-official-sensory-detail	https://farmdirectory.cupofexcellence.org/listing/nw-ata-coffee-farm-thailand-2023/	restricted://post40k_extension/raw/coe-detail/c98159ab23f6dd338d7d2ae6.html	d357a4a027a33133fae84a3e25b2d75bc8d5b4cccd17a22d9dfb12d7323f43df	127534	archive-page=105;detail-index=6;url=https://farmdirectory.cupofexcellence.org/listing/nw-ata-coffee-farm-thailand-2023/
route.coe.generic-official-sensory-detail	https://farmdirectory.cupofexcellence.org/listing/nw-finca-cecrata-thailand-2023/	restricted://post40k_extension/raw/coe-detail/e8d8cf057193f07e3b1bb1d8.html	232ca958ee0bb66d8715fb1ef2847a06c67a53e7757e422ccaac16e9a7a3cefe	129399	archive-page=105;detail-index=7;url=https://farmdirectory.cupofexcellence.org/listing/nw-finca-cecrata-thailand-2023/
route.coe.generic-official-sensory-detail	https://farmdirectory.cupofexcellence.org/listing/nw-rai-doi-nan-coffee-farm-thailand-2023/	restricted://post40k_extension/raw/coe-detail/0877906191f540d13075fbf7.html	b3805058253e2494572e603e2432114f115c92d881998100cd01d978faa81b0b	126212	archive-page=105;detail-index=8;url=https://farmdirectory.cupofexcellence.org/listing/nw-rai-doi-nan-coffee-farm-thailand-2023/
route.coe.generic-official-sensory-detail	https://farmdirectory.cupofexcellence.org/listing/nw-saenchai-estate-thailand-2023/	restricted://post40k_extension/raw/coe-detail/a61c037da77068b525c85aad.html	044c833294f7c8ba9ea8fc5e5946ca87efc890f834dcc7bd90799308ac883977	128294	archive-page=105;detail-index=9;url=https://farmdirectory.cupofexcellence.org/listing/nw-saenchai-estate-thailand-2023/
route.coe.post40k-archive-continuation	https://farmdirectory.cupofexcellence.org/listings/page/106/	restricted://post40k_extension/raw/coe-archive/listings-page-106.html	3826e0f15ce34d55a79dbc3f4c3f24249fac4715a8f44eae233f2721347cc2ba	126311	archive-page=106
route.coe.generic-official-sensory-detail	https://farmdirectory.cupofexcellence.org/listing/11-doitung-scailing-project-in-nan-thailand-2023/	restricted://post40k_extension/raw/coe-detail/f697cea8441e1c5c3fae6a5b.html	f26d55b211179c46413603c35ef1052cff99a30cff97897d8e91b56ec3dd57a0	130544	archive-page=106;detail-index=1;url=https://farmdirectory.cupofexcellence.org/listing/11-doitung-scailing-project-in-nan-thailand-2023/
route.coe.generic-official-sensory-detail	https://farmdirectory.cupofexcellence.org/listing/12-follow-your-heart-coffee-thailand-2023/	restricted://post40k_extension/raw/coe-detail/4676f5134e23f570a64ba6f3.html	93d820946914b2126509b278d84bffb5cd532abfad3960eddbc90ce991d9f171	129300	archive-page=106;detail-index=2;url=https://farmdirectory.cupofexcellence.org/listing/12-follow-your-heart-coffee-thailand-2023/
route.coe.generic-official-sensory-detail	https://farmdirectory.cupofexcellence.org/listing/13-soyi-coffee-farm-thailand-2023/	restricted://post40k_extension/raw/coe-detail/03c5b2f399df7d5361a50836.html	e58f3339021286a5c90bb5c51a6e2dc83fadea779256bc34be15da01c69af2f3	129566	archive-page=106;detail-index=3;url=https://farmdirectory.cupofexcellence.org/listing/13-soyi-coffee-farm-thailand-2023/
route.coe.generic-official-sensory-detail	https://farmdirectory.cupofexcellence.org/listing/14-karen-farm-thailand-2023/	restricted://post40k_extension/raw/coe-detail/ab0821390c083dc184cae933.html	088c9151a90a7f91997c3175bdf85bd078d74f36ef66712cfd623be1a9ba4e01	128463	archive-page=106;detail-index=4;url=https://farmdirectory.cupofexcellence.org/listing/14-karen-farm-thailand-2023/
route.coe.generic-official-sensory-detail	https://farmdirectory.cupofexcellence.org/listing/15-apae-thailand-2023/	restricted://post40k_extension/raw/coe-detail/7f69c174184e3760a9cb6bfc.html	26de85463867e3959c5bd58136208a35a9587c5501f50cd26d96dc0a33959279	128513	archive-page=106;detail-index=5;url=https://farmdirectory.cupofexcellence.org/listing/15-apae-thailand-2023/
route.coe.generic-official-sensory-detail	https://farmdirectory.cupofexcellence.org/listing/16-praiwan-estate-thailand-2023/	restricted://post40k_extension/raw/coe-detail/9dcb74fe20eb7f0301ab8ad9.html	989cadcfefab20ad782e2c36b657d2d18ef443fb222d11de4b1422193dff3cca	131594	archive-page=106;detail-index=6;url=https://farmdirectory.cupofexcellence.org/listing/16-praiwan-estate-thailand-2023/
route.coe.generic-official-sensory-detail	https://farmdirectory.cupofexcellence.org/listing/nw-mae-toei-village-thailand-2023/	restricted://post40k_extension/raw/coe-detail/7608c0a91bc24a18d42971fb.html	9be2cdb0c5f5e513e287deb9bcb7732d9cc3df4551ee8727deae31fa93e82c80	129064	archive-page=106;detail-index=7;url=https://farmdirectory.cupofexcellence.org/listing/nw-mae-toei-village-thailand-2023/
route.coe.generic-official-sensory-detail	https://farmdirectory.cupofexcellence.org/listing/nw-piyamaporn-wanmanee-thailand-2023/	restricted://post40k_extension/raw/coe-detail/ce36c63622f469693d971a29.html	3b83c4e4687c0574446889eb12476cebe5be75ddee21cdcef11ab75f4561a7e0	131398	archive-page=106;detail-index=8;url=https://farmdirectory.cupofexcellence.org/listing/nw-piyamaporn-wanmanee-thailand-2023/
route.coe.generic-official-sensory-detail	https://farmdirectory.cupofexcellence.org/listing/nw-raidindee-tea-coffee-thailand-2023/	restricted://post40k_extension/raw/coe-detail/bb6bde766b80aca8f548684a.html	7789595beafba97caedb741ef357e0235419eca717b20d4c1fa3f97b0a785688	127713	archive-page=106;detail-index=9;url=https://farmdirectory.cupofexcellence.org/listing/nw-raidindee-tea-coffee-thailand-2023/
route.coe.generic-official-sensory-detail	https://farmdirectory.cupofexcellence.org/listing/nw-soft-coffee-thailand-2023/	restricted://post40k_extension/raw/coe-detail/15fe5c32804a1b992556396b.html	84eed8b9f01475c28ae85f974315cf4c2dc74efbf6a396d3f78ce70c92e7790d	131553	archive-page=106;detail-index=10;url=https://farmdirectory.cupofexcellence.org/listing/nw-soft-coffee-thailand-2023/
route.coe.post40k-archive-continuation	https://farmdirectory.cupofexcellence.org/listings/page/107/	restricted://post40k_extension/raw/coe-archive/listings-page-107.html	30c4fdc842c5727c3ed1cb9f56300665067ed2c5fa643003c835d04ee6b7cecd	126481	archive-page=107
route.coe.generic-official-sensory-detail	https://farmdirectory.cupofexcellence.org/listing/1-coffee-de-hmong-bio-farm-thailand-2023/	restricted://post40k_extension/raw/coe-detail/0d04a146ff3fe07422d66116.html	c231f54393b473d11f3235c1043847d0c464dc0e3d01cc45725fa7dabfef6c3d	130702	archive-page=107;detail-index=1;url=https://farmdirectory.cupofexcellence.org/listing/1-coffee-de-hmong-bio-farm-thailand-2023/
route.coe.generic-official-sensory-detail	https://farmdirectory.cupofexcellence.org/listing/10-heramon-farm-thailand-2023/	restricted://post40k_extension/raw/coe-detail/7f9fa0cb42261648fcad2553.html	c00ab30ff3f03a98d5811c6972f53e4e08b53d1a97d275fafa26f0f7244ba521	128964	archive-page=107;detail-index=2;url=https://farmdirectory.cupofexcellence.org/listing/10-heramon-farm-thailand-2023/
route.coe.generic-official-sensory-detail	https://farmdirectory.cupofexcellence.org/listing/2-phala-akha-coffee-farm-thailand-2023/	restricted://post40k_extension/raw/coe-detail/5e467cb8c08cfce3577e80b9.html	133d4b895ffbe77d515b4e931491a44593a7100c9b5953052f2053626f1cb535	131575	archive-page=107;detail-index=3;url=https://farmdirectory.cupofexcellence.org/listing/2-phala-akha-coffee-farm-thailand-2023/
route.coe.generic-official-sensory-detail	https://farmdirectory.cupofexcellence.org/listing/3-soft-coffee-farm-thailand-2023/	restricted://post40k_extension/raw/coe-detail/271845dfc510b701fd5f47a9.html	8a0bf9138878df93ce26c993f8e1657c52534139ddc882638338123bcddacd77	130528	archive-page=107;detail-index=4;url=https://farmdirectory.cupofexcellence.org/listing/3-soft-coffee-farm-thailand-2023/
route.coe.generic-official-sensory-detail	https://farmdirectory.cupofexcellence.org/listing/4-cherdpong-village-thailand-2023/	restricted://post40k_extension/raw/coe-detail/4cdc7cc0214758cd1e96d543.html	9805abae89338e983b28ba68e00557c58700ca6581ebb9985817fa2887a1941b	134504	archive-page=107;detail-index=5;url=https://farmdirectory.cupofexcellence.org/listing/4-cherdpong-village-thailand-2023/
route.coe.generic-official-sensory-detail	https://farmdirectory.cupofexcellence.org/listing/5-amazing-coffee-farm-thailand-2023/	restricted://post40k_extension/raw/coe-detail/6dfa59a0614ce6140c587e97.html	8a53cc55ccab18b566e1e77c26d05e71410b74b0080667af84581daa3713118b	128899	archive-page=107;detail-index=6;url=https://farmdirectory.cupofexcellence.org/listing/5-amazing-coffee-farm-thailand-2023/
route.coe.generic-official-sensory-detail	https://farmdirectory.cupofexcellence.org/listing/6-doi-pakgud-coffee-farm-thailand-2023/	restricted://post40k_extension/raw/coe-detail/0a23a96e4aec8dda93e87eaf.html	ec7beef32a4b380ecb7739ea8807a35f0d497496701444a94a7ff6ccc63946b8	135315	archive-page=107;detail-index=7;url=https://farmdirectory.cupofexcellence.org/listing/6-doi-pakgud-coffee-farm-thailand-2023/
route.coe.generic-official-sensory-detail	https://farmdirectory.cupofexcellence.org/listing/7-doitung-development-project-thailand-2023/	restricted://post40k_extension/raw/coe-detail/ffbf42221ccef9b4f377b81d.html	c0dedbaa9e5e6270735203a26c7b3962ec4aa4b509e33aa3a6ae8cc5d754640d	131554	archive-page=107;detail-index=8;url=https://farmdirectory.cupofexcellence.org/listing/7-doitung-development-project-thailand-2023/
route.coe.generic-official-sensory-detail	https://farmdirectory.cupofexcellence.org/listing/8-ma-family-coffee-farm-thailand-2023/	restricted://post40k_extension/raw/coe-detail/19426fe7c7cd3386ad72ad6f.html	02a9da361ae8f22af68321c93ee608b407b66949158e9e78af1835ebdb3666d7	133396	archive-page=107;detail-index=9;url=https://farmdirectory.cupofexcellence.org/listing/8-ma-family-coffee-farm-thailand-2023/
route.coe.generic-official-sensory-detail	https://farmdirectory.cupofexcellence.org/listing/9-doi-nan-thailand-2023/	restricted://post40k_extension/raw/coe-detail/e5febac9e0c38140b3917326.html	12008ea2ea7e03af1d512091edd8e294bf55778d9d5e21d87860cb32316abcb1	127264	archive-page=107;detail-index=10;url=https://farmdirectory.cupofexcellence.org/listing/9-doi-nan-thailand-2023/
route.coe.post40k-archive-continuation	https://farmdirectory.cupofexcellence.org/listings/page/108/	restricted://post40k_extension/raw/coe-archive/listings-page-108.html	d7afd3b7b97d5c38fe62eea99a94a62a9f19eb3f6ba34cde00355e0e361737a2	126470	archive-page=108
route.coe.post40k-archive-continuation	https://farmdirectory.cupofexcellence.org/listings/page/109/	restricted://post40k_extension/raw/coe-archive/listings-page-109.html	a6990ee38413739c611cef8d62f8656ab3705da834b530f0d7e6f4bb4dc9edd5	126724	archive-page=109
route.coe.post40k-archive-continuation	https://farmdirectory.cupofexcellence.org/listings/page/110/	restricted://post40k_extension/raw/coe-archive/listings-page-110.html	22c643f0c61d29553adfe7a44972e93abeea61ed4a9b3784e55c1d783a89345c	126604	archive-page=110
route.coe.post40k-archive-continuation	https://farmdirectory.cupofexcellence.org/listings/page/111/	restricted://post40k_extension/raw/coe-archive/listings-page-111.html	497ab40f9909a51a5ff9e2d1a21a97e8b8872f8b64c0ba3396e70469150c0b17	126312	archive-page=111
route.coe.generic-official-sensory-detail	https://farmdirectory.cupofexcellence.org/listing/28-los-angeles-el-salvador-2023/	restricted://post40k_extension/raw/coe-detail/598fb81e64762b4983c27825.html	be58a40c59d9d76dade73b560e375ed56b55fe350a98b451fc45582f3256a491	132835	archive-page=111;detail-index=2;url=https://farmdirectory.cupofexcellence.org/listing/28-los-angeles-el-salvador-2023/
route.coe.generic-official-sensory-detail	https://farmdirectory.cupofexcellence.org/listing/29-holanda-el-salvador-2023/	restricted://post40k_extension/raw/coe-detail/63f238a920ee6ccaa076e7f9.html	2dde0029dd6e04d4c858364966907d0ad4d7cb3c32652cb1fc62b80eeb901d02	129587	archive-page=111;detail-index=3;url=https://farmdirectory.cupofexcellence.org/listing/29-holanda-el-salvador-2023/
route.coe.generic-official-sensory-detail	https://farmdirectory.cupofexcellence.org/listing/30-el-izotal-el-salvador-2023/	restricted://post40k_extension/raw/coe-detail/d7e8b9c4fdcb339e6b5ac926.html	472aec963cf99fd316f9e68e8d6c8eab0467b956cf3676de731022bba4dd7ef8	133226	archive-page=111;detail-index=4;url=https://farmdirectory.cupofexcellence.org/listing/30-el-izotal-el-salvador-2023/
route.coe.generic-official-sensory-detail	https://farmdirectory.cupofexcellence.org/listing/nw-argentina-el-salvador-2023/	restricted://post40k_extension/raw/coe-detail/d5c07ef53898489a2fbfc571.html	57afa290494285adeae7f82130a80cedba32a2c9b63e1d086760ad0427cf7577	138809	archive-page=111;detail-index=5;url=https://farmdirectory.cupofexcellence.org/listing/nw-argentina-el-salvador-2023/
route.coe.generic-official-sensory-detail	https://farmdirectory.cupofexcellence.org/listing/nw-helvetia-el-salvador-2023/	restricted://post40k_extension/raw/coe-detail/f0fe42e31d9cdc64ce9f2b46.html	5b99eebc6b21c6dad8035a8c020a5cf27a25da13f2d714a1abcb718a0e4b98d7	127860	archive-page=111;detail-index=6;url=https://farmdirectory.cupofexcellence.org/listing/nw-helvetia-el-salvador-2023/
route.coe.generic-official-sensory-detail	https://farmdirectory.cupofexcellence.org/listing/nw-los-naranjos-el-salvador-2023/	restricted://post40k_extension/raw/coe-detail/a4b1869c2b98b6bfff962c33.html	b51290950453d8a0197bea73dfac4d5686dc8e6dd176f2c82f6034fc26675ac1	146763	archive-page=111;detail-index=7;url=https://farmdirectory.cupofexcellence.org/listing/nw-los-naranjos-el-salvador-2023/
route.coe.generic-official-sensory-detail	https://farmdirectory.cupofexcellence.org/listing/nw-matteo-el-salvador-2023/	restricted://post40k_extension/raw/coe-detail/7ee2b38f3b035c4e61bc1de0.html	dd68e290da38c1cc74a9252744fdcd78eb625fc203b4316be515d27b3fbd58cd	125036	archive-page=111;detail-index=8;url=https://farmdirectory.cupofexcellence.org/listing/nw-matteo-el-salvador-2023/
route.coe.generic-official-sensory-detail	https://farmdirectory.cupofexcellence.org/listing/nw-san-andres-el-salvador-2023/	restricted://post40k_extension/raw/coe-detail/800fca3eea059f8fbc5dd10d.html	bea95597f97450c8f679f195c3c517f4204238078e4bb9cf957aefe78cde52db	127513	archive-page=111;detail-index=9;url=https://farmdirectory.cupofexcellence.org/listing/nw-san-andres-el-salvador-2023/
route.coe.generic-official-sensory-detail	https://farmdirectory.cupofexcellence.org/listing/nw-the-sugar-maples-el-salvador-2023/	restricted://post40k_extension/raw/coe-detail/4edb47150e17e41fc88256c4.html	a6fe49e3c1c5ce639c21c225457e05902231b7a32927df5e7833c01687134982	129448	archive-page=111;detail-index=10;url=https://farmdirectory.cupofexcellence.org/listing/nw-the-sugar-maples-el-salvador-2023/
route.coe.post40k-archive-continuation	https://farmdirectory.cupofexcellence.org/listings/page/112/	restricted://post40k_extension/raw/coe-archive/listings-page-112.html	55d80a090ba766d6914ea07ed0fc72661c3b1dd2b30dd691b5dab36613e7660a	126742	archive-page=112
route.coe.generic-official-sensory-detail	https://farmdirectory.cupofexcellence.org/listing/18-d-r-el-salvador-2023/	restricted://post40k_extension/raw/coe-detail/3f97719fb6580edd84b0b387.html	78ddb88e568e085d2d40df98aebbd273a3ec6b2e8a4c37053eda81fc1539d863	132129	archive-page=112;detail-index=1;url=https://farmdirectory.cupofexcellence.org/listing/18-d-r-el-salvador-2023/
route.coe.generic-official-sensory-detail	https://farmdirectory.cupofexcellence.org/listing/20-los-azacuanes-el-salvador-2023/	restricted://post40k_extension/raw/coe-detail/a7f1f9d38b7fd5cb5e96cf1b.html	e3d635678001480c733f2c4b1cbd4cae70259da79c304177d5b93736db7b9cb8	132645	archive-page=112;detail-index=3;url=https://farmdirectory.cupofexcellence.org/listing/20-los-azacuanes-el-salvador-2023/
route.coe.generic-official-sensory-detail	https://farmdirectory.cupofexcellence.org/listing/21-santa-leticia-el-salvador-2023/	restricted://post40k_extension/raw/coe-detail/ba7036560cd50e871a3578bc.html	82f9601ca9a9de0f77a0c7cd76b80239d22b77b2bf71053eb45e12763bac7b90	135872	archive-page=112;detail-index=4;url=https://farmdirectory.cupofexcellence.org/listing/21-santa-leticia-el-salvador-2023/
route.coe.generic-official-sensory-detail	https://farmdirectory.cupofexcellence.org/listing/22-el-zapote-ethiopia-el-salvador-2023/	restricted://post40k_extension/raw/coe-detail/d5625856f9708bf6dcb5f3db.html	39551136b2c1645e39f475dde045676a653109f71b91f11efe0ffa25e8c5b0fc	151485	archive-page=112;detail-index=5;url=https://farmdirectory.cupofexcellence.org/listing/22-el-zapote-ethiopia-el-salvador-2023/
route.coe.generic-official-sensory-detail	https://farmdirectory.cupofexcellence.org/listing/23-pena-redonda-el-salvador-2023/	restricted://post40k_extension/raw/coe-detail/fb4b28085e679f3790b99c19.html	1c95951b4fd246f2d20177e44620e0adf8d3bb73743ffb4f8e3b22c8c5d862fe	131741	archive-page=112;detail-index=6;url=https://farmdirectory.cupofexcellence.org/listing/23-pena-redonda-el-salvador-2023/
route.coe.generic-official-sensory-detail	https://farmdirectory.cupofexcellence.org/listing/24-el-tarro-el-salvador-2023/	restricted://post40k_extension/raw/coe-detail/b3b40931e98c638e41a04517.html	69552f4be86229540adf74170be8d60b30fb36e5bfb165d308add5f29755a9a4	130670	archive-page=112;detail-index=7;url=https://farmdirectory.cupofexcellence.org/listing/24-el-tarro-el-salvador-2023/
route.coe.generic-official-sensory-detail	https://farmdirectory.cupofexcellence.org/listing/25-el-guaje-el-salvador-2023/	restricted://post40k_extension/raw/coe-detail/781d35e4769af618b805ffd3.html	1593aea02e73434c056034ae591eca9789acf1932646b8809d617f4fad802771	130940	archive-page=112;detail-index=8;url=https://farmdirectory.cupofexcellence.org/listing/25-el-guaje-el-salvador-2023/
route.coe.generic-official-sensory-detail	https://farmdirectory.cupofexcellence.org/listing/26-pinar-de-santiago-el-salvador-2023/	restricted://post40k_extension/raw/coe-detail/1afabe0cf668eec039cd96bc.html	3f2bc624c7529d1c43835e499e222a0c9259fc5e4fdfc010e5740c86c38c6f42	134647	archive-page=112;detail-index=9;url=https://farmdirectory.cupofexcellence.org/listing/26-pinar-de-santiago-el-salvador-2023/
route.coe.generic-official-sensory-detail	https://farmdirectory.cupofexcellence.org/listing/27-santa-petrona-el-salvador-2023/	restricted://post40k_extension/raw/coe-detail/2bbd436ba07dbbee979285f0.html	8370ada36bc133a7ee54c18d3169dfddf06902ac28d42d37fe583f4638c96e83	134382	archive-page=112;detail-index=10;url=https://farmdirectory.cupofexcellence.org/listing/27-santa-petrona-el-salvador-2023/
route.coe.post40k-archive-continuation	https://farmdirectory.cupofexcellence.org/listings/page/113/	restricted://post40k_extension/raw/coe-archive/listings-page-113.html	96f6012ca94bd380cff395678dd1e8aa52a4478c756b94dcc5532eb52e216e62	126596	archive-page=113
route.coe.generic-official-sensory-detail	https://farmdirectory.cupofexcellence.org/listing/10-el-mirador-el-salvador-2023/	restricted://post40k_extension/raw/coe-detail/e194f72bd73755d1107913de.html	f6fbc4994a5c57cc04bc892c81bca1394eb640b5a3d423504efecbaf663c78eb	130515	archive-page=113;detail-index=1;url=https://farmdirectory.cupofexcellence.org/listing/10-el-mirador-el-salvador-2023/
route.coe.generic-official-sensory-detail	https://farmdirectory.cupofexcellence.org/listing/11-santa-fe-el-salvador-2023/	restricted://post40k_extension/raw/coe-detail/5d7e806ffc9ff46eb09ae997.html	83743eaa4546df9a9987a8df694dd2f211717e10eb28a9ae3fe974af18932ecc	141567	archive-page=113;detail-index=2;url=https://farmdirectory.cupofexcellence.org/listing/11-santa-fe-el-salvador-2023/
route.coe.generic-official-sensory-detail	https://farmdirectory.cupofexcellence.org/listing/12-las-marias-el-salvador-2023/	restricted://post40k_extension/raw/coe-detail/c817d689843b17ebf3bec10c.html	7950f025c3544e580ebfa0aa886b8b17d39fe1060af5bf50800d6b7d1250c8a4	131241	archive-page=113;detail-index=3;url=https://farmdirectory.cupofexcellence.org/listing/12-las-marias-el-salvador-2023/
route.coe.generic-official-sensory-detail	https://farmdirectory.cupofexcellence.org/listing/13-las-duanas-el-salvador-2023/	restricted://post40k_extension/raw/coe-detail/d6fd9cd2cde95514b5bb01d9.html	f916f21005a897a229110c550b4d771094136580defca40e7a733bf583705a4a	139384	archive-page=113;detail-index=4;url=https://farmdirectory.cupofexcellence.org/listing/13-las-duanas-el-salvador-2023/
route.coe.generic-official-sensory-detail	https://farmdirectory.cupofexcellence.org/listing/14-talquezalar-el-salvador-2023/	restricted://post40k_extension/raw/coe-detail/c7a944818dfa5a23961bef89.html	d44908caac09864fd11e24207acf09c9ad9265965244585e0ab2ad95538b4766	144439	archive-page=113;detail-index=5;url=https://farmdirectory.cupofexcellence.org/listing/14-talquezalar-el-salvador-2023/
route.coe.generic-official-sensory-detail	https://farmdirectory.cupofexcellence.org/listing/15-milan-el-salvador-2023/	restricted://post40k_extension/raw/coe-detail/daee297c0c2d52b2819318a4.html	f2fe99cb50340fdbcfcad340cff0f1f0e060ec7d57a477be7a52b4a43995ffbf	132531	archive-page=113;detail-index=6;url=https://farmdirectory.cupofexcellence.org/listing/15-milan-el-salvador-2023/
route.coe.generic-official-sensory-detail	https://farmdirectory.cupofexcellence.org/listing/16-la-manuela-el-salvador-2023/	restricted://post40k_extension/raw/coe-detail/8a52e169f3283cf37c3a2df2.html	5d73733b78a046d6610c05f0702f3d0e2a1d80728824a1dcd993717393598c4a	139988	archive-page=113;detail-index=7;url=https://farmdirectory.cupofexcellence.org/listing/16-la-manuela-el-salvador-2023/
route.coe.generic-official-sensory-detail	https://farmdirectory.cupofexcellence.org/listing/17-san-nicolas-el-salvador/	restricted://post40k_extension/raw/coe-detail/d52882f733744346505f15d5.html	9e8239c46c441d70a1b87db081ee430a77c182dd1ce5cc2a746913f18ebef6e3	125325	archive-page=113;detail-index=8;url=https://farmdirectory.cupofexcellence.org/listing/17-san-nicolas-el-salvador/
route.coe.generic-official-sensory-detail	https://farmdirectory.cupofexcellence.org/listing/8-plan-del-hoyo-el-salvador-2023/	restricted://post40k_extension/raw/coe-detail/7ed1f793bc53efacdf1639d3.html	9da88e98c8c0ebd0a0e446c965af3947a46697c7fc8387f390ab3c098db7c1cb	134490	archive-page=113;detail-index=9;url=https://farmdirectory.cupofexcellence.org/listing/8-plan-del-hoyo-el-salvador-2023/
route.coe.generic-official-sensory-detail	https://farmdirectory.cupofexcellence.org/listing/9-los-morales-2-el-salvador-2023/	restricted://post40k_extension/raw/coe-detail/f963e68666f951c962433130.html	0c6efe1fee4109d25f43c574c2770ec6af86031b4e7264159543d472d0b364bf	138989	archive-page=113;detail-index=10;url=https://farmdirectory.cupofexcellence.org/listing/9-los-morales-2-el-salvador-2023/
route.coe.post40k-archive-continuation	https://farmdirectory.cupofexcellence.org/listings/page/114/	restricted://post40k_extension/raw/coe-archive/listings-page-114.html	b91fb51734ffb96b09a4860e16d6da4f9a3caedfd7609a8a74a392ec9f059fc1	126640	archive-page=114
route.coe.generic-official-sensory-detail	https://farmdirectory.cupofexcellence.org/listing/1-mileydi-el-salvador-2023/	restricted://post40k_extension/raw/coe-detail/5e27458333dcdb568998cc1d.html	f7e7dc9a80c4eeed3771d059b5d00bfe71ba916e06f70a6f17f9aa8bab02f3ec	132583	archive-page=114;detail-index=1;url=https://farmdirectory.cupofexcellence.org/listing/1-mileydi-el-salvador-2023/
route.coe.generic-official-sensory-detail	https://farmdirectory.cupofexcellence.org/listing/2-los-morales-1-el-salvador-2023/	restricted://post40k_extension/raw/coe-detail/06be49705338d876e4da2dda.html	b45d25dea7578556f922d6c4b08d6022fc5e35cec1fa4a984ed5bc155a602133	139043	archive-page=114;detail-index=2;url=https://farmdirectory.cupofexcellence.org/listing/2-los-morales-1-el-salvador-2023/
route.coe.generic-official-sensory-detail	https://farmdirectory.cupofexcellence.org/listing/3-san-luis-de-los-recuerdos-el-salvador-2023/	restricted://post40k_extension/raw/coe-detail/ee6a4746135f0c7ef39e428c.html	c2aa476c9e6bd8f2a8303be479a168fe077144a54a8f7c84dd14cebcceba71cf	130750	archive-page=114;detail-index=3;url=https://farmdirectory.cupofexcellence.org/listing/3-san-luis-de-los-recuerdos-el-salvador-2023/
route.coe.generic-official-sensory-detail	https://farmdirectory.cupofexcellence.org/listing/4-la-montana-el-salvador-2023/	restricted://post40k_extension/raw/coe-detail/d14fe458e0b93a2c7c8416f7.html	50895b38e558ff41b18c32fc45a776ea3caf3a9f665eb9c049731e2ccf95bf20	140115	archive-page=114;detail-index=4;url=https://farmdirectory.cupofexcellence.org/listing/4-la-montana-el-salvador-2023/
route.coe.generic-official-sensory-detail	https://farmdirectory.cupofexcellence.org/listing/5-la-arada-el-salvador-2023/	restricted://post40k_extension/raw/coe-detail/eeb874390232f2484f2bbcef.html	7fa408701cbf05743d07aaf9ff557eb1e37e21e9b7f1066f9d63390d7435eae7	132854	archive-page=114;detail-index=5;url=https://farmdirectory.cupofexcellence.org/listing/5-la-arada-el-salvador-2023/
route.coe.generic-official-sensory-detail	https://farmdirectory.cupofexcellence.org/listing/6-nueva-granada-el-salvador-2023/	restricted://post40k_extension/raw/coe-detail/b4ce3e680783200ab3954330.html	8ebdc1e673ed0d75f796449db2413bee9b9a1ed427e75c118446e8ddd2c0277a	142644	archive-page=114;detail-index=6;url=https://farmdirectory.cupofexcellence.org/listing/6-nueva-granada-el-salvador-2023/
route.coe.generic-official-sensory-detail	https://farmdirectory.cupofexcellence.org/listing/7-divina-providencia-el-salvador-2023/	restricted://post40k_extension/raw/coe-detail/631c1a380c83ef802f16bb45.html	071506d6b1bc4a80a7f88644dd79a3a2869b037b2ef98ab60073f2e6cbc55d42	130901	archive-page=114;detail-index=7;url=https://farmdirectory.cupofexcellence.org/listing/7-divina-providencia-el-salvador-2023/
route.coe.generic-official-sensory-detail	https://farmdirectory.cupofexcellence.org/listing/nw-finca-don-fernando/	restricted://post40k_extension/raw/coe-detail/3124e6977e4d96cb3d23379f.html	e10232200be2445ae42fe35ac3de371ccd6c6c0b290719fbffd4e6b0c79f97cf	138674	archive-page=114;detail-index=8;url=https://farmdirectory.cupofexcellence.org/listing/nw-finca-don-fernando/
route.coe.generic-official-sensory-detail	https://farmdirectory.cupofexcellence.org/listing/nw-finca-emanuel-costa-rica-2023/	restricted://post40k_extension/raw/coe-detail/9644c384dc5ea49033412c0f.html	cfd935d7b61fb07cdb15be580bdc41dd9bf29d6c9da4c6e1447010645fd6ab78	130568	archive-page=114;detail-index=9;url=https://farmdirectory.cupofexcellence.org/listing/nw-finca-emanuel-costa-rica-2023/
route.coe.generic-official-sensory-detail	https://farmdirectory.cupofexcellence.org/listing/nw-san-jose-las-nubes-nicaragua-2023-3/	restricted://post40k_extension/raw/coe-detail/2efe6fba2e6d3487a6433223.html	d02d12941b8d268874b23e9a41ce95733149ac7873467eba3f58331346cf5df5	138574	archive-page=114;detail-index=10;url=https://farmdirectory.cupofexcellence.org/listing/nw-san-jose-las-nubes-nicaragua-2023-3/
route.coe.post40k-archive-continuation	https://farmdirectory.cupofexcellence.org/listings/page/115/	restricted://post40k_extension/raw/coe-archive/listings-page-115.html	f09e75746a214c0618d6ba94431c7aba6d69ff14f1481c53bfa8e31e3c16ba57	126576	archive-page=115
route.coe.generic-official-sensory-detail	https://farmdirectory.cupofexcellence.org/listing/22-finca-la-roca-costa-rica-2023/	restricted://post40k_extension/raw/coe-detail/fe162209655bde5a37358f86.html	2cad9a26b3ca7799a8a51fa22d0d84f8024b9fdb2c87914be12bf15f0cb34924	131623	archive-page=115;detail-index=1;url=https://farmdirectory.cupofexcellence.org/listing/22-finca-la-roca-costa-rica-2023/
route.coe.generic-official-sensory-detail	https://farmdirectory.cupofexcellence.org/listing/23-finca-david-costa-rica-2023/	restricted://post40k_extension/raw/coe-detail/d1030615e7f9dd379c626522.html	c0acc583f09666c8e3bffb8d99c0ba41c1f83629acc5ac53d08233d5ed82be73	131439	archive-page=115;detail-index=2;url=https://farmdirectory.cupofexcellence.org/listing/23-finca-david-costa-rica-2023/
route.coe.generic-official-sensory-detail	https://farmdirectory.cupofexcellence.org/listing/24-el-burio-costa-rica-2023/	restricted://post40k_extension/raw/coe-detail/aa010594a7e52e6c1e8111cb.html	328f2109bd9b7eee8873406ffabdf842f899c815c69921bc4f5c2170da197cfe	133081	archive-page=115;detail-index=3;url=https://farmdirectory.cupofexcellence.org/listing/24-el-burio-costa-rica-2023/
route.coe.generic-official-sensory-detail	https://farmdirectory.cupofexcellence.org/listing/25-don-joel-costa-rica-2023/	restricted://post40k_extension/raw/coe-detail/3369d1f0637b302795627f77.html	49f4c78376af9d6fc16ecbc062637937cda5ee5d12d23a344a6ab56b34e13446	133684	archive-page=115;detail-index=4;url=https://farmdirectory.cupofexcellence.org/listing/25-don-joel-costa-rica-2023/
route.coe.generic-official-sensory-detail	https://farmdirectory.cupofexcellence.org/listing/26-el-alto-costa-rica-2023/	restricted://post40k_extension/raw/coe-detail/254b284450c76ff7be5388c5.html	ac831710d69d94ac50e9fbef202f9328790ff771d7f18949cf56ff6ff2b5dce7	132481	archive-page=115;detail-index=5;url=https://farmdirectory.cupofexcellence.org/listing/26-el-alto-costa-rica-2023/
route.coe.generic-official-sensory-detail	https://farmdirectory.cupofexcellence.org/listing/27-don-eli-costa-rica-2023/	restricted://post40k_extension/raw/coe-detail/7bf913270d8560b6eb4a4fc3.html	2cd579597e095d2f8b68de1ed1d7790fdc5cea6529d36d94484ec485f08081dd	140734	archive-page=115;detail-index=6;url=https://farmdirectory.cupofexcellence.org/listing/27-don-eli-costa-rica-2023/
route.coe.generic-official-sensory-detail	https://farmdirectory.cupofexcellence.org/listing/28-ladera-alessia-costa-rica-2023/	restricted://post40k_extension/raw/coe-detail/09f8e30cb7a93867e8800d15.html	a6c6dd1711e56833bc9bc38740d70ca7813496352375bcd3624516ba69630cb9	132665	archive-page=115;detail-index=7;url=https://farmdirectory.cupofexcellence.org/listing/28-ladera-alessia-costa-rica-2023/
route.coe.generic-official-sensory-detail	https://farmdirectory.cupofexcellence.org/listing/29-fideluz-costa-rica-2023/	restricted://post40k_extension/raw/coe-detail/030228658e916cbee9550c19.html	e1778241268a2ea45a3fd261118fae0bc6c161218dc681cd38c1d94591a27481	135634	archive-page=115;detail-index=8;url=https://farmdirectory.cupofexcellence.org/listing/29-fideluz-costa-rica-2023/
route.coe.generic-official-sensory-detail	https://farmdirectory.cupofexcellence.org/listing/30-don-egidio-rodriguez-costa-rica-2023/	restricted://post40k_extension/raw/coe-detail/ccd7be5f57af2c90c4eaf2f3.html	3292b162747df4ca8e74a18df66cae32d31e6072b07c1e063b5ad8ede007f38a	134178	archive-page=115;detail-index=9;url=https://farmdirectory.cupofexcellence.org/listing/30-don-egidio-rodriguez-costa-rica-2023/
route.coe.generic-official-sensory-detail	https://farmdirectory.cupofexcellence.org/listing/nw-el-pacayal-costa-rica-2023/	restricted://post40k_extension/raw/coe-detail/1060d49047c88b2c3f3ba1a8.html	d92b9d1f6bd20d079ad9b4351803bdbee402b3b5b10a3a72da45b36fcbf13e3e	131401	archive-page=115;detail-index=10;url=https://farmdirectory.cupofexcellence.org/listing/nw-el-pacayal-costa-rica-2023/
route.coe.post40k-archive-continuation	https://farmdirectory.cupofexcellence.org/listings/page/116/	restricted://post40k_extension/raw/coe-archive/listings-page-116.html	8d142202d35dc0995872aab65554fc4129c72f1aa4da238291ad9e9039754e1c	127118	archive-page=116
route.coe.generic-official-sensory-detail	https://farmdirectory.cupofexcellence.org/listing/12-pie-san-costa-rica-2023/	restricted://post40k_extension/raw/coe-detail/781cb80c802e891ac34a1b96.html	49f826f16efd78d78c1d53f9da56c54a1cbb28b77991d72fa9741d4a483c7c10	132066	archive-page=116;detail-index=1;url=https://farmdirectory.cupofexcellence.org/listing/12-pie-san-costa-rica-2023/
route.coe.generic-official-sensory-detail	https://farmdirectory.cupofexcellence.org/listing/13-hacienda-copey-itadaki-estate-costa-rica-2023/	restricted://post40k_extension/raw/coe-detail/25ff30bbc578413e51721c69.html	ce225ffd88804121931f8c99297d65ccbd5afb9e9951a62a27f251d716e7dab9	141420	archive-page=116;detail-index=2;url=https://farmdirectory.cupofexcellence.org/listing/13-hacienda-copey-itadaki-estate-costa-rica-2023/
route.coe.generic-official-sensory-detail	https://farmdirectory.cupofexcellence.org/listing/14-gloriana-costa-rica-2023/	restricted://post40k_extension/raw/coe-detail/751d70db7e54ef2ed11f4fbc.html	2f280a771baf56bfb170ec7180c21fde44f8259157ffeeed9cf853bbd4eeedd1	132815	archive-page=116;detail-index=3;url=https://farmdirectory.cupofexcellence.org/listing/14-gloriana-costa-rica-2023/
route.coe.generic-official-sensory-detail	https://farmdirectory.cupofexcellence.org/listing/15-don-dario-san-isidro-labrador-costa-rica-2023/	restricted://post40k_extension/raw/coe-detail/c061a51cad54e314914acb5a.html	20d1fc41aa9dfe871d8c0bf7fc0c91e729288c083d0bcd7df4ee73caa30e1c8d	133360	archive-page=116;detail-index=4;url=https://farmdirectory.cupofexcellence.org/listing/15-don-dario-san-isidro-labrador-costa-rica-2023/
route.coe.generic-official-sensory-detail	https://farmdirectory.cupofexcellence.org/listing/16-don-joaquin-costa-rica-2023/	restricted://post40k_extension/raw/coe-detail/9bc304fbc3f2d7855f05222b.html	007d7d3211cffcfd5cd5bf0400fd2e465104e67346f0c3c68381b3eee40d351c	133660	archive-page=116;detail-index=5;url=https://farmdirectory.cupofexcellence.org/listing/16-don-joaquin-costa-rica-2023/
route.coe.generic-official-sensory-detail	https://farmdirectory.cupofexcellence.org/listing/17-la-planada-costa-rica-2023/	restricted://post40k_extension/raw/coe-detail/415684d14a295d8c6908051f.html	d6fb451fb8cd6bea31c3b8ec89c25eaa4b54bbdd74fe2cef404b33bfcf9b248e	133740	archive-page=116;detail-index=6;url=https://farmdirectory.cupofexcellence.org/listing/17-la-planada-costa-rica-2023/
route.coe.generic-official-sensory-detail	https://farmdirectory.cupofexcellence.org/listing/18-don-mayo-los-tucanes-costa-rica-2023/	restricted://post40k_extension/raw/coe-detail/0d63524eb602959fc310aefe.html	beb45c2963cdbdc7b5f820c451c8145d2d0e7805e061680e70e34af1041dda8a	131471	archive-page=116;detail-index=7;url=https://farmdirectory.cupofexcellence.org/listing/18-don-mayo-los-tucanes-costa-rica-2023/
route.coe.generic-official-sensory-detail	https://farmdirectory.cupofexcellence.org/listing/19-sin-limites-costa-rica-2023/	restricted://post40k_extension/raw/coe-detail/ff968868ebdf6a694704d5eb.html	1eebae5adc7f4e69ae66d9d9b68a4757b1ee6e6f613b312c18502228ee0e4e3b	132136	archive-page=116;detail-index=8;url=https://farmdirectory.cupofexcellence.org/listing/19-sin-limites-costa-rica-2023/
route.coe.generic-official-sensory-detail	https://farmdirectory.cupofexcellence.org/listing/20-finca-tono-costa-rica-2023/	restricted://post40k_extension/raw/coe-detail/a55c27cbff2ef4d65e586226.html	28f06b6e0a52e78f53f7d518a24e0d106a65c8ee392e7a772c30a4dc298b24c3	137019	archive-page=116;detail-index=9;url=https://farmdirectory.cupofexcellence.org/listing/20-finca-tono-costa-rica-2023/
route.coe.generic-official-sensory-detail	https://farmdirectory.cupofexcellence.org/listing/21-sin-limites-cr7-costa-rica-2023/	restricted://post40k_extension/raw/coe-detail/d9fd2eab7743b69483a61ee2.html	5d0a86613a33d065968d6e453cf460168343a7dc7c54ed2681485619e135e29a	131570	archive-page=116;detail-index=10;url=https://farmdirectory.cupofexcellence.org/listing/21-sin-limites-cr7-costa-rica-2023/
route.coe.post40k-archive-continuation	https://farmdirectory.cupofexcellence.org/listings/page/117/	restricted://post40k_extension/raw/coe-archive/listings-page-117.html	3cc5bbbbea2da2cac7544bf1f55e9a032fd0fd05d620b669fc2c5216973f00a6	126784	archive-page=117
route.coe.generic-official-sensory-detail	https://farmdirectory.cupofexcellence.org/listing/10-cipresal-fcj-volcan-azul-costa-rica-2023/	restricted://post40k_extension/raw/coe-detail/f28bf164a2b6d14fd65ff1e5.html	614043e2a416999c1247fa29d895955b52481d872e9b95fb0632c53d5589cd03	131042	archive-page=117;detail-index=1;url=https://farmdirectory.cupofexcellence.org/listing/10-cipresal-fcj-volcan-azul-costa-rica-2023/
route.coe.generic-official-sensory-detail	https://farmdirectory.cupofexcellence.org/listing/11-don-danilo-costa-rica-2023/	restricted://post40k_extension/raw/coe-detail/8da636ff4ab3808ec82816ac.html	63fadeee88dc270e41f4bb0e6062ec167e96d7d1934cab0d7056fda6a165c691	131505	archive-page=117;detail-index=2;url=https://farmdirectory.cupofexcellence.org/listing/11-don-danilo-costa-rica-2023/
route.coe.generic-official-sensory-detail	https://farmdirectory.cupofexcellence.org/listing/2-finca-voo-costa-rica-2023/	restricted://post40k_extension/raw/coe-detail/607366dfe9debc45a8ee87e9.html	58ab6af4d9abd48a7be2d01f8c4171b697cd9d751105bec3c85aa57ec0ef745e	132486	archive-page=117;detail-index=3;url=https://farmdirectory.cupofexcellence.org/listing/2-finca-voo-costa-rica-2023/
route.coe.generic-official-sensory-detail	https://farmdirectory.cupofexcellence.org/listing/3-finca-don-cayito-costa-rica-2023/	restricted://post40k_extension/raw/coe-detail/15590ef518e8a904c19156f4.html	ddcd60ea6109639e1ef2c99a31dcba9aa992f7e2561d2ebdda1564b936940799	133837	archive-page=117;detail-index=4;url=https://farmdirectory.cupofexcellence.org/listing/3-finca-don-cayito-costa-rica-2023/
route.coe.generic-official-sensory-detail	https://farmdirectory.cupofexcellence.org/listing/4-san-martin-costa-rica-2023/	restricted://post40k_extension/raw/coe-detail/e1cdd5a6e8b138552e76d4af.html	9b08ff0726e8b5cefafc2b788fbd4854b1ff973920f406e2f0a88af1b4a40e1a	133757	archive-page=117;detail-index=5;url=https://farmdirectory.cupofexcellence.org/listing/4-san-martin-costa-rica-2023/
route.coe.generic-official-sensory-detail	https://farmdirectory.cupofexcellence.org/listing/5-el-chizo-costa-rica-2023/	restricted://post40k_extension/raw/coe-detail/f5cca78cff27d1ddac2a6540.html	1e9fdf72aa4989747314c670320d2d36d1a1d6b4912c58bc0a26b30a37a14910	133613	archive-page=117;detail-index=6;url=https://farmdirectory.cupofexcellence.org/listing/5-el-chizo-costa-rica-2023/
route.coe.generic-official-sensory-detail	https://farmdirectory.cupofexcellence.org/listing/6-hacienda-copey-costa-rica-2023/	restricted://post40k_extension/raw/coe-detail/3c5f00e64c08c3e7656de532.html	494b8f1f31e64b5eb8a6b3e5bd32277af037ebe742d15dda3f36cb36d8e6edad	142219	archive-page=117;detail-index=7;url=https://farmdirectory.cupofexcellence.org/listing/6-hacienda-copey-costa-rica-2023/
route.coe.generic-official-sensory-detail	https://farmdirectory.cupofexcellence.org/listing/7-las-nubes-costa-rica-2023/	restricted://post40k_extension/raw/coe-detail/467a683b0af8b62265a2ee26.html	1fef3ac0465800f1f1d5390fa6771ccdb55b968d13b544e5666152d06e204252	135715	archive-page=117;detail-index=8;url=https://farmdirectory.cupofexcellence.org/listing/7-las-nubes-costa-rica-2023/
route.coe.generic-official-sensory-detail	https://farmdirectory.cupofexcellence.org/listing/8-fcj-volcan-azul-costa-rica-2023/	restricted://post40k_extension/raw/coe-detail/1f9149cc4a4a7959cba28b23.html	c844372e71e7dc94799aea9c602a09569494ac2c29ac0298f772bb620981a585	135938	archive-page=117;detail-index=9;url=https://farmdirectory.cupofexcellence.org/listing/8-fcj-volcan-azul-costa-rica-2023/
route.coe.generic-official-sensory-detail	https://farmdirectory.cupofexcellence.org/listing/9-santa-teresa-costa-rica-2023/	restricted://post40k_extension/raw/coe-detail/faea1eb333328a7fde79d170.html	4633ca6764b74d95e42b8d1cc244b674f398db5a829ef4af4af7cdec9650bb81	135727	archive-page=117;detail-index=10;url=https://farmdirectory.cupofexcellence.org/listing/9-santa-teresa-costa-rica-2023/
route.coe.post40k-archive-continuation	https://farmdirectory.cupofexcellence.org/listings/page/118/	restricted://post40k_extension/raw/coe-archive/listings-page-118.html	bb21852f2dd60b2467201a247ab751892424c78e1bb7020a20721ee351011976	126541	archive-page=118
route.coe.generic-official-sensory-detail	https://farmdirectory.cupofexcellence.org/listing/1-el-cedro-san-isidro-labrador-costa-rica-2023/	restricted://post40k_extension/raw/coe-detail/6dcd8fed94648c7b550b5656.html	c9319184dd0bf0e2ed0d73a26cf696a66879b9d916c2bd03dc94aff0dad746a8	133213	archive-page=118;detail-index=1;url=https://farmdirectory.cupofexcellence.org/listing/1-el-cedro-san-isidro-labrador-costa-rica-2023/
route.coe.generic-official-sensory-detail	https://farmdirectory.cupofexcellence.org/listing/nw-dios-todo-poderoso-nicaragua-2023/	restricted://post40k_extension/raw/coe-detail/04988d86448aaf0b9016bd86.html	0d0efbdb51f46ca8270371d41ffb2c1f995c233b417ae2a8b8c8941cc1fd46f1	133248	archive-page=118;detail-index=2;url=https://farmdirectory.cupofexcellence.org/listing/nw-dios-todo-poderoso-nicaragua-2023/
route.coe.generic-official-sensory-detail	https://farmdirectory.cupofexcellence.org/listing/nw-la-libertad-nicaragua-2023/	restricted://post40k_extension/raw/coe-detail/de3ab1ff49c548f99dc6408c.html	ec876a714865ab5ea3c32f48da0face1b0c07f621d008484cccf1c3998cd9869	136354	archive-page=118;detail-index=3;url=https://farmdirectory.cupofexcellence.org/listing/nw-la-libertad-nicaragua-2023/
route.coe.generic-official-sensory-detail	https://farmdirectory.cupofexcellence.org/listing/nw-la-virgen-de-la-piedra-nicaragua-2023/	restricted://post40k_extension/raw/coe-detail/6d2b8348886685979b60a95e.html	54a28c6e868aeb21475203ccbba689b8f1b130873a3d589b53ac8f28927e8239	130845	archive-page=118;detail-index=4;url=https://farmdirectory.cupofexcellence.org/listing/nw-la-virgen-de-la-piedra-nicaragua-2023/
route.coe.generic-official-sensory-detail	https://farmdirectory.cupofexcellence.org/listing/nw-los-volcancitos-nicaragua-2023/	restricted://post40k_extension/raw/coe-detail/15a9de259c66e588b784ee25.html	065ac21ad3a2d7632d037c31c63f04e947c5f46ea9fd9f7a7d10a793b79c4845	132403	archive-page=118;detail-index=5;url=https://farmdirectory.cupofexcellence.org/listing/nw-los-volcancitos-nicaragua-2023/
route.coe.generic-official-sensory-detail	https://farmdirectory.cupofexcellence.org/listing/nw-ojo-de-agua-nicaragua-2023/	restricted://post40k_extension/raw/coe-detail/8fd32c71d0d0d51c2d594a21.html	8a746adfa619220b550cc4d3893174af8206cf4e4af4cab1b4ed39e612359910	132081	archive-page=118;detail-index=6;url=https://farmdirectory.cupofexcellence.org/listing/nw-ojo-de-agua-nicaragua-2023/
route.coe.generic-official-sensory-detail	https://farmdirectory.cupofexcellence.org/listing/nw-san-jose-las-nubes-nicaragua-2023-2/	restricted://post40k_extension/raw/coe-detail/c531fc8bbfd49cc50ca97701.html	f86b2e390caf4c646d745176c90d8afffb01f557f11f0b9b6bc106fe0d0b99ea	138735	archive-page=118;detail-index=7;url=https://farmdirectory.cupofexcellence.org/listing/nw-san-jose-las-nubes-nicaragua-2023-2/
route.coe.generic-official-sensory-detail	https://farmdirectory.cupofexcellence.org/listing/nw-san-jose-las-nubes-nicaragua-2023/	restricted://post40k_extension/raw/coe-detail/0eb1f19929fa892016f3cf7c.html	284423dd96a2f277171551a96ceaf87dec30c3e72520f5aa81e772c39b68fac9	140703	archive-page=118;detail-index=8;url=https://farmdirectory.cupofexcellence.org/listing/nw-san-jose-las-nubes-nicaragua-2023/
route.coe.generic-official-sensory-detail	https://farmdirectory.cupofexcellence.org/listing/nw-san-jose-nicaragua-2023/	restricted://post40k_extension/raw/coe-detail/861e0d3c2b2d94d4f69ce2ba.html	816659c8fbec2fa3f609488947fd5978c7e3d1abc7f237c8f761565c0ab22c5f	129870	archive-page=118;detail-index=9;url=https://farmdirectory.cupofexcellence.org/listing/nw-san-jose-nicaragua-2023/
route.coe.generic-official-sensory-detail	https://farmdirectory.cupofexcellence.org/listing/nw-spes-no-3-nicaragua-2023/	restricted://post40k_extension/raw/coe-detail/f81dc517b2ca9162cff7ec4e.html	c5ef58a0a2421e215c694c9258660d89694af804997954b56882691db87b7d68	129036	archive-page=118;detail-index=10;url=https://farmdirectory.cupofexcellence.org/listing/nw-spes-no-3-nicaragua-2023/
route.coe.post40k-archive-continuation	https://farmdirectory.cupofexcellence.org/listings/page/119/	restricted://post40k_extension/raw/coe-archive/listings-page-119.html	f991ce795a1cd7baf8d5ea3462ce48ceed8566a4b540f154e3fcd24baa4aed76	126702	archive-page=119
route.coe.generic-official-sensory-detail	https://farmdirectory.cupofexcellence.org/listing/10-el-porvenir-nicaragua-2023/	restricted://post40k_extension/raw/coe-detail/4719b980a0a9c6381135c84d.html	c267cd3010976cfe1e32a37cc19343792bd1a93c373424c580dca4b6f7391824	131382	archive-page=119;detail-index=1;url=https://farmdirectory.cupofexcellence.org/listing/10-el-porvenir-nicaragua-2023/
route.coe.generic-official-sensory-detail	https://farmdirectory.cupofexcellence.org/listing/11-buena-esperanza-nicaragua-2023/	restricted://post40k_extension/raw/coe-detail/f95ad7c0d271353efc82ae83.html	f30a6ce180a7907fd1fbfb984045046e8f2644d7af59a54336067433cdca2ae3	135029	archive-page=119;detail-index=2;url=https://farmdirectory.cupofexcellence.org/listing/11-buena-esperanza-nicaragua-2023/
route.coe.generic-official-sensory-detail	https://farmdirectory.cupofexcellence.org/listing/12-la-picona-nicaragua-2023/	restricted://post40k_extension/raw/coe-detail/50b171d7e3fc53d7cce657ce.html	768914766902da4dfe604150fcc00eae602922a2dee939edb5285a32a6b75b6e	133240	archive-page=119;detail-index=3;url=https://farmdirectory.cupofexcellence.org/listing/12-la-picona-nicaragua-2023/
route.coe.generic-official-sensory-detail	https://farmdirectory.cupofexcellence.org/listing/13-el-progreso-nicaragua-2023/	restricted://post40k_extension/raw/coe-detail/77b84fbc35c08689acf3a2c9.html	af89ea18bd97b0021b7754fc7a0991d5b1da5ba7673855f2542a3a6df7c17430	132802	archive-page=119;detail-index=4;url=https://farmdirectory.cupofexcellence.org/listing/13-el-progreso-nicaragua-2023/
route.coe.generic-official-sensory-detail	https://farmdirectory.cupofexcellence.org/listing/14-montesol-nicaragua-2023/	restricted://post40k_extension/raw/coe-detail/7478c1d7598ae96a6ceaf6c7.html	615a76473ca440365fd0c0f01a45bdb08a546e50a24a3501b0e155d84a641dc5	141900	archive-page=119;detail-index=5;url=https://farmdirectory.cupofexcellence.org/listing/14-montesol-nicaragua-2023/
route.coe.generic-official-sensory-detail	https://farmdirectory.cupofexcellence.org/listing/15-la-aurora-nicaragua-2023/	restricted://post40k_extension/raw/coe-detail/a7131e207982fba844260f47.html	da33efc5650994fdf7d77c2c79953cb7160bf3647be19eafc29dcdf098f47a3d	130714	archive-page=119;detail-index=6;url=https://farmdirectory.cupofexcellence.org/listing/15-la-aurora-nicaragua-2023/
route.coe.generic-official-sensory-detail	https://farmdirectory.cupofexcellence.org/listing/16-la-hacienda-nicaragua-2023/	restricted://post40k_extension/raw/coe-detail/75f5d5b46b4c86f68c982788.html	1cb3f210fee47eb0582f8456382e8bde123e3f597c47d26c8bc03b2d7188bb9e	136952	archive-page=119;detail-index=7;url=https://farmdirectory.cupofexcellence.org/listing/16-la-hacienda-nicaragua-2023/
route.coe.generic-official-sensory-detail	https://farmdirectory.cupofexcellence.org/listing/7-quitasuenos-nicaragua-2023/	restricted://post40k_extension/raw/coe-detail/43a3d482bddf4b950fc56aa2.html	849aef5d42f9ee10acfe802a52dab5de78900b0c8ce24a5a9a55be3739acba19	131653	archive-page=119;detail-index=8;url=https://farmdirectory.cupofexcellence.org/listing/7-quitasuenos-nicaragua-2023/
route.coe.generic-official-sensory-detail	https://farmdirectory.cupofexcellence.org/listing/8-coffee-libre-s-a-nicaragua-2023/	restricted://post40k_extension/raw/coe-detail/21ac1a602f5e159dd78a9166.html	69009da720207de79d214da157439ce83aeae0c11726884f120a4b005a2cc0f5	130409	archive-page=119;detail-index=9;url=https://farmdirectory.cupofexcellence.org/listing/8-coffee-libre-s-a-nicaragua-2023/
route.coe.generic-official-sensory-detail	https://farmdirectory.cupofexcellence.org/listing/9-la-orquidea-nicaragua-2023/	restricted://post40k_extension/raw/coe-detail/5c364578ea6825b6cb442cc8.html	41573ef3717594c8a2da40eed9a3906bb61e8538037d521104f7c6a87ea076d4	135225	archive-page=119;detail-index=10;url=https://farmdirectory.cupofexcellence.org/listing/9-la-orquidea-nicaragua-2023/
route.coe.post40k-archive-continuation	https://farmdirectory.cupofexcellence.org/listings/page/120/	restricted://post40k_extension/raw/coe-archive/listings-page-120.html	bbf750c370e1b04ab5755a4df3a17277b6c0e5280beb7d6f903b02445e6ef0ac	126476	archive-page=120
route.coe.generic-official-sensory-detail	https://farmdirectory.cupofexcellence.org/listing/1-los-alpes-nicaragua-2023/	restricted://post40k_extension/raw/coe-detail/91660aff49a1918b00db2f16.html	facc0d3b9beb201062699c794f1d04005114cd8a1b6c02e40c578a7ad62c476b	132187	archive-page=120;detail-index=1;url=https://farmdirectory.cupofexcellence.org/listing/1-los-alpes-nicaragua-2023/
route.coe.generic-official-sensory-detail	https://farmdirectory.cupofexcellence.org/listing/2-buenos-aire-nicaragua-2023/	restricted://post40k_extension/raw/coe-detail/909a8a3cfa051a63dbb43756.html	b60fbca51454c766c6dc0994be2906e1f0859a0c3275c81b687b370d7922a609	132241	archive-page=120;detail-index=2;url=https://farmdirectory.cupofexcellence.org/listing/2-buenos-aire-nicaragua-2023/
route.coe.generic-official-sensory-detail	https://farmdirectory.cupofexcellence.org/listing/29-el-mango-honduras-2023/	restricted://post40k_extension/raw/coe-detail/65de0acca688667c55370fef.html	2d296afa08c0ebc763c0fb7871ad2fdd88b94acc30e9193bf02ff5ed3f8fb73c	134079	archive-page=120;detail-index=3;url=https://farmdirectory.cupofexcellence.org/listing/29-el-mango-honduras-2023/
route.coe.generic-official-sensory-detail	https://farmdirectory.cupofexcellence.org/listing/3-santa-cruz-nicaragua-2023/	restricted://post40k_extension/raw/coe-detail/161b1cd253488b67850f3e53.html	9b2e71841a211cf70b28b3b0a48985ebb37434a0907d1bf19c733d92645a14d9	128840	archive-page=120;detail-index=4;url=https://farmdirectory.cupofexcellence.org/listing/3-santa-cruz-nicaragua-2023/
route.coe.generic-official-sensory-detail	https://farmdirectory.cupofexcellence.org/listing/30-liquidambar-honduras-2023/	restricted://post40k_extension/raw/coe-detail/12d5ecea176be6f19b6a0ef0.html	319516ef9c3a28cd7a598b42b80abeb90580c81fb40f88c11fab7c4497cdb061	133498	archive-page=120;detail-index=5;url=https://farmdirectory.cupofexcellence.org/listing/30-liquidambar-honduras-2023/
route.coe.generic-official-sensory-detail	https://farmdirectory.cupofexcellence.org/listing/4-jesus-mountain-coffee-company-nicaragua-s-a-2023/	restricted://post40k_extension/raw/coe-detail/bbc90bf0a9dc5edda82e08a0.html	e8ba5b56b43a5eaa842e7e0fe062d50d1d9579bce281be3fa1758e94fe58d66a	140057	archive-page=120;detail-index=6;url=https://farmdirectory.cupofexcellence.org/listing/4-jesus-mountain-coffee-company-nicaragua-s-a-2023/
route.coe.generic-official-sensory-detail	https://farmdirectory.cupofexcellence.org/listing/5-el-cambalache-nicaragua-2023/	restricted://post40k_extension/raw/coe-detail/acc5909c1fad81fe47db93f8.html	511d5ad3d4c218d867063e52cb510044943513a1447e2d94a494ed1e7c620cdf	131406	archive-page=120;detail-index=7;url=https://farmdirectory.cupofexcellence.org/listing/5-el-cambalache-nicaragua-2023/
route.coe.generic-official-sensory-detail	https://farmdirectory.cupofexcellence.org/listing/6-un-regalo-de-dios-nicaragua-2023/	restricted://post40k_extension/raw/coe-detail/ff7bcbbc0c644dadfde4f4de.html	6559f2db614f83cd365d52a393d9df2ffd042b5a89eef01af0385b6beeda212a	142039	archive-page=120;detail-index=8;url=https://farmdirectory.cupofexcellence.org/listing/6-un-regalo-de-dios-nicaragua-2023/
route.coe.generic-official-sensory-detail	https://farmdirectory.cupofexcellence.org/listing/nw-pacayalito-honduras-2023/	restricted://post40k_extension/raw/coe-detail/cf3fdb67be16dfa096d0c37c.html	12110978cb9040101f644b3425db1e33e4b9ec469f1f8b2f735987a85a2a229b	132156	archive-page=120;detail-index=9;url=https://farmdirectory.cupofexcellence.org/listing/nw-pacayalito-honduras-2023/
route.coe.generic-official-sensory-detail	https://farmdirectory.cupofexcellence.org/listing/nw-robles-honduras-2023/	restricted://post40k_extension/raw/coe-detail/9bd69d0ec096a1cf09df5666.html	33cedecfc7e7cfc742b931e979e9cf7c6dd5cd7398ffc19a033a99946a534183	125360	archive-page=120;detail-index=10;url=https://farmdirectory.cupofexcellence.org/listing/nw-robles-honduras-2023/
route.coe.post40k-archive-continuation	https://farmdirectory.cupofexcellence.org/listings/page/121/	restricted://post40k_extension/raw/coe-archive/listings-page-121.html	14029b03a789d50ba5a49b38a732b3ec97a246c86726a5f4f31ef28ca98e0226	126547	archive-page=121
route.coe.generic-official-sensory-detail	https://farmdirectory.cupofexcellence.org/listing/19-la-colmena-honduras-2023/	restricted://post40k_extension/raw/coe-detail/9cf0ef983be7261c040aaaee.html	615a5d38fdb91d74498a2fe179afcb4e89cb7166e34fcd2401fc247f7a9c3556	132382	archive-page=121;detail-index=1;url=https://farmdirectory.cupofexcellence.org/listing/19-la-colmena-honduras-2023/
route.coe.generic-official-sensory-detail	https://farmdirectory.cupofexcellence.org/listing/20-la-pena-honduras-2023/	restricted://post40k_extension/raw/coe-detail/d32a250fb5fb4420f22b6d63.html	31445d5ec00ea143eb0c3b23aa3a50cbc0c0bda7b5723dbbc08f32b1c23eb00e	131642	archive-page=121;detail-index=2;url=https://farmdirectory.cupofexcellence.org/listing/20-la-pena-honduras-2023/
route.coe.generic-official-sensory-detail	https://farmdirectory.cupofexcellence.org/listing/21-la-pena-honduras-2023/	restricted://post40k_extension/raw/coe-detail/3999aa6c8080a9668a05d88e.html	739cc4488bbd316a08b44cb759c342bd8d68986e9df6511e35963b2e38111369	132100	archive-page=121;detail-index=3;url=https://farmdirectory.cupofexcellence.org/listing/21-la-pena-honduras-2023/
route.coe.generic-official-sensory-detail	https://farmdirectory.cupofexcellence.org/listing/22-la-bendicion-honduras-2023/	restricted://post40k_extension/raw/coe-detail/6f14723f3f833a828fa8f573.html	3280c4e640e755d069670c637cc1f0f4fa7a8e5e9eb5678026a1b39a52321b17	135026	archive-page=121;detail-index=4;url=https://farmdirectory.cupofexcellence.org/listing/22-la-bendicion-honduras-2023/
route.coe.generic-official-sensory-detail	https://farmdirectory.cupofexcellence.org/listing/23-sueno-fertil-honduras-2023/	restricted://post40k_extension/raw/coe-detail/cc6a8577f5b15885301f19e4.html	3fde9f1b73b3937675772fec5d87884c7d991d1f76028f093d81043e35f1f17c	132293	archive-page=121;detail-index=5;url=https://farmdirectory.cupofexcellence.org/listing/23-sueno-fertil-honduras-2023/
route.coe.generic-official-sensory-detail	https://farmdirectory.cupofexcellence.org/listing/24-chavelo-n2-honduras-2023/	restricted://post40k_extension/raw/coe-detail/b3a3c2d1ff05eb72919325b9.html	8a2e3ab5ff6b9b932903e99ff441157f9d7060590209ddd836763dec75c60043	127639	archive-page=121;detail-index=6;url=https://farmdirectory.cupofexcellence.org/listing/24-chavelo-n2-honduras-2023/
route.coe.generic-official-sensory-detail	https://farmdirectory.cupofexcellence.org/listing/25-el-sol-honduras-2023/	restricted://post40k_extension/raw/coe-detail/78ba808b9bcb1f267db0f7ad.html	647c1a66ab834078955ce8d520ec2f1880d5b11b9b6b39a6b26fe7705ee1fa56	132981	archive-page=121;detail-index=7;url=https://farmdirectory.cupofexcellence.org/listing/25-el-sol-honduras-2023/
route.coe.generic-official-sensory-detail	https://farmdirectory.cupofexcellence.org/listing/26-los-quetzales-honduras-2023/	restricted://post40k_extension/raw/coe-detail/c6a790689744f7140e25eb71.html	da79650e9748acb066637f13dd2a7b69353ee51db460214d29284766b7886339	135660	archive-page=121;detail-index=8;url=https://farmdirectory.cupofexcellence.org/listing/26-los-quetzales-honduras-2023/
route.coe.generic-official-sensory-detail	https://farmdirectory.cupofexcellence.org/listing/27-el-itacayo-honduras-2023/	restricted://post40k_extension/raw/coe-detail/9174b1c6c33d7ed24c15ece9.html	486f51486764683ef3dbe6f1c6bafffd862185b9c8a2389b1ea9f204248281c5	135303	archive-page=121;detail-index=9;url=https://farmdirectory.cupofexcellence.org/listing/27-el-itacayo-honduras-2023/
route.coe.generic-official-sensory-detail	https://farmdirectory.cupofexcellence.org/listing/28-el-boqueron-honduras-2023/	restricted://post40k_extension/raw/coe-detail/e9bf77e03356f8c2a75d2482.html	9af4a3c29aa1ceae4bf069a00c6d6d8c9492961c7b927c5b48eed85210b4042f	132983	archive-page=121;detail-index=10;url=https://farmdirectory.cupofexcellence.org/listing/28-el-boqueron-honduras-2023/
route.coe.post40k-archive-continuation	https://farmdirectory.cupofexcellence.org/listings/page/122/	restricted://post40k_extension/raw/coe-archive/listings-page-122.html	bda7f8a70a761535cc22f4388582dfbca1a1924f7ab15defea58b8271d6c3514	126380	archive-page=122
route.coe.generic-official-sensory-detail	https://farmdirectory.cupofexcellence.org/listing/10-agua-dulce-honduras-2023/	restricted://post40k_extension/raw/coe-detail/957eabf59a7fd4d51b0abf10.html	5622496a3412dba624a4acd20fbf6584319b87cde8d67f59eab35e7e5318170d	134193	archive-page=122;detail-index=1;url=https://farmdirectory.cupofexcellence.org/listing/10-agua-dulce-honduras-2023/
route.coe.generic-official-sensory-detail	https://farmdirectory.cupofexcellence.org/listing/11-la-reina-honduras-2023/	restricted://post40k_extension/raw/coe-detail/1a055ea655d37643c488aabd.html	2447344b0f5963a134ab0e1ddb5053ab5cb1ea16563228897b4c3325c1c70ee9	132759	archive-page=122;detail-index=2;url=https://farmdirectory.cupofexcellence.org/listing/11-la-reina-honduras-2023/
route.coe.generic-official-sensory-detail	https://farmdirectory.cupofexcellence.org/listing/12-los-tres-cedros-honduras-2023/	restricted://post40k_extension/raw/coe-detail/eae77e6b9acfe823bb3717a9.html	d92c7ce4d663802f9eac9387184a3c96ecff567a8455cc4ba62bad7c0d99537c	128977	archive-page=122;detail-index=3;url=https://farmdirectory.cupofexcellence.org/listing/12-los-tres-cedros-honduras-2023/
route.coe.generic-official-sensory-detail	https://farmdirectory.cupofexcellence.org/listing/13-arianita-honduras-2023/	restricted://post40k_extension/raw/coe-detail/71e0e760d780aa0bde850ad6.html	4aca1f4196cc4cdc4687695fa35bf77424c9b741b9e15a7be5649ca3176d7845	132882	archive-page=122;detail-index=4;url=https://farmdirectory.cupofexcellence.org/listing/13-arianita-honduras-2023/
route.coe.generic-official-sensory-detail	https://farmdirectory.cupofexcellence.org/listing/14-la-casa-honduras-2023/	restricted://post40k_extension/raw/coe-detail/e647837c0854201cbcaba05e.html	5084a856d09a500dd830d9f917ec84a2a8c66d59f430866b9dd6e026b9df8045	126164	archive-page=122;detail-index=5;url=https://farmdirectory.cupofexcellence.org/listing/14-la-casa-honduras-2023/
route.coe.generic-official-sensory-detail	https://farmdirectory.cupofexcellence.org/listing/15-el-guamal-honduras-2023/	restricted://post40k_extension/raw/coe-detail/26158c84ce205e2cc96222d8.html	88a38e1d2d9d9cc0b819d20623d32fc45e623ca2663dc0e5f77bc86caac97e20	134951	archive-page=122;detail-index=6;url=https://farmdirectory.cupofexcellence.org/listing/15-el-guamal-honduras-2023/
route.coe.generic-official-sensory-detail	https://farmdirectory.cupofexcellence.org/listing/16-la-montanita-honduras-2023/	restricted://post40k_extension/raw/coe-detail/b2172e073d5ed902c8892e82.html	d2465cb155b08db059bd5b8d2e07fae716599c51fa0cc14847affb6f9b87d8e1	134170	archive-page=122;detail-index=7;url=https://farmdirectory.cupofexcellence.org/listing/16-la-montanita-honduras-2023/
route.coe.generic-official-sensory-detail	https://farmdirectory.cupofexcellence.org/listing/17-buena-vista-honduras-2023/	restricted://post40k_extension/raw/coe-detail/0a79641c32d1db885de458d7.html	57a69e98cdce37a4d180b0585e71c4f807eafdc81dfdac56bb73fd09afa97603	133512	archive-page=122;detail-index=8;url=https://farmdirectory.cupofexcellence.org/listing/17-buena-vista-honduras-2023/
route.coe.generic-official-sensory-detail	https://farmdirectory.cupofexcellence.org/listing/18-los-robles-honduras-2023/	restricted://post40k_extension/raw/coe-detail/5685dbe3fd343a537c5c28c3.html	014a1c1844869e43dd70845cf83abbd00058afa34581cff97212aed8493201aa	132190	archive-page=122;detail-index=9;url=https://farmdirectory.cupofexcellence.org/listing/18-los-robles-honduras-2023/
route.coe.generic-official-sensory-detail	https://farmdirectory.cupofexcellence.org/listing/9-la-salvaje-honduras-2023/	restricted://post40k_extension/raw/coe-detail/75fadd649dc4e3474745fc68.html	976c9a9e46039b3b48e5de0866336f2b70ddcb029914960c03d3786384f30088	132242	archive-page=122;detail-index=10;url=https://farmdirectory.cupofexcellence.org/listing/9-la-salvaje-honduras-2023/
route.coe.post40k-archive-continuation	https://farmdirectory.cupofexcellence.org/listings/page/123/	restricted://post40k_extension/raw/coe-archive/listings-page-123.html	1c436a510e6df74d0b895c5c757d8eea19b34751876620d398b0d6c5b769b466	126551	archive-page=123
route.coe.generic-official-sensory-detail	https://farmdirectory.cupofexcellence.org/listing/1-pino-de-oro-honduras-2023/	restricted://post40k_extension/raw/coe-detail/0aa0cd6f7aff03732680009c.html	48fb94d419f0e0ccb771f1b5901caa13c3a77347d914a487d15cfbf0d2ca76fc	133983	archive-page=123;detail-index=1;url=https://farmdirectory.cupofexcellence.org/listing/1-pino-de-oro-honduras-2023/
route.coe.generic-official-sensory-detail	https://farmdirectory.cupofexcellence.org/listing/2-las-virginias-honduras-2023/	restricted://post40k_extension/raw/coe-detail/b88e2404d4ed2be7ad6c480f.html	16d1a918eb72e9e4183af2b16eb077ec84b48f88da91d0b0353dc60214193ea4	133395	archive-page=123;detail-index=2;url=https://farmdirectory.cupofexcellence.org/listing/2-las-virginias-honduras-2023/
route.coe.generic-official-sensory-detail	https://farmdirectory.cupofexcellence.org/listing/3-la-fresa-honduras-2023/	restricted://post40k_extension/raw/coe-detail/69a58cc5dc34fac97fe317cc.html	5f435c39cff0aee2d64efda185535ce7c4edff2b312a570ca9e06ce5f55bd1b4	132030	archive-page=123;detail-index=3;url=https://farmdirectory.cupofexcellence.org/listing/3-la-fresa-honduras-2023/
route.coe.generic-official-sensory-detail	https://farmdirectory.cupofexcellence.org/listing/4-el-zapote-honduras-2023/	restricted://post40k_extension/raw/coe-detail/1093177d602567529d86a3e1.html	7feb7dd3f62ae1fcdd412b166460ddf5e22453a4637b572864d69c1a03b8658f	133426	archive-page=123;detail-index=4;url=https://farmdirectory.cupofexcellence.org/listing/4-el-zapote-honduras-2023/
route.coe.generic-official-sensory-detail	https://farmdirectory.cupofexcellence.org/listing/5-la-salsa-honduras-2023/	restricted://post40k_extension/raw/coe-detail/aeefc3481cc3eb46cbbcad8e.html	3b0a11255ed198d045e5cbc1624ec09c1cb50f6b6a121069afee851c9c6f6e22	132935	archive-page=123;detail-index=5;url=https://farmdirectory.cupofexcellence.org/listing/5-la-salsa-honduras-2023/
route.coe.generic-official-sensory-detail	https://farmdirectory.cupofexcellence.org/listing/6-platanares-honduras-2023/	restricted://post40k_extension/raw/coe-detail/8db8067ea97b365bbd5673ae.html	6042e421105c7d5bbbe9991152fea36dd36ff3dd2f86f8cb6eb9e281276cbdda	133271	archive-page=123;detail-index=6;url=https://farmdirectory.cupofexcellence.org/listing/6-platanares-honduras-2023/
route.coe.generic-official-sensory-detail	https://farmdirectory.cupofexcellence.org/listing/7-los-pinos-honduras-2023/	restricted://post40k_extension/raw/coe-detail/c636ebcec0ae07a4d2877a77.html	474a1cff0b655d4f4b7fe6d2df6bf3515401bb441dbd00eb49adb813f2333517	133249	archive-page=123;detail-index=7;url=https://farmdirectory.cupofexcellence.org/listing/7-los-pinos-honduras-2023/
route.coe.generic-official-sensory-detail	https://farmdirectory.cupofexcellence.org/listing/8-de-la-casa-honduras-2023/	restricted://post40k_extension/raw/coe-detail/293471f481032b9437b8be8d.html	4b62677796ce440848cb1b12f8ca670ccbe9efcd18f1e759764f81b998208c87	132384	archive-page=123;detail-index=8;url=https://farmdirectory.cupofexcellence.org/listing/8-de-la-casa-honduras-2023/
route.coe.generic-official-sensory-detail	https://farmdirectory.cupofexcellence.org/listing/nw-finca-el-manantial-mexico-2023/	restricted://post40k_extension/raw/coe-detail/64158753b5079518429da4ae.html	6203db8bfae5b743093cac846a1ec49f597185de0a06fb5fb6fd00d4cf299bb4	138697	archive-page=123;detail-index=9;url=https://farmdirectory.cupofexcellence.org/listing/nw-finca-el-manantial-mexico-2023/
route.coe.generic-official-sensory-detail	https://farmdirectory.cupofexcellence.org/listing/nw-la-playa-mexico-2023/	restricted://post40k_extension/raw/coe-detail/ec9b57e0f783fa625e50f074.html	f2f9a518af1672f207a1763c76fef00089fc6a0b11f8cadbae396b30e1e5c494	132624	archive-page=123;detail-index=10;url=https://farmdirectory.cupofexcellence.org/listing/nw-la-playa-mexico-2023/
route.coe.post40k-archive-continuation	https://farmdirectory.cupofexcellence.org/listings/page/124/	restricted://post40k_extension/raw/coe-archive/listings-page-124.html	05934c5ed5e335cc325b07a1f8b30f22643b8bad479aeb019e76ea5dc9f59f0f	126288	archive-page=124
route.coe.generic-official-sensory-detail	https://farmdirectory.cupofexcellence.org/listing/24-finca-consolapan-mexico-2023/	restricted://post40k_extension/raw/coe-detail/bb6e635142d0ea7bbddb9854.html	41250204270be3b3723562a9b70ed363aafccc19742ae7c2e1a26d075e6dcdc8	136445	archive-page=124;detail-index=1;url=https://farmdirectory.cupofexcellence.org/listing/24-finca-consolapan-mexico-2023/
route.coe.generic-official-sensory-detail	https://farmdirectory.cupofexcellence.org/listing/25-finca-corahe-mexico-2023/	restricted://post40k_extension/raw/coe-detail/9cfc6aa2baede8fecd743843.html	7b05fafaef6c43cf20af8ed2bc5bc85883a69042bf835e1e4f02532061b05c05	141655	archive-page=124;detail-index=2;url=https://farmdirectory.cupofexcellence.org/listing/25-finca-corahe-mexico-2023/
route.coe.generic-official-sensory-detail	https://farmdirectory.cupofexcellence.org/listing/26-el-pozo-mexico-2023/	restricted://post40k_extension/raw/coe-detail/f7540f69712503dbb71693f7.html	f463ab496288f4ff5385c68bc0df1c9c4c80f32987579837d0cba300cc9e647e	143047	archive-page=124;detail-index=3;url=https://farmdirectory.cupofexcellence.org/listing/26-el-pozo-mexico-2023/
route.coe.generic-official-sensory-detail	https://farmdirectory.cupofexcellence.org/listing/nw-finca-kitos-mexico-2023/	restricted://post40k_extension/raw/coe-detail/0bfaadf9104dfb61594af2c5.html	f86dbe6918641833800d0a1a391d7dd5f91fa3833f00145ed0cc18737d15c985	142675	archive-page=124;detail-index=4;url=https://farmdirectory.cupofexcellence.org/listing/nw-finca-kitos-mexico-2023/
route.coe.generic-official-sensory-detail	https://farmdirectory.cupofexcellence.org/listing/nw-finca-los-pinos-mexico-2023/	restricted://post40k_extension/raw/coe-detail/e7c00aac49755a50474ecf02.html	46ffd8980b9619082d394314a8234b0ffa920b28fb23a42789f19260787c510a	137469	archive-page=124;detail-index=5;url=https://farmdirectory.cupofexcellence.org/listing/nw-finca-los-pinos-mexico-2023/
route.coe.generic-official-sensory-detail	https://farmdirectory.cupofexcellence.org/listing/nw-la-pena-mexico-2023/	restricted://post40k_extension/raw/coe-detail/b169fd9acd0906b529b5e042.html	2b1c00a9e673e8c7b62df985ae370b7f9ce5c588c591ff2c89260fc4f0c2a4e8	132842	archive-page=124;detail-index=6;url=https://farmdirectory.cupofexcellence.org/listing/nw-la-pena-mexico-2023/
route.coe.generic-official-sensory-detail	https://farmdirectory.cupofexcellence.org/listing/nw-los-chinas-mexico-2023/	restricted://post40k_extension/raw/coe-detail/5aaf5d81439b90e99d15c7ac.html	8e889427cad13af9e0f89dc0a778122bc2cc7906ff3b5673b70b8c91602fa288	140836	archive-page=124;detail-index=7;url=https://farmdirectory.cupofexcellence.org/listing/nw-los-chinas-mexico-2023/
route.coe.generic-official-sensory-detail	https://farmdirectory.cupofexcellence.org/listing/nw-palma-mexico-2023/	restricted://post40k_extension/raw/coe-detail/ce32b1f9468aa6ca2b0d7f4d.html	6ccaa44255e24cc503398693300599258f73a2ac7fb3fa08717776893f0514d8	135753	archive-page=124;detail-index=8;url=https://farmdirectory.cupofexcellence.org/listing/nw-palma-mexico-2023/
route.coe.generic-official-sensory-detail	https://farmdirectory.cupofexcellence.org/listing/nw-paso-viejo-mexico-2023/	restricted://post40k_extension/raw/coe-detail/1996177cf1dd1dcfa6568b07.html	36e6c4bb63fc57821938cf1fcb7077291fdbdfed4176cbbfedbe12487e1bbb2b	143293	archive-page=124;detail-index=9;url=https://farmdirectory.cupofexcellence.org/listing/nw-paso-viejo-mexico-2023/
route.coe.generic-official-sensory-detail	https://farmdirectory.cupofexcellence.org/listing/nw-tecoxco-mexico-2023/	restricted://post40k_extension/raw/coe-detail/a0e0831162db26b79fa757bb.html	0e3c3fe5bc8f45c02c3b0003a3596b11247fff3e11be01729ba02188236ae36f	133460	archive-page=124;detail-index=10;url=https://farmdirectory.cupofexcellence.org/listing/nw-tecoxco-mexico-2023/
route.coe.post40k-archive-continuation	https://farmdirectory.cupofexcellence.org/listings/page/125/	restricted://post40k_extension/raw/coe-archive/listings-page-125.html	112c89fb22686d66e688992013719c03e40b41d2ccff732edb500712d94af83d	126641	archive-page=125
route.coe.generic-official-sensory-detail	https://farmdirectory.cupofexcellence.org/listing/14-finca-huehuetepan-mexico-2023/	restricted://post40k_extension/raw/coe-detail/c5c325a3a1c59ea21d86add5.html	18f903c46effecaad132cbd57926b3fa04c6c88002b7c11d5cbdd9530af6379e	142374	archive-page=125;detail-index=1;url=https://farmdirectory.cupofexcellence.org/listing/14-finca-huehuetepan-mexico-2023/
route.coe.generic-official-sensory-detail	https://farmdirectory.cupofexcellence.org/listing/15-finca-el-estribo-mexico-2023/	restricted://post40k_extension/raw/coe-detail/3c0e464ab64db3675c073649.html	b5ad1d44eb51ca0b414127d0a7cd546cba24560f7d320151db076f01528a34a6	139537	archive-page=125;detail-index=2;url=https://farmdirectory.cupofexcellence.org/listing/15-finca-el-estribo-mexico-2023/
route.coe.generic-official-sensory-detail	https://farmdirectory.cupofexcellence.org/listing/16-finca-el-izote-mexico-2023/	restricted://post40k_extension/raw/coe-detail/5135dfa876055e79d9e76fda.html	74158faf843990af34cbe46ee93ef8e245b11c22db838814d98b319599b61f13	136034	archive-page=125;detail-index=3;url=https://farmdirectory.cupofexcellence.org/listing/16-finca-el-izote-mexico-2023/
route.coe.generic-official-sensory-detail	https://farmdirectory.cupofexcellence.org/listing/17-finca-trebolillos-mexico-2023/	restricted://post40k_extension/raw/coe-detail/92a21425bbbcae2873d091ad.html	33e95b0a55f46ab63460d4972fec716e4e73094e623e9e112b7438aa2a79cea3	145212	archive-page=125;detail-index=4;url=https://farmdirectory.cupofexcellence.org/listing/17-finca-trebolillos-mexico-2023/
route.coe.generic-official-sensory-detail	https://farmdirectory.cupofexcellence.org/listing/18-dinastia-altamirano-mexico-2023/	restricted://post40k_extension/raw/coe-detail/2c5a077604a13e5f3d477174.html	25988e0b0ed60871f893d78ca780f65eec5a625d58229b61086b03e72b6348dd	134987	archive-page=125;detail-index=5;url=https://farmdirectory.cupofexcellence.org/listing/18-dinastia-altamirano-mexico-2023/
route.coe.generic-official-sensory-detail	https://farmdirectory.cupofexcellence.org/listing/19-jade-mexico-2023/	restricted://post40k_extension/raw/coe-detail/6b53e7709e034b0de94b60dd.html	29f99d0a4bd2027ce7df7e4c73d5f5c06a710fc16495234b8b08b43559e4333b	134078	archive-page=125;detail-index=6;url=https://farmdirectory.cupofexcellence.org/listing/19-jade-mexico-2023/
route.coe.generic-official-sensory-detail	https://farmdirectory.cupofexcellence.org/listing/20-el-rio-mexico-2023/	restricted://post40k_extension/raw/coe-detail/303ceb4d2b7ea8470b0c92c2.html	7474c50912c28b06d0231aca6241d91d94cc3085c6b668db2b4a18443f5d8a07	137881	archive-page=125;detail-index=7;url=https://farmdirectory.cupofexcellence.org/listing/20-el-rio-mexico-2023/
route.coe.generic-official-sensory-detail	https://farmdirectory.cupofexcellence.org/listing/21-finca-cruz-verde-mexico-2023/	restricted://post40k_extension/raw/coe-detail/38e442cec294c48ed7f5a898.html	b2c97a2abc97e7b6cf6647d707a8f63d5d56e5181f8a3ae5dbfb29a5b50ae951	135861	archive-page=125;detail-index=8;url=https://farmdirectory.cupofexcellence.org/listing/21-finca-cruz-verde-mexico-2023/
route.coe.generic-official-sensory-detail	https://farmdirectory.cupofexcellence.org/listing/22-naranjal-mexico-2023/	restricted://post40k_extension/raw/coe-detail/e3f7883052de0f7fe12ef109.html	8811338a098e29df1a33ad0a9a2e7697fd7a8f1dec2452d5c50a0dc7f508ed95	135925	archive-page=125;detail-index=9;url=https://farmdirectory.cupofexcellence.org/listing/22-naranjal-mexico-2023/
route.coe.generic-official-sensory-detail	https://farmdirectory.cupofexcellence.org/listing/23-san-juan-del-vesubio-mexico-2023/	restricted://post40k_extension/raw/coe-detail/f221918ac8c0fb501e187403.html	5d44b459fb6cd2cf1f84c800abca2dfcaa54a8a6f3c37c0d77e8094d63e0ae20	136234	archive-page=125;detail-index=10;url=https://farmdirectory.cupofexcellence.org/listing/23-san-juan-del-vesubio-mexico-2023/
route.coe.post40k-archive-continuation	https://farmdirectory.cupofexcellence.org/listings/page/126/	restricted://post40k_extension/raw/coe-archive/listings-page-126.html	c30162787fbf56879360b0f4352ef15fd6806ce8341a3c2febcf8d7d8713b5fc	126558	archive-page=126
route.coe.generic-official-sensory-detail	https://farmdirectory.cupofexcellence.org/listing/10-la-nena-mexico-2023/	restricted://post40k_extension/raw/coe-detail/0b3af4f807e9c131c34a0bfc.html	d89159db8cedbbd9ea7f5c080af66ba47ac29a801255cbc32e5ce0c4ec480560	142613	archive-page=126;detail-index=1;url=https://farmdirectory.cupofexcellence.org/listing/10-la-nena-mexico-2023/
route.coe.generic-official-sensory-detail	https://farmdirectory.cupofexcellence.org/listing/11-finca-kassandra-mexico-2023/	restricted://post40k_extension/raw/coe-detail/1477c59a4621fcd041b6f577.html	03be92f7b04cc5e495e7b3ad49d1352a24a83cc09e552b82a3022f642dc7a92e	135624	archive-page=126;detail-index=2;url=https://farmdirectory.cupofexcellence.org/listing/11-finca-kassandra-mexico-2023/
route.coe.generic-official-sensory-detail	https://farmdirectory.cupofexcellence.org/listing/12-finca-la-lomita-mexico-2023/	restricted://post40k_extension/raw/coe-detail/8e9d17ca4ec602459de02e5c.html	66eb9474fb2735abe3580ff9e686ec52a04d3bc88f59845a45cffdedd9d18f35	142263	archive-page=126;detail-index=3;url=https://farmdirectory.cupofexcellence.org/listing/12-finca-la-lomita-mexico-2023/
route.coe.generic-official-sensory-detail	https://farmdirectory.cupofexcellence.org/listing/13-la-guadalupe-mexico-2023/	restricted://post40k_extension/raw/coe-detail/bddcefd3e8aa4b46aff917c8.html	b8dbc59ce02dfcf342f35ba5db64f8f345bdc907d29cdc75d71007af6e97782a	131916	archive-page=126;detail-index=4;url=https://farmdirectory.cupofexcellence.org/listing/13-la-guadalupe-mexico-2023/
route.coe.generic-official-sensory-detail	https://farmdirectory.cupofexcellence.org/listing/4-los-aguacates-mexico-2023/	restricted://post40k_extension/raw/coe-detail/68a365e4642d7a59ed2306f9.html	cf1ee955508980ec29d8886c5016f9ba6cd3b09ee9c5a45d5914109e897cccd1	143494	archive-page=126;detail-index=5;url=https://farmdirectory.cupofexcellence.org/listing/4-los-aguacates-mexico-2023/
route.coe.generic-official-sensory-detail	https://farmdirectory.cupofexcellence.org/listing/5-finca-el-mirador-mexico-2023/	restricted://post40k_extension/raw/coe-detail/5dfff5a4b0fbe6a20a94da54.html	f861be6807699455553c8a9cbe0c57a03d363b4b1cfc442564854bd6cc560995	141423	archive-page=126;detail-index=6;url=https://farmdirectory.cupofexcellence.org/listing/5-finca-el-mirador-mexico-2023/
route.coe.generic-official-sensory-detail	https://farmdirectory.cupofexcellence.org/listing/6-finca-sinai-mexico-2023/	restricted://post40k_extension/raw/coe-detail/7cc7701fc02529af06036eee.html	d5f9957c4a1051d27ab4fd5dca09641306c967a0d0299508285b4191969f5f4e	141680	archive-page=126;detail-index=7;url=https://farmdirectory.cupofexcellence.org/listing/6-finca-sinai-mexico-2023/
route.coe.generic-official-sensory-detail	https://farmdirectory.cupofexcellence.org/listing/7-el-cuervo-mexico-2023/	restricted://post40k_extension/raw/coe-detail/8b070f49b4bfc9bbf99551e0.html	42a4437df61991518bc2c6f2b09ea821485fb8c16ec7fa8d57da108d439a0c4f	134486	archive-page=126;detail-index=8;url=https://farmdirectory.cupofexcellence.org/listing/7-el-cuervo-mexico-2023/
route.coe.generic-official-sensory-detail	https://farmdirectory.cupofexcellence.org/listing/8-zapotitla-mexico-2023/	restricted://post40k_extension/raw/coe-detail/186be33a7f3bd3f8f5d6785c.html	7f460f16e1720a1482a781616e7b6291b1d42e3a71f4d32df95957c60983f5d6	135085	archive-page=126;detail-index=9;url=https://farmdirectory.cupofexcellence.org/listing/8-zapotitla-mexico-2023/
route.coe.generic-official-sensory-detail	https://farmdirectory.cupofexcellence.org/listing/9-abaxolol-mexico-2023/	restricted://post40k_extension/raw/coe-detail/fdb2cadca9c0eca19ea13689.html	336f8cffabdd4214ccd6420da00dd42f45ff713b7fd4122f13d6d5ff5674c53a	141359	archive-page=126;detail-index=10;url=https://farmdirectory.cupofexcellence.org/listing/9-abaxolol-mexico-2023/
route.coe.post40k-archive-continuation	https://farmdirectory.cupofexcellence.org/listings/page/127/	restricted://post40k_extension/raw/coe-archive/listings-page-127.html	0000cda60b8956f22a47584e5226e018039b5249d559be2c59c0e7f8cc546c85	126851	archive-page=127
route.coe.generic-official-sensory-detail	https://farmdirectory.cupofexcellence.org/listing/1-finca-las-nieves-mexico-2023/	restricted://post40k_extension/raw/coe-detail/ddf15afe0f7807205f55fa6f.html	885e141d912419665ca943661021dbce5da1b0f2d8ff29aabe700e433a4b215c	142657	archive-page=127;detail-index=1;url=https://farmdirectory.cupofexcellence.org/listing/1-finca-las-nieves-mexico-2023/
route.coe.generic-official-sensory-detail	https://farmdirectory.cupofexcellence.org/listing/2-finca-santa-cruz-mexico-2023/	restricted://post40k_extension/raw/coe-detail/e10df81b81b60aa8cb597c09.html	2cc2875fa1e409a14a5943c8242534a9ec75c1d0ed43c8a91a38d4652ac300ed	143186	archive-page=127;detail-index=6;url=https://farmdirectory.cupofexcellence.org/listing/2-finca-santa-cruz-mexico-2023/
route.coe.generic-official-sensory-detail	https://farmdirectory.cupofexcellence.org/listing/3-finca-pocitos-mexico-2023/	restricted://post40k_extension/raw/coe-detail/c58bb2c98d0b16a7b9c61cbe.html	d00bb4d9bad92854b5703e342fb6dc054a485e0650985661f6a6a569dc9b3a50	138343	archive-page=127;detail-index=10;url=https://farmdirectory.cupofexcellence.org/listing/3-finca-pocitos-mexico-2023/
route.coe.post40k-archive-continuation	https://farmdirectory.cupofexcellence.org/listings/page/128/	restricted://post40k_extension/raw/coe-archive/listings-page-128.html	48c17b370c7b964c20740de200bbbc0a6b954688d835a5044c7dce6d55234072	126859	archive-page=128
route.coe.post40k-archive-continuation	https://farmdirectory.cupofexcellence.org/listings/page/129/	restricted://post40k_extension/raw/coe-archive/listings-page-129.html	72a279a0ee4a38a4b00ad472e5015605274f91a657996dbba88e01002524ae25	128567	archive-page=129
route.coe.generic-official-sensory-detail	https://farmdirectory.cupofexcellence.org/listing/winners-qr-test-staging/	restricted://post40k_extension/raw/coe-detail/b9a9ee22aeef09eace8dc43a.html	87d4df9c7c7bb14172c7be782c6c263e5f4a71a1a40e2fe669f47f65999e13bf	130396	archive-page=129;detail-index=10;url=https://farmdirectory.cupofexcellence.org/listing/winners-qr-test-staging/
route.coe.post40k-archive-continuation	https://farmdirectory.cupofexcellence.org/listings/page/130/	restricted://post40k_extension/raw/coe-archive/listings-page-130.html	778a8d798db86106b351c8436956ecff857e2b54085c951bf61035a4444b2bb9	128566	archive-page=130
route.coe.post40k-archive-continuation	https://farmdirectory.cupofexcellence.org/listings/page/131/	restricted://post40k_extension/raw/coe-archive/listings-page-131.html	5b29ff1fbe8c7118fd3f3dd4e3923101fb1bab9a64a25a00973cfee10f2546b8	128470	archive-page=131
route.coe.post40k-archive-continuation	https://farmdirectory.cupofexcellence.org/listings/page/132/	restricted://post40k_extension/raw/coe-archive/listings-page-132.html	651478bad7bbec148a0360f9f985ae69125691b3326950bce55e9ba7bf671d8f	127965	archive-page=132
route.coe.post40k-archive-continuation	https://farmdirectory.cupofexcellence.org/listings/page/133/	restricted://post40k_extension/raw/coe-archive/listings-page-133.html	617880da682d3760c61ce3187e6dfc5a52cf3f49b81b2e6823fcef484036a1cb	128240	archive-page=133
route.coe.post40k-archive-continuation	https://farmdirectory.cupofexcellence.org/listings/page/134/	restricted://post40k_extension/raw/coe-archive/listings-page-134.html	8acc7252e1717c5409120151b7ebefa759d6d6d54a085c81c3419e91f8519d39	126617	archive-page=134
route.coe.generic-official-sensory-detail	https://farmdirectory.cupofexcellence.org/listing/20-el-jazmin-peru-2022/	restricted://post40k_extension/raw/coe-detail/9dec22e9ef3feee9d618102f.html	8ae7554bc2c0011a060fda3dc151025bd64d1625146cdbe4c0c216fecbed8c10	128634	archive-page=134;detail-index=1;url=https://farmdirectory.cupofexcellence.org/listing/20-el-jazmin-peru-2022/
route.coe.generic-official-sensory-detail	https://farmdirectory.cupofexcellence.org/listing/21-el-cedro-peru-2022/	restricted://post40k_extension/raw/coe-detail/8e95e0be513f4a4f79aa6855.html	fe9ac1a8054ae9a35dc5bccfc8e09aa890be9a42eb1f301f6104c7797683115f	132377	archive-page=134;detail-index=2;url=https://farmdirectory.cupofexcellence.org/listing/21-el-cedro-peru-2022/
route.coe.generic-official-sensory-detail	https://farmdirectory.cupofexcellence.org/listing/22-caminos-del-inca-peru-2022/	restricted://post40k_extension/raw/coe-detail/ab192dbe8c0156c6a2612820.html	aea6a7211a7dede1aad65ff80e7d6742fda7a69bbe44c9d6c8898f681dcecc80	129962	archive-page=134;detail-index=3;url=https://farmdirectory.cupofexcellence.org/listing/22-caminos-del-inca-peru-2022/
route.coe.generic-official-sensory-detail	https://farmdirectory.cupofexcellence.org/listing/23-la-maragarita-coffee-reserve-peru-22/	restricted://post40k_extension/raw/coe-detail/c59bce92358a657bfad76ac0.html	b9a35986103979749c36e430183ee58f38cfa9da92258c498cc5267a2b099fb1	130243	archive-page=134;detail-index=4;url=https://farmdirectory.cupofexcellence.org/listing/23-la-maragarita-coffee-reserve-peru-22/
route.coe.generic-official-sensory-detail	https://farmdirectory.cupofexcellence.org/listing/24-la-naranja-peru-2022/	restricted://post40k_extension/raw/coe-detail/6cbcc2077a0ea3a8d782c9be.html	b39a927a313c395d51c65c298de7c5e54083acbfeb2354f926c192e60fcf7ff4	128274	archive-page=134;detail-index=5;url=https://farmdirectory.cupofexcellence.org/listing/24-la-naranja-peru-2022/
route.coe.generic-official-sensory-detail	https://farmdirectory.cupofexcellence.org/listing/25-san-carlos-peru-2022/	restricted://post40k_extension/raw/coe-detail/670aee3662996ae1d7d74b2b.html	86539701d332ea84c98af5812bdc6d095d8097326e5e53d9991941d6fad55c9d	129926	archive-page=134;detail-index=6;url=https://farmdirectory.cupofexcellence.org/listing/25-san-carlos-peru-2022/
route.coe.generic-official-sensory-detail	https://farmdirectory.cupofexcellence.org/listing/26-nueva-zelandia-peru-2022/	restricted://post40k_extension/raw/coe-detail/e2864814b7c1e61e0e29cecc.html	a50ecb479a155e075743242209599ab823217167918ef7d316c426df9035c674	130710	archive-page=134;detail-index=7;url=https://farmdirectory.cupofexcellence.org/listing/26-nueva-zelandia-peru-2022/
route.coe.generic-official-sensory-detail	https://farmdirectory.cupofexcellence.org/listing/27-el-zapote-peru-2022/	restricted://post40k_extension/raw/coe-detail/ed5165a7840eeabf52e41821.html	946b5d88ed89a04b123c41b135fe4e850ce98f7e4d69c3dc146a1352cdd4a755	132220	archive-page=134;detail-index=8;url=https://farmdirectory.cupofexcellence.org/listing/27-el-zapote-peru-2022/
route.coe.generic-official-sensory-detail	https://farmdirectory.cupofexcellence.org/listing/28-finca-el-morito-s-r-l-peru-2022/	restricted://post40k_extension/raw/coe-detail/95f14d44217a901a0f6cea04.html	2a735e84ebbdc3b910ef83faeff52c8437302dc9ff3ea9f55695b9b5bccb71fb	132685	archive-page=134;detail-index=9;url=https://farmdirectory.cupofexcellence.org/listing/28-finca-el-morito-s-r-l-peru-2022/
route.coe.generic-official-sensory-detail	https://farmdirectory.cupofexcellence.org/listing/29-progreso-peru-2022/	restricted://post40k_extension/raw/coe-detail/3a8ddd65bc23a0078243d61d.html	1027dad814004b471f5b072293d2b737a78b3e8a02ff648989e9c2b735455edc	131204	archive-page=134;detail-index=10;url=https://farmdirectory.cupofexcellence.org/listing/29-progreso-peru-2022/
route.coe.post40k-archive-continuation	https://farmdirectory.cupofexcellence.org/listings/page/135/	restricted://post40k_extension/raw/coe-archive/listings-page-135.html	b76f7adf2765b42987ff502a21179b708f107520bcf8bce13bfaa754cfb3071d	126571	archive-page=135
route.coe.generic-official-sensory-detail	https://farmdirectory.cupofexcellence.org/listing/10-paltos-a-peru-2022/	restricted://post40k_extension/raw/coe-detail/5fd15ec1ae83fce8ee35a653.html	2c909e29ee0c419cfbf34abb1d47a0266a5b1c27de56a189118dc3c02e439c13	129207	archive-page=135;detail-index=1;url=https://farmdirectory.cupofexcellence.org/listing/10-paltos-a-peru-2022/
route.coe.generic-official-sensory-detail	https://farmdirectory.cupofexcellence.org/listing/11-cedruyoc-peru-2022/	restricted://post40k_extension/raw/coe-detail/433d8df0bf007dea4ed630d5.html	0451eb965cb93eb6064ee746f6dfd74c52c45adbd8692a858dc9776cdfda7214	131652	archive-page=135;detail-index=2;url=https://farmdirectory.cupofexcellence.org/listing/11-cedruyoc-peru-2022/
route.coe.generic-official-sensory-detail	https://farmdirectory.cupofexcellence.org/listing/12-la-maragarita-coffee-reserve-peru-2022/	restricted://post40k_extension/raw/coe-detail/c0427e3019031b7ec43a499c.html	5d8f148dbd4d8a4a9751ab0b80614b55f0cabd97e90fc0ad8a3b3dcf644d2e95	129662	archive-page=135;detail-index=3;url=https://farmdirectory.cupofexcellence.org/listing/12-la-maragarita-coffee-reserve-peru-2022/
route.coe.generic-official-sensory-detail	https://farmdirectory.cupofexcellence.org/listing/13-santa-monica-peru-2022/	restricted://post40k_extension/raw/coe-detail/83436d7d00df64be78442351.html	a5223241da6bd45de0d0240dc95ef88954c9fd48a31a43b523d7789f020c4f16	129049	archive-page=135;detail-index=4;url=https://farmdirectory.cupofexcellence.org/listing/13-santa-monica-peru-2022/
route.coe.generic-official-sensory-detail	https://farmdirectory.cupofexcellence.org/listing/14-la-palma-peru-2022/	restricted://post40k_extension/raw/coe-detail/5d6f0b966728fc704d35ed9f.html	802fd0d38b948ddda37470b1f780af6b103bf7bf0631ad1973020faf5cd07ff4	129288	archive-page=135;detail-index=5;url=https://farmdirectory.cupofexcellence.org/listing/14-la-palma-peru-2022/
route.coe.generic-official-sensory-detail	https://farmdirectory.cupofexcellence.org/listing/15-la-palma-peru-2022/	restricted://post40k_extension/raw/coe-detail/9c9138756769df587b81995b.html	2beaec34fdee55b78c691f887467d139c31986d780bf8584428223ce3afb4653	129803	archive-page=135;detail-index=6;url=https://farmdirectory.cupofexcellence.org/listing/15-la-palma-peru-2022/
route.coe.generic-official-sensory-detail	https://farmdirectory.cupofexcellence.org/listing/16-la-berenjena-peru-2022/	restricted://post40k_extension/raw/coe-detail/46e4b1f62c4e0ccf98186644.html	2d39501fcf682e975f43c3135762ce6266fe2cc9ddd51313fa1624bb7393daab	134126	archive-page=135;detail-index=7;url=https://farmdirectory.cupofexcellence.org/listing/16-la-berenjena-peru-2022/
route.coe.generic-official-sensory-detail	https://farmdirectory.cupofexcellence.org/listing/17-experimental-candelaria-peru-2022/	restricted://post40k_extension/raw/coe-detail/c79490501c823ca7933560f4.html	7de476c5808abe8bbca6e2159d87b790624cdccfe1bbf1ca3d3864ceea6c86c7	131129	archive-page=135;detail-index=8;url=https://farmdirectory.cupofexcellence.org/listing/17-experimental-candelaria-peru-2022/
route.coe.generic-official-sensory-detail	https://farmdirectory.cupofexcellence.org/listing/18-santa-monica-peru-2022/	restricted://post40k_extension/raw/coe-detail/40faae731fc2e08b4cb07f97.html	91ce7b98d54bf00efbd382546e02a735d24563731727fb32e2a88aa034075f2a	130423	archive-page=135;detail-index=9;url=https://farmdirectory.cupofexcellence.org/listing/18-santa-monica-peru-2022/
route.coe.generic-official-sensory-detail	https://farmdirectory.cupofexcellence.org/listing/19-las-etiopes-peru-2022/	restricted://post40k_extension/raw/coe-detail/4677fb3a98e8aa231740f2df.html	493f611671ee39f9b4ec6f68089e36502cd05df57f6471d80b21656ae13ad8e4	134908	archive-page=135;detail-index=10;url=https://farmdirectory.cupofexcellence.org/listing/19-las-etiopes-peru-2022/
route.coe.post40k-archive-continuation	https://farmdirectory.cupofexcellence.org/listings/page/136/	restricted://post40k_extension/raw/coe-archive/listings-page-136.html	7cb8f2caa0818961d6d397da65131ea6254208daecf2d712a0fb4ce5d1fa42f7	126554	archive-page=136
route.coe.generic-official-sensory-detail	https://farmdirectory.cupofexcellence.org/listing/2a-san-sebastian-peru-2022/	restricted://post40k_extension/raw/coe-detail/4006cc6a3597774fc1a6a09b.html	69360065380733783e1a0280f5397b980ef4b0fe710196f366ea1e1c9df7499d	128839	archive-page=136;detail-index=1;url=https://farmdirectory.cupofexcellence.org/listing/2a-san-sebastian-peru-2022/
route.coe.generic-official-sensory-detail	https://farmdirectory.cupofexcellence.org/listing/2b-san-sebastian-peru-2022/	restricted://post40k_extension/raw/coe-detail/21b5ebf63e3479fe7b406f59.html	0a21ada4fee63aec25ab19a228f9b6f972f1455e2a7c25f1c11d929cb3b04333	128723	archive-page=136;detail-index=2;url=https://farmdirectory.cupofexcellence.org/listing/2b-san-sebastian-peru-2022/
route.coe.generic-official-sensory-detail	https://farmdirectory.cupofexcellence.org/listing/3a-el-cerro-peru-2022/	restricted://post40k_extension/raw/coe-detail/db697a2c32277084f60b0c47.html	8fc4b59cce53b3f60c11e81c48087959baeb295610017e0f463fa712c92d94c5	131220	archive-page=136;detail-index=3;url=https://farmdirectory.cupofexcellence.org/listing/3a-el-cerro-peru-2022/
route.coe.generic-official-sensory-detail	https://farmdirectory.cupofexcellence.org/listing/3b-el-cerro-peru-2022/	restricted://post40k_extension/raw/coe-detail/a44d4477f272809652e696ba.html	ddd2bcf9da68f163fddecb8ba2df4afe6ec9a02a2952f077d6e0c793f7b406df	131348	archive-page=136;detail-index=4;url=https://farmdirectory.cupofexcellence.org/listing/3b-el-cerro-peru-2022/
route.coe.generic-official-sensory-detail	https://farmdirectory.cupofexcellence.org/listing/4-chiriloma-peru-2022/	restricted://post40k_extension/raw/coe-detail/9f1a736e02253ac3bd314899.html	7e7ccc0c16fc3f751e9b430651b29372b1e5b90ee0cdf10e2f499b11c7aa42c4	131235	archive-page=136;detail-index=5;url=https://farmdirectory.cupofexcellence.org/listing/4-chiriloma-peru-2022/
route.coe.generic-official-sensory-detail	https://farmdirectory.cupofexcellence.org/listing/5-fundo-puquiopata-peru-2022/	restricted://post40k_extension/raw/coe-detail/02bb64e5b6bb62e0dc78546b.html	9058169ea313e2c7d7e55f9b816a718bb86cf0c172e3ee0439b08cfdd227b4ef	129984	archive-page=136;detail-index=6;url=https://farmdirectory.cupofexcellence.org/listing/5-fundo-puquiopata-peru-2022/
route.coe.generic-official-sensory-detail	https://farmdirectory.cupofexcellence.org/listing/6-bello-horizonte-peru-2022/	restricted://post40k_extension/raw/coe-detail/eb2de428ffd04a61f29357d7.html	9d3464bd3bec4763b98372e5bcde6a9adc78a1ac57141d9b500c7111541b964e	129797	archive-page=136;detail-index=7;url=https://farmdirectory.cupofexcellence.org/listing/6-bello-horizonte-peru-2022/
route.coe.generic-official-sensory-detail	https://farmdirectory.cupofexcellence.org/listing/7-alto-morerillo-peru-2022/	restricted://post40k_extension/raw/coe-detail/bc22ab735985fd86beb8d918.html	5c474a0dadf049c94388c853f6c07b9f76d599b790e130cd556fe7461864591b	132531	archive-page=136;detail-index=8;url=https://farmdirectory.cupofexcellence.org/listing/7-alto-morerillo-peru-2022/
route.coe.generic-official-sensory-detail	https://farmdirectory.cupofexcellence.org/listing/8-nuevo-progreso-peru-2022/	restricted://post40k_extension/raw/coe-detail/202df0f7c99a39866923a00f.html	ad65e2a974a746465571d2be844d8207ddf9fdfae282931a9fa4bbb2f569c621	129502	archive-page=136;detail-index=9;url=https://farmdirectory.cupofexcellence.org/listing/8-nuevo-progreso-peru-2022/
route.coe.generic-official-sensory-detail	https://farmdirectory.cupofexcellence.org/listing/9-sillapata-peru-2022/	restricted://post40k_extension/raw/coe-detail/fcc47a99667bfd5004157f93.html	0a1079ca12d4a9c52165225d595cdb4d7b065fbd000468bbdfac95451fb9975a	129337	archive-page=136;detail-index=10;url=https://farmdirectory.cupofexcellence.org/listing/9-sillapata-peru-2022/
route.coe.post40k-archive-continuation	https://farmdirectory.cupofexcellence.org/listings/page/137/	restricted://post40k_extension/raw/coe-archive/listings-page-137.html	2d2197d16d46e8aa5a3a998ad9e3c101b8734d106a8329754c0fb84497dcb032	127956	archive-page=137
route.coe.generic-official-sensory-detail	https://farmdirectory.cupofexcellence.org/listing/15-el-mirador-colombia-2022/	restricted://post40k_extension/raw/coe-detail/822c7ce4e039a322bb58454e.html	fb69f8fdbde15b4965afde6317e75eb1d5d1041f08bff4fec6cbaa988d77ec53	131813	archive-page=137;detail-index=1;url=https://farmdirectory.cupofexcellence.org/listing/15-el-mirador-colombia-2022/
route.coe.generic-official-sensory-detail	https://farmdirectory.cupofexcellence.org/listing/16-el-cedro-colombia-2022/	restricted://post40k_extension/raw/coe-detail/2cafda0b1f4d9cc6e1b48e1f.html	8aea0fadbad6030fc3b6f9a140f7cdea7d2e93821029dd83b49bfeff14e93f96	130574	archive-page=137;detail-index=2;url=https://farmdirectory.cupofexcellence.org/listing/16-el-cedro-colombia-2022/
route.coe.generic-official-sensory-detail	https://farmdirectory.cupofexcellence.org/listing/17-santa-helena-colombia-2022/	restricted://post40k_extension/raw/coe-detail/e9f9056eb0d32a107f9a84af.html	f142279209b2b636b17657e38a508ff61e3a69dcad8774f3920407b3b375964e	133100	archive-page=137;detail-index=3;url=https://farmdirectory.cupofexcellence.org/listing/17-santa-helena-colombia-2022/
route.coe.generic-official-sensory-detail	https://farmdirectory.cupofexcellence.org/listing/18-el-bosque-colombia-2022/	restricted://post40k_extension/raw/coe-detail/b6765481f176561994451b18.html	46bc41ac15c67d2d61164794cd82a8d8a1a801eca5575b788fc496209d3ab67e	134904	archive-page=137;detail-index=4;url=https://farmdirectory.cupofexcellence.org/listing/18-el-bosque-colombia-2022/
route.coe.generic-official-sensory-detail	https://farmdirectory.cupofexcellence.org/listing/19-el-mirador-colombia-2022/	restricted://post40k_extension/raw/coe-detail/7da0ec2a82650b7e180ae110.html	54e5f42c6b0f1385f1a121bbfd7aaa498888bcba8f302d21caa449fa975987f0	131000	archive-page=137;detail-index=5;url=https://farmdirectory.cupofexcellence.org/listing/19-el-mirador-colombia-2022/
route.coe.generic-official-sensory-detail	https://farmdirectory.cupofexcellence.org/listing/1a-la-bola-peru-2022/	restricted://post40k_extension/raw/coe-detail/11da5978c06cdc02b2be274c.html	5b660a20f8cabfd98b700d39f103084b92eb9ecf225fb4f193c1543497fe785b	131290	archive-page=137;detail-index=6;url=https://farmdirectory.cupofexcellence.org/listing/1a-la-bola-peru-2022/
route.coe.generic-official-sensory-detail	https://farmdirectory.cupofexcellence.org/listing/1b-la-bola-peru-2022/	restricted://post40k_extension/raw/coe-detail/d5d8e0b074e4934ff6d4900e.html	daf0d7ce7f5b05fc646a2f47ba1800ec688bf795235efdddd20d0a123d25949a	131262	archive-page=137;detail-index=7;url=https://farmdirectory.cupofexcellence.org/listing/1b-la-bola-peru-2022/
route.coe.generic-official-sensory-detail	https://farmdirectory.cupofexcellence.org/listing/20-los-angeles-colombia-2022/	restricted://post40k_extension/raw/coe-detail/fc6845ff859f42a73e6afa17.html	df25580ac378316e898125466a65bd2497fc7fcda6f65f3a2753e960ae7f1ed3	131620	archive-page=137;detail-index=8;url=https://farmdirectory.cupofexcellence.org/listing/20-los-angeles-colombia-2022/
route.coe.generic-official-sensory-detail	https://farmdirectory.cupofexcellence.org/listing/21-la-cuevita-colombia-2022/	restricted://post40k_extension/raw/coe-detail/f2a7090112b288faee9f312a.html	99cedeecd84ff37931a4b6d5fcfa9267dfd4c8953d1b61de48bed257a9e03e35	131580	archive-page=137;detail-index=9;url=https://farmdirectory.cupofexcellence.org/listing/21-la-cuevita-colombia-2022/
route.coe.generic-official-sensory-detail	https://farmdirectory.cupofexcellence.org/listing/22-la-piragua-colombia-2022/	restricted://post40k_extension/raw/coe-detail/b788a094eb5d1d7c0cb0b5c7.html	7a4803238fd178dcc29784b16786c99d1d9162962da837609b10d5a76aa2f1e9	137659	archive-page=137;detail-index=10;url=https://farmdirectory.cupofexcellence.org/listing/22-la-piragua-colombia-2022/
route.coe.post40k-archive-continuation	https://farmdirectory.cupofexcellence.org/listings/page/138/	restricted://post40k_extension/raw/coe-archive/listings-page-138.html	d24d26acf28a31c18f78467ecf142e47d66d3ff30868bdbf4ab6bdcbbe3b571a	128351	archive-page=138
route.coe.generic-official-sensory-detail	https://farmdirectory.cupofexcellence.org/listing/10-la-siberia-colombia-2022/	restricted://post40k_extension/raw/coe-detail/525ae595e244046e7b6263b7.html	498d391480e779bbb1689362e8f908057d7ba0d2015c4ccb4a3e67204022c7d0	134821	archive-page=138;detail-index=1;url=https://farmdirectory.cupofexcellence.org/listing/10-la-siberia-colombia-2022/
route.coe.generic-official-sensory-detail	https://farmdirectory.cupofexcellence.org/listing/11-las-brisas-colombia-2022/	restricted://post40k_extension/raw/coe-detail/adfbc1bb61a4b21ec131a1ae.html	7b225c544c722c226af7961358e5f6e6c961acbd7b6a546eeca4f7309fac1187	130853	archive-page=138;detail-index=2;url=https://farmdirectory.cupofexcellence.org/listing/11-las-brisas-colombia-2022/
route.coe.generic-official-sensory-detail	https://farmdirectory.cupofexcellence.org/listing/12-manantiales-del-frontino-colombia-2022/	restricted://post40k_extension/raw/coe-detail/6ad2f77a37a27e89420723a5.html	1b002ca827f4632b12e2d363c6e2eb2e81c16365daacc7730eaabac821b42268	132438	archive-page=138;detail-index=3;url=https://farmdirectory.cupofexcellence.org/listing/12-manantiales-del-frontino-colombia-2022/
route.coe.generic-official-sensory-detail	https://farmdirectory.cupofexcellence.org/listing/13-la-bohemia-colombia-2022/	restricted://post40k_extension/raw/coe-detail/4337e89f4aa3135a5708f561.html	c1ee80a57a51e1b3e1b72b34cecc4541bc60cf80d76390c7cf1377bbe5ee835b	130659	archive-page=138;detail-index=4;url=https://farmdirectory.cupofexcellence.org/listing/13-la-bohemia-colombia-2022/
route.coe.generic-official-sensory-detail	https://farmdirectory.cupofexcellence.org/listing/14-el-porvenir-colombia-2022/	restricted://post40k_extension/raw/coe-detail/ab73ce950364830b17d23189.html	92feb71bf4f7882c69799a5846fab85097fb6ae0744cc3f478bea7089c72c31c	132854	archive-page=138;detail-index=5;url=https://farmdirectory.cupofexcellence.org/listing/14-el-porvenir-colombia-2022/
route.coe.generic-official-sensory-detail	https://farmdirectory.cupofexcellence.org/listing/5-la-fortuna-colombia-2022/	restricted://post40k_extension/raw/coe-detail/bca80bc69db176389f7322c4.html	a27042f45c20d98fefcc9b85f38b76e5a9e09782f513cfae1effa3a49ff1d149	134707	archive-page=138;detail-index=6;url=https://farmdirectory.cupofexcellence.org/listing/5-la-fortuna-colombia-2022/
route.coe.generic-official-sensory-detail	https://farmdirectory.cupofexcellence.org/listing/6-la-pelota-colombia-2022/	restricted://post40k_extension/raw/coe-detail/4bf892c72919624f08253001.html	8fdcdaebaa410d7f4ce127f4a446ad2c6ffd908b6ef5e7f2bb36d48fa0f3de2a	130672	archive-page=138;detail-index=7;url=https://farmdirectory.cupofexcellence.org/listing/6-la-pelota-colombia-2022/
route.coe.generic-official-sensory-detail	https://farmdirectory.cupofexcellence.org/listing/7-montreal-2022-colombia/	restricted://post40k_extension/raw/coe-detail/94407e67b00dc04330a8da79.html	7872a8c43731f345dd7e5377a13cf1971aec3a65e5bd63d50edc681e6a122a94	133428	archive-page=138;detail-index=8;url=https://farmdirectory.cupofexcellence.org/listing/7-montreal-2022-colombia/
route.coe.generic-official-sensory-detail	https://farmdirectory.cupofexcellence.org/listing/8-el-guayabo-2022-colombia/	restricted://post40k_extension/raw/coe-detail/f20d3ad702dab77904388b35.html	d9bc5eee844c97157aa59f8508b3d1b118ce8065e375365809daf65f25234351	130065	archive-page=138;detail-index=9;url=https://farmdirectory.cupofexcellence.org/listing/8-el-guayabo-2022-colombia/
route.coe.generic-official-sensory-detail	https://farmdirectory.cupofexcellence.org/listing/9-la-palma-colombia-2022/	restricted://post40k_extension/raw/coe-detail/0a4ecb0f6b089b74e7048726.html	e7f11f0decdd060dac7931a37a79c59cd5c581fe996c4fb0f3804ea89f5254d2	133830	archive-page=138;detail-index=10;url=https://farmdirectory.cupofexcellence.org/listing/9-la-palma-colombia-2022/
route.coe.post40k-archive-continuation	https://farmdirectory.cupofexcellence.org/listings/page/139/	restricted://post40k_extension/raw/coe-archive/listings-page-139.html	350738ab4f271fdb45dc8fcd24225c91fe050727c86f0fc4380948a793b1eeb5	127110	archive-page=139
route.coe.generic-official-sensory-detail	https://farmdirectory.cupofexcellence.org/listing/1-la-bohemia-colombia-2022/	restricted://post40k_extension/raw/coe-detail/0530ee65fbf790070afdb0ed.html	51cd4ac490a30249a87342876614d0215d24f40f26cebcc05a49ab6c4f02640d	133182	archive-page=139;detail-index=1;url=https://farmdirectory.cupofexcellence.org/listing/1-la-bohemia-colombia-2022/
route.coe.generic-official-sensory-detail	https://farmdirectory.cupofexcellence.org/listing/2-el-porvenir-colombia-2022/	restricted://post40k_extension/raw/coe-detail/b1e12c39460097ec29681312.html	e5ff7451c755f766329caceeb5fd5ec56ea5e001850e6061c781385dd5bef681	130352	archive-page=139;detail-index=2;url=https://farmdirectory.cupofexcellence.org/listing/2-el-porvenir-colombia-2022/
route.coe.generic-official-sensory-detail	https://farmdirectory.cupofexcellence.org/listing/3-el-jardin-colombia-2022/	restricted://post40k_extension/raw/coe-detail/d9ed2968b01ac0294ce9596a.html	b402c16e57087fdb84460bbca094dc9cd3858da4f34cc320aadf43bc08ea5175	134060	archive-page=139;detail-index=3;url=https://farmdirectory.cupofexcellence.org/listing/3-el-jardin-colombia-2022/
route.coe.generic-official-sensory-detail	https://farmdirectory.cupofexcellence.org/listing/4-la-cruz-colombia-2022/	restricted://post40k_extension/raw/coe-detail/9cc76ddfe5bbe87550aa3877.html	65b1341c233122dcbacc4557cc099bae232b9b83f04c5101951a69c96fe1ae9f	130876	archive-page=139;detail-index=4;url=https://farmdirectory.cupofexcellence.org/listing/4-la-cruz-colombia-2022/
route.coe.generic-official-sensory-detail	https://farmdirectory.cupofexcellence.org/listing/asefa-ethiopia-2022/	restricted://post40k_extension/raw/coe-detail/6c0f95f0379e86117bdf8a36.html	a7458455ff4a083b5914ff072e25b6be6dbe5456d926be02c43afe222017cda0	129825	archive-page=139;detail-index=5;url=https://farmdirectory.cupofexcellence.org/listing/asefa-ethiopia-2022/
route.coe.generic-official-sensory-detail	https://farmdirectory.cupofexcellence.org/listing/asnakech-ethiopia-2022/	restricted://post40k_extension/raw/coe-detail/f22ef188bbbeb33f12a73de0.html	71336b6f833f1070c183c31011f04a049b6de4702e6329d12f53febc6ce2d0a4	129479	archive-page=139;detail-index=6;url=https://farmdirectory.cupofexcellence.org/listing/asnakech-ethiopia-2022/
route.coe.generic-official-sensory-detail	https://farmdirectory.cupofexcellence.org/listing/burtukan-ethiopia-2022/	restricted://post40k_extension/raw/coe-detail/28c469b19cd227c4fe2db6f2.html	6f8396ae288e43f6f77903819efdeec8e2b4126564e4814004ad08f970eefdec	130057	archive-page=139;detail-index=7;url=https://farmdirectory.cupofexcellence.org/listing/burtukan-ethiopia-2022/
route.coe.generic-official-sensory-detail	https://farmdirectory.cupofexcellence.org/listing/girma-ethiopia-2022/	restricted://post40k_extension/raw/coe-detail/2718209ef8e6eb1fe513a4af.html	b48960749db449204fa62348507fa04b48df4d1c7bdec6e360d42a21c28037ac	129542	archive-page=139;detail-index=8;url=https://farmdirectory.cupofexcellence.org/listing/girma-ethiopia-2022/
route.coe.generic-official-sensory-detail	https://farmdirectory.cupofexcellence.org/listing/jemal-ethiopia-2022/	restricted://post40k_extension/raw/coe-detail/6d33399afb857247da68cb39.html	68323144a707bd7ed5fa978852c6a4828739dbe42a996aeed8f5a5271fd52491	129660	archive-page=139;detail-index=9;url=https://farmdirectory.cupofexcellence.org/listing/jemal-ethiopia-2022/
route.coe.generic-official-sensory-detail	https://farmdirectory.cupofexcellence.org/listing/mekuria-ethiopia-2022/	restricted://post40k_extension/raw/coe-detail/728fbbbf506dc923e1d3a34c.html	29167613524deef5ca85167e5ef6ccaed124f8db256dbbf21dfb35a9e07aa49f	129835	archive-page=139;detail-index=10;url=https://farmdirectory.cupofexcellence.org/listing/mekuria-ethiopia-2022/
route.coe.post40k-archive-continuation	https://farmdirectory.cupofexcellence.org/listings/page/140/	restricted://post40k_extension/raw/coe-archive/listings-page-140.html	12da7683c05cc2734da199bf39e40fcda21a31a9baf77ede6d88064ee6636813	126288	archive-page=140
route.coe.generic-official-sensory-detail	https://farmdirectory.cupofexcellence.org/listing/aberashe-ethiopia-2022/	restricted://post40k_extension/raw/coe-detail/9abf301babb0822062636c7a.html	68bbe36d0416bdd3454ec90d198fa365f3501ff89788ffabff2750c62e78ab67	130273	archive-page=140;detail-index=2;url=https://farmdirectory.cupofexcellence.org/listing/aberashe-ethiopia-2022/
route.coe.generic-official-sensory-detail	https://farmdirectory.cupofexcellence.org/listing/alem-ethiopia-2022/	restricted://post40k_extension/raw/coe-detail/d0e64d254d9879b342b2196d.html	b202c31914daf79825b916a374a091d9ebdf84b826cb9ff9930f49b3e91a066e	130266	archive-page=140;detail-index=3;url=https://farmdirectory.cupofexcellence.org/listing/alem-ethiopia-2022/
route.coe.generic-official-sensory-detail	https://farmdirectory.cupofexcellence.org/listing/ayele-ethiopia-2022/	restricted://post40k_extension/raw/coe-detail/3a17595e999491b7727ae629.html	46e9a73beaa08bdd5666b9b4d9dd4a997d34da9900ed0b173739470ac7be35d6	129285	archive-page=140;detail-index=4;url=https://farmdirectory.cupofexcellence.org/listing/ayele-ethiopia-2022/
route.coe.generic-official-sensory-detail	https://farmdirectory.cupofexcellence.org/listing/bukku-abele-ethiopia-2022-2/	restricted://post40k_extension/raw/coe-detail/ee800594e09ff83f6daa16a6.html	232780ad75e259537f9c9eaa2dd96e283d70fd4ab02899432c9d3e9ad25dd0f4	130930	archive-page=140;detail-index=5;url=https://farmdirectory.cupofexcellence.org/listing/bukku-abele-ethiopia-2022-2/
route.coe.generic-official-sensory-detail	https://farmdirectory.cupofexcellence.org/listing/chafa-hadessa-ethiopia-2022/	restricted://post40k_extension/raw/coe-detail/22df1881f78a1e10ff9e1075.html	6f4a115c307e261ed6635dd3bfae617ed9ce1cba1a926d81b591b18a00a92aef	131608	archive-page=140;detail-index=6;url=https://farmdirectory.cupofexcellence.org/listing/chafa-hadessa-ethiopia-2022/
route.coe.generic-official-sensory-detail	https://farmdirectory.cupofexcellence.org/listing/gemeda-ethiopia-2022/	restricted://post40k_extension/raw/coe-detail/049bc3bc97a1945d3092f8b3.html	ab34fd292893d8ccfaf7c3719939e7c75a5fd3f2763198ca02303fbce0ad6d8c	126895	archive-page=140;detail-index=7;url=https://farmdirectory.cupofexcellence.org/listing/gemeda-ethiopia-2022/
route.coe.generic-official-sensory-detail	https://farmdirectory.cupofexcellence.org/listing/geno-ethiopia-2022/	restricted://post40k_extension/raw/coe-detail/25af5285fe11b86df9587523.html	4ea7577d23ef138c2e84021047b914c9e96ddf3b487f1f7eb13c778d0ea864c7	129892	archive-page=140;detail-index=8;url=https://farmdirectory.cupofexcellence.org/listing/geno-ethiopia-2022/
route.coe.generic-official-sensory-detail	https://farmdirectory.cupofexcellence.org/listing/tadesse-ethiopia-2022/	restricted://post40k_extension/raw/coe-detail/83a7713fd8d2c376c7156edd.html	d200a7e66898fb5b0ac3beafeae3c4edf3ea19071d65ebad2e0e7e463e588434	129947	archive-page=140;detail-index=9;url=https://farmdirectory.cupofexcellence.org/listing/tadesse-ethiopia-2022/
route.coe.generic-official-sensory-detail	https://farmdirectory.cupofexcellence.org/listing/tamirt-ethiopia-2022/	restricted://post40k_extension/raw/coe-detail/d03f9b8609bd2754a6015a01.html	4335e7050338da195a4a8b72f8f20f724e0728c41359074525a4261c274324da	130455	archive-page=140;detail-index=10;url=https://farmdirectory.cupofexcellence.org/listing/tamirt-ethiopia-2022/
route.coe.post40k-archive-continuation	https://farmdirectory.cupofexcellence.org/listings/page/141/	restricted://post40k_extension/raw/coe-archive/listings-page-141.html	45dc22ec19204061161589ce682e7a62cadac63a7a0517589b57a3a64d03a828	126412	archive-page=141
route.coe.generic-official-sensory-detail	https://farmdirectory.cupofexcellence.org/listing/alemayehu-ethiopia-2022/	restricted://post40k_extension/raw/coe-detail/b092f4935473c5dc198fe0a6.html	7617a053779e5f2de10bd78dcff8110f18942dc3672bc443a85a0095a70a93c9	130895	archive-page=141;detail-index=1;url=https://farmdirectory.cupofexcellence.org/listing/alemayehu-ethiopia-2022/
route.coe.generic-official-sensory-detail	https://farmdirectory.cupofexcellence.org/listing/awol-ethiopia-2022/	restricted://post40k_extension/raw/coe-detail/1b3189a84d7d40a7db82296e.html	55ed49b9abad75b5a46e43d6ad93de3c7fd8cc7ba7924e3b01315ac292311388	129987	archive-page=141;detail-index=2;url=https://farmdirectory.cupofexcellence.org/listing/awol-ethiopia-2022/
route.coe.generic-official-sensory-detail	https://farmdirectory.cupofexcellence.org/listing/bukku-abele-ethiopia-2022/	restricted://post40k_extension/raw/coe-detail/322a26018292e5aaf83bed43.html	b1efec005956e01a67d891d1e48caacf775f05081141d87920c6a89e10df0492	127097	archive-page=141;detail-index=3;url=https://farmdirectory.cupofexcellence.org/listing/bukku-abele-ethiopia-2022/
route.coe.generic-official-sensory-detail	https://farmdirectory.cupofexcellence.org/listing/butu-gelcha-ethiopia-2022/	restricted://post40k_extension/raw/coe-detail/bb78d1b8829dd296a38126ae.html	6cc40414b6fdb2103683ab9c0c66b34794d6b570946be23a04dbe62619cc07ca	130326	archive-page=141;detail-index=4;url=https://farmdirectory.cupofexcellence.org/listing/butu-gelcha-ethiopia-2022/
route.coe.generic-official-sensory-detail	https://farmdirectory.cupofexcellence.org/listing/desalegn-ethiopia-2022/	restricted://post40k_extension/raw/coe-detail/2197462e8e2113362e28757d.html	c17cce6e33ccd0e77ef563aa411eb1b24a7f19ae90e02b464fe47fed0a6b3853	129716	archive-page=141;detail-index=5;url=https://farmdirectory.cupofexcellence.org/listing/desalegn-ethiopia-2022/
route.coe.generic-official-sensory-detail	https://farmdirectory.cupofexcellence.org/listing/fuad-ethiopia-2022/	restricted://post40k_extension/raw/coe-detail/305dd178ba524b8266645065.html	7cadcc2a3770c8ab0a294cad5f6401263242b6cf7d62c52f778742f4eb497847	129481	archive-page=141;detail-index=6;url=https://farmdirectory.cupofexcellence.org/listing/fuad-ethiopia-2022/
route.coe.generic-official-sensory-detail	https://farmdirectory.cupofexcellence.org/listing/genale-gamada-ethiopia-2022/	restricted://post40k_extension/raw/coe-detail/abbfb96a38b176ba2b104364.html	d18bfdf6180fe569c5eacd5dde09399568142bc4c4ce27f9d070107e2f251936	129956	archive-page=141;detail-index=7;url=https://farmdirectory.cupofexcellence.org/listing/genale-gamada-ethiopia-2022/
route.coe.generic-official-sensory-detail	https://farmdirectory.cupofexcellence.org/listing/legese-ethiopia-2022-2/	restricted://post40k_extension/raw/coe-detail/26e01d3e4338b99c1a24209f.html	35e5ccc7a704a697e4449643a2b44a4c7f525e91f4ecdf79124eab44d9e71d21	129265	archive-page=141;detail-index=8;url=https://farmdirectory.cupofexcellence.org/listing/legese-ethiopia-2022-2/
route.coe.generic-official-sensory-detail	https://farmdirectory.cupofexcellence.org/listing/sentayehu-ethiopia-2022/	restricted://post40k_extension/raw/coe-detail/947cad27408704cac440a91f.html	9a8800a5b42edcc8a4cac21f5ebe89af315b3e823ebbf9258b27f6dac501b3ca	129909	archive-page=141;detail-index=9;url=https://farmdirectory.cupofexcellence.org/listing/sentayehu-ethiopia-2022/
route.coe.generic-official-sensory-detail	https://farmdirectory.cupofexcellence.org/listing/yohannes-ethiopia-2022/	restricted://post40k_extension/raw/coe-detail/68ff2046188329f88bf09162.html	f7c287df2aa97be20ed269a291deb63d64c75a3147717641885b50910976b1a8	129900	archive-page=141;detail-index=10;url=https://farmdirectory.cupofexcellence.org/listing/yohannes-ethiopia-2022/
route.coe.post40k-archive-continuation	https://farmdirectory.cupofexcellence.org/listings/page/142/	restricted://post40k_extension/raw/coe-archive/listings-page-142.html	b1becec61552ee36fc50ea429899d50204f58157b007bc3fb4670a93b76c6e4f	126114	archive-page=142
route.coe.generic-official-sensory-detail	https://farmdirectory.cupofexcellence.org/listing/abebe-ethiopia-2022/	restricted://post40k_extension/raw/coe-detail/9c963cec013b63a092bf5ad6.html	53a26ac107c94274a27349ca142c6421adac530fc62fb2fea0780e5c0a90cb3e	129813	archive-page=142;detail-index=1;url=https://farmdirectory.cupofexcellence.org/listing/abebe-ethiopia-2022/
