artifact_receipt_key	lane_key	census_item_key	canonical_url	retrieval_url	http_status	media_type	sha256	byte_count	inventory_basis
artifact-0501c672e05db59c29ca97a9876854a9	bop_historical_continuation	source:bop_results_archive	https://scap-panama.com/wp-content/uploads/2017/10/results2004.jpeg	https://scap-panama.com/wp-content/uploads/2017/10/results2004.jpeg	200		411ef0108aa06b0e3bb0a08cd9b2e9dc1340a153ddec7f08221517b195c23cab	326016	HASHED_ATTEMPT
artifact-068b790252e802b24f463cf649444235	bop_historical_continuation	source:bop_results_archive	https://scap-panama.com/wp-content/uploads/2017/10/results2009.jpeg	https://scap-panama.com/wp-content/uploads/2017/10/results2009.jpeg	200		a4ae3bae55ffb5dd0c4e725f7837139358fbcaa949a41ae8056cf01836a25f52	312818	HASHED_ATTEMPT
artifact-1681ff379998f49479e97453f7effa14	bop_historical_continuation	source:bop_results_archive	https://scap-panama.com/auctions2001-2017/	https://scap-panama.com/auctions2001-2017/	200		35e531efdd10aacac4d0a607fdda015ede3d2462a483bb5ba0f45f873e878d80	86609	HASHED_ATTEMPT
artifact-3d889d27dc6183e672837b97b12c8d54	bop_historical_continuation	source:bop_results_archive	https://scap-panama.com/wp-content/uploads/2017/10/results2010.jpeg	https://scap-panama.com/wp-content/uploads/2017/10/results2010.jpeg	200		9eb4efb8510ed6307fcb0222008eb92f24082d68ac3306d08b2919c48cabe932	363374	HASHED_ATTEMPT
artifact-573568600dc42ed07cfdc7ca47374584	bop_historical_continuation	source:bop_results_archive	https://scap-panama.com/wp-content/uploads/2017/10/results2008.jpeg	https://scap-panama.com/wp-content/uploads/2017/10/results2008.jpeg	200		e26025f1f71d9f058ec40e58c9601a7f578b0e78456a17d7bf9a0c7b7ae5d97e	438537	HASHED_ATTEMPT
artifact-63a4fd047a14d4949e9b79273afbf7b6	bop_historical_continuation	source:bop_results_archive	https://scap-panama.com/wp-content/uploads/2017/10/results2006.jpeg	https://scap-panama.com/wp-content/uploads/2017/10/results2006.jpeg	200		731652272d5a1aa9b5d9fb2827a4e938c24ecd6f506b31a212ae2cbd6f6e26cb	565887	HASHED_ATTEMPT
artifact-7f9b902153565abaf23f9a655dcedf8a	bop_historical_continuation	source:bop_results_archive	https://scap-panama.com/wp-content/uploads/2017/10/results2014.jpeg	https://scap-panama.com/wp-content/uploads/2017/10/results2014.jpeg	200		cd3bbe9e8887f3c7da77645e62cbb124d6fb5b895bd691a368136e14115ee77e	458029	HASHED_ATTEMPT
artifact-8ca755e664e8cba9077f8b5fa2364f32	bop_historical_continuation	source:bop_results_archive	https://scap-panama.com/wp-content/uploads/2017/10/Best-of-Panama-2016-Coffee-Auction-Results.pdf	https://scap-panama.com/wp-content/uploads/2017/10/Best-of-Panama-2016-Coffee-Auction-Results.pdf	200		64cd8933d21deeb12e9b0f7550f8058fe26eb04c03dc102710d71085b803dbd4	210088	HASHED_ATTEMPT
artifact-8d5b5ea09149f70b2acf977a9bbe9a0c	bop_historical_continuation	source:bop_results_archive	https://scap-panama.com/wp-content/uploads/2017/10/results2005.jpeg	https://scap-panama.com/wp-content/uploads/2017/10/results2005.jpeg	200		e175b6e9820ea966262fab03308d921b20c1a0c12ca521eea2c4d9c3aaa41d0e	444912	HASHED_ATTEMPT
artifact-923bbb8f3575e9fd2693cc7425bcb081	bop_historical_continuation	source:bop_results_archive	https://scap-panama.com/wp-content/uploads/2017/10/results2011.jpeg	https://scap-panama.com/wp-content/uploads/2017/10/results2011.jpeg	200		d85fdd81de5116c237b1c76e54daa3a063dbd95eeac345d6a707c60f2931a1a2	649783	HASHED_ATTEMPT
artifact-9c8a086496669aabecd48284c12dd1e6	bop_historical_continuation	source:bop_results_archive	https://scap-panama.com/wp-content/uploads/2017/10/results2013.jpeg	https://scap-panama.com/wp-content/uploads/2017/10/results2013.jpeg	200		4ddcc04d735335b92993cea65dd7a67c9e824b6a153d94d3397a07a1d45eeece	372100	HASHED_ATTEMPT
artifact-aa7a3ebc696bdbb7c48769ac21de9ec2	bop_historical_continuation	source:bop_results_archive	https://scap-panama.com/wp-content/uploads/2017/10/results2012.jpeg	https://scap-panama.com/wp-content/uploads/2017/10/results2012.jpeg	200		a5013d4d4a304aa47ea66d2fb603127c6d41bb122cb9f75bc224db32988fa885	226096	HASHED_ATTEMPT
artifact-daf075fb77c9ee99d5a8b0371dc859ae	bop_historical_continuation	source:bop_results_archive	https://scap-panama.com/wp-content/uploads/2017/10/results2007.jpeg	https://scap-panama.com/wp-content/uploads/2017/10/results2007.jpeg	200		573e1803b3b30c79f1d8c804ee474d32543bb28d54717cf7044c01dae4b9c51d	626522	HASHED_ATTEMPT
artifact-e284006ad388929995538cd298ad23c1	bop_historical_continuation	source:bop_results_archive	https://scap-panama.com/wp-content/uploads/2017/10/results2015.jpeg	https://scap-panama.com/wp-content/uploads/2017/10/results2015.jpeg	200		a85e66d65d8af711cf4eaf6544905b42e04ba410d17f4c10f0f718590b644e88	354045	HASHED_ATTEMPT
artifact-00bed4286d28322de8fba7c4677a8691	coe_bop	source:coe_farm_directory	https://farmdirectory.cupofexcellence.org/listings/?pg=27	https://farmdirectory.cupofexcellence.org/listings/?pg=27	200		70a7f761a46688f5176a262db144a614dd22a9cc5ef801b9e8ea7bfbd726cde4	129219	HASHED_ATTEMPT
artifact-012f1d1141e3b7fbb2e82f6d3c75329d	coe_bop	source:coe_farm_directory	https://farmdirectory.cupofexcellence.org/listings/?pg=90	https://farmdirectory.cupofexcellence.org/listings/?pg=90	200		90379b1af3f90f51783620cb7bc2372ebbdecb0137574b0c8f58ee3ae851428e	128668	HASHED_ATTEMPT
artifact-013e8e3bc574c43440c0d10729261b3c	coe_bop	edition:coe:allianceforcoffeeexcellence_org_colombia_2020:2020	https://allianceforcoffeeexcellence.org/colombia-2020/	https://allianceforcoffeeexcellence.org/colombia-2020/	200		033977b20bc27bc4e835d807af9964b7c01aaa76b6c237f5b72bbd7a928a3828	344862	HASHED_ATTEMPT
artifact-015c5ef0cc6831cdc07417ffe0e40c32	coe_bop	edition:coe:allianceforcoffeeexcellence_org_honduras_2007:2007	https://cupofexcellence.org/honduras-2007/	https://cupofexcellence.org/honduras-2007/	200		74e611026fe91b29aaadadad4be37f4066bb15772e94c1384aed8e5113221e91	183418	HASHED_ATTEMPT
artifact-016a1236ae60ccd971e8e120b3bb524a	coe_bop	edition:coe:allianceforcoffeeexcellence_org_el_salvador_2017:2017	https://cupofexcellence.org/el-salvador-2017/	https://cupofexcellence.org/el-salvador-2017/	200		846d4423f08703064e8dda9e90c2380b22ed2e0a162a4d6357f9dea1f1b8c417	189974	HASHED_ATTEMPT
artifact-01cc6c608f70bfc7388869a124a6d638	coe_bop	edition:coe:allianceforcoffeeexcellence_org_guatemala_2010:2010	https://cupofexcellence.org/guatemala-2010/	https://cupofexcellence.org/guatemala-2010/	200		414fae52389bd55a32697172a8055d616176d6a599c438faef06373b75c37e68	188672	HASHED_ATTEMPT
artifact-03480f199a6521dcffaf38520a3223a9	coe_bop	edition:coe:allianceforcoffeeexcellence_org_nicaragua_2003:2003	https://cupofexcellence.org/nicaragua-2003/	https://cupofexcellence.org/nicaragua-2003/	200		62ec9075548bd3e34fa46c84acba526e32cd83c31a2d2409ee8b8adbdde65554	198328	HASHED_ATTEMPT
artifact-03b0f4896a755e215785f25ec7a7d710	coe_bop	edition:coe:allianceforcoffeeexcellence_org_costa_rica_2007:2007	https://allianceforcoffeeexcellence.org/costa-rica-2007/	https://allianceforcoffeeexcellence.org/costa-rica-2007/	200		5de171246a2780f3dc4b3826f43fe68e91f98e368b55f55a35ed21f9d8f35abc	322839	HASHED_ATTEMPT
artifact-03b4ddc1a5218cac18a041f51b108afa	coe_bop	source:coe_farm_directory	https://farmdirectory.cupofexcellence.org/listings/?pg=19	https://farmdirectory.cupofexcellence.org/listings/?pg=19	200		29c04ef0c5127903040afc4ccd278d47b6908bde230bbb0453a5f440d3e6a5ae	129120	HASHED_ATTEMPT
artifact-04cd1a199f62efbd1ea63d025f31251b	coe_bop	source:coe_farm_directory	https://farmdirectory.cupofexcellence.org/listings/?pg=94	https://farmdirectory.cupofexcellence.org/listings/?pg=94	200		8e252231912e34e9371b7f869eb8e6356e76311b70df13b5eade701d2db9975c	128508	HASHED_ATTEMPT
artifact-0515dd842c4ffa79191f0475f80bdf8d	coe_bop	edition:coe:allianceforcoffeeexcellence_org_nicaragua_2006:2006	https://allianceforcoffeeexcellence.org/nicaragua-2006/	https://allianceforcoffeeexcellence.org/nicaragua-2006/	200		424e610f8f797b88a8eb92c8303fc8e834128411b016aafa86e97a4dd58f9889	323689	HASHED_ATTEMPT
artifact-052ce5be3afbca9d3f27965fa9b44025	coe_bop	edition:coe:allianceforcoffeeexcellence_org_guatemala_2012:2012	https://cupofexcellence.org/guatemala-2012/	https://cupofexcellence.org/guatemala-2012/	200		477ec2ed9c4404baf015df58f72578b7384609632b7d50eae71d4f467bbfde49	185694	HASHED_ATTEMPT
artifact-05aaf0490dc109adceedbe69ea0da340	coe_bop	source:coe_farm_directory	https://farmdirectory.cupofexcellence.org/listings/?pg=99	https://farmdirectory.cupofexcellence.org/listings/?pg=99	200		7cf1c71e9085e6f94898a948b5ef6c128153e8d46877a5973a7355c52d947ad0	128260	HASHED_ATTEMPT
artifact-05e41b00ef66a689f6e2261967872c86	coe_bop	edition:coe:allianceforcoffeeexcellence_org_brazil_pulped_naturals_2011:2011	https://cupofexcellence.org/brazil-pulped-naturals-2011/	https://cupofexcellence.org/brazil-pulped-naturals-2011/	200		23e40d61fea3fc8f77410011378d4597aa793af078545217752a19e095469db4	199876	HASHED_ATTEMPT
artifact-061b7ec651cb12a92fcc2ce1ae573c44	coe_bop	source:coe_farm_directory	https://farmdirectory.cupofexcellence.org/listings/?pg=48	https://farmdirectory.cupofexcellence.org/listings/?pg=48	200		e07e2e174fa260ed62e53a0297773e2e1a4c3d3b4fb40f85a5c9ead8b76f8e29	128972	HASHED_ATTEMPT
artifact-064e42963d513f14ac757f6c888e0c8b	coe_bop	source:coe_farm_directory	https://farmdirectory.cupofexcellence.org/listings/?pg=53	https://farmdirectory.cupofexcellence.org/listings/?pg=53	200		b27c76430b7db15e6884634f17978697d1d81a32637aea98a95f4289869f5e99	128862	HASHED_ATTEMPT
artifact-06e9dcab8342ee7a2c9cf6706d6066c2	coe_bop	source:coe_farm_directory	https://farmdirectory.cupofexcellence.org/listings/?pg=93	https://farmdirectory.cupofexcellence.org/listings/?pg=93	200		908f3282d35ddabeb1f4806188bc39f5167517f6f894327817d0344e681468ea	128463	HASHED_ATTEMPT
artifact-085194c0eee7de73c258a84394db6f9d	coe_bop	edition:coe:allianceforcoffeeexcellence_org_el_salvador_2022:2022	https://allianceforcoffeeexcellence.org/el-salvador-2022/	https://allianceforcoffeeexcellence.org/el-salvador-2022/	200		960d73e1be5fff0c92da5b2c6f4ae1bc6c5eb68183298c18fea0bb1086430685	443571	HASHED_ATTEMPT
artifact-08ca47dca7083ea6082bf86841140b6a	coe_bop	source:coe_farm_directory	https://farmdirectory.cupofexcellence.org/listings/?pg=67	https://farmdirectory.cupofexcellence.org/listings/?pg=67	200		fb292cf6a7044182b7700ec068644d54d3da3e268fb21e57ea335d3568b8cee0	128937	HASHED_ATTEMPT
artifact-09b33185b5f4dbf8450d1a647b9e0dbb	coe_bop	edition:coe:allianceforcoffeeexcellence_org_nicaragua_2020:2020	https://cupofexcellence.org/nicaragua-2020/	https://cupofexcellence.org/nicaragua-2020/	200		bcc14fe8d250749c80bb84c128f7dcefbae53852be1163c3981645433f702e40	215512	HASHED_ATTEMPT
artifact-09f670dde36c6fbe5504048384e2ab94	coe_bop	edition:coe:allianceforcoffeeexcellence_org_honduras_2004:2004	https://allianceforcoffeeexcellence.org/honduras-2004/	https://allianceforcoffeeexcellence.org/honduras-2004/	200		01b120ade4f96f57a1a643b607d5adf6b3639d82196d2419eb35cd8380495f0e	317729	HASHED_ATTEMPT
artifact-0a3e1ce3fdd10b49a38c0e0b8181a141	coe_bop	edition:coe:allianceforcoffeeexcellence_org_rwanda_2010:2010	https://allianceforcoffeeexcellence.org/rwanda-2010/	https://allianceforcoffeeexcellence.org/rwanda-2010/	200		c0f34ee2f364e395ac4ef482fba4f0fdc925d8de1a1d75235b8d2f15267762f2	320454	HASHED_ATTEMPT
artifact-0a52bf862ed9127193712e1352a9a99e	coe_bop	edition:coe:allianceforcoffeeexcellence_org_rwanda_2011:2011	https://allianceforcoffeeexcellence.org/rwanda-2011/	https://allianceforcoffeeexcellence.org/rwanda-2011/	200		8e0c98a409a5089cd88d37c8615862062f38fb753f556cbb344a150435c34598	335748	HASHED_ATTEMPT
artifact-0aa0a8134a3067a0f1d512b51cd73471	coe_bop	edition:coe:allianceforcoffeeexcellence_org_mexico_2022:2022	https://allianceforcoffeeexcellence.org/mexico-2022/	https://allianceforcoffeeexcellence.org/mexico-2022/	200		b09d6a56c23985bd14f515e6554065ab35b32b4621c8f40aea464fb4222251cd	453126	HASHED_ATTEMPT
artifact-0ad51020128328ece2265de5a07f3e63	coe_bop	edition:coe:allianceforcoffeeexcellence_org_el_salvador_2012:2012	https://cupofexcellence.org/el-salvador-2012/	https://cupofexcellence.org/el-salvador-2012/	200		7da1a4e80900994c19678a8c7dd3fc3077d1d4fc67bac3f5f994acfbb6db1460	189075	HASHED_ATTEMPT
artifact-0b584c84ca36b344aa68ec4618248344	coe_bop	edition:coe:allianceforcoffeeexcellence_org_colombia_2017:2017	https://cupofexcellence.org/colombia-2017/	https://cupofexcellence.org/colombia-2017/	200		b3e98ece803bebfaf8c4b12fd3f44e033960aada9c55b5b1ee9037f2931c92e6	196252	HASHED_ATTEMPT
artifact-0c5020ae0242e62acf2804f35f4d30fd	coe_bop	source:coe_farm_directory	https://farmdirectory.cupofexcellence.org/listings/?pg=7	https://farmdirectory.cupofexcellence.org/listings/?pg=7	200		2e66af20ba65735a169092b83e0ea9e72dab9ecbce617eb22b81dc62889bda40	128964	HASHED_ATTEMPT
artifact-0c7a2950e864eda46f12d943129c8c90	coe_bop	edition:coe:allianceforcoffeeexcellence_org_nicaragua_2009:2009	https://cupofexcellence.org/nicaragua-2009/	https://cupofexcellence.org/nicaragua-2009/	200		aa47002ac54fed023841b0322c68ccaac5e906d836e77331c303b7f7ce94c41c	186824	HASHED_ATTEMPT
artifact-0c8a1938a46bb8b35ae8a62c8de3a520	coe_bop	source:coe_farm_directory	https://farmdirectory.cupofexcellence.org/listings/	https://farmdirectory.cupofexcellence.org/listings/	200		73123093fd0b719f22950850e2c8eaf138b50dcbfd9fd64b595964ab7dd0b74a	128083	HASHED_ATTEMPT
artifact-0cd2aaf5e701da1ff87d61a2a88121f4	coe_bop	edition:coe:allianceforcoffeeexcellence_org_guatemala_2018:2018	https://allianceforcoffeeexcellence.org/guatemala-2018/	https://allianceforcoffeeexcellence.org/guatemala-2018/	200		18318dc2a8fd9b3f51a732856771b912aa8f7bd668309df483872655349290a2	416083	HASHED_ATTEMPT
artifact-0cdc522ab6f3d1a65b55f8fdc5c2bf37	coe_bop	edition:coe:allianceforcoffeeexcellence_org_colombia_south_2012:2012_south	https://allianceforcoffeeexcellence.org/colombia-south-2012/	https://allianceforcoffeeexcellence.org/colombia-south-2012/	200		32575d925d70450b5bdfb1cc731f014f60b4fb5306f828ed92cd3b9c876d8742	328323	HASHED_ATTEMPT
artifact-0d9f5b88f45a45b52dc90b3e01b19d52	coe_bop	source:coe_farm_directory	https://farmdirectory.cupofexcellence.org/listings/?pg=4	https://farmdirectory.cupofexcellence.org/listings/?pg=4	200		ec52977a3d6b27db82309d0ae9c37fc3a59f921676336990aac2b89274582fba	128756	HASHED_ATTEMPT
artifact-0e39b2ee256d50867cf179f629cd618e	coe_bop	edition:coe:allianceforcoffeeexcellence_org_costa_rica_2014:2014	https://allianceforcoffeeexcellence.org/costa-rica-2014/	https://allianceforcoffeeexcellence.org/costa-rica-2014/	200		346a9488bcf5e969028f005289f4b73f2f94b85b7eeebef7e14ad8bf9da0ff98	325824	HASHED_ATTEMPT
artifact-0f7e92eaa3d2543dbd4365137fecba89	coe_bop	edition:coe:allianceforcoffeeexcellence_org_el_salvador_2006:2006	https://allianceforcoffeeexcellence.org/el-salvador-2006/	https://allianceforcoffeeexcellence.org/el-salvador-2006/	200		50abfa281c6c88be5f4d070960b03f8f2ed6e087f199cbbaa21582d44a2deffa	320996	HASHED_ATTEMPT
artifact-1038e122a7d1a14382ba63daadf41834	coe_bop	source:coe_farm_directory	https://farmdirectory.cupofexcellence.org/listings/?pg=54	https://farmdirectory.cupofexcellence.org/listings/?pg=54	200		931ba40672b4eb8526a1fdd51bde587690d443c3e8ddfc744b5ef6474ec66929	128774	HASHED_ATTEMPT
artifact-11979f5bbf6f6052161fe459753e975b	coe_bop	edition:coe:allianceforcoffeeexcellence_org_costa_rica_coe_2017:2017	https://allianceforcoffeeexcellence.org/costa-rica-coe-2017/	https://allianceforcoffeeexcellence.org/costa-rica-coe-2017/	200		75aab931b096e3739e118f7cdc6af8d99c29252662f588fe98e7217765bc133d	332543	HASHED_ATTEMPT
artifact-11afc20a8ae8bd8610d99f752af95e17	coe_bop	source:bop_results_archive	https://app.bestofpanama.auction/	https://app.bestofpanama.auction/	200		65ccf49b4ce89a9a9915524a0fc4c62f0b71dd8fa41900fca980c97c366311f3	21213	HASHED_ATTEMPT
artifact-122e6006e0421e4b6fb78bee313f1f86	coe_bop	edition:coe:allianceforcoffeeexcellence_org_colombia_north_2013:2013_north	https://allianceforcoffeeexcellence.org/colombia-north-2013/	https://allianceforcoffeeexcellence.org/colombia-north-2013/	200		850a62df4496c8397b062cdd4a282f95f8ed595ae03472b30f5fee87cd5a58be	317272	HASHED_ATTEMPT
artifact-1281f47c34cd683eba3246b4b7d44fad	coe_bop	edition:coe:allianceforcoffeeexcellence_org_colombia_2022:2022	https://allianceforcoffeeexcellence.org/colombia-2022/	https://allianceforcoffeeexcellence.org/colombia-2022/	200		cd9dd68baf3fabae7d75dd4a52fc9ddfc9f1be9b3f7f077bed1ca34a8fc9a144	385951	HASHED_ATTEMPT
artifact-131b9d1ec7f5c7f7cfaaff64040164e9	coe_bop	edition:coe:allianceforcoffeeexcellence_org_honduras_2012:2012	https://cupofexcellence.org/honduras-2012/	https://cupofexcellence.org/honduras-2012/	200		81ac799569b559a424daa8902399a8b5d7b819ba5f4afb82b908fd2fccfe7a9d	180512	HASHED_ATTEMPT
artifact-1376a68a351940ba3b32f50d7187c7b3	coe_bop	edition:coe:allianceforcoffeeexcellence_org_best_of_thailand:2022_pilot_best_of_thailand	https://allianceforcoffeeexcellence.org/best-of-thailand/	https://allianceforcoffeeexcellence.org/best-of-thailand/	200		e06a216b45aefa36a21077cbdc045caf93d496ab2aa6216b7b339aeb7165da17	289720	HASHED_ATTEMPT
artifact-139dea46fe6d9ab104746e694440a615	coe_bop	edition:coe:allianceforcoffeeexcellence_org_el_salvador_2025:2025	https://allianceforcoffeeexcellence.org/el-salvador-2025/	https://allianceforcoffeeexcellence.org/el-salvador-2025/	200		e56df39694e369893ce3c46e38744969d73879392b2b8947054e4e168e8e92c3	405448	HASHED_ATTEMPT
artifact-13a54d02615097e34f1e6bdb9380ed85	coe_bop	source:bop_results_archive	https://bestofpanama.org/wp-content/uploads/2023/10/Prueba1.pdf	https://bestofpanama.org/wp-content/uploads/2023/10/Prueba1.pdf	200		811fbc48cb66ce4a9636a64ca6cd2470b20dc796128f8539c1b137f748caf7c3	246955	HASHED_ATTEMPT
artifact-13cfe5768bcd49c6e7727da1ac56768c	coe_bop	edition:coe:allianceforcoffeeexcellence_org_colombia_north_2006:2006_north	https://allianceforcoffeeexcellence.org/colombia-north-2006/	https://allianceforcoffeeexcellence.org/colombia-north-2006/	200		0c3ede506fde4b39efe245c785c06547e05a4a9f935d59351728ea2db7685c5a	319956	HASHED_ATTEMPT
artifact-14d095a7ed642ed317254346cfbf3166	coe_bop	edition:coe:allianceforcoffeeexcellence_org_guatemala_2002:2002	https://allianceforcoffeeexcellence.org/guatemala-2002/	https://allianceforcoffeeexcellence.org/guatemala-2002/	200		c2824241dd574ed2d8dbcf9b3cffa87a40011520c7fbd9a2477f4ec3aa28b621	328265	HASHED_ATTEMPT
artifact-152760497297c298c9a6e58f31c2b69f	coe_bop	edition:coe:allianceforcoffeeexcellence_org_nicaragua_2021:2021	https://cupofexcellence.org/nicaragua-2021/	https://cupofexcellence.org/nicaragua-2021/	200		0a0c288c94aaa73822d1c0bec3dd7e868dcf8efa9ec43ec674ce8262feba3994	216719	HASHED_ATTEMPT
artifact-157f1a1068d7aaba61ad32ac6bc08556	coe_bop	edition:coe:allianceforcoffeeexcellence_org_costa_rica_2009:2009	https://cupofexcellence.org/costa-rica-2009/	https://cupofexcellence.org/costa-rica-2009/	200		df78a57a9355aa7c3116f4885d1646b89675efc2864c7e70c053edb09223a2c5	183938	HASHED_ATTEMPT
artifact-17e0cb2ca13b8b5520ead2038b147078	coe_bop	edition:coe:allianceforcoffeeexcellence_org_brazil_pulped_naturals_2017:2017	https://allianceforcoffeeexcellence.org/brazil-pulped-naturals-2017/	https://allianceforcoffeeexcellence.org/brazil-pulped-naturals-2017/	200		ccb574702742cf7c87828976cae76ab7aa1512512ebce91ed26e2832f26b081d	331123	HASHED_ATTEMPT
artifact-180a8b496c8000635e1aa7cd63865ae2	coe_bop	edition:coe:allianceforcoffeeexcellence_org_el_salvador_2003:2003	https://allianceforcoffeeexcellence.org/el-salvador-2003/	https://allianceforcoffeeexcellence.org/el-salvador-2003/	200		e3052905f9b0db100de7baee19bde5e6c110c13dcc9d0ef37c3f6b5f8d3b119d	328702	HASHED_ATTEMPT
artifact-188560c8e5bb257acc4d94a5e95cb4e3	coe_bop	edition:coe:allianceforcoffeeexcellence_org_peru_2017:2017	https://cupofexcellence.org/peru-2017/	https://cupofexcellence.org/peru-2017/	200		beeba9091558e06efc847cf184374a56bc977b90de7e2ed03eabd8408d6b8a57	190329	HASHED_ATTEMPT
artifact-19706f392c4d3368e9afd6b01bb5441c	coe_bop	edition:coe:allianceforcoffeeexcellence_org_guatemala_2018:2018	https://cupofexcellence.org/guatemala-2018/	https://cupofexcellence.org/guatemala-2018/	200		6a761c040e55e8fcfd672a717c897923c48aa755e45885db74c196c1d18c63b5	278510	HASHED_ATTEMPT
artifact-19b5cdd76083b49fe1bfdb9174cb5cc0	coe_bop	edition:coe:allianceforcoffeeexcellence_org_colombia_north_2011:2011_north	https://cupofexcellence.org/colombia-north-2011/	https://cupofexcellence.org/colombia-north-2011/	200		48736ae6ae9bb586538b08dcc5d6971d07927dba6554431e61cc438eadab5ce3	182170	HASHED_ATTEMPT
artifact-19f933aaf18fbc06e5407758794aa9a9	coe_bop	edition:coe:allianceforcoffeeexcellence_org_brazil_naturals_2015:2015_december	https://allianceforcoffeeexcellence.org/brazil-naturals-2015/	https://allianceforcoffeeexcellence.org/brazil-naturals-2015/	200		5cba88e42496bb7721f4dc309fbd010581128576e07eff954c0311ca2f2326d4	331032	HASHED_ATTEMPT
artifact-1abaa9832998cacbb85cfe1df717706d	coe_bop	edition:coe:allianceforcoffeeexcellence_org_rwanda_2011:2011	https://cupofexcellence.org/rwanda-2011/	https://cupofexcellence.org/rwanda-2011/	200		6561edbe326e340019a76380383129d15249d0c931bb106559b08268be03d462	198063	HASHED_ATTEMPT
artifact-1aea68a9c814874a6fddf5debe2e91ed	coe_bop	source:coe_farm_directory	https://farmdirectory.cupofexcellence.org/listings/?pg=12	https://farmdirectory.cupofexcellence.org/listings/?pg=12	200		49dd9698e34bc42010071e05cff598d73922e6fec63003b4b993e66992bdaaf7	129123	HASHED_ATTEMPT
artifact-1b2a1704c257a90b12b49de47d7efbd1	coe_bop	edition:coe:allianceforcoffeeexcellence_org_brazil_pulped_naturals_2002:2002	https://allianceforcoffeeexcellence.org/brazil-pulped-naturals-2002/	https://allianceforcoffeeexcellence.org/brazil-pulped-naturals-2002/	200		fdb19916d6d3331c3fb285efa6a7c78f3e14a9df7792f218221a40ba91b183d2	326700	HASHED_ATTEMPT
artifact-1b424a1ddf82c874b6fb0d46930147b7	coe_bop	edition:coe:allianceforcoffeeexcellence_org_honduras_2014:2014	https://cupofexcellence.org/honduras-2014/	https://cupofexcellence.org/honduras-2014/	200		acc19967b77fab9b61afe274efa8bab3bd71b19065fad4645b9bc7321e1bd02e	186167	HASHED_ATTEMPT
artifact-1bfefb51be63186bf791cbec24b260a4	coe_bop	source:coe_farm_directory	https://farmdirectory.cupofexcellence.org/listings/?pg=98	https://farmdirectory.cupofexcellence.org/listings/?pg=98	200		1911269463f31d3fd085c22d6b2f90d5bb9bacba22290201a7ce212e06b9c6df	128164	HASHED_ATTEMPT
artifact-1ca702b6224ef2e5a754d1d9b9c40083	coe_bop	source:coe_farm_directory	https://farmdirectory.cupofexcellence.org/listings/?pg=33	https://farmdirectory.cupofexcellence.org/listings/?pg=33	200		adc5780755b86a69418a0674c70ccd51f7439d0a4e5660fd9a6648477219bc5f	127964	HASHED_ATTEMPT
artifact-1d38ddf0bd2f62ec4685c652d1edbaf5	coe_bop	edition:coe:allianceforcoffeeexcellence_org_peru_2021:2021	https://allianceforcoffeeexcellence.org/peru-2021/	https://allianceforcoffeeexcellence.org/peru-2021/	200		70d6db1b99613bb11b03e48101bcc4413c9bdba14db35e62ba9504e1155ea7ca	440176	HASHED_ATTEMPT
artifact-1d79b03530dd57eac1910cb424073e09	coe_bop	edition:coe:allianceforcoffeeexcellence_org_el_salvador_2005:2005	https://allianceforcoffeeexcellence.org/el-salvador-2005/	https://allianceforcoffeeexcellence.org/el-salvador-2005/	200		a8cc14dec77617ba6dfcca6ee117703d5b0cbad9a30c0990fb365c5a9644e181	314093	HASHED_ATTEMPT
artifact-1dba0f3279ad982780685d0de835a5c5	coe_bop	edition:coe:allianceforcoffeeexcellence_org_bolivia_2009:2009	https://allianceforcoffeeexcellence.org/bolivia-2009/	https://allianceforcoffeeexcellence.org/bolivia-2009/	200		918b370d225bc7f157a5352984bea39a1f08e41de3e8b1a2accf09e6e0f507f3	328051	HASHED_ATTEMPT
artifact-1eeda9fefb2f63d69f31e98fec9a8f0f	coe_bop	edition:coe:allianceforcoffeeexcellence_org_el_salvador_2015:2015	https://allianceforcoffeeexcellence.org/el-salvador-2015/	https://allianceforcoffeeexcellence.org/el-salvador-2015/	200		4800a26589c7166728ef59eb1e73e140ef9688ba4a14ea8400316b7f2f299192	279109	HASHED_ATTEMPT
artifact-1fd6a9dc05c2612836c33c0e862331df	coe_bop	edition:coe:allianceforcoffeeexcellence_org_el_salvador_2007:2007	https://allianceforcoffeeexcellence.org/el-salvador-2007/	https://allianceforcoffeeexcellence.org/el-salvador-2007/	200		932ede8fbaff7b2ae6fe0bbd4e24d76bc43b394082526356df22179d0f4777bd	320309	HASHED_ATTEMPT
artifact-1ffbf6eceded536939349734d71669e1	coe_bop	source:coe_farm_directory	https://farmdirectory.cupofexcellence.org/listings/?pg=39	https://farmdirectory.cupofexcellence.org/listings/?pg=39	200		239df6cc391c751a86a8507d1e1b018a7e8844cba25deb2da687ca098fdce52a	129237	HASHED_ATTEMPT
artifact-20ed67dc0cc9bdca94275ccd3a1f8d2d	coe_bop	edition:coe:allianceforcoffeeexcellence_org_mexico_2014:2014	https://allianceforcoffeeexcellence.org/mexico-2014/	https://allianceforcoffeeexcellence.org/mexico-2014/	200		d17685bad4987985556ba5e7ae44e405c8cb365f8eeb2bc17b2f0eb44c559c1c	319446	HASHED_ATTEMPT
artifact-20f4c7f488c9fe1bcf5ef1c860de2c95	coe_bop	source:coe_farm_directory	https://farmdirectory.cupofexcellence.org/listings/?pg=63	https://farmdirectory.cupofexcellence.org/listings/?pg=63	200		b88dd83edbeca2b52af508ac8e9218b3d8430e4a832f5c8e4944cedda2e447bc	128818	HASHED_ATTEMPT
artifact-2188d62d8dbac95442acc55241de2009	coe_bop	edition:coe:allianceforcoffeeexcellence_org_el_salvador_2018:2018	https://cupofexcellence.org/el-salvador-2018/	https://cupofexcellence.org/el-salvador-2018/	200		a8c836a349de6a41862145ac9ebf5e005feee2f5be54216937fa46fa519dccb8	315488	HASHED_ATTEMPT
artifact-21f1ede3138703935b75f9871cd3d8cc	coe_bop	edition:coe:allianceforcoffeeexcellence_org_el_salvador_2019:2019	https://cupofexcellence.org/el-salvador-2019/	https://cupofexcellence.org/el-salvador-2019/	200		ce8eb90cd98bbc14a1ceb0fc4bac97c9e3d2bbc252cfbf51b278fb7246e75578	276254	HASHED_ATTEMPT
artifact-223f53d34d9ce6be8a9c2a750c6d95b9	coe_bop	source:coe_farm_directory	https://farmdirectory.cupofexcellence.org/listings/?pg=40	https://farmdirectory.cupofexcellence.org/listings/?pg=40	200		588c84cfc9ed009f6159d6d8d7d9e4c6ecf9bdc01183cd73987114e8975afb21	129111	HASHED_ATTEMPT
artifact-22957f94b6b8b85dcc9dba024a291bc0	coe_bop	source:coe_farm_directory	https://farmdirectory.cupofexcellence.org/listings/?pg=17	https://farmdirectory.cupofexcellence.org/listings/?pg=17	200		81f3692c0d6c4be45096e68d9455e99b9488bb6a51f0f0ca074fa106396f5140	129263	HASHED_ATTEMPT
artifact-22ba69b65e610a7855f7742f07ed065d	coe_bop	edition:coe:allianceforcoffeeexcellence_org_costa_rica_2020:2020	https://cupofexcellence.org/costa-rica-2020/	https://cupofexcellence.org/costa-rica-2020/	200		c5e13212b7dab52c3946cb924dc7a95ad0d32b78f32999fa6b5b8a7f8274b791	226166	HASHED_ATTEMPT
artifact-22ce207ada706f7edc88bde150709daf	coe_bop	source:coe_farm_directory	https://farmdirectory.cupofexcellence.org/listings/?pg=81	https://farmdirectory.cupofexcellence.org/listings/?pg=81	200		e0f4e53a1834d9a8a9285ab281e6ef6efd06d68a823f2a85d2b8e9ba423f804b	130320	HASHED_ATTEMPT
artifact-23167360e9e2284b97768c86c87aa433	coe_bop	edition:coe:allianceforcoffeeexcellence_org_honduras_2012:2012	https://allianceforcoffeeexcellence.org/honduras-2012/	https://allianceforcoffeeexcellence.org/honduras-2012/	200		8c6703c13d5a5dd8cf38a2f2d1f2044c19b704dedf28444fc4115dfc3addd6bc	318065	HASHED_ATTEMPT
artifact-23773a5d946b217e150f1c5a300c0513	coe_bop	edition:coe:allianceforcoffeeexcellence_org_brazil_naturals_2015:2015_december	https://cupofexcellence.org/brazil-naturals-2015/	https://cupofexcellence.org/brazil-naturals-2015/	200		971141f376d8f729498082b86da171a12ff9608b91bc12567110167af6529eac	201292	HASHED_ATTEMPT
artifact-237d1399ac35e1c56ee6d542f8bca308	coe_bop	source:coe_farm_directory	https://farmdirectory.cupofexcellence.org/listings/?pg=92	https://farmdirectory.cupofexcellence.org/listings/?pg=92	200		1c001d1cb9f7013f1048618d2b2fcd775d963552ffdb36cb815160f3fdb659ba	128247	HASHED_ATTEMPT
artifact-24182a9851eb0c5df45c0005419dd510	coe_bop	edition:coe:allianceforcoffeeexcellence_org_brazil_2022:2022	https://allianceforcoffeeexcellence.org/brazil-2022/	https://allianceforcoffeeexcellence.org/brazil-2022/	200		045f278f4a61c2004f73a1a80702fe5f75912cbd4ad526da132179ddebfd7468	430913	HASHED_ATTEMPT
artifact-24eebf5f17f01db3c251c0304e715a1f	coe_bop	edition:coe:allianceforcoffeeexcellence_org_burundi_2014:2014	https://allianceforcoffeeexcellence.org/burundi-2014/	https://allianceforcoffeeexcellence.org/burundi-2014/	200		a868c5a9543739455c9e9210bd3a7f6d20890207154dee2d6b96e4ec2be1404b	326054	HASHED_ATTEMPT
artifact-250fc149127d2dd95a285fef99138b90	coe_bop	edition:coe:allianceforcoffeeexcellence_org_costa_rica_2011:2011	https://cupofexcellence.org/costa-rica-2011/	https://cupofexcellence.org/costa-rica-2011/	200		b2f29d1686dd1805441911b78a5cc4d77f350cb152a4fca9a0463e16adea2204	191463	HASHED_ATTEMPT
artifact-26439a73a03f42d1197e27d0d61d26ea	coe_bop	edition:coe:allianceforcoffeeexcellence_org_peru_2020:2020	https://cupofexcellence.org/peru-2020/	https://cupofexcellence.org/peru-2020/	200		acd1e81a0579280952546f242a7d6a79121b1594a203990a8deb8f62e44b861c	225700	HASHED_ATTEMPT
artifact-267bdfa4a0af498629b08ceb1d06ecd1	coe_bop	source:coe_farm_directory	https://farmdirectory.cupofexcellence.org/listings/?pg=77	https://farmdirectory.cupofexcellence.org/listings/?pg=77	200		18bac419d6ddb560ef1f23334e6a9da68c344ef809b825a1b6cd779509de778a	130707	HASHED_ATTEMPT
artifact-26842f86c956a777f80c879fd647922d	coe_bop	edition:coe:allianceforcoffeeexcellence_org_colombia_south_2005:2005_south	https://cupofexcellence.org/colombia-south-2005/	https://cupofexcellence.org/colombia-south-2005/	200		3d73cd2de9b68397bc238cf23866240999e537d2646a7be802955ad98fd4f014	193689	HASHED_ATTEMPT
artifact-26b4af3f1a1c1df155ef21819f29da2f	coe_bop	edition:coe:allianceforcoffeeexcellence_org_honduras_2016:2016	https://cupofexcellence.org/honduras-2016/	https://cupofexcellence.org/honduras-2016/	200		9e9d58ad90488fd231e3eab01d081bdbe0342656e9eecca6c5d8d99560ea3fac	156131	HASHED_ATTEMPT
artifact-26e29f86451ec3eb21c792480159be28	coe_bop	edition:coe:allianceforcoffeeexcellence_org_honduras_2010:2010	https://allianceforcoffeeexcellence.org/honduras-2010/	https://allianceforcoffeeexcellence.org/honduras-2010/	200		b3332e2ffd21fd4b8ac650148b57ea04965c5fffdb67319f524fc79ed2bf17f7	322744	HASHED_ATTEMPT
artifact-26f56d5dfb5ae7685ad60beb0b76bca6	coe_bop	edition:coe:allianceforcoffeeexcellence_org_brazil_pulped_naturals_2008:2008	https://cupofexcellence.org/brazil-pulped-naturals-2008/	https://cupofexcellence.org/brazil-pulped-naturals-2008/	200		c3e42e3cbb85d3bab33a4bf20e913182936448113eb5b9dc3b9200682faf271f	189366	HASHED_ATTEMPT
artifact-2745911d5025900740dafa78b67cf07e	coe_bop	edition:coe:allianceforcoffeeexcellence_org_el_salvador_2008:2008	https://allianceforcoffeeexcellence.org/el-salvador-2008/	https://allianceforcoffeeexcellence.org/el-salvador-2008/	200		a80259f8be3fccd535706e399e7ed02f57951d9b5a8eebd0df02ca3864cd9e40	332813	HASHED_ATTEMPT
artifact-297a96b3a088cdac14d6edc8fa076408	coe_bop	edition:coe:allianceforcoffeeexcellence_org_colombia_south_2014:2014_south	https://cupofexcellence.org/colombia-south-2014/	https://cupofexcellence.org/colombia-south-2014/	200		b10b3da7472fb59c948726b6e49895d14fed4972512cbd2c4137842c2c003a62	197394	HASHED_ATTEMPT
artifact-2a8fda63a777bb924a79266ade8a2eb0	coe_bop	edition:coe:allianceforcoffeeexcellence_org_honduras_2009:2009	https://cupofexcellence.org/honduras-2009/	https://cupofexcellence.org/honduras-2009/	200		b3e425117ee6165f1ede5b194e29d83f19f7be11899b1416f63530366d134344	198449	HASHED_ATTEMPT
artifact-2b021cc3f5f01e0af7617fdf6b7dd001	coe_bop	edition:coe:allianceforcoffeeexcellence_org_bolivia_2004:2004	https://allianceforcoffeeexcellence.org/bolivia-2004/	https://allianceforcoffeeexcellence.org/bolivia-2004/	200		dc673d10ed79b8189ffc288bf987af9a25adc363e591b8b18a6e440cf29bbd0e	307405	HASHED_ATTEMPT
artifact-2b64a2577d6b93174d65aeeb6885e253	coe_bop	edition:coe:allianceforcoffeeexcellence_org_colombia_north_2009:2009_north	https://allianceforcoffeeexcellence.org/colombia-north-2009/	https://allianceforcoffeeexcellence.org/colombia-north-2009/	200		ea20ebdac2b276ca61fd67426fea6139c6151ca82f942afff7624c1ff3b81ba5	324704	HASHED_ATTEMPT
artifact-2b7daea8ca7dc3b474ec9baa42895620	coe_bop	edition:coe:allianceforcoffeeexcellence_org_brazil_pulped_naturals_2013:2013	https://allianceforcoffeeexcellence.org/brazil-pulped-naturals-2013/	https://allianceforcoffeeexcellence.org/brazil-pulped-naturals-2013/	200		4d3808da7b39afc5be5e1eaf08506184b5af7ef1842985cc7000dd4e99725ac9	332918	HASHED_ATTEMPT
artifact-2bab5ab807cd294f5dfdf55eb0d8408c	coe_bop	source:coe_farm_directory	https://farmdirectory.cupofexcellence.org/listings/?pg=30	https://farmdirectory.cupofexcellence.org/listings/?pg=30	200		2913419020ca2ad7acf94dee4f70132c56268070962ae6d11b252f1c006fcdd8	129878	HASHED_ATTEMPT
artifact-2bbf736a7146d4d297ca2ffd3d7c0052	coe_bop	edition:coe:allianceforcoffeeexcellence_org_costa_rica_2019:2019	https://cupofexcellence.org/costa-rica-2019/	https://cupofexcellence.org/costa-rica-2019/	200		6db3843b1ef4601224eae97f764166820554f4f65991d21176ad6a120cc8c756	286362	HASHED_ATTEMPT
artifact-2bc1380d676ff698d74ca7bc87d50d75	coe_bop	edition:coe:allianceforcoffeeexcellence_org_ecuador_2021:2021	https://cupofexcellence.org/ecuador-2021/	https://cupofexcellence.org/ecuador-2021/	200		0f16178cb007a83bf2d5eb450d2436702986e2f1a88e6deb41a5f074386c07b9	212792	HASHED_ATTEMPT
artifact-2bc7454595fb8dae30708aaf1b2e3305	coe_bop	edition:coe:allianceforcoffeeexcellence_org_honduras_2011:2011	https://cupofexcellence.org/honduras-2011/	https://cupofexcellence.org/honduras-2011/	200		1db968e933e776cc21d8e82518b41a7d56039ab79d22e0948f6066f19e0815b3	193489	HASHED_ATTEMPT
artifact-2cdf74bc4d155b376c1692f1510ea756	coe_bop	edition:coe:allianceforcoffeeexcellence_org_guatemala_2011:2011	https://allianceforcoffeeexcellence.org/guatemala-2011/	https://allianceforcoffeeexcellence.org/guatemala-2011/	200		3344b81ec33b56bf425d9d254f4ac73deae854b69c4b447b3a7a9214bbc45ed3	327899	HASHED_ATTEMPT
artifact-2d8368561ad78d9ddf839d76f75417c9	coe_bop	edition:coe:allianceforcoffeeexcellence_org_guatemala_2026:2026	https://allianceforcoffeeexcellence.org/guatemala-2026/	https://allianceforcoffeeexcellence.org/guatemala-2026/	200		205b3dad24cbf4732a5c06df72aa3d2ee1a223d82e659760f245a184919e315f	453861	HASHED_ATTEMPT
artifact-2e143c83c9943b23bcd6e726fc367641	coe_bop	edition:coe:allianceforcoffeeexcellence_org_burundi_2013:2013	https://allianceforcoffeeexcellence.org/burundi-2013/	https://allianceforcoffeeexcellence.org/burundi-2013/	200		b634b9a909205b18efc8aa23174b9b19e55769ec0198fa5cc7f29149990e202c	310704	HASHED_ATTEMPT
artifact-2e290dc46bbfc1867c109331430b1df2	coe_bop	edition:coe:allianceforcoffeeexcellence_org_rwanda_2010:2010	https://cupofexcellence.org/rwanda-2010/	https://cupofexcellence.org/rwanda-2010/	200		c668b3c9dfd2616b16d4e8fb84f46f22790556bcbc9bb08dcaf0431aef2a9c89	182881	HASHED_ATTEMPT
artifact-2e470d5d19fb72167f39b9d60684a97d	coe_bop	edition:coe:allianceforcoffeeexcellence_org_peru_2026:2026	https://allianceforcoffeeexcellence.org/peru-2026/	https://allianceforcoffeeexcellence.org/peru-2026/	200		2ebad440d5be24e345f8c1d2aa9da222f9d421f664e9e08b304e026ea93198a6	364044	HASHED_ATTEMPT
artifact-2ff83dd41b52056f9ec6452c5506b432	coe_bop	edition:coe:allianceforcoffeeexcellence_org_honduras_2026:2026	https://allianceforcoffeeexcellence.org/honduras-2026/	https://allianceforcoffeeexcellence.org/honduras-2026/	200		8fc2f824ef33d98f8c5f15026517b47960aaa6cc8942005e67b74782418b5139	430230	HASHED_ATTEMPT
artifact-304d5ae0e02ab4006d28334c13b8ba28	coe_bop	edition:coe:allianceforcoffeeexcellence_org_peru_2024:2024	https://allianceforcoffeeexcellence.org/peru-2024/	https://allianceforcoffeeexcellence.org/peru-2024/	200		aeca8393e33c871e0a9dfac49d4e28611a4ef20ec3f059e7c29ebcb722f40b49	353335	HASHED_ATTEMPT
artifact-31f813d4ed5f7b48ad2f8e7825daa1db	coe_bop	edition:coe:allianceforcoffeeexcellence_org_colombia_2023:2023	https://allianceforcoffeeexcellence.org/colombia-2023/	https://allianceforcoffeeexcellence.org/colombia-2023/	200		8bb19d4f1b8de5663b09432854e391dfc692f6c17cdc8c97ef623fb5a1eb5382	374658	HASHED_ATTEMPT
artifact-32321a6052a44830039d765e2cde5b21	coe_bop	source:coe_farm_directory	https://farmdirectory.cupofexcellence.org/listings/?pg=56	https://farmdirectory.cupofexcellence.org/listings/?pg=56	200		9114765a244b79d325d70a46eea6baebf1967ac5057141cb1dbb4a2501daac30	128666	HASHED_ATTEMPT
artifact-32ebb04626da0aa3604fb531ce0eb1ea	coe_bop	source:bop_2026_about	https://bestofpanama.org/competition	https://bestofpanama.org/competition	200		ea37a0b8b0fdb47a24ce9ad69bbc9b3e54a04c814056ebf314760d0f3e79c3c5	118162	HASHED_ATTEMPT
artifact-3309076230ddf81dcad1dadbfb2bead0	coe_bop	edition:coe:allianceforcoffeeexcellence_org_indonesia_2021:2021	https://cupofexcellence.org/indonesia-2021/	https://cupofexcellence.org/indonesia-2021/	200		fdd586ba6b173ab49778d77178f90f89861dd65db447a0012d0493c4394850f9	218658	HASHED_ATTEMPT
artifact-33de751ea7a3b348a263f9be748eb5c1	coe_bop	edition:coe:allianceforcoffeeexcellence_org_honduras_2014:2014	https://allianceforcoffeeexcellence.org/honduras-2014/	https://allianceforcoffeeexcellence.org/honduras-2014/	200		0bed7645b94df33fdedb4b9acf687a110f5c6229a68680b613c97b506e49c2d3	323744	HASHED_ATTEMPT
artifact-34265f7e05671b1ff71428f87bdf9f19	coe_bop	edition:coe:allianceforcoffeeexcellence_org_taiwan_2025:2025	https://allianceforcoffeeexcellence.org/taiwan-2025/	https://allianceforcoffeeexcellence.org/taiwan-2025/	200		8b0bd3051a69dd0561a47acafea3101704fb9b61399d4a8132e4db67a55abf09	374862	HASHED_ATTEMPT
artifact-347669bdead3e7c67b831e6d05632536	coe_bop	source:coe_farm_directory	https://farmdirectory.cupofexcellence.org/listings/?pg=61	https://farmdirectory.cupofexcellence.org/listings/?pg=61	200		3731320ec390a68bc1417fcc78184ef0684bbc7a480be655df4f7cd1fc927350	129081	HASHED_ATTEMPT
artifact-347ac291d0130faa2de2f57117ffa626	coe_bop	edition:coe:allianceforcoffeeexcellence_org_mexico_2018:2018	https://allianceforcoffeeexcellence.org/mexico-2018/	https://allianceforcoffeeexcellence.org/mexico-2018/	200		5c868d829088c5dae2e0f301692f75bcc4d94e20c730182e25553309e76e230a	400504	HASHED_ATTEMPT
artifact-34803389af615c00e0b43de20b849b12	coe_bop	edition:coe:allianceforcoffeeexcellence_org_brazil_pulped_naturals_2006:2006	https://allianceforcoffeeexcellence.org/brazil-pulped-naturals-2006/	https://allianceforcoffeeexcellence.org/brazil-pulped-naturals-2006/	200		af5eee8a671bc5158073acc53a3295a2e9f196a4ebf45213f9182da832a09651	327205	HASHED_ATTEMPT
artifact-34b3f5222be616b3f265e9879b0b4943	coe_bop	edition:coe:allianceforcoffeeexcellence_org_el_salvador_2013:2013	https://allianceforcoffeeexcellence.org/el-salvador-2013/	https://allianceforcoffeeexcellence.org/el-salvador-2013/	200		399db491cc787baa2124b3be898e5d56c9965cc0192d24d1fb6b4a283774b0dd	324912	HASHED_ATTEMPT
artifact-34dbe01dbc79b5b12c6c3c20bede38a4	coe_bop	edition:coe:allianceforcoffeeexcellence_org_burundi_2017:2017	https://allianceforcoffeeexcellence.org/burundi-2017/	https://allianceforcoffeeexcellence.org/burundi-2017/	200		570bd1c71d306c759ba7d340cbc3cf8a24d3745edfadfdc18d77cb3367f13d5d	327381	HASHED_ATTEMPT
artifact-3542f16f5b0fa77596e5ff1958e6a076	coe_bop	edition:coe:allianceforcoffeeexcellence_org_mexico_2017:2017	https://allianceforcoffeeexcellence.org/mexico-2017/	https://allianceforcoffeeexcellence.org/mexico-2017/	200		cb76c8b1de74197fe8ac03404e3e870dce3e0b76ed8e16fad1510e80521f0d9e	329666	HASHED_ATTEMPT
artifact-356620316d3b35f6a501d4599c5e7f14	coe_bop	edition:coe:allianceforcoffeeexcellence_org_honduras_2018:2018	https://cupofexcellence.org/honduras-2018/	https://cupofexcellence.org/honduras-2018/	200		f43181f3d0b40f8bb07c0ffa32b8390c3eee0d34126b9a9c90a374df732ece25	271228	HASHED_ATTEMPT
artifact-357096e08273d7714d3ece1b88d35502	coe_bop	edition:coe:allianceforcoffeeexcellence_org_rwanda_2018:2018	https://allianceforcoffeeexcellence.org/rwanda-2018/	https://allianceforcoffeeexcellence.org/rwanda-2018/	200		e18731591ec67cca5d63c7a340142fac3330af3299309b5614a3a225e5e9d0b3	331611	HASHED_ATTEMPT
artifact-35eaa3b48c67bb1bfa33ffc3eff91596	coe_bop	edition:coe:allianceforcoffeeexcellence_org_colombia_south_2010:2010_south	https://cupofexcellence.org/colombia-south-2010/	https://cupofexcellence.org/colombia-south-2010/	200		f4049c5d571399641393b234091d5f84fd37552bd357a7f4214092c85258e274	181132	HASHED_ATTEMPT
artifact-35fcf538e65335459a37ee3a488ee7ec	coe_bop	edition:coe:allianceforcoffeeexcellence_org_el_salvador_2011:2011	https://allianceforcoffeeexcellence.org/el-salvador-2011/	https://allianceforcoffeeexcellence.org/el-salvador-2011/	200		4f7d2aeb4cc0b1b4aea8c272eb874f9bdeb5155fda2f4342472fe0620c65afc4	341908	HASHED_ATTEMPT
artifact-3745605b0a2f96eb0c837f8a6d6da807	coe_bop	edition:coe:allianceforcoffeeexcellence_org_brazil_pulped_naturals_2004:2004	https://allianceforcoffeeexcellence.org/brazil-pulped-naturals-2004/	https://allianceforcoffeeexcellence.org/brazil-pulped-naturals-2004/	200		f8f2f9998cf0a6c5ae569f08d483d4563b09c5f1a9a8f0fef5bf681f750336d3	335555	HASHED_ATTEMPT
artifact-374b4ed51ce0b29438728cf3a2aac965	coe_bop	source:bop_results_archive	https://bestofpanama.auction/auction-2019	https://bestofpanama.auction/auction-2019	200		ca3071f59d7807ba031fb581b7df3e7c6d24fec5fb83650fd1c6b9c917d8337a	466034	HASHED_ATTEMPT
artifact-376e54bcfec81fad4a642255b0c8b915	coe_bop	source:coe_farm_directory	https://farmdirectory.cupofexcellence.org/listings/?pg=2	https://farmdirectory.cupofexcellence.org/listings/?pg=2	200		ac99ced97c49e64b5524c4b77dc4656561922f6bd3e40514e3930c654d4b5038	128647	HASHED_ATTEMPT
artifact-37b87abe163a6977696bbc6207dc1a72	coe_bop	edition:coe:allianceforcoffeeexcellence_org_honduras_2006:2006	https://cupofexcellence.org/honduras-2006/	https://cupofexcellence.org/honduras-2006/	200		31ae3f0f52774d6377ee9ba67bd859f7e2edc044c8b8d5150e648efa3e0f5560	193432	HASHED_ATTEMPT
artifact-3828ed95a52fb082b8ed33584767e984	coe_bop	edition:coe:allianceforcoffeeexcellence_org_costa_rica_2016:2016	https://allianceforcoffeeexcellence.org/costa-rica-2016/	https://allianceforcoffeeexcellence.org/costa-rica-2016/	200		227644e5bba7d34de42e22f68299b8ceee218393439e0d800df1e3bd17a88260	279369	HASHED_ATTEMPT
artifact-39a6bfd839d4fe2be423060337ecd650	coe_bop	edition:coe:allianceforcoffeeexcellence_org_bolivia_2005:2005	https://allianceforcoffeeexcellence.org/bolivia-2005/	https://allianceforcoffeeexcellence.org/bolivia-2005/	200		d865dbf7f2ae6f6fd4f260cc1b6320e04df1a8242a06ac6caaca3fc919c7480d	316377	HASHED_ATTEMPT
artifact-39fd6ac357e7719c71a6e04d39f0a4b0	coe_bop	edition:coe:allianceforcoffeeexcellence_org_nicaragua_2014:2014	https://allianceforcoffeeexcellence.org/nicaragua-2014/	https://allianceforcoffeeexcellence.org/nicaragua-2014/	200		92ded619ad29a0144ac7f340c88f9bd6a4becdd57cce8bfdf523f3b10acf5b36	325108	HASHED_ATTEMPT
artifact-3a7136cfe93206320b211f56ab78932d	coe_bop	edition:coe:allianceforcoffeeexcellence_org_peru_2019:2019	https://cupofexcellence.org/peru-2019/	https://cupofexcellence.org/peru-2019/	200		705901278c05d2699dbac570574b207f522be90b51eda439b4c633aa2c6dc01f	275241	HASHED_ATTEMPT
artifact-3c7aa8345647ed552a726f0c21f8aea1	coe_bop	edition:coe:allianceforcoffeeexcellence_org_colombia_north_2019:2019_north	https://allianceforcoffeeexcellence.org/colombia-north-2019/	https://allianceforcoffeeexcellence.org/colombia-north-2019/	200		2b0edc489689ec60f214f92c6c9189f4cdd662275c2bd162d0ae856cbd38c6f9	416241	HASHED_ATTEMPT
artifact-3cbc5430bf8892be10794e9910159af1	coe_bop	edition:coe:allianceforcoffeeexcellence_org_costa_rica_2018:2018	https://allianceforcoffeeexcellence.org/costa-rica-2018/	https://allianceforcoffeeexcellence.org/costa-rica-2018/	200		0dd9e0b85bb43ab2fb27c1664b0fe34e810cc7078f4bcb60992c280e74a67088	423100	HASHED_ATTEMPT
artifact-3ce48d3b221906348ace80266ec35ab1	coe_bop	source:coe_farm_directory	https://farmdirectory.cupofexcellence.org/listings/?pg=59	https://farmdirectory.cupofexcellence.org/listings/?pg=59	200		942ae810caed81ec2630781b4ca329c1d1ef0facf1f593c7f6fdc8d8d04b1b10	129546	HASHED_ATTEMPT
artifact-3d0942107ac92d4f84e80b914537f9b6	coe_bop	edition:coe:allianceforcoffeeexcellence_org_brazil_2021:2021	https://cupofexcellence.org/brazil-2021/	https://cupofexcellence.org/brazil-2021/	200		702f864a7e192e7c8aa340bcd53e804aeb52d239c94dbf029524635aa9a7e6be	221687	HASHED_ATTEMPT
artifact-3d4889d57c9fc769fa346e4362b54c42	coe_bop	edition:coe:allianceforcoffeeexcellence_org_honduras_2021:2021	https://allianceforcoffeeexcellence.org/honduras-2021/	https://allianceforcoffeeexcellence.org/honduras-2021/	200		01e8f14640e655ac8a98beb0c77fd647e38da96182d72b744bac90d5240350fc	445084	HASHED_ATTEMPT
artifact-3d779a19dafde81b9aaf20aacd6cf83d	coe_bop	edition:coe:allianceforcoffeeexcellence_org_el_salvador_2012:2012	https://allianceforcoffeeexcellence.org/el-salvador-2012/	https://allianceforcoffeeexcellence.org/el-salvador-2012/	200		91ef882efa72a6f1fc0271d7fbe0aec390375e35030658e76fe04aa5d4126a03	326686	HASHED_ATTEMPT
artifact-3eda34480e063136105095d86a7fa856	coe_bop	edition:coe:allianceforcoffeeexcellence_org_brazil_pulped_naturals_2003:2003	https://cupofexcellence.org/brazil-pulped-naturals-2003/	https://cupofexcellence.org/brazil-pulped-naturals-2003/	200		a4e57012503bda7a5fe771c60570f49909ecd445d8fab238906c70f074ea40e9	216282	HASHED_ATTEMPT
artifact-3f33c821dd5bee9055bd104d2ef467ba	coe_bop	source:coe_farm_directory	https://farmdirectory.cupofexcellence.org/listings/?pg=65	https://farmdirectory.cupofexcellence.org/listings/?pg=65	200		b45a5fdc0359c508cf325d3882d3d527235218bf3e4cd3105d5c4185a129cb57	129065	HASHED_ATTEMPT
artifact-3f3bedf37638f95ce824dddcc693ebfe	coe_bop	edition:coe:allianceforcoffeeexcellence_org_brazil_naturals_2014:2014	https://cupofexcellence.org/brazil-naturals-2014/	https://cupofexcellence.org/brazil-naturals-2014/	200		b583ae0e42fbd4e2cf4d8728fe0ea6f772bab3a00a459430ffcfd3af6822e0ce	199791	HASHED_ATTEMPT
artifact-40385660e03d6764f7b8c44e285f326b	coe_bop	edition:coe:allianceforcoffeeexcellence_org_mexico_2021:2021	https://allianceforcoffeeexcellence.org/mexico-2021/	https://allianceforcoffeeexcellence.org/mexico-2021/	200		01465bcbc35993b186c25a99c38d22dfa32de5cfac1b05c70246d65d89f93caf	458169	HASHED_ATTEMPT
artifact-403eba93a701a3086dc0bed2541490d3	coe_bop	edition:coe:allianceforcoffeeexcellence_org_mexico_2015:2015	https://allianceforcoffeeexcellence.org/mexico-2015/	https://allianceforcoffeeexcellence.org/mexico-2015/	200		51b13c07f534b3f488d9de2e3d88812e295b4127b925d9318911e12558bf6e4e	269567	HASHED_ATTEMPT
artifact-406da678610d905faa23846b9dc74fb1	coe_bop	source:coe_process	https://cupofexcellence.org/cup-of-excellence/	https://cupofexcellence.org/cup-of-excellence/	200		b9f106c632fd7a231285a3042f10873c40ea9785567631465118363bf2f77ab3	157681	HASHED_ATTEMPT
artifact-4075540e9e3e09a71782716a21af39dd	coe_bop	source:coe_farm_directory	https://farmdirectory.cupofexcellence.org/listings/?pg=86	https://farmdirectory.cupofexcellence.org/listings/?pg=86	200		4d60dd1050cffa72f8986269bb1a39eccbc6be560619f9a7c0d5abff0aa11c8a	130996	HASHED_ATTEMPT
artifact-4087f5de200ae4315fd55b3e6e9708ed	coe_bop	edition:coe:allianceforcoffeeexcellence_org_colombia_south_2010:2010_south	https://allianceforcoffeeexcellence.org/colombia-south-2010/	https://allianceforcoffeeexcellence.org/colombia-south-2010/	200		ff8da7f8dd4a31591b0205b4cca5b3448a8a7c82684e7a0316727c227afd02ae	318765	HASHED_ATTEMPT
artifact-412c9e2c9dd95e69f0ab74caeb58ef88	coe_bop	source:coe_farm_directory	https://farmdirectory.cupofexcellence.org/listings/?pg=3	https://farmdirectory.cupofexcellence.org/listings/?pg=3	200		f25a7860e69a30de530cd46e9618a5414e5fefdd5a67a3c1d521e931b319666b	128636	HASHED_ATTEMPT
artifact-41370f1343e4dbe33d4c08f25a52a287	coe_bop	edition:coe:allianceforcoffeeexcellence_org_nicaragua_2018:2018	https://allianceforcoffeeexcellence.org/nicaragua-2018/	https://allianceforcoffeeexcellence.org/nicaragua-2018/	200		a423394a4f3af8527713f834466be357928f860eb32626ac5df49f333e44caf6	424430	HASHED_ATTEMPT
artifact-417c4a67c28a0812446ac3293dca301e	coe_bop	edition:coe:allianceforcoffeeexcellence_org_el_salvador_2005:2005	https://cupofexcellence.org/el-salvador-2005/	https://cupofexcellence.org/el-salvador-2005/	200		659079b2a136eb05e43caa65a13f052a9fb26be48a2268bcba3d7a7653d6d475	176570	HASHED_ATTEMPT
artifact-4195e2703f213313c7f4f9cdb45c4170	coe_bop	source:coe_farm_directory	https://farmdirectory.cupofexcellence.org/listings/?pg=70	https://farmdirectory.cupofexcellence.org/listings/?pg=70	200		f26079dee591e0ed8945d23db2d2c85d182df153f0fa81969c66406a329cc0b3	129560	HASHED_ATTEMPT
artifact-41d6f4572fb1d49bf0966619733b9e68	coe_bop	source:coe_farm_directory	https://farmdirectory.cupofexcellence.org/listings/?pg=76	https://farmdirectory.cupofexcellence.org/listings/?pg=76	200		f573ed936b9598438323d279946aa3c78273d55c1c67427a569f4ed20e6ef2d4	130828	HASHED_ATTEMPT
artifact-432bd61d587d36d5564a2b8cf50ef6b2	coe_bop	edition:coe:allianceforcoffeeexcellence_org_colombia_south_2012:2012_south	https://cupofexcellence.org/colombia-south-2012/	https://cupofexcellence.org/colombia-south-2012/	200		7fb6c5a144a8c2cbbdbda511561189541ce546d3fdbebdb45af4612a28759169	190582	HASHED_ATTEMPT
artifact-43e1b536859e98172ad5c95bfd75e85c	coe_bop	edition:coe:allianceforcoffeeexcellence_org_guatemala_2001:2001	https://allianceforcoffeeexcellence.org/guatemala-2001/	https://allianceforcoffeeexcellence.org/guatemala-2001/	200		8d24f4fd5663a59d2063d6590499df63430c0843cba4016242dc577987039852	316679	HASHED_ATTEMPT
artifact-44bfc7481435eba81467aeb410450cd2	coe_bop	source:bop_results_archive	https://bestofpanama.org/resultados	https://bestofpanama.org/resultados	200		0309f778b83e217f41466c9067170f30da12bfc1c4270a56298e5c5bbfc297d3	98897	HASHED_ATTEMPT
artifact-44ef103ce4a2d74e4a079e3e24c31de1	coe_bop	edition:coe:allianceforcoffeeexcellence_org_colombia_north_2011:2011_north	https://allianceforcoffeeexcellence.org/colombia-north-2011/	https://allianceforcoffeeexcellence.org/colombia-north-2011/	200		c4a7efaa7b1127494f89c8006d49f4939d14af234a2ffb02ba73d5712315114f	319815	HASHED_ATTEMPT
artifact-452e12ac5661a1972658d27cf7548bf3	coe_bop	source:coe_farm_directory	https://farmdirectory.cupofexcellence.org/listings/?pg=73	https://farmdirectory.cupofexcellence.org/listings/?pg=73	200		17b5bcd656372948aa54407d2255b90197cf1a0720ecf7a9c04bdb1540f2d96a	130392	HASHED_ATTEMPT
artifact-461e844e84980d1a31723f09d643b066	coe_bop	edition:coe:allianceforcoffeeexcellence_org_nicaragua_2010:2010	https://cupofexcellence.org/nicaragua-2010/	https://cupofexcellence.org/nicaragua-2010/	200		6fa866048905a0fec0988ed3b5274f4ddbc58d2ae4c2048f446bdf275511066f	187579	HASHED_ATTEMPT
artifact-46b72352923dbcfc6d17b2e0de5484ce	coe_bop	edition:coe:allianceforcoffeeexcellence_org_colombia_north_2005:2005_north	https://cupofexcellence.org/colombia-north-2005/	https://cupofexcellence.org/colombia-north-2005/	200		662423d5eaaa46396811d56026cec7f4032dbe8b6a9037e634d4fe861e092228	184821	HASHED_ATTEMPT
artifact-46fd377bdfe75e63b97345592478c6a0	coe_bop	edition:coe:allianceforcoffeeexcellence_org_honduras_2022:2022	https://allianceforcoffeeexcellence.org/honduras-2022/	https://allianceforcoffeeexcellence.org/honduras-2022/	200		735a71909736f0171315da7446e422dca74adf0982e4c55a79cec5f2876550c6	415650	HASHED_ATTEMPT
artifact-47488a0ff1acd9f17b21e8b0388d2fc4	coe_bop	edition:coe:allianceforcoffeeexcellence_org_brazil_naturals_2015_january:2015_january	https://allianceforcoffeeexcellence.org/brazil-naturals-2015-january/	https://allianceforcoffeeexcellence.org/brazil-naturals-2015-january/	200		d38e62cf036548d1617e8220897c8be946077c6af714bd71da855a9438bc2cd6	335530	HASHED_ATTEMPT
artifact-47cb06611142a43c6ce79fbef2dcc24b	coe_bop	source:coe_farm_directory	https://farmdirectory.cupofexcellence.org/listings/?pg=50	https://farmdirectory.cupofexcellence.org/listings/?pg=50	200		a7a58fee53165fe96a69160b51f02bebce67e101875717e38c77202970c30eb2	128796	HASHED_ATTEMPT
artifact-48181bca27947527a0e182e547a69848	coe_bop	edition:coe:allianceforcoffeeexcellence_org_costa_rica_2015:2015	https://cupofexcellence.org/costa-rica-2015/	https://cupofexcellence.org/costa-rica-2015/	200		777c4b4910922516319ee255145ab671f1a52671861aa67c6eba47c43523235c	165254	HASHED_ATTEMPT
artifact-484e7606c20755bbcf973def5295b7fb	coe_bop	edition:coe:allianceforcoffeeexcellence_org_el_salvador_2018:2018	https://allianceforcoffeeexcellence.org/el-salvador-2018/	https://allianceforcoffeeexcellence.org/el-salvador-2018/	200		b07ff3ac9fdf23a9b1975a1da557a2e125014c2e1442b8e26c1dc198cb9aef88	454369	HASHED_ATTEMPT
artifact-48ac6a4383a0b7f6f0a6b6284fac6cdf	coe_bop	edition:coe:allianceforcoffeeexcellence_org_thailand_2023:2023	https://allianceforcoffeeexcellence.org/thailand-2023/	https://allianceforcoffeeexcellence.org/thailand-2023/	200		10ba15bba1379e3bae52c5642e913c8ad6e1c2033686b3ed0ee0c75998f508ae	407714	HASHED_ATTEMPT
artifact-48c18573f8a30c24c87d926438779782	coe_bop	edition:coe:allianceforcoffeeexcellence_org_brazil_2020:2020	https://allianceforcoffeeexcellence.org/brazil-2020/	https://allianceforcoffeeexcellence.org/brazil-2020/	200		ec294fd283d5fe826036a6b59cfdbdb287cce281e028a0ba1dd0e9ca4b804d62	362727	HASHED_ATTEMPT
artifact-4913a3ca2642be3f602ff8223027b539	coe_bop	source:coe_farm_directory	https://farmdirectory.cupofexcellence.org/listings/?pg=72	https://farmdirectory.cupofexcellence.org/listings/?pg=72	200		8540ebabe4225f67704f3060afb59847f6394f2fcfe8b1628d5bc891fa05de47	130763	HASHED_ATTEMPT
artifact-4919db97aac4e4d0d37bb77d6d9d2057	coe_bop	edition:coe:allianceforcoffeeexcellence_org_nicaragua_2012:2012	https://cupofexcellence.org/nicaragua-2012/	https://cupofexcellence.org/nicaragua-2012/	200		899e7310b59cd9b4ed1e5078db29470828bdd302418701de3d902b2219cc6c90	186160	HASHED_ATTEMPT
artifact-4943da431a52bbbbad6eac5155df231b	coe_bop	edition:coe:allianceforcoffeeexcellence_org_brazil_pulped_naturals_2015:2015	https://cupofexcellence.org/brazil-pulped-naturals-2015/	https://cupofexcellence.org/brazil-pulped-naturals-2015/	200		13710fad0805b3ab15dd3a7421974d6b1986175631335189cfe4a1aab328f1cf	197195	HASHED_ATTEMPT
artifact-4a3aa3beb66004899b967bbfa9d5a6f9	coe_bop	edition:coe:allianceforcoffeeexcellence_org_colombia_south_2008:2008_south	https://allianceforcoffeeexcellence.org/colombia-south-2008/	https://allianceforcoffeeexcellence.org/colombia-south-2008/	200		1d3e15866a52110466d6b2e655e8f704014ba2455c3f7897d9e8542301d08f4b	315293	HASHED_ATTEMPT
artifact-4b517973d5dd006b8bbb73de896fbb76	coe_bop	edition:coe:allianceforcoffeeexcellence_org_nicaragua_2026:2026	https://allianceforcoffeeexcellence.org/nicaragua-2026/	https://allianceforcoffeeexcellence.org/nicaragua-2026/	200		1e5f80060a338f3704040f346cc34e0aecfa9c2fc0822c56819a640a4f4ffd0d	378220	HASHED_ATTEMPT
artifact-4b99ba8fe531cebe0c1e73d85ac55af7	coe_bop	edition:coe:allianceforcoffeeexcellence_org_guatemala_2015:2015	https://cupofexcellence.org/guatemala-2015/	https://cupofexcellence.org/guatemala-2015/	200		4dbf348605200e20d7092956f59a1dcfd838e71c2ab19688f73f2053925c1eac	152251	HASHED_ATTEMPT
artifact-4c09bb4569f52908e3cc71be44451dc5	coe_bop	source:coe_farm_directory	https://farmdirectory.cupofexcellence.org/listings/?pg=5	https://farmdirectory.cupofexcellence.org/listings/?pg=5	200		f3a5178b7ff0e8bef399d5dcda06c3dae5935541769a0e659d380095a5120cd7	128882	HASHED_ATTEMPT
artifact-4c164af44add48ce2b5200f8f37a7f78	coe_bop	edition:coe:allianceforcoffeeexcellence_org_costa_rica_2022:2022	https://allianceforcoffeeexcellence.org/costa-rica-2022/	https://allianceforcoffeeexcellence.org/costa-rica-2022/	200		2af4adb3ba538c9f43b9dee29e1f07b0802c42d326ae277f237b1a2a596ee6f1	441066	HASHED_ATTEMPT
artifact-4ce374ecb4162aaa907fd8b7dc2ea709	coe_bop	edition:coe:allianceforcoffeeexcellence_org_guatemala_2013:2013	https://allianceforcoffeeexcellence.org/guatemala-2013/	https://allianceforcoffeeexcellence.org/guatemala-2013/	200		8a99692e6871551cb37ca9dcaf43a2783637088653ae386c83189489a3795381	321577	HASHED_ATTEMPT
artifact-4d60dfe700fc9682f742077161648e0b	coe_bop	edition:coe:allianceforcoffeeexcellence_org_honduras_2010:2010	https://cupofexcellence.org/honduras-2010/	https://cupofexcellence.org/honduras-2010/	200		09a5e3c7890af7d96113cc6e489f934d78369f0355e691bbdf28c986c0835e5c	185151	HASHED_ATTEMPT
artifact-4dd05562c666463207b6e0afb155ef37	coe_bop	edition:coe:allianceforcoffeeexcellence_org_el_salvador_2015:2015	https://cupofexcellence.org/el-salvador-2015/	https://cupofexcellence.org/el-salvador-2015/	200		b0896de22e2d04ccfeee951b16a3a38ab6c993f3704a254b204feeba352e9cc7	155943	HASHED_ATTEMPT
artifact-4ee2ff79cc9361fe891597249ac2b019	coe_bop	edition:coe:allianceforcoffeeexcellence_org_indonesia_2022:2022	https://allianceforcoffeeexcellence.org/indonesia-2022/	https://allianceforcoffeeexcellence.org/indonesia-2022/	200		e9f73bdcd3d71a036ef43ef5e03b1a6e3b2b1db5c00f64ca22c1ac0b985de06c	406183	HASHED_ATTEMPT
artifact-4f175f733810e1d982446d99ec08a1c8	coe_bop	edition:coe:allianceforcoffeeexcellence_org_guatemala_2016:2016	https://cupofexcellence.org/guatemala-2016/	https://cupofexcellence.org/guatemala-2016/	200		0b2cdd3633d26df7edb14331a719d1a1c9d97467f21f09070d0cc64c61bb0e4f	155111	HASHED_ATTEMPT
artifact-4f44f804f26f702e33d56be534f34980	coe_bop	edition:coe:allianceforcoffeeexcellence_org_nicaragua_2012:2012	https://allianceforcoffeeexcellence.org/nicaragua-2012/	https://allianceforcoffeeexcellence.org/nicaragua-2012/	200		d4d7efc6732faacece5ea6c4ffaa2cf1a4ac12c9119cb590aa291916a95a6a63	323751	HASHED_ATTEMPT
artifact-4f69ebc4eb6bcb25a0221fd170b987a9	coe_bop	edition:coe:allianceforcoffeeexcellence_org_nicaragua_2009:2009	https://allianceforcoffeeexcellence.org/nicaragua-2009/	https://allianceforcoffeeexcellence.org/nicaragua-2009/	200		0e1f82579e164e100fe9bea0ce058c89a17f0ecdf2f795cca2cb90b8f64641ba	324423	HASHED_ATTEMPT
artifact-4f787b9529397105e36f4ea4ee9b4b19	coe_bop	edition:coe:allianceforcoffeeexcellence_org_brazil_pulped_naturals_2000:2000	https://allianceforcoffeeexcellence.org/brazil-pulped-naturals-2000/	https://allianceforcoffeeexcellence.org/brazil-pulped-naturals-2000/	200		0c1ec350b598bcb07fc2b11017bfe7186c962f5c277a82739fa3a465533fe90e	314074	HASHED_ATTEMPT
artifact-4fd2c4508eea390a5d5f83d1b1a6db47	coe_bop	edition:coe:allianceforcoffeeexcellence_org_peru_2022:2022	https://allianceforcoffeeexcellence.org/peru-2022/	https://allianceforcoffeeexcellence.org/peru-2022/	200		e28f3440dd50c692e3fdb47d68e4060f19cf849ee7457f9887d0299e5809ea11	451980	HASHED_ATTEMPT
artifact-502667b067c923c27576fa757f2f58b9	coe_bop	edition:coe:allianceforcoffeeexcellence_org_brazil_pulped_naturals_2009:2009	https://cupofexcellence.org/brazil-pulped-naturals-2009/	https://cupofexcellence.org/brazil-pulped-naturals-2009/	200		ebb0682b6b55ab8b9ea9ab47e16e58c1938a53388f0b6dcb07dde4341b696cae	194967	HASHED_ATTEMPT
artifact-50cd2eb5872af2dafc5627c589c1fdba	coe_bop	edition:coe:allianceforcoffeeexcellence_org_burundi_2017:2017	https://cupofexcellence.org/burundi-2017/	https://cupofexcellence.org/burundi-2017/	200		b7b2637c6896e3c5f43fba33df4ea42fa47c1abdbe0f9345474576bbd7bf79a8	189686	HASHED_ATTEMPT
artifact-50f07d302cf8a3c1230997fdafcce44d	coe_bop	edition:coe:allianceforcoffeeexcellence_org_ethiopia_2020:2020	https://allianceforcoffeeexcellence.org/ethiopia-2020/	https://allianceforcoffeeexcellence.org/ethiopia-2020/	200		23fd52aafedd1a3919dc7216cb39d51013c4e246ba1a029b437eb9be1bd8ba96	367689	HASHED_ATTEMPT
artifact-50f54260dccfb1c4f13c7835a8dd5e83	coe_bop	source:coe_farm_directory	https://farmdirectory.cupofexcellence.org/listings/?pg=88	https://farmdirectory.cupofexcellence.org/listings/?pg=88	200		5d3513bd271ef4d35c7513b4dc4bbcac08d344de0d9e58050aea26a0d3017a13	130298	HASHED_ATTEMPT
artifact-511b01917435a62fd44dc29407c689ae	coe_bop	edition:coe:allianceforcoffeeexcellence_org_colombia_2020:2020	https://cupofexcellence.org/colombia-2020/	https://cupofexcellence.org/colombia-2020/	200		b9a78965ea9581bfd76986699a01fb0e0c0f20d5680f0267ceea359673e49cdc	206471	HASHED_ATTEMPT
artifact-51605e371a4a10f8acc8d997f676e776	coe_bop	source:coe_farm_directory	https://farmdirectory.cupofexcellence.org/listings/?pg=43	https://farmdirectory.cupofexcellence.org/listings/?pg=43	200		aeb6194084d64371b22cf0367c3d4c8f1851c2178b125872da89f1979cd9710d	128525	HASHED_ATTEMPT
artifact-51650f3caec243ec0da449b49fd8beed	coe_bop	edition:coe:allianceforcoffeeexcellence_org_costa_rica_2007:2007	https://cupofexcellence.org/costa-rica-2007/	https://cupofexcellence.org/costa-rica-2007/	200		d73978fbe0a76a1375eb272b32b64b75bf79c773e9636012340df86eb944cbdd	185150	HASHED_ATTEMPT
artifact-524fb43d6e0788e0452be26940aff263	coe_bop	edition:coe:allianceforcoffeeexcellence_org_rwanda_2008:2008	https://allianceforcoffeeexcellence.org/rwanda-2008/	https://allianceforcoffeeexcellence.org/rwanda-2008/	200		92853bafa4c779d886cf6d291c86c26944ecd8b2695e726d25f4d4be73e62ac6	322397	HASHED_ATTEMPT
artifact-529c1097181b1b1053fa62fb7d17d3f5	coe_bop	edition:coe:allianceforcoffeeexcellence_org_guatemala_2008:2008	https://allianceforcoffeeexcellence.org/guatemala-2008/	https://allianceforcoffeeexcellence.org/guatemala-2008/	200		c921c4d6d09800a525cda41ba2f3393ccb50276eb33840c26cb6f8db7ec02f36	321970	HASHED_ATTEMPT
artifact-52cbf62b93ea5b50f78f3c9424fcbd8c	coe_bop	edition:coe:allianceforcoffeeexcellence_org_honduras_2015:2015	https://cupofexcellence.org/honduras-2015/	https://cupofexcellence.org/honduras-2015/	200		e9f52fdcd42ab2615b565bc6d2615097f69972a6c8af9334794e6c16aee0961d	166025	HASHED_ATTEMPT
artifact-52dab947d937564dc9424e34183eaf37	coe_bop	edition:coe:allianceforcoffeeexcellence_org_guatemala_2017:2017	https://allianceforcoffeeexcellence.org/guatemala-2017/	https://allianceforcoffeeexcellence.org/guatemala-2017/	200		aacad0d9c9d33601639da3c3d121daae393098cf23c745911ccecd42ac48a0db	334146	HASHED_ATTEMPT
artifact-531ef194fc1a68ab63d9c259f0c7c436	coe_bop	edition:coe:allianceforcoffeeexcellence_org_honduras_2021:2021	https://cupofexcellence.org/honduras-2021/	https://cupofexcellence.org/honduras-2021/	200		5fa503f94a3473d7c4b694e937f099f896008dfd8b8fa09aa534107f53ad2c7f	221693	HASHED_ATTEMPT
artifact-5337ee434af87aa46d82931e3a6323a6	coe_bop	edition:coe:allianceforcoffeeexcellence_org_brazil_naturals_2013:2013	https://cupofexcellence.org/brazil-naturals-2013/	https://cupofexcellence.org/brazil-naturals-2013/	200		221286a4c059bdf9c8b06afe2f75f5790f48ca2e5342e5d10ca36d053996e026	189195	HASHED_ATTEMPT
artifact-533d648c9a293fbdd034076c81e24a61	coe_bop	edition:coe:allianceforcoffeeexcellence_org_thailand_2024:2024	https://allianceforcoffeeexcellence.org/thailand-2024/	https://allianceforcoffeeexcellence.org/thailand-2024/	200		1d0bf3e5a2b0e25a26ace57cc4afc7f364aac9479345ec744904d74cfb98afc4	360537	HASHED_ATTEMPT
artifact-534f09ff394bfe499bcb69ff043dbe42	coe_bop	edition:coe:allianceforcoffeeexcellence_org_costa_rica_2008:2008	https://allianceforcoffeeexcellence.org/costa-rica-2008/	https://allianceforcoffeeexcellence.org/costa-rica-2008/	200		6830edd92456aafe5d3d0294d20c63685d0e0fffedc6ff0d445e7864b97e6e74	327586	HASHED_ATTEMPT
artifact-54b81d50be189dfd00bfb813b13a1d4b	coe_bop	edition:coe:allianceforcoffeeexcellence_org_peru_2018:2018	https://allianceforcoffeeexcellence.org/peru-2018/	https://allianceforcoffeeexcellence.org/peru-2018/	200		d0f9a67053818ea68bc90d66c809aa182d4b12006ab0c527249a56466f45194d	452438	HASHED_ATTEMPT
artifact-55446bc08ab0e600eda10034ad5e40f8	coe_bop	source:coe_farm_directory	https://farmdirectory.cupofexcellence.org/listings/?pg=91	https://farmdirectory.cupofexcellence.org/listings/?pg=91	200		574bdffd83e9a216b557d52405037063b68386821456562ed7ee7bbc44650c29	128667	HASHED_ATTEMPT
artifact-555e01415e531763d6bb405083566e77	coe_bop	edition:coe:allianceforcoffeeexcellence_org_mexico_2021:2021	https://cupofexcellence.org/mexico-2021/	https://cupofexcellence.org/mexico-2021/	200		25af8614504315428923c99060ad39f6a4a9973246d9bff39beb5e1cd31016ec	229311	HASHED_ATTEMPT
artifact-5660ee25b6c4aae92a0ab34d9e8c39d6	coe_bop	edition:coe:allianceforcoffeeexcellence_org_el_salvador_2004:2004	https://cupofexcellence.org/el-salvador-2004/	https://cupofexcellence.org/el-salvador-2004/	200		39646b236cccbed2f72ad8cfc82953e4468ed3acef143d4ad8cac99d3112c79b	195283	HASHED_ATTEMPT
artifact-5693d382e0b818a47adae81b04d3a249	coe_bop	edition:coe:allianceforcoffeeexcellence_org_colombia_north_2019:2019_north	https://cupofexcellence.org/colombia-north-2019/	https://cupofexcellence.org/colombia-north-2019/	200		4e9d2329960481eac0b5feba2b4e02aaf9a75746c70d359277aac5adc08fdf8b	280172	HASHED_ATTEMPT
artifact-576b1d1d6337bfea9292782c649c792f	coe_bop	edition:coe:allianceforcoffeeexcellence_org_brazil_2021:2021	https://allianceforcoffeeexcellence.org/brazil-2021/	https://allianceforcoffeeexcellence.org/brazil-2021/	200		e027a595bd1fd6011ed9ce195c13c31e5f2e291523923e501a7215ccc47f06f7	442826	HASHED_ATTEMPT
artifact-57ec4d8e3b136333460fe602cca2cafd	coe_bop	source:coe_farm_directory	https://farmdirectory.cupofexcellence.org/listings/?pg=84	https://farmdirectory.cupofexcellence.org/listings/?pg=84	200		b36cee0523382dfa7cdafa0398c347f511b77b35eeef7e7afdbd7b29b896f620	130659	HASHED_ATTEMPT
artifact-58d48a8f9e533ae01d7af1918e5acad3	coe_bop	edition:coe:allianceforcoffeeexcellence_org_rwanda_2018:2018	https://cupofexcellence.org/rwanda-2018/	https://cupofexcellence.org/rwanda-2018/	200		b1860cb941e2d8d6993cc91c3b954e45828a4df8333d0958cd765e4412749894	207991	HASHED_ATTEMPT
artifact-596f9dd0fcaeff23048d968487aa8454	coe_bop	edition:coe:allianceforcoffeeexcellence_org_ecuador_2023:2023	https://allianceforcoffeeexcellence.org/ecuador-2023/	https://allianceforcoffeeexcellence.org/ecuador-2023/	200		4c2b5b24e8d92f9d76d55694a25e15eae54683590e88e04a387f65725d769172	343546	HASHED_ATTEMPT
artifact-5a3492d08ed75297822bc96270b50930	coe_bop	edition:coe:allianceforcoffeeexcellence_org_rwanda_2015:2015	https://cupofexcellence.org/rwanda-2015/	https://cupofexcellence.org/rwanda-2015/	200		0e5508b3ec26000b411a968cdcefc199df0aa438aa0e869b0e4654e1830976fa	155085	HASHED_ATTEMPT
artifact-5a50d61a54e1561b825ca7bcbd9a9d69	coe_bop	edition:coe_taiwan_2026	https://cupofexcellence.org/	https://cupofexcellence.org/	200		13a218edbde0d9d0c793398165c38b1961b52f077b4279654da3897893fa497a	6995404	HASHED_ATTEMPT
artifact-5a58b5abd30e8ace3e4ed12161a1c87c	coe_bop	edition:coe:allianceforcoffeeexcellence_org_el_salvador_2021:2021	https://allianceforcoffeeexcellence.org/el-salvador-2021/	https://allianceforcoffeeexcellence.org/el-salvador-2021/	200		15a905d9a3bacc10bd3110b59616f1a7e0bc6b4f7d3e2bbece83233ddf77d0be	450900	HASHED_ATTEMPT
artifact-5b10f1a44d4832fc464b9ef9dc8b8290	coe_bop	edition:coe:allianceforcoffeeexcellence_org_mexico_2026:2026	https://allianceforcoffeeexcellence.org/mexico-2026/	https://allianceforcoffeeexcellence.org/mexico-2026/	200		b4b7d87a0bbef4f8aa981d4d2fa4be519fbda7858007189055d992881cf837df	436203	HASHED_ATTEMPT
artifact-5b232eacde13cb6bf2f07c8631edd7ed	coe_bop	edition:coe:allianceforcoffeeexcellence_org_brazil_pulped_naturals_2009:2009	https://allianceforcoffeeexcellence.org/brazil-pulped-naturals-2009/	https://allianceforcoffeeexcellence.org/brazil-pulped-naturals-2009/	200		cf566239bcb7ca238255856624a3fbacdece2f04aeb5427575a0804507ff2ed0	325061	HASHED_ATTEMPT
artifact-5ba905a17cf7f977657dbf3bbc88a4eb	coe_bop	edition:coe:allianceforcoffeeexcellence_org_rwanda_2012:2012	https://allianceforcoffeeexcellence.org/rwanda-2012/	https://allianceforcoffeeexcellence.org/rwanda-2012/	200		90d178bd3a432e73da612ca1024a20319a293a49a1d1a76cdb2b9d959b599274	325778	HASHED_ATTEMPT
artifact-5c3659b80e49d017925dd5c89c00e7c3	coe_bop	source:coe_farm_directory	https://farmdirectory.cupofexcellence.org/listings/?pg=15	https://farmdirectory.cupofexcellence.org/listings/?pg=15	200		d2ef6749860c4a81069befe08f644c98adbb1448e6b1f469a0c9f70c82202026	128696	HASHED_ATTEMPT
artifact-5c54e2a4b5568400b6156a231b2e5d80	coe_bop	edition:coe:allianceforcoffeeexcellence_org_colombia_north_2013:2013_north	https://cupofexcellence.org/colombia-north-2013/	https://cupofexcellence.org/colombia-north-2013/	200		03475c0970b41372d8fe9dc1467f0cc705a58f99d495182876b6396ee7ddfee8	179651	HASHED_ATTEMPT
artifact-5c639caaa307283c7c4bec33c867e575	coe_bop	edition:coe:allianceforcoffeeexcellence_org_brazil_pulped_naturals_2001:2001	https://allianceforcoffeeexcellence.org/brazil-pulped-naturals-2001/	https://allianceforcoffeeexcellence.org/brazil-pulped-naturals-2001/	200		12f7246bcba867a32d2d644ffafa6e369ccb3f8ab87221a16a7f373cb4352377	314234	HASHED_ATTEMPT
artifact-5dc40d7ce6242ff70eb0a566c250bcdd	coe_bop	edition:coe:allianceforcoffeeexcellence_org_mexico_2013:2013	https://cupofexcellence.org/mexico-2013/	https://cupofexcellence.org/mexico-2013/	200		68a57dbb274c13ab34bbc765efea95c995afca0b6541f3dc6bff08d948024912	175584	HASHED_ATTEMPT
artifact-5e196270ea38382d61754822c2e3430f	coe_bop	edition:coe:allianceforcoffeeexcellence_org_mexico_2025:2025	https://allianceforcoffeeexcellence.org/mexico-2025/	https://allianceforcoffeeexcellence.org/mexico-2025/	200		c126c29e2291c3eee8258d82e1d0a63cb5a285ee1e513aec070cb35254a06820	394285	HASHED_ATTEMPT
artifact-5eec2bbd74a88b430f1b7f10041952f3	coe_bop	source:coe_farm_directory	https://farmdirectory.cupofexcellence.org/listings/?pg=11	https://farmdirectory.cupofexcellence.org/listings/?pg=11	200		d5c740be4e03f9f3a184ccaf81630ff4999f153d522b6b303bd5dba37e39700b	129070	HASHED_ATTEMPT
artifact-5fcc78e51ca3ad18739678c346115493	coe_bop	source:coe_farm_directory	https://farmdirectory.cupofexcellence.org/listings/?pg=58	https://farmdirectory.cupofexcellence.org/listings/?pg=58	200		650c88a5bd6157cbe29dfc55f23a52577cbf9e0c25f9b9011f2fbc98e2d56924	129559	HASHED_ATTEMPT
artifact-6123552a7c84cee95bc606da4aeef577	coe_bop	edition:coe:allianceforcoffeeexcellence_org_costa_rica_2009:2009	https://allianceforcoffeeexcellence.org/costa-rica-2009/	https://allianceforcoffeeexcellence.org/costa-rica-2009/	200		0dabea7971b48928f168760b8d06fc02cae0ce95ff3b9652a731cf0fdabede08	321615	HASHED_ATTEMPT
artifact-616eaf9c47de4b2c5bc45503bc9647ce	coe_bop	edition:coe:allianceforcoffeeexcellence_org_nicaragua_2021:2021	https://allianceforcoffeeexcellence.org/nicaragua-2021/	https://allianceforcoffeeexcellence.org/nicaragua-2021/	200		48046c27d1851dda76ae4a1d0cd53e79152112cd713c7fdc2c4048404b8ec24d	434527	HASHED_ATTEMPT
artifact-6182c567f20b523d219127efc6d702e0	coe_bop	edition:coe:allianceforcoffeeexcellence_org_brazil_2019:2019	https://cupofexcellence.org/brazil-2019/	https://cupofexcellence.org/brazil-2019/	200		f5b9b02bf931e4553e1cc792f6ab6b77384e85ab2b80495cf21cf350e83f20b8	237709	HASHED_ATTEMPT
artifact-61b200fc5c468a806cd7d6c7e90e01e5	coe_bop	edition:coe:allianceforcoffeeexcellence_org_brazil_pulped_naturals_2011:2011	https://allianceforcoffeeexcellence.org/brazil-pulped-naturals-2011/	https://allianceforcoffeeexcellence.org/brazil-pulped-naturals-2011/	200		6723b88acb9bdd25186825b6a488996b07db5bc38db14334f93c0b52b1b1f91f	329913	HASHED_ATTEMPT
artifact-61cc1c6d4464bb97e7cb62dcb079bd19	coe_bop	edition:coe:allianceforcoffeeexcellence_org_colombia_south_2005:2005_south	https://allianceforcoffeeexcellence.org/colombia-south-2005/	https://allianceforcoffeeexcellence.org/colombia-south-2005/	200		830ca67f899a2debaf809a9d013cbac3b99056abe98f04493ef9ad3aae41c294	331334	HASHED_ATTEMPT
artifact-6218836318a477fdfbb000ad959a5126	coe_bop	edition:coe:allianceforcoffeeexcellence_org_brazil_pulped_naturals_2018:2018	https://allianceforcoffeeexcellence.org/brazil-pulped-naturals-2018/	https://allianceforcoffeeexcellence.org/brazil-pulped-naturals-2018/	200		5e15790b23b9e025877add6ad7413060fcbc8ecf5c7373799786f2891e9a6bcf	464260	HASHED_ATTEMPT
artifact-621c57dc972dab1c465885bf5c1ec2e4	coe_bop	source:coe_farm_directory	https://farmdirectory.cupofexcellence.org/robots.txt	https://farmdirectory.cupofexcellence.org/robots.txt	200		e1f21c9aa28d50ca112ed357f34b67c550597effd4d42fd55b4e27300dd8f9c1	24	HASHED_ATTEMPT
artifact-62be3de586d4f808b5ce54d064e7f915	coe_bop	edition:coe:allianceforcoffeeexcellence_org_thailand_2025:2025	https://allianceforcoffeeexcellence.org/thailand-2025/	https://allianceforcoffeeexcellence.org/thailand-2025/	200		6217783fc4a6a56c5fe70f6f4bbeab8f7e82d222e685a3b8cc6026a5aeb1374c	389207	HASHED_ATTEMPT
artifact-62ccb9dcf694c1ae2b6b81f74b1a0f12	coe_bop	source:bop_results_archive	https://bestofpanama.auction/auction-2021	https://bestofpanama.auction/auction-2021	200		2ced9790f4b9e8a900dbe28fbbb19128efd5caf7a603053effcf15afcaab992c	464397	HASHED_ATTEMPT
artifact-63626d7281deb46e9262d0073c6cdc95	coe_bop	edition:coe:allianceforcoffeeexcellence_org_brazil_pulped_naturals_2017:2017	https://cupofexcellence.org/brazil-pulped-naturals-2017/	https://cupofexcellence.org/brazil-pulped-naturals-2017/	200		7dd3e9fd150d51df080c7ceca7f989877f68a7aedad4b766ea6e78eaefffb7c9	207788	HASHED_ATTEMPT
artifact-63a38d27871f2174b8bdd5b27b941a16	coe_bop	edition:coe:allianceforcoffeeexcellence_org_nicaragua_2008:2008	https://allianceforcoffeeexcellence.org/nicaragua-2008/	https://allianceforcoffeeexcellence.org/nicaragua-2008/	200		a4d4291a397c04b9dd88dab862afff0df278ecbd9ff5b9883d1a8c69551ab586	322379	HASHED_ATTEMPT
artifact-64216d469ec1e0c05a94aeb279492caf	coe_bop	edition:coe:allianceforcoffeeexcellence_org_ethiopia_2024:2024	https://allianceforcoffeeexcellence.org/ethiopia-2024/	https://allianceforcoffeeexcellence.org/ethiopia-2024/	200		016a6d065291aaf91bb4b253a7d950af9c8c284ecc965082187493e9ca2e8591	387707	HASHED_ATTEMPT
artifact-64fb7370727b5061034f66b4266a44c9	coe_bop	source:bop_results_archive	https://bestofpanama.auction/auction-2018	https://bestofpanama.auction/auction-2018	200		54c26bb06c6d487677c073ba999ce4fb900799c9f77f9e4976ee00e94d1311a9	427674	HASHED_ATTEMPT
artifact-65819e1343f8d81cde755d3f5a2db559	coe_bop	edition:coe:allianceforcoffeeexcellence_org_honduras_2008:2008	https://allianceforcoffeeexcellence.org/honduras-2008/	https://allianceforcoffeeexcellence.org/honduras-2008/	200		2c523acbb07301f455bb8f781086729cd64e50a38ba49aab1f32bb42cafab92a	323549	HASHED_ATTEMPT
artifact-65b9a7dccd9387e76cce1b3758148294	coe_bop	source:coe_farm_directory	https://farmdirectory.cupofexcellence.org/listings/?pg=42	https://farmdirectory.cupofexcellence.org/listings/?pg=42	200		b015784ecfa5b64196bb3ff7c800afa31214c28fab7651a7730cc63e1447a3a2	128608	HASHED_ATTEMPT
artifact-66205e5d7db425e24e39c08ff89f844e	coe_bop	edition:coe:allianceforcoffeeexcellence_org_el_salvador_2007:2007	https://cupofexcellence.org/el-salvador-2007/	https://cupofexcellence.org/el-salvador-2007/	200		c702bd99563b820ae24055c61ce7433aabf9849f17d0d2951e532a4018b84867	182738	HASHED_ATTEMPT
artifact-6797c173457445940a2b898dac5527b7	coe_bop	edition:coe:allianceforcoffeeexcellence_org_brazil_pulped_naturals_2005:2005	https://allianceforcoffeeexcellence.org/brazil-pulped-naturals-2005/	https://allianceforcoffeeexcellence.org/brazil-pulped-naturals-2005/	200		cd0e55d686eaac00ca9d1fa2cf546f3dd4be5c8e4af5cb123fdf3f1c64b696e6	335541	HASHED_ATTEMPT
artifact-67eb22d11c75ca05869b9838e7506af7	coe_bop	edition:coe:allianceforcoffeeexcellence_org_guatemala_2014:2014	https://allianceforcoffeeexcellence.org/guatemala-2014/	https://allianceforcoffeeexcellence.org/guatemala-2014/	200		2f3f703c8b687e888d5d0129b16be57e979b1e19cd84231b0cfb91e52ad0e798	325060	HASHED_ATTEMPT
artifact-6811aa897e86c7b6d8b68bdd17c7f4fd	coe_bop	edition:coe:allianceforcoffeeexcellence_org_costa_rica_2016:2016	https://cupofexcellence.org/costa-rica-2016/	https://cupofexcellence.org/costa-rica-2016/	200		16b63a98c8916364af7fdb9ee688ee3d6b059da4e408af813671f43713103447	156213	HASHED_ATTEMPT
artifact-69e3b23378cf040047b085a336d4377e	coe_bop	source:coe_farm_directory	https://farmdirectory.cupofexcellence.org/listings/?pg=14	https://farmdirectory.cupofexcellence.org/listings/?pg=14	200		fc7d1a6dfd085cd35c568f05efc084edb5fe9ea395264cbeeef109873e9bf28e	128806	HASHED_ATTEMPT
artifact-6b4c66df67aebfcdc07cb813340f36d3	coe_bop	edition:coe:allianceforcoffeeexcellence_org_colombia_north_2007:2007_north	https://allianceforcoffeeexcellence.org/colombia-north-2007/	https://allianceforcoffeeexcellence.org/colombia-north-2007/	200		8dd9dd3449c1ab7c86ddd85c81a0cc551586e31663f388059d88cd3cd1940658	281324	HASHED_ATTEMPT
artifact-6bcbac0aee6859c4daacfb8b7b92ad44	coe_bop	edition:coe:allianceforcoffeeexcellence_org_brazil_pulped_naturals_2018:2018	https://cupofexcellence.org/brazil-pulped-naturals-2018/	https://cupofexcellence.org/brazil-pulped-naturals-2018/	200		ce913cedc359711ade468ba4723e9a7df6ee2ecfd2e0efead4e579bd0c704688	251722	HASHED_ATTEMPT
artifact-6d5a59421d176f02c230cfb2fd0fea3c	coe_bop	source:coe_farm_directory	https://farmdirectory.cupofexcellence.org/listings/?pg=71	https://farmdirectory.cupofexcellence.org/listings/?pg=71	200		af17049de940e4432ba0829df7cb1ae8dee51b292cd4ecd36369a568e991603e	130981	HASHED_ATTEMPT
artifact-6d6f96826e287a244ff5b95c59e27ec0	coe_bop	edition:coe:allianceforcoffeeexcellence_org_guatemala_2021:2021	https://cupofexcellence.org/guatemala-2021/	https://cupofexcellence.org/guatemala-2021/	200		fae3be44ef5e12924074212ce85987bf6c2e5189dd3ef80c6121d0244485cced	230047	HASHED_ATTEMPT
artifact-6da44ff1aeafc5e8da4d00feec2d84fb	coe_bop	edition:coe:allianceforcoffeeexcellence_org_bolivia_2007:2007	https://cupofexcellence.org/bolivia-2007/	https://cupofexcellence.org/bolivia-2007/	200		413f6b1aeabe963ac1a1375dc2ed87b6e36e5cbf491191bc64c2aa24b9601f68	193957	HASHED_ATTEMPT
artifact-6dc2acfe90e964f3bf26847151b57234	coe_bop	edition:coe:allianceforcoffeeexcellence_org_guatemala_2002:2002	https://cupofexcellence.org/guatemala-2002/	https://cupofexcellence.org/guatemala-2002/	200		37ee0f5064d3775c76db152a202f2631615a2c6964433e343e545217c85d4166	190874	HASHED_ATTEMPT
artifact-6dfdd8ba7ec516283e363c7e5674edf0	coe_bop	edition:coe:allianceforcoffeeexcellence_org_mexico_2019:2019	https://cupofexcellence.org/mexico-2019/	https://cupofexcellence.org/mexico-2019/	200		e697b9c91de58db431238aa22ae72bffcebdcb0eca59aa15be1da9713e65929d	299190	HASHED_ATTEMPT
artifact-6e4eab2f9abd7086c88382bb41f934b7	coe_bop	source:coe_archive	https://cupofexcellence.org/competition-auction-results/	https://cupofexcellence.org/competition-auction-results/	200		356012cb5c9039b973deae9bb4f620e63ebb5eef2ff3f349051f621ebe82734a	153546	HASHED_ATTEMPT
artifact-6ea33fc398d6ba3c70d9c8e975770343	coe_bop	edition:coe:allianceforcoffeeexcellence_org_ethiopia_2021:2021	https://cupofexcellence.org/ethiopia-2021/	https://cupofexcellence.org/ethiopia-2021/	200		4199677daa14144c31c637c46bdcca475fcb623791e862bc3949981560abaa35	231252	HASHED_ATTEMPT
artifact-6f259a07239bd8d72655834499744e77	coe_bop	edition:coe:allianceforcoffeeexcellence_org_el_salvador_2017:2017	https://allianceforcoffeeexcellence.org/el-salvador-2017/	https://allianceforcoffeeexcellence.org/el-salvador-2017/	200		717f6dc970bd72f9ca65e9516efcb97d4678be95cc0b9f43da8b9cfba1a37c23	327673	HASHED_ATTEMPT
artifact-6f58708b127cde6e3b220e604cd09d54	coe_bop	edition:coe:allianceforcoffeeexcellence_org_burundi_2019:2019	https://cupofexcellence.org/burundi-2019/	https://cupofexcellence.org/burundi-2019/	200		745cc58dc8ddb5f92794b1d21f4cf3572678a9b0720921fb81c5287c1657b057	261712	HASHED_ATTEMPT
artifact-712b3e9f0468cdc9187141b37adeb9e2	coe_bop	edition:coe:allianceforcoffeeexcellence_org_guatemala_2009:2009	https://cupofexcellence.org/guatemala-2009/	https://cupofexcellence.org/guatemala-2009/	200		db83e91b92186cb752f5f2085392bfad8296f39796f23bb3d17b79f5c5361baa	183434	HASHED_ATTEMPT
artifact-722b815f12ef6e91add49cc545c489fb	coe_bop	edition:coe:allianceforcoffeeexcellence_org_costa_rica_2023:2023	https://allianceforcoffeeexcellence.org/costa-rica-2023/	https://allianceforcoffeeexcellence.org/costa-rica-2023/	200		4acd8fca2844069622521c0f7f27976cbb3d6b35ea6d337c640f29bfb8ae05f7	451775	HASHED_ATTEMPT
artifact-7355de0406841f2029622c773ac1999a	coe_bop	edition:coe:allianceforcoffeeexcellence_org_costa_rica_2012:2012	https://cupofexcellence.org/costa-rica-2012/	https://cupofexcellence.org/costa-rica-2012/	200		812fedf17e8b4c04d5ae4771d14881528cf2d7873a5c62eefa1e4d4b9b8435da	187329	HASHED_ATTEMPT
artifact-73c4c28d895fadd7b8e773602d1fa36f	coe_bop	edition:coe:allianceforcoffeeexcellence_org_costa_rica_2024:2024	https://allianceforcoffeeexcellence.org/costa-rica-2024/	https://allianceforcoffeeexcellence.org/costa-rica-2024/	200		38548cb7ecc02753f42f164bbaf0c8a342627c65f75e5630d1beb994d2ea5e72	405732	HASHED_ATTEMPT
artifact-74073f69e7313549d876ea00c70b370e	coe_bop	edition:coe:allianceforcoffeeexcellence_org_ethiopia_2020:2020	https://cupofexcellence.org/ethiopia-2020/	https://cupofexcellence.org/ethiopia-2020/	200		95093665c26a559762a90db0aae35aa4aa09fe768284de14dc1d3948033536dd	228058	HASHED_ATTEMPT
artifact-754ba741cdb7d1969a18a036f5f7c02c	coe_bop	edition:coe:allianceforcoffeeexcellence_org_honduras_2006:2006	https://allianceforcoffeeexcellence.org/honduras-2006/	https://allianceforcoffeeexcellence.org/honduras-2006/	200		ab4365884681251a83eff56d3384f8ce90f973b672756bf1e9c82d5fafa74b7a	331089	HASHED_ATTEMPT
artifact-756ea4d1051b92bbd455f92cb94372b2	coe_bop	edition:coe:allianceforcoffeeexcellence_org_mexico_2017:2017	https://cupofexcellence.org/mexico-2017/	https://cupofexcellence.org/mexico-2017/	200		0aec9b77f12d94d7f40fbaeaf6017e09340e0369d73063bc99a23247beeb6e0e	191945	HASHED_ATTEMPT
artifact-75b0384c2462a48d84487e3ec7d1e7d6	coe_bop	edition:coe:allianceforcoffeeexcellence_org_el_salvador_2010:2010	https://cupofexcellence.org/el-salvador-2010/	https://cupofexcellence.org/el-salvador-2010/	200		06acb37721dcc02547fe699624e346085a5bb8e7df9aa386eca602b9c90f299a	190624	HASHED_ATTEMPT
artifact-7637414cd0e47000469b5959feb1f128	coe_bop	edition:coe:allianceforcoffeeexcellence_org_ethiopia_2022:2022	https://allianceforcoffeeexcellence.org/ethiopia-2022/	https://allianceforcoffeeexcellence.org/ethiopia-2022/	200		982ad4409e99142036bbaccc1af75c1f0d346506b6660386ae7e7ba62856e451	457302	HASHED_ATTEMPT
artifact-77130ecc30b7f9d5fcc8e400d6a1de82	coe_bop	source:bop_results_archive	https://bestofpanama.auction/auction-2017	https://bestofpanama.auction/auction-2017	200		ae298f8194cd18665ffcccde524767af5d5f6d9b1f4b74a1c4f40de9df138255	436833	HASHED_ATTEMPT
artifact-773f52552fdcbb66f3a3efec4d358920	coe_bop	edition:coe:allianceforcoffeeexcellence_org_honduras_2016:2016	https://allianceforcoffeeexcellence.org/honduras-2016/	https://allianceforcoffeeexcellence.org/honduras-2016/	200		63fe0a0fb960aa04ecdb18568acc272cc47c23c51c9dd2645ec38e314df4a947	279291	HASHED_ATTEMPT
artifact-774ea7cfae3e04c0aa87b5d0c62f0b38	coe_bop	edition:coe:allianceforcoffeeexcellence_org_bolivia_2004:2004	https://cupofexcellence.org/bolivia-2004/	https://cupofexcellence.org/bolivia-2004/	200		1a5a24c86a24c86b09eb350d0094dbf9a7b50dc5e703cfce7f3558b4c85f205a	177268	HASHED_ATTEMPT
artifact-775d6af23717b5cc50ee0dc4e040ab37	coe_bop	edition:coe:allianceforcoffeeexcellence_org_el_salvador_2010:2010	https://allianceforcoffeeexcellence.org/el-salvador-2010/	https://allianceforcoffeeexcellence.org/el-salvador-2010/	200		048ca719b5fa3316fbb6f29ecf5aaa3e4af2ddbbdc025a8daa555c02b730a6d4	328251	HASHED_ATTEMPT
artifact-7925d6b680d4f2befdb5c4ab2af7b346	coe_bop	edition:coe:allianceforcoffeeexcellence_org_nicaragua_2024:2024	https://allianceforcoffeeexcellence.org/nicaragua-2024/	https://allianceforcoffeeexcellence.org/nicaragua-2024/	200		bf8228c0bfae53be7eb4e44c81ac9211269e4340f125d0b6f8a82ac956572b9f	388455	HASHED_ATTEMPT
artifact-79994df1ad4e21e9c9b5bd43923f6bad	coe_bop	source:coe_farm_directory	https://farmdirectory.cupofexcellence.org/listings/?pg=66	https://farmdirectory.cupofexcellence.org/listings/?pg=66	200		6feb30334066cd70c0c78480e3f34b9ed397678d210d202eb16025b786114d7a	128946	HASHED_ATTEMPT
artifact-79d40b0f24f5ee234c036bdf3d4ed60b	coe_bop	edition:coe:allianceforcoffeeexcellence_org_bolivia_2008:2008	https://allianceforcoffeeexcellence.org/bolivia-2008/	https://allianceforcoffeeexcellence.org/bolivia-2008/	200		8c8062bf00d09db56d938e64ff97d56bf10638e37e6b084c0b961b83d1748b7a	327887	HASHED_ATTEMPT
artifact-7a60201ae5c3dd623756a63a5c16729b	coe_bop	edition:coe:allianceforcoffeeexcellence_org_mexico_2023:2023	https://allianceforcoffeeexcellence.org/mexico-2023/	https://allianceforcoffeeexcellence.org/mexico-2023/	200		c0fe97056facd8b755922ef5ffe4e9b4f31ab31277ec3feb3f8027efde57152f	459541	HASHED_ATTEMPT
artifact-7a689722d0d605d0d8392a7fd539761c	coe_bop	edition:coe:allianceforcoffeeexcellence_org_taiwan_2024:2024	https://allianceforcoffeeexcellence.org/taiwan-2024/	https://allianceforcoffeeexcellence.org/taiwan-2024/	200		c0dbbc22ffa6996afd2dd97d0d7772af6daec9e642dfe7c857a1612f02a3b21e	351561	HASHED_ATTEMPT
artifact-7a77090bfb8132536cf6abb23884003e	coe_bop	edition:coe:allianceforcoffeeexcellence_org_nicaragua_2004:2004	https://allianceforcoffeeexcellence.org/nicaragua-2004/	https://allianceforcoffeeexcellence.org/nicaragua-2004/	200		bf21554446634e8f8e43ba4994fc9f3c20e48b41dec949205f6b138c4303edf3	327724	HASHED_ATTEMPT
artifact-7a9988104b5900a63143009f7ddc4dfe	coe_bop	edition:coe:allianceforcoffeeexcellence_org_mexico_2013:2013	https://allianceforcoffeeexcellence.org/mexico-2013/	https://allianceforcoffeeexcellence.org/mexico-2013/	200		23897f932a3b7da13de373ea724d8e5211decfbfe4bef5d33cf1e4e8b5464a2e	312981	HASHED_ATTEMPT
artifact-7a9f186f840134ba38ff110b4767a083	coe_bop	edition:coe:allianceforcoffeeexcellence_org_colombia_2021:2021	https://cupofexcellence.org/colombia-2021/	https://cupofexcellence.org/colombia-2021/	200		b6897c9acc53a904cdeb23a824111a3494f0d12b5a932fd27ce5f16e08582cfc	202230	HASHED_ATTEMPT
artifact-7bcda9ab96be35b0aaccfa15fc8ef70c	coe_bop	edition:coe:allianceforcoffeeexcellence_org_rwanda_2015:2015	https://allianceforcoffeeexcellence.org/rwanda-2015/	https://allianceforcoffeeexcellence.org/rwanda-2015/	200		f12e5966dced42fe22ec07af78777c8da409326cea15a626d0377e8600d52146	278225	HASHED_ATTEMPT
artifact-7c425d6ba96b682552abc92b663f2b5b	coe_bop	source:coe_farm_directory	https://farmdirectory.cupofexcellence.org/listings/?pg=18	https://farmdirectory.cupofexcellence.org/listings/?pg=18	200		5f9e0b912cb15a64ca0a3bf960a6dca50615ab57ec68b1dd6bcd6d3c2d3398c1	128981	HASHED_ATTEMPT
artifact-7d4ca718ff3511030bf01c73c80eec3c	coe_bop	edition:coe:allianceforcoffeeexcellence_org_guatemala_2009:2009	https://allianceforcoffeeexcellence.org/guatemala-2009/	https://allianceforcoffeeexcellence.org/guatemala-2009/	200		6b7a9dcbd80bcd2236c38efe412e710783f9c9c0065a14bf797756ac79d07929	321009	HASHED_ATTEMPT
artifact-7d59262f4bd9e544a2a969bcd9201c0c	coe_bop	edition:coe:allianceforcoffeeexcellence_org_nicaragua_2017:2017	https://allianceforcoffeeexcellence.org/nicaragua-2017/	https://allianceforcoffeeexcellence.org/nicaragua-2017/	200		1dfccb008f1f066e9ba74477a4a331c54454ff6c3c0d097f9efdcd213fbe712d	328363	HASHED_ATTEMPT
artifact-7d66dac081686a9ebe60722e5d3ea4a9	coe_bop	edition:coe:allianceforcoffeeexcellence_org_colombia_north_2015:2015_north	https://allianceforcoffeeexcellence.org/colombia-north-2015/	https://allianceforcoffeeexcellence.org/colombia-north-2015/	200		59d20c28ae2f42465b8fe007a44da4136f61bfca8d1708ab9af20378a727dfa5	331742	HASHED_ATTEMPT
artifact-7e1a52d6b0b207551b615691db9f5c2c	coe_bop	source:coe_farm_directory	https://farmdirectory.cupofexcellence.org/listings/?pg=69	https://farmdirectory.cupofexcellence.org/listings/?pg=69	200		da622bd64de1aaa0376229f0209c27cf719256edf5e3bc067a64b09a537c907c	128908	HASHED_ATTEMPT
artifact-7e529d916161218152d8ec454b04c02b	coe_bop	edition:coe:allianceforcoffeeexcellence_org_el_salvador_2020:2020	https://cupofexcellence.org/el-salvador-2020/	https://cupofexcellence.org/el-salvador-2020/	200		31637960eaaf5d3feb792dfc5c4e84a4cd66f3242cbee22c65af96d65731589f	225030	HASHED_ATTEMPT
artifact-7e8d05be6a8b881fcf0064047dca6624	coe_bop	edition:coe:allianceforcoffeeexcellence_org_peru_2018:2018	https://cupofexcellence.org/peru-2018/	https://cupofexcellence.org/peru-2018/	200		a9703c1fe75f0d3f581f2fecb8576940fc091bd341798dd92fee68212c1f2d54	316098	HASHED_ATTEMPT
artifact-7e9abc91281f7a532fdd87664b9e3503	coe_bop	edition:coe:allianceforcoffeeexcellence_org_guatemala_2011:2011	https://cupofexcellence.org/guatemala-2011/	https://cupofexcellence.org/guatemala-2011/	200		3ba32e6dc083b54ffb76a33056a9b972c9f67d4774e2747580a64300c9c85c07	190276	HASHED_ATTEMPT
artifact-7ec53f076bb158ac664bac390500e370	coe_bop	edition:coe:allianceforcoffeeexcellence_org_brazil_2026:2026	https://allianceforcoffeeexcellence.org/brazil-2026/	https://allianceforcoffeeexcellence.org/brazil-2026/	200		545b8aa5b7b33d73e71efc7c12805446506a8e9efddc152df3405ff3f70f415f	363479	HASHED_ATTEMPT
artifact-7efc66a0e8986e9341e8e3bd1c403713	coe_bop	edition:coe:allianceforcoffeeexcellence_org_peru_2021:2021	https://cupofexcellence.org/peru-2021/	https://cupofexcellence.org/peru-2021/	200		2fcdb32db7eba5bffc0859b50da5ca95c416a96173b30e80a5ec04a72608c506	218524	HASHED_ATTEMPT
artifact-7f1abdf514600375318b2c3afdf23ea9	coe_bop	edition:coe:allianceforcoffeeexcellence_org_costa_rica_2019:2019	https://allianceforcoffeeexcellence.org/costa-rica-2019/	https://allianceforcoffeeexcellence.org/costa-rica-2019/	200		31d305ecccb9c51051eb5d7a38a1d6ba1c0d6e093c6f8e878e61c1bb5b7aba02	422696	HASHED_ATTEMPT
artifact-7fb2ca6447acdb54e9b9293f75ef4533	coe_bop	edition:coe:allianceforcoffeeexcellence_org_el_salvador_2009:2009	https://allianceforcoffeeexcellence.org/el-salvador-2009/	https://allianceforcoffeeexcellence.org/el-salvador-2009/	200		819cbc3f3e463765f6238ed12dd68b0d9c967f2952579edec80938cee5d53f74	331908	HASHED_ATTEMPT
artifact-80433573db0b62f28958f9a27f93826b	coe_bop	edition:coe:allianceforcoffeeexcellence_org_el_salvador_2003:2003	https://cupofexcellence.org/el-salvador-2003/	https://cupofexcellence.org/el-salvador-2003/	200		e4b3b19ea86a98d5516bc4259b69c90f9872faffa8b08294e522f083af8bfdb8	191067	HASHED_ATTEMPT
artifact-80a186185f56b8b12d072c8f13baff2f	coe_bop	edition:coe:allianceforcoffeeexcellence_org_brazil_pulped_naturals_2012:2012	https://allianceforcoffeeexcellence.org/brazil-pulped-naturals-2012/	https://allianceforcoffeeexcellence.org/brazil-pulped-naturals-2012/	200		4a5820576b102727a83d9087245353a5373c9ebbb4dff0847920f91cd0d80337	322280	HASHED_ATTEMPT
artifact-80dc205a13e2a1ddd28cd18c6da1ad22	coe_bop	edition:coe:allianceforcoffeeexcellence_org_guatemala_2019:2019	https://cupofexcellence.org/guatemala-2019/	https://cupofexcellence.org/guatemala-2019/	200		2a5f2c83c1aceebe6cee396ced099d9ef4c7be12e0543da89bc298ca998debb0	281308	HASHED_ATTEMPT
artifact-81687808d98a115dec3f6167c131f56c	coe_bop	source:coe_farm_directory	https://farmdirectory.cupofexcellence.org/listings/?pg=49	https://farmdirectory.cupofexcellence.org/listings/?pg=49	200		e791cafab18fd7a379ad0bed8eb77edc00d1c00dacdc34558645fdfc603fe782	128860	HASHED_ATTEMPT
artifact-82101343f01082dc3a8cecba9b6a6cca	coe_bop	edition:coe:allianceforcoffeeexcellence_org_colombia_north_2006:2006_north	https://cupofexcellence.org/colombia-north-2006/	https://cupofexcellence.org/colombia-north-2006/	200		2722383d5640e5dcab7693c7b197904d711a6f80e856b72ca82ce8a7c3351949	182299	HASHED_ATTEMPT
artifact-82ab9dc46d54ed97b176a10f917f124d	coe_bop	edition:best_of_panama_2026	https://app.bestofpanama.auction/auction/timeless-resonance	https://app.bestofpanama.auction/auction/timeless-resonance	200		2fe0e9c9ba4d450e5bfa249a4ae5a54ec7b01d87f3fa9ab59addc89986bac426	158226	HASHED_ATTEMPT
artifact-82e83129cc424f0fd45e94b16ff04c17	coe_bop	source:coe_farm_directory	https://farmdirectory.cupofexcellence.org/listings/?pg=47	https://farmdirectory.cupofexcellence.org/listings/?pg=47	200		4361320d787d7dc7d22ec0fa9d082fd5c8c05a1f90d5aa20d61168413d41a4c0	128930	HASHED_ATTEMPT
artifact-83fa15c370d3d1900c82476b324bc0b6	coe_bop	edition:coe:allianceforcoffeeexcellence_org_brazil_pulped_naturals_2005:2005	https://cupofexcellence.org/brazil-pulped-naturals-2005/	https://cupofexcellence.org/brazil-pulped-naturals-2005/	200		1a51ef58fa3e561c5ab24bd4445f2411d20388a2502cc5f4c1dc772c4c497906	207260	HASHED_ATTEMPT
artifact-8438609068b473cb3d67062cac134764	coe_bop	edition:coe:allianceforcoffeeexcellence_org_guatemala_2020:2020	https://cupofexcellence.org/guatemala-2020/	https://cupofexcellence.org/guatemala-2020/	200		6ff9c3c5e755d738da3e239bfd132f254e1a2ba1ef61028cd0f8a2ff3cf116f6	233795	HASHED_ATTEMPT
artifact-845a66e1685973daed45a5b6c57c8771	coe_bop	edition:coe:allianceforcoffeeexcellence_org_brazil_pulped_naturals_2003:2003	https://allianceforcoffeeexcellence.org/brazil-pulped-naturals-2003/	https://allianceforcoffeeexcellence.org/brazil-pulped-naturals-2003/	200		0a4865053930d1b59acf41651fb948ffe2192ed8876671f0dbedb0f61352bccd	343142	HASHED_ATTEMPT
artifact-8497f71f6fdeb3e2237aa68c552f1ea9	coe_bop	source:coe_farm_directory	https://farmdirectory.cupofexcellence.org/listings/?pg=102	https://farmdirectory.cupofexcellence.org/listings/?pg=102	200		2737b2bb8bfdf8f84639900ae5a5d068b560f9f1af6225667992643ccdcb32b4	128285	HASHED_ATTEMPT
artifact-84a02701b2ebed78f84c24e5dfd3482b	coe_bop	edition:coe:allianceforcoffeeexcellence_org_peru_2017:2017	https://allianceforcoffeeexcellence.org/peru-2017/	https://allianceforcoffeeexcellence.org/peru-2017/	200		1d491d4d6307fe2361d6d97ca1d2f018d2ed1e166b1491bb1df75001a33e4a6c	328018	HASHED_ATTEMPT
artifact-84cdc8a98c32269cae2ee83e30f35a8f	coe_bop	edition:coe:allianceforcoffeeexcellence_org_peru_2019:2019	https://allianceforcoffeeexcellence.org/peru-2019/	https://allianceforcoffeeexcellence.org/peru-2019/	200		f99cdb359ed52af61d098695408af23550756f89f3ff74936d692cd0f6421048	412148	HASHED_ATTEMPT
artifact-85357cf6e2fe9d628c0ffad88173e9b9	coe_bop	source:coe_farm_directory	https://farmdirectory.cupofexcellence.org/listings/?pg=20	https://farmdirectory.cupofexcellence.org/listings/?pg=20	200		317485a463b93c1728f6e208001cdefba1d64d1700c69f560e0d1f1fa4eee3cf	129275	HASHED_ATTEMPT
artifact-85a9082ab13de94bf075937f20c6d78d	coe_bop	edition:coe:allianceforcoffeeexcellence_org_guatemala_2022:2022	https://allianceforcoffeeexcellence.org/guatemala-2022/	https://allianceforcoffeeexcellence.org/guatemala-2022/	200		5ad4a1456c57d0cf9ba32119403c8995000585c2b0b4ab2d931854cb99c28318	457445	HASHED_ATTEMPT
artifact-85b6e2a32a859068b2d6f0d99b80e20b	coe_bop	edition:coe:allianceforcoffeeexcellence_org_costa_rica_2011:2011	https://allianceforcoffeeexcellence.org/costa-rica-2011/	https://allianceforcoffeeexcellence.org/costa-rica-2011/	200		50de54417aabc95c82db2220e0e67d4f629e9cbb4f35f1e26388ef3487882a57	329224	HASHED_ATTEMPT
artifact-864d194bf5b703a260848cf10b695070	coe_bop	edition:coe:allianceforcoffeeexcellence_org_brazil_naturals_2012:2012	https://cupofexcellence.org/brazil-naturals-2012/	https://cupofexcellence.org/brazil-naturals-2012/	200		e321b5e94bc163d5dd5c30c9ff0babfde9eee32bd4d77686400a3001994e1b7b	183761	HASHED_ATTEMPT
artifact-86aa989d0c380c857b071527dbd1f2a9	coe_bop	source:coe_farm_directory	https://farmdirectory.cupofexcellence.org/listings/?pg=95	https://farmdirectory.cupofexcellence.org/listings/?pg=95	200		d62a4e59196c00003ca874560a2dd83b6204b73e0741cd757f9093705b0490bc	128766	HASHED_ATTEMPT
artifact-86f20b22734a80e5ac80df3ce5babe48	coe_bop	source:coe_farm_directory	https://farmdirectory.cupofexcellence.org/listings/?pg=16	https://farmdirectory.cupofexcellence.org/listings/?pg=16	200		2820746d440e09387be10cf672ea55df12e8a3049ede690618ee4e400b9622a4	128776	HASHED_ATTEMPT
artifact-87908fcf3a32b5b1c14a159ed670836a	coe_bop	edition:coe:allianceforcoffeeexcellence_org_colombia_north_2005:2005_north	https://allianceforcoffeeexcellence.org/colombia-north-2005/	https://allianceforcoffeeexcellence.org/colombia-north-2005/	200		04bdb59996793a2b887f80a017d4a974b483abb92ddb4989f16156248f5a6fbb	322502	HASHED_ATTEMPT
artifact-87b109b4544607630f56986622671164	coe_bop	edition:coe:allianceforcoffeeexcellence_org_bolivia_2008:2008	https://cupofexcellence.org/bolivia-2008/	https://cupofexcellence.org/bolivia-2008/	200		6adbb9672162923c1145a00ea72adf71ac19a76cc1b8efa97e58858a55300b57	199151	HASHED_ATTEMPT
artifact-87eade1bd68c8275424b076fbd561f45	coe_bop	edition:coe:allianceforcoffeeexcellence_org_nicaragua_2004:2004	https://cupofexcellence.org/nicaragua-2004/	https://cupofexcellence.org/nicaragua-2004/	200		2bda7006cad2caa9cb97bd7b48d45f2adbdea029829feee7db54d1dff2c64a75	190101	HASHED_ATTEMPT
artifact-8883024041ff99b581ce7ed3023dc64f	coe_bop	edition:coe:allianceforcoffeeexcellence_org_burundi_2012:2012	https://allianceforcoffeeexcellence.org/burundi-2012/	https://allianceforcoffeeexcellence.org/burundi-2012/	200		91b0fdf9f7deb462598f73859676d9226e09ad6ee4a8ea7dadfc5bc9b47f4321	315041	HASHED_ATTEMPT
artifact-88c400290f3b2309caa228ae519369e2	coe_bop	source:coe_farm_directory	https://farmdirectory.cupofexcellence.org/listings/?pg=75	https://farmdirectory.cupofexcellence.org/listings/?pg=75	200		7154a9988adae46a8e8174f32a3d812992c4a63dadfb44f9db4c17f6d51b0e30	130985	HASHED_ATTEMPT
artifact-89831e5c665093f3399c328fb2abc351	coe_bop	source:coe_farm_directory	https://farmdirectory.cupofexcellence.org/listings/?pg=28	https://farmdirectory.cupofexcellence.org/listings/?pg=28	200		9b10b7f68f2c4e667c7756fa668d04b5d698f6b437e714b9fc0a804a45866284	128992	HASHED_ATTEMPT
artifact-89ea62811ca30cfaf2c4d52062618cc6	coe_bop	edition:coe:allianceforcoffeeexcellence_org_brazil_naturals_2018:2018	https://cupofexcellence.org/brazil-naturals-2018/	https://cupofexcellence.org/brazil-naturals-2018/	200		25f644176a2f9ed786c02fe21cff360159cf1a015f516319547262ff6aab2ee2	255232	HASHED_ATTEMPT
artifact-8af256d9c7b8a47ac4da924ac0087b83	coe_bop	edition:coe:allianceforcoffeeexcellence_org_guatemala_2013:2013	https://cupofexcellence.org/guatemala-2013/	https://cupofexcellence.org/guatemala-2013/	200		37d93c489dcd2e3070758bf811e002b049d90a3044d5a48ac7bf2797606fc9e4	184002	HASHED_ATTEMPT
artifact-8b1c7d9c86c61133fd0714c47b70fcda	coe_bop	edition:coe:allianceforcoffeeexcellence_org_nicaragua_2002:2002	https://allianceforcoffeeexcellence.org/nicaragua-2002/	https://allianceforcoffeeexcellence.org/nicaragua-2002/	200		7a5c3919f7e5175f074ae2b477f4cfaabc60fe592f7b40f9b367a2daa6969fd0	325303	HASHED_ATTEMPT
artifact-8b708a434834c7b806ca0b2ceeb13ac1	coe_bop	source:coe_farm_directory	https://farmdirectory.cupofexcellence.org/listings/?pg=62	https://farmdirectory.cupofexcellence.org/listings/?pg=62	200		58ddf4ed83368a961e6765d5c53a85f6cd283352b0f2828a30d2d6cbbcb8bd64	128958	HASHED_ATTEMPT
artifact-8c56ad01238f8495ed4c3270f4129024	coe_bop	edition:coe:allianceforcoffeeexcellence_org_bolivia_2005:2005	https://cupofexcellence.org/bolivia-2005/	https://cupofexcellence.org/bolivia-2005/	200		d76aa771811442c967f14d70cd898adb2bc9b0c0e7b32775e91e3bcb7ef60629	184761	HASHED_ATTEMPT
artifact-8c6ce9e53d99c58fea42ce21057534e5	coe_bop	edition:coe:allianceforcoffeeexcellence_org_brazil_naturals_2012:2012	https://allianceforcoffeeexcellence.org/brazil-naturals-2012/	https://allianceforcoffeeexcellence.org/brazil-naturals-2012/	200		4d90c6cd01811a3b9d101a356e81e56f3e89dcb43952e8db3198ca5995f2e15c	315676	HASHED_ATTEMPT
artifact-8c7da81bb2f2955613ff1b5aa7cd0a02	coe_bop	edition:coe:allianceforcoffeeexcellence_org_ecuador_2021:2021	https://allianceforcoffeeexcellence.org/ecuador-2021/	https://allianceforcoffeeexcellence.org/ecuador-2021/	200		c50af83213c780595660ea557c8fd5e42cd4447a2908da6a1a69e9909b18d89b	429574	HASHED_ATTEMPT
artifact-8d14d4bf269729b42886e2ddcdefaef7	coe_bop	source:coe_farm_directory	https://farmdirectory.cupofexcellence.org/listings/?pg=32	https://farmdirectory.cupofexcellence.org/listings/?pg=32	200		e4f660e6d7e9cec445ad91396a8e1575a4fab79bc04678b74b02f6af761828c0	128721	HASHED_ATTEMPT
artifact-8e10fc0b05c1204b34234250e59f5616	coe_bop	edition:coe:allianceforcoffeeexcellence_org_colombia_2018:2018	https://cupofexcellence.org/colombia-2018/	https://cupofexcellence.org/colombia-2018/	200		c7cea1d6ace99942c208c30d2cc829ce9ad2129700ef2c1b04a6895c42270e05	260213	HASHED_ATTEMPT
artifact-8e124559f2f3bf5fbfae148e8bfeba13	coe_bop	source:coe_farm_directory	https://farmdirectory.cupofexcellence.org/listings/?pg=55	https://farmdirectory.cupofexcellence.org/listings/?pg=55	200		73e3212bf12c5e0e17eff904fc5db6960ebf5a22feea1ffff1bcc2900b447a56	128772	HASHED_ATTEMPT
artifact-8f49976fff1299229707bce0aa5a1b99	coe_bop	edition:coe:allianceforcoffeeexcellence_org_nicaragua_2014:2014	https://cupofexcellence.org/nicaragua-2014/	https://cupofexcellence.org/nicaragua-2014/	200		e2ecec39672992ae2540235fc99ecaec2fa9abed3823752ea0a67019f06a8da4	187517	HASHED_ATTEMPT
artifact-90f3187fe81f9f7f90ad38440c140e95	coe_bop	edition:coe:allianceforcoffeeexcellence_org_honduras_2005:2005	https://allianceforcoffeeexcellence.org/honduras-2005/	https://allianceforcoffeeexcellence.org/honduras-2005/	200		8ca9b154b554fddaaad9231ea0d81a89a968d218be549b5b9d3c7bd447c56466	338886	HASHED_ATTEMPT
artifact-91c3752bd6aaf8dd318beda26d18df74	coe_bop	source:coe_farm_directory	https://farmdirectory.cupofexcellence.org/listings/?pg=31	https://farmdirectory.cupofexcellence.org/listings/?pg=31	200		6805fe5a35bada7ea1bc158678853d4b1bc81fdba2b8fbebd29204b234687861	129752	HASHED_ATTEMPT
artifact-91ed3551b3c21aca95f736abbdb7e833	coe_bop	edition:coe:allianceforcoffeeexcellence_org_colombia_south_2006:2006_south	https://cupofexcellence.org/colombia-south-2006/	https://cupofexcellence.org/colombia-south-2006/	200		39f825a8aa56738fed859095867f77554badd1318f3673715fccb29c56a9c64e	190299	HASHED_ATTEMPT
artifact-91edb5d24e498332318a97bb7ce0dcac	coe_bop	edition:coe:allianceforcoffeeexcellence_org_brazil_pulped_naturals_2008:2008	https://allianceforcoffeeexcellence.org/brazil-pulped-naturals-2008/	https://allianceforcoffeeexcellence.org/brazil-pulped-naturals-2008/	200		c676e9ab6bc7f0c7f15e541f6ed9d91d75b9902fc7155d0edc555bdf048b67dd	320826	HASHED_ATTEMPT
artifact-921c38165fe4245b7102890579d1af19	coe_bop	edition:coe:allianceforcoffeeexcellence_org_rwanda_2012:2012	https://cupofexcellence.org/rwanda-2012/	https://cupofexcellence.org/rwanda-2012/	200		5af2aa06607f3fd71bb525344a8ffa6ca90022eefa9ea05043a7bf05d440b18a	188173	HASHED_ATTEMPT
artifact-9246d1d9802f099599028d34d6597489	coe_bop	edition:coe:allianceforcoffeeexcellence_org_brazil_naturals_2014:2014	https://allianceforcoffeeexcellence.org/brazil-naturals-2014/	https://allianceforcoffeeexcellence.org/brazil-naturals-2014/	200		abec90c1c1bc1b0c938ddee08c51b61ad55a51c8be3d26987afec8a96f2ce065	341321	HASHED_ATTEMPT
artifact-92a26bc185459c9d0827dace7fdc9920	coe_bop	source:coe_farm_directory	https://farmdirectory.cupofexcellence.org/listings/?pg=36	https://farmdirectory.cupofexcellence.org/listings/?pg=36	200		9a9fa5a6cdf26738142b730a9490425b5d2ec1fc3a08196fea72f44333119059	128948	HASHED_ATTEMPT
artifact-92fa85104ebeeedff8963ecd134c2ee9	coe_bop	edition:coe:allianceforcoffeeexcellence_org_guatemala_2015:2015	https://allianceforcoffeeexcellence.org/guatemala-2015/	https://allianceforcoffeeexcellence.org/guatemala-2015/	200		64ddd6dbc6152b251cb66842f6101e2dca916341c793f66c40949c5a9698ebca	275385	HASHED_ATTEMPT
artifact-931192dc2a9e4f8f832c62e1ea0a5c63	coe_bop	edition:coe:allianceforcoffeeexcellence_org_guatemala_2001:2001	https://cupofexcellence.org/guatemala-2001/	https://cupofexcellence.org/guatemala-2001/	200		b91000db00ebb6943f5e316d78e65d2103d64254756c19c48ebb79ef973bf81c	179118	HASHED_ATTEMPT
artifact-9438321a87001a4c70e5b9dc5d46ee9c	coe_bop	edition:coe:allianceforcoffeeexcellence_org_nicaragua_2023:2023	https://allianceforcoffeeexcellence.org/nicaragua-2023/	https://allianceforcoffeeexcellence.org/nicaragua-2023/	200		83bb285204df3175b9c5d9b8ac502f70b87987c048e616f09ec1b91f95dc9f4d	388302	HASHED_ATTEMPT
artifact-9561feae2cd37cfa053bd463f2c37653	coe_bop	edition:coe:allianceforcoffeeexcellence_org_indonesia_2026:2026	https://allianceforcoffeeexcellence.org/indonesia-2026/	https://allianceforcoffeeexcellence.org/indonesia-2026/	200		713e25091d7b7ef2c715ec4782eb0b51044b1542663225f27c58a96771cd0dd7	358639	HASHED_ATTEMPT
artifact-95a7c7b229573a4b376e97ad55d5e62f	coe_bop	edition:coe:allianceforcoffeeexcellence_org_guatemala_2025:2025	https://allianceforcoffeeexcellence.org/guatemala-2025/	https://allianceforcoffeeexcellence.org/guatemala-2025/	200		3c2f5bd9a70ed9631ccb3a9436c2dd0c04c2e6ea2bc9f3c42cd56eeff69fcdf0	427880	HASHED_ATTEMPT
artifact-95cf89b2688ae1d5b37f1fce73c5f197	coe_bop	edition:coe:allianceforcoffeeexcellence_org_guatemala_2023:2023	https://allianceforcoffeeexcellence.org/guatemala-2023/	https://allianceforcoffeeexcellence.org/guatemala-2023/	200		dd460ec7ee2feca76ad6ae5e0bc88559aea49f5525b4e3a182c59f9cd5ac3a0e	435457	HASHED_ATTEMPT
artifact-962350f5bd4c8de1a4e97dcc94fad172	coe_bop	edition:coe:allianceforcoffeeexcellence_org_brazil_2025:2025	https://allianceforcoffeeexcellence.org/brazil-2025/	https://allianceforcoffeeexcellence.org/brazil-2025/	200		3893dff68347ece1278b1954c351ae40a63f1f41f5d986a9e1d4779a71cf919a	394866	HASHED_ATTEMPT
artifact-96bd10d2cd17e4e87dac2ac8b9c1c137	coe_bop	edition:coe:allianceforcoffeeexcellence_org_nicaragua_2011:2011	https://allianceforcoffeeexcellence.org/nicaragua-2011/	https://allianceforcoffeeexcellence.org/nicaragua-2011/	200		3e0c40b16f73429483f92b44c8c39ee5d6ea9dd489aac6143b9e06841dba4d27	325597	HASHED_ATTEMPT
artifact-96df84ff636144b6fa743742cf8c4c0c	coe_bop	source:coe_farm_directory	https://farmdirectory.cupofexcellence.org/listings/?pg=24	https://farmdirectory.cupofexcellence.org/listings/?pg=24	200		1799e4207ef2968d48c105b5320be66599aec20bd1da9acd14a692791c391f1e	128416	HASHED_ATTEMPT
artifact-97450a5da3eac01d8c50b18f0343b3f0	coe_bop	edition:coe:allianceforcoffeeexcellence_org_ecuador_2022:2022	https://allianceforcoffeeexcellence.org/ecuador-2022/	https://allianceforcoffeeexcellence.org/ecuador-2022/	200		83a9dfef4fc13dbd6d0252c2fad48b1c41b1440a77c3e5e1eedb804397049017	348862	HASHED_ATTEMPT
artifact-97cccfc0172fdfe3dd95f780761dba7a	coe_bop	edition:coe:allianceforcoffeeexcellence_org_el_salvador_2006:2006	https://cupofexcellence.org/el-salvador-2006/	https://cupofexcellence.org/el-salvador-2006/	200		2a6f7d907c98be7e900f19c59eeb8c09686b76f41bcc7b32444b11a576c4bbb7	183425	HASHED_ATTEMPT
artifact-989b04226ee32494f99178731fb33f39	coe_bop	edition:coe:allianceforcoffeeexcellence_org_honduras_2009:2009	https://allianceforcoffeeexcellence.org/honduras-2009/	https://allianceforcoffeeexcellence.org/honduras-2009/	200		24b01c469d17ba0b66c8028eb6ecc6ccb0a324b63fd7ad66b05ac3c1cb2d0a6b	336154	HASHED_ATTEMPT
artifact-98dd6af6ff2a8dbc1afaff394bfa5393	coe_bop	edition:coe:allianceforcoffeeexcellence_org_costa_rica_2012:2012	https://allianceforcoffeeexcellence.org/costa-rica-2012/	https://allianceforcoffeeexcellence.org/costa-rica-2012/	200		dcfc3d9cb253858ecf96180158dd6cb11bfe6642f22d97e6421800914282ad9f	325042	HASHED_ATTEMPT
artifact-98e2472460d4f6725a54cc01fb3c022f	coe_bop	source:coe_farm_directory	https://farmdirectory.cupofexcellence.org/listings/?pg=38	https://farmdirectory.cupofexcellence.org/listings/?pg=38	200		ca9d106be0f3e9ccfebd9823791115e4a822eb587b5c787e7d9bcf867a44cf01	128847	HASHED_ATTEMPT
artifact-98ee9bfb2a7046c5cc15ac5920d5aff4	coe_bop	edition:coe:allianceforcoffeeexcellence_org_costa_rica_2021:2021	https://allianceforcoffeeexcellence.org/costa-rica-2021/	https://allianceforcoffeeexcellence.org/costa-rica-2021/	200		e3a20c2b075b79c902a5bf98d991c3f782bafc8d36276d109b4863772ff9e66e	417030	HASHED_ATTEMPT
artifact-99225d8d4aaf18819ff1959ebdb5ef18	coe_bop	edition:coe:allianceforcoffeeexcellence_org_el_salvador_2026:2026	https://allianceforcoffeeexcellence.org/el-salvador-2026/	https://allianceforcoffeeexcellence.org/el-salvador-2026/	200		c37972a4f4422dc87712bffedcc1393e9bdffd1d0009d168a9c1c9fdf866aadf	383395	HASHED_ATTEMPT
artifact-99818ed6cc93c17fcae5e09a850a3867	coe_bop	edition:coe:allianceforcoffeeexcellence_org_honduras_2019:2019	https://allianceforcoffeeexcellence.org/honduras-2019/	https://allianceforcoffeeexcellence.org/honduras-2019/	200		6a481a5db53cb4e47f329ccf3ad808744cf3899112b4d9c4bdb54e80066962b5	437686	HASHED_ATTEMPT
artifact-9988d4112441655dd7805395d04091ec	coe_bop	edition:coe:allianceforcoffeeexcellence_org_nicaragua_2018:2018	https://cupofexcellence.org/nicaragua-2018/	https://cupofexcellence.org/nicaragua-2018/	200		77632d553f36769254ac456c1baf6d881122f6d15b2ef104f8a521a0d9509bed	286280	HASHED_ATTEMPT
artifact-99f1a49514871418d60e01a07a7be542	coe_bop	edition:coe:allianceforcoffeeexcellence_org_burundi_2018:2018	https://cupofexcellence.org/burundi-2018/	https://cupofexcellence.org/burundi-2018/	200		627715a01da6f88ba33fa88f80dd48207ea40346271c31b2e88fafdd47d0476d	313621	HASHED_ATTEMPT
artifact-9a851dc7be8ce3f716f093ab9d7c89bb	coe_bop	source:coe_farm_directory	https://farmdirectory.cupofexcellence.org/listings/?pg=74	https://farmdirectory.cupofexcellence.org/listings/?pg=74	200		adca988fb6b35d462b4bccae36f64688e9d27b7e0a7c4ce8ac97214ae0734706	130717	HASHED_ATTEMPT
artifact-9b6b2efd3a8184d8d7dbaa5341e31342	coe_bop	source:coe_farm_directory	https://farmdirectory.cupofexcellence.org/listings/?pg=13	https://farmdirectory.cupofexcellence.org/listings/?pg=13	200		e0ec727dd6339f6e9f6abeedb8b7c93fc9d315861cb9d8c6b850a1e476d5b3ff	129039	HASHED_ATTEMPT
artifact-9b8672dc75b3ebe536a402cc53a10eaf	coe_bop	edition:coe:allianceforcoffeeexcellence_org_el_salvador_2023:2023	https://allianceforcoffeeexcellence.org/el-salvador-2023/	https://allianceforcoffeeexcellence.org/el-salvador-2023/	200		3ec779d8ba2bed5c03983f5ef6757b9c47f07019d4d1fff9c69091e86607685b	450890	HASHED_ATTEMPT
artifact-9bde6d2e2a037b4415e932310c25b931	coe_bop	edition:coe:allianceforcoffeeexcellence_org_brazil_pulped_naturals_2014:2014	https://cupofexcellence.org/brazil-pulped-naturals-2014/	https://cupofexcellence.org/brazil-pulped-naturals-2014/	200		42ee1bf52a45b3ea10486fa64e39dd087f8c7e426814caed266badac36b080cf	189859	HASHED_ATTEMPT
artifact-9ca718e58771682aed4b98dd70900926	coe_bop	edition:coe:allianceforcoffeeexcellence_org_guatemala_2024:2024	https://allianceforcoffeeexcellence.org/guatemala-2024/	https://allianceforcoffeeexcellence.org/guatemala-2024/	200		5ec090652d6a60dfdd49d16a1eb3c73c4789e14c4af93fea3e56d8e27f2ffcc5	414165	HASHED_ATTEMPT
artifact-9d39671bfd688fc3bf5df89d2b918912	coe_bop	edition:coe:allianceforcoffeeexcellence_org_mexico_2019:2019	https://allianceforcoffeeexcellence.org/mexico-2019/	https://allianceforcoffeeexcellence.org/mexico-2019/	200		2987c4f52105df1e33d8b2a83bc74b96439f6c435bfef112c181ae8c733182c6	435851	HASHED_ATTEMPT
artifact-9de950c0f329a05414d6bd7e8dab21ff	coe_bop	edition:coe:allianceforcoffeeexcellence_org_brazil_pulped_naturals_2015:2015	https://allianceforcoffeeexcellence.org/brazil-pulped-naturals-2015/	https://allianceforcoffeeexcellence.org/brazil-pulped-naturals-2015/	200		fb05fee311c4293aa581cd4e445c7fa60aa3acc17f594d48c15a5fdce50b95ba	322667	HASHED_ATTEMPT
artifact-9e7518ce84c825bf484d9ae0970df4a3	coe_bop	edition:coe:allianceforcoffeeexcellence_org_honduras_2013:2013	https://allianceforcoffeeexcellence.org/honduras-2013/	https://allianceforcoffeeexcellence.org/honduras-2013/	200		c768a0bd5c98cbc1c656105961bae965f6eda10470d22628e80049278e543c98	319808	HASHED_ATTEMPT
artifact-9ef1d7ac5d7005dddf11ff9580030798	coe_bop	edition:coe:allianceforcoffeeexcellence_org_peru_2020:2020	https://allianceforcoffeeexcellence.org/peru-2020/	https://allianceforcoffeeexcellence.org/peru-2020/	200		0167f6b2f2d3de021d04d0b9444392d948afc91a3095a1e3e6af333357e86df4	355757	HASHED_ATTEMPT
artifact-9eff51df562feed19bd3312ac27f3607	coe_bop	edition:coe:allianceforcoffeeexcellence_org_brazil_pulped_naturals_2002:2002	https://cupofexcellence.org/brazil-pulped-naturals-2002/	https://cupofexcellence.org/brazil-pulped-naturals-2002/	200		beb291c3c923685171fa6aaa88410365f1c02bef5cde8e47e8b9a09f04a5789e	199585	HASHED_ATTEMPT
artifact-a07b0365c59344a1bfb3d4c6cb58d3fa	coe_bop	source:coe_farm_directory	https://farmdirectory.cupofexcellence.org/listings/?pg=8	https://farmdirectory.cupofexcellence.org/listings/?pg=8	200		c63e1cd005f684bec4061cfa5ae48be75da7e93115e607c745bc291e2761a04c	129256	HASHED_ATTEMPT
artifact-a15bca115b9afa73d5557a56f3e831ff	coe_bop	source:bop_results_archive	https://bestofpanama.auction/auction-2023	https://bestofpanama.auction/auction-2023	200		5637270443f761a3e4d6bd32ba3dadb8eeb24c99d2123c61e9b30da8734a81a2	588891	HASHED_ATTEMPT
artifact-a1798d0a8fd7f6b27e8b038deb3c910a	coe_bop	edition:coe:allianceforcoffeeexcellence_org_mexico_2014:2014	https://cupofexcellence.org/mexico-2014/	https://cupofexcellence.org/mexico-2014/	200		eee7b789ed1bcd6f594ca4e60480dfd85457618b1dbc4f6a17996eff7087a1d0	181897	HASHED_ATTEMPT
artifact-a1f4663c6e7b13e67a64d23c2ec4e032	coe_bop	edition:coe:allianceforcoffeeexcellence_org_brazil_pulped_naturals_2016:2016	https://allianceforcoffeeexcellence.org/brazil-pulped-naturals-2016/	https://allianceforcoffeeexcellence.org/brazil-pulped-naturals-2016/	200		1b1da9009396012eaed70fdda96595058cf2a43631eeb229ae3ab18c2b0e12c5	326910	HASHED_ATTEMPT
artifact-a48ee64df20e38359874f5e2e8b4e6da	coe_bop	edition:coe:allianceforcoffeeexcellence_org_mexico_2012:2012	https://cupofexcellence.org/mexico-2012/	https://cupofexcellence.org/mexico-2012/	200		18f4adae3872fb03c7494b38f920febdbfcc7c1e53b2120a741be9cabc0ad0c2	169456	HASHED_ATTEMPT
artifact-a4f63209728b582593c7e93111f1a23d	coe_bop	edition:coe:allianceforcoffeeexcellence_org_brazil_2023:2023	https://allianceforcoffeeexcellence.org/brazil-2023/	https://allianceforcoffeeexcellence.org/brazil-2023/	200		3b72c2912a41f73301fb4f7fd1164ea011906e59b19b799a050a221807348780	412534	HASHED_ATTEMPT
artifact-a56aa195e50c938a50180645634d96c2	coe_bop	edition:coe:allianceforcoffeeexcellence_org_honduras_2019:2019	https://cupofexcellence.org/honduras-2019/	https://cupofexcellence.org/honduras-2019/	200		ce04d376621af2172f4032a2fd69ad64a0f87c6d8a5c95a1e6e2dd64b3afcd21	301454	HASHED_ATTEMPT
artifact-a574abce2b91b8ef0a3a2a064076aac0	coe_bop	edition:coe:allianceforcoffeeexcellence_org_colombia_south_2006:2006_south	https://allianceforcoffeeexcellence.org/colombia-south-2006/	https://allianceforcoffeeexcellence.org/colombia-south-2006/	200		7a8e972e283d7e7a3438d8270281ffe38c852d3b7821865c312ee87dc228aff4	327920	HASHED_ATTEMPT
artifact-a576f88f149cb96cbe388cb3bc041f06	coe_bop	edition:coe:allianceforcoffeeexcellence_org_bolivia_2009:2009	https://cupofexcellence.org/bolivia-2009/	https://cupofexcellence.org/bolivia-2009/	200		308c6132b928a8e404da58cd1e756fd4f47775e585407365117b40d6baac5c3d	196425	HASHED_ATTEMPT
artifact-a5cb7eae31e1b849c8eed8c55a3b2f18	coe_bop	edition:coe:allianceforcoffeeexcellence_org_el_salvador_2021:2021	https://cupofexcellence.org/el-salvador-2021/	https://cupofexcellence.org/el-salvador-2021/	200		33d3bc595abe72e6589433ec1c16ed7a042c95e656d069c51a1adcfcbd5a778d	228735	HASHED_ATTEMPT
artifact-a6a304c7c99477129cfe34a69c415d04	coe_bop	edition:coe:allianceforcoffeeexcellence_org_nicaragua_2005:2005	https://allianceforcoffeeexcellence.org/nicaragua-2005/	https://allianceforcoffeeexcellence.org/nicaragua-2005/	200		e2a402f204df614a7661f59f82742f92a0a983da5f203a2c5819ede7dc1d8313	334226	HASHED_ATTEMPT
artifact-a6cc6dfa3ef3658e35f7eecfe47bd59e	coe_bop	source:coe_farm_directory	https://farmdirectory.cupofexcellence.org/listings/?pg=51	https://farmdirectory.cupofexcellence.org/listings/?pg=51	200		8cae5de0d0d9583619db3ec431944aeb8104805e6f8f4c4acf4a93a90fa6e238	128840	HASHED_ATTEMPT
artifact-a7e3e2a431fe8166db74f8a5e4ec4cae	coe_bop	edition:coe:allianceforcoffeeexcellence_org_rwanda_2008:2008	https://cupofexcellence.org/rwanda-2008/	https://cupofexcellence.org/rwanda-2008/	200		75ce0a04db3a782b8a34ba47a26a003d576db1df47daef4c50a7cc4e07d3d1bf	184808	HASHED_ATTEMPT
artifact-a85783ef9b0621c4bcec4a83a3b639d6	coe_bop	edition:coe:allianceforcoffeeexcellence_org_rwanda_2014:2014	https://allianceforcoffeeexcellence.org/rwanda-2014/	https://allianceforcoffeeexcellence.org/rwanda-2014/	200		118adbafc548aaa42eae7fe63e2ea8a84209def85b067013b77ca1d30788169f	349937	HASHED_ATTEMPT
artifact-a9ca155dd91fd9afb83976255f05a4d9	coe_bop	edition:coe:allianceforcoffeeexcellence_org_colombia_north_2015:2015_north	https://cupofexcellence.org/colombia-north-2015/	https://cupofexcellence.org/colombia-north-2015/	200		cb95a17f5abe051a059d2bd870d0c0e6e870d2bb0607b1bf74154e6d42c2c82e	193989	HASHED_ATTEMPT
artifact-aa4c67401ae1e1825b83230f116f4880	coe_bop	edition:coe:allianceforcoffeeexcellence_org_nicaragua_2015:2015	https://allianceforcoffeeexcellence.org/nicaragua-2015/	https://allianceforcoffeeexcellence.org/nicaragua-2015/	200		332c4ebf2e4ff4c42f1e0a1b5b79246e3a284de4176492731164a6772f480a47	287759	HASHED_ATTEMPT
artifact-aa85264cfcdbed93ab8408365cd90aa6	coe_bop	edition:coe:allianceforcoffeeexcellence_org_indonesia_2021:2021	https://allianceforcoffeeexcellence.org/indonesia-2021/	https://allianceforcoffeeexcellence.org/indonesia-2021/	200		dd5934d45f9c9c1384a175c241fb946b1dfbd5d0bdb53560abb2fd07372423c7	434151	HASHED_ATTEMPT
artifact-aae528d2d33e2ceffe4ec52341633c79	coe_bop	edition:coe:allianceforcoffeeexcellence_org_guatemala_2020:2020	https://allianceforcoffeeexcellence.org/guatemala-2020/	https://allianceforcoffeeexcellence.org/guatemala-2020/	200		cfc1732938d32a4e8f0a9eadadc23e9923d3fa52e12846214cc5dd62e403a907	368246	HASHED_ATTEMPT
artifact-aae65716f9a429428d4f83f94a740138	coe_bop	edition:coe:allianceforcoffeeexcellence_org_guatemala_2010:2010	https://allianceforcoffeeexcellence.org/guatemala-2010/	https://allianceforcoffeeexcellence.org/guatemala-2010/	200		b15a630379f0b546b271d28c15c0ee99c904b92692ac170fe05d1db845c16455	326287	HASHED_ATTEMPT
artifact-ab69851c88c5811ddd3e2a52a8285c3d	coe_bop	edition:coe:allianceforcoffeeexcellence_org_nicaragua_2005:2005	https://cupofexcellence.org/nicaragua-2005/	https://cupofexcellence.org/nicaragua-2005/	200		b1dd6c28cb64492e5957260ba3cbb41b02b9c05379d3511ceb5bc42b8f1e0941	196555	HASHED_ATTEMPT
artifact-abf39facbad2b3c4914bc236e78ac987	coe_bop	edition:coe:allianceforcoffeeexcellence_org_el_salvador_2014:2014	https://cupofexcellence.org/el-salvador-2014/	https://cupofexcellence.org/el-salvador-2014/	200		e554ae83a0daeff3cbcbf5ea5f5bdd2217a11f0689835fdc4a1c2a29435ac3d0	196395	HASHED_ATTEMPT
artifact-ac3a32a78d57520fa8589c01acaeca19	coe_bop	source:bop_results_archive	https://bestofpanama.auction/auction-2024	https://bestofpanama.auction/auction-2024	200		6e70b78dd2f017bf149c37dd6426780f3c11f38c59779a1020478293157036ba	417093	HASHED_ATTEMPT
artifact-ac80bf3d91df7c063d2dcc2d95d76e4f	coe_bop	source:coe_farm_directory	https://farmdirectory.cupofexcellence.org/listings/?pg=41	https://farmdirectory.cupofexcellence.org/listings/?pg=41	200		d5453a3865dea994f776123f640c3de06e674055f3ef1364fd368285ebcbe860	129410	HASHED_ATTEMPT
artifact-ac95a0c876514926a49a003b90a5d17d	coe_bop	edition:coe:allianceforcoffeeexcellence_org_colombia_south_2014:2014_south	https://allianceforcoffeeexcellence.org/colombia-south-2014/	https://allianceforcoffeeexcellence.org/colombia-south-2014/	200		e4f0ec3faa4556f4cb1b9ffa9be1019a0057e181ac19a658913fe55a4c393168	335183	HASHED_ATTEMPT
artifact-acf474c07f80ca69194df182cc070a5f	coe_bop	edition:coe:allianceforcoffeeexcellence_org_brazil_naturals_2016:2016	https://cupofexcellence.org/brazil-naturals-2016/	https://cupofexcellence.org/brazil-naturals-2016/	200		332dc56730d097344a6c0a947179ace5a17c28c054be891dabf66ab1eafe4da6	197560	HASHED_ATTEMPT
artifact-ae17c14ddcc41f722b7226199417faed	coe_bop	edition:coe:allianceforcoffeeexcellence_org_honduras_2004:2004	https://cupofexcellence.org/honduras-2004/	https://cupofexcellence.org/honduras-2004/	200		807047d0939718f123b68bd4ce3cd84457c5e0fa8c0a1856da932f6cb7dc2b9f	180168	HASHED_ATTEMPT
artifact-ae54aa19277231f16ed2f20eec86cc3a	coe_bop	source:coe_farm_directory	https://farmdirectory.cupofexcellence.org/listings/?pg=23	https://farmdirectory.cupofexcellence.org/listings/?pg=23	200		49c7f337ace9a20df893239d617840b544cd8a39a74cc45af0598a3da43b333f	128458	HASHED_ATTEMPT
artifact-b03352fe183cf76460fb3143faa64f3d	coe_bop	edition:coe:allianceforcoffeeexcellence_org_bolivia_2007:2007	https://allianceforcoffeeexcellence.org/bolivia-2007/	https://allianceforcoffeeexcellence.org/bolivia-2007/	200		028b108d84af68acfaaaf821fc121705cdcbd122d7dc0587208f751271b00b4c	323728	HASHED_ATTEMPT
artifact-b03be703a2921cb9dbb118a3137ee166	coe_bop	edition:coe:allianceforcoffeeexcellence_org_guatemala_2008:2008	https://cupofexcellence.org/guatemala-2008/	https://cupofexcellence.org/guatemala-2008/	200		8bc7c9d4b779ad9efb2d037b40f36abfff501b1407ebcce27fac0b342654473c	184579	HASHED_ATTEMPT
artifact-b0b8ffbf0012faa83bc003340836c5f6	coe_bop	edition:coe:allianceforcoffeeexcellence_org_guatemala_2007:2007	https://cupofexcellence.org/guatemala-2007/	https://cupofexcellence.org/guatemala-2007/	200		2a45c196d9f7c7231d0a8cf9bd3ad77d5a573929eaff18975db9b1e333f05e2c	179196	HASHED_ATTEMPT
artifact-b11cbfd34f7c0b48ab73a1cdc85a350b	coe_bop	edition:coe:allianceforcoffeeexcellence_org_brazil_pulped_naturals_2004:2004	https://cupofexcellence.org/brazil-pulped-naturals-2004/	https://cupofexcellence.org/brazil-pulped-naturals-2004/	200		53e801d7bca1e867bec82b0b1e452aa7fe3e3012f82c5dae80b2860845ca1b20	206932	HASHED_ATTEMPT
artifact-b1b0d4005239b8af9ac23e66a32529f9	coe_bop	edition:coe:allianceforcoffeeexcellence_org_thailand_2026:2026	https://allianceforcoffeeexcellence.org/thailand-2026/	https://allianceforcoffeeexcellence.org/thailand-2026/	200		ebfead4c20b3bafd34a45139bdd1537a44ca3d06212502b0d8bf53bdccb973bc	419453	HASHED_ATTEMPT
artifact-b1c4eba2f5e235abec7a5dbf174acaf7	coe_bop	edition:coe:allianceforcoffeeexcellence_org_brazil_2020:2020	https://cupofexcellence.org/brazil-2020/	https://cupofexcellence.org/brazil-2020/	200		93a5a42e3aaca1e41b5ffdfc2d0ec36702a1bceec6f8d104b938859f29c01e7f	225075	HASHED_ATTEMPT
artifact-b21f57479e83bf5366b4911155edd97f	coe_bop	source:coe_farm_directory	https://farmdirectory.cupofexcellence.org/listings/?pg=83	https://farmdirectory.cupofexcellence.org/listings/?pg=83	200		046d33c314a70c09af2d096148957a95e70a46f618a2d9f8d171d698c263600d	130424	HASHED_ATTEMPT
artifact-b24442d8cf2c1e05be7792c4b0a80f8d	coe_bop	source:bop_results_archive	https://app.bestofpanama.auction/auction/canvas-of-terroir	https://app.bestofpanama.auction/auction/canvas-of-terroir	200		bc128a64dd3385c5412c7989505786bb25e334ef91b4555c259aff87119c0653	72362	HASHED_ATTEMPT
artifact-b2f1828da789cfcdd0a1ec0b7a47f972	coe_bop	source:coe_farm_directory	https://farmdirectory.cupofexcellence.org/listings/?pg=9	https://farmdirectory.cupofexcellence.org/listings/?pg=9	200		3a103db9337a96f8cd459ac7f4a751244733d9ab38f1c9dda386a8e03872c2c6	129384	HASHED_ATTEMPT
artifact-b3c936fcf21219caa4131cb1698e034f	coe_bop	source:coe_farm_directory	https://farmdirectory.cupofexcellence.org/listings/?pg=21	https://farmdirectory.cupofexcellence.org/listings/?pg=21	200		ff7580e905de28a70ec465789ba7d116064b357c99fd507ca0688f814680bb72	129466	HASHED_ATTEMPT
artifact-b3fb00e7675c78b2b5b24f232dd4b4cb	coe_bop	source:bop_results_archive	https://bestofpanama.auction/auction-2022	https://bestofpanama.auction/auction-2022	200		5e1d464e87b92c8ba3f585c0c4c081bca3b7a347c1bbb498636dc77ef8cee823	465386	HASHED_ATTEMPT
artifact-b44ade1b51fa824063ba368ae818ca33	coe_bop	edition:coe:allianceforcoffeeexcellence_org_costa_rica_2026:2026	https://allianceforcoffeeexcellence.org/costa-rica-2026/	https://allianceforcoffeeexcellence.org/costa-rica-2026/	200		9295106e136c49013b4c1157c15e3f1f6b27131c923da9e461d418c72bfa1cf7	437808	HASHED_ATTEMPT
artifact-b45be0d4dd216971f4b135cb50903ad8	coe_bop	source:coe_farm_directory	https://farmdirectory.cupofexcellence.org/listings/?pg=52	https://farmdirectory.cupofexcellence.org/listings/?pg=52	200		b173e3f513257d0b49bdf70a3650b3e53868e210d25dd63603e42f1b9a63f648	128871	HASHED_ATTEMPT
artifact-b50669fba2fc8852baaade68f1479053	coe_bop	edition:coe:allianceforcoffeeexcellence_org_brazil_naturals_2018:2018	https://allianceforcoffeeexcellence.org/brazil-naturals-2018/	https://allianceforcoffeeexcellence.org/brazil-naturals-2018/	200		077c42cf2c2f686ecff79788e731a3fcb2ab9d20b2bbd528706a3ddfdc439bcf	506820	HASHED_ATTEMPT
artifact-b544671a071dc02fdb6cf90fcb5fcc76	coe_bop	edition:coe:allianceforcoffeeexcellence_org_costa_rica_2020:2020	https://allianceforcoffeeexcellence.org/costa-rica-2020/	https://allianceforcoffeeexcellence.org/costa-rica-2020/	200		f922d3b05b1a22d222ba35cee69f8ce371669077d00548cadf643d892c9b5000	363997	HASHED_ATTEMPT
artifact-b64e7dbe851ad40e6e921a79bcba805e	coe_bop	edition:coe:allianceforcoffeeexcellence_org_costa_rica_2025:2025	https://allianceforcoffeeexcellence.org/costa-rica-2025/	https://allianceforcoffeeexcellence.org/costa-rica-2025/	200		599da84c7a2009f1500036839a11476eb809c6fe2f63c6598cb038cebbcb762a	408234	HASHED_ATTEMPT
artifact-b6681e644d324750b465f0e2340086a1	coe_bop	edition:coe:allianceforcoffeeexcellence_org_el_salvador_2011:2011	https://cupofexcellence.org/el-salvador-2011/	https://cupofexcellence.org/el-salvador-2011/	200		5faa91e4d06db8a1b41d637be2ce9e11fb1787b97d451a65848fe935bd51d464	204185	HASHED_ATTEMPT
artifact-b713f3ec4de352d58c09819b5e942b88	coe_bop	edition:coe:allianceforcoffeeexcellence_org_colombia_2017:2017	https://allianceforcoffeeexcellence.org/colombia-2017/	https://allianceforcoffeeexcellence.org/colombia-2017/	200		f5f10c4c8966dfeb8ff620d24779040e7d8ba3cf7e5e8e4084dd3c66d4bb0901	334077	HASHED_ATTEMPT
artifact-b75e1c4cf6d50e052089aa6a4d987033	coe_bop	edition:coe:allianceforcoffeeexcellence_org_nicaragua_2002:2002	https://cupofexcellence.org/nicaragua-2002/	https://cupofexcellence.org/nicaragua-2002/	200		35a1dd83503e4644381bf1c13baa1bd1d31a1be762c9c79db735ce41e6c2394a	187728	HASHED_ATTEMPT
artifact-b874d1e4ba6e98c71a05a4c05e8d0dc9	coe_bop	edition:coe:allianceforcoffeeexcellence_org_nicaragua_2015:2015	https://cupofexcellence.org/nicaragua-2015/	https://cupofexcellence.org/nicaragua-2015/	200		8e47df04167d887cc3b401d63fb467921f9667352f3bfcdd9710759f062524aa	164481	HASHED_ATTEMPT
artifact-b8c999a4919dcf04b6baa074e47e93ff	coe_bop	edition:coe:allianceforcoffeeexcellence_org_brazil_pulped_naturals_2012:2012	https://cupofexcellence.org/brazil-pulped-naturals-2012/	https://cupofexcellence.org/brazil-pulped-naturals-2012/	200		c5fdcbddfa1798f98a8bcce1ec48586a37eca38feec8ebbeaf24069a4cf5f39f	192825	HASHED_ATTEMPT
artifact-b8d3d77250c59191a9ef0729a7878681	coe_bop	edition:coe:allianceforcoffeeexcellence_org_el_salvador_2014:2014	https://allianceforcoffeeexcellence.org/el-salvador-2014/	https://allianceforcoffeeexcellence.org/el-salvador-2014/	200		596fb3034035e85e1618963d6058a115772abdf140ab505c4262f8d4a1697c8a	334178	HASHED_ATTEMPT
artifact-b900382aa4f62d394563628752d56d63	coe_bop	edition:coe:allianceforcoffeeexcellence_org_honduras_2018:2018	https://allianceforcoffeeexcellence.org/honduras-2018/	https://allianceforcoffeeexcellence.org/honduras-2018/	200		6dfa68df69d31ad59f1583c7338c9562735c7c1b45d4282db8fe8b795ebd9822	409025	HASHED_ATTEMPT
artifact-b9ab14bd83916e66e48139fd0af6d482	coe_bop	edition:coe:allianceforcoffeeexcellence_org_el_salvador_2004:2004	https://allianceforcoffeeexcellence.org/el-salvador-2004/	https://allianceforcoffeeexcellence.org/el-salvador-2004/	200		dfdc0bf3819980dfadb7f4ea74d28e946bee0a471d85b4c474e7e87f47f94959	332950	HASHED_ATTEMPT
artifact-ba7ae66bb11407c1e01345f7e5d9a5d7	coe_bop	edition:coe:allianceforcoffeeexcellence_org_rwanda_2013:2013	https://cupofexcellence.org/rwanda-2013/	https://cupofexcellence.org/rwanda-2013/	200		30a13698d04c01486cd559774fe96027b5fdf0d95f5881ad493a95b1b025eb53	175535	HASHED_ATTEMPT
artifact-baed4928a6a7e8f62756bf714c3f9055	coe_bop	edition:coe:allianceforcoffeeexcellence_org_brazil_naturals_2013:2013	https://allianceforcoffeeexcellence.org/brazil-naturals-2013/	https://allianceforcoffeeexcellence.org/brazil-naturals-2013/	200		6d46f645ae6fd0e04d1f8a3f30ee6d1a28d80f6212d8b668fdbe9a52fcc9205e	337436	HASHED_ATTEMPT
artifact-bb310728cba9bcb2e1ec065dbfa51379	coe_bop	source:coe_farm_directory	https://farmdirectory.cupofexcellence.org/listings/?pg=57	https://farmdirectory.cupofexcellence.org/listings/?pg=57	200		3b9d4a653a46f2e929d0e04eb206cdf5c32168f7482f2a11a38c4b20db824b18	129098	HASHED_ATTEMPT
artifact-bbf5d549aebc7df9da733bfb39c603ec	coe_bop	edition:coe:allianceforcoffeeexcellence_org_honduras_2017:2017	https://cupofexcellence.org/honduras-2017/	https://cupofexcellence.org/honduras-2017/	200		453acfc3577f71686783139f9a6dad190ea8edcb188a778e2c8419166593cf95	193018	HASHED_ATTEMPT
artifact-be123bf7e7b5e8875687daba25724932	coe_bop	source:coe_farm_directory	https://farmdirectory.cupofexcellence.org/listings/?pg=85	https://farmdirectory.cupofexcellence.org/listings/?pg=85	200		176884b6f87d90a2f533d69d560b733facd692f1c9c66ecba2e4a615b6eff27a	130643	HASHED_ATTEMPT
artifact-be178c5b6d0954e8c824b7d8ed0202ef	coe_bop	edition:coe:allianceforcoffeeexcellence_org_burundi_2019:2019	https://allianceforcoffeeexcellence.org/burundi-2019/	https://allianceforcoffeeexcellence.org/burundi-2019/	200		06628003a0b3c0b5ca6d570e72bc75de7eb3fb2ef831ee3f55e92d93c16dc1ef	398125	HASHED_ATTEMPT
artifact-be216e7e35919e856aa793ea9c99bb9b	coe_bop	edition:coe:allianceforcoffeeexcellence_org_costa_rica_2014:2014	https://cupofexcellence.org/costa-rica-2014/	https://cupofexcellence.org/costa-rica-2014/	200		fe69479574c91ca198a2007348e8c976de43adae1671dba4874a96e050ccac56	188135	HASHED_ATTEMPT
artifact-be37578d88b70ff9792282f260b419fa	coe_bop	edition:coe:allianceforcoffeeexcellence_org_costa_rica_2013:2013	https://cupofexcellence.org/costa-rica-2013/	https://cupofexcellence.org/costa-rica-2013/	200		6f2903c4a7beeb7ee5528bc69b75b5fd165d334c101358fc806c8db488d6290f	182438	HASHED_ATTEMPT
artifact-bfb435103065a3f4aacb369857f8e61b	coe_bop	source:coe_farm_directory	https://farmdirectory.cupofexcellence.org/listings/?pg=82	https://farmdirectory.cupofexcellence.org/listings/?pg=82	200		365ce3aa212bf5a51eddb8a9d6ac88988b98fd47b0e182fc5056cf3e77357b82	130312	HASHED_ATTEMPT
artifact-c04648ba1cff1f2c91e347b16a4cb12d	coe_bop	edition:coe:allianceforcoffeeexcellence_org_brazil_pulped_naturals_2013:2013	https://cupofexcellence.org/brazil-pulped-naturals-2013/	https://cupofexcellence.org/brazil-pulped-naturals-2013/	200		dba2da781cb3c7f0ba6bac7142ab8ccf55d71ac6049613541fc3bbb38f0520d6	207058	HASHED_ATTEMPT
artifact-c0d829a930bb885799dc78617b203439	coe_bop	source:coe_farm_directory	https://farmdirectory.cupofexcellence.org/listings/?pg=104	https://farmdirectory.cupofexcellence.org/listings/?pg=104	200		26ae594612c3298415175f495d686bf548ebc5af8e4f47179bf9435e8de16552	126418	HASHED_ATTEMPT
artifact-c0d9eb62e4b040b620e2376c74920034	coe_bop	source:coe_farm_directory	https://farmdirectory.cupofexcellence.org/listings/?pg=80	https://farmdirectory.cupofexcellence.org/listings/?pg=80	200		d95f560824e1424bfbcc2f3c47795497e73d71a28505022230df4addf9c7c5c5	130309	HASHED_ATTEMPT
artifact-c238134add02ca3652f9d0d72f3751ca	coe_bop	edition:coe:allianceforcoffeeexcellence_org_guatemala_2014:2014	https://cupofexcellence.org/guatemala-2014/	https://cupofexcellence.org/guatemala-2014/	200		7b28749f6a27cee7f76f2bd795eac84254a7009aedd795c76ae6df0f80ed12ab	187477	HASHED_ATTEMPT
artifact-c3201ae49ede700095375a3ddbe90299	coe_bop	edition:coe:allianceforcoffeeexcellence_org_ethiopia_2021:2021	https://allianceforcoffeeexcellence.org/ethiopia-2021/	https://allianceforcoffeeexcellence.org/ethiopia-2021/	200		f09bcad40f8749d9f4cd14d9248f6abe368e0ea0077497133620e6adefabe798	482630	HASHED_ATTEMPT
artifact-c35bd783f02c26d2c7e78be8e9052a55	coe_bop	source:coe_farm_directory	https://farmdirectory.cupofexcellence.org/listings/?pg=100	https://farmdirectory.cupofexcellence.org/listings/?pg=100	200		c35a791ebb315b5c42575c5cfd2b9ffa131d58eac32b72e8ec5c0eb66991f45a	128226	HASHED_ATTEMPT
artifact-c621ad7eb5b14d8f6ae3eef8056f2470	coe_bop	edition:coe:allianceforcoffeeexcellence_org_costa_rica_coe_2017:2017	https://cupofexcellence.org/costa-rica-coe-2017/	https://cupofexcellence.org/costa-rica-coe-2017/	200		3118c5075863057f186c454767331fd511e80bf9cdc4b5f57287f589328824de	199473	HASHED_ATTEMPT
artifact-c6650045661f5cff7a5d50d703012432	coe_bop	edition:coe:allianceforcoffeeexcellence_org_brazil_naturals_2015_january:2015_january	https://cupofexcellence.org/brazil-naturals-2015-january/	https://cupofexcellence.org/brazil-naturals-2015-january/	200		89211c806bbb1afc5651e7a3d43cd57afa8f0066d41165ec777f173d5a88c8c3	197889	HASHED_ATTEMPT
artifact-c75b095d937e08521440dbdcc3512af0	coe_bop	edition:coe:allianceforcoffeeexcellence_org_peru_2023:2023	https://allianceforcoffeeexcellence.org/peru-2023/	https://allianceforcoffeeexcellence.org/peru-2023/	200		2906912966fdd16e2ab7a70d7c5d27746f1066152b2ec84bbff35bba157e4550	404010	HASHED_ATTEMPT
artifact-c790fd3c57168ee53c5b8239d6b95d79	coe_bop	source:coe_farm_directory	https://farmdirectory.cupofexcellence.org/listings/?pg=68	https://farmdirectory.cupofexcellence.org/listings/?pg=68	200		efe22cb50111103398b5d86a712dec48f647346b03f48eccdd4355da3c73bb18	129009	HASHED_ATTEMPT
artifact-c7a5854a83b5dce17631bd8d36031cbc	coe_bop	edition:coe:allianceforcoffeeexcellence_org_brazil_naturals_2017:2017	https://cupofexcellence.org/brazil-naturals-2017/	https://cupofexcellence.org/brazil-naturals-2017/	200		d93370ecd574c490e3b22dc14bb90245b16fe7c224cb0351b92a2b2c0f3c8c2a	215493	HASHED_ATTEMPT
artifact-c84e079b407ba7a77024c83aaa42bf63	coe_bop	edition:coe:allianceforcoffeeexcellence_org_honduras_2025:2025	https://allianceforcoffeeexcellence.org/honduras-2025/	https://allianceforcoffeeexcellence.org/honduras-2025/	200		e06f215e7c2eee675c11d431757e325e4d782efcf725a34d951b171008101ba0	405775	HASHED_ATTEMPT
artifact-c8f74ad167a80b56ba348c2cc15ed9f0	coe_bop	edition:coe:allianceforcoffeeexcellence_org_nicaragua_2006:2006	https://cupofexcellence.org/nicaragua-2006/	https://cupofexcellence.org/nicaragua-2006/	200		9a4d6bd30310be04f9486bf50533254ce4618164bd41c0dfbf5b63c5870a072c	186098	HASHED_ATTEMPT
artifact-c9968a302e57f2ef864a3ce3cd5efdaa	coe_bop	edition:coe:allianceforcoffeeexcellence_org_costa_rica_2015:2015	https://allianceforcoffeeexcellence.org/costa-rica-2015/	https://allianceforcoffeeexcellence.org/costa-rica-2015/	200		f22ccd6e7d73806fabfba31c846fa0db8464f71cfd1b21a68d6a18f828882f8a	288518	HASHED_ATTEMPT
artifact-c9cefa1202202732f660fd0bae37b5fd	coe_bop	edition:coe:allianceforcoffeeexcellence_org_honduras_2024:2024	https://allianceforcoffeeexcellence.org/honduras-2024/	https://allianceforcoffeeexcellence.org/honduras-2024/	200		61b48809ba69998eda0afa97e31b4efb915e557a2988e8e543342ce6326a46e5	396527	HASHED_ATTEMPT
artifact-ca2b40ab55be33a9501c072989aef4d0	coe_bop	edition:coe:allianceforcoffeeexcellence_org_brazil_pulped_naturals_2014:2014	https://allianceforcoffeeexcellence.org/brazil-pulped-naturals-2014/	https://allianceforcoffeeexcellence.org/brazil-pulped-naturals-2014/	200		ac9e492e466bc74cf8c7b8f1a791bcb1a051ef39ab3daa35447554b75d00b330	319569	HASHED_ATTEMPT
artifact-cb6bf2d24bf901793b8bb158db258fbd	coe_bop	edition:coe:allianceforcoffeeexcellence_org_el_salvador_2009:2009	https://cupofexcellence.org/el-salvador-2009/	https://cupofexcellence.org/el-salvador-2009/	200		2817d944d1da05d64980c13d0720c3210319d4a5339f9226339bb8c33f66f104	194257	HASHED_ATTEMPT
artifact-cc11c0977a534a33fe6b8e0aeeb66637	coe_bop	edition:coe:allianceforcoffeeexcellence_org_nicaragua_2007:2007	https://allianceforcoffeeexcellence.org/nicaragua-2007/	https://allianceforcoffeeexcellence.org/nicaragua-2007/	200		362fa67209d0a7f4a1e433a2f17d07e5d869d768dbf5e0882cd858b94d708ce9	332889	HASHED_ATTEMPT
artifact-ce507a41a317d3eb49f335eebdce505e	coe_bop	edition:coe:allianceforcoffeeexcellence_org_honduras_2008:2008	https://cupofexcellence.org/honduras-2008/	https://cupofexcellence.org/honduras-2008/	200		8781e49814e7ba6cd2b93d2386e5fcfa4761c4341889cf560bd964aff38c80f1	185948	HASHED_ATTEMPT
artifact-ce9113a8cb38b7e788f43d6ab4fba398	coe_bop	edition:coe:allianceforcoffeeexcellence_org_burundi_2013:2013	https://cupofexcellence.org/burundi-2013/	https://cupofexcellence.org/burundi-2013/	200		184ae6fd46460cf6940b606e4abe3affd289dc5b8918d368cb63fa016bbcf837	173141	HASHED_ATTEMPT
artifact-ceb609c17c099e169d9a8f332d7bb2e5	coe_bop	edition:coe:allianceforcoffeeexcellence_org_2023_best_of_taiwan:2023_pilot_best_of_taiwan	https://allianceforcoffeeexcellence.org/2023-best-of-taiwan/	https://allianceforcoffeeexcellence.org/2023-best-of-taiwan/	200		7bb87533afb9c10cddb127c61e10e55f66185595a53619fa56865fd237ce8bec	304938	HASHED_ATTEMPT
artifact-d0684cb6c599f1a9b978d0220c9a0357	coe_bop	edition:coe:allianceforcoffeeexcellence_org_nicaragua_2007:2007	https://cupofexcellence.org/nicaragua-2007/	https://cupofexcellence.org/nicaragua-2007/	200		6760791b105c6937b3c8284668f5274e8ba3b7b5abaaa477d889b3083c5bc092	195226	HASHED_ATTEMPT
artifact-d0faccb96feedcad54ff7136e1ec953f	coe_bop	edition:coe:allianceforcoffeeexcellence_org_brazil_naturals_2016:2016	https://allianceforcoffeeexcellence.org/brazil-naturals-2016/	https://allianceforcoffeeexcellence.org/brazil-naturals-2016/	200		6d672b33678869a53e3d32c49b210992e3c86939292ce610995ea0ee98d08bfb	323538	HASHED_ATTEMPT
artifact-d1a6a73599efd911f313444632ff858c	coe_bop	edition:coe:allianceforcoffeeexcellence_org_nicaragua_2008:2008	https://cupofexcellence.org/nicaragua-2008/	https://cupofexcellence.org/nicaragua-2008/	200		b107d07df5cc793f551f36e7a83b4a19811d4c4ea07c8be71965a28c12f4dcec	184788	HASHED_ATTEMPT
artifact-d1f2be68876e1bb2801d2abd269adebd	coe_bop	edition:coe:allianceforcoffeeexcellence_org_peru_2025:2025	https://allianceforcoffeeexcellence.org/peru-2025/	https://allianceforcoffeeexcellence.org/peru-2025/	200		83b674daf22d57d7d42ea92c30fb3b3b2a7b4927b3da6505022238a26941cc1a	378451	HASHED_ATTEMPT
artifact-d2f9d6deef37b5f651de021693d3cdb7	coe_bop	source:coe_farm_directory	https://farmdirectory.cupofexcellence.org/listings/?pg=79	https://farmdirectory.cupofexcellence.org/listings/?pg=79	200		a44acd9fabf63fecb5d74c88cc508c33c39bba05793144d66a9c7f0d3fbdde62	130442	HASHED_ATTEMPT
artifact-d3492dc0e1e755f14997542260a75244	coe_bop	edition:coe:allianceforcoffeeexcellence_org_nicaragua_2022:2022	https://allianceforcoffeeexcellence.org/nicaragua-2022/	https://allianceforcoffeeexcellence.org/nicaragua-2022/	200		a615205aea8eae0dafd522d8aec7d7fec8ae9de6beea2f5d63e200fde60fe32b	440131	HASHED_ATTEMPT
artifact-d35d98f6a63725e93b74f88690c9a211	coe_bop	source:coe_farm_directory	https://farmdirectory.cupofexcellence.org/listings/?pg=44	https://farmdirectory.cupofexcellence.org/listings/?pg=44	200		15bcc6accb168bab23c02536df0de33f10f1028f8461cb5fc08ab80a64d5ec4e	129333	HASHED_ATTEMPT
artifact-d52dad898f57be0e130bb6c114b978fc	coe_bop	edition:coe:allianceforcoffeeexcellence_org_nicaragua_2025:2025	https://allianceforcoffeeexcellence.org/nicaragua-2025/	https://allianceforcoffeeexcellence.org/nicaragua-2025/	200		22153add49997e8cb7574ef27850655789619577cbeee9c28bf6f937cc6d55e4	399004	HASHED_ATTEMPT
artifact-d53b5caf787dacd67991c1478e48433e	coe_bop	source:coe_farm_directory	https://farmdirectory.cupofexcellence.org/listings/?pg=96	https://farmdirectory.cupofexcellence.org/listings/?pg=96	200		5206e3029e19699aae296d3ea2ea804ac8fedb51723062547678816233e5d6f0	128427	HASHED_ATTEMPT
artifact-d5a2123a6f2c705d8483b5f9c012458f	coe_bop	edition:coe:allianceforcoffeeexcellence_org_costa_rica_2008:2008	https://cupofexcellence.org/costa-rica-2008/	https://cupofexcellence.org/costa-rica-2008/	200		8676246273c3eb7af328ae3e020876d33c6e938fc004faeb592ebe3392b74495	189837	HASHED_ATTEMPT
artifact-d5e7e5c5d5e723654c6ca70cefebbb00	coe_bop	source:coe_farm_directory	https://farmdirectory.cupofexcellence.org/listings/?pg=35	https://farmdirectory.cupofexcellence.org/listings/?pg=35	200		5bfda3ab60f2135a9803addf8abf907ebb3f25f6e7013161dd925bec51b8a1a6	128539	HASHED_ATTEMPT
artifact-d61ea68b047f46df2413814d9f796ca3	coe_bop	edition:coe:allianceforcoffeeexcellence_org_honduras_2005:2005	https://cupofexcellence.org/honduras-2005/	https://cupofexcellence.org/honduras-2005/	200		1e8853ec23a1a46180f5acf385665206417aa2f9f3881fffd7ecfcb3dd93e191	201165	HASHED_ATTEMPT
artifact-d62556e4fa014f745dd5b282df1127e0	coe_bop	source:coe_farm_directory	https://farmdirectory.cupofexcellence.org/listings/?pg=101	https://farmdirectory.cupofexcellence.org/listings/?pg=101	200		39f85979ace89970498043fcb8180332bcfc716204e557c6e42095f054f92042	128187	HASHED_ATTEMPT
artifact-d6dbbabd24e4bbcaa226ac586f471293	coe_bop	edition:coe:allianceforcoffeeexcellence_org_mexico_2018:2018	https://cupofexcellence.org/mexico-2018/	https://cupofexcellence.org/mexico-2018/	200		f9dd1c2a49e67cbb3756d40677fd1e74208f15e0a1018db77ae632d68cf05639	263151	HASHED_ATTEMPT
artifact-d7d5e03f9fcaf139fb36f33d791a4a3f	coe_bop	edition:coe:allianceforcoffeeexcellence_org_brazil_2019:2019	https://allianceforcoffeeexcellence.org/brazil-2019/	https://allianceforcoffeeexcellence.org/brazil-2019/	200		3dbe014520927456c2ba62043bfcc35368e6f22407cc722b5d2b16f2127d232d	439451	HASHED_ATTEMPT
artifact-d8222d3ddd187622975ce4ad2ee4b607	coe_bop	edition:coe:allianceforcoffeeexcellence_org_guatemala_2007:2007	https://allianceforcoffeeexcellence.org/guatemala-2007/	https://allianceforcoffeeexcellence.org/guatemala-2007/	200		1fb19dd59fe6e4258014c89684176198ab970639ba78ea992b73cfc7245aff34	316739	HASHED_ATTEMPT
artifact-d836702930f809c9dd1392d6ead99e7d	coe_bop	edition:coe:allianceforcoffeeexcellence_org_guatemala_2016:2016	https://allianceforcoffeeexcellence.org/guatemala-2016/	https://allianceforcoffeeexcellence.org/guatemala-2016/	200		74de0e50a94e2df553dfabd77fae92a710b04639ffc3235bb3e89cc3bd351d79	278257	HASHED_ATTEMPT
artifact-d881dfd24d2d2dfc8eb26d1af51ad81f	coe_bop	edition:coe:allianceforcoffeeexcellence_org_nicaragua_2020:2020	https://allianceforcoffeeexcellence.org/nicaragua-2020/	https://allianceforcoffeeexcellence.org/nicaragua-2020/	200		5de7a97bc03c10b826d6be95bf5a93e34880d9bf1dcd15a0d1b5b59bed031b0f	348936	HASHED_ATTEMPT
artifact-d89dd2c575345c748676f71e23369cc9	coe_bop	source:coe_farm_directory	https://farmdirectory.cupofexcellence.org/terms/	https://farmdirectory.cupofexcellence.org/terms/	200		019d3300faa80056274089a4e485abfd235574116197f32e1fc99854ce73decc	114400	HASHED_ATTEMPT
artifact-d8e13a670a2ceaca2103accc1e46c9b4	coe_bop	edition:coe:allianceforcoffeeexcellence_org_brazil_2024:2024	https://allianceforcoffeeexcellence.org/brazil-2024/	https://allianceforcoffeeexcellence.org/brazil-2024/	200		047009ad8a800210caed28bed579f7704322838009c46eddc7b2970d980d12c1	387605	HASHED_ATTEMPT
artifact-da8007621f386dc6118ee00921f1410b	coe_bop	edition:coe:allianceforcoffeeexcellence_org_honduras_2023:2023	https://allianceforcoffeeexcellence.org/honduras-2023/	https://allianceforcoffeeexcellence.org/honduras-2023/	200		a92cf4cac6198cc161405161fed843fb68a70a9458eb16a8aa0776cb63021ec9	436904	HASHED_ATTEMPT
artifact-db328c0dd48068ae13df040202268e57	coe_bop	edition:coe:allianceforcoffeeexcellence_org_nicaragua_2010:2010	https://allianceforcoffeeexcellence.org/nicaragua-2010/	https://allianceforcoffeeexcellence.org/nicaragua-2010/	200		9c9f5dd6f5decf3961a79c710eb5f0be2a161c597b609400358ccfbd19f44e96	325186	HASHED_ATTEMPT
artifact-db46af72ba53963a174287510cff5d57	coe_bop	source:bop_results_archive	https://bestofpanama.auction/auction-2020	https://bestofpanama.auction/auction-2020	200		1dec59e5ae5ef8f465df353b6bd15338aa7dd91680bc82a5c8e2c28ddb3cf9de	485848	HASHED_ATTEMPT
artifact-de1a01ab8834b683099b40e90673bef0	coe_bop	source:coe_farm_directory	https://farmdirectory.cupofexcellence.org/listings/?pg=103	https://farmdirectory.cupofexcellence.org/listings/?pg=103	200		f5421525ebe2fcb06ac8dd91bf20ef51991a1a6478d8a04acc96a0d05884ea30	127833	HASHED_ATTEMPT
artifact-de811e3e2885bbc4b0475420a8fe3b22	coe_bop	edition:coe:allianceforcoffeeexcellence_org_honduras_2011:2011	https://allianceforcoffeeexcellence.org/honduras-2011/	https://allianceforcoffeeexcellence.org/honduras-2011/	200		0d9e210ac7f98923c56e6a0b975e23c5d655cb7f9a74b66bda258c8dce8a985b	331146	HASHED_ATTEMPT
artifact-dea6c91afd0462255e06a4e0604a0e70	coe_bop	edition:coe:allianceforcoffeeexcellence_org_colombia_north_2007:2007_north	https://cupofexcellence.org/colombia-north-2007/	https://cupofexcellence.org/colombia-north-2007/	200		b0f01ca6ae114343e55247c1112721e1879c06269a5b9a371d9cb2444348b3f2	158128	HASHED_ATTEMPT
artifact-dedd6b80c4b7c1e0d470f760d31c87ce	coe_bop	edition:coe:allianceforcoffeeexcellence_org_brazil_naturals_2017:2017	https://allianceforcoffeeexcellence.org/brazil-naturals-2017/	https://allianceforcoffeeexcellence.org/brazil-naturals-2017/	200		16f0d43724ff74410e4c41d86874ee5395647ca57ecdc46cf4a069dcc24cf030	335588	HASHED_ATTEMPT
artifact-df13e36bb477d6fc8c50b00bfb8defbe	coe_bop	edition:coe:allianceforcoffeeexcellence_org_nicaragua_2011:2011	https://cupofexcellence.org/nicaragua-2011/	https://cupofexcellence.org/nicaragua-2011/	200		dfff77be5641c8627efe9009a389afea4849bd33831c0e41716747050bedef53	187990	HASHED_ATTEMPT
artifact-dffa094745de274b955a156bde660b6f	coe_bop	source:coe_farm_directory	https://farmdirectory.cupofexcellence.org/listings/?pg=60	https://farmdirectory.cupofexcellence.org/listings/?pg=60	200		af1d5b4a8751f4aa3fb3202c443dab671cd314085b31173d49b040a42df92042	129489	HASHED_ATTEMPT
artifact-e01e5ff36cfeaf40dec1dee910d37dcf	coe_bop	edition:coe:allianceforcoffeeexcellence_org_el_salvador_2020:2020	https://allianceforcoffeeexcellence.org/el-salvador-2020/	https://allianceforcoffeeexcellence.org/el-salvador-2020/	200		8c3e57b7346ef9eb57f51d0759fd616c216a404e399f17496fcc68a3beb61678	355557	HASHED_ATTEMPT
artifact-e429e822e00be4395f127789aba6c8d6	coe_bop	edition:coe:allianceforcoffeeexcellence_org_colombia_2018:2018	https://allianceforcoffeeexcellence.org/colombia-2018/	https://allianceforcoffeeexcellence.org/colombia-2018/	200		0ed270b3f4000b8deaeeca52542f87c6855372ec685529fb2a5ba5c547e06461	396094	HASHED_ATTEMPT
artifact-e464f269653936b5b428fb08ba337675	coe_bop	edition:coe:allianceforcoffeeexcellence_org_brazil_pulped_naturals_1999:1999	https://allianceforcoffeeexcellence.org/brazil-pulped-naturals-1999/	https://allianceforcoffeeexcellence.org/brazil-pulped-naturals-1999/	200		5d103b4a38f78bd34950debaff61c8b015444a40f956e160ee10a36d8cd1fe49	305696	HASHED_ATTEMPT
artifact-e5cddae1619b1c030f4a8ed89edc87ab	coe_bop	source:coe_farm_directory	https://farmdirectory.cupofexcellence.org/listings/?pg=29	https://farmdirectory.cupofexcellence.org/listings/?pg=29	200		abfeb3abb460a6cc8c2de03b3fa638ec9b53f2a13298373d855bfde02cee925d	129018	HASHED_ATTEMPT
artifact-e69bdfaee7f6d5b3ca05cb18a904cda8	coe_bop	edition:coe:allianceforcoffeeexcellence_org_guatemala_2012:2012	https://allianceforcoffeeexcellence.org/guatemala-2012/	https://allianceforcoffeeexcellence.org/guatemala-2012/	200		b8ba856966a04eda6a6c19278c21f614aa9d44f0b79e77d27ad6a1c7373414bd	323269	HASHED_ATTEMPT
artifact-e6aa73e53e457991ad24f2f5c1a4fb7d	coe_bop	edition:coe:allianceforcoffeeexcellence_org_brazil_pulped_naturals_2000:2000	https://cupofexcellence.org/brazil-pulped-naturals-2000/	https://cupofexcellence.org/brazil-pulped-naturals-2000/	200		d3bcda566dd9148c0509bac2def606d615e9ebb5485f29de2f8b4aebf931ed09	182106	HASHED_ATTEMPT
artifact-e8673be4c225673dcf79fa7bf2c570c4	coe_bop	edition:coe:allianceforcoffeeexcellence_org_costa_rica_2018:2018	https://cupofexcellence.org/costa-rica-2018/	https://cupofexcellence.org/costa-rica-2018/	200		c94f726fe0643329225595523679f98628033149e725c26fa0527ea01e482c6a	284577	HASHED_ATTEMPT
artifact-e8a881e2bf237828c1fd6675608f2fb5	coe_bop	edition:coe:allianceforcoffeeexcellence_org_burundi_2015:2015	https://cupofexcellence.org/burundi-2015/	https://cupofexcellence.org/burundi-2015/	200		7fb076753b6b8dd2c28e63e1f13133de60e1b88226e8613449625f9fc8e99f56	189464	HASHED_ATTEMPT
artifact-e9adb4d6acfbacd149bd2354505627c0	coe_bop	edition:coe:allianceforcoffeeexcellence_org_brazil_pulped_naturals_2016:2016	https://cupofexcellence.org/brazil-pulped-naturals-2016/	https://cupofexcellence.org/brazil-pulped-naturals-2016/	200		702c3dd0d3efe36b6ece771bc9a7ec45531127c2dd1f8c11314abb7a35fd3429	201332	HASHED_ATTEMPT
artifact-ebea44b310d53a4bf140060b1f6b2df9	coe_bop	edition:coe:allianceforcoffeeexcellence_org_brazil_pulped_naturals_2006:2006	https://cupofexcellence.org/brazil-pulped-naturals-2006/	https://cupofexcellence.org/brazil-pulped-naturals-2006/	200		51c13144f5ede90ede25490d1778ba9928fb66ff09e746421a6c7e73d8cb5d62	198169	HASHED_ATTEMPT
artifact-ec3b4de04616004e40ea00707c675e1e	coe_bop	source:coe_farm_directory	https://farmdirectory.cupofexcellence.org/listings/?pg=89	https://farmdirectory.cupofexcellence.org/listings/?pg=89	200		196407a006719985bf60dfc9bd0d390e842cf5d2c8e4bc5b42eac6e146341b97	129011	HASHED_ATTEMPT
artifact-ec51b07eb534cc929ec71b981add572d	coe_bop	edition:coe:allianceforcoffeeexcellence_org_costa_rica_2013:2013	https://allianceforcoffeeexcellence.org/costa-rica-2013/	https://allianceforcoffeeexcellence.org/costa-rica-2013/	200		ae05ce27bfc5145fa352c420f053730800fdbcdbd7c2c9369b4b155fd083da64	320091	HASHED_ATTEMPT
artifact-ec662364a6511f92b73ec854388118ef	coe_bop	edition:coe:allianceforcoffeeexcellence_org_burundi_2018:2018	https://allianceforcoffeeexcellence.org/burundi-2018/	https://allianceforcoffeeexcellence.org/burundi-2018/	200		ce1277dba1105eb2725cb998da3f4425c1e85f4a381331379cbd6bb04b6dcb40	452063	HASHED_ATTEMPT
artifact-ec7a58d612cc261657c6a39f7c20c8f6	coe_bop	edition:coe:allianceforcoffeeexcellence_org_burundi_2012:2012	https://cupofexcellence.org/burundi-2012/	https://cupofexcellence.org/burundi-2012/	200		cb8d146e18f3ec4a150818e6006638ae3276db0400b3392096f07c373c56323a	177442	HASHED_ATTEMPT
artifact-ec918f0549a70f3ec6732a0848fc4e63	coe_bop	edition:coe:allianceforcoffeeexcellence_org_rwanda_2014:2014	https://cupofexcellence.org/rwanda-2014/	https://cupofexcellence.org/rwanda-2014/	200		62567ae3ba1676db521e1e853e4f4116d419640ad3826f26658cc04c16ded593	212316	HASHED_ATTEMPT
artifact-eda5423242799cd22fbcbdf32795b341	coe_bop	edition:coe:allianceforcoffeeexcellence_org_mexico_2012:2012	https://allianceforcoffeeexcellence.org/mexico-2012/	https://allianceforcoffeeexcellence.org/mexico-2012/	200		bd05d30fa30961bfea1fb4eecd9b7c04c40a654667102fe3509a1108b671d7b4	306853	HASHED_ATTEMPT
artifact-ee15cd023123ae7a34193ac2339ca250	coe_bop	edition:coe:allianceforcoffeeexcellence_org_colombia_2021:2021	https://allianceforcoffeeexcellence.org/colombia-2021/	https://allianceforcoffeeexcellence.org/colombia-2021/	200		1dcd1db295d95950804f2ea9e33be1085f7946d02d067507266a544a8c0372d1	395252	HASHED_ATTEMPT
artifact-ee2a866d865b758e8d59e544711b9d88	coe_bop	edition:coe:allianceforcoffeeexcellence_org_guatemala_2017:2017	https://cupofexcellence.org/guatemala-2017/	https://cupofexcellence.org/guatemala-2017/	200		0d804402936d5fddd3d87ce67eb937369957529ef1f770ab084ef98b6537f837	196395	HASHED_ATTEMPT
artifact-ee3d70130d6900de1d48c7c8ce0d6968	coe_bop	edition:coe:allianceforcoffeeexcellence_org_honduras_2007:2007	https://allianceforcoffeeexcellence.org/honduras-2007/	https://allianceforcoffeeexcellence.org/honduras-2007/	200		ab2e5545d8a5603dcf88a9f605dda4d2dd1276762abe96cfd1c492fe2f97f568	321003	HASHED_ATTEMPT
artifact-eef3cc738b5575032380507f15f2ecb0	coe_bop	edition:coe:allianceforcoffeeexcellence_org_colombia_south_2008:2008_south	https://cupofexcellence.org/colombia-south-2008/	https://cupofexcellence.org/colombia-south-2008/	200		f508ebc481c39b4755250f1422148accae73dc57099ecb164e666e07a12b9bc1	177702	HASHED_ATTEMPT
artifact-ef034cf12311143761138b1272f83b38	coe_bop	source:coe_farm_directory	https://farmdirectory.cupofexcellence.org/listings/?pg=97	https://farmdirectory.cupofexcellence.org/listings/?pg=97	200		0dd4a05b20c1c7693c3eeeda4137343852d4b16afd102fe3fba85122e5668877	127387	HASHED_ATTEMPT
artifact-ef054b734327906a9f233c9fb264e677	coe_bop	edition:coe:allianceforcoffeeexcellence_org_guatemala_2021:2021	https://allianceforcoffeeexcellence.org/guatemala-2021/	https://allianceforcoffeeexcellence.org/guatemala-2021/	200		28d0b9786fd1d26d5e64311ca245eba0123011e906a8b47ec33371b77b09c1f2	465102	HASHED_ATTEMPT
artifact-efcc4ebf69cb8d31df76fd793524b1a2	coe_bop	edition:coe:allianceforcoffeeexcellence_org_honduras_2013:2013	https://cupofexcellence.org/honduras-2013/	https://cupofexcellence.org/honduras-2013/	200		71784f7c0ccfd1c3183d137462229d8ce1c6655a1e97e97de256b3dd5f066a79	182239	HASHED_ATTEMPT
artifact-f02507ea084b1d033da52ec6e3c14b3d	coe_bop	edition:coe:allianceforcoffeeexcellence_org_burundi_2015:2015	https://allianceforcoffeeexcellence.org/burundi-2015/	https://allianceforcoffeeexcellence.org/burundi-2015/	200		2ac43778ceef8d773dd8a8d4cb4aef0e994feb5cb78e9f816a698a58729e5941	327183	HASHED_ATTEMPT
artifact-f03188b44cb6edc9858c820569bcf62e	coe_bop	edition:coe:allianceforcoffeeexcellence_org_honduras_2017:2017	https://allianceforcoffeeexcellence.org/honduras-2017/	https://allianceforcoffeeexcellence.org/honduras-2017/	200		96ec266f0226a581cc31b54dd91a16f9bbd22740a148a49a2f3cbeb438fac122	330735	HASHED_ATTEMPT
artifact-f06b2abcb45e09b08d8a996e5e860b83	coe_bop	edition:coe:allianceforcoffeeexcellence_org_el_salvador_2013:2013	https://cupofexcellence.org/el-salvador-2013/	https://cupofexcellence.org/el-salvador-2013/	200		1929fb8364bf9464b10a2e98e6a5b9a1ff5231c3ad7edd34d9674222521761a2	187213	HASHED_ATTEMPT
artifact-f0d1f183a7abee745686d27ef5f8bd3e	coe_bop	edition:coe:allianceforcoffeeexcellence_org_honduras_2015:2015	https://allianceforcoffeeexcellence.org/honduras-2015/	https://allianceforcoffeeexcellence.org/honduras-2015/	200		7cf4ad0e8046dfb305df7f51edb764b43db7deeaf87039da7a9e07ad84cc0248	289329	HASHED_ATTEMPT
artifact-f20e3194c318f1b861e0eda4bcaf13d7	coe_bop	edition:coe:allianceforcoffeeexcellence_org_brazil_pulped_naturals_1999:1999	https://cupofexcellence.org/brazil-pulped-naturals-1999/	https://cupofexcellence.org/brazil-pulped-naturals-1999/	200		d4ec8249abc030a9f598c23d81212e002e38575cf9d2db3f91a50af5472b84b9	172543	HASHED_ATTEMPT
artifact-f2c4766e75b7448e83c985062632dff0	coe_bop	source:coe_farm_directory	https://farmdirectory.cupofexcellence.org/listings/?pg=10	https://farmdirectory.cupofexcellence.org/listings/?pg=10	200		6df95516955443bd9be545be457dc814d219ff3a1ad7522351c11a6cee082419	129202	HASHED_ATTEMPT
artifact-f38937855884df3b6e3adfb4a86a6a11	coe_bop	source:coe_farm_directory	https://farmdirectory.cupofexcellence.org/listings/?pg=37	https://farmdirectory.cupofexcellence.org/listings/?pg=37	200		f31e758098c1204c20f6af9424226ea852c1a07a027303aebe8558167f938167	129187	HASHED_ATTEMPT
artifact-f3b4fc471c69dc52bb9a3d99fcdfd0d1	coe_bop	edition:coe:allianceforcoffeeexcellence_org_burundi_2014:2014	https://cupofexcellence.org/burundi-2014/	https://cupofexcellence.org/burundi-2014/	200		d39c509ef0b6b10efe8fa18bba65f45d919bee35e1b27d41543a17f4d3cb869c	188335	HASHED_ATTEMPT
artifact-f3ca522d5bb6f5e79415595b3d2f7ce0	coe_bop	edition:coe:allianceforcoffeeexcellence_org_brazil_pulped_naturals_2001:2001	https://cupofexcellence.org/brazil-pulped-naturals-2001/	https://cupofexcellence.org/brazil-pulped-naturals-2001/	200		fa401f2e012ae92d6941530d83c7a777d9f42dc040a40a98cf6d78a63aa34984	183050	HASHED_ATTEMPT
artifact-f4302476bd647f63e2eb41a3ac7138d2	coe_bop	edition:coe:allianceforcoffeeexcellence_org_el_salvador_2024:2024	https://allianceforcoffeeexcellence.org/el-salvador-2024/	https://allianceforcoffeeexcellence.org/el-salvador-2024/	200		90beb7e94dfac95c4b88c297473dc5608d9ce81eb8c39b5186089973e64867bd	418894	HASHED_ATTEMPT
artifact-f45dc6569234394040e5bf5a3dfce386	coe_bop	edition:coe:allianceforcoffeeexcellence_org_guatemala_2006:2006	https://allianceforcoffeeexcellence.org/guatemala-2006/	https://allianceforcoffeeexcellence.org/guatemala-2006/	200		4802db2f2da253518152170e501fbe24d26da37d79e7386f85210dfba37b926e	321430	HASHED_ATTEMPT
artifact-f4b8f2a1b3ecf31d20d2518febdedb9f	coe_bop	source:coe_farm_directory	https://farmdirectory.cupofexcellence.org/listings/?pg=105	https://farmdirectory.cupofexcellence.org/listings/?pg=105	200		851d6c533a209ab8a6086d0470c071985bfa972f1fd7eff765278869de7d8ac2	2165	HASHED_ATTEMPT
artifact-f5311e13ac3d8c072c39ca2b7cf6516f	coe_bop	edition:coe:allianceforcoffeeexcellence_org_rwanda_2013:2013	https://allianceforcoffeeexcellence.org/rwanda-2013/	https://allianceforcoffeeexcellence.org/rwanda-2013/	200		ab78b5028621dde7292307e3719bd34db02036823f15d32ea21ec3edfbc42010	313052	HASHED_ATTEMPT
artifact-f56bda02e680ef11003bdfff5521ae54	coe_bop	edition:coe:allianceforcoffeeexcellence_org_guatemala_2006:2006	https://cupofexcellence.org/guatemala-2006/	https://cupofexcellence.org/guatemala-2006/	200		38bb9961dd66115c767fa8bcdd5761a1f77cd37eff44252b31289a8dabfa37b1	184039	HASHED_ATTEMPT
artifact-f5a02c274da87acf9717a2552429b298	coe_bop	source:coe_farm_directory	https://farmdirectory.cupofexcellence.org/listings/?pg=22	https://farmdirectory.cupofexcellence.org/listings/?pg=22	200		0af073ed0b6d10a1193a54fee4e9355781a168c1a5b781cd11e8ba30525ed898	129023	HASHED_ATTEMPT
artifact-f6b11d04dec41c04e1fcdb41b58db03d	coe_bop	edition:coe:allianceforcoffeeexcellence_org_guatemala_2019:2019	https://allianceforcoffeeexcellence.org/guatemala-2019/	https://allianceforcoffeeexcellence.org/guatemala-2019/	200		588eb153322c0caf8fa50bfd7ce0deb1456a6df02dafea34b222f92e93739f51	417593	HASHED_ATTEMPT
artifact-f6be777ccc2ddf059304d2a69e581173	coe_bop	source:bop_2026_about	https://bestofpanama.org/about2026	https://bestofpanama.org/about2026	200		642ab05db3a89e39c36595622571df291c3e28d527dfdc6e0404b2767a133d17	106067	HASHED_ATTEMPT
artifact-f705fa9e83e7b93a5e803397dc808fd8	coe_bop	edition:coe:allianceforcoffeeexcellence_org_colombia_north_2009:2009_north	https://cupofexcellence.org/colombia-north-2009/	https://cupofexcellence.org/colombia-north-2009/	200		c36b9b66a837ea5c87dd76ae5caf33cc5cc4a8548030eebef08e529b86da0c8c	186999	HASHED_ATTEMPT
artifact-f7958a23728d0fe0622833c55f32bb01	coe_bop	source:coe_farm_directory	https://farmdirectory.cupofexcellence.org/listings/?pg=78	https://farmdirectory.cupofexcellence.org/listings/?pg=78	200		192408781778cedec81fa84dd90a88c9a4ae5b967405ec1d2c32865cc607b571	130117	HASHED_ATTEMPT
artifact-f7bf8838d9865a84f2eb28f132cb5b7e	coe_bop	source:coe_farm_directory	https://farmdirectory.cupofexcellence.org/listings/?pg=46	https://farmdirectory.cupofexcellence.org/listings/?pg=46	200		1e932005e4696b26305ccf014f906ea1f6004b72f7d43fe9027b3d8a4ac19ec7	129110	HASHED_ATTEMPT
artifact-f8695f6b188a3504693730ff12410e8e	coe_bop	edition:coe:allianceforcoffeeexcellence_org_el_salvador_2008:2008	https://cupofexcellence.org/el-salvador-2008/	https://cupofexcellence.org/el-salvador-2008/	200		76fba60c49e9f41b4195fbd9fefc6c0f5da91465aa37ecfe88b7b7fab72f2778	195426	HASHED_ATTEMPT
artifact-f8c28c098c4e8ccc7e7946171958d9ad	coe_bop	edition:coe:allianceforcoffeeexcellence_org_nicaragua_2003:2003	https://allianceforcoffeeexcellence.org/nicaragua-2003/	https://allianceforcoffeeexcellence.org/nicaragua-2003/	200		b22baaabf333cbe85517297705a4bb88aa11f6d7584448ecb3779ba26cf662ef	336015	HASHED_ATTEMPT
artifact-f93dabb8d80b76a0800ecd9e60053981	coe_bop	edition:coe:allianceforcoffeeexcellence_org_mexico_2015:2015	https://cupofexcellence.org/mexico-2015/	https://cupofexcellence.org/mexico-2015/	200		dc2b8fd07b6bb6c076f3172409ab0a01f40cae11786d27cbe8efadf60f349a74	146475	HASHED_ATTEMPT
artifact-f962a886b968d3ef0ab9b0fc94010c8f	coe_bop	source:coe_farm_directory	https://farmdirectory.cupofexcellence.org/listings/?pg=87	https://farmdirectory.cupofexcellence.org/listings/?pg=87	200		3d13eefc168ee5626ae1073baaa94d3568f869b0d7a08332a0384f27ad597e10	130868	HASHED_ATTEMPT
artifact-f98ac07f9b81384fab9addc16b4c6922	coe_bop	edition:coe:allianceforcoffeeexcellence_org_el_salvador_2019:2019	https://allianceforcoffeeexcellence.org/el-salvador-2019/	https://allianceforcoffeeexcellence.org/el-salvador-2019/	200		784a65a759ddf9e572021738341245ba0d7e43f689928274d7e0e0ac38d4d319	412489	HASHED_ATTEMPT
artifact-facd305d0d3b6559310a27e4ca5b9d37	coe_bop	edition:coe:allianceforcoffeeexcellence_org_indonesia_2023:2023	https://allianceforcoffeeexcellence.org/indonesia-2023/	https://allianceforcoffeeexcellence.org/indonesia-2023/	200		844049534f1ebd886ada737286dd7999e97b2638613dff00554fa074ec205437	353327	HASHED_ATTEMPT
artifact-fb32afe1fdc3c51c0c6d165b25c3753a	coe_bop	source:coe_farm_directory	https://farmdirectory.cupofexcellence.org/listings/?pg=45	https://farmdirectory.cupofexcellence.org/listings/?pg=45	200		51e388144d5a730afa66c0902b1a3e2342ea06bc9dcf5cd8a3735b577d159125	129106	HASHED_ATTEMPT
artifact-fbf973f55e6a5727ae2baad8a4f93374	coe_bop	source:coe_farm_directory	https://farmdirectory.cupofexcellence.org/listings/?pg=64	https://farmdirectory.cupofexcellence.org/listings/?pg=64	200		eff82af65230805ecbc4a8c8121f685a77686147a50186591121df39f88d06ff	129089	HASHED_ATTEMPT
artifact-fd03d58b0d48ed72f98331dbdd9de779	coe_bop	source:coe_farm_directory	https://farmdirectory.cupofexcellence.org/listings/?pg=34	https://farmdirectory.cupofexcellence.org/listings/?pg=34	200		dfc23e0e9ed27b13e130683f07ac884eed1a7574af74c2deb257ea0f85917b0e	127569	HASHED_ATTEMPT
artifact-fe7d354a577fea1759598187615289b4	coe_bop	source:coe_farm_directory	https://farmdirectory.cupofexcellence.org/listings/?pg=6	https://farmdirectory.cupofexcellence.org/listings/?pg=6	200		e17cb0609d5da9d549ff113274828e208c7855745d32732ce2df28aa60b27cbf	128710	HASHED_ATTEMPT
artifact-ff3570ef31246e042de21931f341653c	coe_bop	edition:coe:allianceforcoffeeexcellence_org_nicaragua_2017:2017	https://cupofexcellence.org/nicaragua-2017/	https://cupofexcellence.org/nicaragua-2017/	200		094e97f8d1661c4faa3e12e90a358b5639d940e860376173e91029f172cc67ec	190636	HASHED_ATTEMPT
artifact-ff5630b8cb057780d205241b79b5d2c4	coe_bop	edition:coe:allianceforcoffeeexcellence_org_mexico_2024:2024	https://allianceforcoffeeexcellence.org/mexico-2024/	https://allianceforcoffeeexcellence.org/mexico-2024/	200		71991a841de7bc92d830b9e0d98ff7d1d1177bee2901739652c0c9c702b337ed	426484	HASHED_ATTEMPT
artifact-ff63bd09540865da0ec315cef51fb8a9	coe_bop	source:coe_farm_directory	https://farmdirectory.cupofexcellence.org/listings/?pg=26	https://farmdirectory.cupofexcellence.org/listings/?pg=26	200		b6d63420191c26294a61629662120df270b9c4867142f06e808ce77cf61b9ce9	129016	HASHED_ATTEMPT
artifact-ff89b2ddfadf72ef45ce37163929f9ec	coe_bop	source:coe_farm_directory	https://farmdirectory.cupofexcellence.org/listings/?pg=25	https://farmdirectory.cupofexcellence.org/listings/?pg=25	200		fcea5a819f25246fb1b83ec6816b11cba2bd8b9f783b3d018dfe34c02b866118	128368	HASHED_ATTEMPT
artifact-0a80b0950235c2f9a4ced8d0972b6531	commercial_regional	series:golden_bean_australasia	https://cdn.shopify.com/s/files/1/0584/8734/1218/files/Cat_11_Medalists.pdf?v=1750659270	https://cdn.shopify.com/s/files/1/0584/8734/1218/files/Cat_11_Medalists.pdf?v=1750659270	200		5c3ceb980705f900447c49ffeb1ab440fede38f2de899df4dabc3e9e09e1d333	1238461	HASHED_ATTEMPT
artifact-0d0164009e82259b19bd78006f11b9dd	commercial_regional	series:golden_bean_australasia	https://cdn.shopify.com/s/files/1/0584/8734/1218/files/GBA-2021-Results-v2.pdf?v=1708302647	https://cdn.shopify.com/s/files/1/0584/8734/1218/files/GBA-2021-Results-v2.pdf?v=1708302647	200		9226a1de8917cb497fb81012d4ad4c348c8444a71eaafa77922f12fed031d9f8	15591949	HASHED_ATTEMPT
artifact-0da4dd69e8e024db62f26c4155b25011	commercial_regional	series:golden_bean_americas	https://cdn.shopify.com/s/files/1/0037/5308/2949/files/GBNA_AWARDS_2016.pdf?v=1705626774	https://cdn.shopify.com/s/files/1/0037/5308/2949/files/GBNA_AWARDS_2016.pdf?v=1705626774	200		9a66b3f42dfc0f7cbd1a9a30bc47a27f28836db0d82347f954fd1a34b8687e45	15522990	HASHED_ATTEMPT
artifact-0e0c6a18858540ff15af1889a3ff6374	commercial_regional	series:golden_bean_americas	https://cdn.shopify.com/s/files/1/0037/5308/2949/files/GBTACategory6Results2025.pdf?v=1783864602	https://cdn.shopify.com/s/files/1/0037/5308/2949/files/GBTACategory6Results2025.pdf?v=1783864602	200		aff9d267683e75514e6ada09ebea12fad80cc3878c00057b2201241b2f44a9fc	10381992	HASHED_ATTEMPT
artifact-0eb9b367034231bb990ad2d58407eaaf	commercial_regional	series:golden_bean_australasia	https://cdn.shopify.com/s/files/1/0584/8734/1218/files/GBA_2024_Category_1-results-website_a943b9a9-830b-4d84-8d0b-6dd819969715.pdf?v=1729635412	https://cdn.shopify.com/s/files/1/0584/8734/1218/files/GBA_2024_Category_1-results-website_a943b9a9-830b-4d84-8d0b-6dd819969715.pdf?v=1729635412	200		dce994443149066901a4035dcd8b81e39e8d8f68aa8a95d5c65a4a5afb82ca42	11406694	HASHED_ATTEMPT
artifact-10fa3f729c9be6d5c916ec306129428e	commercial_regional	series:golden_bean_australasia	https://cdn.shopify.com/s/files/1/0584/8734/1218/files/GBA_2024_Category_6-results.pdf?v=1729464006	https://cdn.shopify.com/s/files/1/0584/8734/1218/files/GBA_2024_Category_6-results.pdf?v=1729464006	200		fe647be2bd6ef5364f5ad96beafa514e045fede0eb590ba2536dc26a32e98443	1398218	HASHED_ATTEMPT
artifact-1211b8c40654ad2ca7c83ba835fff6df	commercial_regional	series:golden_bean_australasia	https://cdn.shopify.com/s/files/1/0584/8734/1218/files/GBA-2016-Results.pdf?v=1708313592	https://cdn.shopify.com/s/files/1/0584/8734/1218/files/GBA-2016-Results.pdf?v=1708313592	200		0c2b2c8ed3212f02d332fa7ce8ff0d7eeb46a853d97877cc17979dd122896cf9	5460166	HASHED_ATTEMPT
artifact-1b045ac5c9cf03b106cd86f41def13b4	commercial_regional	archive:scaj_jsc_past_results	https://scaj.org/activity/competitions/jsc/results	https://scaj.org/activity/competitions/jsc/results	200		c98df83345210d43e07af35827d52d585420146cae0fc3f1752b707af72c27c9	51439	HASHED_ATTEMPT
artifact-1e8fe268a36058ca9e3c752e3b8d3dc5	commercial_regional	series:golden_bean_australasia	https://cdn.shopify.com/s/files/1/0584/8734/1218/files/Cat_5_Decaf.pdf?v=1700435969	https://cdn.shopify.com/s/files/1/0584/8734/1218/files/Cat_5_Decaf.pdf?v=1700435969	200		97e65a0ba708ef5464e461349ba11870e0552b1576b66ca2ffb5cb0cee84b787	5518188	HASHED_ATTEMPT
artifact-1e96dba529e8cedf9db433b171c30ec0	commercial_regional	series:iiac_ict	https://www.internationalcoffeetasting.com/ict/summer-session-2023-gold-medals/	https://www.internationalcoffeetasting.com/ict/summer-session-2023-gold-medals/	200		c50ebe35ba6926a562831b382814c08413ce94e50a6cbf9cc27184d6817ab7de	164981	HASHED_ATTEMPT
artifact-2034971e20e706d14592058114ba59d5	commercial_regional	series:golden_bean_australasia	https://cdn.shopify.com/s/files/1/0584/8734/1218/files/GBA_2024_Category_11-results.pdf?v=1729465018	https://cdn.shopify.com/s/files/1/0584/8734/1218/files/GBA_2024_Category_11-results.pdf?v=1729465018	200		4063b3f601b8ef440cf8580bdcccf7b1caab967895706119ad6fed1efc3f7258	2206914	HASHED_ATTEMPT
artifact-22254fea01c3ce4f0f896bbca612c6e5	commercial_regional	edition:melbourne_royal_aica_2022	https://www.melbourneroyal.com.au/media/8107/mr_aica_results_2022.pdf	https://www.melbourneroyal.com.au/media/8107/mr_aica_results_2022.pdf	200		d75b32b3ebae316dd3340a0d36e180726c40ebf00f680d4a647f043ed26285d9	8456763	HASHED_ATTEMPT
artifact-239f7c828dd826f89123316539b8c211	commercial_regional	archive:toh_kenya_results_pdf	https://afca.coffee/wp-content/uploads/2024/08/Kenya-National-Taste-of-Harvest-Results.pdf	https://afca.coffee/wp-content/uploads/2024/08/Kenya-National-Taste-of-Harvest-Results.pdf	200		9e1f277de0f7b8fb565da11fda178a70fc1053d0a77ff4336c0c012251f6c1a2	212614	HASHED_ATTEMPT
artifact-24fa3da428dcf16e2cc26696fa9196bc	commercial_regional	series:golden_bean_americas	https://cdn.shopify.com/s/files/1/0037/5308/2949/files/Category_7-_Chain-Store_Espresso_medalists.pdf?v=1691978957	https://cdn.shopify.com/s/files/1/0037/5308/2949/files/Category_7-_Chain-Store_Espresso_medalists.pdf?v=1691978957	200		64c335fbc71fdae243677d0cf5d7b1aaa89dfcb331a203b255f3505d083999b6	5200316	HASHED_ATTEMPT
artifact-2558f49dba49d7903cd7d429d8000636	commercial_regional	series:iiac_ict	https://www.internationalcoffeetasting.com/ict/fall-session-2023-gold-medals/	https://www.internationalcoffeetasting.com/ict/fall-session-2023-gold-medals/	200		bf823b10230888465c86b76a53abacf27a79c59951b01fb613866cc61060a054	278654	HASHED_ATTEMPT
artifact-2e54ad217c97fe8f5edd2712fb75d4fe	commercial_regional	archive:avpa_2021_results	https://en.avpa.fr/_files/ugd/58172f_4c77467cf60241c68a87aa0c5ae471dd.pdf	https://en.avpa.fr/_files/ugd/58172f_4c77467cf60241c68a87aa0c5ae471dd.pdf	200		bc2cadb1180e5e941708ad9a1b71637cdc3351c8fdd1cf543864948b1f63ac6f	242616	HASHED_ATTEMPT
artifact-2fa42d8996acee002a97b8789d556cf6	commercial_regional	series:golden_bean_australasia	https://cdn.shopify.com/s/files/1/0584/8734/1218/files/GBA_2024_Category_10-results.pdf?v=1729464865v	https://cdn.shopify.com/s/files/1/0584/8734/1218/files/GBA_2024_Category_10-results.pdf?v=1729464865v	200		ec69d778ee9870c8978f4d42b99d71043867a2354d66a8decb4888c740f859c4	1410561	HASHED_ATTEMPT
artifact-348299924e96af7ae99c7e2e46f14255	commercial_regional	series:golden_bean_australasia	https://cdn.shopify.com/s/files/1/0584/8734/1218/files/GBA_2024_Category_7-results.pdf?v=1729464225	https://cdn.shopify.com/s/files/1/0584/8734/1218/files/GBA_2024_Category_7-results.pdf?v=1729464225	200		6ea205dd1e1f7f8a70fb42457b47cff94397dbe61359a8217643e96c2e4e103f	1386014	HASHED_ATTEMPT
artifact-34c5f3835d83fa3ce9c21b9f5fbbcaae	commercial_regional	series:golden_bean_australasia	https://cdn.shopify.com/s/files/1/0584/8734/1218/files/Cat_1_Espresso_-_smaller.pdf?v=1700437173	https://cdn.shopify.com/s/files/1/0584/8734/1218/files/Cat_1_Espresso_-_smaller.pdf?v=1700437173	200		493642569c239f37cae747ead432a92d63140f4f942502ac73c8824d534c6d58	4591579	HASHED_ATTEMPT
artifact-36f3e8425079e39ae42758625dc74540	commercial_regional	series:golden_bean_americas	https://cdn.shopify.com/s/files/1/0037/5308/2949/files/GBTACategory1Results2025.pdf?v=1783863359	https://cdn.shopify.com/s/files/1/0037/5308/2949/files/GBTACategory1Results2025.pdf?v=1783863359	200		3162d04466ba6cac05237cb7ba10231a043cf7a418dd642646800be699976051	16298032	HASHED_ATTEMPT
artifact-39bf38586b8183f092e98acc04324dbc	commercial_regional	series:scaj_wsc	https://scaj.org/archives/14728	https://scaj.org/archives/14728	200		050f8bcab39bc49a327cbb16f43bee8676fc3f28a18ad5c570247efc32191420	28741	HASHED_ATTEMPT
artifact-3b8352895e768e282c3ff922f68708b4	commercial_regional	series:golden_bean_americas	https://cdn.shopify.com/s/files/1/0037/5308/2949/files/Category_10-Super_Automatic.pdf?v=1691979289	https://cdn.shopify.com/s/files/1/0037/5308/2949/files/Category_10-Super_Automatic.pdf?v=1691979289	200		83354defa27d93d4b09e2b580e26b78411234b799cdc46e268b26ace25de4a3c	3506979	HASHED_ATTEMPT
artifact-3d25e1e4ab3c599425dfd460ca3c60ae	commercial_regional	series:golden_bean_australasia	https://cdn.shopify.com/s/files/1/0584/8734/1218/files/Cat_1_Medalists.pdf?v=1750659276	https://cdn.shopify.com/s/files/1/0584/8734/1218/files/Cat_1_Medalists.pdf?v=1750659276	200		88e3dedbe8822c07c7f9427a1e1d1b3a0effa5165701be14b18e634e9b23ca4e	3813292	HASHED_ATTEMPT
artifact-430807f7e4a642d96702455bfb05f422	commercial_regional	series:golden_bean_americas	https://cdn.shopify.com/s/files/1/0037/5308/2949/files/GBTACategory3Results2025.pdf?v=1783863865	https://cdn.shopify.com/s/files/1/0037/5308/2949/files/GBTACategory3Results2025.pdf?v=1783863865	200		c295930b0dedd0b9ec63722ef2e72c74d599d4de9d373e12d674022dcf8d6c7c	19228356	HASHED_ATTEMPT
artifact-44f0fe07452ef1e9502a1555027d7bad	commercial_regional	series:golden_bean_americas	https://cdn.shopify.com/s/files/1/0037/5308/2949/files/Category_5-_Decaf_medalists.pdf?v=1691978697	https://cdn.shopify.com/s/files/1/0037/5308/2949/files/Category_5-_Decaf_medalists.pdf?v=1691978697	200		ad151667bb39518df0004bbc29945228f726b0946bed5e5c5a223bae99d37f09	3689805	HASHED_ATTEMPT
artifact-452e7c54ad807153f833419595f9926b	commercial_regional	series:golden_bean_americas	https://cdn.shopify.com/s/files/1/0037/5308/2949/files/GBTACategory7Results2025.pdf?v=1783864970	https://cdn.shopify.com/s/files/1/0037/5308/2949/files/GBTACategory7Results2025.pdf?v=1783864970	200		e0a79694909d53d02b6d8bbce845567cff861aabc9dc628b1ba4a84d86fd6f0f	10854220	HASHED_ATTEMPT
artifact-458a06145134f9cd5e6d361b89fd0071	commercial_regional	series:golden_bean_americas	https://cdn.shopify.com/s/files/1/0037/5308/2949/files/2017_results.pdf?v=1731473001	https://cdn.shopify.com/s/files/1/0037/5308/2949/files/2017_results.pdf?v=1731473001	200		cc50d7745f155fc353e939b54620f954169acc3f5d9c51ab185aac025196b0ce	437389	HASHED_ATTEMPT
artifact-45dcdcaeedb0509f6e9c4c2b32b80eca	commercial_regional	archive:avpa_annual_results	https://it.avpa.fr/_files/ugd/58172f_35c0d4eb0b3043bbb4dbe37d46bc608c.pdf	https://it.avpa.fr/_files/ugd/58172f_35c0d4eb0b3043bbb4dbe37d46bc608c.pdf	200		6f8be1365130c379c41b79fdbbde910f73f0e26f73f04a99ceba22e41702a847	202070	HASHED_ATTEMPT
artifact-4a79f657f3b352fe14e599a8ff341a3e	commercial_regional	source:aica_2022_booklet	https://www.melbourneroyal.com.au/media/7827/2022-mr-aica-entry-booklet-p3-final.pdf	https://www.melbourneroyal.com.au/media/7827/2022-mr-aica-entry-booklet-p3-final.pdf	200		c508c8d0a29df896d209aa1fba71fae89f30b4b258b1426304274e0e4456eb3b	6911895	HASHED_ATTEMPT
artifact-4c034f936495d5ebd19c808aee1a9f30	commercial_regional	series:golden_bean_australasia	https://cdn.shopify.com/s/files/1/0584/8734/1218/files/Cat_4_Medalists.pdf?v=1750659270	https://cdn.shopify.com/s/files/1/0584/8734/1218/files/Cat_4_Medalists.pdf?v=1750659270	200		0fcdc6a8cc121a80f1615d4d94560cb7b15dd7f96faaeb0f0ff68a1f1d161129	1508065	HASHED_ATTEMPT
artifact-4d40fe15336a3ba0d51e754f1a2c7960	commercial_regional	series:golden_bean_americas	https://cdn.shopify.com/s/files/1/0037/5308/2949/files/GBTACategory8Results2025.pdf?v=1783865116	https://cdn.shopify.com/s/files/1/0037/5308/2949/files/GBTACategory8Results2025.pdf?v=1783865116	200		9220362f001f448318048b516e40afd77145b5e16ceecd1b3f9bf1f29120b73e	10856040	HASHED_ATTEMPT
artifact-53e289c1948d68558ba639d6a13cb207	commercial_regional	archive:avpa_2022_results	https://www.avpa.fr/_files/ugd/58172f_6742d088d0844243bf7ecf5a0c14962d.pdf	https://www.avpa.fr/_files/ugd/58172f_6742d088d0844243bf7ecf5a0c14962d.pdf	200		9e24c113cad136b7471f2855a4f21b56f5255c9e6e91aac41801304b3006c6a7	1555137	HASHED_ATTEMPT
artifact-5795b2a6c370e71e4c993da2bba12fca	commercial_regional	series:golden_bean_americas	https://cdn.shopify.com/s/files/1/0037/5308/2949/files/2019_results.pdf?v=1731473100	https://cdn.shopify.com/s/files/1/0037/5308/2949/files/2019_results.pdf?v=1731473100	200		a484800718d217fb82f82ea408c902041bd023e42f9af71c860b73b87fa9f606	1212869	HASHED_ATTEMPT
artifact-5946d1e602549ec193c7261e90765022	commercial_regional	series:golden_bean_americas	https://cdn.shopify.com/s/files/1/0037/5308/2949/files/GBTACategory11Results2025.pdf?v=1783865495	https://cdn.shopify.com/s/files/1/0037/5308/2949/files/GBTACategory11Results2025.pdf?v=1783865495	200		d7e62c7dd49a10bb9532349ef094503aa2598a530621ad8f22306944a8b69c8e	9974505	HASHED_ATTEMPT
artifact-59648f7cb482376d33acfa2e94ef50bd	commercial_regional	series:golden_bean_australasia	https://cdn.shopify.com/s/files/1/0584/8734/1218/files/GBA_2024_Category_5-results.pdf?v=1729463754	https://cdn.shopify.com/s/files/1/0584/8734/1218/files/GBA_2024_Category_5-results.pdf?v=1729463754	200		841211830acdbb29f7f837f27bee40b0437c9d1a8cb3ea28bef484d7b0cc5598	1419349	HASHED_ATTEMPT
artifact-5f270812729aa37e310cb1b80e156ec8	commercial_regional	series:golden_bean_australasia	https://cdn.shopify.com/s/files/1/0584/8734/1218/files/GBA-2022-_Results.pdf?v=1708302262	https://cdn.shopify.com/s/files/1/0584/8734/1218/files/GBA-2022-_Results.pdf?v=1708302262	200		e22b60541dd951e71176174944bbc8b65c8c9362d72e982110aeeb38dd66a4af	19646536	HASHED_ATTEMPT
artifact-627d4986014d3edf81b6be5aab6acade	commercial_regional	archive:toh_results_portal	https://afca.coffee/wp-content/uploads/2024/08/Ethiopia-National-Taste-of-Harvest-Results.pdf	https://afca.coffee/wp-content/uploads/2024/08/Ethiopia-National-Taste-of-Harvest-Results.pdf	200		93ac332d95c39d70ab87cd4ececc69931091a2175c8ad628379c6db11b8c1e2f	321041	HASHED_ATTEMPT
artifact-6322409ac03a8ebc82c89e50024e34b9	commercial_regional	archive:toh_results_portal	https://afca.coffee/wp-content/uploads/2019/04/April-June-Magazine.pdf	https://afca.coffee/wp-content/uploads/2019/04/April-June-Magazine.pdf	200		2dd2e823e2c9206cfe16ced90d8b862a253c6cc32e0143c2fe25e866b7d5ea62	13644248	HASHED_ATTEMPT
artifact-643be388a4a8dc9b9ae82e5d9388146c	commercial_regional	series:golden_bean_australasia	https://cdn.shopify.com/s/files/1/0584/8734/1218/files/GBA_2024_Category_4-results.pdf?v=1729463634	https://cdn.shopify.com/s/files/1/0584/8734/1218/files/GBA_2024_Category_4-results.pdf?v=1729463634	200		ba48b9f8d3177bfbb3aa932f61d842cf48b20fa58662250abf321d602b8eafd3	2177745	HASHED_ATTEMPT
artifact-645caddd09ab3814f7189a315bf2984c	commercial_regional	series:golden_bean_americas	https://cdn.shopify.com/s/files/1/0037/5308/2949/files/GBTACategory4Results2025.pdf?v=1783864099	https://cdn.shopify.com/s/files/1/0037/5308/2949/files/GBTACategory4Results2025.pdf?v=1783864099	200		b14ec5e92ffac5dab26c0f3264915c0621f4517ceaa8006d2055b984d781ee72	9963499	HASHED_ATTEMPT
artifact-64b33c38b1cb3a9aa2cdcb3b03fd2515	commercial_regional	series:golden_bean_australasia	https://cdn.shopify.com/s/files/1/0584/8734/1218/files/GBA-2017-Results-Exported-from-Award-Force-MEDALS.pdf?v=1715302354	https://cdn.shopify.com/s/files/1/0584/8734/1218/files/GBA-2017-Results-Exported-from-Award-Force-MEDALS.pdf?v=1715302354	200		8f2174ac8894f01a7d3e4411bd2648fd17a5a81db02c5bab72b06d03ba268825	374844	HASHED_ATTEMPT
artifact-67d3b221b7431f775b17f66f9815f310	commercial_regional	series:golden_bean_australasia	https://goldenbean.com.au/pages/2024-winners	https://goldenbean.com.au/pages/2024-winners	200		9b69e4b51f636e96d25532f7d116d826f87ad5eb25abcfb042c79ddeece3b4ff	163988	HASHED_ATTEMPT
artifact-682e39f8c61a08c5e5adb325379651bf	commercial_regional	series:golden_bean_australasia	https://cdn.shopify.com/s/files/1/0584/8734/1218/files/Cat_9_Medalists.pdf?v=1750659271	https://cdn.shopify.com/s/files/1/0584/8734/1218/files/Cat_9_Medalists.pdf?v=1750659271	200		be45dcea44d97ada38ce1aa505d4712f6bf827ccdde5ffdc97113f9f2ddc4b88	1721094	HASHED_ATTEMPT
artifact-693d69ab8be0decb9e0f4da18d5c3e43	commercial_regional	edition:golden_bean_americas_2025	https://goldenbean.com/pages/2025-results	https://goldenbean.com/pages/2025-results	200		ef722e3ef8b38326d317de31644896a860e5d20b5eade41e6d12506ea1010c26	129040	HASHED_ATTEMPT
artifact-6abdaf3c3e642f18d8e3b16329008af3	commercial_regional	series:golden_bean_americas	https://cdn.shopify.com/s/files/1/0037/5308/2949/files/Category_6-_Elite_medalists.pdf?v=1691978857	https://cdn.shopify.com/s/files/1/0037/5308/2949/files/Category_6-_Elite_medalists.pdf?v=1691978857	200		f1250a25f0fd0fa4606916df06bf7a64e2c8f326cb499d39b4d1db6324c5741b	2008241	HASHED_ATTEMPT
artifact-6ad9d36876a6e860cfe231393ba481ed	commercial_regional	series:golden_bean_australasia	https://cdn.shopify.com/s/files/1/0584/8734/1218/files/Cat_10_SML_Chain_Espresso.pdf?v=1700607733	https://cdn.shopify.com/s/files/1/0584/8734/1218/files/Cat_10_SML_Chain_Espresso.pdf?v=1700607733	200		c70977a0d5582f1993615a7d313f6c693887af641779b5d6df5631ce75730b53	9197090	HASHED_ATTEMPT
artifact-6c1574a836e734af238137212c594327	commercial_regional	series:golden_bean_australasia	https://cdn.shopify.com/s/files/1/0584/8734/1218/files/Cat_10_Medalists.pdf?v=1750659269	https://cdn.shopify.com/s/files/1/0584/8734/1218/files/Cat_10_Medalists.pdf?v=1750659269	200		ac2626f5e2eced1e7daaaf947e4a21046bb9373c68fc6cd0fb071a3107d697e9	1145152	HASHED_ATTEMPT
artifact-6e36b38563f34e698ad3aab468d22ea2	commercial_regional	archive:avpa_annual_results	https://es.avpa.fr/_files/ugd/58172f_8bacccff6b394c70a4245a028435bf32.pdf	https://es.avpa.fr/_files/ugd/58172f_8bacccff6b394c70a4245a028435bf32.pdf	200		37e395246a44f63dbda8e024275a1f7789c2808c831d96593069464f529c7547	195546	HASHED_ATTEMPT
artifact-6ed1e2f320cea0ad8d7071e0dff6ca15	commercial_regional	series:golden_bean_australasia	https://cdn.shopify.com/s/files/1/0584/8734/1218/files/GBA_2024_Category_8-results.pdf?v=1729464396	https://cdn.shopify.com/s/files/1/0584/8734/1218/files/GBA_2024_Category_8-results.pdf?v=1729464396	200		605c2bb1d1afff21a889b9bf3d6a8e958786a329bfa934b6b174da3ad5d000ca	2205292	HASHED_ATTEMPT
artifact-747bd3eeeafb82cbcd58413929be5184	commercial_regional	series:golden_bean_australasia	https://cdn.shopify.com/s/files/1/0584/8734/1218/files/Cat_2_Milk_-_smaller.pdf?v=1700529339	https://cdn.shopify.com/s/files/1/0584/8734/1218/files/Cat_2_Milk_-_smaller.pdf?v=1700529339	200		a6917fc9daaf62daa4454984d7022a84c0eeffdf088009b35ff223071d19fba6	5597195	HASHED_ATTEMPT
artifact-78f03aeb3cf8b0a6b10a12c57709c22e	commercial_regional	archive:scaj_jhdc_past_results	https://scaj.org/activity/competitions/jhdc-2/past_results	https://scaj.org/activity/competitions/jhdc-2/past_results	200		bd8b18673ca8a217712fb37a5f15aca80fe0a783cffef0b27d0773ca71f44f84	40972	HASHED_ATTEMPT
artifact-7babff7fe0eff566194891c5dd0f8840	commercial_regional	archive:scaj_jcrc_past_results	https://scaj.org/activity/competitions/jcrc/past_results	https://scaj.org/activity/competitions/jcrc/past_results	200		302991395618234a24a68fd3eb8c3144ae20dbb28e323f947848409026b43c96	49714	HASHED_ATTEMPT
artifact-7d3bdfb0a30b76d4fd86b5995b4193fc	commercial_regional	series:golden_bean_australasia	https://goldenbean.com.au/pages/past-winners	https://goldenbean.com.au/pages/past-winners	200		df1b5738bb134e4b2473dcd5aae5cdaacb2480dc257ff2eb5bc617b7feef720f	146157	HASHED_ATTEMPT
artifact-7ec004132ace730636df9af9a5bc5e27	commercial_regional	source:racs_home	https://results.theshow.com.au/	https://results.theshow.com.au/	200		3e411c7ca5d2d4d48c4401726527af9feef47eb0b4777111902c2ebb89366395	11403	HASHED_ATTEMPT
artifact-81f7214efc946d4b6e4f43ff5373c708	commercial_regional	series:golden_bean_australasia	https://cdn.shopify.com/s/files/1/0584/8734/1218/files/Cat_7_Super_Automatic.pdf?v=1700435975	https://cdn.shopify.com/s/files/1/0584/8734/1218/files/Cat_7_Super_Automatic.pdf?v=1700435975	200		c1126488407d0cb84f44617beae7a5ce8aede25ae76624ed47c8054231d86a17	7221803	HASHED_ATTEMPT
artifact-82f69893aa888cad28b6e8e4715ef9e0	commercial_regional	series:golden_bean_australasia	https://cdn.shopify.com/s/files/1/0584/8734/1218/files/Cat_11_SML_Chain_Milk_dd48de2d-50e6-4803-b773-2cd0d1f6d4e7.pdf?v=1700607881	https://cdn.shopify.com/s/files/1/0584/8734/1218/files/Cat_11_SML_Chain_Milk_dd48de2d-50e6-4803-b773-2cd0d1f6d4e7.pdf?v=1700607881	200		9b59cb1d429d8f8850dbfce33bfb75c3f641980dfac6c60052559e84b2452ceb	7636543	HASHED_ATTEMPT
artifact-843059e219b0b6aebaf01d9260c15c8d	commercial_regional	series:golden_bean_americas	https://cdn.shopify.com/s/files/1/0037/5308/2949/files/Category_8-_Chain-store_Milk.pdf?v=1691979101	https://cdn.shopify.com/s/files/1/0037/5308/2949/files/Category_8-_Chain-store_Milk.pdf?v=1691979101	200		c5d08a95ed35f00ca6c756f7db228c146f838b199567ad43b9032c2a458af95f	5394386	HASHED_ATTEMPT
artifact-87118d7b0a1456031a7b91817f3e50d3	commercial_regional	series:iiac_ict	https://www.iiac.coffee/en/post/international-coffee-tasting-2025-ecco-le-aziende-vincitrici-delle-medaglie-d-oro	https://www.iiac.coffee/en/post/international-coffee-tasting-2025-ecco-le-aziende-vincitrici-delle-medaglie-d-oro	200		c8227c0942b9f35c53f1a6f328abbdf0cfa544c3d26f465ad98275efdad2a3ee	1025302	HASHED_ATTEMPT
artifact-876b5534d56531913857c8ded623c604	commercial_regional	archive:toh_results_portal	https://afca.coffee/wp-content/uploads/2024/08/Rwanda-National-Taste-of-Harvest-Results.pdf	https://afca.coffee/wp-content/uploads/2024/08/Rwanda-National-Taste-of-Harvest-Results.pdf	200		55acf0b4969e4ca503e5e2a8991b45fad83e93ba3caf56f5c2bef8e01799f882	344406	HASHED_ATTEMPT
artifact-8dd8997bb8118f7480d3f6e165848ce0	commercial_regional	series:melbourne_royal_aica	https://www.melbourneroyal.com.au/media/1907/2017-aica-catalogue-of-results.pdf	https://www.melbourneroyal.com.au/media/1907/2017-aica-catalogue-of-results.pdf	200		783b2c5f124105d57a621d42b17f7ec1ad15bf9ea125026e05d71bd7b9a497cf	5604210	HASHED_ATTEMPT
artifact-8f638efe70fe79b15d54f495046dd62c	commercial_regional	series:melbourne_royal_aica	https://www.melbourneroyal.com.au/media/1908/2018-aica-catalogue-of-results.pdf	https://www.melbourneroyal.com.au/media/1908/2018-aica-catalogue-of-results.pdf	200		60708b0ccd026e6644660433a80cffe62160a71eb1c8c3e8db64565703a15f85	8644910	HASHED_ATTEMPT
artifact-8fe2756bd68dc22afd2fc1dba83fc4b9	commercial_regional	series:melbourne_royal_aica	https://www.melbourneroyal.com.au/media/4575/aica-results-catalogue-final.pdf	https://www.melbourneroyal.com.au/media/4575/aica-results-catalogue-final.pdf	200		11c272b6cd82d97d57bccb6ce72f5ab61199269739fac9b520963eb1502fcd18	25609877	HASHED_ATTEMPT
artifact-917ec075f6373c84eb34f8f7690a8b3f	commercial_regional	series:golden_bean_americas	https://cdn.shopify.com/s/files/1/0037/5308/2949/files/Category_9-_Chain-store_Filter.pdf?v=1691979195	https://cdn.shopify.com/s/files/1/0037/5308/2949/files/Category_9-_Chain-store_Filter.pdf?v=1691979195	200		e7bcca2d7fe704f69f70ec2e4ec865d5b92b7bdd85517996104a1c0ca58f4468	6967919	HASHED_ATTEMPT
artifact-9237844d25b1ac789b753ca83a0d7a01	commercial_regional	series:golden_bean_americas	https://cdn.shopify.com/s/files/1/0037/5308/2949/files/GBNA_Awards_PRES_2018.pdf?v=1705626794	https://cdn.shopify.com/s/files/1/0037/5308/2949/files/GBNA_Awards_PRES_2018.pdf?v=1705626794	200		d4de39b84e64480e04518cca42b6cfadea1e32d170ae53edabbe8d8aa4605525	9456000	HASHED_ATTEMPT
artifact-92b3b38ad0ff811a642138560a699613	commercial_regional	series:golden_bean_americas	https://cdn.shopify.com/s/files/1/0037/5308/2949/files/Category_4-_Alternative_Milk_medalists.pdf?v=1691978593	https://cdn.shopify.com/s/files/1/0037/5308/2949/files/Category_4-_Alternative_Milk_medalists.pdf?v=1691978593	200		6ae418944fee6b23bb6836839dfc321aa4e04c3f01852c24e9f02a36ce75fa59	3656462	HASHED_ATTEMPT
artifact-94ed5767f471952b218e466ce9c170ed	commercial_regional	source:iiac_competition	https://www.iiac.coffee/en/concorso	https://www.iiac.coffee/en/concorso	200		272190714fabdfcf4ff74b93dfeb879551dd53da3b74b062a01e1a42cb3f9a9b	756324	HASHED_ATTEMPT
artifact-9600d618b5b8212bfd9903a2762a807d	commercial_regional	series:golden_bean_australasia	https://cdn.shopify.com/s/files/1/0584/8734/1218/files/GBA-2014-Results.pdf?v=1708313734	https://cdn.shopify.com/s/files/1/0584/8734/1218/files/GBA-2014-Results.pdf?v=1708313734	200		4b1df08aafaa1054951f979678383a928544cf33a2f36bd33282d36dcf4ae1e7	7878275	HASHED_ATTEMPT
artifact-97af850ab904741fb4749e9ef8b76369	commercial_regional	series:golden_bean_australasia	https://cdn.shopify.com/s/files/1/0584/8734/1218/files/Cat_7_Medalists.pdf?v=1750659268	https://cdn.shopify.com/s/files/1/0584/8734/1218/files/Cat_7_Medalists.pdf?v=1750659268	200		b096683c3388e493010170c763a869ab5f97d35cf4b68fb32fc8e77280d0f258	1017197	HASHED_ATTEMPT
artifact-987f6a0f4ddad78edde3fb6f9d5323a1	commercial_regional	series:golden_bean_australasia	https://cdn.shopify.com/s/files/1/0584/8734/1218/files/GBA-2015-Results.pdf?v=1708313671	https://cdn.shopify.com/s/files/1/0584/8734/1218/files/GBA-2015-Results.pdf?v=1708313671	200		ae0a144d1f84ce0843f9101a719f2595fd786c9546ad7ff5825acd66850c38ec	2401533	HASHED_ATTEMPT
artifact-990453d82f5e32ab816bce079ba34d44	commercial_regional	series:melbourne_royal_aica	https://www.melbourneroyal.com.au/media/3130/2019-aica-catalogue-of-results.pdf	https://www.melbourneroyal.com.au/media/3130/2019-aica-catalogue-of-results.pdf	200		86a214fce283225b01f1c6c84c17a7ed923b2b4d061b939b3362bec2acaa474b	2163064	HASHED_ATTEMPT
artifact-995d3775db7cac6522328c17dfc4a415	commercial_regional	series:golden_bean_americas	https://cdn.shopify.com/s/files/1/0037/5308/2949/files/GBTACategory9Results2025.pdf?v=1783865281	https://cdn.shopify.com/s/files/1/0037/5308/2949/files/GBTACategory9Results2025.pdf?v=1783865281	200		ddaeab669b4fb7abe77cb4a6098ef7d3fcfd18d5c6588efa00eca44b9b7d2c21	10404442	HASHED_ATTEMPT
artifact-9aa53024878fcbb9971a68d1bec46492	commercial_regional	series:golden_bean_australasia	https://cdn.shopify.com/s/files/1/0584/8734/1218/files/Cat_5_Medalists.pdf?v=1750659267	https://cdn.shopify.com/s/files/1/0584/8734/1218/files/Cat_5_Medalists.pdf?v=1750659267	200		b5f0a5bbf14937bf70283a338cbb31d5216c23f6e6de95c517e434a047234cd1	939144	HASHED_ATTEMPT
artifact-9de0912260e73ff6130dad1edda4acda	commercial_regional	series:golden_bean_australasia	https://cdn.shopify.com/s/files/1/0584/8734/1218/files/GBA_2024_Category_2-results_6f9dc1c1-c537-42cf-9c5c-adba7046b0e2.pdf?v=1729635749	https://cdn.shopify.com/s/files/1/0584/8734/1218/files/GBA_2024_Category_2-results_6f9dc1c1-c537-42cf-9c5c-adba7046b0e2.pdf?v=1729635749	200		1b8d59467284c678428f2d628e6904e41df4faad7cda4d79c6f5da515637892d	17540772	HASHED_ATTEMPT
artifact-9f524fc43ba682d3aef5dad08c0cd5b9	commercial_regional	series:golden_bean_australasia	https://goldenbean.com.au/pages/2025-winners	https://goldenbean.com.au/pages/2025-winners	200		0626adfa9c095495a281513622d8ef6ebdc36465b230d9d041a4a81757335c8e	162790	HASHED_ATTEMPT
artifact-a5156c640d6ac3ff886f288f1b87b02b	commercial_regional	series:golden_bean_world_series	https://cdn.shopify.com/s/files/1/0584/8734/1218/files/GBWS_All_Results_compressed.pdf?v=1710280794	https://cdn.shopify.com/s/files/1/0584/8734/1218/files/GBWS_All_Results_compressed.pdf?v=1710280794	200		eede6a956caf2743f7258cdd7fa36f3ecab45d96ab8fff6708058cd2215c3370	9078408	HASHED_ATTEMPT
artifact-a5d7685f916d3e8cd6c53c97653509ab	commercial_regional	series:golden_bean_australasia	https://cdn.shopify.com/s/files/1/0584/8734/1218/files/AWARDS_PRESENTATION_part1_website.pdf?v=1750556136	https://cdn.shopify.com/s/files/1/0584/8734/1218/files/AWARDS_PRESENTATION_part1_website.pdf?v=1750556136	200		3cb963280c8fa9f329af4092ed4a741af4f3b5a2558e1e6b3f44d886801b629d	10434052	HASHED_ATTEMPT
artifact-a7105c0170d159df91a43996a35becfa	commercial_regional	series:golden_bean_americas	https://goldenbean.com/pages/2023-results	https://goldenbean.com/pages/2023-results	200		80f472c3ac30a8292898c0add5e74337b83f35d17935a7b973c880166042c0df	127493	HASHED_ATTEMPT
artifact-a825e3adef316be4d6430c7a14c969a3	commercial_regional	series:golden_bean_americas	https://cdn.shopify.com/s/files/1/0037/5308/2949/files/Category_2-_Milk_Based_medal_winners.pdf?v=1691978222	https://cdn.shopify.com/s/files/1/0037/5308/2949/files/Category_2-_Milk_Based_medal_winners.pdf?v=1691978222	200		1216498f68c5dea466b36550c43b6fad3a61acd0ead52994ecc730e87653db0b	6079071	HASHED_ATTEMPT
artifact-a840c32ece8ddf034ccc5d61bf5f9cb0	commercial_regional	source:gba_past_results	https://goldenbean.com/pages/past-results-america	https://goldenbean.com/pages/past-results-america	200		b21f9f6fcd52a357f221f6cd0fa8262c74b4fa7885950e63eccb9fae6e4a66a4	122113	HASHED_ATTEMPT
artifact-aafb5518e3f858e26eba4456b5d22290	commercial_regional	series:golden_bean_australasia	https://cdn.shopify.com/s/files/1/0584/8734/1218/files/Cat_6_Elite.pdf?v=1700435974	https://cdn.shopify.com/s/files/1/0584/8734/1218/files/Cat_6_Elite.pdf?v=1700435974	200		2bf30172b09bcff30f054fa54db627f73a0b0fb3d5ba53ba397065e88ca718f9	7060694	HASHED_ATTEMPT
artifact-ac387c72bd1922125eba961793e564a6	commercial_regional	series:golden_bean_australasia	https://cdn.shopify.com/s/files/1/0584/8734/1218/files/GBA_2024_Category_3-results_91f3121d-73f7-4da5-938f-e72fde96c527.pdf?v=1729635966	https://cdn.shopify.com/s/files/1/0584/8734/1218/files/GBA_2024_Category_3-results_91f3121d-73f7-4da5-938f-e72fde96c527.pdf?v=1729635966	200		09e5ba69838a4450c2c4088dfe4b0c2c16345a95b7f49c90149f56e493e7a99b	9051414	HASHED_ATTEMPT
artifact-acc88dded560f86bce053efeb84d7d41	commercial_regional	series:golden_bean_australasia	https://cdn.shopify.com/s/files/1/0584/8734/1218/files/GBA-2018-Results-Exported-from-Award-Force-MEDALS.pdf?v=1715233820	https://cdn.shopify.com/s/files/1/0584/8734/1218/files/GBA-2018-Results-Exported-from-Award-Force-MEDALS.pdf?v=1715233820	200		6fb1558ac5dcd4f6757909af6cbe3221f5b041492866e863ef84044b5d391172	1438006	HASHED_ATTEMPT
artifact-b1220da83f16da6a5335dc3e8b811fb4	commercial_regional	archive:toh_results_portal	https://afca.coffee/wp-content/uploads/2024/07/AFCA-Magazine-Vol-13.pdf	https://afca.coffee/wp-content/uploads/2024/07/AFCA-Magazine-Vol-13.pdf	200		e1e81093121a1b3914ac37a0918b15c3453a7cf16aa4bd7ab5e9660ac779e098	23919298	HASHED_ATTEMPT
artifact-b2fdc45d80d7b77165a3c63375359ab1	commercial_regional	series:golden_bean_australasia	https://cdn.shopify.com/s/files/1/0584/8734/1218/files/Cat_6_Medalists.pdf?v=1750659269	https://cdn.shopify.com/s/files/1/0584/8734/1218/files/Cat_6_Medalists.pdf?v=1750659269	200		e84de58527718e52e8b04f81a13cbea273495c412fc73344a1c3d863dc80b331	1085234	HASHED_ATTEMPT
artifact-b409d3a37f42eed5abe7c4dadb6e4d55	commercial_regional	archive:scaj_jbrc_past_results	https://scaj.org/activity/competitions/jbrc/past_results	https://scaj.org/activity/competitions/jbrc/past_results	200		9826e17366c7f4a10781f7416740241a6275b8b32223685f4b7160375274b41a	47879	HASHED_ATTEMPT
artifact-b4c9f98cda8e8a4755d060dca658e26d	commercial_regional	series:golden_bean_australasia	https://cdn.shopify.com/s/files/1/0584/8734/1218/files/GBA-2012-Results.pdf?v=1708313836	https://cdn.shopify.com/s/files/1/0584/8734/1218/files/GBA-2012-Results.pdf?v=1708313836	200		fca1683ac6f599f51c7b7e7e0456fc9bc1ad2c55ff8be8316418a534f1e01256	486300	HASHED_ATTEMPT
artifact-b88c9a9aa8ce403504e2b1a742ac7463	commercial_regional	archive:toh_results_portal	https://afca.coffee/wp-content/uploads/2024/08/DRC-National-Taste-of-Harvest-Results.pdf	https://afca.coffee/wp-content/uploads/2024/08/DRC-National-Taste-of-Harvest-Results.pdf	200		132229a2779388622f4a12109bda801f3234102a44ace6e0119e27e3e7e824e3	427162	HASHED_ATTEMPT
artifact-b970f2a7907a44d02d14c83d97f7f3bd	commercial_regional	source:iiac_2025_regulations	https://www.internationalcoffeetasting.com/ict/wp-content/uploads/2025/03/2025-ICT-General-Regulations-v0.4-ENG.pdf	https://www.internationalcoffeetasting.com/ict/wp-content/uploads/2025/03/2025-ICT-General-Regulations-v0.4-ENG.pdf	200		e1c19beba9b9ccdb14e06d94ad7778673cbdbac9bfbaede24d07ac16801a89f4	169571	HASHED_ATTEMPT
artifact-bb0edfede64b872aee187cb8ba8fe081	commercial_regional	series:golden_bean_americas	https://cdn.shopify.com/s/files/1/0037/5308/2949/files/Category_3_Filter_medalists_f7f8747c-321f-4a7a-9d64-5d294629b4cb.pdf?v=1692832248	https://cdn.shopify.com/s/files/1/0037/5308/2949/files/Category_3_Filter_medalists_f7f8747c-321f-4a7a-9d64-5d294629b4cb.pdf?v=1692832248	200		0d25e56dea5380bfba3d71217665dd24b2bb9b02acc455c9a72964bce053d361	14248506	HASHED_ATTEMPT
artifact-bc605b22626051ead1c71d4691afeea3	commercial_regional	edition:royal_adelaide_2025	https://www.royaladelaidecoffeeshow.com.au/_files/ugd/1ab17b_132832e8ff2f4a22a824e58806980793.pdf	https://www.royaladelaidecoffeeshow.com.au/_files/ugd/1ab17b_132832e8ff2f4a22a824e58806980793.pdf	200		543131e602c6f843e067d3931ee008c129df3f9664d2b646ed9319fbc76cf06c	21218999	HASHED_ATTEMPT
artifact-bc6e2e248a6a882aa656d28c1e8ed66f	commercial_regional	archive:toh_results_portal	https://afca.coffee/wp-content/uploads/2024/08/Regional-Taste-of-Harvest-Results.pdf	https://afca.coffee/wp-content/uploads/2024/08/Regional-Taste-of-Harvest-Results.pdf	200		e3a940252922e888ba0614b76d835e0be748e02d4d40319e71a823c2999b76ad	476993	HASHED_ATTEMPT
artifact-bdeacfcfecb5ea055a366f1ea44c8859	commercial_regional	series:golden_bean_australasia	https://cdn.shopify.com/s/files/1/0584/8734/1218/files/GBA-2011-Results_6d1a028b-38f2-4a07-a0e2-0a0b67731cd7.pdf?v=1708313901	https://cdn.shopify.com/s/files/1/0584/8734/1218/files/GBA-2011-Results_6d1a028b-38f2-4a07-a0e2-0a0b67731cd7.pdf?v=1708313901	200		73cffb5575657ea7726d7a36957ee52ac20041926fe610e9b3623e5405d2e8ef	2177902	HASHED_ATTEMPT
artifact-be92317d4cb0fba62e3e12f489da334c	commercial_regional	source:gbws_information	https://goldenbean.com.au/pages/world-series	https://goldenbean.com.au/pages/world-series	200		a237bab1d4d45edadee38f12030be7c13caa33900262dbbcddf4df6e0be062f8	128989	HASHED_ATTEMPT
artifact-bf7a69bbd5819fd526934895755538e1	commercial_regional	series:golden_bean_australasia	https://cdn.shopify.com/s/files/1/0584/8734/1218/files/Cat_9_LRG_Chain_Milk.pdf?v=1700435974	https://cdn.shopify.com/s/files/1/0584/8734/1218/files/Cat_9_LRG_Chain_Milk.pdf?v=1700435974	200		7bfb4832b3b1e88c1af93c5347326ddc41362fe3b3daa90d532b5a16c9bcc26a	7099925	HASHED_ATTEMPT
artifact-c2e6b94f601f79f10e5a98b8f482369e	commercial_regional	edition:toh_cameroon_2025_26	https://www.oncc.cm/content/library/documents/resource-announcing-the-2-1770027900.pdf	https://www.oncc.cm/content/library/documents/resource-announcing-the-2-1770027900.pdf	200		d9c3cad38923ba9ca0618660e27189b3a0d476d5282d939c673a177764ec40cb	224108	HASHED_ATTEMPT
artifact-c64e3625bbe6bc21a899749af4213cc1	commercial_regional	series:golden_bean_australasia	https://cdn.shopify.com/s/files/1/0584/8734/1218/files/AWARDS_PRESENTATION_part2_website.pdf?v=1750556166	https://cdn.shopify.com/s/files/1/0584/8734/1218/files/AWARDS_PRESENTATION_part2_website.pdf?v=1750556166	200		b6ba1b3320be028b2f96b712de182fc266c45af543892dbfa5a4eeb0ffabfbaf	20277204	HASHED_ATTEMPT
artifact-c70a6a1daf6a28e9c3ac99ea23d3c1b2	commercial_regional	series:golden_bean_australasia	https://goldenbean.com.au/pages/2023-results	https://goldenbean.com.au/pages/2023-results	200		1b5361985a052511aa9ad45f583b75b2a96007dd3f58ca5bc36dfbb0e4bfe893	131211	HASHED_ATTEMPT
artifact-ccb1d9f24025896c27dac9b052262671	commercial_regional	series:golden_bean_australasia	https://cdn.shopify.com/s/files/1/0584/8734/1218/files/Cat_8_LRG_Chain_Espresso.pdf?v=1700435978	https://cdn.shopify.com/s/files/1/0584/8734/1218/files/Cat_8_LRG_Chain_Espresso.pdf?v=1700435978	200		1c46ec47c8c707f113463afa6a64b4a475ee6b9f7b6ccf81416205b71edd2382	8811964	HASHED_ATTEMPT
artifact-ccd96b2595a0b83c15d179d2c0058a95	commercial_regional	series:golden_bean_australasia	https://cdn.shopify.com/s/files/1/0584/8734/1218/files/Cat_3_Medalists.pdf?v=1750659275	https://cdn.shopify.com/s/files/1/0584/8734/1218/files/Cat_3_Medalists.pdf?v=1750659275	200		8551351a014baaaa448824736252660fbc439ad9320b7de9f940697aa8851792	3266407	HASHED_ATTEMPT
artifact-cf65af80cb686f727817ecb07e2792c1	commercial_regional	series:golden_bean_australasia	https://cdn.shopify.com/s/files/1/0584/8734/1218/files/GBA_2024_Category_9-results.pdf?v=1729464653	https://cdn.shopify.com/s/files/1/0584/8734/1218/files/GBA_2024_Category_9-results.pdf?v=1729464653	200		af7a589836214bd62f6347ae9064ec6345bc3d80a528d0d1ef1eef0c0a5f3b0b	3018880	HASHED_ATTEMPT
artifact-cfb3edb73bc8870fed2b2d16d9e644ee	commercial_regional	archive:racs_2024_results	https://www.royaladelaidecoffeeshow.com.au/_files/ugd/1ab17b_a61f00d5270d4be8a01f0a399477bd04.pdf	https://www.royaladelaidecoffeeshow.com.au/_files/ugd/1ab17b_a61f00d5270d4be8a01f0a399477bd04.pdf	200		57e1dc8683c1acc6d1debb31904c958abeba7a94a51dedca3aa157eb4075177c	25801331	HASHED_ATTEMPT
artifact-d17cee84b48b9b8cf97f9fb66fe8ffdc	commercial_regional	series:golden_bean_australasia	https://cdn.shopify.com/s/files/1/0584/8734/1218/files/GBA-2013-Results.pdf?v=1708313787	https://cdn.shopify.com/s/files/1/0584/8734/1218/files/GBA-2013-Results.pdf?v=1708313787	200		6202c630dbdb265ca262c7ec92bd118ec3d2669c45685a39e503ea6c4b65f948	10747655	HASHED_ATTEMPT
artifact-d3cfb65f75a7c1f956485e31fc2ea22c	commercial_regional	source:toh_program	https://afca.coffee/programs/taste-of-harvest/	https://afca.coffee/programs/taste-of-harvest/	200		5fc2ff2a8afecd0d04979b8ba6af93515860e19726a911a78aa0742a6aa41421	163511	HASHED_ATTEMPT
artifact-d5526a87d09b04e4ebbc5d605d9fe6cd	commercial_regional	series:golden_bean_americas	https://cdn.shopify.com/s/files/1/0037/5308/2949/files/Category_11-_Single-Serve_medalists.pdf?v=1691979460	https://cdn.shopify.com/s/files/1/0037/5308/2949/files/Category_11-_Single-Serve_medalists.pdf?v=1691979460	200		9a3b39a1e3e51b953ecae50647d1655ea13fbefbe3d27d8d11f633a5818c414d	2033395	HASHED_ATTEMPT
artifact-d97016d282bf5e0dcbb687481698a57b	commercial_regional	archive:toh_uganda_results_pdf	https://afca.coffee/wp-content/uploads/2024/08/Uganda-National-Taste-of-Harvest-Results.pdf	https://afca.coffee/wp-content/uploads/2024/08/Uganda-National-Taste-of-Harvest-Results.pdf	200		43ef7214e910c2ee4fcc34b09c403ecc4db35c2064287d057a2603dda38cae07	377632	HASHED_ATTEMPT
artifact-dbbf6d9f3d4334ab67469b255199b31e	commercial_regional	archive:toh_results_portal	https://afca.coffee/wp-content/uploads/2025/06/AFCA-Magazine-Vol-15.pdf	https://afca.coffee/wp-content/uploads/2025/06/AFCA-Magazine-Vol-15.pdf	200		b5e48572f4d5af51421b46f4d4af9abe3e7f98f6e1b5bba11862a2feab6840e7	6942391	HASHED_ATTEMPT
artifact-dcf18494b732d4d0f0401dcebadea94a	commercial_regional	series:iiac_ict	https://www.internationalcoffeetasting.com/ict/ict-2024-single-serve-gold-medal/	https://www.internationalcoffeetasting.com/ict/ict-2024-single-serve-gold-medal/	200		662761e32cfb2e839f114e6eaa41a5d67c9f0cdb8225d25c0940d12f225c77e4	107643	HASHED_ATTEMPT
artifact-df92c5197ba750af6e4b2b78bb7642e1	commercial_regional	series:golden_bean_americas	https://cdn.shopify.com/s/files/1/0037/5308/2949/files/GBTACategory2Results2025.pdf?v=1783863695	https://cdn.shopify.com/s/files/1/0037/5308/2949/files/GBTACategory2Results2025.pdf?v=1783863695	200		2ce33f3bb4d07cecd89daf9d4914f82056f7a22569e7521f6b5a8a269536684d	16256859	HASHED_ATTEMPT
artifact-e58d89421c391647bea85b30da5852fa	commercial_regional	edition:toh_tanzania_2025_26	https://www.coffee.go.tz/uploads/documents/sw-1769505106-Washed%20Arabica.pdf	https://www.coffee.go.tz/uploads/documents/sw-1769505106-Washed%20Arabica.pdf	200		130bb631e9950518eb7196c89cca52abc66a3005a0a24197bcc715709705a9a5	133613	HASHED_ATTEMPT
artifact-e8f54b964ef821d44e5377357e2545ff	commercial_regional	series:golden_bean_australasia	https://cdn.shopify.com/s/files/1/0584/8734/1218/files/Cat_8_Medalists.pdf?v=1750659273	https://cdn.shopify.com/s/files/1/0584/8734/1218/files/Cat_8_Medalists.pdf?v=1750659273	200		c1cb8ba496f292a6065add3759ca2e5156550422ae106bbcb17d59a9c1cfbb98	1816814	HASHED_ATTEMPT
artifact-f029440929a80b34f8bb1f81a2705cd8	commercial_regional	scoresheet:racs_judging_criteria_2025	https://www.royaladelaidecoffeeshow.com.au/_files/ugd/1ab17b_21f6181d1d7b457dbd073d14e81f21e2.pdf	https://www.royaladelaidecoffeeshow.com.au/_files/ugd/1ab17b_21f6181d1d7b457dbd073d14e81f21e2.pdf	200		bdacc114bf3c047cff0ec71d03b528a3791b72c6cbbe7d47df7b867b1ae1cdf0	17555897	HASHED_ATTEMPT
artifact-f042d49a4b708d69a3128440f3dda5aa	commercial_regional	series:golden_bean_australasia	https://cdn.shopify.com/s/files/1/0584/8734/1218/files/Cat_2_Medalists.pdf?v=1750659276	https://cdn.shopify.com/s/files/1/0584/8734/1218/files/Cat_2_Medalists.pdf?v=1750659276	200		719b6c0c7188ce978ce2b1599e1402c3f203e0cd685db46398736d8918d20a46	4953524	HASHED_ATTEMPT
artifact-f265c2247ff81f75416faa922a5e5dd9	commercial_regional	series:golden_bean_americas	https://cdn.shopify.com/s/files/1/0037/5308/2949/files/Category_1-Espresso_medal_winners_f3575eb6-9183-4e8f-8f29-5a3832b75b9e.pdf?v=1692832297	https://cdn.shopify.com/s/files/1/0037/5308/2949/files/Category_1-Espresso_medal_winners_f3575eb6-9183-4e8f-8f29-5a3832b75b9e.pdf?v=1692832297	200		a187bb5b4f46c1b931821e8503b355a3025177acc54e83e77af87d8065a45b33	10803530	HASHED_ATTEMPT
artifact-f531e2c17a9b122243533323828451fd	commercial_regional	series:golden_bean_australasia	https://cdn.shopify.com/s/files/1/0584/8734/1218/files/Cat_3_Filter_-_compressed.pdf?v=1700607579	https://cdn.shopify.com/s/files/1/0584/8734/1218/files/Cat_3_Filter_-_compressed.pdf?v=1700607579	200		f49a4d7a2a6307adcd001bda604de631ee12d72ddf64de45ce3e9202ffc6a07c	9311945	HASHED_ATTEMPT
artifact-f62d774ac58a1e51ad393585156392e0	commercial_regional	series:golden_bean_americas	https://cdn.shopify.com/s/files/1/0037/5308/2949/files/GBTACategory10Results2025.pdf?v=1783865400	https://cdn.shopify.com/s/files/1/0037/5308/2949/files/GBTACategory10Results2025.pdf?v=1783865400	200		a5407d0b8de506887b904efd7c231013a98d6e9cc79bd0834d69b4d46da1aa46	9968364	HASHED_ATTEMPT
artifact-f7015aecd1125ec553154b89357452c2	commercial_regional	series:golden_bean_australasia	https://cdn.shopify.com/s/files/1/0584/8734/1218/files/Cat_4_Alternative_Milk.pdf?v=1700621316	https://cdn.shopify.com/s/files/1/0584/8734/1218/files/Cat_4_Alternative_Milk.pdf?v=1700621316	200		0f3918fb3c26ffd75c170b2965b3b0ccfac53cd359f4e4f7682e2aa3e2e47494	13452818	HASHED_ATTEMPT
artifact-f78f64e8d5ab42e5fc59c9ace9e31f15	commercial_regional	series:golden_bean_americas	https://cdn.shopify.com/s/files/1/0037/5308/2949/files/GBTACategory5Results2025.pdf?v=1783864324	https://cdn.shopify.com/s/files/1/0037/5308/2949/files/GBTACategory5Results2025.pdf?v=1783864324	200		835531d02a573c69606b52e3788e3676ef9db8e5cd031dca5a418435d31ecd42	9953852	HASHED_ATTEMPT
artifact-f8a9bb0a195adcde56c613ad38e416ca	commercial_regional	archive:avpa_annual_results	https://www.avpa.fr/_files/ugd/58172f_30052b626d3046dc809ac7c1aadfb577.pdf	https://www.avpa.fr/_files/ugd/58172f_30052b626d3046dc809ac7c1aadfb577.pdf	200		7e44c8ba26dff9508589edf308496c47b5104c07922101ba8d08eb0b89240c53	464164	HASHED_ATTEMPT
artifact-f93359fa62a2198c9333a3c76d2febf4	commercial_regional	series:melbourne_royal_aica	https://www.melbourneroyal.com.au/media/1906/2016-aica-catalogue-of-results.pdf	https://www.melbourneroyal.com.au/media/1906/2016-aica-catalogue-of-results.pdf	200		b6c9fadabeeaebd6a2ac1f4c3dc394492918b40c8a6b101f3bf7e9505b322043	7308758	HASHED_ATTEMPT
artifact-0031edac01a7c7f3821d0207165f5793	golden_bean_ocr_continuation	series:golden_bean_australasia	https://goldenbean.com.au/pages/2025-winners	https://cdn.shopify.com/s/files/1/0584/8734/1218/files/Cat_3_Medalists.pdf?v=1750659275	200		8551351a014baaaa448824736252660fbc439ad9320b7de9f940697aa8851792	3266407	HASHED_ATTEMPT
artifact-007678a39c44c3d1f22127ff7176fdd5	golden_bean_ocr_continuation	edition:golden_bean_americas_2025	https://goldenbean.com/pages/2025-results	https://cdn.shopify.com/s/files/1/0037/5308/2949/files/GBTACategory3Results2025.pdf?v=1783863865	200		c295930b0dedd0b9ec63722ef2e72c74d599d4de9d373e12d674022dcf8d6c7c	19228356	HASHED_ATTEMPT
artifact-05808a737d6a94c8eb6f3592eef1082c	golden_bean_ocr_continuation	edition:golden_bean_americas_2025	https://goldenbean.com/pages/2025-results	https://cdn.shopify.com/s/files/1/0037/5308/2949/files/GBTACategory1Results2025.pdf?v=1783863359	200		3162d04466ba6cac05237cb7ba10231a043cf7a418dd642646800be699976051	16298032	HASHED_ATTEMPT
artifact-0fa533e1ae3cf1e1d6a2ebfe1655e269	golden_bean_ocr_continuation	series:golden_bean_australasia	https://goldenbean.com.au/pages/2023-results	https://cdn.shopify.com/s/files/1/0584/8734/1218/files/Cat_9_LRG_Chain_Milk.pdf?v=1700435974	200		7bfb4832b3b1e88c1af93c5347326ddc41362fe3b3daa90d532b5a16c9bcc26a	7099925	HASHED_ATTEMPT
artifact-143f32fe0e9c099bceee1c7c3eeec2a9	golden_bean_ocr_continuation	series:golden_bean_americas	https://goldenbean.com/pages/2023-results	https://cdn.shopify.com/s/files/1/0037/5308/2949/files/Category_11-_Single-Serve_medalists.pdf?v=1691979460	200		9a3b39a1e3e51b953ecae50647d1655ea13fbefbe3d27d8d11f633a5818c414d	2033395	HASHED_ATTEMPT
artifact-2347638af5323508d7384cde3e2f885b	golden_bean_ocr_continuation	series:golden_bean_australasia	https://goldenbean.com.au/pages/2025-winners	https://cdn.shopify.com/s/files/1/0584/8734/1218/files/Cat_9_Medalists.pdf?v=1750659271	200		be45dcea44d97ada38ce1aa505d4712f6bf827ccdde5ffdc97113f9f2ddc4b88	1721094	HASHED_ATTEMPT
artifact-24f15cc85be974ccf179d79d99e718f7	golden_bean_ocr_continuation	edition:golden_bean_americas_2025	https://goldenbean.com/pages/2025-results	https://cdn.shopify.com/s/files/1/0037/5308/2949/files/GBTACategory10Results2025.pdf?v=1783865400	200		a5407d0b8de506887b904efd7c231013a98d6e9cc79bd0834d69b4d46da1aa46	9968364	HASHED_ATTEMPT
artifact-262b7b77d95901b3e3eeff4216b8a740	golden_bean_ocr_continuation	edition:golden_bean_americas_2025	https://goldenbean.com/pages/2025-results	https://cdn.shopify.com/s/files/1/0037/5308/2949/files/GBTACategory7Results2025.pdf?v=1783864970	200		e0a79694909d53d02b6d8bbce845567cff861aabc9dc628b1ba4a84d86fd6f0f	10854220	HASHED_ATTEMPT
artifact-2d742721992b5783b3856910aaaa1000	golden_bean_ocr_continuation	series:golden_bean_australasia	https://goldenbean.com.au/pages/2025-winners	https://cdn.shopify.com/s/files/1/0584/8734/1218/files/Cat_7_Medalists.pdf?v=1750659268	200		b096683c3388e493010170c763a869ab5f97d35cf4b68fb32fc8e77280d0f258	1017197	HASHED_ATTEMPT
artifact-2d93fdca7b2bb9e54e1c7682d2ccefd2	golden_bean_ocr_continuation	series:golden_bean_australasia	https://goldenbean.com.au/pages/2025-winners	https://cdn.shopify.com/s/files/1/0584/8734/1218/files/Cat_1_Medalists.pdf?v=1750659276	200		88e3dedbe8822c07c7f9427a1e1d1b3a0effa5165701be14b18e634e9b23ca4e	3813292	HASHED_ATTEMPT
artifact-31b89f34a79caa3064436d61935f1780	golden_bean_ocr_continuation	edition:golden_bean_americas_2025	https://goldenbean.com/pages/2025-results	https://cdn.shopify.com/s/files/1/0037/5308/2949/files/GBTACategory8Results2025.pdf?v=1783865116	200		9220362f001f448318048b516e40afd77145b5e16ceecd1b3f9bf1f29120b73e	10856040	HASHED_ATTEMPT
artifact-372a5a66072d23348664f4c593b1e920	golden_bean_ocr_continuation	edition:golden_bean_americas_2025	https://goldenbean.com/pages/2025-results	https://cdn.shopify.com/s/files/1/0037/5308/2949/files/GBTACategory6Results2025.pdf?v=1783864602	200		aff9d267683e75514e6ada09ebea12fad80cc3878c00057b2201241b2f44a9fc	10381992	HASHED_ATTEMPT
artifact-37e75c9ae0e36d2f997d87e74e3e08bf	golden_bean_ocr_continuation	series:golden_bean_australasia	https://goldenbean.com.au/pages/2024-winners	https://cdn.shopify.com/s/files/1/0584/8734/1218/files/GBA_2024_Category_4-results.pdf?v=1729463634	200		ba48b9f8d3177bfbb3aa932f61d842cf48b20fa58662250abf321d602b8eafd3	2177745	HASHED_ATTEMPT
artifact-39a6d46fcd11bc0c3e6186131a05ce4e	golden_bean_ocr_continuation	series:golden_bean_australasia	https://goldenbean.com.au/pages/2023-results	https://cdn.shopify.com/s/files/1/0584/8734/1218/files/Cat_11_SML_Chain_Milk_dd48de2d-50e6-4803-b773-2cd0d1f6d4e7.pdf?v=1700607881	200		9b59cb1d429d8f8850dbfce33bfb75c3f641980dfac6c60052559e84b2452ceb	7636543	HASHED_ATTEMPT
artifact-3c34a96ad097a2515f9d44c27151e61c	golden_bean_ocr_continuation	series:golden_bean_americas	https://goldenbean.com/pages/2023-results	https://cdn.shopify.com/s/files/1/0037/5308/2949/files/Category_8-_Chain-store_Milk.pdf?v=1691979101	200		c5d08a95ed35f00ca6c756f7db228c146f838b199567ad43b9032c2a458af95f	5394386	HASHED_ATTEMPT
artifact-418d33ba855fd3de94ba919c9af0e825	golden_bean_ocr_continuation	series:golden_bean_australasia	https://goldenbean.com.au/pages/2025-winners	https://cdn.shopify.com/s/files/1/0584/8734/1218/files/AWARDS_PRESENTATION_part1_website.pdf?v=1750556136	200		3cb963280c8fa9f329af4092ed4a741af4f3b5a2558e1e6b3f44d886801b629d	10434052	HASHED_ATTEMPT
artifact-49837b7cb8ea3092300059525d130c24	golden_bean_ocr_continuation	series:golden_bean_australasia	https://goldenbean.com.au/pages/2025-winners	https://cdn.shopify.com/s/files/1/0584/8734/1218/files/Cat_5_Medalists.pdf?v=1750659267	200		b5f0a5bbf14937bf70283a338cbb31d5216c23f6e6de95c517e434a047234cd1	939144	HASHED_ATTEMPT
artifact-4a2e982bbe11d49820aba664c5e0fea6	golden_bean_ocr_continuation	series:golden_bean_australasia	https://goldenbean.com.au/pages/2024-winners	https://cdn.shopify.com/s/files/1/0584/8734/1218/files/GBA_2024_Category_10-results.pdf?v=1729464865v	200		ec69d778ee9870c8978f4d42b99d71043867a2354d66a8decb4888c740f859c4	1410561	HASHED_ATTEMPT
artifact-502048fcb285112f27d5757d208160c0	golden_bean_ocr_continuation	edition:golden_bean_americas_2025	https://goldenbean.com/pages/2025-results	https://cdn.shopify.com/s/files/1/0037/5308/2949/files/GBTACategory9Results2025.pdf?v=1783865281	200		ddaeab669b4fb7abe77cb4a6098ef7d3fcfd18d5c6588efa00eca44b9b7d2c21	10404442	HASHED_ATTEMPT
artifact-54c1e2b64dc49ae4b5be201e74d6965e	golden_bean_ocr_continuation	series:golden_bean_australasia	https://goldenbean.com.au/pages/2023-results	https://cdn.shopify.com/s/files/1/0584/8734/1218/files/Cat_4_Alternative_Milk.pdf?v=1700621316	200		0f3918fb3c26ffd75c170b2965b3b0ccfac53cd359f4e4f7682e2aa3e2e47494	13452818	HASHED_ATTEMPT
artifact-55a1c39c095ec3f6342c83d861f9c010	golden_bean_ocr_continuation	series:golden_bean_australasia	https://goldenbean.com.au/pages/2024-winners	https://cdn.shopify.com/s/files/1/0584/8734/1218/files/GBA_2024_Category_3-results_91f3121d-73f7-4da5-938f-e72fde96c527.pdf?v=1729635966	200		09e5ba69838a4450c2c4088dfe4b0c2c16345a95b7f49c90149f56e493e7a99b	9051414	HASHED_ATTEMPT
artifact-5a8f04e78bbb949acf634dcb0f851ce0	golden_bean_ocr_continuation	series:golden_bean_australasia	https://goldenbean.com.au/pages/2025-winners	https://cdn.shopify.com/s/files/1/0584/8734/1218/files/Cat_2_Medalists.pdf?v=1750659276	200		719b6c0c7188ce978ce2b1599e1402c3f203e0cd685db46398736d8918d20a46	4953524	HASHED_ATTEMPT
artifact-5e1cd91403cc77075c348f78d5f30b4b	golden_bean_ocr_continuation	series:golden_bean_americas	https://goldenbean.com/pages/2023-results	https://cdn.shopify.com/s/files/1/0037/5308/2949/files/Category_2-_Milk_Based_medal_winners.pdf?v=1691978222	200		1216498f68c5dea466b36550c43b6fad3a61acd0ead52994ecc730e87653db0b	6079071	HASHED_ATTEMPT
artifact-7c2f8daec775b0badf82a36ff19ba672	golden_bean_ocr_continuation	series:golden_bean_australasia	https://goldenbean.com.au/pages/2025-winners	https://cdn.shopify.com/s/files/1/0584/8734/1218/files/Cat_6_Medalists.pdf?v=1750659269	200		e84de58527718e52e8b04f81a13cbea273495c412fc73344a1c3d863dc80b331	1085234	HASHED_ATTEMPT
artifact-83d4063442895dc2e3c3fd6718a7c450	golden_bean_ocr_continuation	series:golden_bean_australasia	https://goldenbean.com.au/pages/2025-winners	https://cdn.shopify.com/s/files/1/0584/8734/1218/files/AWARDS_PRESENTATION_part2_website.pdf?v=1750556166	200		b6ba1b3320be028b2f96b712de182fc266c45af543892dbfa5a4eeb0ffabfbaf	20277204	HASHED_ATTEMPT
artifact-8637c61b815c991b66efcb48fcbc20dd	golden_bean_ocr_continuation	series:golden_bean_australasia	https://goldenbean.com.au/pages/2025-winners	https://cdn.shopify.com/s/files/1/0584/8734/1218/files/Cat_11_Medalists.pdf?v=1750659270	200		5c3ceb980705f900447c49ffeb1ab440fede38f2de899df4dabc3e9e09e1d333	1238461	HASHED_ATTEMPT
artifact-8ec19b8652cc74cff25f90c65ce98f09	golden_bean_ocr_continuation	series:golden_bean_australasia	https://goldenbean.com.au/pages/2024-winners	https://cdn.shopify.com/s/files/1/0584/8734/1218/files/GBA_2024_Category_2-results_6f9dc1c1-c537-42cf-9c5c-adba7046b0e2.pdf?v=1729635749	200		1b8d59467284c678428f2d628e6904e41df4faad7cda4d79c6f5da515637892d	17540772	HASHED_ATTEMPT
artifact-94d39b18e474776e5ed40065ce162af0	golden_bean_ocr_continuation	series:golden_bean_australasia	https://goldenbean.com.au/pages/2023-results	https://cdn.shopify.com/s/files/1/0584/8734/1218/files/Cat_2_Milk_-_smaller.pdf?v=1700529339	200		a6917fc9daaf62daa4454984d7022a84c0eeffdf088009b35ff223071d19fba6	5597195	HASHED_ATTEMPT
artifact-95fa2057ef67091fda9927f58fec0185	golden_bean_ocr_continuation	series:golden_bean_australasia	https://goldenbean.com.au/pages/2024-winners	https://cdn.shopify.com/s/files/1/0584/8734/1218/files/GBA_2024_Category_5-results.pdf?v=1729463754	200		841211830acdbb29f7f837f27bee40b0437c9d1a8cb3ea28bef484d7b0cc5598	1419349	HASHED_ATTEMPT
artifact-9d75fcaad28dc138141ae5e7af1999af	golden_bean_ocr_continuation	series:golden_bean_australasia	https://goldenbean.com.au/pages/2023-results	https://cdn.shopify.com/s/files/1/0584/8734/1218/files/Cat_3_Filter_-_compressed.pdf?v=1700607579	200		f49a4d7a2a6307adcd001bda604de631ee12d72ddf64de45ce3e9202ffc6a07c	9311945	HASHED_ATTEMPT
artifact-a0f408081d77e92fca5acd6f8c2349b9	golden_bean_ocr_continuation	series:golden_bean_australasia	https://goldenbean.com.au/pages/2023-results	https://cdn.shopify.com/s/files/1/0584/8734/1218/files/Cat_10_SML_Chain_Espresso.pdf?v=1700607733	200		c70977a0d5582f1993615a7d313f6c693887af641779b5d6df5631ce75730b53	9197090	HASHED_ATTEMPT
artifact-a15583048f5b975083c534d97fee3e0b	golden_bean_ocr_continuation	series:golden_bean_australasia	https://goldenbean.com.au/pages/2023-results	https://cdn.shopify.com/s/files/1/0584/8734/1218/files/Cat_6_Elite.pdf?v=1700435974	200		2bf30172b09bcff30f054fa54db627f73a0b0fb3d5ba53ba397065e88ca718f9	7060694	HASHED_ATTEMPT
artifact-a605b9072a6a003a34f65b76df856796	golden_bean_ocr_continuation	series:golden_bean_americas	https://goldenbean.com/pages/2023-results	https://cdn.shopify.com/s/files/1/0037/5308/2949/files/Category_5-_Decaf_medalists.pdf?v=1691978697	200		ad151667bb39518df0004bbc29945228f726b0946bed5e5c5a223bae99d37f09	3689805	HASHED_ATTEMPT
artifact-a8a68efbe737d64faad3365fa46e9321	golden_bean_ocr_continuation	series:golden_bean_americas	https://goldenbean.com/pages/2023-results	https://cdn.shopify.com/s/files/1/0037/5308/2949/files/Category_9-_Chain-store_Filter.pdf?v=1691979195	200		e7bcca2d7fe704f69f70ec2e4ec865d5b92b7bdd85517996104a1c0ca58f4468	6967919	HASHED_ATTEMPT
artifact-ad863f19b1e81d9e4fb5e60dc038589e	golden_bean_ocr_continuation	series:golden_bean_australasia	https://goldenbean.com.au/pages/2023-results	https://cdn.shopify.com/s/files/1/0584/8734/1218/files/Cat_7_Super_Automatic.pdf?v=1700435975	200		c1126488407d0cb84f44617beae7a5ce8aede25ae76624ed47c8054231d86a17	7221803	HASHED_ATTEMPT
artifact-b9072afd48b391ebec44c3032c7a7bd4	golden_bean_ocr_continuation	series:golden_bean_australasia	https://goldenbean.com.au/pages/2024-winners	https://cdn.shopify.com/s/files/1/0584/8734/1218/files/GBA_2024_Category_8-results.pdf?v=1729464396	200		605c2bb1d1afff21a889b9bf3d6a8e958786a329bfa934b6b174da3ad5d000ca	2205292	HASHED_ATTEMPT
artifact-bbcbfadaa6e7f0945fdab83f2ee10071	golden_bean_ocr_continuation	series:golden_bean_americas	https://goldenbean.com/pages/2023-results	https://cdn.shopify.com/s/files/1/0037/5308/2949/files/Category_1-Espresso_medal_winners_f3575eb6-9183-4e8f-8f29-5a3832b75b9e.pdf?v=1692832297	200		a187bb5b4f46c1b931821e8503b355a3025177acc54e83e77af87d8065a45b33	10803530	HASHED_ATTEMPT
artifact-bd36c6f652c161a4b1cfe0007e3ba802	golden_bean_ocr_continuation	series:golden_bean_australasia	https://goldenbean.com.au/pages/2024-winners	https://cdn.shopify.com/s/files/1/0584/8734/1218/files/GBA_2024_Category_1-results-website_a943b9a9-830b-4d84-8d0b-6dd819969715.pdf?v=1729635412	200		dce994443149066901a4035dcd8b81e39e8d8f68aa8a95d5c65a4a5afb82ca42	11406694	HASHED_ATTEMPT
artifact-c0a52e726e6f8c6cc21b8ad159b41f61	golden_bean_ocr_continuation	series:golden_bean_australasia	https://goldenbean.com.au/pages/2025-winners	https://cdn.shopify.com/s/files/1/0584/8734/1218/files/Cat_8_Medalists.pdf?v=1750659273	200		c1cb8ba496f292a6065add3759ca2e5156550422ae106bbcb17d59a9c1cfbb98	1816814	HASHED_ATTEMPT
artifact-c3bebe5e0fb99f0c8f7aa455eb06408a	golden_bean_ocr_continuation	series:golden_bean_australasia	https://goldenbean.com.au/pages/2023-results	https://cdn.shopify.com/s/files/1/0584/8734/1218/files/Cat_5_Decaf.pdf?v=1700435969	200		97e65a0ba708ef5464e461349ba11870e0552b1576b66ca2ffb5cb0cee84b787	5518188	HASHED_ATTEMPT
artifact-c462a26e8397425036c28d5770d8a49f	golden_bean_ocr_continuation	series:golden_bean_australasia	https://goldenbean.com.au/pages/2024-winners	https://cdn.shopify.com/s/files/1/0584/8734/1218/files/GBA_2024_Category_7-results.pdf?v=1729464225	200		6ea205dd1e1f7f8a70fb42457b47cff94397dbe61359a8217643e96c2e4e103f	1386014	HASHED_ATTEMPT
artifact-c7670bdf2a336b1cc9904ccf13459d5b	golden_bean_ocr_continuation	series:golden_bean_australasia	https://goldenbean.com.au/pages/2025-winners	https://cdn.shopify.com/s/files/1/0584/8734/1218/files/Cat_4_Medalists.pdf?v=1750659270	200		0fcdc6a8cc121a80f1615d4d94560cb7b15dd7f96faaeb0f0ff68a1f1d161129	1508065	HASHED_ATTEMPT
artifact-c947d57520dcfbd3dc45082e9b8f38b9	golden_bean_ocr_continuation	series:golden_bean_australasia	https://goldenbean.com.au/pages/2025-winners	https://cdn.shopify.com/s/files/1/0584/8734/1218/files/Cat_10_Medalists.pdf?v=1750659269	200		ac2626f5e2eced1e7daaaf947e4a21046bb9373c68fc6cd0fb071a3107d697e9	1145152	HASHED_ATTEMPT
artifact-cd13b561fc4f34b38dbaac8c22f56b3b	golden_bean_ocr_continuation	edition:golden_bean_americas_2025	https://goldenbean.com/pages/2025-results	https://cdn.shopify.com/s/files/1/0037/5308/2949/files/GBTACategory2Results2025.pdf?v=1783863695	200		2ce33f3bb4d07cecd89daf9d4914f82056f7a22569e7521f6b5a8a269536684d	16256859	HASHED_ATTEMPT
artifact-cdc17bdb2f42850beacb0317c2471316	golden_bean_ocr_continuation	edition:golden_bean_americas_2025	https://goldenbean.com/pages/2025-results	https://cdn.shopify.com/s/files/1/0037/5308/2949/files/GBTACategory11Results2025.pdf?v=1783865495	200		d7e62c7dd49a10bb9532349ef094503aa2598a530621ad8f22306944a8b69c8e	9974505	HASHED_ATTEMPT
artifact-ce43ca26a819a389ab1d0ae41c8e3ff6	golden_bean_ocr_continuation	series:golden_bean_australasia	https://goldenbean.com.au/pages/2023-results	https://cdn.shopify.com/s/files/1/0584/8734/1218/files/Cat_1_Espresso_-_smaller.pdf?v=1700437173	200		493642569c239f37cae747ead432a92d63140f4f942502ac73c8824d534c6d58	4591579	HASHED_ATTEMPT
artifact-d112409693e59b37d4d544fa96528d41	golden_bean_ocr_continuation	edition:golden_bean_americas_2025	https://goldenbean.com/pages/2025-results	https://cdn.shopify.com/s/files/1/0037/5308/2949/files/GBTACategory5Results2025.pdf?v=1783864324	200		835531d02a573c69606b52e3788e3676ef9db8e5cd031dca5a418435d31ecd42	9953852	HASHED_ATTEMPT
artifact-d72058c441c876fe9c3f7db42c2835a3	golden_bean_ocr_continuation	series:golden_bean_australasia	https://goldenbean.com.au/pages/2024-winners	https://cdn.shopify.com/s/files/1/0584/8734/1218/files/GBA_2024_Category_9-results.pdf?v=1729464653	200		af7a589836214bd62f6347ae9064ec6345bc3d80a528d0d1ef1eef0c0a5f3b0b	3018880	HASHED_ATTEMPT
artifact-da2a305d5b42a6d94cfad5e91e35d4eb	golden_bean_ocr_continuation	series:golden_bean_americas	https://goldenbean.com/pages/2023-results	https://cdn.shopify.com/s/files/1/0037/5308/2949/files/Category_10-Super_Automatic.pdf?v=1691979289	200		83354defa27d93d4b09e2b580e26b78411234b799cdc46e268b26ace25de4a3c	3506979	HASHED_ATTEMPT
artifact-de7bc91614ac54d2dfc6e2df2fc258ae	golden_bean_ocr_continuation	series:golden_bean_americas	https://goldenbean.com/pages/2023-results	https://cdn.shopify.com/s/files/1/0037/5308/2949/files/Category_4-_Alternative_Milk_medalists.pdf?v=1691978593	200		6ae418944fee6b23bb6836839dfc321aa4e04c3f01852c24e9f02a36ce75fa59	3656462	HASHED_ATTEMPT
artifact-e20bb16fbb6e43cb6e95e4fce4860163	golden_bean_ocr_continuation	series:golden_bean_australasia	https://goldenbean.com.au/pages/2024-winners	https://cdn.shopify.com/s/files/1/0584/8734/1218/files/GBA_2024_Category_6-results.pdf?v=1729464006	200		fe647be2bd6ef5364f5ad96beafa514e045fede0eb590ba2536dc26a32e98443	1398218	HASHED_ATTEMPT
artifact-e45944ed935cfd852222a53d390cffe7	golden_bean_ocr_continuation	series:golden_bean_americas	https://goldenbean.com/pages/2023-results	https://cdn.shopify.com/s/files/1/0037/5308/2949/files/Category_7-_Chain-Store_Espresso_medalists.pdf?v=1691978957	200		64c335fbc71fdae243677d0cf5d7b1aaa89dfcb331a203b255f3505d083999b6	5200316	HASHED_ATTEMPT
artifact-e7a89b74b1d9ea2008e6c5b265ecc516	golden_bean_ocr_continuation	series:golden_bean_americas	https://goldenbean.com/pages/2023-results	https://cdn.shopify.com/s/files/1/0037/5308/2949/files/Category_3_Filter_medalists_f7f8747c-321f-4a7a-9d64-5d294629b4cb.pdf?v=1692832248	200		0d25e56dea5380bfba3d71217665dd24b2bb9b02acc455c9a72964bce053d361	14248506	HASHED_ATTEMPT
artifact-f0f4126ae67a8ac5b294c4269bd8521e	golden_bean_ocr_continuation	edition:golden_bean_americas_2025	https://goldenbean.com/pages/2025-results	https://cdn.shopify.com/s/files/1/0037/5308/2949/files/GBTACategory4Results2025.pdf?v=1783864099	200		b14ec5e92ffac5dab26c0f3264915c0621f4517ceaa8006d2055b984d781ee72	9963499	HASHED_ATTEMPT
artifact-f74e63d8494dbc800a5809da44298e27	golden_bean_ocr_continuation	series:golden_bean_americas	https://goldenbean.com/pages/2023-results	https://cdn.shopify.com/s/files/1/0037/5308/2949/files/Category_6-_Elite_medalists.pdf?v=1691978857	200		f1250a25f0fd0fa4606916df06bf7a64e2c8f326cb499d39b4d1db6324c5741b	2008241	HASHED_ATTEMPT
artifact-fb50d6766d1a27a86fa75aa54d7552f3	golden_bean_ocr_continuation	series:golden_bean_australasia	https://goldenbean.com.au/pages/2023-results	https://cdn.shopify.com/s/files/1/0584/8734/1218/files/Cat_8_LRG_Chain_Espresso.pdf?v=1700435978	200		1c46ec47c8c707f113463afa6a64b4a475ee6b9f7b6ccf81416205b71edd2382	8811964	HASHED_ATTEMPT
artifact-fe2f8b090cd78b53c404c321cc3ab07e	golden_bean_ocr_continuation	series:golden_bean_australasia	https://goldenbean.com.au/pages/2024-winners	https://cdn.shopify.com/s/files/1/0584/8734/1218/files/GBA_2024_Category_11-results.pdf?v=1729465018	200		4063b3f601b8ef440cf8580bdcccf7b1caab967895706119ad6fed1efc3f7258	2206914	HASHED_ATTEMPT
artifact-08ef74faf8905ea8f2b86e9e374a372a	wcc_body_continuation	source:wcc_cb_rec9rt4jchpkcwn8w	https://www.mynewsdesk.com/se/scae-sweden/pressreleases/baest-i-sverige-paa-att-provsmaka-specialkaffe-1127365	https://www.mynewsdesk.com/se/scae-sweden/pressreleases/baest-i-sverige-paa-att-provsmaka-specialkaffe-1127365	200	text/html	09ad7916cc4991027ebaa4dc43f9322b55a1605cfc4ec45ddf9b7b3ae46af8b3	42582	SOURCE_FILE_MANIFEST
artifact-09df58d640d9fc7693c250b4111e513f	wcc_body_continuation	source:wcc_cb_recb2nvvtuijdxvwz	https://www.anacafe.org/uploads/file/b7e6d68ba1b84832a940745715e270f8/Memoria_de_labores_Anacafe_2025_web.pdf	https://www.anacafe.org/uploads/file/b7e6d68ba1b84832a940745715e270f8/Memoria_de_labores_Anacafe_2025_web.pdf	200	application/pdf	6350633ee232bf51814421aee104cf0b359cf1125526981af40e6d509ddb649a	10102708	SOURCE_FILE_MANIFEST
artifact-2e12aeac40471225081fc9deec421b6b	wcc_body_continuation	source:wcc_cb_rec7tuorabqiycucm	https://federaciondecafeteros.org/app/uploads/2022/10/BOLETIN-Colombia-tiene-nuevos-campeones-nacionales-de-catacion-barismo-y-AeroPress.pdf	https://federaciondecafeteros.org/app/uploads/2022/10/BOLETIN-Colombia-tiene-nuevos-campeones-nacionales-de-catacion-barismo-y-AeroPress.pdf	404	text/html	2547655bb7f779125f66584aa8524fc70e278cba7d3116cef4ad84dec2b83319	560798	SOURCE_FILE_MANIFEST
artifact-324128c6061271c7ee887f304aca9787	wcc_body_continuation	source:wcc_cb_rec2yd5roxsvgmby5	https://horecaexpo.gr/en/sca-greece-national-coffee-championships-2026/	https://horecaexpo.gr/en/sca-greece-national-coffee-championships-2026/	200	text/html	a24f9fe2857e790f93f39401e5734f08f62cdd5900b03434ff771e929ce1ad37	178827	SOURCE_FILE_MANIFEST
artifact-42ad31ebc7a0bd8e7ae643624d15aca1	wcc_body_continuation	source:wcc_cb_rec21urnlnue16imu	https://www.isc.gob.sv/el-salvador-realiza-el-campeonato-de-barismo-metodos-y-mejor-cold-brew-2025/	https://www.isc.gob.sv/el-salvador-realiza-el-campeonato-de-barismo-metodos-y-mejor-cold-brew-2025/	403	text/html	9c66fcff1b385a74f094318c7a4938fc5483ff1573eef68b3eb2757e2f58e1a9	5888	SOURCE_FILE_MANIFEST
artifact-483ad292f072778268e054312d5fcfbe	wcc_body_continuation	source:wcc_cb_recagnhh5aiyrwslp	https://scauk.coffee/	https://scauk.coffee/	200	text/html	0cd2a1f4b86b2fcfcd74fbe5f30891b36da10bd41a6356fc478163e665696633	84551	SOURCE_FILE_MANIFEST
artifact-4b545e5a9cb1889dc98032ea852e2ea5	wcc_body_continuation	source:wcc_cb_recahobfxvazsne9r	https://docs.google.com/spreadsheets/d/1Smc9boByDuVzgzru7MkNDZn2yXoKL5AYc_u9yx3P-aI/export?format=xlsx	https://docs.google.com/spreadsheets/d/1Smc9boByDuVzgzru7MkNDZn2yXoKL5AYc_u9yx3P-aI/export?format=xlsx	200	application/vnd.openxmlformats-officedocument.spreadsheetml.sheet	afa58d17b27696cd4096bf6f020e143f553ab296f0e745cf5cf79f5ba3a324aa	80444	SOURCE_FILE_MANIFEST
artifact-4df8e6c2f92de4dfb4194eac18c2bf91	wcc_body_continuation	source:wcc_cb_recahobfxvazsne9r	https://docs.google.com/spreadsheets/d/1rBzWUk0OpjxhC1p2KPNkYzrtgJaYr7aq9SKZ7F17eE8/export?format=xlsx	https://docs.google.com/spreadsheets/d/1rBzWUk0OpjxhC1p2KPNkYzrtgJaYr7aq9SKZ7F17eE8/export?format=xlsx	200	application/vnd.openxmlformats-officedocument.spreadsheetml.sheet	21f236bbb747987ea8fd6c6834f78ed5f913a6e762ea368fe0e91d1e1e0dfdbb	8241	SOURCE_FILE_MANIFEST
artifact-7213f5a72f17f40ff2723e7f7edaa072	wcc_body_continuation	source:wcc_cb_recahobfxvazsne9r	https://www.bcc.coffee/32	https://www.bcc.coffee/32	200	text/html	aa42f025b590900c353bf08f2289336c0fe16e43fbfc5753aeceb2bcb57f4e45	666887	SOURCE_FILE_MANIFEST
artifact-88fde50ea3850631c201f903c59ec9ed	wcc_body_continuation	source:wcc_cb_rec3gfr83yrfthhh3	https://www.scaireland.ie/news	https://www.scaireland.ie/news	200	text/html	2d60a1f82d8b9b4a207fad2d371cd0b8209cbfbb0e49da8c5ae7add6a2590dfe	184975	SOURCE_FILE_MANIFEST
artifact-8be4485b1b3aa7732effa820d037bb42	wcc_body_continuation	source:wcc_cb_recahobfxvazsne9r	https://drive.google.com/uc?export=download&id=1GfPke_Zq-BSMDehEk8bdaT_a__2-9fFO	https://drive.google.com/uc?export=download&id=1GfPke_Zq-BSMDehEk8bdaT_a__2-9fFO	200	application/pdf	850fd2022a82d56828ae7f316d696c720ef751c3d997665887ab13d8576b4fc4	164665	SOURCE_FILE_MANIFEST
artifact-9dde65b026466c919236dd472a2235e0	wcc_body_continuation	source:wcc_cb_rec6kvidw1gqaqubv	https://scaturkey.com/pages/2025-sca-ulusal-kahve-kavurma-sampiyonasi	https://scaturkey.com/pages/2025-sca-ulusal-kahve-kavurma-sampiyonasi	200	text/html	3655975859e31f0972db2c60741bf6be6023499d055e86499262531376b154f1	375575	SOURCE_FILE_MANIFEST
artifact-9ddf32e295b0ae892fe55ae23f230b34	wcc_body_continuation	source:wcc_cb_recdeylqqudi2kpxc	https://scanederland.coffee/blog/vicky-cheng-pakt-nationale-titel-bij-cup-tasters-2026/	https://scanederland.coffee/blog/vicky-cheng-pakt-nationale-titel-bij-cup-tasters-2026/	200	text/html	a579e7715788020c31ff9aacd09a26dbdf119157dc9c2e20e313e7af1827b179	50250	SOURCE_FILE_MANIFEST
artifact-a11347df5839114eeeb36d9e5032e1a9	wcc_body_continuation	source:wcc_cb_rec21urnlnue16imu	https://www.isc.gob.sv/el-consejo-salvadoreno-del-cafe-csc-finalizo-con-la-premiacion-del-12o-campeonato-salvadoreno-de-barismo-y-3er-campeonato-de-metodos/	https://www.isc.gob.sv/el-consejo-salvadoreno-del-cafe-csc-finalizo-con-la-premiacion-del-12o-campeonato-salvadoreno-de-barismo-y-3er-campeonato-de-metodos/	403	text/html	4c1ef1a6f7647d3c296dfc2db109f7a3f8484fcdb820a70f22568e8f1caf7c14	6123	SOURCE_FILE_MANIFEST
artifact-a157e6c0c190e7e17736570b2a4ee52f	wcc_body_continuation	source:wcc_cb_rec3gfr83yrfthhh3	https://images.squarespace-cdn.com/content/v1/673546560b18f34d57e954db/97da3d34-1763-4759-a4e1-bbbb2ae5166a/SCA+IRELAND+ICTC+2026+Rankings.jpg	https://images.squarespace-cdn.com/content/v1/673546560b18f34d57e954db/97da3d34-1763-4759-a4e1-bbbb2ae5166a/SCA+IRELAND+ICTC+2026+Rankings.jpg	200	image/webp	e442d07e99683609fab2fbae7999244b30ca1213ac18375c987cba9ce51af5a3	245096	SOURCE_FILE_MANIFEST
artifact-a8fc58f0076180f5da074b80002a9a7d	wcc_body_continuation	source:wcc_cb_rec6lqu0yjlahunxc	https://andina.pe/agencia/noticia-conoce-a-antonio-venturo-y-rebeca-mujica-los-campeones-nacionales-cafe-963270.aspx	https://andina.pe/agencia/noticia-conoce-a-antonio-venturo-y-rebeca-mujica-los-campeones-nacionales-cafe-963270.aspx	200	text/html	61ca61a6f56aa61eba5395d633461e460d2d0922c5ef4e86f4df85d93a3a6def	193481	SOURCE_FILE_MANIFEST
artifact-aa651a1489b53172c638ee1e310d754b	wcc_body_continuation	source:wcc_cb_recaucmwthkwmahzq	https://scasa.coffee/pages/competitor-bios	https://scasa.coffee/pages/competitor-bios	200	text/html	80c3a54f2de25e997494822e53856cdfd67ca9a3f15446da11931fd5a825ad7a	175557	SOURCE_FILE_MANIFEST
artifact-ac7300deca7909bf9e3c22892bc4ce67	wcc_body_continuation	source:wcc_cb_rec4raelzybhh2uip	https://scacanada.coffee/barista-championship	https://scacanada.coffee/barista-championship	200	text/html	643f7ca382904e8785958a153b5db77b707c2f650cf443fd896676d4a04d8c91	123839	SOURCE_FILE_MANIFEST
artifact-acb94ddfcfc56733e5a4dca299b9000f	wcc_body_continuation	source:wcc_cb_recdeylqqudi2kpxc	https://scanederland.coffee/wp-content/uploads/2026/01/Dutch-Cuptasters-Championships-Results-Tuesday-13-January-2026.pdf	https://scanederland.coffee/wp-content/uploads/2026/01/Dutch-Cuptasters-Championships-Results-Tuesday-13-January-2026.pdf	200	application/pdf	ce95c6c4e74aaacb5eba3abc742bfcdff29d7342029461896492394402bfdd68	92146	SOURCE_FILE_MANIFEST
artifact-b84dc46fbb8e80dbe143973f10640b6b	wcc_body_continuation	source:wcc_cb_reccd2qbgyuexbewf	https://thailandcoffeefest.org/en	https://thailandcoffeefest.org/en	403	text/html	bea0e9561dd31af0bd9c4a6566299e659a731bb73afba97587f2170ca2679ed8	5397	SOURCE_FILE_MANIFEST
artifact-c597b25fdd2b07317f58f83942a6cf07	wcc_body_continuation	source:wcc_cb_recahobfxvazsne9r	https://www.bcc.coffee/25	https://www.bcc.coffee/25	200	text/html	27c615ee035e5b9d4a5c8ca79c9c1d77a07544c8025f75f00a53771ffe188d1b	353596	SOURCE_FILE_MANIFEST
artifact-d1374b610aa41d2ca019eb16a417551f	wcc_body_continuation	source:wcc_cb_rec3gfr83yrfthhh3	https://images.squarespace-cdn.com/content/v1/673546560b18f34d57e954db/1bb44028-e2e5-4776-a21e-cf4b221c7423/IBrC+2026+-+Rankings.jpg	https://images.squarespace-cdn.com/content/v1/673546560b18f34d57e954db/1bb44028-e2e5-4776-a21e-cf4b221c7423/IBrC+2026+-+Rankings.jpg	200	image/webp	823f5a3c278d735727e96463034263e53aba618291da31ed715b80ccbbd88db8	125312	SOURCE_FILE_MANIFEST
artifact-d3b41505d118d31d6e35b7167f1adcf2	wcc_body_continuation	source:wcc_cb_recahobfxvazsne9r	https://docs.google.com/spreadsheets/d/1d2iPD7rbDx9KSymdWYYLIahtOEkXWN1N/export?format=xlsx	https://docs.google.com/spreadsheets/d/1d2iPD7rbDx9KSymdWYYLIahtOEkXWN1N/export?format=xlsx	200	application/vnd.openxmlformats-officedocument.spreadsheetml.sheet	a3f24af5fabd504eaea2f0b01f303ba92c1781ae3e7aaead98cc24bf347c9a74	69430	SOURCE_FILE_MANIFEST
artifact-d9f057c10ea357203621927f81cc6726	wcc_body_continuation	source:wcc_cb_recahobfxvazsne9r	https://docs.google.com/spreadsheets/d/18gfm1qaTr4VwCSfjwU_XBA_cvDJ-z3DjrZnGyHjB96g/export?format=xlsx	https://docs.google.com/spreadsheets/d/18gfm1qaTr4VwCSfjwU_XBA_cvDJ-z3DjrZnGyHjB96g/export?format=xlsx	200	application/vnd.openxmlformats-officedocument.spreadsheetml.sheet	3cc39966cc8175fc8b48c54b0d770e2785c859b8cbb3379b7304634f9afdce21	240351	SOURCE_FILE_MANIFEST
artifact-e15058b5b416aa9df4c453b04eed7d37	wcc_body_continuation	source:wcc_cb_rec3gfr83yrfthhh3	https://www.scaireland.ie/news/ibrc2026-results-rankings	https://www.scaireland.ie/news/ibrc2026-results-rankings	200	text/html	5ecfb9a647f18848c080d6f8342e88ac22dec968ff0f08da2280a3cd9ec8beb3	196071	SOURCE_FILE_MANIFEST
artifact-e51007c9c765267f3795994d963e29b1	wcc_body_continuation	source:wcc_cb_recahobfxvazsne9r	https://www.bcc.coffee/36	https://www.bcc.coffee/36	200	text/html	92cc310acd6786e07c3379ecd8d7545e6f1c3c98ed9fd27d1c305d69c549bb00	525970	SOURCE_FILE_MANIFEST
artifact-ed8435dc67308ce762cb52f44cb1f64e	wcc_body_continuation	source:wcc_cb_rec3gfr83yrfthhh3	https://www.scaireland.ie/news/ictc2026-results-rankings	https://www.scaireland.ie/news/ictc2026-results-rankings	200	text/html	78f0594cb68824baf5f43415af259c77bdcc561a63815ded2938c06c86a7673d	159574	SOURCE_FILE_MANIFEST
artifact-f2379ab55d87459ce1818c6091a7997e	wcc_body_continuation	source:wcc_cb_rec0zgr8vngzfsqhw	https://www.ihcafe.hn/?mdocs-file=5603	https://www.ihcafe.hn/?mdocs-file=5603	200	text/html	5262b3b4417d15bad9183fe9bf9c712c06f75de9c95d79397e746e4c71d4ec27	105410	SOURCE_FILE_MANIFEST
artifact-f70f21d4b733b439f9809752c135e3b0	wcc_body_continuation	source:wcc_cb_recahobfxvazsne9r	https://drive.google.com/uc?export=download&id=1saU9kBtX0w3Msu2W0pnljbqx_8s2ybMi	https://drive.google.com/uc?export=download&id=1saU9kBtX0w3Msu2W0pnljbqx_8s2ybMi	200	application/pdf	a7de2d400d273f3078a2e85726fae9489f95f9ef5b72bc2d930d91d9bd27c38d	161142	SOURCE_FILE_MANIFEST
artifact-028b4ccb4398fa86a1e69e694cddebff	wcc_national	archive:wcc_wbrc_past_rankings	https://digital.ucdavis.edu/item/ark:/87293/d3ff3m950	https://digital.ucdavis.edu/fcrepo/rest/item/ark:/87293/d3ff3m950/media/2011-WBrC-Rankings.pdf	200	application/pdf	eb30972a763f0cf4f9426a1a393ef2131ed0d81f6b07b99204bbc0f72b8c6c6f	284316	SOURCE_FILE_MANIFEST
artifact-02fdb84fabb0971a26e46bab7d76fe74	wcc_national	archive:wcc_wctc_results_gap	https://digital.ucdavis.edu/item/ark:/87293/d3z31p00t	https://digital.ucdavis.edu/fcrepo/rest/item/ark:/87293/d3z31p00t/media/2021-WCTC-Rankings.pdf	200	application/pdf	9a210872890710ad719c0b76a5cfb086643c9dcdd6eac2b5cb8fec03e181ce0e	1358292	SOURCE_FILE_MANIFEST
artifact-03aa3a92cb5c06a1eacb7fcdaf48491e	wcc_national	archive:wcc_wbc_ucd_archive	https://digital.ucdavis.edu/item/ark:/87293/d3542jk2b	https://digital.ucdavis.edu/fcrepo/rest/item/ark:/87293/d3542jk2b/media/2004-WBC-Rankings.pdf	200	application/pdf	0278798801eab608fa9156825db0d113b6b2d10c59defa57442f3f374f0340b2	1109604	SOURCE_FILE_MANIFEST
artifact-055fad805cbf94f38af24eb0ef927b99	wcc_national	archive:wcc_wlac_results_gap	https://digital.ucdavis.edu/item/ark:/87293/d3rv0d997	https://digital.ucdavis.edu/fcrepo/rest/item/ark:/87293/d3rv0d997/media/2006-WLAC-Rankings.pdf	200	application/pdf	72ea5ff5ce18bf874e080a7155798f183a97650c3b135907be834fd8d0c4bed3	213119	SOURCE_FILE_MANIFEST
artifact-0f513ea7b060f28449c277f8018c843f	wcc_national	archive:wcc_wlac_results_gap	https://digital.ucdavis.edu/item/ark:/87293/d35m62h9c	https://digital.ucdavis.edu/fcrepo/rest/item/ark:/87293/d35m62h9c/media/2023-WLAC-Rankings.pdf	200	application/pdf	4d0e30bffdd625f11522cad0c6c2c23dff93385266d73c96437b7ce700acb61f	505624	SOURCE_FILE_MANIFEST
artifact-108307a37b40476d035761262e191f12	wcc_national	archive:wcc_wbc_ucd_archive	https://digital.ucdavis.edu/item/ark:/87293/d3bg2hm5t	https://digital.ucdavis.edu/fcrepo/rest/item/ark:/87293/d3bg2hm5t/media/2015-WBC-Rankings.pdf	200	application/pdf	4f520c393ff40d6271a0f44bf292daab01a3277c76a39163903287af44325cbc	1797458	SOURCE_FILE_MANIFEST
artifact-10b23d0bffcc1e72682c698e84bf23b7	wcc_national	archive:wcc_wcrc_past_rankings	https://digital.ucdavis.edu/item/ark:/87293/d3qr4p175	https://digital.ucdavis.edu/fcrepo/rest/item/ark:/87293/d3qr4p175/media/2014-WCRC-Rankings.pdf	200	application/pdf	71f1e0a202cd687999ff53da80a5c46becd0f9434125618b243041a9e48d1b25	425789	SOURCE_FILE_MANIFEST
artifact-11b26ad9fc45cb4b14332353a057b8e2	wcc_national	archive:wcc_wctc_results_gap	https://digital.ucdavis.edu/item/ark:/87293/d35x25p7g	https://digital.ucdavis.edu/fcrepo/rest/item/ark:/87293/d35x25p7g/media/2011-WCTC-Rankings.pdf	200	application/pdf	e04f6673c2fea3cfc5056ea950b9e90ec82aba63dad6c5ca22c07260f4d5b3e5	146295	SOURCE_FILE_MANIFEST
artifact-11bd62da6652f6d575497eb0ac7d6cf8	wcc_national	archive:wcc_wbc_ucd_archive	https://digital.ucdavis.edu/item/ark:/87293/d3j960m2t	https://digital.ucdavis.edu/fcrepo/rest/item/ark:/87293/d3j960m2t/media/2001-WBC-Rankings.pdf	200	application/pdf	b065c405a77bae8f5975464de4709544241e604d881a77cba32388c73cc48e48	161188	SOURCE_FILE_MANIFEST
artifact-197aef008a3342a8102a4c237af8f46a	wcc_national	archive:wcc_wbc_ucd_archive	https://digital.ucdavis.edu/item/ark:/87293/d3ns0m78q	https://digital.ucdavis.edu/fcrepo/rest/item/ark:/87293/d3ns0m78q/media/2017-WBC-Rankings.pdf	200	application/pdf	06e4add7881f22a6eb22628233b263ca177f1782309baa348b488b85f337049b	2711049	SOURCE_FILE_MANIFEST
artifact-1c392395958f563f34b9fd6c5f4c7c01	wcc_national	archive:wcc_wbrc_past_rankings	https://digital.ucdavis.edu/item/ark:/87293/d3028pq1b	https://digital.ucdavis.edu/fcrepo/rest/item/ark:/87293/d3028pq1b/media/2019-WBrC-Rankings.pdf	200	application/pdf	27b65d50f48dda0bffd08e420a8be01d4bb92d1f66496e11d8de401919d88f04	3182354	SOURCE_FILE_MANIFEST
artifact-1db96d73e49d978dcbe0735fa5b249be	wcc_national	archive:wcc_wlac_results_gap	https://digital.ucdavis.edu/item/ark:/87293/d3fx7480p	https://digital.ucdavis.edu/fcrepo/rest/item/ark:/87293/d3fx7480p/media/2014-WLAC-Rankings.pdf	200	application/pdf	8bca3ac0e781b3609afc3f7483650f4f911ed920092565ef1a893dbb45f59008	1285369	SOURCE_FILE_MANIFEST
artifact-1e86d4b194fa79360f863758646382c7	wcc_national	archive:wcc_wbrc_past_rankings	https://digital.ucdavis.edu/item/ark:/87293/d3f766h9q	https://digital.ucdavis.edu/fcrepo/rest/item/ark:/87293/d3f766h9q/media/2016-WBrC-Rankings.pdf	200	application/pdf	b3c98e2628f57534a0cf9d179f375d964c864d38ac25834426339114ff89a87f	1381318	SOURCE_FILE_MANIFEST
artifact-1eb9544d40d2657f979528fcbd2ad30d	wcc_national	archive:wcc_wbc_ucd_archive	https://digital.ucdavis.edu/item/ark:/87293/d37w67g7d	https://digital.ucdavis.edu/fcrepo/rest/item/ark:/87293/d37w67g7d/media/2007-WBC-Rankings.pdf	200	application/pdf	a25028d897f4d88d6207e8b8d535dae2a7e7cdabe53dd8dbe892cafd3fa76dc6	1053872	SOURCE_FILE_MANIFEST
artifact-1f2712dfe1777ab8d7f17d77e8d55992	wcc_national	archive:wcc_wbc_ucd_archive	https://digital.ucdavis.edu/item/ark:/87293/d3w950z5g	https://digital.ucdavis.edu/fcrepo/rest/item/ark:/87293/d3w950z5g/media/2018-WBC-Rankings.pdf	200	application/pdf	14383c7519ec35ae1b3bd1c42ffc8e6ea4820d349502e82f1359e2748f471c73	2848432	SOURCE_FILE_MANIFEST
artifact-21b56819e1a172d151fa46a46f2f9d0e	wcc_national	archive:wcc_wlac_results_gap	https://digital.ucdavis.edu/item/ark:/87293/d3cn6z909	https://digital.ucdavis.edu/fcrepo/rest/item/ark:/87293/d3cn6z909/media/2007-WLAC-Rankings.pdf	200	application/pdf	c83a8c4b1416a8f55a9710df44e5609dd29d7dc8245627328ec2bc1f0a3f4bf6	237303	SOURCE_FILE_MANIFEST
artifact-34c13faa6177425511f1cd2dbf37413d	wcc_national	archive:wcc_wbrc_past_rankings	https://digital.ucdavis.edu/item/ark:/87293/d3j09wf4b	https://digital.ucdavis.edu/fcrepo/rest/item/ark:/87293/d3j09wf4b/media/2017-WBrC-Rankings.pdf	200	application/pdf	57385dbd295b48c622b44f6411e2925b22828ba689fe0f7277411d8b29e99110	531469	SOURCE_FILE_MANIFEST
artifact-34e92c8bd476d84730538c5ae36585b9	wcc_national	archive:wcc_wctc_results_gap	https://digital.ucdavis.edu/item/ark:/87293/d3qf8jv85	https://digital.ucdavis.edu/fcrepo/rest/item/ark:/87293/d3qf8jv85/media/2025-WCTC-Rankings.pdf	200	application/pdf	2279d0b7cf74f462a65574d9793eb1d521ca26ca6cfaa3a915afbd43183e8586	508015	SOURCE_FILE_MANIFEST
artifact-35697fd680a835b189cad9fdcd1053b5	wcc_national	archive:wcc_cic_ucd_archive	https://digital.ucdavis.edu/item/ark:/87293/d3251fw25	https://digital.ucdavis.edu/fcrepo/rest/item/ark:/87293/d3251fw25/media/2012-CIC-Rankings.pdf	200	application/pdf	b1224cda3329494f66151a1adbd26eded90fe55441d9e7d675d0c80be5ff716b	710484	SOURCE_FILE_MANIFEST
artifact-36f2e6f10262ce1c9b4394efdbc211c6	wcc_national	archive:wcc_wlac_results_gap	https://digital.ucdavis.edu/item/ark:/87293/d38c9rf1j	https://digital.ucdavis.edu/fcrepo/rest/item/ark:/87293/d38c9rf1j/media/2024-WLAC-Rankings.pdf	200	application/pdf	54d0159769df13416f22762b5ba3bb8cf8e97685f59e7322d9305cd2738d4437	511099	SOURCE_FILE_MANIFEST
artifact-37ada20baa60c0f6d69b2254d6e6b971	wcc_national	archive:wcc_wbc_ucd_archive	https://digital.ucdavis.edu/item/ark:/87293/d3dj58s82	https://digital.ucdavis.edu/fcrepo/rest/item/ark:/87293/d3dj58s82/media/2002-WBC-Rankings.pdf	200	application/pdf	b443434fb2b0f5202ce087d9edd2f1c4bc4475977a4aa79c2327331508bc025b	1075114	SOURCE_FILE_MANIFEST
artifact-37f1a07ff3e7bda31172ee4db0dab8c7	wcc_national	archive:wcc_wbrc_past_rankings	https://digital.ucdavis.edu/item/ark:/87293/d3wh2dr1r	https://digital.ucdavis.edu/fcrepo/rest/item/ark:/87293/d3wh2dr1r/media/2013-WBrC-Rankings.pdf	200	application/pdf	3bcfac20cc7430a66d4093670cf65ec0e96aa87a61510b6240ec985a3357687e	1134364	SOURCE_FILE_MANIFEST
artifact-3dd42ac8ba8d05a0f05f0c87c469ec5b	wcc_national	archive:wcc_cic_ucd_archive	https://digital.ucdavis.edu/item/ark:/87293/d39c6sb3r	https://digital.ucdavis.edu/fcrepo/rest/item/ark:/87293/d39c6sb3r/media/2023-CIC-Rankings.pdf	200	application/pdf	0fc2b91a157e539405fb7fe35734301b68c380a35e4c84bf2a5d1df4b67f286d	276036	SOURCE_FILE_MANIFEST
artifact-3fe51c46b1f9e6eea0f81f73ff350e8e	wcc_national	archive:wcc_wctc_results_gap	https://digital.ucdavis.edu/item/ark:/87293/d3qv3cd90	https://digital.ucdavis.edu/fcrepo/rest/item/ark:/87293/d3qv3cd90/media/2008-WCTC-Rankings.pdf	200	application/pdf	5098031457d2e1b5ffc24784712f3f063204af569037f577babcb5d8d286f780	1103884	SOURCE_FILE_MANIFEST
artifact-41521d9d92dc4f7768450a771061c6aa	wcc_national	archive:wcc_wctc_results_gap	https://digital.ucdavis.edu/item/ark:/87293/d3t727s1r	https://digital.ucdavis.edu/fcrepo/rest/item/ark:/87293/d3t727s1r/media/2022-WCTC-Rankings.pdf	200	application/pdf	7a9dcf08698e8581c673e58f5f9e0436f894808b848a4511f1bbab78065818a4	955648	SOURCE_FILE_MANIFEST
artifact-41b0b0801495a273fd975bded11d6de3	wcc_national	archive:wcc_wcrc_past_rankings	https://digital.ucdavis.edu/item/ark:/87293/d3rf5kr9w	https://digital.ucdavis.edu/fcrepo/rest/item/ark:/87293/d3rf5kr9w/media/2024-WCRC-Rankings.pdf	200	application/pdf	85b53970aa3bc29a179a207a9e8f563bfb807c0e1ea438f68f3ea7cd49923add	310736	SOURCE_FILE_MANIFEST
artifact-428bea05154e889b6dc080732d78b69b	wcc_national	archive:wcc_wcrc_past_rankings	https://digital.ucdavis.edu/item/ark:/87293/d3h12vj4n	https://digital.ucdavis.edu/fcrepo/rest/item/ark:/87293/d3h12vj4n/media/2018-WCRC-Rankings.pdf	200	application/pdf	bc94e2f84a589d237986458b33a924f6377350d542a3b2f974c2ec5d27edaccb	854350	SOURCE_FILE_MANIFEST
artifact-47fc9ed620e4387037f733bd7858b6ad	wcc_national	archive:wcc_wlac_results_gap	https://digital.ucdavis.edu/item/ark:/87293/d30c4sv9t	https://digital.ucdavis.edu/fcrepo/rest/item/ark:/87293/d30c4sv9t/media/2008-WLAC-Rankings.pdf	200	application/pdf	43f35fdc58e3e43c95272914a2fc557926049d3e15b14a0f79479fcc22ba6487	1028345	SOURCE_FILE_MANIFEST
artifact-4a5a478d6d6ec38c092ce85abe55d870	wcc_national	archive:wcc_wcrc_past_rankings	https://digital.ucdavis.edu/item/ark:/87293/d35t3g93p	https://digital.ucdavis.edu/fcrepo/rest/item/ark:/87293/d35t3g93p/media/2016-WCRC-Rankings.pdf	200	application/pdf	df98a709a66e48cd2d4c38a427af7e51d17c31e1b14c2729241ad9a762c2d47d	362231	SOURCE_FILE_MANIFEST
artifact-4f30c18a11575415407e53e83ffef920	wcc_national	archive:wcc_wbc_ucd_archive	https://digital.ucdavis.edu/item/ark:/87293/d3k06xb33	https://digital.ucdavis.edu/fcrepo/rest/item/ark:/87293/d3k06xb33/media/2016-WBC-Rankings.pdf	200	application/pdf	053a2d70e86dc1a97f6e268b6d880aee3bccc07ac7dda266d0a5f7322eeaa995	1897658	SOURCE_FILE_MANIFEST
artifact-5027dd4e59c781e6748686fc6d238b29	wcc_national	archive:wcc_wctc_results_gap	https://digital.ucdavis.edu/item/ark:/87293/d38p5vm1m	https://digital.ucdavis.edu/fcrepo/rest/item/ark:/87293/d38p5vm1m/media/2013-WCTC-Rankings.pdf	200	application/pdf	50ce4276d4b98f3474c0855f8a32e2d5ca3fe924ad34c16227db79d5b63bd4c8	1709128	SOURCE_FILE_MANIFEST
artifact-51e939c2b7ff48edc5b59c6c9332be19	wcc_national	archive:wcc_wctc_results_gap	https://digital.ucdavis.edu/item/ark:/87293/d3cc0v42r	https://digital.ucdavis.edu/fcrepo/rest/item/ark:/87293/d3cc0v42r/media/2019-WCTC-Rankings.pdf	200	application/pdf	42f986845e51d9e3a98ce75be7912c97a19c814a3d196fb462e91ffaa631ecce	514980	SOURCE_FILE_MANIFEST
artifact-52a4b98983d21b3bd346fcf5872d8365	wcc_national	archive:wcc_wcigs_results_gap	https://digital.ucdavis.edu/item/ark:/87293/d3v980264	https://digital.ucdavis.edu/fcrepo/rest/item/ark:/87293/d3v980264/media/2019-WCIGS-Rankings.pdf	200	application/pdf	007a3889768ec1b29441bcaf85b368daca645faa95ce92f4bd885c3fc244dbee	982534	SOURCE_FILE_MANIFEST
artifact-545d27d719ab8e396870e357527d8f66	wcc_national	archive:wcc_wcrc_past_rankings	https://digital.ucdavis.edu/item/ark:/87293/d32v2cm5g	https://digital.ucdavis.edu/fcrepo/rest/item/ark:/87293/d32v2cm5g/media/2022-WCRC-Rankings.pdf	200	application/pdf	950a3ac3eb65b766ba27204f38dd8516d6f6f943eb2e28d3798d01204892f3af	481236	SOURCE_FILE_MANIFEST
artifact-5988a08158124d7d12e590fe81c364dd	wcc_national	archive:wcc_wbc_ucd_archive	https://digital.ucdavis.edu/item/ark:/87293/d3gf0n657	https://digital.ucdavis.edu/fcrepo/rest/item/ark:/87293/d3gf0n657/media/2009-WBC-Rankings.pdf	200	application/pdf	5d56c49c8f52d02059edb167c56112ea8463b569806b76adda2b396edea25e22	890878	SOURCE_FILE_MANIFEST
artifact-59937e39041d6d6bd37607bbea2c717e	wcc_national	archive:wcc_wbrc_past_rankings	https://digital.ucdavis.edu/item/ark:/87293/d30v89t31	https://digital.ucdavis.edu/fcrepo/rest/item/ark:/87293/d30v89t31/media/2024-WBrC-Rankings.pdf	200	application/pdf	21cc4d060864b17b8b151df489b16ba5c4413d8fadef736316d9ac108ec19f1d	1179088	SOURCE_FILE_MANIFEST
artifact-5bdb5d99977284ade6311b0824ab62de	wcc_national	archive:wcc_wbc_ucd_archive	https://digital.ucdavis.edu/item/ark:/87293/d3p26qd6k	https://digital.ucdavis.edu/fcrepo/rest/item/ark:/87293/d3p26qd6k/media/2000-WBC-Rankings.pdf	200	application/pdf	c64314a825d3ebd889ee6eb5dba0ea8b7f45b7bc4aa0ed0628c8f7111e24b16a	576844	SOURCE_FILE_MANIFEST
artifact-5e13cb3ef76f13c2372cb370c612be8f	wcc_national	archive:wcc_wctc_results_gap	https://digital.ucdavis.edu/item/ark:/87293/d3x921v5q	https://digital.ucdavis.edu/fcrepo/rest/item/ark:/87293/d3x921v5q/media/2017-WCTC-Rankings.pdf	200	application/pdf	d4a64b5a172baf4eb72fa5e49e8b920cdd3cf1f19d47e6d508a72819cdeb047e	1416878	SOURCE_FILE_MANIFEST
artifact-633f345364609cb35f00ac7216799255	wcc_national	archive:wcc_wcrc_past_rankings	https://digital.ucdavis.edu/item/ark:/87293/d38k7567k	https://digital.ucdavis.edu/fcrepo/rest/item/ark:/87293/d38k7567k/media/2017-WCRC-Rankings.pdf	200	application/pdf	ab7d36b627c17fbb9c28c7660eb059f957a3d1e35d651e109bf38a1bcb197ba5	556878	SOURCE_FILE_MANIFEST
artifact-65c934aa22131a380ca7d84b638a918f	wcc_national	archive:wcc_wcigs_results_gap	https://digital.ucdavis.edu/item/ark:/87293/d3ms3kb8g	https://digital.ucdavis.edu/fcrepo/rest/item/ark:/87293/d3ms3kb8g/media/2018-WCIGS-Rankings.pdf	200	application/pdf	7ca076645888557dfa40d178bd23b38a4ea434555745de08ff15314af7ad2576	1097650	SOURCE_FILE_MANIFEST
artifact-6963dbb024ee4ad194ea753df805dcfe	wcc_national	archive:wcc_wbrc_past_rankings	https://digital.ucdavis.edu/item/ark:/87293/d30863g5d	https://digital.ucdavis.edu/fcrepo/rest/item/ark:/87293/d30863g5d/media/2014-WBrC-Rankings.pdf	200	application/pdf	4c2d75991e839d7953e1b1fca6726e5407782c17359136e2990e9ea2dae15704	1118667	SOURCE_FILE_MANIFEST
artifact-6b1789ad94c42ff7bc20874dff0b3ed4	wcc_national	archive:wcc_wbc_ucd_archive	https://digital.ucdavis.edu/item/ark:/87293/d3348gs4t	https://digital.ucdavis.edu/fcrepo/rest/item/ark:/87293/d3348gs4t/media/2010-WBC-Rankings.pdf	200	application/pdf	b41d3636939307931ca8a616725b383c7b37e9487cbab54037e26249741b098f	1263232	SOURCE_FILE_MANIFEST
artifact-6d6ef08aac3082a620aee008789ad8dd	wcc_national	archive:wcc_wbc_ucd_archive	https://digital.ucdavis.edu/item/ark:/87293/d34m91m75	https://digital.ucdavis.edu/fcrepo/rest/item/ark:/87293/d34m91m75/media/2024-WBC-Rankings.pdf	200	application/pdf	8e6ed4d32b934d568415bd75de408a7d6b501f13f147e0365ec404a91689c48d	2362491	SOURCE_FILE_MANIFEST
artifact-6e4955d4d06fd7c298c99a8ba8abdc7d	wcc_national	archive:wcc_wbc_ucd_archive	https://digital.ucdavis.edu/item/ark:/87293/d3n29ph5v	https://digital.ucdavis.edu/fcrepo/rest/item/ark:/87293/d3n29ph5v/media/2006-WBC-Rankings.pdf	200	application/pdf	50c1f4b9adc9bd7c18adee9d4876a20741b091e6447f7f5a3db6c763bc84911b	1496474	SOURCE_FILE_MANIFEST
artifact-6f15a83f416b6cdf111138480a5a897f	wcc_national	archive:wcc_wcigs_results_gap	https://digital.ucdavis.edu/item/ark:/87293/d3000097v	https://digital.ucdavis.edu/fcrepo/rest/item/ark:/87293/d3000097v/media/2025-WCIGS-Rankings.pdf	200	application/pdf	6608c316e96dc4c2f2e56f1bafe95b78701ba8b85e83546938d4a8a7fe775e47	343273	SOURCE_FILE_MANIFEST
artifact-6fc5e7c0fe3b436fed1029d62b4afaa0	wcc_national	archive:wcc_cic_ucd_archive	https://digital.ucdavis.edu/item/ark:/87293/d3tm72b40	https://digital.ucdavis.edu/fcrepo/rest/item/ark:/87293/d3tm72b40/media/2011-CIC-Rankings.pdf	200	application/pdf	e114f4bacdc3fac4ca151c25fafe33500c7aa0246caa59c9a5060c126ee89e0d	455355	SOURCE_FILE_MANIFEST
artifact-71c650d2d23d60cf8b57b2f742549332	wcc_national	archive:wcc_wlac_results_gap	https://digital.ucdavis.edu/item/ark:/87293/d36w96k8n	https://digital.ucdavis.edu/fcrepo/rest/item/ark:/87293/d36w96k8n/media/2010-WLAC-Rankings.pdf	200	application/pdf	8780fc07590df4fae45b4b88b61e7cd2d24405a55ad0e65bb784113da54ac9b4	1105982	SOURCE_FILE_MANIFEST
artifact-71dc57a7da12b50882de066b77f99c88	wcc_national	archive:wcc_wbc_ucd_archive	https://digital.ucdavis.edu/item/ark:/87293/d33t9dh4p	https://digital.ucdavis.edu/fcrepo/rest/item/ark:/87293/d33t9dh4p/media/2019-WBC-Rankings.pdf	200	application/pdf	c5f8a15ab5be8ea59e0e502f5589c05dc57ae2740f7985eec6e64c2b5414f789	933967	SOURCE_FILE_MANIFEST
artifact-724ff463d1afd1de46a5f430e629fa79	wcc_national	archive:wcc_wbc_ucd_archive	https://digital.ucdavis.edu/item/ark:/87293/d37d2qj2b	https://digital.ucdavis.edu/fcrepo/rest/item/ark:/87293/d37d2qj2b/media/2025-WBC-Rankings.pdf	200	application/pdf	ed6e90b0c545edbcc6ac9634d60b7d3228e9434c0c0674ef1a88b5e6dc88c95b	1163709	SOURCE_FILE_MANIFEST
artifact-7256014632d3a88f679d92680a4cfbd7	wcc_national	archive:wcc_wlac_results_gap	https://digital.ucdavis.edu/item/ark:/87293/d36d5pn23	https://digital.ucdavis.edu/fcrepo/rest/item/ark:/87293/d36d5pn23/media/2017-WLAC-Rankings.pdf	200	application/pdf	b79a034d2c25b53a10676d3a7bdbe535600787e0f11ff88ac66a043879394f15	501671	SOURCE_FILE_MANIFEST
artifact-7d4264c68848d9535f363bf3ec0d8ebb	wcc_national	archive:wcc_wcrc_past_rankings	https://digital.ucdavis.edu/item/ark:/87293/d3np1wv4h	https://digital.ucdavis.edu/fcrepo/rest/item/ark:/87293/d3np1wv4h/media/2023-WCRC-Rankings.pdf	200	application/pdf	c925e431794ad7bf800a36037cc4acdd1f53e01e64c93dd204d85bd51933e7b9	335390	SOURCE_FILE_MANIFEST
artifact-7e29d5c566ed9644165d7ef5eb8c0be0	wcc_national	archive:wcc_wbrc_past_rankings	https://digital.ucdavis.edu/item/ark:/87293/d3x34n29g	https://digital.ucdavis.edu/fcrepo/rest/item/ark:/87293/d3x34n29g/media/2023-WBrC-Rankings.pdf	200	application/pdf	14c7b9e54ae3bc32c7311a4ff8bd910038c23e3201ef4707878ac99ef6c6ed8a	535655	SOURCE_FILE_MANIFEST
artifact-8074cb8c65d43cebf67ca2223a5c1564	wcc_national	archive:wcc_wbrc_past_rankings	https://digital.ucdavis.edu/item/ark:/87293/d36q1st1p	https://digital.ucdavis.edu/fcrepo/rest/item/ark:/87293/d36q1st1p/media/2015-WBrC-Rankings.pdf	200	application/pdf	78f77a297359cbf067394a714f913eab995e758f1d06cdf55e6642139eec1c52	1019446	SOURCE_FILE_MANIFEST
artifact-822940179fccd019209a7fe4099947ab	wcc_national	archive:wcc_wcigs_results_gap	https://digital.ucdavis.edu/item/ark:/87293/d3w669k3n	https://digital.ucdavis.edu/fcrepo/rest/item/ark:/87293/d3w669k3n/media/2024-WCIGS-Rankings.pdf	200	application/pdf	89afbc0cfbcf362126bd07973ac0963d66630850eddeeb6a7c4796f78003910c	361553	SOURCE_FILE_MANIFEST
artifact-8337a1774a535d8fe77ae6bb81b20c8c	wcc_national	archive:wcc_wctc_results_gap	https://digital.ucdavis.edu/item/ark:/87293/d3df6kd48	https://digital.ucdavis.edu/fcrepo/rest/item/ark:/87293/d3df6kd48/media/2012-WCTC-Rankings.pdf	200	application/pdf	ccbe37c87bc91067b19c9d376305e6c3d4e6061ce2d001a2d46b16275e860340	128821	SOURCE_FILE_MANIFEST
artifact-86d02c8964d9dacc46700ab2f16c2017	wcc_national	archive:wcc_wlac_results_gap	https://digital.ucdavis.edu/item/ark:/87293/d3pz51x2p	https://digital.ucdavis.edu/fcrepo/rest/item/ark:/87293/d3pz51x2p/media/2011-WLAC-Rankings.pdf	200	application/pdf	534c48278e4641b7febb9e73e569ef927a70055c4edc658cd8c5c7f131a62772	747624	SOURCE_FILE_MANIFEST
artifact-86d17f29271262801e0bd769739f87e8	wcc_national	archive:wcc_wctc_results_gap	https://digital.ucdavis.edu/item/ark:/87293/d34t6fd4x	https://digital.ucdavis.edu/fcrepo/rest/item/ark:/87293/d34t6fd4x/media/2018-WCTC-Rankings.pdf	200	application/pdf	829502614a0e32ade3716618e089a40b7fc6590c77b81cdd8555f3693428efd6	661739	SOURCE_FILE_MANIFEST
artifact-8974a62309129f873833ae6770b33b74	wcc_national	archive:wcc_wcrc_2026_rankings	https://wcc.coffee/wcrc-past-rankings	https://worldcoffeechampionships.squarespace.com/s/2026-WCRC-Rankings-Public.pdf	200	application/pdf	61461e737fa1cc2031871a35eb2a3c8143d2bfa063da9da945cb981b81e29b63	55435	SOURCE_FILE_MANIFEST
artifact-8a37afa02dde6be1e4e96da390a58834	wcc_national	archive:wcc_wcigs_results_gap	https://digital.ucdavis.edu/item/ark:/87293/d3vh5cv1h	https://digital.ucdavis.edu/fcrepo/rest/item/ark:/87293/d3vh5cv1h/media/2014-WCIGS-Rankings.pdf	200	application/pdf	6c56511acf6fddb53f6e6fd7ee24e2a017bcfe9be4a46cdb88b64791d87ee2b4	761785	SOURCE_FILE_MANIFEST
artifact-8e174e0eb01c1dd45b9fb37a30dfeaee	wcc_national	archive:wcc_wcigs_results_gap	https://digital.ucdavis.edu/item/ark:/87293/d3f47h47w	https://digital.ucdavis.edu/fcrepo/rest/item/ark:/87293/d3f47h47w/media/2022-WCIGS-Rankings.pdf	200	application/pdf	cbfdb7bf1ae2768cda25fbfac9a67bab2074e0b52ee9b54bd15d78b2dfa96658	641625	SOURCE_FILE_MANIFEST
artifact-938b3272b60786db6e252e59a7fdce0b	wcc_national	archive:wcc_wcigs_results_gap	https://digital.ucdavis.edu/item/ark:/87293/d39p2wh1v	https://digital.ucdavis.edu/fcrepo/rest/item/ark:/87293/d39p2wh1v/media/2011-WCIGS-Rankings.pdf	200	application/pdf	0db44a930b472348af1ea4a7970b871033ba5dfd3da6d847c4f39eaa2d4a7e72	1248506	SOURCE_FILE_MANIFEST
artifact-95510dfb70cd84a5d8fe3914c817c42f	wcc_national	archive:wcc_wbc_ucd_archive	https://digital.ucdavis.edu/item/ark:/87293/d38w38c5p	https://digital.ucdavis.edu/fcrepo/rest/item/ark:/87293/d38w38c5p/media/2003-WBC-Rankings.pdf	200	application/pdf	c5d197352089c9209d06d16c5eae5187998e3b3841a960f61caed820db327cde	1053805	SOURCE_FILE_MANIFEST
artifact-95deee2bb741d03de2a500b4ddf35a75	wcc_national	archive:wcc_wctc_results_gap	https://digital.ucdavis.edu/item/ark:/87293/d3zc7s48r	https://digital.ucdavis.edu/fcrepo/rest/item/ark:/87293/d3zc7s48r/media/2010-WCTC-Rankings.pdf	200	application/pdf	50ac6168578e14946300fb9666507f673554410b5cc35698af7f775f225efd7f	137659	SOURCE_FILE_MANIFEST
artifact-96daeaf5766be9c06f040dbdcf0c9da0	wcc_national	archive:wcc_wcrc_past_rankings	https://digital.ucdavis.edu/item/ark:/87293/d3z892r5d	https://digital.ucdavis.edu/fcrepo/rest/item/ark:/87293/d3z892r5d/media/2015-WCRC-Rankings.pdf	200	application/pdf	5e8ed490a0661bde55276bc6667353f2ae918940519f80f019d065c30cd96e7c	402447	SOURCE_FILE_MANIFEST
artifact-99375337ccf824662e9a892e941e9ea9	wcc_national	archive:wcc_wbc_ucd_archive	https://digital.ucdavis.edu/item/ark:/87293/d31v5bq4r	https://digital.ucdavis.edu/fcrepo/rest/item/ark:/87293/d31v5bq4r/media/2023-WBC-Rankings.pdf	200	application/pdf	89a4e822453aed3f965b1db7d01edad26d6caf89245ced6947314f337306cbda	714201	SOURCE_FILE_MANIFEST
artifact-9b1740b087eb40831f8fb2a2169c57ed	wcc_national	archive:wcc_wbc_ucd_archive	https://digital.ucdavis.edu/item/ark:/87293/d3vm4373r	https://digital.ucdavis.edu/fcrepo/rest/item/ark:/87293/d3vm4373r/media/2008-WBC-Rankings.pdf	200	application/pdf	c75eedebf27e13cbff2ef8dd9e278a7f9ce2e9a889b20b8ced1c49568fa494d0	1122148	SOURCE_FILE_MANIFEST
artifact-9f33c30aa52b3e35cc23a50f80593e74	wcc_national	archive:wcc_wbc_ucd_archive	https://digital.ucdavis.edu/item/ark:/87293/d3sq8qt66	https://digital.ucdavis.edu/fcrepo/rest/item/ark:/87293/d3sq8qt66/media/2012-WBC-Rankings.pdf	200	application/pdf	4ff7fb9061444f7a491d0d78ec64eb1020d857871697280615b45edf67f97ea2	1551209	SOURCE_FILE_MANIFEST
artifact-a00d6ffce27bf47b7d26016c0707a212	wcc_national	archive:wcc_wcrc_past_rankings	https://digital.ucdavis.edu/item/ark:/87293/d3v698p2x	https://digital.ucdavis.edu/fcrepo/rest/item/ark:/87293/d3v698p2x/media/2025-WCRC-Rankings.pdf	200	application/pdf	aabbe15f329fee8bde1731bea56b785c0e32c7e25b69a93c9a1837c19152e88a	324559	SOURCE_FILE_MANIFEST
artifact-a21af499d90cec8110e7781916c9abf2	wcc_national	archive:wcc_wcigs_results_gap	https://digital.ucdavis.edu/item/ark:/87293/d3sf2mn8n	https://digital.ucdavis.edu/fcrepo/rest/item/ark:/87293/d3sf2mn8n/media/2023-WCIGS-Rankings.pdf	200	application/pdf	80cd6a746b71db4cad1da647fd6e50927733ed42737b36cda66f4a4ed23f8118	319635	SOURCE_FILE_MANIFEST
artifact-a6035dbdd0c559ff802c2287a9d7a128	wcc_national	archive:wcc_wlac_results_gap	https://digital.ucdavis.edu/item/ark:/87293/d3h708996	https://digital.ucdavis.edu/fcrepo/rest/item/ark:/87293/d3h708996/media/2013-WLAC-Rankings.pdf	200	application/pdf	8b8df99fc303ff3890c951a667efc7296164f976f27f86a283acbef5e81a6e16	1363885	SOURCE_FILE_MANIFEST
artifact-a67cca509f3a2630fe7ad752903cdb02	wcc_national	archive:wcc_wcrc_past_rankings	https://digital.ucdavis.edu/item/ark:/87293/d3n01043z	https://digital.ucdavis.edu/fcrepo/rest/item/ark:/87293/d3n01043z/media/2013-WCRC-Rankings.pdf	200	application/pdf	56870b681c21702514f6fa59be02dd6e2a515ad99bf04c1bbdcf48bc29d1e4d7	528443	SOURCE_FILE_MANIFEST
artifact-a77158710045f2b851b929fb75d3a231	wcc_national	archive:wcc_wcrc_past_rankings	https://digital.ucdavis.edu/item/ark:/87293/d3qj7881h	https://digital.ucdavis.edu/fcrepo/rest/item/ark:/87293/d3qj7881h/media/2019-WCRC-Rankings.pdf	200	application/pdf	00f1f936d33aba8a098bba73077055f4b294dff366383f1a8dcac237ff328392	294512	SOURCE_FILE_MANIFEST
artifact-a84bb5d4390409c9dc01b2af6244e754	wcc_national	archive:wcc_wcigs_results_gap	https://digital.ucdavis.edu/item/ark:/87293/d3d795n0k	https://digital.ucdavis.edu/fcrepo/rest/item/ark:/87293/d3d795n0k/media/2017-WCIGS-Rankings.pdf	200	application/pdf	9d80a147eeea47524779923f1a3d7353332f2d01790598ea9770ba19bbd87a97	297469	SOURCE_FILE_MANIFEST
artifact-a90c6f3718717703991ec20e70c7e960	wcc_national	archive:wcc_wctc_results_gap	https://digital.ucdavis.edu/item/ark:/87293/d3mp4vz48	https://digital.ucdavis.edu/fcrepo/rest/item/ark:/87293/d3mp4vz48/media/2024-WCTC-Rankings.pdf	200	application/pdf	38eb92461839f7ebe19cd760103d2e803ccaaf2195380527a759fc3f6ccb08d1	786190	SOURCE_FILE_MANIFEST
artifact-a98875ad838bacbfd01f37323128c662	wcc_national	archive:wcc_wctc_results_gap	https://digital.ucdavis.edu/item/ark:/87293/d3445hp3k	https://digital.ucdavis.edu/fcrepo/rest/item/ark:/87293/d3445hp3k/media/2007-WCTC-Rankings.pdf	200	application/pdf	24cd19d1640171f4a4c1fb4622268d3b8b61c1d73b72bc5b9604581df7a3ac44	179448	SOURCE_FILE_MANIFEST
artifact-ab6aac7d2108466548eabc3b3293390f	wcc_national	archive:wcc_wctc_results_gap	https://digital.ucdavis.edu/item/ark:/87293/d3hx16192	https://digital.ucdavis.edu/fcrepo/rest/item/ark:/87293/d3hx16192/media/2023-WCTC-Rankings.pdf	200	application/pdf	6341bd0b6b55260a868d8d0cd1278a2e53c8927357569ffba3cd8d58d283782c	864997	SOURCE_FILE_MANIFEST
artifact-ad6dba35d464975a4cf975f8bae19920	wcc_national	archive:wcc_wlac_results_gap	https://digital.ucdavis.edu/item/ark:/87293/d3xd0r77k	https://digital.ucdavis.edu/fcrepo/rest/item/ark:/87293/d3xd0r77k/media/2012-WLAC-Rankings.pdf	200	application/pdf	7ba3f0bf2035d96fd42f8eee8f4ee7abc97a3f5d86bd9c03049af05cc560d63a	1306544	SOURCE_FILE_MANIFEST
artifact-b0d29f047f36f6570f326b99c5388b60	wcc_national	archive:wcc_wcigs_results_gap	https://digital.ucdavis.edu/item/ark:/87293/d39g5gq5k	https://digital.ucdavis.edu/fcrepo/rest/item/ark:/87293/d39g5gq5k/media/2016-WCIGS-Rankings.pdf	200	application/pdf	ba35e9459d272b3613ab92de0da1b2ce5171c3514d8a5b7745cc01226dde207a	800613	SOURCE_FILE_MANIFEST
artifact-b13a2287fc41fd306d672856134a0a51	wcc_national	archive:wcc_wlac_results_gap	https://digital.ucdavis.edu/item/ark:/87293/d3wm14430	https://digital.ucdavis.edu/fcrepo/rest/item/ark:/87293/d3wm14430/media/2005-WLAC-Rankings.pdf	200	application/pdf	a471c3d7219ab4e952b230b2d0465c3e04174ce121eab18b2f055ae652ce06e3	95834	SOURCE_FILE_MANIFEST
artifact-b1a0a64e269cfeedcd36274e507fafaf	wcc_national	archive:wcc_wctc_results_gap	https://digital.ucdavis.edu/item/ark:/87293/d3m03z74t	https://digital.ucdavis.edu/fcrepo/rest/item/ark:/87293/d3m03z74t/media/2015-WCTC-Rankings.pdf	200	application/pdf	b0e4461183ecd269d2f689f2645b92269348d7d721297481dd1b210db99ffe76	1797932	SOURCE_FILE_MANIFEST
artifact-b1f4bd7127b00b32851cb911b53025b9	wcc_national	archive:wcc_wlac_results_gap	https://digital.ucdavis.edu/item/ark:/87293/d3b56df67	https://digital.ucdavis.edu/fcrepo/rest/item/ark:/87293/d3b56df67/media/2015-WLAC-Rankings.pdf	200	application/pdf	c5e52a3246ed2cf765ca39ac9919e553b5b44b62ac5e9e29fab4cbc9f081c743	1294940	SOURCE_FILE_MANIFEST
artifact-b44f82ca1e518bacdec3199ac7a567c7	wcc_national	archive:wcc_wlac_results_gap	https://digital.ucdavis.edu/item/ark:/87293/d3pg1hz70	https://digital.ucdavis.edu/fcrepo/rest/item/ark:/87293/d3pg1hz70/media/2022-WLAC-Rankings.pdf	200	application/pdf	36ca33702f03ff71e365b949e1a724c63db4a9fe572981600a5e1d383b08f4ac	1256139	SOURCE_FILE_MANIFEST
artifact-b4a305fdb9c7b1c4ebc78681a0e4cb07	wcc_national	archive:wcc_wbc_ucd_archive	https://digital.ucdavis.edu/item/ark:/87293/d3k64b38n	https://digital.ucdavis.edu/fcrepo/rest/item/ark:/87293/d3k64b38n/media/2011-WBC-Rankings.pdf	200	application/pdf	ad6f60249cde75f1bbeae6d05d25c0574d140ec5a20cd36b9ef70f4f5f3e072c	1728965	SOURCE_FILE_MANIFEST
artifact-b66a9884722cc03af82622dbc9d088e8	wcc_national	archive:wcc_wbc_ucd_archive	https://digital.ucdavis.edu/item/ark:/87293/d3kw57v15	https://digital.ucdavis.edu/fcrepo/rest/item/ark:/87293/d3kw57v15/media/2021-WBC-Rankings.pdf	200	application/pdf	93639843b88ffcd6fe397bc40cd8178ab8068e9d1608b45a3c04d30a55c3a544	2767305	SOURCE_FILE_MANIFEST
artifact-b6e51977842cac1ce7b417022ef13a3f	wcc_national	archive:wcc_wlac_results_gap	https://digital.ucdavis.edu/item/ark:/87293/d3m61c09c	https://digital.ucdavis.edu/fcrepo/rest/item/ark:/87293/d3m61c09c/media/2009-WLAC-Rankings.pdf	200	application/pdf	4f4ab5ff701d1aedc545caa792aa546b437623fff2231b34970903231a15dce8	1021671	SOURCE_FILE_MANIFEST
artifact-b74d32f0434b728cc6098037c7d2c759	wcc_national	archive:wcc_cic_ucd_archive	https://digital.ucdavis.edu/item/ark:/87293/d3sj1b22g	https://digital.ucdavis.edu/fcrepo/rest/item/ark:/87293/d3sj1b22g/media/2017-CIC-Rankings.pdf	200	application/pdf	f20c69df92f9d3bc983f0d0a632fb7151b13c85bd866396197225842ca88578f	298183	SOURCE_FILE_MANIFEST
artifact-b8a4c4395cb82d15e864275d7699719f	wcc_national	archive:wcc_wcigs_results_gap	https://digital.ucdavis.edu/item/ark:/87293/d3j67968d	https://digital.ucdavis.edu/fcrepo/rest/item/ark:/87293/d3j67968d/media/2012-WCIGS-Rankings.pdf	200	application/pdf	ac52d9dacd90b826f9e20ad6b7c2b09bfeaae2f9e30d51136eb83d758930814e	982990	SOURCE_FILE_MANIFEST
artifact-b92512135d8178818b52475a2947287a	wcc_national	archive:wcc_cic_ucd_archive	https://digital.ucdavis.edu/item/ark:/87293/d37p8tq1c	https://digital.ucdavis.edu/fcrepo/rest/item/ark:/87293/d37p8tq1c/media/2014-CIC-Rankings.pdf	200	application/pdf	8dbe5fa9700ac7d02a86c8e9b371adfafb029e7816c9b20bdac5f3cbb668be15	97484	SOURCE_FILE_MANIFEST
artifact-bb59efcdd2bc22b85242b7cbc41c359b	wcc_national	archive:wcc_cic_ucd_archive	https://digital.ucdavis.edu/item/ark:/87293/d3tb0z562	https://digital.ucdavis.edu/fcrepo/rest/item/ark:/87293/d3tb0z562/media/2022-CIC-Rankings.pdf	200	application/pdf	86f20bf61b8372613b1f5bb66d4db02e4733290ebf5d4df714d06ca2272a6653	277728	SOURCE_FILE_MANIFEST
artifact-bd99881d4e1160257443700e2b03044a	wcc_national	archive:wcc_wbc_ucd_archive	https://digital.ucdavis.edu/item/ark:/87293/d33x83w70	https://digital.ucdavis.edu/fcrepo/rest/item/ark:/87293/d33x83w70/media/2014-WBC-Rankings.pdf	200	application/pdf	4680dc66871a8af68bb399a4adc95cf5608913c140c29e42276fe2d28b37fd49	1782177	SOURCE_FILE_MANIFEST
artifact-bdaff3c0c8f47f91e8a5e9a83e88296b	wcc_national	archive:wcc_wctc_results_gap	https://digital.ucdavis.edu/item/ark:/87293/d3th8bz18	https://digital.ucdavis.edu/fcrepo/rest/item/ark:/87293/d3th8bz18/media/2016-WCTC-Rankings.pdf	200	application/pdf	3bd591fe50e18d21e8569ff9517230f7a0f711cf8dc8ffb25da9b84ede6d68ab	1303101	SOURCE_FILE_MANIFEST
artifact-c1833bbfd2f0f8eb1ecc665bf7912ba1	wcc_national	archive:wcc_cic_ucd_archive	https://digital.ucdavis.edu/item/ark:/87293/d3kp7v24f	https://digital.ucdavis.edu/fcrepo/rest/item/ark:/87293/d3kp7v24f/media/2026-CIC-Rankings.pdf	200	application/pdf	a6fb50d4e40086bad1b7f51bfb4306e0106c925da1aa6ed36e96b0dd32bf0fec	258149	SOURCE_FILE_MANIFEST
artifact-c7db4d062df9e73effc9c1c89c6025eb	wcc_national	archive:wcc_cic_ucd_archive	https://digital.ucdavis.edu/item/ark:/87293/d3gx4550x	https://digital.ucdavis.edu/fcrepo/rest/item/ark:/87293/d3gx4550x/media/2025-CIC-Rankings.pdf	200	application/pdf	1b991b37b09f4755f2299bfaf934883aa16ce00c256a0116a7f20a57ed50b23e	252962	SOURCE_FILE_MANIFEST
artifact-c848b4118d8c762bda4c7030c08b1f5b	wcc_national	archive:wcc_wbc_ucd_archive	https://digital.ucdavis.edu/item/ark:/87293/d3pn8xr5p	https://digital.ucdavis.edu/fcrepo/rest/item/ark:/87293/d3pn8xr5p/media/2022-WBC-Rankings.pdf	200	application/pdf	28d107b9e4a74ebfef48ee06fffa27d5df8bce5a6a271c39e0db9babf211f9f8	1702158	SOURCE_FILE_MANIFEST
artifact-cb12c4deb2c4d14d85a52b114d606af0	wcc_national	archive:wcc_wlac_results_gap	https://digital.ucdavis.edu/item/ark:/87293/d32r3p706	https://digital.ucdavis.edu/fcrepo/rest/item/ark:/87293/d32r3p706/media/2018-WLAC-Rankings.pdf	200	application/pdf	369b7071c2244c5fa215590affde863395a313577c421713f2fc04862e74dbbd	1872340	SOURCE_FILE_MANIFEST
artifact-dad784858538e9d070f9ae66047057f4	wcc_national	archive:wcc_wbrc_past_rankings	https://digital.ucdavis.edu/item/ark:/87293/d3jw86z1x	https://digital.ucdavis.edu/fcrepo/rest/item/ark:/87293/d3jw86z1x/media/2022-WBrC-Rankings.pdf	200	application/pdf	3a3a9b57101c0351fcd76468dfe41f027daf32d24279edf4a94f7223ad8c9f72	1031491	SOURCE_FILE_MANIFEST
artifact-dfc2f15b5936666982a09c3080b1cefe	wcc_national	archive:wcc_wcigs_results_gap	https://digital.ucdavis.edu/item/ark:/87293/d3rr1px70	https://digital.ucdavis.edu/fcrepo/rest/item/ark:/87293/d3rr1px70/media/2013-WCIGS-Rankings.pdf	200	application/pdf	b5def405cb74626e90de6667a91fd9b794701c3dda86ce8053f6af35fe798aa9	1140522	SOURCE_FILE_MANIFEST
artifact-e154af3135e73265edec426295825398	wcc_national	archive:wcc_wctc_results_gap	https://digital.ucdavis.edu/item/ark:/87293/d3cf9jh5h	https://digital.ucdavis.edu/fcrepo/rest/item/ark:/87293/d3cf9jh5h/media/2014-WCTC-Rankings.pdf	200	application/pdf	c437f915f941f9e37842bd8b0cde7094021c34d682833ea91cac519995745c5d	2450168	SOURCE_FILE_MANIFEST
artifact-e1a1c5556ec3f7ec85e947e9ed02d677	wcc_national	archive:wcc_wbrc_2026_rankings	https://wcc.coffee/wbrc-past-rankings	https://wcc.coffee/s/2026-WBrC-Rankings-Public.pdf	200	application/pdf	ca3960ebcc57ee636376fc579773b24b1264500845ee411cf41d022fcf36112f	70433	SOURCE_FILE_MANIFEST
artifact-e1d00ccca244108c3fdfedc2a77c74c4	wcc_national	archive:wcc_cic_ucd_archive	https://digital.ucdavis.edu/item/ark:/87293/d3d50g757	https://digital.ucdavis.edu/fcrepo/rest/item/ark:/87293/d3d50g757/media/2024-CIC-Rankings.pdf	200	application/pdf	e9ad6140629e81fc25cd70b3bc415f89e3207cdfdc32502fd1df0348d5320050	247900	SOURCE_FILE_MANIFEST
artifact-e2c16b70f09207d96fe7c25fb51af3e8	wcc_national	archive:wcc_wlac_results_gap	https://digital.ucdavis.edu/item/ark:/87293/d3222rh0b	https://digital.ucdavis.edu/fcrepo/rest/item/ark:/87293/d3222rh0b/media/2016-WLAC-Rankings.pdf	200	application/pdf	b4e9115b04b72f0bb7eb252ca60d486d5e9a5a514d4af57c1272ce1b259edac3	1363672	SOURCE_FILE_MANIFEST
artifact-e3d5df29e901d3bf4c2ad30eef97a411	wcc_national	archive:wcc_wbrc_past_rankings	https://digital.ucdavis.edu/item/ark:/87293/d3rj4951r	https://digital.ucdavis.edu/fcrepo/rest/item/ark:/87293/d3rj4951r/media/2018-WBrC-Rankings.pdf	200	application/pdf	ea703eb8707f2eab4d0bbf342500b83e77ec54bc63410d8f4f2aa350c1db8e0b	581636	SOURCE_FILE_MANIFEST
artifact-e747b59be437de55cf738abf42c6e1a9	wcc_national	archive:wcc_wbrc_past_rankings	https://digital.ucdavis.edu/item/ark:/87293/d36m33d9m	https://digital.ucdavis.edu/fcrepo/rest/item/ark:/87293/d36m33d9m/media/2021-WBrC-Rankings.pdf	200	application/pdf	87bc4abc81b865b3d8ef94608bc069b3876e21f432b93439a3408bd194e10306	526624	SOURCE_FILE_MANIFEST
artifact-e8951a404917a1f303dfef63bf16cad4	wcc_national	archive:wcc_wbc_ucd_archive	https://digital.ucdavis.edu/item/ark:/87293/d31c1tr8k	https://digital.ucdavis.edu/fcrepo/rest/item/ark:/87293/d31c1tr8k/media/2005-WBC-Rankings.pdf	200	application/pdf	96dab39d7434457e8c26a458505433f84380c61346c43b581a069a63deb5d220	1002927	SOURCE_FILE_MANIFEST
artifact-e9019e4b4253d1a3a04c7b4c4f017b9f	wcc_national	archive:wcc_wcigs_results_gap	https://digital.ucdavis.edu/item/ark:/87293/d3319sc9x	https://digital.ucdavis.edu/fcrepo/rest/item/ark:/87293/d3319sc9x/media/2015-WCIGS-Rankings.pdf	200	application/pdf	d3aed8d068789ae05c0d1799d3984618035c20d43af1def8e1b4d7275caf2bb8	756688	SOURCE_FILE_MANIFEST
artifact-eb8de4924b04b539ddfac30f6c623ef0	wcc_national	archive:wcc_wbrc_past_rankings	https://digital.ucdavis.edu/item/ark:/87293/d33n20q8z	https://digital.ucdavis.edu/fcrepo/rest/item/ark:/87293/d33n20q8z/media/2025-WBrC-Rankings.pdf	200	application/pdf	258dda6f2533da2c4077e81e0c44f8a2a531730804871d629a45c2e611fcb3ac	688414	SOURCE_FILE_MANIFEST
artifact-ef18b8cc5d2034c31f683ccfefd7a60f	wcc_national	archive:wcc_wctc_results_gap	https://digital.ucdavis.edu/item/ark:/87293/d3h98zq1q	https://digital.ucdavis.edu/fcrepo/rest/item/ark:/87293/d3h98zq1q/media/2006-WCTC-Rankings.pdf	200	application/pdf	55917400a3fa172f8567c12d2f3959faf7a9fb4b218f732c143d63ea56651dad	211550	SOURCE_FILE_MANIFEST
artifact-f00803d362bf74ada0249d6acf782475	wcc_national	archive:wcc_wctc_results_gap	https://digital.ucdavis.edu/item/ark:/87293/d3bn9xd21	https://digital.ucdavis.edu/fcrepo/rest/item/ark:/87293/d3bn9xd21/media/2009-WCTC-Rankings.pdf	200	application/pdf	4ce7b250636216acdd3037d8f8318d4c79cf2aec65a08bc618d3d4f7b550e818	140031	SOURCE_FILE_MANIFEST
artifact-faaa18a2d18d12adbd2262fe3ead4c0f	wcc_national	archive:wcc_wbc_ucd_archive	https://digital.ucdavis.edu/item/ark:/87293/d3154f03t	https://digital.ucdavis.edu/fcrepo/rest/item/ark:/87293/d3154f03t/media/2013-WBC-Rankings.pdf	200	application/pdf	4bbb0256431b089e85280c8eb385a87d6391d04bc08e1b2a6f36a432a3acca8b	1655740	SOURCE_FILE_MANIFEST
artifact-fb8559189d42068ca49928cf1010f84f	wcc_national	archive:wcc_wlac_results_gap	https://digital.ucdavis.edu/item/ark:/87293/d3g44j174	https://digital.ucdavis.edu/fcrepo/rest/item/ark:/87293/d3g44j174/media/2019-WLAC-Rankings.pdf	200	application/pdf	61c143ff421458e4a92abbc5c3a237b7da6d8b5df0335d0eb8a63fd324826483	1619078	SOURCE_FILE_MANIFEST
artifact-fbf562d30b9ffebc54c60b428b26cd9c	wcc_national	archive:wcc_wlac_results_gap	https://digital.ucdavis.edu/item/ark:/87293/d3c53fb6g	https://digital.ucdavis.edu/fcrepo/rest/item/ark:/87293/d3c53fb6g/media/2025-WLAC-Rankings.pdf	200	application/pdf	bc84fb62d31c5233345c5e8cfd020d53ee7745ef8b23a2219a80a5eaee5c48b4	541604	SOURCE_FILE_MANIFEST
artifact-fde6b3995049aeb779d59eecd7bae250	wcc_national	archive:wcc_wbrc_past_rankings	https://digital.ucdavis.edu/item/ark:/87293/d3nz8112v	https://digital.ucdavis.edu/fcrepo/rest/item/ark:/87293/d3nz8112v/media/2012-WBrC-Rankings.pdf	200	application/pdf	6506d0583500bf9a5cab61d68ed31ced31a2804eccc3a3303224bc13124ee219	1028402	SOURCE_FILE_MANIFEST
