attempt_key	census_item_key	lane_key	attempt_sequence	attempted_at	acquisition_method	outcome	canonical_url	final_url	http_status	source_snapshot_sha256	artifact_byte_count	parsed_row_count	normalized_record_count	descriptor_assertion_count	external_action_type	next_cursor
bop-historical-scap-index	source:bop_results_archive	bop_historical_continuation	1	2026-08-28T02:06:58Z	PUBLIC_OFFICIAL_HTTP_GET	COMPLETED	https://scap-panama.com/auctions2001-2017/	https://scap-panama.com/auctions2001-2017/	200	35e531efdd10aacac4d0a607fdda015ede3d2462a483bb5ba0f45f873e878d80	86609	13	0	0		bop-historical-2004
bop-historical-2004	source:bop_results_archive	bop_historical_continuation	2	2026-08-28T02:07:20Z	PUBLIC_OFFICIAL_HTTP_GET	COMPLETED	https://scap-panama.com/wp-content/uploads/2017/10/results2004.jpeg	https://scap-panama.com/wp-content/uploads/2017/10/results2004.jpeg	200	411ef0108aa06b0e3bb0a08cd9b2e9dc1340a153ddec7f08221517b195c23cab	326016	11	11	0		bop-historical-2005
bop-historical-2005	source:bop_results_archive	bop_historical_continuation	3	2026-08-28T02:07:18Z	PUBLIC_OFFICIAL_HTTP_GET	COMPLETED	https://scap-panama.com/wp-content/uploads/2017/10/results2005.jpeg	https://scap-panama.com/wp-content/uploads/2017/10/results2005.jpeg	200	e175b6e9820ea966262fab03308d921b20c1a0c12ca521eea2c4d9c3aaa41d0e	444912	21	21	0		bop-historical-2006
bop-historical-2006	source:bop_results_archive	bop_historical_continuation	4	2026-08-28T02:07:16Z	PUBLIC_OFFICIAL_HTTP_GET	COMPLETED	https://scap-panama.com/wp-content/uploads/2017/10/results2006.jpeg	https://scap-panama.com/wp-content/uploads/2017/10/results2006.jpeg	200	731652272d5a1aa9b5d9fb2827a4e938c24ecd6f506b31a212ae2cbd6f6e26cb	565887	31	31	0		bop-historical-2007
bop-historical-2007	source:bop_results_archive	bop_historical_continuation	5	2026-08-28T02:07:15Z	PUBLIC_OFFICIAL_HTTP_GET	COMPLETED	https://scap-panama.com/wp-content/uploads/2017/10/results2007.jpeg	https://scap-panama.com/wp-content/uploads/2017/10/results2007.jpeg	200	573e1803b3b30c79f1d8c804ee474d32543bb28d54717cf7044c01dae4b9c51d	626522	25	25	0		bop-historical-2008
bop-historical-2008	source:bop_results_archive	bop_historical_continuation	6	2026-08-28T02:07:13Z	PUBLIC_OFFICIAL_HTTP_GET	COMPLETED	https://scap-panama.com/wp-content/uploads/2017/10/results2008.jpeg	https://scap-panama.com/wp-content/uploads/2017/10/results2008.jpeg	200	e26025f1f71d9f058ec40e58c9601a7f578b0e78456a17d7bf9a0c7b7ae5d97e	438537	19	19	0		bop-historical-2009
bop-historical-2009	source:bop_results_archive	bop_historical_continuation	7	2026-08-28T02:07:11Z	PUBLIC_OFFICIAL_HTTP_GET	COMPLETED	https://scap-panama.com/wp-content/uploads/2017/10/results2009.jpeg	https://scap-panama.com/wp-content/uploads/2017/10/results2009.jpeg	200	a4ae3bae55ffb5dd0c4e725f7837139358fbcaa949a41ae8056cf01836a25f52	312818	16	16	0		bop-historical-2010
bop-historical-2010	source:bop_results_archive	bop_historical_continuation	8	2026-08-28T02:07:10Z	PUBLIC_OFFICIAL_HTTP_GET	COMPLETED	https://scap-panama.com/wp-content/uploads/2017/10/results2010.jpeg	https://scap-panama.com/wp-content/uploads/2017/10/results2010.jpeg	200	9eb4efb8510ed6307fcb0222008eb92f24082d68ac3306d08b2919c48cabe932	363374	20	20	0		bop-historical-2011
bop-historical-2011	source:bop_results_archive	bop_historical_continuation	9	2026-08-28T02:07:08Z	PUBLIC_OFFICIAL_HTTP_GET	COMPLETED	https://scap-panama.com/wp-content/uploads/2017/10/results2011.jpeg	https://scap-panama.com/wp-content/uploads/2017/10/results2011.jpeg	200	d85fdd81de5116c237b1c76e54daa3a063dbd95eeac345d6a707c60f2931a1a2	649783	30	30	0		bop-historical-2012
bop-historical-2012	source:bop_results_archive	bop_historical_continuation	10	2026-08-28T02:07:06Z	PUBLIC_OFFICIAL_HTTP_GET	COMPLETED	https://scap-panama.com/wp-content/uploads/2017/10/results2012.jpeg	https://scap-panama.com/wp-content/uploads/2017/10/results2012.jpeg	200	a5013d4d4a304aa47ea66d2fb603127c6d41bb122cb9f75bc224db32988fa885	226096	30	30	0		bop-historical-2013
bop-historical-2013	source:bop_results_archive	bop_historical_continuation	11	2026-08-28T02:07:05Z	PUBLIC_OFFICIAL_HTTP_GET	COMPLETED	https://scap-panama.com/wp-content/uploads/2017/10/results2013.jpeg	https://scap-panama.com/wp-content/uploads/2017/10/results2013.jpeg	200	4ddcc04d735335b92993cea65dd7a67c9e824b6a153d94d3397a07a1d45eeece	372100	47	47	0		bop-historical-2014
bop-historical-2014	source:bop_results_archive	bop_historical_continuation	12	2026-08-28T02:07:03Z	PUBLIC_OFFICIAL_HTTP_GET	COMPLETED	https://scap-panama.com/wp-content/uploads/2017/10/results2014.jpeg	https://scap-panama.com/wp-content/uploads/2017/10/results2014.jpeg	200	cd3bbe9e8887f3c7da77645e62cbb124d6fb5b895bd691a368136e14115ee77e	458029	50	50	0		bop-historical-2015
bop-historical-2015	source:bop_results_archive	bop_historical_continuation	13	2026-08-28T02:07:02Z	PUBLIC_OFFICIAL_HTTP_GET	COMPLETED	https://scap-panama.com/wp-content/uploads/2017/10/results2015.jpeg	https://scap-panama.com/wp-content/uploads/2017/10/results2015.jpeg	200	a85e66d65d8af711cf4eaf6544905b42e04ba410d17f4c10f0f718590b644e88	354045	46	46	0		bop-historical-2016
bop-historical-2016	source:bop_results_archive	bop_historical_continuation	14	2026-08-28T02:07:00Z	PUBLIC_OFFICIAL_HTTP_GET	COMPLETED	https://scap-panama.com/wp-content/uploads/2017/10/Best-of-Panama-2016-Coffee-Auction-Results.pdf	https://scap-panama.com/wp-content/uploads/2017/10/Best-of-Panama-2016-Coffee-Auction-Results.pdf	200	64cd8933d21deeb12e9b0f7550f8058fe26eb04c03dc102710d71085b803dbd4	210088	49	49	0		bop-historical-2001-2003-reconciliation
coe-bop-bop-legacy-auction-2016-app	source:bop_results_archive	coe_bop	1	2026-08-28T02:03:04Z	PUBLIC_OFFICIAL_HTTP_HEAD	NOT_FOUND	https://app.bestofpanama.auction/auction/2016	https://app.bestofpanama.auction/auction/2016	404		0	0	0	0		best-of-panama-pre-2017-next-official-route
coe-bop-bop-legacy-auction-2016-framer	source:bop_results_archive	coe_bop	2	2026-08-28T02:03:04Z	PUBLIC_OFFICIAL_HTTP_HEAD	NOT_FOUND	https://bestofpanama.auction/auction-2016	https://bestofpanama.auction/auction-2016	404		0	0	0	0		best-of-panama-pre-2017-next-official-route
coe-bop-bop-pre-2017-organizer-route	source:bop_results_archive	coe_bop	3	2026-08-28T02:03:04Z	OFFICIAL_ARCHIVE_RECONCILIATION	BLOCKED_EXTERNAL_ACTION	https://bestofpanama.org/resultados				0	0	0	0	ORGANIZER_RESPONSE	best-of-panama-pre-2017-organizer-owned-public-route-discovery
coe-bop-bop-results-pdf-edition-ambiguity	source:bop_results_archive	coe_bop	4	2026-08-28T02:03:04Z	OFFICIAL_ARCHIVE_RECONCILIATION	BLOCKED_EXTERNAL_ACTION	https://bestofpanama.org/resultados				0	0	0	0	ORGANIZER_RESPONSE	retain-pdf-hash-without-edition-assignment
coe-bop-bopabout2026	source:bop_2026_about	coe_bop	5	2026-08-28T01:41:34Z	PUBLIC_OFFICIAL_HTTP_GET	COMPLETED	https://bestofpanama.org/about2026	https://bestofpanama.org/about2026	200	642ab05db3a89e39c36595622571df291c3e28d527dfdc6e0404b2767a133d17	106067	0	0	0		complete:bop_about_2026.html
coe-bop-bopauction2017	source:bop_results_archive	coe_bop	6	2026-08-28T01:26:19Z	PUBLIC_OFFICIAL_HTTP_GET	COMPLETED	https://bestofpanama.auction/auction-2017	https://bestofpanama.auction/auction-2017	200	ae298f8194cd18665ffcccde524767af5d5f6d9b1f4b74a1c4f40de9df138255	436833	51	51	0		complete:bop_auction_2017.html
coe-bop-bopauction2018	source:bop_results_archive	coe_bop	7	2026-08-28T01:26:21Z	PUBLIC_OFFICIAL_HTTP_GET	COMPLETED	https://bestofpanama.auction/auction-2018	https://bestofpanama.auction/auction-2018	200	54c26bb06c6d487677c073ba999ce4fb900799c9f77f9e4976ee00e94d1311a9	427674	49	49	0		complete:bop_auction_2018.html
coe-bop-bopauction2019	source:bop_results_archive	coe_bop	8	2026-08-28T01:26:22Z	PUBLIC_OFFICIAL_HTTP_GET	COMPLETED	https://bestofpanama.auction/auction-2019	https://bestofpanama.auction/auction-2019	200	ca3071f59d7807ba031fb581b7df3e7c6d24fec5fb83650fd1c6b9c917d8337a	466034	49	49	0		complete:bop_auction_2019.html
coe-bop-bopauction2020	source:bop_results_archive	coe_bop	9	2026-08-28T01:26:22Z	PUBLIC_OFFICIAL_HTTP_GET	COMPLETED	https://bestofpanama.auction/auction-2020	https://bestofpanama.auction/auction-2020	200	1dec59e5ae5ef8f465df353b6bd15338aa7dd91680bc82a5c8e2c28ddb3cf9de	485848	52	52	0		complete:bop_auction_2020.html
coe-bop-bopauction2021	source:bop_results_archive	coe_bop	10	2026-08-28T01:26:24Z	PUBLIC_OFFICIAL_HTTP_GET	COMPLETED	https://bestofpanama.auction/auction-2021	https://bestofpanama.auction/auction-2021	200	2ced9790f4b9e8a900dbe28fbbb19128efd5caf7a603053effcf15afcaab992c	464397	50	50	0		complete:bop_auction_2021.html
coe-bop-bopauction2022	source:bop_results_archive	coe_bop	11	2026-08-28T01:26:26Z	PUBLIC_OFFICIAL_HTTP_GET	COMPLETED	https://bestofpanama.auction/auction-2022	https://bestofpanama.auction/auction-2022	200	5e1d464e87b92c8ba3f585c0c4c081bca3b7a347c1bbb498636dc77ef8cee823	465386	50	50	0		complete:bop_auction_2022.html
coe-bop-bopauction2023	source:bop_results_archive	coe_bop	12	2026-08-28T01:26:26Z	PUBLIC_OFFICIAL_HTTP_GET	COMPLETED	https://bestofpanama.auction/auction-2023	https://bestofpanama.auction/auction-2023	200	5637270443f761a3e4d6bd32ba3dadb8eeb24c99d2123c61e9b30da8734a81a2	588891	50	50	0		complete:bop_auction_2023.html
coe-bop-bopauction2024	source:bop_results_archive	coe_bop	13	2026-08-28T01:23:22Z	PUBLIC_OFFICIAL_HTTP_GET	COMPLETED	https://bestofpanama.auction/auction-2024	https://bestofpanama.auction/auction-2024	200	6e70b78dd2f017bf149c37dd6426780f3c11f38c59779a1020478293157036ba	417093	50	50	0		complete:bop_auction_2024.html
coe-bop-bopauction2025canvasofterroir	source:bop_results_archive	coe_bop	14	2026-08-28T01:27:04Z	PUBLIC_OFFICIAL_HTTP_GET	COMPLETED	https://app.bestofpanama.auction/auction/canvas-of-terroir	https://app.bestofpanama.auction/auction/canvas-of-terroir	200	bc128a64dd3385c5412c7989505786bb25e334ef91b4555c259aff87119c0653	72362	50	50	0		complete:bop_auction_2025_canvas_of_terroir.html
coe-bop-bopauction2026timelessresonance	edition:best_of_panama_2026	coe_bop	15	2026-08-28T01:27:05Z	PUBLIC_OFFICIAL_HTTP_GET	COMPLETED	https://app.bestofpanama.auction/auction/timeless-resonance	https://app.bestofpanama.auction/auction/timeless-resonance	200	2fe0e9c9ba4d450e5bfa249a4ae5a54ec7b01d87f3fa9ab59addc89986bac426	158226	50	50	0		complete:bop_auction_2026_timeless_resonance.html
coe-bop-bopauctionterms	source:bop_results_archive	coe_bop	16	2026-08-28T01:35:57Z	PUBLIC_OFFICIAL_HTTP_GET	NO_RECORD_PAYLOAD	https://app.bestofpanama.auction/	https://app.bestofpanama.auction/	200	65ccf49b4ce89a9a9915524a0fc4c62f0b71dd8fa41900fca980c97c366311f3	21213	0	0	0		complete:bop_auction_terms.html
coe-bop-bopcompetitionprotocol	source:bop_2026_about	coe_bop	17	2026-08-28T01:35:54Z	PUBLIC_OFFICIAL_HTTP_GET	COMPLETED	https://bestofpanama.org/competition	https://bestofpanama.org/competition	200	ea37a0b8b0fdb47a24ce9ad69bbc9b3e54a04c814056ebf314760d0f3e79c3c5	118162	0	0	0		complete:bop_competition_protocol.html
coe-bop-bopresultsarchive	source:bop_results_archive	coe_bop	18	2026-08-28T01:41:29Z	PUBLIC_OFFICIAL_HTTP_GET	COMPLETED	https://bestofpanama.org/resultados	https://bestofpanama.org/resultados	200	0309f778b83e217f41466c9067170f30da12bfc1c4270a56298e5c5bbfc297d3	98897	0	0	0		complete:bop_results_archive.html
coe-bop-bopresultsprueba1	source:bop_results_archive	coe_bop	19	2026-08-28T01:45:06Z	PUBLIC_OFFICIAL_HTTP_GET	PARTIAL	https://bestofpanama.org/wp-content/uploads/2023/10/Prueba1.pdf	https://bestofpanama.org/wp-content/uploads/2023/10/Prueba1.pdf	200	811fbc48cb66ce4a9636a64ca6cd2470b20dc796128f8539c1b137f748caf7c3	246955	1	0	0		complete:bop_results_Prueba1.pdf
coe-bop-coearchivebolivia-2004	edition:coe:allianceforcoffeeexcellence_org_bolivia_2004:2004	coe_bop	20	2026-08-28T01:33:59Z	PUBLIC_OFFICIAL_HTTP_GET	COMPLETED	https://cupofexcellence.org/bolivia-2004/	https://cupofexcellence.org/bolivia-2004/	200	1a5a24c86a24c86b09eb350d0094dbf9a7b50dc5e703cfce7f3558b4c85f205a	177268	13	13	0		complete:coe_archive_bolivia-2004.html
coe-bop-coearchivebolivia-2005	edition:coe:allianceforcoffeeexcellence_org_bolivia_2005:2005	coe_bop	21	2026-08-28T01:33:57Z	PUBLIC_OFFICIAL_HTTP_GET	COMPLETED	https://cupofexcellence.org/bolivia-2005/	https://cupofexcellence.org/bolivia-2005/	200	d76aa771811442c967f14d70cd898adb2bc9b0c0e7b32775e91e3bcb7ef60629	184761	19	19	0		complete:coe_archive_bolivia-2005.html
coe-bop-coearchivebolivia-2007	edition:coe:allianceforcoffeeexcellence_org_bolivia_2007:2007	coe_bop	22	2026-08-28T01:33:55Z	PUBLIC_OFFICIAL_HTTP_GET	COMPLETED	https://cupofexcellence.org/bolivia-2007/	https://cupofexcellence.org/bolivia-2007/	200	413f6b1aeabe963ac1a1375dc2ed87b6e36e5cbf491191bc64c2aa24b9601f68	193957	26	26	0		complete:coe_archive_bolivia-2007.html
coe-bop-coearchivebolivia-2008	edition:coe:allianceforcoffeeexcellence_org_bolivia_2008:2008	coe_bop	23	2026-08-28T01:33:53Z	PUBLIC_OFFICIAL_HTTP_GET	COMPLETED	https://cupofexcellence.org/bolivia-2008/	https://cupofexcellence.org/bolivia-2008/	200	6adbb9672162923c1145a00ea72adf71ac19a76cc1b8efa97e58858a55300b57	199151	29	29	0		complete:coe_archive_bolivia-2008.html
coe-bop-coearchivebolivia-2009	edition:coe:allianceforcoffeeexcellence_org_bolivia_2009:2009	coe_bop	24	2026-08-28T01:33:50Z	PUBLIC_OFFICIAL_HTTP_GET	COMPLETED	https://cupofexcellence.org/bolivia-2009/	https://cupofexcellence.org/bolivia-2009/	200	308c6132b928a8e404da58cd1e756fd4f47775e585407365117b40d6baac5c3d	196425	30	30	0		complete:coe_archive_bolivia-2009.html
coe-bop-coearchivebrazil-2019	edition:coe:allianceforcoffeeexcellence_org_brazil_2019:2019	coe_bop	25	2026-08-28T01:34:03Z	PUBLIC_OFFICIAL_HTTP_GET	COMPLETED	https://cupofexcellence.org/brazil-2019/	https://cupofexcellence.org/brazil-2019/	200	f5b9b02bf931e4553e1cc792f6ab6b77384e85ab2b80495cf21cf350e83f20b8	237709	30	30	0		complete:coe_archive_brazil-2019.html
coe-bop-coearchivebrazil-2020	edition:coe:allianceforcoffeeexcellence_org_brazil_2020:2020	coe_bop	26	2026-08-28T01:34:00Z	PUBLIC_OFFICIAL_HTTP_GET	COMPLETED	https://cupofexcellence.org/brazil-2020/	https://cupofexcellence.org/brazil-2020/	200	93a5a42e3aaca1e41b5ffdfc2d0ec36702a1bceec6f8d104b938859f29c01e7f	225075	30	30	0		complete:coe_archive_brazil-2020.html
coe-bop-coearchivebrazil-2021	edition:coe:allianceforcoffeeexcellence_org_brazil_2021:2021	coe_bop	27	2026-08-28T01:34:00Z	PUBLIC_OFFICIAL_HTTP_GET	COMPLETED	https://cupofexcellence.org/brazil-2021/	https://cupofexcellence.org/brazil-2021/	200	702f864a7e192e7c8aa340bcd53e804aeb52d239c94dbf029524635aa9a7e6be	221687	31	31	0		complete:coe_archive_brazil-2021.html
coe-bop-coearchivebrazil-naturals-2012	edition:coe:allianceforcoffeeexcellence_org_brazil_naturals_2012:2012	coe_bop	28	2026-08-28T01:34:20Z	PUBLIC_OFFICIAL_HTTP_GET	COMPLETED	https://cupofexcellence.org/brazil-naturals-2012/	https://cupofexcellence.org/brazil-naturals-2012/	200	e321b5e94bc163d5dd5c30c9ff0babfde9eee32bd4d77686400a3001994e1b7b	183761	18	18	0		complete:coe_archive_brazil-naturals-2012.html
coe-bop-coearchivebrazil-naturals-2013	edition:coe:allianceforcoffeeexcellence_org_brazil_naturals_2013:2013	coe_bop	29	2026-08-28T01:34:18Z	PUBLIC_OFFICIAL_HTTP_GET	COMPLETED	https://cupofexcellence.org/brazil-naturals-2013/	https://cupofexcellence.org/brazil-naturals-2013/	200	221286a4c059bdf9c8b06afe2f75f5790f48ca2e5342e5d10ca36d053996e026	189195	22	22	0		complete:coe_archive_brazil-naturals-2013.html
coe-bop-coearchivebrazil-naturals-2014	edition:coe:allianceforcoffeeexcellence_org_brazil_naturals_2014:2014	coe_bop	30	2026-08-28T01:34:16Z	PUBLIC_OFFICIAL_HTTP_GET	COMPLETED	https://cupofexcellence.org/brazil-naturals-2014/	https://cupofexcellence.org/brazil-naturals-2014/	200	b583ae0e42fbd4e2cf4d8728fe0ea6f772bab3a00a459430ffcfd3af6822e0ce	199791	23	23	0		complete:coe_archive_brazil-naturals-2014.html
coe-bop-coearchivebrazil-naturals-2015	edition:coe:allianceforcoffeeexcellence_org_brazil_naturals_2015:2015_december	coe_bop	31	2026-08-28T01:34:12Z	PUBLIC_OFFICIAL_HTTP_GET	COMPLETED	https://cupofexcellence.org/brazil-naturals-2015/	https://cupofexcellence.org/brazil-naturals-2015/	200	971141f376d8f729498082b86da171a12ff9608b91bc12567110167af6529eac	201292	32	32	0		complete:coe_archive_brazil-naturals-2015.html
coe-bop-coearchivebrazil-naturals-2015-january	edition:coe:allianceforcoffeeexcellence_org_brazil_naturals_2015_january:2015_january	coe_bop	32	2026-08-28T01:34:14Z	PUBLIC_OFFICIAL_HTTP_GET	COMPLETED	https://cupofexcellence.org/brazil-naturals-2015-january/	https://cupofexcellence.org/brazil-naturals-2015-january/	200	89211c806bbb1afc5651e7a3d43cd57afa8f0066d41165ec777f173d5a88c8c3	197889	23	23	0		complete:coe_archive_brazil-naturals-2015-january.html
coe-bop-coearchivebrazil-naturals-2016	edition:coe:allianceforcoffeeexcellence_org_brazil_naturals_2016:2016	coe_bop	33	2026-08-28T01:34:10Z	PUBLIC_OFFICIAL_HTTP_GET	COMPLETED	https://cupofexcellence.org/brazil-naturals-2016/	https://cupofexcellence.org/brazil-naturals-2016/	200	332dc56730d097344a6c0a947179ace5a17c28c054be891dabf66ab1eafe4da6	197560	23	23	0		complete:coe_archive_brazil-naturals-2016.html
coe-bop-coearchivebrazil-naturals-2017	edition:coe:allianceforcoffeeexcellence_org_brazil_naturals_2017:2017	coe_bop	34	2026-08-28T01:34:08Z	PUBLIC_OFFICIAL_HTTP_GET	COMPLETED	https://cupofexcellence.org/brazil-naturals-2017/	https://cupofexcellence.org/brazil-naturals-2017/	200	d93370ecd574c490e3b22dc14bb90245b16fe7c224cb0351b92a2b2c0f3c8c2a	215493	37	37	0		complete:coe_archive_brazil-naturals-2017.html
coe-bop-coearchivebrazil-naturals-2018	edition:coe:allianceforcoffeeexcellence_org_brazil_naturals_2018:2018	coe_bop	35	2026-08-28T01:34:06Z	PUBLIC_OFFICIAL_HTTP_GET	COMPLETED	https://cupofexcellence.org/brazil-naturals-2018/	https://cupofexcellence.org/brazil-naturals-2018/	200	25f644176a2f9ed786c02fe21cff360159cf1a015f516319547262ff6aab2ee2	255232	45	45	0		complete:coe_archive_brazil-naturals-2018.html
coe-bop-coearchivebrazil-pulped-naturals-1999	edition:coe:allianceforcoffeeexcellence_org_brazil_pulped_naturals_1999:1999	coe_bop	36	2026-08-28T01:34:59Z	PUBLIC_OFFICIAL_HTTP_GET	COMPLETED	https://cupofexcellence.org/brazil-pulped-naturals-1999/	https://cupofexcellence.org/brazil-pulped-naturals-1999/	200	d4ec8249abc030a9f598c23d81212e002e38575cf9d2db3f91a50af5472b84b9	172543	10	10	0		complete:coe_archive_brazil-pulped-naturals-1999.html
coe-bop-coearchivebrazil-pulped-naturals-2000	edition:coe:allianceforcoffeeexcellence_org_brazil_pulped_naturals_2000:2000	coe_bop	37	2026-08-28T01:34:58Z	PUBLIC_OFFICIAL_HTTP_GET	COMPLETED	https://cupofexcellence.org/brazil-pulped-naturals-2000/	https://cupofexcellence.org/brazil-pulped-naturals-2000/	200	d3bcda566dd9148c0509bac2def606d615e9ebb5485f29de2f8b4aebf931ed09	182106	18	18	0		complete:coe_archive_brazil-pulped-naturals-2000.html
coe-bop-coearchivebrazil-pulped-naturals-2001	edition:coe:allianceforcoffeeexcellence_org_brazil_pulped_naturals_2001:2001	coe_bop	38	2026-08-28T01:34:55Z	PUBLIC_OFFICIAL_HTTP_GET	COMPLETED	https://cupofexcellence.org/brazil-pulped-naturals-2001/	https://cupofexcellence.org/brazil-pulped-naturals-2001/	200	fa401f2e012ae92d6941530d83c7a777d9f42dc040a40a98cf6d78a63aa34984	183050	18	18	0		complete:coe_archive_brazil-pulped-naturals-2001.html
coe-bop-coearchivebrazil-pulped-naturals-2002	edition:coe:allianceforcoffeeexcellence_org_brazil_pulped_naturals_2002:2002	coe_bop	39	2026-08-28T01:34:53Z	PUBLIC_OFFICIAL_HTTP_GET	COMPLETED	https://cupofexcellence.org/brazil-pulped-naturals-2002/	https://cupofexcellence.org/brazil-pulped-naturals-2002/	200	beb291c3c923685171fa6aaa88410365f1c02bef5cde8e47e8b9a09f04a5789e	199585	28	28	0		complete:coe_archive_brazil-pulped-naturals-2002.html
coe-bop-coearchivebrazil-pulped-naturals-2003	edition:coe:allianceforcoffeeexcellence_org_brazil_pulped_naturals_2003:2003	coe_bop	40	2026-08-28T01:34:51Z	PUBLIC_OFFICIAL_HTTP_GET	COMPLETED	https://cupofexcellence.org/brazil-pulped-naturals-2003/	https://cupofexcellence.org/brazil-pulped-naturals-2003/	200	a4e57012503bda7a5fe771c60570f49909ecd445d8fab238906c70f074ea40e9	216282	43	43	0		complete:coe_archive_brazil-pulped-naturals-2003.html
coe-bop-coearchivebrazil-pulped-naturals-2004	edition:coe:allianceforcoffeeexcellence_org_brazil_pulped_naturals_2004:2004	coe_bop	41	2026-08-28T01:34:49Z	PUBLIC_OFFICIAL_HTTP_GET	COMPLETED	https://cupofexcellence.org/brazil-pulped-naturals-2004/	https://cupofexcellence.org/brazil-pulped-naturals-2004/	200	53e801d7bca1e867bec82b0b1e452aa7fe3e3012f82c5dae80b2860845ca1b20	206932	36	36	0		complete:coe_archive_brazil-pulped-naturals-2004.html
coe-bop-coearchivebrazil-pulped-naturals-2005	edition:coe:allianceforcoffeeexcellence_org_brazil_pulped_naturals_2005:2005	coe_bop	42	2026-08-28T01:34:47Z	PUBLIC_OFFICIAL_HTTP_GET	COMPLETED	https://cupofexcellence.org/brazil-pulped-naturals-2005/	https://cupofexcellence.org/brazil-pulped-naturals-2005/	200	1a51ef58fa3e561c5ab24bd4445f2411d20388a2502cc5f4c1dc772c4c497906	207260	36	36	0		complete:coe_archive_brazil-pulped-naturals-2005.html
coe-bop-coearchivebrazil-pulped-naturals-2006	edition:coe:allianceforcoffeeexcellence_org_brazil_pulped_naturals_2006:2006	coe_bop	43	2026-08-28T01:34:45Z	PUBLIC_OFFICIAL_HTTP_GET	COMPLETED	https://cupofexcellence.org/brazil-pulped-naturals-2006/	https://cupofexcellence.org/brazil-pulped-naturals-2006/	200	51c13144f5ede90ede25490d1778ba9928fb66ff09e746421a6c7e73d8cb5d62	198169	28	28	0		complete:coe_archive_brazil-pulped-naturals-2006.html
coe-bop-coearchivebrazil-pulped-naturals-2008	edition:coe:allianceforcoffeeexcellence_org_brazil_pulped_naturals_2008:2008	coe_bop	44	2026-08-28T01:34:43Z	PUBLIC_OFFICIAL_HTTP_GET	COMPLETED	https://cupofexcellence.org/brazil-pulped-naturals-2008/	https://cupofexcellence.org/brazil-pulped-naturals-2008/	200	c3e42e3cbb85d3bab33a4bf20e913182936448113eb5b9dc3b9200682faf271f	189366	23	23	0		complete:coe_archive_brazil-pulped-naturals-2008.html
coe-bop-coearchivebrazil-pulped-naturals-2009	edition:coe:allianceforcoffeeexcellence_org_brazil_pulped_naturals_2009:2009	coe_bop	45	2026-08-28T01:34:41Z	PUBLIC_OFFICIAL_HTTP_GET	COMPLETED	https://cupofexcellence.org/brazil-pulped-naturals-2009/	https://cupofexcellence.org/brazil-pulped-naturals-2009/	200	ebb0682b6b55ab8b9ea9ab47e16e58c1938a53388f0b6dcb07dde4341b696cae	194967	26	26	0		complete:coe_archive_brazil-pulped-naturals-2009.html
coe-bop-coearchivebrazil-pulped-naturals-2011	edition:coe:allianceforcoffeeexcellence_org_brazil_pulped_naturals_2011:2011	coe_bop	46	2026-08-28T01:34:38Z	PUBLIC_OFFICIAL_HTTP_GET	COMPLETED	https://cupofexcellence.org/brazil-pulped-naturals-2011/	https://cupofexcellence.org/brazil-pulped-naturals-2011/	200	23e40d61fea3fc8f77410011378d4597aa793af078545217752a19e095469db4	199876	31	31	0		complete:coe_archive_brazil-pulped-naturals-2011.html
coe-bop-coearchivebrazil-pulped-naturals-2012	edition:coe:allianceforcoffeeexcellence_org_brazil_pulped_naturals_2012:2012	coe_bop	47	2026-08-28T01:34:36Z	PUBLIC_OFFICIAL_HTTP_GET	COMPLETED	https://cupofexcellence.org/brazil-pulped-naturals-2012/	https://cupofexcellence.org/brazil-pulped-naturals-2012/	200	c5fdcbddfa1798f98a8bcce1ec48586a37eca38feec8ebbeaf24069a4cf5f39f	192825	24	24	0		complete:coe_archive_brazil-pulped-naturals-2012.html
coe-bop-coearchivebrazil-pulped-naturals-2013	edition:coe:allianceforcoffeeexcellence_org_brazil_pulped_naturals_2013:2013	coe_bop	48	2026-08-28T01:34:34Z	PUBLIC_OFFICIAL_HTTP_GET	COMPLETED	https://cupofexcellence.org/brazil-pulped-naturals-2013/	https://cupofexcellence.org/brazil-pulped-naturals-2013/	200	dba2da781cb3c7f0ba6bac7142ab8ccf55d71ac6049613541fc3bbb38f0520d6	207058	32	32	0		complete:coe_archive_brazil-pulped-naturals-2013.html
coe-bop-coearchivebrazil-pulped-naturals-2014	edition:coe:allianceforcoffeeexcellence_org_brazil_pulped_naturals_2014:2014	coe_bop	49	2026-08-28T01:34:32Z	PUBLIC_OFFICIAL_HTTP_GET	COMPLETED	https://cupofexcellence.org/brazil-pulped-naturals-2014/	https://cupofexcellence.org/brazil-pulped-naturals-2014/	200	42ee1bf52a45b3ea10486fa64e39dd087f8c7e426814caed266badac36b080cf	189859	21	21	0		complete:coe_archive_brazil-pulped-naturals-2014.html
coe-bop-coearchivebrazil-pulped-naturals-2015	edition:coe:allianceforcoffeeexcellence_org_brazil_pulped_naturals_2015:2015	coe_bop	50	2026-08-28T01:34:29Z	PUBLIC_OFFICIAL_HTTP_GET	COMPLETED	https://cupofexcellence.org/brazil-pulped-naturals-2015/	https://cupofexcellence.org/brazil-pulped-naturals-2015/	200	13710fad0805b3ab15dd3a7421974d6b1986175631335189cfe4a1aab328f1cf	197195	22	22	0		complete:coe_archive_brazil-pulped-naturals-2015.html
coe-bop-coearchivebrazil-pulped-naturals-2016	edition:coe:allianceforcoffeeexcellence_org_brazil_pulped_naturals_2016:2016	coe_bop	51	2026-08-28T01:34:27Z	PUBLIC_OFFICIAL_HTTP_GET	COMPLETED	https://cupofexcellence.org/brazil-pulped-naturals-2016/	https://cupofexcellence.org/brazil-pulped-naturals-2016/	200	702c3dd0d3efe36b6ece771bc9a7ec45531127c2dd1f8c11314abb7a35fd3429	201332	26	26	0		complete:coe_archive_brazil-pulped-naturals-2016.html
coe-bop-coearchivebrazil-pulped-naturals-2017	edition:coe:allianceforcoffeeexcellence_org_brazil_pulped_naturals_2017:2017	coe_bop	52	2026-08-28T01:34:25Z	PUBLIC_OFFICIAL_HTTP_GET	COMPLETED	https://cupofexcellence.org/brazil-pulped-naturals-2017/	https://cupofexcellence.org/brazil-pulped-naturals-2017/	200	7dd3e9fd150d51df080c7ceca7f989877f68a7aedad4b766ea6e78eaefffb7c9	207788	28	28	0		complete:coe_archive_brazil-pulped-naturals-2017.html
coe-bop-coearchivebrazil-pulped-naturals-2018	edition:coe:allianceforcoffeeexcellence_org_brazil_pulped_naturals_2018:2018	coe_bop	53	2026-08-28T01:34:23Z	PUBLIC_OFFICIAL_HTTP_GET	COMPLETED	https://cupofexcellence.org/brazil-pulped-naturals-2018/	https://cupofexcellence.org/brazil-pulped-naturals-2018/	200	ce913cedc359711ade468ba4723e9a7df6ee2ecfd2e0efead4e579bd0c704688	251722	35	35	0		complete:coe_archive_brazil-pulped-naturals-2018.html
coe-bop-coearchiveburundi-2012	edition:coe:allianceforcoffeeexcellence_org_burundi_2012:2012	coe_bop	54	2026-08-28T01:35:14Z	PUBLIC_OFFICIAL_HTTP_GET	COMPLETED	https://cupofexcellence.org/burundi-2012/	https://cupofexcellence.org/burundi-2012/	200	cb8d146e18f3ec4a150818e6006638ae3276db0400b3392096f07c373c56323a	177442	17	17	0		complete:coe_archive_burundi-2012.html
coe-bop-coearchiveburundi-2013	edition:coe:allianceforcoffeeexcellence_org_burundi_2013:2013	coe_bop	55	2026-08-28T01:35:12Z	PUBLIC_OFFICIAL_HTTP_GET	COMPLETED	https://cupofexcellence.org/burundi-2013/	https://cupofexcellence.org/burundi-2013/	200	184ae6fd46460cf6940b606e4abe3affd289dc5b8918d368cb63fa016bbcf837	173141	14	14	0		complete:coe_archive_burundi-2013.html
coe-bop-coearchiveburundi-2014	edition:coe:allianceforcoffeeexcellence_org_burundi_2014:2014	coe_bop	56	2026-08-28T01:35:10Z	PUBLIC_OFFICIAL_HTTP_GET	COMPLETED	https://cupofexcellence.org/burundi-2014/	https://cupofexcellence.org/burundi-2014/	200	d39c509ef0b6b10efe8fa18bba65f45d919bee35e1b27d41543a17f4d3cb869c	188335	27	27	0		complete:coe_archive_burundi-2014.html
coe-bop-coearchiveburundi-2015	edition:coe:allianceforcoffeeexcellence_org_burundi_2015:2015	coe_bop	57	2026-08-28T01:35:08Z	PUBLIC_OFFICIAL_HTTP_GET	COMPLETED	https://cupofexcellence.org/burundi-2015/	https://cupofexcellence.org/burundi-2015/	200	7fb076753b6b8dd2c28e63e1f13133de60e1b88226e8613449625f9fc8e99f56	189464	27	27	0		complete:coe_archive_burundi-2015.html
coe-bop-coearchiveburundi-2017	edition:coe:allianceforcoffeeexcellence_org_burundi_2017:2017	coe_bop	58	2026-08-28T01:35:05Z	PUBLIC_OFFICIAL_HTTP_GET	COMPLETED	https://cupofexcellence.org/burundi-2017/	https://cupofexcellence.org/burundi-2017/	200	b7b2637c6896e3c5f43fba33df4ea42fa47c1abdbe0f9345474576bbd7bf79a8	189686	25	25	0		complete:coe_archive_burundi-2017.html
coe-bop-coearchiveburundi-2018	edition:coe:allianceforcoffeeexcellence_org_burundi_2018:2018	coe_bop	59	2026-08-28T01:35:02Z	PUBLIC_OFFICIAL_HTTP_GET	COMPLETED	https://cupofexcellence.org/burundi-2018/	https://cupofexcellence.org/burundi-2018/	200	627715a01da6f88ba33fa88f80dd48207ea40346271c31b2e88fafdd47d0476d	313621	36	36	0		complete:coe_archive_burundi-2018.html
coe-bop-coearchiveburundi-2019	edition:coe:allianceforcoffeeexcellence_org_burundi_2019:2019	coe_bop	60	2026-08-28T01:34:59Z	PUBLIC_OFFICIAL_HTTP_GET	COMPLETED	https://cupofexcellence.org/burundi-2019/	https://cupofexcellence.org/burundi-2019/	200	745cc58dc8ddb5f92794b1d21f4cf3572678a9b0720921fb81c5287c1657b057	261712	24	24	0		complete:coe_archive_burundi-2019.html
coe-bop-coearchivecolombia-2017	edition:coe:allianceforcoffeeexcellence_org_colombia_2017:2017	coe_bop	61	2026-08-28T01:35:25Z	PUBLIC_OFFICIAL_HTTP_GET	COMPLETED	https://cupofexcellence.org/colombia-2017/	https://cupofexcellence.org/colombia-2017/	200	b3e98ece803bebfaf8c4b12fd3f44e033960aada9c55b5b1ee9037f2931c92e6	196252	36	36	0		complete:coe_archive_colombia-2017.html
coe-bop-coearchivecolombia-2018	edition:coe:allianceforcoffeeexcellence_org_colombia_2018:2018	coe_bop	62	2026-08-28T01:35:22Z	PUBLIC_OFFICIAL_HTTP_GET	COMPLETED	https://cupofexcellence.org/colombia-2018/	https://cupofexcellence.org/colombia-2018/	200	c7cea1d6ace99942c208c30d2cc829ce9ad2129700ef2c1b04a6895c42270e05	260213	36	36	0		complete:coe_archive_colombia-2018.html
coe-bop-coearchivecolombia-2020	edition:coe:allianceforcoffeeexcellence_org_colombia_2020:2020	coe_bop	63	2026-08-28T01:35:18Z	PUBLIC_OFFICIAL_HTTP_GET	COMPLETED	https://cupofexcellence.org/colombia-2020/	https://cupofexcellence.org/colombia-2020/	200	b9a78965ea9581bfd76986699a01fb0e0c0f20d5680f0267ceea359673e49cdc	206471	25	25	0		complete:coe_archive_colombia-2020.html
coe-bop-coearchivecolombia-2021	edition:coe:allianceforcoffeeexcellence_org_colombia_2021:2021	coe_bop	64	2026-08-28T01:35:16Z	PUBLIC_OFFICIAL_HTTP_GET	COMPLETED	https://cupofexcellence.org/colombia-2021/	https://cupofexcellence.org/colombia-2021/	200	b6897c9acc53a904cdeb23a824111a3494f0d12b5a932fd27ce5f16e08582cfc	202230	25	25	0		complete:coe_archive_colombia-2021.html
coe-bop-coearchivecolombia-north-2005	edition:coe:allianceforcoffeeexcellence_org_colombia_north_2005:2005_north	coe_bop	65	2026-08-28T01:35:49Z	PUBLIC_OFFICIAL_HTTP_GET	COMPLETED	https://cupofexcellence.org/colombia-north-2005/	https://cupofexcellence.org/colombia-north-2005/	200	662423d5eaaa46396811d56026cec7f4032dbe8b6a9037e634d4fe861e092228	184821	25	25	0		complete:coe_archive_colombia-north-2005.html
coe-bop-coearchivecolombia-north-2006	edition:coe:allianceforcoffeeexcellence_org_colombia_north_2006:2006_north	coe_bop	66	2026-08-28T01:35:45Z	PUBLIC_OFFICIAL_HTTP_GET	COMPLETED	https://cupofexcellence.org/colombia-north-2006/	https://cupofexcellence.org/colombia-north-2006/	200	2722383d5640e5dcab7693c7b197904d711a6f80e856b72ca82ce8a7c3351949	182299	23	23	0		complete:coe_archive_colombia-north-2006.html
coe-bop-coearchivecolombia-north-2007	edition:coe:allianceforcoffeeexcellence_org_colombia_north_2007:2007_north	coe_bop	67	2026-08-28T01:35:43Z	PUBLIC_OFFICIAL_HTTP_GET	COMPLETED	https://cupofexcellence.org/colombia-north-2007/	https://cupofexcellence.org/colombia-north-2007/	200	b0f01ca6ae114343e55247c1112721e1879c06269a5b9a371d9cb2444348b3f2	158128	30	30	0		complete:coe_archive_colombia-north-2007.html
coe-bop-coearchivecolombia-north-2009	edition:coe:allianceforcoffeeexcellence_org_colombia_north_2009:2009_north	coe_bop	68	2026-08-28T01:35:39Z	PUBLIC_OFFICIAL_HTTP_GET	COMPLETED	https://cupofexcellence.org/colombia-north-2009/	https://cupofexcellence.org/colombia-north-2009/	200	c36b9b66a837ea5c87dd76ae5caf33cc5cc4a8548030eebef08e529b86da0c8c	186999	27	27	0		complete:coe_archive_colombia-north-2009.html
coe-bop-coearchivecolombia-north-2011	edition:coe:allianceforcoffeeexcellence_org_colombia_north_2011:2011_north	coe_bop	69	2026-08-28T01:35:35Z	PUBLIC_OFFICIAL_HTTP_GET	COMPLETED	https://cupofexcellence.org/colombia-north-2011/	https://cupofexcellence.org/colombia-north-2011/	200	48736ae6ae9bb586538b08dcc5d6971d07927dba6554431e61cc438eadab5ce3	182170	22	22	0		complete:coe_archive_colombia-north-2011.html
coe-bop-coearchivecolombia-north-2013	edition:coe:allianceforcoffeeexcellence_org_colombia_north_2013:2013_north	coe_bop	70	2026-08-28T01:35:31Z	PUBLIC_OFFICIAL_HTTP_GET	COMPLETED	https://cupofexcellence.org/colombia-north-2013/	https://cupofexcellence.org/colombia-north-2013/	200	03475c0970b41372d8fe9dc1467f0cc705a58f99d495182876b6396ee7ddfee8	179651	20	20	0		complete:coe_archive_colombia-north-2013.html
coe-bop-coearchivecolombia-north-2015	edition:coe:allianceforcoffeeexcellence_org_colombia_north_2015:2015_north	coe_bop	71	2026-08-28T01:35:27Z	PUBLIC_OFFICIAL_HTTP_GET	COMPLETED	https://cupofexcellence.org/colombia-north-2015/	https://cupofexcellence.org/colombia-north-2015/	200	cb95a17f5abe051a059d2bd870d0c0e6e870d2bb0607b1bf74154e6d42c2c82e	193989	31	31	0		complete:coe_archive_colombia-north-2015.html
coe-bop-coearchivecolombia-north-2019	edition:coe:allianceforcoffeeexcellence_org_colombia_north_2019:2019_north	coe_bop	72	2026-08-28T01:35:20Z	PUBLIC_OFFICIAL_HTTP_GET	COMPLETED	https://cupofexcellence.org/colombia-north-2019/	https://cupofexcellence.org/colombia-north-2019/	200	4e9d2329960481eac0b5feba2b4e02aaf9a75746c70d359277aac5adc08fdf8b	280172	34	34	0		complete:coe_archive_colombia-north-2019.html
coe-bop-coearchivecolombia-south-2005	edition:coe:allianceforcoffeeexcellence_org_colombia_south_2005:2005_south	coe_bop	73	2026-08-28T01:35:51Z	PUBLIC_OFFICIAL_HTTP_GET	COMPLETED	https://cupofexcellence.org/colombia-south-2005/	https://cupofexcellence.org/colombia-south-2005/	200	3d73cd2de9b68397bc238cf23866240999e537d2646a7be802955ad98fd4f014	193689	33	33	0		complete:coe_archive_colombia-south-2005.html
coe-bop-coearchivecolombia-south-2006	edition:coe:allianceforcoffeeexcellence_org_colombia_south_2006:2006_south	coe_bop	74	2026-08-28T01:35:47Z	PUBLIC_OFFICIAL_HTTP_GET	COMPLETED	https://cupofexcellence.org/colombia-south-2006/	https://cupofexcellence.org/colombia-south-2006/	200	39f825a8aa56738fed859095867f77554badd1318f3673715fccb29c56a9c64e	190299	30	30	0		complete:coe_archive_colombia-south-2006.html
coe-bop-coearchivecolombia-south-2008	edition:coe:allianceforcoffeeexcellence_org_colombia_south_2008:2008_south	coe_bop	75	2026-08-28T01:35:41Z	PUBLIC_OFFICIAL_HTTP_GET	COMPLETED	https://cupofexcellence.org/colombia-south-2008/	https://cupofexcellence.org/colombia-south-2008/	200	f508ebc481c39b4755250f1422148accae73dc57099ecb164e666e07a12b9bc1	177702	18	18	0		complete:coe_archive_colombia-south-2008.html
coe-bop-coearchivecolombia-south-2010	edition:coe:allianceforcoffeeexcellence_org_colombia_south_2010:2010_south	coe_bop	76	2026-08-28T01:35:37Z	PUBLIC_OFFICIAL_HTTP_GET	COMPLETED	https://cupofexcellence.org/colombia-south-2010/	https://cupofexcellence.org/colombia-south-2010/	200	f4049c5d571399641393b234091d5f84fd37552bd357a7f4214092c85258e274	181132	21	21	0		complete:coe_archive_colombia-south-2010.html
coe-bop-coearchivecolombia-south-2012	edition:coe:allianceforcoffeeexcellence_org_colombia_south_2012:2012_south	coe_bop	77	2026-08-28T01:35:33Z	PUBLIC_OFFICIAL_HTTP_GET	COMPLETED	https://cupofexcellence.org/colombia-south-2012/	https://cupofexcellence.org/colombia-south-2012/	200	7fb6c5a144a8c2cbbdbda511561189541ce546d3fdbebdb45af4612a28759169	190582	30	30	0		complete:coe_archive_colombia-south-2012.html
coe-bop-coearchivecolombia-south-2014	edition:coe:allianceforcoffeeexcellence_org_colombia_south_2014:2014_south	coe_bop	78	2026-08-28T01:35:29Z	PUBLIC_OFFICIAL_HTTP_GET	COMPLETED	https://cupofexcellence.org/colombia-south-2014/	https://cupofexcellence.org/colombia-south-2014/	200	b10b3da7472fb59c948726b6e49895d14fed4972512cbd2c4137842c2c003a62	197394	34	34	0		complete:coe_archive_colombia-south-2014.html
coe-bop-coearchivecosta-rica-2007	edition:coe:allianceforcoffeeexcellence_org_costa_rica_2007:2007	coe_bop	79	2026-08-28T01:36:18Z	PUBLIC_OFFICIAL_HTTP_GET	COMPLETED	https://cupofexcellence.org/costa-rica-2007/	https://cupofexcellence.org/costa-rica-2007/	200	d73978fbe0a76a1375eb272b32b64b75bf79c773e9636012340df86eb944cbdd	185150	25	25	0		complete:coe_archive_costa-rica-2007.html
coe-bop-coearchivecosta-rica-2008	edition:coe:allianceforcoffeeexcellence_org_costa_rica_2008:2008	coe_bop	80	2026-08-28T01:36:15Z	PUBLIC_OFFICIAL_HTTP_GET	COMPLETED	https://cupofexcellence.org/costa-rica-2008/	https://cupofexcellence.org/costa-rica-2008/	200	8676246273c3eb7af328ae3e020876d33c6e938fc004faeb592ebe3392b74495	189837	30	30	0		complete:coe_archive_costa-rica-2008.html
coe-bop-coearchivecosta-rica-2009	edition:coe:allianceforcoffeeexcellence_org_costa_rica_2009:2009	coe_bop	81	2026-08-28T01:36:13Z	PUBLIC_OFFICIAL_HTTP_GET	COMPLETED	https://cupofexcellence.org/costa-rica-2009/	https://cupofexcellence.org/costa-rica-2009/	200	df78a57a9355aa7c3116f4885d1646b89675efc2864c7e70c053edb09223a2c5	183938	24	24	0		complete:coe_archive_costa-rica-2009.html
coe-bop-coearchivecosta-rica-2011	edition:coe:allianceforcoffeeexcellence_org_costa_rica_2011:2011	coe_bop	82	2026-08-28T01:36:11Z	PUBLIC_OFFICIAL_HTTP_GET	COMPLETED	https://cupofexcellence.org/costa-rica-2011/	https://cupofexcellence.org/costa-rica-2011/	200	b2f29d1686dd1805441911b78a5cc4d77f350cb152a4fca9a0463e16adea2204	191463	31	31	0		complete:coe_archive_costa-rica-2011.html
coe-bop-coearchivecosta-rica-2012	edition:coe:allianceforcoffeeexcellence_org_costa_rica_2012:2012	coe_bop	83	2026-08-28T01:36:09Z	PUBLIC_OFFICIAL_HTTP_GET	COMPLETED	https://cupofexcellence.org/costa-rica-2012/	https://cupofexcellence.org/costa-rica-2012/	200	812fedf17e8b4c04d5ae4771d14881528cf2d7873a5c62eefa1e4d4b9b8435da	187329	27	27	0		complete:coe_archive_costa-rica-2012.html
coe-bop-coearchivecosta-rica-2013	edition:coe:allianceforcoffeeexcellence_org_costa_rica_2013:2013	coe_bop	84	2026-08-28T01:36:07Z	PUBLIC_OFFICIAL_HTTP_GET	COMPLETED	https://cupofexcellence.org/costa-rica-2013/	https://cupofexcellence.org/costa-rica-2013/	200	6f2903c4a7beeb7ee5528bc69b75b5fd165d334c101358fc806c8db488d6290f	182438	22	22	0		complete:coe_archive_costa-rica-2013.html
coe-bop-coearchivecosta-rica-2014	edition:coe:allianceforcoffeeexcellence_org_costa_rica_2014:2014	coe_bop	85	2026-08-28T01:36:05Z	PUBLIC_OFFICIAL_HTTP_GET	COMPLETED	https://cupofexcellence.org/costa-rica-2014/	https://cupofexcellence.org/costa-rica-2014/	200	fe69479574c91ca198a2007348e8c976de43adae1671dba4874a96e050ccac56	188135	25	25	0		complete:coe_archive_costa-rica-2014.html
coe-bop-coearchivecosta-rica-2015	edition:coe:allianceforcoffeeexcellence_org_costa_rica_2015:2015	coe_bop	86	2026-08-28T01:36:04Z	PUBLIC_OFFICIAL_HTTP_GET	COMPLETED	https://cupofexcellence.org/costa-rica-2015/	https://cupofexcellence.org/costa-rica-2015/	200	777c4b4910922516319ee255145ab671f1a52671861aa67c6eba47c43523235c	165254	35	35	0		complete:coe_archive_costa-rica-2015.html
coe-bop-coearchivecosta-rica-2016	edition:coe:allianceforcoffeeexcellence_org_costa_rica_2016:2016	coe_bop	87	2026-08-28T01:36:01Z	PUBLIC_OFFICIAL_HTTP_GET	COMPLETED	https://cupofexcellence.org/costa-rica-2016/	https://cupofexcellence.org/costa-rica-2016/	200	16b63a98c8916364af7fdb9ee688ee3d6b059da4e408af813671f43713103447	156213	26	26	0		complete:coe_archive_costa-rica-2016.html
coe-bop-coearchivecosta-rica-2018	edition:coe:allianceforcoffeeexcellence_org_costa_rica_2018:2018	coe_bop	88	2026-08-28T01:35:57Z	PUBLIC_OFFICIAL_HTTP_GET	COMPLETED	https://cupofexcellence.org/costa-rica-2018/	https://cupofexcellence.org/costa-rica-2018/	200	c94f726fe0643329225595523679f98628033149e725c26fa0527ea01e482c6a	284577	42	42	0		complete:coe_archive_costa-rica-2018.html
coe-bop-coearchivecosta-rica-2019	edition:coe:allianceforcoffeeexcellence_org_costa_rica_2019:2019	coe_bop	89	2026-08-28T01:35:55Z	PUBLIC_OFFICIAL_HTTP_GET	COMPLETED	https://cupofexcellence.org/costa-rica-2019/	https://cupofexcellence.org/costa-rica-2019/	200	6db3843b1ef4601224eae97f764166820554f4f65991d21176ad6a120cc8c756	286362	31	31	0		complete:coe_archive_costa-rica-2019.html
coe-bop-coearchivecosta-rica-2020	edition:coe:allianceforcoffeeexcellence_org_costa_rica_2020:2020	coe_bop	90	2026-08-28T01:35:53Z	PUBLIC_OFFICIAL_HTTP_GET	COMPLETED	https://cupofexcellence.org/costa-rica-2020/	https://cupofexcellence.org/costa-rica-2020/	200	c5e13212b7dab52c3946cb924dc7a95ad0d32b78f32999fa6b5b8a7f8274b791	226166	28	28	0		complete:coe_archive_costa-rica-2020.html
coe-bop-coearchivecosta-rica-coe-2017	edition:coe:allianceforcoffeeexcellence_org_costa_rica_coe_2017:2017	coe_bop	91	2026-08-28T01:35:59Z	PUBLIC_OFFICIAL_HTTP_GET	COMPLETED	https://cupofexcellence.org/costa-rica-coe-2017/	https://cupofexcellence.org/costa-rica-coe-2017/	200	3118c5075863057f186c454767331fd511e80bf9cdc4b5f57287f589328824de	199473	32	32	0		complete:coe_archive_costa-rica-coe-2017.html
coe-bop-coearchiveecuador-2021	edition:coe:allianceforcoffeeexcellence_org_ecuador_2021:2021	coe_bop	92	2026-08-28T01:36:21Z	PUBLIC_OFFICIAL_HTTP_GET	COMPLETED	https://cupofexcellence.org/ecuador-2021/	https://cupofexcellence.org/ecuador-2021/	200	0f16178cb007a83bf2d5eb450d2436702986e2f1a88e6deb41a5f074386c07b9	212792	25	25	0		complete:coe_archive_ecuador-2021.html
coe-bop-coearchiveel-salvador-2003	edition:coe:allianceforcoffeeexcellence_org_el_salvador_2003:2003	coe_bop	93	2026-08-28T01:36:58Z	PUBLIC_OFFICIAL_HTTP_GET	COMPLETED	https://cupofexcellence.org/el-salvador-2003/	https://cupofexcellence.org/el-salvador-2003/	200	e4b3b19ea86a98d5516bc4259b69c90f9872faffa8b08294e522f083af8bfdb8	191067	31	31	0		complete:coe_archive_el-salvador-2003.html
coe-bop-coearchiveel-salvador-2004	edition:coe:allianceforcoffeeexcellence_org_el_salvador_2004:2004	coe_bop	94	2026-08-28T01:36:56Z	PUBLIC_OFFICIAL_HTTP_GET	COMPLETED	https://cupofexcellence.org/el-salvador-2004/	https://cupofexcellence.org/el-salvador-2004/	200	39646b236cccbed2f72ad8cfc82953e4468ed3acef143d4ad8cac99d3112c79b	195283	35	35	0		complete:coe_archive_el-salvador-2004.html
coe-bop-coearchiveel-salvador-2005	edition:coe:allianceforcoffeeexcellence_org_el_salvador_2005:2005	coe_bop	95	2026-08-28T01:36:54Z	PUBLIC_OFFICIAL_HTTP_GET	COMPLETED	https://cupofexcellence.org/el-salvador-2005/	https://cupofexcellence.org/el-salvador-2005/	200	659079b2a136eb05e43caa65a13f052a9fb26be48a2268bcba3d7a7653d6d475	176570	17	17	0		complete:coe_archive_el-salvador-2005.html
coe-bop-coearchiveel-salvador-2006	edition:coe:allianceforcoffeeexcellence_org_el_salvador_2006:2006	coe_bop	96	2026-08-28T01:36:52Z	PUBLIC_OFFICIAL_HTTP_GET	COMPLETED	https://cupofexcellence.org/el-salvador-2006/	https://cupofexcellence.org/el-salvador-2006/	200	2a6f7d907c98be7e900f19c59eeb8c09686b76f41bcc7b32444b11a576c4bbb7	183425	23	23	0		complete:coe_archive_el-salvador-2006.html
coe-bop-coearchiveel-salvador-2007	edition:coe:allianceforcoffeeexcellence_org_el_salvador_2007:2007	coe_bop	97	2026-08-28T01:36:50Z	PUBLIC_OFFICIAL_HTTP_GET	COMPLETED	https://cupofexcellence.org/el-salvador-2007/	https://cupofexcellence.org/el-salvador-2007/	200	c702bd99563b820ae24055c61ce7433aabf9849f17d0d2951e532a4018b84867	182738	23	23	0		complete:coe_archive_el-salvador-2007.html
coe-bop-coearchiveel-salvador-2008	edition:coe:allianceforcoffeeexcellence_org_el_salvador_2008:2008	coe_bop	98	2026-08-28T01:36:48Z	PUBLIC_OFFICIAL_HTTP_GET	COMPLETED	https://cupofexcellence.org/el-salvador-2008/	https://cupofexcellence.org/el-salvador-2008/	200	76fba60c49e9f41b4195fbd9fefc6c0f5da91465aa37ecfe88b7b7fab72f2778	195426	36	36	0		complete:coe_archive_el-salvador-2008.html
coe-bop-coearchiveel-salvador-2009	edition:coe:allianceforcoffeeexcellence_org_el_salvador_2009:2009	coe_bop	99	2026-08-28T01:36:46Z	PUBLIC_OFFICIAL_HTTP_GET	COMPLETED	https://cupofexcellence.org/el-salvador-2009/	https://cupofexcellence.org/el-salvador-2009/	200	2817d944d1da05d64980c13d0720c3210319d4a5339f9226339bb8c33f66f104	194257	33	33	0		complete:coe_archive_el-salvador-2009.html
coe-bop-coearchiveel-salvador-2010	edition:coe:allianceforcoffeeexcellence_org_el_salvador_2010:2010	coe_bop	100	2026-08-28T01:36:44Z	PUBLIC_OFFICIAL_HTTP_GET	COMPLETED	https://cupofexcellence.org/el-salvador-2010/	https://cupofexcellence.org/el-salvador-2010/	200	06acb37721dcc02547fe699624e346085a5bb8e7df9aa386eca602b9c90f299a	190624	30	30	0		complete:coe_archive_el-salvador-2010.html
coe-bop-coearchiveel-salvador-2011	edition:coe:allianceforcoffeeexcellence_org_el_salvador_2011:2011	coe_bop	101	2026-08-28T01:36:42Z	PUBLIC_OFFICIAL_HTTP_GET	COMPLETED	https://cupofexcellence.org/el-salvador-2011/	https://cupofexcellence.org/el-salvador-2011/	200	5faa91e4d06db8a1b41d637be2ce9e11fb1787b97d451a65848fe935bd51d464	204185	42	42	0		complete:coe_archive_el-salvador-2011.html
coe-bop-coearchiveel-salvador-2012	edition:coe:allianceforcoffeeexcellence_org_el_salvador_2012:2012	coe_bop	102	2026-08-28T01:36:40Z	PUBLIC_OFFICIAL_HTTP_GET	COMPLETED	https://cupofexcellence.org/el-salvador-2012/	https://cupofexcellence.org/el-salvador-2012/	200	7da1a4e80900994c19678a8c7dd3fc3077d1d4fc67bac3f5f994acfbb6db1460	189075	28	28	0		complete:coe_archive_el-salvador-2012.html
coe-bop-coearchiveel-salvador-2013	edition:coe:allianceforcoffeeexcellence_org_el_salvador_2013:2013	coe_bop	103	2026-08-28T01:36:38Z	PUBLIC_OFFICIAL_HTTP_GET	COMPLETED	https://cupofexcellence.org/el-salvador-2013/	https://cupofexcellence.org/el-salvador-2013/	200	1929fb8364bf9464b10a2e98e6a5b9a1ff5231c3ad7edd34d9674222521761a2	187213	26	26	0		complete:coe_archive_el-salvador-2013.html
coe-bop-coearchiveel-salvador-2014	edition:coe:allianceforcoffeeexcellence_org_el_salvador_2014:2014	coe_bop	104	2026-08-28T01:36:36Z	PUBLIC_OFFICIAL_HTTP_GET	COMPLETED	https://cupofexcellence.org/el-salvador-2014/	https://cupofexcellence.org/el-salvador-2014/	200	e554ae83a0daeff3cbcbf5ea5f5bdd2217a11f0689835fdc4a1c2a29435ac3d0	196395	33	33	0		complete:coe_archive_el-salvador-2014.html
coe-bop-coearchiveel-salvador-2015	edition:coe:allianceforcoffeeexcellence_org_el_salvador_2015:2015	coe_bop	105	2026-08-28T01:36:34Z	PUBLIC_OFFICIAL_HTTP_GET	COMPLETED	https://cupofexcellence.org/el-salvador-2015/	https://cupofexcellence.org/el-salvador-2015/	200	b0896de22e2d04ccfeee951b16a3a38ab6c993f3704a254b204feeba352e9cc7	155943	27	27	0		complete:coe_archive_el-salvador-2015.html
coe-bop-coearchiveel-salvador-2017	edition:coe:allianceforcoffeeexcellence_org_el_salvador_2017:2017	coe_bop	106	2026-08-28T01:36:32Z	PUBLIC_OFFICIAL_HTTP_GET	COMPLETED	https://cupofexcellence.org/el-salvador-2017/	https://cupofexcellence.org/el-salvador-2017/	200	846d4423f08703064e8dda9e90c2380b22ed2e0a162a4d6357f9dea1f1b8c417	189974	26	26	0		complete:coe_archive_el-salvador-2017.html
coe-bop-coearchiveel-salvador-2018	edition:coe:allianceforcoffeeexcellence_org_el_salvador_2018:2018	coe_bop	107	2026-08-28T01:36:30Z	PUBLIC_OFFICIAL_HTTP_GET	COMPLETED	https://cupofexcellence.org/el-salvador-2018/	https://cupofexcellence.org/el-salvador-2018/	200	a8c836a349de6a41862145ac9ebf5e005feee2f5be54216937fa46fa519dccb8	315488	42	42	0		complete:coe_archive_el-salvador-2018.html
coe-bop-coearchiveel-salvador-2019	edition:coe:allianceforcoffeeexcellence_org_el_salvador_2019:2019	coe_bop	108	2026-08-28T01:36:27Z	PUBLIC_OFFICIAL_HTTP_GET	COMPLETED	https://cupofexcellence.org/el-salvador-2019/	https://cupofexcellence.org/el-salvador-2019/	200	ce8eb90cd98bbc14a1ceb0fc4bac97c9e3d2bbc252cfbf51b278fb7246e75578	276254	27	27	0		complete:coe_archive_el-salvador-2019.html
coe-bop-coearchiveel-salvador-2020	edition:coe:allianceforcoffeeexcellence_org_el_salvador_2020:2020	coe_bop	109	2026-08-28T01:36:25Z	PUBLIC_OFFICIAL_HTTP_GET	COMPLETED	https://cupofexcellence.org/el-salvador-2020/	https://cupofexcellence.org/el-salvador-2020/	200	31637960eaaf5d3feb792dfc5c4e84a4cd66f3242cbee22c65af96d65731589f	225030	23	23	0		complete:coe_archive_el-salvador-2020.html
coe-bop-coearchiveel-salvador-2021	edition:coe:allianceforcoffeeexcellence_org_el_salvador_2021:2021	coe_bop	110	2026-08-28T01:36:23Z	PUBLIC_OFFICIAL_HTTP_GET	COMPLETED	https://cupofexcellence.org/el-salvador-2021/	https://cupofexcellence.org/el-salvador-2021/	200	33d3bc595abe72e6589433ec1c16ed7a042c95e656d069c51a1adcfcbd5a778d	228735	27	27	0		complete:coe_archive_el-salvador-2021.html
coe-bop-coearchiveethiopia-2020	edition:coe:allianceforcoffeeexcellence_org_ethiopia_2020:2020	coe_bop	111	2026-08-28T01:37:02Z	PUBLIC_OFFICIAL_HTTP_GET	NO_RECORD_PAYLOAD	https://cupofexcellence.org/ethiopia-2020/	https://cupofexcellence.org/ethiopia-2020/	200	95093665c26a559762a90db0aae35aa4aa09fe768284de14dc1d3948033536dd	228058	0	0	0		complete:coe_archive_ethiopia-2020.html
coe-bop-coearchiveethiopia-2021	edition:coe:allianceforcoffeeexcellence_org_ethiopia_2021:2021	coe_bop	112	2026-08-28T01:37:00Z	PUBLIC_OFFICIAL_HTTP_GET	NO_RECORD_PAYLOAD	https://cupofexcellence.org/ethiopia-2021/	https://cupofexcellence.org/ethiopia-2021/	200	4199677daa14144c31c637c46bdcca475fcb623791e862bc3949981560abaa35	231252	0	0	0		complete:coe_archive_ethiopia-2021.html
coe-bop-coearchiveguatemala-2001	edition:coe:allianceforcoffeeexcellence_org_guatemala_2001:2001	coe_bop	113	2026-08-28T01:37:37Z	PUBLIC_OFFICIAL_HTTP_GET	NO_RECORD_PAYLOAD	https://cupofexcellence.org/guatemala-2001/	https://cupofexcellence.org/guatemala-2001/	200	b91000db00ebb6943f5e316d78e65d2103d64254756c19c48ebb79ef973bf81c	179118	0	0	0		complete:coe_archive_guatemala-2001.html
coe-bop-coearchiveguatemala-2002	edition:coe:allianceforcoffeeexcellence_org_guatemala_2002:2002	coe_bop	114	2026-08-28T01:37:35Z	PUBLIC_OFFICIAL_HTTP_GET	COMPLETED	https://cupofexcellence.org/guatemala-2002/	https://cupofexcellence.org/guatemala-2002/	200	37ee0f5064d3775c76db152a202f2631615a2c6964433e343e545217c85d4166	190874	33	33	0		complete:coe_archive_guatemala-2002.html
coe-bop-coearchiveguatemala-2006	edition:coe:allianceforcoffeeexcellence_org_guatemala_2006:2006	coe_bop	115	2026-08-28T01:37:33Z	PUBLIC_OFFICIAL_HTTP_GET	COMPLETED	https://cupofexcellence.org/guatemala-2006/	https://cupofexcellence.org/guatemala-2006/	200	38bb9961dd66115c767fa8bcdd5761a1f77cd37eff44252b31289a8dabfa37b1	184039	25	25	0		complete:coe_archive_guatemala-2006.html
coe-bop-coearchiveguatemala-2007	edition:coe:allianceforcoffeeexcellence_org_guatemala_2007:2007	coe_bop	116	2026-08-28T01:37:31Z	PUBLIC_OFFICIAL_HTTP_GET	COMPLETED	https://cupofexcellence.org/guatemala-2007/	https://cupofexcellence.org/guatemala-2007/	200	2a45c196d9f7c7231d0a8cf9bd3ad77d5a573929eaff18975db9b1e333f05e2c	179196	19	19	0		complete:coe_archive_guatemala-2007.html
coe-bop-coearchiveguatemala-2008	edition:coe:allianceforcoffeeexcellence_org_guatemala_2008:2008	coe_bop	117	2026-08-28T01:37:28Z	PUBLIC_OFFICIAL_HTTP_GET	COMPLETED	https://cupofexcellence.org/guatemala-2008/	https://cupofexcellence.org/guatemala-2008/	200	8bc7c9d4b779ad9efb2d037b40f36abfff501b1407ebcce27fac0b342654473c	184579	25	25	0		complete:coe_archive_guatemala-2008.html
coe-bop-coearchiveguatemala-2009	edition:coe:allianceforcoffeeexcellence_org_guatemala_2009:2009	coe_bop	118	2026-08-28T01:37:26Z	PUBLIC_OFFICIAL_HTTP_GET	COMPLETED	https://cupofexcellence.org/guatemala-2009/	https://cupofexcellence.org/guatemala-2009/	200	db83e91b92186cb752f5f2085392bfad8296f39796f23bb3d17b79f5c5361baa	183434	23	23	0		complete:coe_archive_guatemala-2009.html
coe-bop-coearchiveguatemala-2010	edition:coe:allianceforcoffeeexcellence_org_guatemala_2010:2010	coe_bop	119	2026-08-28T01:37:26Z	PUBLIC_OFFICIAL_HTTP_GET	COMPLETED	https://cupofexcellence.org/guatemala-2010/	https://cupofexcellence.org/guatemala-2010/	200	414fae52389bd55a32697172a8055d616176d6a599c438faef06373b75c37e68	188672	28	28	0		complete:coe_archive_guatemala-2010.html
coe-bop-coearchiveguatemala-2011	edition:coe:allianceforcoffeeexcellence_org_guatemala_2011:2011	coe_bop	120	2026-08-28T01:37:24Z	PUBLIC_OFFICIAL_HTTP_GET	COMPLETED	https://cupofexcellence.org/guatemala-2011/	https://cupofexcellence.org/guatemala-2011/	200	3ba32e6dc083b54ffb76a33056a9b972c9f67d4774e2747580a64300c9c85c07	190276	29	29	0		complete:coe_archive_guatemala-2011.html
coe-bop-coearchiveguatemala-2012	edition:coe:allianceforcoffeeexcellence_org_guatemala_2012:2012	coe_bop	121	2026-08-28T01:37:22Z	PUBLIC_OFFICIAL_HTTP_GET	COMPLETED	https://cupofexcellence.org/guatemala-2012/	https://cupofexcellence.org/guatemala-2012/	200	477ec2ed9c4404baf015df58f72578b7384609632b7d50eae71d4f467bbfde49	185694	23	23	0		complete:coe_archive_guatemala-2012.html
coe-bop-coearchiveguatemala-2013	edition:coe:allianceforcoffeeexcellence_org_guatemala_2013:2013	coe_bop	122	2026-08-28T01:37:20Z	PUBLIC_OFFICIAL_HTTP_GET	COMPLETED	https://cupofexcellence.org/guatemala-2013/	https://cupofexcellence.org/guatemala-2013/	200	37d93c489dcd2e3070758bf811e002b049d90a3044d5a48ac7bf2797606fc9e4	184002	23	23	0		complete:coe_archive_guatemala-2013.html
coe-bop-coearchiveguatemala-2014	edition:coe:allianceforcoffeeexcellence_org_guatemala_2014:2014	coe_bop	123	2026-08-28T01:37:18Z	PUBLIC_OFFICIAL_HTTP_GET	COMPLETED	https://cupofexcellence.org/guatemala-2014/	https://cupofexcellence.org/guatemala-2014/	200	7b28749f6a27cee7f76f2bd795eac84254a7009aedd795c76ae6df0f80ed12ab	187477	24	24	0		complete:coe_archive_guatemala-2014.html
coe-bop-coearchiveguatemala-2015	edition:coe:allianceforcoffeeexcellence_org_guatemala_2015:2015	coe_bop	124	2026-08-28T01:37:16Z	PUBLIC_OFFICIAL_HTTP_GET	COMPLETED	https://cupofexcellence.org/guatemala-2015/	https://cupofexcellence.org/guatemala-2015/	200	4dbf348605200e20d7092956f59a1dcfd838e71c2ab19688f73f2053925c1eac	152251	24	24	0		complete:coe_archive_guatemala-2015.html
coe-bop-coearchiveguatemala-2016	edition:coe:allianceforcoffeeexcellence_org_guatemala_2016:2016	coe_bop	125	2026-08-28T01:37:15Z	PUBLIC_OFFICIAL_HTTP_GET	COMPLETED	https://cupofexcellence.org/guatemala-2016/	https://cupofexcellence.org/guatemala-2016/	200	0b2cdd3633d26df7edb14331a719d1a1c9d97467f21f09070d0cc64c61bb0e4f	155111	25	25	0		complete:coe_archive_guatemala-2016.html
coe-bop-coearchiveguatemala-2017	edition:coe:allianceforcoffeeexcellence_org_guatemala_2017:2017	coe_bop	126	2026-08-28T01:37:13Z	PUBLIC_OFFICIAL_HTTP_GET	COMPLETED	https://cupofexcellence.org/guatemala-2017/	https://cupofexcellence.org/guatemala-2017/	200	0d804402936d5fddd3d87ce67eb937369957529ef1f770ab084ef98b6537f837	196395	30	30	0		complete:coe_archive_guatemala-2017.html
coe-bop-coearchiveguatemala-2018	edition:coe:allianceforcoffeeexcellence_org_guatemala_2018:2018	coe_bop	127	2026-08-28T01:37:11Z	PUBLIC_OFFICIAL_HTTP_GET	COMPLETED	https://cupofexcellence.org/guatemala-2018/	https://cupofexcellence.org/guatemala-2018/	200	6a761c040e55e8fcfd672a717c897923c48aa755e45885db74c196c1d18c63b5	278510	37	37	0		complete:coe_archive_guatemala-2018.html
coe-bop-coearchiveguatemala-2019	edition:coe:allianceforcoffeeexcellence_org_guatemala_2019:2019	coe_bop	128	2026-08-28T01:37:08Z	PUBLIC_OFFICIAL_HTTP_GET	COMPLETED	https://cupofexcellence.org/guatemala-2019/	https://cupofexcellence.org/guatemala-2019/	200	2a5f2c83c1aceebe6cee396ced099d9ef4c7be12e0543da89bc298ca998debb0	281308	23	23	0		complete:coe_archive_guatemala-2019.html
coe-bop-coearchiveguatemala-2020	edition:coe:allianceforcoffeeexcellence_org_guatemala_2020:2020	coe_bop	129	2026-08-28T01:37:06Z	PUBLIC_OFFICIAL_HTTP_GET	COMPLETED	https://cupofexcellence.org/guatemala-2020/	https://cupofexcellence.org/guatemala-2020/	200	6ff9c3c5e755d738da3e239bfd132f254e1a2ba1ef61028cd0f8a2ff3cf116f6	233795	31	31	0		complete:coe_archive_guatemala-2020.html
coe-bop-coearchiveguatemala-2021	edition:coe:allianceforcoffeeexcellence_org_guatemala_2021:2021	coe_bop	130	2026-08-28T01:37:04Z	PUBLIC_OFFICIAL_HTTP_GET	COMPLETED	https://cupofexcellence.org/guatemala-2021/	https://cupofexcellence.org/guatemala-2021/	200	fae3be44ef5e12924074212ce85987bf6c2e5189dd3ef80c6121d0244485cced	230047	31	31	0		complete:coe_archive_guatemala-2021.html
coe-bop-coearchivehonduras-2004	edition:coe:allianceforcoffeeexcellence_org_honduras_2004:2004	coe_bop	131	2026-08-28T01:38:15Z	PUBLIC_OFFICIAL_HTTP_GET	COMPLETED	https://cupofexcellence.org/honduras-2004/	https://cupofexcellence.org/honduras-2004/	200	807047d0939718f123b68bd4ce3cd84457c5e0fa8c0a1856da932f6cb7dc2b9f	180168	21	21	0		complete:coe_archive_honduras-2004.html
coe-bop-coearchivehonduras-2005	edition:coe:allianceforcoffeeexcellence_org_honduras_2005:2005	coe_bop	132	2026-08-28T01:38:13Z	PUBLIC_OFFICIAL_HTTP_GET	COMPLETED	https://cupofexcellence.org/honduras-2005/	https://cupofexcellence.org/honduras-2005/	200	1e8853ec23a1a46180f5acf385665206417aa2f9f3881fffd7ecfcb3dd93e191	201165	41	41	0		complete:coe_archive_honduras-2005.html
coe-bop-coearchivehonduras-2006	edition:coe:allianceforcoffeeexcellence_org_honduras_2006:2006	coe_bop	133	2026-08-28T01:38:10Z	PUBLIC_OFFICIAL_HTTP_GET	COMPLETED	https://cupofexcellence.org/honduras-2006/	https://cupofexcellence.org/honduras-2006/	200	31ae3f0f52774d6377ee9ba67bd859f7e2edc044c8b8d5150e648efa3e0f5560	193432	33	33	0		complete:coe_archive_honduras-2006.html
coe-bop-coearchivehonduras-2007	edition:coe:allianceforcoffeeexcellence_org_honduras_2007:2007	coe_bop	134	2026-08-28T01:38:08Z	PUBLIC_OFFICIAL_HTTP_GET	COMPLETED	https://cupofexcellence.org/honduras-2007/	https://cupofexcellence.org/honduras-2007/	200	74e611026fe91b29aaadadad4be37f4066bb15772e94c1384aed8e5113221e91	183418	24	24	0		complete:coe_archive_honduras-2007.html
coe-bop-coearchivehonduras-2008	edition:coe:allianceforcoffeeexcellence_org_honduras_2008:2008	coe_bop	135	2026-08-28T01:38:06Z	PUBLIC_OFFICIAL_HTTP_GET	COMPLETED	https://cupofexcellence.org/honduras-2008/	https://cupofexcellence.org/honduras-2008/	200	8781e49814e7ba6cd2b93d2386e5fcfa4761c4341889cf560bd964aff38c80f1	185948	26	26	0		complete:coe_archive_honduras-2008.html
coe-bop-coearchivehonduras-2009	edition:coe:allianceforcoffeeexcellence_org_honduras_2009:2009	coe_bop	136	2026-08-28T01:38:03Z	PUBLIC_OFFICIAL_HTTP_GET	COMPLETED	https://cupofexcellence.org/honduras-2009/	https://cupofexcellence.org/honduras-2009/	200	b3e425117ee6165f1ede5b194e29d83f19f7be11899b1416f63530366d134344	198449	39	39	0		complete:coe_archive_honduras-2009.html
coe-bop-coearchivehonduras-2010	edition:coe:allianceforcoffeeexcellence_org_honduras_2010:2010	coe_bop	137	2026-08-28T01:38:00Z	PUBLIC_OFFICIAL_HTTP_GET	COMPLETED	https://cupofexcellence.org/honduras-2010/	https://cupofexcellence.org/honduras-2010/	200	09a5e3c7890af7d96113cc6e489f934d78369f0355e691bbdf28c986c0835e5c	185151	25	25	0		complete:coe_archive_honduras-2010.html
coe-bop-coearchivehonduras-2011	edition:coe:allianceforcoffeeexcellence_org_honduras_2011:2011	coe_bop	138	2026-08-28T01:37:58Z	PUBLIC_OFFICIAL_HTTP_GET	COMPLETED	https://cupofexcellence.org/honduras-2011/	https://cupofexcellence.org/honduras-2011/	200	1db968e933e776cc21d8e82518b41a7d56039ab79d22e0948f6066f19e0815b3	193489	33	33	0		complete:coe_archive_honduras-2011.html
coe-bop-coearchivehonduras-2012	edition:coe:allianceforcoffeeexcellence_org_honduras_2012:2012	coe_bop	139	2026-08-28T01:37:56Z	PUBLIC_OFFICIAL_HTTP_GET	COMPLETED	https://cupofexcellence.org/honduras-2012/	https://cupofexcellence.org/honduras-2012/	200	81ac799569b559a424daa8902399a8b5d7b819ba5f4afb82b908fd2fccfe7a9d	180512	20	20	0		complete:coe_archive_honduras-2012.html
coe-bop-coearchivehonduras-2013	edition:coe:allianceforcoffeeexcellence_org_honduras_2013:2013	coe_bop	140	2026-08-28T01:37:53Z	PUBLIC_OFFICIAL_HTTP_GET	COMPLETED	https://cupofexcellence.org/honduras-2013/	https://cupofexcellence.org/honduras-2013/	200	71784f7c0ccfd1c3183d137462229d8ce1c6655a1e97e97de256b3dd5f066a79	182239	22	22	0		complete:coe_archive_honduras-2013.html
coe-bop-coearchivehonduras-2014	edition:coe:allianceforcoffeeexcellence_org_honduras_2014:2014	coe_bop	141	2026-08-28T01:37:51Z	PUBLIC_OFFICIAL_HTTP_GET	COMPLETED	https://cupofexcellence.org/honduras-2014/	https://cupofexcellence.org/honduras-2014/	200	acc19967b77fab9b61afe274efa8bab3bd71b19065fad4645b9bc7321e1bd02e	186167	23	23	0		complete:coe_archive_honduras-2014.html
coe-bop-coearchivehonduras-2015	edition:coe:allianceforcoffeeexcellence_org_honduras_2015:2015	coe_bop	142	2026-08-28T01:37:50Z	PUBLIC_OFFICIAL_HTTP_GET	COMPLETED	https://cupofexcellence.org/honduras-2015/	https://cupofexcellence.org/honduras-2015/	200	e9f52fdcd42ab2615b565bc6d2615097f69972a6c8af9334794e6c16aee0961d	166025	38	38	0		complete:coe_archive_honduras-2015.html
coe-bop-coearchivehonduras-2016	edition:coe:allianceforcoffeeexcellence_org_honduras_2016:2016	coe_bop	143	2026-08-28T01:37:48Z	PUBLIC_OFFICIAL_HTTP_GET	COMPLETED	https://cupofexcellence.org/honduras-2016/	https://cupofexcellence.org/honduras-2016/	200	9e9d58ad90488fd231e3eab01d081bdbe0342656e9eecca6c5d8d99560ea3fac	156131	26	26	0		complete:coe_archive_honduras-2016.html
coe-bop-coearchivehonduras-2017	edition:coe:allianceforcoffeeexcellence_org_honduras_2017:2017	coe_bop	144	2026-08-28T01:37:46Z	PUBLIC_OFFICIAL_HTTP_GET	COMPLETED	https://cupofexcellence.org/honduras-2017/	https://cupofexcellence.org/honduras-2017/	200	453acfc3577f71686783139f9a6dad190ea8edcb188a778e2c8419166593cf95	193018	27	27	0		complete:coe_archive_honduras-2017.html
coe-bop-coearchivehonduras-2018	edition:coe:allianceforcoffeeexcellence_org_honduras_2018:2018	coe_bop	145	2026-08-28T01:37:43Z	PUBLIC_OFFICIAL_HTTP_GET	COMPLETED	https://cupofexcellence.org/honduras-2018/	https://cupofexcellence.org/honduras-2018/	200	f43181f3d0b40f8bb07c0ffa32b8390c3eee0d34126b9a9c90a374df732ece25	271228	41	41	0		complete:coe_archive_honduras-2018.html
coe-bop-coearchivehonduras-2019	edition:coe:allianceforcoffeeexcellence_org_honduras_2019:2019	coe_bop	146	2026-08-28T01:37:41Z	PUBLIC_OFFICIAL_HTTP_GET	COMPLETED	https://cupofexcellence.org/honduras-2019/	https://cupofexcellence.org/honduras-2019/	200	ce04d376621af2172f4032a2fd69ad64a0f87c6d8a5c95a1e6e2dd64b3afcd21	301454	33	33	0		complete:coe_archive_honduras-2019.html
coe-bop-coearchivehonduras-2021	edition:coe:allianceforcoffeeexcellence_org_honduras_2021:2021	coe_bop	147	2026-08-28T01:37:39Z	PUBLIC_OFFICIAL_HTTP_GET	COMPLETED	https://cupofexcellence.org/honduras-2021/	https://cupofexcellence.org/honduras-2021/	200	5fa503f94a3473d7c4b694e937f099f896008dfd8b8fa09aa534107f53ad2c7f	221693	28	28	0		complete:coe_archive_honduras-2021.html
coe-bop-coearchiveindonesia-2021	edition:coe:allianceforcoffeeexcellence_org_indonesia_2021:2021	coe_bop	148	2026-08-28T01:38:17Z	PUBLIC_OFFICIAL_HTTP_GET	COMPLETED	https://cupofexcellence.org/indonesia-2021/	https://cupofexcellence.org/indonesia-2021/	200	fdd586ba6b173ab49778d77178f90f89861dd65db447a0012d0493c4394850f9	218658	26	26	0		complete:coe_archive_indonesia-2021.html
coe-bop-coearchivemexico-2012	edition:coe:allianceforcoffeeexcellence_org_mexico_2012:2012	coe_bop	149	2026-08-28T01:38:33Z	PUBLIC_OFFICIAL_HTTP_GET	COMPLETED	https://cupofexcellence.org/mexico-2012/	https://cupofexcellence.org/mexico-2012/	200	18f4adae3872fb03c7494b38f920febdbfcc7c1e53b2120a741be9cabc0ad0c2	169456	10	10	0		complete:coe_archive_mexico-2012.html
coe-bop-coearchivemexico-2013	edition:coe:allianceforcoffeeexcellence_org_mexico_2013:2013	coe_bop	150	2026-08-28T01:38:32Z	PUBLIC_OFFICIAL_HTTP_GET	COMPLETED	https://cupofexcellence.org/mexico-2013/	https://cupofexcellence.org/mexico-2013/	200	68a57dbb274c13ab34bbc765efea95c995afca0b6541f3dc6bff08d948024912	175584	16	16	0		complete:coe_archive_mexico-2013.html
coe-bop-coearchivemexico-2014	edition:coe:allianceforcoffeeexcellence_org_mexico_2014:2014	coe_bop	151	2026-08-28T01:38:30Z	PUBLIC_OFFICIAL_HTTP_GET	COMPLETED	https://cupofexcellence.org/mexico-2014/	https://cupofexcellence.org/mexico-2014/	200	eee7b789ed1bcd6f594ca4e60480dfd85457618b1dbc4f6a17996eff7087a1d0	181897	19	19	0		complete:coe_archive_mexico-2014.html
coe-bop-coearchivemexico-2015	edition:coe:allianceforcoffeeexcellence_org_mexico_2015:2015	coe_bop	152	2026-08-28T01:38:28Z	PUBLIC_OFFICIAL_HTTP_GET	COMPLETED	https://cupofexcellence.org/mexico-2015/	https://cupofexcellence.org/mexico-2015/	200	dc2b8fd07b6bb6c076f3172409ab0a01f40cae11786d27cbe8efadf60f349a74	146475	20	20	0		complete:coe_archive_mexico-2015.html
coe-bop-coearchivemexico-2017	edition:coe:allianceforcoffeeexcellence_org_mexico_2017:2017	coe_bop	153	2026-08-28T01:38:26Z	PUBLIC_OFFICIAL_HTTP_GET	COMPLETED	https://cupofexcellence.org/mexico-2017/	https://cupofexcellence.org/mexico-2017/	200	0aec9b77f12d94d7f40fbaeaf6017e09340e0369d73063bc99a23247beeb6e0e	191945	27	27	0		complete:coe_archive_mexico-2017.html
coe-bop-coearchivemexico-2018	edition:coe:allianceforcoffeeexcellence_org_mexico_2018:2018	coe_bop	154	2026-08-28T01:38:24Z	PUBLIC_OFFICIAL_HTTP_GET	COMPLETED	https://cupofexcellence.org/mexico-2018/	https://cupofexcellence.org/mexico-2018/	200	f9dd1c2a49e67cbb3756d40677fd1e74208f15e0a1018db77ae632d68cf05639	263151	32	32	0		complete:coe_archive_mexico-2018.html
coe-bop-coearchivemexico-2019	edition:coe:allianceforcoffeeexcellence_org_mexico_2019:2019	coe_bop	155	2026-08-28T01:38:21Z	PUBLIC_OFFICIAL_HTTP_GET	COMPLETED	https://cupofexcellence.org/mexico-2019/	https://cupofexcellence.org/mexico-2019/	200	e697b9c91de58db431238aa22ae72bffcebdcb0eca59aa15be1da9713e65929d	299190	31	31	0		complete:coe_archive_mexico-2019.html
coe-bop-coearchivemexico-2021	edition:coe:allianceforcoffeeexcellence_org_mexico_2021:2021	coe_bop	156	2026-08-28T01:38:19Z	PUBLIC_OFFICIAL_HTTP_GET	COMPLETED	https://cupofexcellence.org/mexico-2021/	https://cupofexcellence.org/mexico-2021/	200	25af8614504315428923c99060ad39f6a4a9973246d9bff39beb5e1cd31016ec	229311	33	33	0		complete:coe_archive_mexico-2021.html
coe-bop-coearchivenicaragua-2002	edition:coe:allianceforcoffeeexcellence_org_nicaragua_2002:2002	coe_bop	157	2026-08-28T01:39:08Z	PUBLIC_OFFICIAL_HTTP_GET	COMPLETED	https://cupofexcellence.org/nicaragua-2002/	https://cupofexcellence.org/nicaragua-2002/	200	35a1dd83503e4644381bf1c13baa1bd1d31a1be762c9c79db735ce41e6c2394a	187728	23	23	0		complete:coe_archive_nicaragua-2002.html
coe-bop-coearchivenicaragua-2003	edition:coe:allianceforcoffeeexcellence_org_nicaragua_2003:2003	coe_bop	158	2026-08-28T01:39:06Z	PUBLIC_OFFICIAL_HTTP_GET	COMPLETED	https://cupofexcellence.org/nicaragua-2003/	https://cupofexcellence.org/nicaragua-2003/	200	62ec9075548bd3e34fa46c84acba526e32cd83c31a2d2409ee8b8adbdde65554	198328	37	37	0		complete:coe_archive_nicaragua-2003.html
coe-bop-coearchivenicaragua-2004	edition:coe:allianceforcoffeeexcellence_org_nicaragua_2004:2004	coe_bop	159	2026-08-28T01:39:04Z	PUBLIC_OFFICIAL_HTTP_GET	COMPLETED	https://cupofexcellence.org/nicaragua-2004/	https://cupofexcellence.org/nicaragua-2004/	200	2bda7006cad2caa9cb97bd7b48d45f2adbdea029829feee7db54d1dff2c64a75	190101	29	29	0		complete:coe_archive_nicaragua-2004.html
coe-bop-coearchivenicaragua-2005	edition:coe:allianceforcoffeeexcellence_org_nicaragua_2005:2005	coe_bop	160	2026-08-28T01:39:01Z	PUBLIC_OFFICIAL_HTTP_GET	COMPLETED	https://cupofexcellence.org/nicaragua-2005/	https://cupofexcellence.org/nicaragua-2005/	200	b1dd6c28cb64492e5957260ba3cbb41b02b9c05379d3511ceb5bc42b8f1e0941	196555	35	35	0		complete:coe_archive_nicaragua-2005.html
coe-bop-coearchivenicaragua-2006	edition:coe:allianceforcoffeeexcellence_org_nicaragua_2006:2006	coe_bop	161	2026-08-28T01:38:59Z	PUBLIC_OFFICIAL_HTTP_GET	COMPLETED	https://cupofexcellence.org/nicaragua-2006/	https://cupofexcellence.org/nicaragua-2006/	200	9a4d6bd30310be04f9486bf50533254ce4618164bd41c0dfbf5b63c5870a072c	186098	25	25	0		complete:coe_archive_nicaragua-2006.html
coe-bop-coearchivenicaragua-2007	edition:coe:allianceforcoffeeexcellence_org_nicaragua_2007:2007	coe_bop	162	2026-08-28T01:38:57Z	PUBLIC_OFFICIAL_HTTP_GET	COMPLETED	https://cupofexcellence.org/nicaragua-2007/	https://cupofexcellence.org/nicaragua-2007/	200	6760791b105c6937b3c8284668f5274e8ba3b7b5abaaa477d889b3083c5bc092	195226	34	34	0		complete:coe_archive_nicaragua-2007.html
coe-bop-coearchivenicaragua-2008	edition:coe:allianceforcoffeeexcellence_org_nicaragua_2008:2008	coe_bop	163	2026-08-28T01:38:55Z	PUBLIC_OFFICIAL_HTTP_GET	COMPLETED	https://cupofexcellence.org/nicaragua-2008/	https://cupofexcellence.org/nicaragua-2008/	200	b107d07df5cc793f551f36e7a83b4a19811d4c4ea07c8be71965a28c12f4dcec	184788	25	25	0		complete:coe_archive_nicaragua-2008.html
coe-bop-coearchivenicaragua-2009	edition:coe:allianceforcoffeeexcellence_org_nicaragua_2009:2009	coe_bop	164	2026-08-28T01:38:53Z	PUBLIC_OFFICIAL_HTTP_GET	COMPLETED	https://cupofexcellence.org/nicaragua-2009/	https://cupofexcellence.org/nicaragua-2009/	200	aa47002ac54fed023841b0322c68ccaac5e906d836e77331c303b7f7ce94c41c	186824	26	26	0		complete:coe_archive_nicaragua-2009.html
coe-bop-coearchivenicaragua-2010	edition:coe:allianceforcoffeeexcellence_org_nicaragua_2010:2010	coe_bop	165	2026-08-28T01:38:51Z	PUBLIC_OFFICIAL_HTTP_GET	COMPLETED	https://cupofexcellence.org/nicaragua-2010/	https://cupofexcellence.org/nicaragua-2010/	200	6fa866048905a0fec0988ed3b5274f4ddbc58d2ae4c2048f446bdf275511066f	187579	27	27	0		complete:coe_archive_nicaragua-2010.html
coe-bop-coearchivenicaragua-2011	edition:coe:allianceforcoffeeexcellence_org_nicaragua_2011:2011	coe_bop	166	2026-08-28T01:38:49Z	PUBLIC_OFFICIAL_HTTP_GET	COMPLETED	https://cupofexcellence.org/nicaragua-2011/	https://cupofexcellence.org/nicaragua-2011/	200	dfff77be5641c8627efe9009a389afea4849bd33831c0e41716747050bedef53	187990	27	27	0		complete:coe_archive_nicaragua-2011.html
coe-bop-coearchivenicaragua-2012	edition:coe:allianceforcoffeeexcellence_org_nicaragua_2012:2012	coe_bop	167	2026-08-28T01:38:47Z	PUBLIC_OFFICIAL_HTTP_GET	COMPLETED	https://cupofexcellence.org/nicaragua-2012/	https://cupofexcellence.org/nicaragua-2012/	200	899e7310b59cd9b4ed1e5078db29470828bdd302418701de3d902b2219cc6c90	186160	25	25	0		complete:coe_archive_nicaragua-2012.html
coe-bop-coearchivenicaragua-2014	edition:coe:allianceforcoffeeexcellence_org_nicaragua_2014:2014	coe_bop	168	2026-08-28T01:38:45Z	PUBLIC_OFFICIAL_HTTP_GET	COMPLETED	https://cupofexcellence.org/nicaragua-2014/	https://cupofexcellence.org/nicaragua-2014/	200	e2ecec39672992ae2540235fc99ecaec2fa9abed3823752ea0a67019f06a8da4	187517	25	25	0		complete:coe_archive_nicaragua-2014.html
coe-bop-coearchivenicaragua-2015	edition:coe:allianceforcoffeeexcellence_org_nicaragua_2015:2015	coe_bop	169	2026-08-28T01:38:44Z	PUBLIC_OFFICIAL_HTTP_GET	COMPLETED	https://cupofexcellence.org/nicaragua-2015/	https://cupofexcellence.org/nicaragua-2015/	200	8e47df04167d887cc3b401d63fb467921f9667352f3bfcdd9710759f062524aa	164481	36	36	0		complete:coe_archive_nicaragua-2015.html
coe-bop-coearchivenicaragua-2017	edition:coe:allianceforcoffeeexcellence_org_nicaragua_2017:2017	coe_bop	170	2026-08-28T01:38:42Z	PUBLIC_OFFICIAL_HTTP_GET	COMPLETED	https://cupofexcellence.org/nicaragua-2017/	https://cupofexcellence.org/nicaragua-2017/	200	094e97f8d1661c4faa3e12e90a358b5639d940e860376173e91029f172cc67ec	190636	28	28	0		complete:coe_archive_nicaragua-2017.html
coe-bop-coearchivenicaragua-2018	edition:coe:allianceforcoffeeexcellence_org_nicaragua_2018:2018	coe_bop	171	2026-08-28T01:38:39Z	PUBLIC_OFFICIAL_HTTP_GET	COMPLETED	https://cupofexcellence.org/nicaragua-2018/	https://cupofexcellence.org/nicaragua-2018/	200	77632d553f36769254ac456c1baf6d881122f6d15b2ef104f8a521a0d9509bed	286280	40	40	0		complete:coe_archive_nicaragua-2018.html
coe-bop-coearchivenicaragua-2020	edition:coe:allianceforcoffeeexcellence_org_nicaragua_2020:2020	coe_bop	172	2026-08-28T01:38:37Z	PUBLIC_OFFICIAL_HTTP_GET	COMPLETED	https://cupofexcellence.org/nicaragua-2020/	https://cupofexcellence.org/nicaragua-2020/	200	bcc14fe8d250749c80bb84c128f7dcefbae53852be1163c3981645433f702e40	215512	18	18	0		complete:coe_archive_nicaragua-2020.html
coe-bop-coearchivenicaragua-2021	edition:coe:allianceforcoffeeexcellence_org_nicaragua_2021:2021	coe_bop	173	2026-08-28T01:38:35Z	PUBLIC_OFFICIAL_HTTP_GET	COMPLETED	https://cupofexcellence.org/nicaragua-2021/	https://cupofexcellence.org/nicaragua-2021/	200	0a0c288c94aaa73822d1c0bec3dd7e868dcf8efa9ec43ec674ce8262feba3994	216719	26	26	0		complete:coe_archive_nicaragua-2021.html
coe-bop-coearchiveperu-2017	edition:coe:allianceforcoffeeexcellence_org_peru_2017:2017	coe_bop	174	2026-08-28T01:39:36Z	PUBLIC_OFFICIAL_HTTP_GET	COMPLETED	https://cupofexcellence.org/peru-2017/	https://cupofexcellence.org/peru-2017/	200	beeba9091558e06efc847cf184374a56bc977b90de7e2ed03eabd8408d6b8a57	190329	24	24	0		complete:coe_archive_peru-2017.html
coe-bop-coearchiveperu-2018	edition:coe:allianceforcoffeeexcellence_org_peru_2018:2018	coe_bop	175	2026-08-28T01:39:34Z	PUBLIC_OFFICIAL_HTTP_GET	COMPLETED	https://cupofexcellence.org/peru-2018/	https://cupofexcellence.org/peru-2018/	200	a9703c1fe75f0d3f581f2fecb8576940fc091bd341798dd92fee68212c1f2d54	316098	24	24	0		complete:coe_archive_peru-2018.html
coe-bop-coearchiveperu-2019	edition:coe:allianceforcoffeeexcellence_org_peru_2019:2019	coe_bop	176	2026-08-28T01:39:32Z	PUBLIC_OFFICIAL_HTTP_GET	COMPLETED	https://cupofexcellence.org/peru-2019/	https://cupofexcellence.org/peru-2019/	200	705901278c05d2699dbac570574b207f522be90b51eda439b4c633aa2c6dc01f	275241	24	24	0		complete:coe_archive_peru-2019.html
coe-bop-coearchiveperu-2020	edition:coe:allianceforcoffeeexcellence_org_peru_2020:2020	coe_bop	177	2026-08-28T01:39:29Z	PUBLIC_OFFICIAL_HTTP_GET	COMPLETED	https://cupofexcellence.org/peru-2020/	https://cupofexcellence.org/peru-2020/	200	acd1e81a0579280952546f242a7d6a79121b1594a203990a8deb8f62e44b861c	225700	25	25	0		complete:coe_archive_peru-2020.html
coe-bop-coearchiveperu-2021	edition:coe:allianceforcoffeeexcellence_org_peru_2021:2021	coe_bop	178	2026-08-28T01:39:27Z	PUBLIC_OFFICIAL_HTTP_GET	COMPLETED	https://cupofexcellence.org/peru-2021/	https://cupofexcellence.org/peru-2021/	200	2fcdb32db7eba5bffc0859b50da5ca95c416a96173b30e80a5ec04a72608c506	218524	27	27	0		complete:coe_archive_peru-2021.html
coe-bop-coearchiverwanda-2008	edition:coe:allianceforcoffeeexcellence_org_rwanda_2008:2008	coe_bop	179	2026-08-28T01:39:25Z	PUBLIC_OFFICIAL_HTTP_GET	COMPLETED	https://cupofexcellence.org/rwanda-2008/	https://cupofexcellence.org/rwanda-2008/	200	75ce0a04db3a782b8a34ba47a26a003d576db1df47daef4c50a7cc4e07d3d1bf	184808	24	24	0		complete:coe_archive_rwanda-2008.html
coe-bop-coearchiverwanda-2010	edition:coe:allianceforcoffeeexcellence_org_rwanda_2010:2010	coe_bop	180	2026-08-28T01:39:23Z	PUBLIC_OFFICIAL_HTTP_GET	COMPLETED	https://cupofexcellence.org/rwanda-2010/	https://cupofexcellence.org/rwanda-2010/	200	c668b3c9dfd2616b16d4e8fb84f46f22790556bcbc9bb08dcaf0431aef2a9c89	182881	22	22	0		complete:coe_archive_rwanda-2010.html
coe-bop-coearchiverwanda-2011	edition:coe:allianceforcoffeeexcellence_org_rwanda_2011:2011	coe_bop	181	2026-08-28T01:39:21Z	PUBLIC_OFFICIAL_HTTP_GET	COMPLETED	https://cupofexcellence.org/rwanda-2011/	https://cupofexcellence.org/rwanda-2011/	200	6561edbe326e340019a76380383129d15249d0c931bb106559b08268be03d462	198063	36	36	0		complete:coe_archive_rwanda-2011.html
coe-bop-coearchiverwanda-2012	edition:coe:allianceforcoffeeexcellence_org_rwanda_2012:2012	coe_bop	182	2026-08-28T01:39:18Z	PUBLIC_OFFICIAL_HTTP_GET	COMPLETED	https://cupofexcellence.org/rwanda-2012/	https://cupofexcellence.org/rwanda-2012/	200	5af2aa06607f3fd71bb525344a8ffa6ca90022eefa9ea05043a7bf05d440b18a	188173	26	26	0		complete:coe_archive_rwanda-2012.html
coe-bop-coearchiverwanda-2013	edition:coe:allianceforcoffeeexcellence_org_rwanda_2013:2013	coe_bop	183	2026-08-28T01:39:16Z	PUBLIC_OFFICIAL_HTTP_GET	COMPLETED	https://cupofexcellence.org/rwanda-2013/	https://cupofexcellence.org/rwanda-2013/	200	30a13698d04c01486cd559774fe96027b5fdf0d95f5881ad493a95b1b025eb53	175535	15	15	0		complete:coe_archive_rwanda-2013.html
coe-bop-coearchiverwanda-2014	edition:coe:allianceforcoffeeexcellence_org_rwanda_2014:2014	coe_bop	184	2026-08-28T01:39:13Z	PUBLIC_OFFICIAL_HTTP_GET	COMPLETED	https://cupofexcellence.org/rwanda-2014/	https://cupofexcellence.org/rwanda-2014/	200	62567ae3ba1676db521e1e853e4f4116d419640ad3826f26658cc04c16ded593	212316	28	28	0		complete:coe_archive_rwanda-2014.html
coe-bop-coearchiverwanda-2015	edition:coe:allianceforcoffeeexcellence_org_rwanda_2015:2015	coe_bop	185	2026-08-28T01:39:12Z	PUBLIC_OFFICIAL_HTTP_GET	COMPLETED	https://cupofexcellence.org/rwanda-2015/	https://cupofexcellence.org/rwanda-2015/	200	0e5508b3ec26000b411a968cdcefc199df0aa438aa0e869b0e4654e1830976fa	155085	24	24	0		complete:coe_archive_rwanda-2015.html
coe-bop-coearchiverwanda-2018	edition:coe:allianceforcoffeeexcellence_org_rwanda_2018:2018	coe_bop	186	2026-08-28T01:39:10Z	PUBLIC_OFFICIAL_HTTP_GET	COMPLETED	https://cupofexcellence.org/rwanda-2018/	https://cupofexcellence.org/rwanda-2018/	200	b1860cb941e2d8d6993cc91c3b954e45828a4df8333d0958cd765e4412749894	207991	31	31	0		complete:coe_archive_rwanda-2018.html
coe-bop-coecensus2023-best-of-taiwan	edition:coe:allianceforcoffeeexcellence_org_2023_best_of_taiwan:2023_pilot_best_of_taiwan	coe_bop	187	2026-08-28T01:54:39Z	PUBLIC_OFFICIAL_HTTP_GET	COMPLETED	https://allianceforcoffeeexcellence.org/2023-best-of-taiwan/	https://allianceforcoffeeexcellence.org/2023-best-of-taiwan/	200	7bb87533afb9c10cddb127c61e10e55f66185595a53619fa56865fd237ce8bec	304938	21	21	0		complete:coe_census_2023-best-of-taiwan.html
coe-bop-coecensusbest-of-thailand	edition:coe:allianceforcoffeeexcellence_org_best_of_thailand:2022_pilot_best_of_thailand	coe_bop	188	2026-08-28T01:54:41Z	PUBLIC_OFFICIAL_HTTP_GET	NO_RECORD_PAYLOAD	https://allianceforcoffeeexcellence.org/best-of-thailand/	https://allianceforcoffeeexcellence.org/best-of-thailand/	200	e06a216b45aefa36a21077cbdc045caf93d496ab2aa6216b7b339aeb7165da17	289720	0	0	0		complete:coe_census_best-of-thailand.html
coe-bop-coecensusbolivia-2004	edition:coe:allianceforcoffeeexcellence_org_bolivia_2004:2004	coe_bop	189	2026-08-28T01:53:00Z	PUBLIC_OFFICIAL_HTTP_GET	COMPLETED	https://allianceforcoffeeexcellence.org/bolivia-2004/	https://allianceforcoffeeexcellence.org/bolivia-2004/	200	dc673d10ed79b8189ffc288bf987af9a25adc363e591b8b18a6e440cf29bbd0e	307405	13	13	0		complete:coe_census_bolivia-2004.html
coe-bop-coecensusbolivia-2005	edition:coe:allianceforcoffeeexcellence_org_bolivia_2005:2005	coe_bop	190	2026-08-28T01:53:00Z	PUBLIC_OFFICIAL_HTTP_GET	COMPLETED	https://allianceforcoffeeexcellence.org/bolivia-2005/	https://allianceforcoffeeexcellence.org/bolivia-2005/	200	d865dbf7f2ae6f6fd4f260cc1b6320e04df1a8242a06ac6caaca3fc919c7480d	316377	19	19	0		complete:coe_census_bolivia-2005.html
coe-bop-coecensusbolivia-2007	edition:coe:allianceforcoffeeexcellence_org_bolivia_2007:2007	coe_bop	191	2026-08-28T01:53:00Z	PUBLIC_OFFICIAL_HTTP_GET	COMPLETED	https://allianceforcoffeeexcellence.org/bolivia-2007/	https://allianceforcoffeeexcellence.org/bolivia-2007/	200	028b108d84af68acfaaaf821fc121705cdcbd122d7dc0587208f751271b00b4c	323728	26	26	0		complete:coe_census_bolivia-2007.html
coe-bop-coecensusbolivia-2008	edition:coe:allianceforcoffeeexcellence_org_bolivia_2008:2008	coe_bop	192	2026-08-28T01:53:00Z	PUBLIC_OFFICIAL_HTTP_GET	COMPLETED	https://allianceforcoffeeexcellence.org/bolivia-2008/	https://allianceforcoffeeexcellence.org/bolivia-2008/	200	8c8062bf00d09db56d938e64ff97d56bf10638e37e6b084c0b961b83d1748b7a	327887	29	29	0		complete:coe_census_bolivia-2008.html
coe-bop-coecensusbolivia-2009	edition:coe:allianceforcoffeeexcellence_org_bolivia_2009:2009	coe_bop	193	2026-08-28T01:53:00Z	PUBLIC_OFFICIAL_HTTP_GET	COMPLETED	https://allianceforcoffeeexcellence.org/bolivia-2009/	https://allianceforcoffeeexcellence.org/bolivia-2009/	200	918b370d225bc7f157a5352984bea39a1f08e41de3e8b1a2accf09e6e0f507f3	328051	30	30	0		complete:coe_census_bolivia-2009.html
coe-bop-coecensusbrazil-2019	edition:coe:allianceforcoffeeexcellence_org_brazil_2019:2019	coe_bop	194	2026-08-28T01:53:00Z	PUBLIC_OFFICIAL_HTTP_GET	COMPLETED	https://allianceforcoffeeexcellence.org/brazil-2019/	https://allianceforcoffeeexcellence.org/brazil-2019/	200	3dbe014520927456c2ba62043bfcc35368e6f22407cc722b5d2b16f2127d232d	439451	30	30	0		complete:coe_census_brazil-2019.html
coe-bop-coecensusbrazil-2020	edition:coe:allianceforcoffeeexcellence_org_brazil_2020:2020	coe_bop	195	2026-08-28T01:53:00Z	PUBLIC_OFFICIAL_HTTP_GET	COMPLETED	https://allianceforcoffeeexcellence.org/brazil-2020/	https://allianceforcoffeeexcellence.org/brazil-2020/	200	ec294fd283d5fe826036a6b59cfdbdb287cce281e028a0ba1dd0e9ca4b804d62	362727	30	30	0		complete:coe_census_brazil-2020.html
coe-bop-coecensusbrazil-2021	edition:coe:allianceforcoffeeexcellence_org_brazil_2021:2021	coe_bop	196	2026-08-28T01:53:00Z	PUBLIC_OFFICIAL_HTTP_GET	COMPLETED	https://allianceforcoffeeexcellence.org/brazil-2021/	https://allianceforcoffeeexcellence.org/brazil-2021/	200	e027a595bd1fd6011ed9ce195c13c31e5f2e291523923e501a7215ccc47f06f7	442826	31	31	0		complete:coe_census_brazil-2021.html
coe-bop-coecensusbrazil-2022	edition:coe:allianceforcoffeeexcellence_org_brazil_2022:2022	coe_bop	197	2026-08-28T01:53:00Z	PUBLIC_OFFICIAL_HTTP_GET	NO_RECORD_PAYLOAD	https://allianceforcoffeeexcellence.org/brazil-2022/	https://allianceforcoffeeexcellence.org/brazil-2022/	200	045f278f4a61c2004f73a1a80702fe5f75912cbd4ad526da132179ddebfd7468	430913	0	0	0		complete:coe_census_brazil-2022.html
coe-bop-coecensusbrazil-2023	edition:coe:allianceforcoffeeexcellence_org_brazil_2023:2023	coe_bop	198	2026-08-28T01:53:00Z	PUBLIC_OFFICIAL_HTTP_GET	NO_RECORD_PAYLOAD	https://allianceforcoffeeexcellence.org/brazil-2023/	https://allianceforcoffeeexcellence.org/brazil-2023/	200	3b72c2912a41f73301fb4f7fd1164ea011906e59b19b799a050a221807348780	412534	0	0	0		complete:coe_census_brazil-2023.html
coe-bop-coecensusbrazil-2024	edition:coe:allianceforcoffeeexcellence_org_brazil_2024:2024	coe_bop	199	2026-08-28T01:53:00Z	PUBLIC_OFFICIAL_HTTP_GET	COMPLETED	https://allianceforcoffeeexcellence.org/brazil-2024/	https://allianceforcoffeeexcellence.org/brazil-2024/	200	047009ad8a800210caed28bed579f7704322838009c46eddc7b2970d980d12c1	387605	11	11	0		complete:coe_census_brazil-2024.html
coe-bop-coecensusbrazil-2025	edition:coe:allianceforcoffeeexcellence_org_brazil_2025:2025	coe_bop	200	2026-08-28T01:53:00Z	PUBLIC_OFFICIAL_HTTP_GET	COMPLETED	https://allianceforcoffeeexcellence.org/brazil-2025/	https://allianceforcoffeeexcellence.org/brazil-2025/	200	3893dff68347ece1278b1954c351ae40a63f1f41f5d986a9e1d4779a71cf919a	394866	10	10	0		complete:coe_census_brazil-2025.html
coe-bop-coecensusbrazil-2026	edition:coe:allianceforcoffeeexcellence_org_brazil_2026:2026	coe_bop	201	2026-08-28T01:53:00Z	PUBLIC_OFFICIAL_HTTP_GET	NO_RECORD_PAYLOAD	https://allianceforcoffeeexcellence.org/brazil-2026/	https://allianceforcoffeeexcellence.org/brazil-2026/	200	545b8aa5b7b33d73e71efc7c12805446506a8e9efddc152df3405ff3f70f415f	363479	0	0	0		complete:coe_census_brazil-2026.html
coe-bop-coecensusbrazil-naturals-2012	edition:coe:allianceforcoffeeexcellence_org_brazil_naturals_2012:2012	coe_bop	202	2026-08-28T01:53:00Z	PUBLIC_OFFICIAL_HTTP_GET	COMPLETED	https://allianceforcoffeeexcellence.org/brazil-naturals-2012/	https://allianceforcoffeeexcellence.org/brazil-naturals-2012/	200	4d90c6cd01811a3b9d101a356e81e56f3e89dcb43952e8db3198ca5995f2e15c	315676	18	18	0		complete:coe_census_brazil-naturals-2012.html
coe-bop-coecensusbrazil-naturals-2013	edition:coe:allianceforcoffeeexcellence_org_brazil_naturals_2013:2013	coe_bop	203	2026-08-28T01:53:00Z	PUBLIC_OFFICIAL_HTTP_GET	COMPLETED	https://allianceforcoffeeexcellence.org/brazil-naturals-2013/	https://allianceforcoffeeexcellence.org/brazil-naturals-2013/	200	6d46f645ae6fd0e04d1f8a3f30ee6d1a28d80f6212d8b668fdbe9a52fcc9205e	337436	22	22	0		complete:coe_census_brazil-naturals-2013.html
coe-bop-coecensusbrazil-naturals-2014	edition:coe:allianceforcoffeeexcellence_org_brazil_naturals_2014:2014	coe_bop	204	2026-08-28T01:53:00Z	PUBLIC_OFFICIAL_HTTP_GET	COMPLETED	https://allianceforcoffeeexcellence.org/brazil-naturals-2014/	https://allianceforcoffeeexcellence.org/brazil-naturals-2014/	200	abec90c1c1bc1b0c938ddee08c51b61ad55a51c8be3d26987afec8a96f2ce065	341321	23	23	0		complete:coe_census_brazil-naturals-2014.html
coe-bop-coecensusbrazil-naturals-2015	edition:coe:allianceforcoffeeexcellence_org_brazil_naturals_2015:2015_december	coe_bop	205	2026-08-28T01:53:00Z	PUBLIC_OFFICIAL_HTTP_GET	COMPLETED	https://allianceforcoffeeexcellence.org/brazil-naturals-2015/	https://allianceforcoffeeexcellence.org/brazil-naturals-2015/	200	5cba88e42496bb7721f4dc309fbd010581128576e07eff954c0311ca2f2326d4	331032	32	32	0		complete:coe_census_brazil-naturals-2015.html
coe-bop-coecensusbrazil-naturals-2015-january	edition:coe:allianceforcoffeeexcellence_org_brazil_naturals_2015_january:2015_january	coe_bop	206	2026-08-28T01:53:00Z	PUBLIC_OFFICIAL_HTTP_GET	COMPLETED	https://allianceforcoffeeexcellence.org/brazil-naturals-2015-january/	https://allianceforcoffeeexcellence.org/brazil-naturals-2015-january/	200	d38e62cf036548d1617e8220897c8be946077c6af714bd71da855a9438bc2cd6	335530	23	23	0		complete:coe_census_brazil-naturals-2015-january.html
coe-bop-coecensusbrazil-naturals-2016	edition:coe:allianceforcoffeeexcellence_org_brazil_naturals_2016:2016	coe_bop	207	2026-08-28T01:53:00Z	PUBLIC_OFFICIAL_HTTP_GET	COMPLETED	https://allianceforcoffeeexcellence.org/brazil-naturals-2016/	https://allianceforcoffeeexcellence.org/brazil-naturals-2016/	200	6d672b33678869a53e3d32c49b210992e3c86939292ce610995ea0ee98d08bfb	323538	23	23	0		complete:coe_census_brazil-naturals-2016.html
coe-bop-coecensusbrazil-naturals-2017	edition:coe:allianceforcoffeeexcellence_org_brazil_naturals_2017:2017	coe_bop	208	2026-08-28T01:53:00Z	PUBLIC_OFFICIAL_HTTP_GET	COMPLETED	https://allianceforcoffeeexcellence.org/brazil-naturals-2017/	https://allianceforcoffeeexcellence.org/brazil-naturals-2017/	200	16f0d43724ff74410e4c41d86874ee5395647ca57ecdc46cf4a069dcc24cf030	335588	37	37	0		complete:coe_census_brazil-naturals-2017.html
coe-bop-coecensusbrazil-naturals-2018	edition:coe:allianceforcoffeeexcellence_org_brazil_naturals_2018:2018	coe_bop	209	2026-08-28T01:53:00Z	PUBLIC_OFFICIAL_HTTP_GET	COMPLETED	https://allianceforcoffeeexcellence.org/brazil-naturals-2018/	https://allianceforcoffeeexcellence.org/brazil-naturals-2018/	200	077c42cf2c2f686ecff79788e731a3fcb2ab9d20b2bbd528706a3ddfdc439bcf	506820	45	45	0		complete:coe_census_brazil-naturals-2018.html
coe-bop-coecensusbrazil-pulped-naturals-1999	edition:coe:allianceforcoffeeexcellence_org_brazil_pulped_naturals_1999:1999	coe_bop	210	2026-08-28T01:53:00Z	PUBLIC_OFFICIAL_HTTP_GET	COMPLETED	https://allianceforcoffeeexcellence.org/brazil-pulped-naturals-1999/	https://allianceforcoffeeexcellence.org/brazil-pulped-naturals-1999/	200	5d103b4a38f78bd34950debaff61c8b015444a40f956e160ee10a36d8cd1fe49	305696	10	10	0		complete:coe_census_brazil-pulped-naturals-1999.html
coe-bop-coecensusbrazil-pulped-naturals-2000	edition:coe:allianceforcoffeeexcellence_org_brazil_pulped_naturals_2000:2000	coe_bop	211	2026-08-28T01:53:00Z	PUBLIC_OFFICIAL_HTTP_GET	COMPLETED	https://allianceforcoffeeexcellence.org/brazil-pulped-naturals-2000/	https://allianceforcoffeeexcellence.org/brazil-pulped-naturals-2000/	200	0c1ec350b598bcb07fc2b11017bfe7186c962f5c277a82739fa3a465533fe90e	314074	18	18	0		complete:coe_census_brazil-pulped-naturals-2000.html
coe-bop-coecensusbrazil-pulped-naturals-2001	edition:coe:allianceforcoffeeexcellence_org_brazil_pulped_naturals_2001:2001	coe_bop	212	2026-08-28T01:53:00Z	PUBLIC_OFFICIAL_HTTP_GET	COMPLETED	https://allianceforcoffeeexcellence.org/brazil-pulped-naturals-2001/	https://allianceforcoffeeexcellence.org/brazil-pulped-naturals-2001/	200	12f7246bcba867a32d2d644ffafa6e369ccb3f8ab87221a16a7f373cb4352377	314234	18	18	0		complete:coe_census_brazil-pulped-naturals-2001.html
coe-bop-coecensusbrazil-pulped-naturals-2002	edition:coe:allianceforcoffeeexcellence_org_brazil_pulped_naturals_2002:2002	coe_bop	213	2026-08-28T01:53:00Z	PUBLIC_OFFICIAL_HTTP_GET	COMPLETED	https://allianceforcoffeeexcellence.org/brazil-pulped-naturals-2002/	https://allianceforcoffeeexcellence.org/brazil-pulped-naturals-2002/	200	fdb19916d6d3331c3fb285efa6a7c78f3e14a9df7792f218221a40ba91b183d2	326700	28	28	0		complete:coe_census_brazil-pulped-naturals-2002.html
coe-bop-coecensusbrazil-pulped-naturals-2003	edition:coe:allianceforcoffeeexcellence_org_brazil_pulped_naturals_2003:2003	coe_bop	214	2026-08-28T01:53:00Z	PUBLIC_OFFICIAL_HTTP_GET	COMPLETED	https://allianceforcoffeeexcellence.org/brazil-pulped-naturals-2003/	https://allianceforcoffeeexcellence.org/brazil-pulped-naturals-2003/	200	0a4865053930d1b59acf41651fb948ffe2192ed8876671f0dbedb0f61352bccd	343142	43	43	0		complete:coe_census_brazil-pulped-naturals-2003.html
coe-bop-coecensusbrazil-pulped-naturals-2004	edition:coe:allianceforcoffeeexcellence_org_brazil_pulped_naturals_2004:2004	coe_bop	215	2026-08-28T01:53:00Z	PUBLIC_OFFICIAL_HTTP_GET	COMPLETED	https://allianceforcoffeeexcellence.org/brazil-pulped-naturals-2004/	https://allianceforcoffeeexcellence.org/brazil-pulped-naturals-2004/	200	f8f2f9998cf0a6c5ae569f08d483d4563b09c5f1a9a8f0fef5bf681f750336d3	335555	36	36	0		complete:coe_census_brazil-pulped-naturals-2004.html
coe-bop-coecensusbrazil-pulped-naturals-2005	edition:coe:allianceforcoffeeexcellence_org_brazil_pulped_naturals_2005:2005	coe_bop	216	2026-08-28T01:53:00Z	PUBLIC_OFFICIAL_HTTP_GET	COMPLETED	https://allianceforcoffeeexcellence.org/brazil-pulped-naturals-2005/	https://allianceforcoffeeexcellence.org/brazil-pulped-naturals-2005/	200	cd0e55d686eaac00ca9d1fa2cf546f3dd4be5c8e4af5cb123fdf3f1c64b696e6	335541	36	36	0		complete:coe_census_brazil-pulped-naturals-2005.html
coe-bop-coecensusbrazil-pulped-naturals-2006	edition:coe:allianceforcoffeeexcellence_org_brazil_pulped_naturals_2006:2006	coe_bop	217	2026-08-28T01:53:00Z	PUBLIC_OFFICIAL_HTTP_GET	COMPLETED	https://allianceforcoffeeexcellence.org/brazil-pulped-naturals-2006/	https://allianceforcoffeeexcellence.org/brazil-pulped-naturals-2006/	200	af5eee8a671bc5158073acc53a3295a2e9f196a4ebf45213f9182da832a09651	327205	28	28	0		complete:coe_census_brazil-pulped-naturals-2006.html
coe-bop-coecensusbrazil-pulped-naturals-2008	edition:coe:allianceforcoffeeexcellence_org_brazil_pulped_naturals_2008:2008	coe_bop	218	2026-08-28T01:53:00Z	PUBLIC_OFFICIAL_HTTP_GET	COMPLETED	https://allianceforcoffeeexcellence.org/brazil-pulped-naturals-2008/	https://allianceforcoffeeexcellence.org/brazil-pulped-naturals-2008/	200	c676e9ab6bc7f0c7f15e541f6ed9d91d75b9902fc7155d0edc555bdf048b67dd	320826	23	23	0		complete:coe_census_brazil-pulped-naturals-2008.html
coe-bop-coecensusbrazil-pulped-naturals-2009	edition:coe:allianceforcoffeeexcellence_org_brazil_pulped_naturals_2009:2009	coe_bop	219	2026-08-28T01:53:00Z	PUBLIC_OFFICIAL_HTTP_GET	COMPLETED	https://allianceforcoffeeexcellence.org/brazil-pulped-naturals-2009/	https://allianceforcoffeeexcellence.org/brazil-pulped-naturals-2009/	200	cf566239bcb7ca238255856624a3fbacdece2f04aeb5427575a0804507ff2ed0	325061	26	26	0		complete:coe_census_brazil-pulped-naturals-2009.html
coe-bop-coecensusbrazil-pulped-naturals-2011	edition:coe:allianceforcoffeeexcellence_org_brazil_pulped_naturals_2011:2011	coe_bop	220	2026-08-28T01:53:00Z	PUBLIC_OFFICIAL_HTTP_GET	COMPLETED	https://allianceforcoffeeexcellence.org/brazil-pulped-naturals-2011/	https://allianceforcoffeeexcellence.org/brazil-pulped-naturals-2011/	200	6723b88acb9bdd25186825b6a488996b07db5bc38db14334f93c0b52b1b1f91f	329913	31	31	0		complete:coe_census_brazil-pulped-naturals-2011.html
coe-bop-coecensusbrazil-pulped-naturals-2012	edition:coe:allianceforcoffeeexcellence_org_brazil_pulped_naturals_2012:2012	coe_bop	221	2026-08-28T01:53:00Z	PUBLIC_OFFICIAL_HTTP_GET	COMPLETED	https://allianceforcoffeeexcellence.org/brazil-pulped-naturals-2012/	https://allianceforcoffeeexcellence.org/brazil-pulped-naturals-2012/	200	4a5820576b102727a83d9087245353a5373c9ebbb4dff0847920f91cd0d80337	322280	24	24	0		complete:coe_census_brazil-pulped-naturals-2012.html
coe-bop-coecensusbrazil-pulped-naturals-2013	edition:coe:allianceforcoffeeexcellence_org_brazil_pulped_naturals_2013:2013	coe_bop	222	2026-08-28T01:53:00Z	PUBLIC_OFFICIAL_HTTP_GET	COMPLETED	https://allianceforcoffeeexcellence.org/brazil-pulped-naturals-2013/	https://allianceforcoffeeexcellence.org/brazil-pulped-naturals-2013/	200	4d3808da7b39afc5be5e1eaf08506184b5af7ef1842985cc7000dd4e99725ac9	332918	32	32	0		complete:coe_census_brazil-pulped-naturals-2013.html
coe-bop-coecensusbrazil-pulped-naturals-2014	edition:coe:allianceforcoffeeexcellence_org_brazil_pulped_naturals_2014:2014	coe_bop	223	2026-08-28T01:53:00Z	PUBLIC_OFFICIAL_HTTP_GET	COMPLETED	https://allianceforcoffeeexcellence.org/brazil-pulped-naturals-2014/	https://allianceforcoffeeexcellence.org/brazil-pulped-naturals-2014/	200	ac9e492e466bc74cf8c7b8f1a791bcb1a051ef39ab3daa35447554b75d00b330	319569	21	21	0		complete:coe_census_brazil-pulped-naturals-2014.html
coe-bop-coecensusbrazil-pulped-naturals-2015	edition:coe:allianceforcoffeeexcellence_org_brazil_pulped_naturals_2015:2015	coe_bop	224	2026-08-28T01:53:00Z	PUBLIC_OFFICIAL_HTTP_GET	COMPLETED	https://allianceforcoffeeexcellence.org/brazil-pulped-naturals-2015/	https://allianceforcoffeeexcellence.org/brazil-pulped-naturals-2015/	200	fb05fee311c4293aa581cd4e445c7fa60aa3acc17f594d48c15a5fdce50b95ba	322667	22	22	0		complete:coe_census_brazil-pulped-naturals-2015.html
coe-bop-coecensusbrazil-pulped-naturals-2016	edition:coe:allianceforcoffeeexcellence_org_brazil_pulped_naturals_2016:2016	coe_bop	225	2026-08-28T01:53:00Z	PUBLIC_OFFICIAL_HTTP_GET	COMPLETED	https://allianceforcoffeeexcellence.org/brazil-pulped-naturals-2016/	https://allianceforcoffeeexcellence.org/brazil-pulped-naturals-2016/	200	1b1da9009396012eaed70fdda96595058cf2a43631eeb229ae3ab18c2b0e12c5	326910	26	26	0		complete:coe_census_brazil-pulped-naturals-2016.html
coe-bop-coecensusbrazil-pulped-naturals-2017	edition:coe:allianceforcoffeeexcellence_org_brazil_pulped_naturals_2017:2017	coe_bop	226	2026-08-28T01:53:00Z	PUBLIC_OFFICIAL_HTTP_GET	COMPLETED	https://allianceforcoffeeexcellence.org/brazil-pulped-naturals-2017/	https://allianceforcoffeeexcellence.org/brazil-pulped-naturals-2017/	200	ccb574702742cf7c87828976cae76ab7aa1512512ebce91ed26e2832f26b081d	331123	28	28	0		complete:coe_census_brazil-pulped-naturals-2017.html
coe-bop-coecensusbrazil-pulped-naturals-2018	edition:coe:allianceforcoffeeexcellence_org_brazil_pulped_naturals_2018:2018	coe_bop	227	2026-08-28T01:53:00Z	PUBLIC_OFFICIAL_HTTP_GET	COMPLETED	https://allianceforcoffeeexcellence.org/brazil-pulped-naturals-2018/	https://allianceforcoffeeexcellence.org/brazil-pulped-naturals-2018/	200	5e15790b23b9e025877add6ad7413060fcbc8ecf5c7373799786f2891e9a6bcf	464260	35	35	0		complete:coe_census_brazil-pulped-naturals-2018.html
coe-bop-coecensusburundi-2012	edition:coe:allianceforcoffeeexcellence_org_burundi_2012:2012	coe_bop	228	2026-08-28T01:53:00Z	PUBLIC_OFFICIAL_HTTP_GET	COMPLETED	https://allianceforcoffeeexcellence.org/burundi-2012/	https://allianceforcoffeeexcellence.org/burundi-2012/	200	91b0fdf9f7deb462598f73859676d9226e09ad6ee4a8ea7dadfc5bc9b47f4321	315041	17	17	0		complete:coe_census_burundi-2012.html
coe-bop-coecensusburundi-2013	edition:coe:allianceforcoffeeexcellence_org_burundi_2013:2013	coe_bop	229	2026-08-28T01:53:00Z	PUBLIC_OFFICIAL_HTTP_GET	COMPLETED	https://allianceforcoffeeexcellence.org/burundi-2013/	https://allianceforcoffeeexcellence.org/burundi-2013/	200	b634b9a909205b18efc8aa23174b9b19e55769ec0198fa5cc7f29149990e202c	310704	14	14	0		complete:coe_census_burundi-2013.html
coe-bop-coecensusburundi-2014	edition:coe:allianceforcoffeeexcellence_org_burundi_2014:2014	coe_bop	230	2026-08-28T01:53:00Z	PUBLIC_OFFICIAL_HTTP_GET	COMPLETED	https://allianceforcoffeeexcellence.org/burundi-2014/	https://allianceforcoffeeexcellence.org/burundi-2014/	200	a868c5a9543739455c9e9210bd3a7f6d20890207154dee2d6b96e4ec2be1404b	326054	27	27	0		complete:coe_census_burundi-2014.html
coe-bop-coecensusburundi-2015	edition:coe:allianceforcoffeeexcellence_org_burundi_2015:2015	coe_bop	231	2026-08-28T01:53:00Z	PUBLIC_OFFICIAL_HTTP_GET	COMPLETED	https://allianceforcoffeeexcellence.org/burundi-2015/	https://allianceforcoffeeexcellence.org/burundi-2015/	200	2ac43778ceef8d773dd8a8d4cb4aef0e994feb5cb78e9f816a698a58729e5941	327183	27	27	0		complete:coe_census_burundi-2015.html
coe-bop-coecensusburundi-2017	edition:coe:allianceforcoffeeexcellence_org_burundi_2017:2017	coe_bop	232	2026-08-28T01:53:00Z	PUBLIC_OFFICIAL_HTTP_GET	COMPLETED	https://allianceforcoffeeexcellence.org/burundi-2017/	https://allianceforcoffeeexcellence.org/burundi-2017/	200	570bd1c71d306c759ba7d340cbc3cf8a24d3745edfadfdc18d77cb3367f13d5d	327381	25	25	0		complete:coe_census_burundi-2017.html
coe-bop-coecensusburundi-2018	edition:coe:allianceforcoffeeexcellence_org_burundi_2018:2018	coe_bop	233	2026-08-28T01:53:00Z	PUBLIC_OFFICIAL_HTTP_GET	COMPLETED	https://allianceforcoffeeexcellence.org/burundi-2018/	https://allianceforcoffeeexcellence.org/burundi-2018/	200	ce1277dba1105eb2725cb998da3f4425c1e85f4a381331379cbd6bb04b6dcb40	452063	36	36	0		complete:coe_census_burundi-2018.html
coe-bop-coecensusburundi-2019	edition:coe:allianceforcoffeeexcellence_org_burundi_2019:2019	coe_bop	234	2026-08-28T01:53:00Z	PUBLIC_OFFICIAL_HTTP_GET	COMPLETED	https://allianceforcoffeeexcellence.org/burundi-2019/	https://allianceforcoffeeexcellence.org/burundi-2019/	200	06628003a0b3c0b5ca6d570e72bc75de7eb3fb2ef831ee3f55e92d93c16dc1ef	398125	24	24	0		complete:coe_census_burundi-2019.html
coe-bop-coecensuscoe-program-root	edition:coe_taiwan_2026	coe_bop	235	2026-08-28T01:54:39Z	PUBLIC_OFFICIAL_HTTP_GET	NO_RECORD_PAYLOAD	https://cupofexcellence.org/	https://cupofexcellence.org/	200	13a218edbde0d9d0c793398165c38b1961b52f077b4279654da3897893fa497a	6995404	0	0	0		complete:coe_census_coe-program-root.html
coe-bop-coecensuscolombia-2017	edition:coe:allianceforcoffeeexcellence_org_colombia_2017:2017	coe_bop	236	2026-08-28T01:53:00Z	PUBLIC_OFFICIAL_HTTP_GET	COMPLETED	https://allianceforcoffeeexcellence.org/colombia-2017/	https://allianceforcoffeeexcellence.org/colombia-2017/	200	f5f10c4c8966dfeb8ff620d24779040e7d8ba3cf7e5e8e4084dd3c66d4bb0901	334077	36	36	0		complete:coe_census_colombia-2017.html
coe-bop-coecensuscolombia-2018	edition:coe:allianceforcoffeeexcellence_org_colombia_2018:2018	coe_bop	237	2026-08-28T01:53:00Z	PUBLIC_OFFICIAL_HTTP_GET	COMPLETED	https://allianceforcoffeeexcellence.org/colombia-2018/	https://allianceforcoffeeexcellence.org/colombia-2018/	200	0ed270b3f4000b8deaeeca52542f87c6855372ec685529fb2a5ba5c547e06461	396094	36	36	0		complete:coe_census_colombia-2018.html
coe-bop-coecensuscolombia-2020	edition:coe:allianceforcoffeeexcellence_org_colombia_2020:2020	coe_bop	238	2026-08-28T01:53:00Z	PUBLIC_OFFICIAL_HTTP_GET	COMPLETED	https://allianceforcoffeeexcellence.org/colombia-2020/	https://allianceforcoffeeexcellence.org/colombia-2020/	200	033977b20bc27bc4e835d807af9964b7c01aaa76b6c237f5b72bbd7a928a3828	344862	25	25	0		complete:coe_census_colombia-2020.html
coe-bop-coecensuscolombia-2021	edition:coe:allianceforcoffeeexcellence_org_colombia_2021:2021	coe_bop	239	2026-08-28T01:53:00Z	PUBLIC_OFFICIAL_HTTP_GET	COMPLETED	https://allianceforcoffeeexcellence.org/colombia-2021/	https://allianceforcoffeeexcellence.org/colombia-2021/	200	1dcd1db295d95950804f2ea9e33be1085f7946d02d067507266a544a8c0372d1	395252	25	25	0		complete:coe_census_colombia-2021.html
coe-bop-coecensuscolombia-2022	edition:coe:allianceforcoffeeexcellence_org_colombia_2022:2022	coe_bop	240	2026-08-28T01:53:00Z	PUBLIC_OFFICIAL_HTTP_GET	COMPLETED	https://allianceforcoffeeexcellence.org/colombia-2022/	https://allianceforcoffeeexcellence.org/colombia-2022/	200	cd9dd68baf3fabae7d75dd4a52fc9ddfc9f1be9b3f7f077bed1ca34a8fc9a144	385951	24	24	0		complete:coe_census_colombia-2022.html
coe-bop-coecensuscolombia-2023	edition:coe:allianceforcoffeeexcellence_org_colombia_2023:2023	coe_bop	241	2026-08-28T01:53:00Z	PUBLIC_OFFICIAL_HTTP_GET	COMPLETED	https://allianceforcoffeeexcellence.org/colombia-2023/	https://allianceforcoffeeexcellence.org/colombia-2023/	200	8bb19d4f1b8de5663b09432854e391dfc692f6c17cdc8c97ef623fb5a1eb5382	374658	31	31	0		complete:coe_census_colombia-2023.html
coe-bop-coecensuscolombia-north-2005	edition:coe:allianceforcoffeeexcellence_org_colombia_north_2005:2005_north	coe_bop	242	2026-08-28T01:53:00Z	PUBLIC_OFFICIAL_HTTP_GET	COMPLETED	https://allianceforcoffeeexcellence.org/colombia-north-2005/	https://allianceforcoffeeexcellence.org/colombia-north-2005/	200	04bdb59996793a2b887f80a017d4a974b483abb92ddb4989f16156248f5a6fbb	322502	25	25	0		complete:coe_census_colombia-north-2005.html
coe-bop-coecensuscolombia-north-2006	edition:coe:allianceforcoffeeexcellence_org_colombia_north_2006:2006_north	coe_bop	243	2026-08-28T01:53:00Z	PUBLIC_OFFICIAL_HTTP_GET	COMPLETED	https://allianceforcoffeeexcellence.org/colombia-north-2006/	https://allianceforcoffeeexcellence.org/colombia-north-2006/	200	0c3ede506fde4b39efe245c785c06547e05a4a9f935d59351728ea2db7685c5a	319956	23	23	0		complete:coe_census_colombia-north-2006.html
coe-bop-coecensuscolombia-north-2007	edition:coe:allianceforcoffeeexcellence_org_colombia_north_2007:2007_north	coe_bop	244	2026-08-28T01:53:00Z	PUBLIC_OFFICIAL_HTTP_GET	COMPLETED	https://allianceforcoffeeexcellence.org/colombia-north-2007/	https://allianceforcoffeeexcellence.org/colombia-north-2007/	200	8dd9dd3449c1ab7c86ddd85c81a0cc551586e31663f388059d88cd3cd1940658	281324	30	30	0		complete:coe_census_colombia-north-2007.html
coe-bop-coecensuscolombia-north-2009	edition:coe:allianceforcoffeeexcellence_org_colombia_north_2009:2009_north	coe_bop	245	2026-08-28T01:53:00Z	PUBLIC_OFFICIAL_HTTP_GET	COMPLETED	https://allianceforcoffeeexcellence.org/colombia-north-2009/	https://allianceforcoffeeexcellence.org/colombia-north-2009/	200	ea20ebdac2b276ca61fd67426fea6139c6151ca82f942afff7624c1ff3b81ba5	324704	27	27	0		complete:coe_census_colombia-north-2009.html
coe-bop-coecensuscolombia-north-2011	edition:coe:allianceforcoffeeexcellence_org_colombia_north_2011:2011_north	coe_bop	246	2026-08-28T01:53:00Z	PUBLIC_OFFICIAL_HTTP_GET	COMPLETED	https://allianceforcoffeeexcellence.org/colombia-north-2011/	https://allianceforcoffeeexcellence.org/colombia-north-2011/	200	c4a7efaa7b1127494f89c8006d49f4939d14af234a2ffb02ba73d5712315114f	319815	22	22	0		complete:coe_census_colombia-north-2011.html
coe-bop-coecensuscolombia-north-2013	edition:coe:allianceforcoffeeexcellence_org_colombia_north_2013:2013_north	coe_bop	247	2026-08-28T01:53:00Z	PUBLIC_OFFICIAL_HTTP_GET	COMPLETED	https://allianceforcoffeeexcellence.org/colombia-north-2013/	https://allianceforcoffeeexcellence.org/colombia-north-2013/	200	850a62df4496c8397b062cdd4a282f95f8ed595ae03472b30f5fee87cd5a58be	317272	20	20	0		complete:coe_census_colombia-north-2013.html
coe-bop-coecensuscolombia-north-2015	edition:coe:allianceforcoffeeexcellence_org_colombia_north_2015:2015_north	coe_bop	248	2026-08-28T01:53:00Z	PUBLIC_OFFICIAL_HTTP_GET	COMPLETED	https://allianceforcoffeeexcellence.org/colombia-north-2015/	https://allianceforcoffeeexcellence.org/colombia-north-2015/	200	59d20c28ae2f42465b8fe007a44da4136f61bfca8d1708ab9af20378a727dfa5	331742	31	31	0		complete:coe_census_colombia-north-2015.html
coe-bop-coecensuscolombia-north-2019	edition:coe:allianceforcoffeeexcellence_org_colombia_north_2019:2019_north	coe_bop	249	2026-08-28T01:53:00Z	PUBLIC_OFFICIAL_HTTP_GET	COMPLETED	https://allianceforcoffeeexcellence.org/colombia-north-2019/	https://allianceforcoffeeexcellence.org/colombia-north-2019/	200	2b0edc489689ec60f214f92c6c9189f4cdd662275c2bd162d0ae856cbd38c6f9	416241	34	34	0		complete:coe_census_colombia-north-2019.html
coe-bop-coecensuscolombia-south-2005	edition:coe:allianceforcoffeeexcellence_org_colombia_south_2005:2005_south	coe_bop	250	2026-08-28T01:53:00Z	PUBLIC_OFFICIAL_HTTP_GET	COMPLETED	https://allianceforcoffeeexcellence.org/colombia-south-2005/	https://allianceforcoffeeexcellence.org/colombia-south-2005/	200	830ca67f899a2debaf809a9d013cbac3b99056abe98f04493ef9ad3aae41c294	331334	33	33	0		complete:coe_census_colombia-south-2005.html
coe-bop-coecensuscolombia-south-2006	edition:coe:allianceforcoffeeexcellence_org_colombia_south_2006:2006_south	coe_bop	251	2026-08-28T01:53:00Z	PUBLIC_OFFICIAL_HTTP_GET	COMPLETED	https://allianceforcoffeeexcellence.org/colombia-south-2006/	https://allianceforcoffeeexcellence.org/colombia-south-2006/	200	7a8e972e283d7e7a3438d8270281ffe38c852d3b7821865c312ee87dc228aff4	327920	30	30	0		complete:coe_census_colombia-south-2006.html
coe-bop-coecensuscolombia-south-2008	edition:coe:allianceforcoffeeexcellence_org_colombia_south_2008:2008_south	coe_bop	252	2026-08-28T01:53:00Z	PUBLIC_OFFICIAL_HTTP_GET	COMPLETED	https://allianceforcoffeeexcellence.org/colombia-south-2008/	https://allianceforcoffeeexcellence.org/colombia-south-2008/	200	1d3e15866a52110466d6b2e655e8f704014ba2455c3f7897d9e8542301d08f4b	315293	18	18	0		complete:coe_census_colombia-south-2008.html
coe-bop-coecensuscolombia-south-2010	edition:coe:allianceforcoffeeexcellence_org_colombia_south_2010:2010_south	coe_bop	253	2026-08-28T01:53:00Z	PUBLIC_OFFICIAL_HTTP_GET	COMPLETED	https://allianceforcoffeeexcellence.org/colombia-south-2010/	https://allianceforcoffeeexcellence.org/colombia-south-2010/	200	ff8da7f8dd4a31591b0205b4cca5b3448a8a7c82684e7a0316727c227afd02ae	318765	21	21	0		complete:coe_census_colombia-south-2010.html
coe-bop-coecensuscolombia-south-2012	edition:coe:allianceforcoffeeexcellence_org_colombia_south_2012:2012_south	coe_bop	254	2026-08-28T01:53:00Z	PUBLIC_OFFICIAL_HTTP_GET	COMPLETED	https://allianceforcoffeeexcellence.org/colombia-south-2012/	https://allianceforcoffeeexcellence.org/colombia-south-2012/	200	32575d925d70450b5bdfb1cc731f014f60b4fb5306f828ed92cd3b9c876d8742	328323	30	30	0		complete:coe_census_colombia-south-2012.html
coe-bop-coecensuscolombia-south-2014	edition:coe:allianceforcoffeeexcellence_org_colombia_south_2014:2014_south	coe_bop	255	2026-08-28T01:53:00Z	PUBLIC_OFFICIAL_HTTP_GET	COMPLETED	https://allianceforcoffeeexcellence.org/colombia-south-2014/	https://allianceforcoffeeexcellence.org/colombia-south-2014/	200	e4f0ec3faa4556f4cb1b9ffa9be1019a0057e181ac19a658913fe55a4c393168	335183	34	34	0		complete:coe_census_colombia-south-2014.html
coe-bop-coecensuscosta-rica-2007	edition:coe:allianceforcoffeeexcellence_org_costa_rica_2007:2007	coe_bop	256	2026-08-28T01:53:00Z	PUBLIC_OFFICIAL_HTTP_GET	COMPLETED	https://allianceforcoffeeexcellence.org/costa-rica-2007/	https://allianceforcoffeeexcellence.org/costa-rica-2007/	200	5de171246a2780f3dc4b3826f43fe68e91f98e368b55f55a35ed21f9d8f35abc	322839	25	25	0		complete:coe_census_costa-rica-2007.html
coe-bop-coecensuscosta-rica-2008	edition:coe:allianceforcoffeeexcellence_org_costa_rica_2008:2008	coe_bop	257	2026-08-28T01:53:00Z	PUBLIC_OFFICIAL_HTTP_GET	COMPLETED	https://allianceforcoffeeexcellence.org/costa-rica-2008/	https://allianceforcoffeeexcellence.org/costa-rica-2008/	200	6830edd92456aafe5d3d0294d20c63685d0e0fffedc6ff0d445e7864b97e6e74	327586	30	30	0		complete:coe_census_costa-rica-2008.html
coe-bop-coecensuscosta-rica-2009	edition:coe:allianceforcoffeeexcellence_org_costa_rica_2009:2009	coe_bop	258	2026-08-28T01:53:00Z	PUBLIC_OFFICIAL_HTTP_GET	COMPLETED	https://allianceforcoffeeexcellence.org/costa-rica-2009/	https://allianceforcoffeeexcellence.org/costa-rica-2009/	200	0dabea7971b48928f168760b8d06fc02cae0ce95ff3b9652a731cf0fdabede08	321615	24	24	0		complete:coe_census_costa-rica-2009.html
coe-bop-coecensuscosta-rica-2011	edition:coe:allianceforcoffeeexcellence_org_costa_rica_2011:2011	coe_bop	259	2026-08-28T01:53:00Z	PUBLIC_OFFICIAL_HTTP_GET	COMPLETED	https://allianceforcoffeeexcellence.org/costa-rica-2011/	https://allianceforcoffeeexcellence.org/costa-rica-2011/	200	50de54417aabc95c82db2220e0e67d4f629e9cbb4f35f1e26388ef3487882a57	329224	31	31	0		complete:coe_census_costa-rica-2011.html
coe-bop-coecensuscosta-rica-2012	edition:coe:allianceforcoffeeexcellence_org_costa_rica_2012:2012	coe_bop	260	2026-08-28T01:53:00Z	PUBLIC_OFFICIAL_HTTP_GET	COMPLETED	https://allianceforcoffeeexcellence.org/costa-rica-2012/	https://allianceforcoffeeexcellence.org/costa-rica-2012/	200	dcfc3d9cb253858ecf96180158dd6cb11bfe6642f22d97e6421800914282ad9f	325042	27	27	0		complete:coe_census_costa-rica-2012.html
coe-bop-coecensuscosta-rica-2013	edition:coe:allianceforcoffeeexcellence_org_costa_rica_2013:2013	coe_bop	261	2026-08-28T01:53:00Z	PUBLIC_OFFICIAL_HTTP_GET	COMPLETED	https://allianceforcoffeeexcellence.org/costa-rica-2013/	https://allianceforcoffeeexcellence.org/costa-rica-2013/	200	ae05ce27bfc5145fa352c420f053730800fdbcdbd7c2c9369b4b155fd083da64	320091	22	22	0		complete:coe_census_costa-rica-2013.html
coe-bop-coecensuscosta-rica-2014	edition:coe:allianceforcoffeeexcellence_org_costa_rica_2014:2014	coe_bop	262	2026-08-28T01:53:00Z	PUBLIC_OFFICIAL_HTTP_GET	COMPLETED	https://allianceforcoffeeexcellence.org/costa-rica-2014/	https://allianceforcoffeeexcellence.org/costa-rica-2014/	200	346a9488bcf5e969028f005289f4b73f2f94b85b7eeebef7e14ad8bf9da0ff98	325824	25	25	0		complete:coe_census_costa-rica-2014.html
coe-bop-coecensuscosta-rica-2015	edition:coe:allianceforcoffeeexcellence_org_costa_rica_2015:2015	coe_bop	263	2026-08-28T01:53:00Z	PUBLIC_OFFICIAL_HTTP_GET	COMPLETED	https://allianceforcoffeeexcellence.org/costa-rica-2015/	https://allianceforcoffeeexcellence.org/costa-rica-2015/	200	f22ccd6e7d73806fabfba31c846fa0db8464f71cfd1b21a68d6a18f828882f8a	288518	35	35	0		complete:coe_census_costa-rica-2015.html
coe-bop-coecensuscosta-rica-2016	edition:coe:allianceforcoffeeexcellence_org_costa_rica_2016:2016	coe_bop	264	2026-08-28T01:53:00Z	PUBLIC_OFFICIAL_HTTP_GET	COMPLETED	https://allianceforcoffeeexcellence.org/costa-rica-2016/	https://allianceforcoffeeexcellence.org/costa-rica-2016/	200	227644e5bba7d34de42e22f68299b8ceee218393439e0d800df1e3bd17a88260	279369	26	26	0		complete:coe_census_costa-rica-2016.html
coe-bop-coecensuscosta-rica-2018	edition:coe:allianceforcoffeeexcellence_org_costa_rica_2018:2018	coe_bop	265	2026-08-28T01:53:00Z	PUBLIC_OFFICIAL_HTTP_GET	COMPLETED	https://allianceforcoffeeexcellence.org/costa-rica-2018/	https://allianceforcoffeeexcellence.org/costa-rica-2018/	200	0dd9e0b85bb43ab2fb27c1664b0fe34e810cc7078f4bcb60992c280e74a67088	423100	42	42	0		complete:coe_census_costa-rica-2018.html
coe-bop-coecensuscosta-rica-2019	edition:coe:allianceforcoffeeexcellence_org_costa_rica_2019:2019	coe_bop	266	2026-08-28T01:53:00Z	PUBLIC_OFFICIAL_HTTP_GET	COMPLETED	https://allianceforcoffeeexcellence.org/costa-rica-2019/	https://allianceforcoffeeexcellence.org/costa-rica-2019/	200	31d305ecccb9c51051eb5d7a38a1d6ba1c0d6e093c6f8e878e61c1bb5b7aba02	422696	31	31	0		complete:coe_census_costa-rica-2019.html
coe-bop-coecensuscosta-rica-2020	edition:coe:allianceforcoffeeexcellence_org_costa_rica_2020:2020	coe_bop	267	2026-08-28T01:53:00Z	PUBLIC_OFFICIAL_HTTP_GET	COMPLETED	https://allianceforcoffeeexcellence.org/costa-rica-2020/	https://allianceforcoffeeexcellence.org/costa-rica-2020/	200	f922d3b05b1a22d222ba35cee69f8ce371669077d00548cadf643d892c9b5000	363997	28	28	0		complete:coe_census_costa-rica-2020.html
coe-bop-coecensuscosta-rica-2021	edition:coe:allianceforcoffeeexcellence_org_costa_rica_2021:2021	coe_bop	268	2026-08-28T01:53:00Z	PUBLIC_OFFICIAL_HTTP_GET	COMPLETED	https://allianceforcoffeeexcellence.org/costa-rica-2021/	https://allianceforcoffeeexcellence.org/costa-rica-2021/	200	e3a20c2b075b79c902a5bf98d991c3f782bafc8d36276d109b4863772ff9e66e	417030	33	33	0		complete:coe_census_costa-rica-2021.html
coe-bop-coecensuscosta-rica-2022	edition:coe:allianceforcoffeeexcellence_org_costa_rica_2022:2022	coe_bop	269	2026-08-28T01:53:00Z	PUBLIC_OFFICIAL_HTTP_GET	COMPLETED	https://allianceforcoffeeexcellence.org/costa-rica-2022/	https://allianceforcoffeeexcellence.org/costa-rica-2022/	200	2af4adb3ba538c9f43b9dee29e1f07b0802c42d326ae277f237b1a2a596ee6f1	441066	25	25	0		complete:coe_census_costa-rica-2022.html
coe-bop-coecensuscosta-rica-2023	edition:coe:allianceforcoffeeexcellence_org_costa_rica_2023:2023	coe_bop	270	2026-08-28T01:53:00Z	PUBLIC_OFFICIAL_HTTP_GET	COMPLETED	https://allianceforcoffeeexcellence.org/costa-rica-2023/	https://allianceforcoffeeexcellence.org/costa-rica-2023/	200	4acd8fca2844069622521c0f7f27976cbb3d6b35ea6d337c640f29bfb8ae05f7	451775	33	33	0		complete:coe_census_costa-rica-2023.html
coe-bop-coecensuscosta-rica-2024	edition:coe:allianceforcoffeeexcellence_org_costa_rica_2024:2024	coe_bop	271	2026-08-28T01:53:00Z	PUBLIC_OFFICIAL_HTTP_GET	COMPLETED	https://allianceforcoffeeexcellence.org/costa-rica-2024/	https://allianceforcoffeeexcellence.org/costa-rica-2024/	200	38548cb7ecc02753f42f164bbaf0c8a342627c65f75e5630d1beb994d2ea5e72	405732	9	9	0		complete:coe_census_costa-rica-2024.html
coe-bop-coecensuscosta-rica-2025	edition:coe:allianceforcoffeeexcellence_org_costa_rica_2025:2025	coe_bop	272	2026-08-28T01:53:00Z	PUBLIC_OFFICIAL_HTTP_GET	COMPLETED	https://allianceforcoffeeexcellence.org/costa-rica-2025/	https://allianceforcoffeeexcellence.org/costa-rica-2025/	200	599da84c7a2009f1500036839a11476eb809c6fe2f63c6598cb038cebbcb762a	408234	11	11	0		complete:coe_census_costa-rica-2025.html
coe-bop-coecensuscosta-rica-2026	edition:coe:allianceforcoffeeexcellence_org_costa_rica_2026:2026	coe_bop	273	2026-08-28T01:53:00Z	PUBLIC_OFFICIAL_HTTP_GET	COMPLETED	https://allianceforcoffeeexcellence.org/costa-rica-2026/	https://allianceforcoffeeexcellence.org/costa-rica-2026/	200	9295106e136c49013b4c1157c15e3f1f6b27131c923da9e461d418c72bfa1cf7	437808	9	9	0		complete:coe_census_costa-rica-2026.html
coe-bop-coecensuscosta-rica-coe-2017	edition:coe:allianceforcoffeeexcellence_org_costa_rica_coe_2017:2017	coe_bop	274	2026-08-28T01:53:00Z	PUBLIC_OFFICIAL_HTTP_GET	COMPLETED	https://allianceforcoffeeexcellence.org/costa-rica-coe-2017/	https://allianceforcoffeeexcellence.org/costa-rica-coe-2017/	200	75aab931b096e3739e118f7cdc6af8d99c29252662f588fe98e7217765bc133d	332543	32	32	0		complete:coe_census_costa-rica-coe-2017.html
coe-bop-coecensusecuador-2021	edition:coe:allianceforcoffeeexcellence_org_ecuador_2021:2021	coe_bop	275	2026-08-28T01:53:00Z	PUBLIC_OFFICIAL_HTTP_GET	COMPLETED	https://allianceforcoffeeexcellence.org/ecuador-2021/	https://allianceforcoffeeexcellence.org/ecuador-2021/	200	c50af83213c780595660ea557c8fd5e42cd4447a2908da6a1a69e9909b18d89b	429574	25	25	0		complete:coe_census_ecuador-2021.html
coe-bop-coecensusecuador-2022	edition:coe:allianceforcoffeeexcellence_org_ecuador_2022:2022	coe_bop	276	2026-08-28T01:53:00Z	PUBLIC_OFFICIAL_HTTP_GET	COMPLETED	https://allianceforcoffeeexcellence.org/ecuador-2022/	https://allianceforcoffeeexcellence.org/ecuador-2022/	200	83a9dfef4fc13dbd6d0252c2fad48b1c41b1440a77c3e5e1eedb804397049017	348862	19	19	0		complete:coe_census_ecuador-2022.html
coe-bop-coecensusecuador-2023	edition:coe:allianceforcoffeeexcellence_org_ecuador_2023:2023	coe_bop	277	2026-08-28T01:53:00Z	PUBLIC_OFFICIAL_HTTP_GET	NO_RECORD_PAYLOAD	https://allianceforcoffeeexcellence.org/ecuador-2023/	https://allianceforcoffeeexcellence.org/ecuador-2023/	200	4c2b5b24e8d92f9d76d55694a25e15eae54683590e88e04a387f65725d769172	343546	0	0	0		complete:coe_census_ecuador-2023.html
coe-bop-coecensusel-salvador-2003	edition:coe:allianceforcoffeeexcellence_org_el_salvador_2003:2003	coe_bop	278	2026-08-28T01:53:00Z	PUBLIC_OFFICIAL_HTTP_GET	COMPLETED	https://allianceforcoffeeexcellence.org/el-salvador-2003/	https://allianceforcoffeeexcellence.org/el-salvador-2003/	200	e3052905f9b0db100de7baee19bde5e6c110c13dcc9d0ef37c3f6b5f8d3b119d	328702	31	31	0		complete:coe_census_el-salvador-2003.html
coe-bop-coecensusel-salvador-2004	edition:coe:allianceforcoffeeexcellence_org_el_salvador_2004:2004	coe_bop	279	2026-08-28T01:53:00Z	PUBLIC_OFFICIAL_HTTP_GET	COMPLETED	https://allianceforcoffeeexcellence.org/el-salvador-2004/	https://allianceforcoffeeexcellence.org/el-salvador-2004/	200	dfdc0bf3819980dfadb7f4ea74d28e946bee0a471d85b4c474e7e87f47f94959	332950	35	35	0		complete:coe_census_el-salvador-2004.html
coe-bop-coecensusel-salvador-2005	edition:coe:allianceforcoffeeexcellence_org_el_salvador_2005:2005	coe_bop	280	2026-08-28T01:53:00Z	PUBLIC_OFFICIAL_HTTP_GET	COMPLETED	https://allianceforcoffeeexcellence.org/el-salvador-2005/	https://allianceforcoffeeexcellence.org/el-salvador-2005/	200	a8cc14dec77617ba6dfcca6ee117703d5b0cbad9a30c0990fb365c5a9644e181	314093	17	17	0		complete:coe_census_el-salvador-2005.html
coe-bop-coecensusel-salvador-2006	edition:coe:allianceforcoffeeexcellence_org_el_salvador_2006:2006	coe_bop	281	2026-08-28T01:53:00Z	PUBLIC_OFFICIAL_HTTP_GET	COMPLETED	https://allianceforcoffeeexcellence.org/el-salvador-2006/	https://allianceforcoffeeexcellence.org/el-salvador-2006/	200	50abfa281c6c88be5f4d070960b03f8f2ed6e087f199cbbaa21582d44a2deffa	320996	23	23	0		complete:coe_census_el-salvador-2006.html
coe-bop-coecensusel-salvador-2007	edition:coe:allianceforcoffeeexcellence_org_el_salvador_2007:2007	coe_bop	282	2026-08-28T01:53:00Z	PUBLIC_OFFICIAL_HTTP_GET	COMPLETED	https://allianceforcoffeeexcellence.org/el-salvador-2007/	https://allianceforcoffeeexcellence.org/el-salvador-2007/	200	932ede8fbaff7b2ae6fe0bbd4e24d76bc43b394082526356df22179d0f4777bd	320309	23	23	0		complete:coe_census_el-salvador-2007.html
coe-bop-coecensusel-salvador-2008	edition:coe:allianceforcoffeeexcellence_org_el_salvador_2008:2008	coe_bop	283	2026-08-28T01:53:00Z	PUBLIC_OFFICIAL_HTTP_GET	COMPLETED	https://allianceforcoffeeexcellence.org/el-salvador-2008/	https://allianceforcoffeeexcellence.org/el-salvador-2008/	200	a80259f8be3fccd535706e399e7ed02f57951d9b5a8eebd0df02ca3864cd9e40	332813	36	36	0		complete:coe_census_el-salvador-2008.html
coe-bop-coecensusel-salvador-2009	edition:coe:allianceforcoffeeexcellence_org_el_salvador_2009:2009	coe_bop	284	2026-08-28T01:53:00Z	PUBLIC_OFFICIAL_HTTP_GET	COMPLETED	https://allianceforcoffeeexcellence.org/el-salvador-2009/	https://allianceforcoffeeexcellence.org/el-salvador-2009/	200	819cbc3f3e463765f6238ed12dd68b0d9c967f2952579edec80938cee5d53f74	331908	33	33	0		complete:coe_census_el-salvador-2009.html
coe-bop-coecensusel-salvador-2010	edition:coe:allianceforcoffeeexcellence_org_el_salvador_2010:2010	coe_bop	285	2026-08-28T01:53:00Z	PUBLIC_OFFICIAL_HTTP_GET	COMPLETED	https://allianceforcoffeeexcellence.org/el-salvador-2010/	https://allianceforcoffeeexcellence.org/el-salvador-2010/	200	048ca719b5fa3316fbb6f29ecf5aaa3e4af2ddbbdc025a8daa555c02b730a6d4	328251	30	30	0		complete:coe_census_el-salvador-2010.html
coe-bop-coecensusel-salvador-2011	edition:coe:allianceforcoffeeexcellence_org_el_salvador_2011:2011	coe_bop	286	2026-08-28T01:53:00Z	PUBLIC_OFFICIAL_HTTP_GET	COMPLETED	https://allianceforcoffeeexcellence.org/el-salvador-2011/	https://allianceforcoffeeexcellence.org/el-salvador-2011/	200	4f7d2aeb4cc0b1b4aea8c272eb874f9bdeb5155fda2f4342472fe0620c65afc4	341908	42	42	0		complete:coe_census_el-salvador-2011.html
coe-bop-coecensusel-salvador-2012	edition:coe:allianceforcoffeeexcellence_org_el_salvador_2012:2012	coe_bop	287	2026-08-28T01:53:00Z	PUBLIC_OFFICIAL_HTTP_GET	COMPLETED	https://allianceforcoffeeexcellence.org/el-salvador-2012/	https://allianceforcoffeeexcellence.org/el-salvador-2012/	200	91ef882efa72a6f1fc0271d7fbe0aec390375e35030658e76fe04aa5d4126a03	326686	28	28	0		complete:coe_census_el-salvador-2012.html
coe-bop-coecensusel-salvador-2013	edition:coe:allianceforcoffeeexcellence_org_el_salvador_2013:2013	coe_bop	288	2026-08-28T01:53:00Z	PUBLIC_OFFICIAL_HTTP_GET	COMPLETED	https://allianceforcoffeeexcellence.org/el-salvador-2013/	https://allianceforcoffeeexcellence.org/el-salvador-2013/	200	399db491cc787baa2124b3be898e5d56c9965cc0192d24d1fb6b4a283774b0dd	324912	26	26	0		complete:coe_census_el-salvador-2013.html
coe-bop-coecensusel-salvador-2014	edition:coe:allianceforcoffeeexcellence_org_el_salvador_2014:2014	coe_bop	289	2026-08-28T01:53:00Z	PUBLIC_OFFICIAL_HTTP_GET	COMPLETED	https://allianceforcoffeeexcellence.org/el-salvador-2014/	https://allianceforcoffeeexcellence.org/el-salvador-2014/	200	596fb3034035e85e1618963d6058a115772abdf140ab505c4262f8d4a1697c8a	334178	33	33	0		complete:coe_census_el-salvador-2014.html
coe-bop-coecensusel-salvador-2015	edition:coe:allianceforcoffeeexcellence_org_el_salvador_2015:2015	coe_bop	290	2026-08-28T01:53:00Z	PUBLIC_OFFICIAL_HTTP_GET	COMPLETED	https://allianceforcoffeeexcellence.org/el-salvador-2015/	https://allianceforcoffeeexcellence.org/el-salvador-2015/	200	4800a26589c7166728ef59eb1e73e140ef9688ba4a14ea8400316b7f2f299192	279109	27	27	0		complete:coe_census_el-salvador-2015.html
coe-bop-coecensusel-salvador-2017	edition:coe:allianceforcoffeeexcellence_org_el_salvador_2017:2017	coe_bop	291	2026-08-28T01:53:00Z	PUBLIC_OFFICIAL_HTTP_GET	COMPLETED	https://allianceforcoffeeexcellence.org/el-salvador-2017/	https://allianceforcoffeeexcellence.org/el-salvador-2017/	200	717f6dc970bd72f9ca65e9516efcb97d4678be95cc0b9f43da8b9cfba1a37c23	327673	26	26	0		complete:coe_census_el-salvador-2017.html
coe-bop-coecensusel-salvador-2018	edition:coe:allianceforcoffeeexcellence_org_el_salvador_2018:2018	coe_bop	292	2026-08-28T01:53:00Z	PUBLIC_OFFICIAL_HTTP_GET	COMPLETED	https://allianceforcoffeeexcellence.org/el-salvador-2018/	https://allianceforcoffeeexcellence.org/el-salvador-2018/	200	b07ff3ac9fdf23a9b1975a1da557a2e125014c2e1442b8e26c1dc198cb9aef88	454369	42	42	0		complete:coe_census_el-salvador-2018.html
coe-bop-coecensusel-salvador-2019	edition:coe:allianceforcoffeeexcellence_org_el_salvador_2019:2019	coe_bop	293	2026-08-28T01:53:00Z	PUBLIC_OFFICIAL_HTTP_GET	COMPLETED	https://allianceforcoffeeexcellence.org/el-salvador-2019/	https://allianceforcoffeeexcellence.org/el-salvador-2019/	200	784a65a759ddf9e572021738341245ba0d7e43f689928274d7e0e0ac38d4d319	412489	27	27	0		complete:coe_census_el-salvador-2019.html
coe-bop-coecensusel-salvador-2020	edition:coe:allianceforcoffeeexcellence_org_el_salvador_2020:2020	coe_bop	294	2026-08-28T01:53:00Z	PUBLIC_OFFICIAL_HTTP_GET	COMPLETED	https://allianceforcoffeeexcellence.org/el-salvador-2020/	https://allianceforcoffeeexcellence.org/el-salvador-2020/	200	8c3e57b7346ef9eb57f51d0759fd616c216a404e399f17496fcc68a3beb61678	355557	23	23	0		complete:coe_census_el-salvador-2020.html
coe-bop-coecensusel-salvador-2021	edition:coe:allianceforcoffeeexcellence_org_el_salvador_2021:2021	coe_bop	295	2026-08-28T01:53:00Z	PUBLIC_OFFICIAL_HTTP_GET	COMPLETED	https://allianceforcoffeeexcellence.org/el-salvador-2021/	https://allianceforcoffeeexcellence.org/el-salvador-2021/	200	15a905d9a3bacc10bd3110b59616f1a7e0bc6b4f7d3e2bbece83233ddf77d0be	450900	27	27	0		complete:coe_census_el-salvador-2021.html
coe-bop-coecensusel-salvador-2022	edition:coe:allianceforcoffeeexcellence_org_el_salvador_2022:2022	coe_bop	296	2026-08-28T01:53:00Z	PUBLIC_OFFICIAL_HTTP_GET	COMPLETED	https://allianceforcoffeeexcellence.org/el-salvador-2022/	https://allianceforcoffeeexcellence.org/el-salvador-2022/	200	960d73e1be5fff0c92da5b2c6f4ae1bc6c5eb68183298c18fea0bb1086430685	443571	30	30	0		complete:coe_census_el-salvador-2022.html
coe-bop-coecensusel-salvador-2023	edition:coe:allianceforcoffeeexcellence_org_el_salvador_2023:2023	coe_bop	297	2026-08-28T01:53:00Z	PUBLIC_OFFICIAL_HTTP_GET	COMPLETED	https://allianceforcoffeeexcellence.org/el-salvador-2023/	https://allianceforcoffeeexcellence.org/el-salvador-2023/	200	3ec779d8ba2bed5c03983f5ef6757b9c47f07019d4d1fff9c69091e86607685b	450890	33	33	0		complete:coe_census_el-salvador-2023.html
coe-bop-coecensusel-salvador-2024	edition:coe:allianceforcoffeeexcellence_org_el_salvador_2024:2024	coe_bop	298	2026-08-28T01:53:00Z	PUBLIC_OFFICIAL_HTTP_GET	COMPLETED	https://allianceforcoffeeexcellence.org/el-salvador-2024/	https://allianceforcoffeeexcellence.org/el-salvador-2024/	200	90beb7e94dfac95c4b88c297473dc5608d9ce81eb8c39b5186089973e64867bd	418894	8	8	0		complete:coe_census_el-salvador-2024.html
coe-bop-coecensusel-salvador-2025	edition:coe:allianceforcoffeeexcellence_org_el_salvador_2025:2025	coe_bop	299	2026-08-28T01:53:00Z	PUBLIC_OFFICIAL_HTTP_GET	COMPLETED	https://allianceforcoffeeexcellence.org/el-salvador-2025/	https://allianceforcoffeeexcellence.org/el-salvador-2025/	200	e56df39694e369893ce3c46e38744969d73879392b2b8947054e4e168e8e92c3	405448	9	9	0		complete:coe_census_el-salvador-2025.html
coe-bop-coecensusel-salvador-2026	edition:coe:allianceforcoffeeexcellence_org_el_salvador_2026:2026	coe_bop	300	2026-08-28T01:53:00Z	PUBLIC_OFFICIAL_HTTP_GET	COMPLETED	https://allianceforcoffeeexcellence.org/el-salvador-2026/	https://allianceforcoffeeexcellence.org/el-salvador-2026/	200	c37972a4f4422dc87712bffedcc1393e9bdffd1d0009d168a9c1c9fdf866aadf	383395	11	11	0		complete:coe_census_el-salvador-2026.html
coe-bop-coecensusethiopia-2020	edition:coe:allianceforcoffeeexcellence_org_ethiopia_2020:2020	coe_bop	301	2026-08-28T01:53:00Z	PUBLIC_OFFICIAL_HTTP_GET	NO_RECORD_PAYLOAD	https://allianceforcoffeeexcellence.org/ethiopia-2020/	https://allianceforcoffeeexcellence.org/ethiopia-2020/	200	23fd52aafedd1a3919dc7216cb39d51013c4e246ba1a029b437eb9be1bd8ba96	367689	0	0	0		complete:coe_census_ethiopia-2020.html
coe-bop-coecensusethiopia-2021	edition:coe:allianceforcoffeeexcellence_org_ethiopia_2021:2021	coe_bop	302	2026-08-28T01:53:00Z	PUBLIC_OFFICIAL_HTTP_GET	NO_RECORD_PAYLOAD	https://allianceforcoffeeexcellence.org/ethiopia-2021/	https://allianceforcoffeeexcellence.org/ethiopia-2021/	200	f09bcad40f8749d9f4cd14d9248f6abe368e0ea0077497133620e6adefabe798	482630	0	0	0		complete:coe_census_ethiopia-2021.html
coe-bop-coecensusethiopia-2022	edition:coe:allianceforcoffeeexcellence_org_ethiopia_2022:2022	coe_bop	303	2026-08-28T01:53:00Z	PUBLIC_OFFICIAL_HTTP_GET	COMPLETED	https://allianceforcoffeeexcellence.org/ethiopia-2022/	https://allianceforcoffeeexcellence.org/ethiopia-2022/	200	982ad4409e99142036bbaccc1af75c1f0d346506b6660386ae7e7ba62856e451	457302	32	32	0		complete:coe_census_ethiopia-2022.html
coe-bop-coecensusethiopia-2024	edition:coe:allianceforcoffeeexcellence_org_ethiopia_2024:2024	coe_bop	304	2026-08-28T01:53:00Z	PUBLIC_OFFICIAL_HTTP_GET	COMPLETED	https://allianceforcoffeeexcellence.org/ethiopia-2024/	https://allianceforcoffeeexcellence.org/ethiopia-2024/	200	016a6d065291aaf91bb4b253a7d950af9c8c284ecc965082187493e9ca2e8591	387707	29	29	0		complete:coe_census_ethiopia-2024.html
coe-bop-coecensusguatemala-2001	edition:coe:allianceforcoffeeexcellence_org_guatemala_2001:2001	coe_bop	305	2026-08-28T01:53:00Z	PUBLIC_OFFICIAL_HTTP_GET	NO_RECORD_PAYLOAD	https://allianceforcoffeeexcellence.org/guatemala-2001/	https://allianceforcoffeeexcellence.org/guatemala-2001/	200	8d24f4fd5663a59d2063d6590499df63430c0843cba4016242dc577987039852	316679	0	0	0		complete:coe_census_guatemala-2001.html
coe-bop-coecensusguatemala-2002	edition:coe:allianceforcoffeeexcellence_org_guatemala_2002:2002	coe_bop	306	2026-08-28T01:53:00Z	PUBLIC_OFFICIAL_HTTP_GET	COMPLETED	https://allianceforcoffeeexcellence.org/guatemala-2002/	https://allianceforcoffeeexcellence.org/guatemala-2002/	200	c2824241dd574ed2d8dbcf9b3cffa87a40011520c7fbd9a2477f4ec3aa28b621	328265	33	33	0		complete:coe_census_guatemala-2002.html
coe-bop-coecensusguatemala-2006	edition:coe:allianceforcoffeeexcellence_org_guatemala_2006:2006	coe_bop	307	2026-08-28T01:53:00Z	PUBLIC_OFFICIAL_HTTP_GET	COMPLETED	https://allianceforcoffeeexcellence.org/guatemala-2006/	https://allianceforcoffeeexcellence.org/guatemala-2006/	200	4802db2f2da253518152170e501fbe24d26da37d79e7386f85210dfba37b926e	321430	25	25	0		complete:coe_census_guatemala-2006.html
coe-bop-coecensusguatemala-2007	edition:coe:allianceforcoffeeexcellence_org_guatemala_2007:2007	coe_bop	308	2026-08-28T01:53:00Z	PUBLIC_OFFICIAL_HTTP_GET	COMPLETED	https://allianceforcoffeeexcellence.org/guatemala-2007/	https://allianceforcoffeeexcellence.org/guatemala-2007/	200	1fb19dd59fe6e4258014c89684176198ab970639ba78ea992b73cfc7245aff34	316739	19	19	0		complete:coe_census_guatemala-2007.html
coe-bop-coecensusguatemala-2008	edition:coe:allianceforcoffeeexcellence_org_guatemala_2008:2008	coe_bop	309	2026-08-28T01:53:00Z	PUBLIC_OFFICIAL_HTTP_GET	COMPLETED	https://allianceforcoffeeexcellence.org/guatemala-2008/	https://allianceforcoffeeexcellence.org/guatemala-2008/	200	c921c4d6d09800a525cda41ba2f3393ccb50276eb33840c26cb6f8db7ec02f36	321970	25	25	0		complete:coe_census_guatemala-2008.html
coe-bop-coecensusguatemala-2009	edition:coe:allianceforcoffeeexcellence_org_guatemala_2009:2009	coe_bop	310	2026-08-28T01:53:00Z	PUBLIC_OFFICIAL_HTTP_GET	COMPLETED	https://allianceforcoffeeexcellence.org/guatemala-2009/	https://allianceforcoffeeexcellence.org/guatemala-2009/	200	6b7a9dcbd80bcd2236c38efe412e710783f9c9c0065a14bf797756ac79d07929	321009	23	23	0		complete:coe_census_guatemala-2009.html
coe-bop-coecensusguatemala-2010	edition:coe:allianceforcoffeeexcellence_org_guatemala_2010:2010	coe_bop	311	2026-08-28T01:53:00Z	PUBLIC_OFFICIAL_HTTP_GET	COMPLETED	https://allianceforcoffeeexcellence.org/guatemala-2010/	https://allianceforcoffeeexcellence.org/guatemala-2010/	200	b15a630379f0b546b271d28c15c0ee99c904b92692ac170fe05d1db845c16455	326287	28	28	0		complete:coe_census_guatemala-2010.html
coe-bop-coecensusguatemala-2011	edition:coe:allianceforcoffeeexcellence_org_guatemala_2011:2011	coe_bop	312	2026-08-28T01:53:00Z	PUBLIC_OFFICIAL_HTTP_GET	COMPLETED	https://allianceforcoffeeexcellence.org/guatemala-2011/	https://allianceforcoffeeexcellence.org/guatemala-2011/	200	3344b81ec33b56bf425d9d254f4ac73deae854b69c4b447b3a7a9214bbc45ed3	327899	29	29	0		complete:coe_census_guatemala-2011.html
coe-bop-coecensusguatemala-2012	edition:coe:allianceforcoffeeexcellence_org_guatemala_2012:2012	coe_bop	313	2026-08-28T01:53:00Z	PUBLIC_OFFICIAL_HTTP_GET	COMPLETED	https://allianceforcoffeeexcellence.org/guatemala-2012/	https://allianceforcoffeeexcellence.org/guatemala-2012/	200	b8ba856966a04eda6a6c19278c21f614aa9d44f0b79e77d27ad6a1c7373414bd	323269	23	23	0		complete:coe_census_guatemala-2012.html
coe-bop-coecensusguatemala-2013	edition:coe:allianceforcoffeeexcellence_org_guatemala_2013:2013	coe_bop	314	2026-08-28T01:53:00Z	PUBLIC_OFFICIAL_HTTP_GET	COMPLETED	https://allianceforcoffeeexcellence.org/guatemala-2013/	https://allianceforcoffeeexcellence.org/guatemala-2013/	200	8a99692e6871551cb37ca9dcaf43a2783637088653ae386c83189489a3795381	321577	23	23	0		complete:coe_census_guatemala-2013.html
coe-bop-coecensusguatemala-2014	edition:coe:allianceforcoffeeexcellence_org_guatemala_2014:2014	coe_bop	315	2026-08-28T01:53:00Z	PUBLIC_OFFICIAL_HTTP_GET	COMPLETED	https://allianceforcoffeeexcellence.org/guatemala-2014/	https://allianceforcoffeeexcellence.org/guatemala-2014/	200	2f3f703c8b687e888d5d0129b16be57e979b1e19cd84231b0cfb91e52ad0e798	325060	24	24	0		complete:coe_census_guatemala-2014.html
coe-bop-coecensusguatemala-2015	edition:coe:allianceforcoffeeexcellence_org_guatemala_2015:2015	coe_bop	316	2026-08-28T01:53:00Z	PUBLIC_OFFICIAL_HTTP_GET	COMPLETED	https://allianceforcoffeeexcellence.org/guatemala-2015/	https://allianceforcoffeeexcellence.org/guatemala-2015/	200	64ddd6dbc6152b251cb66842f6101e2dca916341c793f66c40949c5a9698ebca	275385	24	24	0		complete:coe_census_guatemala-2015.html
coe-bop-coecensusguatemala-2016	edition:coe:allianceforcoffeeexcellence_org_guatemala_2016:2016	coe_bop	317	2026-08-28T01:53:00Z	PUBLIC_OFFICIAL_HTTP_GET	COMPLETED	https://allianceforcoffeeexcellence.org/guatemala-2016/	https://allianceforcoffeeexcellence.org/guatemala-2016/	200	74de0e50a94e2df553dfabd77fae92a710b04639ffc3235bb3e89cc3bd351d79	278257	25	25	0		complete:coe_census_guatemala-2016.html
coe-bop-coecensusguatemala-2017	edition:coe:allianceforcoffeeexcellence_org_guatemala_2017:2017	coe_bop	318	2026-08-28T01:53:00Z	PUBLIC_OFFICIAL_HTTP_GET	COMPLETED	https://allianceforcoffeeexcellence.org/guatemala-2017/	https://allianceforcoffeeexcellence.org/guatemala-2017/	200	aacad0d9c9d33601639da3c3d121daae393098cf23c745911ccecd42ac48a0db	334146	30	30	0		complete:coe_census_guatemala-2017.html
coe-bop-coecensusguatemala-2018	edition:coe:allianceforcoffeeexcellence_org_guatemala_2018:2018	coe_bop	319	2026-08-28T01:53:00Z	PUBLIC_OFFICIAL_HTTP_GET	COMPLETED	https://allianceforcoffeeexcellence.org/guatemala-2018/	https://allianceforcoffeeexcellence.org/guatemala-2018/	200	18318dc2a8fd9b3f51a732856771b912aa8f7bd668309df483872655349290a2	416083	37	37	0		complete:coe_census_guatemala-2018.html
coe-bop-coecensusguatemala-2019	edition:coe:allianceforcoffeeexcellence_org_guatemala_2019:2019	coe_bop	320	2026-08-28T01:53:00Z	PUBLIC_OFFICIAL_HTTP_GET	COMPLETED	https://allianceforcoffeeexcellence.org/guatemala-2019/	https://allianceforcoffeeexcellence.org/guatemala-2019/	200	588eb153322c0caf8fa50bfd7ce0deb1456a6df02dafea34b222f92e93739f51	417593	23	23	0		complete:coe_census_guatemala-2019.html
coe-bop-coecensusguatemala-2020	edition:coe:allianceforcoffeeexcellence_org_guatemala_2020:2020	coe_bop	321	2026-08-28T01:53:00Z	PUBLIC_OFFICIAL_HTTP_GET	COMPLETED	https://allianceforcoffeeexcellence.org/guatemala-2020/	https://allianceforcoffeeexcellence.org/guatemala-2020/	200	cfc1732938d32a4e8f0a9eadadc23e9923d3fa52e12846214cc5dd62e403a907	368246	31	31	0		complete:coe_census_guatemala-2020.html
coe-bop-coecensusguatemala-2021	edition:coe:allianceforcoffeeexcellence_org_guatemala_2021:2021	coe_bop	322	2026-08-28T01:53:00Z	PUBLIC_OFFICIAL_HTTP_GET	COMPLETED	https://allianceforcoffeeexcellence.org/guatemala-2021/	https://allianceforcoffeeexcellence.org/guatemala-2021/	200	28d0b9786fd1d26d5e64311ca245eba0123011e906a8b47ec33371b77b09c1f2	465102	31	31	0		complete:coe_census_guatemala-2021.html
coe-bop-coecensusguatemala-2022	edition:coe:allianceforcoffeeexcellence_org_guatemala_2022:2022	coe_bop	323	2026-08-28T01:53:00Z	PUBLIC_OFFICIAL_HTTP_GET	COMPLETED	https://allianceforcoffeeexcellence.org/guatemala-2022/	https://allianceforcoffeeexcellence.org/guatemala-2022/	200	5ad4a1456c57d0cf9ba32119403c8995000585c2b0b4ab2d931854cb99c28318	457445	33	33	0		complete:coe_census_guatemala-2022.html
coe-bop-coecensusguatemala-2023	edition:coe:allianceforcoffeeexcellence_org_guatemala_2023:2023	coe_bop	324	2026-08-28T01:53:00Z	PUBLIC_OFFICIAL_HTTP_GET	COMPLETED	https://allianceforcoffeeexcellence.org/guatemala-2023/	https://allianceforcoffeeexcellence.org/guatemala-2023/	200	dd460ec7ee2feca76ad6ae5e0bc88559aea49f5525b4e3a182c59f9cd5ac3a0e	435457	31	31	0		complete:coe_census_guatemala-2023.html
coe-bop-coecensusguatemala-2024	edition:coe:allianceforcoffeeexcellence_org_guatemala_2024:2024	coe_bop	325	2026-08-28T01:53:05Z	PUBLIC_OFFICIAL_HTTP_GET	COMPLETED	https://allianceforcoffeeexcellence.org/guatemala-2024/	https://allianceforcoffeeexcellence.org/guatemala-2024/	200	5ec090652d6a60dfdd49d16a1eb3c73c4789e14c4af93fea3e56d8e27f2ffcc5	414165	14	14	0		complete:coe_census_guatemala-2024.html
coe-bop-coecensusguatemala-2025	edition:coe:allianceforcoffeeexcellence_org_guatemala_2025:2025	coe_bop	326	2026-08-28T01:53:06Z	PUBLIC_OFFICIAL_HTTP_GET	COMPLETED	https://allianceforcoffeeexcellence.org/guatemala-2025/	https://allianceforcoffeeexcellence.org/guatemala-2025/	200	3c2f5bd9a70ed9631ccb3a9436c2dd0c04c2e6ea2bc9f3c42cd56eeff69fcdf0	427880	13	13	0		complete:coe_census_guatemala-2025.html
coe-bop-coecensusguatemala-2026	edition:coe:allianceforcoffeeexcellence_org_guatemala_2026:2026	coe_bop	327	2026-08-28T01:53:06Z	PUBLIC_OFFICIAL_HTTP_GET	COMPLETED	https://allianceforcoffeeexcellence.org/guatemala-2026/	https://allianceforcoffeeexcellence.org/guatemala-2026/	200	205b3dad24cbf4732a5c06df72aa3d2ee1a223d82e659760f245a184919e315f	453861	13	13	0		complete:coe_census_guatemala-2026.html
coe-bop-coecensushonduras-2004	edition:coe:allianceforcoffeeexcellence_org_honduras_2004:2004	coe_bop	328	2026-08-28T01:53:07Z	PUBLIC_OFFICIAL_HTTP_GET	COMPLETED	https://allianceforcoffeeexcellence.org/honduras-2004/	https://allianceforcoffeeexcellence.org/honduras-2004/	200	01b120ade4f96f57a1a643b607d5adf6b3639d82196d2419eb35cd8380495f0e	317729	21	21	0		complete:coe_census_honduras-2004.html
coe-bop-coecensushonduras-2005	edition:coe:allianceforcoffeeexcellence_org_honduras_2005:2005	coe_bop	329	2026-08-28T01:53:11Z	PUBLIC_OFFICIAL_HTTP_GET	COMPLETED	https://allianceforcoffeeexcellence.org/honduras-2005/	https://allianceforcoffeeexcellence.org/honduras-2005/	200	8ca9b154b554fddaaad9231ea0d81a89a968d218be549b5b9d3c7bd447c56466	338886	41	41	0		complete:coe_census_honduras-2005.html
coe-bop-coecensushonduras-2006	edition:coe:allianceforcoffeeexcellence_org_honduras_2006:2006	coe_bop	330	2026-08-28T01:53:11Z	PUBLIC_OFFICIAL_HTTP_GET	COMPLETED	https://allianceforcoffeeexcellence.org/honduras-2006/	https://allianceforcoffeeexcellence.org/honduras-2006/	200	ab4365884681251a83eff56d3384f8ce90f973b672756bf1e9c82d5fafa74b7a	331089	33	33	0		complete:coe_census_honduras-2006.html
coe-bop-coecensushonduras-2007	edition:coe:allianceforcoffeeexcellence_org_honduras_2007:2007	coe_bop	331	2026-08-28T01:53:11Z	PUBLIC_OFFICIAL_HTTP_GET	COMPLETED	https://allianceforcoffeeexcellence.org/honduras-2007/	https://allianceforcoffeeexcellence.org/honduras-2007/	200	ab2e5545d8a5603dcf88a9f605dda4d2dd1276762abe96cfd1c492fe2f97f568	321003	24	24	0		complete:coe_census_honduras-2007.html
coe-bop-coecensushonduras-2008	edition:coe:allianceforcoffeeexcellence_org_honduras_2008:2008	coe_bop	332	2026-08-28T01:53:11Z	PUBLIC_OFFICIAL_HTTP_GET	COMPLETED	https://allianceforcoffeeexcellence.org/honduras-2008/	https://allianceforcoffeeexcellence.org/honduras-2008/	200	2c523acbb07301f455bb8f781086729cd64e50a38ba49aab1f32bb42cafab92a	323549	26	26	0		complete:coe_census_honduras-2008.html
coe-bop-coecensushonduras-2009	edition:coe:allianceforcoffeeexcellence_org_honduras_2009:2009	coe_bop	333	2026-08-28T01:53:14Z	PUBLIC_OFFICIAL_HTTP_GET	COMPLETED	https://allianceforcoffeeexcellence.org/honduras-2009/	https://allianceforcoffeeexcellence.org/honduras-2009/	200	24b01c469d17ba0b66c8028eb6ecc6ccb0a324b63fd7ad66b05ac3c1cb2d0a6b	336154	39	39	0		complete:coe_census_honduras-2009.html
coe-bop-coecensushonduras-2010	edition:coe:allianceforcoffeeexcellence_org_honduras_2010:2010	coe_bop	334	2026-08-28T01:53:14Z	PUBLIC_OFFICIAL_HTTP_GET	COMPLETED	https://allianceforcoffeeexcellence.org/honduras-2010/	https://allianceforcoffeeexcellence.org/honduras-2010/	200	b3332e2ffd21fd4b8ac650148b57ea04965c5fffdb67319f524fc79ed2bf17f7	322744	25	25	0		complete:coe_census_honduras-2010.html
coe-bop-coecensushonduras-2011	edition:coe:allianceforcoffeeexcellence_org_honduras_2011:2011	coe_bop	335	2026-08-28T01:53:14Z	PUBLIC_OFFICIAL_HTTP_GET	COMPLETED	https://allianceforcoffeeexcellence.org/honduras-2011/	https://allianceforcoffeeexcellence.org/honduras-2011/	200	0d9e210ac7f98923c56e6a0b975e23c5d655cb7f9a74b66bda258c8dce8a985b	331146	33	33	0		complete:coe_census_honduras-2011.html
coe-bop-coecensushonduras-2012	edition:coe:allianceforcoffeeexcellence_org_honduras_2012:2012	coe_bop	336	2026-08-28T01:53:15Z	PUBLIC_OFFICIAL_HTTP_GET	COMPLETED	https://allianceforcoffeeexcellence.org/honduras-2012/	https://allianceforcoffeeexcellence.org/honduras-2012/	200	8c6703c13d5a5dd8cf38a2f2d1f2044c19b704dedf28444fc4115dfc3addd6bc	318065	20	20	0		complete:coe_census_honduras-2012.html
coe-bop-coecensushonduras-2013	edition:coe:allianceforcoffeeexcellence_org_honduras_2013:2013	coe_bop	337	2026-08-28T01:53:18Z	PUBLIC_OFFICIAL_HTTP_GET	COMPLETED	https://allianceforcoffeeexcellence.org/honduras-2013/	https://allianceforcoffeeexcellence.org/honduras-2013/	200	c768a0bd5c98cbc1c656105961bae965f6eda10470d22628e80049278e543c98	319808	22	22	0		complete:coe_census_honduras-2013.html
coe-bop-coecensushonduras-2014	edition:coe:allianceforcoffeeexcellence_org_honduras_2014:2014	coe_bop	338	2026-08-28T01:53:18Z	PUBLIC_OFFICIAL_HTTP_GET	COMPLETED	https://allianceforcoffeeexcellence.org/honduras-2014/	https://allianceforcoffeeexcellence.org/honduras-2014/	200	0bed7645b94df33fdedb4b9acf687a110f5c6229a68680b613c97b506e49c2d3	323744	23	23	0		complete:coe_census_honduras-2014.html
coe-bop-coecensushonduras-2015	edition:coe:allianceforcoffeeexcellence_org_honduras_2015:2015	coe_bop	339	2026-08-28T01:53:18Z	PUBLIC_OFFICIAL_HTTP_GET	COMPLETED	https://allianceforcoffeeexcellence.org/honduras-2015/	https://allianceforcoffeeexcellence.org/honduras-2015/	200	7cf4ad0e8046dfb305df7f51edb764b43db7deeaf87039da7a9e07ad84cc0248	289329	38	38	0		complete:coe_census_honduras-2015.html
coe-bop-coecensushonduras-2016	edition:coe:allianceforcoffeeexcellence_org_honduras_2016:2016	coe_bop	340	2026-08-28T01:53:19Z	PUBLIC_OFFICIAL_HTTP_GET	COMPLETED	https://allianceforcoffeeexcellence.org/honduras-2016/	https://allianceforcoffeeexcellence.org/honduras-2016/	200	63fe0a0fb960aa04ecdb18568acc272cc47c23c51c9dd2645ec38e314df4a947	279291	26	26	0		complete:coe_census_honduras-2016.html
coe-bop-coecensushonduras-2017	edition:coe:allianceforcoffeeexcellence_org_honduras_2017:2017	coe_bop	341	2026-08-28T01:53:21Z	PUBLIC_OFFICIAL_HTTP_GET	COMPLETED	https://allianceforcoffeeexcellence.org/honduras-2017/	https://allianceforcoffeeexcellence.org/honduras-2017/	200	96ec266f0226a581cc31b54dd91a16f9bbd22740a148a49a2f3cbeb438fac122	330735	27	27	0		complete:coe_census_honduras-2017.html
coe-bop-coecensushonduras-2018	edition:coe:allianceforcoffeeexcellence_org_honduras_2018:2018	coe_bop	342	2026-08-28T01:53:22Z	PUBLIC_OFFICIAL_HTTP_GET	COMPLETED	https://allianceforcoffeeexcellence.org/honduras-2018/	https://allianceforcoffeeexcellence.org/honduras-2018/	200	6dfa68df69d31ad59f1583c7338c9562735c7c1b45d4282db8fe8b795ebd9822	409025	41	41	0		complete:coe_census_honduras-2018.html
coe-bop-coecensushonduras-2019	edition:coe:allianceforcoffeeexcellence_org_honduras_2019:2019	coe_bop	343	2026-08-28T01:53:22Z	PUBLIC_OFFICIAL_HTTP_GET	COMPLETED	https://allianceforcoffeeexcellence.org/honduras-2019/	https://allianceforcoffeeexcellence.org/honduras-2019/	200	6a481a5db53cb4e47f329ccf3ad808744cf3899112b4d9c4bdb54e80066962b5	437686	33	33	0		complete:coe_census_honduras-2019.html
coe-bop-coecensushonduras-2021	edition:coe:allianceforcoffeeexcellence_org_honduras_2021:2021	coe_bop	344	2026-08-28T01:53:22Z	PUBLIC_OFFICIAL_HTTP_GET	COMPLETED	https://allianceforcoffeeexcellence.org/honduras-2021/	https://allianceforcoffeeexcellence.org/honduras-2021/	200	01e8f14640e655ac8a98beb0c77fd647e38da96182d72b744bac90d5240350fc	445084	28	28	0		complete:coe_census_honduras-2021.html
coe-bop-coecensushonduras-2022	edition:coe:allianceforcoffeeexcellence_org_honduras_2022:2022	coe_bop	345	2026-08-28T01:53:25Z	PUBLIC_OFFICIAL_HTTP_GET	COMPLETED	https://allianceforcoffeeexcellence.org/honduras-2022/	https://allianceforcoffeeexcellence.org/honduras-2022/	200	735a71909736f0171315da7446e422dca74adf0982e4c55a79cec5f2876550c6	415650	27	27	0		complete:coe_census_honduras-2022.html
coe-bop-coecensushonduras-2023	edition:coe:allianceforcoffeeexcellence_org_honduras_2023:2023	coe_bop	346	2026-08-28T01:53:26Z	PUBLIC_OFFICIAL_HTTP_GET	COMPLETED	https://allianceforcoffeeexcellence.org/honduras-2023/	https://allianceforcoffeeexcellence.org/honduras-2023/	200	a92cf4cac6198cc161405161fed843fb68a70a9458eb16a8aa0776cb63021ec9	436904	32	32	0		complete:coe_census_honduras-2023.html
coe-bop-coecensushonduras-2024	edition:coe:allianceforcoffeeexcellence_org_honduras_2024:2024	coe_bop	347	2026-08-28T01:53:28Z	PUBLIC_OFFICIAL_HTTP_GET	COMPLETED	https://allianceforcoffeeexcellence.org/honduras-2024/	https://allianceforcoffeeexcellence.org/honduras-2024/	200	61b48809ba69998eda0afa97e31b4efb915e557a2988e8e543342ce6326a46e5	396527	32	32	0		complete:coe_census_honduras-2024.html
coe-bop-coecensushonduras-2025	edition:coe:allianceforcoffeeexcellence_org_honduras_2025:2025	coe_bop	348	2026-08-28T01:53:28Z	PUBLIC_OFFICIAL_HTTP_GET	COMPLETED	https://allianceforcoffeeexcellence.org/honduras-2025/	https://allianceforcoffeeexcellence.org/honduras-2025/	200	e06f215e7c2eee675c11d431757e325e4d782efcf725a34d951b171008101ba0	405775	11	11	0		complete:coe_census_honduras-2025.html
coe-bop-coecensushonduras-2026	edition:coe:allianceforcoffeeexcellence_org_honduras_2026:2026	coe_bop	349	2026-08-28T01:53:30Z	PUBLIC_OFFICIAL_HTTP_GET	COMPLETED	https://allianceforcoffeeexcellence.org/honduras-2026/	https://allianceforcoffeeexcellence.org/honduras-2026/	200	8fc2f824ef33d98f8c5f15026517b47960aaa6cc8942005e67b74782418b5139	430230	10	10	0		complete:coe_census_honduras-2026.html
coe-bop-coecensusindonesia-2021	edition:coe:allianceforcoffeeexcellence_org_indonesia_2021:2021	coe_bop	350	2026-08-28T01:53:31Z	PUBLIC_OFFICIAL_HTTP_GET	COMPLETED	https://allianceforcoffeeexcellence.org/indonesia-2021/	https://allianceforcoffeeexcellence.org/indonesia-2021/	200	dd5934d45f9c9c1384a175c241fb946b1dfbd5d0bdb53560abb2fd07372423c7	434151	26	26	0		complete:coe_census_indonesia-2021.html
coe-bop-coecensusindonesia-2022	edition:coe:allianceforcoffeeexcellence_org_indonesia_2022:2022	coe_bop	351	2026-08-28T01:53:32Z	PUBLIC_OFFICIAL_HTTP_GET	COMPLETED	https://allianceforcoffeeexcellence.org/indonesia-2022/	https://allianceforcoffeeexcellence.org/indonesia-2022/	200	e9f73bdcd3d71a036ef43ef5e03b1a6e3b2b1db5c00f64ca22c1ac0b985de06c	406183	23	23	0		complete:coe_census_indonesia-2022.html
coe-bop-coecensusindonesia-2023	edition:coe:allianceforcoffeeexcellence_org_indonesia_2023:2023	coe_bop	352	2026-08-28T01:53:32Z	PUBLIC_OFFICIAL_HTTP_GET	NO_RECORD_PAYLOAD	https://allianceforcoffeeexcellence.org/indonesia-2023/	https://allianceforcoffeeexcellence.org/indonesia-2023/	200	844049534f1ebd886ada737286dd7999e97b2638613dff00554fa074ec205437	353327	0	0	0		complete:coe_census_indonesia-2023.html
coe-bop-coecensusindonesia-2026	edition:coe:allianceforcoffeeexcellence_org_indonesia_2026:2026	coe_bop	353	2026-08-28T01:53:34Z	PUBLIC_OFFICIAL_HTTP_GET	NO_RECORD_PAYLOAD	https://allianceforcoffeeexcellence.org/indonesia-2026/	https://allianceforcoffeeexcellence.org/indonesia-2026/	200	713e25091d7b7ef2c715ec4782eb0b51044b1542663225f27c58a96771cd0dd7	358639	0	0	0		complete:coe_census_indonesia-2026.html
coe-bop-coecensusmexico-2012	edition:coe:allianceforcoffeeexcellence_org_mexico_2012:2012	coe_bop	354	2026-08-28T01:53:36Z	PUBLIC_OFFICIAL_HTTP_GET	COMPLETED	https://allianceforcoffeeexcellence.org/mexico-2012/	https://allianceforcoffeeexcellence.org/mexico-2012/	200	bd05d30fa30961bfea1fb4eecd9b7c04c40a654667102fe3509a1108b671d7b4	306853	10	10	0		complete:coe_census_mexico-2012.html
coe-bop-coecensusmexico-2013	edition:coe:allianceforcoffeeexcellence_org_mexico_2013:2013	coe_bop	355	2026-08-28T01:53:36Z	PUBLIC_OFFICIAL_HTTP_GET	COMPLETED	https://allianceforcoffeeexcellence.org/mexico-2013/	https://allianceforcoffeeexcellence.org/mexico-2013/	200	23897f932a3b7da13de373ea724d8e5211decfbfe4bef5d33cf1e4e8b5464a2e	312981	16	16	0		complete:coe_census_mexico-2013.html
coe-bop-coecensusmexico-2014	edition:coe:allianceforcoffeeexcellence_org_mexico_2014:2014	coe_bop	356	2026-08-28T01:53:37Z	PUBLIC_OFFICIAL_HTTP_GET	COMPLETED	https://allianceforcoffeeexcellence.org/mexico-2014/	https://allianceforcoffeeexcellence.org/mexico-2014/	200	d17685bad4987985556ba5e7ae44e405c8cb365f8eeb2bc17b2f0eb44c559c1c	319446	19	19	0		complete:coe_census_mexico-2014.html
coe-bop-coecensusmexico-2015	edition:coe:allianceforcoffeeexcellence_org_mexico_2015:2015	coe_bop	357	2026-08-28T01:53:38Z	PUBLIC_OFFICIAL_HTTP_GET	COMPLETED	https://allianceforcoffeeexcellence.org/mexico-2015/	https://allianceforcoffeeexcellence.org/mexico-2015/	200	51b13c07f534b3f488d9de2e3d88812e295b4127b925d9318911e12558bf6e4e	269567	20	20	0		complete:coe_census_mexico-2015.html
coe-bop-coecensusmexico-2017	edition:coe:allianceforcoffeeexcellence_org_mexico_2017:2017	coe_bop	358	2026-08-28T01:53:39Z	PUBLIC_OFFICIAL_HTTP_GET	COMPLETED	https://allianceforcoffeeexcellence.org/mexico-2017/	https://allianceforcoffeeexcellence.org/mexico-2017/	200	cb76c8b1de74197fe8ac03404e3e870dce3e0b76ed8e16fad1510e80521f0d9e	329666	27	27	0		complete:coe_census_mexico-2017.html
coe-bop-coecensusmexico-2018	edition:coe:allianceforcoffeeexcellence_org_mexico_2018:2018	coe_bop	359	2026-08-28T01:53:40Z	PUBLIC_OFFICIAL_HTTP_GET	COMPLETED	https://allianceforcoffeeexcellence.org/mexico-2018/	https://allianceforcoffeeexcellence.org/mexico-2018/	200	5c868d829088c5dae2e0f301692f75bcc4d94e20c730182e25553309e76e230a	400504	32	32	0		complete:coe_census_mexico-2018.html
coe-bop-coecensusmexico-2019	edition:coe:allianceforcoffeeexcellence_org_mexico_2019:2019	coe_bop	360	2026-08-28T01:53:41Z	PUBLIC_OFFICIAL_HTTP_GET	COMPLETED	https://allianceforcoffeeexcellence.org/mexico-2019/	https://allianceforcoffeeexcellence.org/mexico-2019/	200	2987c4f52105df1e33d8b2a83bc74b96439f6c435bfef112c181ae8c733182c6	435851	31	31	0		complete:coe_census_mexico-2019.html
coe-bop-coecensusmexico-2021	edition:coe:allianceforcoffeeexcellence_org_mexico_2021:2021	coe_bop	361	2026-08-28T01:53:41Z	PUBLIC_OFFICIAL_HTTP_GET	COMPLETED	https://allianceforcoffeeexcellence.org/mexico-2021/	https://allianceforcoffeeexcellence.org/mexico-2021/	200	01465bcbc35993b186c25a99c38d22dfa32de5cfac1b05c70246d65d89f93caf	458169	33	33	0		complete:coe_census_mexico-2021.html
coe-bop-coecensusmexico-2022	edition:coe:allianceforcoffeeexcellence_org_mexico_2022:2022	coe_bop	362	2026-08-28T01:53:43Z	PUBLIC_OFFICIAL_HTTP_GET	COMPLETED	https://allianceforcoffeeexcellence.org/mexico-2022/	https://allianceforcoffeeexcellence.org/mexico-2022/	200	b09d6a56c23985bd14f515e6554065ab35b32b4621c8f40aea464fb4222251cd	453126	33	33	0		complete:coe_census_mexico-2022.html
coe-bop-coecensusmexico-2023	edition:coe:allianceforcoffeeexcellence_org_mexico_2023:2023	coe_bop	363	2026-08-28T01:53:46Z	PUBLIC_OFFICIAL_HTTP_GET	COMPLETED	https://allianceforcoffeeexcellence.org/mexico-2023/	https://allianceforcoffeeexcellence.org/mexico-2023/	200	c0fe97056facd8b755922ef5ffe4e9b4f31ab31277ec3feb3f8027efde57152f	459541	29	29	0		complete:coe_census_mexico-2023.html
coe-bop-coecensusmexico-2024	edition:coe:allianceforcoffeeexcellence_org_mexico_2024:2024	coe_bop	364	2026-08-28T01:53:47Z	PUBLIC_OFFICIAL_HTTP_GET	COMPLETED	https://allianceforcoffeeexcellence.org/mexico-2024/	https://allianceforcoffeeexcellence.org/mexico-2024/	200	71991a841de7bc92d830b9e0d98ff7d1d1177bee2901739652c0c9c702b337ed	426484	11	11	0		complete:coe_census_mexico-2024.html
coe-bop-coecensusmexico-2025	edition:coe:allianceforcoffeeexcellence_org_mexico_2025:2025	coe_bop	365	2026-08-28T01:53:47Z	PUBLIC_OFFICIAL_HTTP_GET	COMPLETED	https://allianceforcoffeeexcellence.org/mexico-2025/	https://allianceforcoffeeexcellence.org/mexico-2025/	200	c126c29e2291c3eee8258d82e1d0a63cb5a285ee1e513aec070cb35254a06820	394285	11	11	0		complete:coe_census_mexico-2025.html
coe-bop-coecensusmexico-2026	edition:coe:allianceforcoffeeexcellence_org_mexico_2026:2026	coe_bop	366	2026-08-28T01:53:49Z	PUBLIC_OFFICIAL_HTTP_GET	COMPLETED	https://allianceforcoffeeexcellence.org/mexico-2026/	https://allianceforcoffeeexcellence.org/mexico-2026/	200	b4b7d87a0bbef4f8aa981d4d2fa4be519fbda7858007189055d992881cf837df	436203	12	12	0		complete:coe_census_mexico-2026.html
coe-bop-coecensusnicaragua-2002	edition:coe:allianceforcoffeeexcellence_org_nicaragua_2002:2002	coe_bop	367	2026-08-28T01:53:50Z	PUBLIC_OFFICIAL_HTTP_GET	COMPLETED	https://allianceforcoffeeexcellence.org/nicaragua-2002/	https://allianceforcoffeeexcellence.org/nicaragua-2002/	200	7a5c3919f7e5175f074ae2b477f4cfaabc60fe592f7b40f9b367a2daa6969fd0	325303	23	23	0		complete:coe_census_nicaragua-2002.html
coe-bop-coecensusnicaragua-2003	edition:coe:allianceforcoffeeexcellence_org_nicaragua_2003:2003	coe_bop	368	2026-08-28T01:53:52Z	PUBLIC_OFFICIAL_HTTP_GET	COMPLETED	https://allianceforcoffeeexcellence.org/nicaragua-2003/	https://allianceforcoffeeexcellence.org/nicaragua-2003/	200	b22baaabf333cbe85517297705a4bb88aa11f6d7584448ecb3779ba26cf662ef	336015	37	37	0		complete:coe_census_nicaragua-2003.html
coe-bop-coecensusnicaragua-2004	edition:coe:allianceforcoffeeexcellence_org_nicaragua_2004:2004	coe_bop	369	2026-08-28T01:53:52Z	PUBLIC_OFFICIAL_HTTP_GET	COMPLETED	https://allianceforcoffeeexcellence.org/nicaragua-2004/	https://allianceforcoffeeexcellence.org/nicaragua-2004/	200	bf21554446634e8f8e43ba4994fc9f3c20e48b41dec949205f6b138c4303edf3	327724	29	29	0		complete:coe_census_nicaragua-2004.html
coe-bop-coecensusnicaragua-2005	edition:coe:allianceforcoffeeexcellence_org_nicaragua_2005:2005	coe_bop	370	2026-08-28T01:53:54Z	PUBLIC_OFFICIAL_HTTP_GET	COMPLETED	https://allianceforcoffeeexcellence.org/nicaragua-2005/	https://allianceforcoffeeexcellence.org/nicaragua-2005/	200	e2a402f204df614a7661f59f82742f92a0a983da5f203a2c5819ede7dc1d8313	334226	35	35	0		complete:coe_census_nicaragua-2005.html
coe-bop-coecensusnicaragua-2006	edition:coe:allianceforcoffeeexcellence_org_nicaragua_2006:2006	coe_bop	371	2026-08-28T01:53:55Z	PUBLIC_OFFICIAL_HTTP_GET	COMPLETED	https://allianceforcoffeeexcellence.org/nicaragua-2006/	https://allianceforcoffeeexcellence.org/nicaragua-2006/	200	424e610f8f797b88a8eb92c8303fc8e834128411b016aafa86e97a4dd58f9889	323689	25	25	0		complete:coe_census_nicaragua-2006.html
coe-bop-coecensusnicaragua-2007	edition:coe:allianceforcoffeeexcellence_org_nicaragua_2007:2007	coe_bop	372	2026-08-28T01:53:56Z	PUBLIC_OFFICIAL_HTTP_GET	COMPLETED	https://allianceforcoffeeexcellence.org/nicaragua-2007/	https://allianceforcoffeeexcellence.org/nicaragua-2007/	200	362fa67209d0a7f4a1e433a2f17d07e5d869d768dbf5e0882cd858b94d708ce9	332889	34	34	0		complete:coe_census_nicaragua-2007.html
coe-bop-coecensusnicaragua-2008	edition:coe:allianceforcoffeeexcellence_org_nicaragua_2008:2008	coe_bop	373	2026-08-28T01:53:57Z	PUBLIC_OFFICIAL_HTTP_GET	COMPLETED	https://allianceforcoffeeexcellence.org/nicaragua-2008/	https://allianceforcoffeeexcellence.org/nicaragua-2008/	200	a4d4291a397c04b9dd88dab862afff0df278ecbd9ff5b9883d1a8c69551ab586	322379	25	25	0		complete:coe_census_nicaragua-2008.html
coe-bop-coecensusnicaragua-2009	edition:coe:allianceforcoffeeexcellence_org_nicaragua_2009:2009	coe_bop	374	2026-08-28T01:53:58Z	PUBLIC_OFFICIAL_HTTP_GET	COMPLETED	https://allianceforcoffeeexcellence.org/nicaragua-2009/	https://allianceforcoffeeexcellence.org/nicaragua-2009/	200	0e1f82579e164e100fe9bea0ce058c89a17f0ecdf2f795cca2cb90b8f64641ba	324423	26	26	0		complete:coe_census_nicaragua-2009.html
coe-bop-coecensusnicaragua-2010	edition:coe:allianceforcoffeeexcellence_org_nicaragua_2010:2010	coe_bop	375	2026-08-28T01:53:58Z	PUBLIC_OFFICIAL_HTTP_GET	COMPLETED	https://allianceforcoffeeexcellence.org/nicaragua-2010/	https://allianceforcoffeeexcellence.org/nicaragua-2010/	200	9c9f5dd6f5decf3961a79c710eb5f0be2a161c597b609400358ccfbd19f44e96	325186	27	27	0		complete:coe_census_nicaragua-2010.html
coe-bop-coecensusnicaragua-2011	edition:coe:allianceforcoffeeexcellence_org_nicaragua_2011:2011	coe_bop	376	2026-08-28T01:54:00Z	PUBLIC_OFFICIAL_HTTP_GET	COMPLETED	https://allianceforcoffeeexcellence.org/nicaragua-2011/	https://allianceforcoffeeexcellence.org/nicaragua-2011/	200	3e0c40b16f73429483f92b44c8c39ee5d6ea9dd489aac6143b9e06841dba4d27	325597	27	27	0		complete:coe_census_nicaragua-2011.html
coe-bop-coecensusnicaragua-2012	edition:coe:allianceforcoffeeexcellence_org_nicaragua_2012:2012	coe_bop	377	2026-08-28T01:54:00Z	PUBLIC_OFFICIAL_HTTP_GET	COMPLETED	https://allianceforcoffeeexcellence.org/nicaragua-2012/	https://allianceforcoffeeexcellence.org/nicaragua-2012/	200	d4d7efc6732faacece5ea6c4ffaa2cf1a4ac12c9119cb590aa291916a95a6a63	323751	25	25	0		complete:coe_census_nicaragua-2012.html
coe-bop-coecensusnicaragua-2014	edition:coe:allianceforcoffeeexcellence_org_nicaragua_2014:2014	coe_bop	378	2026-08-28T01:54:02Z	PUBLIC_OFFICIAL_HTTP_GET	COMPLETED	https://allianceforcoffeeexcellence.org/nicaragua-2014/	https://allianceforcoffeeexcellence.org/nicaragua-2014/	200	92ded619ad29a0144ac7f340c88f9bd6a4becdd57cce8bfdf523f3b10acf5b36	325108	25	25	0		complete:coe_census_nicaragua-2014.html
coe-bop-coecensusnicaragua-2015	edition:coe:allianceforcoffeeexcellence_org_nicaragua_2015:2015	coe_bop	379	2026-08-28T01:54:03Z	PUBLIC_OFFICIAL_HTTP_GET	COMPLETED	https://allianceforcoffeeexcellence.org/nicaragua-2015/	https://allianceforcoffeeexcellence.org/nicaragua-2015/	200	332c4ebf2e4ff4c42f1e0a1b5b79246e3a284de4176492731164a6772f480a47	287759	36	36	0		complete:coe_census_nicaragua-2015.html
coe-bop-coecensusnicaragua-2017	edition:coe:allianceforcoffeeexcellence_org_nicaragua_2017:2017	coe_bop	380	2026-08-28T01:54:04Z	PUBLIC_OFFICIAL_HTTP_GET	COMPLETED	https://allianceforcoffeeexcellence.org/nicaragua-2017/	https://allianceforcoffeeexcellence.org/nicaragua-2017/	200	1dfccb008f1f066e9ba74477a4a331c54454ff6c3c0d097f9efdcd213fbe712d	328363	28	28	0		complete:coe_census_nicaragua-2017.html
coe-bop-coecensusnicaragua-2018	edition:coe:allianceforcoffeeexcellence_org_nicaragua_2018:2018	coe_bop	381	2026-08-28T01:54:04Z	PUBLIC_OFFICIAL_HTTP_GET	COMPLETED	https://allianceforcoffeeexcellence.org/nicaragua-2018/	https://allianceforcoffeeexcellence.org/nicaragua-2018/	200	a423394a4f3af8527713f834466be357928f860eb32626ac5df49f333e44caf6	424430	40	40	0		complete:coe_census_nicaragua-2018.html
coe-bop-coecensusnicaragua-2020	edition:coe:allianceforcoffeeexcellence_org_nicaragua_2020:2020	coe_bop	382	2026-08-28T01:54:05Z	PUBLIC_OFFICIAL_HTTP_GET	COMPLETED	https://allianceforcoffeeexcellence.org/nicaragua-2020/	https://allianceforcoffeeexcellence.org/nicaragua-2020/	200	5de7a97bc03c10b826d6be95bf5a93e34880d9bf1dcd15a0d1b5b59bed031b0f	348936	18	18	0		complete:coe_census_nicaragua-2020.html
coe-bop-coecensusnicaragua-2021	edition:coe:allianceforcoffeeexcellence_org_nicaragua_2021:2021	coe_bop	383	2026-08-28T01:54:06Z	PUBLIC_OFFICIAL_HTTP_GET	COMPLETED	https://allianceforcoffeeexcellence.org/nicaragua-2021/	https://allianceforcoffeeexcellence.org/nicaragua-2021/	200	48046c27d1851dda76ae4a1d0cd53e79152112cd713c7fdc2c4048404b8ec24d	434527	26	26	0		complete:coe_census_nicaragua-2021.html
coe-bop-coecensusnicaragua-2022	edition:coe:allianceforcoffeeexcellence_org_nicaragua_2022:2022	coe_bop	384	2026-08-28T01:54:08Z	PUBLIC_OFFICIAL_HTTP_GET	COMPLETED	https://allianceforcoffeeexcellence.org/nicaragua-2022/	https://allianceforcoffeeexcellence.org/nicaragua-2022/	200	a615205aea8eae0dafd522d8aec7d7fec8ae9de6beea2f5d63e200fde60fe32b	440131	27	27	0		complete:coe_census_nicaragua-2022.html
coe-bop-coecensusnicaragua-2023	edition:coe:allianceforcoffeeexcellence_org_nicaragua_2023:2023	coe_bop	385	2026-08-28T01:54:09Z	PUBLIC_OFFICIAL_HTTP_GET	COMPLETED	https://allianceforcoffeeexcellence.org/nicaragua-2023/	https://allianceforcoffeeexcellence.org/nicaragua-2023/	200	83bb285204df3175b9c5d9b8ac502f70b87987c048e616f09ec1b91f95dc9f4d	388302	18	18	0		complete:coe_census_nicaragua-2023.html
coe-bop-coecensusnicaragua-2024	edition:coe:allianceforcoffeeexcellence_org_nicaragua_2024:2024	coe_bop	386	2026-08-28T01:54:10Z	PUBLIC_OFFICIAL_HTTP_GET	COMPLETED	https://allianceforcoffeeexcellence.org/nicaragua-2024/	https://allianceforcoffeeexcellence.org/nicaragua-2024/	200	bf8228c0bfae53be7eb4e44c81ac9211269e4340f125d0b6f8a82ac956572b9f	388455	31	31	0		complete:coe_census_nicaragua-2024.html
coe-bop-coecensusnicaragua-2025	edition:coe:allianceforcoffeeexcellence_org_nicaragua_2025:2025	coe_bop	387	2026-08-28T01:54:12Z	PUBLIC_OFFICIAL_HTTP_GET	COMPLETED	https://allianceforcoffeeexcellence.org/nicaragua-2025/	https://allianceforcoffeeexcellence.org/nicaragua-2025/	200	22153add49997e8cb7574ef27850655789619577cbeee9c28bf6f937cc6d55e4	399004	16	16	0		complete:coe_census_nicaragua-2025.html
coe-bop-coecensusnicaragua-2026	edition:coe:allianceforcoffeeexcellence_org_nicaragua_2026:2026	coe_bop	388	2026-08-28T01:54:13Z	PUBLIC_OFFICIAL_HTTP_GET	COMPLETED	https://allianceforcoffeeexcellence.org/nicaragua-2026/	https://allianceforcoffeeexcellence.org/nicaragua-2026/	200	1e5f80060a338f3704040f346cc34e0aecfa9c2fc0822c56819a640a4f4ffd0d	378220	12	12	0		complete:coe_census_nicaragua-2026.html
coe-bop-coecensusperu-2017	edition:coe:allianceforcoffeeexcellence_org_peru_2017:2017	coe_bop	389	2026-08-28T01:54:13Z	PUBLIC_OFFICIAL_HTTP_GET	COMPLETED	https://allianceforcoffeeexcellence.org/peru-2017/	https://allianceforcoffeeexcellence.org/peru-2017/	200	1d491d4d6307fe2361d6d97ca1d2f018d2ed1e166b1491bb1df75001a33e4a6c	328018	24	24	0		complete:coe_census_peru-2017.html
coe-bop-coecensusperu-2018	edition:coe:allianceforcoffeeexcellence_org_peru_2018:2018	coe_bop	390	2026-08-28T01:54:14Z	PUBLIC_OFFICIAL_HTTP_GET	COMPLETED	https://allianceforcoffeeexcellence.org/peru-2018/	https://allianceforcoffeeexcellence.org/peru-2018/	200	d0f9a67053818ea68bc90d66c809aa182d4b12006ab0c527249a56466f45194d	452438	24	24	0		complete:coe_census_peru-2018.html
coe-bop-coecensusperu-2019	edition:coe:allianceforcoffeeexcellence_org_peru_2019:2019	coe_bop	391	2026-08-28T01:54:17Z	PUBLIC_OFFICIAL_HTTP_GET	COMPLETED	https://allianceforcoffeeexcellence.org/peru-2019/	https://allianceforcoffeeexcellence.org/peru-2019/	200	f99cdb359ed52af61d098695408af23550756f89f3ff74936d692cd0f6421048	412148	24	24	0		complete:coe_census_peru-2019.html
coe-bop-coecensusperu-2020	edition:coe:allianceforcoffeeexcellence_org_peru_2020:2020	coe_bop	392	2026-08-28T01:54:17Z	PUBLIC_OFFICIAL_HTTP_GET	COMPLETED	https://allianceforcoffeeexcellence.org/peru-2020/	https://allianceforcoffeeexcellence.org/peru-2020/	200	0167f6b2f2d3de021d04d0b9444392d948afc91a3095a1e3e6af333357e86df4	355757	25	25	0		complete:coe_census_peru-2020.html
coe-bop-coecensusperu-2021	edition:coe:allianceforcoffeeexcellence_org_peru_2021:2021	coe_bop	393	2026-08-28T01:54:18Z	PUBLIC_OFFICIAL_HTTP_GET	COMPLETED	https://allianceforcoffeeexcellence.org/peru-2021/	https://allianceforcoffeeexcellence.org/peru-2021/	200	70d6db1b99613bb11b03e48101bcc4413c9bdba14db35e62ba9504e1155ea7ca	440176	27	27	0		complete:coe_census_peru-2021.html
coe-bop-coecensusperu-2022	edition:coe:allianceforcoffeeexcellence_org_peru_2022:2022	coe_bop	394	2026-08-28T01:54:21Z	PUBLIC_OFFICIAL_HTTP_GET	NO_RECORD_PAYLOAD	https://allianceforcoffeeexcellence.org/peru-2022/	https://allianceforcoffeeexcellence.org/peru-2022/	200	e28f3440dd50c692e3fdb47d68e4060f19cf849ee7457f9887d0299e5809ea11	451980	0	0	0		complete:coe_census_peru-2022.html
coe-bop-coecensusperu-2023	edition:coe:allianceforcoffeeexcellence_org_peru_2023:2023	coe_bop	395	2026-08-28T01:54:22Z	PUBLIC_OFFICIAL_HTTP_GET	COMPLETED	https://allianceforcoffeeexcellence.org/peru-2023/	https://allianceforcoffeeexcellence.org/peru-2023/	200	2906912966fdd16e2ab7a70d7c5d27746f1066152b2ec84bbff35bba157e4550	404010	33	33	0		complete:coe_census_peru-2023.html
coe-bop-coecensusperu-2024	edition:coe:allianceforcoffeeexcellence_org_peru_2024:2024	coe_bop	396	2026-08-28T01:54:23Z	PUBLIC_OFFICIAL_HTTP_GET	COMPLETED	https://allianceforcoffeeexcellence.org/peru-2024/	https://allianceforcoffeeexcellence.org/peru-2024/	200	aeca8393e33c871e0a9dfac49d4e28611a4ef20ec3f059e7c29ebcb722f40b49	353335	27	27	0		complete:coe_census_peru-2024.html
coe-bop-coecensusperu-2025	edition:coe:allianceforcoffeeexcellence_org_peru_2025:2025	coe_bop	397	2026-08-28T01:54:23Z	PUBLIC_OFFICIAL_HTTP_GET	COMPLETED	https://allianceforcoffeeexcellence.org/peru-2025/	https://allianceforcoffeeexcellence.org/peru-2025/	200	83b674daf22d57d7d42ea92c30fb3b3b2a7b4927b3da6505022238a26941cc1a	378451	32	32	0		complete:coe_census_peru-2025.html
coe-bop-coecensusperu-2026	edition:coe:allianceforcoffeeexcellence_org_peru_2026:2026	coe_bop	398	2026-08-28T01:54:26Z	PUBLIC_OFFICIAL_HTTP_GET	NO_RECORD_PAYLOAD	https://allianceforcoffeeexcellence.org/peru-2026/	https://allianceforcoffeeexcellence.org/peru-2026/	200	2ebad440d5be24e345f8c1d2aa9da222f9d421f664e9e08b304e026ea93198a6	364044	0	0	0		complete:coe_census_peru-2026.html
coe-bop-coecensusrwanda-2008	edition:coe:allianceforcoffeeexcellence_org_rwanda_2008:2008	coe_bop	399	2026-08-28T01:54:26Z	PUBLIC_OFFICIAL_HTTP_GET	COMPLETED	https://allianceforcoffeeexcellence.org/rwanda-2008/	https://allianceforcoffeeexcellence.org/rwanda-2008/	200	92853bafa4c779d886cf6d291c86c26944ecd8b2695e726d25f4d4be73e62ac6	322397	24	24	0		complete:coe_census_rwanda-2008.html
coe-bop-coecensusrwanda-2010	edition:coe:allianceforcoffeeexcellence_org_rwanda_2010:2010	coe_bop	400	2026-08-28T01:54:26Z	PUBLIC_OFFICIAL_HTTP_GET	COMPLETED	https://allianceforcoffeeexcellence.org/rwanda-2010/	https://allianceforcoffeeexcellence.org/rwanda-2010/	200	c0f34ee2f364e395ac4ef482fba4f0fdc925d8de1a1d75235b8d2f15267762f2	320454	22	22	0		complete:coe_census_rwanda-2010.html
coe-bop-coecensusrwanda-2011	edition:coe:allianceforcoffeeexcellence_org_rwanda_2011:2011	coe_bop	401	2026-08-28T01:54:27Z	PUBLIC_OFFICIAL_HTTP_GET	COMPLETED	https://allianceforcoffeeexcellence.org/rwanda-2011/	https://allianceforcoffeeexcellence.org/rwanda-2011/	200	8e0c98a409a5089cd88d37c8615862062f38fb753f556cbb344a150435c34598	335748	36	36	0		complete:coe_census_rwanda-2011.html
coe-bop-coecensusrwanda-2012	edition:coe:allianceforcoffeeexcellence_org_rwanda_2012:2012	coe_bop	402	2026-08-28T01:54:30Z	PUBLIC_OFFICIAL_HTTP_GET	COMPLETED	https://allianceforcoffeeexcellence.org/rwanda-2012/	https://allianceforcoffeeexcellence.org/rwanda-2012/	200	90d178bd3a432e73da612ca1024a20319a293a49a1d1a76cdb2b9d959b599274	325778	26	26	0		complete:coe_census_rwanda-2012.html
coe-bop-coecensusrwanda-2013	edition:coe:allianceforcoffeeexcellence_org_rwanda_2013:2013	coe_bop	403	2026-08-28T01:54:30Z	PUBLIC_OFFICIAL_HTTP_GET	COMPLETED	https://allianceforcoffeeexcellence.org/rwanda-2013/	https://allianceforcoffeeexcellence.org/rwanda-2013/	200	ab78b5028621dde7292307e3719bd34db02036823f15d32ea21ec3edfbc42010	313052	15	15	0		complete:coe_census_rwanda-2013.html
coe-bop-coecensusrwanda-2014	edition:coe:allianceforcoffeeexcellence_org_rwanda_2014:2014	coe_bop	404	2026-08-28T01:54:30Z	PUBLIC_OFFICIAL_HTTP_GET	COMPLETED	https://allianceforcoffeeexcellence.org/rwanda-2014/	https://allianceforcoffeeexcellence.org/rwanda-2014/	200	118adbafc548aaa42eae7fe63e2ea8a84209def85b067013b77ca1d30788169f	349937	28	28	0		complete:coe_census_rwanda-2014.html
coe-bop-coecensusrwanda-2015	edition:coe:allianceforcoffeeexcellence_org_rwanda_2015:2015	coe_bop	405	2026-08-28T01:54:31Z	PUBLIC_OFFICIAL_HTTP_GET	COMPLETED	https://allianceforcoffeeexcellence.org/rwanda-2015/	https://allianceforcoffeeexcellence.org/rwanda-2015/	200	f12e5966dced42fe22ec07af78777c8da409326cea15a626d0377e8600d52146	278225	24	24	0		complete:coe_census_rwanda-2015.html
coe-bop-coecensusrwanda-2018	edition:coe:allianceforcoffeeexcellence_org_rwanda_2018:2018	coe_bop	406	2026-08-28T01:54:33Z	PUBLIC_OFFICIAL_HTTP_GET	COMPLETED	https://allianceforcoffeeexcellence.org/rwanda-2018/	https://allianceforcoffeeexcellence.org/rwanda-2018/	200	e18731591ec67cca5d63c7a340142fac3330af3299309b5614a3a225e5e9d0b3	331611	31	31	0		complete:coe_census_rwanda-2018.html
coe-bop-coecensustaiwan-2024	edition:coe:allianceforcoffeeexcellence_org_taiwan_2024:2024	coe_bop	407	2026-08-28T01:54:33Z	PUBLIC_OFFICIAL_HTTP_GET	COMPLETED	https://allianceforcoffeeexcellence.org/taiwan-2024/	https://allianceforcoffeeexcellence.org/taiwan-2024/	200	c0dbbc22ffa6996afd2dd97d0d7772af6daec9e642dfe7c857a1612f02a3b21e	351561	20	20	0		complete:coe_census_taiwan-2024.html
coe-bop-coecensustaiwan-2025	edition:coe:allianceforcoffeeexcellence_org_taiwan_2025:2025	coe_bop	408	2026-08-28T01:54:34Z	PUBLIC_OFFICIAL_HTTP_GET	NO_RECORD_PAYLOAD	https://allianceforcoffeeexcellence.org/taiwan-2025/	https://allianceforcoffeeexcellence.org/taiwan-2025/	200	8b0bd3051a69dd0561a47acafea3101704fb9b61399d4a8132e4db67a55abf09	374862	0	0	0		complete:coe_census_taiwan-2025.html
coe-bop-coecensusthailand-2023	edition:coe:allianceforcoffeeexcellence_org_thailand_2023:2023	coe_bop	409	2026-08-28T01:54:34Z	PUBLIC_OFFICIAL_HTTP_GET	COMPLETED	https://allianceforcoffeeexcellence.org/thailand-2023/	https://allianceforcoffeeexcellence.org/thailand-2023/	200	10ba15bba1379e3bae52c5642e913c8ad6e1c2033686b3ed0ee0c75998f508ae	407714	17	17	0		complete:coe_census_thailand-2023.html
coe-bop-coecensusthailand-2024	edition:coe:allianceforcoffeeexcellence_org_thailand_2024:2024	coe_bop	410	2026-08-28T01:54:35Z	PUBLIC_OFFICIAL_HTTP_GET	COMPLETED	https://allianceforcoffeeexcellence.org/thailand-2024/	https://allianceforcoffeeexcellence.org/thailand-2024/	200	1d0bf3e5a2b0e25a26ace57cc4afc7f364aac9479345ec744904d74cfb98afc4	360537	29	29	0		complete:coe_census_thailand-2024.html
coe-bop-coecensusthailand-2025	edition:coe:allianceforcoffeeexcellence_org_thailand_2025:2025	coe_bop	411	2026-08-28T01:54:37Z	PUBLIC_OFFICIAL_HTTP_GET	COMPLETED	https://allianceforcoffeeexcellence.org/thailand-2025/	https://allianceforcoffeeexcellence.org/thailand-2025/	200	6217783fc4a6a56c5fe70f6f4bbeab8f7e82d222e685a3b8cc6026a5aeb1374c	389207	23	23	0		complete:coe_census_thailand-2025.html
coe-bop-coecensusthailand-2026	edition:coe:allianceforcoffeeexcellence_org_thailand_2026:2026	coe_bop	412	2026-08-28T01:54:38Z	PUBLIC_OFFICIAL_HTTP_GET	COMPLETED	https://allianceforcoffeeexcellence.org/thailand-2026/	https://allianceforcoffeeexcellence.org/thailand-2026/	200	ebfead4c20b3bafd34a45139bdd1537a44ca3d06212502b0d8bf53bdccb973bc	419453	25	25	0		complete:coe_census_thailand-2026.html
coe-bop-coecompetitionauctionresults	source:coe_archive	coe_bop	413	2026-08-28T01:23:21Z	PUBLIC_OFFICIAL_HTTP_GET	COMPLETED	https://cupofexcellence.org/competition-auction-results/	https://cupofexcellence.org/competition-auction-results/	200	356012cb5c9039b973deae9bb4f620e63ebb5eef2ff3f349051f621ebe82734a	153546	0	0	0		complete:coe_competition_auction_results.html
coe-bop-coefarmdirectorylistingspage001	source:coe_farm_directory	coe_bop	414	2026-08-28T01:23:21Z	PUBLIC_OFFICIAL_HTTP_GET	COMPLETED	https://farmdirectory.cupofexcellence.org/listings/	https://farmdirectory.cupofexcellence.org/listings/	200	73123093fd0b719f22950850e2c8eaf138b50dcbfd9fd64b595964ab7dd0b74a	128083	10	10	0		complete:coe_farmdirectory_listings_page_001.html
coe-bop-coefarmdirectorylistingspage002	source:coe_farm_directory	coe_bop	415	2026-08-28T01:24:02Z	PUBLIC_OFFICIAL_HTTP_GET	COMPLETED	https://farmdirectory.cupofexcellence.org/listings/?pg=2	https://farmdirectory.cupofexcellence.org/listings/?pg=2	200	ac99ced97c49e64b5524c4b77dc4656561922f6bd3e40514e3930c654d4b5038	128647	10	10	0		complete:coe_farmdirectory_listings_page_002.html
coe-bop-coefarmdirectorylistingspage003	source:coe_farm_directory	coe_bop	416	2026-08-28T01:24:01Z	PUBLIC_OFFICIAL_HTTP_GET	COMPLETED	https://farmdirectory.cupofexcellence.org/listings/?pg=3	https://farmdirectory.cupofexcellence.org/listings/?pg=3	200	f25a7860e69a30de530cd46e9618a5414e5fefdd5a67a3c1d521e931b319666b	128636	10	10	0		complete:coe_farmdirectory_listings_page_003.html
coe-bop-coefarmdirectorylistingspage004	source:coe_farm_directory	coe_bop	417	2026-08-28T01:24:02Z	PUBLIC_OFFICIAL_HTTP_GET	COMPLETED	https://farmdirectory.cupofexcellence.org/listings/?pg=4	https://farmdirectory.cupofexcellence.org/listings/?pg=4	200	ec52977a3d6b27db82309d0ae9c37fc3a59f921676336990aac2b89274582fba	128756	10	10	0		complete:coe_farmdirectory_listings_page_004.html
coe-bop-coefarmdirectorylistingspage005	source:coe_farm_directory	coe_bop	418	2026-08-28T01:24:01Z	PUBLIC_OFFICIAL_HTTP_GET	COMPLETED	https://farmdirectory.cupofexcellence.org/listings/?pg=5	https://farmdirectory.cupofexcellence.org/listings/?pg=5	200	f3a5178b7ff0e8bef399d5dcda06c3dae5935541769a0e659d380095a5120cd7	128882	10	10	0		complete:coe_farmdirectory_listings_page_005.html
coe-bop-coefarmdirectorylistingspage006	source:coe_farm_directory	coe_bop	419	2026-08-28T01:24:02Z	PUBLIC_OFFICIAL_HTTP_GET	COMPLETED	https://farmdirectory.cupofexcellence.org/listings/?pg=6	https://farmdirectory.cupofexcellence.org/listings/?pg=6	200	e17cb0609d5da9d549ff113274828e208c7855745d32732ce2df28aa60b27cbf	128710	10	10	0		complete:coe_farmdirectory_listings_page_006.html
coe-bop-coefarmdirectorylistingspage007	source:coe_farm_directory	coe_bop	420	2026-08-28T01:24:02Z	PUBLIC_OFFICIAL_HTTP_GET	COMPLETED	https://farmdirectory.cupofexcellence.org/listings/?pg=7	https://farmdirectory.cupofexcellence.org/listings/?pg=7	200	2e66af20ba65735a169092b83e0ea9e72dab9ecbce617eb22b81dc62889bda40	128964	10	10	0		complete:coe_farmdirectory_listings_page_007.html
coe-bop-coefarmdirectorylistingspage008	source:coe_farm_directory	coe_bop	421	2026-08-28T01:24:03Z	PUBLIC_OFFICIAL_HTTP_GET	COMPLETED	https://farmdirectory.cupofexcellence.org/listings/?pg=8	https://farmdirectory.cupofexcellence.org/listings/?pg=8	200	c63e1cd005f684bec4061cfa5ae48be75da7e93115e607c745bc291e2761a04c	129256	10	10	0		complete:coe_farmdirectory_listings_page_008.html
coe-bop-coefarmdirectorylistingspage009	source:coe_farm_directory	coe_bop	422	2026-08-28T01:24:03Z	PUBLIC_OFFICIAL_HTTP_GET	COMPLETED	https://farmdirectory.cupofexcellence.org/listings/?pg=9	https://farmdirectory.cupofexcellence.org/listings/?pg=9	200	3a103db9337a96f8cd459ac7f4a751244733d9ab38f1c9dda386a8e03872c2c6	129384	10	10	0		complete:coe_farmdirectory_listings_page_009.html
coe-bop-coefarmdirectorylistingspage010	source:coe_farm_directory	coe_bop	423	2026-08-28T01:24:03Z	PUBLIC_OFFICIAL_HTTP_GET	COMPLETED	https://farmdirectory.cupofexcellence.org/listings/?pg=10	https://farmdirectory.cupofexcellence.org/listings/?pg=10	200	6df95516955443bd9be545be457dc814d219ff3a1ad7522351c11a6cee082419	129202	10	10	0		complete:coe_farmdirectory_listings_page_010.html
coe-bop-coefarmdirectorylistingspage011	source:coe_farm_directory	coe_bop	424	2026-08-28T01:24:03Z	PUBLIC_OFFICIAL_HTTP_GET	COMPLETED	https://farmdirectory.cupofexcellence.org/listings/?pg=11	https://farmdirectory.cupofexcellence.org/listings/?pg=11	200	d5c740be4e03f9f3a184ccaf81630ff4999f153d522b6b303bd5dba37e39700b	129070	10	10	0		complete:coe_farmdirectory_listings_page_011.html
coe-bop-coefarmdirectorylistingspage012	source:coe_farm_directory	coe_bop	425	2026-08-28T01:24:04Z	PUBLIC_OFFICIAL_HTTP_GET	COMPLETED	https://farmdirectory.cupofexcellence.org/listings/?pg=12	https://farmdirectory.cupofexcellence.org/listings/?pg=12	200	49dd9698e34bc42010071e05cff598d73922e6fec63003b4b993e66992bdaaf7	129123	10	10	0		complete:coe_farmdirectory_listings_page_012.html
coe-bop-coefarmdirectorylistingspage013	source:coe_farm_directory	coe_bop	426	2026-08-28T01:24:05Z	PUBLIC_OFFICIAL_HTTP_GET	COMPLETED	https://farmdirectory.cupofexcellence.org/listings/?pg=13	https://farmdirectory.cupofexcellence.org/listings/?pg=13	200	e0ec727dd6339f6e9f6abeedb8b7c93fc9d315861cb9d8c6b850a1e476d5b3ff	129039	10	10	0		complete:coe_farmdirectory_listings_page_013.html
coe-bop-coefarmdirectorylistingspage014	source:coe_farm_directory	coe_bop	427	2026-08-28T01:24:04Z	PUBLIC_OFFICIAL_HTTP_GET	COMPLETED	https://farmdirectory.cupofexcellence.org/listings/?pg=14	https://farmdirectory.cupofexcellence.org/listings/?pg=14	200	fc7d1a6dfd085cd35c568f05efc084edb5fe9ea395264cbeeef109873e9bf28e	128806	10	10	0		complete:coe_farmdirectory_listings_page_014.html
coe-bop-coefarmdirectorylistingspage015	source:coe_farm_directory	coe_bop	428	2026-08-28T01:24:05Z	PUBLIC_OFFICIAL_HTTP_GET	COMPLETED	https://farmdirectory.cupofexcellence.org/listings/?pg=15	https://farmdirectory.cupofexcellence.org/listings/?pg=15	200	d2ef6749860c4a81069befe08f644c98adbb1448e6b1f469a0c9f70c82202026	128696	10	10	0		complete:coe_farmdirectory_listings_page_015.html
coe-bop-coefarmdirectorylistingspage016	source:coe_farm_directory	coe_bop	429	2026-08-28T01:24:05Z	PUBLIC_OFFICIAL_HTTP_GET	COMPLETED	https://farmdirectory.cupofexcellence.org/listings/?pg=16	https://farmdirectory.cupofexcellence.org/listings/?pg=16	200	2820746d440e09387be10cf672ea55df12e8a3049ede690618ee4e400b9622a4	128776	10	10	0		complete:coe_farmdirectory_listings_page_016.html
coe-bop-coefarmdirectorylistingspage017	source:coe_farm_directory	coe_bop	430	2026-08-28T01:24:04Z	PUBLIC_OFFICIAL_HTTP_GET	COMPLETED	https://farmdirectory.cupofexcellence.org/listings/?pg=17	https://farmdirectory.cupofexcellence.org/listings/?pg=17	200	81f3692c0d6c4be45096e68d9455e99b9488bb6a51f0f0ca074fa106396f5140	129263	10	10	0		complete:coe_farmdirectory_listings_page_017.html
coe-bop-coefarmdirectorylistingspage018	source:coe_farm_directory	coe_bop	431	2026-08-28T01:24:05Z	PUBLIC_OFFICIAL_HTTP_GET	COMPLETED	https://farmdirectory.cupofexcellence.org/listings/?pg=18	https://farmdirectory.cupofexcellence.org/listings/?pg=18	200	5f9e0b912cb15a64ca0a3bf960a6dca50615ab57ec68b1dd6bcd6d3c2d3398c1	128981	10	10	0		complete:coe_farmdirectory_listings_page_018.html
coe-bop-coefarmdirectorylistingspage019	source:coe_farm_directory	coe_bop	432	2026-08-28T01:24:06Z	PUBLIC_OFFICIAL_HTTP_GET	COMPLETED	https://farmdirectory.cupofexcellence.org/listings/?pg=19	https://farmdirectory.cupofexcellence.org/listings/?pg=19	200	29c04ef0c5127903040afc4ccd278d47b6908bde230bbb0453a5f440d3e6a5ae	129120	10	10	0		complete:coe_farmdirectory_listings_page_019.html
coe-bop-coefarmdirectorylistingspage020	source:coe_farm_directory	coe_bop	433	2026-08-28T01:24:06Z	PUBLIC_OFFICIAL_HTTP_GET	COMPLETED	https://farmdirectory.cupofexcellence.org/listings/?pg=20	https://farmdirectory.cupofexcellence.org/listings/?pg=20	200	317485a463b93c1728f6e208001cdefba1d64d1700c69f560e0d1f1fa4eee3cf	129275	10	10	0		complete:coe_farmdirectory_listings_page_020.html
coe-bop-coefarmdirectorylistingspage021	source:coe_farm_directory	coe_bop	434	2026-08-28T01:24:06Z	PUBLIC_OFFICIAL_HTTP_GET	COMPLETED	https://farmdirectory.cupofexcellence.org/listings/?pg=21	https://farmdirectory.cupofexcellence.org/listings/?pg=21	200	ff7580e905de28a70ec465789ba7d116064b357c99fd507ca0688f814680bb72	129466	10	10	0		complete:coe_farmdirectory_listings_page_021.html
coe-bop-coefarmdirectorylistingspage022	source:coe_farm_directory	coe_bop	435	2026-08-28T01:24:06Z	PUBLIC_OFFICIAL_HTTP_GET	COMPLETED	https://farmdirectory.cupofexcellence.org/listings/?pg=22	https://farmdirectory.cupofexcellence.org/listings/?pg=22	200	0af073ed0b6d10a1193a54fee4e9355781a168c1a5b781cd11e8ba30525ed898	129023	10	10	0		complete:coe_farmdirectory_listings_page_022.html
coe-bop-coefarmdirectorylistingspage023	source:coe_farm_directory	coe_bop	436	2026-08-28T01:24:06Z	PUBLIC_OFFICIAL_HTTP_GET	COMPLETED	https://farmdirectory.cupofexcellence.org/listings/?pg=23	https://farmdirectory.cupofexcellence.org/listings/?pg=23	200	49c7f337ace9a20df893239d617840b544cd8a39a74cc45af0598a3da43b333f	128458	10	10	0		complete:coe_farmdirectory_listings_page_023.html
coe-bop-coefarmdirectorylistingspage024	source:coe_farm_directory	coe_bop	437	2026-08-28T01:24:07Z	PUBLIC_OFFICIAL_HTTP_GET	COMPLETED	https://farmdirectory.cupofexcellence.org/listings/?pg=24	https://farmdirectory.cupofexcellence.org/listings/?pg=24	200	1799e4207ef2968d48c105b5320be66599aec20bd1da9acd14a692791c391f1e	128416	10	10	0		complete:coe_farmdirectory_listings_page_024.html
coe-bop-coefarmdirectorylistingspage025	source:coe_farm_directory	coe_bop	438	2026-08-28T01:24:07Z	PUBLIC_OFFICIAL_HTTP_GET	COMPLETED	https://farmdirectory.cupofexcellence.org/listings/?pg=25	https://farmdirectory.cupofexcellence.org/listings/?pg=25	200	fcea5a819f25246fb1b83ec6816b11cba2bd8b9f783b3d018dfe34c02b866118	128368	10	10	0		complete:coe_farmdirectory_listings_page_025.html
coe-bop-coefarmdirectorylistingspage026	source:coe_farm_directory	coe_bop	439	2026-08-28T01:24:07Z	PUBLIC_OFFICIAL_HTTP_GET	COMPLETED	https://farmdirectory.cupofexcellence.org/listings/?pg=26	https://farmdirectory.cupofexcellence.org/listings/?pg=26	200	b6d63420191c26294a61629662120df270b9c4867142f06e808ce77cf61b9ce9	129016	10	10	0		complete:coe_farmdirectory_listings_page_026.html
coe-bop-coefarmdirectorylistingspage027	source:coe_farm_directory	coe_bop	440	2026-08-28T01:24:08Z	PUBLIC_OFFICIAL_HTTP_GET	COMPLETED	https://farmdirectory.cupofexcellence.org/listings/?pg=27	https://farmdirectory.cupofexcellence.org/listings/?pg=27	200	70a7f761a46688f5176a262db144a614dd22a9cc5ef801b9e8ea7bfbd726cde4	129219	10	10	0		complete:coe_farmdirectory_listings_page_027.html
coe-bop-coefarmdirectorylistingspage028	source:coe_farm_directory	coe_bop	441	2026-08-28T01:24:08Z	PUBLIC_OFFICIAL_HTTP_GET	COMPLETED	https://farmdirectory.cupofexcellence.org/listings/?pg=28	https://farmdirectory.cupofexcellence.org/listings/?pg=28	200	9b10b7f68f2c4e667c7756fa668d04b5d698f6b437e714b9fc0a804a45866284	128992	10	10	0		complete:coe_farmdirectory_listings_page_028.html
coe-bop-coefarmdirectorylistingspage029	source:coe_farm_directory	coe_bop	442	2026-08-28T01:24:08Z	PUBLIC_OFFICIAL_HTTP_GET	COMPLETED	https://farmdirectory.cupofexcellence.org/listings/?pg=29	https://farmdirectory.cupofexcellence.org/listings/?pg=29	200	abfeb3abb460a6cc8c2de03b3fa638ec9b53f2a13298373d855bfde02cee925d	129018	10	10	0		complete:coe_farmdirectory_listings_page_029.html
coe-bop-coefarmdirectorylistingspage030	source:coe_farm_directory	coe_bop	443	2026-08-28T01:24:09Z	PUBLIC_OFFICIAL_HTTP_GET	COMPLETED	https://farmdirectory.cupofexcellence.org/listings/?pg=30	https://farmdirectory.cupofexcellence.org/listings/?pg=30	200	2913419020ca2ad7acf94dee4f70132c56268070962ae6d11b252f1c006fcdd8	129878	10	10	0		complete:coe_farmdirectory_listings_page_030.html
coe-bop-coefarmdirectorylistingspage031	source:coe_farm_directory	coe_bop	444	2026-08-28T01:24:09Z	PUBLIC_OFFICIAL_HTTP_GET	COMPLETED	https://farmdirectory.cupofexcellence.org/listings/?pg=31	https://farmdirectory.cupofexcellence.org/listings/?pg=31	200	6805fe5a35bada7ea1bc158678853d4b1bc81fdba2b8fbebd29204b234687861	129752	10	10	0		complete:coe_farmdirectory_listings_page_031.html
coe-bop-coefarmdirectorylistingspage032	source:coe_farm_directory	coe_bop	445	2026-08-28T01:24:09Z	PUBLIC_OFFICIAL_HTTP_GET	COMPLETED	https://farmdirectory.cupofexcellence.org/listings/?pg=32	https://farmdirectory.cupofexcellence.org/listings/?pg=32	200	e4f660e6d7e9cec445ad91396a8e1575a4fab79bc04678b74b02f6af761828c0	128721	10	10	0		complete:coe_farmdirectory_listings_page_032.html
coe-bop-coefarmdirectorylistingspage033	source:coe_farm_directory	coe_bop	446	2026-08-28T01:24:09Z	PUBLIC_OFFICIAL_HTTP_GET	COMPLETED	https://farmdirectory.cupofexcellence.org/listings/?pg=33	https://farmdirectory.cupofexcellence.org/listings/?pg=33	200	adc5780755b86a69418a0674c70ccd51f7439d0a4e5660fd9a6648477219bc5f	127964	10	10	0		complete:coe_farmdirectory_listings_page_033.html
coe-bop-coefarmdirectorylistingspage034	source:coe_farm_directory	coe_bop	447	2026-08-28T01:24:09Z	PUBLIC_OFFICIAL_HTTP_GET	COMPLETED	https://farmdirectory.cupofexcellence.org/listings/?pg=34	https://farmdirectory.cupofexcellence.org/listings/?pg=34	200	dfc23e0e9ed27b13e130683f07ac884eed1a7574af74c2deb257ea0f85917b0e	127569	10	10	0		complete:coe_farmdirectory_listings_page_034.html
coe-bop-coefarmdirectorylistingspage035	source:coe_farm_directory	coe_bop	448	2026-08-28T01:24:10Z	PUBLIC_OFFICIAL_HTTP_GET	COMPLETED	https://farmdirectory.cupofexcellence.org/listings/?pg=35	https://farmdirectory.cupofexcellence.org/listings/?pg=35	200	5bfda3ab60f2135a9803addf8abf907ebb3f25f6e7013161dd925bec51b8a1a6	128539	10	10	0		complete:coe_farmdirectory_listings_page_035.html
coe-bop-coefarmdirectorylistingspage036	source:coe_farm_directory	coe_bop	449	2026-08-28T01:24:10Z	PUBLIC_OFFICIAL_HTTP_GET	COMPLETED	https://farmdirectory.cupofexcellence.org/listings/?pg=36	https://farmdirectory.cupofexcellence.org/listings/?pg=36	200	9a9fa5a6cdf26738142b730a9490425b5d2ec1fc3a08196fea72f44333119059	128948	10	10	0		complete:coe_farmdirectory_listings_page_036.html
coe-bop-coefarmdirectorylistingspage037	source:coe_farm_directory	coe_bop	450	2026-08-28T01:24:10Z	PUBLIC_OFFICIAL_HTTP_GET	COMPLETED	https://farmdirectory.cupofexcellence.org/listings/?pg=37	https://farmdirectory.cupofexcellence.org/listings/?pg=37	200	f31e758098c1204c20f6af9424226ea852c1a07a027303aebe8558167f938167	129187	10	10	0		complete:coe_farmdirectory_listings_page_037.html
coe-bop-coefarmdirectorylistingspage038	source:coe_farm_directory	coe_bop	451	2026-08-28T01:24:11Z	PUBLIC_OFFICIAL_HTTP_GET	COMPLETED	https://farmdirectory.cupofexcellence.org/listings/?pg=38	https://farmdirectory.cupofexcellence.org/listings/?pg=38	200	ca9d106be0f3e9ccfebd9823791115e4a822eb587b5c787e7d9bcf867a44cf01	128847	10	10	0		complete:coe_farmdirectory_listings_page_038.html
coe-bop-coefarmdirectorylistingspage039	source:coe_farm_directory	coe_bop	452	2026-08-28T01:24:11Z	PUBLIC_OFFICIAL_HTTP_GET	COMPLETED	https://farmdirectory.cupofexcellence.org/listings/?pg=39	https://farmdirectory.cupofexcellence.org/listings/?pg=39	200	239df6cc391c751a86a8507d1e1b018a7e8844cba25deb2da687ca098fdce52a	129237	10	10	0		complete:coe_farmdirectory_listings_page_039.html
coe-bop-coefarmdirectorylistingspage040	source:coe_farm_directory	coe_bop	453	2026-08-28T01:24:11Z	PUBLIC_OFFICIAL_HTTP_GET	COMPLETED	https://farmdirectory.cupofexcellence.org/listings/?pg=40	https://farmdirectory.cupofexcellence.org/listings/?pg=40	200	588c84cfc9ed009f6159d6d8d7d9e4c6ecf9bdc01183cd73987114e8975afb21	129111	10	10	0		complete:coe_farmdirectory_listings_page_040.html
coe-bop-coefarmdirectorylistingspage041	source:coe_farm_directory	coe_bop	454	2026-08-28T01:24:12Z	PUBLIC_OFFICIAL_HTTP_GET	COMPLETED	https://farmdirectory.cupofexcellence.org/listings/?pg=41	https://farmdirectory.cupofexcellence.org/listings/?pg=41	200	d5453a3865dea994f776123f640c3de06e674055f3ef1364fd368285ebcbe860	129410	10	10	0		complete:coe_farmdirectory_listings_page_041.html
coe-bop-coefarmdirectorylistingspage042	source:coe_farm_directory	coe_bop	455	2026-08-28T01:24:12Z	PUBLIC_OFFICIAL_HTTP_GET	COMPLETED	https://farmdirectory.cupofexcellence.org/listings/?pg=42	https://farmdirectory.cupofexcellence.org/listings/?pg=42	200	b015784ecfa5b64196bb3ff7c800afa31214c28fab7651a7730cc63e1447a3a2	128608	10	10	0		complete:coe_farmdirectory_listings_page_042.html
coe-bop-coefarmdirectorylistingspage043	source:coe_farm_directory	coe_bop	456	2026-08-28T01:24:12Z	PUBLIC_OFFICIAL_HTTP_GET	COMPLETED	https://farmdirectory.cupofexcellence.org/listings/?pg=43	https://farmdirectory.cupofexcellence.org/listings/?pg=43	200	aeb6194084d64371b22cf0367c3d4c8f1851c2178b125872da89f1979cd9710d	128525	10	10	0		complete:coe_farmdirectory_listings_page_043.html
coe-bop-coefarmdirectorylistingspage044	source:coe_farm_directory	coe_bop	457	2026-08-28T01:24:12Z	PUBLIC_OFFICIAL_HTTP_GET	COMPLETED	https://farmdirectory.cupofexcellence.org/listings/?pg=44	https://farmdirectory.cupofexcellence.org/listings/?pg=44	200	15bcc6accb168bab23c02536df0de33f10f1028f8461cb5fc08ab80a64d5ec4e	129333	10	10	0		complete:coe_farmdirectory_listings_page_044.html
coe-bop-coefarmdirectorylistingspage045	source:coe_farm_directory	coe_bop	458	2026-08-28T01:24:13Z	PUBLIC_OFFICIAL_HTTP_GET	COMPLETED	https://farmdirectory.cupofexcellence.org/listings/?pg=45	https://farmdirectory.cupofexcellence.org/listings/?pg=45	200	51e388144d5a730afa66c0902b1a3e2342ea06bc9dcf5cd8a3735b577d159125	129106	10	10	0		complete:coe_farmdirectory_listings_page_045.html
coe-bop-coefarmdirectorylistingspage046	source:coe_farm_directory	coe_bop	459	2026-08-28T01:24:13Z	PUBLIC_OFFICIAL_HTTP_GET	COMPLETED	https://farmdirectory.cupofexcellence.org/listings/?pg=46	https://farmdirectory.cupofexcellence.org/listings/?pg=46	200	1e932005e4696b26305ccf014f906ea1f6004b72f7d43fe9027b3d8a4ac19ec7	129110	10	10	0		complete:coe_farmdirectory_listings_page_046.html
coe-bop-coefarmdirectorylistingspage047	source:coe_farm_directory	coe_bop	460	2026-08-28T01:24:14Z	PUBLIC_OFFICIAL_HTTP_GET	COMPLETED	https://farmdirectory.cupofexcellence.org/listings/?pg=47	https://farmdirectory.cupofexcellence.org/listings/?pg=47	200	4361320d787d7dc7d22ec0fa9d082fd5c8c05a1f90d5aa20d61168413d41a4c0	128930	10	10	0		complete:coe_farmdirectory_listings_page_047.html
coe-bop-coefarmdirectorylistingspage048	source:coe_farm_directory	coe_bop	461	2026-08-28T01:24:13Z	PUBLIC_OFFICIAL_HTTP_GET	COMPLETED	https://farmdirectory.cupofexcellence.org/listings/?pg=48	https://farmdirectory.cupofexcellence.org/listings/?pg=48	200	e07e2e174fa260ed62e53a0297773e2e1a4c3d3b4fb40f85a5c9ead8b76f8e29	128972	10	10	0		complete:coe_farmdirectory_listings_page_048.html
coe-bop-coefarmdirectorylistingspage049	source:coe_farm_directory	coe_bop	462	2026-08-28T01:24:14Z	PUBLIC_OFFICIAL_HTTP_GET	COMPLETED	https://farmdirectory.cupofexcellence.org/listings/?pg=49	https://farmdirectory.cupofexcellence.org/listings/?pg=49	200	e791cafab18fd7a379ad0bed8eb77edc00d1c00dacdc34558645fdfc603fe782	128860	10	10	0		complete:coe_farmdirectory_listings_page_049.html
coe-bop-coefarmdirectorylistingspage050	source:coe_farm_directory	coe_bop	463	2026-08-28T01:24:14Z	PUBLIC_OFFICIAL_HTTP_GET	COMPLETED	https://farmdirectory.cupofexcellence.org/listings/?pg=50	https://farmdirectory.cupofexcellence.org/listings/?pg=50	200	a7a58fee53165fe96a69160b51f02bebce67e101875717e38c77202970c30eb2	128796	10	10	0		complete:coe_farmdirectory_listings_page_050.html
coe-bop-coefarmdirectorylistingspage051	source:coe_farm_directory	coe_bop	464	2026-08-28T01:24:14Z	PUBLIC_OFFICIAL_HTTP_GET	COMPLETED	https://farmdirectory.cupofexcellence.org/listings/?pg=51	https://farmdirectory.cupofexcellence.org/listings/?pg=51	200	8cae5de0d0d9583619db3ec431944aeb8104805e6f8f4c4acf4a93a90fa6e238	128840	10	10	0		complete:coe_farmdirectory_listings_page_051.html
coe-bop-coefarmdirectorylistingspage052	source:coe_farm_directory	coe_bop	465	2026-08-28T01:24:15Z	PUBLIC_OFFICIAL_HTTP_GET	COMPLETED	https://farmdirectory.cupofexcellence.org/listings/?pg=52	https://farmdirectory.cupofexcellence.org/listings/?pg=52	200	b173e3f513257d0b49bdf70a3650b3e53868e210d25dd63603e42f1b9a63f648	128871	10	10	0		complete:coe_farmdirectory_listings_page_052.html
coe-bop-coefarmdirectorylistingspage053	source:coe_farm_directory	coe_bop	466	2026-08-28T01:24:15Z	PUBLIC_OFFICIAL_HTTP_GET	COMPLETED	https://farmdirectory.cupofexcellence.org/listings/?pg=53	https://farmdirectory.cupofexcellence.org/listings/?pg=53	200	b27c76430b7db15e6884634f17978697d1d81a32637aea98a95f4289869f5e99	128862	10	10	0		complete:coe_farmdirectory_listings_page_053.html
coe-bop-coefarmdirectorylistingspage054	source:coe_farm_directory	coe_bop	467	2026-08-28T01:24:15Z	PUBLIC_OFFICIAL_HTTP_GET	COMPLETED	https://farmdirectory.cupofexcellence.org/listings/?pg=54	https://farmdirectory.cupofexcellence.org/listings/?pg=54	200	931ba40672b4eb8526a1fdd51bde587690d443c3e8ddfc744b5ef6474ec66929	128774	10	10	0		complete:coe_farmdirectory_listings_page_054.html
coe-bop-coefarmdirectorylistingspage055	source:coe_farm_directory	coe_bop	468	2026-08-28T01:24:15Z	PUBLIC_OFFICIAL_HTTP_GET	COMPLETED	https://farmdirectory.cupofexcellence.org/listings/?pg=55	https://farmdirectory.cupofexcellence.org/listings/?pg=55	200	73e3212bf12c5e0e17eff904fc5db6960ebf5a22feea1ffff1bcc2900b447a56	128772	10	10	0		complete:coe_farmdirectory_listings_page_055.html
coe-bop-coefarmdirectorylistingspage056	source:coe_farm_directory	coe_bop	469	2026-08-28T01:24:16Z	PUBLIC_OFFICIAL_HTTP_GET	COMPLETED	https://farmdirectory.cupofexcellence.org/listings/?pg=56	https://farmdirectory.cupofexcellence.org/listings/?pg=56	200	9114765a244b79d325d70a46eea6baebf1967ac5057141cb1dbb4a2501daac30	128666	10	10	0		complete:coe_farmdirectory_listings_page_056.html
coe-bop-coefarmdirectorylistingspage057	source:coe_farm_directory	coe_bop	470	2026-08-28T01:24:16Z	PUBLIC_OFFICIAL_HTTP_GET	COMPLETED	https://farmdirectory.cupofexcellence.org/listings/?pg=57	https://farmdirectory.cupofexcellence.org/listings/?pg=57	200	3b9d4a653a46f2e929d0e04eb206cdf5c32168f7482f2a11a38c4b20db824b18	129098	10	10	0		complete:coe_farmdirectory_listings_page_057.html
coe-bop-coefarmdirectorylistingspage058	source:coe_farm_directory	coe_bop	471	2026-08-28T01:24:16Z	PUBLIC_OFFICIAL_HTTP_GET	COMPLETED	https://farmdirectory.cupofexcellence.org/listings/?pg=58	https://farmdirectory.cupofexcellence.org/listings/?pg=58	200	650c88a5bd6157cbe29dfc55f23a52577cbf9e0c25f9b9011f2fbc98e2d56924	129559	10	10	0		complete:coe_farmdirectory_listings_page_058.html
coe-bop-coefarmdirectorylistingspage059	source:coe_farm_directory	coe_bop	472	2026-08-28T01:24:16Z	PUBLIC_OFFICIAL_HTTP_GET	COMPLETED	https://farmdirectory.cupofexcellence.org/listings/?pg=59	https://farmdirectory.cupofexcellence.org/listings/?pg=59	200	942ae810caed81ec2630781b4ca329c1d1ef0facf1f593c7f6fdc8d8d04b1b10	129546	10	10	0		complete:coe_farmdirectory_listings_page_059.html
coe-bop-coefarmdirectorylistingspage060	source:coe_farm_directory	coe_bop	473	2026-08-28T01:24:17Z	PUBLIC_OFFICIAL_HTTP_GET	COMPLETED	https://farmdirectory.cupofexcellence.org/listings/?pg=60	https://farmdirectory.cupofexcellence.org/listings/?pg=60	200	af1d5b4a8751f4aa3fb3202c443dab671cd314085b31173d49b040a42df92042	129489	10	10	0		complete:coe_farmdirectory_listings_page_060.html
coe-bop-coefarmdirectorylistingspage061	source:coe_farm_directory	coe_bop	474	2026-08-28T01:24:17Z	PUBLIC_OFFICIAL_HTTP_GET	COMPLETED	https://farmdirectory.cupofexcellence.org/listings/?pg=61	https://farmdirectory.cupofexcellence.org/listings/?pg=61	200	3731320ec390a68bc1417fcc78184ef0684bbc7a480be655df4f7cd1fc927350	129081	10	10	0		complete:coe_farmdirectory_listings_page_061.html
coe-bop-coefarmdirectorylistingspage062	source:coe_farm_directory	coe_bop	475	2026-08-28T01:24:17Z	PUBLIC_OFFICIAL_HTTP_GET	COMPLETED	https://farmdirectory.cupofexcellence.org/listings/?pg=62	https://farmdirectory.cupofexcellence.org/listings/?pg=62	200	58ddf4ed83368a961e6765d5c53a85f6cd283352b0f2828a30d2d6cbbcb8bd64	128958	10	10	0		complete:coe_farmdirectory_listings_page_062.html
coe-bop-coefarmdirectorylistingspage063	source:coe_farm_directory	coe_bop	476	2026-08-28T01:24:18Z	PUBLIC_OFFICIAL_HTTP_GET	COMPLETED	https://farmdirectory.cupofexcellence.org/listings/?pg=63	https://farmdirectory.cupofexcellence.org/listings/?pg=63	200	b88dd83edbeca2b52af508ac8e9218b3d8430e4a832f5c8e4944cedda2e447bc	128818	10	10	0		complete:coe_farmdirectory_listings_page_063.html
coe-bop-coefarmdirectorylistingspage064	source:coe_farm_directory	coe_bop	477	2026-08-28T01:24:17Z	PUBLIC_OFFICIAL_HTTP_GET	COMPLETED	https://farmdirectory.cupofexcellence.org/listings/?pg=64	https://farmdirectory.cupofexcellence.org/listings/?pg=64	200	eff82af65230805ecbc4a8c8121f685a77686147a50186591121df39f88d06ff	129089	10	10	0		complete:coe_farmdirectory_listings_page_064.html
coe-bop-coefarmdirectorylistingspage065	source:coe_farm_directory	coe_bop	478	2026-08-28T01:24:18Z	PUBLIC_OFFICIAL_HTTP_GET	COMPLETED	https://farmdirectory.cupofexcellence.org/listings/?pg=65	https://farmdirectory.cupofexcellence.org/listings/?pg=65	200	b45a5fdc0359c508cf325d3882d3d527235218bf3e4cd3105d5c4185a129cb57	129065	10	10	0		complete:coe_farmdirectory_listings_page_065.html
coe-bop-coefarmdirectorylistingspage066	source:coe_farm_directory	coe_bop	479	2026-08-28T01:24:18Z	PUBLIC_OFFICIAL_HTTP_GET	COMPLETED	https://farmdirectory.cupofexcellence.org/listings/?pg=66	https://farmdirectory.cupofexcellence.org/listings/?pg=66	200	6feb30334066cd70c0c78480e3f34b9ed397678d210d202eb16025b786114d7a	128946	10	10	0		complete:coe_farmdirectory_listings_page_066.html
coe-bop-coefarmdirectorylistingspage067	source:coe_farm_directory	coe_bop	480	2026-08-28T01:24:18Z	PUBLIC_OFFICIAL_HTTP_GET	COMPLETED	https://farmdirectory.cupofexcellence.org/listings/?pg=67	https://farmdirectory.cupofexcellence.org/listings/?pg=67	200	fb292cf6a7044182b7700ec068644d54d3da3e268fb21e57ea335d3568b8cee0	128937	10	10	0		complete:coe_farmdirectory_listings_page_067.html
coe-bop-coefarmdirectorylistingspage068	source:coe_farm_directory	coe_bop	481	2026-08-28T01:24:19Z	PUBLIC_OFFICIAL_HTTP_GET	COMPLETED	https://farmdirectory.cupofexcellence.org/listings/?pg=68	https://farmdirectory.cupofexcellence.org/listings/?pg=68	200	efe22cb50111103398b5d86a712dec48f647346b03f48eccdd4355da3c73bb18	129009	10	10	0		complete:coe_farmdirectory_listings_page_068.html
coe-bop-coefarmdirectorylistingspage069	source:coe_farm_directory	coe_bop	482	2026-08-28T01:24:19Z	PUBLIC_OFFICIAL_HTTP_GET	COMPLETED	https://farmdirectory.cupofexcellence.org/listings/?pg=69	https://farmdirectory.cupofexcellence.org/listings/?pg=69	200	da622bd64de1aaa0376229f0209c27cf719256edf5e3bc067a64b09a537c907c	128908	10	10	0		complete:coe_farmdirectory_listings_page_069.html
coe-bop-coefarmdirectorylistingspage070	source:coe_farm_directory	coe_bop	483	2026-08-28T01:24:19Z	PUBLIC_OFFICIAL_HTTP_GET	COMPLETED	https://farmdirectory.cupofexcellence.org/listings/?pg=70	https://farmdirectory.cupofexcellence.org/listings/?pg=70	200	f26079dee591e0ed8945d23db2d2c85d182df153f0fa81969c66406a329cc0b3	129560	10	10	0		complete:coe_farmdirectory_listings_page_070.html
coe-bop-coefarmdirectorylistingspage071	source:coe_farm_directory	coe_bop	484	2026-08-28T01:24:19Z	PUBLIC_OFFICIAL_HTTP_GET	COMPLETED	https://farmdirectory.cupofexcellence.org/listings/?pg=71	https://farmdirectory.cupofexcellence.org/listings/?pg=71	200	af17049de940e4432ba0829df7cb1ae8dee51b292cd4ecd36369a568e991603e	130981	10	10	0		complete:coe_farmdirectory_listings_page_071.html
coe-bop-coefarmdirectorylistingspage072	source:coe_farm_directory	coe_bop	485	2026-08-28T01:24:20Z	PUBLIC_OFFICIAL_HTTP_GET	COMPLETED	https://farmdirectory.cupofexcellence.org/listings/?pg=72	https://farmdirectory.cupofexcellence.org/listings/?pg=72	200	8540ebabe4225f67704f3060afb59847f6394f2fcfe8b1628d5bc891fa05de47	130763	10	10	0		complete:coe_farmdirectory_listings_page_072.html
coe-bop-coefarmdirectorylistingspage073	source:coe_farm_directory	coe_bop	486	2026-08-28T01:24:20Z	PUBLIC_OFFICIAL_HTTP_GET	COMPLETED	https://farmdirectory.cupofexcellence.org/listings/?pg=73	https://farmdirectory.cupofexcellence.org/listings/?pg=73	200	17b5bcd656372948aa54407d2255b90197cf1a0720ecf7a9c04bdb1540f2d96a	130392	10	10	0		complete:coe_farmdirectory_listings_page_073.html
coe-bop-coefarmdirectorylistingspage074	source:coe_farm_directory	coe_bop	487	2026-08-28T01:24:20Z	PUBLIC_OFFICIAL_HTTP_GET	COMPLETED	https://farmdirectory.cupofexcellence.org/listings/?pg=74	https://farmdirectory.cupofexcellence.org/listings/?pg=74	200	adca988fb6b35d462b4bccae36f64688e9d27b7e0a7c4ce8ac97214ae0734706	130717	10	10	0		complete:coe_farmdirectory_listings_page_074.html
coe-bop-coefarmdirectorylistingspage075	source:coe_farm_directory	coe_bop	488	2026-08-28T01:24:21Z	PUBLIC_OFFICIAL_HTTP_GET	COMPLETED	https://farmdirectory.cupofexcellence.org/listings/?pg=75	https://farmdirectory.cupofexcellence.org/listings/?pg=75	200	7154a9988adae46a8e8174f32a3d812992c4a63dadfb44f9db4c17f6d51b0e30	130985	10	10	0		complete:coe_farmdirectory_listings_page_075.html
coe-bop-coefarmdirectorylistingspage076	source:coe_farm_directory	coe_bop	489	2026-08-28T01:24:21Z	PUBLIC_OFFICIAL_HTTP_GET	COMPLETED	https://farmdirectory.cupofexcellence.org/listings/?pg=76	https://farmdirectory.cupofexcellence.org/listings/?pg=76	200	f573ed936b9598438323d279946aa3c78273d55c1c67427a569f4ed20e6ef2d4	130828	10	10	0		complete:coe_farmdirectory_listings_page_076.html
coe-bop-coefarmdirectorylistingspage077	source:coe_farm_directory	coe_bop	490	2026-08-28T01:24:21Z	PUBLIC_OFFICIAL_HTTP_GET	COMPLETED	https://farmdirectory.cupofexcellence.org/listings/?pg=77	https://farmdirectory.cupofexcellence.org/listings/?pg=77	200	18bac419d6ddb560ef1f23334e6a9da68c344ef809b825a1b6cd779509de778a	130707	10	10	0		complete:coe_farmdirectory_listings_page_077.html
coe-bop-coefarmdirectorylistingspage078	source:coe_farm_directory	coe_bop	491	2026-08-28T01:24:21Z	PUBLIC_OFFICIAL_HTTP_GET	COMPLETED	https://farmdirectory.cupofexcellence.org/listings/?pg=78	https://farmdirectory.cupofexcellence.org/listings/?pg=78	200	192408781778cedec81fa84dd90a88c9a4ae5b967405ec1d2c32865cc607b571	130117	10	10	0		complete:coe_farmdirectory_listings_page_078.html
coe-bop-coefarmdirectorylistingspage079	source:coe_farm_directory	coe_bop	492	2026-08-28T01:24:21Z	PUBLIC_OFFICIAL_HTTP_GET	COMPLETED	https://farmdirectory.cupofexcellence.org/listings/?pg=79	https://farmdirectory.cupofexcellence.org/listings/?pg=79	200	a44acd9fabf63fecb5d74c88cc508c33c39bba05793144d66a9c7f0d3fbdde62	130442	10	10	0		complete:coe_farmdirectory_listings_page_079.html
coe-bop-coefarmdirectorylistingspage080	source:coe_farm_directory	coe_bop	493	2026-08-28T01:24:22Z	PUBLIC_OFFICIAL_HTTP_GET	COMPLETED	https://farmdirectory.cupofexcellence.org/listings/?pg=80	https://farmdirectory.cupofexcellence.org/listings/?pg=80	200	d95f560824e1424bfbcc2f3c47795497e73d71a28505022230df4addf9c7c5c5	130309	10	10	0		complete:coe_farmdirectory_listings_page_080.html
coe-bop-coefarmdirectorylistingspage081	source:coe_farm_directory	coe_bop	494	2026-08-28T01:24:22Z	PUBLIC_OFFICIAL_HTTP_GET	COMPLETED	https://farmdirectory.cupofexcellence.org/listings/?pg=81	https://farmdirectory.cupofexcellence.org/listings/?pg=81	200	e0f4e53a1834d9a8a9285ab281e6ef6efd06d68a823f2a85d2b8e9ba423f804b	130320	10	10	0		complete:coe_farmdirectory_listings_page_081.html
coe-bop-coefarmdirectorylistingspage082	source:coe_farm_directory	coe_bop	495	2026-08-28T01:24:22Z	PUBLIC_OFFICIAL_HTTP_GET	COMPLETED	https://farmdirectory.cupofexcellence.org/listings/?pg=82	https://farmdirectory.cupofexcellence.org/listings/?pg=82	200	365ce3aa212bf5a51eddb8a9d6ac88988b98fd47b0e182fc5056cf3e77357b82	130312	10	10	0		complete:coe_farmdirectory_listings_page_082.html
coe-bop-coefarmdirectorylistingspage083	source:coe_farm_directory	coe_bop	496	2026-08-28T01:24:23Z	PUBLIC_OFFICIAL_HTTP_GET	COMPLETED	https://farmdirectory.cupofexcellence.org/listings/?pg=83	https://farmdirectory.cupofexcellence.org/listings/?pg=83	200	046d33c314a70c09af2d096148957a95e70a46f618a2d9f8d171d698c263600d	130424	10	10	0		complete:coe_farmdirectory_listings_page_083.html
coe-bop-coefarmdirectorylistingspage084	source:coe_farm_directory	coe_bop	497	2026-08-28T01:24:23Z	PUBLIC_OFFICIAL_HTTP_GET	COMPLETED	https://farmdirectory.cupofexcellence.org/listings/?pg=84	https://farmdirectory.cupofexcellence.org/listings/?pg=84	200	b36cee0523382dfa7cdafa0398c347f511b77b35eeef7e7afdbd7b29b896f620	130659	10	10	0		complete:coe_farmdirectory_listings_page_084.html
coe-bop-coefarmdirectorylistingspage085	source:coe_farm_directory	coe_bop	498	2026-08-28T01:24:23Z	PUBLIC_OFFICIAL_HTTP_GET	COMPLETED	https://farmdirectory.cupofexcellence.org/listings/?pg=85	https://farmdirectory.cupofexcellence.org/listings/?pg=85	200	176884b6f87d90a2f533d69d560b733facd692f1c9c66ecba2e4a615b6eff27a	130643	10	10	0		complete:coe_farmdirectory_listings_page_085.html
coe-bop-coefarmdirectorylistingspage086	source:coe_farm_directory	coe_bop	499	2026-08-28T01:24:24Z	PUBLIC_OFFICIAL_HTTP_GET	COMPLETED	https://farmdirectory.cupofexcellence.org/listings/?pg=86	https://farmdirectory.cupofexcellence.org/listings/?pg=86	200	4d60dd1050cffa72f8986269bb1a39eccbc6be560619f9a7c0d5abff0aa11c8a	130996	10	10	0		complete:coe_farmdirectory_listings_page_086.html
coe-bop-coefarmdirectorylistingspage087	source:coe_farm_directory	coe_bop	500	2026-08-28T01:24:24Z	PUBLIC_OFFICIAL_HTTP_GET	COMPLETED	https://farmdirectory.cupofexcellence.org/listings/?pg=87	https://farmdirectory.cupofexcellence.org/listings/?pg=87	200	3d13eefc168ee5626ae1073baaa94d3568f869b0d7a08332a0384f27ad597e10	130868	10	10	0		complete:coe_farmdirectory_listings_page_087.html
coe-bop-coefarmdirectorylistingspage088	source:coe_farm_directory	coe_bop	501	2026-08-28T01:24:24Z	PUBLIC_OFFICIAL_HTTP_GET	COMPLETED	https://farmdirectory.cupofexcellence.org/listings/?pg=88	https://farmdirectory.cupofexcellence.org/listings/?pg=88	200	5d3513bd271ef4d35c7513b4dc4bbcac08d344de0d9e58050aea26a0d3017a13	130298	10	10	0		complete:coe_farmdirectory_listings_page_088.html
coe-bop-coefarmdirectorylistingspage089	source:coe_farm_directory	coe_bop	502	2026-08-28T01:24:24Z	PUBLIC_OFFICIAL_HTTP_GET	COMPLETED	https://farmdirectory.cupofexcellence.org/listings/?pg=89	https://farmdirectory.cupofexcellence.org/listings/?pg=89	200	196407a006719985bf60dfc9bd0d390e842cf5d2c8e4bc5b42eac6e146341b97	129011	10	10	0		complete:coe_farmdirectory_listings_page_089.html
coe-bop-coefarmdirectorylistingspage090	source:coe_farm_directory	coe_bop	503	2026-08-28T01:24:24Z	PUBLIC_OFFICIAL_HTTP_GET	COMPLETED	https://farmdirectory.cupofexcellence.org/listings/?pg=90	https://farmdirectory.cupofexcellence.org/listings/?pg=90	200	90379b1af3f90f51783620cb7bc2372ebbdecb0137574b0c8f58ee3ae851428e	128668	10	10	0		complete:coe_farmdirectory_listings_page_090.html
coe-bop-coefarmdirectorylistingspage091	source:coe_farm_directory	coe_bop	504	2026-08-28T01:24:25Z	PUBLIC_OFFICIAL_HTTP_GET	COMPLETED	https://farmdirectory.cupofexcellence.org/listings/?pg=91	https://farmdirectory.cupofexcellence.org/listings/?pg=91	200	574bdffd83e9a216b557d52405037063b68386821456562ed7ee7bbc44650c29	128667	10	10	0		complete:coe_farmdirectory_listings_page_091.html
coe-bop-coefarmdirectorylistingspage092	source:coe_farm_directory	coe_bop	505	2026-08-28T01:24:25Z	PUBLIC_OFFICIAL_HTTP_GET	COMPLETED	https://farmdirectory.cupofexcellence.org/listings/?pg=92	https://farmdirectory.cupofexcellence.org/listings/?pg=92	200	1c001d1cb9f7013f1048618d2b2fcd775d963552ffdb36cb815160f3fdb659ba	128247	10	10	0		complete:coe_farmdirectory_listings_page_092.html
coe-bop-coefarmdirectorylistingspage093	source:coe_farm_directory	coe_bop	506	2026-08-28T01:24:25Z	PUBLIC_OFFICIAL_HTTP_GET	COMPLETED	https://farmdirectory.cupofexcellence.org/listings/?pg=93	https://farmdirectory.cupofexcellence.org/listings/?pg=93	200	908f3282d35ddabeb1f4806188bc39f5167517f6f894327817d0344e681468ea	128463	10	10	0		complete:coe_farmdirectory_listings_page_093.html
coe-bop-coefarmdirectorylistingspage094	source:coe_farm_directory	coe_bop	507	2026-08-28T01:24:25Z	PUBLIC_OFFICIAL_HTTP_GET	COMPLETED	https://farmdirectory.cupofexcellence.org/listings/?pg=94	https://farmdirectory.cupofexcellence.org/listings/?pg=94	200	8e252231912e34e9371b7f869eb8e6356e76311b70df13b5eade701d2db9975c	128508	10	10	0		complete:coe_farmdirectory_listings_page_094.html
coe-bop-coefarmdirectorylistingspage095	source:coe_farm_directory	coe_bop	508	2026-08-28T01:24:26Z	PUBLIC_OFFICIAL_HTTP_GET	COMPLETED	https://farmdirectory.cupofexcellence.org/listings/?pg=95	https://farmdirectory.cupofexcellence.org/listings/?pg=95	200	d62a4e59196c00003ca874560a2dd83b6204b73e0741cd757f9093705b0490bc	128766	10	10	0		complete:coe_farmdirectory_listings_page_095.html
coe-bop-coefarmdirectorylistingspage096	source:coe_farm_directory	coe_bop	509	2026-08-28T01:24:26Z	PUBLIC_OFFICIAL_HTTP_GET	COMPLETED	https://farmdirectory.cupofexcellence.org/listings/?pg=96	https://farmdirectory.cupofexcellence.org/listings/?pg=96	200	5206e3029e19699aae296d3ea2ea804ac8fedb51723062547678816233e5d6f0	128427	10	9	0		complete:coe_farmdirectory_listings_page_096.html
coe-bop-coefarmdirectorylistingspage097	source:coe_farm_directory	coe_bop	510	2026-08-28T01:24:26Z	PUBLIC_OFFICIAL_HTTP_GET	COMPLETED	https://farmdirectory.cupofexcellence.org/listings/?pg=97	https://farmdirectory.cupofexcellence.org/listings/?pg=97	200	0dd4a05b20c1c7693c3eeeda4137343852d4b16afd102fe3fba85122e5668877	127387	10	10	0		complete:coe_farmdirectory_listings_page_097.html
coe-bop-coefarmdirectorylistingspage098	source:coe_farm_directory	coe_bop	511	2026-08-28T01:24:26Z	PUBLIC_OFFICIAL_HTTP_GET	COMPLETED	https://farmdirectory.cupofexcellence.org/listings/?pg=98	https://farmdirectory.cupofexcellence.org/listings/?pg=98	200	1911269463f31d3fd085c22d6b2f90d5bb9bacba22290201a7ce212e06b9c6df	128164	10	10	0		complete:coe_farmdirectory_listings_page_098.html
coe-bop-coefarmdirectorylistingspage099	source:coe_farm_directory	coe_bop	512	2026-08-28T01:24:27Z	PUBLIC_OFFICIAL_HTTP_GET	COMPLETED	https://farmdirectory.cupofexcellence.org/listings/?pg=99	https://farmdirectory.cupofexcellence.org/listings/?pg=99	200	7cf1c71e9085e6f94898a948b5ef6c128153e8d46877a5973a7355c52d947ad0	128260	10	10	0		complete:coe_farmdirectory_listings_page_099.html
coe-bop-coefarmdirectorylistingspage100	source:coe_farm_directory	coe_bop	513	2026-08-28T01:24:27Z	PUBLIC_OFFICIAL_HTTP_GET	COMPLETED	https://farmdirectory.cupofexcellence.org/listings/?pg=100	https://farmdirectory.cupofexcellence.org/listings/?pg=100	200	c35a791ebb315b5c42575c5cfd2b9ffa131d58eac32b72e8ec5c0eb66991f45a	128226	10	10	0		complete:coe_farmdirectory_listings_page_100.html
coe-bop-coefarmdirectorylistingspage101	source:coe_farm_directory	coe_bop	514	2026-08-28T01:24:27Z	PUBLIC_OFFICIAL_HTTP_GET	COMPLETED	https://farmdirectory.cupofexcellence.org/listings/?pg=101	https://farmdirectory.cupofexcellence.org/listings/?pg=101	200	39f85979ace89970498043fcb8180332bcfc716204e557c6e42095f054f92042	128187	10	9	0		complete:coe_farmdirectory_listings_page_101.html
coe-bop-coefarmdirectorylistingspage102	source:coe_farm_directory	coe_bop	515	2026-08-28T01:24:28Z	PUBLIC_OFFICIAL_HTTP_GET	COMPLETED	https://farmdirectory.cupofexcellence.org/listings/?pg=102	https://farmdirectory.cupofexcellence.org/listings/?pg=102	200	2737b2bb8bfdf8f84639900ae5a5d068b560f9f1af6225667992643ccdcb32b4	128285	10	10	0		complete:coe_farmdirectory_listings_page_102.html
coe-bop-coefarmdirectorylistingspage103	source:coe_farm_directory	coe_bop	516	2026-08-28T01:24:28Z	PUBLIC_OFFICIAL_HTTP_GET	COMPLETED	https://farmdirectory.cupofexcellence.org/listings/?pg=103	https://farmdirectory.cupofexcellence.org/listings/?pg=103	200	f5421525ebe2fcb06ac8dd91bf20ef51991a1a6478d8a04acc96a0d05884ea30	127833	10	10	0		complete:coe_farmdirectory_listings_page_103.html
coe-bop-coefarmdirectorylistingspage104	source:coe_farm_directory	coe_bop	517	2026-08-28T01:24:28Z	PUBLIC_OFFICIAL_HTTP_GET	COMPLETED	https://farmdirectory.cupofexcellence.org/listings/?pg=104	https://farmdirectory.cupofexcellence.org/listings/?pg=104	200	26ae594612c3298415175f495d686bf548ebc5af8e4f47179bf9435e8de16552	126418	10	10	0		complete:coe_farmdirectory_listings_page_104.html
coe-bop-coefarmdirectoryrobots	source:coe_farm_directory	coe_bop	518	2026-08-28T01:22:51Z	PUBLIC_OFFICIAL_HTTP_GET	COMPLETED	https://farmdirectory.cupofexcellence.org/robots.txt	https://farmdirectory.cupofexcellence.org/robots.txt	200	e1f21c9aa28d50ca112ed357f34b67c550597effd4d42fd55b4e27300dd8f9c1	24	0	0	0		complete:coe_farmdirectory_robots.txt
coe-bop-coefarmdirectoryterms	source:coe_farm_directory	coe_bop	519	2026-08-28T01:41:23Z	PUBLIC_OFFICIAL_HTTP_GET	COMPLETED	https://farmdirectory.cupofexcellence.org/terms/	https://farmdirectory.cupofexcellence.org/terms/	200	019d3300faa80056274089a4e485abfd235574116197f32e1fc99854ce73decc	114400	0	0	0		complete:coe_farmdirectory_terms.html
coe-bop-coeprotocol	source:coe_process	coe_bop	520	2026-08-28T01:35:50Z	PUBLIC_OFFICIAL_HTTP_GET	COMPLETED	https://cupofexcellence.org/cup-of-excellence/	https://cupofexcellence.org/cup-of-excellence/	200	b9f106c632fd7a231285a3042f10873c40ea9785567631465118363bf2f77ab3	157681	0	0	0		complete:coe_protocol.html
coe-bop-coeratelimitheaders	source:coe_farm_directory	coe_bop	521	2026-08-28T01:28:03Z	PUBLIC_OFFICIAL_HTTP_GET	COMPLETED	https://farmdirectory.cupofexcellence.org/listings/?pg=105	https://farmdirectory.cupofexcellence.org/listings/?pg=105	200	851d6c533a209ab8a6086d0470c071985bfa972f1fd7eff765278869de7d8ac2	2165	0	0	0		complete:coe_rate_limit_headers.txt
coe-bop-farm-directory-page-105-429	source:coe_farm_directory	coe_bop	522	2026-08-28T02:03:04Z	PUBLIC_OFFICIAL_HTTP_GET	TRANSIENT_TECHNICAL_FAILURE	https://farmdirectory.cupofexcellence.org/listings/?pg=105	https://farmdirectory.cupofexcellence.org/listings/?pg=105	429		0	0	0	0		coe-farm-directory-page-105-after-cloudflare-window
coe-bop-index-collision-brazil-pulped-naturals-2010	edition:coe:allianceforcoffeeexcellence_org_brazil_pulped_naturals_2011:2010	coe_bop	523	2026-08-28T02:03:04Z	OFFICIAL_ARCHIVE_RECONCILIATION	BLOCKED_EXTERNAL_ACTION	https://allianceforcoffeeexcellence.org/brazil-pulped-naturals-2011/				0	0	0	0	ORGANIZER_RESPONSE	continue-all-noncolliding-coe-editions
coe-bop-rights-bop	source:bop_results_archive	coe_bop	524	2026-08-28T02:03:04Z	RIGHTS_EVIDENCE_REVIEW	BLOCKED_EXTERNAL_ACTION	https://app.bestofpanama.auction/				0	0	0	0	PERMISSION	continue-bop-public-route-discovery-with-rights-pending
coe-bop-rights-coe	source:coe_archive	coe_bop	525	2026-08-28T02:03:04Z	RIGHTS_EVIDENCE_REVIEW	BLOCKED_EXTERNAL_ACTION	https://farmdirectory.cupofexcellence.org/terms/				0	0	0	0	PERMISSION	continue-coe-acquisition-with-rights-pending
commercial-regional-avpa-2021-results-pdf	archive:avpa_2021_results	commercial_regional	1	2026-08-28T03:00:00Z	OFFICIAL_PUBLIC_DOWNLOAD	COMPLETED	https://en.avpa.fr/_files/ugd/58172f_4c77467cf60241c68a87aa0c5ae471dd.pdf	https://en.avpa.fr/_files/ugd/58172f_4c77467cf60241c68a87aa0c5ae471dd.pdf	200	bc2cadb1180e5e941708ad9a1b71637cdc3351c8fdd1cf543864948b1f63ac6f	242616	69	69	69		Advance to the next edition in RESUME_MANIFEST.json.
commercial-regional-avpa-2022-results-pdf	archive:avpa_2022_results	commercial_regional	2	2026-08-28T03:00:00Z	OFFICIAL_PUBLIC_DOWNLOAD	COMPLETED	https://www.avpa.fr/_files/ugd/58172f_6742d088d0844243bf7ecf5a0c14962d.pdf	https://www.avpa.fr/_files/ugd/58172f_6742d088d0844243bf7ecf5a0c14962d.pdf	200	9e24c113cad136b7471f2855a4f21b56f5255c9e6e91aac41801304b3006c6a7	1555137	69	69	50		Advance to the next edition in RESUME_MANIFEST.json.
commercial-regional-avpa-2023-results-pdf	archive:avpa_annual_results	commercial_regional	3	2026-08-28T03:00:00Z	OFFICIAL_PUBLIC_DOWNLOAD	COMPLETED	https://www.avpa.fr/_files/ugd/58172f_30052b626d3046dc809ac7c1aadfb577.pdf	https://www.avpa.fr/_files/ugd/58172f_30052b626d3046dc809ac7c1aadfb577.pdf	200	7e44c8ba26dff9508589edf308496c47b5104c07922101ba8d08eb0b89240c53	464164	88	88	88		Advance to the next edition in RESUME_MANIFEST.json.
commercial-regional-avpa-2024-results-pdf	archive:avpa_annual_results	commercial_regional	4	2026-08-28T03:00:00Z	OFFICIAL_PUBLIC_DOWNLOAD	COMPLETED	https://it.avpa.fr/_files/ugd/58172f_35c0d4eb0b3043bbb4dbe37d46bc608c.pdf	https://it.avpa.fr/_files/ugd/58172f_35c0d4eb0b3043bbb4dbe37d46bc608c.pdf	200	6f8be1365130c379c41b79fdbbde910f73f0e26f73f04a99ceba22e41702a847	202070	87	87	87		Advance to the next edition in RESUME_MANIFEST.json.
commercial-regional-avpa-2025-results-pdf	archive:avpa_annual_results	commercial_regional	5	2026-08-28T03:00:00Z	OFFICIAL_PUBLIC_DOWNLOAD	COMPLETED	https://es.avpa.fr/_files/ugd/58172f_8bacccff6b394c70a4245a028435bf32.pdf	https://es.avpa.fr/_files/ugd/58172f_8bacccff6b394c70a4245a028435bf32.pdf	200	37e395246a44f63dbda8e024275a1f7789c2808c831d96593069464f529c7547	195546	82	82	82		Advance to the next edition in RESUME_MANIFEST.json.
commercial-regional-afca-2019-magazine-pdf	archive:toh_results_portal	commercial_regional	6	2026-08-28T03:00:00Z	OFFICIAL_PUBLIC_DOWNLOAD	COMPLETED	https://afca.coffee/wp-content/uploads/2019/04/April-June-Magazine.pdf	https://afca.coffee/wp-content/uploads/2019/04/April-June-Magazine.pdf	200	2dd2e823e2c9206cfe16ced90d8b862a253c6cc32e0143c2fe25e866b7d5ea62	13644248	63	63	0		Advance to the next edition in RESUME_MANIFEST.json.
commercial-regional-afca-2023-24-regional-pdf	archive:toh_results_portal	commercial_regional	7	2026-08-28T03:00:00Z	OFFICIAL_PUBLIC_DOWNLOAD	COMPLETED	https://afca.coffee/wp-content/uploads/2024/08/Regional-Taste-of-Harvest-Results.pdf	https://afca.coffee/wp-content/uploads/2024/08/Regional-Taste-of-Harvest-Results.pdf	200	e3a940252922e888ba0614b76d835e0be748e02d4d40319e71a823c2999b76ad	476993	17	17	0		Advance to the next edition in RESUME_MANIFEST.json.
commercial-regional-afca-2023-24-rwanda-pdf	archive:toh_results_portal	commercial_regional	8	2026-08-28T03:00:00Z	OFFICIAL_PUBLIC_DOWNLOAD	COMPLETED	https://afca.coffee/wp-content/uploads/2024/08/Rwanda-National-Taste-of-Harvest-Results.pdf	https://afca.coffee/wp-content/uploads/2024/08/Rwanda-National-Taste-of-Harvest-Results.pdf	200	55acf0b4969e4ca503e5e2a8991b45fad83e93ba3caf56f5c2bef8e01799f882	344406	11	11	0		Advance to the next edition in RESUME_MANIFEST.json.
commercial-regional-afca-2023-24-kenya-pdf	archive:toh_kenya_results_pdf	commercial_regional	9	2026-08-28T03:00:00Z	OFFICIAL_PUBLIC_DOWNLOAD	COMPLETED	https://afca.coffee/wp-content/uploads/2024/08/Kenya-National-Taste-of-Harvest-Results.pdf	https://afca.coffee/wp-content/uploads/2024/08/Kenya-National-Taste-of-Harvest-Results.pdf	200	9e1f277de0f7b8fb565da11fda178a70fc1053d0a77ff4336c0c012251f6c1a2	212614	5	5	0		Advance to the next edition in RESUME_MANIFEST.json.
commercial-regional-afca-2023-24-ethiopia-pdf	archive:toh_results_portal	commercial_regional	10	2026-08-28T03:00:00Z	OFFICIAL_PUBLIC_DOWNLOAD	COMPLETED	https://afca.coffee/wp-content/uploads/2024/08/Ethiopia-National-Taste-of-Harvest-Results.pdf	https://afca.coffee/wp-content/uploads/2024/08/Ethiopia-National-Taste-of-Harvest-Results.pdf	200	93ac332d95c39d70ab87cd4ececc69931091a2175c8ad628379c6db11b8c1e2f	321041	12	12	0		Advance to the next edition in RESUME_MANIFEST.json.
commercial-regional-afca-2023-24-drc-pdf	archive:toh_results_portal	commercial_regional	11	2026-08-28T03:00:00Z	OFFICIAL_PUBLIC_DOWNLOAD	COMPLETED	https://afca.coffee/wp-content/uploads/2024/08/DRC-National-Taste-of-Harvest-Results.pdf	https://afca.coffee/wp-content/uploads/2024/08/DRC-National-Taste-of-Harvest-Results.pdf	200	132229a2779388622f4a12109bda801f3234102a44ace6e0119e27e3e7e824e3	427162	6	6	0		Advance to the next edition in RESUME_MANIFEST.json.
commercial-regional-afca-2023-24-uganda-pdf	archive:toh_uganda_results_pdf	commercial_regional	12	2026-08-28T03:00:00Z	OFFICIAL_PUBLIC_DOWNLOAD	COMPLETED	https://afca.coffee/wp-content/uploads/2024/08/Uganda-National-Taste-of-Harvest-Results.pdf	https://afca.coffee/wp-content/uploads/2024/08/Uganda-National-Taste-of-Harvest-Results.pdf	200	43ef7214e910c2ee4fcc34b09c403ecc4db35c2064287d057a2603dda38cae07	377632	12	12	0		Advance to the next edition in RESUME_MANIFEST.json.
commercial-regional-afca-2023-24-magazine-pdf	archive:toh_results_portal	commercial_regional	13	2026-08-28T03:00:00Z	OFFICIAL_PUBLIC_DOWNLOAD	PARTIAL	https://afca.coffee/wp-content/uploads/2024/07/AFCA-Magazine-Vol-13.pdf	https://afca.coffee/wp-content/uploads/2024/07/AFCA-Magazine-Vol-13.pdf	200	e1e81093121a1b3914ac37a0918b15c3453a7cf16aa4bd7ab5e9660ac779e098	23919298	0	0	0		Run lossless OCR on afca/2023-24_magazine.pdf, then rerun build_lane.py; do not infer unreadable labels.
commercial-regional-afca-2024-25-magazine-pdf	archive:toh_results_portal	commercial_regional	14	2026-08-28T03:00:00Z	OFFICIAL_PUBLIC_DOWNLOAD	COMPLETED	https://afca.coffee/wp-content/uploads/2025/06/AFCA-Magazine-Vol-15.pdf	https://afca.coffee/wp-content/uploads/2025/06/AFCA-Magazine-Vol-15.pdf	200	b5e48572f4d5af51421b46f4d4af9abe3e7f98f6e1b5bba11862a2feab6840e7	6942391	13	13	0		Advance to the next edition in RESUME_MANIFEST.json.
commercial-regional-afca-2025-26-cameroon-pdf	edition:toh_cameroon_2025_26	commercial_regional	15	2026-08-28T03:00:00Z	OFFICIAL_PUBLIC_DOWNLOAD	COMPLETED	https://www.oncc.cm/content/library/documents/resource-announcing-the-2-1770027900.pdf	https://www.oncc.cm/content/library/documents/resource-announcing-the-2-1770027900.pdf	200	d9c3cad38923ba9ca0618660e27189b3a0d476d5282d939c673a177764ec40cb	224108	10	10	0		Advance to the next edition in RESUME_MANIFEST.json.
commercial-regional-afca-2025-26-tanzania-washed-pdf	edition:toh_tanzania_2025_26	commercial_regional	16	2026-08-28T03:00:00Z	OFFICIAL_PUBLIC_DOWNLOAD	COMPLETED	https://www.coffee.go.tz/uploads/documents/sw-1769505106-Washed%20Arabica.pdf	https://www.coffee.go.tz/uploads/documents/sw-1769505106-Washed%20Arabica.pdf	200	130bb631e9950518eb7196c89cca52abc66a3005a0a24197bcc715709705a9a5	133613	0	0	0		Advance to the next edition in RESUME_MANIFEST.json.
commercial-regional-afca-program-html	source:toh_program	commercial_regional	17	2026-08-28T03:00:00Z	OFFICIAL_PUBLIC_DOWNLOAD	COMPLETED	https://afca.coffee/programs/taste-of-harvest/	https://afca.coffee/programs/taste-of-harvest/	200	5fc2ff2a8afecd0d04979b8ba6af93515860e19726a911a78aa0742a6aa41421	163511	0	0	0		Advance to the next edition in RESUME_MANIFEST.json.
commercial-regional-melbourne-royal-aica-2016-pdf	series:melbourne_royal_aica	commercial_regional	18	2026-08-28T03:00:00Z	OFFICIAL_PUBLIC_DOWNLOAD	COMPLETED	https://www.melbourneroyal.com.au/media/1906/2016-aica-catalogue-of-results.pdf	https://www.melbourneroyal.com.au/media/1906/2016-aica-catalogue-of-results.pdf	200	b6c9fadabeeaebd6a2ac1f4c3dc394492918b40c8a6b101f3bf7e9505b322043	7308758	658	658	0		Advance to the next edition in RESUME_MANIFEST.json.
commercial-regional-melbourne-royal-aica-2017-pdf	series:melbourne_royal_aica	commercial_regional	19	2026-08-28T03:00:00Z	OFFICIAL_PUBLIC_DOWNLOAD	COMPLETED	https://www.melbourneroyal.com.au/media/1907/2017-aica-catalogue-of-results.pdf	https://www.melbourneroyal.com.au/media/1907/2017-aica-catalogue-of-results.pdf	200	783b2c5f124105d57a621d42b17f7ec1ad15bf9ea125026e05d71bd7b9a497cf	5604210	819	819	0		Advance to the next edition in RESUME_MANIFEST.json.
commercial-regional-melbourne-royal-aica-2018-pdf	series:melbourne_royal_aica	commercial_regional	20	2026-08-28T03:00:00Z	OFFICIAL_PUBLIC_DOWNLOAD	COMPLETED	https://www.melbourneroyal.com.au/media/1908/2018-aica-catalogue-of-results.pdf	https://www.melbourneroyal.com.au/media/1908/2018-aica-catalogue-of-results.pdf	200	60708b0ccd026e6644660433a80cffe62160a71eb1c8c3e8db64565703a15f85	8644910	743	743	0		Advance to the next edition in RESUME_MANIFEST.json.
commercial-regional-melbourne-royal-aica-2019-pdf	series:melbourne_royal_aica	commercial_regional	21	2026-08-28T03:00:00Z	OFFICIAL_PUBLIC_DOWNLOAD	COMPLETED	https://www.melbourneroyal.com.au/media/3130/2019-aica-catalogue-of-results.pdf	https://www.melbourneroyal.com.au/media/3130/2019-aica-catalogue-of-results.pdf	200	86a214fce283225b01f1c6c84c17a7ed923b2b4d061b939b3362bec2acaa474b	2163064	807	807	0		Advance to the next edition in RESUME_MANIFEST.json.
commercial-regional-melbourne-royal-aica-2020-pdf	series:melbourne_royal_aica	commercial_regional	22	2026-08-28T03:00:00Z	OFFICIAL_PUBLIC_DOWNLOAD	COMPLETED	https://www.melbourneroyal.com.au/media/4575/aica-results-catalogue-final.pdf	https://www.melbourneroyal.com.au/media/4575/aica-results-catalogue-final.pdf	200	11c272b6cd82d97d57bccb6ce72f5ab61199269739fac9b520963eb1502fcd18	25609877	800	800	0		Advance to the next edition in RESUME_MANIFEST.json.
commercial-regional-melbourne-royal-aica-2022-pdf	edition:melbourne_royal_aica_2022	commercial_regional	23	2026-08-28T03:00:00Z	OFFICIAL_PUBLIC_DOWNLOAD	COMPLETED	https://www.melbourneroyal.com.au/media/8107/mr_aica_results_2022.pdf	https://www.melbourneroyal.com.au/media/8107/mr_aica_results_2022.pdf	200	d75b32b3ebae316dd3340a0d36e180726c40ebf00f680d4a647f043ed26285d9	8456763	708	708	0		Advance to the next edition in RESUME_MANIFEST.json.
commercial-regional-melbourne-royal-aica-2022-rules-pdf	source:aica_2022_booklet	commercial_regional	24	2026-08-28T03:00:00Z	OFFICIAL_PUBLIC_DOWNLOAD	PARTIAL	https://www.melbourneroyal.com.au/media/7827/2022-mr-aica-entry-booklet-p3-final.pdf	https://www.melbourneroyal.com.au/media/7827/2022-mr-aica-entry-booklet-p3-final.pdf	200	c508c8d0a29df896d209aa1fba71fae89f30b4b258b1426304274e0e4456eb3b	6911895	0	0	0		Run lossless OCR on melbourne_royal/aica_2022_rules.pdf, then rerun build_lane.py; do not infer unreadable labels.
commercial-regional-royal-adelaide-racs-2024-results-pdf	archive:racs_2024_results	commercial_regional	25	2026-08-28T03:00:00Z	OFFICIAL_PUBLIC_DOWNLOAD	COMPLETED	https://www.royaladelaidecoffeeshow.com.au/_files/ugd/1ab17b_a61f00d5270d4be8a01f0a399477bd04.pdf	https://www.royaladelaidecoffeeshow.com.au/_files/ugd/1ab17b_a61f00d5270d4be8a01f0a399477bd04.pdf	200	57e1dc8683c1acc6d1debb31904c958abeba7a94a51dedca3aa157eb4075177c	25801331	180	180	0		Advance to the next edition in RESUME_MANIFEST.json.
commercial-regional-royal-adelaide-racs-2025-results-pdf	edition:royal_adelaide_2025	commercial_regional	26	2026-08-28T03:00:00Z	OFFICIAL_PUBLIC_DOWNLOAD	COMPLETED	https://www.royaladelaidecoffeeshow.com.au/_files/ugd/1ab17b_132832e8ff2f4a22a824e58806980793.pdf	https://www.royaladelaidecoffeeshow.com.au/_files/ugd/1ab17b_132832e8ff2f4a22a824e58806980793.pdf	200	543131e602c6f843e067d3931ee008c129df3f9664d2b646ed9319fbc76cf06c	21218999	163	163	0		Advance to the next edition in RESUME_MANIFEST.json.
commercial-regional-royal-adelaide-racs-2025-schedule-pdf	scoresheet:racs_judging_criteria_2025	commercial_regional	27	2026-08-28T03:00:00Z	OFFICIAL_PUBLIC_DOWNLOAD	PARTIAL	https://www.royaladelaidecoffeeshow.com.au/_files/ugd/1ab17b_21f6181d1d7b457dbd073d14e81f21e2.pdf	https://www.royaladelaidecoffeeshow.com.au/_files/ugd/1ab17b_21f6181d1d7b457dbd073d14e81f21e2.pdf	200	bdacc114bf3c047cff0ec71d03b528a3791b72c6cbbe7d47df7b867b1ae1cdf0	17555897	0	0	0		Run lossless OCR on royal_adelaide/racs_2025_schedule.pdf, then rerun build_lane.py; do not infer unreadable labels.
commercial-regional-royal-adelaide-results-index-html	source:racs_home	commercial_regional	28	2026-08-28T03:00:00Z	OFFICIAL_PUBLIC_PAGE	COMPLETED	https://results.theshow.com.au/	https://results.theshow.com.au/	200	3e411c7ca5d2d4d48c4401726527af9feef47eb0b4777111902c2ebb89366395	11403	0	0	0		Advance to the next edition in RESUME_MANIFEST.json.
commercial-regional-golden-bean-gba-2011-pdf	series:golden_bean_australasia	commercial_regional	29	2026-08-28T03:00:00Z	OFFICIAL_PUBLIC_DOWNLOAD	PARTIAL	https://cdn.shopify.com/s/files/1/0584/8734/1218/files/GBA-2011-Results_6d1a028b-38f2-4a07-a0e2-0a0b67731cd7.pdf?v=1708313901	https://cdn.shopify.com/s/files/1/0584/8734/1218/files/GBA-2011-Results_6d1a028b-38f2-4a07-a0e2-0a0b67731cd7.pdf?v=1708313901	200	73cffb5575657ea7726d7a36957ee52ac20041926fe610e9b3623e5405d2e8ef	2177902	0	0	0		Run lossless OCR on golden_bean/gba_2011.pdf, then rerun build_lane.py; do not infer unreadable labels.
commercial-regional-golden-bean-gba-2012-pdf	series:golden_bean_australasia	commercial_regional	30	2026-08-28T03:00:00Z	OFFICIAL_PUBLIC_DOWNLOAD	PARTIAL	https://cdn.shopify.com/s/files/1/0584/8734/1218/files/GBA-2012-Results.pdf?v=1708313836	https://cdn.shopify.com/s/files/1/0584/8734/1218/files/GBA-2012-Results.pdf?v=1708313836	200	fca1683ac6f599f51c7b7e7e0456fc9bc1ad2c55ff8be8316418a534f1e01256	486300	0	0	0		Run lossless OCR on golden_bean/gba_2012.pdf, then rerun build_lane.py; do not infer unreadable labels.
commercial-regional-golden-bean-gba-2013-pdf	series:golden_bean_australasia	commercial_regional	31	2026-08-28T03:00:00Z	OFFICIAL_PUBLIC_DOWNLOAD	PARTIAL	https://cdn.shopify.com/s/files/1/0584/8734/1218/files/GBA-2013-Results.pdf?v=1708313787	https://cdn.shopify.com/s/files/1/0584/8734/1218/files/GBA-2013-Results.pdf?v=1708313787	200	6202c630dbdb265ca262c7ec92bd118ec3d2669c45685a39e503ea6c4b65f948	10747655	0	0	0		Run lossless OCR on golden_bean/gba_2013.pdf, then rerun build_lane.py; do not infer unreadable labels.
commercial-regional-golden-bean-gba-2014-pdf	series:golden_bean_australasia	commercial_regional	32	2026-08-28T03:00:00Z	OFFICIAL_PUBLIC_DOWNLOAD	PARTIAL	https://cdn.shopify.com/s/files/1/0584/8734/1218/files/GBA-2014-Results.pdf?v=1708313734	https://cdn.shopify.com/s/files/1/0584/8734/1218/files/GBA-2014-Results.pdf?v=1708313734	200	4b1df08aafaa1054951f979678383a928544cf33a2f36bd33282d36dcf4ae1e7	7878275	0	0	0		Run lossless OCR on golden_bean/gba_2014.pdf, then rerun build_lane.py; do not infer unreadable labels.
commercial-regional-golden-bean-gba-2015-pdf	series:golden_bean_australasia	commercial_regional	33	2026-08-28T03:00:00Z	OFFICIAL_PUBLIC_DOWNLOAD	PARTIAL	https://cdn.shopify.com/s/files/1/0584/8734/1218/files/GBA-2015-Results.pdf?v=1708313671	https://cdn.shopify.com/s/files/1/0584/8734/1218/files/GBA-2015-Results.pdf?v=1708313671	200	ae0a144d1f84ce0843f9101a719f2595fd786c9546ad7ff5825acd66850c38ec	2401533	0	0	0		Run lossless OCR on golden_bean/gba_2015.pdf, then rerun build_lane.py; do not infer unreadable labels.
commercial-regional-golden-bean-gba-2016-pdf	series:golden_bean_australasia	commercial_regional	34	2026-08-28T03:00:00Z	OFFICIAL_PUBLIC_DOWNLOAD	PARTIAL	https://cdn.shopify.com/s/files/1/0584/8734/1218/files/GBA-2016-Results.pdf?v=1708313592	https://cdn.shopify.com/s/files/1/0584/8734/1218/files/GBA-2016-Results.pdf?v=1708313592	200	0c2b2c8ed3212f02d332fa7ce8ff0d7eeb46a853d97877cc17979dd122896cf9	5460166	0	0	0		Run lossless OCR on golden_bean/gba_2016.pdf, then rerun build_lane.py; do not infer unreadable labels.
commercial-regional-golden-bean-gba-2017-pdf	series:golden_bean_australasia	commercial_regional	35	2026-08-28T03:00:00Z	OFFICIAL_PUBLIC_DOWNLOAD	COMPLETED	https://cdn.shopify.com/s/files/1/0584/8734/1218/files/GBA-2017-Results-Exported-from-Award-Force-MEDALS.pdf?v=1715302354	https://cdn.shopify.com/s/files/1/0584/8734/1218/files/GBA-2017-Results-Exported-from-Award-Force-MEDALS.pdf?v=1715302354	200	8f2174ac8894f01a7d3e4411bd2648fd17a5a81db02c5bab72b06d03ba268825	374844	293	293	0		Advance to the next edition in RESUME_MANIFEST.json.
commercial-regional-golden-bean-gba-2018-pdf	series:golden_bean_australasia	commercial_regional	36	2026-08-28T03:00:00Z	OFFICIAL_PUBLIC_DOWNLOAD	COMPLETED	https://cdn.shopify.com/s/files/1/0584/8734/1218/files/GBA-2018-Results-Exported-from-Award-Force-MEDALS.pdf?v=1715233820	https://cdn.shopify.com/s/files/1/0584/8734/1218/files/GBA-2018-Results-Exported-from-Award-Force-MEDALS.pdf?v=1715233820	200	6fb1558ac5dcd4f6757909af6cbe3221f5b041492866e863ef84044b5d391172	1438006	990	990	0		Advance to the next edition in RESUME_MANIFEST.json.
commercial-regional-golden-bean-gba-2021-pdf	series:golden_bean_australasia	commercial_regional	37	2026-08-28T03:00:00Z	OFFICIAL_PUBLIC_DOWNLOAD	PARTIAL	https://cdn.shopify.com/s/files/1/0584/8734/1218/files/GBA-2021-Results-v2.pdf?v=1708302647	https://cdn.shopify.com/s/files/1/0584/8734/1218/files/GBA-2021-Results-v2.pdf?v=1708302647	200	9226a1de8917cb497fb81012d4ad4c348c8444a71eaafa77922f12fed031d9f8	15591949	0	0	0		Run lossless OCR on golden_bean/gba_2021.pdf, then rerun build_lane.py; do not infer unreadable labels.
commercial-regional-golden-bean-gba-2022-pdf	series:golden_bean_australasia	commercial_regional	38	2026-08-28T03:00:00Z	OFFICIAL_PUBLIC_DOWNLOAD	PARTIAL	https://cdn.shopify.com/s/files/1/0584/8734/1218/files/GBA-2022-_Results.pdf?v=1708302262	https://cdn.shopify.com/s/files/1/0584/8734/1218/files/GBA-2022-_Results.pdf?v=1708302262	200	e22b60541dd951e71176174944bbc8b65c8c9362d72e982110aeeb38dd66a4af	19646536	0	0	0		Run lossless OCR on golden_bean/gba_2022.pdf, then rerun build_lane.py; do not infer unreadable labels.
commercial-regional-golden-bean-gbna-2016-pdf	series:golden_bean_americas	commercial_regional	39	2026-08-28T03:00:00Z	OFFICIAL_PUBLIC_DOWNLOAD	PARTIAL	https://cdn.shopify.com/s/files/1/0037/5308/2949/files/GBNA_AWARDS_2016.pdf?v=1705626774	https://cdn.shopify.com/s/files/1/0037/5308/2949/files/GBNA_AWARDS_2016.pdf?v=1705626774	200	9a66b3f42dfc0f7cbd1a9a30bc47a27f28836db0d82347f954fd1a34b8687e45	15522990	0	0	0		Run lossless OCR on golden_bean/gbna_2016.pdf, then rerun build_lane.py; do not infer unreadable labels.
commercial-regional-golden-bean-gbna-2017-pdf	series:golden_bean_americas	commercial_regional	40	2026-08-28T03:00:00Z	OFFICIAL_PUBLIC_DOWNLOAD	COMPLETED	https://cdn.shopify.com/s/files/1/0037/5308/2949/files/2017_results.pdf?v=1731473001	https://cdn.shopify.com/s/files/1/0037/5308/2949/files/2017_results.pdf?v=1731473001	200	cc50d7745f155fc353e939b54620f954169acc3f5d9c51ab185aac025196b0ce	437389	250	250	0		Advance to the next edition in RESUME_MANIFEST.json.
commercial-regional-golden-bean-gbna-2018-pdf	series:golden_bean_americas	commercial_regional	41	2026-08-28T03:00:00Z	OFFICIAL_PUBLIC_DOWNLOAD	PARTIAL	https://cdn.shopify.com/s/files/1/0037/5308/2949/files/GBNA_Awards_PRES_2018.pdf?v=1705626794	https://cdn.shopify.com/s/files/1/0037/5308/2949/files/GBNA_Awards_PRES_2018.pdf?v=1705626794	200	d4de39b84e64480e04518cca42b6cfadea1e32d170ae53edabbe8d8aa4605525	9456000	0	0	0		Run lossless OCR on golden_bean/gbna_2018.pdf, then rerun build_lane.py; do not infer unreadable labels.
commercial-regional-golden-bean-gbna-2019-pdf	series:golden_bean_americas	commercial_regional	42	2026-08-28T03:00:00Z	OFFICIAL_PUBLIC_DOWNLOAD	COMPLETED	https://cdn.shopify.com/s/files/1/0037/5308/2949/files/2019_results.pdf?v=1731473100	https://cdn.shopify.com/s/files/1/0037/5308/2949/files/2019_results.pdf?v=1731473100	200	a484800718d217fb82f82ea408c902041bd023e42f9af71c860b73b87fa9f606	1212869	695	695	0		Advance to the next edition in RESUME_MANIFEST.json.
commercial-regional-golden-bean-gbws-2022-2024-pdf	series:golden_bean_world_series	commercial_regional	43	2026-08-28T03:00:00Z	OFFICIAL_PUBLIC_DOWNLOAD	PARTIAL	https://cdn.shopify.com/s/files/1/0584/8734/1218/files/GBWS_All_Results_compressed.pdf?v=1710280794	https://cdn.shopify.com/s/files/1/0584/8734/1218/files/GBWS_All_Results_compressed.pdf?v=1710280794	200	eede6a956caf2743f7258cdd7fa36f3ecab45d96ab8fff6708058cd2215c3370	9078408	0	0	0		Run lossless OCR on golden_bean/gbws_2022_2024.pdf, then rerun build_lane.py; do not infer unreadable labels.
commercial-regional-golden-bean-australasia-past-winners-html	series:golden_bean_australasia	commercial_regional	44	2026-08-28T03:00:00Z	OFFICIAL_PUBLIC_PAGE	COMPLETED	https://goldenbean.com.au/pages/past-winners	https://goldenbean.com.au/pages/past-winners	200	df1b5738bb134e4b2473dcd5aae5cdaacb2480dc257ff2eb5bc617b7feef720f	146157	0	0	0		Advance to the next edition in RESUME_MANIFEST.json.
commercial-regional-golden-bean-australasia-2023-html	series:golden_bean_australasia	commercial_regional	45	2026-08-28T03:00:00Z	OFFICIAL_PUBLIC_PAGE	COMPLETED	https://goldenbean.com.au/pages/2023-results	https://goldenbean.com.au/pages/2023-results	200	1b5361985a052511aa9ad45f583b75b2a96007dd3f58ca5bc36dfbb0e4bfe893	131211	0	0	0		Advance to the next edition in RESUME_MANIFEST.json.
commercial-regional-golden-bean-australasia-2024-html	series:golden_bean_australasia	commercial_regional	46	2026-08-28T03:00:00Z	OFFICIAL_PUBLIC_PAGE	COMPLETED	https://goldenbean.com.au/pages/2024-winners	https://goldenbean.com.au/pages/2024-winners	200	9b69e4b51f636e96d25532f7d116d826f87ad5eb25abcfb042c79ddeece3b4ff	163988	0	0	0		Advance to the next edition in RESUME_MANIFEST.json.
commercial-regional-golden-bean-australasia-2025-html	series:golden_bean_australasia	commercial_regional	47	2026-08-28T03:00:00Z	OFFICIAL_PUBLIC_PAGE	COMPLETED	https://goldenbean.com.au/pages/2025-winners	https://goldenbean.com.au/pages/2025-winners	200	0626adfa9c095495a281513622d8ef6ebdc36465b230d9d041a4a81757335c8e	162790	0	0	0		Advance to the next edition in RESUME_MANIFEST.json.
commercial-regional-golden-bean-americas-past-html	source:gba_past_results	commercial_regional	48	2026-08-28T03:00:00Z	OFFICIAL_PUBLIC_PAGE	COMPLETED	https://goldenbean.com/pages/past-results-america	https://goldenbean.com/pages/past-results-america	200	b21f9f6fcd52a357f221f6cd0fa8262c74b4fa7885950e63eccb9fae6e4a66a4	122113	0	0	0		Advance to the next edition in RESUME_MANIFEST.json.
commercial-regional-golden-bean-americas-2023-html	series:golden_bean_americas	commercial_regional	49	2026-08-28T03:00:00Z	OFFICIAL_PUBLIC_PAGE	COMPLETED	https://goldenbean.com/pages/2023-results	https://goldenbean.com/pages/2023-results	200	80f472c3ac30a8292898c0add5e74337b83f35d17935a7b973c880166042c0df	127493	0	0	0		Advance to the next edition in RESUME_MANIFEST.json.
commercial-regional-golden-bean-americas-2025-html	edition:golden_bean_americas_2025	commercial_regional	50	2026-08-28T03:00:00Z	OFFICIAL_PUBLIC_PAGE	COMPLETED	https://goldenbean.com/pages/2025-results	https://goldenbean.com/pages/2025-results	200	ef722e3ef8b38326d317de31644896a860e5d20b5eade41e6d12506ea1010c26	129040	0	0	0		Advance to the next edition in RESUME_MANIFEST.json.
commercial-regional-golden-bean-world-series-info-html	source:gbws_information	commercial_regional	51	2026-08-28T03:00:00Z	OFFICIAL_PUBLIC_PAGE	COMPLETED	https://goldenbean.com.au/pages/world-series	https://goldenbean.com.au/pages/world-series	200	a237bab1d4d45edadee38f12030be7c13caa33900262dbbcddf4df6e0be062f8	128989	0	0	0		Advance to the next edition in RESUME_MANIFEST.json.
commercial-regional-golden-bean-gba-2023-category-01-pdf	series:golden_bean_australasia	commercial_regional	52	2026-08-28T03:00:00Z	OFFICIAL_PUBLIC_DOWNLOAD	PARTIAL	https://cdn.shopify.com/s/files/1/0584/8734/1218/files/Cat_1_Espresso_-_smaller.pdf?v=1700437173	https://cdn.shopify.com/s/files/1/0584/8734/1218/files/Cat_1_Espresso_-_smaller.pdf?v=1700437173	200	493642569c239f37cae747ead432a92d63140f4f942502ac73c8824d534c6d58	4591579	0	0	0		Run lossless OCR on golden_bean/gba_2023_category_01.pdf, then rerun build_lane.py; do not infer unreadable labels.
commercial-regional-golden-bean-gba-2023-category-02-pdf	series:golden_bean_australasia	commercial_regional	53	2026-08-28T03:00:00Z	OFFICIAL_PUBLIC_DOWNLOAD	PARTIAL	https://cdn.shopify.com/s/files/1/0584/8734/1218/files/Cat_2_Milk_-_smaller.pdf?v=1700529339	https://cdn.shopify.com/s/files/1/0584/8734/1218/files/Cat_2_Milk_-_smaller.pdf?v=1700529339	200	a6917fc9daaf62daa4454984d7022a84c0eeffdf088009b35ff223071d19fba6	5597195	0	0	0		Run lossless OCR on golden_bean/gba_2023_category_02.pdf, then rerun build_lane.py; do not infer unreadable labels.
commercial-regional-golden-bean-gba-2023-category-03-pdf	series:golden_bean_australasia	commercial_regional	54	2026-08-28T03:00:00Z	OFFICIAL_PUBLIC_DOWNLOAD	PARTIAL	https://cdn.shopify.com/s/files/1/0584/8734/1218/files/Cat_3_Filter_-_compressed.pdf?v=1700607579	https://cdn.shopify.com/s/files/1/0584/8734/1218/files/Cat_3_Filter_-_compressed.pdf?v=1700607579	200	f49a4d7a2a6307adcd001bda604de631ee12d72ddf64de45ce3e9202ffc6a07c	9311945	0	0	0		Run lossless OCR on golden_bean/gba_2023_category_03.pdf, then rerun build_lane.py; do not infer unreadable labels.
commercial-regional-golden-bean-gba-2023-category-04-pdf	series:golden_bean_australasia	commercial_regional	55	2026-08-28T03:00:00Z	OFFICIAL_PUBLIC_DOWNLOAD	PARTIAL	https://cdn.shopify.com/s/files/1/0584/8734/1218/files/Cat_4_Alternative_Milk.pdf?v=1700621316	https://cdn.shopify.com/s/files/1/0584/8734/1218/files/Cat_4_Alternative_Milk.pdf?v=1700621316	200	0f3918fb3c26ffd75c170b2965b3b0ccfac53cd359f4e4f7682e2aa3e2e47494	13452818	0	0	0		Run lossless OCR on golden_bean/gba_2023_category_04.pdf, then rerun build_lane.py; do not infer unreadable labels.
commercial-regional-golden-bean-gba-2023-category-05-pdf	series:golden_bean_australasia	commercial_regional	56	2026-08-28T03:00:00Z	OFFICIAL_PUBLIC_DOWNLOAD	PARTIAL	https://cdn.shopify.com/s/files/1/0584/8734/1218/files/Cat_5_Decaf.pdf?v=1700435969	https://cdn.shopify.com/s/files/1/0584/8734/1218/files/Cat_5_Decaf.pdf?v=1700435969	200	97e65a0ba708ef5464e461349ba11870e0552b1576b66ca2ffb5cb0cee84b787	5518188	0	0	0		Run lossless OCR on golden_bean/gba_2023_category_05.pdf, then rerun build_lane.py; do not infer unreadable labels.
commercial-regional-golden-bean-gba-2023-category-06-pdf	series:golden_bean_australasia	commercial_regional	57	2026-08-28T03:00:00Z	OFFICIAL_PUBLIC_DOWNLOAD	PARTIAL	https://cdn.shopify.com/s/files/1/0584/8734/1218/files/Cat_6_Elite.pdf?v=1700435974	https://cdn.shopify.com/s/files/1/0584/8734/1218/files/Cat_6_Elite.pdf?v=1700435974	200	2bf30172b09bcff30f054fa54db627f73a0b0fb3d5ba53ba397065e88ca718f9	7060694	0	0	0		Run lossless OCR on golden_bean/gba_2023_category_06.pdf, then rerun build_lane.py; do not infer unreadable labels.
commercial-regional-golden-bean-gba-2023-category-07-pdf	series:golden_bean_australasia	commercial_regional	58	2026-08-28T03:00:00Z	OFFICIAL_PUBLIC_DOWNLOAD	PARTIAL	https://cdn.shopify.com/s/files/1/0584/8734/1218/files/Cat_7_Super_Automatic.pdf?v=1700435975	https://cdn.shopify.com/s/files/1/0584/8734/1218/files/Cat_7_Super_Automatic.pdf?v=1700435975	200	c1126488407d0cb84f44617beae7a5ce8aede25ae76624ed47c8054231d86a17	7221803	0	0	0		Run lossless OCR on golden_bean/gba_2023_category_07.pdf, then rerun build_lane.py; do not infer unreadable labels.
commercial-regional-golden-bean-gba-2023-category-08-pdf	series:golden_bean_australasia	commercial_regional	59	2026-08-28T03:00:00Z	OFFICIAL_PUBLIC_DOWNLOAD	PARTIAL	https://cdn.shopify.com/s/files/1/0584/8734/1218/files/Cat_8_LRG_Chain_Espresso.pdf?v=1700435978	https://cdn.shopify.com/s/files/1/0584/8734/1218/files/Cat_8_LRG_Chain_Espresso.pdf?v=1700435978	200	1c46ec47c8c707f113463afa6a64b4a475ee6b9f7b6ccf81416205b71edd2382	8811964	0	0	0		Run lossless OCR on golden_bean/gba_2023_category_08.pdf, then rerun build_lane.py; do not infer unreadable labels.
commercial-regional-golden-bean-gba-2023-category-09-pdf	series:golden_bean_australasia	commercial_regional	60	2026-08-28T03:00:00Z	OFFICIAL_PUBLIC_DOWNLOAD	PARTIAL	https://cdn.shopify.com/s/files/1/0584/8734/1218/files/Cat_9_LRG_Chain_Milk.pdf?v=1700435974	https://cdn.shopify.com/s/files/1/0584/8734/1218/files/Cat_9_LRG_Chain_Milk.pdf?v=1700435974	200	7bfb4832b3b1e88c1af93c5347326ddc41362fe3b3daa90d532b5a16c9bcc26a	7099925	0	0	0		Run lossless OCR on golden_bean/gba_2023_category_09.pdf, then rerun build_lane.py; do not infer unreadable labels.
commercial-regional-golden-bean-gba-2023-category-10-pdf	series:golden_bean_australasia	commercial_regional	61	2026-08-28T03:00:00Z	OFFICIAL_PUBLIC_DOWNLOAD	PARTIAL	https://cdn.shopify.com/s/files/1/0584/8734/1218/files/Cat_10_SML_Chain_Espresso.pdf?v=1700607733	https://cdn.shopify.com/s/files/1/0584/8734/1218/files/Cat_10_SML_Chain_Espresso.pdf?v=1700607733	200	c70977a0d5582f1993615a7d313f6c693887af641779b5d6df5631ce75730b53	9197090	0	0	0		Run lossless OCR on golden_bean/gba_2023_category_10.pdf, then rerun build_lane.py; do not infer unreadable labels.
commercial-regional-golden-bean-gba-2023-category-11-pdf	series:golden_bean_australasia	commercial_regional	62	2026-08-28T03:00:00Z	OFFICIAL_PUBLIC_DOWNLOAD	PARTIAL	https://cdn.shopify.com/s/files/1/0584/8734/1218/files/Cat_11_SML_Chain_Milk_dd48de2d-50e6-4803-b773-2cd0d1f6d4e7.pdf?v=1700607881	https://cdn.shopify.com/s/files/1/0584/8734/1218/files/Cat_11_SML_Chain_Milk_dd48de2d-50e6-4803-b773-2cd0d1f6d4e7.pdf?v=1700607881	200	9b59cb1d429d8f8850dbfce33bfb75c3f641980dfac6c60052559e84b2452ceb	7636543	0	0	0		Run lossless OCR on golden_bean/gba_2023_category_11.pdf, then rerun build_lane.py; do not infer unreadable labels.
commercial-regional-golden-bean-gba-2024-category-01-pdf	series:golden_bean_australasia	commercial_regional	63	2026-08-28T03:00:00Z	OFFICIAL_PUBLIC_DOWNLOAD	PARTIAL	https://cdn.shopify.com/s/files/1/0584/8734/1218/files/GBA_2024_Category_1-results-website_a943b9a9-830b-4d84-8d0b-6dd819969715.pdf?v=1729635412	https://cdn.shopify.com/s/files/1/0584/8734/1218/files/GBA_2024_Category_1-results-website_a943b9a9-830b-4d84-8d0b-6dd819969715.pdf?v=1729635412	200	dce994443149066901a4035dcd8b81e39e8d8f68aa8a95d5c65a4a5afb82ca42	11406694	0	0	0		Run lossless OCR on golden_bean/gba_2024_category_01.pdf, then rerun build_lane.py; do not infer unreadable labels.
commercial-regional-golden-bean-gba-2024-category-02-pdf	series:golden_bean_australasia	commercial_regional	64	2026-08-28T03:00:00Z	OFFICIAL_PUBLIC_DOWNLOAD	PARTIAL	https://cdn.shopify.com/s/files/1/0584/8734/1218/files/GBA_2024_Category_2-results_6f9dc1c1-c537-42cf-9c5c-adba7046b0e2.pdf?v=1729635749	https://cdn.shopify.com/s/files/1/0584/8734/1218/files/GBA_2024_Category_2-results_6f9dc1c1-c537-42cf-9c5c-adba7046b0e2.pdf?v=1729635749	200	1b8d59467284c678428f2d628e6904e41df4faad7cda4d79c6f5da515637892d	17540772	0	0	0		Run lossless OCR on golden_bean/gba_2024_category_02.pdf, then rerun build_lane.py; do not infer unreadable labels.
commercial-regional-golden-bean-gba-2024-category-03-pdf	series:golden_bean_australasia	commercial_regional	65	2026-08-28T03:00:00Z	OFFICIAL_PUBLIC_DOWNLOAD	PARTIAL	https://cdn.shopify.com/s/files/1/0584/8734/1218/files/GBA_2024_Category_3-results_91f3121d-73f7-4da5-938f-e72fde96c527.pdf?v=1729635966	https://cdn.shopify.com/s/files/1/0584/8734/1218/files/GBA_2024_Category_3-results_91f3121d-73f7-4da5-938f-e72fde96c527.pdf?v=1729635966	200	09e5ba69838a4450c2c4088dfe4b0c2c16345a95b7f49c90149f56e493e7a99b	9051414	0	0	0		Run lossless OCR on golden_bean/gba_2024_category_03.pdf, then rerun build_lane.py; do not infer unreadable labels.
commercial-regional-golden-bean-gba-2024-category-04-pdf	series:golden_bean_australasia	commercial_regional	66	2026-08-28T03:00:00Z	OFFICIAL_PUBLIC_DOWNLOAD	PARTIAL	https://cdn.shopify.com/s/files/1/0584/8734/1218/files/GBA_2024_Category_4-results.pdf?v=1729463634	https://cdn.shopify.com/s/files/1/0584/8734/1218/files/GBA_2024_Category_4-results.pdf?v=1729463634	200	ba48b9f8d3177bfbb3aa932f61d842cf48b20fa58662250abf321d602b8eafd3	2177745	0	0	0		Run lossless OCR on golden_bean/gba_2024_category_04.pdf, then rerun build_lane.py; do not infer unreadable labels.
commercial-regional-golden-bean-gba-2024-category-05-pdf	series:golden_bean_australasia	commercial_regional	67	2026-08-28T03:00:00Z	OFFICIAL_PUBLIC_DOWNLOAD	PARTIAL	https://cdn.shopify.com/s/files/1/0584/8734/1218/files/GBA_2024_Category_5-results.pdf?v=1729463754	https://cdn.shopify.com/s/files/1/0584/8734/1218/files/GBA_2024_Category_5-results.pdf?v=1729463754	200	841211830acdbb29f7f837f27bee40b0437c9d1a8cb3ea28bef484d7b0cc5598	1419349	0	0	0		Run lossless OCR on golden_bean/gba_2024_category_05.pdf, then rerun build_lane.py; do not infer unreadable labels.
commercial-regional-golden-bean-gba-2024-category-06-pdf	series:golden_bean_australasia	commercial_regional	68	2026-08-28T03:00:00Z	OFFICIAL_PUBLIC_DOWNLOAD	PARTIAL	https://cdn.shopify.com/s/files/1/0584/8734/1218/files/GBA_2024_Category_6-results.pdf?v=1729464006	https://cdn.shopify.com/s/files/1/0584/8734/1218/files/GBA_2024_Category_6-results.pdf?v=1729464006	200	fe647be2bd6ef5364f5ad96beafa514e045fede0eb590ba2536dc26a32e98443	1398218	0	0	0		Run lossless OCR on golden_bean/gba_2024_category_06.pdf, then rerun build_lane.py; do not infer unreadable labels.
commercial-regional-golden-bean-gba-2024-category-07-pdf	series:golden_bean_australasia	commercial_regional	69	2026-08-28T03:00:00Z	OFFICIAL_PUBLIC_DOWNLOAD	PARTIAL	https://cdn.shopify.com/s/files/1/0584/8734/1218/files/GBA_2024_Category_7-results.pdf?v=1729464225	https://cdn.shopify.com/s/files/1/0584/8734/1218/files/GBA_2024_Category_7-results.pdf?v=1729464225	200	6ea205dd1e1f7f8a70fb42457b47cff94397dbe61359a8217643e96c2e4e103f	1386014	0	0	0		Run lossless OCR on golden_bean/gba_2024_category_07.pdf, then rerun build_lane.py; do not infer unreadable labels.
commercial-regional-golden-bean-gba-2024-category-08-pdf	series:golden_bean_australasia	commercial_regional	70	2026-08-28T03:00:00Z	OFFICIAL_PUBLIC_DOWNLOAD	PARTIAL	https://cdn.shopify.com/s/files/1/0584/8734/1218/files/GBA_2024_Category_8-results.pdf?v=1729464396	https://cdn.shopify.com/s/files/1/0584/8734/1218/files/GBA_2024_Category_8-results.pdf?v=1729464396	200	605c2bb1d1afff21a889b9bf3d6a8e958786a329bfa934b6b174da3ad5d000ca	2205292	0	0	0		Run lossless OCR on golden_bean/gba_2024_category_08.pdf, then rerun build_lane.py; do not infer unreadable labels.
commercial-regional-golden-bean-gba-2024-category-09-pdf	series:golden_bean_australasia	commercial_regional	71	2026-08-28T03:00:00Z	OFFICIAL_PUBLIC_DOWNLOAD	PARTIAL	https://cdn.shopify.com/s/files/1/0584/8734/1218/files/GBA_2024_Category_9-results.pdf?v=1729464653	https://cdn.shopify.com/s/files/1/0584/8734/1218/files/GBA_2024_Category_9-results.pdf?v=1729464653	200	af7a589836214bd62f6347ae9064ec6345bc3d80a528d0d1ef1eef0c0a5f3b0b	3018880	0	0	0		Run lossless OCR on golden_bean/gba_2024_category_09.pdf, then rerun build_lane.py; do not infer unreadable labels.
commercial-regional-golden-bean-gba-2024-category-10-pdf	series:golden_bean_australasia	commercial_regional	72	2026-08-28T03:00:00Z	OFFICIAL_PUBLIC_DOWNLOAD	PARTIAL	https://cdn.shopify.com/s/files/1/0584/8734/1218/files/GBA_2024_Category_10-results.pdf?v=1729464865v	https://cdn.shopify.com/s/files/1/0584/8734/1218/files/GBA_2024_Category_10-results.pdf?v=1729464865v	200	ec69d778ee9870c8978f4d42b99d71043867a2354d66a8decb4888c740f859c4	1410561	0	0	0		Run lossless OCR on golden_bean/gba_2024_category_10.pdf, then rerun build_lane.py; do not infer unreadable labels.
commercial-regional-golden-bean-gba-2024-category-11-pdf	series:golden_bean_australasia	commercial_regional	73	2026-08-28T03:00:00Z	OFFICIAL_PUBLIC_DOWNLOAD	PARTIAL	https://cdn.shopify.com/s/files/1/0584/8734/1218/files/GBA_2024_Category_11-results.pdf?v=1729465018	https://cdn.shopify.com/s/files/1/0584/8734/1218/files/GBA_2024_Category_11-results.pdf?v=1729465018	200	4063b3f601b8ef440cf8580bdcccf7b1caab967895706119ad6fed1efc3f7258	2206914	0	0	0		Run lossless OCR on golden_bean/gba_2024_category_11.pdf, then rerun build_lane.py; do not infer unreadable labels.
commercial-regional-golden-bean-gba-2025-category-01-pdf	series:golden_bean_australasia	commercial_regional	74	2026-08-28T03:00:00Z	OFFICIAL_PUBLIC_DOWNLOAD	PARTIAL	https://cdn.shopify.com/s/files/1/0584/8734/1218/files/Cat_1_Medalists.pdf?v=1750659276	https://cdn.shopify.com/s/files/1/0584/8734/1218/files/Cat_1_Medalists.pdf?v=1750659276	200	88e3dedbe8822c07c7f9427a1e1d1b3a0effa5165701be14b18e634e9b23ca4e	3813292	0	0	0		Run lossless OCR on golden_bean/gba_2025_category_01.pdf, then rerun build_lane.py; do not infer unreadable labels.
commercial-regional-golden-bean-gba-2025-category-02-pdf	series:golden_bean_australasia	commercial_regional	75	2026-08-28T03:00:00Z	OFFICIAL_PUBLIC_DOWNLOAD	PARTIAL	https://cdn.shopify.com/s/files/1/0584/8734/1218/files/Cat_2_Medalists.pdf?v=1750659276	https://cdn.shopify.com/s/files/1/0584/8734/1218/files/Cat_2_Medalists.pdf?v=1750659276	200	719b6c0c7188ce978ce2b1599e1402c3f203e0cd685db46398736d8918d20a46	4953524	0	0	0		Run lossless OCR on golden_bean/gba_2025_category_02.pdf, then rerun build_lane.py; do not infer unreadable labels.
commercial-regional-golden-bean-gba-2025-category-03-pdf	series:golden_bean_australasia	commercial_regional	76	2026-08-28T03:00:00Z	OFFICIAL_PUBLIC_DOWNLOAD	PARTIAL	https://cdn.shopify.com/s/files/1/0584/8734/1218/files/Cat_3_Medalists.pdf?v=1750659275	https://cdn.shopify.com/s/files/1/0584/8734/1218/files/Cat_3_Medalists.pdf?v=1750659275	200	8551351a014baaaa448824736252660fbc439ad9320b7de9f940697aa8851792	3266407	0	0	0		Run lossless OCR on golden_bean/gba_2025_category_03.pdf, then rerun build_lane.py; do not infer unreadable labels.
commercial-regional-golden-bean-gba-2025-category-04-pdf	series:golden_bean_australasia	commercial_regional	77	2026-08-28T03:00:00Z	OFFICIAL_PUBLIC_DOWNLOAD	PARTIAL	https://cdn.shopify.com/s/files/1/0584/8734/1218/files/Cat_4_Medalists.pdf?v=1750659270	https://cdn.shopify.com/s/files/1/0584/8734/1218/files/Cat_4_Medalists.pdf?v=1750659270	200	0fcdc6a8cc121a80f1615d4d94560cb7b15dd7f96faaeb0f0ff68a1f1d161129	1508065	0	0	0		Run lossless OCR on golden_bean/gba_2025_category_04.pdf, then rerun build_lane.py; do not infer unreadable labels.
commercial-regional-golden-bean-gba-2025-category-05-pdf	series:golden_bean_australasia	commercial_regional	78	2026-08-28T03:00:00Z	OFFICIAL_PUBLIC_DOWNLOAD	PARTIAL	https://cdn.shopify.com/s/files/1/0584/8734/1218/files/Cat_5_Medalists.pdf?v=1750659267	https://cdn.shopify.com/s/files/1/0584/8734/1218/files/Cat_5_Medalists.pdf?v=1750659267	200	b5f0a5bbf14937bf70283a338cbb31d5216c23f6e6de95c517e434a047234cd1	939144	0	0	0		Run lossless OCR on golden_bean/gba_2025_category_05.pdf, then rerun build_lane.py; do not infer unreadable labels.
commercial-regional-golden-bean-gba-2025-category-06-pdf	series:golden_bean_australasia	commercial_regional	79	2026-08-28T03:00:00Z	OFFICIAL_PUBLIC_DOWNLOAD	PARTIAL	https://cdn.shopify.com/s/files/1/0584/8734/1218/files/Cat_6_Medalists.pdf?v=1750659269	https://cdn.shopify.com/s/files/1/0584/8734/1218/files/Cat_6_Medalists.pdf?v=1750659269	200	e84de58527718e52e8b04f81a13cbea273495c412fc73344a1c3d863dc80b331	1085234	0	0	0		Run lossless OCR on golden_bean/gba_2025_category_06.pdf, then rerun build_lane.py; do not infer unreadable labels.
commercial-regional-golden-bean-gba-2025-category-07-pdf	series:golden_bean_australasia	commercial_regional	80	2026-08-28T03:00:00Z	OFFICIAL_PUBLIC_DOWNLOAD	PARTIAL	https://cdn.shopify.com/s/files/1/0584/8734/1218/files/Cat_7_Medalists.pdf?v=1750659268	https://cdn.shopify.com/s/files/1/0584/8734/1218/files/Cat_7_Medalists.pdf?v=1750659268	200	b096683c3388e493010170c763a869ab5f97d35cf4b68fb32fc8e77280d0f258	1017197	0	0	0		Run lossless OCR on golden_bean/gba_2025_category_07.pdf, then rerun build_lane.py; do not infer unreadable labels.
commercial-regional-golden-bean-gba-2025-category-08-pdf	series:golden_bean_australasia	commercial_regional	81	2026-08-28T03:00:00Z	OFFICIAL_PUBLIC_DOWNLOAD	PARTIAL	https://cdn.shopify.com/s/files/1/0584/8734/1218/files/Cat_8_Medalists.pdf?v=1750659273	https://cdn.shopify.com/s/files/1/0584/8734/1218/files/Cat_8_Medalists.pdf?v=1750659273	200	c1cb8ba496f292a6065add3759ca2e5156550422ae106bbcb17d59a9c1cfbb98	1816814	0	0	0		Run lossless OCR on golden_bean/gba_2025_category_08.pdf, then rerun build_lane.py; do not infer unreadable labels.
commercial-regional-golden-bean-gba-2025-category-09-pdf	series:golden_bean_australasia	commercial_regional	82	2026-08-28T03:00:00Z	OFFICIAL_PUBLIC_DOWNLOAD	PARTIAL	https://cdn.shopify.com/s/files/1/0584/8734/1218/files/Cat_9_Medalists.pdf?v=1750659271	https://cdn.shopify.com/s/files/1/0584/8734/1218/files/Cat_9_Medalists.pdf?v=1750659271	200	be45dcea44d97ada38ce1aa505d4712f6bf827ccdde5ffdc97113f9f2ddc4b88	1721094	0	0	0		Run lossless OCR on golden_bean/gba_2025_category_09.pdf, then rerun build_lane.py; do not infer unreadable labels.
commercial-regional-golden-bean-gba-2025-category-10-pdf	series:golden_bean_australasia	commercial_regional	83	2026-08-28T03:00:00Z	OFFICIAL_PUBLIC_DOWNLOAD	PARTIAL	https://cdn.shopify.com/s/files/1/0584/8734/1218/files/Cat_10_Medalists.pdf?v=1750659269	https://cdn.shopify.com/s/files/1/0584/8734/1218/files/Cat_10_Medalists.pdf?v=1750659269	200	ac2626f5e2eced1e7daaaf947e4a21046bb9373c68fc6cd0fb071a3107d697e9	1145152	0	0	0		Run lossless OCR on golden_bean/gba_2025_category_10.pdf, then rerun build_lane.py; do not infer unreadable labels.
commercial-regional-golden-bean-gba-2025-category-11-pdf	series:golden_bean_australasia	commercial_regional	84	2026-08-28T03:00:00Z	OFFICIAL_PUBLIC_DOWNLOAD	PARTIAL	https://cdn.shopify.com/s/files/1/0584/8734/1218/files/Cat_11_Medalists.pdf?v=1750659270	https://cdn.shopify.com/s/files/1/0584/8734/1218/files/Cat_11_Medalists.pdf?v=1750659270	200	5c3ceb980705f900447c49ffeb1ab440fede38f2de899df4dabc3e9e09e1d333	1238461	0	0	0		Run lossless OCR on golden_bean/gba_2025_category_11.pdf, then rerun build_lane.py; do not infer unreadable labels.
commercial-regional-golden-bean-gba-2025-category-12-pdf	series:golden_bean_australasia	commercial_regional	85	2026-08-28T03:00:00Z	OFFICIAL_PUBLIC_DOWNLOAD	PARTIAL	https://cdn.shopify.com/s/files/1/0584/8734/1218/files/AWARDS_PRESENTATION_part2_website.pdf?v=1750556166	https://cdn.shopify.com/s/files/1/0584/8734/1218/files/AWARDS_PRESENTATION_part2_website.pdf?v=1750556166	200	b6ba1b3320be028b2f96b712de182fc266c45af543892dbfa5a4eeb0ffabfbaf	20277204	0	0	0		Run lossless OCR on golden_bean/gba_2025_category_12.pdf, then rerun build_lane.py; do not infer unreadable labels.
commercial-regional-golden-bean-gba-2025-category-13-pdf	series:golden_bean_australasia	commercial_regional	86	2026-08-28T03:00:00Z	OFFICIAL_PUBLIC_DOWNLOAD	PARTIAL	https://cdn.shopify.com/s/files/1/0584/8734/1218/files/AWARDS_PRESENTATION_part1_website.pdf?v=1750556136	https://cdn.shopify.com/s/files/1/0584/8734/1218/files/AWARDS_PRESENTATION_part1_website.pdf?v=1750556136	200	3cb963280c8fa9f329af4092ed4a741af4f3b5a2558e1e6b3f44d886801b629d	10434052	0	0	0		Run lossless OCR on golden_bean/gba_2025_category_13.pdf, then rerun build_lane.py; do not infer unreadable labels.
commercial-regional-golden-bean-gbna-2023-category-01-pdf	series:golden_bean_americas	commercial_regional	87	2026-08-28T03:00:00Z	OFFICIAL_PUBLIC_DOWNLOAD	PARTIAL	https://cdn.shopify.com/s/files/1/0037/5308/2949/files/Category_1-Espresso_medal_winners_f3575eb6-9183-4e8f-8f29-5a3832b75b9e.pdf?v=1692832297	https://cdn.shopify.com/s/files/1/0037/5308/2949/files/Category_1-Espresso_medal_winners_f3575eb6-9183-4e8f-8f29-5a3832b75b9e.pdf?v=1692832297	200	a187bb5b4f46c1b931821e8503b355a3025177acc54e83e77af87d8065a45b33	10803530	0	0	0		Run lossless OCR on golden_bean/gbna_2023_category_01.pdf, then rerun build_lane.py; do not infer unreadable labels.
commercial-regional-golden-bean-gbna-2023-category-02-pdf	series:golden_bean_americas	commercial_regional	88	2026-08-28T03:00:00Z	OFFICIAL_PUBLIC_DOWNLOAD	PARTIAL	https://cdn.shopify.com/s/files/1/0037/5308/2949/files/Category_2-_Milk_Based_medal_winners.pdf?v=1691978222	https://cdn.shopify.com/s/files/1/0037/5308/2949/files/Category_2-_Milk_Based_medal_winners.pdf?v=1691978222	200	1216498f68c5dea466b36550c43b6fad3a61acd0ead52994ecc730e87653db0b	6079071	0	0	0		Run lossless OCR on golden_bean/gbna_2023_category_02.pdf, then rerun build_lane.py; do not infer unreadable labels.
commercial-regional-golden-bean-gbna-2023-category-03-pdf	series:golden_bean_americas	commercial_regional	89	2026-08-28T03:00:00Z	OFFICIAL_PUBLIC_DOWNLOAD	PARTIAL	https://cdn.shopify.com/s/files/1/0037/5308/2949/files/Category_3_Filter_medalists_f7f8747c-321f-4a7a-9d64-5d294629b4cb.pdf?v=1692832248	https://cdn.shopify.com/s/files/1/0037/5308/2949/files/Category_3_Filter_medalists_f7f8747c-321f-4a7a-9d64-5d294629b4cb.pdf?v=1692832248	200	0d25e56dea5380bfba3d71217665dd24b2bb9b02acc455c9a72964bce053d361	14248506	0	0	0		Run lossless OCR on golden_bean/gbna_2023_category_03.pdf, then rerun build_lane.py; do not infer unreadable labels.
commercial-regional-golden-bean-gbna-2023-category-04-pdf	series:golden_bean_americas	commercial_regional	90	2026-08-28T03:00:00Z	OFFICIAL_PUBLIC_DOWNLOAD	PARTIAL	https://cdn.shopify.com/s/files/1/0037/5308/2949/files/Category_4-_Alternative_Milk_medalists.pdf?v=1691978593	https://cdn.shopify.com/s/files/1/0037/5308/2949/files/Category_4-_Alternative_Milk_medalists.pdf?v=1691978593	200	6ae418944fee6b23bb6836839dfc321aa4e04c3f01852c24e9f02a36ce75fa59	3656462	0	0	0		Run lossless OCR on golden_bean/gbna_2023_category_04.pdf, then rerun build_lane.py; do not infer unreadable labels.
commercial-regional-golden-bean-gbna-2023-category-05-pdf	series:golden_bean_americas	commercial_regional	91	2026-08-28T03:00:00Z	OFFICIAL_PUBLIC_DOWNLOAD	PARTIAL	https://cdn.shopify.com/s/files/1/0037/5308/2949/files/Category_5-_Decaf_medalists.pdf?v=1691978697	https://cdn.shopify.com/s/files/1/0037/5308/2949/files/Category_5-_Decaf_medalists.pdf?v=1691978697	200	ad151667bb39518df0004bbc29945228f726b0946bed5e5c5a223bae99d37f09	3689805	0	0	0		Run lossless OCR on golden_bean/gbna_2023_category_05.pdf, then rerun build_lane.py; do not infer unreadable labels.
commercial-regional-golden-bean-gbna-2023-category-06-pdf	series:golden_bean_americas	commercial_regional	92	2026-08-28T03:00:00Z	OFFICIAL_PUBLIC_DOWNLOAD	PARTIAL	https://cdn.shopify.com/s/files/1/0037/5308/2949/files/Category_6-_Elite_medalists.pdf?v=1691978857	https://cdn.shopify.com/s/files/1/0037/5308/2949/files/Category_6-_Elite_medalists.pdf?v=1691978857	200	f1250a25f0fd0fa4606916df06bf7a64e2c8f326cb499d39b4d1db6324c5741b	2008241	0	0	0		Run lossless OCR on golden_bean/gbna_2023_category_06.pdf, then rerun build_lane.py; do not infer unreadable labels.
commercial-regional-golden-bean-gbna-2023-category-07-pdf	series:golden_bean_americas	commercial_regional	93	2026-08-28T03:00:00Z	OFFICIAL_PUBLIC_DOWNLOAD	PARTIAL	https://cdn.shopify.com/s/files/1/0037/5308/2949/files/Category_7-_Chain-Store_Espresso_medalists.pdf?v=1691978957	https://cdn.shopify.com/s/files/1/0037/5308/2949/files/Category_7-_Chain-Store_Espresso_medalists.pdf?v=1691978957	200	64c335fbc71fdae243677d0cf5d7b1aaa89dfcb331a203b255f3505d083999b6	5200316	0	0	0		Run lossless OCR on golden_bean/gbna_2023_category_07.pdf, then rerun build_lane.py; do not infer unreadable labels.
commercial-regional-golden-bean-gbna-2023-category-08-pdf	series:golden_bean_americas	commercial_regional	94	2026-08-28T03:00:00Z	OFFICIAL_PUBLIC_DOWNLOAD	PARTIAL	https://cdn.shopify.com/s/files/1/0037/5308/2949/files/Category_8-_Chain-store_Milk.pdf?v=1691979101	https://cdn.shopify.com/s/files/1/0037/5308/2949/files/Category_8-_Chain-store_Milk.pdf?v=1691979101	200	c5d08a95ed35f00ca6c756f7db228c146f838b199567ad43b9032c2a458af95f	5394386	0	0	0		Run lossless OCR on golden_bean/gbna_2023_category_08.pdf, then rerun build_lane.py; do not infer unreadable labels.
commercial-regional-golden-bean-gbna-2023-category-09-pdf	series:golden_bean_americas	commercial_regional	95	2026-08-28T03:00:00Z	OFFICIAL_PUBLIC_DOWNLOAD	PARTIAL	https://cdn.shopify.com/s/files/1/0037/5308/2949/files/Category_9-_Chain-store_Filter.pdf?v=1691979195	https://cdn.shopify.com/s/files/1/0037/5308/2949/files/Category_9-_Chain-store_Filter.pdf?v=1691979195	200	e7bcca2d7fe704f69f70ec2e4ec865d5b92b7bdd85517996104a1c0ca58f4468	6967919	0	0	0		Run lossless OCR on golden_bean/gbna_2023_category_09.pdf, then rerun build_lane.py; do not infer unreadable labels.
commercial-regional-golden-bean-gbna-2023-category-10-pdf	series:golden_bean_americas	commercial_regional	96	2026-08-28T03:00:00Z	OFFICIAL_PUBLIC_DOWNLOAD	PARTIAL	https://cdn.shopify.com/s/files/1/0037/5308/2949/files/Category_10-Super_Automatic.pdf?v=1691979289	https://cdn.shopify.com/s/files/1/0037/5308/2949/files/Category_10-Super_Automatic.pdf?v=1691979289	200	83354defa27d93d4b09e2b580e26b78411234b799cdc46e268b26ace25de4a3c	3506979	0	0	0		Run lossless OCR on golden_bean/gbna_2023_category_10.pdf, then rerun build_lane.py; do not infer unreadable labels.
commercial-regional-golden-bean-gbna-2023-category-11-pdf	series:golden_bean_americas	commercial_regional	97	2026-08-28T03:00:00Z	OFFICIAL_PUBLIC_DOWNLOAD	PARTIAL	https://cdn.shopify.com/s/files/1/0037/5308/2949/files/Category_11-_Single-Serve_medalists.pdf?v=1691979460	https://cdn.shopify.com/s/files/1/0037/5308/2949/files/Category_11-_Single-Serve_medalists.pdf?v=1691979460	200	9a3b39a1e3e51b953ecae50647d1655ea13fbefbe3d27d8d11f633a5818c414d	2033395	0	0	0		Run lossless OCR on golden_bean/gbna_2023_category_11.pdf, then rerun build_lane.py; do not infer unreadable labels.
commercial-regional-golden-bean-gbna-2025-category-01-pdf	series:golden_bean_americas	commercial_regional	98	2026-08-28T03:00:00Z	OFFICIAL_PUBLIC_DOWNLOAD	PARTIAL	https://cdn.shopify.com/s/files/1/0037/5308/2949/files/GBTACategory1Results2025.pdf?v=1783863359	https://cdn.shopify.com/s/files/1/0037/5308/2949/files/GBTACategory1Results2025.pdf?v=1783863359	200	3162d04466ba6cac05237cb7ba10231a043cf7a418dd642646800be699976051	16298032	0	0	0		Run lossless OCR on golden_bean/gbna_2025_category_01.pdf, then rerun build_lane.py; do not infer unreadable labels.
commercial-regional-golden-bean-gbna-2025-category-02-pdf	series:golden_bean_americas	commercial_regional	99	2026-08-28T03:00:00Z	OFFICIAL_PUBLIC_DOWNLOAD	PARTIAL	https://cdn.shopify.com/s/files/1/0037/5308/2949/files/GBTACategory2Results2025.pdf?v=1783863695	https://cdn.shopify.com/s/files/1/0037/5308/2949/files/GBTACategory2Results2025.pdf?v=1783863695	200	2ce33f3bb4d07cecd89daf9d4914f82056f7a22569e7521f6b5a8a269536684d	16256859	0	0	0		Run lossless OCR on golden_bean/gbna_2025_category_02.pdf, then rerun build_lane.py; do not infer unreadable labels.
commercial-regional-golden-bean-gbna-2025-category-03-pdf	series:golden_bean_americas	commercial_regional	100	2026-08-28T03:00:00Z	OFFICIAL_PUBLIC_DOWNLOAD	PARTIAL	https://cdn.shopify.com/s/files/1/0037/5308/2949/files/GBTACategory3Results2025.pdf?v=1783863865	https://cdn.shopify.com/s/files/1/0037/5308/2949/files/GBTACategory3Results2025.pdf?v=1783863865	200	c295930b0dedd0b9ec63722ef2e72c74d599d4de9d373e12d674022dcf8d6c7c	19228356	0	0	0		Run lossless OCR on golden_bean/gbna_2025_category_03.pdf, then rerun build_lane.py; do not infer unreadable labels.
commercial-regional-golden-bean-gbna-2025-category-04-pdf	series:golden_bean_americas	commercial_regional	101	2026-08-28T03:00:00Z	OFFICIAL_PUBLIC_DOWNLOAD	PARTIAL	https://cdn.shopify.com/s/files/1/0037/5308/2949/files/GBTACategory4Results2025.pdf?v=1783864099	https://cdn.shopify.com/s/files/1/0037/5308/2949/files/GBTACategory4Results2025.pdf?v=1783864099	200	b14ec5e92ffac5dab26c0f3264915c0621f4517ceaa8006d2055b984d781ee72	9963499	0	0	0		Run lossless OCR on golden_bean/gbna_2025_category_04.pdf, then rerun build_lane.py; do not infer unreadable labels.
commercial-regional-golden-bean-gbna-2025-category-05-pdf	series:golden_bean_americas	commercial_regional	102	2026-08-28T03:00:00Z	OFFICIAL_PUBLIC_DOWNLOAD	PARTIAL	https://cdn.shopify.com/s/files/1/0037/5308/2949/files/GBTACategory5Results2025.pdf?v=1783864324	https://cdn.shopify.com/s/files/1/0037/5308/2949/files/GBTACategory5Results2025.pdf?v=1783864324	200	835531d02a573c69606b52e3788e3676ef9db8e5cd031dca5a418435d31ecd42	9953852	0	0	0		Run lossless OCR on golden_bean/gbna_2025_category_05.pdf, then rerun build_lane.py; do not infer unreadable labels.
commercial-regional-golden-bean-gbna-2025-category-06-pdf	series:golden_bean_americas	commercial_regional	103	2026-08-28T03:00:00Z	OFFICIAL_PUBLIC_DOWNLOAD	PARTIAL	https://cdn.shopify.com/s/files/1/0037/5308/2949/files/GBTACategory6Results2025.pdf?v=1783864602	https://cdn.shopify.com/s/files/1/0037/5308/2949/files/GBTACategory6Results2025.pdf?v=1783864602	200	aff9d267683e75514e6ada09ebea12fad80cc3878c00057b2201241b2f44a9fc	10381992	0	0	0		Run lossless OCR on golden_bean/gbna_2025_category_06.pdf, then rerun build_lane.py; do not infer unreadable labels.
commercial-regional-golden-bean-gbna-2025-category-07-pdf	series:golden_bean_americas	commercial_regional	104	2026-08-28T03:00:00Z	OFFICIAL_PUBLIC_DOWNLOAD	PARTIAL	https://cdn.shopify.com/s/files/1/0037/5308/2949/files/GBTACategory7Results2025.pdf?v=1783864970	https://cdn.shopify.com/s/files/1/0037/5308/2949/files/GBTACategory7Results2025.pdf?v=1783864970	200	e0a79694909d53d02b6d8bbce845567cff861aabc9dc628b1ba4a84d86fd6f0f	10854220	0	0	0		Run lossless OCR on golden_bean/gbna_2025_category_07.pdf, then rerun build_lane.py; do not infer unreadable labels.
commercial-regional-golden-bean-gbna-2025-category-08-pdf	series:golden_bean_americas	commercial_regional	105	2026-08-28T03:00:00Z	OFFICIAL_PUBLIC_DOWNLOAD	PARTIAL	https://cdn.shopify.com/s/files/1/0037/5308/2949/files/GBTACategory8Results2025.pdf?v=1783865116	https://cdn.shopify.com/s/files/1/0037/5308/2949/files/GBTACategory8Results2025.pdf?v=1783865116	200	9220362f001f448318048b516e40afd77145b5e16ceecd1b3f9bf1f29120b73e	10856040	0	0	0		Run lossless OCR on golden_bean/gbna_2025_category_08.pdf, then rerun build_lane.py; do not infer unreadable labels.
commercial-regional-golden-bean-gbna-2025-category-09-pdf	series:golden_bean_americas	commercial_regional	106	2026-08-28T03:00:00Z	OFFICIAL_PUBLIC_DOWNLOAD	PARTIAL	https://cdn.shopify.com/s/files/1/0037/5308/2949/files/GBTACategory9Results2025.pdf?v=1783865281	https://cdn.shopify.com/s/files/1/0037/5308/2949/files/GBTACategory9Results2025.pdf?v=1783865281	200	ddaeab669b4fb7abe77cb4a6098ef7d3fcfd18d5c6588efa00eca44b9b7d2c21	10404442	0	0	0		Run lossless OCR on golden_bean/gbna_2025_category_09.pdf, then rerun build_lane.py; do not infer unreadable labels.
commercial-regional-golden-bean-gbna-2025-category-10-pdf	series:golden_bean_americas	commercial_regional	107	2026-08-28T03:00:00Z	OFFICIAL_PUBLIC_DOWNLOAD	PARTIAL	https://cdn.shopify.com/s/files/1/0037/5308/2949/files/GBTACategory10Results2025.pdf?v=1783865400	https://cdn.shopify.com/s/files/1/0037/5308/2949/files/GBTACategory10Results2025.pdf?v=1783865400	200	a5407d0b8de506887b904efd7c231013a98d6e9cc79bd0834d69b4d46da1aa46	9968364	0	0	0		Run lossless OCR on golden_bean/gbna_2025_category_10.pdf, then rerun build_lane.py; do not infer unreadable labels.
commercial-regional-golden-bean-gbna-2025-category-11-pdf	series:golden_bean_americas	commercial_regional	108	2026-08-28T03:00:00Z	OFFICIAL_PUBLIC_DOWNLOAD	PARTIAL	https://cdn.shopify.com/s/files/1/0037/5308/2949/files/GBTACategory11Results2025.pdf?v=1783865495	https://cdn.shopify.com/s/files/1/0037/5308/2949/files/GBTACategory11Results2025.pdf?v=1783865495	200	d7e62c7dd49a10bb9532349ef094503aa2598a530621ad8f22306944a8b69c8e	9974505	0	0	0		Run lossless OCR on golden_bean/gbna_2025_category_11.pdf, then rerun build_lane.py; do not infer unreadable labels.
commercial-regional-iiac-2023-summer-gold-html	series:iiac_ict	commercial_regional	109	2026-08-28T03:00:00Z	OFFICIAL_PUBLIC_DOWNLOAD	COMPLETED	https://www.internationalcoffeetasting.com/ict/summer-session-2023-gold-medals/	https://www.internationalcoffeetasting.com/ict/summer-session-2023-gold-medals/	200	c50ebe35ba6926a562831b382814c08413ce94e50a6cbf9cc27184d6817ab7de	164981	53	53	0		Advance to the next edition in RESUME_MANIFEST.json.
commercial-regional-iiac-2023-fall-gold-html	series:iiac_ict	commercial_regional	110	2026-08-28T03:00:00Z	OFFICIAL_PUBLIC_DOWNLOAD	COMPLETED	https://www.internationalcoffeetasting.com/ict/fall-session-2023-gold-medals/	https://www.internationalcoffeetasting.com/ict/fall-session-2023-gold-medals/	200	bf823b10230888465c86b76a53abacf27a79c59951b01fb613866cc61060a054	278654	123	123	0		Advance to the next edition in RESUME_MANIFEST.json.
commercial-regional-iiac-2024-single-serve-gold-html	series:iiac_ict	commercial_regional	111	2026-08-28T03:00:00Z	OFFICIAL_PUBLIC_DOWNLOAD	COMPLETED	https://www.internationalcoffeetasting.com/ict/ict-2024-single-serve-gold-medal/	https://www.internationalcoffeetasting.com/ict/ict-2024-single-serve-gold-medal/	200	662761e32cfb2e839f114e6eaa41a5d67c9f0cdb8225d25c0940d12f225c77e4	107643	6	6	0		Advance to the next edition in RESUME_MANIFEST.json.
commercial-regional-iiac-2025-rules-pdf	source:iiac_2025_regulations	commercial_regional	112	2026-08-28T03:00:00Z	OFFICIAL_PUBLIC_DOWNLOAD	PARTIAL	https://www.internationalcoffeetasting.com/ict/wp-content/uploads/2025/03/2025-ICT-General-Regulations-v0.4-ENG.pdf	https://www.internationalcoffeetasting.com/ict/wp-content/uploads/2025/03/2025-ICT-General-Regulations-v0.4-ENG.pdf	200	e1c19beba9b9ccdb14e06d94ad7778673cbdbac9bfbaede24d07ac16801a89f4	169571	0	0	0		Run lossless OCR on iiac/2025_rules.pdf, then rerun build_lane.py; do not infer unreadable labels.
commercial-regional-iiac-competition-overview-html	source:iiac_competition	commercial_regional	113	2026-08-28T03:00:00Z	OFFICIAL_PUBLIC_DOWNLOAD	COMPLETED	https://www.iiac.coffee/en/concorso	https://www.iiac.coffee/en/concorso	200	272190714fabdfcf4ff74b93dfeb879551dd53da3b74b062a01e1a42cb3f9a9b	756324	0	0	0		Advance to the next edition in RESUME_MANIFEST.json.
commercial-regional-iiac-2025-gold-article-html	series:iiac_ict	commercial_regional	114	2026-08-28T03:00:00Z	OFFICIAL_PUBLIC_DOWNLOAD	COMPLETED	https://www.iiac.coffee/en/post/international-coffee-tasting-2025-ecco-le-aziende-vincitrici-delle-medaglie-d-oro	https://www.iiac.coffee/en/post/international-coffee-tasting-2025-ecco-le-aziende-vincitrici-delle-medaglie-d-oro	200	c8227c0942b9f35c53f1a6f328abbdf0cfa544c3d26f465ad98275efdad2a3ee	1025302	0	0	0		Advance to the next edition in RESUME_MANIFEST.json.
commercial-regional-scaj-jbrc-past-results-html	archive:scaj_jbrc_past_results	commercial_regional	115	2026-08-28T03:00:00Z	OFFICIAL_PUBLIC_PAGE	COMPLETED	https://scaj.org/activity/competitions/jbrc/past_results	https://scaj.org/activity/competitions/jbrc/past_results	200	9826e17366c7f4a10781f7416740241a6275b8b32223685f4b7160375274b41a	47879	79	79	0		Advance to the next edition in RESUME_MANIFEST.json.
commercial-regional-scaj-jcrc-past-results-html	archive:scaj_jcrc_past_results	commercial_regional	116	2026-08-28T03:00:00Z	OFFICIAL_PUBLIC_PAGE	COMPLETED	https://scaj.org/activity/competitions/jcrc/past_results	https://scaj.org/activity/competitions/jcrc/past_results	200	302991395618234a24a68fd3eb8c3144ae20dbb28e323f947848409026b43c96	49714	87	87	0		Advance to the next edition in RESUME_MANIFEST.json.
commercial-regional-scaj-jhdc-past-results-html	archive:scaj_jhdc_past_results	commercial_regional	117	2026-08-28T03:00:00Z	OFFICIAL_PUBLIC_PAGE	COMPLETED	https://scaj.org/activity/competitions/jhdc-2/past_results	https://scaj.org/activity/competitions/jhdc-2/past_results	200	bd8b18673ca8a217712fb37a5f15aca80fe0a783cffef0b27d0773ca71f44f84	40972	14	14	0		Advance to the next edition in RESUME_MANIFEST.json.
commercial-regional-scaj-jsc-results-html	archive:scaj_jsc_past_results	commercial_regional	118	2026-08-28T03:00:00Z	OFFICIAL_PUBLIC_PAGE	COMPLETED	https://scaj.org/activity/competitions/jsc/results	https://scaj.org/activity/competitions/jsc/results	200	c98df83345210d43e07af35827d52d585420146cae0fc3f1752b707af72c27c9	51439	83	83	0		Advance to the next edition in RESUME_MANIFEST.json.
commercial-regional-scaj-wsc-2016-html	series:scaj_wsc	commercial_regional	119	2026-08-28T03:00:00Z	OFFICIAL_PUBLIC_PAGE	COMPLETED	https://scaj.org/archives/14728	https://scaj.org/archives/14728	200	050f8bcab39bc49a327cbb16f43bee8676fc3f28a18ad5c570247efc32191420	28741	7	7	0		Advance to the next edition in RESUME_MANIFEST.json.
commercial-regional-gca-us-canada-2025	edition:gca_us_canada_2025	commercial_regional	120	2026-08-28T03:00:00Z	OFFICIAL_PUBLIC_PAGE	TRANSIENT_TECHNICAL_FAILURE	https://globalcoffeeawards.com/winners-us-canada/	https://globalcoffeeawards.com/winners-us-canada/	403		0	0	0	0		Retry organizer page with an ordinary browser session; current HTTP route returned 403.
commercial-regional-gca-origin-2025	edition:gca_origin_2025	commercial_regional	121	2026-08-28T03:00:00Z	OFFICIAL_PUBLIC_PAGE	TRANSIENT_TECHNICAL_FAILURE	https://globalcoffeeawards.com/winners-origin/	https://globalcoffeeawards.com/winners-origin/	403		0	0	0	0		Retry organizer page with an ordinary browser session; current HTTP route returned 403.
commercial-regional-gca-europe-2025	edition:gca_europe_2025	commercial_regional	122	2026-08-28T03:00:00Z	OFFICIAL_PUBLIC_PAGE	TRANSIENT_TECHNICAL_FAILURE	https://globalcoffeeawards.com/winners-europe/	https://globalcoffeeawards.com/winners-europe/	403		0	0	0	0		Retry organizer page with an ordinary browser session; current HTTP route returned 403.
commercial-regional-gca-mena-2026	edition:gca_mena_2026	commercial_regional	123	2026-08-28T03:00:00Z	OFFICIAL_PUBLIC_PAGE	TRANSIENT_TECHNICAL_FAILURE	https://globalcoffeeawards.com/winners-mena-2026/	https://globalcoffeeawards.com/winners-mena-2026/	403		0	0	0	0		Retry organizer page with an ordinary browser session; current HTTP route returned 403.
commercial-regional-racs-2026-pause	edition:royal_adelaide_2026	commercial_regional	124	2026-08-28T03:00:00Z	OFFICIAL_PUBLIC_PAGE	NO_RECORD_PAYLOAD	https://www.royaladelaidecoffeeshow.com.au/	https://www.royaladelaidecoffeeshow.com.au/	200		0	0	0	0		Paused edition; advance to next published edition.
commercial-regional-aica-2023-on-hold	edition:melbourne_royal_aica_2023	commercial_regional	125	2026-08-28T03:00:00Z	OFFICIAL_PUBLIC_PAGE	NO_RECORD_PAYLOAD	https://www.melbourneroyal.com.au/about/news/melbourne-royal-announces-australian-international-coffee-awards-on-hold-in-2023/	https://www.melbourneroyal.com.au/about/news/melbourne-royal-announces-australian-international-coffee-awards-on-hold-in-2023/	200		0	0	0	0		On-hold edition; monitor official organizer archive for a return notice.
commercial-regional-avpa-2026-future	edition:avpa_coffee_2026	commercial_regional	126	2026-08-28T03:00:00Z	OFFICIAL_PUBLIC_PAGE	NO_RECORD_PAYLOAD	https://en.avpa.fr/cafes	https://en.avpa.fr/cafes	200		0	0	0	0		Future/current edition has no published result payload; revisit after award publication.
commercial-regional-iiac-2026-future	edition:iiac_ict_2026	commercial_regional	127	2026-08-28T03:00:00Z	OFFICIAL_PUBLIC_PAGE	NO_RECORD_PAYLOAD	https://www.internationalcoffeetasting.com/	https://www.internationalcoffeetasting.com/	200		0	0	0	0		Future/current edition has no published result payload; revisit after award publication.
gbocr-gba-2023-category-01	series:golden_bean_australasia	golden_bean_ocr_continuation	1	2026-08-28T04:00:00Z	LOCAL_APPLE_VISION_OCR_OFFICIAL_PUBLIC_DOWNLOAD	PARTIAL	https://goldenbean.com.au/pages/2023-results	https://cdn.shopify.com/s/files/1/0584/8734/1218/files/Cat_1_Espresso_-_smaller.pdf?v=1700437173	200	493642569c239f37cae747ead432a92d63140f4f942502ac73c8824d534c6d58	4591579	133	133	0		golden_bean/gba_2023_category_01.pdf page 4 card segmentation review
gbocr-gba-2023-category-02	series:golden_bean_australasia	golden_bean_ocr_continuation	2	2026-08-28T04:00:00Z	LOCAL_APPLE_VISION_OCR_OFFICIAL_PUBLIC_DOWNLOAD	PARTIAL	https://goldenbean.com.au/pages/2023-results	https://cdn.shopify.com/s/files/1/0584/8734/1218/files/Cat_2_Milk_-_smaller.pdf?v=1700529339	200	a6917fc9daaf62daa4454984d7022a84c0eeffdf088009b35ff223071d19fba6	5597195	136	136	0		golden_bean/gba_2023_category_02.pdf page 21 card segmentation review
gbocr-gba-2023-category-03	series:golden_bean_australasia	golden_bean_ocr_continuation	3	2026-08-28T04:00:00Z	LOCAL_APPLE_VISION_OCR_OFFICIAL_PUBLIC_DOWNLOAD	PARTIAL	https://goldenbean.com.au/pages/2023-results	https://cdn.shopify.com/s/files/1/0584/8734/1218/files/Cat_3_Filter_-_compressed.pdf?v=1700607579	200	f49a4d7a2a6307adcd001bda604de631ee12d72ddf64de45ce3e9202ffc6a07c	9311945	98	98	0		golden_bean/gba_2023_category_03.pdf page 2 card segmentation review
gbocr-gba-2023-category-04	series:golden_bean_australasia	golden_bean_ocr_continuation	4	2026-08-28T04:00:00Z	LOCAL_APPLE_VISION_OCR_OFFICIAL_PUBLIC_DOWNLOAD	PARTIAL	https://goldenbean.com.au/pages/2023-results	https://cdn.shopify.com/s/files/1/0584/8734/1218/files/Cat_4_Alternative_Milk.pdf?v=1700621316	200	0f3918fb3c26ffd75c170b2965b3b0ccfac53cd359f4e4f7682e2aa3e2e47494	13452818	40	40	0		golden_bean/gba_2023_category_04.pdf page 8 card segmentation review
gbocr-gba-2023-category-05	series:golden_bean_australasia	golden_bean_ocr_continuation	5	2026-08-28T04:00:00Z	LOCAL_APPLE_VISION_OCR_OFFICIAL_PUBLIC_DOWNLOAD	COMPLETED	https://goldenbean.com.au/pages/2023-results	https://cdn.shopify.com/s/files/1/0584/8734/1218/files/Cat_5_Decaf.pdf?v=1700435969	200	97e65a0ba708ef5464e461349ba11870e0552b1576b66ca2ffb5cb0cee84b787	5518188	14	14	0		Advance to the next file in RESUME_MANIFEST.json.
gbocr-gba-2023-category-06	series:golden_bean_australasia	golden_bean_ocr_continuation	6	2026-08-28T04:00:00Z	LOCAL_APPLE_VISION_OCR_OFFICIAL_PUBLIC_DOWNLOAD	COMPLETED	https://goldenbean.com.au/pages/2023-results	https://cdn.shopify.com/s/files/1/0584/8734/1218/files/Cat_6_Elite.pdf?v=1700435974	200	2bf30172b09bcff30f054fa54db627f73a0b0fb3d5ba53ba397065e88ca718f9	7060694	17	17	0		Advance to the next file in RESUME_MANIFEST.json.
gbocr-gba-2023-category-07	series:golden_bean_australasia	golden_bean_ocr_continuation	7	2026-08-28T04:00:00Z	LOCAL_APPLE_VISION_OCR_OFFICIAL_PUBLIC_DOWNLOAD	PARTIAL	https://goldenbean.com.au/pages/2023-results	https://cdn.shopify.com/s/files/1/0584/8734/1218/files/Cat_7_Super_Automatic.pdf?v=1700435975	200	c1126488407d0cb84f44617beae7a5ce8aede25ae76624ed47c8054231d86a17	7221803	14	14	0		golden_bean/gba_2023_category_07.pdf page 2 card segmentation review
gbocr-gba-2023-category-08	series:golden_bean_australasia	golden_bean_ocr_continuation	8	2026-08-28T04:00:00Z	LOCAL_APPLE_VISION_OCR_OFFICIAL_PUBLIC_DOWNLOAD	COMPLETED	https://goldenbean.com.au/pages/2023-results	https://cdn.shopify.com/s/files/1/0584/8734/1218/files/Cat_8_LRG_Chain_Espresso.pdf?v=1700435978	200	1c46ec47c8c707f113463afa6a64b4a475ee6b9f7b6ccf81416205b71edd2382	8811964	28	28	0		Advance to the next file in RESUME_MANIFEST.json.
gbocr-gba-2023-category-09	series:golden_bean_australasia	golden_bean_ocr_continuation	9	2026-08-28T04:00:00Z	LOCAL_APPLE_VISION_OCR_OFFICIAL_PUBLIC_DOWNLOAD	COMPLETED	https://goldenbean.com.au/pages/2023-results	https://cdn.shopify.com/s/files/1/0584/8734/1218/files/Cat_9_LRG_Chain_Milk.pdf?v=1700435974	200	7bfb4832b3b1e88c1af93c5347326ddc41362fe3b3daa90d532b5a16c9bcc26a	7099925	23	23	0		Advance to the next file in RESUME_MANIFEST.json.
gbocr-gba-2023-category-10	series:golden_bean_australasia	golden_bean_ocr_continuation	10	2026-08-28T04:00:00Z	LOCAL_APPLE_VISION_OCR_OFFICIAL_PUBLIC_DOWNLOAD	COMPLETED	https://goldenbean.com.au/pages/2023-results	https://cdn.shopify.com/s/files/1/0584/8734/1218/files/Cat_10_SML_Chain_Espresso.pdf?v=1700607733	200	c70977a0d5582f1993615a7d313f6c693887af641779b5d6df5631ce75730b53	9197090	30	30	0		Advance to the next file in RESUME_MANIFEST.json.
gbocr-gba-2023-category-11	series:golden_bean_australasia	golden_bean_ocr_continuation	11	2026-08-28T04:00:00Z	LOCAL_APPLE_VISION_OCR_OFFICIAL_PUBLIC_DOWNLOAD	COMPLETED	https://goldenbean.com.au/pages/2023-results	https://cdn.shopify.com/s/files/1/0584/8734/1218/files/Cat_11_SML_Chain_Milk_dd48de2d-50e6-4803-b773-2cd0d1f6d4e7.pdf?v=1700607881	200	9b59cb1d429d8f8850dbfce33bfb75c3f641980dfac6c60052559e84b2452ceb	7636543	29	29	0		Advance to the next file in RESUME_MANIFEST.json.
gbocr-gba-2024-category-01	series:golden_bean_australasia	golden_bean_ocr_continuation	12	2026-08-28T04:00:00Z	LOCAL_APPLE_VISION_OCR_OFFICIAL_PUBLIC_DOWNLOAD	PARTIAL	https://goldenbean.com.au/pages/2024-winners	https://cdn.shopify.com/s/files/1/0584/8734/1218/files/GBA_2024_Category_1-results-website_a943b9a9-830b-4d84-8d0b-6dd819969715.pdf?v=1729635412	200	dce994443149066901a4035dcd8b81e39e8d8f68aa8a95d5c65a4a5afb82ca42	11406694	130	130	0		golden_bean/gba_2024_category_01.pdf page 1 card segmentation review
gbocr-gba-2024-category-02	series:golden_bean_australasia	golden_bean_ocr_continuation	13	2026-08-28T04:00:00Z	LOCAL_APPLE_VISION_OCR_OFFICIAL_PUBLIC_DOWNLOAD	PARTIAL	https://goldenbean.com.au/pages/2024-winners	https://cdn.shopify.com/s/files/1/0584/8734/1218/files/GBA_2024_Category_2-results_6f9dc1c1-c537-42cf-9c5c-adba7046b0e2.pdf?v=1729635749	200	1b8d59467284c678428f2d628e6904e41df4faad7cda4d79c6f5da515637892d	17540772	204	204	0		golden_bean/gba_2024_category_02.pdf page 28 card segmentation review
gbocr-gba-2024-category-03	series:golden_bean_australasia	golden_bean_ocr_continuation	14	2026-08-28T04:00:00Z	LOCAL_APPLE_VISION_OCR_OFFICIAL_PUBLIC_DOWNLOAD	PARTIAL	https://goldenbean.com.au/pages/2024-winners	https://cdn.shopify.com/s/files/1/0584/8734/1218/files/GBA_2024_Category_3-results_91f3121d-73f7-4da5-938f-e72fde96c527.pdf?v=1729635966	200	09e5ba69838a4450c2c4088dfe4b0c2c16345a95b7f49c90149f56e493e7a99b	9051414	91	91	0		golden_bean/gba_2024_category_03.pdf page 1 card segmentation review
gbocr-gba-2024-category-04	series:golden_bean_australasia	golden_bean_ocr_continuation	15	2026-08-28T04:00:00Z	LOCAL_APPLE_VISION_OCR_OFFICIAL_PUBLIC_DOWNLOAD	PARTIAL	https://goldenbean.com.au/pages/2024-winners	https://cdn.shopify.com/s/files/1/0584/8734/1218/files/GBA_2024_Category_4-results.pdf?v=1729463634	200	ba48b9f8d3177bfbb3aa932f61d842cf48b20fa58662250abf321d602b8eafd3	2177745	18	18	0		golden_bean/gba_2024_category_04.pdf page 1 card segmentation review
gbocr-gba-2024-category-05	series:golden_bean_australasia	golden_bean_ocr_continuation	16	2026-08-28T04:00:00Z	LOCAL_APPLE_VISION_OCR_OFFICIAL_PUBLIC_DOWNLOAD	COMPLETED	https://goldenbean.com.au/pages/2024-winners	https://cdn.shopify.com/s/files/1/0584/8734/1218/files/GBA_2024_Category_5-results.pdf?v=1729463754	200	841211830acdbb29f7f837f27bee40b0437c9d1a8cb3ea28bef484d7b0cc5598	1419349	15	15	0		Advance to the next file in RESUME_MANIFEST.json.
gbocr-gba-2024-category-06	series:golden_bean_australasia	golden_bean_ocr_continuation	17	2026-08-28T04:00:00Z	LOCAL_APPLE_VISION_OCR_OFFICIAL_PUBLIC_DOWNLOAD	PARTIAL	https://goldenbean.com.au/pages/2024-winners	https://cdn.shopify.com/s/files/1/0584/8734/1218/files/GBA_2024_Category_6-results.pdf?v=1729464006	200	fe647be2bd6ef5364f5ad96beafa514e045fede0eb590ba2536dc26a32e98443	1398218	5	5	0		golden_bean/gba_2024_category_06.pdf page 1 card segmentation review
gbocr-gba-2024-category-07	series:golden_bean_australasia	golden_bean_ocr_continuation	18	2026-08-28T04:00:00Z	LOCAL_APPLE_VISION_OCR_OFFICIAL_PUBLIC_DOWNLOAD	PARTIAL	https://goldenbean.com.au/pages/2024-winners	https://cdn.shopify.com/s/files/1/0584/8734/1218/files/GBA_2024_Category_7-results.pdf?v=1729464225	200	6ea205dd1e1f7f8a70fb42457b47cff94397dbe61359a8217643e96c2e4e103f	1386014	8	8	0		golden_bean/gba_2024_category_07.pdf page 1 card segmentation review
gbocr-gba-2024-category-08	series:golden_bean_australasia	golden_bean_ocr_continuation	19	2026-08-28T04:00:00Z	LOCAL_APPLE_VISION_OCR_OFFICIAL_PUBLIC_DOWNLOAD	PARTIAL	https://goldenbean.com.au/pages/2024-winners	https://cdn.shopify.com/s/files/1/0584/8734/1218/files/GBA_2024_Category_8-results.pdf?v=1729464396	200	605c2bb1d1afff21a889b9bf3d6a8e958786a329bfa934b6b174da3ad5d000ca	2205292	21	21	0		golden_bean/gba_2024_category_08.pdf page 1 card segmentation review
gbocr-gba-2024-category-09	series:golden_bean_australasia	golden_bean_ocr_continuation	20	2026-08-28T04:00:00Z	LOCAL_APPLE_VISION_OCR_OFFICIAL_PUBLIC_DOWNLOAD	PARTIAL	https://goldenbean.com.au/pages/2024-winners	https://cdn.shopify.com/s/files/1/0584/8734/1218/files/GBA_2024_Category_9-results.pdf?v=1729464653	200	af7a589836214bd62f6347ae9064ec6345bc3d80a528d0d1ef1eef0c0a5f3b0b	3018880	32	32	0		golden_bean/gba_2024_category_09.pdf page 1 card segmentation review
gbocr-gba-2024-category-10	series:golden_bean_australasia	golden_bean_ocr_continuation	21	2026-08-28T04:00:00Z	LOCAL_APPLE_VISION_OCR_OFFICIAL_PUBLIC_DOWNLOAD	COMPLETED	https://goldenbean.com.au/pages/2024-winners	https://cdn.shopify.com/s/files/1/0584/8734/1218/files/GBA_2024_Category_10-results.pdf?v=1729464865v	200	ec69d778ee9870c8978f4d42b99d71043867a2354d66a8decb4888c740f859c4	1410561	14	14	0		Advance to the next file in RESUME_MANIFEST.json.
gbocr-gba-2024-category-11	series:golden_bean_australasia	golden_bean_ocr_continuation	22	2026-08-28T04:00:00Z	LOCAL_APPLE_VISION_OCR_OFFICIAL_PUBLIC_DOWNLOAD	PARTIAL	https://goldenbean.com.au/pages/2024-winners	https://cdn.shopify.com/s/files/1/0584/8734/1218/files/GBA_2024_Category_11-results.pdf?v=1729465018	200	4063b3f601b8ef440cf8580bdcccf7b1caab967895706119ad6fed1efc3f7258	2206914	20	20	0		golden_bean/gba_2024_category_11.pdf page 1 card segmentation review
gbocr-gba-2025-category-01	series:golden_bean_australasia	golden_bean_ocr_continuation	23	2026-08-28T04:00:00Z	LOCAL_APPLE_VISION_OCR_OFFICIAL_PUBLIC_DOWNLOAD	PARTIAL	https://goldenbean.com.au/pages/2025-winners	https://cdn.shopify.com/s/files/1/0584/8734/1218/files/Cat_1_Medalists.pdf?v=1750659276	200	88e3dedbe8822c07c7f9427a1e1d1b3a0effa5165701be14b18e634e9b23ca4e	3813292	78	78	0		golden_bean/gba_2025_category_01.pdf page 18 card segmentation review
gbocr-gba-2025-category-02	series:golden_bean_australasia	golden_bean_ocr_continuation	24	2026-08-28T04:00:00Z	LOCAL_APPLE_VISION_OCR_OFFICIAL_PUBLIC_DOWNLOAD	PARTIAL	https://goldenbean.com.au/pages/2025-winners	https://cdn.shopify.com/s/files/1/0584/8734/1218/files/Cat_2_Medalists.pdf?v=1750659276	200	719b6c0c7188ce978ce2b1599e1402c3f203e0cd685db46398736d8918d20a46	4953524	109	109	0		golden_bean/gba_2025_category_02.pdf page 13 card segmentation review
gbocr-gba-2025-category-03	series:golden_bean_australasia	golden_bean_ocr_continuation	25	2026-08-28T04:00:00Z	LOCAL_APPLE_VISION_OCR_OFFICIAL_PUBLIC_DOWNLOAD	PARTIAL	https://goldenbean.com.au/pages/2025-winners	https://cdn.shopify.com/s/files/1/0584/8734/1218/files/Cat_3_Medalists.pdf?v=1750659275	200	8551351a014baaaa448824736252660fbc439ad9320b7de9f940697aa8851792	3266407	67	67	0		golden_bean/gba_2025_category_03.pdf page 3 card segmentation review
gbocr-gba-2025-category-04	series:golden_bean_australasia	golden_bean_ocr_continuation	26	2026-08-28T04:00:00Z	LOCAL_APPLE_VISION_OCR_OFFICIAL_PUBLIC_DOWNLOAD	COMPLETED	https://goldenbean.com.au/pages/2025-winners	https://cdn.shopify.com/s/files/1/0584/8734/1218/files/Cat_4_Medalists.pdf?v=1750659270	200	0fcdc6a8cc121a80f1615d4d94560cb7b15dd7f96faaeb0f0ff68a1f1d161129	1508065	22	22	0		Advance to the next file in RESUME_MANIFEST.json.
gbocr-gba-2025-category-05	series:golden_bean_australasia	golden_bean_ocr_continuation	27	2026-08-28T04:00:00Z	LOCAL_APPLE_VISION_OCR_OFFICIAL_PUBLIC_DOWNLOAD	COMPLETED	https://goldenbean.com.au/pages/2025-winners	https://cdn.shopify.com/s/files/1/0584/8734/1218/files/Cat_5_Medalists.pdf?v=1750659267	200	b5f0a5bbf14937bf70283a338cbb31d5216c23f6e6de95c517e434a047234cd1	939144	9	9	0		Advance to the next file in RESUME_MANIFEST.json.
gbocr-gba-2025-category-06	series:golden_bean_australasia	golden_bean_ocr_continuation	28	2026-08-28T04:00:00Z	LOCAL_APPLE_VISION_OCR_OFFICIAL_PUBLIC_DOWNLOAD	COMPLETED	https://goldenbean.com.au/pages/2025-winners	https://cdn.shopify.com/s/files/1/0584/8734/1218/files/Cat_6_Medalists.pdf?v=1750659269	200	e84de58527718e52e8b04f81a13cbea273495c412fc73344a1c3d863dc80b331	1085234	12	12	0		Advance to the next file in RESUME_MANIFEST.json.
gbocr-gba-2025-category-07	series:golden_bean_australasia	golden_bean_ocr_continuation	29	2026-08-28T04:00:00Z	LOCAL_APPLE_VISION_OCR_OFFICIAL_PUBLIC_DOWNLOAD	COMPLETED	https://goldenbean.com.au/pages/2025-winners	https://cdn.shopify.com/s/files/1/0584/8734/1218/files/Cat_7_Medalists.pdf?v=1750659268	200	b096683c3388e493010170c763a869ab5f97d35cf4b68fb32fc8e77280d0f258	1017197	9	9	0		Advance to the next file in RESUME_MANIFEST.json.
gbocr-gba-2025-category-08	series:golden_bean_australasia	golden_bean_ocr_continuation	30	2026-08-28T04:00:00Z	LOCAL_APPLE_VISION_OCR_OFFICIAL_PUBLIC_DOWNLOAD	COMPLETED	https://goldenbean.com.au/pages/2025-winners	https://cdn.shopify.com/s/files/1/0584/8734/1218/files/Cat_8_Medalists.pdf?v=1750659273	200	c1cb8ba496f292a6065add3759ca2e5156550422ae106bbcb17d59a9c1cfbb98	1816814	24	24	0		Advance to the next file in RESUME_MANIFEST.json.
gbocr-gba-2025-category-09	series:golden_bean_australasia	golden_bean_ocr_continuation	31	2026-08-28T04:00:00Z	LOCAL_APPLE_VISION_OCR_OFFICIAL_PUBLIC_DOWNLOAD	COMPLETED	https://goldenbean.com.au/pages/2025-winners	https://cdn.shopify.com/s/files/1/0584/8734/1218/files/Cat_9_Medalists.pdf?v=1750659271	200	be45dcea44d97ada38ce1aa505d4712f6bf827ccdde5ffdc97113f9f2ddc4b88	1721094	21	21	0		Advance to the next file in RESUME_MANIFEST.json.
gbocr-gba-2025-category-10	series:golden_bean_australasia	golden_bean_ocr_continuation	32	2026-08-28T04:00:00Z	LOCAL_APPLE_VISION_OCR_OFFICIAL_PUBLIC_DOWNLOAD	COMPLETED	https://goldenbean.com.au/pages/2025-winners	https://cdn.shopify.com/s/files/1/0584/8734/1218/files/Cat_10_Medalists.pdf?v=1750659269	200	ac2626f5e2eced1e7daaaf947e4a21046bb9373c68fc6cd0fb071a3107d697e9	1145152	11	11	0		Advance to the next file in RESUME_MANIFEST.json.
gbocr-gba-2025-category-11	series:golden_bean_australasia	golden_bean_ocr_continuation	33	2026-08-28T04:00:00Z	LOCAL_APPLE_VISION_OCR_OFFICIAL_PUBLIC_DOWNLOAD	COMPLETED	https://goldenbean.com.au/pages/2025-winners	https://cdn.shopify.com/s/files/1/0584/8734/1218/files/Cat_11_Medalists.pdf?v=1750659270	200	5c3ceb980705f900447c49ffeb1ab440fede38f2de899df4dabc3e9e09e1d333	1238461	13	13	0		Advance to the next file in RESUME_MANIFEST.json.
gbocr-gba-2025-category-12	series:golden_bean_australasia	golden_bean_ocr_continuation	34	2026-08-28T04:00:00Z	LOCAL_APPLE_VISION_OCR_OFFICIAL_PUBLIC_DOWNLOAD	PARTIAL	https://goldenbean.com.au/pages/2025-winners	https://cdn.shopify.com/s/files/1/0584/8734/1218/files/AWARDS_PRESENTATION_part2_website.pdf?v=1750556166	200	b6ba1b3320be028b2f96b712de182fc266c45af543892dbfa5a4eeb0ffabfbaf	20277204	250	250	0		golden_bean/gba_2025_category_12.pdf page 6 card segmentation review
gbocr-gba-2025-category-13	series:golden_bean_australasia	golden_bean_ocr_continuation	35	2026-08-28T04:00:00Z	LOCAL_APPLE_VISION_OCR_OFFICIAL_PUBLIC_DOWNLOAD	COMPLETED	https://goldenbean.com.au/pages/2025-winners	https://cdn.shopify.com/s/files/1/0584/8734/1218/files/AWARDS_PRESENTATION_part1_website.pdf?v=1750556136	200	3cb963280c8fa9f329af4092ed4a741af4f3b5a2558e1e6b3f44d886801b629d	10434052	121	121	0		Advance to the next file in RESUME_MANIFEST.json.
gbocr-gbna-2023-category-01	series:golden_bean_americas	golden_bean_ocr_continuation	36	2026-08-28T04:00:00Z	LOCAL_APPLE_VISION_OCR_OFFICIAL_PUBLIC_DOWNLOAD	PARTIAL	https://goldenbean.com/pages/2023-results	https://cdn.shopify.com/s/files/1/0037/5308/2949/files/Category_1-Espresso_medal_winners_f3575eb6-9183-4e8f-8f29-5a3832b75b9e.pdf?v=1692832297	200	a187bb5b4f46c1b931821e8503b355a3025177acc54e83e77af87d8065a45b33	10803530	81	81	0		golden_bean/gbna_2023_category_01.pdf page 7 card segmentation review
gbocr-gbna-2023-category-02	series:golden_bean_americas	golden_bean_ocr_continuation	37	2026-08-28T04:00:00Z	LOCAL_APPLE_VISION_OCR_OFFICIAL_PUBLIC_DOWNLOAD	PARTIAL	https://goldenbean.com/pages/2023-results	https://cdn.shopify.com/s/files/1/0037/5308/2949/files/Category_2-_Milk_Based_medal_winners.pdf?v=1691978222	200	1216498f68c5dea466b36550c43b6fad3a61acd0ead52994ecc730e87653db0b	6079071	74	74	0		golden_bean/gbna_2023_category_02.pdf page 14 card segmentation review
gbocr-gbna-2023-category-03	series:golden_bean_americas	golden_bean_ocr_continuation	38	2026-08-28T04:00:00Z	LOCAL_APPLE_VISION_OCR_OFFICIAL_PUBLIC_DOWNLOAD	PARTIAL	https://goldenbean.com/pages/2023-results	https://cdn.shopify.com/s/files/1/0037/5308/2949/files/Category_3_Filter_medalists_f7f8747c-321f-4a7a-9d64-5d294629b4cb.pdf?v=1692832248	200	0d25e56dea5380bfba3d71217665dd24b2bb9b02acc455c9a72964bce053d361	14248506	121	121	0		golden_bean/gbna_2023_category_03.pdf page 9 card segmentation review
gbocr-gbna-2023-category-04	series:golden_bean_americas	golden_bean_ocr_continuation	39	2026-08-28T04:00:00Z	LOCAL_APPLE_VISION_OCR_OFFICIAL_PUBLIC_DOWNLOAD	COMPLETED	https://goldenbean.com/pages/2023-results	https://cdn.shopify.com/s/files/1/0037/5308/2949/files/Category_4-_Alternative_Milk_medalists.pdf?v=1691978593	200	6ae418944fee6b23bb6836839dfc321aa4e04c3f01852c24e9f02a36ce75fa59	3656462	14	14	0		Advance to the next file in RESUME_MANIFEST.json.
gbocr-gbna-2023-category-05	series:golden_bean_americas	golden_bean_ocr_continuation	40	2026-08-28T04:00:00Z	LOCAL_APPLE_VISION_OCR_OFFICIAL_PUBLIC_DOWNLOAD	PARTIAL	https://goldenbean.com/pages/2023-results	https://cdn.shopify.com/s/files/1/0037/5308/2949/files/Category_5-_Decaf_medalists.pdf?v=1691978697	200	ad151667bb39518df0004bbc29945228f726b0946bed5e5c5a223bae99d37f09	3689805	12	12	0		golden_bean/gbna_2023_category_05.pdf page 4 card segmentation review
gbocr-gbna-2023-category-06	series:golden_bean_americas	golden_bean_ocr_continuation	41	2026-08-28T04:00:00Z	LOCAL_APPLE_VISION_OCR_OFFICIAL_PUBLIC_DOWNLOAD	PARTIAL	https://goldenbean.com/pages/2023-results	https://cdn.shopify.com/s/files/1/0037/5308/2949/files/Category_6-_Elite_medalists.pdf?v=1691978857	200	f1250a25f0fd0fa4606916df06bf7a64e2c8f326cb499d39b4d1db6324c5741b	2008241	5	5	0		golden_bean/gbna_2023_category_06.pdf page 2 card segmentation review
gbocr-gbna-2023-category-07	series:golden_bean_americas	golden_bean_ocr_continuation	42	2026-08-28T04:00:00Z	LOCAL_APPLE_VISION_OCR_OFFICIAL_PUBLIC_DOWNLOAD	COMPLETED	https://goldenbean.com/pages/2023-results	https://cdn.shopify.com/s/files/1/0037/5308/2949/files/Category_7-_Chain-Store_Espresso_medalists.pdf?v=1691978957	200	64c335fbc71fdae243677d0cf5d7b1aaa89dfcb331a203b255f3505d083999b6	5200316	16	16	0		Advance to the next file in RESUME_MANIFEST.json.
gbocr-gbna-2023-category-08	series:golden_bean_americas	golden_bean_ocr_continuation	43	2026-08-28T04:00:00Z	LOCAL_APPLE_VISION_OCR_OFFICIAL_PUBLIC_DOWNLOAD	PARTIAL	https://goldenbean.com/pages/2023-results	https://cdn.shopify.com/s/files/1/0037/5308/2949/files/Category_8-_Chain-store_Milk.pdf?v=1691979101	200	c5d08a95ed35f00ca6c756f7db228c146f838b199567ad43b9032c2a458af95f	5394386	14	14	0		golden_bean/gbna_2023_category_08.pdf page 4 card segmentation review
gbocr-gbna-2023-category-09	series:golden_bean_americas	golden_bean_ocr_continuation	44	2026-08-28T04:00:00Z	LOCAL_APPLE_VISION_OCR_OFFICIAL_PUBLIC_DOWNLOAD	PARTIAL	https://goldenbean.com/pages/2023-results	https://cdn.shopify.com/s/files/1/0037/5308/2949/files/Category_9-_Chain-store_Filter.pdf?v=1691979195	200	e7bcca2d7fe704f69f70ec2e4ec865d5b92b7bdd85517996104a1c0ca58f4468	6967919	19	19	0		golden_bean/gbna_2023_category_09.pdf page 3 card segmentation review
gbocr-gbna-2023-category-10	series:golden_bean_americas	golden_bean_ocr_continuation	45	2026-08-28T04:00:00Z	LOCAL_APPLE_VISION_OCR_OFFICIAL_PUBLIC_DOWNLOAD	COMPLETED	https://goldenbean.com/pages/2023-results	https://cdn.shopify.com/s/files/1/0037/5308/2949/files/Category_10-Super_Automatic.pdf?v=1691979289	200	83354defa27d93d4b09e2b580e26b78411234b799cdc46e268b26ace25de4a3c	3506979	10	10	0		Advance to the next file in RESUME_MANIFEST.json.
gbocr-gbna-2023-category-11	series:golden_bean_americas	golden_bean_ocr_continuation	46	2026-08-28T04:00:00Z	LOCAL_APPLE_VISION_OCR_OFFICIAL_PUBLIC_DOWNLOAD	PARTIAL	https://goldenbean.com/pages/2023-results	https://cdn.shopify.com/s/files/1/0037/5308/2949/files/Category_11-_Single-Serve_medalists.pdf?v=1691979460	200	9a3b39a1e3e51b953ecae50647d1655ea13fbefbe3d27d8d11f633a5818c414d	2033395	6	6	0		golden_bean/gbna_2023_category_11.pdf page 2 card segmentation review
gbocr-gbna-2025-category-01	edition:golden_bean_americas_2025	golden_bean_ocr_continuation	47	2026-08-28T04:00:00Z	LOCAL_APPLE_VISION_OCR_OFFICIAL_PUBLIC_DOWNLOAD	PARTIAL	https://goldenbean.com/pages/2025-results	https://cdn.shopify.com/s/files/1/0037/5308/2949/files/GBTACategory1Results2025.pdf?v=1783863359	200	3162d04466ba6cac05237cb7ba10231a043cf7a418dd642646800be699976051	16298032	24	24	0		golden_bean/gbna_2025_category_01.pdf page 1 card segmentation review
gbocr-gbna-2025-category-02	edition:golden_bean_americas_2025	golden_bean_ocr_continuation	48	2026-08-28T04:00:00Z	LOCAL_APPLE_VISION_OCR_OFFICIAL_PUBLIC_DOWNLOAD	PARTIAL	https://goldenbean.com/pages/2025-results	https://cdn.shopify.com/s/files/1/0037/5308/2949/files/GBTACategory2Results2025.pdf?v=1783863695	200	2ce33f3bb4d07cecd89daf9d4914f82056f7a22569e7521f6b5a8a269536684d	16256859	44	44	0		golden_bean/gbna_2025_category_02.pdf page 1 card segmentation review
gbocr-gbna-2025-category-03	edition:golden_bean_americas_2025	golden_bean_ocr_continuation	49	2026-08-28T04:00:00Z	LOCAL_APPLE_VISION_OCR_OFFICIAL_PUBLIC_DOWNLOAD	PARTIAL	https://goldenbean.com/pages/2025-results	https://cdn.shopify.com/s/files/1/0037/5308/2949/files/GBTACategory3Results2025.pdf?v=1783863865	200	c295930b0dedd0b9ec63722ef2e72c74d599d4de9d373e12d674022dcf8d6c7c	19228356	49	49	0		golden_bean/gbna_2025_category_03.pdf page 1 card segmentation review
gbocr-gbna-2025-category-04	edition:golden_bean_americas_2025	golden_bean_ocr_continuation	50	2026-08-28T04:00:00Z	LOCAL_APPLE_VISION_OCR_OFFICIAL_PUBLIC_DOWNLOAD	PARTIAL	https://goldenbean.com/pages/2025-results	https://cdn.shopify.com/s/files/1/0037/5308/2949/files/GBTACategory4Results2025.pdf?v=1783864099	200	b14ec5e92ffac5dab26c0f3264915c0621f4517ceaa8006d2055b984d781ee72	9963499	3	3	0		golden_bean/gbna_2025_category_04.pdf page 1 card segmentation review
gbocr-gbna-2025-category-05	edition:golden_bean_americas_2025	golden_bean_ocr_continuation	51	2026-08-28T04:00:00Z	LOCAL_APPLE_VISION_OCR_OFFICIAL_PUBLIC_DOWNLOAD	PARTIAL	https://goldenbean.com/pages/2025-results	https://cdn.shopify.com/s/files/1/0037/5308/2949/files/GBTACategory5Results2025.pdf?v=1783864324	200	835531d02a573c69606b52e3788e3676ef9db8e5cd031dca5a418435d31ecd42	9953852	9	9	0		golden_bean/gbna_2025_category_05.pdf page 6 card segmentation review
gbocr-gbna-2025-category-06	edition:golden_bean_americas_2025	golden_bean_ocr_continuation	52	2026-08-28T04:00:00Z	LOCAL_APPLE_VISION_OCR_OFFICIAL_PUBLIC_DOWNLOAD	PARTIAL	https://goldenbean.com/pages/2025-results	https://cdn.shopify.com/s/files/1/0037/5308/2949/files/GBTACategory6Results2025.pdf?v=1783864602	200	aff9d267683e75514e6ada09ebea12fad80cc3878c00057b2201241b2f44a9fc	10381992	8	8	0		golden_bean/gbna_2025_category_06.pdf page 1 card segmentation review
gbocr-gbna-2025-category-07	edition:golden_bean_americas_2025	golden_bean_ocr_continuation	53	2026-08-28T04:00:00Z	LOCAL_APPLE_VISION_OCR_OFFICIAL_PUBLIC_DOWNLOAD	PARTIAL	https://goldenbean.com/pages/2025-results	https://cdn.shopify.com/s/files/1/0037/5308/2949/files/GBTACategory7Results2025.pdf?v=1783864970	200	e0a79694909d53d02b6d8bbce845567cff861aabc9dc628b1ba4a84d86fd6f0f	10854220	12	12	0		golden_bean/gbna_2025_category_07.pdf page 3 card segmentation review
gbocr-gbna-2025-category-08	edition:golden_bean_americas_2025	golden_bean_ocr_continuation	54	2026-08-28T04:00:00Z	LOCAL_APPLE_VISION_OCR_OFFICIAL_PUBLIC_DOWNLOAD	PARTIAL	https://goldenbean.com/pages/2025-results	https://cdn.shopify.com/s/files/1/0037/5308/2949/files/GBTACategory8Results2025.pdf?v=1783865116	200	9220362f001f448318048b516e40afd77145b5e16ceecd1b3f9bf1f29120b73e	10856040	12	12	0		golden_bean/gbna_2025_category_08.pdf page 3 card segmentation review
gbocr-gbna-2025-category-09	edition:golden_bean_americas_2025	golden_bean_ocr_continuation	55	2026-08-28T04:00:00Z	LOCAL_APPLE_VISION_OCR_OFFICIAL_PUBLIC_DOWNLOAD	PARTIAL	https://goldenbean.com/pages/2025-results	https://cdn.shopify.com/s/files/1/0037/5308/2949/files/GBTACategory9Results2025.pdf?v=1783865281	200	ddaeab669b4fb7abe77cb4a6098ef7d3fcfd18d5c6588efa00eca44b9b7d2c21	10404442	5	5	0		golden_bean/gbna_2025_category_09.pdf page 2 card segmentation review
gbocr-gbna-2025-category-10	edition:golden_bean_americas_2025	golden_bean_ocr_continuation	56	2026-08-28T04:00:00Z	LOCAL_APPLE_VISION_OCR_OFFICIAL_PUBLIC_DOWNLOAD	PARTIAL	https://goldenbean.com/pages/2025-results	https://cdn.shopify.com/s/files/1/0037/5308/2949/files/GBTACategory10Results2025.pdf?v=1783865400	200	a5407d0b8de506887b904efd7c231013a98d6e9cc79bd0834d69b4d46da1aa46	9968364	9	9	0		golden_bean/gbna_2025_category_10.pdf page 6 card segmentation review
gbocr-gbna-2025-category-11	edition:golden_bean_americas_2025	golden_bean_ocr_continuation	57	2026-08-28T04:00:00Z	LOCAL_APPLE_VISION_OCR_OFFICIAL_PUBLIC_DOWNLOAD	PARTIAL	https://goldenbean.com/pages/2025-results	https://cdn.shopify.com/s/files/1/0037/5308/2949/files/GBTACategory11Results2025.pdf?v=1783865495	200	d7e62c7dd49a10bb9532349ef094503aa2598a530621ad8f22306944a8b69c8e	9974505	6	6	0		golden_bean/gbna_2025_category_11.pdf page 1 card segmentation review
wcc-body-cont.honduras	source:wcc_cb_rec0zgr8vngzfsqhw	wcc_body_continuation	1	2026-08-28T02:05:00Z	PUBLIC_ORGANIZER_ENDPOINT	BLOCKED_EXTERNAL_ACTION	https://www.ihcafe.hn/?mdocs-file=5603	https://www.ihcafe.hn/?mdocs-file=5603	200	5262b3b4417d15bad9183fe9bf9c712c06f75de9c95d79397e746e4c71d4ec27	105410	0	0	0	ORGANIZER_RESPONSE	source:wcc_cb_rec21urnlnue16imu
wcc-body-cont.el-salvador	source:wcc_cb_rec21urnlnue16imu	wcc_body_continuation	2	2026-08-28T02:05:00Z	PUBLIC_BROWSER_RENDER_AND_HTTP_CAPTURE	PARTIAL	https://www.isc.gob.sv/el-salvador-realiza-el-campeonato-de-barismo-metodos-y-mejor-cold-brew-2025/	https://www.isc.gob.sv/el-salvador-realiza-el-campeonato-de-barismo-metodos-y-mejor-cold-brew-2025/	403	9c66fcff1b385a74f094318c7a4938fc5483ff1573eef68b3eb2757e2f58e1a9	5888	19	19	0		source:wcc_cb_rec2yd5roxsvgmby5
wcc-body-cont.greece	source:wcc_cb_rec2yd5roxsvgmby5	wcc_body_continuation	3	2026-08-28T02:05:00Z	PUBLIC_HOST_RESULT_PAGE	COMPLETED	https://horecaexpo.gr/en/sca-greece-national-coffee-championships-2026/	https://horecaexpo.gr/en/sca-greece-national-coffee-championships-2026/	200	a24f9fe2857e790f93f39401e5734f08f62cdd5900b03434ff771e929ce1ad37	178827	15	15	0		source:wcc_cb_rec3gfr83yrfthhh3
wcc-body-cont.ireland	source:wcc_cb_rec3gfr83yrfthhh3	wcc_body_continuation	4	2026-08-28T02:05:00Z	PUBLIC_ORGANIZER_RESULT_INDEX	COMPLETED	https://www.scaireland.ie/news	https://www.scaireland.ie/news	200	2d60a1f82d8b9b4a207fad2d371cd0b8209cbfbb0e49da8c5ae7add6a2590dfe	184975	55	55	0		source:wcc_cb_rec4raelzybhh2uip
wcc-body-cont.canada	source:wcc_cb_rec4raelzybhh2uip	wcc_body_continuation	5	2026-08-28T02:05:00Z	PUBLIC_ORGANIZER_COMPETITION_PAGE	BLOCKED_EXTERNAL_ACTION	https://scacanada.coffee/barista-championship	https://scacanada.coffee/barista-championship	200	643f7ca382904e8785958a153b5db77b707c2f650cf443fd896676d4a04d8c91	123839	0	0	0	ORGANIZER_RESPONSE	source:wcc_cb_rec6kvidw1gqaqubv
wcc-body-cont.turkey	source:wcc_cb_rec6kvidw1gqaqubv	wcc_body_continuation	6	2026-08-28T02:05:00Z	PUBLIC_ORGANIZER_RESULT_PAGE	COMPLETED	https://scaturkey.com/pages/2025-sca-ulusal-kahve-kavurma-sampiyonasi	https://scaturkey.com/pages/2025-sca-ulusal-kahve-kavurma-sampiyonasi	200	3655975859e31f0972db2c60741bf6be6023499d055e86499262531376b154f1	375575	3	3	0		source:wcc_cb_rec6lqu0yjlahunxc
wcc-body-cont.peru	source:wcc_cb_rec6lqu0yjlahunxc	wcc_body_continuation	7	2026-08-28T02:05:00Z	PUBLIC_SECONDARY_MIRROR	BLOCKED_EXTERNAL_ACTION	https://andina.pe/agencia/noticia-conoce-a-antonio-venturo-y-rebeca-mujica-los-campeones-nacionales-cafe-963270.aspx	https://andina.pe/agencia/noticia-conoce-a-antonio-venturo-y-rebeca-mujica-los-campeones-nacionales-cafe-963270.aspx	200	61ca61a6f56aa61eba5395d633461e460d2d0922c5ef4e86f4df85d93a3a6def	193481	6	6	0	ORGANIZER_RESPONSE	source:wcc_cb_rec7tuorabqiycucm
wcc-body-cont.colombia	source:wcc_cb_rec7tuorabqiycucm	wcc_body_continuation	8	2026-08-28T02:05:00Z	PUBLIC_PDF_RENDER_AND_HTTP_CAPTURE	PARTIAL	https://federaciondecafeteros.org/app/uploads/2022/10/BOLETIN-Colombia-tiene-nuevos-campeones-nacionales-de-catacion-barismo-y-AeroPress.pdf	https://federaciondecafeteros.org/app/uploads/2022/10/BOLETIN-Colombia-tiene-nuevos-campeones-nacionales-de-catacion-barismo-y-AeroPress.pdf	404	2547655bb7f779125f66584aa8524fc70e278cba7d3116cef4ad84dec2b83319	560798	3	3	0		source:wcc_cb_rec9rt4jchpkcwn8w
wcc-body-cont.sweden	source:wcc_cb_rec9rt4jchpkcwn8w	wcc_body_continuation	9	2026-08-28T02:05:00Z	PUBLIC_ORGANIZER_PRESSWIRE	BLOCKED_EXTERNAL_ACTION	https://www.mynewsdesk.com/se/scae-sweden/pressreleases/baest-i-sverige-paa-att-provsmaka-specialkaffe-1127365	https://www.mynewsdesk.com/se/scae-sweden/pressreleases/baest-i-sverige-paa-att-provsmaka-specialkaffe-1127365	200	09ad7916cc4991027ebaa4dc43f9322b55a1605cfc4ec45ddf9b7b3ae46af8b3	42582	3	3	0	ORGANIZER_RESPONSE	source:wcc_cb_recagnhh5aiyrwslp
wcc-body-cont.united-kingdom	source:wcc_cb_recagnhh5aiyrwslp	wcc_body_continuation	10	2026-08-28T02:05:00Z	PUBLIC_ORGANIZER_INDEX	BLOCKED_EXTERNAL_ACTION	https://scauk.coffee/	https://scauk.coffee/	200	0cd2a1f4b86b2fcfcd74fbe5f30891b36da10bd41a6356fc478163e665696633	84551	0	0	0	ORGANIZER_RESPONSE	source:wcc_cb_recahobfxvazsne9r
wcc-body-cont.busan	source:wcc_cb_recahobfxvazsne9r	wcc_body_continuation	11	2026-08-28T02:05:00Z	PUBLIC_ORGANIZER_EXPORT	COMPLETED	https://www.bcc.coffee/32	https://www.bcc.coffee/32	200	aa42f025b590900c353bf08f2289336c0fe16e43fbfc5753aeceb2bcb57f4e45	666887	309	309	0		source:wcc_cb_recam30lgpbukryzr
wcc-body-cont.ecuador	source:wcc_cb_recam30lgpbukryzr	wcc_body_continuation	12	2026-08-28T02:05:00Z	PUBLIC_REGISTRY_AND_OFFICIAL_ROUTE_SEARCH	BLOCKED_EXTERNAL_ACTION	https://airtable.com/embed/appjRsUGjK5F1R8Tt/shrWGey830MHuOMo4/tblijptgfTzvmineL/viwMGdiJKXWCOp2ec/recAm30LgPBUkRyzr				0	0	0	0	ORGANIZER_RESPONSE	source:wcc_cb_recaucmwthkwmahzq
wcc-body-cont.south-africa	source:wcc_cb_recaucmwthkwmahzq	wcc_body_continuation	13	2026-08-28T02:05:00Z	PUBLIC_ORGANIZER_COMPETITOR_PAGE	NO_RECORD_PAYLOAD	https://scasa.coffee/pages/competitor-bios	https://scasa.coffee/pages/competitor-bios	200	80c3a54f2de25e997494822e53856cdfd67ca9a3f15446da11931fd5a825ad7a	175557	0	0	0		source:wcc_cb_recb2nvvtuijdxvwz
wcc-body-cont.guatemala	source:wcc_cb_recb2nvvtuijdxvwz	wcc_body_continuation	14	2026-08-28T02:05:00Z	PUBLIC_ORGANIZER_ANNUAL_REPORT	COMPLETED	https://www.anacafe.org/uploads/file/b7e6d68ba1b84832a940745715e270f8/Memoria_de_labores_Anacafe_2025_web.pdf	https://www.anacafe.org/uploads/file/b7e6d68ba1b84832a940745715e270f8/Memoria_de_labores_Anacafe_2025_web.pdf	200	6350633ee232bf51814421aee104cf0b359cf1125526981af40e6d509ddb649a	10102708	9	9	0		source:wcc_cb_reccd2qbgyuexbewf
wcc-body-cont.thailand	source:wcc_cb_reccd2qbgyuexbewf	wcc_body_continuation	15	2026-08-28T02:05:00Z	PUBLIC_BROWSER_RENDER_AND_HTTP_CAPTURE	NO_RECORD_PAYLOAD	https://thailandcoffeefest.org/en	https://thailandcoffeefest.org/en	403	bea0e9561dd31af0bd9c4a6566299e659a731bb73afba97587f2170ca2679ed8	5397	0	0	0		source:wcc_cb_recdeylqqudi2kpxc
wcc-body-cont.netherlands	source:wcc_cb_recdeylqqudi2kpxc	wcc_body_continuation	16	2026-08-28T02:05:00Z	PUBLIC_ORGANIZER_RESULT_PDF	COMPLETED	https://scanederland.coffee/blog/vicky-cheng-pakt-nationale-titel-bij-cup-tasters-2026/	https://scanederland.coffee/wp-content/uploads/2026/01/Dutch-Cuptasters-Championships-Results-Tuesday-13-January-2026.pdf	200	ce95c6c4e74aaacb5eba3abc742bfcdff29d7342029461896492394402bfdd68	92146	44	44	0		source:wcc_cb_recdwegkkkkomky5z
wcc-national.ucd.c12f3f9a38475530	archive:wcc_cic_ucd_archive	wcc_national	1	2026-08-28T01:30:00Z	PUBLIC_FEDORA_BINARY	COMPLETED	https://digital.ucdavis.edu/item/ark:/87293/d3tm72b40	https://digital.ucdavis.edu/fcrepo/rest/item/ark:/87293/d3tm72b40/media/2011-CIC-Rankings.pdf	200	e114f4bacdc3fac4ca151c25fafe33500c7aa0246caa59c9a5060c126ee89e0d	455355	7	7	0		ucdavis:wcc_cic:2012:/item/ark:/87293/d3251fw25:acquire_parse
wcc-national.ucd.9003e297540628d2	archive:wcc_cic_ucd_archive	wcc_national	2	2026-08-28T01:30:00Z	PUBLIC_FEDORA_BINARY	COMPLETED	https://digital.ucdavis.edu/item/ark:/87293/d3251fw25	https://digital.ucdavis.edu/fcrepo/rest/item/ark:/87293/d3251fw25/media/2012-CIC-Rankings.pdf	200	b1224cda3329494f66151a1adbd26eded90fe55441d9e7d675d0c80be5ff716b	710484	14	14	0		ucdavis:wcc_cic:2014:/item/ark:/87293/d37p8tq1c:acquire_parse
wcc-national.ucd.396237f84cb48370	archive:wcc_cic_ucd_archive	wcc_national	3	2026-08-28T01:30:00Z	PUBLIC_FEDORA_BINARY	COMPLETED	https://digital.ucdavis.edu/item/ark:/87293/d37p8tq1c	https://digital.ucdavis.edu/fcrepo/rest/item/ark:/87293/d37p8tq1c/media/2014-CIC-Rankings.pdf	200	8dbe5fa9700ac7d02a86c8e9b371adfafb029e7816c9b20bdac5f3cbb668be15	97484	5	5	0		ucdavis:wcc_cic:2017:/item/ark:/87293/d3sj1b22g:acquire_parse
wcc-national.ucd.ef7447b650d33d3c	archive:wcc_cic_ucd_archive	wcc_national	4	2026-08-28T01:30:00Z	PUBLIC_FEDORA_BINARY	COMPLETED	https://digital.ucdavis.edu/item/ark:/87293/d3sj1b22g	https://digital.ucdavis.edu/fcrepo/rest/item/ark:/87293/d3sj1b22g/media/2017-CIC-Rankings.pdf	200	f20c69df92f9d3bc983f0d0a632fb7151b13c85bd866396197225842ca88578f	298183	6	6	0		ucdavis:wcc_cic:2022:/item/ark:/87293/d3tb0z562:acquire_parse
wcc-national.ucd.a428030e14ecc100	archive:wcc_cic_ucd_archive	wcc_national	5	2026-08-28T01:30:00Z	PUBLIC_FEDORA_BINARY	COMPLETED	https://digital.ucdavis.edu/item/ark:/87293/d3tb0z562	https://digital.ucdavis.edu/fcrepo/rest/item/ark:/87293/d3tb0z562/media/2022-CIC-Rankings.pdf	200	86f20bf61b8372613b1f5bb66d4db02e4733290ebf5d4df714d06ca2272a6653	277728	11	11	0		ucdavis:wcc_cic:2023:/item/ark:/87293/d39c6sb3r:acquire_parse
wcc-national.ucd.83f2e231f13a5cf4	archive:wcc_cic_ucd_archive	wcc_national	6	2026-08-28T01:30:00Z	PUBLIC_FEDORA_BINARY	COMPLETED	https://digital.ucdavis.edu/item/ark:/87293/d39c6sb3r	https://digital.ucdavis.edu/fcrepo/rest/item/ark:/87293/d39c6sb3r/media/2023-CIC-Rankings.pdf	200	0fc2b91a157e539405fb7fe35734301b68c380a35e4c84bf2a5d1df4b67f286d	276036	10	10	0		ucdavis:wcc_cic:2024:/item/ark:/87293/d3d50g757:acquire_parse
wcc-national.ucd.a1cb3d271c145972	archive:wcc_cic_ucd_archive	wcc_national	7	2026-08-28T01:30:00Z	PUBLIC_FEDORA_BINARY	COMPLETED	https://digital.ucdavis.edu/item/ark:/87293/d3d50g757	https://digital.ucdavis.edu/fcrepo/rest/item/ark:/87293/d3d50g757/media/2024-CIC-Rankings.pdf	200	e9ad6140629e81fc25cd70b3bc415f89e3207cdfdc32502fd1df0348d5320050	247900	9	9	0		ucdavis:wcc_cic:2025:/item/ark:/87293/d3gx4550x:acquire_parse
wcc-national.ucd.3de0279e9736bc5b	archive:wcc_cic_ucd_archive	wcc_national	8	2026-08-28T01:30:00Z	PUBLIC_FEDORA_BINARY	COMPLETED	https://digital.ucdavis.edu/item/ark:/87293/d3gx4550x	https://digital.ucdavis.edu/fcrepo/rest/item/ark:/87293/d3gx4550x/media/2025-CIC-Rankings.pdf	200	1b991b37b09f4755f2299bfaf934883aa16ce00c256a0116a7f20a57ed50b23e	252962	9	9	0		ucdavis:wcc_cic:2026:/item/ark:/87293/d3kp7v24f:acquire_parse
wcc-national.ucd.d08cacc6dc898d90	archive:wcc_cic_ucd_archive	wcc_national	9	2026-08-28T01:30:00Z	PUBLIC_FEDORA_BINARY	COMPLETED	https://digital.ucdavis.edu/item/ark:/87293/d3kp7v24f	https://digital.ucdavis.edu/fcrepo/rest/item/ark:/87293/d3kp7v24f/media/2026-CIC-Rankings.pdf	200	a6fb50d4e40086bad1b7f51bfb4306e0106c925da1aa6ed36e96b0dd32bf0fec	258149	8	8	0		ucdavis:wcc_wbc:2000:/item/ark:/87293/d3p26qd6k:acquire_parse
wcc-national.ucd.4f6aa7db4aefc4bf	archive:wcc_wbc_ucd_archive	wcc_national	10	2026-08-28T01:30:00Z	PUBLIC_FEDORA_BINARY	COMPLETED	https://digital.ucdavis.edu/item/ark:/87293/d3p26qd6k	https://digital.ucdavis.edu/fcrepo/rest/item/ark:/87293/d3p26qd6k/media/2000-WBC-Rankings.pdf	200	c64314a825d3ebd889ee6eb5dba0ea8b7f45b7bc4aa0ed0628c8f7111e24b16a	576844	20	20	0		ucdavis:wcc_wbc:2001:/item/ark:/87293/d3j960m2t:acquire_parse
wcc-national.ucd.609fbd3456fb6b91	archive:wcc_wbc_ucd_archive	wcc_national	11	2026-08-28T01:30:00Z	PUBLIC_FEDORA_BINARY	COMPLETED	https://digital.ucdavis.edu/item/ark:/87293/d3j960m2t	https://digital.ucdavis.edu/fcrepo/rest/item/ark:/87293/d3j960m2t/media/2001-WBC-Rankings.pdf	200	b065c405a77bae8f5975464de4709544241e604d881a77cba32388c73cc48e48	161188	0	0	0		ucdavis:wcc_wbc:2002:/item/ark:/87293/d3dj58s82:acquire_parse
wcc-national.ucd.9886f7c57e8dfbdb	archive:wcc_wbc_ucd_archive	wcc_national	12	2026-08-28T01:30:00Z	PUBLIC_FEDORA_BINARY	COMPLETED	https://digital.ucdavis.edu/item/ark:/87293/d3dj58s82	https://digital.ucdavis.edu/fcrepo/rest/item/ark:/87293/d3dj58s82/media/2002-WBC-Rankings.pdf	200	b443434fb2b0f5202ce087d9edd2f1c4bc4475977a4aa79c2327331508bc025b	1075114	30	30	0		ucdavis:wcc_wbc:2003:/item/ark:/87293/d38w38c5p:acquire_parse
wcc-national.ucd.a20b82deba3da63b	archive:wcc_wbc_ucd_archive	wcc_national	13	2026-08-28T01:30:00Z	PUBLIC_FEDORA_BINARY	COMPLETED	https://digital.ucdavis.edu/item/ark:/87293/d38w38c5p	https://digital.ucdavis.edu/fcrepo/rest/item/ark:/87293/d38w38c5p/media/2003-WBC-Rankings.pdf	200	c5d197352089c9209d06d16c5eae5187998e3b3841a960f61caed820db327cde	1053805	0	0	0		ucdavis:wcc_wbc:2004:/item/ark:/87293/d3542jk2b:acquire_parse
wcc-national.ucd.fc5867d92b5e59d2	archive:wcc_wbc_ucd_archive	wcc_national	14	2026-08-28T01:30:00Z	PUBLIC_FEDORA_BINARY	COMPLETED	https://digital.ucdavis.edu/item/ark:/87293/d3542jk2b	https://digital.ucdavis.edu/fcrepo/rest/item/ark:/87293/d3542jk2b/media/2004-WBC-Rankings.pdf	200	0278798801eab608fa9156825db0d113b6b2d10c59defa57442f3f374f0340b2	1109604	40	40	0		ucdavis:wcc_wbc:2005:/item/ark:/87293/d31c1tr8k:acquire_parse
wcc-national.ucd.41b7d849f750d8c8	archive:wcc_wbc_ucd_archive	wcc_national	15	2026-08-28T01:30:00Z	PUBLIC_FEDORA_BINARY	COMPLETED	https://digital.ucdavis.edu/item/ark:/87293/d31c1tr8k	https://digital.ucdavis.edu/fcrepo/rest/item/ark:/87293/d31c1tr8k/media/2005-WBC-Rankings.pdf	200	96dab39d7434457e8c26a458505433f84380c61346c43b581a069a63deb5d220	1002927	0	0	0		ucdavis:wcc_wbc:2006:/item/ark:/87293/d3n29ph5v:acquire_parse
wcc-national.ucd.14aac057dedd52b7	archive:wcc_wbc_ucd_archive	wcc_national	16	2026-08-28T01:30:00Z	PUBLIC_FEDORA_BINARY	COMPLETED	https://digital.ucdavis.edu/item/ark:/87293/d3n29ph5v	https://digital.ucdavis.edu/fcrepo/rest/item/ark:/87293/d3n29ph5v/media/2006-WBC-Rankings.pdf	200	50c1f4b9adc9bd7c18adee9d4876a20741b091e6447f7f5a3db6c763bc84911b	1496474	0	0	0		ucdavis:wcc_wbc:2007:/item/ark:/87293/d37w67g7d:acquire_parse
wcc-national.ucd.dc983e76ba5900fe	archive:wcc_wbc_ucd_archive	wcc_national	17	2026-08-28T01:30:00Z	PUBLIC_FEDORA_BINARY	COMPLETED	https://digital.ucdavis.edu/item/ark:/87293/d37w67g7d	https://digital.ucdavis.edu/fcrepo/rest/item/ark:/87293/d37w67g7d/media/2007-WBC-Rankings.pdf	200	a25028d897f4d88d6207e8b8d535dae2a7e7cdabe53dd8dbe892cafd3fa76dc6	1053872	0	0	0		ucdavis:wcc_wbc:2008:/item/ark:/87293/d3vm4373r:acquire_parse
wcc-national.ucd.3bf7785979095914	archive:wcc_wbc_ucd_archive	wcc_national	18	2026-08-28T01:30:00Z	PUBLIC_FEDORA_BINARY	COMPLETED	https://digital.ucdavis.edu/item/ark:/87293/d3vm4373r	https://digital.ucdavis.edu/fcrepo/rest/item/ark:/87293/d3vm4373r/media/2008-WBC-Rankings.pdf	200	c75eedebf27e13cbff2ef8dd9e278a7f9ce2e9a889b20b8ced1c49568fa494d0	1122148	0	0	0		ucdavis:wcc_wbc:2009:/item/ark:/87293/d3gf0n657:acquire_parse
wcc-national.ucd.ea4bb5bc65d675d4	archive:wcc_wbc_ucd_archive	wcc_national	19	2026-08-28T01:30:00Z	PUBLIC_FEDORA_BINARY	COMPLETED	https://digital.ucdavis.edu/item/ark:/87293/d3gf0n657	https://digital.ucdavis.edu/fcrepo/rest/item/ark:/87293/d3gf0n657/media/2009-WBC-Rankings.pdf	200	5d56c49c8f52d02059edb167c56112ea8463b569806b76adda2b396edea25e22	890878	57	57	0		ucdavis:wcc_wbc:2010:/item/ark:/87293/d3348gs4t:acquire_parse
wcc-national.ucd.408c53c273d43f3b	archive:wcc_wbc_ucd_archive	wcc_national	20	2026-08-28T01:30:00Z	PUBLIC_FEDORA_BINARY	COMPLETED	https://digital.ucdavis.edu/item/ark:/87293/d3348gs4t	https://digital.ucdavis.edu/fcrepo/rest/item/ark:/87293/d3348gs4t/media/2010-WBC-Rankings.pdf	200	b41d3636939307931ca8a616725b383c7b37e9487cbab54037e26249741b098f	1263232	48	48	0		ucdavis:wcc_wbc:2011:/item/ark:/87293/d3k64b38n:acquire_parse
wcc-national.ucd.fd19dc903767049b	archive:wcc_wbc_ucd_archive	wcc_national	21	2026-08-28T01:30:00Z	PUBLIC_FEDORA_BINARY	COMPLETED	https://digital.ucdavis.edu/item/ark:/87293/d3k64b38n	https://digital.ucdavis.edu/fcrepo/rest/item/ark:/87293/d3k64b38n/media/2011-WBC-Rankings.pdf	200	ad6f60249cde75f1bbeae6d05d25c0574d140ec5a20cd36b9ef70f4f5f3e072c	1728965	71	71	0		ucdavis:wcc_wbc:2012:/item/ark:/87293/d3sq8qt66:acquire_parse
wcc-national.ucd.d61793c7aaf13296	archive:wcc_wbc_ucd_archive	wcc_national	22	2026-08-28T01:30:00Z	PUBLIC_FEDORA_BINARY	COMPLETED	https://digital.ucdavis.edu/item/ark:/87293/d3sq8qt66	https://digital.ucdavis.edu/fcrepo/rest/item/ark:/87293/d3sq8qt66/media/2012-WBC-Rankings.pdf	200	4ff7fb9061444f7a491d0d78ec64eb1020d857871697280615b45edf67f97ea2	1551209	70	70	0		ucdavis:wcc_wbc:2013:/item/ark:/87293/d3154f03t:acquire_parse
wcc-national.ucd.0412374fc977f9ef	archive:wcc_wbc_ucd_archive	wcc_national	23	2026-08-28T01:30:00Z	PUBLIC_FEDORA_BINARY	COMPLETED	https://digital.ucdavis.edu/item/ark:/87293/d3154f03t	https://digital.ucdavis.edu/fcrepo/rest/item/ark:/87293/d3154f03t/media/2013-WBC-Rankings.pdf	200	4bbb0256431b089e85280c8eb385a87d6391d04bc08e1b2a6f36a432a3acca8b	1655740	68	68	0		ucdavis:wcc_wbc:2014:/item/ark:/87293/d33x83w70:acquire_parse
wcc-national.ucd.571cefdced716d4e	archive:wcc_wbc_ucd_archive	wcc_national	24	2026-08-28T01:30:00Z	PUBLIC_FEDORA_BINARY	COMPLETED	https://digital.ucdavis.edu/item/ark:/87293/d33x83w70	https://digital.ucdavis.edu/fcrepo/rest/item/ark:/87293/d33x83w70/media/2014-WBC-Rankings.pdf	200	4680dc66871a8af68bb399a4adc95cf5608913c140c29e42276fe2d28b37fd49	1782177	50	50	0		ucdavis:wcc_wbc:2015:/item/ark:/87293/d3bg2hm5t:acquire_parse
wcc-national.ucd.619daa778dc10479	archive:wcc_wbc_ucd_archive	wcc_national	25	2026-08-28T01:30:00Z	PUBLIC_FEDORA_BINARY	COMPLETED	https://digital.ucdavis.edu/item/ark:/87293/d3bg2hm5t	https://digital.ucdavis.edu/fcrepo/rest/item/ark:/87293/d3bg2hm5t/media/2015-WBC-Rankings.pdf	200	4f520c393ff40d6271a0f44bf292daab01a3277c76a39163903287af44325cbc	1797458	0	0	0		ucdavis:wcc_wbc:2016:/item/ark:/87293/d3k06xb33:acquire_parse
wcc-national.ucd.003856de45a64864	archive:wcc_wbc_ucd_archive	wcc_national	26	2026-08-28T01:30:00Z	PUBLIC_FEDORA_BINARY	COMPLETED	https://digital.ucdavis.edu/item/ark:/87293/d3k06xb33	https://digital.ucdavis.edu/fcrepo/rest/item/ark:/87293/d3k06xb33/media/2016-WBC-Rankings.pdf	200	053a2d70e86dc1a97f6e268b6d880aee3bccc07ac7dda266d0a5f7322eeaa995	1897658	74	74	0		ucdavis:wcc_wbc:2017:/item/ark:/87293/d3ns0m78q:acquire_parse
wcc-national.ucd.083f581dfd1d2f5b	archive:wcc_wbc_ucd_archive	wcc_national	27	2026-08-28T01:30:00Z	PUBLIC_FEDORA_BINARY	COMPLETED	https://digital.ucdavis.edu/item/ark:/87293/d3ns0m78q	https://digital.ucdavis.edu/fcrepo/rest/item/ark:/87293/d3ns0m78q/media/2017-WBC-Rankings.pdf	200	06e4add7881f22a6eb22628233b263ca177f1782309baa348b488b85f337049b	2711049	79	79	0		ucdavis:wcc_wbc:2018:/item/ark:/87293/d3w950z5g:acquire_parse
wcc-national.ucd.59b66528f5cb2411	archive:wcc_wbc_ucd_archive	wcc_national	28	2026-08-28T01:30:00Z	PUBLIC_FEDORA_BINARY	COMPLETED	https://digital.ucdavis.edu/item/ark:/87293/d3w950z5g	https://digital.ucdavis.edu/fcrepo/rest/item/ark:/87293/d3w950z5g/media/2018-WBC-Rankings.pdf	200	14383c7519ec35ae1b3bd1c42ffc8e6ea4820d349502e82f1359e2748f471c73	2848432	77	77	0		ucdavis:wcc_wbc:2019:/item/ark:/87293/d33t9dh4p:acquire_parse
wcc-national.ucd.7cfb5731acc2c0a4	archive:wcc_wbc_ucd_archive	wcc_national	29	2026-08-28T01:30:00Z	PUBLIC_FEDORA_BINARY	COMPLETED	https://digital.ucdavis.edu/item/ark:/87293/d33t9dh4p	https://digital.ucdavis.edu/fcrepo/rest/item/ark:/87293/d33t9dh4p/media/2019-WBC-Rankings.pdf	200	c5f8a15ab5be8ea59e0e502f5589c05dc57ae2740f7985eec6e64c2b5414f789	933967	79	79	0		ucdavis:wcc_wbc:2021:/item/ark:/87293/d3kw57v15:acquire_parse
wcc-national.ucd.c28e580e43de5fe8	archive:wcc_wbc_ucd_archive	wcc_national	30	2026-08-28T01:30:00Z	PUBLIC_FEDORA_BINARY	COMPLETED	https://digital.ucdavis.edu/item/ark:/87293/d3kw57v15	https://digital.ucdavis.edu/fcrepo/rest/item/ark:/87293/d3kw57v15/media/2021-WBC-Rankings.pdf	200	93639843b88ffcd6fe397bc40cd8178ab8068e9d1608b45a3c04d30a55c3a544	2767305	58	58	0		ucdavis:wcc_wbc:2022:/item/ark:/87293/d3pn8xr5p:acquire_parse
wcc-national.ucd.a3e487d4532a89b8	archive:wcc_wbc_ucd_archive	wcc_national	31	2026-08-28T01:30:00Z	PUBLIC_FEDORA_BINARY	COMPLETED	https://digital.ucdavis.edu/item/ark:/87293/d3pn8xr5p	https://digital.ucdavis.edu/fcrepo/rest/item/ark:/87293/d3pn8xr5p/media/2022-WBC-Rankings.pdf	200	28d107b9e4a74ebfef48ee06fffa27d5df8bce5a6a271c39e0db9babf211f9f8	1702158	51	51	0		ucdavis:wcc_wbc:2023:/item/ark:/87293/d31v5bq4r:acquire_parse
wcc-national.ucd.577a0fad6b2a22ac	archive:wcc_wbc_ucd_archive	wcc_national	32	2026-08-28T01:30:00Z	PUBLIC_FEDORA_BINARY	COMPLETED	https://digital.ucdavis.edu/item/ark:/87293/d31v5bq4r	https://digital.ucdavis.edu/fcrepo/rest/item/ark:/87293/d31v5bq4r/media/2023-WBC-Rankings.pdf	200	89a4e822453aed3f965b1db7d01edad26d6caf89245ced6947314f337306cbda	714201	48	48	0		ucdavis:wcc_wbc:2024:/item/ark:/87293/d34m91m75:acquire_parse
wcc-national.ucd.790628e552f92a12	archive:wcc_wbc_ucd_archive	wcc_national	33	2026-08-28T01:30:00Z	PUBLIC_FEDORA_BINARY	COMPLETED	https://digital.ucdavis.edu/item/ark:/87293/d34m91m75	https://digital.ucdavis.edu/fcrepo/rest/item/ark:/87293/d34m91m75/media/2024-WBC-Rankings.pdf	200	8e6ed4d32b934d568415bd75de408a7d6b501f13f147e0365ec404a91689c48d	2362491	75	75	0		ucdavis:wcc_wbc:2025:/item/ark:/87293/d37d2qj2b:acquire_parse
wcc-national.ucd.e72c8f205b434256	archive:wcc_wbc_ucd_archive	wcc_national	34	2026-08-28T01:30:00Z	PUBLIC_FEDORA_BINARY	COMPLETED	https://digital.ucdavis.edu/item/ark:/87293/d37d2qj2b	https://digital.ucdavis.edu/fcrepo/rest/item/ark:/87293/d37d2qj2b/media/2025-WBC-Rankings.pdf	200	ed6e90b0c545edbcc6ac9634d60b7d3228e9434c0c0674ef1a88b5e6dc88c95b	1163709	51	51	0		ucdavis:wcc_wbrc:2011:/item/ark:/87293/d3ff3m950:acquire_parse
wcc-national.ucd.9d3346a015f0a20d	archive:wcc_wbrc_past_rankings	wcc_national	35	2026-08-28T01:30:00Z	PUBLIC_FEDORA_BINARY	COMPLETED	https://digital.ucdavis.edu/item/ark:/87293/d3ff3m950	https://digital.ucdavis.edu/fcrepo/rest/item/ark:/87293/d3ff3m950/media/2011-WBrC-Rankings.pdf	200	eb30972a763f0cf4f9426a1a393ef2131ed0d81f6b07b99204bbc0f72b8c6c6f	284316	5	5	0		ucdavis:wcc_wbrc:2012:/item/ark:/87293/d3nz8112v:acquire_parse
wcc-national.ucd.e3f347381cf66650	archive:wcc_wbrc_past_rankings	wcc_national	36	2026-08-28T01:30:00Z	PUBLIC_FEDORA_BINARY	COMPLETED	https://digital.ucdavis.edu/item/ark:/87293/d3nz8112v	https://digital.ucdavis.edu/fcrepo/rest/item/ark:/87293/d3nz8112v/media/2012-WBrC-Rankings.pdf	200	6506d0583500bf9a5cab61d68ed31ced31a2804eccc3a3303224bc13124ee219	1028402	29	29	0		ucdavis:wcc_wbrc:2013:/item/ark:/87293/d3wh2dr1r:acquire_parse
wcc-national.ucd.7dd8c0d2f28730ec	archive:wcc_wbrc_past_rankings	wcc_national	37	2026-08-28T01:30:00Z	PUBLIC_FEDORA_BINARY	COMPLETED	https://digital.ucdavis.edu/item/ark:/87293/d3wh2dr1r	https://digital.ucdavis.edu/fcrepo/rest/item/ark:/87293/d3wh2dr1r/media/2013-WBrC-Rankings.pdf	200	3bcfac20cc7430a66d4093670cf65ec0e96aa87a61510b6240ec985a3357687e	1134364	25	25	0		ucdavis:wcc_wbrc:2014:/item/ark:/87293/d30863g5d:acquire_parse
wcc-national.ucd.d80e5e9e5a076084	archive:wcc_wbrc_past_rankings	wcc_national	38	2026-08-28T01:30:00Z	PUBLIC_FEDORA_BINARY	COMPLETED	https://digital.ucdavis.edu/item/ark:/87293/d30863g5d	https://digital.ucdavis.edu/fcrepo/rest/item/ark:/87293/d30863g5d/media/2014-WBrC-Rankings.pdf	200	4c2d75991e839d7953e1b1fca6726e5407782c17359136e2990e9ea2dae15704	1118667	33	33	0		ucdavis:wcc_wbrc:2015:/item/ark:/87293/d36q1st1p:acquire_parse
wcc-national.ucd.031f3e6459d2bc9f	archive:wcc_wbrc_past_rankings	wcc_national	39	2026-08-28T01:30:00Z	PUBLIC_FEDORA_BINARY	COMPLETED	https://digital.ucdavis.edu/item/ark:/87293/d36q1st1p	https://digital.ucdavis.edu/fcrepo/rest/item/ark:/87293/d36q1st1p/media/2015-WBrC-Rankings.pdf	200	78f77a297359cbf067394a714f913eab995e758f1d06cdf55e6642139eec1c52	1019446	34	34	0		ucdavis:wcc_wbrc:2016:/item/ark:/87293/d3f766h9q:acquire_parse
wcc-national.ucd.f4cca8238dbed6b8	archive:wcc_wbrc_past_rankings	wcc_national	40	2026-08-28T01:30:00Z	PUBLIC_FEDORA_BINARY	COMPLETED	https://digital.ucdavis.edu/item/ark:/87293/d3f766h9q	https://digital.ucdavis.edu/fcrepo/rest/item/ark:/87293/d3f766h9q/media/2016-WBrC-Rankings.pdf	200	b3c98e2628f57534a0cf9d179f375d964c864d38ac25834426339114ff89a87f	1381318	42	42	0		ucdavis:wcc_wbrc:2017:/item/ark:/87293/d3j09wf4b:acquire_parse
wcc-national.ucd.00da38ac0104923e	archive:wcc_wbrc_past_rankings	wcc_national	41	2026-08-28T01:30:00Z	PUBLIC_FEDORA_BINARY	COMPLETED	https://digital.ucdavis.edu/item/ark:/87293/d3j09wf4b	https://digital.ucdavis.edu/fcrepo/rest/item/ark:/87293/d3j09wf4b/media/2017-WBrC-Rankings.pdf	200	57385dbd295b48c622b44f6411e2925b22828ba689fe0f7277411d8b29e99110	531469	47	47	0		ucdavis:wcc_wbrc:2018:/item/ark:/87293/d3rj4951r:acquire_parse
wcc-national.ucd.be88c25305acc155	archive:wcc_wbrc_past_rankings	wcc_national	42	2026-08-28T01:30:00Z	PUBLIC_FEDORA_BINARY	COMPLETED	https://digital.ucdavis.edu/item/ark:/87293/d3rj4951r	https://digital.ucdavis.edu/fcrepo/rest/item/ark:/87293/d3rj4951r/media/2018-WBrC-Rankings.pdf	200	ea703eb8707f2eab4d0bbf342500b83e77ec54bc63410d8f4f2aa350c1db8e0b	581636	48	48	0		ucdavis:wcc_wbrc:2019:/item/ark:/87293/d3028pq1b:acquire_parse
wcc-national.ucd.d2c5ad899deb9e9a	archive:wcc_wbrc_past_rankings	wcc_national	43	2026-08-28T01:30:00Z	PUBLIC_FEDORA_BINARY	COMPLETED	https://digital.ucdavis.edu/item/ark:/87293/d3028pq1b	https://digital.ucdavis.edu/fcrepo/rest/item/ark:/87293/d3028pq1b/media/2019-WBrC-Rankings.pdf	200	27b65d50f48dda0bffd08e420a8be01d4bb92d1f66496e11d8de401919d88f04	3182354	47	47	0		ucdavis:wcc_wbrc:2021:/item/ark:/87293/d36m33d9m:acquire_parse
wcc-national.ucd.a2a39ad6a5ce55fe	archive:wcc_wbrc_past_rankings	wcc_national	44	2026-08-28T01:30:00Z	PUBLIC_FEDORA_BINARY	COMPLETED	https://digital.ucdavis.edu/item/ark:/87293/d36m33d9m	https://digital.ucdavis.edu/fcrepo/rest/item/ark:/87293/d36m33d9m/media/2021-WBrC-Rankings.pdf	200	87bc4abc81b865b3d8ef94608bc069b3876e21f432b93439a3408bd194e10306	526624	36	36	0		ucdavis:wcc_wbrc:2022:/item/ark:/87293/d3jw86z1x:acquire_parse
wcc-national.ucd.91a70e8974d620f7	archive:wcc_wbrc_past_rankings	wcc_national	45	2026-08-28T01:30:00Z	PUBLIC_FEDORA_BINARY	COMPLETED	https://digital.ucdavis.edu/item/ark:/87293/d3jw86z1x	https://digital.ucdavis.edu/fcrepo/rest/item/ark:/87293/d3jw86z1x/media/2022-WBrC-Rankings.pdf	200	3a3a9b57101c0351fcd76468dfe41f027daf32d24279edf4a94f7223ad8c9f72	1031491	37	37	0		ucdavis:wcc_wbrc:2023:/item/ark:/87293/d3x34n29g:acquire_parse
wcc-national.ucd.406b4bf464518b99	archive:wcc_wbrc_past_rankings	wcc_national	46	2026-08-28T01:30:00Z	PUBLIC_FEDORA_BINARY	COMPLETED	https://digital.ucdavis.edu/item/ark:/87293/d3x34n29g	https://digital.ucdavis.edu/fcrepo/rest/item/ark:/87293/d3x34n29g/media/2023-WBrC-Rankings.pdf	200	14c7b9e54ae3bc32c7311a4ff8bd910038c23e3201ef4707878ac99ef6c6ed8a	535655	50	50	0		ucdavis:wcc_wbrc:2024:/item/ark:/87293/d30v89t31:acquire_parse
wcc-national.ucd.561bc3b691ce024d	archive:wcc_wbrc_past_rankings	wcc_national	47	2026-08-28T01:30:00Z	PUBLIC_FEDORA_BINARY	COMPLETED	https://digital.ucdavis.edu/item/ark:/87293/d30v89t31	https://digital.ucdavis.edu/fcrepo/rest/item/ark:/87293/d30v89t31/media/2024-WBrC-Rankings.pdf	200	21cc4d060864b17b8b151df489b16ba5c4413d8fadef736316d9ac108ec19f1d	1179088	49	49	0		ucdavis:wcc_wbrc:2025:/item/ark:/87293/d33n20q8z:acquire_parse
wcc-national.ucd.bff83939af6da6ab	archive:wcc_wbrc_past_rankings	wcc_national	48	2026-08-28T01:30:00Z	PUBLIC_FEDORA_BINARY	COMPLETED	https://digital.ucdavis.edu/item/ark:/87293/d33n20q8z	https://digital.ucdavis.edu/fcrepo/rest/item/ark:/87293/d33n20q8z/media/2025-WBrC-Rankings.pdf	200	258dda6f2533da2c4077e81e0c44f8a2a531730804871d629a45c2e611fcb3ac	688414	52	52	0		ucdavis:wcc_wbrc:2026:/direct/wcc/wbrc/2026:acquire_parse
wcc-national.direct.ddcfcb61e0ce7104	archive:wcc_wbrc_2026_rankings	wcc_national	49	2026-08-28T01:30:00Z	PUBLIC_OFFICIAL_PDF	COMPLETED	https://wcc.coffee/wbrc-past-rankings	https://wcc.coffee/s/2026-WBrC-Rankings-Public.pdf	200	ca3960ebcc57ee636376fc579773b24b1264500845ee411cf41d022fcf36112f	70433	51	51	0		ucdavis:wcc_wcigs:2011:/item/ark:/87293/d39p2wh1v:acquire_parse
wcc-national.ucd.bb37cf8d508505f9	archive:wcc_wcigs_results_gap	wcc_national	50	2026-08-28T01:30:00Z	PUBLIC_FEDORA_BINARY	COMPLETED	https://digital.ucdavis.edu/item/ark:/87293/d39p2wh1v	https://digital.ucdavis.edu/fcrepo/rest/item/ark:/87293/d39p2wh1v/media/2011-WCIGS-Rankings.pdf	200	0db44a930b472348af1ea4a7970b871033ba5dfd3da6d847c4f39eaa2d4a7e72	1248506	30	30	0		ucdavis:wcc_wcigs:2012:/item/ark:/87293/d3j67968d:acquire_parse
wcc-national.ucd.f183ebd6de3195a7	archive:wcc_wcigs_results_gap	wcc_national	51	2026-08-28T01:30:00Z	PUBLIC_FEDORA_BINARY	COMPLETED	https://digital.ucdavis.edu/item/ark:/87293/d3j67968d	https://digital.ucdavis.edu/fcrepo/rest/item/ark:/87293/d3j67968d/media/2012-WCIGS-Rankings.pdf	200	ac52d9dacd90b826f9e20ad6b7c2b09bfeaae2f9e30d51136eb83d758930814e	982990	23	23	0		ucdavis:wcc_wcigs:2013:/item/ark:/87293/d3rr1px70:acquire_parse
wcc-national.ucd.1ec2278987d6b8f7	archive:wcc_wcigs_results_gap	wcc_national	52	2026-08-28T01:30:00Z	PUBLIC_FEDORA_BINARY	COMPLETED	https://digital.ucdavis.edu/item/ark:/87293/d3rr1px70	https://digital.ucdavis.edu/fcrepo/rest/item/ark:/87293/d3rr1px70/media/2013-WCIGS-Rankings.pdf	200	b5def405cb74626e90de6667a91fd9b794701c3dda86ce8053f6af35fe798aa9	1140522	27	27	0		ucdavis:wcc_wcigs:2014:/item/ark:/87293/d3vh5cv1h:acquire_parse
wcc-national.ucd.c4aba6a95d648d3a	archive:wcc_wcigs_results_gap	wcc_national	53	2026-08-28T01:30:00Z	PUBLIC_FEDORA_BINARY	COMPLETED	https://digital.ucdavis.edu/item/ark:/87293/d3vh5cv1h	https://digital.ucdavis.edu/fcrepo/rest/item/ark:/87293/d3vh5cv1h/media/2014-WCIGS-Rankings.pdf	200	6c56511acf6fddb53f6e6fd7ee24e2a017bcfe9be4a46cdb88b64791d87ee2b4	761785	0	0	0		ucdavis:wcc_wcigs:2015:/item/ark:/87293/d3319sc9x:acquire_parse
wcc-national.ucd.cd49b9d042cab8b8	archive:wcc_wcigs_results_gap	wcc_national	54	2026-08-28T01:30:00Z	PUBLIC_FEDORA_BINARY	COMPLETED	https://digital.ucdavis.edu/item/ark:/87293/d3319sc9x	https://digital.ucdavis.edu/fcrepo/rest/item/ark:/87293/d3319sc9x/media/2015-WCIGS-Rankings.pdf	200	d3aed8d068789ae05c0d1799d3984618035c20d43af1def8e1b4d7275caf2bb8	756688	20	20	0		ucdavis:wcc_wcigs:2016:/item/ark:/87293/d39g5gq5k:acquire_parse
wcc-national.ucd.e308515a0fb90a75	archive:wcc_wcigs_results_gap	wcc_national	55	2026-08-28T01:30:00Z	PUBLIC_FEDORA_BINARY	COMPLETED	https://digital.ucdavis.edu/item/ark:/87293/d39g5gq5k	https://digital.ucdavis.edu/fcrepo/rest/item/ark:/87293/d39g5gq5k/media/2016-WCIGS-Rankings.pdf	200	ba35e9459d272b3613ab92de0da1b2ce5171c3514d8a5b7745cc01226dde207a	800613	22	22	0		ucdavis:wcc_wcigs:2017:/item/ark:/87293/d3d795n0k:acquire_parse
wcc-national.ucd.a0f7e3498ea1093d	archive:wcc_wcigs_results_gap	wcc_national	56	2026-08-28T01:30:00Z	PUBLIC_FEDORA_BINARY	COMPLETED	https://digital.ucdavis.edu/item/ark:/87293/d3d795n0k	https://digital.ucdavis.edu/fcrepo/rest/item/ark:/87293/d3d795n0k/media/2017-WCIGS-Rankings.pdf	200	9d80a147eeea47524779923f1a3d7353332f2d01790598ea9770ba19bbd87a97	297469	27	27	0		ucdavis:wcc_wcigs:2018:/item/ark:/87293/d3ms3kb8g:acquire_parse
wcc-national.ucd.f182d3798d93f60e	archive:wcc_wcigs_results_gap	wcc_national	57	2026-08-28T01:30:00Z	PUBLIC_FEDORA_BINARY	COMPLETED	https://digital.ucdavis.edu/item/ark:/87293/d3ms3kb8g	https://digital.ucdavis.edu/fcrepo/rest/item/ark:/87293/d3ms3kb8g/media/2018-WCIGS-Rankings.pdf	200	7ca076645888557dfa40d178bd23b38a4ea434555745de08ff15314af7ad2576	1097650	29	29	0		ucdavis:wcc_wcigs:2019:/item/ark:/87293/d3v980264:acquire_parse
wcc-national.ucd.6aa6685f172aeeff	archive:wcc_wcigs_results_gap	wcc_national	58	2026-08-28T01:30:00Z	PUBLIC_FEDORA_BINARY	COMPLETED	https://digital.ucdavis.edu/item/ark:/87293/d3v980264	https://digital.ucdavis.edu/fcrepo/rest/item/ark:/87293/d3v980264/media/2019-WCIGS-Rankings.pdf	200	007a3889768ec1b29441bcaf85b368daca645faa95ce92f4bd885c3fc244dbee	982534	31	31	0		ucdavis:wcc_wcigs:2022:/item/ark:/87293/d3f47h47w:acquire_parse
wcc-national.ucd.04676e0cfce40746	archive:wcc_wcigs_results_gap	wcc_national	59	2026-08-28T01:30:00Z	PUBLIC_FEDORA_BINARY	COMPLETED	https://digital.ucdavis.edu/item/ark:/87293/d3f47h47w	https://digital.ucdavis.edu/fcrepo/rest/item/ark:/87293/d3f47h47w/media/2022-WCIGS-Rankings.pdf	200	cbfdb7bf1ae2768cda25fbfac9a67bab2074e0b52ee9b54bd15d78b2dfa96658	641625	28	28	0		ucdavis:wcc_wcigs:2023:/item/ark:/87293/d3sf2mn8n:acquire_parse
wcc-national.ucd.2d9061f8d6160613	archive:wcc_wcigs_results_gap	wcc_national	60	2026-08-28T01:30:00Z	PUBLIC_FEDORA_BINARY	COMPLETED	https://digital.ucdavis.edu/item/ark:/87293/d3sf2mn8n	https://digital.ucdavis.edu/fcrepo/rest/item/ark:/87293/d3sf2mn8n/media/2023-WCIGS-Rankings.pdf	200	80cd6a746b71db4cad1da647fd6e50927733ed42737b36cda66f4a4ed23f8118	319635	25	25	0		ucdavis:wcc_wcigs:2024:/item/ark:/87293/d3w669k3n:acquire_parse
wcc-national.ucd.e5a9b5b88730c400	archive:wcc_wcigs_results_gap	wcc_national	61	2026-08-28T01:30:00Z	PUBLIC_FEDORA_BINARY	COMPLETED	https://digital.ucdavis.edu/item/ark:/87293/d3w669k3n	https://digital.ucdavis.edu/fcrepo/rest/item/ark:/87293/d3w669k3n/media/2024-WCIGS-Rankings.pdf	200	89afbc0cfbcf362126bd07973ac0963d66630850eddeeb6a7c4796f78003910c	361553	29	29	0		ucdavis:wcc_wcigs:2025:/item/ark:/87293/d3000097v:acquire_parse
wcc-national.ucd.0a502cde11f570a8	archive:wcc_wcigs_results_gap	wcc_national	62	2026-08-28T01:30:00Z	PUBLIC_FEDORA_BINARY	COMPLETED	https://digital.ucdavis.edu/item/ark:/87293/d3000097v	https://digital.ucdavis.edu/fcrepo/rest/item/ark:/87293/d3000097v/media/2025-WCIGS-Rankings.pdf	200	6608c316e96dc4c2f2e56f1bafe95b78701ba8b85e83546938d4a8a7fe775e47	343273	28	28	0		ucdavis:wcc_wcrc:2013:/item/ark:/87293/d3n01043z:acquire_parse
wcc-national.ucd.c99c87f851964651	archive:wcc_wcrc_past_rankings	wcc_national	63	2026-08-28T01:30:00Z	PUBLIC_FEDORA_BINARY	COMPLETED	https://digital.ucdavis.edu/item/ark:/87293/d3n01043z	https://digital.ucdavis.edu/fcrepo/rest/item/ark:/87293/d3n01043z/media/2013-WCRC-Rankings.pdf	200	56870b681c21702514f6fa59be02dd6e2a515ad99bf04c1bbdcf48bc29d1e4d7	528443	11	11	0		ucdavis:wcc_wcrc:2014:/item/ark:/87293/d3qr4p175:acquire_parse
wcc-national.ucd.427335d19c57fdeb	archive:wcc_wcrc_past_rankings	wcc_national	64	2026-08-28T01:30:00Z	PUBLIC_FEDORA_BINARY	COMPLETED	https://digital.ucdavis.edu/item/ark:/87293/d3qr4p175	https://digital.ucdavis.edu/fcrepo/rest/item/ark:/87293/d3qr4p175/media/2014-WCRC-Rankings.pdf	200	71f1e0a202cd687999ff53da80a5c46becd0f9434125618b243041a9e48d1b25	425789	9	9	0		ucdavis:wcc_wcrc:2015:/item/ark:/87293/d3z892r5d:acquire_parse
wcc-national.ucd.1fca02a49db3fd65	archive:wcc_wcrc_past_rankings	wcc_national	65	2026-08-28T01:30:00Z	PUBLIC_FEDORA_BINARY	COMPLETED	https://digital.ucdavis.edu/item/ark:/87293/d3z892r5d	https://digital.ucdavis.edu/fcrepo/rest/item/ark:/87293/d3z892r5d/media/2015-WCRC-Rankings.pdf	200	5e8ed490a0661bde55276bc6667353f2ae918940519f80f019d065c30cd96e7c	402447	10	10	0		ucdavis:wcc_wcrc:2016:/item/ark:/87293/d35t3g93p:acquire_parse
wcc-national.ucd.4d95e792abeb22fd	archive:wcc_wcrc_past_rankings	wcc_national	66	2026-08-28T01:30:00Z	PUBLIC_FEDORA_BINARY	COMPLETED	https://digital.ucdavis.edu/item/ark:/87293/d35t3g93p	https://digital.ucdavis.edu/fcrepo/rest/item/ark:/87293/d35t3g93p/media/2016-WCRC-Rankings.pdf	200	df98a709a66e48cd2d4c38a427af7e51d17c31e1b14c2729241ad9a762c2d47d	362231	12	12	0		ucdavis:wcc_wcrc:2017:/item/ark:/87293/d38k7567k:acquire_parse
wcc-national.ucd.5b130ff86d250b0b	archive:wcc_wcrc_past_rankings	wcc_national	67	2026-08-28T01:30:00Z	PUBLIC_FEDORA_BINARY	COMPLETED	https://digital.ucdavis.edu/item/ark:/87293/d38k7567k	https://digital.ucdavis.edu/fcrepo/rest/item/ark:/87293/d38k7567k/media/2017-WCRC-Rankings.pdf	200	ab7d36b627c17fbb9c28c7660eb059f957a3d1e35d651e109bf38a1bcb197ba5	556878	21	21	0		ucdavis:wcc_wcrc:2018:/item/ark:/87293/d3h12vj4n:acquire_parse
wcc-national.ucd.45b24d087c1c8538	archive:wcc_wcrc_past_rankings	wcc_national	68	2026-08-28T01:30:00Z	PUBLIC_FEDORA_BINARY	COMPLETED	https://digital.ucdavis.edu/item/ark:/87293/d3h12vj4n	https://digital.ucdavis.edu/fcrepo/rest/item/ark:/87293/d3h12vj4n/media/2018-WCRC-Rankings.pdf	200	bc94e2f84a589d237986458b33a924f6377350d542a3b2f974c2ec5d27edaccb	854350	24	24	0		ucdavis:wcc_wcrc:2019:/item/ark:/87293/d3qj7881h:acquire_parse
wcc-national.ucd.dd2623d041aa2b99	archive:wcc_wcrc_past_rankings	wcc_national	69	2026-08-28T01:30:00Z	PUBLIC_FEDORA_BINARY	COMPLETED	https://digital.ucdavis.edu/item/ark:/87293/d3qj7881h	https://digital.ucdavis.edu/fcrepo/rest/item/ark:/87293/d3qj7881h/media/2019-WCRC-Rankings.pdf	200	00f1f936d33aba8a098bba73077055f4b294dff366383f1a8dcac237ff328392	294512	23	23	0		ucdavis:wcc_wcrc:2022:/item/ark:/87293/d32v2cm5g:acquire_parse
wcc-national.ucd.bcc98a89aca16092	archive:wcc_wcrc_past_rankings	wcc_national	70	2026-08-28T01:30:00Z	PUBLIC_FEDORA_BINARY	COMPLETED	https://digital.ucdavis.edu/item/ark:/87293/d32v2cm5g	https://digital.ucdavis.edu/fcrepo/rest/item/ark:/87293/d32v2cm5g/media/2022-WCRC-Rankings.pdf	200	950a3ac3eb65b766ba27204f38dd8516d6f6f943eb2e28d3798d01204892f3af	481236	21	21	0		ucdavis:wcc_wcrc:2023:/item/ark:/87293/d3np1wv4h:acquire_parse
wcc-national.ucd.40096f84bee4e0de	archive:wcc_wcrc_past_rankings	wcc_national	71	2026-08-28T01:30:00Z	PUBLIC_FEDORA_BINARY	COMPLETED	https://digital.ucdavis.edu/item/ark:/87293/d3np1wv4h	https://digital.ucdavis.edu/fcrepo/rest/item/ark:/87293/d3np1wv4h/media/2023-WCRC-Rankings.pdf	200	c925e431794ad7bf800a36037cc4acdd1f53e01e64c93dd204d85bd51933e7b9	335390	20	20	0		ucdavis:wcc_wcrc:2024:/item/ark:/87293/d3rf5kr9w:acquire_parse
wcc-national.ucd.ae7c027af97aa4c5	archive:wcc_wcrc_past_rankings	wcc_national	72	2026-08-28T01:30:00Z	PUBLIC_FEDORA_BINARY	COMPLETED	https://digital.ucdavis.edu/item/ark:/87293/d3rf5kr9w	https://digital.ucdavis.edu/fcrepo/rest/item/ark:/87293/d3rf5kr9w/media/2024-WCRC-Rankings.pdf	200	85b53970aa3bc29a179a207a9e8f563bfb807c0e1ea438f68f3ea7cd49923add	310736	21	21	0		ucdavis:wcc_wcrc:2025:/item/ark:/87293/d3v698p2x:acquire_parse
wcc-national.ucd.6798020ab4b3552f	archive:wcc_wcrc_past_rankings	wcc_national	73	2026-08-28T01:30:00Z	PUBLIC_FEDORA_BINARY	COMPLETED	https://digital.ucdavis.edu/item/ark:/87293/d3v698p2x	https://digital.ucdavis.edu/fcrepo/rest/item/ark:/87293/d3v698p2x/media/2025-WCRC-Rankings.pdf	200	aabbe15f329fee8bde1731bea56b785c0e32c7e25b69a93c9a1837c19152e88a	324559	23	23	0		ucdavis:wcc_wcrc:2026:/direct/wcc/wcrc/2026:acquire_parse
wcc-national.direct.ecb7b4a0d238d0c2	archive:wcc_wcrc_2026_rankings	wcc_national	74	2026-08-28T01:30:00Z	PUBLIC_OFFICIAL_PDF	COMPLETED	https://wcc.coffee/wcrc-past-rankings	https://worldcoffeechampionships.squarespace.com/s/2026-WCRC-Rankings-Public.pdf	200	61461e737fa1cc2031871a35eb2a3c8143d2bfa063da9da945cb981b81e29b63	55435	28	28	0		ucdavis:wcc_wctc:2006:/item/ark:/87293/d3h98zq1q:acquire_parse
wcc-national.ucd.f112b358eb2bbd41	archive:wcc_wctc_results_gap	wcc_national	75	2026-08-28T01:30:00Z	PUBLIC_FEDORA_BINARY	COMPLETED	https://digital.ucdavis.edu/item/ark:/87293/d3h98zq1q	https://digital.ucdavis.edu/fcrepo/rest/item/ark:/87293/d3h98zq1q/media/2006-WCTC-Rankings.pdf	200	55917400a3fa172f8567c12d2f3959faf7a9fb4b218f732c143d63ea56651dad	211550	21	21	0		ucdavis:wcc_wctc:2007:/item/ark:/87293/d3445hp3k:acquire_parse
wcc-national.ucd.a1bb8bab9bf17696	archive:wcc_wctc_results_gap	wcc_national	76	2026-08-28T01:30:00Z	PUBLIC_FEDORA_BINARY	COMPLETED	https://digital.ucdavis.edu/item/ark:/87293/d3445hp3k	https://digital.ucdavis.edu/fcrepo/rest/item/ark:/87293/d3445hp3k/media/2007-WCTC-Rankings.pdf	200	24cd19d1640171f4a4c1fb4622268d3b8b61c1d73b72bc5b9604581df7a3ac44	179448	15	15	0		ucdavis:wcc_wctc:2008:/item/ark:/87293/d3qv3cd90:acquire_parse
wcc-national.ucd.f2e45bdbaf71d083	archive:wcc_wctc_results_gap	wcc_national	77	2026-08-28T01:30:00Z	PUBLIC_FEDORA_BINARY	COMPLETED	https://digital.ucdavis.edu/item/ark:/87293/d3qv3cd90	https://digital.ucdavis.edu/fcrepo/rest/item/ark:/87293/d3qv3cd90/media/2008-WCTC-Rankings.pdf	200	5098031457d2e1b5ffc24784712f3f063204af569037f577babcb5d8d286f780	1103884	29	29	0		ucdavis:wcc_wctc:2009:/item/ark:/87293/d3bn9xd21:acquire_parse
wcc-national.ucd.009e3749a0934640	archive:wcc_wctc_results_gap	wcc_national	78	2026-08-28T01:30:00Z	PUBLIC_FEDORA_BINARY	COMPLETED	https://digital.ucdavis.edu/item/ark:/87293/d3bn9xd21	https://digital.ucdavis.edu/fcrepo/rest/item/ark:/87293/d3bn9xd21/media/2009-WCTC-Rankings.pdf	200	4ce7b250636216acdd3037d8f8318d4c79cf2aec65a08bc618d3d4f7b550e818	140031	0	0	0		ucdavis:wcc_wctc:2010:/item/ark:/87293/d3zc7s48r:acquire_parse
wcc-national.ucd.39ffa02bd976b2f1	archive:wcc_wctc_results_gap	wcc_national	79	2026-08-28T01:30:00Z	PUBLIC_FEDORA_BINARY	COMPLETED	https://digital.ucdavis.edu/item/ark:/87293/d3zc7s48r	https://digital.ucdavis.edu/fcrepo/rest/item/ark:/87293/d3zc7s48r/media/2010-WCTC-Rankings.pdf	200	50ac6168578e14946300fb9666507f673554410b5cc35698af7f775f225efd7f	137659	0	0	0		ucdavis:wcc_wctc:2011:/item/ark:/87293/d35x25p7g:acquire_parse
wcc-national.ucd.4f8cd9e5e2170683	archive:wcc_wctc_results_gap	wcc_national	80	2026-08-28T01:30:00Z	PUBLIC_FEDORA_BINARY	COMPLETED	https://digital.ucdavis.edu/item/ark:/87293/d35x25p7g	https://digital.ucdavis.edu/fcrepo/rest/item/ark:/87293/d35x25p7g/media/2011-WCTC-Rankings.pdf	200	e04f6673c2fea3cfc5056ea950b9e90ec82aba63dad6c5ca22c07260f4d5b3e5	146295	0	0	0		ucdavis:wcc_wctc:2012:/item/ark:/87293/d3df6kd48:acquire_parse
wcc-national.ucd.2d94315e4a023874	archive:wcc_wctc_results_gap	wcc_national	81	2026-08-28T01:30:00Z	PUBLIC_FEDORA_BINARY	COMPLETED	https://digital.ucdavis.edu/item/ark:/87293/d3df6kd48	https://digital.ucdavis.edu/fcrepo/rest/item/ark:/87293/d3df6kd48/media/2012-WCTC-Rankings.pdf	200	ccbe37c87bc91067b19c9d376305e6c3d4e6061ce2d001a2d46b16275e860340	128821	0	0	0		ucdavis:wcc_wctc:2013:/item/ark:/87293/d38p5vm1m:acquire_parse
wcc-national.ucd.55042b726eaf9586	archive:wcc_wctc_results_gap	wcc_national	82	2026-08-28T01:30:00Z	PUBLIC_FEDORA_BINARY	COMPLETED	https://digital.ucdavis.edu/item/ark:/87293/d38p5vm1m	https://digital.ucdavis.edu/fcrepo/rest/item/ark:/87293/d38p5vm1m/media/2013-WCTC-Rankings.pdf	200	50ce4276d4b98f3474c0855f8a32e2d5ca3fe924ad34c16227db79d5b63bd4c8	1709128	62	62	0		ucdavis:wcc_wctc:2014:/item/ark:/87293/d3cf9jh5h:acquire_parse
wcc-national.ucd.3e9eff24bb646e72	archive:wcc_wctc_results_gap	wcc_national	83	2026-08-28T01:30:00Z	PUBLIC_FEDORA_BINARY	COMPLETED	https://digital.ucdavis.edu/item/ark:/87293/d3cf9jh5h	https://digital.ucdavis.edu/fcrepo/rest/item/ark:/87293/d3cf9jh5h/media/2014-WCTC-Rankings.pdf	200	c437f915f941f9e37842bd8b0cde7094021c34d682833ea91cac519995745c5d	2450168	12	12	0		ucdavis:wcc_wctc:2015:/item/ark:/87293/d3m03z74t:acquire_parse
wcc-national.ucd.c458808fea947c2b	archive:wcc_wctc_results_gap	wcc_national	84	2026-08-28T01:30:00Z	PUBLIC_FEDORA_BINARY	COMPLETED	https://digital.ucdavis.edu/item/ark:/87293/d3m03z74t	https://digital.ucdavis.edu/fcrepo/rest/item/ark:/87293/d3m03z74t/media/2015-WCTC-Rankings.pdf	200	b0e4461183ecd269d2f689f2645b92269348d7d721297481dd1b210db99ffe76	1797932	49	49	0		ucdavis:wcc_wctc:2016:/item/ark:/87293/d3th8bz18:acquire_parse
wcc-national.ucd.a14a0ff925f040f5	archive:wcc_wctc_results_gap	wcc_national	85	2026-08-28T01:30:00Z	PUBLIC_FEDORA_BINARY	COMPLETED	https://digital.ucdavis.edu/item/ark:/87293/d3th8bz18	https://digital.ucdavis.edu/fcrepo/rest/item/ark:/87293/d3th8bz18/media/2016-WCTC-Rankings.pdf	200	3bd591fe50e18d21e8569ff9517230f7a0f711cf8dc8ffb25da9b84ede6d68ab	1303101	49	49	0		ucdavis:wcc_wctc:2017:/item/ark:/87293/d3x921v5q:acquire_parse
wcc-national.ucd.83e2db56ab3db4e8	archive:wcc_wctc_results_gap	wcc_national	86	2026-08-28T01:30:00Z	PUBLIC_FEDORA_BINARY	COMPLETED	https://digital.ucdavis.edu/item/ark:/87293/d3x921v5q	https://digital.ucdavis.edu/fcrepo/rest/item/ark:/87293/d3x921v5q/media/2017-WCTC-Rankings.pdf	200	d4a64b5a172baf4eb72fa5e49e8b920cdd3cf1f19d47e6d508a72819cdeb047e	1416878	50	50	0		ucdavis:wcc_wctc:2018:/item/ark:/87293/d34t6fd4x:acquire_parse
wcc-national.ucd.4dabfe23f3a6f189	archive:wcc_wctc_results_gap	wcc_national	87	2026-08-28T01:30:00Z	PUBLIC_FEDORA_BINARY	COMPLETED	https://digital.ucdavis.edu/item/ark:/87293/d34t6fd4x	https://digital.ucdavis.edu/fcrepo/rest/item/ark:/87293/d34t6fd4x/media/2018-WCTC-Rankings.pdf	200	829502614a0e32ade3716618e089a40b7fc6590c77b81cdd8555f3693428efd6	661739	69	69	0		ucdavis:wcc_wctc:2019:/item/ark:/87293/d3cc0v42r:acquire_parse
wcc-national.ucd.cadfdf2a90a5515f	archive:wcc_wctc_results_gap	wcc_national	88	2026-08-28T01:30:00Z	PUBLIC_FEDORA_BINARY	COMPLETED	https://digital.ucdavis.edu/item/ark:/87293/d3cc0v42r	https://digital.ucdavis.edu/fcrepo/rest/item/ark:/87293/d3cc0v42r/media/2019-WCTC-Rankings.pdf	200	42f986845e51d9e3a98ce75be7912c97a19c814a3d196fb462e91ffaa631ecce	514980	48	48	0		ucdavis:wcc_wctc:2021:/item/ark:/87293/d3z31p00t:acquire_parse
wcc-national.ucd.e8489d0999dab494	archive:wcc_wctc_results_gap	wcc_national	89	2026-08-28T01:30:00Z	PUBLIC_FEDORA_BINARY	COMPLETED	https://digital.ucdavis.edu/item/ark:/87293/d3z31p00t	https://digital.ucdavis.edu/fcrepo/rest/item/ark:/87293/d3z31p00t/media/2021-WCTC-Rankings.pdf	200	9a210872890710ad719c0b76a5cfb086643c9dcdd6eac2b5cb8fec03e181ce0e	1358292	48	48	0		ucdavis:wcc_wctc:2022:/item/ark:/87293/d3t727s1r:acquire_parse
wcc-national.ucd.260325f1214a1e6b	archive:wcc_wctc_results_gap	wcc_national	90	2026-08-28T01:30:00Z	PUBLIC_FEDORA_BINARY	COMPLETED	https://digital.ucdavis.edu/item/ark:/87293/d3t727s1r	https://digital.ucdavis.edu/fcrepo/rest/item/ark:/87293/d3t727s1r/media/2022-WCTC-Rankings.pdf	200	7a9dcf08698e8581c673e58f5f9e0436f894808b848a4511f1bbab78065818a4	955648	49	49	0		ucdavis:wcc_wctc:2023:/item/ark:/87293/d3hx16192:acquire_parse
wcc-national.ucd.1bf810d01fbd7686	archive:wcc_wctc_results_gap	wcc_national	91	2026-08-28T01:30:00Z	PUBLIC_FEDORA_BINARY	COMPLETED	https://digital.ucdavis.edu/item/ark:/87293/d3hx16192	https://digital.ucdavis.edu/fcrepo/rest/item/ark:/87293/d3hx16192/media/2023-WCTC-Rankings.pdf	200	6341bd0b6b55260a868d8d0cd1278a2e53c8927357569ffba3cd8d58d283782c	864997	39	39	0		ucdavis:wcc_wctc:2024:/item/ark:/87293/d3mp4vz48:acquire_parse
wcc-national.ucd.60c5b2e77c4f385a	archive:wcc_wctc_results_gap	wcc_national	92	2026-08-28T01:30:00Z	PUBLIC_FEDORA_BINARY	COMPLETED	https://digital.ucdavis.edu/item/ark:/87293/d3mp4vz48	https://digital.ucdavis.edu/fcrepo/rest/item/ark:/87293/d3mp4vz48/media/2024-WCTC-Rankings.pdf	200	38eb92461839f7ebe19cd760103d2e803ccaaf2195380527a759fc3f6ccb08d1	786190	47	47	0		ucdavis:wcc_wctc:2025:/item/ark:/87293/d3qf8jv85:acquire_parse
wcc-national.ucd.271e0ecc33591e6f	archive:wcc_wctc_results_gap	wcc_national	93	2026-08-28T01:30:00Z	PUBLIC_FEDORA_BINARY	COMPLETED	https://digital.ucdavis.edu/item/ark:/87293/d3qf8jv85	https://digital.ucdavis.edu/fcrepo/rest/item/ark:/87293/d3qf8jv85/media/2025-WCTC-Rankings.pdf	200	2279d0b7cf74f462a65574d9793eb1d521ca26ca6cfaa3a915afbd43183e8586	508015	48	48	0		ucdavis:wcc_wlac:2005:/item/ark:/87293/d3wm14430:acquire_parse
wcc-national.ucd.0b2c2dcc37a91d99	archive:wcc_wlac_results_gap	wcc_national	94	2026-08-28T01:30:00Z	PUBLIC_FEDORA_BINARY	COMPLETED	https://digital.ucdavis.edu/item/ark:/87293/d3wm14430	https://digital.ucdavis.edu/fcrepo/rest/item/ark:/87293/d3wm14430/media/2005-WLAC-Rankings.pdf	200	a471c3d7219ab4e952b230b2d0465c3e04174ce121eab18b2f055ae652ce06e3	95834	3	3	0		ucdavis:wcc_wlac:2006:/item/ark:/87293/d3rv0d997:acquire_parse
wcc-national.ucd.083b4851522f7d55	archive:wcc_wlac_results_gap	wcc_national	95	2026-08-28T01:30:00Z	PUBLIC_FEDORA_BINARY	COMPLETED	https://digital.ucdavis.edu/item/ark:/87293/d3rv0d997	https://digital.ucdavis.edu/fcrepo/rest/item/ark:/87293/d3rv0d997/media/2006-WLAC-Rankings.pdf	200	72ea5ff5ce18bf874e080a7155798f183a97650c3b135907be834fd8d0c4bed3	213119	16	16	0		ucdavis:wcc_wlac:2007:/item/ark:/87293/d3cn6z909:acquire_parse
wcc-national.ucd.7a94cd2e608a39c6	archive:wcc_wlac_results_gap	wcc_national	96	2026-08-28T01:30:00Z	PUBLIC_FEDORA_BINARY	COMPLETED	https://digital.ucdavis.edu/item/ark:/87293/d3cn6z909	https://digital.ucdavis.edu/fcrepo/rest/item/ark:/87293/d3cn6z909/media/2007-WLAC-Rankings.pdf	200	c83a8c4b1416a8f55a9710df44e5609dd29d7dc8245627328ec2bc1f0a3f4bf6	237303	18	18	0		ucdavis:wcc_wlac:2008:/item/ark:/87293/d30c4sv9t:acquire_parse
wcc-national.ucd.202b9191359e07c1	archive:wcc_wlac_results_gap	wcc_national	97	2026-08-28T01:30:00Z	PUBLIC_FEDORA_BINARY	COMPLETED	https://digital.ucdavis.edu/item/ark:/87293/d30c4sv9t	https://digital.ucdavis.edu/fcrepo/rest/item/ark:/87293/d30c4sv9t/media/2008-WLAC-Rankings.pdf	200	43f35fdc58e3e43c95272914a2fc557926049d3e15b14a0f79479fcc22ba6487	1028345	35	35	0		ucdavis:wcc_wlac:2009:/item/ark:/87293/d3m61c09c:acquire_parse
wcc-national.ucd.ed8f55a528414777	archive:wcc_wlac_results_gap	wcc_national	98	2026-08-28T01:30:00Z	PUBLIC_FEDORA_BINARY	COMPLETED	https://digital.ucdavis.edu/item/ark:/87293/d3m61c09c	https://digital.ucdavis.edu/fcrepo/rest/item/ark:/87293/d3m61c09c/media/2009-WLAC-Rankings.pdf	200	4f4ab5ff701d1aedc545caa792aa546b437623fff2231b34970903231a15dce8	1021671	37	37	0		ucdavis:wcc_wlac:2010:/item/ark:/87293/d36w96k8n:acquire_parse
wcc-national.ucd.f5ea2e7849f33077	archive:wcc_wlac_results_gap	wcc_national	99	2026-08-28T01:30:00Z	PUBLIC_FEDORA_BINARY	COMPLETED	https://digital.ucdavis.edu/item/ark:/87293/d36w96k8n	https://digital.ucdavis.edu/fcrepo/rest/item/ark:/87293/d36w96k8n/media/2010-WLAC-Rankings.pdf	200	8780fc07590df4fae45b4b88b61e7cd2d24405a55ad0e65bb784113da54ac9b4	1105982	49	49	0		ucdavis:wcc_wlac:2011:/item/ark:/87293/d3pz51x2p:acquire_parse
wcc-national.ucd.3fe796d6a4ea5693	archive:wcc_wlac_results_gap	wcc_national	100	2026-08-28T01:30:00Z	PUBLIC_FEDORA_BINARY	COMPLETED	https://digital.ucdavis.edu/item/ark:/87293/d3pz51x2p	https://digital.ucdavis.edu/fcrepo/rest/item/ark:/87293/d3pz51x2p/media/2011-WLAC-Rankings.pdf	200	534c48278e4641b7febb9e73e569ef927a70055c4edc658cd8c5c7f131a62772	747624	6	6	0		ucdavis:wcc_wlac:2012:/item/ark:/87293/d3xd0r77k:acquire_parse
wcc-national.ucd.6c0b5cdeca147e83	archive:wcc_wlac_results_gap	wcc_national	101	2026-08-28T01:30:00Z	PUBLIC_FEDORA_BINARY	COMPLETED	https://digital.ucdavis.edu/item/ark:/87293/d3xd0r77k	https://digital.ucdavis.edu/fcrepo/rest/item/ark:/87293/d3xd0r77k/media/2012-WLAC-Rankings.pdf	200	7ba3f0bf2035d96fd42f8eee8f4ee7abc97a3f5d86bd9c03049af05cc560d63a	1306544	37	37	0		ucdavis:wcc_wlac:2013:/item/ark:/87293/d3h708996:acquire_parse
wcc-national.ucd.80a2a6c1bc79609c	archive:wcc_wlac_results_gap	wcc_national	102	2026-08-28T01:30:00Z	PUBLIC_FEDORA_BINARY	COMPLETED	https://digital.ucdavis.edu/item/ark:/87293/d3h708996	https://digital.ucdavis.edu/fcrepo/rest/item/ark:/87293/d3h708996/media/2013-WLAC-Rankings.pdf	200	8b8df99fc303ff3890c951a667efc7296164f976f27f86a283acbef5e81a6e16	1363885	36	36	0		ucdavis:wcc_wlac:2014:/item/ark:/87293/d3fx7480p:acquire_parse
wcc-national.ucd.174271fef9e01fcc	archive:wcc_wlac_results_gap	wcc_national	103	2026-08-28T01:30:00Z	PUBLIC_FEDORA_BINARY	COMPLETED	https://digital.ucdavis.edu/item/ark:/87293/d3fx7480p	https://digital.ucdavis.edu/fcrepo/rest/item/ark:/87293/d3fx7480p/media/2014-WLAC-Rankings.pdf	200	8bca3ac0e781b3609afc3f7483650f4f911ed920092565ef1a893dbb45f59008	1285369	0	0	0		ucdavis:wcc_wlac:2015:/item/ark:/87293/d3b56df67:acquire_parse
wcc-national.ucd.a140ac659f4353d3	archive:wcc_wlac_results_gap	wcc_national	104	2026-08-28T01:30:00Z	PUBLIC_FEDORA_BINARY	COMPLETED	https://digital.ucdavis.edu/item/ark:/87293/d3b56df67	https://digital.ucdavis.edu/fcrepo/rest/item/ark:/87293/d3b56df67/media/2015-WLAC-Rankings.pdf	200	c5e52a3246ed2cf765ca39ac9919e553b5b44b62ac5e9e29fab4cbc9f081c743	1294940	42	42	0		ucdavis:wcc_wlac:2016:/item/ark:/87293/d3222rh0b:acquire_parse
wcc-national.ucd.2ee0128cdc141c0e	archive:wcc_wlac_results_gap	wcc_national	105	2026-08-28T01:30:00Z	PUBLIC_FEDORA_BINARY	COMPLETED	https://digital.ucdavis.edu/item/ark:/87293/d3222rh0b	https://digital.ucdavis.edu/fcrepo/rest/item/ark:/87293/d3222rh0b/media/2016-WLAC-Rankings.pdf	200	b4e9115b04b72f0bb7eb252ca60d486d5e9a5a514d4af57c1272ce1b259edac3	1363672	42	42	0		ucdavis:wcc_wlac:2017:/item/ark:/87293/d36d5pn23:acquire_parse
wcc-national.ucd.bd718b95445e9b48	archive:wcc_wlac_results_gap	wcc_national	106	2026-08-28T01:30:00Z	PUBLIC_FEDORA_BINARY	COMPLETED	https://digital.ucdavis.edu/item/ark:/87293/d36d5pn23	https://digital.ucdavis.edu/fcrepo/rest/item/ark:/87293/d36d5pn23/media/2017-WLAC-Rankings.pdf	200	b79a034d2c25b53a10676d3a7bdbe535600787e0f11ff88ac66a043879394f15	501671	53	53	0		ucdavis:wcc_wlac:2018:/item/ark:/87293/d32r3p706:acquire_parse
wcc-national.ucd.df2c29c71197cf71	archive:wcc_wlac_results_gap	wcc_national	107	2026-08-28T01:30:00Z	PUBLIC_FEDORA_BINARY	COMPLETED	https://digital.ucdavis.edu/item/ark:/87293/d32r3p706	https://digital.ucdavis.edu/fcrepo/rest/item/ark:/87293/d32r3p706/media/2018-WLAC-Rankings.pdf	200	369b7071c2244c5fa215590affde863395a313577c421713f2fc04862e74dbbd	1872340	52	52	0		ucdavis:wcc_wlac:2019:/item/ark:/87293/d3g44j174:acquire_parse
wcc-national.ucd.5b589c1774d90eab	archive:wcc_wlac_results_gap	wcc_national	108	2026-08-28T01:30:00Z	PUBLIC_FEDORA_BINARY	COMPLETED	https://digital.ucdavis.edu/item/ark:/87293/d3g44j174	https://digital.ucdavis.edu/fcrepo/rest/item/ark:/87293/d3g44j174/media/2019-WLAC-Rankings.pdf	200	61c143ff421458e4a92abbc5c3a237b7da6d8b5df0335d0eb8a63fd324826483	1619078	51	51	0		ucdavis:wcc_wlac:2022:/item/ark:/87293/d3pg1hz70:acquire_parse
wcc-national.ucd.52af55d5351ea713	archive:wcc_wlac_results_gap	wcc_national	109	2026-08-28T01:30:00Z	PUBLIC_FEDORA_BINARY	COMPLETED	https://digital.ucdavis.edu/item/ark:/87293/d3pg1hz70	https://digital.ucdavis.edu/fcrepo/rest/item/ark:/87293/d3pg1hz70/media/2022-WLAC-Rankings.pdf	200	36ca33702f03ff71e365b949e1a724c63db4a9fe572981600a5e1d383b08f4ac	1256139	45	45	0		ucdavis:wcc_wlac:2023:/item/ark:/87293/d35m62h9c:acquire_parse
wcc-national.ucd.4aca983a005832b7	archive:wcc_wlac_results_gap	wcc_national	110	2026-08-28T01:30:00Z	PUBLIC_FEDORA_BINARY	COMPLETED	https://digital.ucdavis.edu/item/ark:/87293/d35m62h9c	https://digital.ucdavis.edu/fcrepo/rest/item/ark:/87293/d35m62h9c/media/2023-WLAC-Rankings.pdf	200	4d0e30bffdd625f11522cad0c6c2c23dff93385266d73c96437b7ce700acb61f	505624	51	51	0		ucdavis:wcc_wlac:2024:/item/ark:/87293/d38c9rf1j:acquire_parse
wcc-national.ucd.06110a7342f3e39f	archive:wcc_wlac_results_gap	wcc_national	111	2026-08-28T01:30:00Z	PUBLIC_FEDORA_BINARY	COMPLETED	https://digital.ucdavis.edu/item/ark:/87293/d38c9rf1j	https://digital.ucdavis.edu/fcrepo/rest/item/ark:/87293/d38c9rf1j/media/2024-WLAC-Rankings.pdf	200	54d0159769df13416f22762b5ba3bb8cf8e97685f59e7322d9305cd2738d4437	511099	50	50	0		ucdavis:wcc_wlac:2025:/item/ark:/87293/d3c53fb6g:acquire_parse
wcc-national.ucd.df5b79352ffe7428	archive:wcc_wlac_results_gap	wcc_national	112	2026-08-28T01:30:00Z	PUBLIC_FEDORA_BINARY	COMPLETED	https://digital.ucdavis.edu/item/ark:/87293/d3c53fb6g	https://digital.ucdavis.edu/fcrepo/rest/item/ark:/87293/d3c53fb6g/media/2025-WLAC-Rankings.pdf	200	bc84fb62d31c5233345c5e8cfd020d53ee7745ef8b23a2219a80a5eaee5c48b4	541604	49	49	0		competition_body_registry:source:wcc_cb_rec0zgr8vngzfsqhw:inspect_official_body_route
