language_occurrence_key	language_document_key	language_expression_key	raw_source_phrase	source_locator	observed_value
language.occurrence.zh_hans.sha256_f80f75f2c61e8cf4bd74c21507ba7accc583b9b8d758c13400adc3f78981535e	document.zh_hans.zhangdeweb_2024_001	language.expression.zh_hans.sha256_a0cc66fe8050cc1a1e8599576bf2f7e45b0c555ff885f634b230a0720750e4b8	香气中甜和醇是主导元素	git:dc5d02885c599df207f6bbd8c2bbc4009a4303e8:2025/03/06/coffee/index.html#L369-L401#sensory-occurrence-001-f80f75f2c61e	"{""admission"":""source-reviewed-observed-zh-hans"",""normalization"":""NFKC-whitespace-v1""}"
language.occurrence.zh_hans.sha256_fe6ffc0bddc9f46f777c123851236a1118720cddb7fcbbf0845da196a68ba512	document.zh_hans.zhangdeweb_2024_001	language.expression.zh_hans.sha256_425aa1e24f5eecb557efaa9a56ec13ae86f1164847d4e1bec3b707f9949ef995	一定酵酸	git:dc5d02885c599df207f6bbd8c2bbc4009a4303e8:2025/03/06/coffee/index.html#L369-L401#sensory-occurrence-001-fe6ffc0bddc9	"{""admission"":""source-reviewed-observed-zh-hans"",""normalization"":""NFKC-whitespace-v1""}"
language.occurrence.zh_hans.sha256_3e96cc5d58728ed12dff86ab4c15dfe00b792454641351953110f95bf164a29f	document.zh_hans.zhangdeweb_2024_001	language.expression.zh_hans.sha256_c4c83b275a4e51daf6c8ff439918e8aed320da3cee51edf67210a75e725e3aa8	奶糖	git:dc5d02885c599df207f6bbd8c2bbc4009a4303e8:2025/03/06/coffee/index.html#L369-L401#sensory-occurrence-001-3e96cc5d5872	"{""admission"":""source-reviewed-observed-zh-hans"",""normalization"":""NFKC-whitespace-v1""}"
language.occurrence.zh_hans.sha256_eb629fb4565fd955dd261c28ce60decc78e0ba6dcf5f9d4706909d3e868660e2	document.zh_hans.zhangdeweb_2024_001	language.expression.zh_hans.sha256_df64dd4a0b4139f9fbaafd34380cdec1ea92346856c45c943fad8999fe5c6785	木本植物	git:dc5d02885c599df207f6bbd8c2bbc4009a4303e8:2025/03/06/coffee/index.html#L369-L401#sensory-occurrence-001-eb629fb4565f	"{""admission"":""source-reviewed-observed-zh-hans"",""normalization"":""NFKC-whitespace-v1""}"
language.occurrence.zh_hans.sha256_387e8fe734c43f2acbcbf9d46b001bd1b9f69b6ed36d790be284926abcadbcac	document.zh_hans.zhangdeweb_2024_001	language.expression.zh_hans.sha256_3e5d533a6491dcc4c46aeb433a7e415d060a7b470c24379df452707f1addb5e0	酒香	git:dc5d02885c599df207f6bbd8c2bbc4009a4303e8:2025/03/06/coffee/index.html#L369-L401#sensory-occurrence-001-387e8fe734c4	"{""admission"":""source-reviewed-observed-zh-hans"",""normalization"":""NFKC-whitespace-v1""}"
language.occurrence.zh_hans.sha256_96f8a5f39ad81555f44a40856b9617cf21c521164b32035014ba51ae7630cb75	document.zh_hans.zhangdeweb_2024_001	language.expression.zh_hans.sha256_8b4054e9172ec236f4c9cfec58d4dba5a504fd8abc8ee254cdabb1350db9fb46	成熟水果香气	git:dc5d02885c599df207f6bbd8c2bbc4009a4303e8:2025/03/06/coffee/index.html#L369-L401#sensory-occurrence-001-96f8a5f39ad8	"{""admission"":""source-reviewed-observed-zh-hans"",""normalization"":""NFKC-whitespace-v1""}"
language.occurrence.zh_hans.sha256_95a40f0ba885a6c11a0f5939633cc3d5c96ed853cd73f244447cc8ba01ef30d7	document.zh_hans.zhangdeweb_2024_001	language.expression.zh_hans.sha256_129e21aa99edecd217876b25a62e2a6868afd72dd5ed3da03ff0dfe01c0d7b47	总体而言香气令人愉悦	git:dc5d02885c599df207f6bbd8c2bbc4009a4303e8:2025/03/06/coffee/index.html#L369-L401#sensory-occurrence-001-95a40f0ba885	"{""admission"":""source-reviewed-observed-zh-hans"",""normalization"":""NFKC-whitespace-v1""}"
language.occurrence.zh_hans.sha256_29a6e486b5c4761848a6582a40543e1ac1fbc25fef0a9cac1b0a9cd380d48da7	document.zh_hans.zhangdeweb_2024_001	language.expression.zh_hans.sha256_b7d60ea6f62ac2436190903b65b711508a4d74f67e2b763b6742f5413fb0eb5d	焦脆的成熟香气	git:dc5d02885c599df207f6bbd8c2bbc4009a4303e8:2025/03/06/coffee/index.html#L369-L401#sensory-occurrence-001-29a6e486b5c4	"{""admission"":""source-reviewed-observed-zh-hans"",""normalization"":""NFKC-whitespace-v1""}"
language.occurrence.zh_hans.sha256_78acc6a58d5c201b394cd6970413432b0fb902888d3ac0f62981c1a85dcc525d	document.zh_hans.zhangdeweb_2024_001	language.expression.zh_hans.sha256_265df3f67d85511c4eea11c8ed43c6c54cc3a561e08148a9e2f4f2a7246ebbce	成熟的水果香气	git:dc5d02885c599df207f6bbd8c2bbc4009a4303e8:2025/03/06/coffee/index.html#L369-L401#sensory-occurrence-001-78acc6a58d5c	"{""admission"":""source-reviewed-observed-zh-hans"",""normalization"":""NFKC-whitespace-v1""}"
language.occurrence.zh_hans.sha256_6b73bf3603d585a01c3ff577a3581039b801c3da0bb3a0bd189883bf9de56494	document.zh_hans.zhangdeweb_2024_001	language.expression.zh_hans.sha256_b59ce0a68779e182053af2b26244ff4505d783a2e7addbb87b8f48abb49ba539	香气余韵醇	git:dc5d02885c599df207f6bbd8c2bbc4009a4303e8:2025/03/06/coffee/index.html#L369-L401#sensory-occurrence-001-6b73bf3603d5	"{""admission"":""source-reviewed-observed-zh-hans"",""normalization"":""NFKC-whitespace-v1""}"
language.occurrence.zh_hans.sha256_782856fb6f36638a7e3bebaaacae55dbf865ae3937577ccf6d6d5b510c8f63e1	document.zh_hans.zhangdeweb_2024_001	language.expression.zh_hans.sha256_ba82109a5bee1bec042d95bd412104bb7db03cf660a38672b44516cad335dd6e	焦苦感	git:dc5d02885c599df207f6bbd8c2bbc4009a4303e8:2025/03/06/coffee/index.html#L369-L401#sensory-occurrence-001-782856fb6f36	"{""admission"":""source-reviewed-observed-zh-hans"",""normalization"":""NFKC-whitespace-v1""}"
language.occurrence.zh_hans.sha256_844e660a3cda3968239920112e4abea8ee64d9104c95acc1b2d475100f92c8e0	document.zh_hans.zhangdeweb_2024_001	language.expression.zh_hans.sha256_e00418e2c4386adf403a1d07043956eeeda131b0b61ef2d8d80d9b1bcc1b21c7	尖酸的醋味	git:dc5d02885c599df207f6bbd8c2bbc4009a4303e8:2025/03/06/coffee/index.html#L369-L401#sensory-occurrence-001-844e660a3cda	"{""admission"":""source-reviewed-observed-zh-hans"",""normalization"":""NFKC-whitespace-v1""}"
language.occurrence.zh_hans.sha256_b028810ff6831d47cb84f30446410a17611c24fa09210cefd343f842c96737a8	document.zh_hans.zhangdeweb_2024_001	language.expression.zh_hans.sha256_80e3cc49d629d4b2f548bef23bf244ca031bca2b59de0c3f0eabd01db513b564	有些许发酵味	git:dc5d02885c599df207f6bbd8c2bbc4009a4303e8:2025/03/06/coffee/index.html#L369-L401#sensory-occurrence-001-b028810ff683	"{""admission"":""source-reviewed-observed-zh-hans"",""normalization"":""NFKC-whitespace-v1""}"
language.occurrence.zh_hans.sha256_7d0419f71902aa4615b42c250d52e2da3dfaddc20c5a5021c5333ffae7d73943	document.zh_hans.zhangdeweb_2024_001	language.expression.zh_hans.sha256_1cdc18e511c6815d3adb2c1e1c4b10af27d328a3e8bcb24b2c174a3ad1b747b1	发酵味表现为成熟香气	git:dc5d02885c599df207f6bbd8c2bbc4009a4303e8:2025/03/06/coffee/index.html#L369-L401#sensory-occurrence-001-7d0419f71902	"{""admission"":""source-reviewed-observed-zh-hans"",""normalization"":""NFKC-whitespace-v1""}"
language.occurrence.zh_hans.sha256_82a7342caa209be5f07dd39fdd60da30340db52438c553fd3f53c63a8644028e	document.zh_hans.zhangdeweb_2024_001	language.expression.zh_hans.sha256_1959ec1ef3822cf920678e3899b383127b29308fa368851874e8a5bc2e31f108	香气香甜	git:dc5d02885c599df207f6bbd8c2bbc4009a4303e8:2025/03/06/coffee/index.html#L369-L401#sensory-occurrence-001-82a7342caa20	"{""admission"":""source-reviewed-observed-zh-hans"",""normalization"":""NFKC-whitespace-v1""}"
language.occurrence.zh_hans.sha256_8714f07794ba590c655ee264134c8e265019e8e620f6cebb58cf1d07c7c39084	document.zh_hans.zhangdeweb_2024_001	language.expression.zh_hans.sha256_c131475b591a7952d17ce3dd478fdc5b00c70277a318e97b04c3c4e39be111c2	无酸味	git:dc5d02885c599df207f6bbd8c2bbc4009a4303e8:2025/03/06/coffee/index.html#L369-L401#sensory-occurrence-001-8714f07794ba	"{""admission"":""source-reviewed-observed-zh-hans"",""normalization"":""NFKC-whitespace-v1""}"
language.occurrence.zh_hans.sha256_7ffc2e49f0f51ecb3a7cecb1c48c1cf310911e7d6cea8c8a3c045326187bf351	document.zh_hans.zhangdeweb_2024_001	language.expression.zh_hans.sha256_c04320479326534529d70a5d8bac18406173ed0c44c5bb1a6790f51626ecba30	略酸	git:dc5d02885c599df207f6bbd8c2bbc4009a4303e8:2025/03/06/coffee/index.html#L369-L401#sensory-occurrence-001-7ffc2e49f0f5	"{""admission"":""source-reviewed-observed-zh-hans"",""normalization"":""NFKC-whitespace-v1""}"
language.occurrence.zh_hans.sha256_ed098b62c74e8c81c7eb808a54fa14d1e08a249183f1e76d4b24fb3c285cd7bd	document.zh_hans.zhangdeweb_2024_001	language.expression.zh_hans.sha256_fafabb785ac36f5404aa023c779b027b86b92c53624ca13865d5922786fb6dad	轻微刺激感	git:dc5d02885c599df207f6bbd8c2bbc4009a4303e8:2025/03/06/coffee/index.html#L369-L401#sensory-occurrence-001-ed098b62c74e	"{""admission"":""source-reviewed-observed-zh-hans"",""normalization"":""NFKC-whitespace-v1""}"
language.occurrence.zh_hans.sha256_1e93c0197ab663bec4f22ac9683b5d2f455c4213614d8315f8ad7f1fb82c6db4	document.zh_hans.zhangdeweb_2024_001	language.expression.zh_hans.sha256_e868d3d14c2b1f82b1a0710127737c6a270fa7bfa62087faa43443ba222bab70	油脂味道中等较低	git:dc5d02885c599df207f6bbd8c2bbc4009a4303e8:2025/03/06/coffee/index.html#L369-L401#sensory-occurrence-001-1e93c0197ab6	"{""admission"":""source-reviewed-observed-zh-hans"",""normalization"":""NFKC-whitespace-v1""}"
language.occurrence.zh_hans.sha256_2defe274801f4f2cef3f75dfbee394a28e339679c8573778b8416d429b64c64d	document.zh_hans.zhangdeweb_2024_001	language.expression.zh_hans.sha256_119752513ff6e1942d5dacf9231fc00eb028a2148ee0b950248e7b95e8082aec	酸下降	git:dc5d02885c599df207f6bbd8c2bbc4009a4303e8:2025/03/06/coffee/index.html#L369-L401#sensory-occurrence-001-2defe274801f	"{""admission"":""source-reviewed-observed-zh-hans"",""normalization"":""NFKC-whitespace-v1""}"
language.occurrence.zh_hans.sha256_113ebe9bfcad13bfb5e6ed96c5672e017173e4cdce94f0dfc9dd763913e5703c	document.zh_hans.zhangdeweb_2024_001	language.expression.zh_hans.sha256_b62d8d496dd04eccbd404316c667d015c404d48a443d47d18ab32c673c695c07	静置有酒香	git:dc5d02885c599df207f6bbd8c2bbc4009a4303e8:2025/03/06/coffee/index.html#L369-L401#sensory-occurrence-001-113ebe9bfcad	"{""admission"":""source-reviewed-observed-zh-hans"",""normalization"":""NFKC-whitespace-v1""}"
language.occurrence.zh_hans.sha256_1426699c8524a8bc19d6aacd746722c931aab4a414780f3a659c7574cf1fb4f8	document.zh_hans.zhangdeweb_2024_001	language.expression.zh_hans.sha256_b91d924593e7a083366eb013e8e3cf2fd76cde66734b9aa87aa59ab898c1453d	果香	git:dc5d02885c599df207f6bbd8c2bbc4009a4303e8:2025/03/06/coffee/index.html#L369-L401#sensory-occurrence-001-1426699c8524	"{""admission"":""source-reviewed-observed-zh-hans"",""normalization"":""NFKC-whitespace-v1""}"
language.occurrence.zh_hans.sha256_f00efd46286cb2952a2cb8e905fb6bb6ae06b736d6d04eaf6af2b34e2a8a70a6	document.zh_hans.zhangdeweb_2024_001	language.expression.zh_hans.sha256_8fd4640db29242232f292f790bdf53410655e09a486664d63fd3bb09367ec339	木桶味道	git:dc5d02885c599df207f6bbd8c2bbc4009a4303e8:2025/03/06/coffee/index.html#L369-L401#sensory-occurrence-001-f00efd46286c	"{""admission"":""source-reviewed-observed-zh-hans"",""normalization"":""NFKC-whitespace-v1""}"
language.occurrence.zh_hans.sha256_9be25c27eafe5b2788ebf7580ecff16fbfdf1f50d0079ea9b9b1a6838bfe9de4	document.zh_hans.zhangdeweb_2024_001	language.expression.zh_hans.sha256_e64abf4acbcdfd42ebe3a532bb747b1a1aea34987cc0160503e4994090e7a5e7	轻度而不令人厌恶的发酵酸味	git:dc5d02885c599df207f6bbd8c2bbc4009a4303e8:2025/03/06/coffee/index.html#L369-L401#sensory-occurrence-001-9be25c27eafe	"{""admission"":""source-reviewed-observed-zh-hans"",""normalization"":""NFKC-whitespace-v1""}"
language.occurrence.zh_hans.sha256_3c8a489cd4e4565c7ff5374a82796a8a30b823715abf52a387a33d42844e9a4a	document.zh_hans.zhangdeweb_2024_001	language.expression.zh_hans.sha256_a4485a3721507e6ab0888b7851e58dd2fc5e12a4d932045e516af4477a23cab8	口感入口甜	git:dc5d02885c599df207f6bbd8c2bbc4009a4303e8:2025/03/06/coffee/index.html#L369-L401#sensory-occurrence-001-3c8a489cd4e4	"{""admission"":""source-reviewed-observed-zh-hans"",""normalization"":""NFKC-whitespace-v1""}"
language.occurrence.zh_hans.sha256_8e3d555bdb091906caa52d62056e3fdd6461e3bbaec9ec076b3ac510393ad94c	document.zh_hans.zhangdeweb_2024_001	language.expression.zh_hans.sha256_bab44e4e36119dfaf851add1e1f7c8c7d264f2155fc34420c2128cd4ea20f7e9	酸	git:dc5d02885c599df207f6bbd8c2bbc4009a4303e8:2025/03/06/coffee/index.html#L369-L401#sensory-occurrence-001-8e3d555bdb09	"{""admission"":""source-reviewed-observed-zh-hans"",""normalization"":""NFKC-whitespace-v1""}"
language.occurrence.zh_hans.sha256_92bc3428307b721d28a3341b1f6f6820597aac7688b1809472c82c85a4688ded	document.zh_hans.zhangdeweb_2024_001	language.expression.zh_hans.sha256_bab2a125d34ec596d257321eb047f8a7be3d74ded8bb8ef97558478711951a18	苦	git:dc5d02885c599df207f6bbd8c2bbc4009a4303e8:2025/03/06/coffee/index.html#L369-L401#sensory-occurrence-001-92bc3428307b	"{""admission"":""source-reviewed-observed-zh-hans"",""normalization"":""NFKC-whitespace-v1""}"
language.occurrence.zh_hans.sha256_24ecbce3e83a2c94dd6f4dc25cf1a4c30e43c6dd39e1ef584a54b315264eb58d	document.zh_hans.zhangdeweb_2024_001	language.expression.zh_hans.sha256_a7a6d0cd44bdb1f6bcdae84a5c4e6c1d7fef7f787f0fdbab3bfb6f66053c677c	湿木头般的中药感受	git:dc5d02885c599df207f6bbd8c2bbc4009a4303e8:2025/03/06/coffee/index.html#L369-L401#sensory-occurrence-001-24ecbce3e83a	"{""admission"":""source-reviewed-observed-zh-hans"",""normalization"":""NFKC-whitespace-v1""}"
language.occurrence.zh_hans.sha256_798e11763012a9b724b8bc76ee9eecc9559f240c84d0061a1b3c7022bf7ede4f	document.zh_hans.zhangdeweb_2024_001	language.expression.zh_hans.sha256_6afe29fd2c8ed988c3b64cba3748f212a63eac2dca1deb0fadd8f79f652cf38c	木桶果酒等其他香气	git:dc5d02885c599df207f6bbd8c2bbc4009a4303e8:2025/03/06/coffee/index.html#L369-L401#sensory-occurrence-001-798e11763012	"{""admission"":""source-reviewed-observed-zh-hans"",""normalization"":""NFKC-whitespace-v1""}"
language.occurrence.zh_hans.sha256_4e0f04f887268669bbf9cbdda48cbb3644b359d46d4ff3f6f489bb41fe6e206b	document.zh_hans.zhangdeweb_2024_001	language.expression.zh_hans.sha256_b1524b57e5cee768f63966a5bdbe6bf1c66273c764cf34e08d1b9644d617539f	余韵长且令人愉悦	git:dc5d02885c599df207f6bbd8c2bbc4009a4303e8:2025/03/06/coffee/index.html#L369-L401#sensory-occurrence-001-4e0f04f88726	"{""admission"":""source-reviewed-observed-zh-hans"",""normalization"":""NFKC-whitespace-v1""}"
language.occurrence.zh_hans.sha256_e393df8484d43462fea1b47a50a5d11727a1c8d5d8ded4a9a8a30202f51e1839	document.zh_hans.zhangdeweb_2024_001	language.expression.zh_hans.sha256_59dff4722de45651d3c70da433bf683e88bfbf913910f1999853b4ee261a6559	甜感提升	git:dc5d02885c599df207f6bbd8c2bbc4009a4303e8:2025/03/06/coffee/index.html#L369-L401#sensory-occurrence-001-e393df8484d4	"{""admission"":""source-reviewed-observed-zh-hans"",""normalization"":""NFKC-whitespace-v1""}"
language.occurrence.zh_hans.sha256_0b6e21cebfb9b4c6b0813ce0b55ee103942991bf99de746cdd306b28b44c946f	document.zh_hans.zhangdeweb_2024_001	language.expression.zh_hans.sha256_333e87eae0d9caae5ca46065e31e16c67c7f484d63a9888d87e5fb10c34dde93	酸感下降	git:dc5d02885c599df207f6bbd8c2bbc4009a4303e8:2025/03/06/coffee/index.html#L369-L401#sensory-occurrence-001-0b6e21cebfb9	"{""admission"":""source-reviewed-observed-zh-hans"",""normalization"":""NFKC-whitespace-v1""}"
language.occurrence.zh_hans.sha256_b3cc6cb356b15ee8619f4bbcfc92a955bb1d251cf78b636c90f9780008096248	document.zh_hans.zhangdeweb_2024_001	language.expression.zh_hans.sha256_74200b57819ded0f2650e7e9ba9bc8afc64a28019fd8b6b344c977cf70802213	味道更有层次	git:dc5d02885c599df207f6bbd8c2bbc4009a4303e8:2025/03/06/coffee/index.html#L369-L401#sensory-occurrence-001-b3cc6cb356b1	"{""admission"":""source-reviewed-observed-zh-hans"",""normalization"":""NFKC-whitespace-v1""}"
language.occurrence.zh_hans.sha256_cc44cc330d1ad29e9b70b9de29e5e84110cf35be13fa591e76796fb254d1ab30	document.zh_hans.zhangdeweb_2024_001	language.expression.zh_hans.sha256_41bcf94e7ad225e27e5339c44c8a7d87b0c03f7594a20556838b32a26a8bec78	煮软烂木头的味道	git:dc5d02885c599df207f6bbd8c2bbc4009a4303e8:2025/03/06/coffee/index.html#L369-L401#sensory-occurrence-001-cc44cc330d1a	"{""admission"":""source-reviewed-observed-zh-hans"",""normalization"":""NFKC-whitespace-v1""}"
language.occurrence.zh_hans.sha256_48baa7785ba3b591232a4a94e3026a5ca0fd5159fc6c4fa7d13d15107af283b1	document.zh_hans.zhangdeweb_2024_001	language.expression.zh_hans.sha256_fb8afb260cd89cfec6f95a5fedf5309c693d5bbcb2c35171a5d0c4382c39cc41	浸泡紧实木头的味道	git:dc5d02885c599df207f6bbd8c2bbc4009a4303e8:2025/03/06/coffee/index.html#L369-L401#sensory-occurrence-001-48baa7785ba3	"{""admission"":""source-reviewed-observed-zh-hans"",""normalization"":""NFKC-whitespace-v1""}"
language.occurrence.zh_hans.sha256_beddad1e8b0019d61cdc36a45617b0f42bdf98479a0b303ab123b04eb1bd0a9c	document.zh_hans.zhangdeweb_2024_001	language.expression.zh_hans.sha256_c0c6f9db11728282bded5400733ff95957ec81087b2a54e8a605d5e2c223d115	果、酒香气突出	git:dc5d02885c599df207f6bbd8c2bbc4009a4303e8:2025/03/06/coffee/index.html#L369-L401#sensory-occurrence-001-beddad1e8b00	"{""admission"":""source-reviewed-observed-zh-hans"",""normalization"":""NFKC-whitespace-v1""}"
language.occurrence.zh_hans.sha256_2231a5969b3c5efc9be60d51614b319920763a93dae989668085159cb02c1fc2	document.zh_hans.zhangdeweb_2024_001	language.expression.zh_hans.sha256_c5ee2de4fef859863af7786d572d3587cf7f00d387421a8f34221e13b865c57e	醇感和甜感明显	git:dc5d02885c599df207f6bbd8c2bbc4009a4303e8:2025/03/06/coffee/index.html#L369-L401#sensory-occurrence-001-2231a5969b3c	"{""admission"":""source-reviewed-observed-zh-hans"",""normalization"":""NFKC-whitespace-v1""}"
language.occurrence.zh_hans.sha256_efdf990032ee67e511b59715845a10f9c807ae18a6f831aa219fe6c4234b83c2	document.zh_hans.zhangdeweb_2024_001	language.expression.zh_hans.sha256_914bf68e42471c1af86f2d805d2263ca55a2b45f3c3de1ff509c6173649839a2	奶糖风味	git:dc5d02885c599df207f6bbd8c2bbc4009a4303e8:2025/03/06/coffee/index.html#L369-L401#sensory-occurrence-001-efdf990032ee	"{""admission"":""source-reviewed-observed-zh-hans"",""normalization"":""NFKC-whitespace-v1""}"
language.occurrence.zh_hans.sha256_a0d4bda97b5c7e14b3d526647be3cdf6cc70f1707d88831b1248de48721a356c	document.zh_hans.zhangdeweb_2024_001	language.expression.zh_hans.sha256_e7db3e440568710178a872b0d8696d8c46f6225d7af2a0ed6a5917642c486116	余韵缩短	git:dc5d02885c599df207f6bbd8c2bbc4009a4303e8:2025/03/06/coffee/index.html#L369-L401#sensory-occurrence-001-a0d4bda97b5c	"{""admission"":""source-reviewed-observed-zh-hans"",""normalization"":""NFKC-whitespace-v1""}"
language.occurrence.zh_hans.sha256_e2ee0173d72c74635b57d8a182c6714932d0f571ad715ebedfbcba124388faf6	document.zh_hans.zhangdeweb_2024_001	language.expression.zh_hans.sha256_13f196259e703ba3dd35523f593016e93df3cfcdbaf0bb6089e5df49e590ba20	一定的中药感	git:dc5d02885c599df207f6bbd8c2bbc4009a4303e8:2025/03/06/coffee/index.html#L369-L401#sensory-occurrence-001-e2ee0173d72c	"{""admission"":""source-reviewed-observed-zh-hans"",""normalization"":""NFKC-whitespace-v1""}"
language.occurrence.zh_hans.sha256_d8dda48166b6759ddee7765064bd42f3cdb23863a0a4ad5f24fcf14a3cce3364	document.zh_hans.zhangdeweb_2024_001	language.expression.zh_hans.sha256_80ce80a67aca3075246f333bad98b6647ac687e7c5b36a4b62bb50d71167e5a8	口感苦涩	git:dc5d02885c599df207f6bbd8c2bbc4009a4303e8:2025/03/06/coffee/index.html#L369-L401#sensory-occurrence-001-d8dda48166b6	"{""admission"":""source-reviewed-observed-zh-hans"",""normalization"":""NFKC-whitespace-v1""}"
language.occurrence.zh_hans.sha256_3adc0892ebb27ef16b0cd29ca084bca151eec78d6afdcee430dcafc96e1b83ac	document.zh_hans.zhangdeweb_2024_001	language.expression.zh_hans.sha256_8438733aaa6a1b5453300ee932bb4d88bdbf0053a9e26f5c0408c26ba3eaab3f	无香气	git:dc5d02885c599df207f6bbd8c2bbc4009a4303e8:2025/03/06/coffee/index.html#L369-L401#sensory-occurrence-001-3adc0892ebb2	"{""admission"":""source-reviewed-observed-zh-hans"",""normalization"":""NFKC-whitespace-v1""}"
language.occurrence.zh_hans.sha256_1393a7be550ce5f209d978a02be94b43630192d0b160d7b81dd935ca2f7fa894	document.zh_hans.zhangdeweb_2024_001	language.expression.zh_hans.sha256_c5353a9a066866143b19eec6846ad160da1af55c528b963032872f004c949408	油脂味道依然较轻	git:dc5d02885c599df207f6bbd8c2bbc4009a4303e8:2025/03/06/coffee/index.html#L369-L401#sensory-occurrence-001-1393a7be550c	"{""admission"":""source-reviewed-observed-zh-hans"",""normalization"":""NFKC-whitespace-v1""}"
language.occurrence.zh_hans.sha256_862c90b515e3721b83aa4d4a68108fedb25a83cad3dc2376d8a4e7d4d64eebd7	document.zh_hans.zhangdeweb_2024_001	language.expression.zh_hans.sha256_fdf6c7453255f4849b1c1838898eb52e34bd7f5f880c1034969b97c22eb167b5	香气略苦涩	git:dc5d02885c599df207f6bbd8c2bbc4009a4303e8:2025/03/06/coffee/index.html#L369-L401#sensory-occurrence-001-862c90b515e3	"{""admission"":""source-reviewed-observed-zh-hans"",""normalization"":""NFKC-whitespace-v1""}"
language.occurrence.zh_hans.sha256_d732375f1fc58a962f094357464b5496ada55cefd85d60199fb140113715d0f8	document.zh_hans.zhangdeweb_2024_001	language.expression.zh_hans.sha256_bd87a69e2fb63a0de0274999fffa8f841807c553dfeb00d24ff16ee6c37a451a	油脂味道中低	git:dc5d02885c599df207f6bbd8c2bbc4009a4303e8:2025/03/06/coffee/index.html#L369-L401#sensory-occurrence-001-d732375f1fc5	"{""admission"":""source-reviewed-observed-zh-hans"",""normalization"":""NFKC-whitespace-v1""}"
language.occurrence.zh_hans.sha256_691300f9bc2f7f19d49d63259101b77ada14fa1d79f9de40c1cac69bbbeada68	document.zh_hans.zhangdeweb_2024_001	language.expression.zh_hans.sha256_b0cf8c47bc060f2476bc0dd5c8c552201783fcdd4b8f72075e6c9ffe30e62b69	轻微酸感	git:dc5d02885c599df207f6bbd8c2bbc4009a4303e8:2025/03/06/coffee/index.html#L369-L401#sensory-occurrence-001-691300f9bc2f	"{""admission"":""source-reviewed-observed-zh-hans"",""normalization"":""NFKC-whitespace-v1""}"
language.occurrence.zh_hans.sha256_cc24fd8f48c8ef0068acfe65dafaad3777e522f486afeefdb7e1d9aed4078707	document.zh_hans.zhangdeweb_2024_001	language.expression.zh_hans.sha256_8ed5a0ff4ffded79be3230c2dcc46196ac23d1a281f8e43836508662a2c85705	干燥的草本植物的感受	git:dc5d02885c599df207f6bbd8c2bbc4009a4303e8:2025/03/06/coffee/index.html#L369-L401#sensory-occurrence-001-cc24fd8f48c8	"{""admission"":""source-reviewed-observed-zh-hans"",""normalization"":""NFKC-whitespace-v1""}"
language.occurrence.zh_hans.sha256_bc11ad85736338e969ed2bbebac8019eb38678cbcf5f119a92134232911ce231	document.zh_hans.zhangdeweb_2024_001	language.expression.zh_hans.sha256_a43b6b11d6733c067483506ef46008627bdacbbe33fde4d60a78c695427c2749	香气酸感低	git:dc5d02885c599df207f6bbd8c2bbc4009a4303e8:2025/03/06/coffee/index.html#L369-L401#sensory-occurrence-001-bc11ad857363	"{""admission"":""source-reviewed-observed-zh-hans"",""normalization"":""NFKC-whitespace-v1""}"
language.occurrence.zh_hans.sha256_d31c8cea2f1a2766d293c4d50e2bbd5992380de92f76644961a23069d9e962b0	document.zh_hans.zhangdeweb_2024_001	language.expression.zh_hans.sha256_522286a5fb95cfd3c16a4c3a90e504e30288667f1af69c74ba93cc30982f5f51	醇感加	git:dc5d02885c599df207f6bbd8c2bbc4009a4303e8:2025/03/06/coffee/index.html#L369-L401#sensory-occurrence-001-d31c8cea2f1a	"{""admission"":""source-reviewed-observed-zh-hans"",""normalization"":""NFKC-whitespace-v1""}"
language.occurrence.zh_hans.sha256_0795e2dfcc7342c97f11b40cd85cfc1ee3b20c4264c7db9e7cfb6b362893e7fd	document.zh_hans.zhangdeweb_2024_001	language.expression.zh_hans.sha256_8eef361047cb22ae11f39335ed72597b4117473001740afdc24eefbf7130527c	有花香	git:dc5d02885c599df207f6bbd8c2bbc4009a4303e8:2025/03/06/coffee/index.html#L369-L401#sensory-occurrence-001-0795e2dfcc73	"{""admission"":""source-reviewed-observed-zh-hans"",""normalization"":""NFKC-whitespace-v1""}"
language.occurrence.zh_hans.sha256_b4fae0649791c700f0bd57c5f95df3088d2696774fab493ce3f7422c8840c20c	document.zh_hans.zhangdeweb_2024_001	language.expression.zh_hans.sha256_3790a4cf3bf2096221ddc686ef8578ea94e1d6978c43954c1cbe78caf73d4f42	香气酸感减轻	git:dc5d02885c599df207f6bbd8c2bbc4009a4303e8:2025/03/06/coffee/index.html#L369-L401#sensory-occurrence-001-b4fae0649791	"{""admission"":""source-reviewed-observed-zh-hans"",""normalization"":""NFKC-whitespace-v1""}"
language.occurrence.zh_hans.sha256_c4a7d3f6b86a9ca588b7e0add56f0dd092876834210e600e2a4bc0c559a01fba	document.zh_hans.zhangdeweb_2024_001	language.expression.zh_hans.sha256_f8306e693d8006a2024f2ecc9c32938444563944924b717a6d2b3cab3c17b301	苦涩感略增加	git:dc5d02885c599df207f6bbd8c2bbc4009a4303e8:2025/03/06/coffee/index.html#L369-L401#sensory-occurrence-001-c4a7d3f6b86a	"{""admission"":""source-reviewed-observed-zh-hans"",""normalization"":""NFKC-whitespace-v1""}"
language.occurrence.zh_hans.sha256_37175be9f325e978ca4274b781fbcd8d874b8f87af26a282f58364194e83e96b	document.zh_hans.zhangdeweb_2024_001	language.expression.zh_hans.sha256_73ae2bc8b517447f12c5be6990a9a66a777640bc9abe11dfb498593eb0ab2fec	酸气的位置从第一感受后移至中后部	git:dc5d02885c599df207f6bbd8c2bbc4009a4303e8:2025/03/06/coffee/index.html#L369-L401#sensory-occurrence-001-37175be9f325	"{""admission"":""source-reviewed-observed-zh-hans"",""normalization"":""NFKC-whitespace-v1""}"
language.occurrence.zh_hans.sha256_463d2b861095882a5f29f655c5188a7258baefa8a9d7b6d4ebca9442510c8e54	document.zh_hans.zhangdeweb_2024_001	language.expression.zh_hans.sha256_7a08140cbbacb61f37ca244d801cbcca8d01c5466fa20a45e0114c4f4f41e194	口感甜、酸、苦均衡	git:dc5d02885c599df207f6bbd8c2bbc4009a4303e8:2025/03/06/coffee/index.html#L369-L401#sensory-occurrence-001-463d2b861095	"{""admission"":""source-reviewed-observed-zh-hans"",""normalization"":""NFKC-whitespace-v1""}"
language.occurrence.zh_hans.sha256_10256aa855675aa5e9c3cac952940578c59f55ab0568e57018ae8e3ab00c9b59	document.zh_hans.zhangdeweb_2024_001	language.expression.zh_hans.sha256_9f53a92d50a55bc81db0b3617a7763465d5168fe7344d338ee5bfdba77f9b9f0	苦味路多	git:dc5d02885c599df207f6bbd8c2bbc4009a4303e8:2025/03/06/coffee/index.html#L369-L401#sensory-occurrence-001-10256aa85567	"{""admission"":""source-reviewed-observed-zh-hans"",""normalization"":""NFKC-whitespace-v1""}"
language.occurrence.zh_hans.sha256_940b761e9330a304bef94d1db151b12525c456cc53ea1f692d3b9f269d328198	document.zh_hans.zhangdeweb_2024_001	language.expression.zh_hans.sha256_d254558fbe25efc28af7d00b9fc3f457e6a537705aac90c77236c2337ed452ae	气息无酸	git:dc5d02885c599df207f6bbd8c2bbc4009a4303e8:2025/03/06/coffee/index.html#L369-L401#sensory-occurrence-001-940b761e9330	"{""admission"":""source-reviewed-observed-zh-hans"",""normalization"":""NFKC-whitespace-v1""}"
language.occurrence.zh_hans.sha256_5e0d75d042f9b6045e8d22b981de72f61e466ef9672a5e3a7babee52addff464	document.zh_hans.zhangdeweb_2024_001	language.expression.zh_hans.sha256_aa2d0cdb17b0343596834158f9943605c9511cdeebdcaa0ee6bc03194113ec26	醇感为主	git:dc5d02885c599df207f6bbd8c2bbc4009a4303e8:2025/03/06/coffee/index.html#L369-L401#sensory-occurrence-001-5e0d75d042f9	"{""admission"":""source-reviewed-observed-zh-hans"",""normalization"":""NFKC-whitespace-v1""}"
language.occurrence.zh_hans.sha256_d128f11ddbcd796d71882eb654e94b1a003c211b87bc1528fff03dcd7318dad7	document.zh_hans.zhangdeweb_2024_001	language.expression.zh_hans.sha256_ad85f02adc97a12c2c8306cb4d5b494efcef3f1a3a756f2d535da56e5b584a2c	酸近无	git:dc5d02885c599df207f6bbd8c2bbc4009a4303e8:2025/03/06/coffee/index.html#L369-L401#sensory-occurrence-001-d128f11ddbcd	"{""admission"":""source-reviewed-observed-zh-hans"",""normalization"":""NFKC-whitespace-v1""}"
language.occurrence.zh_hans.sha256_ac9b086ebd98b31dc33514d0474ca03ccfaa5bde976347a697f9905709dab774	document.zh_hans.zhangdeweb_2024_001	language.expression.zh_hans.sha256_75fa57d88929529f396e79f6bc4714ab3d9538370709b5e39550e2a16e905fff	苦涩重	git:dc5d02885c599df207f6bbd8c2bbc4009a4303e8:2025/03/06/coffee/index.html#L369-L401#sensory-occurrence-001-ac9b086ebd98	"{""admission"":""source-reviewed-observed-zh-hans"",""normalization"":""NFKC-whitespace-v1""}"
language.occurrence.zh_hans.sha256_0c8b0482b032c1fcebbbec0edd2599b34b65fde5cda518115813c946b456b6e0	document.zh_hans.zhangdeweb_2024_001	language.expression.zh_hans.sha256_a68353a77580629c192fa37281ab5716c584e35a29231ce296cc3a97a1213131	有些许杏仁感	git:dc5d02885c599df207f6bbd8c2bbc4009a4303e8:2025/03/06/coffee/index.html#L369-L401#sensory-occurrence-001-0c8b0482b032	"{""admission"":""source-reviewed-observed-zh-hans"",""normalization"":""NFKC-whitespace-v1""}"
language.occurrence.zh_hans.sha256_1036b50629c1b4d31ac0f841e44d13710ebe95ffad44dadfb36a6c6ef874fcc9	document.zh_hans.zhangdeweb_2024_001	language.expression.zh_hans.sha256_1540c4cae8466a4908bc2bc8769a6067d39cc566b982a4719e1c7217e0c02055	有黑可可	git:dc5d02885c599df207f6bbd8c2bbc4009a4303e8:2025/03/06/coffee/index.html#L369-L401#sensory-occurrence-001-1036b50629c1	"{""admission"":""source-reviewed-observed-zh-hans"",""normalization"":""NFKC-whitespace-v1""}"
language.occurrence.zh_hans.sha256_37e7161cefca135cabda8f461f921dcd74d184efe60ae61e37f445c80690efef	document.zh_hans.zhangdeweb_2024_001	language.expression.zh_hans.sha256_d96633e15fcc428f022e67236cdc50baa7245d6445ce8a80293956e9e51d8b11	皮革等气息	git:dc5d02885c599df207f6bbd8c2bbc4009a4303e8:2025/03/06/coffee/index.html#L369-L401#sensory-occurrence-001-37e7161cefca	"{""admission"":""source-reviewed-observed-zh-hans"",""normalization"":""NFKC-whitespace-v1""}"
language.occurrence.zh_hans.sha256_15a6959d33db520b17a541781824af42950413bbe9975549ffef360c709797d6	document.zh_hans.zhangdeweb_2024_001	language.expression.zh_hans.sha256_ce8d8e20b267ed6c62971e1cd282457e2c373344be2345167d7939c685167fd5	粉饼很香	git:dc5d02885c599df207f6bbd8c2bbc4009a4303e8:2025/03/06/coffee/index.html#L369-L401#sensory-occurrence-001-15a6959d33db	"{""admission"":""source-reviewed-observed-zh-hans"",""normalization"":""NFKC-whitespace-v1""}"
language.occurrence.zh_hans.sha256_3bb4e01be50001524ed9741602cb29f35279a9c42d1aa33675dd0bf04d2b3a54	document.zh_hans.zhangdeweb_2024_001	language.expression.zh_hans.sha256_3a8c5269c0bc39c3b93cb15027177b021af04d677c4f39aa6d432da119191bd2	苦涩感增重	git:dc5d02885c599df207f6bbd8c2bbc4009a4303e8:2025/03/06/coffee/index.html#L369-L401#sensory-occurrence-001-3bb4e01be500	"{""admission"":""source-reviewed-observed-zh-hans"",""normalization"":""NFKC-whitespace-v1""}"
language.occurrence.zh_hans.sha256_4ef66eea4defd55bdf956175fe44e7a61ea34762b1a1835219d022229ab43ae0	document.zh_hans.zhangdeweb_2024_001	language.expression.zh_hans.sha256_91a6d68016161d87f9593416938aa24c6297903373ba7c0eb137649298a30122	喝的苦而闻着咖啡渣很香	git:dc5d02885c599df207f6bbd8c2bbc4009a4303e8:2025/03/06/coffee/index.html#L369-L401#sensory-occurrence-001-4ef66eea4def	"{""admission"":""source-reviewed-observed-zh-hans"",""normalization"":""NFKC-whitespace-v1""}"
language.occurrence.zh_hans.sha256_334cff0f363df41cf518dc5763d16d5a11d0e5f868a7347de6a838628c808886	document.zh_hans.zhangdeweb_2024_002	language.expression.zh_hans.sha256_81a815d650b4937f36514baf929a9e9da206ed5546cd195b267fadde624d896e	醇厚温和的米浆	git:dc5d02885c599df207f6bbd8c2bbc4009a4303e8:2025/03/06/coffee/index.html#L405-L422#sensory-occurrence-001-334cff0f363d	"{""admission"":""source-reviewed-observed-zh-hans"",""normalization"":""NFKC-whitespace-v1""}"
language.occurrence.zh_hans.sha256_1205c14c84757eaa3c88a42082c664b147939989698534a43507ff6237bd638e	document.zh_hans.zhangdeweb_2024_002	language.expression.zh_hans.sha256_54059ca037b5ab837ae99aabade36f00e54f878f6d49fd62ab3b8272395d4d8b	很难有酸感	git:dc5d02885c599df207f6bbd8c2bbc4009a4303e8:2025/03/06/coffee/index.html#L405-L422#sensory-occurrence-001-1205c14c8475	"{""admission"":""source-reviewed-observed-zh-hans"",""normalization"":""NFKC-whitespace-v1""}"
language.occurrence.zh_hans.sha256_f0b4e352a5cd68723b6e0f27285b4b6730a88c04bd243a980302622243574189	document.zh_hans.zhangdeweb_2024_002	language.expression.zh_hans.sha256_e5c66e2f82480231d93e9f217b5812d42caa419b85037ab71985f5bf5913ce83	醇香而不苦涩	git:dc5d02885c599df207f6bbd8c2bbc4009a4303e8:2025/03/06/coffee/index.html#L405-L422#sensory-occurrence-001-f0b4e352a5cd	"{""admission"":""source-reviewed-observed-zh-hans"",""normalization"":""NFKC-whitespace-v1""}"
language.occurrence.zh_hans.sha256_dc4eb0707f175f1fc2b075e82532250bfec3a0811fa73866317802625cb88b7c	document.zh_hans.zhangdeweb_2024_002	language.expression.zh_hans.sha256_ef43d62938b32f4b4f5349c8e1222ee9d229f4578fc84ac7240edbefb4207a7f	醇感	git:dc5d02885c599df207f6bbd8c2bbc4009a4303e8:2025/03/06/coffee/index.html#L405-L422#sensory-occurrence-001-dc4eb0707f17	"{""admission"":""source-reviewed-observed-zh-hans"",""normalization"":""NFKC-whitespace-v1""}"
language.occurrence.zh_hans.sha256_57ec396a94be063c9601d42db0a168be27654a79005e5f292e28daac29020274	document.zh_hans.zhangdeweb_2024_002	language.expression.zh_hans.sha256_45f30a5498dcd7b353f93db6a2f6b12eebadf27e843cf185d846d799a32a337a	一些花香	git:dc5d02885c599df207f6bbd8c2bbc4009a4303e8:2025/03/06/coffee/index.html#L405-L422#sensory-occurrence-001-57ec396a94be	"{""admission"":""source-reviewed-observed-zh-hans"",""normalization"":""NFKC-whitespace-v1""}"
language.occurrence.zh_hans.sha256_c3ad1bfca23d1331dee448ddf27ee0a142543b85e4326ec1c0b42211a47912d5	document.zh_hans.zhangdeweb_2024_002	language.expression.zh_hans.sha256_ef5af2c66d47e96a6acf6dceb4fc9a97ddc24137ec25132a2c5d06fe1a813f42	一点烟熏感	git:dc5d02885c599df207f6bbd8c2bbc4009a4303e8:2025/03/06/coffee/index.html#L405-L422#sensory-occurrence-001-c3ad1bfca23d	"{""admission"":""source-reviewed-observed-zh-hans"",""normalization"":""NFKC-whitespace-v1""}"
language.occurrence.zh_hans.sha256_fd398320a4b1c6deabcc467f04ec5a41cd33d512ece3c935dcb2cbd28d6d3640	document.zh_hans.zhangdeweb_2024_002	language.expression.zh_hans.sha256_5728961ac31abbcb06ee955489bd9b78ee9b14cdca3ed3c970a39c0bc624b00a	有一点点像放了一些香料后的炸鸡	git:dc5d02885c599df207f6bbd8c2bbc4009a4303e8:2025/03/06/coffee/index.html#L405-L422#sensory-occurrence-001-fd398320a4b1	"{""admission"":""source-reviewed-observed-zh-hans"",""normalization"":""NFKC-whitespace-v1""}"
language.occurrence.zh_hans.sha256_d6316ba9ac64660275f5eababcc7fa9d5b85c19bf8fd9a55755ef08cc823a6bd	document.zh_hans.zhangdeweb_2024_002	language.expression.zh_hans.sha256_4a649644707e2f7d23f410fdbdc4fcdf0e3fb9ad970814862f946ab8eedb4cbb	香感大体同上	git:dc5d02885c599df207f6bbd8c2bbc4009a4303e8:2025/03/06/coffee/index.html#L405-L422#sensory-occurrence-001-d6316ba9ac64	"{""admission"":""source-reviewed-observed-zh-hans"",""normalization"":""NFKC-whitespace-v1""}"
language.occurrence.zh_hans.sha256_5a2029dea55be75f0bb0265e3c6cb79ab4ffa0dd91f2334388a1b26dfd707f9d	document.zh_hans.zhangdeweb_2024_002	language.expression.zh_hans.sha256_21bfddf61e75aa89ac8e8bd7a1d6b7b793b2115f4b51b24b18e3a6fef0c6850f	油脂味道略重	git:dc5d02885c599df207f6bbd8c2bbc4009a4303e8:2025/03/06/coffee/index.html#L405-L422#sensory-occurrence-001-5a2029dea55b	"{""admission"":""source-reviewed-observed-zh-hans"",""normalization"":""NFKC-whitespace-v1""}"
language.occurrence.zh_hans.sha256_73f33528473f7c6a751516f2d3bea0a2a45b2e499234d22b693ccc7fd9a7fdd5	document.zh_hans.zhangdeweb_2024_002	language.expression.zh_hans.sha256_6c6284ef81b6bff76f700b407fd7e6eb4bc3ac3b0b97b6ebb6ac14d1f4b099c0	少量短暂的油脂味	git:dc5d02885c599df207f6bbd8c2bbc4009a4303e8:2025/03/06/coffee/index.html#L405-L422#sensory-occurrence-001-73f33528473f	"{""admission"":""source-reviewed-observed-zh-hans"",""normalization"":""NFKC-whitespace-v1""}"
language.occurrence.zh_hans.sha256_5a9730cf06ceaa62f198e0d812653227176b48f4879e5b30e6586b474386473e	document.zh_hans.zhangdeweb_2024_002	language.expression.zh_hans.sha256_e170775675b4ccfba4d79c2e6f15a54929a19e6efb995d04a853af4abfde86ec	入口略酸	git:dc5d02885c599df207f6bbd8c2bbc4009a4303e8:2025/03/06/coffee/index.html#L405-L422#sensory-occurrence-001-5a9730cf06ce	"{""admission"":""source-reviewed-observed-zh-hans"",""normalization"":""NFKC-whitespace-v1""}"
language.occurrence.zh_hans.sha256_45cd3208af84358787c26170b2f20a30aae5fdbea5ae10a4c4b3197f4eba9c68	document.zh_hans.zhangdeweb_2024_002	language.expression.zh_hans.sha256_6ecd4f3dfb142db0d7d54c58ac0d894a8686ea139338bc7ecdf7e509b58867c3	苦涩少	git:dc5d02885c599df207f6bbd8c2bbc4009a4303e8:2025/03/06/coffee/index.html#L405-L422#sensory-occurrence-001-45cd3208af84	"{""admission"":""source-reviewed-observed-zh-hans"",""normalization"":""NFKC-whitespace-v1""}"
language.occurrence.zh_hans.sha256_7ca4172a8b4505955329081fb38ffa096ffc9c0ccbaa8d8f8abe2e28cd58265a	document.zh_hans.zhangdeweb_2024_002	language.expression.zh_hans.sha256_e0a47a69cea9cfacb41faa044f5dd3b693174d577b5b5612449aad10a3769161	香气少	git:dc5d02885c599df207f6bbd8c2bbc4009a4303e8:2025/03/06/coffee/index.html#L405-L422#sensory-occurrence-001-7ca4172a8b45	"{""admission"":""source-reviewed-observed-zh-hans"",""normalization"":""NFKC-whitespace-v1""}"
language.occurrence.zh_hans.sha256_4e03dc817b49edae8bcf88768683244d8be8f2700a8df18efa1347c4cb188d6f	document.zh_hans.zhangdeweb_2024_002	language.expression.zh_hans.sha256_38331ca0cf23314f197a87f8a4176ff0c116849a2a8ac6caae9c36db73cbf804	口感顺滑	git:dc5d02885c599df207f6bbd8c2bbc4009a4303e8:2025/03/06/coffee/index.html#L405-L422#sensory-occurrence-001-4e03dc817b49	"{""admission"":""source-reviewed-observed-zh-hans"",""normalization"":""NFKC-whitespace-v1""}"
language.occurrence.zh_hans.sha256_2d781fe663ea3315a073c2a0fbb9bfcc10a0b1ac13b9a7aff5a9423832ec0da0	document.zh_hans.zhangdeweb_2024_002	language.expression.zh_hans.sha256_8349e9f6da591efb749466b31ebb512bb5bd41cf2bbac3bc481eec7c482759d8	略有酸	git:dc5d02885c599df207f6bbd8c2bbc4009a4303e8:2025/03/06/coffee/index.html#L405-L422#sensory-occurrence-001-2d781fe663ea	"{""admission"":""source-reviewed-observed-zh-hans"",""normalization"":""NFKC-whitespace-v1""}"
language.occurrence.zh_hans.sha256_28528326fe591291c4c4004b2e172dd08abecf9e18ed5b7f8444ea605cc33ca2	document.zh_hans.zhangdeweb_2024_002	language.expression.zh_hans.sha256_2dee21c5c95a336870599012d4b4c19fbd79659f38502df64bddd710a8d204ef	香气以醇为主	git:dc5d02885c599df207f6bbd8c2bbc4009a4303e8:2025/03/06/coffee/index.html#L405-L422#sensory-occurrence-001-28528326fe59	"{""admission"":""source-reviewed-observed-zh-hans"",""normalization"":""NFKC-whitespace-v1""}"
language.occurrence.zh_hans.sha256_d2133b5c3e31db7d88b1508b8d69d1c6ea7c4a3b33647fc7eac354d3ec18b99f	document.zh_hans.zhangdeweb_2024_002	language.expression.zh_hans.sha256_3e09fec3ab8e2594c2d8c13d75b8efa8e2d7ea881fdcbf463fe9fc236700f325	有些许坚果、可可味道	git:dc5d02885c599df207f6bbd8c2bbc4009a4303e8:2025/03/06/coffee/index.html#L405-L422#sensory-occurrence-001-d2133b5c3e31	"{""admission"":""source-reviewed-observed-zh-hans"",""normalization"":""NFKC-whitespace-v1""}"
language.occurrence.zh_hans.sha256_ed9538913b55b444af577ff082d5b3987f76efceefd6173228ae9cb395b093e4	document.zh_hans.zhangdeweb_2024_002	language.expression.zh_hans.sha256_f1d65daeb7c7bdd0747886f36117c67a5b992afa8386b3b2e0ed932d6ddda0ef	一种米浆的感受	git:dc5d02885c599df207f6bbd8c2bbc4009a4303e8:2025/03/06/coffee/index.html#L405-L422#sensory-occurrence-001-ed9538913b55	"{""admission"":""source-reviewed-observed-zh-hans"",""normalization"":""NFKC-whitespace-v1""}"
language.occurrence.zh_hans.sha256_4ee40590f018a6b725c90a5c135db32c5c18d2a1715119eee0128055769a610c	document.zh_hans.zhangdeweb_2024_002	language.expression.zh_hans.sha256_9e19a578f9f4198bd8c3f5e7867ffebac018a92adaf67c9d335e7a8498191092	没有任何刺激性的感受	git:dc5d02885c599df207f6bbd8c2bbc4009a4303e8:2025/03/06/coffee/index.html#L405-L422#sensory-occurrence-001-4ee40590f018	"{""admission"":""source-reviewed-observed-zh-hans"",""normalization"":""NFKC-whitespace-v1""}"
language.occurrence.zh_hans.sha256_a360cccb7567bc5e960e2526b3260d8df6b0d18d14e20184d75285dcf54e0c87	document.zh_hans.zhangdeweb_2024_002	language.expression.zh_hans.sha256_b31caa639f0f6f3218711fc8a84516ff9e274dcfb0b08cfd0aaa1315d79f8126	温和	git:dc5d02885c599df207f6bbd8c2bbc4009a4303e8:2025/03/06/coffee/index.html#L405-L422#sensory-occurrence-001-a360cccb7567	"{""admission"":""source-reviewed-observed-zh-hans"",""normalization"":""NFKC-whitespace-v1""}"
language.occurrence.zh_hans.sha256_9207b962bb7d6a7fe34894747b720c35c8b4b9f443a96c7e85749951415bf72f	document.zh_hans.zhangdeweb_2024_002	language.expression.zh_hans.sha256_cfa84c9ec2d23a419fd2becc99c412b8e65eb23cae3376eb8eb29cb3ad4fb07b	一些“雀巢”感	git:dc5d02885c599df207f6bbd8c2bbc4009a4303e8:2025/03/06/coffee/index.html#L405-L422#sensory-occurrence-001-9207b962bb7d	"{""admission"":""source-reviewed-observed-zh-hans"",""normalization"":""NFKC-whitespace-v1""}"
language.occurrence.zh_hans.sha256_fff38d2dd7ed7289e52b3001c66ff151549f2e474f9d5536a5cc056d6f59261e	document.zh_hans.zhangdeweb_2024_003	language.expression.zh_hans.sha256_73944c34f3ea480f8b34e09344f77056113d9628900ebe4ff974f6f64d6d66e4	葡萄干和炒瓜子的香气	git:dc5d02885c599df207f6bbd8c2bbc4009a4303e8:2025/03/06/coffee/index.html#L435-L452#sensory-occurrence-001-fff38d2dd7ed	"{""admission"":""source-reviewed-observed-zh-hans"",""normalization"":""NFKC-whitespace-v1""}"
language.occurrence.zh_hans.sha256_bb36922d6acf3df8688310a4e31c4010e435058bb79131d795579bef5ff1593c	document.zh_hans.zhangdeweb_2024_003	language.expression.zh_hans.sha256_a520f5c57a2a68316ea5594338b8a7f1ff3f4441202a7d820f2b8355621e7b06	醇感和焦香丰溢	git:dc5d02885c599df207f6bbd8c2bbc4009a4303e8:2025/03/06/coffee/index.html#L435-L452#sensory-occurrence-001-bb36922d6acf	"{""admission"":""source-reviewed-observed-zh-hans"",""normalization"":""NFKC-whitespace-v1""}"
language.occurrence.zh_hans.sha256_b4908cb67e0cce64ab4c1016ca14eaec866c54521ff2b49b1697a4aedb5360fe	document.zh_hans.zhangdeweb_2024_003	language.expression.zh_hans.sha256_0c3ce15ca9716b85b6f7900ab0d2b46a135ff5cf084b51d7bde6b2cc2089bf9e	酸感轻	git:dc5d02885c599df207f6bbd8c2bbc4009a4303e8:2025/03/06/coffee/index.html#L435-L452#sensory-occurrence-001-b4908cb67e0c	"{""admission"":""source-reviewed-observed-zh-hans"",""normalization"":""NFKC-whitespace-v1""}"
language.occurrence.zh_hans.sha256_bc335723eceff83f4a6b3a76a5638051cad85956dd5f29b65a3dc76e33b53158	document.zh_hans.zhangdeweb_2024_003	language.expression.zh_hans.sha256_a51985855d553c57dcbd61d97905d97db05b938b78fe34d58b2dfe0223477d53	坚果、巧克力的香气	git:dc5d02885c599df207f6bbd8c2bbc4009a4303e8:2025/03/06/coffee/index.html#L435-L452#sensory-occurrence-001-bc335723ecef	"{""admission"":""source-reviewed-observed-zh-hans"",""normalization"":""NFKC-whitespace-v1""}"
language.occurrence.zh_hans.sha256_e925cf1942510f06b45fac8b40ea3413d4d0ebe089da8c08f6cdaa9f71922be1	document.zh_hans.zhangdeweb_2024_003	language.expression.zh_hans.sha256_8a0ac1baf436ce113f1cec8481ac2f184af48e334270784eb4050ef4b47f7119	苦感有但轻	git:dc5d02885c599df207f6bbd8c2bbc4009a4303e8:2025/03/06/coffee/index.html#L435-L452#sensory-occurrence-001-e925cf194251	"{""admission"":""source-reviewed-observed-zh-hans"",""normalization"":""NFKC-whitespace-v1""}"
language.occurrence.zh_hans.sha256_7533620ec63c574c9310ebf4c1db246d2b51218a60142f93bdc9c83759cdfc7a	document.zh_hans.zhangdeweb_2024_003	language.expression.zh_hans.sha256_d7f1cfd4b8de8137973c9c834213ba02bacf0a1d61a9b4b1394e2cb4e1259cda	油脂感	git:dc5d02885c599df207f6bbd8c2bbc4009a4303e8:2025/03/06/coffee/index.html#L435-L452#sensory-occurrence-001-7533620ec63c	"{""admission"":""source-reviewed-observed-zh-hans"",""normalization"":""NFKC-whitespace-v1""}"
language.occurrence.zh_hans.sha256_bbba8209479b1f1fafbc53d0caa42ee259b04eba498b8849af993bd58da97424	document.zh_hans.zhangdeweb_2024_003	language.expression.zh_hans.sha256_49eb004d1687a355cfe73e5b98d55e0b07e3f85757201081709de2c39ec1a148	茶感的香和苦涩	git:dc5d02885c599df207f6bbd8c2bbc4009a4303e8:2025/03/06/coffee/index.html#L435-L452#sensory-occurrence-001-bbba8209479b	"{""admission"":""source-reviewed-observed-zh-hans"",""normalization"":""NFKC-whitespace-v1""}"
language.occurrence.zh_hans.sha256_0ff110235dd82d4192dfdfde7a684f7b88fb8b62a92d1776d7bf84f6a57857e8	document.zh_hans.zhangdeweb_2024_003	language.expression.zh_hans.sha256_bff05ed29a6e38e9bff7f4f95f627c85e7e5b490f65924d94d2d1601d3cd3cf5	醇、甜、酸适中	git:dc5d02885c599df207f6bbd8c2bbc4009a4303e8:2025/03/06/coffee/index.html#L435-L452#sensory-occurrence-001-0ff110235dd8	"{""admission"":""source-reviewed-observed-zh-hans"",""normalization"":""NFKC-whitespace-v1""}"
language.occurrence.zh_hans.sha256_c52f6bb190c9272c7c4351e13bb66e4cea9db47235b9e43e13ba9315cdc1686a	document.zh_hans.zhangdeweb_2024_003	language.expression.zh_hans.sha256_52b45c433269be9d078aa51baa9f0174d613e1b4cd7e234e16c222f8b872cac1	焦香	git:dc5d02885c599df207f6bbd8c2bbc4009a4303e8:2025/03/06/coffee/index.html#L435-L452#sensory-occurrence-001-c52f6bb190c9	"{""admission"":""source-reviewed-observed-zh-hans"",""normalization"":""NFKC-whitespace-v1""}"
language.occurrence.zh_hans.sha256_fe793d74069a57c62c3a4c072efea5c7f801a655894dfd6c2c75062ed65a8e54	document.zh_hans.zhangdeweb_2024_003	language.expression.zh_hans.sha256_1bd72c1c6d0f0b6432b3bb3e4f076d38f10169a0f4945496ab92e3f1201d4c6f	果香有，但轻、熟，且靠后	git:dc5d02885c599df207f6bbd8c2bbc4009a4303e8:2025/03/06/coffee/index.html#L435-L452#sensory-occurrence-001-fe793d74069a	"{""admission"":""source-reviewed-observed-zh-hans"",""normalization"":""NFKC-whitespace-v1""}"
language.occurrence.zh_hans.sha256_e9fec4435822396640c7e364a8bf96606667b20b643dcb65696a2b3c5e797af1	document.zh_hans.zhangdeweb_2024_003	language.expression.zh_hans.sha256_01565365cc7b66c47faf76095d37cac2c1f46a8c3f6f6e60fa77a35d00b0189d	奶油	git:dc5d02885c599df207f6bbd8c2bbc4009a4303e8:2025/03/06/coffee/index.html#L435-L452#sensory-occurrence-001-e9fec4435822	"{""admission"":""source-reviewed-observed-zh-hans"",""normalization"":""NFKC-whitespace-v1""}"
language.occurrence.zh_hans.sha256_d1c460dabc17470a86e44a2d8a450d94f070f3f449270a2c4c4f9d49f1cd1791	document.zh_hans.zhangdeweb_2024_003	language.expression.zh_hans.sha256_6da72dae95c4678d6cd95737ea9a4af39ea0692402dc2a006e7e281ce9868edf	炒焦糖瓜子	git:dc5d02885c599df207f6bbd8c2bbc4009a4303e8:2025/03/06/coffee/index.html#L435-L452#sensory-occurrence-001-d1c460dabc17	"{""admission"":""source-reviewed-observed-zh-hans"",""normalization"":""NFKC-whitespace-v1""}"
language.occurrence.zh_hans.sha256_8be9e0261c0f2edad410bd6fb12df9ebab2d6276082d2b04366b867eed0b116b	document.zh_hans.zhangdeweb_2024_003	language.expression.zh_hans.sha256_604bbdf7f1281215f520d49b923ae266dd7cf17fcf4f28759f5b2edb5fbfe23f	水果凤梨的感受	git:dc5d02885c599df207f6bbd8c2bbc4009a4303e8:2025/03/06/coffee/index.html#L435-L452#sensory-occurrence-001-8be9e0261c0f	"{""admission"":""source-reviewed-observed-zh-hans"",""normalization"":""NFKC-whitespace-v1""}"
language.occurrence.zh_hans.sha256_9a502e0ab5ab89ed3ed06beb8826ef740e3a9b7aa6b3ee39708996b397987249	document.zh_hans.zhangdeweb_2024_003	language.expression.zh_hans.sha256_0e681c20c49cb747feeae6cd6a58fb33a5115165ef81b10eb052c047911ef9a1	焦糖	git:dc5d02885c599df207f6bbd8c2bbc4009a4303e8:2025/03/06/coffee/index.html#L435-L452#sensory-occurrence-001-9a502e0ab5ab	"{""admission"":""source-reviewed-observed-zh-hans"",""normalization"":""NFKC-whitespace-v1""}"
language.occurrence.zh_hans.sha256_3d9a09b53e39f2b3a22212a016398c6338f5076b52ec4ce7712d56f678019327	document.zh_hans.zhangdeweb_2024_003	language.expression.zh_hans.sha256_583f34baf7ff52092e06463dcd188c75638e50a762c6a21c5b6e5307ba6ff5fc	坚果	git:dc5d02885c599df207f6bbd8c2bbc4009a4303e8:2025/03/06/coffee/index.html#L435-L452#sensory-occurrence-001-3d9a09b53e39	"{""admission"":""source-reviewed-observed-zh-hans"",""normalization"":""NFKC-whitespace-v1""}"
language.occurrence.zh_hans.sha256_fc0ee0bbf66a6c0a185e6cdd62e0d453f46d17d8572b130f7064cdbaf3a07ea2	document.zh_hans.zhangdeweb_2024_003	language.expression.zh_hans.sha256_dbbc783ce2bed4598ae402a3491f33444fcfebb02896e91ceb4b5f4b84ac1473	葡萄干香气	git:dc5d02885c599df207f6bbd8c2bbc4009a4303e8:2025/03/06/coffee/index.html#L435-L452#sensory-occurrence-001-fc0ee0bbf66a	"{""admission"":""source-reviewed-observed-zh-hans"",""normalization"":""NFKC-whitespace-v1""}"
language.occurrence.zh_hans.sha256_a64a6d2c255741b4df47cd59cf04d9f2a85fabc6d3ad1fe69f09ae259465f027	document.zh_hans.zhangdeweb_2024_003	language.expression.zh_hans.sha256_f03f87b9d31ee514bc45d3e99b92578847cb82e3a2be0623a4c85b7a442287fb	部分烟熏	git:dc5d02885c599df207f6bbd8c2bbc4009a4303e8:2025/03/06/coffee/index.html#L435-L452#sensory-occurrence-001-a64a6d2c2557	"{""admission"":""source-reviewed-observed-zh-hans"",""normalization"":""NFKC-whitespace-v1""}"
language.occurrence.zh_hans.sha256_c1e552d75b2b6840957b34ef7619a19a35ce8d69893100efff5f018fd70a04c2	document.zh_hans.zhangdeweb_2024_003	language.expression.zh_hans.sha256_0c6d93e93dea0ee96c4c0e320c81a197ac0d3f47148045ce936d21b60a1377fb	焦糊感	git:dc5d02885c599df207f6bbd8c2bbc4009a4303e8:2025/03/06/coffee/index.html#L435-L452#sensory-occurrence-001-c1e552d75b2b	"{""admission"":""source-reviewed-observed-zh-hans"",""normalization"":""NFKC-whitespace-v1""}"
language.occurrence.zh_hans.sha256_15aac0f1f7b67ade45227256daf60e721175073de327ab6e03b6c993e04ead6b	document.zh_hans.zhangdeweb_2024_003	language.expression.zh_hans.sha256_823b1d3f27f67f743f3712e7ec00c9d14b6e73796d1a00485fb6835e2dd66a30	从头到尾的强烈苦	git:dc5d02885c599df207f6bbd8c2bbc4009a4303e8:2025/03/06/coffee/index.html#L435-L452#sensory-occurrence-001-15aac0f1f7b6	"{""admission"":""source-reviewed-observed-zh-hans"",""normalization"":""NFKC-whitespace-v1""}"
language.occurrence.zh_hans.sha256_4a777b374457ccafdd00f1f54995cc08d73126bf6bcd32af77dd288f24a242a1	document.zh_hans.zhangdeweb_2024_003	language.expression.zh_hans.sha256_4bd80da035e92592faab61ff50b2c110137371024b7d60b62025b882bee076d5	没有什么清香	git:dc5d02885c599df207f6bbd8c2bbc4009a4303e8:2025/03/06/coffee/index.html#L435-L452#sensory-occurrence-001-4a777b374457	"{""admission"":""source-reviewed-observed-zh-hans"",""normalization"":""NFKC-whitespace-v1""}"
language.occurrence.zh_hans.sha256_2cc4e3310670bd5b007b9a5707dcb85e98714d6a421b8264376b4bc5e08aa5a8	document.zh_hans.zhangdeweb_2024_003	language.expression.zh_hans.sha256_af441569fde902c737228d9a7e35a7b093749c123f619e603d9de6ac9889067e	苦感仍在	git:dc5d02885c599df207f6bbd8c2bbc4009a4303e8:2025/03/06/coffee/index.html#L435-L452#sensory-occurrence-001-2cc4e3310670	"{""admission"":""source-reviewed-observed-zh-hans"",""normalization"":""NFKC-whitespace-v1""}"
language.occurrence.zh_hans.sha256_cb8dc4bdf4fe349e2648ca0a3f90dcb1a947f20233d10a64491cc996fd1ad6c6	document.zh_hans.zhangdeweb_2024_004	language.expression.zh_hans.sha256_9cd0d282691c3b03316312221f0301095e21a7ead33eb4e11c28ec331621f67f	香气浓郁香甜	git:dc5d02885c599df207f6bbd8c2bbc4009a4303e8:2025/03/06/coffee/index.html#L460-L501#sensory-occurrence-001-cb8dc4bdf4fe	"{""admission"":""source-reviewed-observed-zh-hans"",""normalization"":""NFKC-whitespace-v1""}"
language.occurrence.zh_hans.sha256_2834855cb9b4da550d50a1a5ae74b26a32aa623a93e982370a90a46be8dd599e	document.zh_hans.zhangdeweb_2024_004	language.expression.zh_hans.sha256_cd53b99f9cef2c2e9b6677e075fad6cc7391b1981cff72a9cf2eb43c54fbe76f	太妃糖感受令人愉悦	git:dc5d02885c599df207f6bbd8c2bbc4009a4303e8:2025/03/06/coffee/index.html#L460-L501#sensory-occurrence-001-2834855cb9b4	"{""admission"":""source-reviewed-observed-zh-hans"",""normalization"":""NFKC-whitespace-v1""}"
language.occurrence.zh_hans.sha256_e3f042e0c0374670d01d18bc4866e34f9a8638322ba289e78c338df59c61e983	document.zh_hans.zhangdeweb_2024_004	language.expression.zh_hans.sha256_eaa2a3a9518256b420b8ba04eadab86007b1835e3814d492569e3194c8c71f98	酒香尾韵绵长	git:dc5d02885c599df207f6bbd8c2bbc4009a4303e8:2025/03/06/coffee/index.html#L460-L501#sensory-occurrence-001-e3f042e0c037	"{""admission"":""source-reviewed-observed-zh-hans"",""normalization"":""NFKC-whitespace-v1""}"
language.occurrence.zh_hans.sha256_278149a5996983c3547a2e3cbb6ce941dda56e5d13d16aab3be646fc08a9c56d	document.zh_hans.zhangdeweb_2024_004	language.expression.zh_hans.sha256_38331ca0cf23314f197a87f8a4176ff0c116849a2a8ac6caae9c36db73cbf804	口感顺滑	git:dc5d02885c599df207f6bbd8c2bbc4009a4303e8:2025/03/06/coffee/index.html#L460-L501#sensory-occurrence-001-278149a59969	"{""admission"":""source-reviewed-observed-zh-hans"",""normalization"":""NFKC-whitespace-v1""}"
language.occurrence.zh_hans.sha256_625cd6756bf911658fd18bb8e65c173ff8112aaa725458aa915c93147a69e821	document.zh_hans.zhangdeweb_2024_004	language.expression.zh_hans.sha256_794a1561fff2289bcd2503928abaf73ad7bb02675794e8e1478b4b74ccb38fc6	酸感少	git:dc5d02885c599df207f6bbd8c2bbc4009a4303e8:2025/03/06/coffee/index.html#L460-L501#sensory-occurrence-001-625cd6756bf9	"{""admission"":""source-reviewed-observed-zh-hans"",""normalization"":""NFKC-whitespace-v1""}"
language.occurrence.zh_hans.sha256_e8a05c5deab269e6f2fb79cf208f3711bea59e79196e39c30c9cd922729b0265	document.zh_hans.zhangdeweb_2024_004	language.expression.zh_hans.sha256_e5dadd73802817cbed590336f0b11be253089dd474b0db453164814708fa3d90	苦感无法被压制	git:dc5d02885c599df207f6bbd8c2bbc4009a4303e8:2025/03/06/coffee/index.html#L460-L501#sensory-occurrence-001-e8a05c5deab2	"{""admission"":""source-reviewed-observed-zh-hans"",""normalization"":""NFKC-whitespace-v1""}"
language.occurrence.zh_hans.sha256_c07ffc4f531ff8f9dd6d6090efb7a24f8dced150b1698f6ce84b4e66a4db6743	document.zh_hans.zhangdeweb_2024_004	language.expression.zh_hans.sha256_3a400c07d8cfaeb235aa171af5f4f149c6ec5638ecb7d660a6724faa2d258458	酒香突出	git:dc5d02885c599df207f6bbd8c2bbc4009a4303e8:2025/03/06/coffee/index.html#L460-L501#sensory-occurrence-001-c07ffc4f531f	"{""admission"":""source-reviewed-observed-zh-hans"",""normalization"":""NFKC-whitespace-v1""}"
language.occurrence.zh_hans.sha256_3c59b5f8318af051d59f90b395c3f7c84971ab123b4c8d77b93f1b3472a94e36	document.zh_hans.zhangdeweb_2024_004	language.expression.zh_hans.sha256_7b9831f31a9ea522085a6fec8e5d5a717691c46398838357bee2082695d85d23	甜感明显	git:dc5d02885c599df207f6bbd8c2bbc4009a4303e8:2025/03/06/coffee/index.html#L460-L501#sensory-occurrence-001-3c59b5f8318a	"{""admission"":""source-reviewed-observed-zh-hans"",""normalization"":""NFKC-whitespace-v1""}"
language.occurrence.zh_hans.sha256_eb3cc86597e607eb1510dbee43e1536f7fd5c82c6a3b1d8e630773501949bb92	document.zh_hans.zhangdeweb_2024_004	language.expression.zh_hans.sha256_7f279df3067b90f0d9cff44ea96be2c6b6c2aea74eadaa3505446f18cd92cbeb	香草奶茶	git:dc5d02885c599df207f6bbd8c2bbc4009a4303e8:2025/03/06/coffee/index.html#L460-L501#sensory-occurrence-001-eb3cc86597e6	"{""admission"":""source-reviewed-observed-zh-hans"",""normalization"":""NFKC-whitespace-v1""}"
language.occurrence.zh_hans.sha256_32960e014328d7846088c49591428f33eec83bdd15f9d4b7a6f54fccfcdb244f	document.zh_hans.zhangdeweb_2024_004	language.expression.zh_hans.sha256_45b4902386f57a661844cfbeaa409a0d049d04f743916bf3a444318539738fe3	水果感受	git:dc5d02885c599df207f6bbd8c2bbc4009a4303e8:2025/03/06/coffee/index.html#L460-L501#sensory-occurrence-001-32960e014328	"{""admission"":""source-reviewed-observed-zh-hans"",""normalization"":""NFKC-whitespace-v1""}"
language.occurrence.zh_hans.sha256_2126d02bac97aabbd4083dcb087dc13721f1339bcc86bdee1fbf0685e191a9d0	document.zh_hans.zhangdeweb_2024_004	language.expression.zh_hans.sha256_3beec7781b99e6a2d4d906f5e0440f92b59a85db12e78ad8a29a0c932984b1ab	醇感靠后	git:dc5d02885c599df207f6bbd8c2bbc4009a4303e8:2025/03/06/coffee/index.html#L460-L501#sensory-occurrence-001-2126d02bac97	"{""admission"":""source-reviewed-observed-zh-hans"",""normalization"":""NFKC-whitespace-v1""}"
language.occurrence.zh_hans.sha256_f63992438b82a9c78a4e6f3ee44c726aba3835d39b755f54b8b7507c3ff40216	document.zh_hans.zhangdeweb_2024_004	language.expression.zh_hans.sha256_bfa118d5c081592edfcd98f477066575a4e56cacb3c5f14ab893a662b07970da	巧克力感	git:dc5d02885c599df207f6bbd8c2bbc4009a4303e8:2025/03/06/coffee/index.html#L460-L501#sensory-occurrence-001-f63992438b82	"{""admission"":""source-reviewed-observed-zh-hans"",""normalization"":""NFKC-whitespace-v1""}"
language.occurrence.zh_hans.sha256_d8ab3b6faf627a8f4c53c281d75be6ecc3ae4c33f0ea8b6f513f76b6151d5f24	document.zh_hans.zhangdeweb_2024_004	language.expression.zh_hans.sha256_dd298e367e74b24a893b084a40aa81be9c0f7072f959dbc7a6b17cef0e004f06	酸感弱	git:dc5d02885c599df207f6bbd8c2bbc4009a4303e8:2025/03/06/coffee/index.html#L460-L501#sensory-occurrence-001-d8ab3b6faf62	"{""admission"":""source-reviewed-observed-zh-hans"",""normalization"":""NFKC-whitespace-v1""}"
language.occurrence.zh_hans.sha256_e66011c9c89095fdf8192ce397607e85dcec5611ae96e09d4c061ae8477cc694	document.zh_hans.zhangdeweb_2024_004	language.expression.zh_hans.sha256_b337ef84ec8b3cb5d21c440463c85d533349a3ae1c2569da8dfa728cfe9740f7	苦感无	git:dc5d02885c599df207f6bbd8c2bbc4009a4303e8:2025/03/06/coffee/index.html#L460-L501#sensory-occurrence-001-e66011c9c890	"{""admission"":""source-reviewed-observed-zh-hans"",""normalization"":""NFKC-whitespace-v1""}"
language.occurrence.zh_hans.sha256_70f719dd5df262e9ab671e7b29a522ab3ead29bb1c7102f8d69cb2385b6a5107	document.zh_hans.zhangdeweb_2024_004	language.expression.zh_hans.sha256_583f34baf7ff52092e06463dcd188c75638e50a762c6a21c5b6e5307ba6ff5fc	坚果	git:dc5d02885c599df207f6bbd8c2bbc4009a4303e8:2025/03/06/coffee/index.html#L460-L501#sensory-occurrence-001-70f719dd5df2	"{""admission"":""source-reviewed-observed-zh-hans"",""normalization"":""NFKC-whitespace-v1""}"
language.occurrence.zh_hans.sha256_c01ff07e9c1e5ee74f4126cc3867fedbaa330e83c9ba06f3ce7fe3986dfb100d	document.zh_hans.zhangdeweb_2024_004	language.expression.zh_hans.sha256_f372f2ce79a69a6727a46bfa531d1643926f1018851e7695c22c80e81c290dd0	少部分酸感	git:dc5d02885c599df207f6bbd8c2bbc4009a4303e8:2025/03/06/coffee/index.html#L460-L501#sensory-occurrence-001-c01ff07e9c1e	"{""admission"":""source-reviewed-observed-zh-hans"",""normalization"":""NFKC-whitespace-v1""}"
language.occurrence.zh_hans.sha256_4789f45169e49fbffcc4dc75ee35ccfb8d65abeb4792a363ab12fa1366057f41	document.zh_hans.zhangdeweb_2024_004	language.expression.zh_hans.sha256_ad86f39f7f93c2c8e2b9beee4b80f09dd2aa5365911e34222fdd3e0ca9b29306	浓厚的太妃糖香气	git:dc5d02885c599df207f6bbd8c2bbc4009a4303e8:2025/03/06/coffee/index.html#L460-L501#sensory-occurrence-001-4789f45169e4	"{""admission"":""source-reviewed-observed-zh-hans"",""normalization"":""NFKC-whitespace-v1""}"
language.occurrence.zh_hans.sha256_27b2b6430f16414e7384b1c180ad92cee8887627ddf6ceaacec060812d666ab1	document.zh_hans.zhangdeweb_2024_004	language.expression.zh_hans.sha256_6732e0321334aeaf021016a088c9fcdfca3ae78354d8222786e682479e7c52ac	一点点不令人厌烦的烟熏味道	git:dc5d02885c599df207f6bbd8c2bbc4009a4303e8:2025/03/06/coffee/index.html#L460-L501#sensory-occurrence-001-27b2b6430f16	"{""admission"":""source-reviewed-observed-zh-hans"",""normalization"":""NFKC-whitespace-v1""}"
language.occurrence.zh_hans.sha256_667405290a8cad94a2deb7d70f2d589240e0b6dc4ed622588989c046733a3877	document.zh_hans.zhangdeweb_2024_004	language.expression.zh_hans.sha256_0de778ed5c9468a4833171a7e78528e606e652ea2fd415604098fd7e2c577b92	坚果木质味道	git:dc5d02885c599df207f6bbd8c2bbc4009a4303e8:2025/03/06/coffee/index.html#L460-L501#sensory-occurrence-001-667405290a8c	"{""admission"":""source-reviewed-observed-zh-hans"",""normalization"":""NFKC-whitespace-v1""}"
language.occurrence.zh_hans.sha256_7567cea3cb3ecaac02e396f36a41b043a60c3199ac8a08ef5454e8de9224300e	document.zh_hans.zhangdeweb_2024_004	language.expression.zh_hans.sha256_2034479f94c21c3b7d5cc305267749a61ca0285e7d1eb994ac49ce49a40a5d62	水果、奶油等香气	git:dc5d02885c599df207f6bbd8c2bbc4009a4303e8:2025/03/06/coffee/index.html#L460-L501#sensory-occurrence-001-7567cea3cb3e	"{""admission"":""source-reviewed-observed-zh-hans"",""normalization"":""NFKC-whitespace-v1""}"
language.occurrence.zh_hans.sha256_6b757292c096d7a686c58c5b7bd33c9341ac7343b9d5784a712e083f055e2090	document.zh_hans.zhangdeweb_2024_004	language.expression.zh_hans.sha256_c665d1823b367e088740764fb47ba0fded4fcae2e15857303200a679a6a6bc86	坚果香气明显	git:dc5d02885c599df207f6bbd8c2bbc4009a4303e8:2025/03/06/coffee/index.html#L460-L501#sensory-occurrence-001-6b757292c096	"{""admission"":""source-reviewed-observed-zh-hans"",""normalization"":""NFKC-whitespace-v1""}"
language.occurrence.zh_hans.sha256_aadd9ae45ad499bde8cc6fe4994e51792a5a760654706c2c3fde523fa783cadf	document.zh_hans.zhangdeweb_2024_004	language.expression.zh_hans.sha256_b83e63d3c38e0ff60d5e76aaafc22c879e9f183abcea611177f8cedcdf0ca4b5	奶油、香草等香气	git:dc5d02885c599df207f6bbd8c2bbc4009a4303e8:2025/03/06/coffee/index.html#L460-L501#sensory-occurrence-001-aadd9ae45ad4	"{""admission"":""source-reviewed-observed-zh-hans"",""normalization"":""NFKC-whitespace-v1""}"
language.occurrence.zh_hans.sha256_89227a214cda63d86535aa2f55eb3d4cdc3616d266d6cb1391f823fe5463751b	document.zh_hans.zhangdeweb_2024_004	language.expression.zh_hans.sha256_75486472f25caac97dbdf4c432fa2cb6daac52ab46c45b342c487c081a616519	少部分焦糖	git:dc5d02885c599df207f6bbd8c2bbc4009a4303e8:2025/03/06/coffee/index.html#L460-L501#sensory-occurrence-001-89227a214cda	"{""admission"":""source-reviewed-observed-zh-hans"",""normalization"":""NFKC-whitespace-v1""}"
language.occurrence.zh_hans.sha256_31d6257e75d49cfb5157836396fc555f1f35e812aca627334edf57c6b9f04421	document.zh_hans.zhangdeweb_2024_004	language.expression.zh_hans.sha256_2ed08c7b4f9467de4e77f831df0a00b7cf574216f728cbb59c9ecf350cf42960	烘焙饼干的感受	git:dc5d02885c599df207f6bbd8c2bbc4009a4303e8:2025/03/06/coffee/index.html#L460-L501#sensory-occurrence-001-31d6257e75d4	"{""admission"":""source-reviewed-observed-zh-hans"",""normalization"":""NFKC-whitespace-v1""}"
language.occurrence.zh_hans.sha256_65200d2319b1ccdeb6e9cc6bad4ad8d449add4d732744c31372d73edc6066907	document.zh_hans.zhangdeweb_2024_004	language.expression.zh_hans.sha256_b224a4958daa806e8bed434e97ac7b61da0ff0b2acbadbb9ce40d87a4bd53bd9	木制香调	git:dc5d02885c599df207f6bbd8c2bbc4009a4303e8:2025/03/06/coffee/index.html#L460-L501#sensory-occurrence-001-65200d2319b1	"{""admission"":""source-reviewed-observed-zh-hans"",""normalization"":""NFKC-whitespace-v1""}"
language.occurrence.zh_hans.sha256_c4d0aae41fb87bc8960b2321ee49ddda8f655caf7d0d9279b59fb51f0e0a93de	document.zh_hans.zhangdeweb_2024_004	language.expression.zh_hans.sha256_69d92b3606068c2d038de9da42bdcc2554312c0030d56d225ee35fd2e0c34c21	明显烟熏感	git:dc5d02885c599df207f6bbd8c2bbc4009a4303e8:2025/03/06/coffee/index.html#L460-L501#sensory-occurrence-001-c4d0aae41fb8	"{""admission"":""source-reviewed-observed-zh-hans"",""normalization"":""NFKC-whitespace-v1""}"
language.occurrence.zh_hans.sha256_3216dff618458d67cd139cb99f3e9355e584f3bf3b7d0ebdd40376914bf0b336	document.zh_hans.zhangdeweb_2024_004	language.expression.zh_hans.sha256_619ba0314b3dc8844b780990d5e7bd8249ca491ecd9d221ef349ccc42eb9d22d	苦的感受	git:dc5d02885c599df207f6bbd8c2bbc4009a4303e8:2025/03/06/coffee/index.html#L460-L501#sensory-occurrence-001-3216dff61845	"{""admission"":""source-reviewed-observed-zh-hans"",""normalization"":""NFKC-whitespace-v1""}"
language.occurrence.zh_hans.sha256_f57547a986da7e547840d92eac210bec47ca58f81662d1f18cbbf66cd1b64755	document.zh_hans.zhangdeweb_2024_004	language.expression.zh_hans.sha256_0f65d3833ca9b5d529cdb4a2b178e80f6ddb3698884ef18373cdbc233d9b7c33	甜感、酸感、苦适度	git:dc5d02885c599df207f6bbd8c2bbc4009a4303e8:2025/03/06/coffee/index.html#L460-L501#sensory-occurrence-001-f57547a986da	"{""admission"":""source-reviewed-observed-zh-hans"",""normalization"":""NFKC-whitespace-v1""}"
language.occurrence.zh_hans.sha256_6f579b5c9b73a8eac9269115a1c0179ba570d2481c14b5655f083be3eb3e8285	document.zh_hans.zhangdeweb_2024_004	language.expression.zh_hans.sha256_3d426bc49289a50c602b126844f932ef9322ca7888f9fcd953ab12761d1d85f8	香气明显	git:dc5d02885c599df207f6bbd8c2bbc4009a4303e8:2025/03/06/coffee/index.html#L460-L501#sensory-occurrence-001-6f579b5c9b73	"{""admission"":""source-reviewed-observed-zh-hans"",""normalization"":""NFKC-whitespace-v1""}"
language.occurrence.zh_hans.sha256_c155c1e794b2fdc0400ea98df17fe4fd54bffa1ced63c17ee0c1da36bdea46c2	document.zh_hans.zhangdeweb_2024_004	language.expression.zh_hans.sha256_2311a5c73bd32c2959bbcdaf1e0de28cb7274db3b379988bb8f757eb3e0f0657	回香甘甜	git:dc5d02885c599df207f6bbd8c2bbc4009a4303e8:2025/03/06/coffee/index.html#L460-L501#sensory-occurrence-001-c155c1e794b2	"{""admission"":""source-reviewed-observed-zh-hans"",""normalization"":""NFKC-whitespace-v1""}"
language.occurrence.zh_hans.sha256_606b3403c6d240092ecd02ec887e3aec0a9597f204afa42970463da9107ac2f5	document.zh_hans.zhangdeweb_2024_004	language.expression.zh_hans.sha256_007760a01b8028a221a4260ee0f11330e9d7b7da6f29190557b87bbd71c800c7	余韵长	git:dc5d02885c599df207f6bbd8c2bbc4009a4303e8:2025/03/06/coffee/index.html#L460-L501#sensory-occurrence-001-606b3403c6d2	"{""admission"":""source-reviewed-observed-zh-hans"",""normalization"":""NFKC-whitespace-v1""}"
language.occurrence.zh_hans.sha256_cd27aa7a47baf124a7769b831d33fa3e457642766a0e9518ea79c007be44342d	document.zh_hans.zhangdeweb_2024_004	language.expression.zh_hans.sha256_4e62e7036142c9e3e8472ffb88b338b70f8561f9c3cdba23fb292d9f54079b42	烟熏焦糊苦涩感受	git:dc5d02885c599df207f6bbd8c2bbc4009a4303e8:2025/03/06/coffee/index.html#L460-L501#sensory-occurrence-001-cd27aa7a47ba	"{""admission"":""source-reviewed-observed-zh-hans"",""normalization"":""NFKC-whitespace-v1""}"
language.occurrence.zh_hans.sha256_a1ddb6834fd1db4bd2902a139e15127d8a59a164948263a348d8798bd83a1b92	document.zh_hans.zhangdeweb_2024_004	language.expression.zh_hans.sha256_4771f53b39c1eabb400011834391b51bf6cf5efdbe50c47bbc5845935b075640	苦感适度	git:dc5d02885c599df207f6bbd8c2bbc4009a4303e8:2025/03/06/coffee/index.html#L460-L501#sensory-occurrence-001-a1ddb6834fd1	"{""admission"":""source-reviewed-observed-zh-hans"",""normalization"":""NFKC-whitespace-v1""}"
language.occurrence.zh_hans.sha256_882b37495bc4e5c8d44506caab4eeb7ee9a3ac2482d6ce0ad377cb98a7614128	document.zh_hans.zhangdeweb_2024_004	language.expression.zh_hans.sha256_0542ae8461e96c94c59be5b0eaec9b4bb97af7fd518c9f032b9c589a9f2b6caa	甜感强	git:dc5d02885c599df207f6bbd8c2bbc4009a4303e8:2025/03/06/coffee/index.html#L460-L501#sensory-occurrence-001-882b37495bc4	"{""admission"":""source-reviewed-observed-zh-hans"",""normalization"":""NFKC-whitespace-v1""}"
language.occurrence.zh_hans.sha256_3606fab85e604efcfe7707396dcb62b9ed07aeb8e87d54447cf4e89f9b5eb87d	document.zh_hans.zhangdeweb_2024_004	language.expression.zh_hans.sha256_5083499aa79e960c5d11fd84cb5cdbde7b70959c050d64a2da9c869d35e75567	醇感浓厚	git:dc5d02885c599df207f6bbd8c2bbc4009a4303e8:2025/03/06/coffee/index.html#L460-L501#sensory-occurrence-001-3606fab85e60	"{""admission"":""source-reviewed-observed-zh-hans"",""normalization"":""NFKC-whitespace-v1""}"
language.occurrence.zh_hans.sha256_dad1ad316bd8ce18ee0497ec95221acd87463c005ac6eb8e9fdee7d87b8a1cf6	document.zh_hans.zhangdeweb_2024_004	language.expression.zh_hans.sha256_b09670a5c171721a455b9979647013c58e545bcf4e0529da22efc6b7711a40c9	酸轻	git:dc5d02885c599df207f6bbd8c2bbc4009a4303e8:2025/03/06/coffee/index.html#L460-L501#sensory-occurrence-001-dad1ad316bd8	"{""admission"":""source-reviewed-observed-zh-hans"",""normalization"":""NFKC-whitespace-v1""}"
language.occurrence.zh_hans.sha256_60179066cb4575f15530b326532b77f3f79c61ae907c1f37b2f15346c5284967	document.zh_hans.zhangdeweb_2024_004	language.expression.zh_hans.sha256_5138dca502d8613b5281a431a9c9b2b3973b5cdbcdc0cd6cd8e0b6a920d5d3cb	有些蓝山感	git:dc5d02885c599df207f6bbd8c2bbc4009a4303e8:2025/03/06/coffee/index.html#L460-L501#sensory-occurrence-001-60179066cb45	"{""admission"":""source-reviewed-observed-zh-hans"",""normalization"":""NFKC-whitespace-v1""}"
language.occurrence.zh_hans.sha256_22a66dec797509a9b0b3bbc8dc95e9dd18fdb9ccafbda291341c28e4c7ac85a2	document.zh_hans.zhangdeweb_2024_004	language.expression.zh_hans.sha256_f77fb46690d7ce5ed039d7f4ee0f38eaefb44710ccebf1b4c8d535e99009f5e2	酒香在后部	git:dc5d02885c599df207f6bbd8c2bbc4009a4303e8:2025/03/06/coffee/index.html#L460-L501#sensory-occurrence-001-22a66dec7975	"{""admission"":""source-reviewed-observed-zh-hans"",""normalization"":""NFKC-whitespace-v1""}"
language.occurrence.zh_hans.sha256_7b4517ac7cede1ccb9ad78a8edb4cfe9fb748e340d4f49b46921007a2791d439	document.zh_hans.zhangdeweb_2024_004	language.expression.zh_hans.sha256_5d1eeb6a7916f41aefbeea808645c08e88158c92c5355d1ceb08160c3f9ec0eb	甘甜	git:dc5d02885c599df207f6bbd8c2bbc4009a4303e8:2025/03/06/coffee/index.html#L460-L501#sensory-occurrence-001-7b4517ac7ced	"{""admission"":""source-reviewed-observed-zh-hans"",""normalization"":""NFKC-whitespace-v1""}"
language.occurrence.zh_hans.sha256_6c20f84baef5f41cd33b0ad8405d187b57dda95939ec2a4505056371710e60d1	document.zh_hans.zhangdeweb_2024_004	language.expression.zh_hans.sha256_7ec9ffd7c7a504bed8e63a1ce5b4efd8c30332e227afabfb1001427da5ffe3d3	绵长	git:dc5d02885c599df207f6bbd8c2bbc4009a4303e8:2025/03/06/coffee/index.html#L460-L501#sensory-occurrence-001-6c20f84baef5	"{""admission"":""source-reviewed-observed-zh-hans"",""normalization"":""NFKC-whitespace-v1""}"
language.occurrence.zh_hans.sha256_f50b6d50ae548431bffdf9ec7a6b65ce2797f4f924de355130ff0dcd4700f0ce	document.zh_hans.zhangdeweb_2024_004	language.expression.zh_hans.sha256_40cb1526060ac1c580c0a1efe1d638e0337dc686f28559943857ef0712803351	一点点烟熏感	git:dc5d02885c599df207f6bbd8c2bbc4009a4303e8:2025/03/06/coffee/index.html#L460-L501#sensory-occurrence-001-f50b6d50ae54	"{""admission"":""source-reviewed-observed-zh-hans"",""normalization"":""NFKC-whitespace-v1""}"
language.occurrence.zh_hans.sha256_2b3fc54acb6524e3ee0a7b69680bfe3e604544380509ae7b2597f992a8312d46	document.zh_hans.zhangdeweb_2024_004	language.expression.zh_hans.sha256_fff5054b9f9183db0148a55c595dca320a0f9c311d2c849140c12ed009d8e0ea	一点点不好的感受	git:dc5d02885c599df207f6bbd8c2bbc4009a4303e8:2025/03/06/coffee/index.html#L460-L501#sensory-occurrence-001-2b3fc54acb65	"{""admission"":""source-reviewed-observed-zh-hans"",""normalization"":""NFKC-whitespace-v1""}"
language.occurrence.zh_hans.sha256_7a33d6dc403c981c78af41b536b9adf92f284a13985263ed74719e4d60999b24	document.zh_hans.zhangdeweb_2024_004	language.expression.zh_hans.sha256_c2c3d855314b5e51c3e22e19af493316e67756857c9db66e2f9c31818c27dd2a	香气减弱	git:dc5d02885c599df207f6bbd8c2bbc4009a4303e8:2025/03/06/coffee/index.html#L460-L501#sensory-occurrence-001-7a33d6dc403c	"{""admission"":""source-reviewed-observed-zh-hans"",""normalization"":""NFKC-whitespace-v1""}"
language.occurrence.zh_hans.sha256_8534316e046e9910fa1939ed35b25f0e5bb36d6171f9410b97d17f28c1b73daa	document.zh_hans.zhangdeweb_2024_004	language.expression.zh_hans.sha256_7110d085d7c9ae4a292d704b8c7f008a1a339a34632e4e88b1bf4577bf48b299	苦感增加	git:dc5d02885c599df207f6bbd8c2bbc4009a4303e8:2025/03/06/coffee/index.html#L460-L501#sensory-occurrence-001-8534316e046e	"{""admission"":""source-reviewed-observed-zh-hans"",""normalization"":""NFKC-whitespace-v1""}"
language.occurrence.zh_hans.sha256_df016a32c653655764703da2a0905326fbb4a0492af009be38e2f00dec66b9af	document.zh_hans.zhangdeweb_2024_004	language.expression.zh_hans.sha256_3e838a6f498d2413700f52970b3453d69a9a46589a43b23913f29460b99008c9	有些许苦感	git:dc5d02885c599df207f6bbd8c2bbc4009a4303e8:2025/03/06/coffee/index.html#L460-L501#sensory-occurrence-001-df016a32c653	"{""admission"":""source-reviewed-observed-zh-hans"",""normalization"":""NFKC-whitespace-v1""}"
language.occurrence.zh_hans.sha256_b427f2079a17ef47bd4beb72ee006e9389025d3f366203e3e75fccb372ea6222	document.zh_hans.zhangdeweb_2024_004	language.expression.zh_hans.sha256_b52af3d250e3d2509abc77ba7b23008f40cf1e40d45a05af6a6114dc14d03aea	香气尚存	git:dc5d02885c599df207f6bbd8c2bbc4009a4303e8:2025/03/06/coffee/index.html#L460-L501#sensory-occurrence-001-b427f2079a17	"{""admission"":""source-reviewed-observed-zh-hans"",""normalization"":""NFKC-whitespace-v1""}"
language.occurrence.zh_hans.sha256_bf5a53d9d4a18f4a2662f137528341660c4cb0d9c2ca2ad3830fa7d8d4194ae6	document.zh_hans.zhangdeweb_2024_004	language.expression.zh_hans.sha256_fe7e3575b7e33ca54b9b51e676de3dd5550921ddc19aaa24002ba6f2462b6c59	难掩苦味	git:dc5d02885c599df207f6bbd8c2bbc4009a4303e8:2025/03/06/coffee/index.html#L460-L501#sensory-occurrence-001-bf5a53d9d4a1	"{""admission"":""source-reviewed-observed-zh-hans"",""normalization"":""NFKC-whitespace-v1""}"
language.occurrence.zh_hans.sha256_02a95fd02d4642c0c4ec90354b7eb3cd7dfabf1ae2ec3f8be08e91fbdc8ada42	document.zh_hans.zhangdeweb_2024_004	language.expression.zh_hans.sha256_d5411403cd99083e8ffb9f44662378d65ef5cf426eea669ce67cb06bee1e9800	苦感少了	git:dc5d02885c599df207f6bbd8c2bbc4009a4303e8:2025/03/06/coffee/index.html#L460-L501#sensory-occurrence-001-02a95fd02d46	"{""admission"":""source-reviewed-observed-zh-hans"",""normalization"":""NFKC-whitespace-v1""}"
language.occurrence.zh_hans.sha256_6488fba78e39c054bc0a7fe0ad870d43c65cc8b77ceeb2f2897a96364c7088b7	document.zh_hans.zhangdeweb_2024_004	language.expression.zh_hans.sha256_aa0ba7fee29a41745d3a8669d188b7b92e52bf9fc0425771eaf9a0a9b2db77b8	香气也少了	git:dc5d02885c599df207f6bbd8c2bbc4009a4303e8:2025/03/06/coffee/index.html#L460-L501#sensory-occurrence-001-6488fba78e39	"{""admission"":""source-reviewed-observed-zh-hans"",""normalization"":""NFKC-whitespace-v1""}"
language.occurrence.zh_hans.sha256_24afc2c412dab40db757bcf38f958fb8b802721829a74b4d1d4461b1a0a4c745	document.zh_hans.zhangdeweb_2024_004	language.expression.zh_hans.sha256_a76db02e22785ef892801689c2f190933f0bec29ecf694b427708eecbf76ccf6	油脂变得格外丰富	git:dc5d02885c599df207f6bbd8c2bbc4009a4303e8:2025/03/06/coffee/index.html#L460-L501#sensory-occurrence-001-24afc2c412da	"{""admission"":""source-reviewed-observed-zh-hans"",""normalization"":""NFKC-whitespace-v1""}"
language.occurrence.zh_hans.sha256_a3d43f3954080f2d873eabfd5544436e95f65d45445d02ba7d99e94fb43398b2	document.zh_hans.zhangdeweb_2024_004	language.expression.zh_hans.sha256_29d84078fdb500fe483e70bad4cf4ac13489db0e6f580f842bce7f5b585df1a6	从头到尾全是油脂	git:dc5d02885c599df207f6bbd8c2bbc4009a4303e8:2025/03/06/coffee/index.html#L460-L501#sensory-occurrence-001-a3d43f395408	"{""admission"":""source-reviewed-observed-zh-hans"",""normalization"":""NFKC-whitespace-v1""}"
language.occurrence.zh_hans.sha256_dbcea2e13efb579d0cda48265edaaa10732ac0f3a06828e5e634c9ef79530459	document.zh_hans.zhangdeweb_2024_004	language.expression.zh_hans.sha256_6aa5462cc425800887f75cbf0885a41950b11599b66e7ff16e15daf8572416c7	香苦比	git:dc5d02885c599df207f6bbd8c2bbc4009a4303e8:2025/03/06/coffee/index.html#L460-L501#sensory-occurrence-001-dbcea2e13efb	"{""admission"":""source-reviewed-observed-zh-hans"",""normalization"":""NFKC-whitespace-v1""}"
language.occurrence.zh_hans.sha256_dbefb080abd9777f388d29dc5663fcf68c0acbb33ec1343ac23d6539e046859b	document.zh_hans.zhangdeweb_2024_005	language.expression.zh_hans.sha256_9da95dac8bef4e1ad987e099712155982fc677db152e0946d6fd0300f1e1883b	甘薯香气明显	git:dc5d02885c599df207f6bbd8c2bbc4009a4303e8:2025/03/06/coffee/index.html#L505-L528#sensory-occurrence-001-dbefb080abd9	"{""admission"":""source-reviewed-observed-zh-hans"",""normalization"":""NFKC-whitespace-v1""}"
language.occurrence.zh_hans.sha256_f0ec8b997d0601c35d2c63dbc099eaae037ef694dade3c0aa030a22e337bb839	document.zh_hans.zhangdeweb_2024_005	language.expression.zh_hans.sha256_9f91492594c2ad9caad6471558be7e02845371cf029423bcc74d708e74caccc8	酸适度	git:dc5d02885c599df207f6bbd8c2bbc4009a4303e8:2025/03/06/coffee/index.html#L505-L528#sensory-occurrence-001-f0ec8b997d06	"{""admission"":""source-reviewed-observed-zh-hans"",""normalization"":""NFKC-whitespace-v1""}"
language.occurrence.zh_hans.sha256_4405f03abc5962fc90233fe3024f02b5fcba657673328add289e92abb79c6132	document.zh_hans.zhangdeweb_2024_005	language.expression.zh_hans.sha256_43eacd881f8785a889abe6a33d54877a1bba8b45b41d7a59deeefde8d40037cf	低苦	git:dc5d02885c599df207f6bbd8c2bbc4009a4303e8:2025/03/06/coffee/index.html#L505-L528#sensory-occurrence-001-4405f03abc59	"{""admission"":""source-reviewed-observed-zh-hans"",""normalization"":""NFKC-whitespace-v1""}"
language.occurrence.zh_hans.sha256_5bd7b0b664cb8b23492deba800cdf06c9854cc23328afc35b2298f0997d5b066	document.zh_hans.zhangdeweb_2024_005	language.expression.zh_hans.sha256_ee39e12f1bdb436bbfa2f71403c0af8704978ebd29da96f287c81fe9bb2d214c	各项表现均衡	git:dc5d02885c599df207f6bbd8c2bbc4009a4303e8:2025/03/06/coffee/index.html#L505-L528#sensory-occurrence-001-5bd7b0b664cb	"{""admission"":""source-reviewed-observed-zh-hans"",""normalization"":""NFKC-whitespace-v1""}"
language.occurrence.zh_hans.sha256_9027d2207a289c00d9add0bf53ffffe2ad77bf7da39d6599989ba567dfabcc4a	document.zh_hans.zhangdeweb_2024_005	language.expression.zh_hans.sha256_c4f916224ce12b9ab2af0e4d9ba294fda1de42be64061c1fcf77df5b5ddeb0c3	味型单一	git:dc5d02885c599df207f6bbd8c2bbc4009a4303e8:2025/03/06/coffee/index.html#L505-L528#sensory-occurrence-001-9027d2207a28	"{""admission"":""source-reviewed-observed-zh-hans"",""normalization"":""NFKC-whitespace-v1""}"
language.occurrence.zh_hans.sha256_244c7274f2ed94ea46657024f0f98c83a9bdc618ca33bc74cacf74dca0f34fe3	document.zh_hans.zhangdeweb_2024_005	language.expression.zh_hans.sha256_f9098c3e67a0e40ec7a7eb00d2f1748e603973d5cc637a6c76461b601ff6b9a7	过萃不苦	git:dc5d02885c599df207f6bbd8c2bbc4009a4303e8:2025/03/06/coffee/index.html#L505-L528#sensory-occurrence-001-244c7274f2ed	"{""admission"":""source-reviewed-observed-zh-hans"",""normalization"":""NFKC-whitespace-v1""}"
language.occurrence.zh_hans.sha256_0f94a050fe4464db1da67c114261d1a8fd40b7d4d24cd37a1f05a6ec2b12babd	document.zh_hans.zhangdeweb_2024_005	language.expression.zh_hans.sha256_c8b7461bd88f7b6118a9dd0e20e2b000b6f8ffe7d982ba61e689e3dae5de8115	浓郁的烤红薯香气	git:dc5d02885c599df207f6bbd8c2bbc4009a4303e8:2025/03/06/coffee/index.html#L505-L528#sensory-occurrence-001-0f94a050fe44	"{""admission"":""source-reviewed-observed-zh-hans"",""normalization"":""NFKC-whitespace-v1""}"
language.occurrence.zh_hans.sha256_67670829be76f38d3e1a0ede6f8d8d7ae0f6e32459ad91cae789278bfc89aee5	document.zh_hans.zhangdeweb_2024_005	language.expression.zh_hans.sha256_4d97587b027d7650ac482e5a3b535523efba29805be0d87e479ddf993db41f8f	很甜的那种红心、溏心红薯	git:dc5d02885c599df207f6bbd8c2bbc4009a4303e8:2025/03/06/coffee/index.html#L505-L528#sensory-occurrence-001-67670829be76	"{""admission"":""source-reviewed-observed-zh-hans"",""normalization"":""NFKC-whitespace-v1""}"
language.occurrence.zh_hans.sha256_d7d0f1dfd1124b881b7351a4d16161e61d7a0b3b9be3dc9e42ace2400dea8093	document.zh_hans.zhangdeweb_2024_005	language.expression.zh_hans.sha256_d304d72045abd3409ed6532e252617ef543b9fde10e091581f686dc788cd102a	栗子的香气	git:dc5d02885c599df207f6bbd8c2bbc4009a4303e8:2025/03/06/coffee/index.html#L505-L528#sensory-occurrence-001-d7d0f1dfd112	"{""admission"":""source-reviewed-observed-zh-hans"",""normalization"":""NFKC-whitespace-v1""}"
language.occurrence.zh_hans.sha256_817030326917fba475d85ae418abf8061ce3720bebf383bae7e15d080dbc5aea	document.zh_hans.zhangdeweb_2024_005	language.expression.zh_hans.sha256_494c8cef7675eecb9812dd097eaffac10db8e60c4d8b3f6a3c7a13829b113ef8	烤坚果的香气	git:dc5d02885c599df207f6bbd8c2bbc4009a4303e8:2025/03/06/coffee/index.html#L505-L528#sensory-occurrence-001-817030326917	"{""admission"":""source-reviewed-observed-zh-hans"",""normalization"":""NFKC-whitespace-v1""}"
language.occurrence.zh_hans.sha256_4c9a32839f584a33eccab37339ac9895aba9e95443c3379b99d1c910cce58b10	document.zh_hans.zhangdeweb_2024_005	language.expression.zh_hans.sha256_a1042980134bb970ef7c33569304575259539215d721463c1f90ed3189738057	一定的花果芬芳	git:dc5d02885c599df207f6bbd8c2bbc4009a4303e8:2025/03/06/coffee/index.html#L505-L528#sensory-occurrence-001-4c9a32839f58	"{""admission"":""source-reviewed-observed-zh-hans"",""normalization"":""NFKC-whitespace-v1""}"
language.occurrence.zh_hans.sha256_1862929a0b59209d9b3d75c083335e1048ffb38bd9d17c29623c31457b0a75fa	document.zh_hans.zhangdeweb_2024_005	language.expression.zh_hans.sha256_8f5f9e97a94cf6e818e90f2f4a39e61d5941edda6b6ef42cfcce09d3349984dc	明显酸感	git:dc5d02885c599df207f6bbd8c2bbc4009a4303e8:2025/03/06/coffee/index.html#L505-L528#sensory-occurrence-001-1862929a0b59	"{""admission"":""source-reviewed-observed-zh-hans"",""normalization"":""NFKC-whitespace-v1""}"
language.occurrence.zh_hans.sha256_215374ae39429d2ea738aeb9680427adaaa8f2428343695429a86a753f3be0d2	document.zh_hans.zhangdeweb_2024_005	language.expression.zh_hans.sha256_4148e03387d046d2118b461260cf1c66f364929ca8be35528daf0145deacebb3	焦糖醇感	git:dc5d02885c599df207f6bbd8c2bbc4009a4303e8:2025/03/06/coffee/index.html#L505-L528#sensory-occurrence-001-215374ae3942	"{""admission"":""source-reviewed-observed-zh-hans"",""normalization"":""NFKC-whitespace-v1""}"
language.occurrence.zh_hans.sha256_33cd964919d8e3d944b7e45e037c65da90d2abaf97654604d1b0758a9dac6976	document.zh_hans.zhangdeweb_2024_005	language.expression.zh_hans.sha256_0bcbccc1d4fd4f15e410bde5072105d49fb424a752f3d8cec175429fa5baefad	酸度适中	git:dc5d02885c599df207f6bbd8c2bbc4009a4303e8:2025/03/06/coffee/index.html#L505-L528#sensory-occurrence-001-33cd964919d8	"{""admission"":""source-reviewed-observed-zh-hans"",""normalization"":""NFKC-whitespace-v1""}"
language.occurrence.zh_hans.sha256_70db9aa5f1a2aa02ca5d966a22a534b05e9738ad5e8feee67b6317375a06dcac	document.zh_hans.zhangdeweb_2024_005	language.expression.zh_hans.sha256_94fd07889096ab1d0406192526170277655f57389434dde6a721db0ae92c82bf	甜感中上	git:dc5d02885c599df207f6bbd8c2bbc4009a4303e8:2025/03/06/coffee/index.html#L505-L528#sensory-occurrence-001-70db9aa5f1a2	"{""admission"":""source-reviewed-observed-zh-hans"",""normalization"":""NFKC-whitespace-v1""}"
language.occurrence.zh_hans.sha256_b36add51dc49cd8a182773714da59514bda5985905b941f2eb01c244df7211f6	document.zh_hans.zhangdeweb_2024_005	language.expression.zh_hans.sha256_75a1056b8df92046ceb2e0e5fb40823ca2abfc2be44e9bc93795a366f61ba9d8	无明显的苦感	git:dc5d02885c599df207f6bbd8c2bbc4009a4303e8:2025/03/06/coffee/index.html#L505-L528#sensory-occurrence-001-b36add51dc49	"{""admission"":""source-reviewed-observed-zh-hans"",""normalization"":""NFKC-whitespace-v1""}"
language.occurrence.zh_hans.sha256_f83b811e628c699471c8c8732b6d14cbe99f6aaa80b4c3b92644413f95168064	document.zh_hans.zhangdeweb_2024_005	language.expression.zh_hans.sha256_c9f9752d2ebdedcd3b480ca494dc4199f505bf966b8e8316cc42e45d300ca724	甜适度	git:dc5d02885c599df207f6bbd8c2bbc4009a4303e8:2025/03/06/coffee/index.html#L505-L528#sensory-occurrence-001-f83b811e628c	"{""admission"":""source-reviewed-observed-zh-hans"",""normalization"":""NFKC-whitespace-v1""}"
language.occurrence.zh_hans.sha256_9ca0072d849d8c83f946f55a9c6f2bfa10463d5ff79925d9888d09144ce60637	document.zh_hans.zhangdeweb_2024_005	language.expression.zh_hans.sha256_3480d4dea855f07cf19f68ae0dbf97cea490fc9f168e6522cc60339bef8afafe	酸略多	git:dc5d02885c599df207f6bbd8c2bbc4009a4303e8:2025/03/06/coffee/index.html#L505-L528#sensory-occurrence-001-9ca0072d849d	"{""admission"":""source-reviewed-observed-zh-hans"",""normalization"":""NFKC-whitespace-v1""}"
language.occurrence.zh_hans.sha256_b2a143aec2148508d042fcef7b02c31655c63599d1a93886ecef2a5b8e3ddbfb	document.zh_hans.zhangdeweb_2024_005	language.expression.zh_hans.sha256_438a9a2c63775ec910c9c1b6888a4e4deac4344efae0f6cf52d1db7421a5584e	苦轻微	git:dc5d02885c599df207f6bbd8c2bbc4009a4303e8:2025/03/06/coffee/index.html#L505-L528#sensory-occurrence-001-b2a143aec214	"{""admission"":""source-reviewed-observed-zh-hans"",""normalization"":""NFKC-whitespace-v1""}"
language.occurrence.zh_hans.sha256_35c65e53b0d22a8c74dfb3ed2f95517c58c89e5f531f0aede865068b52c13557	document.zh_hans.zhangdeweb_2024_005	language.expression.zh_hans.sha256_a039696f4c663cbcc1b5b9d1e550bb08aa7ff270f8fd432c048de85302344f36	末段苦味	git:dc5d02885c599df207f6bbd8c2bbc4009a4303e8:2025/03/06/coffee/index.html#L505-L528#sensory-occurrence-001-35c65e53b0d2	"{""admission"":""source-reviewed-observed-zh-hans"",""normalization"":""NFKC-whitespace-v1""}"
language.occurrence.zh_hans.sha256_6e35900ccac5e5f939290a0650dbd4cafc92b630f861e28d28018eded4bd76d2	document.zh_hans.zhangdeweb_2024_005	language.expression.zh_hans.sha256_fa6f3b5cced97e7ce0f7b15805d972b9c303cea7a37320dfb6d4b66f3dba991c	坚果香气	git:dc5d02885c599df207f6bbd8c2bbc4009a4303e8:2025/03/06/coffee/index.html#L505-L528#sensory-occurrence-001-6e35900ccac5	"{""admission"":""source-reviewed-observed-zh-hans"",""normalization"":""NFKC-whitespace-v1""}"
language.occurrence.zh_hans.sha256_3d9b030aa85a415ec8742498ac3682793fc2d11809a4bc080b2cd2c0d2aa0940	document.zh_hans.zhangdeweb_2024_005	language.expression.zh_hans.sha256_0ff6712fcf7e275eee32cb6cfea6cfd8e2244afb224f8c6e6147d65dbe3c741a	焦糖的醇感	git:dc5d02885c599df207f6bbd8c2bbc4009a4303e8:2025/03/06/coffee/index.html#L505-L528#sensory-occurrence-001-3d9b030aa85a	"{""admission"":""source-reviewed-observed-zh-hans"",""normalization"":""NFKC-whitespace-v1""}"
language.occurrence.zh_hans.sha256_e690c375a815914c8e1e77d9b356ff2015f40b9243d74492343a2474e66eb101	document.zh_hans.zhangdeweb_2024_005	language.expression.zh_hans.sha256_c0874aff42c750344aa9da6dba9da9654d68c006f69c83ae2a655cbbfaf9ae04	无苦味	git:dc5d02885c599df207f6bbd8c2bbc4009a4303e8:2025/03/06/coffee/index.html#L505-L528#sensory-occurrence-001-e690c375a815	"{""admission"":""source-reviewed-observed-zh-hans"",""normalization"":""NFKC-whitespace-v1""}"
language.occurrence.zh_hans.sha256_981bebf186099da63fb86362300fcbdf93233d998a35c90a996da56034847714	document.zh_hans.zhangdeweb_2024_005	language.expression.zh_hans.sha256_c6ce6ad534652c99704c8b59279f3dd90c0e9cdeddb0f141bb2a846c934132d8	甜感适度	git:dc5d02885c599df207f6bbd8c2bbc4009a4303e8:2025/03/06/coffee/index.html#L505-L528#sensory-occurrence-001-981bebf18609	"{""admission"":""source-reviewed-observed-zh-hans"",""normalization"":""NFKC-whitespace-v1""}"
language.occurrence.zh_hans.sha256_3b7c14ddb21cd271421c7ddb200e9175888e05ad28b875898c2207ddf1b0e73d	document.zh_hans.zhangdeweb_2024_005	language.expression.zh_hans.sha256_c7d9c70df3cadf05714f25e07fdb37d16cfe2c4f54b2ddaa855aa64bbd20068a	酸感中上	git:dc5d02885c599df207f6bbd8c2bbc4009a4303e8:2025/03/06/coffee/index.html#L505-L528#sensory-occurrence-001-3b7c14ddb21c	"{""admission"":""source-reviewed-observed-zh-hans"",""normalization"":""NFKC-whitespace-v1""}"
language.occurrence.zh_hans.sha256_e207b98ead0f04b24d658c520ecc5baaed63dc19571c31f36912c056bf3745bf	document.zh_hans.zhangdeweb_2024_005	language.expression.zh_hans.sha256_cc0802a90e1fcaff4df407362ad35500d1c741309c4da99a8b513674a329dd6f	略有醇感	git:dc5d02885c599df207f6bbd8c2bbc4009a4303e8:2025/03/06/coffee/index.html#L505-L528#sensory-occurrence-001-e207b98ead0f	"{""admission"":""source-reviewed-observed-zh-hans"",""normalization"":""NFKC-whitespace-v1""}"
language.occurrence.zh_hans.sha256_0705a4cb7cea9a5d0c554109127d3b0666f5bbe7fec3bce21156a05fd1bc94b8	document.zh_hans.zhangdeweb_2024_005	language.expression.zh_hans.sha256_ba48af0ce8484bf156db3ef2857e8992265efdae520b0021fddccfd2a28fb6fa	舌面略有涩感	git:dc5d02885c599df207f6bbd8c2bbc4009a4303e8:2025/03/06/coffee/index.html#L505-L528#sensory-occurrence-001-0705a4cb7cea	"{""admission"":""source-reviewed-observed-zh-hans"",""normalization"":""NFKC-whitespace-v1""}"
language.occurrence.zh_hans.sha256_3c7c9fdb5d9232305792588486b370235543d84e060b81602a2834d1fdec2164	document.zh_hans.zhangdeweb_2024_005	language.expression.zh_hans.sha256_0a9b224851bfc696746b28884cb9f65d9dd3044f628b8072c362866995ad861b	坚果感受明显	git:dc5d02885c599df207f6bbd8c2bbc4009a4303e8:2025/03/06/coffee/index.html#L505-L528#sensory-occurrence-001-3c7c9fdb5d92	"{""admission"":""source-reviewed-observed-zh-hans"",""normalization"":""NFKC-whitespace-v1""}"
language.occurrence.zh_hans.sha256_b47a8ec53e135c16f1d3164c382968b5df7d632e6a8a204036323d1b1ec5d033	document.zh_hans.zhangdeweb_2024_005	language.expression.zh_hans.sha256_56001af8c1fb6d8f2d2f587bb068858fe634519515904f2dbcee788723f27e25	缺少余韵	git:dc5d02885c599df207f6bbd8c2bbc4009a4303e8:2025/03/06/coffee/index.html#L505-L528#sensory-occurrence-001-b47a8ec53e13	"{""admission"":""source-reviewed-observed-zh-hans"",""normalization"":""NFKC-whitespace-v1""}"
language.occurrence.zh_hans.sha256_14b93f72462815f3f09b6dd1ff4c32448c84318fb748d377ae7413fe786d23a6	document.zh_hans.zhangdeweb_2024_005	language.expression.zh_hans.sha256_0fb29b542c96914ca54c4e2516b30b9112d201bceb8765e2ea8c9f60472cb248	香气轻微减弱	git:dc5d02885c599df207f6bbd8c2bbc4009a4303e8:2025/03/06/coffee/index.html#L505-L528#sensory-occurrence-001-14b93f724628	"{""admission"":""source-reviewed-observed-zh-hans"",""normalization"":""NFKC-whitespace-v1""}"
language.occurrence.zh_hans.sha256_a0b02606e23dec2cd140b95efd5b14a0bedf4e0ccf60a02b8de8b024e48bf910	document.zh_hans.zhangdeweb_2024_005	language.expression.zh_hans.sha256_6ecd4f3dfb142db0d7d54c58ac0d894a8686ea139338bc7ecdf7e509b58867c3	苦涩少	git:dc5d02885c599df207f6bbd8c2bbc4009a4303e8:2025/03/06/coffee/index.html#L505-L528#sensory-occurrence-001-a0b02606e23d	"{""admission"":""source-reviewed-observed-zh-hans"",""normalization"":""NFKC-whitespace-v1""}"
language.occurrence.zh_hans.sha256_29b8cbb51f43495f52244df61ddc605e05d4ab90e010163660237fd5f37ec336	document.zh_hans.zhangdeweb_2024_005	language.expression.zh_hans.sha256_3383c7dd81ae04602c3920bd401a03ca9db62444d1b0761e0daf28b6213b4993	酸的刺激更明显	git:dc5d02885c599df207f6bbd8c2bbc4009a4303e8:2025/03/06/coffee/index.html#L505-L528#sensory-occurrence-001-29b8cbb51f43	"{""admission"":""source-reviewed-observed-zh-hans"",""normalization"":""NFKC-whitespace-v1""}"
language.occurrence.zh_hans.sha256_af71e07ab20100606b490e0d5c088969536837800c67ec91603c0ea5297ad16a	document.zh_hans.zhangdeweb_2024_006	language.expression.zh_hans.sha256_fd0abc929b48775e26ddaa5395ce80962d77feece473a872da0eafd6b92a4550	花果香气浓郁	git:dc5d02885c599df207f6bbd8c2bbc4009a4303e8:2025/03/06/coffee/index.html#L535-L564#sensory-occurrence-001-af71e07ab201	"{""admission"":""source-reviewed-observed-zh-hans"",""normalization"":""NFKC-whitespace-v1""}"
language.occurrence.zh_hans.sha256_83770bd478c33f310d48be2315b75ff0703a0ed43139e3ed387eca06969eca1e	document.zh_hans.zhangdeweb_2024_006	language.expression.zh_hans.sha256_047505bdb0b4313b912aa46fdf6fd621d98185cdfd4747dff7cd2bcd899ff167	轻浮	git:dc5d02885c599df207f6bbd8c2bbc4009a4303e8:2025/03/06/coffee/index.html#L535-L564#sensory-occurrence-001-83770bd478c3	"{""admission"":""source-reviewed-observed-zh-hans"",""normalization"":""NFKC-whitespace-v1""}"
language.occurrence.zh_hans.sha256_462c399f718652403eeb43038c0c628617bec4f0365c09807514a9e114ad59a5	document.zh_hans.zhangdeweb_2024_006	language.expression.zh_hans.sha256_154777234046e6714d1549413eea4bb9380d741c00c43a3b46e9f735a9a04d53	酸甜平衡良好	git:dc5d02885c599df207f6bbd8c2bbc4009a4303e8:2025/03/06/coffee/index.html#L535-L564#sensory-occurrence-001-462c399f7186	"{""admission"":""source-reviewed-observed-zh-hans"",""normalization"":""NFKC-whitespace-v1""}"
language.occurrence.zh_hans.sha256_0adb5a56f338cf11de5f8d7e2890407dce53c6aebc3f90ad87a9ba40be608416	document.zh_hans.zhangdeweb_2024_006	language.expression.zh_hans.sha256_b23b1af9cafd0dd757d895b55087ed9b81325868c4309f26f810f6f029642f2e	苦感低	git:dc5d02885c599df207f6bbd8c2bbc4009a4303e8:2025/03/06/coffee/index.html#L535-L564#sensory-occurrence-001-0adb5a56f338	"{""admission"":""source-reviewed-observed-zh-hans"",""normalization"":""NFKC-whitespace-v1""}"
language.occurrence.zh_hans.sha256_3d942a39ffda161a10e03f26e68a5019b3a3a0a72861919a6b8ade25732fcede	document.zh_hans.zhangdeweb_2024_006	language.expression.zh_hans.sha256_4b0974e21978a7864b00ddb2f5edcd3787af3aac4a231a796ef4f7ed19de3daa	醇感近无	git:dc5d02885c599df207f6bbd8c2bbc4009a4303e8:2025/03/06/coffee/index.html#L535-L564#sensory-occurrence-001-3d942a39ffda	"{""admission"":""source-reviewed-observed-zh-hans"",""normalization"":""NFKC-whitespace-v1""}"
language.occurrence.zh_hans.sha256_8dfb7ba1c715d0beb7da037db0c6bbf8947506a3edd924599b024113cf56e040	document.zh_hans.zhangdeweb_2024_006	language.expression.zh_hans.sha256_7995cbe6286b1dcaf957622481a58fa12ca98e204de0af7e5b5807fc8bedb72f	劣质香薰味道令人作呕	git:dc5d02885c599df207f6bbd8c2bbc4009a4303e8:2025/03/06/coffee/index.html#L535-L564#sensory-occurrence-001-8dfb7ba1c715	"{""admission"":""source-reviewed-observed-zh-hans"",""normalization"":""NFKC-whitespace-v1""}"
language.occurrence.zh_hans.sha256_992186dcbed03ecc64b102e8eb88da64a3e47c0a05d974dcda6df4232af6c2e3	document.zh_hans.zhangdeweb_2024_006	language.expression.zh_hans.sha256_b177e99866c7dff771e65aad752d113af51cae478ce1823bfff2a49f5b52e2e0	草莓香气	git:dc5d02885c599df207f6bbd8c2bbc4009a4303e8:2025/03/06/coffee/index.html#L535-L564#sensory-occurrence-001-992186dcbed0	"{""admission"":""source-reviewed-observed-zh-hans"",""normalization"":""NFKC-whitespace-v1""}"
language.occurrence.zh_hans.sha256_5921cbafe510793e0a4c877e5b963aca90a14ac269c361d18dd2d5c4494e814a	document.zh_hans.zhangdeweb_2024_006	language.expression.zh_hans.sha256_014c89cf09b914ab4ebe61d77ec0b9ae61eb70061d242cf68b20654bac635e00	果香很足	git:dc5d02885c599df207f6bbd8c2bbc4009a4303e8:2025/03/06/coffee/index.html#L535-L564#sensory-occurrence-001-5921cbafe510	"{""admission"":""source-reviewed-observed-zh-hans"",""normalization"":""NFKC-whitespace-v1""}"
language.occurrence.zh_hans.sha256_c3df803809d27b3f5cc5e66f48647b89c534595afd69ab7aa9615ebbef539623	document.zh_hans.zhangdeweb_2024_006	language.expression.zh_hans.sha256_2f6fd73b2911b537596072af10bc16b13ddb13317c367436a273d355b5e1c52e	花香芬芳	git:dc5d02885c599df207f6bbd8c2bbc4009a4303e8:2025/03/06/coffee/index.html#L535-L564#sensory-occurrence-001-c3df803809d2	"{""admission"":""source-reviewed-observed-zh-hans"",""normalization"":""NFKC-whitespace-v1""}"
language.occurrence.zh_hans.sha256_10e534626b5512608f915ffb0d071e03856f672cbb0c1b2e147adda9af6042f0	document.zh_hans.zhangdeweb_2024_006	language.expression.zh_hans.sha256_137dd85b6cff34391e5a71ae86229ea9eb0089f0b93a2c61d2ae6cd467e1843d	浅色瓜果为主	git:dc5d02885c599df207f6bbd8c2bbc4009a4303e8:2025/03/06/coffee/index.html#L535-L564#sensory-occurrence-001-10e534626b55	"{""admission"":""source-reviewed-observed-zh-hans"",""normalization"":""NFKC-whitespace-v1""}"
language.occurrence.zh_hans.sha256_61bbfa3a5553d3251a8bfda86690027d38dc6a9d6387f0871b6da998d965cbea	document.zh_hans.zhangdeweb_2024_006	language.expression.zh_hans.sha256_1d985cd951a25160987abeef2cc06857c734953914431b88ada81d77a39cf293	酸感有	git:dc5d02885c599df207f6bbd8c2bbc4009a4303e8:2025/03/06/coffee/index.html#L535-L564#sensory-occurrence-001-61bbfa3a5553	"{""admission"":""source-reviewed-observed-zh-hans"",""normalization"":""NFKC-whitespace-v1""}"
language.occurrence.zh_hans.sha256_abe367a5a9b0aab216aa3fdeae79fccfece24f6ef1d2400cee3457a71902c784	document.zh_hans.zhangdeweb_2024_006	language.expression.zh_hans.sha256_c48ddceb606168d1a41755421d910111c2144e71045a36a91d4a099dabfb410c	甜感有	git:dc5d02885c599df207f6bbd8c2bbc4009a4303e8:2025/03/06/coffee/index.html#L535-L564#sensory-occurrence-001-abe367a5a9b0	"{""admission"":""source-reviewed-observed-zh-hans"",""normalization"":""NFKC-whitespace-v1""}"
language.occurrence.zh_hans.sha256_101a4442faa964fde555f4e610f6336879192c2b4f7cd48c86915c27ac57efdd	document.zh_hans.zhangdeweb_2024_006	language.expression.zh_hans.sha256_819f712ee524ddffb231d46435090a662ac6ef48b689acf9f1d3940fab3dd4e9	醇感淡	git:dc5d02885c599df207f6bbd8c2bbc4009a4303e8:2025/03/06/coffee/index.html#L535-L564#sensory-occurrence-001-101a4442faa9	"{""admission"":""source-reviewed-observed-zh-hans"",""normalization"":""NFKC-whitespace-v1""}"
language.occurrence.zh_hans.sha256_f7558e2f615b4d3c164c38fdbda29f4cb1b440e57c97d91103643cb5d260b4d7	document.zh_hans.zhangdeweb_2024_006	language.expression.zh_hans.sha256_4b358cb3d048a240545c67626e92b51eddd1566091681c4024cf9a620e66c24f	一定的茶感	git:dc5d02885c599df207f6bbd8c2bbc4009a4303e8:2025/03/06/coffee/index.html#L535-L564#sensory-occurrence-001-f7558e2f615b	"{""admission"":""source-reviewed-observed-zh-hans"",""normalization"":""NFKC-whitespace-v1""}"
language.occurrence.zh_hans.sha256_09e543a26f8eb4d739b039e8192a74b4f37cfde1742dffe143ad97e9924a4ef5	document.zh_hans.zhangdeweb_2024_006	language.expression.zh_hans.sha256_5955d3772a32e719c6afb346960a4b1fc9e110c3ef9acc7a8e7c9f1fb6ab554d	饱满的花果芬芳	git:dc5d02885c599df207f6bbd8c2bbc4009a4303e8:2025/03/06/coffee/index.html#L535-L564#sensory-occurrence-001-09e543a26f8e	"{""admission"":""source-reviewed-observed-zh-hans"",""normalization"":""NFKC-whitespace-v1""}"
language.occurrence.zh_hans.sha256_0cda49f510fa90972647eb80684321f5d7c0ff7a43e146cde578f19d0b23015d	document.zh_hans.zhangdeweb_2024_006	language.expression.zh_hans.sha256_560ae27e7243b9f39caa12c962a84e6ef5705ef8b326108d2c73dd82249d595b	酸甜感组成草莓感受	git:dc5d02885c599df207f6bbd8c2bbc4009a4303e8:2025/03/06/coffee/index.html#L535-L564#sensory-occurrence-001-0cda49f510fa	"{""admission"":""source-reviewed-observed-zh-hans"",""normalization"":""NFKC-whitespace-v1""}"
language.occurrence.zh_hans.sha256_929a62835ad119624dfcc33ff9421ec9dc4b8105375d27442658f3154716cea8	document.zh_hans.zhangdeweb_2024_006	language.expression.zh_hans.sha256_2c2d25d919fcce482db3ecfe4f21943ca4505b5d5d22ba455167a8b5d4809736	油脂感受近无	git:dc5d02885c599df207f6bbd8c2bbc4009a4303e8:2025/03/06/coffee/index.html#L535-L564#sensory-occurrence-001-929a62835ad1	"{""admission"":""source-reviewed-observed-zh-hans"",""normalization"":""NFKC-whitespace-v1""}"
language.occurrence.zh_hans.sha256_e30360505b12b4a9123d6a7f4a26ea91fea7064581d1a10098824c9a83db737b	document.zh_hans.zhangdeweb_2024_006	language.expression.zh_hans.sha256_10b917774d42fb54db412c2a6e8d06e8fb68c37a309aded98257ce4660ebafb5	舌尖甜感有	git:dc5d02885c599df207f6bbd8c2bbc4009a4303e8:2025/03/06/coffee/index.html#L535-L564#sensory-occurrence-001-e30360505b12	"{""admission"":""source-reviewed-observed-zh-hans"",""normalization"":""NFKC-whitespace-v1""}"
language.occurrence.zh_hans.sha256_13b6a8c5e7bdd10a4f94f2a6c3f01478c793485265ce0f511f552bc33996893b	document.zh_hans.zhangdeweb_2024_006	language.expression.zh_hans.sha256_54884af83cfab012a294a78dc2a5e1a012d6a990bc2974487748081e52ec74a6	酸感重	git:dc5d02885c599df207f6bbd8c2bbc4009a4303e8:2025/03/06/coffee/index.html#L535-L564#sensory-occurrence-001-13b6a8c5e7bd	"{""admission"":""source-reviewed-observed-zh-hans"",""normalization"":""NFKC-whitespace-v1""}"
language.occurrence.zh_hans.sha256_2e896c6953a4a22948cf4a37cf10cfdf8ef9b45d9fccedc8b4fd10d29719af17	document.zh_hans.zhangdeweb_2024_006	language.expression.zh_hans.sha256_749dc8f4b8a46884a1f23556cc7cb8ff306b5ff8b5fb5c3e5b8ca9106f72d418	苦感很低	git:dc5d02885c599df207f6bbd8c2bbc4009a4303e8:2025/03/06/coffee/index.html#L535-L564#sensory-occurrence-001-2e896c6953a4	"{""admission"":""source-reviewed-observed-zh-hans"",""normalization"":""NFKC-whitespace-v1""}"
language.occurrence.zh_hans.sha256_a871860f8aed9a4aa9895ebf6cd62a1540e563a8c32fb2a6828c554f681121a6	document.zh_hans.zhangdeweb_2024_006	language.expression.zh_hans.sha256_6c83612fbcc0576c7ab9e1e1b067fe9f5360abd611cd54f0570c30ff840401fd	轻浮的花果香	git:dc5d02885c599df207f6bbd8c2bbc4009a4303e8:2025/03/06/coffee/index.html#L535-L564#sensory-occurrence-001-a871860f8aed	"{""admission"":""source-reviewed-observed-zh-hans"",""normalization"":""NFKC-whitespace-v1""}"
language.occurrence.zh_hans.sha256_4c9a3e5724445e86aeab108fa93bdb8e55360b283e2b201635e4abce7d7737ae	document.zh_hans.zhangdeweb_2024_006	language.expression.zh_hans.sha256_fc22d6bf3267781efdaad2b6c4f0f1ea845b862cf2a47165471ea220410070d8	尾韵伴随一些油腻感	git:dc5d02885c599df207f6bbd8c2bbc4009a4303e8:2025/03/06/coffee/index.html#L535-L564#sensory-occurrence-001-4c9a3e572444	"{""admission"":""source-reviewed-observed-zh-hans"",""normalization"":""NFKC-whitespace-v1""}"
language.occurrence.zh_hans.sha256_52bebb51e259cf935766c42ad4255fa661b3e1e11196bcbf639f4917d15af8e5	document.zh_hans.zhangdeweb_2024_006	language.expression.zh_hans.sha256_e19a7499604975fb6546fe691a1b08a17f95e808ada859e21e5e6dd745528285	有点像某种廉价的香薰	git:dc5d02885c599df207f6bbd8c2bbc4009a4303e8:2025/03/06/coffee/index.html#L535-L564#sensory-occurrence-001-52bebb51e259	"{""admission"":""source-reviewed-observed-zh-hans"",""normalization"":""NFKC-whitespace-v1""}"
language.occurrence.zh_hans.sha256_3313be507bad44e3927251328d754701743834954cb534dd6b17569941fe58f0	document.zh_hans.zhangdeweb_2024_006	language.expression.zh_hans.sha256_d0f287d3b84cc2d6f788601ab03d98a23e9713f0f0ed4a45dbf8297db27b1542	酸甜感均衡适度	git:dc5d02885c599df207f6bbd8c2bbc4009a4303e8:2025/03/06/coffee/index.html#L535-L564#sensory-occurrence-001-3313be507bad	"{""admission"":""source-reviewed-observed-zh-hans"",""normalization"":""NFKC-whitespace-v1""}"
language.occurrence.zh_hans.sha256_673260b4eb1d29121cf8e4129f1a5bdbac3e6bee06a46ad50f115fbe15f0a339	document.zh_hans.zhangdeweb_2024_006	language.expression.zh_hans.sha256_7bfc5043aadf86e1e3763787cda035fd79fea4b5cc3fbb0c61256cb0a627e548	酵酸感受	git:dc5d02885c599df207f6bbd8c2bbc4009a4303e8:2025/03/06/coffee/index.html#L535-L564#sensory-occurrence-001-673260b4eb1d	"{""admission"":""source-reviewed-observed-zh-hans"",""normalization"":""NFKC-whitespace-v1""}"
language.occurrence.zh_hans.sha256_ccba14d47ea27043ef7433e92cc870ff4822b5f66e73a94fdb89b958d2fd69b2	document.zh_hans.zhangdeweb_2024_006	language.expression.zh_hans.sha256_cea9194af81d18522d0fef0e97c794cb6d7434a578caffa64a1a7d8f95479e14	香气简单丰沛	git:dc5d02885c599df207f6bbd8c2bbc4009a4303e8:2025/03/06/coffee/index.html#L535-L564#sensory-occurrence-001-ccba14d47ea2	"{""admission"":""source-reviewed-observed-zh-hans"",""normalization"":""NFKC-whitespace-v1""}"
language.occurrence.zh_hans.sha256_715bdfc7c4b19558ba37d2ecfcf46ede3c5de3f61e079972f41065f06f172969	document.zh_hans.zhangdeweb_2024_006	language.expression.zh_hans.sha256_b66f703ac1b0c4f45de00fd56c182c15769ddb477e37b53f5fc513ebb6c4afd7	劣质香薰味道久久不散	git:dc5d02885c599df207f6bbd8c2bbc4009a4303e8:2025/03/06/coffee/index.html#L535-L564#sensory-occurrence-001-715bdfc7c4b1	"{""admission"":""source-reviewed-observed-zh-hans"",""normalization"":""NFKC-whitespace-v1""}"
language.occurrence.zh_hans.sha256_8b874893e5d34b790d292a6ce5a855c6295d6dea6a80e1c749fac0061d7288c2	document.zh_hans.zhangdeweb_2024_006	language.expression.zh_hans.sha256_0a54d6435991a8c6762ff9b913fb04e5de320fe5576f28ee57dc895a7839d802	劣质香薰味道贯穿始终	git:dc5d02885c599df207f6bbd8c2bbc4009a4303e8:2025/03/06/coffee/index.html#L535-L564#sensory-occurrence-001-8b874893e5d3	"{""admission"":""source-reviewed-observed-zh-hans"",""normalization"":""NFKC-whitespace-v1""}"
language.occurrence.zh_hans.sha256_067748dd3d06b5c5b5819d111a2bbd6552cb51078b453595e323c830dda30637	document.zh_hans.zhangdeweb_2024_007	language.expression.zh_hans.sha256_4f11c47ff9dc622f662a51b57ee3ac3ff7b21c4a607de22a19828b81aecf2d89	醇感重	git:dc5d02885c599df207f6bbd8c2bbc4009a4303e8:2025/03/06/coffee/index.html#L579-L585#sensory-occurrence-001-067748dd3d06	"{""admission"":""source-reviewed-observed-zh-hans"",""normalization"":""NFKC-whitespace-v1""}"
language.occurrence.zh_hans.sha256_578adf53989107e2ee1370b4a957f762074373caf2e7a6ed7b2b3726de616cfb	document.zh_hans.zhangdeweb_2024_007	language.expression.zh_hans.sha256_8d53d80bd8ac445ee01bbf03c74f09cf5eae9ab2c875a4ad59cfb7b7d969ccd3	香甜气息	git:dc5d02885c599df207f6bbd8c2bbc4009a4303e8:2025/03/06/coffee/index.html#L579-L585#sensory-occurrence-001-578adf539891	"{""admission"":""source-reviewed-observed-zh-hans"",""normalization"":""NFKC-whitespace-v1""}"
language.occurrence.zh_hans.sha256_cb8c059d73719efc96acc4eedeb157e785338595548fe9946c5875fbed5bae48	document.zh_hans.zhangdeweb_2024_007	language.expression.zh_hans.sha256_1a1c3658257fb0ee1790de0aceed50ce02b1212713bf267ea313cf36882a7280	风味寡淡	git:dc5d02885c599df207f6bbd8c2bbc4009a4303e8:2025/03/06/coffee/index.html#L579-L585#sensory-occurrence-001-cb8c059d7371	"{""admission"":""source-reviewed-observed-zh-hans"",""normalization"":""NFKC-whitespace-v1""}"
language.occurrence.zh_hans.sha256_c9cd8d4ef887fb1b9dd5c00dd0a8225a0b914101bb09251988c5b1ff804a0866	document.zh_hans.zhangdeweb_2024_007	language.expression.zh_hans.sha256_1427c9bd145869dd9f92c6f8fde97f2e8b0442f254f4ae360e6a6c67e9e483ee	后段苦	git:dc5d02885c599df207f6bbd8c2bbc4009a4303e8:2025/03/06/coffee/index.html#L579-L585#sensory-occurrence-001-c9cd8d4ef887	"{""admission"":""source-reviewed-observed-zh-hans"",""normalization"":""NFKC-whitespace-v1""}"
language.occurrence.zh_hans.sha256_3a0fd80fa1c05f5770d28a00ed1f82ae2c977eb73271d0a351435a87318e0960	document.zh_hans.zhangdeweb_2024_007	language.expression.zh_hans.sha256_a23eeac5f1a4172498dd1ecf7e530d89f069c1dfc2b11ac65655ff399e399a0f	寡淡	git:dc5d02885c599df207f6bbd8c2bbc4009a4303e8:2025/03/06/coffee/index.html#L579-L585#sensory-occurrence-001-3a0fd80fa1c0	"{""admission"":""source-reviewed-observed-zh-hans"",""normalization"":""NFKC-whitespace-v1""}"
language.occurrence.zh_hans.sha256_13fb6169179666fdebbeef7ae642b3adcd8ef748187d039031f0e7175e9f2516	document.zh_hans.zhangdeweb_2024_007	language.expression.zh_hans.sha256_bab44e4e36119dfaf851add1e1f7c8c7d264f2155fc34420c2128cd4ea20f7e9	酸	git:dc5d02885c599df207f6bbd8c2bbc4009a4303e8:2025/03/06/coffee/index.html#L579-L585#sensory-occurrence-001-13fb61691796	"{""admission"":""source-reviewed-observed-zh-hans"",""normalization"":""NFKC-whitespace-v1""}"
language.occurrence.zh_hans.sha256_dfd1813f987aff6a8c07a282443769b1398515f9ab9a47681916a1bf6d5fb8f2	document.zh_hans.zhangdeweb_2024_007	language.expression.zh_hans.sha256_dd397e0f6cb7dd75aa01a97abfe49165eaf9b32fd69963c28c3c46f4ae6ae005	有红薯风味？	git:dc5d02885c599df207f6bbd8c2bbc4009a4303e8:2025/03/06/coffee/index.html#L579-L585#sensory-occurrence-001-dfd1813f987a	"{""admission"":""source-reviewed-observed-zh-hans"",""normalization"":""NFKC-whitespace-v1""}"
language.occurrence.zh_hans.sha256_94c3ec98ccb0ba78018a4e2bdbdb8d2af0ee9e54a7cd4ce14ef4329e61655718	document.zh_hans.zhangdeweb_2024_007	language.expression.zh_hans.sha256_4c0681890924692cec3de9ec90072e3fb25971bf86cff0ae0bf0ff2415b608c0	苦低	git:dc5d02885c599df207f6bbd8c2bbc4009a4303e8:2025/03/06/coffee/index.html#L579-L585#sensory-occurrence-001-94c3ec98ccb0	"{""admission"":""source-reviewed-observed-zh-hans"",""normalization"":""NFKC-whitespace-v1""}"
language.occurrence.zh_hans.sha256_1ee4e35bc8d8ecc839b3d66cb3e2f77f102990936a3b24e9af36c5e76f8b6867	document.zh_hans.zhangdeweb_2024_007	language.expression.zh_hans.sha256_6bcc0800d070ffe0fb3e2d99b7dcc1f97026012911a0c6ce48e799d8141da4e6	有甜感	git:dc5d02885c599df207f6bbd8c2bbc4009a4303e8:2025/03/06/coffee/index.html#L579-L585#sensory-occurrence-001-1ee4e35bc8d8	"{""admission"":""source-reviewed-observed-zh-hans"",""normalization"":""NFKC-whitespace-v1""}"
language.occurrence.zh_hans.sha256_2478f622260be835006ed9a349f0031dd874b5237935bffcfd5611c14b198fe3	document.zh_hans.zhangdeweb_2024_007	language.expression.zh_hans.sha256_88e54fe534a6531abbb91d5c2a29a8c76c6c95d7fe5dfbeb267a0b2c0e4ccf0f	回味有些复杂	git:dc5d02885c599df207f6bbd8c2bbc4009a4303e8:2025/03/06/coffee/index.html#L579-L585#sensory-occurrence-001-2478f622260b	"{""admission"":""source-reviewed-observed-zh-hans"",""normalization"":""NFKC-whitespace-v1""}"
language.occurrence.zh_hans.sha256_75c82d9743045197c0d621257a9cdeec45d4bc6eea7f5e4178b0a6ae6081fb40	document.zh_hans.zhangdeweb_2024_007	language.expression.zh_hans.sha256_5f95f45ed1d37ee7fe8e31b45946752c2c5f0554f9584f9e5e2e913f2ef9966b	暂时不好形容	git:dc5d02885c599df207f6bbd8c2bbc4009a4303e8:2025/03/06/coffee/index.html#L579-L585#sensory-occurrence-001-75c82d974304	"{""admission"":""source-reviewed-observed-zh-hans"",""normalization"":""NFKC-whitespace-v1""}"
language.occurrence.zh_hans.sha256_62f439ef645389b6f673fcfd3df6b164090fdcfcd74510a3eb27d1f69a90df9d	document.zh_hans.rinzemoon_lengcui_2026_04_25	language.expression.zh_hans.sha256_8d2b514d89aeaafe9f98276ef332df78549150513ad88c7dd852f46b3ee278a5	苦甜混合	https://rinzemoon.top/article/articles/LengCui#html-lines-289-356#sensory-occurrence-001-62f439ef6453	"{""admission"":""source-reviewed-observed-zh-hans"",""normalization"":""NFKC-whitespace-v1""}"
language.occurrence.zh_hans.sha256_d121152cef73056e5ba1cb7a132bbd14d9cd56aea6aa629ac46ede70a68dac11	document.zh_hans.rinzemoon_lengcui_2026_04_25	language.expression.zh_hans.sha256_2241bed2b63f1f9c1ed56ef49e27a01536520200d9986c8de0f0404611e8dd58	后段涩苦	https://rinzemoon.top/article/articles/LengCui#html-lines-289-356#sensory-occurrence-001-d121152cef73	"{""admission"":""source-reviewed-observed-zh-hans"",""normalization"":""NFKC-whitespace-v1""}"
language.occurrence.zh_hans.sha256_d6df6500787421bffe44008efe0c54fd541c8558d1c74c475552bb7bf29d9ad6	document.zh_hans.rinzemoon_lengcui_2026_04_25	language.expression.zh_hans.sha256_1f8e996416572b742a33bac1f2bff0115484ca6e1394b28bd5b75c4ab3d222fb	苦涩中有一点甜	https://rinzemoon.top/article/articles/LengCui#html-lines-289-356#sensory-occurrence-001-d6df65007874	"{""admission"":""source-reviewed-observed-zh-hans"",""normalization"":""NFKC-whitespace-v1""}"
language.occurrence.zh_hans.sha256_24b877fe470ee57fdd3fb66b6d4d119713f208fcc56cb1c1eac58c0be395a5f4	document.zh_hans.rinzemoon_lengcui_2026_04_25	language.expression.zh_hans.sha256_d8746363d35f6f9fe4e4ce631c376e0287cfa0be216c4d62b8a5c0daf6c42962	能在嘴里停留一会然后变涩苦	https://rinzemoon.top/article/articles/LengCui#html-lines-289-356#sensory-occurrence-001-24b877fe470e	"{""admission"":""source-reviewed-observed-zh-hans"",""normalization"":""NFKC-whitespace-v1""}"
language.occurrence.zh_hans.sha256_4ed89d592198a17e1fcb24fe1384d68dbd88f1fa60dca1bdccbe27a0789ce967	document.zh_hans.rinzemoon_lengcui_2026_04_25	language.expression.zh_hans.sha256_b8e693b6d7602165a091363d1562c2f23556a0c48a9f955d71378f485a60315c	自然不刺鼻	https://rinzemoon.top/article/articles/LengCui#html-lines-289-356#sensory-occurrence-001-4ed89d592198	"{""admission"":""source-reviewed-observed-zh-hans"",""normalization"":""NFKC-whitespace-v1""}"
language.occurrence.zh_hans.sha256_85c2be5f2d01d365095bc9d36ebf4462ecb9a45f477d25341ef92d2cc7f52f43	document.zh_hans.rinzemoon_lengcui_2026_04_25	language.expression.zh_hans.sha256_bb5eb03c7393a7eedfa3fa866107699b0a36fcdda86ac9b9f40b4ee99be5a861	有酸的感觉	https://rinzemoon.top/article/articles/LengCui#html-lines-289-356#sensory-occurrence-001-85c2be5f2d01	"{""admission"":""source-reviewed-observed-zh-hans"",""normalization"":""NFKC-whitespace-v1""}"
language.occurrence.zh_hans.sha256_619989334fb89e36d9fcd63e2dc97e05b9ce47e2d9a350addc05b283df52765e	document.zh_hans.rinzemoon_lengcui_2026_04_25	language.expression.zh_hans.sha256_a0502352fe0e3973c5d8749938d398fab0f2d55af2921dfbbd6cbeb8b321b3a9	不是变质酸	https://rinzemoon.top/article/articles/LengCui#html-lines-289-356#sensory-occurrence-001-619989334fb8	"{""admission"":""source-reviewed-observed-zh-hans"",""normalization"":""NFKC-whitespace-v1""}"
language.occurrence.zh_hans.sha256_42f21d1140db55819b67763db2a6c9947eaf0d26b3b017cb9c53cda0de094d60	document.zh_hans.rinzemoon_lengcui_2026_04_25	language.expression.zh_hans.sha256_6b070eaae6911e9a715a49f72b491545284e61a29bac6e827b5f4381e33513f4	草药类苦味	https://rinzemoon.top/article/articles/LengCui#html-lines-289-356#sensory-occurrence-001-42f21d1140db	"{""admission"":""source-reviewed-observed-zh-hans"",""normalization"":""NFKC-whitespace-v1""}"
language.occurrence.zh_hans.sha256_93a01dd2565a2c26fc58ebe2a6b233a2495e9af993e55b62f45d9525184b70e9	document.zh_hans.rinzemoon_lengcui_2026_04_25	language.expression.zh_hans.sha256_b168dda819853d3b821ef3b006eb80ee5ce95dc3fec906e2c66d7c29d00e8fba	苦像草药样	https://rinzemoon.top/article/articles/LengCui#html-lines-289-356#sensory-occurrence-001-93a01dd2565a	"{""admission"":""source-reviewed-observed-zh-hans"",""normalization"":""NFKC-whitespace-v1""}"
language.occurrence.zh_hans.sha256_becce911605caaa76f6598dc6e2861a993d98e9b8c6cc6834365c73a942e7cc5	document.zh_hans.rinzemoon_lengcui_2026_04_25	language.expression.zh_hans.sha256_292f4317da12d42cdc3b508f510d3aad2a8db4a5a7f587ffbf938fe3b7654163	介于糖水与焦糖之间	https://rinzemoon.top/article/articles/LengCui#html-lines-289-356#sensory-occurrence-001-becce911605c	"{""admission"":""source-reviewed-observed-zh-hans"",""normalization"":""NFKC-whitespace-v1""}"
language.occurrence.zh_hans.sha256_ef886177ca4a34155302f4e877253f5a139eb650507529f64d3b1d076de4c2e6	document.zh_hans.rinzemoon_lengcui_2026_04_25	language.expression.zh_hans.sha256_9358996a56b86eb57b6bbdcf483f71839eba26bc27c2dc4dc6b82b80a7ee960e	甜像是糖水和焦糖之间	https://rinzemoon.top/article/articles/LengCui#html-lines-289-356#sensory-occurrence-001-ef886177ca4a	"{""admission"":""source-reviewed-observed-zh-hans"",""normalization"":""NFKC-whitespace-v1""}"
language.occurrence.zh_hans.sha256_64aabcb1d92ac9af55b0715f9679c841e0eba956e9dcb9a11c64e9aa3bc5ad47	document.zh_hans.rinzemoon_lengcui_2026_04_25	language.expression.zh_hans.sha256_5935b63de37a10eb7699df2c355c61843786b75769469eafa66f662cfb885e72	类似茶的涩感	https://rinzemoon.top/article/articles/LengCui#html-lines-289-356#sensory-occurrence-001-64aabcb1d92a	"{""admission"":""source-reviewed-observed-zh-hans"",""normalization"":""NFKC-whitespace-v1""}"
language.occurrence.zh_hans.sha256_ffc306af28dc0b92e4706485a83ea4cfba84055fd0768c311e572d22be0de36e	document.zh_hans.rinzemoon_lengcui_2026_04_25	language.expression.zh_hans.sha256_9ce5f380797c307a5f53d46aceabcc312a4691bf82e4de221457fc6faf039600	涩是茶	https://rinzemoon.top/article/articles/LengCui#html-lines-289-356#sensory-occurrence-001-ffc306af28dc	"{""admission"":""source-reviewed-observed-zh-hans"",""normalization"":""NFKC-whitespace-v1""}"
language.occurrence.zh_hans.sha256_06f00fd84348dd6bda86a94ae4500db4c25edefebb223298d5900c8b1eea45c0	document.zh_hans.rinzemoon_lengcui_2026_04_25	language.expression.zh_hans.sha256_558daff23f47e101f9f90c0e6b3ee28c57e8c6baf7a48353c54cd5ebe3466372	余韵（回甘）	https://rinzemoon.top/article/articles/LengCui#html-lines-289-356#sensory-occurrence-001-06f00fd84348	"{""admission"":""source-reviewed-observed-zh-hans"",""normalization"":""NFKC-whitespace-v1""}"
language.occurrence.zh_hans.sha256_cbafc3fb2c061f97e18e11b90179f1fb33a5cdef60d172a07b99360c967817dc	document.zh_hans.rinzemoon_lengcui_2026_04_25	language.expression.zh_hans.sha256_6478e403f08c5122063a3260a8254eea2bfbfe56b16f76f6b05d05357d62f339	喝水后变甜	https://rinzemoon.top/article/articles/LengCui#html-lines-289-356#sensory-occurrence-001-cbafc3fb2c06	"{""admission"":""source-reviewed-observed-zh-hans"",""normalization"":""NFKC-whitespace-v1""}"
language.occurrence.zh_hans.sha256_e5d3f33c25ce3d0df9ee55a6ab1aff1b1574d57b588bcf65e3513e9fddd080ed	document.zh_hans.rinzemoon_lengcui_2026_04_25	language.expression.zh_hans.sha256_76269a91c1e7a79df9af2d5d39f762b882cf7f1760bd191c8cab4c4a9364ac7c	喝水之后变甜	https://rinzemoon.top/article/articles/LengCui#html-lines-289-356#sensory-occurrence-001-e5d3f33c25ce	"{""admission"":""source-reviewed-observed-zh-hans"",""normalization"":""NFKC-whitespace-v1""}"
language.occurrence.zh_hans.sha256_c71e8b3187f820712b4b67c334cd5fad0a762134bf1305b8ee2c1432058a89f1	document.zh_hans.rinzemoon_lengcui_2026_04_25	language.expression.zh_hans.sha256_a7f048de9dcd2a184b10d6bf9e53b7006a28d3852adfa368e62331abec4064fe	隐约花香	https://rinzemoon.top/article/articles/LengCui#html-lines-289-356#sensory-occurrence-001-c71e8b3187f8	"{""admission"":""source-reviewed-observed-zh-hans"",""normalization"":""NFKC-whitespace-v1""}"
language.occurrence.zh_hans.sha256_764f4f807bf68ca3143d4b64954612b3fe95d32bcabb05adebb064e6fb61ca7c	document.zh_hans.rinzemoon_lengcui_2026_04_25	language.expression.zh_hans.sha256_534ddcc27c5953d94ec2225253f245b5db906815be5ee629afec882f52560cfb	有一点花香的感觉	https://rinzemoon.top/article/articles/LengCui#html-lines-289-356#sensory-occurrence-001-764f4f807bf6	"{""admission"":""source-reviewed-observed-zh-hans"",""normalization"":""NFKC-whitespace-v1""}"
language.occurrence.zh_hans.sha256_b142296bba1b4a1b8f40c92d7eb736e2d25f468c21aa946f4026423a0ea2e466	document.zh_hans.rinzemoon_lengcui_2026_04_25	language.expression.zh_hans.sha256_331b9484db802cd40cc22e938093026995b29e7eab28c23cbf4b5fa3acdb6edd	各种味道混合复杂	https://rinzemoon.top/article/articles/LengCui#html-lines-289-356#sensory-occurrence-001-b142296bba1b	"{""admission"":""source-reviewed-observed-zh-hans"",""normalization"":""NFKC-whitespace-v1""}"
language.occurrence.zh_hans.sha256_a81957eb18bbfc20323fc5b9378b496ecaf44b8a90fa35bf780fdeb0689564fb	document.zh_hans.rinzemoon_lengcui_2026_04_25	language.expression.zh_hans.sha256_b457ffc3cc252f3f59ae50dfe83d75159de4b4708a6ce1ef8347d4439a3c5cd9	很混合	https://rinzemoon.top/article/articles/LengCui#html-lines-289-356#sensory-occurrence-001-a81957eb18bb	"{""admission"":""source-reviewed-observed-zh-hans"",""normalization"":""NFKC-whitespace-v1""}"
language.occurrence.zh_hans.sha256_6c655307c059a248df35c5964c9414a90474635b14a166b163b6b3e90828cd9f	document.zh_hans.rinzemoon_lengcui_2026_04_25	language.expression.zh_hans.sha256_b85090cc55a3c165ceb90b2ac882570de4563ce0762465f84cb25e0bb81c4572	明显的草药苦	https://rinzemoon.top/article/articles/LengCui#html-lines-289-356#sensory-occurrence-001-6c655307c059	"{""admission"":""source-reviewed-observed-zh-hans"",""normalization"":""NFKC-whitespace-v1""}"
language.occurrence.zh_hans.sha256_5cbaf9810fce1d62d91fc9004076eb63b116755d7df7cc32a48c27f714d45aaf	document.zh_hans.rinzemoon_lengcui_2026_04_25	language.expression.zh_hans.sha256_da150b74262b07b35f0b602ff8d32b68252a91296185aaedbcbe99bd1d3a226d	茶涩	https://rinzemoon.top/article/articles/LengCui#html-lines-289-356#sensory-occurrence-001-5cbaf9810fce	"{""admission"":""source-reviewed-observed-zh-hans"",""normalization"":""NFKC-whitespace-v1""}"
language.occurrence.zh_hans.sha256_5e671c22fe0c6c8ae31ee180dd758c9eb4e31038b787e8d41e50a295a4daab05	document.zh_hans.rinzemoon_lengcui_2026_04_25	language.expression.zh_hans.sha256_263c839e36c57cad123665dfb3796ee7b9518b46af2cc5d2142529d1a0be38b7	偏苦涩	https://rinzemoon.top/article/articles/LengCui#html-lines-289-356#sensory-occurrence-001-5e671c22fe0c	"{""admission"":""source-reviewed-observed-zh-hans"",""normalization"":""NFKC-whitespace-v1""}"
