benchmark_case_id	surface	cleaned_output_atom_id	base_form_hash	modifier_form_hashes	component_concept_ids	single_label_forced	expected_response
compound-case:78ab79ea3f6d58ec1fbe24e4	MODIFIER_BASE_SEPARATION	cleaned-output-atom:00a3d007e76e067b412a158c	4c6a4839f83d20d276e7ba94bde38eed7e8495fcefcea6222fb5d2ff5b60fc4b	b9043c16af362f30807deaf692025d61c3c803bba1efc43fe2f63dc8b507418d	sensory.sweet	false	STRUCTURED_RELATION_OUTPUT
compound-case:65719a9eae7ee43bbccd0fbe	MODIFIER_BASE_SEPARATION	cleaned-output-atom:01371ec095be3adfc82b98ff	7499aced43869b27f505701e4edc737f0cc346add1240d4ba86fbfa251e0fc35	e6bb5689beec52c4672bd4df92c3613d128d30cdc2b704f76953fe43d89c4ae8		false	STRUCTURED_RELATION_OUTPUT
compound-case:b0eb56c1ce69fa453d399f0f	MODIFIER_BASE_SEPARATION	cleaned-output-atom:018a3ebbb2330cd7f96f5347	9209526aaa61b0709dbb838e14686a26c4a03b53e8eedf34c7e5f6f606110d8c	acbfc58c9b12b002281c0987b9f60a658f66044c2aa142a09d592e4777e3eadc		false	STRUCTURED_RELATION_OUTPUT
compound-case:6ba816cbc99d215c7b9bb793	MODIFIER_BASE_SEPARATION	cleaned-output-atom:01d673b23f5c413319c3644d	7499aced43869b27f505701e4edc737f0cc346add1240d4ba86fbfa251e0fc35	e6bb5689beec52c4672bd4df92c3613d128d30cdc2b704f76953fe43d89c4ae8		false	STRUCTURED_RELATION_OUTPUT
compound-case:b8705ee9cf5c5d5d26d5a2db	MODIFIER_BASE_SEPARATION	cleaned-output-atom:025c119f1c27b46445175c9a	e959da9b402d73baebf73a267f7f8063cb7f8c1212549f9680b8df7b94a8e1ca	447f7f5c325ea17e635bef91bac42e27c55490450f38f1815d8d6c0bb36687ac	sensory.lemon	false	STRUCTURED_RELATION_OUTPUT
compound-case:b10007d91b303d20944cc315	MODIFIER_BASE_SEPARATION	cleaned-output-atom:02b3dec53f581c8628866323	7499aced43869b27f505701e4edc737f0cc346add1240d4ba86fbfa251e0fc35	e6bb5689beec52c4672bd4df92c3613d128d30cdc2b704f76953fe43d89c4ae8		false	STRUCTURED_RELATION_OUTPUT
compound-case:07fdefd7ce996ca017897f9a	MODIFIER_BASE_SEPARATION	cleaned-output-atom:02d38e8d857c53ec4b2e7e99	48fb71763d97b54b752aa17694977d1f87c7707415f25ab63ac2ea2495347ae6	fc66f021c67d064c1490a12b5a4d4d2f5167ca692a16ca12f1f3a4cda29a6fa9		false	STRUCTURED_RELATION_OUTPUT
compound-case:60a4845654864badb17cb53e	MODIFIER_BASE_SEPARATION	cleaned-output-atom:02d87f45580da0da854de70e	7499aced43869b27f505701e4edc737f0cc346add1240d4ba86fbfa251e0fc35	e6bb5689beec52c4672bd4df92c3613d128d30cdc2b704f76953fe43d89c4ae8		false	STRUCTURED_RELATION_OUTPUT
compound-case:b05abb091f9cc014c2fa5b52	MODIFIER_BASE_SEPARATION	cleaned-output-atom:02e36c8a5c872b30dd886098	7499aced43869b27f505701e4edc737f0cc346add1240d4ba86fbfa251e0fc35	e6bb5689beec52c4672bd4df92c3613d128d30cdc2b704f76953fe43d89c4ae8		false	STRUCTURED_RELATION_OUTPUT
compound-case:9900b1764982e6503cf3a99d	COMPOUND_DECOMPOSITION	cleaned-output-atom:03530f324dcc0ea0a2e71e8b	8ab7d8548a9a844cc15713a9cb891fbc74631843de1677673df02f43dbe489ce		sensory.butter|sensory.peanut	false	STRUCTURED_RELATION_OUTPUT
compound-case:75bfe9e07f8854beace7b84a	MODIFIER_BASE_SEPARATION	cleaned-output-atom:03e6455bb5d41c73c00844de	fd988cb54c7f73901d7031ec04bd0e2bcbcf58ef9c2cfedb10064bd1565c3f46	b9043c16af362f30807deaf692025d61c3c803bba1efc43fe2f63dc8b507418d	sensory.sweet	false	STRUCTURED_RELATION_OUTPUT
compound-case:5e26aa1183fad8e421d67c53	MODIFIER_BASE_SEPARATION	cleaned-output-atom:043be17fcd2ad1324469beb8	7499aced43869b27f505701e4edc737f0cc346add1240d4ba86fbfa251e0fc35	e6bb5689beec52c4672bd4df92c3613d128d30cdc2b704f76953fe43d89c4ae8		false	STRUCTURED_RELATION_OUTPUT
compound-case:98eba3e80401c41222e682de	COMPOUND_DECOMPOSITION	cleaned-output-atom:047fc372822803d25bc34269	293be70e40bf77a78406b657f7a9439201ad7ac39828ca8c94c0de59151b885d	b9043c16af362f30807deaf692025d61c3c803bba1efc43fe2f63dc8b507418d	sensory.bitter|sensory.sweet	false	STRUCTURED_RELATION_OUTPUT
compound-case:36c35d49aa404fbdfb9def72	MODIFIER_BASE_SEPARATION	cleaned-output-atom:048921821c6afd4f52d9d3ed	4aee4ac16907823e1e62e961ee685d447306392217e10fdd9bc4ca2a61b06f9b	acbfc58c9b12b002281c0987b9f60a658f66044c2aa142a09d592e4777e3eadc		false	STRUCTURED_RELATION_OUTPUT
compound-case:b8c1acac8cd4d28e542c9fd1	MODIFIER_BASE_SEPARATION	cleaned-output-atom:04ab855ccdcc5bbce2052c6e	9f7411175a19631ed6da69451bb20ed0c4f7fe6398e123f0217efe4942ad49e7	b9043c16af362f30807deaf692025d61c3c803bba1efc43fe2f63dc8b507418d	sensory.sweet	false	STRUCTURED_RELATION_OUTPUT
compound-case:0cb7956767b5aa1ddcfed318	MODIFIER_BASE_SEPARATION	cleaned-output-atom:04bc1ae3c130a7f08e05de93	7499aced43869b27f505701e4edc737f0cc346add1240d4ba86fbfa251e0fc35	e6bb5689beec52c4672bd4df92c3613d128d30cdc2b704f76953fe43d89c4ae8		false	STRUCTURED_RELATION_OUTPUT
compound-case:fc4b1dea8ab9bd3adf54333c	MODIFIER_BASE_SEPARATION	cleaned-output-atom:04f4fb4c8ff65e3de6252846	7499aced43869b27f505701e4edc737f0cc346add1240d4ba86fbfa251e0fc35	e6bb5689beec52c4672bd4df92c3613d128d30cdc2b704f76953fe43d89c4ae8		false	STRUCTURED_RELATION_OUTPUT
compound-case:4b64fbfea05a99547d56ffcd	COMPOUND_DECOMPOSITION	cleaned-output-atom:04fe415689f6f2b7f493bfc4	afb888036cdaa7f9de18f394a0835ad6688d8e9fd9ba5b0d17979b051f591a1a		sensory.lemon|sensory.lime	false	STRUCTURED_RELATION_OUTPUT
compound-case:f82cb06bcb4d4f6f8f6fcbe1	MODIFIER_BASE_SEPARATION	cleaned-output-atom:0518bb9e275b5b1f5a90fca1	7499aced43869b27f505701e4edc737f0cc346add1240d4ba86fbfa251e0fc35	e6bb5689beec52c4672bd4df92c3613d128d30cdc2b704f76953fe43d89c4ae8		false	STRUCTURED_RELATION_OUTPUT
compound-case:9ab64d4ddcf322bdbf5afcd1	MODIFIER_BASE_SEPARATION	cleaned-output-atom:053fd0c695c814f389c9ced5	569ff754c53406ce1562eb6c1a0d3e84596a17edff586fcf58452ba8fbf456e4	6ef7c9b15ecdd69083724b84cfdc2100351963488b51b4ea2fcbddf493fbec94		false	STRUCTURED_RELATION_OUTPUT
compound-case:94bdacb03181191486e0704d	MODIFIER_BASE_SEPARATION	cleaned-output-atom:0554c975b89a32f5d1d7105e	5b213c2648697f5a982e57238fc6277e88d873c84187b93c0108557716fde9c8	d098ab5e44b9aabb755f76d806598f43573c662b35e4a2eab1e312ec9ad195e2		false	STRUCTURED_RELATION_OUTPUT
compound-case:0157ab8c622e550eaf2417af	MODIFIER_BASE_SEPARATION	cleaned-output-atom:057f8714492677ca6a2603cd	9209526aaa61b0709dbb838e14686a26c4a03b53e8eedf34c7e5f6f606110d8c	acbfc58c9b12b002281c0987b9f60a658f66044c2aa142a09d592e4777e3eadc		false	STRUCTURED_RELATION_OUTPUT
compound-case:5cca74ca94263e3d93781643	MODIFIER_BASE_SEPARATION	cleaned-output-atom:05bf92672bed8926490a6989	7499aced43869b27f505701e4edc737f0cc346add1240d4ba86fbfa251e0fc35	e6bb5689beec52c4672bd4df92c3613d128d30cdc2b704f76953fe43d89c4ae8		false	STRUCTURED_RELATION_OUTPUT
compound-case:24424db67ac457766eb789cd	MODIFIER_BASE_SEPARATION	cleaned-output-atom:05c608d15f6bb56ac8adaa79	9209526aaa61b0709dbb838e14686a26c4a03b53e8eedf34c7e5f6f606110d8c	acbfc58c9b12b002281c0987b9f60a658f66044c2aa142a09d592e4777e3eadc		false	STRUCTURED_RELATION_OUTPUT
compound-case:77ccbecee6ea7e56df58efea	MODIFIER_BASE_SEPARATION	cleaned-output-atom:05cb39c196b7fe1012b63ee1	4e10a4fb82b2a3dd638f3c704eecdff14fcc2158e964b3d630c1dab4efaf5ade	b9043c16af362f30807deaf692025d61c3c803bba1efc43fe2f63dc8b507418d	sensory.sweet	false	STRUCTURED_RELATION_OUTPUT
compound-case:01436782eb3c609283fe3acf	MODIFIER_BASE_SEPARATION	cleaned-output-atom:05f69d02123f6a6b8772fd19	c1deb3268b977bb925905657adbb0102e853340b00f69a17c1eb72386cac4a42	b9043c16af362f30807deaf692025d61c3c803bba1efc43fe2f63dc8b507418d	sensory.sweet	false	STRUCTURED_RELATION_OUTPUT
compound-case:6cb4078db291d0c450d1ba80	MODIFIER_BASE_SEPARATION	cleaned-output-atom:060eb80ae07121e6b5a252fd	cdc29937887188ad3702d1831d5b7ec66333a2a909e1f242432eb168d4c7b08b	b9043c16af362f30807deaf692025d61c3c803bba1efc43fe2f63dc8b507418d	sensory.sweet	false	STRUCTURED_RELATION_OUTPUT
compound-case:8a86b009c25487dcf77379e0	MODIFIER_BASE_SEPARATION	cleaned-output-atom:061ceb0213af7577ce09bba9	7499aced43869b27f505701e4edc737f0cc346add1240d4ba86fbfa251e0fc35	e6bb5689beec52c4672bd4df92c3613d128d30cdc2b704f76953fe43d89c4ae8		false	STRUCTURED_RELATION_OUTPUT
compound-case:e5e4989b967933bd318ef42d	MODIFIER_BASE_SEPARATION	cleaned-output-atom:0667c87d8906f264931439b6	7499aced43869b27f505701e4edc737f0cc346add1240d4ba86fbfa251e0fc35	e6bb5689beec52c4672bd4df92c3613d128d30cdc2b704f76953fe43d89c4ae8		false	STRUCTURED_RELATION_OUTPUT
compound-case:809d384d9baf85fedf3b307e	MODIFIER_BASE_SEPARATION	cleaned-output-atom:068a02ed22cffc602ca7383e	7499aced43869b27f505701e4edc737f0cc346add1240d4ba86fbfa251e0fc35	e6bb5689beec52c4672bd4df92c3613d128d30cdc2b704f76953fe43d89c4ae8		false	STRUCTURED_RELATION_OUTPUT
compound-case:ffdbe64fbaae15e835cc4408	MODIFIER_BASE_SEPARATION	cleaned-output-atom:0698e6b2d4410b3bd423d749	47240af01aeab2e44751a7ebf7ddb4f631447e7600174ddfbecbfe4ef774789b	6c1ff09db3a73dc4a854f695d20d174a848d55f2d743bab2ee1f8fc75be454f3		false	STRUCTURED_RELATION_OUTPUT
compound-case:71bfa0de8e9145ed3b5a423a	MODIFIER_BASE_SEPARATION	cleaned-output-atom:06abe3db6fc3538cb568400d	9209526aaa61b0709dbb838e14686a26c4a03b53e8eedf34c7e5f6f606110d8c	acbfc58c9b12b002281c0987b9f60a658f66044c2aa142a09d592e4777e3eadc		false	STRUCTURED_RELATION_OUTPUT
compound-case:59c62c553ad1aef5e328c619	COMPOUND_DECOMPOSITION	cleaned-output-atom:06f65d02e91357488f31f217	d6a371448221ad3ccf146322a0bcb6c2b352d77692d7ef9d48172fba44489637		sensory.honey|sensory.lemon	false	STRUCTURED_RELATION_OUTPUT
compound-case:684ca36f3df340db70f1517d	MODIFIER_BASE_SEPARATION	cleaned-output-atom:0711ccb8cdf5e2be40fa86fb	9209526aaa61b0709dbb838e14686a26c4a03b53e8eedf34c7e5f6f606110d8c	acbfc58c9b12b002281c0987b9f60a658f66044c2aa142a09d592e4777e3eadc		false	STRUCTURED_RELATION_OUTPUT
compound-case:3d97e652f415c29be8733efb	MODIFIER_BASE_SEPARATION	cleaned-output-atom:0761015030c70596ce6c6410	c1deb3268b977bb925905657adbb0102e853340b00f69a17c1eb72386cac4a42	b9043c16af362f30807deaf692025d61c3c803bba1efc43fe2f63dc8b507418d	sensory.sweet	false	STRUCTURED_RELATION_OUTPUT
compound-case:9d9e5ec985bff5a9c9c4d48b	MODIFIER_BASE_SEPARATION	cleaned-output-atom:077c708ee7a4bf53755c37df	4c6a4839f83d20d276e7ba94bde38eed7e8495fcefcea6222fb5d2ff5b60fc4b	b9043c16af362f30807deaf692025d61c3c803bba1efc43fe2f63dc8b507418d	sensory.sweet	false	STRUCTURED_RELATION_OUTPUT
compound-case:aefa7f12c715ed9f0c235f35	MODIFIER_BASE_SEPARATION	cleaned-output-atom:07a0013c60ad3319c24441bf	9209526aaa61b0709dbb838e14686a26c4a03b53e8eedf34c7e5f6f606110d8c	acbfc58c9b12b002281c0987b9f60a658f66044c2aa142a09d592e4777e3eadc		false	STRUCTURED_RELATION_OUTPUT
compound-case:cc7dc4486e5ad6eb73b7d1ca	MODIFIER_BASE_SEPARATION	cleaned-output-atom:08091534a747e6e09a9d527c	7499aced43869b27f505701e4edc737f0cc346add1240d4ba86fbfa251e0fc35	e6bb5689beec52c4672bd4df92c3613d128d30cdc2b704f76953fe43d89c4ae8		false	STRUCTURED_RELATION_OUTPUT
compound-case:56de842475c946359ec733e4	MODIFIER_BASE_SEPARATION	cleaned-output-atom:0818726e4e01a19b4032203e	9209526aaa61b0709dbb838e14686a26c4a03b53e8eedf34c7e5f6f606110d8c	acbfc58c9b12b002281c0987b9f60a658f66044c2aa142a09d592e4777e3eadc		false	STRUCTURED_RELATION_OUTPUT
compound-case:1812d89ced695c06181ef24d	MODIFIER_BASE_SEPARATION	cleaned-output-atom:086743de27b755ae92e5c5ef	9209526aaa61b0709dbb838e14686a26c4a03b53e8eedf34c7e5f6f606110d8c	acbfc58c9b12b002281c0987b9f60a658f66044c2aa142a09d592e4777e3eadc		false	STRUCTURED_RELATION_OUTPUT
compound-case:ff6578c817242674c8c9a12e	MODIFIER_BASE_SEPARATION	cleaned-output-atom:08edb2c589358938f1fa82e3	4c6a4839f83d20d276e7ba94bde38eed7e8495fcefcea6222fb5d2ff5b60fc4b	b9043c16af362f30807deaf692025d61c3c803bba1efc43fe2f63dc8b507418d	sensory.sweet	false	STRUCTURED_RELATION_OUTPUT
compound-case:c07ad807e182820934dd998e	COMPOUND_DECOMPOSITION	cleaned-output-atom:08f941c9b2a3077a50c6cb8f	938d6c1659dca679e1c8f5c0fe4a439eb536cd3b29054e273b3c5a8de9a10b31		sensory.cinnamon|sensory.orange	false	STRUCTURED_RELATION_OUTPUT
compound-case:32ed277a8fce7b3ef9a542a8	MODIFIER_BASE_SEPARATION	cleaned-output-atom:092ae728f9008c3601505c21	4c08ea034eacdb4980931a9a7eb2e7463ae8146c94be7d953d8199773b3286a6	f5f445528f4a0134354c891fbd95fd0734d25cb2c9206c4684545ae49b14d29b		false	STRUCTURED_RELATION_OUTPUT
compound-case:2bd468c99017f6a52b6ce762	MODIFIER_BASE_SEPARATION	cleaned-output-atom:0973388136f8b458749b5bb4	7499aced43869b27f505701e4edc737f0cc346add1240d4ba86fbfa251e0fc35	e6bb5689beec52c4672bd4df92c3613d128d30cdc2b704f76953fe43d89c4ae8		false	STRUCTURED_RELATION_OUTPUT
compound-case:d2bb0f1c8403ed0a4202db6c	MODIFIER_BASE_SEPARATION	cleaned-output-atom:09888224035a3e8f8b2c60cf	7499aced43869b27f505701e4edc737f0cc346add1240d4ba86fbfa251e0fc35	e6bb5689beec52c4672bd4df92c3613d128d30cdc2b704f76953fe43d89c4ae8		false	STRUCTURED_RELATION_OUTPUT
compound-case:8c1a11db41de802a76216616	MODIFIER_BASE_SEPARATION	cleaned-output-atom:0995d29e251cb9e7117f187f	73d1b1b1bc1dabfb97f216d897b7968e44b06457920f00f2dc6c1ed3be25ad4c	b9043c16af362f30807deaf692025d61c3c803bba1efc43fe2f63dc8b507418d	sensory.sweet	false	STRUCTURED_RELATION_OUTPUT
compound-case:649a078e0e6f054c9bc1e9f3	MODIFIER_BASE_SEPARATION	cleaned-output-atom:09a57d65ae4a06d1a3e2c69a	7499aced43869b27f505701e4edc737f0cc346add1240d4ba86fbfa251e0fc35	e6bb5689beec52c4672bd4df92c3613d128d30cdc2b704f76953fe43d89c4ae8		false	STRUCTURED_RELATION_OUTPUT
compound-case:d7405a89ae335a809c5b514c	MODIFIER_BASE_SEPARATION	cleaned-output-atom:09d21c8090f884ba3579d91f	1bb1f7be44952b3591a534d2879dbfc2fef8b8a41aeb7ff94187328843bde659	d0d092b83d4aefab43b6c1ba0d766d7e1a0d2677ab9abe374d6d5fe83a1ee641		false	STRUCTURED_RELATION_OUTPUT
compound-case:a5651dd894d940f532c4db82	MODIFIER_BASE_SEPARATION	cleaned-output-atom:0a187379d3da53a32b603920	7499aced43869b27f505701e4edc737f0cc346add1240d4ba86fbfa251e0fc35	e6bb5689beec52c4672bd4df92c3613d128d30cdc2b704f76953fe43d89c4ae8		false	STRUCTURED_RELATION_OUTPUT
compound-case:9eff55ab552cc75eb60d370f	MODIFIER_BASE_SEPARATION	cleaned-output-atom:0a20ccd71580b4fb36f801ae	7499aced43869b27f505701e4edc737f0cc346add1240d4ba86fbfa251e0fc35	e6bb5689beec52c4672bd4df92c3613d128d30cdc2b704f76953fe43d89c4ae8		false	STRUCTURED_RELATION_OUTPUT
compound-case:07145661bbdd637b6b07f702	MODIFIER_BASE_SEPARATION	cleaned-output-atom:0a30bb8c59225568236250cc	7499aced43869b27f505701e4edc737f0cc346add1240d4ba86fbfa251e0fc35	e6bb5689beec52c4672bd4df92c3613d128d30cdc2b704f76953fe43d89c4ae8		false	STRUCTURED_RELATION_OUTPUT
compound-case:3d3795cb58d0ef1ac2d71c01	COMPOUND_DECOMPOSITION	cleaned-output-atom:0ac7637cdff2872b6e11dfd7	d573b9b21c6666d202599caa72b2c54abae871c7e7f1f516045b7a122bc66444		sensory.plum|sensory.smoky	false	STRUCTURED_RELATION_OUTPUT
compound-case:d11739a1505165b55d82e41b	MODIFIER_BASE_SEPARATION	cleaned-output-atom:0ac7bb5abfe8d37cdcd3a267	c1deb3268b977bb925905657adbb0102e853340b00f69a17c1eb72386cac4a42	b9043c16af362f30807deaf692025d61c3c803bba1efc43fe2f63dc8b507418d	sensory.sweet	false	STRUCTURED_RELATION_OUTPUT
compound-case:9ad58ea03605ecb2bef5bfcf	MODIFIER_BASE_SEPARATION	cleaned-output-atom:0b39699e36436ce204afcad0	7499aced43869b27f505701e4edc737f0cc346add1240d4ba86fbfa251e0fc35	e6bb5689beec52c4672bd4df92c3613d128d30cdc2b704f76953fe43d89c4ae8		false	STRUCTURED_RELATION_OUTPUT
compound-case:55d5a2b594397ad5eb0a930e	MODIFIER_BASE_SEPARATION	cleaned-output-atom:0b4796c7eef99bf2c52ff403	7499aced43869b27f505701e4edc737f0cc346add1240d4ba86fbfa251e0fc35	e6bb5689beec52c4672bd4df92c3613d128d30cdc2b704f76953fe43d89c4ae8		false	STRUCTURED_RELATION_OUTPUT
compound-case:c20fa7d1912775aeeea6fb41	MODIFIER_BASE_SEPARATION	cleaned-output-atom:0b8d03440493bf48c1cd2482	c1deb3268b977bb925905657adbb0102e853340b00f69a17c1eb72386cac4a42	b9043c16af362f30807deaf692025d61c3c803bba1efc43fe2f63dc8b507418d	sensory.sweet	false	STRUCTURED_RELATION_OUTPUT
compound-case:4239346c7b23ab93108ff22e	MODIFIER_BASE_SEPARATION	cleaned-output-atom:0bddca58b12dd0b4b48d58e0	f0dd258095f14992b82450851517bd9155421a29fb945c16b3128f23638ac706	b9043c16af362f30807deaf692025d61c3c803bba1efc43fe2f63dc8b507418d	sensory.sweet	false	STRUCTURED_RELATION_OUTPUT
compound-case:0434ba3ceda74ed61a630292	MODIFIER_BASE_SEPARATION	cleaned-output-atom:0bf462e34f5172172b922834	48fb71763d97b54b752aa17694977d1f87c7707415f25ab63ac2ea2495347ae6	b9043c16af362f30807deaf692025d61c3c803bba1efc43fe2f63dc8b507418d	sensory.sweet	false	STRUCTURED_RELATION_OUTPUT
compound-case:6c817f500405bf58c6ea2cf7	MODIFIER_BASE_SEPARATION	cleaned-output-atom:0c4df3a36455e0f3ab5a4b37	7499aced43869b27f505701e4edc737f0cc346add1240d4ba86fbfa251e0fc35	e6bb5689beec52c4672bd4df92c3613d128d30cdc2b704f76953fe43d89c4ae8		false	STRUCTURED_RELATION_OUTPUT
compound-case:f6be57b8d1028023f090ffc7	MODIFIER_BASE_SEPARATION	cleaned-output-atom:0c67970d8386f6f6c00a1984	60a0f78b507f6249a6e29eee34f3f2940188b0b995715a82a03469f5d1586275	3b066804f6d1d077173cfe4d06002e6a61e6f21c2b2e648417962115f1afcd8e		false	STRUCTURED_RELATION_OUTPUT
compound-case:a776b762254673ec5e79ffd9	MODIFIER_BASE_SEPARATION	cleaned-output-atom:0ca8b4ad874cd7b7a0b57d9f	7499aced43869b27f505701e4edc737f0cc346add1240d4ba86fbfa251e0fc35	e6bb5689beec52c4672bd4df92c3613d128d30cdc2b704f76953fe43d89c4ae8		false	STRUCTURED_RELATION_OUTPUT
compound-case:ce6922224aa1e785fe0e037d	MODIFIER_BASE_SEPARATION	cleaned-output-atom:0d06ebb7774d52481bd50aa4	7499aced43869b27f505701e4edc737f0cc346add1240d4ba86fbfa251e0fc35	e6bb5689beec52c4672bd4df92c3613d128d30cdc2b704f76953fe43d89c4ae8		false	STRUCTURED_RELATION_OUTPUT
compound-case:bad32e1a6928b6472befca74	MODIFIER_BASE_SEPARATION	cleaned-output-atom:0d44cfd79d428bc8d80cecdd	9209526aaa61b0709dbb838e14686a26c4a03b53e8eedf34c7e5f6f606110d8c	acbfc58c9b12b002281c0987b9f60a658f66044c2aa142a09d592e4777e3eadc		false	STRUCTURED_RELATION_OUTPUT
compound-case:17c3dbb02dba6e9672be4038	MODIFIER_BASE_SEPARATION	cleaned-output-atom:0d7d5ef51ffa4a25b94bafe5	4e10a4fb82b2a3dd638f3c704eecdff14fcc2158e964b3d630c1dab4efaf5ade	447f7f5c325ea17e635bef91bac42e27c55490450f38f1815d8d6c0bb36687ac		false	STRUCTURED_RELATION_OUTPUT
compound-case:08df2146486ddd273559e087	MODIFIER_BASE_SEPARATION	cleaned-output-atom:0d7db3ec0867a05391f81710	9209526aaa61b0709dbb838e14686a26c4a03b53e8eedf34c7e5f6f606110d8c	acbfc58c9b12b002281c0987b9f60a658f66044c2aa142a09d592e4777e3eadc		false	STRUCTURED_RELATION_OUTPUT
compound-case:e38e2968d8050139b76d2700	MODIFIER_BASE_SEPARATION	cleaned-output-atom:0dc5fe4c6062c1137b071d22	51b30c3940f1ac5c337c31fdbcca77a13ad88fb3b413e00041c326cb3df1aa31	b9043c16af362f30807deaf692025d61c3c803bba1efc43fe2f63dc8b507418d	sensory.sweet	false	STRUCTURED_RELATION_OUTPUT
compound-case:96be7e58b72f39a1f3ac8cc7	MODIFIER_BASE_SEPARATION	cleaned-output-atom:0e05a36d38d4502759f7645a	73d1b1b1bc1dabfb97f216d897b7968e44b06457920f00f2dc6c1ed3be25ad4c	b9043c16af362f30807deaf692025d61c3c803bba1efc43fe2f63dc8b507418d	sensory.sweet	false	STRUCTURED_RELATION_OUTPUT
compound-case:2462a9407fe8c57627db92b2	MODIFIER_BASE_SEPARATION	cleaned-output-atom:0e3a8644aa6f0c7146bcc45c	7499aced43869b27f505701e4edc737f0cc346add1240d4ba86fbfa251e0fc35	e6bb5689beec52c4672bd4df92c3613d128d30cdc2b704f76953fe43d89c4ae8		false	STRUCTURED_RELATION_OUTPUT
compound-case:b7003d22841eadd356619897	MODIFIER_BASE_SEPARATION	cleaned-output-atom:0e3bf93a32e6e36cda5ee401	7499aced43869b27f505701e4edc737f0cc346add1240d4ba86fbfa251e0fc35	e6bb5689beec52c4672bd4df92c3613d128d30cdc2b704f76953fe43d89c4ae8		false	STRUCTURED_RELATION_OUTPUT
compound-case:757980bf8e0f97114303c607	MODIFIER_BASE_SEPARATION	cleaned-output-atom:0e7e58d554afe96ebacc40c6	7499aced43869b27f505701e4edc737f0cc346add1240d4ba86fbfa251e0fc35	e6bb5689beec52c4672bd4df92c3613d128d30cdc2b704f76953fe43d89c4ae8		false	STRUCTURED_RELATION_OUTPUT
compound-case:a06646b8595bff2a1102654a	MODIFIER_BASE_SEPARATION	cleaned-output-atom:0e82319ad0ca9a3cac6a9a4a	c1deb3268b977bb925905657adbb0102e853340b00f69a17c1eb72386cac4a42	b9043c16af362f30807deaf692025d61c3c803bba1efc43fe2f63dc8b507418d	sensory.sweet	false	STRUCTURED_RELATION_OUTPUT
compound-case:1eb72249b60d3b722423b7bc	MODIFIER_BASE_SEPARATION	cleaned-output-atom:0e860fdda5f70bd777517697	9209526aaa61b0709dbb838e14686a26c4a03b53e8eedf34c7e5f6f606110d8c	acbfc58c9b12b002281c0987b9f60a658f66044c2aa142a09d592e4777e3eadc		false	STRUCTURED_RELATION_OUTPUT
compound-case:5f01d20fe349ffab8cbf0537	MODIFIER_BASE_SEPARATION	cleaned-output-atom:0e90c9489667f586b004353b	4e10a4fb82b2a3dd638f3c704eecdff14fcc2158e964b3d630c1dab4efaf5ade	fc66f021c67d064c1490a12b5a4d4d2f5167ca692a16ca12f1f3a4cda29a6fa9		false	STRUCTURED_RELATION_OUTPUT
compound-case:9c7bb7b138b5d9e412ec9024	MODIFIER_BASE_SEPARATION	cleaned-output-atom:0eb34a21d7615a722d6f7bf8	9209526aaa61b0709dbb838e14686a26c4a03b53e8eedf34c7e5f6f606110d8c	acbfc58c9b12b002281c0987b9f60a658f66044c2aa142a09d592e4777e3eadc		false	STRUCTURED_RELATION_OUTPUT
compound-case:3b764de4bf8e52d2c6562602	MODIFIER_BASE_SEPARATION	cleaned-output-atom:0ee15ef5929cb75d24721f18	7499aced43869b27f505701e4edc737f0cc346add1240d4ba86fbfa251e0fc35	e6bb5689beec52c4672bd4df92c3613d128d30cdc2b704f76953fe43d89c4ae8		false	STRUCTURED_RELATION_OUTPUT
compound-case:37de410020f94f24fb455515	MODIFIER_BASE_SEPARATION	cleaned-output-atom:0eead6156cfcf27cf02143a7	c1deb3268b977bb925905657adbb0102e853340b00f69a17c1eb72386cac4a42	b9043c16af362f30807deaf692025d61c3c803bba1efc43fe2f63dc8b507418d	sensory.sweet	false	STRUCTURED_RELATION_OUTPUT
compound-case:6af4b53c558b1da1f117d7b3	MODIFIER_BASE_SEPARATION	cleaned-output-atom:0ef796fa1304c4138cfa732d	c1deb3268b977bb925905657adbb0102e853340b00f69a17c1eb72386cac4a42	b9043c16af362f30807deaf692025d61c3c803bba1efc43fe2f63dc8b507418d	sensory.sweet	false	STRUCTURED_RELATION_OUTPUT
compound-case:d2c9905b6a6253ce3b53c25d	MODIFIER_BASE_SEPARATION	cleaned-output-atom:0f5c09ed4d6abf63bd3398a5	c1deb3268b977bb925905657adbb0102e853340b00f69a17c1eb72386cac4a42	b9043c16af362f30807deaf692025d61c3c803bba1efc43fe2f63dc8b507418d	sensory.sweet	false	STRUCTURED_RELATION_OUTPUT
compound-case:3264667d262323ce5ef8d351	MODIFIER_BASE_SEPARATION	cleaned-output-atom:0f73d50b609f6bebb9fd1766	7499aced43869b27f505701e4edc737f0cc346add1240d4ba86fbfa251e0fc35	e6bb5689beec52c4672bd4df92c3613d128d30cdc2b704f76953fe43d89c4ae8		false	STRUCTURED_RELATION_OUTPUT
compound-case:5a414815337afaa925e6d7ea	MODIFIER_BASE_SEPARATION	cleaned-output-atom:1116ab11d47fc6b7293d77ab	7499aced43869b27f505701e4edc737f0cc346add1240d4ba86fbfa251e0fc35	e6bb5689beec52c4672bd4df92c3613d128d30cdc2b704f76953fe43d89c4ae8		false	STRUCTURED_RELATION_OUTPUT
compound-case:5615d9d12e37a6e512ef6129	COMPOUND_DECOMPOSITION	cleaned-output-atom:1155c6d2989c104e8ab3eada	8bcea6a7b3b9089953311ded48d89e0795f1677785eb89c890ac63ad68b03914	b9043c16af362f30807deaf692025d61c3c803bba1efc43fe2f63dc8b507418d	sensory.molasses|sensory.sweet	false	STRUCTURED_RELATION_OUTPUT
compound-case:6a3504a09ce2c2eea295da46	MODIFIER_BASE_SEPARATION	cleaned-output-atom:115770659a10492aff187212	7499aced43869b27f505701e4edc737f0cc346add1240d4ba86fbfa251e0fc35	e6bb5689beec52c4672bd4df92c3613d128d30cdc2b704f76953fe43d89c4ae8		false	STRUCTURED_RELATION_OUTPUT
compound-case:2919a1f65b57f8801d24566c	MODIFIER_BASE_SEPARATION	cleaned-output-atom:11d4adce8c49ee15f195ed9b	738bac394dea19438af949c85e3286318ebbc00dc4a958adfba2334bb8aeb9b2	b9043c16af362f30807deaf692025d61c3c803bba1efc43fe2f63dc8b507418d	sensory.sweet	false	STRUCTURED_RELATION_OUTPUT
compound-case:8911e93a3bc748c428de8ce9	MODIFIER_BASE_SEPARATION	cleaned-output-atom:11f825ac727ae51d566f196d	7499aced43869b27f505701e4edc737f0cc346add1240d4ba86fbfa251e0fc35	e6bb5689beec52c4672bd4df92c3613d128d30cdc2b704f76953fe43d89c4ae8		false	STRUCTURED_RELATION_OUTPUT
compound-case:44aef9027149be53f71cf9c0	MODIFIER_BASE_SEPARATION	cleaned-output-atom:120d959588439c921f5c7157	7499aced43869b27f505701e4edc737f0cc346add1240d4ba86fbfa251e0fc35	e6bb5689beec52c4672bd4df92c3613d128d30cdc2b704f76953fe43d89c4ae8		false	STRUCTURED_RELATION_OUTPUT
compound-case:8e2bb0c2b91073e8d35a4b87	MODIFIER_BASE_SEPARATION	cleaned-output-atom:12d4146e15e66870bf77a1ad	48fb71763d97b54b752aa17694977d1f87c7707415f25ab63ac2ea2495347ae6	b9043c16af362f30807deaf692025d61c3c803bba1efc43fe2f63dc8b507418d	sensory.sweet	false	STRUCTURED_RELATION_OUTPUT
compound-case:07147ac44ee3cd2dbb5e9fe0	MODIFIER_BASE_SEPARATION	cleaned-output-atom:1323e2573ddbb6756b8b46db	7499aced43869b27f505701e4edc737f0cc346add1240d4ba86fbfa251e0fc35	e6bb5689beec52c4672bd4df92c3613d128d30cdc2b704f76953fe43d89c4ae8		false	STRUCTURED_RELATION_OUTPUT
compound-case:ee62b525d575071177213783	MODIFIER_BASE_SEPARATION	cleaned-output-atom:134325d4d4141747da8491e4	c1deb3268b977bb925905657adbb0102e853340b00f69a17c1eb72386cac4a42	b9043c16af362f30807deaf692025d61c3c803bba1efc43fe2f63dc8b507418d	sensory.sweet	false	STRUCTURED_RELATION_OUTPUT
compound-case:1bffcad2a3e9f1a22c41a96d	COMPOUND_DECOMPOSITION	cleaned-output-atom:1377c4923c04b4b7ebc7d8fb	119d583b1501189ba0a5dd289df73b39137a23d38cf4cb5f92e602353f5fc308	3b066804f6d1d077173cfe4d06002e6a61e6f21c2b2e648417962115f1afcd8e	sensory.apple|sensory.raspberry	false	STRUCTURED_RELATION_OUTPUT
compound-case:60090455f57552efb20b5a40	MODIFIER_BASE_SEPARATION	cleaned-output-atom:13a658cf153b1bf3f7854eef	7499aced43869b27f505701e4edc737f0cc346add1240d4ba86fbfa251e0fc35	e6bb5689beec52c4672bd4df92c3613d128d30cdc2b704f76953fe43d89c4ae8		false	STRUCTURED_RELATION_OUTPUT
compound-case:2eeb5c33d1de651495deea3f	MODIFIER_BASE_SEPARATION	cleaned-output-atom:141c64cd752ec923a63c77a6	7499aced43869b27f505701e4edc737f0cc346add1240d4ba86fbfa251e0fc35	e6bb5689beec52c4672bd4df92c3613d128d30cdc2b704f76953fe43d89c4ae8		false	STRUCTURED_RELATION_OUTPUT
compound-case:466aa2539ad85d0062a8e8a6	COMPOUND_DECOMPOSITION	cleaned-output-atom:1497c405852f6058935e3e8a	21608be7db7ad64203be7164b3cb9ac415f8d34ee28e7ffdcf7dc02e9720f718		sensory.caramel|sensory.toast	false	STRUCTURED_RELATION_OUTPUT
compound-case:6c17e4aa0b97a5a61b46174c	MODIFIER_BASE_SEPARATION	cleaned-output-atom:14bf12816859f6dbaf8ceda7	4c6a4839f83d20d276e7ba94bde38eed7e8495fcefcea6222fb5d2ff5b60fc4b	b9043c16af362f30807deaf692025d61c3c803bba1efc43fe2f63dc8b507418d	sensory.sweet	false	STRUCTURED_RELATION_OUTPUT
compound-case:ab9d1d4da44d6786ae162b67	MODIFIER_BASE_SEPARATION	cleaned-output-atom:14da3f79b5a03865546f8f87	9209526aaa61b0709dbb838e14686a26c4a03b53e8eedf34c7e5f6f606110d8c	acbfc58c9b12b002281c0987b9f60a658f66044c2aa142a09d592e4777e3eadc		false	STRUCTURED_RELATION_OUTPUT
compound-case:da831dccd2340f6fcc3bb1cf	COMPOUND_DECOMPOSITION	cleaned-output-atom:1546ea236386166efb2810b1	d92c07ad493ff6a533049fbffc733a8d5641875af630deb86f059135d06f3cb9		sensory.burnt|sensory.caramel	false	STRUCTURED_RELATION_OUTPUT
compound-case:473ec1c0d6fc20c677b82979	COMPOUND_DECOMPOSITION	cleaned-output-atom:1555e8249749de4c8d148eae	3f6273e40d885219fd05451000498e9f49a29b2d60974abc727de5a68ad4a059	b9043c16af362f30807deaf692025d61c3c803bba1efc43fe2f63dc8b507418d	sensory.grape|sensory.sweet	false	STRUCTURED_RELATION_OUTPUT
compound-case:4b6920fe7551caebfa8cc628	COMPOUND_DECOMPOSITION	cleaned-output-atom:15910d9bc4e86fc45a91a6ab	eaf85f6960c89fea984100a402b8a82644ec37776be352d5353ce9e1c563522b		sensory.caramel|sensory.peach	false	STRUCTURED_RELATION_OUTPUT
compound-case:cf15bb5e9e3d15c5ad7ff591	MODIFIER_BASE_SEPARATION	cleaned-output-atom:15bc58dfdcf580b952015afa	da4dbbd5c4154adf2230048ff137438214dee3cdbc360851b676a0708469b576	b9043c16af362f30807deaf692025d61c3c803bba1efc43fe2f63dc8b507418d	sensory.sweet	false	STRUCTURED_RELATION_OUTPUT
compound-case:f59e4c27610ba11ce62e89d7	COMPOUND_DECOMPOSITION	cleaned-output-atom:16092fa5f22fdfbe8153f71c	333bd548db5b9cd0661e010e8856899575501fc90cd7c9384649bbd2f6ef8582		sensory.alcoholic|sensory.pineapple	false	STRUCTURED_RELATION_OUTPUT
compound-case:819cbd76512f45b3f42dfa9e	MODIFIER_BASE_SEPARATION	cleaned-output-atom:1689d25fe8b64ee8c9192fbb	42af43e3616eba4a133a755540a88e6c61085dfe66c6e49e6ab8eaf9daf0c0da	b9043c16af362f30807deaf692025d61c3c803bba1efc43fe2f63dc8b507418d	sensory.sweet	false	STRUCTURED_RELATION_OUTPUT
compound-case:59be63eab485972173dce99e	MODIFIER_BASE_SEPARATION	cleaned-output-atom:16c0b565356d20fd9abbcfff	9209526aaa61b0709dbb838e14686a26c4a03b53e8eedf34c7e5f6f606110d8c	acbfc58c9b12b002281c0987b9f60a658f66044c2aa142a09d592e4777e3eadc		false	STRUCTURED_RELATION_OUTPUT
compound-case:b5def3c299dcb2ab184ee9f9	MODIFIER_BASE_SEPARATION	cleaned-output-atom:1703e85a229e57c6c86df8db	7499aced43869b27f505701e4edc737f0cc346add1240d4ba86fbfa251e0fc35	e6bb5689beec52c4672bd4df92c3613d128d30cdc2b704f76953fe43d89c4ae8		false	STRUCTURED_RELATION_OUTPUT
compound-case:84fa5c0bb666e9151a52f572	MODIFIER_BASE_SEPARATION	cleaned-output-atom:1734ad21131724cb2676283a	7499aced43869b27f505701e4edc737f0cc346add1240d4ba86fbfa251e0fc35	e6bb5689beec52c4672bd4df92c3613d128d30cdc2b704f76953fe43d89c4ae8		false	STRUCTURED_RELATION_OUTPUT
compound-case:1812741dc57da0acf1455bee	MODIFIER_BASE_SEPARATION	cleaned-output-atom:175a2a42a537ffa38970b23f	7499aced43869b27f505701e4edc737f0cc346add1240d4ba86fbfa251e0fc35	e6bb5689beec52c4672bd4df92c3613d128d30cdc2b704f76953fe43d89c4ae8		false	STRUCTURED_RELATION_OUTPUT
compound-case:eb8ada29c7fb1de24a316330	MODIFIER_BASE_SEPARATION	cleaned-output-atom:175de14425b1289f7e68977a	c1deb3268b977bb925905657adbb0102e853340b00f69a17c1eb72386cac4a42	b9043c16af362f30807deaf692025d61c3c803bba1efc43fe2f63dc8b507418d	sensory.sweet	false	STRUCTURED_RELATION_OUTPUT
compound-case:71784fadb5eb3fdf9edd13ef	MODIFIER_BASE_SEPARATION	cleaned-output-atom:176f56aeeb04d28ed2404efe	773d74527a20a47401979f36aeca89d12ab4ce7c727200d4d13735ae335d424c	fc66f021c67d064c1490a12b5a4d4d2f5167ca692a16ca12f1f3a4cda29a6fa9		false	STRUCTURED_RELATION_OUTPUT
compound-case:1132c70a255735252decb2f2	MODIFIER_BASE_SEPARATION	cleaned-output-atom:17897cdd06c72fbc45134db0	57210c537068ce04fec4c146e4c214e47e1913591cc32ac904eac438f1d52b7a	2a21fe6d592a19b7de898b50eb53c429608de1a66f3e9f62da19714a770553d1		false	STRUCTURED_RELATION_OUTPUT
compound-case:bb1540288c5920035a4f6011	MODIFIER_BASE_SEPARATION	cleaned-output-atom:17898255e0303c15204ef89e	c1deb3268b977bb925905657adbb0102e853340b00f69a17c1eb72386cac4a42	b9043c16af362f30807deaf692025d61c3c803bba1efc43fe2f63dc8b507418d	sensory.sweet	false	STRUCTURED_RELATION_OUTPUT
compound-case:4c35dc966f5dad16e999cc26	MODIFIER_BASE_SEPARATION	cleaned-output-atom:17b43b9bc440b9dd2a235904	b3c5c82a7a9d1c4ab8a56d8f6dc392db7c7f135218ff11d7d5da900c7c2ce350	d0d092b83d4aefab43b6c1ba0d766d7e1a0d2677ab9abe374d6d5fe83a1ee641		false	STRUCTURED_RELATION_OUTPUT
compound-case:ccdb43790f98020336febccf	COMPOUND_DECOMPOSITION	cleaned-output-atom:17c40a5423abe8963207cd27	3f2b2286779caefaea1fad5a8919a1f367047d5ff42868039b1da9ef7e45a3ba		sensory.honey|sensory.strawberry	false	STRUCTURED_RELATION_OUTPUT
compound-case:5da3ff6eb6dff375dc1c4ce1	MODIFIER_BASE_SEPARATION	cleaned-output-atom:17cfbb9a2082e45ef498e2f2	1b4c9133da73a711322404314402765ab0d23fd362a167d6f0c65bb215113d94	acbfc58c9b12b002281c0987b9f60a658f66044c2aa142a09d592e4777e3eadc	sensory.orange	false	STRUCTURED_RELATION_OUTPUT
compound-case:4c99f6e4001d9ccb4ef1d64d	MODIFIER_BASE_SEPARATION	cleaned-output-atom:17dd70af1ae57320617d8237	7499aced43869b27f505701e4edc737f0cc346add1240d4ba86fbfa251e0fc35	e6bb5689beec52c4672bd4df92c3613d128d30cdc2b704f76953fe43d89c4ae8		false	STRUCTURED_RELATION_OUTPUT
compound-case:75d809486ce1a07e976d94c9	MODIFIER_BASE_SEPARATION	cleaned-output-atom:181af74c1395b70ce5e3c386	c1deb3268b977bb925905657adbb0102e853340b00f69a17c1eb72386cac4a42	b9043c16af362f30807deaf692025d61c3c803bba1efc43fe2f63dc8b507418d	sensory.sweet	false	STRUCTURED_RELATION_OUTPUT
compound-case:dfb7b10d23be12ceb11ffa66	MODIFIER_BASE_SEPARATION	cleaned-output-atom:181bf4d5f360c21e6379f797	7499aced43869b27f505701e4edc737f0cc346add1240d4ba86fbfa251e0fc35	e6bb5689beec52c4672bd4df92c3613d128d30cdc2b704f76953fe43d89c4ae8		false	STRUCTURED_RELATION_OUTPUT
compound-case:22d70114183c2226bbb63583	MODIFIER_BASE_SEPARATION	cleaned-output-atom:1825d1b94c9aca4439ee5b04	7499aced43869b27f505701e4edc737f0cc346add1240d4ba86fbfa251e0fc35	e6bb5689beec52c4672bd4df92c3613d128d30cdc2b704f76953fe43d89c4ae8		false	STRUCTURED_RELATION_OUTPUT
compound-case:2f6f5ced5f96d2273dce0944	MODIFIER_BASE_SEPARATION	cleaned-output-atom:18853696520cb2cb9dd5d86f	f1bc1abd2c1542f016311238199a982d411974b1b0d8f6a10bb8276b9ada306f	acbfc58c9b12b002281c0987b9f60a658f66044c2aa142a09d592e4777e3eadc		false	STRUCTURED_RELATION_OUTPUT
compound-case:d0f9e22ca7ea290e4a77f59b	COMPOUND_DECOMPOSITION	cleaned-output-atom:18b7902db8c3a084cf94cae4	09f9ee2664250f732515db75d10a2f20661ff29dc5cfe50efaa68e8b833fb2f8		sensory.honey|sensory.vanilla	false	STRUCTURED_RELATION_OUTPUT
compound-case:222f120e98938b0a35d6dd70	MODIFIER_BASE_SEPARATION	cleaned-output-atom:18debb1567724f4ac7d37064	c8d9b5b210b9ebc5a60b33ac59b8a3821cf59b667c07e6ff6b2749681c5abc3e	447f7f5c325ea17e635bef91bac42e27c55490450f38f1815d8d6c0bb36687ac		false	STRUCTURED_RELATION_OUTPUT
compound-case:830ffdbd203dc288d5466bdf	MODIFIER_BASE_SEPARATION	cleaned-output-atom:18f409d06dcd196f3feb0581	73d1b1b1bc1dabfb97f216d897b7968e44b06457920f00f2dc6c1ed3be25ad4c	b9043c16af362f30807deaf692025d61c3c803bba1efc43fe2f63dc8b507418d	sensory.sweet	false	STRUCTURED_RELATION_OUTPUT
compound-case:50e1925b5c1376f298d2d527	MODIFIER_BASE_SEPARATION	cleaned-output-atom:1909c474b2dafeb0da3546df	60a0f78b507f6249a6e29eee34f3f2940188b0b995715a82a03469f5d1586275	3b066804f6d1d077173cfe4d06002e6a61e6f21c2b2e648417962115f1afcd8e		false	STRUCTURED_RELATION_OUTPUT
compound-case:380bcf9c67daa43aba8bf997	MODIFIER_BASE_SEPARATION	cleaned-output-atom:190f17093abd5d4202808570	9209526aaa61b0709dbb838e14686a26c4a03b53e8eedf34c7e5f6f606110d8c	acbfc58c9b12b002281c0987b9f60a658f66044c2aa142a09d592e4777e3eadc		false	STRUCTURED_RELATION_OUTPUT
compound-case:6de2cb1e1146fd5fda0c0942	MODIFIER_BASE_SEPARATION	cleaned-output-atom:19502aaa48c432bdb53e237a	7499aced43869b27f505701e4edc737f0cc346add1240d4ba86fbfa251e0fc35	e6bb5689beec52c4672bd4df92c3613d128d30cdc2b704f76953fe43d89c4ae8		false	STRUCTURED_RELATION_OUTPUT
compound-case:aea821458b9afdf0c17e88e8	MODIFIER_BASE_SEPARATION	cleaned-output-atom:19b881ae8bbd527ab4b72be0	9209526aaa61b0709dbb838e14686a26c4a03b53e8eedf34c7e5f6f606110d8c	acbfc58c9b12b002281c0987b9f60a658f66044c2aa142a09d592e4777e3eadc		false	STRUCTURED_RELATION_OUTPUT
compound-case:d658fd8c58a784015332efc4	MODIFIER_BASE_SEPARATION	cleaned-output-atom:1a08ab5cd4fe8e7f783ad2b9	861b1f2387b78d9d6c8ebb0ff994ac25a7607602df602e45c1ab7ae63b8490e3	3b066804f6d1d077173cfe4d06002e6a61e6f21c2b2e648417962115f1afcd8e		false	STRUCTURED_RELATION_OUTPUT
compound-case:2997577adb314659b8fb6582	MODIFIER_BASE_SEPARATION	cleaned-output-atom:1b087d1a66f0b9fe24c28550	c1deb3268b977bb925905657adbb0102e853340b00f69a17c1eb72386cac4a42	b9043c16af362f30807deaf692025d61c3c803bba1efc43fe2f63dc8b507418d	sensory.sweet	false	STRUCTURED_RELATION_OUTPUT
compound-case:413eb4b32920e708cd7d62b9	MODIFIER_BASE_SEPARATION	cleaned-output-atom:1b367b434f76898781b4b4b9	9209526aaa61b0709dbb838e14686a26c4a03b53e8eedf34c7e5f6f606110d8c	acbfc58c9b12b002281c0987b9f60a658f66044c2aa142a09d592e4777e3eadc		false	STRUCTURED_RELATION_OUTPUT
compound-case:4602a8971530d2f8ef0e3c17	MODIFIER_BASE_SEPARATION	cleaned-output-atom:1b53377f39baca910f38124a	c1deb3268b977bb925905657adbb0102e853340b00f69a17c1eb72386cac4a42	b9043c16af362f30807deaf692025d61c3c803bba1efc43fe2f63dc8b507418d	sensory.sweet	false	STRUCTURED_RELATION_OUTPUT
compound-case:0ed2479b689fd0808ba94f7b	MODIFIER_BASE_SEPARATION	cleaned-output-atom:1c24d3246a33b1b07f8c2e4a	7499aced43869b27f505701e4edc737f0cc346add1240d4ba86fbfa251e0fc35	e6bb5689beec52c4672bd4df92c3613d128d30cdc2b704f76953fe43d89c4ae8		false	STRUCTURED_RELATION_OUTPUT
compound-case:dbb6b62c6a259ea47c87a65a	MODIFIER_BASE_SEPARATION	cleaned-output-atom:1c78400ba5b34cc90b82ccde	7499aced43869b27f505701e4edc737f0cc346add1240d4ba86fbfa251e0fc35	e6bb5689beec52c4672bd4df92c3613d128d30cdc2b704f76953fe43d89c4ae8		false	STRUCTURED_RELATION_OUTPUT
compound-case:e1f4c50a0601d9f0ca3054ae	MODIFIER_BASE_SEPARATION	cleaned-output-atom:1c99baee1b5087f6d210b126	7499aced43869b27f505701e4edc737f0cc346add1240d4ba86fbfa251e0fc35	e6bb5689beec52c4672bd4df92c3613d128d30cdc2b704f76953fe43d89c4ae8		false	STRUCTURED_RELATION_OUTPUT
compound-case:b46bc558dfca166e1b3bf1d0	MODIFIER_BASE_SEPARATION	cleaned-output-atom:1c9d138e4c7677872fc21638	9209526aaa61b0709dbb838e14686a26c4a03b53e8eedf34c7e5f6f606110d8c	acbfc58c9b12b002281c0987b9f60a658f66044c2aa142a09d592e4777e3eadc		false	STRUCTURED_RELATION_OUTPUT
compound-case:c09029231ea22f44e5f9d4dd	MODIFIER_BASE_SEPARATION	cleaned-output-atom:1cac0db12a0c59b32769ecdd	9209526aaa61b0709dbb838e14686a26c4a03b53e8eedf34c7e5f6f606110d8c	acbfc58c9b12b002281c0987b9f60a658f66044c2aa142a09d592e4777e3eadc		false	STRUCTURED_RELATION_OUTPUT
compound-case:c5d93e17f8cf206d016b4013	MODIFIER_BASE_SEPARATION	cleaned-output-atom:1cbbfe17bba25f60bd3d7794	4c6a4839f83d20d276e7ba94bde38eed7e8495fcefcea6222fb5d2ff5b60fc4b	b9043c16af362f30807deaf692025d61c3c803bba1efc43fe2f63dc8b507418d	sensory.sweet	false	STRUCTURED_RELATION_OUTPUT
compound-case:20227375b236f200e14f3858	MODIFIER_BASE_SEPARATION	cleaned-output-atom:1d7d2c6554e2d6831d666dc0	4e10a4fb82b2a3dd638f3c704eecdff14fcc2158e964b3d630c1dab4efaf5ade	b9043c16af362f30807deaf692025d61c3c803bba1efc43fe2f63dc8b507418d	sensory.sweet	false	STRUCTURED_RELATION_OUTPUT
compound-case:1327be227f70c335b5af812f	MODIFIER_BASE_SEPARATION	cleaned-output-atom:1df4ddcb75e63d882c448ada	7499aced43869b27f505701e4edc737f0cc346add1240d4ba86fbfa251e0fc35	e6bb5689beec52c4672bd4df92c3613d128d30cdc2b704f76953fe43d89c4ae8		false	STRUCTURED_RELATION_OUTPUT
compound-case:7cc933bdd5c2db17a29209b0	MODIFIER_BASE_SEPARATION	cleaned-output-atom:1e00d79bb052710e5842552b	7499aced43869b27f505701e4edc737f0cc346add1240d4ba86fbfa251e0fc35	e6bb5689beec52c4672bd4df92c3613d128d30cdc2b704f76953fe43d89c4ae8		false	STRUCTURED_RELATION_OUTPUT
compound-case:137b5e89600bc43bac85db4d	MODIFIER_BASE_SEPARATION	cleaned-output-atom:1e20e759fb93fedc8d487a3c	7499aced43869b27f505701e4edc737f0cc346add1240d4ba86fbfa251e0fc35	e6bb5689beec52c4672bd4df92c3613d128d30cdc2b704f76953fe43d89c4ae8		false	STRUCTURED_RELATION_OUTPUT
compound-case:1e0420554973d391a2fafd71	MODIFIER_BASE_SEPARATION	cleaned-output-atom:1e5e3bc49b0823c3791f4cf6	7499aced43869b27f505701e4edc737f0cc346add1240d4ba86fbfa251e0fc35	e6bb5689beec52c4672bd4df92c3613d128d30cdc2b704f76953fe43d89c4ae8		false	STRUCTURED_RELATION_OUTPUT
compound-case:7c1a003c6d30f1b7b552cb61	COMPOUND_DECOMPOSITION	cleaned-output-atom:1f29029a2c8650d27cf7d3fd	17d4d77687cd6ba10cc1d5e3b8209752a1b1b1b3bb9a50832d2eaa3eb8c899e3	acbfc58c9b12b002281c0987b9f60a658f66044c2aa142a09d592e4777e3eadc|b9043c16af362f30807deaf692025d61c3c803bba1efc43fe2f63dc8b507418d	sensory.sweet	false	STRUCTURED_RELATION_OUTPUT
compound-case:bbbe391405a18c8a9133ecb1	COMPOUND_DECOMPOSITION	cleaned-output-atom:1f36b8d286d1e0ef1a7d1595	260f9d7c8712f3fcbc608294604d7cc30a910ba4f4aeb0f885d33b64b5b02406		sensory.honey|sensory.lemon	false	STRUCTURED_RELATION_OUTPUT
compound-case:23b4f1bf8bf1512f475a9d5b	MODIFIER_BASE_SEPARATION	cleaned-output-atom:1f7d1a44b440eae567d6af59	9209526aaa61b0709dbb838e14686a26c4a03b53e8eedf34c7e5f6f606110d8c	acbfc58c9b12b002281c0987b9f60a658f66044c2aa142a09d592e4777e3eadc		false	STRUCTURED_RELATION_OUTPUT
compound-case:94d8740727f92a7f51916912	MODIFIER_BASE_SEPARATION	cleaned-output-atom:1f9bbe1ca05d6ae2d3c4805a	7499aced43869b27f505701e4edc737f0cc346add1240d4ba86fbfa251e0fc35	e6bb5689beec52c4672bd4df92c3613d128d30cdc2b704f76953fe43d89c4ae8		false	STRUCTURED_RELATION_OUTPUT
compound-case:995ab97f1bd41480bd553f52	COMPOUND_DECOMPOSITION	cleaned-output-atom:1fb0b8c2fe48a843a8b486b5	a9b15d015363c164bd2c7184528d40438bebccb7b0d1231270274ac4e8bd0abf		sensory.peach|sensory.strawberry	false	STRUCTURED_RELATION_OUTPUT
compound-case:daa4fc3576aa914d459ade8c	COMPOUND_DECOMPOSITION	cleaned-output-atom:1fb10437477247d1369e4027	9e1659d5a47ec1e34bce604d11a5dc0a4064ed1f4fc23f608333bb726f3b9207		sensory.cherry|sensory.sour	false	STRUCTURED_RELATION_OUTPUT
compound-case:eac767a5afc57dda9053011d	COMPOUND_DECOMPOSITION	cleaned-output-atom:1feaa83e99ffa2aa2175ab67	2b412cfb6692eb469cde863786e23acf6487b45a1beb112d1bad56681deeeee8		sensory.honey|sensory.orange	false	STRUCTURED_RELATION_OUTPUT
compound-case:8fe0a2c80af20fe265a13385	MODIFIER_BASE_SEPARATION	cleaned-output-atom:20455efd0430733523ba86db	7499aced43869b27f505701e4edc737f0cc346add1240d4ba86fbfa251e0fc35	e6bb5689beec52c4672bd4df92c3613d128d30cdc2b704f76953fe43d89c4ae8		false	STRUCTURED_RELATION_OUTPUT
compound-case:1d295276d5239f65791bc218	MODIFIER_BASE_SEPARATION	cleaned-output-atom:2054340ccaef94f5c49c8149	33dafa0cc95017b7d4633f4fb760e2d4a2a33418ed82070d7503c17aa141e1ac	b9043c16af362f30807deaf692025d61c3c803bba1efc43fe2f63dc8b507418d	sensory.sweet	false	STRUCTURED_RELATION_OUTPUT
compound-case:3dcc8caf00fd1c82fda9d67e	COMPOUND_DECOMPOSITION	cleaned-output-atom:2069b372d470ce1e9d14d43c	2823851a56b819474d057703cb7da8ea05dc0a2fe1f3e49fa99673c018713434		sensory.jasmine|sensory.orange	false	STRUCTURED_RELATION_OUTPUT
compound-case:c12541080c1008b9df4d59b7	MODIFIER_BASE_SEPARATION	cleaned-output-atom:20c22f8dc758c9235fa34f32	7499aced43869b27f505701e4edc737f0cc346add1240d4ba86fbfa251e0fc35	e6bb5689beec52c4672bd4df92c3613d128d30cdc2b704f76953fe43d89c4ae8		false	STRUCTURED_RELATION_OUTPUT
compound-case:3716e0d33807155a0b4c03d7	MODIFIER_BASE_SEPARATION	cleaned-output-atom:20da0669bcbb4496cfeae60f	7d1c81df156ae11dca31d76a8cf79532519b0d05df92d0203518d3dd28ca7867	b9043c16af362f30807deaf692025d61c3c803bba1efc43fe2f63dc8b507418d	sensory.sweet	false	STRUCTURED_RELATION_OUTPUT
compound-case:f899b2670db7ebe835768634	MODIFIER_BASE_SEPARATION	cleaned-output-atom:21a9d5a4a4b5d3c4f840321b	f0dd258095f14992b82450851517bd9155421a29fb945c16b3128f23638ac706	b9043c16af362f30807deaf692025d61c3c803bba1efc43fe2f63dc8b507418d	sensory.sweet	false	STRUCTURED_RELATION_OUTPUT
compound-case:43bdfbb9aa001c327b17fac0	MODIFIER_BASE_SEPARATION	cleaned-output-atom:21d2f64f51d4fdc50db1f183	9209526aaa61b0709dbb838e14686a26c4a03b53e8eedf34c7e5f6f606110d8c	acbfc58c9b12b002281c0987b9f60a658f66044c2aa142a09d592e4777e3eadc		false	STRUCTURED_RELATION_OUTPUT
compound-case:299fa79cfa101c789f5b4348	MODIFIER_BASE_SEPARATION	cleaned-output-atom:21e2cd65e3b325f556f538a1	7499aced43869b27f505701e4edc737f0cc346add1240d4ba86fbfa251e0fc35	e6bb5689beec52c4672bd4df92c3613d128d30cdc2b704f76953fe43d89c4ae8		false	STRUCTURED_RELATION_OUTPUT
compound-case:081e466400d0578f1dfc801b	MODIFIER_BASE_SEPARATION	cleaned-output-atom:21f034cb28519b809b2efe45	7499aced43869b27f505701e4edc737f0cc346add1240d4ba86fbfa251e0fc35	e6bb5689beec52c4672bd4df92c3613d128d30cdc2b704f76953fe43d89c4ae8		false	STRUCTURED_RELATION_OUTPUT
compound-case:73f223bfd514c496f8ccd788	MODIFIER_BASE_SEPARATION	cleaned-output-atom:221f4d682ab8f9c7e1efe76a	7499aced43869b27f505701e4edc737f0cc346add1240d4ba86fbfa251e0fc35	e6bb5689beec52c4672bd4df92c3613d128d30cdc2b704f76953fe43d89c4ae8		false	STRUCTURED_RELATION_OUTPUT
compound-case:ddd3790f71b37777db279c48	MODIFIER_BASE_SEPARATION	cleaned-output-atom:2266c70d3ca7e23e61e4cde8	7499aced43869b27f505701e4edc737f0cc346add1240d4ba86fbfa251e0fc35	e6bb5689beec52c4672bd4df92c3613d128d30cdc2b704f76953fe43d89c4ae8		false	STRUCTURED_RELATION_OUTPUT
compound-case:d1d7e904bee0aadf9e342fdc	MODIFIER_BASE_SEPARATION	cleaned-output-atom:226b4fab998fa0c44cfb9012	c6138b8f2903e06fe6cb3f2e79da08a0ec7ce09f7546238bab20d31db12f14cb	fc66f021c67d064c1490a12b5a4d4d2f5167ca692a16ca12f1f3a4cda29a6fa9		false	STRUCTURED_RELATION_OUTPUT
compound-case:ee4b5c9b057fb14ca249fec8	MODIFIER_BASE_SEPARATION	cleaned-output-atom:22ab83401c4748ac23a70ef5	5cfed968a0ad2de749bda91c49ab67fbd011500b16757cad67b2c83a4379b4eb	b9043c16af362f30807deaf692025d61c3c803bba1efc43fe2f63dc8b507418d	sensory.sweet	false	STRUCTURED_RELATION_OUTPUT
compound-case:053f728eae2ca6c222c5d6fe	COMPOUND_DECOMPOSITION	cleaned-output-atom:22f13db0ca96e9d2631dbf13	8e974eca37d9d8059ac6c9e223a980782c6aeacd66ed7bc36a1f84aa610a08af		sensory.peach|sensory.raspberry	false	STRUCTURED_RELATION_OUTPUT
compound-case:194720032118a589868f5b58	MODIFIER_BASE_SEPARATION	cleaned-output-atom:22f71e4d7fb27ac2803aeaf1	4aee4ac16907823e1e62e961ee685d447306392217e10fdd9bc4ca2a61b06f9b	acbfc58c9b12b002281c0987b9f60a658f66044c2aa142a09d592e4777e3eadc		false	STRUCTURED_RELATION_OUTPUT
compound-case:602427db5acfb70705bd7948	MODIFIER_BASE_SEPARATION	cleaned-output-atom:2332367ff39bdf379627f3af	b4c3858f5f1e123198e835de04b87155d7a40e66e9b70805daf3ad439cd2fa3b	533703fd6141e25f565fa24dee8ada19e1765495adb3daae56565b3bb6b4957a		false	STRUCTURED_RELATION_OUTPUT
compound-case:354d0a9badbd71ce160d4117	MODIFIER_BASE_SEPARATION	cleaned-output-atom:23a024f250b458b785b6dcd9	9209526aaa61b0709dbb838e14686a26c4a03b53e8eedf34c7e5f6f606110d8c	acbfc58c9b12b002281c0987b9f60a658f66044c2aa142a09d592e4777e3eadc		false	STRUCTURED_RELATION_OUTPUT
compound-case:d5f686d57931f37fcb9b8ede	MODIFIER_BASE_SEPARATION	cleaned-output-atom:23a9735bd9fadc5be72c959a	061dcb6d43af6a4e0fc8e198b17b6cba2ecfd14f06fa0d6cbcc558ea1a27238c	fc66f021c67d064c1490a12b5a4d4d2f5167ca692a16ca12f1f3a4cda29a6fa9		false	STRUCTURED_RELATION_OUTPUT
compound-case:7d33e3feeb157d0bd4033ed3	MODIFIER_BASE_SEPARATION	cleaned-output-atom:23b833778836a71f37b50535	7499aced43869b27f505701e4edc737f0cc346add1240d4ba86fbfa251e0fc35	e6bb5689beec52c4672bd4df92c3613d128d30cdc2b704f76953fe43d89c4ae8		false	STRUCTURED_RELATION_OUTPUT
compound-case:c060f8fbf3a4fe42a4c68cf3	MODIFIER_BASE_SEPARATION	cleaned-output-atom:240b435e09d4a2d7ced6f3bd	7499aced43869b27f505701e4edc737f0cc346add1240d4ba86fbfa251e0fc35	e6bb5689beec52c4672bd4df92c3613d128d30cdc2b704f76953fe43d89c4ae8		false	STRUCTURED_RELATION_OUTPUT
compound-case:7cd1950499b27d1925207721	MODIFIER_BASE_SEPARATION	cleaned-output-atom:24211840b01c7f5acb67df9d	c1deb3268b977bb925905657adbb0102e853340b00f69a17c1eb72386cac4a42	b9043c16af362f30807deaf692025d61c3c803bba1efc43fe2f63dc8b507418d	sensory.sweet	false	STRUCTURED_RELATION_OUTPUT
compound-case:bba55a8f278daccdf4e42b77	MODIFIER_BASE_SEPARATION	cleaned-output-atom:2440a9fd19b1971cea35b818	bc241d5e73ad455d937cee4f744b32c1bca523bddae8a02f88f3fb68064e7795	fc66f021c67d064c1490a12b5a4d4d2f5167ca692a16ca12f1f3a4cda29a6fa9		false	STRUCTURED_RELATION_OUTPUT
compound-case:43452c46b5e43efbd6b69e4b	MODIFIER_BASE_SEPARATION	cleaned-output-atom:246b2756c8a96655cd079aec	e13fb53a594fa513afc34fa78b2353690e85fe1ad7414857c99ccfb97c818251	acbfc58c9b12b002281c0987b9f60a658f66044c2aa142a09d592e4777e3eadc		false	STRUCTURED_RELATION_OUTPUT
compound-case:6ba402d1da60edfd91fe9f6c	MODIFIER_BASE_SEPARATION	cleaned-output-atom:2496ec325fa2b41545a0a083	7499aced43869b27f505701e4edc737f0cc346add1240d4ba86fbfa251e0fc35	e6bb5689beec52c4672bd4df92c3613d128d30cdc2b704f76953fe43d89c4ae8		false	STRUCTURED_RELATION_OUTPUT
compound-case:4a51523d023791d754435636	MODIFIER_BASE_SEPARATION	cleaned-output-atom:24be008658d0904470047d93	9209526aaa61b0709dbb838e14686a26c4a03b53e8eedf34c7e5f6f606110d8c	acbfc58c9b12b002281c0987b9f60a658f66044c2aa142a09d592e4777e3eadc		false	STRUCTURED_RELATION_OUTPUT
compound-case:8ae61eda37968c64c024b4cc	COMPOUND_DECOMPOSITION	cleaned-output-atom:25225c38cd820ea01559a28b	c22fa6e5e54238a65a311fcb584a63837928b8c810a24d80462c77d281a9bb22		sensory.blueberry|sensory.raspberry	false	STRUCTURED_RELATION_OUTPUT
compound-case:3653193bbd2bf3236d938b9e	MODIFIER_BASE_SEPARATION	cleaned-output-atom:2536c6a05fffb87772634485	9209526aaa61b0709dbb838e14686a26c4a03b53e8eedf34c7e5f6f606110d8c	acbfc58c9b12b002281c0987b9f60a658f66044c2aa142a09d592e4777e3eadc		false	STRUCTURED_RELATION_OUTPUT
compound-case:0b158d5708c5a3bbd205b594	MODIFIER_BASE_SEPARATION	cleaned-output-atom:2570b0f2125c6fa010682952	9209526aaa61b0709dbb838e14686a26c4a03b53e8eedf34c7e5f6f606110d8c	acbfc58c9b12b002281c0987b9f60a658f66044c2aa142a09d592e4777e3eadc		false	STRUCTURED_RELATION_OUTPUT
compound-case:f8bbdcfe2c7dfc8e4f0864df	COMPOUND_DECOMPOSITION	cleaned-output-atom:25c4e60e1209bd0a8ec0fb87	01bce3153df843f03a7a8e2ef4d3d1ef887c07af173f55b1f902ad184a953b57		sensory.blackberry|sensory.wine_like_character	false	STRUCTURED_RELATION_OUTPUT
compound-case:c1afe1254e47dfaf429509d3	MODIFIER_BASE_SEPARATION	cleaned-output-atom:25eac8999bb1870c5953fcc3	bd071899591c00d2276d2254351533b0e9eb8011b7721155025a35b3212c7fc4	b9043c16af362f30807deaf692025d61c3c803bba1efc43fe2f63dc8b507418d	sensory.sweet	false	STRUCTURED_RELATION_OUTPUT
compound-case:1b9c886342440a78d7c1d38a	COMPOUND_DECOMPOSITION	cleaned-output-atom:2600b0269c4aa16261d0adba	6e3d80b9528fbb67700caafac176818f56d637e78f61d8f41ec2fecd7ada8052		sensory.cherry|sensory.grape	false	STRUCTURED_RELATION_OUTPUT
compound-case:d23e175e9e3b1d4b50776324	MODIFIER_BASE_SEPARATION	cleaned-output-atom:2640009e269a27b1e27635fd	7499aced43869b27f505701e4edc737f0cc346add1240d4ba86fbfa251e0fc35	e6bb5689beec52c4672bd4df92c3613d128d30cdc2b704f76953fe43d89c4ae8		false	STRUCTURED_RELATION_OUTPUT
compound-case:308a84f8a316437bb24e2e62	MODIFIER_BASE_SEPARATION	cleaned-output-atom:264daaf66334ef0a34bbe449	9209526aaa61b0709dbb838e14686a26c4a03b53e8eedf34c7e5f6f606110d8c	acbfc58c9b12b002281c0987b9f60a658f66044c2aa142a09d592e4777e3eadc		false	STRUCTURED_RELATION_OUTPUT
compound-case:9c85c06aeeae8cff2226d420	MODIFIER_BASE_SEPARATION	cleaned-output-atom:265c230d202c69d0127c7805	7499aced43869b27f505701e4edc737f0cc346add1240d4ba86fbfa251e0fc35	e6bb5689beec52c4672bd4df92c3613d128d30cdc2b704f76953fe43d89c4ae8		false	STRUCTURED_RELATION_OUTPUT
compound-case:136bfca70027ed8eadaa901c	MODIFIER_BASE_SEPARATION	cleaned-output-atom:26652c4a2dc2d5e2ae4d610f	e9664961c84a9974da38803129ebf9ca14db2d1902631408950c49f0eb3201aa	acbfc58c9b12b002281c0987b9f60a658f66044c2aa142a09d592e4777e3eadc		false	STRUCTURED_RELATION_OUTPUT
compound-case:9dc44e2cb7b6f73de1f1fe68	MODIFIER_BASE_SEPARATION	cleaned-output-atom:269f14e9ede2d60ff7135e1a	55b584f24718e5fb889a865a783046555ccfaa5a56c2242e5c93dbc32ce38aca	fc66f021c67d064c1490a12b5a4d4d2f5167ca692a16ca12f1f3a4cda29a6fa9		false	STRUCTURED_RELATION_OUTPUT
compound-case:14e5ed54d9dc9261a4cf49d7	MODIFIER_BASE_SEPARATION	cleaned-output-atom:27d084c6403eb36c04bab46d	9209526aaa61b0709dbb838e14686a26c4a03b53e8eedf34c7e5f6f606110d8c	acbfc58c9b12b002281c0987b9f60a658f66044c2aa142a09d592e4777e3eadc		false	STRUCTURED_RELATION_OUTPUT
compound-case:59a712a76e94c75f21842a35	MODIFIER_BASE_SEPARATION	cleaned-output-atom:27ee212df8055453a3a63689	7499aced43869b27f505701e4edc737f0cc346add1240d4ba86fbfa251e0fc35	e6bb5689beec52c4672bd4df92c3613d128d30cdc2b704f76953fe43d89c4ae8		false	STRUCTURED_RELATION_OUTPUT
compound-case:f2b0c3751688ddfeffff8bcc	MODIFIER_BASE_SEPARATION	cleaned-output-atom:27fc23e9c23db76789922af5	9209526aaa61b0709dbb838e14686a26c4a03b53e8eedf34c7e5f6f606110d8c	acbfc58c9b12b002281c0987b9f60a658f66044c2aa142a09d592e4777e3eadc		false	STRUCTURED_RELATION_OUTPUT
compound-case:db2a68778a06d4b2eb208c40	MODIFIER_BASE_SEPARATION	cleaned-output-atom:280d83294d4cb583d32d8910	64703a2a2ec85e4692bb71b28892f8d0e84f37d5541ec69a8eec8370df5aa35e	e6bb5689beec52c4672bd4df92c3613d128d30cdc2b704f76953fe43d89c4ae8		false	STRUCTURED_RELATION_OUTPUT
compound-case:0a8af353d7b4b635e32d6b1d	MODIFIER_BASE_SEPARATION	cleaned-output-atom:28463a38e577486bec2d5f5e	42af43e3616eba4a133a755540a88e6c61085dfe66c6e49e6ab8eaf9daf0c0da	fc66f021c67d064c1490a12b5a4d4d2f5167ca692a16ca12f1f3a4cda29a6fa9|b9043c16af362f30807deaf692025d61c3c803bba1efc43fe2f63dc8b507418d	sensory.sweet	false	STRUCTURED_RELATION_OUTPUT
compound-case:c6f33e0a2e4e5e858cd4f258	MODIFIER_BASE_SEPARATION	cleaned-output-atom:287ced456ba28fda529a40c1	7499aced43869b27f505701e4edc737f0cc346add1240d4ba86fbfa251e0fc35	e6bb5689beec52c4672bd4df92c3613d128d30cdc2b704f76953fe43d89c4ae8		false	STRUCTURED_RELATION_OUTPUT
compound-case:f897e9349e123b5347f4cc7d	MODIFIER_BASE_SEPARATION	cleaned-output-atom:28a1c0bd310e9edb70b9cbdb	c1deb3268b977bb925905657adbb0102e853340b00f69a17c1eb72386cac4a42	b9043c16af362f30807deaf692025d61c3c803bba1efc43fe2f63dc8b507418d	sensory.sweet	false	STRUCTURED_RELATION_OUTPUT
compound-case:0123373d789fb5340dbfc047	MODIFIER_BASE_SEPARATION	cleaned-output-atom:28c9cbfb99df10180b305ab3	7499aced43869b27f505701e4edc737f0cc346add1240d4ba86fbfa251e0fc35	e6bb5689beec52c4672bd4df92c3613d128d30cdc2b704f76953fe43d89c4ae8		false	STRUCTURED_RELATION_OUTPUT
compound-case:1439c8e292f3e29910ed3365	MODIFIER_BASE_SEPARATION	cleaned-output-atom:28d619091983249d239b1eab	9209526aaa61b0709dbb838e14686a26c4a03b53e8eedf34c7e5f6f606110d8c	acbfc58c9b12b002281c0987b9f60a658f66044c2aa142a09d592e4777e3eadc		false	STRUCTURED_RELATION_OUTPUT
compound-case:5b63e8e3f83d1654524ec089	MODIFIER_BASE_SEPARATION	cleaned-output-atom:28d9dccdd81e1fb9586b4e05	9209526aaa61b0709dbb838e14686a26c4a03b53e8eedf34c7e5f6f606110d8c	acbfc58c9b12b002281c0987b9f60a658f66044c2aa142a09d592e4777e3eadc		false	STRUCTURED_RELATION_OUTPUT
compound-case:ba31016b92684dec93a22545	MODIFIER_BASE_SEPARATION	cleaned-output-atom:29078179719cc369a55c8c43	73d1b1b1bc1dabfb97f216d897b7968e44b06457920f00f2dc6c1ed3be25ad4c	b9043c16af362f30807deaf692025d61c3c803bba1efc43fe2f63dc8b507418d	sensory.sweet	false	STRUCTURED_RELATION_OUTPUT
compound-case:c4110e6fc1bafddbddb4f746	MODIFIER_BASE_SEPARATION	cleaned-output-atom:2954ecfa7df090614f3cd1c1	9209526aaa61b0709dbb838e14686a26c4a03b53e8eedf34c7e5f6f606110d8c	acbfc58c9b12b002281c0987b9f60a658f66044c2aa142a09d592e4777e3eadc		false	STRUCTURED_RELATION_OUTPUT
compound-case:a9152eb3156742245eb1cdf7	MODIFIER_BASE_SEPARATION	cleaned-output-atom:295abd74a08b24f9dcd39546	c1deb3268b977bb925905657adbb0102e853340b00f69a17c1eb72386cac4a42	b9043c16af362f30807deaf692025d61c3c803bba1efc43fe2f63dc8b507418d	sensory.sweet	false	STRUCTURED_RELATION_OUTPUT
compound-case:aba000efd566d92fa8f50446	MODIFIER_BASE_SEPARATION	cleaned-output-atom:29b966fd939bd7d88917fe1f	7499aced43869b27f505701e4edc737f0cc346add1240d4ba86fbfa251e0fc35	e6bb5689beec52c4672bd4df92c3613d128d30cdc2b704f76953fe43d89c4ae8		false	STRUCTURED_RELATION_OUTPUT
compound-case:ec3cdb1c2252f3285f26390a	COMPOUND_DECOMPOSITION	cleaned-output-atom:2a399809ecfbeda4e8caebde	dd88581099dfc70034f78d846d6d999905f443617d270eb940fa8e3f2211f0bf		sensory.burnt|sensory.hazelnut	false	STRUCTURED_RELATION_OUTPUT
compound-case:e50b81fa77ab1b50021fa258	MODIFIER_BASE_SEPARATION	cleaned-output-atom:2a3a18534db0f3df1b20df90	7499aced43869b27f505701e4edc737f0cc346add1240d4ba86fbfa251e0fc35	e6bb5689beec52c4672bd4df92c3613d128d30cdc2b704f76953fe43d89c4ae8		false	STRUCTURED_RELATION_OUTPUT
compound-case:fb642b1aa4032c13cb1587f0	MODIFIER_BASE_SEPARATION	cleaned-output-atom:2a597a0966eb6042659439f2	9209526aaa61b0709dbb838e14686a26c4a03b53e8eedf34c7e5f6f606110d8c	acbfc58c9b12b002281c0987b9f60a658f66044c2aa142a09d592e4777e3eadc		false	STRUCTURED_RELATION_OUTPUT
compound-case:66d7e3f977e83c35885e5939	MODIFIER_BASE_SEPARATION	cleaned-output-atom:2a92c881044549766782df50	d3dc88ae24a3be59843285c31e59c42286e0724f6698aad5e14217416ab05c25	e6bb5689beec52c4672bd4df92c3613d128d30cdc2b704f76953fe43d89c4ae8		false	STRUCTURED_RELATION_OUTPUT
compound-case:91de6e3788ac90fe3ade738f	MODIFIER_BASE_SEPARATION	cleaned-output-atom:2ad58ffa013f732414bb1370	c1deb3268b977bb925905657adbb0102e853340b00f69a17c1eb72386cac4a42	b9043c16af362f30807deaf692025d61c3c803bba1efc43fe2f63dc8b507418d	sensory.sweet	false	STRUCTURED_RELATION_OUTPUT
compound-case:b3f183dba59fe4c12591e723	MODIFIER_BASE_SEPARATION	cleaned-output-atom:2b4ec0e51bfb53f3785460c0	d776f7cf4e43af5c0bc12b5634fa50843c0158263f1552540447d3e28e7528a2	b9043c16af362f30807deaf692025d61c3c803bba1efc43fe2f63dc8b507418d	sensory.sweet	false	STRUCTURED_RELATION_OUTPUT
compound-case:5d0642b446157891aeaef384	MODIFIER_BASE_SEPARATION	cleaned-output-atom:2c1cb708d4cc436cd465bc7a	569ff754c53406ce1562eb6c1a0d3e84596a17edff586fcf58452ba8fbf456e4	6ef7c9b15ecdd69083724b84cfdc2100351963488b51b4ea2fcbddf493fbec94		false	STRUCTURED_RELATION_OUTPUT
compound-case:0bcc303c927fb9d542fcffce	MODIFIER_BASE_SEPARATION	cleaned-output-atom:2c370ebcdce25dd261f878d3	9209526aaa61b0709dbb838e14686a26c4a03b53e8eedf34c7e5f6f606110d8c	acbfc58c9b12b002281c0987b9f60a658f66044c2aa142a09d592e4777e3eadc		false	STRUCTURED_RELATION_OUTPUT
compound-case:2d25232c94939f5340a2bbe5	MODIFIER_BASE_SEPARATION	cleaned-output-atom:2c86cad169bb4d5acc4245b5	7499aced43869b27f505701e4edc737f0cc346add1240d4ba86fbfa251e0fc35	e6bb5689beec52c4672bd4df92c3613d128d30cdc2b704f76953fe43d89c4ae8		false	STRUCTURED_RELATION_OUTPUT
compound-case:d2189f2bc02f12dd0aa5b2ae	MODIFIER_BASE_SEPARATION	cleaned-output-atom:2cad4b1bba85031655c0cab5	7499aced43869b27f505701e4edc737f0cc346add1240d4ba86fbfa251e0fc35	e6bb5689beec52c4672bd4df92c3613d128d30cdc2b704f76953fe43d89c4ae8		false	STRUCTURED_RELATION_OUTPUT
compound-case:10fe7fb5b5933ad140e5b148	MODIFIER_BASE_SEPARATION	cleaned-output-atom:2d0e8457fb96d943effbceb6	c1deb3268b977bb925905657adbb0102e853340b00f69a17c1eb72386cac4a42	b9043c16af362f30807deaf692025d61c3c803bba1efc43fe2f63dc8b507418d	sensory.sweet	false	STRUCTURED_RELATION_OUTPUT
compound-case:f0aa8ccd9fd4fd061c714f12	MODIFIER_BASE_SEPARATION	cleaned-output-atom:2d5a61cca191ad7056db451d	9209526aaa61b0709dbb838e14686a26c4a03b53e8eedf34c7e5f6f606110d8c	acbfc58c9b12b002281c0987b9f60a658f66044c2aa142a09d592e4777e3eadc		false	STRUCTURED_RELATION_OUTPUT
compound-case:5309ee664d9329ff3502e9f5	COMPOUND_DECOMPOSITION	cleaned-output-atom:2d6499da283010bde29d2edb	536a034c040b2403fb6e365e10efdba494577a55064628e3198f8319e8972c4f		sensory.blackberry|sensory.rose	false	STRUCTURED_RELATION_OUTPUT
compound-case:52805c6732fd1d7925f9c64a	MODIFIER_BASE_SEPARATION	cleaned-output-atom:2db126eac3215e3f19e158e3	4c6a4839f83d20d276e7ba94bde38eed7e8495fcefcea6222fb5d2ff5b60fc4b	3b066804f6d1d077173cfe4d06002e6a61e6f21c2b2e648417962115f1afcd8e		false	STRUCTURED_RELATION_OUTPUT
compound-case:947b5d769b1f345298c0ae4b	MODIFIER_BASE_SEPARATION	cleaned-output-atom:2e25a1c0f33edf3229885d42	9209526aaa61b0709dbb838e14686a26c4a03b53e8eedf34c7e5f6f606110d8c	acbfc58c9b12b002281c0987b9f60a658f66044c2aa142a09d592e4777e3eadc		false	STRUCTURED_RELATION_OUTPUT
compound-case:5c523dcc773aa381b6fc7b58	MODIFIER_BASE_SEPARATION	cleaned-output-atom:2e54eefca9786696ccb16759	6d34853b42eab707a3b2168ef8b95cc39df0e13ea4c0c8bc15fa03d46eb18a95	3b066804f6d1d077173cfe4d06002e6a61e6f21c2b2e648417962115f1afcd8e		false	STRUCTURED_RELATION_OUTPUT
compound-case:d913cb4b1fc827d7bc7a60cb	MODIFIER_BASE_SEPARATION	cleaned-output-atom:2e9ac93bcdc5d20114a56d9d	7499aced43869b27f505701e4edc737f0cc346add1240d4ba86fbfa251e0fc35	e6bb5689beec52c4672bd4df92c3613d128d30cdc2b704f76953fe43d89c4ae8		false	STRUCTURED_RELATION_OUTPUT
compound-case:530c4615c169a23ce0464472	MODIFIER_BASE_SEPARATION	cleaned-output-atom:2ea58b29ea6ae0235f3f8e0a	9209526aaa61b0709dbb838e14686a26c4a03b53e8eedf34c7e5f6f606110d8c	acbfc58c9b12b002281c0987b9f60a658f66044c2aa142a09d592e4777e3eadc		false	STRUCTURED_RELATION_OUTPUT
compound-case:1f2d7340a1bec5a54ac7a76f	MODIFIER_BASE_SEPARATION	cleaned-output-atom:2edefded867b115fb5e19bef	7499aced43869b27f505701e4edc737f0cc346add1240d4ba86fbfa251e0fc35	e6bb5689beec52c4672bd4df92c3613d128d30cdc2b704f76953fe43d89c4ae8		false	STRUCTURED_RELATION_OUTPUT
compound-case:3180b45d7e39b5e1c7f129a7	MODIFIER_BASE_SEPARATION	cleaned-output-atom:2fa0e7bd1f466055f0d68e3e	4c6a4839f83d20d276e7ba94bde38eed7e8495fcefcea6222fb5d2ff5b60fc4b	3b066804f6d1d077173cfe4d06002e6a61e6f21c2b2e648417962115f1afcd8e		false	STRUCTURED_RELATION_OUTPUT
compound-case:11b586ccbffe3a0a58818c9b	MODIFIER_BASE_SEPARATION	cleaned-output-atom:2fdbb19cffdd4c964dbecc1c	9a9a54bb99a3f625153167386abcff600af6ff9c7157b006128eb0d4400e6218	b9043c16af362f30807deaf692025d61c3c803bba1efc43fe2f63dc8b507418d	sensory.sweet	false	STRUCTURED_RELATION_OUTPUT
compound-case:4695e0c81cdea1ab765b61b7	COMPOUND_DECOMPOSITION	cleaned-output-atom:2ff8e8c66a80f8ad46a51190	1693ae8c29b348508900a24ccb9556c0af6cd812aacc32ca1ead7f7285b151fc		sensory.burnt|sensory.dusty	false	STRUCTURED_RELATION_OUTPUT
compound-case:952628390f94bfebbf205754	MODIFIER_BASE_SEPARATION	cleaned-output-atom:303f9f2cc32f3482b202b015	7499aced43869b27f505701e4edc737f0cc346add1240d4ba86fbfa251e0fc35	e6bb5689beec52c4672bd4df92c3613d128d30cdc2b704f76953fe43d89c4ae8		false	STRUCTURED_RELATION_OUTPUT
compound-case:855fd3dd2e5c067c61891cf1	MODIFIER_BASE_SEPARATION	cleaned-output-atom:3059a2b2289160d59b7f6afe	7499aced43869b27f505701e4edc737f0cc346add1240d4ba86fbfa251e0fc35	e6bb5689beec52c4672bd4df92c3613d128d30cdc2b704f76953fe43d89c4ae8		false	STRUCTURED_RELATION_OUTPUT
compound-case:18a0b4cf1528544f5e49bd2b	MODIFIER_BASE_SEPARATION	cleaned-output-atom:30c0dafaca83f3c3e41dea65	9209526aaa61b0709dbb838e14686a26c4a03b53e8eedf34c7e5f6f606110d8c	acbfc58c9b12b002281c0987b9f60a658f66044c2aa142a09d592e4777e3eadc		false	STRUCTURED_RELATION_OUTPUT
compound-case:2ae274630ee8324fea5b42e7	MODIFIER_BASE_SEPARATION	cleaned-output-atom:30c8aafbeb5b833ef7bd8a8c	7499aced43869b27f505701e4edc737f0cc346add1240d4ba86fbfa251e0fc35	e6bb5689beec52c4672bd4df92c3613d128d30cdc2b704f76953fe43d89c4ae8		false	STRUCTURED_RELATION_OUTPUT
compound-case:a58220c1598fde1e5f8aa9d9	MODIFIER_BASE_SEPARATION	cleaned-output-atom:30dcd8f0df333d7422589a49	7fd6362a262e67d02e5929f0475ed1d0c4bffa705f78b24b22820db47cf070b8	22d5925ed64680ab5f3f6de713645a3d72cae7a9506b8a55a0d4fe950737711b		false	STRUCTURED_RELATION_OUTPUT
compound-case:645ae921669b2241ba858ce6	MODIFIER_BASE_SEPARATION	cleaned-output-atom:316a08d3b95ffb3803cafac6	7499aced43869b27f505701e4edc737f0cc346add1240d4ba86fbfa251e0fc35	e6bb5689beec52c4672bd4df92c3613d128d30cdc2b704f76953fe43d89c4ae8		false	STRUCTURED_RELATION_OUTPUT
compound-case:276f7c9e598cda376847e8a6	MODIFIER_BASE_SEPARATION	cleaned-output-atom:317da0d55920aa8c88164c56	7499aced43869b27f505701e4edc737f0cc346add1240d4ba86fbfa251e0fc35	e6bb5689beec52c4672bd4df92c3613d128d30cdc2b704f76953fe43d89c4ae8		false	STRUCTURED_RELATION_OUTPUT
compound-case:faad4c6966cceb0e35278eb0	MODIFIER_BASE_SEPARATION	cleaned-output-atom:31bf82f3178a5e5883d541e8	efbaa8cbfffc1af3afcf8082a3732e4d5111104ae3f6ef8b2545975e50497505	d098ab5e44b9aabb755f76d806598f43573c662b35e4a2eab1e312ec9ad195e2	sensory.lime	false	STRUCTURED_RELATION_OUTPUT
compound-case:d172afa50716d7addf50645d	MODIFIER_BASE_SEPARATION	cleaned-output-atom:320e2e211d72da66625dc62a	42af43e3616eba4a133a755540a88e6c61085dfe66c6e49e6ab8eaf9daf0c0da	b9043c16af362f30807deaf692025d61c3c803bba1efc43fe2f63dc8b507418d	sensory.sweet	false	STRUCTURED_RELATION_OUTPUT
compound-case:6229da1aca8945b3ec9383e9	MODIFIER_BASE_SEPARATION	cleaned-output-atom:323e95c9d87c4eb4ee820a64	7499aced43869b27f505701e4edc737f0cc346add1240d4ba86fbfa251e0fc35	e6bb5689beec52c4672bd4df92c3613d128d30cdc2b704f76953fe43d89c4ae8		false	STRUCTURED_RELATION_OUTPUT
compound-case:18dec4eff85222b2fcb6912c	MODIFIER_BASE_SEPARATION	cleaned-output-atom:3286eab70ec09b125b68626c	9209526aaa61b0709dbb838e14686a26c4a03b53e8eedf34c7e5f6f606110d8c	acbfc58c9b12b002281c0987b9f60a658f66044c2aa142a09d592e4777e3eadc		false	STRUCTURED_RELATION_OUTPUT
compound-case:26cccd1e621610001c26dc38	MODIFIER_BASE_SEPARATION	cleaned-output-atom:328d3d1d160b6ceb1eb82d05	4e10a4fb82b2a3dd638f3c704eecdff14fcc2158e964b3d630c1dab4efaf5ade	b9043c16af362f30807deaf692025d61c3c803bba1efc43fe2f63dc8b507418d	sensory.sweet	false	STRUCTURED_RELATION_OUTPUT
compound-case:bbe7df79f04dbb363915766b	MODIFIER_BASE_SEPARATION	cleaned-output-atom:329b8d38e8f42beba13a46b2	9209526aaa61b0709dbb838e14686a26c4a03b53e8eedf34c7e5f6f606110d8c	acbfc58c9b12b002281c0987b9f60a658f66044c2aa142a09d592e4777e3eadc		false	STRUCTURED_RELATION_OUTPUT
compound-case:486e9d12e30a99e3459b7c68	COMPOUND_DECOMPOSITION	cleaned-output-atom:329ce517961ebe07c27de0c7	7bcc48d94b4b920c656f3d9f2936c2d755b9677549a677cfeea3e258884a2034		sensory.almond|sensory.honey	false	STRUCTURED_RELATION_OUTPUT
compound-case:95d9f0588ec7042e154ddcc1	MODIFIER_BASE_SEPARATION	cleaned-output-atom:329dfc7bb937c7bba75be5b2	7a974dcdc8bb0f2adec470956939b0863cae61006e0e2d7210599f8dbf14b252	6ef7c9b15ecdd69083724b84cfdc2100351963488b51b4ea2fcbddf493fbec94		false	STRUCTURED_RELATION_OUTPUT
compound-case:f2dcf7c23a03d8a0da849168	COMPOUND_DECOMPOSITION	cleaned-output-atom:32ae6c7e49ae688c8c7131e0	4c4799944264ea89f6e34d1de6c30107cfb52f9865b838717cdf67874d1241b8		sensory.honey|sensory.lime	false	STRUCTURED_RELATION_OUTPUT
compound-case:510a6ca650aee3f8cde8ad3e	MODIFIER_BASE_SEPARATION	cleaned-output-atom:332dd07ecab63a88dab52178	73d1b1b1bc1dabfb97f216d897b7968e44b06457920f00f2dc6c1ed3be25ad4c	b9043c16af362f30807deaf692025d61c3c803bba1efc43fe2f63dc8b507418d	sensory.sweet	false	STRUCTURED_RELATION_OUTPUT
compound-case:eb8bf51d9adda00a5999a999	COMPOUND_DECOMPOSITION	cleaned-output-atom:33638231ebabcb009d5b068e	10c291e27c28578a64c579925390d366f6010b52afacee5055849b5a1c59cad8		sensory.apple|sensory.mint	false	STRUCTURED_RELATION_OUTPUT
compound-case:b3838d994150ca259eeda797	MODIFIER_BASE_SEPARATION	cleaned-output-atom:33737239a2828870d81727f2	e2f2beda773897956145864451147ae3eef9fced9ef40694c12a66da82e351ed	acbfc58c9b12b002281c0987b9f60a658f66044c2aa142a09d592e4777e3eadc		false	STRUCTURED_RELATION_OUTPUT
compound-case:c9b37762183628e6b958c663	MODIFIER_BASE_SEPARATION	cleaned-output-atom:33fcd13d665afdfa1244e4ab	7499aced43869b27f505701e4edc737f0cc346add1240d4ba86fbfa251e0fc35	e6bb5689beec52c4672bd4df92c3613d128d30cdc2b704f76953fe43d89c4ae8		false	STRUCTURED_RELATION_OUTPUT
compound-case:6bac21f09ff07c2be72e6fe9	MODIFIER_BASE_SEPARATION	cleaned-output-atom:347fdfeabca788acb2fc254b	7499aced43869b27f505701e4edc737f0cc346add1240d4ba86fbfa251e0fc35	e6bb5689beec52c4672bd4df92c3613d128d30cdc2b704f76953fe43d89c4ae8		false	STRUCTURED_RELATION_OUTPUT
compound-case:91b1e6833e11eb7af46e992e	MODIFIER_BASE_SEPARATION	cleaned-output-atom:34d20f1d5fea0c7a5d2955f3	c1deb3268b977bb925905657adbb0102e853340b00f69a17c1eb72386cac4a42	b9043c16af362f30807deaf692025d61c3c803bba1efc43fe2f63dc8b507418d	sensory.sweet	false	STRUCTURED_RELATION_OUTPUT
compound-case:6996b12a4bc515c358a1a865	MODIFIER_BASE_SEPARATION	cleaned-output-atom:352d68176c0353ec165c749b	f43eab90faeeaa806a794becf50733a0cad5fbe713c516150650f901d3517eaa	fc66f021c67d064c1490a12b5a4d4d2f5167ca692a16ca12f1f3a4cda29a6fa9		false	STRUCTURED_RELATION_OUTPUT
compound-case:4fed57dbc9859e988983691b	MODIFIER_BASE_SEPARATION	cleaned-output-atom:354ccfa13daa4d6770cf8543	9209526aaa61b0709dbb838e14686a26c4a03b53e8eedf34c7e5f6f606110d8c	acbfc58c9b12b002281c0987b9f60a658f66044c2aa142a09d592e4777e3eadc		false	STRUCTURED_RELATION_OUTPUT
compound-case:36e351429662d8cb0c06ee5b	MODIFIER_BASE_SEPARATION	cleaned-output-atom:356d6389e371b859628aa7d2	e17fd2a5137978a49d2390cfdc96beeb685b240fbdecf4592ab632e570ac32ef	f5f445528f4a0134354c891fbd95fd0734d25cb2c9206c4684545ae49b14d29b		false	STRUCTURED_RELATION_OUTPUT
compound-case:48381e198cd2084b2837f9ee	COMPOUND_DECOMPOSITION	cleaned-output-atom:3573fe65bcb2df7d2d479c15	d573b9b21c6666d202599caa72b2c54abae871c7e7f1f516045b7a122bc66444		sensory.plum|sensory.smoky	false	STRUCTURED_RELATION_OUTPUT
compound-case:db7f1fdcd8e75acd41243011	MODIFIER_BASE_SEPARATION	cleaned-output-atom:35ebd348d851003ee40d7a9f	7499aced43869b27f505701e4edc737f0cc346add1240d4ba86fbfa251e0fc35	e6bb5689beec52c4672bd4df92c3613d128d30cdc2b704f76953fe43d89c4ae8		false	STRUCTURED_RELATION_OUTPUT
compound-case:e6c94763fe31e135a29516d3	MODIFIER_BASE_SEPARATION	cleaned-output-atom:36076367b8e620086f707086	7499aced43869b27f505701e4edc737f0cc346add1240d4ba86fbfa251e0fc35	e6bb5689beec52c4672bd4df92c3613d128d30cdc2b704f76953fe43d89c4ae8		false	STRUCTURED_RELATION_OUTPUT
compound-case:4bbe08f463b5b7cca756f341	MODIFIER_BASE_SEPARATION	cleaned-output-atom:362f64561feb3be3a784df56	4c6a4839f83d20d276e7ba94bde38eed7e8495fcefcea6222fb5d2ff5b60fc4b	fc66f021c67d064c1490a12b5a4d4d2f5167ca692a16ca12f1f3a4cda29a6fa9		false	STRUCTURED_RELATION_OUTPUT
compound-case:f090a5c334d4edc5ffc62d45	MODIFIER_BASE_SEPARATION	cleaned-output-atom:36845ec5733c354a0d7f28e9	9209526aaa61b0709dbb838e14686a26c4a03b53e8eedf34c7e5f6f606110d8c	acbfc58c9b12b002281c0987b9f60a658f66044c2aa142a09d592e4777e3eadc		false	STRUCTURED_RELATION_OUTPUT
compound-case:701d7a27be8892aa922c2f00	MODIFIER_BASE_SEPARATION	cleaned-output-atom:36e226c6ee7b587b13b259bb	c1deb3268b977bb925905657adbb0102e853340b00f69a17c1eb72386cac4a42	b9043c16af362f30807deaf692025d61c3c803bba1efc43fe2f63dc8b507418d	sensory.sweet	false	STRUCTURED_RELATION_OUTPUT
compound-case:441ca7c6a664442c13214a8a	MODIFIER_BASE_SEPARATION	cleaned-output-atom:3752f2295fcb3d1317b9f4ec	f4a5bddfa7ae072863307408d1012b3227571db6128c367b5b579d0a068e4ffe	fc66f021c67d064c1490a12b5a4d4d2f5167ca692a16ca12f1f3a4cda29a6fa9		false	STRUCTURED_RELATION_OUTPUT
compound-case:22a32a742310639702500bc8	COMPOUND_DECOMPOSITION	cleaned-output-atom:3754ee420d4aa3eb2afaf183	9aef18a166c5606e8d73ea51715bcbff3c200ec0bffb94a568b79861ccb383bc	b9043c16af362f30807deaf692025d61c3c803bba1efc43fe2f63dc8b507418d	sensory.sweet	false	STRUCTURED_RELATION_OUTPUT
compound-case:c560882bebf418a83b5973ea	MODIFIER_BASE_SEPARATION	cleaned-output-atom:375925c3c61926280907bc83	c1deb3268b977bb925905657adbb0102e853340b00f69a17c1eb72386cac4a42	b9043c16af362f30807deaf692025d61c3c803bba1efc43fe2f63dc8b507418d	sensory.sweet	false	STRUCTURED_RELATION_OUTPUT
compound-case:456179e52326b59bee002731	MODIFIER_BASE_SEPARATION	cleaned-output-atom:375fd2efff50979f206cf27b	7499aced43869b27f505701e4edc737f0cc346add1240d4ba86fbfa251e0fc35	e6bb5689beec52c4672bd4df92c3613d128d30cdc2b704f76953fe43d89c4ae8		false	STRUCTURED_RELATION_OUTPUT
compound-case:f2536cea3f85d780c5006838	MODIFIER_BASE_SEPARATION	cleaned-output-atom:37c5a541fd145f23778e10e0	4c6a4839f83d20d276e7ba94bde38eed7e8495fcefcea6222fb5d2ff5b60fc4b	b9043c16af362f30807deaf692025d61c3c803bba1efc43fe2f63dc8b507418d	sensory.sweet	false	STRUCTURED_RELATION_OUTPUT
compound-case:59a3120b5494a3cd5fec848f	MODIFIER_BASE_SEPARATION	cleaned-output-atom:37f3316d5876817531eab5c8	4c6a4839f83d20d276e7ba94bde38eed7e8495fcefcea6222fb5d2ff5b60fc4b	fc66f021c67d064c1490a12b5a4d4d2f5167ca692a16ca12f1f3a4cda29a6fa9		false	STRUCTURED_RELATION_OUTPUT
compound-case:a3a384ed7d8b4c59a34b455e	MODIFIER_BASE_SEPARATION	cleaned-output-atom:3867ac4a068d04d4d821863b	2e295310b56b13977b3bf8fd6b19fe0be75d9228b4de6350f3ff5c359236b887	b9043c16af362f30807deaf692025d61c3c803bba1efc43fe2f63dc8b507418d|f9b0078b5df596d2ea19010c001bbd009e651de2c57e8fb7e355f31eb9d3f739	sensory.sweet	false	STRUCTURED_RELATION_OUTPUT
compound-case:0ce68652f4cb2aa50100a46d	MODIFIER_BASE_SEPARATION	cleaned-output-atom:3884c38c0fbecc9bdf695081	c1deb3268b977bb925905657adbb0102e853340b00f69a17c1eb72386cac4a42	b9043c16af362f30807deaf692025d61c3c803bba1efc43fe2f63dc8b507418d	sensory.sweet	false	STRUCTURED_RELATION_OUTPUT
compound-case:7cc26b182a62317d59e8f648	MODIFIER_BASE_SEPARATION	cleaned-output-atom:3886f0030d65a13a60ad8d53	c1deb3268b977bb925905657adbb0102e853340b00f69a17c1eb72386cac4a42	b9043c16af362f30807deaf692025d61c3c803bba1efc43fe2f63dc8b507418d	sensory.sweet	false	STRUCTURED_RELATION_OUTPUT
compound-case:51faadead5057060bd4ce115	COMPOUND_DECOMPOSITION	cleaned-output-atom:38a4615ecf5d35eb26c28e91	2e9360bf94a360aa1420d04a13c3ed341ba3dbc689b239887d3832332cce4fbd		sensory.almond|sensory.bitter	false	STRUCTURED_RELATION_OUTPUT
compound-case:3d7e35b9a859aea744e1287a	MODIFIER_BASE_SEPARATION	cleaned-output-atom:38af97eaabad929da76f4d28	7499aced43869b27f505701e4edc737f0cc346add1240d4ba86fbfa251e0fc35	e6bb5689beec52c4672bd4df92c3613d128d30cdc2b704f76953fe43d89c4ae8		false	STRUCTURED_RELATION_OUTPUT
compound-case:36370d3630c23ad439720b2c	MODIFIER_BASE_SEPARATION	cleaned-output-atom:38b043941acc5e15e8d18e1e	06cf631636242a5b2b48b7f02f1198993bba7f43a354f5c8444ffaeb220b6805	99a7026172d42714d0293e5598ec1c8e8260d7d0c4b8582ad002c1883494e216|447f7f5c325ea17e635bef91bac42e27c55490450f38f1815d8d6c0bb36687ac		false	STRUCTURED_RELATION_OUTPUT
compound-case:3dc512cfc01bac96042838b6	COMPOUND_DECOMPOSITION	cleaned-output-atom:38d44837bdacb39b9833373a	d564aaf98bd28a23bf9d125214c1bd827f993a6b93625660f2403cab17f4d403		sensory.grape|sensory.plum	false	STRUCTURED_RELATION_OUTPUT
compound-case:4b959a5fb51c28076e8bec08	MODIFIER_BASE_SEPARATION	cleaned-output-atom:38f84d0f208d136dd8f80dbd	9209526aaa61b0709dbb838e14686a26c4a03b53e8eedf34c7e5f6f606110d8c	acbfc58c9b12b002281c0987b9f60a658f66044c2aa142a09d592e4777e3eadc		false	STRUCTURED_RELATION_OUTPUT
compound-case:fe966c09f98a714e08db8585	COMPOUND_DECOMPOSITION	cleaned-output-atom:394c0be79f9e9d0dd7a5610b	a821e375f296e5d0a6bb5f86a61d12fbbfb5f45c3b70704680745b1030171883	f5f445528f4a0134354c891fbd95fd0734d25cb2c9206c4684545ae49b14d29b	sensory.apple	false	STRUCTURED_RELATION_OUTPUT
compound-case:382ae9373d70dd578129bb65	MODIFIER_BASE_SEPARATION	cleaned-output-atom:3a5c8ace1824f636e371a791	7499aced43869b27f505701e4edc737f0cc346add1240d4ba86fbfa251e0fc35	e6bb5689beec52c4672bd4df92c3613d128d30cdc2b704f76953fe43d89c4ae8		false	STRUCTURED_RELATION_OUTPUT
compound-case:5edafd8ec85f11d7b7a10c15	MODIFIER_BASE_SEPARATION	cleaned-output-atom:3a69e696ceaf39a05f087e55	48fb71763d97b54b752aa17694977d1f87c7707415f25ab63ac2ea2495347ae6	fc66f021c67d064c1490a12b5a4d4d2f5167ca692a16ca12f1f3a4cda29a6fa9		false	STRUCTURED_RELATION_OUTPUT
compound-case:0f58f8aa546fa92e4b125095	COMPOUND_DECOMPOSITION	cleaned-output-atom:3a7427b4c9b2b329bbb8ed17	9aac5dee7fc2f1b2d88ed79d1042fda87edb7ace01da646b28be06f4481eb519		sensory.orange|sensory.vanilla	false	STRUCTURED_RELATION_OUTPUT
compound-case:acea572dbdad565f901b2bcc	MODIFIER_BASE_SEPARATION	cleaned-output-atom:3ac836b3cf9013a3e08f2f00	7499aced43869b27f505701e4edc737f0cc346add1240d4ba86fbfa251e0fc35	e6bb5689beec52c4672bd4df92c3613d128d30cdc2b704f76953fe43d89c4ae8		false	STRUCTURED_RELATION_OUTPUT
compound-case:535c5c5236253d5eeedf9297	MODIFIER_BASE_SEPARATION	cleaned-output-atom:3adbce4234ae303af7f734a8	c1deb3268b977bb925905657adbb0102e853340b00f69a17c1eb72386cac4a42	b9043c16af362f30807deaf692025d61c3c803bba1efc43fe2f63dc8b507418d	sensory.sweet	false	STRUCTURED_RELATION_OUTPUT
compound-case:c083ac21106d9bfbbcea393e	MODIFIER_BASE_SEPARATION	cleaned-output-atom:3aebaeee7d367f3c2ff49455	7499aced43869b27f505701e4edc737f0cc346add1240d4ba86fbfa251e0fc35	e6bb5689beec52c4672bd4df92c3613d128d30cdc2b704f76953fe43d89c4ae8		false	STRUCTURED_RELATION_OUTPUT
compound-case:9d4bfa0084cd770880446e18	MODIFIER_BASE_SEPARATION	cleaned-output-atom:3b9762f4af7af4d4cb4678e9	4c6a4839f83d20d276e7ba94bde38eed7e8495fcefcea6222fb5d2ff5b60fc4b	3b066804f6d1d077173cfe4d06002e6a61e6f21c2b2e648417962115f1afcd8e		false	STRUCTURED_RELATION_OUTPUT
compound-case:bbdf69f92bcaa277092491d2	MODIFIER_BASE_SEPARATION	cleaned-output-atom:3bbd0270a5ee23888a35ef08	a0e732628346bf0f5713f4e2a0d09eb21418db53e05c5756fb9763ceda111224	99a7026172d42714d0293e5598ec1c8e8260d7d0c4b8582ad002c1883494e216		false	STRUCTURED_RELATION_OUTPUT
compound-case:a75da5dadaa858e34716d4e2	COMPOUND_DECOMPOSITION	cleaned-output-atom:3c8447de370de45fc44eb97e	afb888036cdaa7f9de18f394a0835ad6688d8e9fd9ba5b0d17979b051f591a1a		sensory.lemon|sensory.lime	false	STRUCTURED_RELATION_OUTPUT
compound-case:fd7ffa6f572173816dd5e3b4	COMPOUND_DECOMPOSITION	cleaned-output-atom:3cf822d0cb3e8476c0eda0db	3a0f116e50c7763858729b0937594ede83e9de030d0c4fe299ac3406d9599c13		sensory.caramel|sensory.honey	false	STRUCTURED_RELATION_OUTPUT
compound-case:715116669bb0737b549349a7	MODIFIER_BASE_SEPARATION	cleaned-output-atom:3d680a15a5e4b9ac81f3a8d0	7499aced43869b27f505701e4edc737f0cc346add1240d4ba86fbfa251e0fc35	e6bb5689beec52c4672bd4df92c3613d128d30cdc2b704f76953fe43d89c4ae8		false	STRUCTURED_RELATION_OUTPUT
compound-case:809d457b4639c96567973b6f	COMPOUND_DECOMPOSITION	cleaned-output-atom:3d98a51d940ee421fc6f4229	8e88a866861a873386dc38151859a40f1297223c391fba39c2f6b9ca38984d56		sensory.honey|sensory.lemon|sensory.peach	false	STRUCTURED_RELATION_OUTPUT
compound-case:ddea439a3702ea28ca984d1c	MODIFIER_BASE_SEPARATION	cleaned-output-atom:3d9b2d2248399703e76c01c3	7499aced43869b27f505701e4edc737f0cc346add1240d4ba86fbfa251e0fc35	e6bb5689beec52c4672bd4df92c3613d128d30cdc2b704f76953fe43d89c4ae8		false	STRUCTURED_RELATION_OUTPUT
compound-case:20ec26c55566ab94af6b739e	MODIFIER_BASE_SEPARATION	cleaned-output-atom:3da5ef086fe84b4223b71099	9209526aaa61b0709dbb838e14686a26c4a03b53e8eedf34c7e5f6f606110d8c	acbfc58c9b12b002281c0987b9f60a658f66044c2aa142a09d592e4777e3eadc		false	STRUCTURED_RELATION_OUTPUT
compound-case:c31514b586608c29e569e31a	MODIFIER_BASE_SEPARATION	cleaned-output-atom:3dc85bbb50ae4a8fa4ba8384	7499aced43869b27f505701e4edc737f0cc346add1240d4ba86fbfa251e0fc35	e6bb5689beec52c4672bd4df92c3613d128d30cdc2b704f76953fe43d89c4ae8		false	STRUCTURED_RELATION_OUTPUT
compound-case:fe98dff4e300f32f62bcf3d5	MODIFIER_BASE_SEPARATION	cleaned-output-atom:3dc86b45b3a75f8b340145c8	6b569ab1937f1e1e18be81f08dcb6d0bfcf946280be4ff3438319612e67014f1	2a21fe6d592a19b7de898b50eb53c429608de1a66f3e9f62da19714a770553d1	sensory.honey	false	STRUCTURED_RELATION_OUTPUT
compound-case:4d8851f6d5274554e762469e	MODIFIER_BASE_SEPARATION	cleaned-output-atom:3ddff71f3ce8d2439d8cebc1	73d1b1b1bc1dabfb97f216d897b7968e44b06457920f00f2dc6c1ed3be25ad4c	3b066804f6d1d077173cfe4d06002e6a61e6f21c2b2e648417962115f1afcd8e		false	STRUCTURED_RELATION_OUTPUT
compound-case:4478c93aeeb75b1d0a8eeabe	MODIFIER_BASE_SEPARATION	cleaned-output-atom:3e5bb33ecd405293e0ecf29e	c1deb3268b977bb925905657adbb0102e853340b00f69a17c1eb72386cac4a42	b9043c16af362f30807deaf692025d61c3c803bba1efc43fe2f63dc8b507418d	sensory.sweet	false	STRUCTURED_RELATION_OUTPUT
compound-case:a11a3cabe9c1bf89fafceb8e	MODIFIER_BASE_SEPARATION	cleaned-output-atom:3e6db1eb8bf501605bab8197	7499aced43869b27f505701e4edc737f0cc346add1240d4ba86fbfa251e0fc35	e6bb5689beec52c4672bd4df92c3613d128d30cdc2b704f76953fe43d89c4ae8		false	STRUCTURED_RELATION_OUTPUT
compound-case:15fbd6dfcdee35f6e18c6734	MODIFIER_BASE_SEPARATION	cleaned-output-atom:3e7cc3d4e7703e36fa0d2919	7499aced43869b27f505701e4edc737f0cc346add1240d4ba86fbfa251e0fc35	e6bb5689beec52c4672bd4df92c3613d128d30cdc2b704f76953fe43d89c4ae8		false	STRUCTURED_RELATION_OUTPUT
compound-case:07a8c48ed6651b314812cbdb	MODIFIER_BASE_SEPARATION	cleaned-output-atom:3e987371d6684a9ee78e8b91	7499aced43869b27f505701e4edc737f0cc346add1240d4ba86fbfa251e0fc35	e6bb5689beec52c4672bd4df92c3613d128d30cdc2b704f76953fe43d89c4ae8		false	STRUCTURED_RELATION_OUTPUT
compound-case:e4ec7780a48d0dd2d3983ce4	MODIFIER_BASE_SEPARATION	cleaned-output-atom:3eb3b3e9bb61912c556574fb	7499aced43869b27f505701e4edc737f0cc346add1240d4ba86fbfa251e0fc35	e6bb5689beec52c4672bd4df92c3613d128d30cdc2b704f76953fe43d89c4ae8		false	STRUCTURED_RELATION_OUTPUT
compound-case:2292dee98a60671b9aa17fd9	MODIFIER_BASE_SEPARATION	cleaned-output-atom:3f0fa394fbb71ead7ecefa69	7499aced43869b27f505701e4edc737f0cc346add1240d4ba86fbfa251e0fc35	e6bb5689beec52c4672bd4df92c3613d128d30cdc2b704f76953fe43d89c4ae8		false	STRUCTURED_RELATION_OUTPUT
compound-case:4279a039d3623c0cca3acdee	COMPOUND_DECOMPOSITION	cleaned-output-atom:3f1623f0c9eb6cd0152d4d86	8bcea6a7b3b9089953311ded48d89e0795f1677785eb89c890ac63ad68b03914	b9043c16af362f30807deaf692025d61c3c803bba1efc43fe2f63dc8b507418d	sensory.molasses|sensory.sweet	false	STRUCTURED_RELATION_OUTPUT
compound-case:921e0b29e985f7ff4d7308a6	MODIFIER_BASE_SEPARATION	cleaned-output-atom:3f454b241b9e0ba342764034	e3726054b542d31958dd94f3973e0bf2223803c98115349de64dc0d399a18ab6	3b066804f6d1d077173cfe4d06002e6a61e6f21c2b2e648417962115f1afcd8e	sensory.pineapple	false	STRUCTURED_RELATION_OUTPUT
compound-case:9bca20ab3315f32fb8f097a6	MODIFIER_BASE_SEPARATION	cleaned-output-atom:3f804d13b933507edc2c5370	7499aced43869b27f505701e4edc737f0cc346add1240d4ba86fbfa251e0fc35	e6bb5689beec52c4672bd4df92c3613d128d30cdc2b704f76953fe43d89c4ae8		false	STRUCTURED_RELATION_OUTPUT
compound-case:1a1f635ecf1ace13ff6c1313	MODIFIER_BASE_SEPARATION	cleaned-output-atom:3f9f506142f6713f8a025cc7	9209526aaa61b0709dbb838e14686a26c4a03b53e8eedf34c7e5f6f606110d8c	acbfc58c9b12b002281c0987b9f60a658f66044c2aa142a09d592e4777e3eadc		false	STRUCTURED_RELATION_OUTPUT
compound-case:0da49530af584020fe47490f	MODIFIER_BASE_SEPARATION	cleaned-output-atom:3fe658e1e51c716ed3c973bb	9209526aaa61b0709dbb838e14686a26c4a03b53e8eedf34c7e5f6f606110d8c	acbfc58c9b12b002281c0987b9f60a658f66044c2aa142a09d592e4777e3eadc		false	STRUCTURED_RELATION_OUTPUT
compound-case:0fd2deeaada28756a1ae7fd0	MODIFIER_BASE_SEPARATION	cleaned-output-atom:40377497f134d6fe854cd86b	4c6a4839f83d20d276e7ba94bde38eed7e8495fcefcea6222fb5d2ff5b60fc4b	b9043c16af362f30807deaf692025d61c3c803bba1efc43fe2f63dc8b507418d	sensory.sweet	false	STRUCTURED_RELATION_OUTPUT
compound-case:5d07fb55c647aa3ced91967c	MODIFIER_BASE_SEPARATION	cleaned-output-atom:4040ba686a66b5121f447204	9209526aaa61b0709dbb838e14686a26c4a03b53e8eedf34c7e5f6f606110d8c	acbfc58c9b12b002281c0987b9f60a658f66044c2aa142a09d592e4777e3eadc		false	STRUCTURED_RELATION_OUTPUT
compound-case:b38501f40ee1d3003ae2c1c4	COMPOUND_DECOMPOSITION	cleaned-output-atom:40537135961030d8a60fdde1	75a0432baf576c084ec9fda9432b9198bcb0b835cbb5a483241a01a2eed6e604		sensory.apple|sensory.rose	false	STRUCTURED_RELATION_OUTPUT
compound-case:d45dacbbefec4e5e9fc02066	MODIFIER_BASE_SEPARATION	cleaned-output-atom:4061bb3db3dfd1b6ca58a46f	7499aced43869b27f505701e4edc737f0cc346add1240d4ba86fbfa251e0fc35	e6bb5689beec52c4672bd4df92c3613d128d30cdc2b704f76953fe43d89c4ae8		false	STRUCTURED_RELATION_OUTPUT
compound-case:7be09916917569fc2c85cef9	MODIFIER_BASE_SEPARATION	cleaned-output-atom:40bb7f295682ac846bfdb17e	9209526aaa61b0709dbb838e14686a26c4a03b53e8eedf34c7e5f6f606110d8c	acbfc58c9b12b002281c0987b9f60a658f66044c2aa142a09d592e4777e3eadc		false	STRUCTURED_RELATION_OUTPUT
compound-case:d955a20c976dc2c9b766ff99	MODIFIER_BASE_SEPARATION	cleaned-output-atom:40d41994725492ea6ba61615	7499aced43869b27f505701e4edc737f0cc346add1240d4ba86fbfa251e0fc35	e6bb5689beec52c4672bd4df92c3613d128d30cdc2b704f76953fe43d89c4ae8		false	STRUCTURED_RELATION_OUTPUT
compound-case:01ee6b31e531f3b2cce60ffd	MODIFIER_BASE_SEPARATION	cleaned-output-atom:4127a092c31736f90d4b427c	7499aced43869b27f505701e4edc737f0cc346add1240d4ba86fbfa251e0fc35	e6bb5689beec52c4672bd4df92c3613d128d30cdc2b704f76953fe43d89c4ae8		false	STRUCTURED_RELATION_OUTPUT
compound-case:c60413320d5b8197f3bf3217	MODIFIER_BASE_SEPARATION	cleaned-output-atom:41295f995a73c6b5c42d87a9	97a318ea1fb271ed91fa982c719a86ef032b6d7de06e9200e0b48e1ab64807a7	b9043c16af362f30807deaf692025d61c3c803bba1efc43fe2f63dc8b507418d	sensory.sweet	false	STRUCTURED_RELATION_OUTPUT
compound-case:6bb9c81fbe13d3fadc0dbc1d	MODIFIER_BASE_SEPARATION	cleaned-output-atom:412f36275eedcaf4b4b825f1	cc4f1561fa4bf62f8679c57932314856ab9f8314829eab78b2a7c45ca6784193	3b066804f6d1d077173cfe4d06002e6a61e6f21c2b2e648417962115f1afcd8e		false	STRUCTURED_RELATION_OUTPUT
compound-case:bc0126e1df4879c65f39972a	MODIFIER_BASE_SEPARATION	cleaned-output-atom:416a55746337da6a16aa7866	9209526aaa61b0709dbb838e14686a26c4a03b53e8eedf34c7e5f6f606110d8c	acbfc58c9b12b002281c0987b9f60a658f66044c2aa142a09d592e4777e3eadc		false	STRUCTURED_RELATION_OUTPUT
compound-case:88dedf338f43af40aa539b86	MODIFIER_BASE_SEPARATION	cleaned-output-atom:416d8a0a8f1ab8654ea7b584	37290d74ac4d186e3a8e5785d259d2ec04fac91ae28092e7620ec8bc99e830aa	b9043c16af362f30807deaf692025d61c3c803bba1efc43fe2f63dc8b507418d	sensory.sweet	false	STRUCTURED_RELATION_OUTPUT
compound-case:81328c5eddc4d6acfa715998	MODIFIER_BASE_SEPARATION	cleaned-output-atom:41deb6260d5b7d0de5b2e0c2	2a4796d53a1ec4dd67daa38b92994c579e7ebe071ae5ceab870c5fc5736f2311	99a7026172d42714d0293e5598ec1c8e8260d7d0c4b8582ad002c1883494e216		false	STRUCTURED_RELATION_OUTPUT
compound-case:c8eb458bc02504ad0ceffcfb	MODIFIER_BASE_SEPARATION	cleaned-output-atom:42460d2180d01b3bbe28534d	9209526aaa61b0709dbb838e14686a26c4a03b53e8eedf34c7e5f6f606110d8c	acbfc58c9b12b002281c0987b9f60a658f66044c2aa142a09d592e4777e3eadc		false	STRUCTURED_RELATION_OUTPUT
compound-case:6e7b8d82f8969a9186748234	MODIFIER_BASE_SEPARATION	cleaned-output-atom:42649b73e5463df765d075b2	0081779c287d567d9ca622f4c0cc2ede819b0cc7f286a5f01d8c3c0178191ad6	6ef7c9b15ecdd69083724b84cfdc2100351963488b51b4ea2fcbddf493fbec94		false	STRUCTURED_RELATION_OUTPUT
compound-case:662213683e89435620d4fd40	COMPOUND_DECOMPOSITION	cleaned-output-atom:42c8f6436baa767101b7072e	0a911cc6cacb6b9cbc34b32720a019fdfb18dc9a2fc94020371aab1652f21e96		sensory.burnt|sensory.smoky	false	STRUCTURED_RELATION_OUTPUT
compound-case:6808053cfd69ffc180c3d69c	MODIFIER_BASE_SEPARATION	cleaned-output-atom:433837179990bb86fc42ce14	c1deb3268b977bb925905657adbb0102e853340b00f69a17c1eb72386cac4a42	b9043c16af362f30807deaf692025d61c3c803bba1efc43fe2f63dc8b507418d	sensory.sweet	false	STRUCTURED_RELATION_OUTPUT
compound-case:87e161b529780e5bcfc7cf66	MODIFIER_BASE_SEPARATION	cleaned-output-atom:437722f8005b290a2d4451ed	4c6a4839f83d20d276e7ba94bde38eed7e8495fcefcea6222fb5d2ff5b60fc4b	b9043c16af362f30807deaf692025d61c3c803bba1efc43fe2f63dc8b507418d	sensory.sweet	false	STRUCTURED_RELATION_OUTPUT
compound-case:83a1e3e5bd97bc8140c1a5f8	MODIFIER_BASE_SEPARATION	cleaned-output-atom:4397e10a114f109d9a0291ec	c1deb3268b977bb925905657adbb0102e853340b00f69a17c1eb72386cac4a42	b9043c16af362f30807deaf692025d61c3c803bba1efc43fe2f63dc8b507418d	sensory.sweet	false	STRUCTURED_RELATION_OUTPUT
compound-case:84e6fc0f652e5795afdd96ca	MODIFIER_BASE_SEPARATION	cleaned-output-atom:43b96832d829a0872629d14c	964a9431ff491fd7e0d7436ea1ed3e76e15d1d2e34fae585cdfca3c57805cf75	b9043c16af362f30807deaf692025d61c3c803bba1efc43fe2f63dc8b507418d	sensory.sweet	false	STRUCTURED_RELATION_OUTPUT
compound-case:84d42fa8c38c5810c7589bba	MODIFIER_BASE_SEPARATION	cleaned-output-atom:4417965074fe08eb8e6879c1	7499aced43869b27f505701e4edc737f0cc346add1240d4ba86fbfa251e0fc35	e6bb5689beec52c4672bd4df92c3613d128d30cdc2b704f76953fe43d89c4ae8		false	STRUCTURED_RELATION_OUTPUT
compound-case:def94b6f75d5b4bfdc2be7c0	MODIFIER_BASE_SEPARATION	cleaned-output-atom:441e0b0ee4295c0fe50d4989	7499aced43869b27f505701e4edc737f0cc346add1240d4ba86fbfa251e0fc35	e6bb5689beec52c4672bd4df92c3613d128d30cdc2b704f76953fe43d89c4ae8		false	STRUCTURED_RELATION_OUTPUT
compound-case:711eb355eb12d0a93ffbf5f2	MODIFIER_BASE_SEPARATION	cleaned-output-atom:44a8d8406ea56f4181f3e772	bd071899591c00d2276d2254351533b0e9eb8011b7721155025a35b3212c7fc4	b9043c16af362f30807deaf692025d61c3c803bba1efc43fe2f63dc8b507418d	sensory.sweet	false	STRUCTURED_RELATION_OUTPUT
compound-case:804067e8a58866e15aac0b04	MODIFIER_BASE_SEPARATION	cleaned-output-atom:44a9e2d164e2daf0262b56d6	7499aced43869b27f505701e4edc737f0cc346add1240d4ba86fbfa251e0fc35	e6bb5689beec52c4672bd4df92c3613d128d30cdc2b704f76953fe43d89c4ae8		false	STRUCTURED_RELATION_OUTPUT
compound-case:a7d2f30be61ceb839904c067	MODIFIER_BASE_SEPARATION	cleaned-output-atom:44df0af715d4bd7169f97127	9209526aaa61b0709dbb838e14686a26c4a03b53e8eedf34c7e5f6f606110d8c	acbfc58c9b12b002281c0987b9f60a658f66044c2aa142a09d592e4777e3eadc		false	STRUCTURED_RELATION_OUTPUT
compound-case:92df06553cf36484a3e685ac	MODIFIER_BASE_SEPARATION	cleaned-output-atom:44ed5d9931f47a0a8703401d	7499aced43869b27f505701e4edc737f0cc346add1240d4ba86fbfa251e0fc35	e6bb5689beec52c4672bd4df92c3613d128d30cdc2b704f76953fe43d89c4ae8		false	STRUCTURED_RELATION_OUTPUT
compound-case:438d77811fa62828f8ee7110	MODIFIER_BASE_SEPARATION	cleaned-output-atom:462883e128612f6d12b1da49	9209526aaa61b0709dbb838e14686a26c4a03b53e8eedf34c7e5f6f606110d8c	acbfc58c9b12b002281c0987b9f60a658f66044c2aa142a09d592e4777e3eadc		false	STRUCTURED_RELATION_OUTPUT
compound-case:1449003a56eb96e8f8530cfc	MODIFIER_BASE_SEPARATION	cleaned-output-atom:4629e21534ed53df0443e985	569ff754c53406ce1562eb6c1a0d3e84596a17edff586fcf58452ba8fbf456e4	6ef7c9b15ecdd69083724b84cfdc2100351963488b51b4ea2fcbddf493fbec94		false	STRUCTURED_RELATION_OUTPUT
compound-case:5e2cb543b0acb5868e285eaa	MODIFIER_BASE_SEPARATION	cleaned-output-atom:465e55858e2557ace10f7b41	42af43e3616eba4a133a755540a88e6c61085dfe66c6e49e6ab8eaf9daf0c0da	fc66f021c67d064c1490a12b5a4d4d2f5167ca692a16ca12f1f3a4cda29a6fa9		false	STRUCTURED_RELATION_OUTPUT
compound-case:1e25ee6578b3389627ddb9ca	MODIFIER_BASE_SEPARATION	cleaned-output-atom:469aa213a8c1f3daab795ce6	7499aced43869b27f505701e4edc737f0cc346add1240d4ba86fbfa251e0fc35	e6bb5689beec52c4672bd4df92c3613d128d30cdc2b704f76953fe43d89c4ae8		false	STRUCTURED_RELATION_OUTPUT
compound-case:b472390f6d201586657a19c8	MODIFIER_BASE_SEPARATION	cleaned-output-atom:46b2cb019609357d33655bae	9209526aaa61b0709dbb838e14686a26c4a03b53e8eedf34c7e5f6f606110d8c	acbfc58c9b12b002281c0987b9f60a658f66044c2aa142a09d592e4777e3eadc		false	STRUCTURED_RELATION_OUTPUT
compound-case:c03d4f770810b991656faa1f	MODIFIER_BASE_SEPARATION	cleaned-output-atom:46c4f9a85992698f53a2bf19	7499aced43869b27f505701e4edc737f0cc346add1240d4ba86fbfa251e0fc35	e6bb5689beec52c4672bd4df92c3613d128d30cdc2b704f76953fe43d89c4ae8		false	STRUCTURED_RELATION_OUTPUT
compound-case:b0e8b3c4d9dc9e39517e02a0	MODIFIER_BASE_SEPARATION	cleaned-output-atom:46cd0864cabc5dfa9d268a94	f1d284f9c555eefd79fc1cdf25a98ca0abce70a74e61ed0ecda6d7c56661a2d7	533703fd6141e25f565fa24dee8ada19e1765495adb3daae56565b3bb6b4957a		false	STRUCTURED_RELATION_OUTPUT
compound-case:1b1a6f6fc535f59d8e413ce3	MODIFIER_BASE_SEPARATION	cleaned-output-atom:477970765ab1078555bb23cd	c1deb3268b977bb925905657adbb0102e853340b00f69a17c1eb72386cac4a42	b9043c16af362f30807deaf692025d61c3c803bba1efc43fe2f63dc8b507418d	sensory.sweet	false	STRUCTURED_RELATION_OUTPUT
compound-case:0ee67aa293b313a0c2c79434	MODIFIER_BASE_SEPARATION	cleaned-output-atom:47c3882febfd19299f20eceb	4c6a4839f83d20d276e7ba94bde38eed7e8495fcefcea6222fb5d2ff5b60fc4b	b9043c16af362f30807deaf692025d61c3c803bba1efc43fe2f63dc8b507418d	sensory.sweet	false	STRUCTURED_RELATION_OUTPUT
compound-case:99e5b077475069161050f37d	MODIFIER_BASE_SEPARATION	cleaned-output-atom:47db8729fc3910ad091b0cdc	7499aced43869b27f505701e4edc737f0cc346add1240d4ba86fbfa251e0fc35	e6bb5689beec52c4672bd4df92c3613d128d30cdc2b704f76953fe43d89c4ae8		false	STRUCTURED_RELATION_OUTPUT
compound-case:4124287f609cdcf28fedcd0b	MODIFIER_BASE_SEPARATION	cleaned-output-atom:47fbe824145804dc3b90e59d	7499aced43869b27f505701e4edc737f0cc346add1240d4ba86fbfa251e0fc35	e6bb5689beec52c4672bd4df92c3613d128d30cdc2b704f76953fe43d89c4ae8		false	STRUCTURED_RELATION_OUTPUT
compound-case:b0f291654d60731db91914c8	MODIFIER_BASE_SEPARATION	cleaned-output-atom:48608b3c5cc6c32d62f75406	9209526aaa61b0709dbb838e14686a26c4a03b53e8eedf34c7e5f6f606110d8c	acbfc58c9b12b002281c0987b9f60a658f66044c2aa142a09d592e4777e3eadc		false	STRUCTURED_RELATION_OUTPUT
compound-case:5ea6e9aceb07d28e0943f0d5	MODIFIER_BASE_SEPARATION	cleaned-output-atom:488646cb559888b0a27d1021	9e10569f5285709197359364a256cf55a3dd931ecdca56774e194eb25ba20e4e	e6bb5689beec52c4672bd4df92c3613d128d30cdc2b704f76953fe43d89c4ae8		false	STRUCTURED_RELATION_OUTPUT
compound-case:b2511cd36a162d909d62f6a4	COMPOUND_DECOMPOSITION	cleaned-output-atom:48c6b9d1826aa70e7c11c91f	7f367ddc0f2681378eef4d16abdc9f54dd7bcb8c040eab1c701cef7027c4a6b7		sensory.bitter|sensory.cocoa	false	STRUCTURED_RELATION_OUTPUT
compound-case:ed335c33de88c79c99566f33	MODIFIER_BASE_SEPARATION	cleaned-output-atom:48cd2094547dbf3eff051afa	9209526aaa61b0709dbb838e14686a26c4a03b53e8eedf34c7e5f6f606110d8c	acbfc58c9b12b002281c0987b9f60a658f66044c2aa142a09d592e4777e3eadc		false	STRUCTURED_RELATION_OUTPUT
compound-case:23ea5754a938d6cbbb3bc147	COMPOUND_DECOMPOSITION	cleaned-output-atom:492dcbb5934e175237efde6f	19d1b05e980d3992d66075557f4a0671f49e4090c7b4351409a7265b5098a4d4		sensory.caramel|sensory.plum|sensory.prune	false	STRUCTURED_RELATION_OUTPUT
compound-case:8a815489cb1f0325d9a9e3d5	MODIFIER_BASE_SEPARATION	cleaned-output-atom:4949f4e6ccc1d3fb8fbe5c63	7499aced43869b27f505701e4edc737f0cc346add1240d4ba86fbfa251e0fc35	e6bb5689beec52c4672bd4df92c3613d128d30cdc2b704f76953fe43d89c4ae8		false	STRUCTURED_RELATION_OUTPUT
compound-case:814ef646d8bfd30601bd81d7	MODIFIER_BASE_SEPARATION	cleaned-output-atom:4a1b9d261cad6392c25807a7	64703a2a2ec85e4692bb71b28892f8d0e84f37d5541ec69a8eec8370df5aa35e	e6bb5689beec52c4672bd4df92c3613d128d30cdc2b704f76953fe43d89c4ae8		false	STRUCTURED_RELATION_OUTPUT
compound-case:c5724561baf803ae277cd1b0	MODIFIER_BASE_SEPARATION	cleaned-output-atom:4a57b972d2e6e81f642d5c75	7499aced43869b27f505701e4edc737f0cc346add1240d4ba86fbfa251e0fc35	e6bb5689beec52c4672bd4df92c3613d128d30cdc2b704f76953fe43d89c4ae8		false	STRUCTURED_RELATION_OUTPUT
compound-case:b4bde68b55958d31f9ea1a73	MODIFIER_BASE_SEPARATION	cleaned-output-atom:4a7fff21ebd0b0746b191f37	7499aced43869b27f505701e4edc737f0cc346add1240d4ba86fbfa251e0fc35	e6bb5689beec52c4672bd4df92c3613d128d30cdc2b704f76953fe43d89c4ae8		false	STRUCTURED_RELATION_OUTPUT
compound-case:e09d2c7e92bc13098863fd15	MODIFIER_BASE_SEPARATION	cleaned-output-atom:4abd343965943c583443af17	7499aced43869b27f505701e4edc737f0cc346add1240d4ba86fbfa251e0fc35	e6bb5689beec52c4672bd4df92c3613d128d30cdc2b704f76953fe43d89c4ae8		false	STRUCTURED_RELATION_OUTPUT
compound-case:ae1255330c9ff61292a48317	MODIFIER_BASE_SEPARATION	cleaned-output-atom:4ae2aae87ec8c9ce1c060a1c	6815f3c300383519de8e437497e2c3e97852fe8d717a5419d5aafb00cb43c494	447f7f5c325ea17e635bef91bac42e27c55490450f38f1815d8d6c0bb36687ac	sensory.mango	false	STRUCTURED_RELATION_OUTPUT
compound-case:b3d09f8d0ab8c55f2ba32b60	MODIFIER_BASE_SEPARATION	cleaned-output-atom:4ae8f86fe5f9e7d7f9a958e1	9209526aaa61b0709dbb838e14686a26c4a03b53e8eedf34c7e5f6f606110d8c	acbfc58c9b12b002281c0987b9f60a658f66044c2aa142a09d592e4777e3eadc		false	STRUCTURED_RELATION_OUTPUT
compound-case:7fd63c262778d6edbe57b90d	COMPOUND_DECOMPOSITION	cleaned-output-atom:4af185f3c7ae3767b1398e6d	6a1a94d1d55237c82e0bc1ddd60247f7d782c1d862bfcf2541cce5c541dd9e1b		sensory.plum|sensory.prune|sensory.raisin	false	STRUCTURED_RELATION_OUTPUT
compound-case:076ebce553a651a31cd50eb3	MODIFIER_BASE_SEPARATION	cleaned-output-atom:4b6baf1f1ece90e216052511	7499aced43869b27f505701e4edc737f0cc346add1240d4ba86fbfa251e0fc35	e6bb5689beec52c4672bd4df92c3613d128d30cdc2b704f76953fe43d89c4ae8		false	STRUCTURED_RELATION_OUTPUT
compound-case:f3d435c00a607111afef245d	MODIFIER_BASE_SEPARATION	cleaned-output-atom:4bda956c7979dd6f7eaf99f4	4e10a4fb82b2a3dd638f3c704eecdff14fcc2158e964b3d630c1dab4efaf5ade	b9043c16af362f30807deaf692025d61c3c803bba1efc43fe2f63dc8b507418d	sensory.sweet	false	STRUCTURED_RELATION_OUTPUT
compound-case:11465c36b9759c822bcb0e05	MODIFIER_BASE_SEPARATION	cleaned-output-atom:4be379317267f2f042674936	9209526aaa61b0709dbb838e14686a26c4a03b53e8eedf34c7e5f6f606110d8c	acbfc58c9b12b002281c0987b9f60a658f66044c2aa142a09d592e4777e3eadc		false	STRUCTURED_RELATION_OUTPUT
compound-case:6c49303b3e0c3f1f755cfafa	MODIFIER_BASE_SEPARATION	cleaned-output-atom:4c5430534cd8f94d16d27d00	12fad53d7ead16e0de5e2f4ecf70102a8f1971916c5a1bd7dbf7360f5d5ac1b0	b9043c16af362f30807deaf692025d61c3c803bba1efc43fe2f63dc8b507418d	sensory.sweet	false	STRUCTURED_RELATION_OUTPUT
compound-case:08fe17cc183e27cdeec2bf25	MODIFIER_BASE_SEPARATION	cleaned-output-atom:4c5a91c1c3ba58e3d8562aa2	a1d9890884c1b4b960c279cfe7554a900d169422d6cec980beef67761487d3b9	b9043c16af362f30807deaf692025d61c3c803bba1efc43fe2f63dc8b507418d	sensory.sweet	false	STRUCTURED_RELATION_OUTPUT
compound-case:6f8341a8f849a88174c21c59	MODIFIER_BASE_SEPARATION	cleaned-output-atom:4c6074dd01c53b98877f2c04	136124e251901827f114c3d5d098ec2067eda3c4973e30410872bc16c9aa50db	acbfc58c9b12b002281c0987b9f60a658f66044c2aa142a09d592e4777e3eadc	sensory.pineapple	false	STRUCTURED_RELATION_OUTPUT
compound-case:5be7d560632fcd52dc42e087	MODIFIER_BASE_SEPARATION	cleaned-output-atom:4c678f1a5135d51469b9e72a	7499aced43869b27f505701e4edc737f0cc346add1240d4ba86fbfa251e0fc35	e6bb5689beec52c4672bd4df92c3613d128d30cdc2b704f76953fe43d89c4ae8		false	STRUCTURED_RELATION_OUTPUT
compound-case:35ce1ce461d83de33edc79eb	MODIFIER_BASE_SEPARATION	cleaned-output-atom:4c8abf3fcfab4b8ac934fa48	c1deb3268b977bb925905657adbb0102e853340b00f69a17c1eb72386cac4a42	b9043c16af362f30807deaf692025d61c3c803bba1efc43fe2f63dc8b507418d	sensory.sweet	false	STRUCTURED_RELATION_OUTPUT
compound-case:3218880d22d64b579bcdb520	MODIFIER_BASE_SEPARATION	cleaned-output-atom:4c9737f5adb4fc4b9a67d48e	9209526aaa61b0709dbb838e14686a26c4a03b53e8eedf34c7e5f6f606110d8c	acbfc58c9b12b002281c0987b9f60a658f66044c2aa142a09d592e4777e3eadc		false	STRUCTURED_RELATION_OUTPUT
compound-case:6ecde4c3c75b039c3307f74a	MODIFIER_BASE_SEPARATION	cleaned-output-atom:4cbe0a75c65b85feadab723f	7499aced43869b27f505701e4edc737f0cc346add1240d4ba86fbfa251e0fc35	e6bb5689beec52c4672bd4df92c3613d128d30cdc2b704f76953fe43d89c4ae8		false	STRUCTURED_RELATION_OUTPUT
compound-case:d0af38c638d734d6bd4a8053	COMPOUND_DECOMPOSITION	cleaned-output-atom:4d25124f0e86309d3e53e184	3bc7611101821f4bf6b427abae590078bafab2dfda91ff5fc246711a30ca7a6d		sensory.lemon|sensory.lime	false	STRUCTURED_RELATION_OUTPUT
compound-case:98091b90c31b08a2134103fb	COMPOUND_DECOMPOSITION	cleaned-output-atom:4d6fec6f06845f4e5b0f91d0	a50404fafc86e3eb64dbbe1808af677e3792bc45f0ff33bd84729555a2ac7907		sensory.butter|sensory.cocoa	false	STRUCTURED_RELATION_OUTPUT
compound-case:b9317c39936f5cf1f6d6ab2f	MODIFIER_BASE_SEPARATION	cleaned-output-atom:4dc3d0d8f1391af5e147ff60	7499aced43869b27f505701e4edc737f0cc346add1240d4ba86fbfa251e0fc35	e6bb5689beec52c4672bd4df92c3613d128d30cdc2b704f76953fe43d89c4ae8		false	STRUCTURED_RELATION_OUTPUT
compound-case:a9db01557a008dbd8a2cd694	MODIFIER_BASE_SEPARATION	cleaned-output-atom:4dd9b32b9d888464e9347adb	7499aced43869b27f505701e4edc737f0cc346add1240d4ba86fbfa251e0fc35	e6bb5689beec52c4672bd4df92c3613d128d30cdc2b704f76953fe43d89c4ae8		false	STRUCTURED_RELATION_OUTPUT
compound-case:d42d1e8377f51fd48f47061a	MODIFIER_BASE_SEPARATION	cleaned-output-atom:4e003f61502b39aafd75d81c	7499aced43869b27f505701e4edc737f0cc346add1240d4ba86fbfa251e0fc35	e6bb5689beec52c4672bd4df92c3613d128d30cdc2b704f76953fe43d89c4ae8		false	STRUCTURED_RELATION_OUTPUT
compound-case:ad535ec532147572c9083063	MODIFIER_BASE_SEPARATION	cleaned-output-atom:4f063463763539e382c6719f	7499aced43869b27f505701e4edc737f0cc346add1240d4ba86fbfa251e0fc35	e6bb5689beec52c4672bd4df92c3613d128d30cdc2b704f76953fe43d89c4ae8		false	STRUCTURED_RELATION_OUTPUT
compound-case:6eafb623d53ab94746d61d3a	MODIFIER_BASE_SEPARATION	cleaned-output-atom:4f6dc7376e1f808af2dd921d	7499aced43869b27f505701e4edc737f0cc346add1240d4ba86fbfa251e0fc35	e6bb5689beec52c4672bd4df92c3613d128d30cdc2b704f76953fe43d89c4ae8		false	STRUCTURED_RELATION_OUTPUT
compound-case:b22c80a67bd7491d03c47bb7	MODIFIER_BASE_SEPARATION	cleaned-output-atom:4f98aea54a071f2f324c74b3	4c6a4839f83d20d276e7ba94bde38eed7e8495fcefcea6222fb5d2ff5b60fc4b	b9043c16af362f30807deaf692025d61c3c803bba1efc43fe2f63dc8b507418d	sensory.sweet	false	STRUCTURED_RELATION_OUTPUT
compound-case:990bd0e591ca4c8a48cb0070	MODIFIER_BASE_SEPARATION	cleaned-output-atom:4fa5042116fdcf122d1a5b5f	9209526aaa61b0709dbb838e14686a26c4a03b53e8eedf34c7e5f6f606110d8c	acbfc58c9b12b002281c0987b9f60a658f66044c2aa142a09d592e4777e3eadc		false	STRUCTURED_RELATION_OUTPUT
compound-case:3c86bb01ee6ac6f651f92f1d	MODIFIER_BASE_SEPARATION	cleaned-output-atom:4ffe403ec15fb0ee545a1d12	9209526aaa61b0709dbb838e14686a26c4a03b53e8eedf34c7e5f6f606110d8c	acbfc58c9b12b002281c0987b9f60a658f66044c2aa142a09d592e4777e3eadc		false	STRUCTURED_RELATION_OUTPUT
compound-case:8168bd987ae9bfa420d9dec2	MODIFIER_BASE_SEPARATION	cleaned-output-atom:5046d235dd43a34242571782	7499aced43869b27f505701e4edc737f0cc346add1240d4ba86fbfa251e0fc35	e6bb5689beec52c4672bd4df92c3613d128d30cdc2b704f76953fe43d89c4ae8		false	STRUCTURED_RELATION_OUTPUT
compound-case:40db39a5fa3d634339caa051	MODIFIER_BASE_SEPARATION	cleaned-output-atom:506fbb75af60899480a180b4	c1deb3268b977bb925905657adbb0102e853340b00f69a17c1eb72386cac4a42	b9043c16af362f30807deaf692025d61c3c803bba1efc43fe2f63dc8b507418d	sensory.sweet	false	STRUCTURED_RELATION_OUTPUT
compound-case:8b432de22b4410ac19fb7506	MODIFIER_BASE_SEPARATION	cleaned-output-atom:50847f9dcd9f796ec271c18a	7499aced43869b27f505701e4edc737f0cc346add1240d4ba86fbfa251e0fc35	e6bb5689beec52c4672bd4df92c3613d128d30cdc2b704f76953fe43d89c4ae8		false	STRUCTURED_RELATION_OUTPUT
compound-case:b6ac44b3e0150247a04c5973	MODIFIER_BASE_SEPARATION	cleaned-output-atom:50b1b9945e95dc8025dd5b66	9209526aaa61b0709dbb838e14686a26c4a03b53e8eedf34c7e5f6f606110d8c	acbfc58c9b12b002281c0987b9f60a658f66044c2aa142a09d592e4777e3eadc		false	STRUCTURED_RELATION_OUTPUT
compound-case:2bfed2748851d2fc7f30b81e	MODIFIER_BASE_SEPARATION	cleaned-output-atom:50de92839b19d29e032f306d	7499aced43869b27f505701e4edc737f0cc346add1240d4ba86fbfa251e0fc35	e6bb5689beec52c4672bd4df92c3613d128d30cdc2b704f76953fe43d89c4ae8		false	STRUCTURED_RELATION_OUTPUT
compound-case:c70bcfb2b01d9fd00eef586e	MODIFIER_BASE_SEPARATION	cleaned-output-atom:5125977faca63d1024c98733	c7729495646cc7beaefe4bf888df7260f28f9783711e28cabc1ff24bb6bb096d	e6bb5689beec52c4672bd4df92c3613d128d30cdc2b704f76953fe43d89c4ae8		false	STRUCTURED_RELATION_OUTPUT
compound-case:a34b17fae4618d91dfeca309	COMPOUND_DECOMPOSITION	cleaned-output-atom:52e264b70607db4745cdbb03	7bac509a5325d0a8644ca8882f144c5924252fa12987f0b231a8a9afae386eed		sensory.almond|sensory.caramel	false	STRUCTURED_RELATION_OUTPUT
compound-case:694fc3c2c339cfb61d51b618	COMPOUND_DECOMPOSITION	cleaned-output-atom:53de6b9e22f29a21fde980ed	046b908561243d2930d2c547fc5aec55e36ab2477e60aae977debb5c1ed3ac82		sensory.blueberry|sensory.orange	false	STRUCTURED_RELATION_OUTPUT
compound-case:bc9ccf9489c1f49f971f1ce5	MODIFIER_BASE_SEPARATION	cleaned-output-atom:548998297dc3e339ebc7ba5e	34eff3154477afb1a3ee6925c09340b2df092050cbe9ed82ffcb3ee9a13a8a8a	b9043c16af362f30807deaf692025d61c3c803bba1efc43fe2f63dc8b507418d	sensory.sweet	false	STRUCTURED_RELATION_OUTPUT
compound-case:5113434ca54a2282a24e4e36	MODIFIER_BASE_SEPARATION	cleaned-output-atom:548c4878ad36712e7fdc2c44	7499aced43869b27f505701e4edc737f0cc346add1240d4ba86fbfa251e0fc35	e6bb5689beec52c4672bd4df92c3613d128d30cdc2b704f76953fe43d89c4ae8		false	STRUCTURED_RELATION_OUTPUT
compound-case:652d5300dfe9458391925681	MODIFIER_BASE_SEPARATION	cleaned-output-atom:54ab7703c3c167137f362253	7499aced43869b27f505701e4edc737f0cc346add1240d4ba86fbfa251e0fc35	e6bb5689beec52c4672bd4df92c3613d128d30cdc2b704f76953fe43d89c4ae8		false	STRUCTURED_RELATION_OUTPUT
compound-case:c5d2f399208a8cd3a4e9d937	MODIFIER_BASE_SEPARATION	cleaned-output-atom:54c6f08c7b3a6dba6cceb0d2	9209526aaa61b0709dbb838e14686a26c4a03b53e8eedf34c7e5f6f606110d8c	acbfc58c9b12b002281c0987b9f60a658f66044c2aa142a09d592e4777e3eadc		false	STRUCTURED_RELATION_OUTPUT
compound-case:cf989bad39158aa996fa06c4	MODIFIER_BASE_SEPARATION	cleaned-output-atom:5549b26908f7143882823ab0	9209526aaa61b0709dbb838e14686a26c4a03b53e8eedf34c7e5f6f606110d8c	acbfc58c9b12b002281c0987b9f60a658f66044c2aa142a09d592e4777e3eadc		false	STRUCTURED_RELATION_OUTPUT
compound-case:96ccaa473736a777fd8aa296	MODIFIER_BASE_SEPARATION	cleaned-output-atom:55b1bfd02b70b9b095359e68	7499aced43869b27f505701e4edc737f0cc346add1240d4ba86fbfa251e0fc35	e6bb5689beec52c4672bd4df92c3613d128d30cdc2b704f76953fe43d89c4ae8		false	STRUCTURED_RELATION_OUTPUT
compound-case:0582e6b535e7211d9223504a	MODIFIER_BASE_SEPARATION	cleaned-output-atom:55c7493e2fe75b79c71aecef	7499aced43869b27f505701e4edc737f0cc346add1240d4ba86fbfa251e0fc35	e6bb5689beec52c4672bd4df92c3613d128d30cdc2b704f76953fe43d89c4ae8		false	STRUCTURED_RELATION_OUTPUT
compound-case:48d04bbfccfdd752538476e0	MODIFIER_BASE_SEPARATION	cleaned-output-atom:56154c011dc290333e9fd6f9	7499aced43869b27f505701e4edc737f0cc346add1240d4ba86fbfa251e0fc35	e6bb5689beec52c4672bd4df92c3613d128d30cdc2b704f76953fe43d89c4ae8		false	STRUCTURED_RELATION_OUTPUT
compound-case:030961b7310aa1b32a3bb3be	MODIFIER_BASE_SEPARATION	cleaned-output-atom:56290b90ad00f269b728955d	9209526aaa61b0709dbb838e14686a26c4a03b53e8eedf34c7e5f6f606110d8c	acbfc58c9b12b002281c0987b9f60a658f66044c2aa142a09d592e4777e3eadc		false	STRUCTURED_RELATION_OUTPUT
compound-case:afbb67c28a3790ea8e4dfbc6	MODIFIER_BASE_SEPARATION	cleaned-output-atom:5689b1ce700eaa8e0eebb662	7d108ddb9255c7f990a9ec23453aea2b99ac06e5150c1e70e804e64dc22ee748	447f7f5c325ea17e635bef91bac42e27c55490450f38f1815d8d6c0bb36687ac		false	STRUCTURED_RELATION_OUTPUT
compound-case:074ab709ee81de7d91281057	MODIFIER_BASE_SEPARATION	cleaned-output-atom:56a05fdff259d69750eae46d	9209526aaa61b0709dbb838e14686a26c4a03b53e8eedf34c7e5f6f606110d8c	acbfc58c9b12b002281c0987b9f60a658f66044c2aa142a09d592e4777e3eadc		false	STRUCTURED_RELATION_OUTPUT
compound-case:5bf22a688764d95270580111	MODIFIER_BASE_SEPARATION	cleaned-output-atom:56afd0ace85a45ab683998c1	7499aced43869b27f505701e4edc737f0cc346add1240d4ba86fbfa251e0fc35	e6bb5689beec52c4672bd4df92c3613d128d30cdc2b704f76953fe43d89c4ae8		false	STRUCTURED_RELATION_OUTPUT
compound-case:ccd92b1d94c518efeb181bfe	MODIFIER_BASE_SEPARATION	cleaned-output-atom:56d778b13b15ffc94463eafc	c1deb3268b977bb925905657adbb0102e853340b00f69a17c1eb72386cac4a42	b9043c16af362f30807deaf692025d61c3c803bba1efc43fe2f63dc8b507418d	sensory.sweet	false	STRUCTURED_RELATION_OUTPUT
compound-case:f7ec35619dce3cdfc7fd4339	MODIFIER_BASE_SEPARATION	cleaned-output-atom:56df36f94b1e07db168bec0f	7499aced43869b27f505701e4edc737f0cc346add1240d4ba86fbfa251e0fc35	e6bb5689beec52c4672bd4df92c3613d128d30cdc2b704f76953fe43d89c4ae8		false	STRUCTURED_RELATION_OUTPUT
compound-case:a78963af8d056432ae713542	MODIFIER_BASE_SEPARATION	cleaned-output-atom:56fe1c64fc4e9e25c49cda17	73d1b1b1bc1dabfb97f216d897b7968e44b06457920f00f2dc6c1ed3be25ad4c	3b066804f6d1d077173cfe4d06002e6a61e6f21c2b2e648417962115f1afcd8e		false	STRUCTURED_RELATION_OUTPUT
compound-case:c6f657a672492d02d7d05675	MODIFIER_BASE_SEPARATION	cleaned-output-atom:578dc0b1ad95b7b770c34193	460a14f24091b0c78d824399a0e8ed7779c82d155ad8ac748973d03db11cc52d	b9043c16af362f30807deaf692025d61c3c803bba1efc43fe2f63dc8b507418d	sensory.sweet	false	STRUCTURED_RELATION_OUTPUT
compound-case:e9f16c8bf1a7e1b57b7905a6	MODIFIER_BASE_SEPARATION	cleaned-output-atom:584c2023b73988fecbfd3f6d	9209526aaa61b0709dbb838e14686a26c4a03b53e8eedf34c7e5f6f606110d8c	acbfc58c9b12b002281c0987b9f60a658f66044c2aa142a09d592e4777e3eadc		false	STRUCTURED_RELATION_OUTPUT
compound-case:9f71e41a1ec98171c81af4d2	MODIFIER_BASE_SEPARATION	cleaned-output-atom:58cec69c3efcc586c8f211cd	53843e3cbc89e927e63f2941c702976515a96faff1f6ef9206c4b484ebd627ef	acbfc58c9b12b002281c0987b9f60a658f66044c2aa142a09d592e4777e3eadc	sensory.strawberry	false	STRUCTURED_RELATION_OUTPUT
compound-case:1fd9f6e57514a27750cfb109	COMPOUND_DECOMPOSITION	cleaned-output-atom:58ebbfeb40868473003a6743	8ab7d8548a9a844cc15713a9cb891fbc74631843de1677673df02f43dbe489ce		sensory.butter|sensory.peanut	false	STRUCTURED_RELATION_OUTPUT
compound-case:41981a5ccfd3a9e34cc614e2	MODIFIER_BASE_SEPARATION	cleaned-output-atom:592373237bfbf7a9573028a1	7499aced43869b27f505701e4edc737f0cc346add1240d4ba86fbfa251e0fc35	e6bb5689beec52c4672bd4df92c3613d128d30cdc2b704f76953fe43d89c4ae8		false	STRUCTURED_RELATION_OUTPUT
compound-case:725168fd68d1934f382de025	MODIFIER_BASE_SEPARATION	cleaned-output-atom:59e1b66e253db1b990724676	7499aced43869b27f505701e4edc737f0cc346add1240d4ba86fbfa251e0fc35	e6bb5689beec52c4672bd4df92c3613d128d30cdc2b704f76953fe43d89c4ae8		false	STRUCTURED_RELATION_OUTPUT
compound-case:1d9619f78642a2ed68c9e897	MODIFIER_BASE_SEPARATION	cleaned-output-atom:5a421cea22a1006b91edefae	4c6a4839f83d20d276e7ba94bde38eed7e8495fcefcea6222fb5d2ff5b60fc4b	b9043c16af362f30807deaf692025d61c3c803bba1efc43fe2f63dc8b507418d	sensory.sweet	false	STRUCTURED_RELATION_OUTPUT
compound-case:a63208e2e7a42e3d569de0bf	MODIFIER_BASE_SEPARATION	cleaned-output-atom:5aafc6c7837c337de1f21886	c1deb3268b977bb925905657adbb0102e853340b00f69a17c1eb72386cac4a42	b9043c16af362f30807deaf692025d61c3c803bba1efc43fe2f63dc8b507418d	sensory.sweet	false	STRUCTURED_RELATION_OUTPUT
compound-case:29a8670f507035c9a746b7b0	MODIFIER_BASE_SEPARATION	cleaned-output-atom:5aca13a0845a64897d038cc3	175534c4b50d990d29b77ae0e377fc4ceeae54cf67e6cbdd071ee47c8c51a021	3b066804f6d1d077173cfe4d06002e6a61e6f21c2b2e648417962115f1afcd8e		false	STRUCTURED_RELATION_OUTPUT
compound-case:e8d2279f703ac6ce3b5a23c2	MODIFIER_BASE_SEPARATION	cleaned-output-atom:5b235aed00594110f4c2ea9f	7499aced43869b27f505701e4edc737f0cc346add1240d4ba86fbfa251e0fc35	e6bb5689beec52c4672bd4df92c3613d128d30cdc2b704f76953fe43d89c4ae8		false	STRUCTURED_RELATION_OUTPUT
compound-case:8048bca6e235a8170c34a5f5	MODIFIER_BASE_SEPARATION	cleaned-output-atom:5b6ea0ce5e1c2b75e784be3a	c6171781d65f3ccce1135e3c89850cfbaa7f332fd72a1f8f6a841fbcf7fd362a	3b066804f6d1d077173cfe4d06002e6a61e6f21c2b2e648417962115f1afcd8e		false	STRUCTURED_RELATION_OUTPUT
compound-case:81678162d1c219361653cdb0	MODIFIER_BASE_SEPARATION	cleaned-output-atom:5bc70c1110e9ffe47d62546e	7499aced43869b27f505701e4edc737f0cc346add1240d4ba86fbfa251e0fc35	e6bb5689beec52c4672bd4df92c3613d128d30cdc2b704f76953fe43d89c4ae8		false	STRUCTURED_RELATION_OUTPUT
compound-case:3de6970b4120a8bcf6772c9e	MODIFIER_BASE_SEPARATION	cleaned-output-atom:5bddb2a196634864e1dc770c	7499aced43869b27f505701e4edc737f0cc346add1240d4ba86fbfa251e0fc35	e6bb5689beec52c4672bd4df92c3613d128d30cdc2b704f76953fe43d89c4ae8		false	STRUCTURED_RELATION_OUTPUT
compound-case:2fd2ce8327693e03f2c89c7e	MODIFIER_BASE_SEPARATION	cleaned-output-atom:5bdf62f5466465f50fd4dc53	7499aced43869b27f505701e4edc737f0cc346add1240d4ba86fbfa251e0fc35	e6bb5689beec52c4672bd4df92c3613d128d30cdc2b704f76953fe43d89c4ae8		false	STRUCTURED_RELATION_OUTPUT
compound-case:5a4187ad76f1f734d981e494	MODIFIER_BASE_SEPARATION	cleaned-output-atom:5cae9e0260e76bda6cb90046	5c17109d20746ad75bc1bb9d345b114adc6dca927bd8ed3980c2aa8b1f37d944	3b066804f6d1d077173cfe4d06002e6a61e6f21c2b2e648417962115f1afcd8e		false	STRUCTURED_RELATION_OUTPUT
compound-case:368e58e2b2a1f090ed440aa8	MODIFIER_BASE_SEPARATION	cleaned-output-atom:5cefdaf3f3032fece30bc96e	1dc7a0ffcdfdb57888fe67dc23f9e0fb73d762eb162406ea7ad27716d5e2b37a	d098ab5e44b9aabb755f76d806598f43573c662b35e4a2eab1e312ec9ad195e2	sensory.cocoa	false	STRUCTURED_RELATION_OUTPUT
compound-case:c457140c63356dd7b4b68917	COMPOUND_DECOMPOSITION	cleaned-output-atom:5d0bbccd946130f88024446a	b0d04ff05462189837234edb33e2dba634a7a415ca4b8ca6880f507688c6e5e9		sensory.lime|sensory.peach	false	STRUCTURED_RELATION_OUTPUT
compound-case:a33a5e8720d17c104f30f6f0	MODIFIER_BASE_SEPARATION	cleaned-output-atom:5d51df48f3e8920855233805	9209526aaa61b0709dbb838e14686a26c4a03b53e8eedf34c7e5f6f606110d8c	acbfc58c9b12b002281c0987b9f60a658f66044c2aa142a09d592e4777e3eadc		false	STRUCTURED_RELATION_OUTPUT
compound-case:2a6a8c2eec292be109893f90	MODIFIER_BASE_SEPARATION	cleaned-output-atom:5d8ced38ed9ffc4f5d11c53b	7499aced43869b27f505701e4edc737f0cc346add1240d4ba86fbfa251e0fc35	e6bb5689beec52c4672bd4df92c3613d128d30cdc2b704f76953fe43d89c4ae8		false	STRUCTURED_RELATION_OUTPUT
compound-case:b688fb71720b2979af2f2ba5	MODIFIER_BASE_SEPARATION	cleaned-output-atom:5db31ebb25c01ae57504aed2	7499aced43869b27f505701e4edc737f0cc346add1240d4ba86fbfa251e0fc35	e6bb5689beec52c4672bd4df92c3613d128d30cdc2b704f76953fe43d89c4ae8		false	STRUCTURED_RELATION_OUTPUT
compound-case:eddac1df4df3c928ff984c95	MODIFIER_BASE_SEPARATION	cleaned-output-atom:5e15b2b61b87f52bfb0a0a66	7499aced43869b27f505701e4edc737f0cc346add1240d4ba86fbfa251e0fc35	e6bb5689beec52c4672bd4df92c3613d128d30cdc2b704f76953fe43d89c4ae8		false	STRUCTURED_RELATION_OUTPUT
compound-case:5f876f86530311df7b25eeea	MODIFIER_BASE_SEPARATION	cleaned-output-atom:5e1bfb79eed94f5597af71e0	7499aced43869b27f505701e4edc737f0cc346add1240d4ba86fbfa251e0fc35	e6bb5689beec52c4672bd4df92c3613d128d30cdc2b704f76953fe43d89c4ae8		false	STRUCTURED_RELATION_OUTPUT
compound-case:e43e8808c429647067794779	MODIFIER_BASE_SEPARATION	cleaned-output-atom:5e1cb203e7eb79367d68b739	c1deb3268b977bb925905657adbb0102e853340b00f69a17c1eb72386cac4a42	b9043c16af362f30807deaf692025d61c3c803bba1efc43fe2f63dc8b507418d	sensory.sweet	false	STRUCTURED_RELATION_OUTPUT
compound-case:d85b9cd0a8b5a7cc49ef6e78	MODIFIER_BASE_SEPARATION	cleaned-output-atom:5e438f082eafafae97456de9	7499aced43869b27f505701e4edc737f0cc346add1240d4ba86fbfa251e0fc35	e6bb5689beec52c4672bd4df92c3613d128d30cdc2b704f76953fe43d89c4ae8		false	STRUCTURED_RELATION_OUTPUT
compound-case:b68bc907c155d43742a4ff84	COMPOUND_DECOMPOSITION	cleaned-output-atom:5e446455f1550ffdbd64b2d2	ccb7d90acd6c7cf0246a79f346451943209c1a5acdb557c29f933ff0750c46c4		sensory.mango|sensory.orange	false	STRUCTURED_RELATION_OUTPUT
compound-case:93b836dc893d8f561f84eeb7	MODIFIER_BASE_SEPARATION	cleaned-output-atom:5e80c60e7dab8c61b9ca6251	7499aced43869b27f505701e4edc737f0cc346add1240d4ba86fbfa251e0fc35	e6bb5689beec52c4672bd4df92c3613d128d30cdc2b704f76953fe43d89c4ae8		false	STRUCTURED_RELATION_OUTPUT
compound-case:c0978aa6db6f14eb97269c9e	MODIFIER_BASE_SEPARATION	cleaned-output-atom:5ebfd1f281cdbe004d3a54dc	4c6a4839f83d20d276e7ba94bde38eed7e8495fcefcea6222fb5d2ff5b60fc4b	b9043c16af362f30807deaf692025d61c3c803bba1efc43fe2f63dc8b507418d	sensory.sweet	false	STRUCTURED_RELATION_OUTPUT
compound-case:7ae58a3365769929ea829e6e	MODIFIER_BASE_SEPARATION	cleaned-output-atom:5ecd6d57a66dbe6e73e5e4b4	9209526aaa61b0709dbb838e14686a26c4a03b53e8eedf34c7e5f6f606110d8c	acbfc58c9b12b002281c0987b9f60a658f66044c2aa142a09d592e4777e3eadc		false	STRUCTURED_RELATION_OUTPUT
compound-case:1e5987ee3e2ff56d5a759fc7	MODIFIER_BASE_SEPARATION	cleaned-output-atom:5edc9b09bdfcca23e6402cbb	9209526aaa61b0709dbb838e14686a26c4a03b53e8eedf34c7e5f6f606110d8c	acbfc58c9b12b002281c0987b9f60a658f66044c2aa142a09d592e4777e3eadc		false	STRUCTURED_RELATION_OUTPUT
compound-case:70dbe694351aa2b13b646ec2	MODIFIER_BASE_SEPARATION	cleaned-output-atom:5ee45eb8fdc609ad7067a7d3	b9f78d73b0c5f4b3f4b7fdff5d5ca16e1ab6e5bf1e0d076d9ee9c4765db5d033	fc66f021c67d064c1490a12b5a4d4d2f5167ca692a16ca12f1f3a4cda29a6fa9|b9043c16af362f30807deaf692025d61c3c803bba1efc43fe2f63dc8b507418d	sensory.sweet	false	STRUCTURED_RELATION_OUTPUT
compound-case:f92d226ee797c33de0404589	MODIFIER_BASE_SEPARATION	cleaned-output-atom:5ef4530ced9dffba1bf2beba	7499aced43869b27f505701e4edc737f0cc346add1240d4ba86fbfa251e0fc35	e6bb5689beec52c4672bd4df92c3613d128d30cdc2b704f76953fe43d89c4ae8		false	STRUCTURED_RELATION_OUTPUT
compound-case:7b5e79e66290d9c5c7812754	MODIFIER_BASE_SEPARATION	cleaned-output-atom:5efee8e2a276e09c18d21d4b	9209526aaa61b0709dbb838e14686a26c4a03b53e8eedf34c7e5f6f606110d8c	acbfc58c9b12b002281c0987b9f60a658f66044c2aa142a09d592e4777e3eadc		false	STRUCTURED_RELATION_OUTPUT
compound-case:f47f2464c058238aadf659af	COMPOUND_DECOMPOSITION	cleaned-output-atom:5f303902a621064f3c965dcb	285690d943e4d16109f39c5f093cca87c41c2053d0934a5dd00e23ec45791387		sensory.cherry|sensory.lime	false	STRUCTURED_RELATION_OUTPUT
compound-case:00f74d0419485d87391c733e	MODIFIER_BASE_SEPARATION	cleaned-output-atom:5f923d53914fd5907dbf4bf3	c1deb3268b977bb925905657adbb0102e853340b00f69a17c1eb72386cac4a42	b9043c16af362f30807deaf692025d61c3c803bba1efc43fe2f63dc8b507418d	sensory.sweet	false	STRUCTURED_RELATION_OUTPUT
compound-case:703b09b2119f86992915a4ba	MODIFIER_BASE_SEPARATION	cleaned-output-atom:5f9d069b1e22e438af3ebda8	7499aced43869b27f505701e4edc737f0cc346add1240d4ba86fbfa251e0fc35	e6bb5689beec52c4672bd4df92c3613d128d30cdc2b704f76953fe43d89c4ae8		false	STRUCTURED_RELATION_OUTPUT
compound-case:93bd0de3feafb68159b3a421	MODIFIER_BASE_SEPARATION	cleaned-output-atom:5f9e64271b2f16d1622b0c68	7499aced43869b27f505701e4edc737f0cc346add1240d4ba86fbfa251e0fc35	e6bb5689beec52c4672bd4df92c3613d128d30cdc2b704f76953fe43d89c4ae8		false	STRUCTURED_RELATION_OUTPUT
compound-case:3fba58458aa0796875869fa1	MODIFIER_BASE_SEPARATION	cleaned-output-atom:5fb6dab49013e7514493755a	2cf75d98cf8871b729b99836cee4529458113453aea772e14f6795908664287e	e6bb5689beec52c4672bd4df92c3613d128d30cdc2b704f76953fe43d89c4ae8		false	STRUCTURED_RELATION_OUTPUT
compound-case:6b15e60983d1ede323f19617	COMPOUND_DECOMPOSITION	cleaned-output-atom:5fe48d67e271d3b108e1ac2b	d564aaf98bd28a23bf9d125214c1bd827f993a6b93625660f2403cab17f4d403		sensory.grape|sensory.plum	false	STRUCTURED_RELATION_OUTPUT
compound-case:d96e3b1f0d5aab7123be400f	MODIFIER_BASE_SEPARATION	cleaned-output-atom:6076255e9f84130688417e8a	9209526aaa61b0709dbb838e14686a26c4a03b53e8eedf34c7e5f6f606110d8c	acbfc58c9b12b002281c0987b9f60a658f66044c2aa142a09d592e4777e3eadc		false	STRUCTURED_RELATION_OUTPUT
compound-case:8dd276575a75fff89d95585e	MODIFIER_BASE_SEPARATION	cleaned-output-atom:60c7466ff1722b741956dc9a	c1deb3268b977bb925905657adbb0102e853340b00f69a17c1eb72386cac4a42	b9043c16af362f30807deaf692025d61c3c803bba1efc43fe2f63dc8b507418d	sensory.sweet	false	STRUCTURED_RELATION_OUTPUT
compound-case:bb2368d8dbe890745992bb33	MODIFIER_BASE_SEPARATION	cleaned-output-atom:60d273d67b7c5237954a3b80	c1deb3268b977bb925905657adbb0102e853340b00f69a17c1eb72386cac4a42	b9043c16af362f30807deaf692025d61c3c803bba1efc43fe2f63dc8b507418d	sensory.sweet	false	STRUCTURED_RELATION_OUTPUT
compound-case:5b28679dd51a51e85c46c090	MODIFIER_BASE_SEPARATION	cleaned-output-atom:614f5a9736a42b8864016253	d3dc88ae24a3be59843285c31e59c42286e0724f6698aad5e14217416ab05c25	acbfc58c9b12b002281c0987b9f60a658f66044c2aa142a09d592e4777e3eadc		false	STRUCTURED_RELATION_OUTPUT
compound-case:e6f62aead4738e8c043650fe	MODIFIER_BASE_SEPARATION	cleaned-output-atom:61c1c8a9763d65a9eaaa5ba4	7499aced43869b27f505701e4edc737f0cc346add1240d4ba86fbfa251e0fc35	e6bb5689beec52c4672bd4df92c3613d128d30cdc2b704f76953fe43d89c4ae8		false	STRUCTURED_RELATION_OUTPUT
compound-case:d3fca51068d5639754afa624	COMPOUND_DECOMPOSITION	cleaned-output-atom:61df9280f4beb69ccac1da17	c9e199ad7ecffc6901ddf353dd95a0842bd008269da76d00da63cdb43fbb0286		sensory.lemon|sensory.pineapple	false	STRUCTURED_RELATION_OUTPUT
compound-case:e47faa71c17fdb7a9b269b39	MODIFIER_BASE_SEPARATION	cleaned-output-atom:61f177897cc4eaac785e3e63	7499aced43869b27f505701e4edc737f0cc346add1240d4ba86fbfa251e0fc35	e6bb5689beec52c4672bd4df92c3613d128d30cdc2b704f76953fe43d89c4ae8		false	STRUCTURED_RELATION_OUTPUT
compound-case:1ebb8a5534a21eab825f61ae	MODIFIER_BASE_SEPARATION	cleaned-output-atom:623728cd61744a2b01e0abbc	7499aced43869b27f505701e4edc737f0cc346add1240d4ba86fbfa251e0fc35	e6bb5689beec52c4672bd4df92c3613d128d30cdc2b704f76953fe43d89c4ae8		false	STRUCTURED_RELATION_OUTPUT
compound-case:2f64ab9753b9f0d986efb595	MODIFIER_BASE_SEPARATION	cleaned-output-atom:626f723f2a1586315932b7f8	7499aced43869b27f505701e4edc737f0cc346add1240d4ba86fbfa251e0fc35	e6bb5689beec52c4672bd4df92c3613d128d30cdc2b704f76953fe43d89c4ae8		false	STRUCTURED_RELATION_OUTPUT
compound-case:b07e03c1c51fdc270e51a756	MODIFIER_BASE_SEPARATION	cleaned-output-atom:6273b0d7882634a94e10a454	7499aced43869b27f505701e4edc737f0cc346add1240d4ba86fbfa251e0fc35	e6bb5689beec52c4672bd4df92c3613d128d30cdc2b704f76953fe43d89c4ae8		false	STRUCTURED_RELATION_OUTPUT
compound-case:ae6fad82c8e0314170d42f92	MODIFIER_BASE_SEPARATION	cleaned-output-atom:62f8de89f216042ec974e6f4	f2fb1eb160cb552e90a6b7caa67767e64040ba495a8bdf79a90f35d95c92a62a	8290c583738717f6ceea216b3c94302eeaf53dc81bcaf4337a593bb6a752b851		false	STRUCTURED_RELATION_OUTPUT
compound-case:ecbf6b616497152df0936c4b	MODIFIER_BASE_SEPARATION	cleaned-output-atom:63346427c8281fa65622051a	9209526aaa61b0709dbb838e14686a26c4a03b53e8eedf34c7e5f6f606110d8c	acbfc58c9b12b002281c0987b9f60a658f66044c2aa142a09d592e4777e3eadc		false	STRUCTURED_RELATION_OUTPUT
compound-case:7ba82c956b507225c604fc15	MODIFIER_BASE_SEPARATION	cleaned-output-atom:6347040388b9843632045626	7499aced43869b27f505701e4edc737f0cc346add1240d4ba86fbfa251e0fc35	e6bb5689beec52c4672bd4df92c3613d128d30cdc2b704f76953fe43d89c4ae8		false	STRUCTURED_RELATION_OUTPUT
compound-case:b7cb0f795c6ad7165355f623	MODIFIER_BASE_SEPARATION	cleaned-output-atom:636fa557354c164095fe4539	9209526aaa61b0709dbb838e14686a26c4a03b53e8eedf34c7e5f6f606110d8c	acbfc58c9b12b002281c0987b9f60a658f66044c2aa142a09d592e4777e3eadc		false	STRUCTURED_RELATION_OUTPUT
compound-case:b11c07d10d902c9d17b8464e	MODIFIER_BASE_SEPARATION	cleaned-output-atom:63a96bad3c69c36adef4daf7	7499aced43869b27f505701e4edc737f0cc346add1240d4ba86fbfa251e0fc35	e6bb5689beec52c4672bd4df92c3613d128d30cdc2b704f76953fe43d89c4ae8		false	STRUCTURED_RELATION_OUTPUT
compound-case:c3f879b8eddd214d5a8d80c7	MODIFIER_BASE_SEPARATION	cleaned-output-atom:63b9b243913cff432aed26bb	9209526aaa61b0709dbb838e14686a26c4a03b53e8eedf34c7e5f6f606110d8c	acbfc58c9b12b002281c0987b9f60a658f66044c2aa142a09d592e4777e3eadc		false	STRUCTURED_RELATION_OUTPUT
compound-case:d8c9047e965af6b960f17d7a	MODIFIER_BASE_SEPARATION	cleaned-output-atom:644f687c4b58f7f08227ec13	9209526aaa61b0709dbb838e14686a26c4a03b53e8eedf34c7e5f6f606110d8c	acbfc58c9b12b002281c0987b9f60a658f66044c2aa142a09d592e4777e3eadc		false	STRUCTURED_RELATION_OUTPUT
compound-case:bc6a7cb84864c6509cddaa2e	MODIFIER_BASE_SEPARATION	cleaned-output-atom:659ae3edc73f51b441de8684	9209526aaa61b0709dbb838e14686a26c4a03b53e8eedf34c7e5f6f606110d8c	acbfc58c9b12b002281c0987b9f60a658f66044c2aa142a09d592e4777e3eadc		false	STRUCTURED_RELATION_OUTPUT
compound-case:884ac39b7d16390544d36f5e	MODIFIER_BASE_SEPARATION	cleaned-output-atom:663add8702965bf0361bec11	7499aced43869b27f505701e4edc737f0cc346add1240d4ba86fbfa251e0fc35	e6bb5689beec52c4672bd4df92c3613d128d30cdc2b704f76953fe43d89c4ae8		false	STRUCTURED_RELATION_OUTPUT
compound-case:6bb4aba48366713dff721f2e	MODIFIER_BASE_SEPARATION	cleaned-output-atom:66599e5d402ac2791a977e6c	7499aced43869b27f505701e4edc737f0cc346add1240d4ba86fbfa251e0fc35	e6bb5689beec52c4672bd4df92c3613d128d30cdc2b704f76953fe43d89c4ae8		false	STRUCTURED_RELATION_OUTPUT
compound-case:1c8324f42a7d3e690a8f7bfe	MODIFIER_BASE_SEPARATION	cleaned-output-atom:66cb856cac72c68dfb5e4f02	c943ded748f46cc18434e8791883fa5755ba7ea11c1118679063436a327e7d54	6ef7c9b15ecdd69083724b84cfdc2100351963488b51b4ea2fcbddf493fbec94		false	STRUCTURED_RELATION_OUTPUT
compound-case:72640ef12cd98e33a70bc2da	MODIFIER_BASE_SEPARATION	cleaned-output-atom:676409cbdb6df32decb5aee3	7499aced43869b27f505701e4edc737f0cc346add1240d4ba86fbfa251e0fc35	e6bb5689beec52c4672bd4df92c3613d128d30cdc2b704f76953fe43d89c4ae8		false	STRUCTURED_RELATION_OUTPUT
compound-case:14b0a8085056cd7a45d08577	MODIFIER_BASE_SEPARATION	cleaned-output-atom:6778849e2f30679203218614	7499aced43869b27f505701e4edc737f0cc346add1240d4ba86fbfa251e0fc35	e6bb5689beec52c4672bd4df92c3613d128d30cdc2b704f76953fe43d89c4ae8		false	STRUCTURED_RELATION_OUTPUT
compound-case:2459f5cb3f05b7e03570fba5	MODIFIER_BASE_SEPARATION	cleaned-output-atom:67c0ad4f18dba5700c20c435	4c6a4839f83d20d276e7ba94bde38eed7e8495fcefcea6222fb5d2ff5b60fc4b	533703fd6141e25f565fa24dee8ada19e1765495adb3daae56565b3bb6b4957a		false	STRUCTURED_RELATION_OUTPUT
compound-case:1297e349aba61690880915bd	COMPOUND_DECOMPOSITION	cleaned-output-atom:6876d4f53212f7c87183229c	6ca26d932aa70a7aded3236352d71cc78926e948fc1d89b2fdad868746244f97		sensory.blackberry|sensory.clove	false	STRUCTURED_RELATION_OUTPUT
compound-case:bb3b78d74dcb5da4a972c366	MODIFIER_BASE_SEPARATION	cleaned-output-atom:692f9b643e6cdf1858f58dd0	c1deb3268b977bb925905657adbb0102e853340b00f69a17c1eb72386cac4a42	b9043c16af362f30807deaf692025d61c3c803bba1efc43fe2f63dc8b507418d	sensory.sweet	false	STRUCTURED_RELATION_OUTPUT
compound-case:2073751194946e3b36ff9ab2	MODIFIER_BASE_SEPARATION	cleaned-output-atom:694b4b61a721c363a0d88009	7499aced43869b27f505701e4edc737f0cc346add1240d4ba86fbfa251e0fc35	e6bb5689beec52c4672bd4df92c3613d128d30cdc2b704f76953fe43d89c4ae8		false	STRUCTURED_RELATION_OUTPUT
compound-case:3b5d63cbf0f369e13845bf5c	MODIFIER_BASE_SEPARATION	cleaned-output-atom:69719c947e1decdfea535051	ae9732c0e2b3bfb5876727d8656d068053d0ac3a0ff4bd3032b0a6fcac33d027	c082456a7766e23a18db084cd34b6ff510baef506548b897cc80e9b7d3e121c8		false	STRUCTURED_RELATION_OUTPUT
compound-case:656632641da39968963e89fd	MODIFIER_BASE_SEPARATION	cleaned-output-atom:69783bcfefb1dbf725620e3b	9209526aaa61b0709dbb838e14686a26c4a03b53e8eedf34c7e5f6f606110d8c	acbfc58c9b12b002281c0987b9f60a658f66044c2aa142a09d592e4777e3eadc		false	STRUCTURED_RELATION_OUTPUT
compound-case:afc97553e22b700eed81ac6f	MODIFIER_BASE_SEPARATION	cleaned-output-atom:69abe41e23fac3b8eecde18e	9a9890853ad10c75d13252818a860eeb23ca01732cb40585c4a1d2ec78069545	fc66f021c67d064c1490a12b5a4d4d2f5167ca692a16ca12f1f3a4cda29a6fa9|2a21fe6d592a19b7de898b50eb53c429608de1a66f3e9f62da19714a770553d1		false	STRUCTURED_RELATION_OUTPUT
compound-case:474b690721cedb2980eb5513	MODIFIER_BASE_SEPARATION	cleaned-output-atom:69ca95e4af7e92d8cf614a06	ef77440b6f8382d4ce8d8cf6e0992d3a092e57d91822f8e970be365ec35b14a9	b9043c16af362f30807deaf692025d61c3c803bba1efc43fe2f63dc8b507418d	sensory.sweet	false	STRUCTURED_RELATION_OUTPUT
compound-case:5637074c15167db600c09404	MODIFIER_BASE_SEPARATION	cleaned-output-atom:69df632de687b60741f90a9d	7499aced43869b27f505701e4edc737f0cc346add1240d4ba86fbfa251e0fc35	e6bb5689beec52c4672bd4df92c3613d128d30cdc2b704f76953fe43d89c4ae8		false	STRUCTURED_RELATION_OUTPUT
compound-case:6f1018f63da5518016d12467	COMPOUND_DECOMPOSITION	cleaned-output-atom:69fd9c99f18953dbeefae332	6196e7d273ba724683bafff5d50582090955dec9c89c81566c54aeddd1be9712	b9043c16af362f30807deaf692025d61c3c803bba1efc43fe2f63dc8b507418d	sensory.bitter|sensory.sweet	false	STRUCTURED_RELATION_OUTPUT
compound-case:fc4f552087634ebfae435171	COMPOUND_DECOMPOSITION	cleaned-output-atom:6a1f7073f8d569698f2a8c68	238390a1634f0aa715ce5437ff8a08a682b71734c2afdf51f10e2b376670429c		sensory.almond|sensory.butter	false	STRUCTURED_RELATION_OUTPUT
compound-case:cefb6de05a3d6658dcce3452	MODIFIER_BASE_SEPARATION	cleaned-output-atom:6ab1ac2538e49bb8f0ebee39	9209526aaa61b0709dbb838e14686a26c4a03b53e8eedf34c7e5f6f606110d8c	acbfc58c9b12b002281c0987b9f60a658f66044c2aa142a09d592e4777e3eadc		false	STRUCTURED_RELATION_OUTPUT
compound-case:46e0d7badd6d19d2e4f4969f	MODIFIER_BASE_SEPARATION	cleaned-output-atom:6b31608bfe3a6535c9308b24	7499aced43869b27f505701e4edc737f0cc346add1240d4ba86fbfa251e0fc35	e6bb5689beec52c4672bd4df92c3613d128d30cdc2b704f76953fe43d89c4ae8		false	STRUCTURED_RELATION_OUTPUT
compound-case:b33682f37799b1a66dc0b475	COMPOUND_DECOMPOSITION	cleaned-output-atom:6b5dbcea22f55188656e4817	d92c07ad493ff6a533049fbffc733a8d5641875af630deb86f059135d06f3cb9		sensory.burnt|sensory.caramel	false	STRUCTURED_RELATION_OUTPUT
compound-case:d2c603f0b6b938333839209e	MODIFIER_BASE_SEPARATION	cleaned-output-atom:6b8999c56859c6f5aa8ab630	9209526aaa61b0709dbb838e14686a26c4a03b53e8eedf34c7e5f6f606110d8c	acbfc58c9b12b002281c0987b9f60a658f66044c2aa142a09d592e4777e3eadc		false	STRUCTURED_RELATION_OUTPUT
compound-case:31808bee61d047c8f41af2ea	MODIFIER_BASE_SEPARATION	cleaned-output-atom:6bb8c0be56bfb913011a4c86	7499aced43869b27f505701e4edc737f0cc346add1240d4ba86fbfa251e0fc35	e6bb5689beec52c4672bd4df92c3613d128d30cdc2b704f76953fe43d89c4ae8		false	STRUCTURED_RELATION_OUTPUT
compound-case:6101ade4aac36026f3ca0c07	MODIFIER_BASE_SEPARATION	cleaned-output-atom:6bc1c1c00a7d3dfbd369d083	7499aced43869b27f505701e4edc737f0cc346add1240d4ba86fbfa251e0fc35	e6bb5689beec52c4672bd4df92c3613d128d30cdc2b704f76953fe43d89c4ae8		false	STRUCTURED_RELATION_OUTPUT
compound-case:c26a08b7d6f5b9a68a4d4e58	MODIFIER_BASE_SEPARATION	cleaned-output-atom:6bc21de39452768603088430	48fb71763d97b54b752aa17694977d1f87c7707415f25ab63ac2ea2495347ae6	fc66f021c67d064c1490a12b5a4d4d2f5167ca692a16ca12f1f3a4cda29a6fa9		false	STRUCTURED_RELATION_OUTPUT
compound-case:cdd5183d63b48d8a50746f94	MODIFIER_BASE_SEPARATION	cleaned-output-atom:6c0988a0c122c8ccd56232d0	0e27150cb1fc10c8366e5924160b7d3c36bc045edf614989b5134136bd719188	b9043c16af362f30807deaf692025d61c3c803bba1efc43fe2f63dc8b507418d	sensory.sweet	false	STRUCTURED_RELATION_OUTPUT
compound-case:692561f01eb042152d878e8a	MODIFIER_BASE_SEPARATION	cleaned-output-atom:6c0ade433909275f352c7010	1be08caf40742da76713c45efbe1d5d01f00250277d1731fbb1e9373b6f775a1	e6bb5689beec52c4672bd4df92c3613d128d30cdc2b704f76953fe43d89c4ae8		false	STRUCTURED_RELATION_OUTPUT
compound-case:199e09e3bf1bf8904d55c19a	MODIFIER_BASE_SEPARATION	cleaned-output-atom:6c61de9bed638864c68705f3	f8d1364ee0224096bbdb70e6dabb63e67886711de658cbeff0c733efbeeb8687	b9043c16af362f30807deaf692025d61c3c803bba1efc43fe2f63dc8b507418d	sensory.sweet	false	STRUCTURED_RELATION_OUTPUT
compound-case:7a3636faac8bf5e1ad161d91	COMPOUND_DECOMPOSITION	cleaned-output-atom:6c7f4d63f9917984d1ba6582	0ec087d18a3d9b4c8add857a72953b68f2d7d87df6b30f9890ba15efc2819748		sensory.butter|sensory.caramel	false	STRUCTURED_RELATION_OUTPUT
compound-case:ee8523427217106546044639	COMPOUND_DECOMPOSITION	cleaned-output-atom:6c87346fd23ab974063976dd	d92c07ad493ff6a533049fbffc733a8d5641875af630deb86f059135d06f3cb9		sensory.burnt|sensory.caramel	false	STRUCTURED_RELATION_OUTPUT
compound-case:9396de85e75ad090aa8e85a7	MODIFIER_BASE_SEPARATION	cleaned-output-atom:6cb442f21e9b527a17648370	7499aced43869b27f505701e4edc737f0cc346add1240d4ba86fbfa251e0fc35	e6bb5689beec52c4672bd4df92c3613d128d30cdc2b704f76953fe43d89c4ae8		false	STRUCTURED_RELATION_OUTPUT
compound-case:565a112b057a1ca11eefff4a	MODIFIER_BASE_SEPARATION	cleaned-output-atom:6ccb97c4197d4ad056d14acc	918f112d100d00dec359dcf58c5be7052076c0f47bc5752bae153c0e92eafda0	acbfc58c9b12b002281c0987b9f60a658f66044c2aa142a09d592e4777e3eadc		false	STRUCTURED_RELATION_OUTPUT
compound-case:4548c609cff7d74b9528d402	MODIFIER_BASE_SEPARATION	cleaned-output-atom:6cd6500e3f155237dfc77504	9209526aaa61b0709dbb838e14686a26c4a03b53e8eedf34c7e5f6f606110d8c	acbfc58c9b12b002281c0987b9f60a658f66044c2aa142a09d592e4777e3eadc		false	STRUCTURED_RELATION_OUTPUT
compound-case:4ee90c7e86bdebf2aa1cb9ad	MODIFIER_BASE_SEPARATION	cleaned-output-atom:6ce37d222e0b83d0f6f5d625	7499aced43869b27f505701e4edc737f0cc346add1240d4ba86fbfa251e0fc35	e6bb5689beec52c4672bd4df92c3613d128d30cdc2b704f76953fe43d89c4ae8		false	STRUCTURED_RELATION_OUTPUT
compound-case:12e73119bfc1e6320a929342	MODIFIER_BASE_SEPARATION	cleaned-output-atom:6ceb775c16f8d485860c239d	9209526aaa61b0709dbb838e14686a26c4a03b53e8eedf34c7e5f6f606110d8c	acbfc58c9b12b002281c0987b9f60a658f66044c2aa142a09d592e4777e3eadc		false	STRUCTURED_RELATION_OUTPUT
compound-case:51fd2a9be594b6df0f86a07c	MODIFIER_BASE_SEPARATION	cleaned-output-atom:6d34ce40fa1bb501cb306389	7499aced43869b27f505701e4edc737f0cc346add1240d4ba86fbfa251e0fc35	e6bb5689beec52c4672bd4df92c3613d128d30cdc2b704f76953fe43d89c4ae8		false	STRUCTURED_RELATION_OUTPUT
compound-case:9398b979f0e6afae02a5629e	MODIFIER_BASE_SEPARATION	cleaned-output-atom:6d4cf117dbcd3580397b8f92	7499aced43869b27f505701e4edc737f0cc346add1240d4ba86fbfa251e0fc35	e6bb5689beec52c4672bd4df92c3613d128d30cdc2b704f76953fe43d89c4ae8		false	STRUCTURED_RELATION_OUTPUT
compound-case:be11f71fe8d64e09b94977f2	MODIFIER_BASE_SEPARATION	cleaned-output-atom:6db1fa74fca3e17aeb0e32c5	4c6a4839f83d20d276e7ba94bde38eed7e8495fcefcea6222fb5d2ff5b60fc4b	b9043c16af362f30807deaf692025d61c3c803bba1efc43fe2f63dc8b507418d	sensory.sweet	false	STRUCTURED_RELATION_OUTPUT
compound-case:ff1462e65d8d8fd2f52f208a	MODIFIER_BASE_SEPARATION	cleaned-output-atom:6df3f52ae3d4c400e78d3e69	7499aced43869b27f505701e4edc737f0cc346add1240d4ba86fbfa251e0fc35	e6bb5689beec52c4672bd4df92c3613d128d30cdc2b704f76953fe43d89c4ae8		false	STRUCTURED_RELATION_OUTPUT
compound-case:a57b64527276e7af91982c0f	MODIFIER_BASE_SEPARATION	cleaned-output-atom:6e31ac814a10fb7be6d9e60d	9209526aaa61b0709dbb838e14686a26c4a03b53e8eedf34c7e5f6f606110d8c	acbfc58c9b12b002281c0987b9f60a658f66044c2aa142a09d592e4777e3eadc		false	STRUCTURED_RELATION_OUTPUT
compound-case:ece17ce3f643e0aa3a652964	MODIFIER_BASE_SEPARATION	cleaned-output-atom:6f3959b60f37a87687aa2388	4c6a4839f83d20d276e7ba94bde38eed7e8495fcefcea6222fb5d2ff5b60fc4b	b9043c16af362f30807deaf692025d61c3c803bba1efc43fe2f63dc8b507418d	sensory.sweet	false	STRUCTURED_RELATION_OUTPUT
compound-case:b170df3fcd5c14a2d50d57fe	MODIFIER_BASE_SEPARATION	cleaned-output-atom:6fad9e541bdb2ba162db5790	27e15838a495f60afc6cbd40ebdf3a999f14261be1766d7366de4a2434a868f1	fc66f021c67d064c1490a12b5a4d4d2f5167ca692a16ca12f1f3a4cda29a6fa9		false	STRUCTURED_RELATION_OUTPUT
compound-case:0e1dbc18a51608d4c7caa596	COMPOUND_DECOMPOSITION	cleaned-output-atom:6fd75380ace79855a6741d81	dd8595ba006c7de54e456a969e7f08e94cd822f29d900d9904cc831bdb85b11f		sensory.honey|sensory.lime	false	STRUCTURED_RELATION_OUTPUT
compound-case:c7a846eeecce7d49d33d4d1a	MODIFIER_BASE_SEPARATION	cleaned-output-atom:704003d61f73c9ef193c5be1	9209526aaa61b0709dbb838e14686a26c4a03b53e8eedf34c7e5f6f606110d8c	acbfc58c9b12b002281c0987b9f60a658f66044c2aa142a09d592e4777e3eadc		false	STRUCTURED_RELATION_OUTPUT
compound-case:a37de24ac5708afe54561b59	MODIFIER_BASE_SEPARATION	cleaned-output-atom:7064f80d0ff270bcf424f8ea	7728456b0c982f81721078ed5518ca3cd896d18584507774f4d6db4d97b238d9	b9043c16af362f30807deaf692025d61c3c803bba1efc43fe2f63dc8b507418d	sensory.sweet	false	STRUCTURED_RELATION_OUTPUT
compound-case:18f4091d68960fd4ad36b288	MODIFIER_BASE_SEPARATION	cleaned-output-atom:707617577d0e419efce824de	7499aced43869b27f505701e4edc737f0cc346add1240d4ba86fbfa251e0fc35	e6bb5689beec52c4672bd4df92c3613d128d30cdc2b704f76953fe43d89c4ae8		false	STRUCTURED_RELATION_OUTPUT
compound-case:530d65de8f06e29bb1858fad	MODIFIER_BASE_SEPARATION	cleaned-output-atom:713c1cc1dfd50129b6293f75	cff7d172683f8a4be158ec770a0adb14a8ba012d045054fcaab00427ccf412d4	b9043c16af362f30807deaf692025d61c3c803bba1efc43fe2f63dc8b507418d	sensory.sweet	false	STRUCTURED_RELATION_OUTPUT
compound-case:7579f98d01043b5c6b2c2670	MODIFIER_BASE_SEPARATION	cleaned-output-atom:716a251a660f58728d407864	7499aced43869b27f505701e4edc737f0cc346add1240d4ba86fbfa251e0fc35	e6bb5689beec52c4672bd4df92c3613d128d30cdc2b704f76953fe43d89c4ae8		false	STRUCTURED_RELATION_OUTPUT
compound-case:c31b5a498590a08b28d9003c	MODIFIER_BASE_SEPARATION	cleaned-output-atom:71fb9642766e7fe17b8fe868	c1deb3268b977bb925905657adbb0102e853340b00f69a17c1eb72386cac4a42	b9043c16af362f30807deaf692025d61c3c803bba1efc43fe2f63dc8b507418d	sensory.sweet	false	STRUCTURED_RELATION_OUTPUT
compound-case:13024c51dc789aeb0e143f24	COMPOUND_DECOMPOSITION	cleaned-output-atom:72bfa9267cf4136b474ce888	6ed7404cdd116a6c4470fb7ba9aed5ced0bbf9861d0786b5021b2453edcfccdc		sensory.cocoa|sensory.hazelnut	false	STRUCTURED_RELATION_OUTPUT
compound-case:26fa4b8eb766597cc1ea586b	MODIFIER_BASE_SEPARATION	cleaned-output-atom:72c995dcaef643076bae4e54	c1deb3268b977bb925905657adbb0102e853340b00f69a17c1eb72386cac4a42	b9043c16af362f30807deaf692025d61c3c803bba1efc43fe2f63dc8b507418d	sensory.sweet	false	STRUCTURED_RELATION_OUTPUT
compound-case:1ab0583e6600ec4021b3853b	MODIFIER_BASE_SEPARATION	cleaned-output-atom:7331518d4a3e9ec0461800f6	9209526aaa61b0709dbb838e14686a26c4a03b53e8eedf34c7e5f6f606110d8c	acbfc58c9b12b002281c0987b9f60a658f66044c2aa142a09d592e4777e3eadc		false	STRUCTURED_RELATION_OUTPUT
compound-case:eac6767c79b65dec3f123e2f	MODIFIER_BASE_SEPARATION	cleaned-output-atom:739512f9b0b895361a72eeb8	7499aced43869b27f505701e4edc737f0cc346add1240d4ba86fbfa251e0fc35	e6bb5689beec52c4672bd4df92c3613d128d30cdc2b704f76953fe43d89c4ae8		false	STRUCTURED_RELATION_OUTPUT
compound-case:419af31d38c35ea737ff64d2	COMPOUND_DECOMPOSITION	cleaned-output-atom:73e3dc27887ceb866b7ce74f	a55e2e3846a51f6ad0abfdfbdea2ba0e5e0c76b5ccfa8a920895fedeae89a8b6	b9043c16af362f30807deaf692025d61c3c803bba1efc43fe2f63dc8b507418d	sensory.honey|sensory.sweet	false	STRUCTURED_RELATION_OUTPUT
compound-case:7b34befb2924013d62985bdd	MODIFIER_BASE_SEPARATION	cleaned-output-atom:7405b4f86094ddad4d1b656f	7499aced43869b27f505701e4edc737f0cc346add1240d4ba86fbfa251e0fc35	e6bb5689beec52c4672bd4df92c3613d128d30cdc2b704f76953fe43d89c4ae8		false	STRUCTURED_RELATION_OUTPUT
compound-case:85b3a164069560813d6892ab	MODIFIER_BASE_SEPARATION	cleaned-output-atom:744e5f3d12d5362433d8c6d5	7499aced43869b27f505701e4edc737f0cc346add1240d4ba86fbfa251e0fc35	e6bb5689beec52c4672bd4df92c3613d128d30cdc2b704f76953fe43d89c4ae8		false	STRUCTURED_RELATION_OUTPUT
compound-case:ef5d965b2d61b1537fd580c2	MODIFIER_BASE_SEPARATION	cleaned-output-atom:7489f88d6f91cdab22e55e32	7499aced43869b27f505701e4edc737f0cc346add1240d4ba86fbfa251e0fc35	e6bb5689beec52c4672bd4df92c3613d128d30cdc2b704f76953fe43d89c4ae8		false	STRUCTURED_RELATION_OUTPUT
compound-case:e466f840916017aadf0c8bf5	MODIFIER_BASE_SEPARATION	cleaned-output-atom:748b6a8f645f01614e96c510	a121f52489491f31799c3283f72c2faa7670c6034579b88d9aeb266db1fff604	3b066804f6d1d077173cfe4d06002e6a61e6f21c2b2e648417962115f1afcd8e		false	STRUCTURED_RELATION_OUTPUT
compound-case:01e8f8a3edfab0b9dca734d3	MODIFIER_BASE_SEPARATION	cleaned-output-atom:75427b52148c54c70bda990d	7499aced43869b27f505701e4edc737f0cc346add1240d4ba86fbfa251e0fc35	e6bb5689beec52c4672bd4df92c3613d128d30cdc2b704f76953fe43d89c4ae8		false	STRUCTURED_RELATION_OUTPUT
compound-case:ff156fe6bfdc9442ac49416b	MODIFIER_BASE_SEPARATION	cleaned-output-atom:755a9a9eb5a67d65de16f48d	7499aced43869b27f505701e4edc737f0cc346add1240d4ba86fbfa251e0fc35	e6bb5689beec52c4672bd4df92c3613d128d30cdc2b704f76953fe43d89c4ae8		false	STRUCTURED_RELATION_OUTPUT
compound-case:10ebcbb34b688b54ef9ab251	MODIFIER_BASE_SEPARATION	cleaned-output-atom:75854306032413a0443d0c62	9abe0fce365bc56adace082402a9ccdfe0cf43155d382b64aa79e271b385cd0a	22d5925ed64680ab5f3f6de713645a3d72cae7a9506b8a55a0d4fe950737711b		false	STRUCTURED_RELATION_OUTPUT
compound-case:035b7a8c40d95e00c528876b	MODIFIER_BASE_SEPARATION	cleaned-output-atom:75d3e503bbe669b0147773b7	ca16f0d798e66f55b6ca1fb5d6bc85e5ce51fb671fdcd50df2b230c6f73f39c7	e6bb5689beec52c4672bd4df92c3613d128d30cdc2b704f76953fe43d89c4ae8		false	STRUCTURED_RELATION_OUTPUT
compound-case:34aaa6694315171ad175b6c4	COMPOUND_DECOMPOSITION	cleaned-output-atom:7614c23044b983a428fbd574	cb6032497a8ccdb4263434bad1d99749a1e4b36ba80ba520ba99d4a61dab3009	b9043c16af362f30807deaf692025d61c3c803bba1efc43fe2f63dc8b507418d	sensory.sweet	false	STRUCTURED_RELATION_OUTPUT
compound-case:02f840613dc780f7f627fbc6	MODIFIER_BASE_SEPARATION	cleaned-output-atom:761a7d88bf4d6e4723d898a0	7499aced43869b27f505701e4edc737f0cc346add1240d4ba86fbfa251e0fc35	e6bb5689beec52c4672bd4df92c3613d128d30cdc2b704f76953fe43d89c4ae8		false	STRUCTURED_RELATION_OUTPUT
compound-case:93058d5ebac2029bd9c77e40	MODIFIER_BASE_SEPARATION	cleaned-output-atom:768935c6d18ed8f49a0f3d2f	7499aced43869b27f505701e4edc737f0cc346add1240d4ba86fbfa251e0fc35	e6bb5689beec52c4672bd4df92c3613d128d30cdc2b704f76953fe43d89c4ae8		false	STRUCTURED_RELATION_OUTPUT
compound-case:420aeba62fb9e2ffef37616a	MODIFIER_BASE_SEPARATION	cleaned-output-atom:769812ea41c54dc2b33a17e9	5751e048eb6fee3eb9bb4ea70f107f19c35863766bee5100044e52ab60d9edcf	3b066804f6d1d077173cfe4d06002e6a61e6f21c2b2e648417962115f1afcd8e		false	STRUCTURED_RELATION_OUTPUT
compound-case:677d7f305035628c4e5f55c9	MODIFIER_BASE_SEPARATION	cleaned-output-atom:7719e434779f0343309126ac	c207f305c54d5508e0d711f197c6a994f80764c60946fb46cc478f98427b5dd7	acbfc58c9b12b002281c0987b9f60a658f66044c2aa142a09d592e4777e3eadc		false	STRUCTURED_RELATION_OUTPUT
compound-case:0bf719cc1e232ade2c0438c1	MODIFIER_BASE_SEPARATION	cleaned-output-atom:7744260fc0fd19d34fcd5eaf	7499aced43869b27f505701e4edc737f0cc346add1240d4ba86fbfa251e0fc35	e6bb5689beec52c4672bd4df92c3613d128d30cdc2b704f76953fe43d89c4ae8		false	STRUCTURED_RELATION_OUTPUT
compound-case:6b4bc3b2114bf8876959ef19	MODIFIER_BASE_SEPARATION	cleaned-output-atom:7794ebc1fe3bad352a0b63f3	de68af38ac459dfd60841f3e7e0795c88e8abc5e57fbac3f7360121e545391c5	533703fd6141e25f565fa24dee8ada19e1765495adb3daae56565b3bb6b4957a		false	STRUCTURED_RELATION_OUTPUT
compound-case:ebb65de942bde3022e7fc524	MODIFIER_BASE_SEPARATION	cleaned-output-atom:77a8439195b66993845e6043	7499aced43869b27f505701e4edc737f0cc346add1240d4ba86fbfa251e0fc35	e6bb5689beec52c4672bd4df92c3613d128d30cdc2b704f76953fe43d89c4ae8		false	STRUCTURED_RELATION_OUTPUT
compound-case:4839e582849521e012306e91	MODIFIER_BASE_SEPARATION	cleaned-output-atom:78650c3afd7d043ec976fa84	9209526aaa61b0709dbb838e14686a26c4a03b53e8eedf34c7e5f6f606110d8c	acbfc58c9b12b002281c0987b9f60a658f66044c2aa142a09d592e4777e3eadc		false	STRUCTURED_RELATION_OUTPUT
compound-case:4177e7a6a00c736bfb24e209	MODIFIER_BASE_SEPARATION	cleaned-output-atom:789504a96a4eae14031de4e5	7499aced43869b27f505701e4edc737f0cc346add1240d4ba86fbfa251e0fc35	e6bb5689beec52c4672bd4df92c3613d128d30cdc2b704f76953fe43d89c4ae8		false	STRUCTURED_RELATION_OUTPUT
compound-case:49a1aa97c123bb06e4d493b4	MODIFIER_BASE_SEPARATION	cleaned-output-atom:799197de891f441e14e0c729	c1deb3268b977bb925905657adbb0102e853340b00f69a17c1eb72386cac4a42	b9043c16af362f30807deaf692025d61c3c803bba1efc43fe2f63dc8b507418d	sensory.sweet	false	STRUCTURED_RELATION_OUTPUT
compound-case:5351d8d3a64096d990ceeca4	COMPOUND_DECOMPOSITION	cleaned-output-atom:7a6411ebe9e7ef36c21f900a	b7cf969303fd9245b3f20ebae6c3db7fe150f2d95e1a52bcf9684c47c897d0e4		sensory.cocoa|sensory.hazelnut	false	STRUCTURED_RELATION_OUTPUT
compound-case:94d64d619fdfbb6b3e984446	MODIFIER_BASE_SEPARATION	cleaned-output-atom:7aa7169229722f6105eb0898	79ba7c4628c18e9ac1ab3ba1fad2a15ac7d344292aff33aac60d0e7bbc6ed38e	3b066804f6d1d077173cfe4d06002e6a61e6f21c2b2e648417962115f1afcd8e		false	STRUCTURED_RELATION_OUTPUT
compound-case:19d303642049761849a90834	MODIFIER_BASE_SEPARATION	cleaned-output-atom:7ab1c530571e79629e3469b3	7499aced43869b27f505701e4edc737f0cc346add1240d4ba86fbfa251e0fc35	e6bb5689beec52c4672bd4df92c3613d128d30cdc2b704f76953fe43d89c4ae8		false	STRUCTURED_RELATION_OUTPUT
compound-case:8c67c66dba03fd66ca0ffbb2	MODIFIER_BASE_SEPARATION	cleaned-output-atom:7ac7691593dbdcdbecc4f1a8	37135a0e032fd4c9a6c83b8c694e928ed18ca5be55f0972eeb14011ec3078f10	e6bb5689beec52c4672bd4df92c3613d128d30cdc2b704f76953fe43d89c4ae8	sensory.honey	false	STRUCTURED_RELATION_OUTPUT
compound-case:aac486b4aa032584b5833f74	MODIFIER_BASE_SEPARATION	cleaned-output-atom:7aec627156ce9ddb3d6c0a63	7499aced43869b27f505701e4edc737f0cc346add1240d4ba86fbfa251e0fc35	e6bb5689beec52c4672bd4df92c3613d128d30cdc2b704f76953fe43d89c4ae8		false	STRUCTURED_RELATION_OUTPUT
compound-case:4f3902a44c64ecee8ca623f7	MODIFIER_BASE_SEPARATION	cleaned-output-atom:7b3899526f2fd8a0ff843cb6	7499aced43869b27f505701e4edc737f0cc346add1240d4ba86fbfa251e0fc35	e6bb5689beec52c4672bd4df92c3613d128d30cdc2b704f76953fe43d89c4ae8		false	STRUCTURED_RELATION_OUTPUT
compound-case:faae383db15bb3d5196c221f	MODIFIER_BASE_SEPARATION	cleaned-output-atom:7b823851bff71c566e6a4eaf	7499aced43869b27f505701e4edc737f0cc346add1240d4ba86fbfa251e0fc35	e6bb5689beec52c4672bd4df92c3613d128d30cdc2b704f76953fe43d89c4ae8		false	STRUCTURED_RELATION_OUTPUT
compound-case:3140b6e324036c6880599baa	MODIFIER_BASE_SEPARATION	cleaned-output-atom:7b8c85053db073784e167c95	081e79bb3b09e8cb7bcf76bcd3aef1875c0c83b2fdb52c29c29a65786479b82d	447f7f5c325ea17e635bef91bac42e27c55490450f38f1815d8d6c0bb36687ac		false	STRUCTURED_RELATION_OUTPUT
compound-case:18600a7a4a388ddea4b54884	MODIFIER_BASE_SEPARATION	cleaned-output-atom:7bacf914fd5f1ca0e4ef9ee6	7499aced43869b27f505701e4edc737f0cc346add1240d4ba86fbfa251e0fc35	e6bb5689beec52c4672bd4df92c3613d128d30cdc2b704f76953fe43d89c4ae8		false	STRUCTURED_RELATION_OUTPUT
compound-case:21b87d98da19815fd9937219	MODIFIER_BASE_SEPARATION	cleaned-output-atom:7bc0dbff6fbdc2bd8a155b7a	4c6a4839f83d20d276e7ba94bde38eed7e8495fcefcea6222fb5d2ff5b60fc4b	b9043c16af362f30807deaf692025d61c3c803bba1efc43fe2f63dc8b507418d	sensory.sweet	false	STRUCTURED_RELATION_OUTPUT
compound-case:8365ebc251535b8b7caa7857	MODIFIER_BASE_SEPARATION	cleaned-output-atom:7c6f5ccee4850c301188a558	7fd6362a262e67d02e5929f0475ed1d0c4bffa705f78b24b22820db47cf070b8	22d5925ed64680ab5f3f6de713645a3d72cae7a9506b8a55a0d4fe950737711b		false	STRUCTURED_RELATION_OUTPUT
compound-case:398636b6ec380dab300c38f1	MODIFIER_BASE_SEPARATION	cleaned-output-atom:7c7e7b56d6f9f8805f39f97b	7499aced43869b27f505701e4edc737f0cc346add1240d4ba86fbfa251e0fc35	e6bb5689beec52c4672bd4df92c3613d128d30cdc2b704f76953fe43d89c4ae8		false	STRUCTURED_RELATION_OUTPUT
compound-case:171ed710eff8c70d1602f714	MODIFIER_BASE_SEPARATION	cleaned-output-atom:7cf463fafcda3d90939d3257	9209526aaa61b0709dbb838e14686a26c4a03b53e8eedf34c7e5f6f606110d8c	acbfc58c9b12b002281c0987b9f60a658f66044c2aa142a09d592e4777e3eadc		false	STRUCTURED_RELATION_OUTPUT
compound-case:f579ff0caf13cdb3a19241e6	MODIFIER_BASE_SEPARATION	cleaned-output-atom:7d3af77c173db51aea3eebe3	7499aced43869b27f505701e4edc737f0cc346add1240d4ba86fbfa251e0fc35	e6bb5689beec52c4672bd4df92c3613d128d30cdc2b704f76953fe43d89c4ae8		false	STRUCTURED_RELATION_OUTPUT
compound-case:0e17f7e58dd3dbef3291d852	MODIFIER_BASE_SEPARATION	cleaned-output-atom:7d48754b0ed9899cd73b20c7	c1deb3268b977bb925905657adbb0102e853340b00f69a17c1eb72386cac4a42	b9043c16af362f30807deaf692025d61c3c803bba1efc43fe2f63dc8b507418d	sensory.sweet	false	STRUCTURED_RELATION_OUTPUT
compound-case:c8f64f93cc739802ffbafee7	MODIFIER_BASE_SEPARATION	cleaned-output-atom:7d6643d6798b14207579dcc7	7499aced43869b27f505701e4edc737f0cc346add1240d4ba86fbfa251e0fc35	e6bb5689beec52c4672bd4df92c3613d128d30cdc2b704f76953fe43d89c4ae8		false	STRUCTURED_RELATION_OUTPUT
compound-case:5f73e1b2e2e31e7634997095	MODIFIER_BASE_SEPARATION	cleaned-output-atom:7dbabe2abcb394da0c77d44c	9209526aaa61b0709dbb838e14686a26c4a03b53e8eedf34c7e5f6f606110d8c	acbfc58c9b12b002281c0987b9f60a658f66044c2aa142a09d592e4777e3eadc		false	STRUCTURED_RELATION_OUTPUT
compound-case:a8cc461efee8ffbf9b8a1870	MODIFIER_BASE_SEPARATION	cleaned-output-atom:7dbbb510592c369404a1d86a	c1deb3268b977bb925905657adbb0102e853340b00f69a17c1eb72386cac4a42	b9043c16af362f30807deaf692025d61c3c803bba1efc43fe2f63dc8b507418d	sensory.sweet	false	STRUCTURED_RELATION_OUTPUT
compound-case:dd00d790547fe176dcddf938	MODIFIER_BASE_SEPARATION	cleaned-output-atom:7e05dc5859b208219f82722e	7499aced43869b27f505701e4edc737f0cc346add1240d4ba86fbfa251e0fc35	e6bb5689beec52c4672bd4df92c3613d128d30cdc2b704f76953fe43d89c4ae8		false	STRUCTURED_RELATION_OUTPUT
compound-case:71c4d68943f762eae8eb5221	MODIFIER_BASE_SEPARATION	cleaned-output-atom:7e0cb92b4ac84373f2421180	48fb71763d97b54b752aa17694977d1f87c7707415f25ab63ac2ea2495347ae6	fc66f021c67d064c1490a12b5a4d4d2f5167ca692a16ca12f1f3a4cda29a6fa9		false	STRUCTURED_RELATION_OUTPUT
compound-case:a54507179458f2ce28009658	MODIFIER_BASE_SEPARATION	cleaned-output-atom:7e24958dc38bb7388773763d	7499aced43869b27f505701e4edc737f0cc346add1240d4ba86fbfa251e0fc35	e6bb5689beec52c4672bd4df92c3613d128d30cdc2b704f76953fe43d89c4ae8		false	STRUCTURED_RELATION_OUTPUT
compound-case:b43ffb303a869e8b300c7b0c	MODIFIER_BASE_SEPARATION	cleaned-output-atom:7e859498d3f7b94332d80dbc	42af43e3616eba4a133a755540a88e6c61085dfe66c6e49e6ab8eaf9daf0c0da	b9043c16af362f30807deaf692025d61c3c803bba1efc43fe2f63dc8b507418d	sensory.sweet	false	STRUCTURED_RELATION_OUTPUT
compound-case:8e18cfe4507b7e3dd624727f	MODIFIER_BASE_SEPARATION	cleaned-output-atom:7ead852610c1adaddb4c6013	37290d74ac4d186e3a8e5785d259d2ec04fac91ae28092e7620ec8bc99e830aa	447f7f5c325ea17e635bef91bac42e27c55490450f38f1815d8d6c0bb36687ac		false	STRUCTURED_RELATION_OUTPUT
compound-case:286503c2d3aa673c3bddf99d	MODIFIER_BASE_SEPARATION	cleaned-output-atom:7eba19f3b155da1b90bd3cd3	c1deb3268b977bb925905657adbb0102e853340b00f69a17c1eb72386cac4a42	b9043c16af362f30807deaf692025d61c3c803bba1efc43fe2f63dc8b507418d	sensory.sweet	false	STRUCTURED_RELATION_OUTPUT
compound-case:5c37b0a8a893b8f25fd28a7f	MODIFIER_BASE_SEPARATION	cleaned-output-atom:7ed11c5adc4dca72060b72fe	c1deb3268b977bb925905657adbb0102e853340b00f69a17c1eb72386cac4a42	b9043c16af362f30807deaf692025d61c3c803bba1efc43fe2f63dc8b507418d	sensory.sweet	false	STRUCTURED_RELATION_OUTPUT
compound-case:3caadb78ccae6d41b3acfb65	MODIFIER_BASE_SEPARATION	cleaned-output-atom:7ee654899d1337f4a52ab622	9209526aaa61b0709dbb838e14686a26c4a03b53e8eedf34c7e5f6f606110d8c	acbfc58c9b12b002281c0987b9f60a658f66044c2aa142a09d592e4777e3eadc		false	STRUCTURED_RELATION_OUTPUT
compound-case:13b3b7ecb0916c985054aaab	MODIFIER_BASE_SEPARATION	cleaned-output-atom:7f447d77aa1e937e2dd38b59	9209526aaa61b0709dbb838e14686a26c4a03b53e8eedf34c7e5f6f606110d8c	acbfc58c9b12b002281c0987b9f60a658f66044c2aa142a09d592e4777e3eadc		false	STRUCTURED_RELATION_OUTPUT
compound-case:8a28ca2afd20a976643c6951	MODIFIER_BASE_SEPARATION	cleaned-output-atom:7f4f0a416e8480bbeeb01dd4	c1deb3268b977bb925905657adbb0102e853340b00f69a17c1eb72386cac4a42	b9043c16af362f30807deaf692025d61c3c803bba1efc43fe2f63dc8b507418d	sensory.sweet	false	STRUCTURED_RELATION_OUTPUT
compound-case:d8f7e23694f5db878ab9649d	COMPOUND_DECOMPOSITION	cleaned-output-atom:7f657cc7d5287416413644c7	238390a1634f0aa715ce5437ff8a08a682b71734c2afdf51f10e2b376670429c		sensory.almond|sensory.butter	false	STRUCTURED_RELATION_OUTPUT
compound-case:0b6210aa9a7291e3c423f6b4	MODIFIER_BASE_SEPARATION	cleaned-output-atom:7f709e8188bb7a540b40bd32	7499aced43869b27f505701e4edc737f0cc346add1240d4ba86fbfa251e0fc35	e6bb5689beec52c4672bd4df92c3613d128d30cdc2b704f76953fe43d89c4ae8		false	STRUCTURED_RELATION_OUTPUT
compound-case:fbe5d3c81b1e00827784b0b6	MODIFIER_BASE_SEPARATION	cleaned-output-atom:7f89fb914796198c75c003a6	7499aced43869b27f505701e4edc737f0cc346add1240d4ba86fbfa251e0fc35	e6bb5689beec52c4672bd4df92c3613d128d30cdc2b704f76953fe43d89c4ae8		false	STRUCTURED_RELATION_OUTPUT
compound-case:d852b244c19487c2fe8a8212	MODIFIER_BASE_SEPARATION	cleaned-output-atom:7fb066235c09ea7cfe7115a7	7499aced43869b27f505701e4edc737f0cc346add1240d4ba86fbfa251e0fc35	e6bb5689beec52c4672bd4df92c3613d128d30cdc2b704f76953fe43d89c4ae8		false	STRUCTURED_RELATION_OUTPUT
compound-case:7068fe0dda7e1dbdb0aba1b0	COMPOUND_DECOMPOSITION	cleaned-output-atom:7ff8233a6715170da4290aca	0d5ce170ceb34b3e07ffa31238f55de111ce4bde9ccc2c522f5d078fce09cc0f			false	STRUCTURED_RELATION_OUTPUT
compound-case:0bd99878ed020e7e9047f228	MODIFIER_BASE_SEPARATION	cleaned-output-atom:80048f09811c0510eaa7d14d	9209526aaa61b0709dbb838e14686a26c4a03b53e8eedf34c7e5f6f606110d8c	acbfc58c9b12b002281c0987b9f60a658f66044c2aa142a09d592e4777e3eadc		false	STRUCTURED_RELATION_OUTPUT
compound-case:d8426b37db837232dca8f27e	MODIFIER_BASE_SEPARATION	cleaned-output-atom:801a58916343db50385d86c0	7499aced43869b27f505701e4edc737f0cc346add1240d4ba86fbfa251e0fc35	e6bb5689beec52c4672bd4df92c3613d128d30cdc2b704f76953fe43d89c4ae8		false	STRUCTURED_RELATION_OUTPUT
compound-case:b39d6e8aa827e52130a6d0cb	MODIFIER_BASE_SEPARATION	cleaned-output-atom:801cfedb8b97104f8f40b2f4	4e10a4fb82b2a3dd638f3c704eecdff14fcc2158e964b3d630c1dab4efaf5ade	b9043c16af362f30807deaf692025d61c3c803bba1efc43fe2f63dc8b507418d	sensory.sweet	false	STRUCTURED_RELATION_OUTPUT
compound-case:c026bda24504c24141486e73	MODIFIER_BASE_SEPARATION	cleaned-output-atom:8060c822dfa50d0b8bce89d7	42af43e3616eba4a133a755540a88e6c61085dfe66c6e49e6ab8eaf9daf0c0da	b9043c16af362f30807deaf692025d61c3c803bba1efc43fe2f63dc8b507418d	sensory.sweet	false	STRUCTURED_RELATION_OUTPUT
compound-case:e3e440d13705e3954453241e	MODIFIER_BASE_SEPARATION	cleaned-output-atom:807443b50535c11f221f4562	7499aced43869b27f505701e4edc737f0cc346add1240d4ba86fbfa251e0fc35	e6bb5689beec52c4672bd4df92c3613d128d30cdc2b704f76953fe43d89c4ae8		false	STRUCTURED_RELATION_OUTPUT
compound-case:0c17868e1a61196faf3f0877	MODIFIER_BASE_SEPARATION	cleaned-output-atom:8079cf8bd5dae48baeecf168	f3b6b3eee9c304a8ccea5402fd6da54320ed3cf1b57be5b317ba2aed3e115e92	3b066804f6d1d077173cfe4d06002e6a61e6f21c2b2e648417962115f1afcd8e	sensory.strawberry	false	STRUCTURED_RELATION_OUTPUT
compound-case:6ace452f73666ef21c086cdf	MODIFIER_BASE_SEPARATION	cleaned-output-atom:808914f39ee4480309e24e6e	9209526aaa61b0709dbb838e14686a26c4a03b53e8eedf34c7e5f6f606110d8c	acbfc58c9b12b002281c0987b9f60a658f66044c2aa142a09d592e4777e3eadc		false	STRUCTURED_RELATION_OUTPUT
compound-case:027d1bd08ff43b41683b1c7b	MODIFIER_BASE_SEPARATION	cleaned-output-atom:81976e71d03c1aa633fd293c	9209526aaa61b0709dbb838e14686a26c4a03b53e8eedf34c7e5f6f606110d8c	acbfc58c9b12b002281c0987b9f60a658f66044c2aa142a09d592e4777e3eadc		false	STRUCTURED_RELATION_OUTPUT
compound-case:d5403cabbf6d4cebb10c259f	MODIFIER_BASE_SEPARATION	cleaned-output-atom:81e9480a6747933c10286865	7499aced43869b27f505701e4edc737f0cc346add1240d4ba86fbfa251e0fc35	e6bb5689beec52c4672bd4df92c3613d128d30cdc2b704f76953fe43d89c4ae8		false	STRUCTURED_RELATION_OUTPUT
compound-case:93093eb8f8682aeb868be5e6	MODIFIER_BASE_SEPARATION	cleaned-output-atom:8233b0dcc44acb39c0e70530	7499aced43869b27f505701e4edc737f0cc346add1240d4ba86fbfa251e0fc35	e6bb5689beec52c4672bd4df92c3613d128d30cdc2b704f76953fe43d89c4ae8		false	STRUCTURED_RELATION_OUTPUT
compound-case:00abfa3eafd190b8f760eeb4	MODIFIER_BASE_SEPARATION	cleaned-output-atom:829afe74bb594b5a6d95d5f0	9209526aaa61b0709dbb838e14686a26c4a03b53e8eedf34c7e5f6f606110d8c	acbfc58c9b12b002281c0987b9f60a658f66044c2aa142a09d592e4777e3eadc		false	STRUCTURED_RELATION_OUTPUT
compound-case:b266e6c31319d1c2c7c4c0b1	MODIFIER_BASE_SEPARATION	cleaned-output-atom:829ee44f659f0922d136312a	7499aced43869b27f505701e4edc737f0cc346add1240d4ba86fbfa251e0fc35	e6bb5689beec52c4672bd4df92c3613d128d30cdc2b704f76953fe43d89c4ae8		false	STRUCTURED_RELATION_OUTPUT
compound-case:5866caa65e23b9907ad2e306	MODIFIER_BASE_SEPARATION	cleaned-output-atom:82a2964e7241463a18862d0f	7499aced43869b27f505701e4edc737f0cc346add1240d4ba86fbfa251e0fc35	e6bb5689beec52c4672bd4df92c3613d128d30cdc2b704f76953fe43d89c4ae8		false	STRUCTURED_RELATION_OUTPUT
compound-case:e2cda6b99d9e06a1f25b9c6c	COMPOUND_DECOMPOSITION	cleaned-output-atom:82d4ca9ef7eede2e08cfee07	a50404fafc86e3eb64dbbe1808af677e3792bc45f0ff33bd84729555a2ac7907		sensory.butter|sensory.cocoa	false	STRUCTURED_RELATION_OUTPUT
compound-case:ae2876b3598dac910cd15103	MODIFIER_BASE_SEPARATION	cleaned-output-atom:82d4d515a70fa30d336e63a8	9209526aaa61b0709dbb838e14686a26c4a03b53e8eedf34c7e5f6f606110d8c	acbfc58c9b12b002281c0987b9f60a658f66044c2aa142a09d592e4777e3eadc		false	STRUCTURED_RELATION_OUTPUT
compound-case:5c5ae1f9f60fb69f173042fd	COMPOUND_DECOMPOSITION	cleaned-output-atom:82dab6e41ace99bdf2e329f9	2c2ddcdefb3441e9ef2dce139a7102612d7f07753db75982d3d0061a73322b55		sensory.bitter|sensory.grapefruit	false	STRUCTURED_RELATION_OUTPUT
compound-case:7bbbca520e99ab6453a22b07	MODIFIER_BASE_SEPARATION	cleaned-output-atom:82e888eb7ba9110de6053d3c	7499aced43869b27f505701e4edc737f0cc346add1240d4ba86fbfa251e0fc35	e6bb5689beec52c4672bd4df92c3613d128d30cdc2b704f76953fe43d89c4ae8		false	STRUCTURED_RELATION_OUTPUT
compound-case:c42afa907d4f14c336edacc8	COMPOUND_DECOMPOSITION	cleaned-output-atom:83af0910ddd18642f96d11f1	a55e2e3846a51f6ad0abfdfbdea2ba0e5e0c76b5ccfa8a920895fedeae89a8b6	b9043c16af362f30807deaf692025d61c3c803bba1efc43fe2f63dc8b507418d	sensory.honey|sensory.sweet	false	STRUCTURED_RELATION_OUTPUT
compound-case:1beefbecc3bbec78c9e8ff97	MODIFIER_BASE_SEPARATION	cleaned-output-atom:8443c11b7c23ddf1c9c8206f	9209526aaa61b0709dbb838e14686a26c4a03b53e8eedf34c7e5f6f606110d8c	acbfc58c9b12b002281c0987b9f60a658f66044c2aa142a09d592e4777e3eadc		false	STRUCTURED_RELATION_OUTPUT
compound-case:32273c93c4372ef398d346b5	MODIFIER_BASE_SEPARATION	cleaned-output-atom:84ad54b1f8106446481202ae	0e27150cb1fc10c8366e5924160b7d3c36bc045edf614989b5134136bd719188	b9043c16af362f30807deaf692025d61c3c803bba1efc43fe2f63dc8b507418d	sensory.sweet	false	STRUCTURED_RELATION_OUTPUT
compound-case:cfc883b711faa83fa96867da	MODIFIER_BASE_SEPARATION	cleaned-output-atom:84e13d4f9221f954c7b1b628	9209526aaa61b0709dbb838e14686a26c4a03b53e8eedf34c7e5f6f606110d8c	acbfc58c9b12b002281c0987b9f60a658f66044c2aa142a09d592e4777e3eadc		false	STRUCTURED_RELATION_OUTPUT
compound-case:55b1f6cac239f598bff9ab50	COMPOUND_DECOMPOSITION	cleaned-output-atom:851cbf8fe5ed37502309b630	14ee39530b5f5baf964df133f92ebe5a3e3e8507f29886d785f769ad165d2529		sensory.burnt|sensory.caramel	false	STRUCTURED_RELATION_OUTPUT
compound-case:e5a21c7e9834fed995b57754	MODIFIER_BASE_SEPARATION	cleaned-output-atom:85ba7da563db6b41183b8bf9	9209526aaa61b0709dbb838e14686a26c4a03b53e8eedf34c7e5f6f606110d8c	acbfc58c9b12b002281c0987b9f60a658f66044c2aa142a09d592e4777e3eadc		false	STRUCTURED_RELATION_OUTPUT
compound-case:8eeb757d2e77333a0243f8ba	MODIFIER_BASE_SEPARATION	cleaned-output-atom:85d04c2645c923ad25c1a52f	7499aced43869b27f505701e4edc737f0cc346add1240d4ba86fbfa251e0fc35	e6bb5689beec52c4672bd4df92c3613d128d30cdc2b704f76953fe43d89c4ae8		false	STRUCTURED_RELATION_OUTPUT
compound-case:924f9463b69bec2b23af4edb	MODIFIER_BASE_SEPARATION	cleaned-output-atom:85e3a665058147b52bd52ee6	9209526aaa61b0709dbb838e14686a26c4a03b53e8eedf34c7e5f6f606110d8c	acbfc58c9b12b002281c0987b9f60a658f66044c2aa142a09d592e4777e3eadc		false	STRUCTURED_RELATION_OUTPUT
compound-case:dd205edf47633a7f7907bf30	MODIFIER_BASE_SEPARATION	cleaned-output-atom:8604ef4ab161fa538027c59e	5dc27af287fa554aa10fec9de8d724a7964572f1ffd24c2b00e1a3a860ce7679	b9043c16af362f30807deaf692025d61c3c803bba1efc43fe2f63dc8b507418d	sensory.sweet	false	STRUCTURED_RELATION_OUTPUT
compound-case:5be1dbcfcb05b5d222f01ec3	MODIFIER_BASE_SEPARATION	cleaned-output-atom:8640fdb032dab893685bfabb	9209526aaa61b0709dbb838e14686a26c4a03b53e8eedf34c7e5f6f606110d8c	acbfc58c9b12b002281c0987b9f60a658f66044c2aa142a09d592e4777e3eadc		false	STRUCTURED_RELATION_OUTPUT
compound-case:eddb1faf8f586ca3e5d5b648	MODIFIER_BASE_SEPARATION	cleaned-output-atom:86437958e493c22edf1822d4	9465ea9efe7744b627cfc94f1f1cce14649cb34d65982a774db407641282b939	acbfc58c9b12b002281c0987b9f60a658f66044c2aa142a09d592e4777e3eadc		false	STRUCTURED_RELATION_OUTPUT
compound-case:4fe9eb51532b392ccf36da77	MODIFIER_BASE_SEPARATION	cleaned-output-atom:865c9d8775030405cdce14e5	9209526aaa61b0709dbb838e14686a26c4a03b53e8eedf34c7e5f6f606110d8c	acbfc58c9b12b002281c0987b9f60a658f66044c2aa142a09d592e4777e3eadc		false	STRUCTURED_RELATION_OUTPUT
compound-case:179a0c06117b386be94ea4c3	MODIFIER_BASE_SEPARATION	cleaned-output-atom:86d2da9c9f93ba0efba3e5a2	9209526aaa61b0709dbb838e14686a26c4a03b53e8eedf34c7e5f6f606110d8c	acbfc58c9b12b002281c0987b9f60a658f66044c2aa142a09d592e4777e3eadc		false	STRUCTURED_RELATION_OUTPUT
compound-case:763893603c3b564f012f85b0	MODIFIER_BASE_SEPARATION	cleaned-output-atom:86dec5387debc908fc64572f	7499aced43869b27f505701e4edc737f0cc346add1240d4ba86fbfa251e0fc35	e6bb5689beec52c4672bd4df92c3613d128d30cdc2b704f76953fe43d89c4ae8		false	STRUCTURED_RELATION_OUTPUT
compound-case:6af4034b998e16f633b0444c	COMPOUND_DECOMPOSITION	cleaned-output-atom:8770d366f1a35c7773c104df	35e3f7f33e1585db4cd3790b8bfdbf79dcae703c750e662ead8dc14dd3c5072c	b9043c16af362f30807deaf692025d61c3c803bba1efc43fe2f63dc8b507418d	sensory.jasmine|sensory.sweet	false	STRUCTURED_RELATION_OUTPUT
compound-case:9f7373dc357797bb989a98f8	COMPOUND_DECOMPOSITION	cleaned-output-atom:87b76d26ce2d5292957b04d2	afb888036cdaa7f9de18f394a0835ad6688d8e9fd9ba5b0d17979b051f591a1a		sensory.lemon|sensory.lime	false	STRUCTURED_RELATION_OUTPUT
compound-case:e2ce3c8841ba570eb2e30eba	MODIFIER_BASE_SEPARATION	cleaned-output-atom:87c42d3732d023264d78773a	9209526aaa61b0709dbb838e14686a26c4a03b53e8eedf34c7e5f6f606110d8c	acbfc58c9b12b002281c0987b9f60a658f66044c2aa142a09d592e4777e3eadc		false	STRUCTURED_RELATION_OUTPUT
compound-case:5b723dc516413e41d1760dfd	MODIFIER_BASE_SEPARATION	cleaned-output-atom:8818cd2f8b141e061c6ca1b4	7499aced43869b27f505701e4edc737f0cc346add1240d4ba86fbfa251e0fc35	e6bb5689beec52c4672bd4df92c3613d128d30cdc2b704f76953fe43d89c4ae8		false	STRUCTURED_RELATION_OUTPUT
compound-case:48f9a3c8f35a74b2ab9aa03a	MODIFIER_BASE_SEPARATION	cleaned-output-atom:8819dfbed50ada0507a2da31	569ff754c53406ce1562eb6c1a0d3e84596a17edff586fcf58452ba8fbf456e4	6ef7c9b15ecdd69083724b84cfdc2100351963488b51b4ea2fcbddf493fbec94		false	STRUCTURED_RELATION_OUTPUT
compound-case:b4260c577953a102b97179b5	MODIFIER_BASE_SEPARATION	cleaned-output-atom:882758931e39bf3fda028768	738bac394dea19438af949c85e3286318ebbc00dc4a958adfba2334bb8aeb9b2	b9043c16af362f30807deaf692025d61c3c803bba1efc43fe2f63dc8b507418d	sensory.sweet	false	STRUCTURED_RELATION_OUTPUT
compound-case:a8cbd29b628d13ccaa25387a	COMPOUND_DECOMPOSITION	cleaned-output-atom:882db2d84a6aae20161c7a22	d2d88a157392239170c13434b340a476fb581cc404463807f622656c8987af02		sensory.grape|sensory.plum	false	STRUCTURED_RELATION_OUTPUT
compound-case:f679b6eafb20932470d2a505	MODIFIER_BASE_SEPARATION	cleaned-output-atom:882fe8faacd786e8b75c8720	2efa64f91736e51bfbcae85be793635c890cf873727a90a959ad0fbcffafbead	b9043c16af362f30807deaf692025d61c3c803bba1efc43fe2f63dc8b507418d	sensory.sweet	false	STRUCTURED_RELATION_OUTPUT
compound-case:5907c3f36fdd12c45b10c72a	MODIFIER_BASE_SEPARATION	cleaned-output-atom:883dac3e78b46daafa07a614	7499aced43869b27f505701e4edc737f0cc346add1240d4ba86fbfa251e0fc35	e6bb5689beec52c4672bd4df92c3613d128d30cdc2b704f76953fe43d89c4ae8		false	STRUCTURED_RELATION_OUTPUT
compound-case:9a010c18c28f5ee5219495b8	MODIFIER_BASE_SEPARATION	cleaned-output-atom:88b4d87e12fe21ff50707207	7499aced43869b27f505701e4edc737f0cc346add1240d4ba86fbfa251e0fc35	e6bb5689beec52c4672bd4df92c3613d128d30cdc2b704f76953fe43d89c4ae8		false	STRUCTURED_RELATION_OUTPUT
compound-case:2e1fa7df4b118bfc31f93197	COMPOUND_DECOMPOSITION	cleaned-output-atom:88bf6290a92302196a05efa2	6abef8b5661762f139842c2f017711aba9a2d31cec87469804177f492613f362		sensory.blueberry|sensory.cherry	false	STRUCTURED_RELATION_OUTPUT
compound-case:7748eca042246ff8a452de49	MODIFIER_BASE_SEPARATION	cleaned-output-atom:894806c066ee4a5c808364f9	e89bea7e427612bba5531a899794fa6ce335def0e71cd3d2ed6d921e484aa595	99a7026172d42714d0293e5598ec1c8e8260d7d0c4b8582ad002c1883494e216		false	STRUCTURED_RELATION_OUTPUT
compound-case:7c49f46a9f6535b1349ad848	MODIFIER_BASE_SEPARATION	cleaned-output-atom:899dd1fd3f0ea7b8f602e702	c1deb3268b977bb925905657adbb0102e853340b00f69a17c1eb72386cac4a42	b9043c16af362f30807deaf692025d61c3c803bba1efc43fe2f63dc8b507418d	sensory.sweet	false	STRUCTURED_RELATION_OUTPUT
compound-case:22a5d881cb95914f2af9204c	MODIFIER_BASE_SEPARATION	cleaned-output-atom:89a25efd33f358528aea5eb3	7fe66cda26bde60e6abc765c127431ea3a913cd0fea016b56d17c90abafc0ec4	b9043c16af362f30807deaf692025d61c3c803bba1efc43fe2f63dc8b507418d	sensory.sweet	false	STRUCTURED_RELATION_OUTPUT
compound-case:83aff9d7453471f668a3625d	MODIFIER_BASE_SEPARATION	cleaned-output-atom:89b461fb20dc61381f7eb676	4c6a4839f83d20d276e7ba94bde38eed7e8495fcefcea6222fb5d2ff5b60fc4b	3b066804f6d1d077173cfe4d06002e6a61e6f21c2b2e648417962115f1afcd8e		false	STRUCTURED_RELATION_OUTPUT
compound-case:ba159575c488e6705aaa1704	MODIFIER_BASE_SEPARATION	cleaned-output-atom:89f386b9003dd4676cd64ab7	4c6a4839f83d20d276e7ba94bde38eed7e8495fcefcea6222fb5d2ff5b60fc4b	b9043c16af362f30807deaf692025d61c3c803bba1efc43fe2f63dc8b507418d	sensory.sweet	false	STRUCTURED_RELATION_OUTPUT
compound-case:983219a4f8ead3177b36eaa5	MODIFIER_BASE_SEPARATION	cleaned-output-atom:8a2167e7c4cf29b72d5ae265	7499aced43869b27f505701e4edc737f0cc346add1240d4ba86fbfa251e0fc35	e6bb5689beec52c4672bd4df92c3613d128d30cdc2b704f76953fe43d89c4ae8		false	STRUCTURED_RELATION_OUTPUT
compound-case:f3b49e218520a9e8df6bebcf	MODIFIER_BASE_SEPARATION	cleaned-output-atom:8a9c2467de25ce15ff4a7c09	2b858670c596d37b85427ed2f2fcbad233df2c3953e626fe108a2963d89129c2	fc66f021c67d064c1490a12b5a4d4d2f5167ca692a16ca12f1f3a4cda29a6fa9		false	STRUCTURED_RELATION_OUTPUT
compound-case:0d6b908c3673c47fbd9531f8	MODIFIER_BASE_SEPARATION	cleaned-output-atom:8afb46c99a6543859f0e9520	37290d74ac4d186e3a8e5785d259d2ec04fac91ae28092e7620ec8bc99e830aa	b9043c16af362f30807deaf692025d61c3c803bba1efc43fe2f63dc8b507418d	sensory.sweet	false	STRUCTURED_RELATION_OUTPUT
compound-case:2cf6ad2ee906ee3c002f38ab	MODIFIER_BASE_SEPARATION	cleaned-output-atom:8afc7e70bb2fb73876dcb789	7499aced43869b27f505701e4edc737f0cc346add1240d4ba86fbfa251e0fc35	e6bb5689beec52c4672bd4df92c3613d128d30cdc2b704f76953fe43d89c4ae8		false	STRUCTURED_RELATION_OUTPUT
compound-case:fb4bd4583e5bb427633078c3	MODIFIER_BASE_SEPARATION	cleaned-output-atom:8b0876ac6e584a88d7d1e9dc	73d1b1b1bc1dabfb97f216d897b7968e44b06457920f00f2dc6c1ed3be25ad4c	b9043c16af362f30807deaf692025d61c3c803bba1efc43fe2f63dc8b507418d	sensory.sweet	false	STRUCTURED_RELATION_OUTPUT
compound-case:6c5c222ae2e58bb17d476776	COMPOUND_DECOMPOSITION	cleaned-output-atom:8b2adb0e1472a281f1734d5f	046b908561243d2930d2c547fc5aec55e36ab2477e60aae977debb5c1ed3ac82		sensory.blueberry|sensory.orange	false	STRUCTURED_RELATION_OUTPUT
compound-case:263f96857b54b0d07b4ee1b6	MODIFIER_BASE_SEPARATION	cleaned-output-atom:8b78a6b4e771c77c6849377f	4d1608c849f1a4968565d5019e500b9c3541f654c33ac9d096b610d27229499c	b9043c16af362f30807deaf692025d61c3c803bba1efc43fe2f63dc8b507418d	sensory.sweet	false	STRUCTURED_RELATION_OUTPUT
compound-case:ea41f0c96d7761a20b5eae20	MODIFIER_BASE_SEPARATION	cleaned-output-atom:8bfcec2db396bd938e59e949	9209526aaa61b0709dbb838e14686a26c4a03b53e8eedf34c7e5f6f606110d8c	acbfc58c9b12b002281c0987b9f60a658f66044c2aa142a09d592e4777e3eadc		false	STRUCTURED_RELATION_OUTPUT
compound-case:10eaa9e55d11999cbbd8161e	MODIFIER_BASE_SEPARATION	cleaned-output-atom:8c21dbca38cbc44c04a003b3	7499aced43869b27f505701e4edc737f0cc346add1240d4ba86fbfa251e0fc35	e6bb5689beec52c4672bd4df92c3613d128d30cdc2b704f76953fe43d89c4ae8		false	STRUCTURED_RELATION_OUTPUT
compound-case:61301d12448b3dae1d7657e9	COMPOUND_DECOMPOSITION	cleaned-output-atom:8c263ff3dd374a0868ff7342	f9ed3bf8b5d715f415a7c0224bfcd0f11c355edaa323dd87f2a55e2115291a99			false	STRUCTURED_RELATION_OUTPUT
compound-case:ec0f689e83267b181eabd103	MODIFIER_BASE_SEPARATION	cleaned-output-atom:8c277ea8e1db61fd4d66191d	7499aced43869b27f505701e4edc737f0cc346add1240d4ba86fbfa251e0fc35	e6bb5689beec52c4672bd4df92c3613d128d30cdc2b704f76953fe43d89c4ae8		false	STRUCTURED_RELATION_OUTPUT
compound-case:7b204bc6cad5618725cb487d	MODIFIER_BASE_SEPARATION	cleaned-output-atom:8c9bb6946d435769a7f35964	9209526aaa61b0709dbb838e14686a26c4a03b53e8eedf34c7e5f6f606110d8c	acbfc58c9b12b002281c0987b9f60a658f66044c2aa142a09d592e4777e3eadc		false	STRUCTURED_RELATION_OUTPUT
compound-case:53df3526223a8b25e84a3207	MODIFIER_BASE_SEPARATION	cleaned-output-atom:8cfc10a5562794c7c77806a1	c1deb3268b977bb925905657adbb0102e853340b00f69a17c1eb72386cac4a42	b9043c16af362f30807deaf692025d61c3c803bba1efc43fe2f63dc8b507418d	sensory.sweet	false	STRUCTURED_RELATION_OUTPUT
compound-case:984614f5c2ffd2f5cf5e70f1	MODIFIER_BASE_SEPARATION	cleaned-output-atom:8cfcb28d783f8753a94d054a	79c5e8ef88b91fa3a65490f9d1bac68226b4d800e91bfdb3e93ff94fb5cdd9b2	e6bb5689beec52c4672bd4df92c3613d128d30cdc2b704f76953fe43d89c4ae8	sensory.malt	false	STRUCTURED_RELATION_OUTPUT
compound-case:56af84e7e7c36023ca8121d5	MODIFIER_BASE_SEPARATION	cleaned-output-atom:8d39516f81f8723aeea1912d	7499aced43869b27f505701e4edc737f0cc346add1240d4ba86fbfa251e0fc35	e6bb5689beec52c4672bd4df92c3613d128d30cdc2b704f76953fe43d89c4ae8		false	STRUCTURED_RELATION_OUTPUT
compound-case:d100580020243cb51397e1df	MODIFIER_BASE_SEPARATION	cleaned-output-atom:8d70c29cc2004461bb454bc8	c1deb3268b977bb925905657adbb0102e853340b00f69a17c1eb72386cac4a42	b9043c16af362f30807deaf692025d61c3c803bba1efc43fe2f63dc8b507418d	sensory.sweet	false	STRUCTURED_RELATION_OUTPUT
compound-case:bf09c4548452167ba239e778	MODIFIER_BASE_SEPARATION	cleaned-output-atom:8d80413451b7e8e7efed81ce	7499aced43869b27f505701e4edc737f0cc346add1240d4ba86fbfa251e0fc35	e6bb5689beec52c4672bd4df92c3613d128d30cdc2b704f76953fe43d89c4ae8		false	STRUCTURED_RELATION_OUTPUT
compound-case:ac66cab3f95a5dad5630605f	MODIFIER_BASE_SEPARATION	cleaned-output-atom:8db143d15d90f78c6f5fc120	08d274500a357e6ce6a8f0f15e04089ec38571779f019becef0c1bf96d8cc191	3b066804f6d1d077173cfe4d06002e6a61e6f21c2b2e648417962115f1afcd8e		false	STRUCTURED_RELATION_OUTPUT
compound-case:ed3e81fbd01107a387e7b5d6	MODIFIER_BASE_SEPARATION	cleaned-output-atom:8e3c73ed05e0f7a198daf48d	9209526aaa61b0709dbb838e14686a26c4a03b53e8eedf34c7e5f6f606110d8c	acbfc58c9b12b002281c0987b9f60a658f66044c2aa142a09d592e4777e3eadc		false	STRUCTURED_RELATION_OUTPUT
compound-case:06b63d01e4a9512f5a20a70f	MODIFIER_BASE_SEPARATION	cleaned-output-atom:8e6ec1b71889de8fe2c95dd8	5c17109d20746ad75bc1bb9d345b114adc6dca927bd8ed3980c2aa8b1f37d944	b9043c16af362f30807deaf692025d61c3c803bba1efc43fe2f63dc8b507418d	sensory.sweet	false	STRUCTURED_RELATION_OUTPUT
compound-case:22670aa965f0f1ba98c1b264	MODIFIER_BASE_SEPARATION	cleaned-output-atom:8eb40c0cd7da66e6056ec84e	c1deb3268b977bb925905657adbb0102e853340b00f69a17c1eb72386cac4a42	b9043c16af362f30807deaf692025d61c3c803bba1efc43fe2f63dc8b507418d	sensory.sweet	false	STRUCTURED_RELATION_OUTPUT
compound-case:c868ceeca5bc49f699ec7f86	MODIFIER_BASE_SEPARATION	cleaned-output-atom:8f393cc78d57c1cdf646375c	9209526aaa61b0709dbb838e14686a26c4a03b53e8eedf34c7e5f6f606110d8c	acbfc58c9b12b002281c0987b9f60a658f66044c2aa142a09d592e4777e3eadc		false	STRUCTURED_RELATION_OUTPUT
compound-case:b4954b80f17201ec4334b0d2	MODIFIER_BASE_SEPARATION	cleaned-output-atom:8f863497f6a1375851390738	7177088275ab6effa32b313cb7fdc78fe4eaf72f5485140644f0638ea4e53f24	e6bb5689beec52c4672bd4df92c3613d128d30cdc2b704f76953fe43d89c4ae8		false	STRUCTURED_RELATION_OUTPUT
compound-case:7a7554f42853d0210a8a18bd	MODIFIER_BASE_SEPARATION	cleaned-output-atom:8ff62cbec1cc334ed484dcba	4c6a4839f83d20d276e7ba94bde38eed7e8495fcefcea6222fb5d2ff5b60fc4b	3b066804f6d1d077173cfe4d06002e6a61e6f21c2b2e648417962115f1afcd8e		false	STRUCTURED_RELATION_OUTPUT
compound-case:358a64c80492ab8dfc796d50	MODIFIER_BASE_SEPARATION	cleaned-output-atom:90942701db33fc927639fcbd	7499aced43869b27f505701e4edc737f0cc346add1240d4ba86fbfa251e0fc35	e6bb5689beec52c4672bd4df92c3613d128d30cdc2b704f76953fe43d89c4ae8		false	STRUCTURED_RELATION_OUTPUT
compound-case:25b399355290745bad8c1ffc	MODIFIER_BASE_SEPARATION	cleaned-output-atom:91102b7ba61887a6e370f497	9209526aaa61b0709dbb838e14686a26c4a03b53e8eedf34c7e5f6f606110d8c	acbfc58c9b12b002281c0987b9f60a658f66044c2aa142a09d592e4777e3eadc		false	STRUCTURED_RELATION_OUTPUT
compound-case:13799ee2a3e4bee716cead65	MODIFIER_BASE_SEPARATION	cleaned-output-atom:911dd2831784a191d7f0c058	9209526aaa61b0709dbb838e14686a26c4a03b53e8eedf34c7e5f6f606110d8c	acbfc58c9b12b002281c0987b9f60a658f66044c2aa142a09d592e4777e3eadc		false	STRUCTURED_RELATION_OUTPUT
compound-case:10733ec5e61d6e2465e97123	COMPOUND_DECOMPOSITION	cleaned-output-atom:917d0ceae3ee6cb38c83f24a	da1e1249b277e1901ff76bc57ce3e6ae1bdba2b03e0cec6897516c48c4709f44		sensory.lemon|sensory.lime	false	STRUCTURED_RELATION_OUTPUT
compound-case:6531b1327657e8aa0a4d2b93	COMPOUND_DECOMPOSITION	cleaned-output-atom:918470a130751e213ffe792a	d6a371448221ad3ccf146322a0bcb6c2b352d77692d7ef9d48172fba44489637		sensory.honey|sensory.lemon	false	STRUCTURED_RELATION_OUTPUT
compound-case:347685544bbec8bef30ecbdf	MODIFIER_BASE_SEPARATION	cleaned-output-atom:91ac17b897dd152966ac7ac9	57477ce0153a3700cbffb733b5a25e8e92362b832ba356ef9f89ae2978715017	447f7f5c325ea17e635bef91bac42e27c55490450f38f1815d8d6c0bb36687ac		false	STRUCTURED_RELATION_OUTPUT
compound-case:46a3431b168c7744bf1817ba	MODIFIER_BASE_SEPARATION	cleaned-output-atom:921ecdc6d42c06ef9b553e52	7499aced43869b27f505701e4edc737f0cc346add1240d4ba86fbfa251e0fc35	e6bb5689beec52c4672bd4df92c3613d128d30cdc2b704f76953fe43d89c4ae8		false	STRUCTURED_RELATION_OUTPUT
compound-case:9c3de12eef53f75bcbf8c7f8	MODIFIER_BASE_SEPARATION	cleaned-output-atom:9237c4b44f028728ff3fa568	4c6a4839f83d20d276e7ba94bde38eed7e8495fcefcea6222fb5d2ff5b60fc4b	b9043c16af362f30807deaf692025d61c3c803bba1efc43fe2f63dc8b507418d	sensory.sweet	false	STRUCTURED_RELATION_OUTPUT
compound-case:5d2ac6413036010551bc977e	COMPOUND_DECOMPOSITION	cleaned-output-atom:924eb468b11af3b575db8d3b	fbb8783d9a611ca817d5bc66d146c68ec2aa0a27424b00bed54e0570506024df		sensory.caramel|sensory.cocoa	false	STRUCTURED_RELATION_OUTPUT
compound-case:9cb8a204ec98409e51f449c4	MODIFIER_BASE_SEPARATION	cleaned-output-atom:927a023dd9c54836e0945464	c1deb3268b977bb925905657adbb0102e853340b00f69a17c1eb72386cac4a42	b9043c16af362f30807deaf692025d61c3c803bba1efc43fe2f63dc8b507418d	sensory.sweet	false	STRUCTURED_RELATION_OUTPUT
compound-case:00856268b07b6c254d70ad51	MODIFIER_BASE_SEPARATION	cleaned-output-atom:930f8e14043359417ff122e1	7499aced43869b27f505701e4edc737f0cc346add1240d4ba86fbfa251e0fc35	e6bb5689beec52c4672bd4df92c3613d128d30cdc2b704f76953fe43d89c4ae8		false	STRUCTURED_RELATION_OUTPUT
compound-case:f48fd7cb3c9a260953f22f3e	MODIFIER_BASE_SEPARATION	cleaned-output-atom:9410b6eddbee61df48807a11	7499aced43869b27f505701e4edc737f0cc346add1240d4ba86fbfa251e0fc35	e6bb5689beec52c4672bd4df92c3613d128d30cdc2b704f76953fe43d89c4ae8		false	STRUCTURED_RELATION_OUTPUT
compound-case:8f2fda05e5124799421edfea	MODIFIER_BASE_SEPARATION	cleaned-output-atom:9422cbf2ae29adbc5aa672e5	c1deb3268b977bb925905657adbb0102e853340b00f69a17c1eb72386cac4a42	b9043c16af362f30807deaf692025d61c3c803bba1efc43fe2f63dc8b507418d	sensory.sweet	false	STRUCTURED_RELATION_OUTPUT
compound-case:244544e77ef40a9dedb6fde1	MODIFIER_BASE_SEPARATION	cleaned-output-atom:94365d3477fe6997a4a5c030	918f112d100d00dec359dcf58c5be7052076c0f47bc5752bae153c0e92eafda0	acbfc58c9b12b002281c0987b9f60a658f66044c2aa142a09d592e4777e3eadc		false	STRUCTURED_RELATION_OUTPUT
compound-case:0592eb7d5925e35c7b7dac0f	COMPOUND_DECOMPOSITION	cleaned-output-atom:94557d164db0d5a59b8885a8	c9e199ad7ecffc6901ddf353dd95a0842bd008269da76d00da63cdb43fbb0286		sensory.lemon|sensory.pineapple	false	STRUCTURED_RELATION_OUTPUT
compound-case:86de2049a7a617e98ab2bd9d	COMPOUND_DECOMPOSITION	cleaned-output-atom:948536ea68988553d4f71bec	d2d88a157392239170c13434b340a476fb581cc404463807f622656c8987af02		sensory.grape|sensory.plum	false	STRUCTURED_RELATION_OUTPUT
compound-case:bd5cae0ba7feecb034480dfd	MODIFIER_BASE_SEPARATION	cleaned-output-atom:949198f05d434eca0ff5c9a1	4c6a4839f83d20d276e7ba94bde38eed7e8495fcefcea6222fb5d2ff5b60fc4b	b9043c16af362f30807deaf692025d61c3c803bba1efc43fe2f63dc8b507418d	sensory.sweet	false	STRUCTURED_RELATION_OUTPUT
compound-case:e738bbc711b10a66d1445120	COMPOUND_DECOMPOSITION	cleaned-output-atom:94b64a46e69d091aa38f9979	5d8e2c854fb678c2261d3abd753042ab8e033a4606515ed467e362bdeff3b9c6		sensory.lemon|sensory.lime	false	STRUCTURED_RELATION_OUTPUT
compound-case:67834ff5d749d877b03490c5	COMPOUND_DECOMPOSITION	cleaned-output-atom:94cb2eae3d279b447096cc03	afb888036cdaa7f9de18f394a0835ad6688d8e9fd9ba5b0d17979b051f591a1a		sensory.lemon|sensory.lime	false	STRUCTURED_RELATION_OUTPUT
compound-case:0a4c0c4b500d5c5fdad182b8	MODIFIER_BASE_SEPARATION	cleaned-output-atom:9512ad914884b4cd162ad6af	4c6a4839f83d20d276e7ba94bde38eed7e8495fcefcea6222fb5d2ff5b60fc4b	b9043c16af362f30807deaf692025d61c3c803bba1efc43fe2f63dc8b507418d	sensory.sweet	false	STRUCTURED_RELATION_OUTPUT
compound-case:651ec8572f7da0b2bab2ada0	MODIFIER_BASE_SEPARATION	cleaned-output-atom:95162dd3ee029d088a0b6be4	73d1b1b1bc1dabfb97f216d897b7968e44b06457920f00f2dc6c1ed3be25ad4c	b9043c16af362f30807deaf692025d61c3c803bba1efc43fe2f63dc8b507418d	sensory.sweet	false	STRUCTURED_RELATION_OUTPUT
compound-case:800d5f12437e3b204318faec	MODIFIER_BASE_SEPARATION	cleaned-output-atom:957c00f766badefb4ef96347	c1deb3268b977bb925905657adbb0102e853340b00f69a17c1eb72386cac4a42	b9043c16af362f30807deaf692025d61c3c803bba1efc43fe2f63dc8b507418d	sensory.sweet	false	STRUCTURED_RELATION_OUTPUT
compound-case:088c1c2c18c53b6225c011fb	MODIFIER_BASE_SEPARATION	cleaned-output-atom:957e6595cdeddfe44cc9381a	c1deb3268b977bb925905657adbb0102e853340b00f69a17c1eb72386cac4a42	b9043c16af362f30807deaf692025d61c3c803bba1efc43fe2f63dc8b507418d	sensory.sweet	false	STRUCTURED_RELATION_OUTPUT
compound-case:6371a9882c641ea4e15759a1	MODIFIER_BASE_SEPARATION	cleaned-output-atom:9608636ac5c4c019acde2977	9209526aaa61b0709dbb838e14686a26c4a03b53e8eedf34c7e5f6f606110d8c	acbfc58c9b12b002281c0987b9f60a658f66044c2aa142a09d592e4777e3eadc		false	STRUCTURED_RELATION_OUTPUT
compound-case:bfcb749d520c94ed2a826d9f	MODIFIER_BASE_SEPARATION	cleaned-output-atom:962d5ec2ffc9e1a47590bd10	7499aced43869b27f505701e4edc737f0cc346add1240d4ba86fbfa251e0fc35	e6bb5689beec52c4672bd4df92c3613d128d30cdc2b704f76953fe43d89c4ae8		false	STRUCTURED_RELATION_OUTPUT
compound-case:f64e624c21e73a4410d1b422	MODIFIER_BASE_SEPARATION	cleaned-output-atom:964c3b74258cf7098cdb07ae	7499aced43869b27f505701e4edc737f0cc346add1240d4ba86fbfa251e0fc35	e6bb5689beec52c4672bd4df92c3613d128d30cdc2b704f76953fe43d89c4ae8		false	STRUCTURED_RELATION_OUTPUT
compound-case:f91ea769e5c9c87f2f723073	MODIFIER_BASE_SEPARATION	cleaned-output-atom:96631eb9025d244ff92db092	9209526aaa61b0709dbb838e14686a26c4a03b53e8eedf34c7e5f6f606110d8c	acbfc58c9b12b002281c0987b9f60a658f66044c2aa142a09d592e4777e3eadc		false	STRUCTURED_RELATION_OUTPUT
compound-case:a32b2c81c5e0b96f4b58a38b	MODIFIER_BASE_SEPARATION	cleaned-output-atom:96abf56e793289f293b42f53	42af43e3616eba4a133a755540a88e6c61085dfe66c6e49e6ab8eaf9daf0c0da	b9043c16af362f30807deaf692025d61c3c803bba1efc43fe2f63dc8b507418d	sensory.sweet	false	STRUCTURED_RELATION_OUTPUT
compound-case:da834008c359632ebd71aee0	MODIFIER_BASE_SEPARATION	cleaned-output-atom:977574b4d8b73512c64cf001	7499aced43869b27f505701e4edc737f0cc346add1240d4ba86fbfa251e0fc35	e6bb5689beec52c4672bd4df92c3613d128d30cdc2b704f76953fe43d89c4ae8		false	STRUCTURED_RELATION_OUTPUT
compound-case:ee9c37ff7a6fae706a31d000	MODIFIER_BASE_SEPARATION	cleaned-output-atom:97a6935bc28a8bacbbf5196e	66c73be643497d956346653c9f36ea75dd3231d0b4154ae104eb51e89beb7873	6c1ff09db3a73dc4a854f695d20d174a848d55f2d743bab2ee1f8fc75be454f3		false	STRUCTURED_RELATION_OUTPUT
compound-case:9486e50e1fdb5e21afc2df1a	MODIFIER_BASE_SEPARATION	cleaned-output-atom:986375405c2a8b7670060a79	7499aced43869b27f505701e4edc737f0cc346add1240d4ba86fbfa251e0fc35	e6bb5689beec52c4672bd4df92c3613d128d30cdc2b704f76953fe43d89c4ae8		false	STRUCTURED_RELATION_OUTPUT
compound-case:6b0a15bee3fa26311c7e7675	MODIFIER_BASE_SEPARATION	cleaned-output-atom:9873b91c9b04962eca17ea32	9209526aaa61b0709dbb838e14686a26c4a03b53e8eedf34c7e5f6f606110d8c	acbfc58c9b12b002281c0987b9f60a658f66044c2aa142a09d592e4777e3eadc		false	STRUCTURED_RELATION_OUTPUT
compound-case:01a8dfc2582746c4b05bc5ce	MODIFIER_BASE_SEPARATION	cleaned-output-atom:988e4a950c0d8cfb75cbf725	309fd2d254161060a48e262a82fe3e9a33063fdb5056411d9012606d4af1b91e	c082456a7766e23a18db084cd34b6ff510baef506548b897cc80e9b7d3e121c8|fc66f021c67d064c1490a12b5a4d4d2f5167ca692a16ca12f1f3a4cda29a6fa9		false	STRUCTURED_RELATION_OUTPUT
compound-case:d72b002e1c2aa4c8e0d173bf	MODIFIER_BASE_SEPARATION	cleaned-output-atom:98b5d26be6a9a148ffd6bce1	9209526aaa61b0709dbb838e14686a26c4a03b53e8eedf34c7e5f6f606110d8c	acbfc58c9b12b002281c0987b9f60a658f66044c2aa142a09d592e4777e3eadc		false	STRUCTURED_RELATION_OUTPUT
compound-case:04e32c65cb4406d0fef2eead	MODIFIER_BASE_SEPARATION	cleaned-output-atom:9918b62021275c7af2fed37a	b2e55e456cf481005d30ad1df9125fff00c56bc92491dac8af91ec77a931efa2	b9043c16af362f30807deaf692025d61c3c803bba1efc43fe2f63dc8b507418d	sensory.sweet	false	STRUCTURED_RELATION_OUTPUT
compound-case:1004e26344c65d5d81c2c053	MODIFIER_BASE_SEPARATION	cleaned-output-atom:992b5688d01efa38705fcf96	c67da956af4b26f99beebb8303fc91a28b7909f4dac9e083d23379a2c7fa51c5	e6bb5689beec52c4672bd4df92c3613d128d30cdc2b704f76953fe43d89c4ae8	sensory.blueberry	false	STRUCTURED_RELATION_OUTPUT
compound-case:a36773464816497549a7ef45	MODIFIER_BASE_SEPARATION	cleaned-output-atom:9935b3bf1d8562048308d15e	f30dc534d108c2c14a2067ddd3667c31c3065a84086b08aafa871266adee7e90	fc66f021c67d064c1490a12b5a4d4d2f5167ca692a16ca12f1f3a4cda29a6fa9		false	STRUCTURED_RELATION_OUTPUT
compound-case:e32649bfb60943d8b68ac503	MODIFIER_BASE_SEPARATION	cleaned-output-atom:99454ceab0dbeed940c6677d	7499aced43869b27f505701e4edc737f0cc346add1240d4ba86fbfa251e0fc35	e6bb5689beec52c4672bd4df92c3613d128d30cdc2b704f76953fe43d89c4ae8		false	STRUCTURED_RELATION_OUTPUT
compound-case:a067735a2a72180acee4a567	MODIFIER_BASE_SEPARATION	cleaned-output-atom:995af3553a5395775f07153e	7499aced43869b27f505701e4edc737f0cc346add1240d4ba86fbfa251e0fc35	e6bb5689beec52c4672bd4df92c3613d128d30cdc2b704f76953fe43d89c4ae8		false	STRUCTURED_RELATION_OUTPUT
compound-case:f624a870ae0492871f1aa055	MODIFIER_BASE_SEPARATION	cleaned-output-atom:99645d420283b26cc5dab7b1	7499aced43869b27f505701e4edc737f0cc346add1240d4ba86fbfa251e0fc35	e6bb5689beec52c4672bd4df92c3613d128d30cdc2b704f76953fe43d89c4ae8		false	STRUCTURED_RELATION_OUTPUT
compound-case:f826ab6ccf2db14cc03f2c80	MODIFIER_BASE_SEPARATION	cleaned-output-atom:99723d972590f162259386e1	7499aced43869b27f505701e4edc737f0cc346add1240d4ba86fbfa251e0fc35	e6bb5689beec52c4672bd4df92c3613d128d30cdc2b704f76953fe43d89c4ae8		false	STRUCTURED_RELATION_OUTPUT
compound-case:ac55adacfa743ba94872b5f3	MODIFIER_BASE_SEPARATION	cleaned-output-atom:9996985a6493493e2c3c17a5	7499aced43869b27f505701e4edc737f0cc346add1240d4ba86fbfa251e0fc35	e6bb5689beec52c4672bd4df92c3613d128d30cdc2b704f76953fe43d89c4ae8		false	STRUCTURED_RELATION_OUTPUT
compound-case:f6fc69371441f4119f377173	MODIFIER_BASE_SEPARATION	cleaned-output-atom:99c2b30c8b1a6c4c34edfe02	8fbb749c47be19fc4094e6068c10bb87dc6d0c94b6fd02f0a52d20a3d294b0f4	acbfc58c9b12b002281c0987b9f60a658f66044c2aa142a09d592e4777e3eadc		false	STRUCTURED_RELATION_OUTPUT
compound-case:f34a6ea51cfc97a0561f896b	MODIFIER_BASE_SEPARATION	cleaned-output-atom:99c4c681a624016d2e6109b5	9209526aaa61b0709dbb838e14686a26c4a03b53e8eedf34c7e5f6f606110d8c	acbfc58c9b12b002281c0987b9f60a658f66044c2aa142a09d592e4777e3eadc		false	STRUCTURED_RELATION_OUTPUT
compound-case:2b274090ba2c7582fb340bb5	MODIFIER_BASE_SEPARATION	cleaned-output-atom:99de5c9a8b6d7e40d73e63b1	7499aced43869b27f505701e4edc737f0cc346add1240d4ba86fbfa251e0fc35	e6bb5689beec52c4672bd4df92c3613d128d30cdc2b704f76953fe43d89c4ae8		false	STRUCTURED_RELATION_OUTPUT
compound-case:3a33c86874d6396a31b0a97d	MODIFIER_BASE_SEPARATION	cleaned-output-atom:9a2623429e8668298ae2d2e5	9209526aaa61b0709dbb838e14686a26c4a03b53e8eedf34c7e5f6f606110d8c	acbfc58c9b12b002281c0987b9f60a658f66044c2aa142a09d592e4777e3eadc		false	STRUCTURED_RELATION_OUTPUT
compound-case:30ea3201657b16ccb7eeb39f	MODIFIER_BASE_SEPARATION	cleaned-output-atom:9a73ddcebb787d0492e43689	7499aced43869b27f505701e4edc737f0cc346add1240d4ba86fbfa251e0fc35	e6bb5689beec52c4672bd4df92c3613d128d30cdc2b704f76953fe43d89c4ae8		false	STRUCTURED_RELATION_OUTPUT
compound-case:e8c400773788124cce7c8a1a	MODIFIER_BASE_SEPARATION	cleaned-output-atom:9a97c73f8c93bdbfda5b97a7	2affe4b2eff8a81a5afb852d246ed5f370f3ec4b7ad70409d7f47bcac0a1b848	fc66f021c67d064c1490a12b5a4d4d2f5167ca692a16ca12f1f3a4cda29a6fa9		false	STRUCTURED_RELATION_OUTPUT
compound-case:f528800067c4eb300eeddad3	MODIFIER_BASE_SEPARATION	cleaned-output-atom:9ad6106618ead5fb9dcda2d1	c1deb3268b977bb925905657adbb0102e853340b00f69a17c1eb72386cac4a42	b9043c16af362f30807deaf692025d61c3c803bba1efc43fe2f63dc8b507418d	sensory.sweet	false	STRUCTURED_RELATION_OUTPUT
compound-case:43ac23858e86fb9ac33c5bd8	MODIFIER_BASE_SEPARATION	cleaned-output-atom:9adcd8f8ab25ed28a8508ead	c1deb3268b977bb925905657adbb0102e853340b00f69a17c1eb72386cac4a42	b9043c16af362f30807deaf692025d61c3c803bba1efc43fe2f63dc8b507418d	sensory.sweet	false	STRUCTURED_RELATION_OUTPUT
compound-case:bca8c936d22c454d9c2886a2	MODIFIER_BASE_SEPARATION	cleaned-output-atom:9ae7473745ad4666fe77f169	9209526aaa61b0709dbb838e14686a26c4a03b53e8eedf34c7e5f6f606110d8c	acbfc58c9b12b002281c0987b9f60a658f66044c2aa142a09d592e4777e3eadc		false	STRUCTURED_RELATION_OUTPUT
compound-case:46a13a61384c6c0f29a05f36	MODIFIER_BASE_SEPARATION	cleaned-output-atom:9b1bb50c68792993cae4d49d	9209526aaa61b0709dbb838e14686a26c4a03b53e8eedf34c7e5f6f606110d8c	acbfc58c9b12b002281c0987b9f60a658f66044c2aa142a09d592e4777e3eadc		false	STRUCTURED_RELATION_OUTPUT
compound-case:cb814d177b73da58ed45e1ff	MODIFIER_BASE_SEPARATION	cleaned-output-atom:9b250c022f21c65c492a46d5	c1deb3268b977bb925905657adbb0102e853340b00f69a17c1eb72386cac4a42	b9043c16af362f30807deaf692025d61c3c803bba1efc43fe2f63dc8b507418d	sensory.sweet	false	STRUCTURED_RELATION_OUTPUT
compound-case:51af140cf343b3b5c52f6595	COMPOUND_DECOMPOSITION	cleaned-output-atom:9b8fcee2309a1bdfcc7ee22b	846735f4c54829b3a6956db5e391c1c530cac9905bc24aaff5bdba07ced852b5		sensory.lemon|sensory.tobacco	false	STRUCTURED_RELATION_OUTPUT
compound-case:b2c586687fa5a398c56d3e76	MODIFIER_BASE_SEPARATION	cleaned-output-atom:9bc5b7aa69fb71f3dd416319	9209526aaa61b0709dbb838e14686a26c4a03b53e8eedf34c7e5f6f606110d8c	acbfc58c9b12b002281c0987b9f60a658f66044c2aa142a09d592e4777e3eadc		false	STRUCTURED_RELATION_OUTPUT
compound-case:184a959f01ecb8be4238a649	MODIFIER_BASE_SEPARATION	cleaned-output-atom:9c093feae37e219eb398e65f	7499aced43869b27f505701e4edc737f0cc346add1240d4ba86fbfa251e0fc35	e6bb5689beec52c4672bd4df92c3613d128d30cdc2b704f76953fe43d89c4ae8		false	STRUCTURED_RELATION_OUTPUT
compound-case:2add402d02c80cda1850c642	MODIFIER_BASE_SEPARATION	cleaned-output-atom:9c2dd9ba14dee01fda80c765	9209526aaa61b0709dbb838e14686a26c4a03b53e8eedf34c7e5f6f606110d8c	acbfc58c9b12b002281c0987b9f60a658f66044c2aa142a09d592e4777e3eadc		false	STRUCTURED_RELATION_OUTPUT
compound-case:8464bacbad49e1306d3a6620	MODIFIER_BASE_SEPARATION	cleaned-output-atom:9c334c40859c4bfd39933327	7499aced43869b27f505701e4edc737f0cc346add1240d4ba86fbfa251e0fc35	e6bb5689beec52c4672bd4df92c3613d128d30cdc2b704f76953fe43d89c4ae8		false	STRUCTURED_RELATION_OUTPUT
compound-case:3016c86e4482cc6bd3846462	MODIFIER_BASE_SEPARATION	cleaned-output-atom:9c372c5ef8a35e12154c1f3c	7499aced43869b27f505701e4edc737f0cc346add1240d4ba86fbfa251e0fc35	e6bb5689beec52c4672bd4df92c3613d128d30cdc2b704f76953fe43d89c4ae8		false	STRUCTURED_RELATION_OUTPUT
compound-case:dd4b1d08b1f96d9f4562059e	MODIFIER_BASE_SEPARATION	cleaned-output-atom:9c55b867b34b96a2ad7c616f	3614b00e8a7fde0f0ba1cfb901d60d696b327e0a2ea66ab690fe6e9e7e5622d2	e6bb5689beec52c4672bd4df92c3613d128d30cdc2b704f76953fe43d89c4ae8		false	STRUCTURED_RELATION_OUTPUT
compound-case:8493c97551594f37a89a3a8b	MODIFIER_BASE_SEPARATION	cleaned-output-atom:9c5790d902d012344d6082f0	9209526aaa61b0709dbb838e14686a26c4a03b53e8eedf34c7e5f6f606110d8c	acbfc58c9b12b002281c0987b9f60a658f66044c2aa142a09d592e4777e3eadc		false	STRUCTURED_RELATION_OUTPUT
compound-case:294a09a40ae65d4b19905eff	MODIFIER_BASE_SEPARATION	cleaned-output-atom:9c5f326aa2496da9eb098dcc	7499aced43869b27f505701e4edc737f0cc346add1240d4ba86fbfa251e0fc35	e6bb5689beec52c4672bd4df92c3613d128d30cdc2b704f76953fe43d89c4ae8		false	STRUCTURED_RELATION_OUTPUT
compound-case:962648bfe40595fcebe7f130	MODIFIER_BASE_SEPARATION	cleaned-output-atom:9ca276b627e13f89374ad944	4c6a4839f83d20d276e7ba94bde38eed7e8495fcefcea6222fb5d2ff5b60fc4b	b9043c16af362f30807deaf692025d61c3c803bba1efc43fe2f63dc8b507418d	sensory.sweet	false	STRUCTURED_RELATION_OUTPUT
compound-case:c5eaa6beed4307594c584928	MODIFIER_BASE_SEPARATION	cleaned-output-atom:9d132efe1460ce6af41b1e7d	7499aced43869b27f505701e4edc737f0cc346add1240d4ba86fbfa251e0fc35	e6bb5689beec52c4672bd4df92c3613d128d30cdc2b704f76953fe43d89c4ae8		false	STRUCTURED_RELATION_OUTPUT
compound-case:77d0db63d2e58182725b081e	MODIFIER_BASE_SEPARATION	cleaned-output-atom:9d7a3ff5b8cde49003ae361c	c1deb3268b977bb925905657adbb0102e853340b00f69a17c1eb72386cac4a42	b9043c16af362f30807deaf692025d61c3c803bba1efc43fe2f63dc8b507418d	sensory.sweet	false	STRUCTURED_RELATION_OUTPUT
compound-case:b60277b969efb47f568b2312	MODIFIER_BASE_SEPARATION	cleaned-output-atom:9de926cad87f8dfb8b9dd914	7499aced43869b27f505701e4edc737f0cc346add1240d4ba86fbfa251e0fc35	e6bb5689beec52c4672bd4df92c3613d128d30cdc2b704f76953fe43d89c4ae8		false	STRUCTURED_RELATION_OUTPUT
compound-case:173363dbe32a4eea433a9e85	MODIFIER_BASE_SEPARATION	cleaned-output-atom:9deffef5cbb265987a6381ad	7499aced43869b27f505701e4edc737f0cc346add1240d4ba86fbfa251e0fc35	e6bb5689beec52c4672bd4df92c3613d128d30cdc2b704f76953fe43d89c4ae8		false	STRUCTURED_RELATION_OUTPUT
compound-case:bacf176a575f87ee539d3026	MODIFIER_BASE_SEPARATION	cleaned-output-atom:9e3bf630a0ec89a853c373fd	6815f3c300383519de8e437497e2c3e97852fe8d717a5419d5aafb00cb43c494	acbfc58c9b12b002281c0987b9f60a658f66044c2aa142a09d592e4777e3eadc	sensory.mango	false	STRUCTURED_RELATION_OUTPUT
compound-case:0998c119ca32d6f9102d5540	MODIFIER_BASE_SEPARATION	cleaned-output-atom:9e573b4e01b5fe94ee55c2fa	7499aced43869b27f505701e4edc737f0cc346add1240d4ba86fbfa251e0fc35	e6bb5689beec52c4672bd4df92c3613d128d30cdc2b704f76953fe43d89c4ae8		false	STRUCTURED_RELATION_OUTPUT
compound-case:d17c785b2061aaffe9ef9dd5	MODIFIER_BASE_SEPARATION	cleaned-output-atom:9f3df7fe2a3780c608c3f127	7499aced43869b27f505701e4edc737f0cc346add1240d4ba86fbfa251e0fc35	e6bb5689beec52c4672bd4df92c3613d128d30cdc2b704f76953fe43d89c4ae8		false	STRUCTURED_RELATION_OUTPUT
compound-case:6d055836eec9b59f221f9d37	MODIFIER_BASE_SEPARATION	cleaned-output-atom:9f88ba90ef7f5151fb222602	d0854ad1c7e25944fb5267ab76084310fcf3b0b78166ec6fab6e74d0a2a27781	6ef7c9b15ecdd69083724b84cfdc2100351963488b51b4ea2fcbddf493fbec94		false	STRUCTURED_RELATION_OUTPUT
compound-case:4cea758c27a8abc5f9a351a7	MODIFIER_BASE_SEPARATION	cleaned-output-atom:9f8e31489dd8a64e40c0acba	7499aced43869b27f505701e4edc737f0cc346add1240d4ba86fbfa251e0fc35	e6bb5689beec52c4672bd4df92c3613d128d30cdc2b704f76953fe43d89c4ae8		false	STRUCTURED_RELATION_OUTPUT
compound-case:726f37e914553c9c86b0074d	MODIFIER_BASE_SEPARATION	cleaned-output-atom:9fa1ab3c887775c8e85fa899	b40e5dacbb3003d5f4f4405c062df1165935473a372b6bd81a3886d5406f3ec3	fc66f021c67d064c1490a12b5a4d4d2f5167ca692a16ca12f1f3a4cda29a6fa9		false	STRUCTURED_RELATION_OUTPUT
compound-case:f984a6bdf0d82b35ea02f2b7	MODIFIER_BASE_SEPARATION	cleaned-output-atom:9ffba7ec0bce6c3b6046701e	7499aced43869b27f505701e4edc737f0cc346add1240d4ba86fbfa251e0fc35	e6bb5689beec52c4672bd4df92c3613d128d30cdc2b704f76953fe43d89c4ae8		false	STRUCTURED_RELATION_OUTPUT
compound-case:216262114f87f68f0d89ad04	MODIFIER_BASE_SEPARATION	cleaned-output-atom:a0019ac0e8b1ce29777ea092	c1deb3268b977bb925905657adbb0102e853340b00f69a17c1eb72386cac4a42	b9043c16af362f30807deaf692025d61c3c803bba1efc43fe2f63dc8b507418d	sensory.sweet	false	STRUCTURED_RELATION_OUTPUT
compound-case:745e80678df0812f6e4d6021	MODIFIER_BASE_SEPARATION	cleaned-output-atom:a005ca6166d9b19e71f86e6f	9209526aaa61b0709dbb838e14686a26c4a03b53e8eedf34c7e5f6f606110d8c	acbfc58c9b12b002281c0987b9f60a658f66044c2aa142a09d592e4777e3eadc		false	STRUCTURED_RELATION_OUTPUT
compound-case:3fa1fb55c07095b4d44582a4	MODIFIER_BASE_SEPARATION	cleaned-output-atom:a01e24eb0a5dd987a3fe337e	7499aced43869b27f505701e4edc737f0cc346add1240d4ba86fbfa251e0fc35	e6bb5689beec52c4672bd4df92c3613d128d30cdc2b704f76953fe43d89c4ae8		false	STRUCTURED_RELATION_OUTPUT
compound-case:e8ba294540e9e4ab27cbd292	MODIFIER_BASE_SEPARATION	cleaned-output-atom:a0738df77078f96f32f51a5b	7499aced43869b27f505701e4edc737f0cc346add1240d4ba86fbfa251e0fc35	e6bb5689beec52c4672bd4df92c3613d128d30cdc2b704f76953fe43d89c4ae8		false	STRUCTURED_RELATION_OUTPUT
compound-case:edf8d06c4e8fdf2406261bba	COMPOUND_DECOMPOSITION	cleaned-output-atom:a140534057517ab1b21d1a54	38e676ab85f9ce143cfbec1494ec858e06dfd3375a556b99541a0f0ab31466d9		sensory.caramel|sensory.cocoa	false	STRUCTURED_RELATION_OUTPUT
compound-case:867d68df85c4a5c14f1bfca9	MODIFIER_BASE_SEPARATION	cleaned-output-atom:a1c52f15d026971abe802dbc	7499aced43869b27f505701e4edc737f0cc346add1240d4ba86fbfa251e0fc35	e6bb5689beec52c4672bd4df92c3613d128d30cdc2b704f76953fe43d89c4ae8		false	STRUCTURED_RELATION_OUTPUT
compound-case:48c865a3dc8f9e404c5adc04	COMPOUND_DECOMPOSITION	cleaned-output-atom:a1c5770ddbe981390e740b89	238390a1634f0aa715ce5437ff8a08a682b71734c2afdf51f10e2b376670429c		sensory.almond|sensory.butter	false	STRUCTURED_RELATION_OUTPUT
compound-case:e5786d4783d6705c3b5164e6	MODIFIER_BASE_SEPARATION	cleaned-output-atom:a210ab0e32864406df2bf95e	a40010d6046616915d64e2b0c761a63858860ef38d35a3a19193d6e42ed14d1a	e6bb5689beec52c4672bd4df92c3613d128d30cdc2b704f76953fe43d89c4ae8	sensory.caramel	false	STRUCTURED_RELATION_OUTPUT
compound-case:8dd95ce0a60ee9727e3d980f	MODIFIER_BASE_SEPARATION	cleaned-output-atom:a24bc6fc05c1632108dc1c57	7499aced43869b27f505701e4edc737f0cc346add1240d4ba86fbfa251e0fc35	e6bb5689beec52c4672bd4df92c3613d128d30cdc2b704f76953fe43d89c4ae8		false	STRUCTURED_RELATION_OUTPUT
compound-case:a679911b71eb4f8a295921f6	MODIFIER_BASE_SEPARATION	cleaned-output-atom:a253d431838af5679825079c	7499aced43869b27f505701e4edc737f0cc346add1240d4ba86fbfa251e0fc35	e6bb5689beec52c4672bd4df92c3613d128d30cdc2b704f76953fe43d89c4ae8		false	STRUCTURED_RELATION_OUTPUT
compound-case:e5a73111a41a3e4bb13b07d5	MODIFIER_BASE_SEPARATION	cleaned-output-atom:a28e45c84cb465249123bb9f	9209526aaa61b0709dbb838e14686a26c4a03b53e8eedf34c7e5f6f606110d8c	acbfc58c9b12b002281c0987b9f60a658f66044c2aa142a09d592e4777e3eadc		false	STRUCTURED_RELATION_OUTPUT
compound-case:ac644c83f1c1f8a3d9cfa8d8	MODIFIER_BASE_SEPARATION	cleaned-output-atom:a29618ba01cf4d593f548696	7499aced43869b27f505701e4edc737f0cc346add1240d4ba86fbfa251e0fc35	e6bb5689beec52c4672bd4df92c3613d128d30cdc2b704f76953fe43d89c4ae8		false	STRUCTURED_RELATION_OUTPUT
compound-case:2e6bed62b426f186313dc314	MODIFIER_BASE_SEPARATION	cleaned-output-atom:a2d2d734e5c453c46f09be12	9209526aaa61b0709dbb838e14686a26c4a03b53e8eedf34c7e5f6f606110d8c	acbfc58c9b12b002281c0987b9f60a658f66044c2aa142a09d592e4777e3eadc		false	STRUCTURED_RELATION_OUTPUT
compound-case:7aaace33839b5249ac5f08eb	MODIFIER_BASE_SEPARATION	cleaned-output-atom:a2ec267efd9e25a0e9f81b46	9209526aaa61b0709dbb838e14686a26c4a03b53e8eedf34c7e5f6f606110d8c	acbfc58c9b12b002281c0987b9f60a658f66044c2aa142a09d592e4777e3eadc		false	STRUCTURED_RELATION_OUTPUT
compound-case:47e677bc81f7b41918daa4e3	MODIFIER_BASE_SEPARATION	cleaned-output-atom:a32ad16c1245e57bcbb4d0c7	7499aced43869b27f505701e4edc737f0cc346add1240d4ba86fbfa251e0fc35	e6bb5689beec52c4672bd4df92c3613d128d30cdc2b704f76953fe43d89c4ae8		false	STRUCTURED_RELATION_OUTPUT
compound-case:2bbee43f71e58b1ee7700541	MODIFIER_BASE_SEPARATION	cleaned-output-atom:a32ba44b2887cec48379211d	7499aced43869b27f505701e4edc737f0cc346add1240d4ba86fbfa251e0fc35	e6bb5689beec52c4672bd4df92c3613d128d30cdc2b704f76953fe43d89c4ae8		false	STRUCTURED_RELATION_OUTPUT
compound-case:32cc8429a077c8240f62f41f	MODIFIER_BASE_SEPARATION	cleaned-output-atom:a356bbd569ce32f5035344e7	73d1b1b1bc1dabfb97f216d897b7968e44b06457920f00f2dc6c1ed3be25ad4c	b9043c16af362f30807deaf692025d61c3c803bba1efc43fe2f63dc8b507418d	sensory.sweet	false	STRUCTURED_RELATION_OUTPUT
compound-case:9ce00c41bafac2d0c1e2373e	MODIFIER_BASE_SEPARATION	cleaned-output-atom:a3b960f739b3156a59d43677	9209526aaa61b0709dbb838e14686a26c4a03b53e8eedf34c7e5f6f606110d8c	acbfc58c9b12b002281c0987b9f60a658f66044c2aa142a09d592e4777e3eadc		false	STRUCTURED_RELATION_OUTPUT
compound-case:0ea996513094401d8d5dde34	MODIFIER_BASE_SEPARATION	cleaned-output-atom:a3eb3159c1bb1909336523e2	7499aced43869b27f505701e4edc737f0cc346add1240d4ba86fbfa251e0fc35	e6bb5689beec52c4672bd4df92c3613d128d30cdc2b704f76953fe43d89c4ae8		false	STRUCTURED_RELATION_OUTPUT
compound-case:79dc572f01322da01aa1161b	MODIFIER_BASE_SEPARATION	cleaned-output-atom:a3f7873a080578e4d2f257d7	9465ea9efe7744b627cfc94f1f1cce14649cb34d65982a774db407641282b939	acbfc58c9b12b002281c0987b9f60a658f66044c2aa142a09d592e4777e3eadc		false	STRUCTURED_RELATION_OUTPUT
compound-case:54dfb49ee146ad189f8817bb	MODIFIER_BASE_SEPARATION	cleaned-output-atom:a496b079ea411ec3d8ad755c	9209526aaa61b0709dbb838e14686a26c4a03b53e8eedf34c7e5f6f606110d8c	acbfc58c9b12b002281c0987b9f60a658f66044c2aa142a09d592e4777e3eadc		false	STRUCTURED_RELATION_OUTPUT
compound-case:52c18942ac37b0fb84fb9362	MODIFIER_BASE_SEPARATION	cleaned-output-atom:a4cfb31afac150c40d8f395f	7499aced43869b27f505701e4edc737f0cc346add1240d4ba86fbfa251e0fc35	e6bb5689beec52c4672bd4df92c3613d128d30cdc2b704f76953fe43d89c4ae8		false	STRUCTURED_RELATION_OUTPUT
compound-case:119fa32a15f3b01d6956a7a3	MODIFIER_BASE_SEPARATION	cleaned-output-atom:a4df60d215d3869e576e82a1	569ff754c53406ce1562eb6c1a0d3e84596a17edff586fcf58452ba8fbf456e4	6ef7c9b15ecdd69083724b84cfdc2100351963488b51b4ea2fcbddf493fbec94		false	STRUCTURED_RELATION_OUTPUT
compound-case:ad3ecc9bb21c295e397339ab	MODIFIER_BASE_SEPARATION	cleaned-output-atom:a5159781ed39e465c205a579	7499aced43869b27f505701e4edc737f0cc346add1240d4ba86fbfa251e0fc35	e6bb5689beec52c4672bd4df92c3613d128d30cdc2b704f76953fe43d89c4ae8		false	STRUCTURED_RELATION_OUTPUT
compound-case:5c60ebb06576ef6f96027e41	MODIFIER_BASE_SEPARATION	cleaned-output-atom:a5577d694c1f37c08939b523	9209526aaa61b0709dbb838e14686a26c4a03b53e8eedf34c7e5f6f606110d8c	acbfc58c9b12b002281c0987b9f60a658f66044c2aa142a09d592e4777e3eadc		false	STRUCTURED_RELATION_OUTPUT
compound-case:2afe943fa5cf6c45d9b7aec3	MODIFIER_BASE_SEPARATION	cleaned-output-atom:a5a203d0518ed392936d7791	70a1086566af38091869280915d150cb1db855acf95cff47523128772677602b	fc66f021c67d064c1490a12b5a4d4d2f5167ca692a16ca12f1f3a4cda29a6fa9		false	STRUCTURED_RELATION_OUTPUT
compound-case:5982505efb6482f77db245ca	MODIFIER_BASE_SEPARATION	cleaned-output-atom:a5bdf8ca41f16c333b71f01e	c1deb3268b977bb925905657adbb0102e853340b00f69a17c1eb72386cac4a42	b9043c16af362f30807deaf692025d61c3c803bba1efc43fe2f63dc8b507418d	sensory.sweet	false	STRUCTURED_RELATION_OUTPUT
compound-case:adb7e7c4a55a6a4d2b67a0ab	COMPOUND_DECOMPOSITION	cleaned-output-atom:a618a1734891b6a00e19b6bc	f8c8993588f9c5c59d048cdfa677a2cafde56d7df60825b9406e1a60f40d73bc		sensory.bergamot|sensory.grapefruit|sensory.lime|sensory.orange	false	STRUCTURED_RELATION_OUTPUT
compound-case:8c2e48bcd3bb36dfa1dac7c2	MODIFIER_BASE_SEPARATION	cleaned-output-atom:a6851f9f2837cc9c7de51e9e	7499aced43869b27f505701e4edc737f0cc346add1240d4ba86fbfa251e0fc35	e6bb5689beec52c4672bd4df92c3613d128d30cdc2b704f76953fe43d89c4ae8		false	STRUCTURED_RELATION_OUTPUT
compound-case:43262f7c158bc890955e48a6	MODIFIER_BASE_SEPARATION	cleaned-output-atom:a69249b51fea519d6185830e	7499aced43869b27f505701e4edc737f0cc346add1240d4ba86fbfa251e0fc35	e6bb5689beec52c4672bd4df92c3613d128d30cdc2b704f76953fe43d89c4ae8		false	STRUCTURED_RELATION_OUTPUT
compound-case:914f703737ea16e69bdcb4e4	MODIFIER_BASE_SEPARATION	cleaned-output-atom:a69529a6e950eaf735160ea8	71f2b69c0fd06e04de3d30f3409c16b502575fb734a744c197f6ca588ade3fcb	3b066804f6d1d077173cfe4d06002e6a61e6f21c2b2e648417962115f1afcd8e	sensory.fermented_character	false	STRUCTURED_RELATION_OUTPUT
compound-case:a27c5e53e6377cc2d0a2d14d	MODIFIER_BASE_SEPARATION	cleaned-output-atom:a6c15a7d2ad1bda966c9b0c7	7499aced43869b27f505701e4edc737f0cc346add1240d4ba86fbfa251e0fc35	e6bb5689beec52c4672bd4df92c3613d128d30cdc2b704f76953fe43d89c4ae8		false	STRUCTURED_RELATION_OUTPUT
compound-case:68f589ac6f7d0cfe12cd26f0	MODIFIER_BASE_SEPARATION	cleaned-output-atom:a6e32fe2f051797f9b1dd3ee	7499aced43869b27f505701e4edc737f0cc346add1240d4ba86fbfa251e0fc35	e6bb5689beec52c4672bd4df92c3613d128d30cdc2b704f76953fe43d89c4ae8		false	STRUCTURED_RELATION_OUTPUT
compound-case:1dd66ed95afe289cb453a1bc	MODIFIER_BASE_SEPARATION	cleaned-output-atom:a6e357082415f11fe81358ec	62d34e5355be04fb21cb8595799bf520bc317a46b86b0ce84e11d17d2f2450ae	b9043c16af362f30807deaf692025d61c3c803bba1efc43fe2f63dc8b507418d	sensory.sweet	false	STRUCTURED_RELATION_OUTPUT
compound-case:6f01c8238ff951de843463cf	MODIFIER_BASE_SEPARATION	cleaned-output-atom:a744c55bcef16345e13b2a7c	42af43e3616eba4a133a755540a88e6c61085dfe66c6e49e6ab8eaf9daf0c0da	fc66f021c67d064c1490a12b5a4d4d2f5167ca692a16ca12f1f3a4cda29a6fa9		false	STRUCTURED_RELATION_OUTPUT
compound-case:52516027a91310405e1f58ba	MODIFIER_BASE_SEPARATION	cleaned-output-atom:a74845cdbd16214432262e87	c1deb3268b977bb925905657adbb0102e853340b00f69a17c1eb72386cac4a42	b9043c16af362f30807deaf692025d61c3c803bba1efc43fe2f63dc8b507418d	sensory.sweet	false	STRUCTURED_RELATION_OUTPUT
compound-case:b61247c25585e22bbc20d7a2	MODIFIER_BASE_SEPARATION	cleaned-output-atom:a74bd57471140880bfd607ac	c1deb3268b977bb925905657adbb0102e853340b00f69a17c1eb72386cac4a42	b9043c16af362f30807deaf692025d61c3c803bba1efc43fe2f63dc8b507418d	sensory.sweet	false	STRUCTURED_RELATION_OUTPUT
compound-case:4bc5367bb67980d64e85e685	MODIFIER_BASE_SEPARATION	cleaned-output-atom:a76a3bb8cd0dc844562db7e5	7499aced43869b27f505701e4edc737f0cc346add1240d4ba86fbfa251e0fc35	e6bb5689beec52c4672bd4df92c3613d128d30cdc2b704f76953fe43d89c4ae8		false	STRUCTURED_RELATION_OUTPUT
compound-case:2c05d006278cfb0e4a10df28	MODIFIER_BASE_SEPARATION	cleaned-output-atom:a780c029fe4af357152df7f1	7499aced43869b27f505701e4edc737f0cc346add1240d4ba86fbfa251e0fc35	e6bb5689beec52c4672bd4df92c3613d128d30cdc2b704f76953fe43d89c4ae8		false	STRUCTURED_RELATION_OUTPUT
compound-case:2f495d104bd6dc794c8ce766	MODIFIER_BASE_SEPARATION	cleaned-output-atom:a7d0b0edd4666bbc59d1ae6a	9209526aaa61b0709dbb838e14686a26c4a03b53e8eedf34c7e5f6f606110d8c	acbfc58c9b12b002281c0987b9f60a658f66044c2aa142a09d592e4777e3eadc		false	STRUCTURED_RELATION_OUTPUT
compound-case:2dfd1ba795532c8d2226f95e	MODIFIER_BASE_SEPARATION	cleaned-output-atom:a7d71f42f4261d7a68e1ee39	c1deb3268b977bb925905657adbb0102e853340b00f69a17c1eb72386cac4a42	b9043c16af362f30807deaf692025d61c3c803bba1efc43fe2f63dc8b507418d	sensory.sweet	false	STRUCTURED_RELATION_OUTPUT
compound-case:053bbe3aa4dfeb46d9ba2875	MODIFIER_BASE_SEPARATION	cleaned-output-atom:a813cd1e27fbfe84514e1d54	7499aced43869b27f505701e4edc737f0cc346add1240d4ba86fbfa251e0fc35	e6bb5689beec52c4672bd4df92c3613d128d30cdc2b704f76953fe43d89c4ae8		false	STRUCTURED_RELATION_OUTPUT
compound-case:1fac14669668d2c57b5300ce	MODIFIER_BASE_SEPARATION	cleaned-output-atom:a84f007d8556a371c7aadb9a	c1deb3268b977bb925905657adbb0102e853340b00f69a17c1eb72386cac4a42	b9043c16af362f30807deaf692025d61c3c803bba1efc43fe2f63dc8b507418d	sensory.sweet	false	STRUCTURED_RELATION_OUTPUT
compound-case:f4cc620071bf85b52188d812	MODIFIER_BASE_SEPARATION	cleaned-output-atom:a929ef6ab182211d5716f6d0	6976a029d065bf7dd5a64c4a61ff9258550e18abe1838fb9c6ecda43c908147a	b9043c16af362f30807deaf692025d61c3c803bba1efc43fe2f63dc8b507418d	sensory.sweet	false	STRUCTURED_RELATION_OUTPUT
compound-case:dd915a58b1d2563a6eee826c	MODIFIER_BASE_SEPARATION	cleaned-output-atom:a94b61330b74947861fd2ef0	9209526aaa61b0709dbb838e14686a26c4a03b53e8eedf34c7e5f6f606110d8c	acbfc58c9b12b002281c0987b9f60a658f66044c2aa142a09d592e4777e3eadc		false	STRUCTURED_RELATION_OUTPUT
compound-case:ff24c861b89590d2b6952295	MODIFIER_BASE_SEPARATION	cleaned-output-atom:a95a8b954954792883b10a7f	7499aced43869b27f505701e4edc737f0cc346add1240d4ba86fbfa251e0fc35	e6bb5689beec52c4672bd4df92c3613d128d30cdc2b704f76953fe43d89c4ae8		false	STRUCTURED_RELATION_OUTPUT
compound-case:e8c93c8a38eedfab15f52779	MODIFIER_BASE_SEPARATION	cleaned-output-atom:a9b45c0d94f6cd1ad56ccf4e	4c6a4839f83d20d276e7ba94bde38eed7e8495fcefcea6222fb5d2ff5b60fc4b	3b066804f6d1d077173cfe4d06002e6a61e6f21c2b2e648417962115f1afcd8e		false	STRUCTURED_RELATION_OUTPUT
compound-case:1a8189722a36f265ffc68549	MODIFIER_BASE_SEPARATION	cleaned-output-atom:a9fd090ec8f3775265a67aa9	93acc2cfc064a4cd980a49c7aa326ae7f7e441c884d59c2fc593fae084d761af	e6bb5689beec52c4672bd4df92c3613d128d30cdc2b704f76953fe43d89c4ae8		false	STRUCTURED_RELATION_OUTPUT
compound-case:1f1a23403c58a79bff5c2d56	MODIFIER_BASE_SEPARATION	cleaned-output-atom:a9ff2ca564e2ff3f3400e80a	7499aced43869b27f505701e4edc737f0cc346add1240d4ba86fbfa251e0fc35	e6bb5689beec52c4672bd4df92c3613d128d30cdc2b704f76953fe43d89c4ae8		false	STRUCTURED_RELATION_OUTPUT
compound-case:faef400bfbd18b50100af6c0	MODIFIER_BASE_SEPARATION	cleaned-output-atom:aa5a331eae35a7af5a7f8f91	7499aced43869b27f505701e4edc737f0cc346add1240d4ba86fbfa251e0fc35	e6bb5689beec52c4672bd4df92c3613d128d30cdc2b704f76953fe43d89c4ae8		false	STRUCTURED_RELATION_OUTPUT
compound-case:02b5b613ebf799327b56243d	MODIFIER_BASE_SEPARATION	cleaned-output-atom:aa913d63d30fa72152755ef6	7499aced43869b27f505701e4edc737f0cc346add1240d4ba86fbfa251e0fc35	e6bb5689beec52c4672bd4df92c3613d128d30cdc2b704f76953fe43d89c4ae8		false	STRUCTURED_RELATION_OUTPUT
compound-case:4f61c5fc10351ba157ad7fcc	MODIFIER_BASE_SEPARATION	cleaned-output-atom:aae2aa90c32c07811ad3fe0f	7499aced43869b27f505701e4edc737f0cc346add1240d4ba86fbfa251e0fc35	e6bb5689beec52c4672bd4df92c3613d128d30cdc2b704f76953fe43d89c4ae8		false	STRUCTURED_RELATION_OUTPUT
compound-case:19a7253c1b7cd774bd8dcea2	MODIFIER_BASE_SEPARATION	cleaned-output-atom:aae453456fbd9acd597498e8	7499aced43869b27f505701e4edc737f0cc346add1240d4ba86fbfa251e0fc35	e6bb5689beec52c4672bd4df92c3613d128d30cdc2b704f76953fe43d89c4ae8		false	STRUCTURED_RELATION_OUTPUT
compound-case:8c8d065049c81130596599ce	COMPOUND_DECOMPOSITION	cleaned-output-atom:aaf4481978b8774909e17563	046b908561243d2930d2c547fc5aec55e36ab2477e60aae977debb5c1ed3ac82		sensory.blueberry|sensory.orange	false	STRUCTURED_RELATION_OUTPUT
compound-case:a169ff3d1a05a6e7044ebbca	MODIFIER_BASE_SEPARATION	cleaned-output-atom:ab591a9da180dcb0e4fb9713	9209526aaa61b0709dbb838e14686a26c4a03b53e8eedf34c7e5f6f606110d8c	acbfc58c9b12b002281c0987b9f60a658f66044c2aa142a09d592e4777e3eadc		false	STRUCTURED_RELATION_OUTPUT
compound-case:95d52022a69b6c1a7b9a2cdf	MODIFIER_BASE_SEPARATION	cleaned-output-atom:ab5c6020f972a66284ac00f2	c1deb3268b977bb925905657adbb0102e853340b00f69a17c1eb72386cac4a42	b9043c16af362f30807deaf692025d61c3c803bba1efc43fe2f63dc8b507418d	sensory.sweet	false	STRUCTURED_RELATION_OUTPUT
compound-case:77dfe81aaaaf1178ac38c5a4	MODIFIER_BASE_SEPARATION	cleaned-output-atom:abcd7c05c1f8e020c6499f1d	9209526aaa61b0709dbb838e14686a26c4a03b53e8eedf34c7e5f6f606110d8c	acbfc58c9b12b002281c0987b9f60a658f66044c2aa142a09d592e4777e3eadc		false	STRUCTURED_RELATION_OUTPUT
compound-case:93e621db53d98496b10fbb33	MODIFIER_BASE_SEPARATION	cleaned-output-atom:ac834d0807eda718f6beaee6	7499aced43869b27f505701e4edc737f0cc346add1240d4ba86fbfa251e0fc35	e6bb5689beec52c4672bd4df92c3613d128d30cdc2b704f76953fe43d89c4ae8		false	STRUCTURED_RELATION_OUTPUT
compound-case:c3a749ff6aae3eef0635a03b	MODIFIER_BASE_SEPARATION	cleaned-output-atom:ac95b1bc1c676f35afbc7f5f	7499aced43869b27f505701e4edc737f0cc346add1240d4ba86fbfa251e0fc35	e6bb5689beec52c4672bd4df92c3613d128d30cdc2b704f76953fe43d89c4ae8		false	STRUCTURED_RELATION_OUTPUT
compound-case:76133ba1daa0281acceb4af1	MODIFIER_BASE_SEPARATION	cleaned-output-atom:ac98ac2c037f45ad8c27bc4c	7499aced43869b27f505701e4edc737f0cc346add1240d4ba86fbfa251e0fc35	e6bb5689beec52c4672bd4df92c3613d128d30cdc2b704f76953fe43d89c4ae8		false	STRUCTURED_RELATION_OUTPUT
compound-case:8790816997ac9bbf2b99c44d	MODIFIER_BASE_SEPARATION	cleaned-output-atom:acd5063cd7a03517d4e7162e	7499aced43869b27f505701e4edc737f0cc346add1240d4ba86fbfa251e0fc35	e6bb5689beec52c4672bd4df92c3613d128d30cdc2b704f76953fe43d89c4ae8		false	STRUCTURED_RELATION_OUTPUT
compound-case:f2b666398c0c65c9f6cb1347	MODIFIER_BASE_SEPARATION	cleaned-output-atom:acde1600ff3bd62d40a4e727	7499aced43869b27f505701e4edc737f0cc346add1240d4ba86fbfa251e0fc35	e6bb5689beec52c4672bd4df92c3613d128d30cdc2b704f76953fe43d89c4ae8		false	STRUCTURED_RELATION_OUTPUT
compound-case:b3a20b54d77d5aff412605bd	MODIFIER_BASE_SEPARATION	cleaned-output-atom:ad203b4680ed05a906bd1811	7499aced43869b27f505701e4edc737f0cc346add1240d4ba86fbfa251e0fc35	e6bb5689beec52c4672bd4df92c3613d128d30cdc2b704f76953fe43d89c4ae8		false	STRUCTURED_RELATION_OUTPUT
compound-case:a71e1f796c4b6f08c97bbadd	MODIFIER_BASE_SEPARATION	cleaned-output-atom:ad4cbdbc29435ad46e60d723	7499aced43869b27f505701e4edc737f0cc346add1240d4ba86fbfa251e0fc35	e6bb5689beec52c4672bd4df92c3613d128d30cdc2b704f76953fe43d89c4ae8		false	STRUCTURED_RELATION_OUTPUT
compound-case:ee639a96a22fd42716e6847e	MODIFIER_BASE_SEPARATION	cleaned-output-atom:ad58b1bc14d657f1673ff0c0	9ccfc7dff9e50d0793324fb7cb0aba190163a69ba90cbce84817aa53b20c43a0	b9043c16af362f30807deaf692025d61c3c803bba1efc43fe2f63dc8b507418d|3b066804f6d1d077173cfe4d06002e6a61e6f21c2b2e648417962115f1afcd8e	sensory.sweet	false	STRUCTURED_RELATION_OUTPUT
compound-case:70c3489dac3e1bd4ea22b3bb	MODIFIER_BASE_SEPARATION	cleaned-output-atom:ad6653fd4b37a763fae14936	7499aced43869b27f505701e4edc737f0cc346add1240d4ba86fbfa251e0fc35	e6bb5689beec52c4672bd4df92c3613d128d30cdc2b704f76953fe43d89c4ae8		false	STRUCTURED_RELATION_OUTPUT
compound-case:2cc13d748938c6de20920cc7	MODIFIER_BASE_SEPARATION	cleaned-output-atom:adc208800e292fec95e18356	d3dc88ae24a3be59843285c31e59c42286e0724f6698aad5e14217416ab05c25	acbfc58c9b12b002281c0987b9f60a658f66044c2aa142a09d592e4777e3eadc		false	STRUCTURED_RELATION_OUTPUT
compound-case:6b86453c65f713b132149a4e	MODIFIER_BASE_SEPARATION	cleaned-output-atom:aea845415200edeebad39b3b	9209526aaa61b0709dbb838e14686a26c4a03b53e8eedf34c7e5f6f606110d8c	acbfc58c9b12b002281c0987b9f60a658f66044c2aa142a09d592e4777e3eadc		false	STRUCTURED_RELATION_OUTPUT
compound-case:ecfe3e015731d28068d24b70	MODIFIER_BASE_SEPARATION	cleaned-output-atom:aefa1a36165c7c9665c6cd57	4c6a4839f83d20d276e7ba94bde38eed7e8495fcefcea6222fb5d2ff5b60fc4b	b9043c16af362f30807deaf692025d61c3c803bba1efc43fe2f63dc8b507418d	sensory.sweet	false	STRUCTURED_RELATION_OUTPUT
compound-case:3b3c5ba87fbe58333bfd59df	MODIFIER_BASE_SEPARATION	cleaned-output-atom:af5c6728de6ce52ae7a6bedc	052c8bd9dad4373c46090998bcf8e5b3a0380a720a14dc7aa4f2245c29786b24	6ef7c9b15ecdd69083724b84cfdc2100351963488b51b4ea2fcbddf493fbec94		false	STRUCTURED_RELATION_OUTPUT
compound-case:bc346ebe17c5e5934ac6f192	MODIFIER_BASE_SEPARATION	cleaned-output-atom:afd5fa97c5acc34b455e467c	7499aced43869b27f505701e4edc737f0cc346add1240d4ba86fbfa251e0fc35	e6bb5689beec52c4672bd4df92c3613d128d30cdc2b704f76953fe43d89c4ae8		false	STRUCTURED_RELATION_OUTPUT
compound-case:e71620797d6512efd134f25e	MODIFIER_BASE_SEPARATION	cleaned-output-atom:affc3c6218518b93df30f9a1	4d74f977295fdb83bb248986953c9d5b9f99e8161705b7701397a7cfdd076bfc	b9043c16af362f30807deaf692025d61c3c803bba1efc43fe2f63dc8b507418d	sensory.sweet	false	STRUCTURED_RELATION_OUTPUT
compound-case:457e9d11d2fdc2c708d6bcda	MODIFIER_BASE_SEPARATION	cleaned-output-atom:b0bad9348bdede239685b937	7ad2b0d3c8835eabc3010579401e2b56d3086d25ed8ea77e8b1313e67be2c8f5	e6bb5689beec52c4672bd4df92c3613d128d30cdc2b704f76953fe43d89c4ae8	sensory.cherry	false	STRUCTURED_RELATION_OUTPUT
compound-case:0cf13e1244a48dcde053a67a	MODIFIER_BASE_SEPARATION	cleaned-output-atom:b1029fc83d443136719856d1	c1deb3268b977bb925905657adbb0102e853340b00f69a17c1eb72386cac4a42	b9043c16af362f30807deaf692025d61c3c803bba1efc43fe2f63dc8b507418d	sensory.sweet	false	STRUCTURED_RELATION_OUTPUT
compound-case:d4e61ab49640e470a6bc7812	MODIFIER_BASE_SEPARATION	cleaned-output-atom:b11f12af8dd4c4d7682d7d1b	4c6a4839f83d20d276e7ba94bde38eed7e8495fcefcea6222fb5d2ff5b60fc4b	3b066804f6d1d077173cfe4d06002e6a61e6f21c2b2e648417962115f1afcd8e		false	STRUCTURED_RELATION_OUTPUT
compound-case:58bc9f962c3a8708ba868e5d	MODIFIER_BASE_SEPARATION	cleaned-output-atom:b14055a91f650d564849655d	c1deb3268b977bb925905657adbb0102e853340b00f69a17c1eb72386cac4a42	b9043c16af362f30807deaf692025d61c3c803bba1efc43fe2f63dc8b507418d	sensory.sweet	false	STRUCTURED_RELATION_OUTPUT
compound-case:c3d43574ab619ebbb24a0737	COMPOUND_DECOMPOSITION	cleaned-output-atom:b149317bc8b10b956ac1c057	d4026f9eba6ad85082bc4e4b59aa2edc01cfe473240893fd8e74c5feeb84adfa		sensory.burnt|sensory.rubber	false	STRUCTURED_RELATION_OUTPUT
compound-case:137d743b811cd12ff544c71d	MODIFIER_BASE_SEPARATION	cleaned-output-atom:b1d100c00334f501544a6b52	c1deb3268b977bb925905657adbb0102e853340b00f69a17c1eb72386cac4a42	b9043c16af362f30807deaf692025d61c3c803bba1efc43fe2f63dc8b507418d	sensory.sweet	false	STRUCTURED_RELATION_OUTPUT
compound-case:d08c1a728dc5a596001f56fc	MODIFIER_BASE_SEPARATION	cleaned-output-atom:b1f6e50abdf3661de92f33e5	7499aced43869b27f505701e4edc737f0cc346add1240d4ba86fbfa251e0fc35	e6bb5689beec52c4672bd4df92c3613d128d30cdc2b704f76953fe43d89c4ae8		false	STRUCTURED_RELATION_OUTPUT
compound-case:d150a668359de2b7979faba1	COMPOUND_DECOMPOSITION	cleaned-output-atom:b233736d002ca587d7963f7b	9e1659d5a47ec1e34bce604d11a5dc0a4064ed1f4fc23f608333bb726f3b9207		sensory.cherry|sensory.sour	false	STRUCTURED_RELATION_OUTPUT
compound-case:80cc06a6ca9439f5d54c967e	MODIFIER_BASE_SEPARATION	cleaned-output-atom:b2716e0c3f6944d128c14e43	9209526aaa61b0709dbb838e14686a26c4a03b53e8eedf34c7e5f6f606110d8c	acbfc58c9b12b002281c0987b9f60a658f66044c2aa142a09d592e4777e3eadc		false	STRUCTURED_RELATION_OUTPUT
compound-case:d03a0a6dba3483b6e2e27a08	MODIFIER_BASE_SEPARATION	cleaned-output-atom:b27bac5315e7897c11d91259	9209526aaa61b0709dbb838e14686a26c4a03b53e8eedf34c7e5f6f606110d8c	acbfc58c9b12b002281c0987b9f60a658f66044c2aa142a09d592e4777e3eadc		false	STRUCTURED_RELATION_OUTPUT
compound-case:ae6b6c957da312f2025fa410	MODIFIER_BASE_SEPARATION	cleaned-output-atom:b2ccdbe41ef2ba55539ba8fa	7499aced43869b27f505701e4edc737f0cc346add1240d4ba86fbfa251e0fc35	e6bb5689beec52c4672bd4df92c3613d128d30cdc2b704f76953fe43d89c4ae8		false	STRUCTURED_RELATION_OUTPUT
compound-case:bccda997058958eee367dc91	MODIFIER_BASE_SEPARATION	cleaned-output-atom:b346029b022a647de65f9619	9209526aaa61b0709dbb838e14686a26c4a03b53e8eedf34c7e5f6f606110d8c	acbfc58c9b12b002281c0987b9f60a658f66044c2aa142a09d592e4777e3eadc		false	STRUCTURED_RELATION_OUTPUT
compound-case:b8cf692fedc3a5430dff761f	COMPOUND_DECOMPOSITION	cleaned-output-atom:b399bc66823f7e5015b48fc9	73f3dff91dd18a9e301b272f5743d30825342cff34a3b7595413539eaf92972b		sensory.cedar|sensory.honey	false	STRUCTURED_RELATION_OUTPUT
compound-case:6e171f7aa4867e65c402c87d	MODIFIER_BASE_SEPARATION	cleaned-output-atom:b3fa0323a8ab07df776955ee	7499aced43869b27f505701e4edc737f0cc346add1240d4ba86fbfa251e0fc35	e6bb5689beec52c4672bd4df92c3613d128d30cdc2b704f76953fe43d89c4ae8		false	STRUCTURED_RELATION_OUTPUT
compound-case:70506e7e800be8e8f1ebe52d	MODIFIER_BASE_SEPARATION	cleaned-output-atom:b44e1c9ed563d8813d8421a6	7499aced43869b27f505701e4edc737f0cc346add1240d4ba86fbfa251e0fc35	e6bb5689beec52c4672bd4df92c3613d128d30cdc2b704f76953fe43d89c4ae8		false	STRUCTURED_RELATION_OUTPUT
compound-case:17d5dfc9acd2e87eb8a88196	MODIFIER_BASE_SEPARATION	cleaned-output-atom:b44f473ae158061791a86323	58f25286b5e0883783f559fc869f3fe564c3dd79647e19db589e617a1421f27f	3b066804f6d1d077173cfe4d06002e6a61e6f21c2b2e648417962115f1afcd8e		false	STRUCTURED_RELATION_OUTPUT
compound-case:62dd55141fe892b1383db4b3	MODIFIER_BASE_SEPARATION	cleaned-output-atom:b4a9841812898708e96fc90b	0ac191eca66333f14db7c13bb24be5d57dd4e3b778cbf5bdd9d046b07dca2e71	b9043c16af362f30807deaf692025d61c3c803bba1efc43fe2f63dc8b507418d	sensory.sweet	false	STRUCTURED_RELATION_OUTPUT
compound-case:36cc3c6e398c2ea47c1e202c	COMPOUND_DECOMPOSITION	cleaned-output-atom:b4dedd26213d6d0de7c9ab65	afb888036cdaa7f9de18f394a0835ad6688d8e9fd9ba5b0d17979b051f591a1a		sensory.lemon|sensory.lime	false	STRUCTURED_RELATION_OUTPUT
compound-case:7203c40ba9a4c63edf131be2	MODIFIER_BASE_SEPARATION	cleaned-output-atom:b562833d11536c6011af4a85	9209526aaa61b0709dbb838e14686a26c4a03b53e8eedf34c7e5f6f606110d8c	acbfc58c9b12b002281c0987b9f60a658f66044c2aa142a09d592e4777e3eadc		false	STRUCTURED_RELATION_OUTPUT
compound-case:78b568440d2b9b24fa0e72d0	MODIFIER_BASE_SEPARATION	cleaned-output-atom:b59462caeb8e0348e60359aa	4c6a4839f83d20d276e7ba94bde38eed7e8495fcefcea6222fb5d2ff5b60fc4b	b9043c16af362f30807deaf692025d61c3c803bba1efc43fe2f63dc8b507418d	sensory.sweet	false	STRUCTURED_RELATION_OUTPUT
compound-case:12d731e18488b3b6ae9e19b2	MODIFIER_BASE_SEPARATION	cleaned-output-atom:b69c6503ef82012ba8296acc	c1deb3268b977bb925905657adbb0102e853340b00f69a17c1eb72386cac4a42	b9043c16af362f30807deaf692025d61c3c803bba1efc43fe2f63dc8b507418d	sensory.sweet	false	STRUCTURED_RELATION_OUTPUT
compound-case:0cfb9fa780a3d4891eb0fa57	MODIFIER_BASE_SEPARATION	cleaned-output-atom:b6a41fa416173765ff90e88f	7499aced43869b27f505701e4edc737f0cc346add1240d4ba86fbfa251e0fc35	e6bb5689beec52c4672bd4df92c3613d128d30cdc2b704f76953fe43d89c4ae8		false	STRUCTURED_RELATION_OUTPUT
compound-case:818fc28caee58f4aca13c27d	MODIFIER_BASE_SEPARATION	cleaned-output-atom:b6c60f9f9115136c16a4d0fd	4c6a4839f83d20d276e7ba94bde38eed7e8495fcefcea6222fb5d2ff5b60fc4b	b9043c16af362f30807deaf692025d61c3c803bba1efc43fe2f63dc8b507418d	sensory.sweet	false	STRUCTURED_RELATION_OUTPUT
compound-case:61040db60ab0feb684937443	MODIFIER_BASE_SEPARATION	cleaned-output-atom:b70616d910a15cc871e89518	7499aced43869b27f505701e4edc737f0cc346add1240d4ba86fbfa251e0fc35	e6bb5689beec52c4672bd4df92c3613d128d30cdc2b704f76953fe43d89c4ae8		false	STRUCTURED_RELATION_OUTPUT
compound-case:a63eb69a69fe51f3005730d3	MODIFIER_BASE_SEPARATION	cleaned-output-atom:b77a1e8a3c29f3de33303484	9209526aaa61b0709dbb838e14686a26c4a03b53e8eedf34c7e5f6f606110d8c	acbfc58c9b12b002281c0987b9f60a658f66044c2aa142a09d592e4777e3eadc		false	STRUCTURED_RELATION_OUTPUT
compound-case:49e516b22fe29ea5f3f05b12	MODIFIER_BASE_SEPARATION	cleaned-output-atom:b7ca64bad0908ee490d3fad0	7499aced43869b27f505701e4edc737f0cc346add1240d4ba86fbfa251e0fc35	e6bb5689beec52c4672bd4df92c3613d128d30cdc2b704f76953fe43d89c4ae8		false	STRUCTURED_RELATION_OUTPUT
compound-case:48f404628adb54d8cb32f4e9	MODIFIER_BASE_SEPARATION	cleaned-output-atom:b8614b17c170e3880fa617e8	4c6a4839f83d20d276e7ba94bde38eed7e8495fcefcea6222fb5d2ff5b60fc4b	b9043c16af362f30807deaf692025d61c3c803bba1efc43fe2f63dc8b507418d	sensory.sweet	false	STRUCTURED_RELATION_OUTPUT
compound-case:18f664813e9cc3e668e392b0	MODIFIER_BASE_SEPARATION	cleaned-output-atom:b8680ce61cfc674662de7d86	7499aced43869b27f505701e4edc737f0cc346add1240d4ba86fbfa251e0fc35	e6bb5689beec52c4672bd4df92c3613d128d30cdc2b704f76953fe43d89c4ae8		false	STRUCTURED_RELATION_OUTPUT
compound-case:b3bb2003cfefef355eef80da	MODIFIER_BASE_SEPARATION	cleaned-output-atom:b8819ba7c266a626ca50ef9a	c1deb3268b977bb925905657adbb0102e853340b00f69a17c1eb72386cac4a42	b9043c16af362f30807deaf692025d61c3c803bba1efc43fe2f63dc8b507418d	sensory.sweet	false	STRUCTURED_RELATION_OUTPUT
compound-case:73674ad275b800f4e651a3c0	MODIFIER_BASE_SEPARATION	cleaned-output-atom:b8c2ea73c4293e4e9e872f9b	c1deb3268b977bb925905657adbb0102e853340b00f69a17c1eb72386cac4a42	b9043c16af362f30807deaf692025d61c3c803bba1efc43fe2f63dc8b507418d	sensory.sweet	false	STRUCTURED_RELATION_OUTPUT
compound-case:866bd19ab76422e92d3d2644	MODIFIER_BASE_SEPARATION	cleaned-output-atom:b98081a2f153787e8fdba6bb	9209526aaa61b0709dbb838e14686a26c4a03b53e8eedf34c7e5f6f606110d8c	acbfc58c9b12b002281c0987b9f60a658f66044c2aa142a09d592e4777e3eadc		false	STRUCTURED_RELATION_OUTPUT
compound-case:ebf6f8e0c2b0fdcc2517935c	MODIFIER_BASE_SEPARATION	cleaned-output-atom:b990328bf400d62b03d3351d	7499aced43869b27f505701e4edc737f0cc346add1240d4ba86fbfa251e0fc35	e6bb5689beec52c4672bd4df92c3613d128d30cdc2b704f76953fe43d89c4ae8		false	STRUCTURED_RELATION_OUTPUT
compound-case:e538a5c60dfa6f422ef2aaba	COMPOUND_DECOMPOSITION	cleaned-output-atom:b9994631676b32477a40e5ad	238390a1634f0aa715ce5437ff8a08a682b71734c2afdf51f10e2b376670429c		sensory.almond|sensory.butter	false	STRUCTURED_RELATION_OUTPUT
compound-case:35b98870593cde75b44edb75	MODIFIER_BASE_SEPARATION	cleaned-output-atom:b9bf823800e124e69d4dd5ab	64703a2a2ec85e4692bb71b28892f8d0e84f37d5541ec69a8eec8370df5aa35e	e6bb5689beec52c4672bd4df92c3613d128d30cdc2b704f76953fe43d89c4ae8		false	STRUCTURED_RELATION_OUTPUT
compound-case:33f88ad3eec486bedacfe2c1	MODIFIER_BASE_SEPARATION	cleaned-output-atom:b9c6421292b0374e78dc5f7b	c1deb3268b977bb925905657adbb0102e853340b00f69a17c1eb72386cac4a42	b9043c16af362f30807deaf692025d61c3c803bba1efc43fe2f63dc8b507418d	sensory.sweet	false	STRUCTURED_RELATION_OUTPUT
compound-case:0a07883f9422161e8adc52e2	MODIFIER_BASE_SEPARATION	cleaned-output-atom:b9f7dd095f407da237693faa	9209526aaa61b0709dbb838e14686a26c4a03b53e8eedf34c7e5f6f606110d8c	acbfc58c9b12b002281c0987b9f60a658f66044c2aa142a09d592e4777e3eadc		false	STRUCTURED_RELATION_OUTPUT
compound-case:197f4f45a4dfc72645f587d8	MODIFIER_BASE_SEPARATION	cleaned-output-atom:ba77c87ad086dcd6e509b3ce	7499aced43869b27f505701e4edc737f0cc346add1240d4ba86fbfa251e0fc35	e6bb5689beec52c4672bd4df92c3613d128d30cdc2b704f76953fe43d89c4ae8		false	STRUCTURED_RELATION_OUTPUT
compound-case:f41a12a8c4b521b72e08e94c	MODIFIER_BASE_SEPARATION	cleaned-output-atom:ba852359d4fabe68fb747813	7499aced43869b27f505701e4edc737f0cc346add1240d4ba86fbfa251e0fc35	e6bb5689beec52c4672bd4df92c3613d128d30cdc2b704f76953fe43d89c4ae8		false	STRUCTURED_RELATION_OUTPUT
compound-case:6925a4835d25c40388f7d6c5	MODIFIER_BASE_SEPARATION	cleaned-output-atom:bac6a0ab69f2de40a57794bb	7499aced43869b27f505701e4edc737f0cc346add1240d4ba86fbfa251e0fc35	e6bb5689beec52c4672bd4df92c3613d128d30cdc2b704f76953fe43d89c4ae8		false	STRUCTURED_RELATION_OUTPUT
compound-case:f964db56a6e1f803d748c882	MODIFIER_BASE_SEPARATION	cleaned-output-atom:bb18df19a1c66c3b29800be0	c1deb3268b977bb925905657adbb0102e853340b00f69a17c1eb72386cac4a42	b9043c16af362f30807deaf692025d61c3c803bba1efc43fe2f63dc8b507418d	sensory.sweet	false	STRUCTURED_RELATION_OUTPUT
compound-case:7b752443daac2c2bae1f5620	MODIFIER_BASE_SEPARATION	cleaned-output-atom:bbda5d76253b319bc2bb5e91	9209526aaa61b0709dbb838e14686a26c4a03b53e8eedf34c7e5f6f606110d8c	acbfc58c9b12b002281c0987b9f60a658f66044c2aa142a09d592e4777e3eadc		false	STRUCTURED_RELATION_OUTPUT
compound-case:7219dbe9e80708b58a80437a	MODIFIER_BASE_SEPARATION	cleaned-output-atom:bd0d66df5e8eecca5c81838f	c0905088ba5b80677849d4824f21b8b075ab49c6a7f58b5b84815ccd69f3b0a5	fc66f021c67d064c1490a12b5a4d4d2f5167ca692a16ca12f1f3a4cda29a6fa9		false	STRUCTURED_RELATION_OUTPUT
compound-case:d74a8b3ddc8b6c311dae465d	MODIFIER_BASE_SEPARATION	cleaned-output-atom:bd8aeef83b4fbb2000300e08	9209526aaa61b0709dbb838e14686a26c4a03b53e8eedf34c7e5f6f606110d8c	acbfc58c9b12b002281c0987b9f60a658f66044c2aa142a09d592e4777e3eadc		false	STRUCTURED_RELATION_OUTPUT
compound-case:6dc769cdffc1fe8498a3e300	MODIFIER_BASE_SEPARATION	cleaned-output-atom:bdd988080783db6f4e86d07b	c1deb3268b977bb925905657adbb0102e853340b00f69a17c1eb72386cac4a42	b9043c16af362f30807deaf692025d61c3c803bba1efc43fe2f63dc8b507418d	sensory.sweet	false	STRUCTURED_RELATION_OUTPUT
compound-case:33bd8de6ab98d37e145c1cfd	MODIFIER_BASE_SEPARATION	cleaned-output-atom:be6a89c231e0d0d9b1010ea8	9209526aaa61b0709dbb838e14686a26c4a03b53e8eedf34c7e5f6f606110d8c	acbfc58c9b12b002281c0987b9f60a658f66044c2aa142a09d592e4777e3eadc		false	STRUCTURED_RELATION_OUTPUT
compound-case:c9f763ad9cb5c763db571c6b	MODIFIER_BASE_SEPARATION	cleaned-output-atom:beaab49f3b4e9e03a41c062b	9209526aaa61b0709dbb838e14686a26c4a03b53e8eedf34c7e5f6f606110d8c	acbfc58c9b12b002281c0987b9f60a658f66044c2aa142a09d592e4777e3eadc		false	STRUCTURED_RELATION_OUTPUT
compound-case:b2c0d32f661312cb6f20ccd6	MODIFIER_BASE_SEPARATION	cleaned-output-atom:bed7711f0f55d6b182d1a060	4e10a4fb82b2a3dd638f3c704eecdff14fcc2158e964b3d630c1dab4efaf5ade	3b066804f6d1d077173cfe4d06002e6a61e6f21c2b2e648417962115f1afcd8e		false	STRUCTURED_RELATION_OUTPUT
compound-case:17509a3cee3a8d1ae49c8937	MODIFIER_BASE_SEPARATION	cleaned-output-atom:bf576786d943cd29de02f9de	7499aced43869b27f505701e4edc737f0cc346add1240d4ba86fbfa251e0fc35	e6bb5689beec52c4672bd4df92c3613d128d30cdc2b704f76953fe43d89c4ae8		false	STRUCTURED_RELATION_OUTPUT
compound-case:055ca8294aeae166236e0be3	MODIFIER_BASE_SEPARATION	cleaned-output-atom:bf818fa54a3df3236f29cdc7	7499aced43869b27f505701e4edc737f0cc346add1240d4ba86fbfa251e0fc35	e6bb5689beec52c4672bd4df92c3613d128d30cdc2b704f76953fe43d89c4ae8		false	STRUCTURED_RELATION_OUTPUT
compound-case:329a406ac2a463c2bb9a1710	MODIFIER_BASE_SEPARATION	cleaned-output-atom:bf8bd8769b37e51a44f59fd3	66c73be643497d956346653c9f36ea75dd3231d0b4154ae104eb51e89beb7873	6c1ff09db3a73dc4a854f695d20d174a848d55f2d743bab2ee1f8fc75be454f3		false	STRUCTURED_RELATION_OUTPUT
compound-case:3dcbe73b8f48de3c20c5b1fa	MODIFIER_BASE_SEPARATION	cleaned-output-atom:bfb13e0ed83bcdf854a21cd9	7499aced43869b27f505701e4edc737f0cc346add1240d4ba86fbfa251e0fc35	e6bb5689beec52c4672bd4df92c3613d128d30cdc2b704f76953fe43d89c4ae8		false	STRUCTURED_RELATION_OUTPUT
compound-case:4a984546efdef79e5dbd4f36	COMPOUND_DECOMPOSITION	cleaned-output-atom:c07aa5bd3e852c6d361dc46c	10c291e27c28578a64c579925390d366f6010b52afacee5055849b5a1c59cad8		sensory.apple|sensory.mint	false	STRUCTURED_RELATION_OUTPUT
compound-case:725adf836152e572effcb49e	MODIFIER_BASE_SEPARATION	cleaned-output-atom:c0bfc74f004758922f0ee4c5	7499aced43869b27f505701e4edc737f0cc346add1240d4ba86fbfa251e0fc35	e6bb5689beec52c4672bd4df92c3613d128d30cdc2b704f76953fe43d89c4ae8		false	STRUCTURED_RELATION_OUTPUT
compound-case:1df92fa03f06e74d6bd4e16d	MODIFIER_BASE_SEPARATION	cleaned-output-atom:c0d1fcecd6f5f14166f98636	9209526aaa61b0709dbb838e14686a26c4a03b53e8eedf34c7e5f6f606110d8c	acbfc58c9b12b002281c0987b9f60a658f66044c2aa142a09d592e4777e3eadc		false	STRUCTURED_RELATION_OUTPUT
compound-case:b339b472a889387c91f36102	COMPOUND_DECOMPOSITION	cleaned-output-atom:c126b50b0714a81961fff3b4	cf9bfa7f8dc04afb999d62a42ab5408c44b66d268af8102c8e5fbe0ec66063f2		sensory.hazelnut|sensory.walnut	false	STRUCTURED_RELATION_OUTPUT
compound-case:bb23a5f7dc6c892aebd51e08	MODIFIER_BASE_SEPARATION	cleaned-output-atom:c129f79fed2a0d43cc0ccc11	9209526aaa61b0709dbb838e14686a26c4a03b53e8eedf34c7e5f6f606110d8c	acbfc58c9b12b002281c0987b9f60a658f66044c2aa142a09d592e4777e3eadc		false	STRUCTURED_RELATION_OUTPUT
compound-case:e3fca0c852ff2db965148fb7	MODIFIER_BASE_SEPARATION	cleaned-output-atom:c178bd4f1a923d974ca74cd0	9209526aaa61b0709dbb838e14686a26c4a03b53e8eedf34c7e5f6f606110d8c	acbfc58c9b12b002281c0987b9f60a658f66044c2aa142a09d592e4777e3eadc		false	STRUCTURED_RELATION_OUTPUT
compound-case:0a828e01e4bb198982b4e303	MODIFIER_BASE_SEPARATION	cleaned-output-atom:c26963ee8fbe97d8eafcf247	18d129677c465cdcb2e4cc56e52cde97114705dca478d932913f8caa14cbb229	b9043c16af362f30807deaf692025d61c3c803bba1efc43fe2f63dc8b507418d	sensory.sweet	false	STRUCTURED_RELATION_OUTPUT
compound-case:d6cb1a898884e663bd38a5a7	MODIFIER_BASE_SEPARATION	cleaned-output-atom:c2a1d1aa99487b8c0bd6e00e	7499aced43869b27f505701e4edc737f0cc346add1240d4ba86fbfa251e0fc35	e6bb5689beec52c4672bd4df92c3613d128d30cdc2b704f76953fe43d89c4ae8		false	STRUCTURED_RELATION_OUTPUT
compound-case:35f5f4a1285201922ac561f0	MODIFIER_BASE_SEPARATION	cleaned-output-atom:c2a70283da04a16ed3ef6a43	7499aced43869b27f505701e4edc737f0cc346add1240d4ba86fbfa251e0fc35	e6bb5689beec52c4672bd4df92c3613d128d30cdc2b704f76953fe43d89c4ae8		false	STRUCTURED_RELATION_OUTPUT
compound-case:26a019e0f142fef4b0ef3e91	MODIFIER_BASE_SEPARATION	cleaned-output-atom:c3aa4e4f11883b93bfdff2f8	3f82c45e2c6f864e4200fd1e5185f2b5caf6e3324532f5722fb5898c3853eeb6	b9043c16af362f30807deaf692025d61c3c803bba1efc43fe2f63dc8b507418d	sensory.sweet	false	STRUCTURED_RELATION_OUTPUT
compound-case:93db47399f4ab661044438c5	COMPOUND_DECOMPOSITION	cleaned-output-atom:c3ad5459b9d836a829e653b9	d92c07ad493ff6a533049fbffc733a8d5641875af630deb86f059135d06f3cb9		sensory.burnt|sensory.caramel	false	STRUCTURED_RELATION_OUTPUT
compound-case:5b4fd13bdd13348aee41f454	MODIFIER_BASE_SEPARATION	cleaned-output-atom:c3e7a503b2c738bfd49bb3dc	7499aced43869b27f505701e4edc737f0cc346add1240d4ba86fbfa251e0fc35	e6bb5689beec52c4672bd4df92c3613d128d30cdc2b704f76953fe43d89c4ae8		false	STRUCTURED_RELATION_OUTPUT
compound-case:d8768ea4c5d006a0247b5fc3	MODIFIER_BASE_SEPARATION	cleaned-output-atom:c3f90c648b481dc5ba0f4858	9209526aaa61b0709dbb838e14686a26c4a03b53e8eedf34c7e5f6f606110d8c	acbfc58c9b12b002281c0987b9f60a658f66044c2aa142a09d592e4777e3eadc		false	STRUCTURED_RELATION_OUTPUT
compound-case:a0eca21d6034e355fcb6523a	MODIFIER_BASE_SEPARATION	cleaned-output-atom:c40264bac825562352571646	7499aced43869b27f505701e4edc737f0cc346add1240d4ba86fbfa251e0fc35	e6bb5689beec52c4672bd4df92c3613d128d30cdc2b704f76953fe43d89c4ae8		false	STRUCTURED_RELATION_OUTPUT
compound-case:57a2dce80bf06d3e84ccaaf6	MODIFIER_BASE_SEPARATION	cleaned-output-atom:c450141a1cfa9dd4b965e827	ad778bc2084ca8d40e7ddf1b6f2abc81435ba70ec5a3fa321706970a67d7fc37	b9043c16af362f30807deaf692025d61c3c803bba1efc43fe2f63dc8b507418d	sensory.sweet	false	STRUCTURED_RELATION_OUTPUT
compound-case:1ab81a997c66328ef3bb6f80	MODIFIER_BASE_SEPARATION	cleaned-output-atom:c45337042c0d607615386255	c1deb3268b977bb925905657adbb0102e853340b00f69a17c1eb72386cac4a42	b9043c16af362f30807deaf692025d61c3c803bba1efc43fe2f63dc8b507418d	sensory.sweet	false	STRUCTURED_RELATION_OUTPUT
compound-case:347bdf3ab24c2a920a3f73b0	MODIFIER_BASE_SEPARATION	cleaned-output-atom:c47775fd502eae63f722cf6e	7499aced43869b27f505701e4edc737f0cc346add1240d4ba86fbfa251e0fc35	e6bb5689beec52c4672bd4df92c3613d128d30cdc2b704f76953fe43d89c4ae8		false	STRUCTURED_RELATION_OUTPUT
compound-case:3e6c4dee2acadbe0aef406fc	MODIFIER_BASE_SEPARATION	cleaned-output-atom:c4a2ff96e929f738e37aa08a	1ddb3abfc17a231ae21f0e44c132a45b99846c38612d3eaf8dd40c68c6019113	acbfc58c9b12b002281c0987b9f60a658f66044c2aa142a09d592e4777e3eadc		false	STRUCTURED_RELATION_OUTPUT
compound-case:09ee1e54a87dca661f48433e	COMPOUND_DECOMPOSITION	cleaned-output-atom:c4a6a11bcf019a41440f4171	10c291e27c28578a64c579925390d366f6010b52afacee5055849b5a1c59cad8		sensory.apple|sensory.mint	false	STRUCTURED_RELATION_OUTPUT
compound-case:c5e239629b4aa4bb53a2bfdf	MODIFIER_BASE_SEPARATION	cleaned-output-atom:c4fba680e31d1239fceebbbd	7499aced43869b27f505701e4edc737f0cc346add1240d4ba86fbfa251e0fc35	e6bb5689beec52c4672bd4df92c3613d128d30cdc2b704f76953fe43d89c4ae8		false	STRUCTURED_RELATION_OUTPUT
compound-case:d8d075393ca8a44cfc455ea0	COMPOUND_DECOMPOSITION	cleaned-output-atom:c52932cb16598d7e7ca299d7	7a9989567cf3993ff50183a8612ce4e8cb7d82ac7c1774b90987426239d8e201		sensory.bergamot|sensory.cinnamon	false	STRUCTURED_RELATION_OUTPUT
compound-case:aa24d552078562f05c602be0	COMPOUND_DECOMPOSITION	cleaned-output-atom:c5447a1b543abbafa705cc4d	4112def1b33baac0763f224409be027c8cdf5df2dac27ca7800b4de834f29868		sensory.honey|sensory.orange	false	STRUCTURED_RELATION_OUTPUT
compound-case:dadf32c4776ff908de2d669f	MODIFIER_BASE_SEPARATION	cleaned-output-atom:c577de3dbcc68e58679719b9	e6ada724207f551c05258b37b03c191d7907c885f96b52779191c862651e1701	acbfc58c9b12b002281c0987b9f60a658f66044c2aa142a09d592e4777e3eadc	sensory.raspberry	false	STRUCTURED_RELATION_OUTPUT
compound-case:d193494c16d6887ecfd78b9a	MODIFIER_BASE_SEPARATION	cleaned-output-atom:c5928bc3be64b4b15543ecf1	c1deb3268b977bb925905657adbb0102e853340b00f69a17c1eb72386cac4a42	b9043c16af362f30807deaf692025d61c3c803bba1efc43fe2f63dc8b507418d	sensory.sweet	false	STRUCTURED_RELATION_OUTPUT
compound-case:2f9bcecbe6aa76dbb810f785	MODIFIER_BASE_SEPARATION	cleaned-output-atom:c59e48f1189b6d893cce7388	7499aced43869b27f505701e4edc737f0cc346add1240d4ba86fbfa251e0fc35	e6bb5689beec52c4672bd4df92c3613d128d30cdc2b704f76953fe43d89c4ae8		false	STRUCTURED_RELATION_OUTPUT
compound-case:bb028dd9cfe12f44370d2b68	MODIFIER_BASE_SEPARATION	cleaned-output-atom:c602b2935776ded63328a0fe	9209526aaa61b0709dbb838e14686a26c4a03b53e8eedf34c7e5f6f606110d8c	acbfc58c9b12b002281c0987b9f60a658f66044c2aa142a09d592e4777e3eadc		false	STRUCTURED_RELATION_OUTPUT
compound-case:cbac853c1dd7818867b24b8c	MODIFIER_BASE_SEPARATION	cleaned-output-atom:c61130f28dd74518d217d0f2	9209526aaa61b0709dbb838e14686a26c4a03b53e8eedf34c7e5f6f606110d8c	acbfc58c9b12b002281c0987b9f60a658f66044c2aa142a09d592e4777e3eadc		false	STRUCTURED_RELATION_OUTPUT
compound-case:15872d185fcaeb48d1f2fc64	COMPOUND_DECOMPOSITION	cleaned-output-atom:c633a49fb2fd8155032352bc	7e458560f2c6012b33cb870ddef6fa1e707af01cf0db94b404357e04f03352c0		sensory.cinnamon|sensory.grape	false	STRUCTURED_RELATION_OUTPUT
compound-case:07521c5edab6640975b0dbc7	MODIFIER_BASE_SEPARATION	cleaned-output-atom:c6474bb92ffb8d8944fcd026	c1deb3268b977bb925905657adbb0102e853340b00f69a17c1eb72386cac4a42	b9043c16af362f30807deaf692025d61c3c803bba1efc43fe2f63dc8b507418d	sensory.sweet	false	STRUCTURED_RELATION_OUTPUT
compound-case:c8617b173f1bc8a89ca7cf46	MODIFIER_BASE_SEPARATION	cleaned-output-atom:c6c474216ae40a5a2f292d41	0680152892ac266db93952ca39d7cf9de67150eb2eb4bce51615384ddb971f32	3b066804f6d1d077173cfe4d06002e6a61e6f21c2b2e648417962115f1afcd8e		false	STRUCTURED_RELATION_OUTPUT
compound-case:7b5137f76c392c1b6481face	MODIFIER_BASE_SEPARATION	cleaned-output-atom:c6d14566734c8f82c9801e3d	7499aced43869b27f505701e4edc737f0cc346add1240d4ba86fbfa251e0fc35	e6bb5689beec52c4672bd4df92c3613d128d30cdc2b704f76953fe43d89c4ae8		false	STRUCTURED_RELATION_OUTPUT
compound-case:df94cdb6e99399657db25e90	MODIFIER_BASE_SEPARATION	cleaned-output-atom:c6f47f7bfd41bc673074a801	f464d7d71c06e47a535ce441aa202aa717cddeab902a45b0c283aac7a9a090d7	3b066804f6d1d077173cfe4d06002e6a61e6f21c2b2e648417962115f1afcd8e	sensory.lemon	false	STRUCTURED_RELATION_OUTPUT
compound-case:bfa0c04e3c9dca2b6023dd52	MODIFIER_BASE_SEPARATION	cleaned-output-atom:c70a92824344e11f15043cc6	4c6a4839f83d20d276e7ba94bde38eed7e8495fcefcea6222fb5d2ff5b60fc4b	3b066804f6d1d077173cfe4d06002e6a61e6f21c2b2e648417962115f1afcd8e		false	STRUCTURED_RELATION_OUTPUT
compound-case:62fb21dbdaee9cfd11541834	COMPOUND_DECOMPOSITION	cleaned-output-atom:c75b1f94ea88eee1731faeb0	b7a3191096ad2af880f5ab2fc727c90bedc004530b2f653bc65cf6284bceebde		sensory.apple|sensory.lemon|sensory.lime	false	STRUCTURED_RELATION_OUTPUT
compound-case:9cfac33cbea18abc3fa74e14	MODIFIER_BASE_SEPARATION	cleaned-output-atom:c75c72dbec73f9675d6b7fde	9209526aaa61b0709dbb838e14686a26c4a03b53e8eedf34c7e5f6f606110d8c	acbfc58c9b12b002281c0987b9f60a658f66044c2aa142a09d592e4777e3eadc		false	STRUCTURED_RELATION_OUTPUT
compound-case:a626a032722646aafb8addd7	MODIFIER_BASE_SEPARATION	cleaned-output-atom:c79a7f45116f111a2685cfd7	7499aced43869b27f505701e4edc737f0cc346add1240d4ba86fbfa251e0fc35	e6bb5689beec52c4672bd4df92c3613d128d30cdc2b704f76953fe43d89c4ae8		false	STRUCTURED_RELATION_OUTPUT
compound-case:45aaed16a8abb51d8a724c22	MODIFIER_BASE_SEPARATION	cleaned-output-atom:c7f84d4f78b420e075a8cef3	c1deb3268b977bb925905657adbb0102e853340b00f69a17c1eb72386cac4a42	b9043c16af362f30807deaf692025d61c3c803bba1efc43fe2f63dc8b507418d	sensory.sweet	false	STRUCTURED_RELATION_OUTPUT
compound-case:7d009c3078ebfd5540abdbe2	MODIFIER_BASE_SEPARATION	cleaned-output-atom:c8cb4acece50152f85ee69a5	043d97d69419bd79f3b5c1d8acd900cdc8364cdfe2b1f6657c4e9de2580f594b	f5f445528f4a0134354c891fbd95fd0734d25cb2c9206c4684545ae49b14d29b		false	STRUCTURED_RELATION_OUTPUT
compound-case:acfe088e286d4ccf45eb6acf	MODIFIER_BASE_SEPARATION	cleaned-output-atom:c94018513ef1d35fddb68e43	7499aced43869b27f505701e4edc737f0cc346add1240d4ba86fbfa251e0fc35	e6bb5689beec52c4672bd4df92c3613d128d30cdc2b704f76953fe43d89c4ae8		false	STRUCTURED_RELATION_OUTPUT
compound-case:5164d03081055f80fd2725dc	MODIFIER_BASE_SEPARATION	cleaned-output-atom:c95b25e2fbf94789dd2d42ec	9209526aaa61b0709dbb838e14686a26c4a03b53e8eedf34c7e5f6f606110d8c	b9043c16af362f30807deaf692025d61c3c803bba1efc43fe2f63dc8b507418d	sensory.sweet	false	STRUCTURED_RELATION_OUTPUT
compound-case:8f1e8d0b990130fe9fa7cb08	COMPOUND_DECOMPOSITION	cleaned-output-atom:c9949a58f4470a1ca54ba1fe	1d7d1486c016f62c0ef8483783026c647f43c8342b5ac75528308f4e92e93755		sensory.molasses|sensory.pineapple	false	STRUCTURED_RELATION_OUTPUT
compound-case:159887cbefc127a1929e1050	MODIFIER_BASE_SEPARATION	cleaned-output-atom:c9a34533e3ae4cd934e28e05	c1deb3268b977bb925905657adbb0102e853340b00f69a17c1eb72386cac4a42	b9043c16af362f30807deaf692025d61c3c803bba1efc43fe2f63dc8b507418d	sensory.sweet	false	STRUCTURED_RELATION_OUTPUT
compound-case:bb125afc4a98582c98a8d108	MODIFIER_BASE_SEPARATION	cleaned-output-atom:c9ec1957af8fa322a99f1957	9209526aaa61b0709dbb838e14686a26c4a03b53e8eedf34c7e5f6f606110d8c	acbfc58c9b12b002281c0987b9f60a658f66044c2aa142a09d592e4777e3eadc		false	STRUCTURED_RELATION_OUTPUT
compound-case:61d889746bee158cc5f6d2ab	MODIFIER_BASE_SEPARATION	cleaned-output-atom:ca134d2fd8cb365320701437	9209526aaa61b0709dbb838e14686a26c4a03b53e8eedf34c7e5f6f606110d8c	acbfc58c9b12b002281c0987b9f60a658f66044c2aa142a09d592e4777e3eadc		false	STRUCTURED_RELATION_OUTPUT
compound-case:5b4d91e9abd3e9c96ca3e82e	MODIFIER_BASE_SEPARATION	cleaned-output-atom:ca1c74c3bae94a2af0db35d7	7499aced43869b27f505701e4edc737f0cc346add1240d4ba86fbfa251e0fc35	e6bb5689beec52c4672bd4df92c3613d128d30cdc2b704f76953fe43d89c4ae8		false	STRUCTURED_RELATION_OUTPUT
compound-case:2360c639ec2d923b14dc33ae	MODIFIER_BASE_SEPARATION	cleaned-output-atom:cb02540d56e95521ba2e94c6	9209526aaa61b0709dbb838e14686a26c4a03b53e8eedf34c7e5f6f606110d8c	acbfc58c9b12b002281c0987b9f60a658f66044c2aa142a09d592e4777e3eadc		false	STRUCTURED_RELATION_OUTPUT
compound-case:6640d5f9fabfa81633a97941	MODIFIER_BASE_SEPARATION	cleaned-output-atom:cb0b19cd4d64ba1ee3351c63	c1deb3268b977bb925905657adbb0102e853340b00f69a17c1eb72386cac4a42	b9043c16af362f30807deaf692025d61c3c803bba1efc43fe2f63dc8b507418d	sensory.sweet	false	STRUCTURED_RELATION_OUTPUT
compound-case:0a11ff220db1f4c67a4fcefd	MODIFIER_BASE_SEPARATION	cleaned-output-atom:cb653b63aaa5b39d848e8fd2	7499aced43869b27f505701e4edc737f0cc346add1240d4ba86fbfa251e0fc35	e6bb5689beec52c4672bd4df92c3613d128d30cdc2b704f76953fe43d89c4ae8		false	STRUCTURED_RELATION_OUTPUT
compound-case:1413871f0d1b1ddeed924f17	MODIFIER_BASE_SEPARATION	cleaned-output-atom:cb97817782ec3d847c7fd097	9f7411175a19631ed6da69451bb20ed0c4f7fe6398e123f0217efe4942ad49e7	b9043c16af362f30807deaf692025d61c3c803bba1efc43fe2f63dc8b507418d	sensory.sweet	false	STRUCTURED_RELATION_OUTPUT
compound-case:0e9c08aeeaba3afde6043488	MODIFIER_BASE_SEPARATION	cleaned-output-atom:cbb02e35f47b130d3a58cd4f	7499aced43869b27f505701e4edc737f0cc346add1240d4ba86fbfa251e0fc35	e6bb5689beec52c4672bd4df92c3613d128d30cdc2b704f76953fe43d89c4ae8		false	STRUCTURED_RELATION_OUTPUT
compound-case:79ee67bd8cfb843b2c249f25	COMPOUND_DECOMPOSITION	cleaned-output-atom:cbc44f41bca3ef5ee8fec467	8ab7d8548a9a844cc15713a9cb891fbc74631843de1677673df02f43dbe489ce		sensory.butter|sensory.peanut	false	STRUCTURED_RELATION_OUTPUT
compound-case:0f25b9918ce3d7afc8881325	COMPOUND_DECOMPOSITION	cleaned-output-atom:cc5db4a66c0a47a8866daa1a	a55e2e3846a51f6ad0abfdfbdea2ba0e5e0c76b5ccfa8a920895fedeae89a8b6	b9043c16af362f30807deaf692025d61c3c803bba1efc43fe2f63dc8b507418d	sensory.honey|sensory.sweet	false	STRUCTURED_RELATION_OUTPUT
compound-case:698d66a9fccfe1dc1b935f42	MODIFIER_BASE_SEPARATION	cleaned-output-atom:cc7a53ffd9ebba758a392951	4c6a4839f83d20d276e7ba94bde38eed7e8495fcefcea6222fb5d2ff5b60fc4b	b9043c16af362f30807deaf692025d61c3c803bba1efc43fe2f63dc8b507418d	sensory.sweet	false	STRUCTURED_RELATION_OUTPUT
compound-case:8b94ed56238b8dc979e65a10	MODIFIER_BASE_SEPARATION	cleaned-output-atom:cca7d98dee6f1ffdff7d761b	7499aced43869b27f505701e4edc737f0cc346add1240d4ba86fbfa251e0fc35	e6bb5689beec52c4672bd4df92c3613d128d30cdc2b704f76953fe43d89c4ae8		false	STRUCTURED_RELATION_OUTPUT
compound-case:d19f20211f4912f56ceac7ba	MODIFIER_BASE_SEPARATION	cleaned-output-atom:ccbf63d1a817fd13183e625b	9209526aaa61b0709dbb838e14686a26c4a03b53e8eedf34c7e5f6f606110d8c	acbfc58c9b12b002281c0987b9f60a658f66044c2aa142a09d592e4777e3eadc		false	STRUCTURED_RELATION_OUTPUT
compound-case:583c1b5021cf915f03933dea	MODIFIER_BASE_SEPARATION	cleaned-output-atom:ccf444eb25f3850a339dda21	7499aced43869b27f505701e4edc737f0cc346add1240d4ba86fbfa251e0fc35	e6bb5689beec52c4672bd4df92c3613d128d30cdc2b704f76953fe43d89c4ae8		false	STRUCTURED_RELATION_OUTPUT
compound-case:f6e53b0e0512874114b7565a	MODIFIER_BASE_SEPARATION	cleaned-output-atom:cd2bbbac28339ff139c719c8	73d1b1b1bc1dabfb97f216d897b7968e44b06457920f00f2dc6c1ed3be25ad4c	b9043c16af362f30807deaf692025d61c3c803bba1efc43fe2f63dc8b507418d	sensory.sweet	false	STRUCTURED_RELATION_OUTPUT
compound-case:3751085656c36b209b142603	MODIFIER_BASE_SEPARATION	cleaned-output-atom:cd875985c9bb4cad1bd0cc52	c1deb3268b977bb925905657adbb0102e853340b00f69a17c1eb72386cac4a42	b9043c16af362f30807deaf692025d61c3c803bba1efc43fe2f63dc8b507418d	sensory.sweet	false	STRUCTURED_RELATION_OUTPUT
compound-case:e87c9ea01ab67ce65e2434be	MODIFIER_BASE_SEPARATION	cleaned-output-atom:cd8ab64f8f759f209659396b	c1deb3268b977bb925905657adbb0102e853340b00f69a17c1eb72386cac4a42	b9043c16af362f30807deaf692025d61c3c803bba1efc43fe2f63dc8b507418d	sensory.sweet	false	STRUCTURED_RELATION_OUTPUT
compound-case:1baf6a4f932532f4fae8053b	COMPOUND_DECOMPOSITION	cleaned-output-atom:cda1f77300817950c82e9412	3db7c665a055230d0eae829f1b9ce0bf7420b356fea91d86e025cd8c23ce8ade		sensory.honey|sensory.lemon	false	STRUCTURED_RELATION_OUTPUT
compound-case:2fc39f1db2385a1a2fb99ee3	MODIFIER_BASE_SEPARATION	cleaned-output-atom:cdcf5961f4fb5c1149d2083c	c1deb3268b977bb925905657adbb0102e853340b00f69a17c1eb72386cac4a42	b9043c16af362f30807deaf692025d61c3c803bba1efc43fe2f63dc8b507418d	sensory.sweet	false	STRUCTURED_RELATION_OUTPUT
compound-case:a4da250375e11a3677b3a476	MODIFIER_BASE_SEPARATION	cleaned-output-atom:ce327bd77359113d2b362ddc	12fad53d7ead16e0de5e2f4ecf70102a8f1971916c5a1bd7dbf7360f5d5ac1b0	d0d092b83d4aefab43b6c1ba0d766d7e1a0d2677ab9abe374d6d5fe83a1ee641		false	STRUCTURED_RELATION_OUTPUT
compound-case:bc18ace5195c353a0d6a1479	MODIFIER_BASE_SEPARATION	cleaned-output-atom:ce798487211312d7127668f4	7499aced43869b27f505701e4edc737f0cc346add1240d4ba86fbfa251e0fc35	e6bb5689beec52c4672bd4df92c3613d128d30cdc2b704f76953fe43d89c4ae8		false	STRUCTURED_RELATION_OUTPUT
compound-case:78dcfc33347718e9e15c4e02	MODIFIER_BASE_SEPARATION	cleaned-output-atom:ce8453981e4ceda642b6f124	4e10a4fb82b2a3dd638f3c704eecdff14fcc2158e964b3d630c1dab4efaf5ade	b9043c16af362f30807deaf692025d61c3c803bba1efc43fe2f63dc8b507418d	sensory.sweet	false	STRUCTURED_RELATION_OUTPUT
compound-case:9abbbf438e096054a3fa1ab8	COMPOUND_DECOMPOSITION	cleaned-output-atom:cea5505a3c4f78e2bb112d2c	9e1659d5a47ec1e34bce604d11a5dc0a4064ed1f4fc23f608333bb726f3b9207		sensory.cherry|sensory.sour	false	STRUCTURED_RELATION_OUTPUT
compound-case:04ed1f8e65ab19737e553382	MODIFIER_BASE_SEPARATION	cleaned-output-atom:cec0f0060e2bdbf3fe58f7ec	7499aced43869b27f505701e4edc737f0cc346add1240d4ba86fbfa251e0fc35	e6bb5689beec52c4672bd4df92c3613d128d30cdc2b704f76953fe43d89c4ae8		false	STRUCTURED_RELATION_OUTPUT
compound-case:641525d35b645446a84edead	MODIFIER_BASE_SEPARATION	cleaned-output-atom:cec1db3993b86ba8a42e8cfb	510e9cd005e362235259c1dbb49fe549fa788a63b29535195f9d396f79e9a05b	e6bb5689beec52c4672bd4df92c3613d128d30cdc2b704f76953fe43d89c4ae8	sensory.apple	false	STRUCTURED_RELATION_OUTPUT
compound-case:dadd65e84661cfea41219ed6	MODIFIER_BASE_SEPARATION	cleaned-output-atom:cf0ca7de57711e28e40a575e	7499aced43869b27f505701e4edc737f0cc346add1240d4ba86fbfa251e0fc35	e6bb5689beec52c4672bd4df92c3613d128d30cdc2b704f76953fe43d89c4ae8		false	STRUCTURED_RELATION_OUTPUT
compound-case:cde86da86feb9a2570795457	MODIFIER_BASE_SEPARATION	cleaned-output-atom:cf5fec09d841cf257edca012	9209526aaa61b0709dbb838e14686a26c4a03b53e8eedf34c7e5f6f606110d8c	acbfc58c9b12b002281c0987b9f60a658f66044c2aa142a09d592e4777e3eadc		false	STRUCTURED_RELATION_OUTPUT
compound-case:1c384d144c71b6e0e0d18cca	MODIFIER_BASE_SEPARATION	cleaned-output-atom:cf73d5957aaf74b6698fd412	9209526aaa61b0709dbb838e14686a26c4a03b53e8eedf34c7e5f6f606110d8c	acbfc58c9b12b002281c0987b9f60a658f66044c2aa142a09d592e4777e3eadc		false	STRUCTURED_RELATION_OUTPUT
compound-case:aa08ca29d580df56c37120d3	COMPOUND_DECOMPOSITION	cleaned-output-atom:cfc7141953e4918ab0629c2c	f4aa7e050ed096b732f42cc3303b0d1859a52483216f016072dc77c5b25c0675		sensory.bitter|sensory.orange	false	STRUCTURED_RELATION_OUTPUT
compound-case:0a8bc1cf1b3dd2f2d81af349	MODIFIER_BASE_SEPARATION	cleaned-output-atom:d037d3ce4229d17514c00885	a9a42757162009f8b2c4c09f8690aca0aab3a7657f79e14bcc9f1d7202627cfb	b9043c16af362f30807deaf692025d61c3c803bba1efc43fe2f63dc8b507418d	sensory.sweet	false	STRUCTURED_RELATION_OUTPUT
compound-case:519b0106d3303d802a1a616d	COMPOUND_DECOMPOSITION	cleaned-output-atom:d0b76637ba3dac4082b54a3d	9e1659d5a47ec1e34bce604d11a5dc0a4064ed1f4fc23f608333bb726f3b9207		sensory.cherry|sensory.sour	false	STRUCTURED_RELATION_OUTPUT
compound-case:3a3835919d383f8fa1f3fcd8	MODIFIER_BASE_SEPARATION	cleaned-output-atom:d0d8785f5fc9000fb18d1de9	7499aced43869b27f505701e4edc737f0cc346add1240d4ba86fbfa251e0fc35	e6bb5689beec52c4672bd4df92c3613d128d30cdc2b704f76953fe43d89c4ae8		false	STRUCTURED_RELATION_OUTPUT
compound-case:1fe0375052349fcc4b1947f4	MODIFIER_BASE_SEPARATION	cleaned-output-atom:d129c69e586db0e659093d8f	7499aced43869b27f505701e4edc737f0cc346add1240d4ba86fbfa251e0fc35	e6bb5689beec52c4672bd4df92c3613d128d30cdc2b704f76953fe43d89c4ae8		false	STRUCTURED_RELATION_OUTPUT
compound-case:3276beb2063433c2357708ca	MODIFIER_BASE_SEPARATION	cleaned-output-atom:d152804eeeca84c97220d2ba	83f7be6fcc0d9960b2c006e113502ce29d0c51356ffb080ab76354bb3724faad	d0d092b83d4aefab43b6c1ba0d766d7e1a0d2677ab9abe374d6d5fe83a1ee641|e6bb5689beec52c4672bd4df92c3613d128d30cdc2b704f76953fe43d89c4ae8		false	STRUCTURED_RELATION_OUTPUT
compound-case:00da17f3934ac3abe6149d90	MODIFIER_BASE_SEPARATION	cleaned-output-atom:d19480a9ffb339d783a5977a	c1deb3268b977bb925905657adbb0102e853340b00f69a17c1eb72386cac4a42	b9043c16af362f30807deaf692025d61c3c803bba1efc43fe2f63dc8b507418d	sensory.sweet	false	STRUCTURED_RELATION_OUTPUT
compound-case:1e9963d0dda095f8f76e34d6	MODIFIER_BASE_SEPARATION	cleaned-output-atom:d1ebf2cf162b42acf47b88cd	9209526aaa61b0709dbb838e14686a26c4a03b53e8eedf34c7e5f6f606110d8c	acbfc58c9b12b002281c0987b9f60a658f66044c2aa142a09d592e4777e3eadc		false	STRUCTURED_RELATION_OUTPUT
compound-case:c121a673b026f601c7080567	MODIFIER_BASE_SEPARATION	cleaned-output-atom:d1f3e1d7f78b3a4d91135db4	9209526aaa61b0709dbb838e14686a26c4a03b53e8eedf34c7e5f6f606110d8c	acbfc58c9b12b002281c0987b9f60a658f66044c2aa142a09d592e4777e3eadc		false	STRUCTURED_RELATION_OUTPUT
compound-case:10333af3cccf0c9c12590b26	MODIFIER_BASE_SEPARATION	cleaned-output-atom:d1f8b0131ab90866639a4da6	7499aced43869b27f505701e4edc737f0cc346add1240d4ba86fbfa251e0fc35	e6bb5689beec52c4672bd4df92c3613d128d30cdc2b704f76953fe43d89c4ae8		false	STRUCTURED_RELATION_OUTPUT
compound-case:c5fceb9cbc07ee4919994e8c	MODIFIER_BASE_SEPARATION	cleaned-output-atom:d253ba0a6df4d03cf78e2978	7499aced43869b27f505701e4edc737f0cc346add1240d4ba86fbfa251e0fc35	e6bb5689beec52c4672bd4df92c3613d128d30cdc2b704f76953fe43d89c4ae8		false	STRUCTURED_RELATION_OUTPUT
compound-case:c027cf78c398039ae7d1db7e	MODIFIER_BASE_SEPARATION	cleaned-output-atom:d279fb63a826ce49836c31ce	7499aced43869b27f505701e4edc737f0cc346add1240d4ba86fbfa251e0fc35	e6bb5689beec52c4672bd4df92c3613d128d30cdc2b704f76953fe43d89c4ae8		false	STRUCTURED_RELATION_OUTPUT
compound-case:3afb2ac93bb1ac9ed254768c	COMPOUND_DECOMPOSITION	cleaned-output-atom:d2b306eb4575e68b3c8df9aa	19212b9aec321ab411a2d45faffd0bd1a409d68fddbccbf72e3e34fce3d953b7	b9043c16af362f30807deaf692025d61c3c803bba1efc43fe2f63dc8b507418d	sensory.peach|sensory.sweet	false	STRUCTURED_RELATION_OUTPUT
compound-case:5b6e1f43094182981ab52b76	MODIFIER_BASE_SEPARATION	cleaned-output-atom:d3371c2e87be48100caf799c	7499aced43869b27f505701e4edc737f0cc346add1240d4ba86fbfa251e0fc35	e6bb5689beec52c4672bd4df92c3613d128d30cdc2b704f76953fe43d89c4ae8		false	STRUCTURED_RELATION_OUTPUT
compound-case:e14d6d86b03206e0c8a6d92e	COMPOUND_DECOMPOSITION	cleaned-output-atom:d35c8629fb63b60130e9718c	9f2e7bb8c00e2e5a54ca1380a05e93a3e9b55f5d996390ada9e5223446d771f5	b9043c16af362f30807deaf692025d61c3c803bba1efc43fe2f63dc8b507418d	sensory.orange|sensory.sweet	false	STRUCTURED_RELATION_OUTPUT
compound-case:0691a912d9151796222f2079	MODIFIER_BASE_SEPARATION	cleaned-output-atom:d36db513ec204953f6f792e4	4c6a4839f83d20d276e7ba94bde38eed7e8495fcefcea6222fb5d2ff5b60fc4b	b9043c16af362f30807deaf692025d61c3c803bba1efc43fe2f63dc8b507418d	sensory.sweet	false	STRUCTURED_RELATION_OUTPUT
compound-case:542570a53f27810ba0e6a0a6	MODIFIER_BASE_SEPARATION	cleaned-output-atom:d388daa011db52d49a32049b	72988d5d117b09d89825a6ffd807c7a40054ee6622b91c5e69f238fb7830a20b	b9043c16af362f30807deaf692025d61c3c803bba1efc43fe2f63dc8b507418d	sensory.sweet	false	STRUCTURED_RELATION_OUTPUT
compound-case:0d4e609952a57821954690ee	MODIFIER_BASE_SEPARATION	cleaned-output-atom:d3e3dad486e837509ad3dee3	9209526aaa61b0709dbb838e14686a26c4a03b53e8eedf34c7e5f6f606110d8c	acbfc58c9b12b002281c0987b9f60a658f66044c2aa142a09d592e4777e3eadc		false	STRUCTURED_RELATION_OUTPUT
compound-case:96c9a076f605526d864de347	MODIFIER_BASE_SEPARATION	cleaned-output-atom:d4316427918063efadd9f818	7499aced43869b27f505701e4edc737f0cc346add1240d4ba86fbfa251e0fc35	e6bb5689beec52c4672bd4df92c3613d128d30cdc2b704f76953fe43d89c4ae8		false	STRUCTURED_RELATION_OUTPUT
compound-case:4a158c1332aa12c650e34d7d	MODIFIER_BASE_SEPARATION	cleaned-output-atom:d4cbccf1bb4ec56262254e59	9209526aaa61b0709dbb838e14686a26c4a03b53e8eedf34c7e5f6f606110d8c	acbfc58c9b12b002281c0987b9f60a658f66044c2aa142a09d592e4777e3eadc		false	STRUCTURED_RELATION_OUTPUT
compound-case:94d38d9026ca62df30be2020	MODIFIER_BASE_SEPARATION	cleaned-output-atom:d51b7fd7c119f7dee57a3f38	9209526aaa61b0709dbb838e14686a26c4a03b53e8eedf34c7e5f6f606110d8c	acbfc58c9b12b002281c0987b9f60a658f66044c2aa142a09d592e4777e3eadc		false	STRUCTURED_RELATION_OUTPUT
compound-case:db4cbb67b62f913ad31aa1fa	MODIFIER_BASE_SEPARATION	cleaned-output-atom:d5745af1aa421bcbedc91d1a	c1deb3268b977bb925905657adbb0102e853340b00f69a17c1eb72386cac4a42	b9043c16af362f30807deaf692025d61c3c803bba1efc43fe2f63dc8b507418d	sensory.sweet	false	STRUCTURED_RELATION_OUTPUT
compound-case:bbac031068536dc973d45b9d	COMPOUND_DECOMPOSITION	cleaned-output-atom:d5ad39900c520fb2234f1264	3167bbe29492845cf241b5eed66cbd17014a4fca44e2965d7e0a102a49185d2f		sensory.grape|sensory.peach	false	STRUCTURED_RELATION_OUTPUT
compound-case:fb464f2632b214f98b0462c1	MODIFIER_BASE_SEPARATION	cleaned-output-atom:d5ce0856edbbd7fdab9b7029	9209526aaa61b0709dbb838e14686a26c4a03b53e8eedf34c7e5f6f606110d8c	acbfc58c9b12b002281c0987b9f60a658f66044c2aa142a09d592e4777e3eadc		false	STRUCTURED_RELATION_OUTPUT
compound-case:841082bc4b2b53c5c2037681	MODIFIER_BASE_SEPARATION	cleaned-output-atom:d67383153eedfef2b37aba92	c1deb3268b977bb925905657adbb0102e853340b00f69a17c1eb72386cac4a42	b9043c16af362f30807deaf692025d61c3c803bba1efc43fe2f63dc8b507418d	sensory.sweet	false	STRUCTURED_RELATION_OUTPUT
compound-case:07e4708ba52176e0f6304586	MODIFIER_BASE_SEPARATION	cleaned-output-atom:d67e480a65c2cbbd1ebaf836	64703a2a2ec85e4692bb71b28892f8d0e84f37d5541ec69a8eec8370df5aa35e	e6bb5689beec52c4672bd4df92c3613d128d30cdc2b704f76953fe43d89c4ae8		false	STRUCTURED_RELATION_OUTPUT
compound-case:7312b6ca7ecc1701b1812ac7	MODIFIER_BASE_SEPARATION	cleaned-output-atom:d6dd6c7c88b964557bf25fd3	7499aced43869b27f505701e4edc737f0cc346add1240d4ba86fbfa251e0fc35	e6bb5689beec52c4672bd4df92c3613d128d30cdc2b704f76953fe43d89c4ae8		false	STRUCTURED_RELATION_OUTPUT
compound-case:78bc33dfb73bd42c45cec0ea	MODIFIER_BASE_SEPARATION	cleaned-output-atom:d70a6e1fc98a61604ae246a2	9209526aaa61b0709dbb838e14686a26c4a03b53e8eedf34c7e5f6f606110d8c	acbfc58c9b12b002281c0987b9f60a658f66044c2aa142a09d592e4777e3eadc		false	STRUCTURED_RELATION_OUTPUT
compound-case:a6c8b774fba7255dabde49b9	MODIFIER_BASE_SEPARATION	cleaned-output-atom:d74dfe35b81e98ac3050db9a	c1deb3268b977bb925905657adbb0102e853340b00f69a17c1eb72386cac4a42	b9043c16af362f30807deaf692025d61c3c803bba1efc43fe2f63dc8b507418d	sensory.sweet	false	STRUCTURED_RELATION_OUTPUT
compound-case:d73dd2592c2d7003efbe8532	MODIFIER_BASE_SEPARATION	cleaned-output-atom:d7a57a92bb0b9fa9757bb453	7728456b0c982f81721078ed5518ca3cd896d18584507774f4d6db4d97b238d9	b9043c16af362f30807deaf692025d61c3c803bba1efc43fe2f63dc8b507418d	sensory.sweet	false	STRUCTURED_RELATION_OUTPUT
compound-case:4ee9d48af31660e84928b256	MODIFIER_BASE_SEPARATION	cleaned-output-atom:d81a0c5603b66e4c380d4bb0	4d1608c849f1a4968565d5019e500b9c3541f654c33ac9d096b610d27229499c	b9043c16af362f30807deaf692025d61c3c803bba1efc43fe2f63dc8b507418d	sensory.sweet	false	STRUCTURED_RELATION_OUTPUT
compound-case:b235e9aec67f42502816d6fc	MODIFIER_BASE_SEPARATION	cleaned-output-atom:d852cf57cd2b07666b5fe38a	c1deb3268b977bb925905657adbb0102e853340b00f69a17c1eb72386cac4a42	b9043c16af362f30807deaf692025d61c3c803bba1efc43fe2f63dc8b507418d	sensory.sweet	false	STRUCTURED_RELATION_OUTPUT
compound-case:3e41015af71c165f973b9c91	MODIFIER_BASE_SEPARATION	cleaned-output-atom:d8b8fdfaa152e4a438472194	4c6a4839f83d20d276e7ba94bde38eed7e8495fcefcea6222fb5d2ff5b60fc4b	b9043c16af362f30807deaf692025d61c3c803bba1efc43fe2f63dc8b507418d	sensory.sweet	false	STRUCTURED_RELATION_OUTPUT
compound-case:9caa77f084bc040401580bed	MODIFIER_BASE_SEPARATION	cleaned-output-atom:d917bd47c9e19e20c0edf968	7499aced43869b27f505701e4edc737f0cc346add1240d4ba86fbfa251e0fc35	e6bb5689beec52c4672bd4df92c3613d128d30cdc2b704f76953fe43d89c4ae8		false	STRUCTURED_RELATION_OUTPUT
compound-case:74b03e84975bdef08869348f	MODIFIER_BASE_SEPARATION	cleaned-output-atom:d98753b6968daa1a91e6529f	73d1b1b1bc1dabfb97f216d897b7968e44b06457920f00f2dc6c1ed3be25ad4c	b9043c16af362f30807deaf692025d61c3c803bba1efc43fe2f63dc8b507418d	sensory.sweet	false	STRUCTURED_RELATION_OUTPUT
compound-case:a28db5101fa0fd51a5631b63	MODIFIER_BASE_SEPARATION	cleaned-output-atom:d99d08991a8bb13190f9a83f	9209526aaa61b0709dbb838e14686a26c4a03b53e8eedf34c7e5f6f606110d8c	acbfc58c9b12b002281c0987b9f60a658f66044c2aa142a09d592e4777e3eadc		false	STRUCTURED_RELATION_OUTPUT
compound-case:746ec35e0f78dce78952c6a3	MODIFIER_BASE_SEPARATION	cleaned-output-atom:d9a0f45b2ab1971d1a109382	9209526aaa61b0709dbb838e14686a26c4a03b53e8eedf34c7e5f6f606110d8c	acbfc58c9b12b002281c0987b9f60a658f66044c2aa142a09d592e4777e3eadc		false	STRUCTURED_RELATION_OUTPUT
compound-case:4167933cc553fefe97c6398d	MODIFIER_BASE_SEPARATION	cleaned-output-atom:d9a5711ffb74b0117de2a272	c140c37c7d587b3b0df69eea93f0b478c1bc9151c8424b82d0170b324b25471e	acbfc58c9b12b002281c0987b9f60a658f66044c2aa142a09d592e4777e3eadc	sensory.grape	false	STRUCTURED_RELATION_OUTPUT
compound-case:b33ca91190d7cf295375e6c0	MODIFIER_BASE_SEPARATION	cleaned-output-atom:d9eb6d1a76f293460d8c698c	7499aced43869b27f505701e4edc737f0cc346add1240d4ba86fbfa251e0fc35	e6bb5689beec52c4672bd4df92c3613d128d30cdc2b704f76953fe43d89c4ae8		false	STRUCTURED_RELATION_OUTPUT
compound-case:d4e43499c31f41b188c3d91d	MODIFIER_BASE_SEPARATION	cleaned-output-atom:da08feb72256dfb7b5db1577	7499aced43869b27f505701e4edc737f0cc346add1240d4ba86fbfa251e0fc35	e6bb5689beec52c4672bd4df92c3613d128d30cdc2b704f76953fe43d89c4ae8		false	STRUCTURED_RELATION_OUTPUT
compound-case:676dac5b560c7d16dc33f9a5	COMPOUND_DECOMPOSITION	cleaned-output-atom:dab8120a9a1b2a6d2b4a625c	c9698a79dddd58b6535db7b974018408bd8c9033abd4f37b94075ec008b58995		sensory.plum|sensory.prune	false	STRUCTURED_RELATION_OUTPUT
compound-case:02d652cd6c8b945b8307734f	MODIFIER_BASE_SEPARATION	cleaned-output-atom:dacce382efe48e3c74868952	7499aced43869b27f505701e4edc737f0cc346add1240d4ba86fbfa251e0fc35	e6bb5689beec52c4672bd4df92c3613d128d30cdc2b704f76953fe43d89c4ae8		false	STRUCTURED_RELATION_OUTPUT
compound-case:22f025c7f85a31fe748374e8	MODIFIER_BASE_SEPARATION	cleaned-output-atom:db4102bc422d43b34a6e1635	c1deb3268b977bb925905657adbb0102e853340b00f69a17c1eb72386cac4a42	b9043c16af362f30807deaf692025d61c3c803bba1efc43fe2f63dc8b507418d	sensory.sweet	false	STRUCTURED_RELATION_OUTPUT
compound-case:b3cfb2d0796087c18998877a	MODIFIER_BASE_SEPARATION	cleaned-output-atom:db41fe47aefb7154030aa6ae	73d1b1b1bc1dabfb97f216d897b7968e44b06457920f00f2dc6c1ed3be25ad4c	3b066804f6d1d077173cfe4d06002e6a61e6f21c2b2e648417962115f1afcd8e		false	STRUCTURED_RELATION_OUTPUT
compound-case:eb3f1a505dab37e1df7c9381	MODIFIER_BASE_SEPARATION	cleaned-output-atom:db8eb61eb6a6969a4826ae9d	7499aced43869b27f505701e4edc737f0cc346add1240d4ba86fbfa251e0fc35	e6bb5689beec52c4672bd4df92c3613d128d30cdc2b704f76953fe43d89c4ae8		false	STRUCTURED_RELATION_OUTPUT
compound-case:a07290238767ba38e6715cd2	MODIFIER_BASE_SEPARATION	cleaned-output-atom:dbd12ae7520f135d243d69e7	c1deb3268b977bb925905657adbb0102e853340b00f69a17c1eb72386cac4a42	b9043c16af362f30807deaf692025d61c3c803bba1efc43fe2f63dc8b507418d	sensory.sweet	false	STRUCTURED_RELATION_OUTPUT
compound-case:a02bc542b5d695cbdd10711e	MODIFIER_BASE_SEPARATION	cleaned-output-atom:dc0c78941fb730a2650bf19f	9209526aaa61b0709dbb838e14686a26c4a03b53e8eedf34c7e5f6f606110d8c	acbfc58c9b12b002281c0987b9f60a658f66044c2aa142a09d592e4777e3eadc		false	STRUCTURED_RELATION_OUTPUT
compound-case:5469d5b9a0937d4372b96368	MODIFIER_BASE_SEPARATION	cleaned-output-atom:dcfda7328a4e952631abbecc	7499aced43869b27f505701e4edc737f0cc346add1240d4ba86fbfa251e0fc35	e6bb5689beec52c4672bd4df92c3613d128d30cdc2b704f76953fe43d89c4ae8		false	STRUCTURED_RELATION_OUTPUT
compound-case:77d7c288c7a8dd2b297534b1	MODIFIER_BASE_SEPARATION	cleaned-output-atom:dd37320741dbe73b78697f84	7499aced43869b27f505701e4edc737f0cc346add1240d4ba86fbfa251e0fc35	e6bb5689beec52c4672bd4df92c3613d128d30cdc2b704f76953fe43d89c4ae8		false	STRUCTURED_RELATION_OUTPUT
compound-case:656758cca23bea2d80a3a09b	COMPOUND_DECOMPOSITION	cleaned-output-atom:dd616bc638041bd51d42ce33	9e1659d5a47ec1e34bce604d11a5dc0a4064ed1f4fc23f608333bb726f3b9207		sensory.cherry|sensory.sour	false	STRUCTURED_RELATION_OUTPUT
compound-case:57a1eff87e21bd8495fd7dcc	MODIFIER_BASE_SEPARATION	cleaned-output-atom:dd6c92865dc584304548aaa1	9209526aaa61b0709dbb838e14686a26c4a03b53e8eedf34c7e5f6f606110d8c	acbfc58c9b12b002281c0987b9f60a658f66044c2aa142a09d592e4777e3eadc		false	STRUCTURED_RELATION_OUTPUT
compound-case:ac904eecd85221bb63d54a6d	MODIFIER_BASE_SEPARATION	cleaned-output-atom:dd98d8b696a8bdf12e65d729	7499aced43869b27f505701e4edc737f0cc346add1240d4ba86fbfa251e0fc35	e6bb5689beec52c4672bd4df92c3613d128d30cdc2b704f76953fe43d89c4ae8		false	STRUCTURED_RELATION_OUTPUT
compound-case:e30b5c19f2e7abdaccefe054	MODIFIER_BASE_SEPARATION	cleaned-output-atom:ddeab677b234a11eaae332f1	7499aced43869b27f505701e4edc737f0cc346add1240d4ba86fbfa251e0fc35	e6bb5689beec52c4672bd4df92c3613d128d30cdc2b704f76953fe43d89c4ae8		false	STRUCTURED_RELATION_OUTPUT
compound-case:6bc329baec5c4ce93775d5bb	MODIFIER_BASE_SEPARATION	cleaned-output-atom:ddf41cd472be93e998bad822	4c6a4839f83d20d276e7ba94bde38eed7e8495fcefcea6222fb5d2ff5b60fc4b	b9043c16af362f30807deaf692025d61c3c803bba1efc43fe2f63dc8b507418d	sensory.sweet	false	STRUCTURED_RELATION_OUTPUT
compound-case:a1325072fc1266147698882b	MODIFIER_BASE_SEPARATION	cleaned-output-atom:de24643d34988451942a7c28	9209526aaa61b0709dbb838e14686a26c4a03b53e8eedf34c7e5f6f606110d8c	acbfc58c9b12b002281c0987b9f60a658f66044c2aa142a09d592e4777e3eadc		false	STRUCTURED_RELATION_OUTPUT
compound-case:312b247f5021a635d2c783b6	MODIFIER_BASE_SEPARATION	cleaned-output-atom:de746d974192afd7120aee95	7499aced43869b27f505701e4edc737f0cc346add1240d4ba86fbfa251e0fc35	e6bb5689beec52c4672bd4df92c3613d128d30cdc2b704f76953fe43d89c4ae8		false	STRUCTURED_RELATION_OUTPUT
compound-case:400c10d6b4c38a6e5e808f66	MODIFIER_BASE_SEPARATION	cleaned-output-atom:de931b762f34034ec566a320	7499aced43869b27f505701e4edc737f0cc346add1240d4ba86fbfa251e0fc35	e6bb5689beec52c4672bd4df92c3613d128d30cdc2b704f76953fe43d89c4ae8		false	STRUCTURED_RELATION_OUTPUT
compound-case:cd304ef9a37f93a793a03c7e	MODIFIER_BASE_SEPARATION	cleaned-output-atom:debbc232f4a66d00a2e45ec9	964a9431ff491fd7e0d7436ea1ed3e76e15d1d2e34fae585cdfca3c57805cf75	b9043c16af362f30807deaf692025d61c3c803bba1efc43fe2f63dc8b507418d	sensory.sweet	false	STRUCTURED_RELATION_OUTPUT
compound-case:ca22951c7e4847b15f35d6df	MODIFIER_BASE_SEPARATION	cleaned-output-atom:df4a7176ed061678aaec85cd	9209526aaa61b0709dbb838e14686a26c4a03b53e8eedf34c7e5f6f606110d8c	acbfc58c9b12b002281c0987b9f60a658f66044c2aa142a09d592e4777e3eadc		false	STRUCTURED_RELATION_OUTPUT
compound-case:261d9514a40a41c4cb46c7e3	MODIFIER_BASE_SEPARATION	cleaned-output-atom:df91e9023878cbbcca903335	73d1b1b1bc1dabfb97f216d897b7968e44b06457920f00f2dc6c1ed3be25ad4c	b9043c16af362f30807deaf692025d61c3c803bba1efc43fe2f63dc8b507418d	sensory.sweet	false	STRUCTURED_RELATION_OUTPUT
compound-case:6e5c391e68335ba217a5854e	MODIFIER_BASE_SEPARATION	cleaned-output-atom:dfb3686e3d46b81d26569efb	7499aced43869b27f505701e4edc737f0cc346add1240d4ba86fbfa251e0fc35	e6bb5689beec52c4672bd4df92c3613d128d30cdc2b704f76953fe43d89c4ae8		false	STRUCTURED_RELATION_OUTPUT
compound-case:3801e6a4cc68ca67c16e7856	MODIFIER_BASE_SEPARATION	cleaned-output-atom:dffa79f29e9d41d6e6328036	7499aced43869b27f505701e4edc737f0cc346add1240d4ba86fbfa251e0fc35	e6bb5689beec52c4672bd4df92c3613d128d30cdc2b704f76953fe43d89c4ae8		false	STRUCTURED_RELATION_OUTPUT
compound-case:4361b2d82113ec6f995f0b54	MODIFIER_BASE_SEPARATION	cleaned-output-atom:e04af5d59d5b690f4a70a749	b27962d005893b834d61dd1608daa86473063fd965a93185fe1fe6a3762b9ff3	e6bb5689beec52c4672bd4df92c3613d128d30cdc2b704f76953fe43d89c4ae8		false	STRUCTURED_RELATION_OUTPUT
compound-case:eb65809e2a70c26f96ea675d	MODIFIER_BASE_SEPARATION	cleaned-output-atom:e04b04cfea5740ccdc2e90be	b0fef621727ff82a7d334d9f1f047dc662ed0e27e05aa8fd1aefd19b0fff312c	d098ab5e44b9aabb755f76d806598f43573c662b35e4a2eab1e312ec9ad195e2	sensory.pineapple	false	STRUCTURED_RELATION_OUTPUT
compound-case:083e154229bdb3b8ea1dd2de	COMPOUND_DECOMPOSITION	cleaned-output-atom:e04d587e89255cdbfa169e21	bfd62d807cf7a350e59e66a1ca52696b2a0c8d3db7f1c885dad7ce1bf56289a2		sensory.cocoa|sensory.rose	false	STRUCTURED_RELATION_OUTPUT
compound-case:ce77c86519e384f3b8b4c92f	MODIFIER_BASE_SEPARATION	cleaned-output-atom:e05a8049b483a758a90797d8	7499aced43869b27f505701e4edc737f0cc346add1240d4ba86fbfa251e0fc35	e6bb5689beec52c4672bd4df92c3613d128d30cdc2b704f76953fe43d89c4ae8		false	STRUCTURED_RELATION_OUTPUT
compound-case:d7b922cded85e196081e7a26	MODIFIER_BASE_SEPARATION	cleaned-output-atom:e06758ebca789df8ece1c369	7499aced43869b27f505701e4edc737f0cc346add1240d4ba86fbfa251e0fc35	e6bb5689beec52c4672bd4df92c3613d128d30cdc2b704f76953fe43d89c4ae8		false	STRUCTURED_RELATION_OUTPUT
compound-case:9f53ab8d374ceecf7329e768	MODIFIER_BASE_SEPARATION	cleaned-output-atom:e0b6cd81805ecef092636f10	9209526aaa61b0709dbb838e14686a26c4a03b53e8eedf34c7e5f6f606110d8c	acbfc58c9b12b002281c0987b9f60a658f66044c2aa142a09d592e4777e3eadc		false	STRUCTURED_RELATION_OUTPUT
compound-case:caaa831540e225999e15a995	MODIFIER_BASE_SEPARATION	cleaned-output-atom:e117ee26d2e07915de435536	ff9384d3fc60f2c66823cd2cb92c281bc32eb4cff6f9c0c05dd62e94bac7a4cc	e6bb5689beec52c4672bd4df92c3613d128d30cdc2b704f76953fe43d89c4ae8		false	STRUCTURED_RELATION_OUTPUT
compound-case:8a7404e09bc9e5b852dfcff9	MODIFIER_BASE_SEPARATION	cleaned-output-atom:e144cbde9168b2365f30eaa2	7499aced43869b27f505701e4edc737f0cc346add1240d4ba86fbfa251e0fc35	e6bb5689beec52c4672bd4df92c3613d128d30cdc2b704f76953fe43d89c4ae8		false	STRUCTURED_RELATION_OUTPUT
compound-case:6ed78154472cba6acb577adf	COMPOUND_DECOMPOSITION	cleaned-output-atom:e16b74003eb47cf6935d68c2	238390a1634f0aa715ce5437ff8a08a682b71734c2afdf51f10e2b376670429c		sensory.almond|sensory.butter	false	STRUCTURED_RELATION_OUTPUT
compound-case:082909dc24bb70fe67da99ea	MODIFIER_BASE_SEPARATION	cleaned-output-atom:e19efa72a13b5351bb8247e4	38b2f9e10124d73984c1314760aad80165f7c1e51344238c2b9e630866c82d9e	b9043c16af362f30807deaf692025d61c3c803bba1efc43fe2f63dc8b507418d	sensory.sweet	false	STRUCTURED_RELATION_OUTPUT
compound-case:2769199ff45703b06a16d61f	MODIFIER_BASE_SEPARATION	cleaned-output-atom:e1b9000aac10fe638d3591a2	7499aced43869b27f505701e4edc737f0cc346add1240d4ba86fbfa251e0fc35	e6bb5689beec52c4672bd4df92c3613d128d30cdc2b704f76953fe43d89c4ae8		false	STRUCTURED_RELATION_OUTPUT
compound-case:5cac62c2153032a7d6644f66	MODIFIER_BASE_SEPARATION	cleaned-output-atom:e1bcdeba8cb7f60aca5fbfb0	7499aced43869b27f505701e4edc737f0cc346add1240d4ba86fbfa251e0fc35	e6bb5689beec52c4672bd4df92c3613d128d30cdc2b704f76953fe43d89c4ae8		false	STRUCTURED_RELATION_OUTPUT
compound-case:2312ebcf253e525224319b69	MODIFIER_BASE_SEPARATION	cleaned-output-atom:e1dbe71490f889805c315781	7499aced43869b27f505701e4edc737f0cc346add1240d4ba86fbfa251e0fc35	e6bb5689beec52c4672bd4df92c3613d128d30cdc2b704f76953fe43d89c4ae8		false	STRUCTURED_RELATION_OUTPUT
compound-case:ad2f467bc8e17c401c7a8528	MODIFIER_BASE_SEPARATION	cleaned-output-atom:e1e29c187cdfe7447516f048	c1deb3268b977bb925905657adbb0102e853340b00f69a17c1eb72386cac4a42	b9043c16af362f30807deaf692025d61c3c803bba1efc43fe2f63dc8b507418d	sensory.sweet	false	STRUCTURED_RELATION_OUTPUT
compound-case:a5e4389ba8f2d02b86cac5fe	MODIFIER_BASE_SEPARATION	cleaned-output-atom:e20ad0b2bba7fc9955b1a6d5	7499aced43869b27f505701e4edc737f0cc346add1240d4ba86fbfa251e0fc35	e6bb5689beec52c4672bd4df92c3613d128d30cdc2b704f76953fe43d89c4ae8		false	STRUCTURED_RELATION_OUTPUT
compound-case:c13a9fcd9ba7c166be1134d9	MODIFIER_BASE_SEPARATION	cleaned-output-atom:e24f2173f0efb7a6751a0911	7499aced43869b27f505701e4edc737f0cc346add1240d4ba86fbfa251e0fc35	e6bb5689beec52c4672bd4df92c3613d128d30cdc2b704f76953fe43d89c4ae8		false	STRUCTURED_RELATION_OUTPUT
compound-case:a2c4504002c3d9ce39ebe882	MODIFIER_BASE_SEPARATION	cleaned-output-atom:e28b22d90c2c459acebed7d7	7499aced43869b27f505701e4edc737f0cc346add1240d4ba86fbfa251e0fc35	e6bb5689beec52c4672bd4df92c3613d128d30cdc2b704f76953fe43d89c4ae8		false	STRUCTURED_RELATION_OUTPUT
compound-case:8bc2b71de01d061c2a81e579	MODIFIER_BASE_SEPARATION	cleaned-output-atom:e3033e08c7dbb9fc328c0253	8fa49bdf8fcc5252a9b51fc5a80746033c61a016ddfa7c695d5197abf8a3003a	8290c583738717f6ceea216b3c94302eeaf53dc81bcaf4337a593bb6a752b851		false	STRUCTURED_RELATION_OUTPUT
compound-case:63c1e67928701ad0ef55c4e6	MODIFIER_BASE_SEPARATION	cleaned-output-atom:e31afdcfbb92c8b29637ac4d	77769ae63ad84ef435a820d8a4942202b990795337db76753e7ad651776540d7	e6bb5689beec52c4672bd4df92c3613d128d30cdc2b704f76953fe43d89c4ae8		false	STRUCTURED_RELATION_OUTPUT
compound-case:a99b923c46c52467c2042180	MODIFIER_BASE_SEPARATION	cleaned-output-atom:e3741fc17a22c86b628fd3f4	2affe4b2eff8a81a5afb852d246ed5f370f3ec4b7ad70409d7f47bcac0a1b848	fc66f021c67d064c1490a12b5a4d4d2f5167ca692a16ca12f1f3a4cda29a6fa9		false	STRUCTURED_RELATION_OUTPUT
compound-case:70c43d73e681e450f0204278	MODIFIER_BASE_SEPARATION	cleaned-output-atom:e382a259f2f2dfe3f9d0e66a	af744b1271d651f75a652553026bb73dccd0dc17a321bb88886a0370ea4ba321	c082456a7766e23a18db084cd34b6ff510baef506548b897cc80e9b7d3e121c8		false	STRUCTURED_RELATION_OUTPUT
compound-case:c3c19887723abbe87bfd55ee	MODIFIER_BASE_SEPARATION	cleaned-output-atom:e3a51aad13fb0d5da63d304d	7499aced43869b27f505701e4edc737f0cc346add1240d4ba86fbfa251e0fc35	e6bb5689beec52c4672bd4df92c3613d128d30cdc2b704f76953fe43d89c4ae8		false	STRUCTURED_RELATION_OUTPUT
compound-case:6b15661756d3e7cd3fa74267	MODIFIER_BASE_SEPARATION	cleaned-output-atom:e3d29cc019f68bcfac8cd0ba	4c6a4839f83d20d276e7ba94bde38eed7e8495fcefcea6222fb5d2ff5b60fc4b	b9043c16af362f30807deaf692025d61c3c803bba1efc43fe2f63dc8b507418d	sensory.sweet	false	STRUCTURED_RELATION_OUTPUT
compound-case:be4b51ecc4a85a3402d23718	MODIFIER_BASE_SEPARATION	cleaned-output-atom:e43102aaf33e51b81e7d6867	9209526aaa61b0709dbb838e14686a26c4a03b53e8eedf34c7e5f6f606110d8c	acbfc58c9b12b002281c0987b9f60a658f66044c2aa142a09d592e4777e3eadc		false	STRUCTURED_RELATION_OUTPUT
compound-case:3e188b708f73c2b2906547a3	MODIFIER_BASE_SEPARATION	cleaned-output-atom:e456d0781892df2f0b258ad5	7499aced43869b27f505701e4edc737f0cc346add1240d4ba86fbfa251e0fc35	e6bb5689beec52c4672bd4df92c3613d128d30cdc2b704f76953fe43d89c4ae8		false	STRUCTURED_RELATION_OUTPUT
compound-case:27111a9779dc8dc191142d34	MODIFIER_BASE_SEPARATION	cleaned-output-atom:e463b2196e48a63bbdeb1749	9209526aaa61b0709dbb838e14686a26c4a03b53e8eedf34c7e5f6f606110d8c	acbfc58c9b12b002281c0987b9f60a658f66044c2aa142a09d592e4777e3eadc		false	STRUCTURED_RELATION_OUTPUT
compound-case:5efd908a7911fe0527d65e69	MODIFIER_BASE_SEPARATION	cleaned-output-atom:e48403b11e969677cb1974ed	9209526aaa61b0709dbb838e14686a26c4a03b53e8eedf34c7e5f6f606110d8c	acbfc58c9b12b002281c0987b9f60a658f66044c2aa142a09d592e4777e3eadc		false	STRUCTURED_RELATION_OUTPUT
compound-case:dd6947c3414744d67aeac343	MODIFIER_BASE_SEPARATION	cleaned-output-atom:e4884a6e8e3b94e320d41225	7499aced43869b27f505701e4edc737f0cc346add1240d4ba86fbfa251e0fc35	e6bb5689beec52c4672bd4df92c3613d128d30cdc2b704f76953fe43d89c4ae8		false	STRUCTURED_RELATION_OUTPUT
compound-case:e3835a8d78a49d38338fecf1	COMPOUND_DECOMPOSITION	cleaned-output-atom:e4b5aed05494e54ddb249178	dcfcb61b0d39c093edb676944eb8b57b89ae2fd09b34032aff4d741813b451c1		sensory.lemongrass	false	STRUCTURED_RELATION_OUTPUT
compound-case:c7a2fd609606eb340f2ae255	MODIFIER_BASE_SEPARATION	cleaned-output-atom:e522361eca71ff769d246fd2	7499aced43869b27f505701e4edc737f0cc346add1240d4ba86fbfa251e0fc35	e6bb5689beec52c4672bd4df92c3613d128d30cdc2b704f76953fe43d89c4ae8		false	STRUCTURED_RELATION_OUTPUT
compound-case:5ed8cb4f20b69e2a5e5379a5	MODIFIER_BASE_SEPARATION	cleaned-output-atom:e52baa6428a646d0306d407d	ef77440b6f8382d4ce8d8cf6e0992d3a092e57d91822f8e970be365ec35b14a9	b9043c16af362f30807deaf692025d61c3c803bba1efc43fe2f63dc8b507418d	sensory.sweet	false	STRUCTURED_RELATION_OUTPUT
compound-case:e02fd271ceaab096f9ee897a	MODIFIER_BASE_SEPARATION	cleaned-output-atom:e53b6ece174b3b38d1e255c2	7499aced43869b27f505701e4edc737f0cc346add1240d4ba86fbfa251e0fc35	e6bb5689beec52c4672bd4df92c3613d128d30cdc2b704f76953fe43d89c4ae8		false	STRUCTURED_RELATION_OUTPUT
compound-case:d4e06b8206548cb6f6378c40	MODIFIER_BASE_SEPARATION	cleaned-output-atom:e574747bae610fb9c5bca1bd	e256ee8e7aff6957a781d8328f0f68e26996564c81fa458da59fbca2305138ad	b9043c16af362f30807deaf692025d61c3c803bba1efc43fe2f63dc8b507418d	sensory.sweet	false	STRUCTURED_RELATION_OUTPUT
compound-case:622ddff57456de1b902e4757	MODIFIER_BASE_SEPARATION	cleaned-output-atom:e599ee71cb1cf35152391f3d	7499aced43869b27f505701e4edc737f0cc346add1240d4ba86fbfa251e0fc35	e6bb5689beec52c4672bd4df92c3613d128d30cdc2b704f76953fe43d89c4ae8		false	STRUCTURED_RELATION_OUTPUT
compound-case:70d78ddeed28453a7f6c567d	MODIFIER_BASE_SEPARATION	cleaned-output-atom:e5afcf16ba16b3e39084e976	7499aced43869b27f505701e4edc737f0cc346add1240d4ba86fbfa251e0fc35	e6bb5689beec52c4672bd4df92c3613d128d30cdc2b704f76953fe43d89c4ae8		false	STRUCTURED_RELATION_OUTPUT
compound-case:9adbb9e7a2ba8c823f4825f4	MODIFIER_BASE_SEPARATION	cleaned-output-atom:e6227eb2fcf8d1284b95fb91	7499aced43869b27f505701e4edc737f0cc346add1240d4ba86fbfa251e0fc35	e6bb5689beec52c4672bd4df92c3613d128d30cdc2b704f76953fe43d89c4ae8		false	STRUCTURED_RELATION_OUTPUT
compound-case:a471aee2a2e9c23733722ef7	MODIFIER_BASE_SEPARATION	cleaned-output-atom:e6a65df97e7c5203d5dcbfa4	7499aced43869b27f505701e4edc737f0cc346add1240d4ba86fbfa251e0fc35	e6bb5689beec52c4672bd4df92c3613d128d30cdc2b704f76953fe43d89c4ae8		false	STRUCTURED_RELATION_OUTPUT
compound-case:187cc149ce6aab5fb1ce3b05	MODIFIER_BASE_SEPARATION	cleaned-output-atom:e6df5635e21ce437e9d3c39c	7499aced43869b27f505701e4edc737f0cc346add1240d4ba86fbfa251e0fc35	e6bb5689beec52c4672bd4df92c3613d128d30cdc2b704f76953fe43d89c4ae8		false	STRUCTURED_RELATION_OUTPUT
compound-case:96bbab85cfa58ed741c0eb42	MODIFIER_BASE_SEPARATION	cleaned-output-atom:e738ca8798354558a99ee3be	7499aced43869b27f505701e4edc737f0cc346add1240d4ba86fbfa251e0fc35	e6bb5689beec52c4672bd4df92c3613d128d30cdc2b704f76953fe43d89c4ae8		false	STRUCTURED_RELATION_OUTPUT
compound-case:64bff5d1d4027db5c9993e55	MODIFIER_BASE_SEPARATION	cleaned-output-atom:e7b36a7b7c00a7f65b63396d	7499aced43869b27f505701e4edc737f0cc346add1240d4ba86fbfa251e0fc35	e6bb5689beec52c4672bd4df92c3613d128d30cdc2b704f76953fe43d89c4ae8		false	STRUCTURED_RELATION_OUTPUT
compound-case:77465af2df8bf371d83456f4	MODIFIER_BASE_SEPARATION	cleaned-output-atom:e7fdd8fe038e7522f722274b	9209526aaa61b0709dbb838e14686a26c4a03b53e8eedf34c7e5f6f606110d8c	acbfc58c9b12b002281c0987b9f60a658f66044c2aa142a09d592e4777e3eadc		false	STRUCTURED_RELATION_OUTPUT
compound-case:8a7dc7528500679a3e9ec47d	MODIFIER_BASE_SEPARATION	cleaned-output-atom:e81cc5abe9012bd85fd1ad04	42af43e3616eba4a133a755540a88e6c61085dfe66c6e49e6ab8eaf9daf0c0da	b9043c16af362f30807deaf692025d61c3c803bba1efc43fe2f63dc8b507418d	sensory.sweet	false	STRUCTURED_RELATION_OUTPUT
compound-case:05920215d011efbc18fa862c	MODIFIER_BASE_SEPARATION	cleaned-output-atom:e8589c5070ac6e64b04cdddc	7499aced43869b27f505701e4edc737f0cc346add1240d4ba86fbfa251e0fc35	e6bb5689beec52c4672bd4df92c3613d128d30cdc2b704f76953fe43d89c4ae8		false	STRUCTURED_RELATION_OUTPUT
compound-case:0368036941234872fdc464b4	MODIFIER_BASE_SEPARATION	cleaned-output-atom:e888365598bcf41b34520113	7499aced43869b27f505701e4edc737f0cc346add1240d4ba86fbfa251e0fc35	e6bb5689beec52c4672bd4df92c3613d128d30cdc2b704f76953fe43d89c4ae8		false	STRUCTURED_RELATION_OUTPUT
compound-case:85bd86faee5ec3b92f37dc4e	MODIFIER_BASE_SEPARATION	cleaned-output-atom:e973408c51558a08e7f42be1	4c6a4839f83d20d276e7ba94bde38eed7e8495fcefcea6222fb5d2ff5b60fc4b	3b066804f6d1d077173cfe4d06002e6a61e6f21c2b2e648417962115f1afcd8e		false	STRUCTURED_RELATION_OUTPUT
compound-case:b089b46ea10eba9e2d8440a2	COMPOUND_DECOMPOSITION	cleaned-output-atom:e98593c0eed4bcc5de46d83c	8ad15c821f1de0547615e76965fb03387980b6ebbeaa800f3c4d07818948f19e		sensory.honey|sensory.molasses	false	STRUCTURED_RELATION_OUTPUT
compound-case:57011936c9003df9618aac81	MODIFIER_BASE_SEPARATION	cleaned-output-atom:e9a5d2a44d211b81428a8517	9209526aaa61b0709dbb838e14686a26c4a03b53e8eedf34c7e5f6f606110d8c	acbfc58c9b12b002281c0987b9f60a658f66044c2aa142a09d592e4777e3eadc		false	STRUCTURED_RELATION_OUTPUT
compound-case:ecd5447451a0522c85abebfb	MODIFIER_BASE_SEPARATION	cleaned-output-atom:ea334b1b6db120444afc21fd	9209526aaa61b0709dbb838e14686a26c4a03b53e8eedf34c7e5f6f606110d8c	acbfc58c9b12b002281c0987b9f60a658f66044c2aa142a09d592e4777e3eadc		false	STRUCTURED_RELATION_OUTPUT
compound-case:f7ceedb88e8edac203bda78b	MODIFIER_BASE_SEPARATION	cleaned-output-atom:ea59e64ce27a3eaecbf262df	88a5ff9104bc506bf9e46b8683c33742b8c39cfe1ccb10832f6887748bd30e98	e6bb5689beec52c4672bd4df92c3613d128d30cdc2b704f76953fe43d89c4ae8		false	STRUCTURED_RELATION_OUTPUT
compound-case:901b34c2d6c44f0457fc7fb5	MODIFIER_BASE_SEPARATION	cleaned-output-atom:ea74c3c98e132d67f87c15ad	9209526aaa61b0709dbb838e14686a26c4a03b53e8eedf34c7e5f6f606110d8c	acbfc58c9b12b002281c0987b9f60a658f66044c2aa142a09d592e4777e3eadc		false	STRUCTURED_RELATION_OUTPUT
compound-case:92f86ff5a0018bbde0c22097	MODIFIER_BASE_SEPARATION	cleaned-output-atom:eabb8e0799ec3205d586d404	c1deb3268b977bb925905657adbb0102e853340b00f69a17c1eb72386cac4a42	b9043c16af362f30807deaf692025d61c3c803bba1efc43fe2f63dc8b507418d	sensory.sweet	false	STRUCTURED_RELATION_OUTPUT
compound-case:89cdfe45cc6e8be86a3a16cb	MODIFIER_BASE_SEPARATION	cleaned-output-atom:eb2cff02e187146abaf28939	c1deb3268b977bb925905657adbb0102e853340b00f69a17c1eb72386cac4a42	b9043c16af362f30807deaf692025d61c3c803bba1efc43fe2f63dc8b507418d	sensory.sweet	false	STRUCTURED_RELATION_OUTPUT
compound-case:7572d2926f39b31de3abc47f	MODIFIER_BASE_SEPARATION	cleaned-output-atom:eb66bc42196aba176b28cf67	9209526aaa61b0709dbb838e14686a26c4a03b53e8eedf34c7e5f6f606110d8c	acbfc58c9b12b002281c0987b9f60a658f66044c2aa142a09d592e4777e3eadc		false	STRUCTURED_RELATION_OUTPUT
compound-case:75b17c680fbf9b6dbd314798	COMPOUND_DECOMPOSITION	cleaned-output-atom:ebd9db09e5fef38001093f23	6fd42429c5e2e3efd31c1acf7baa1dc78e476c89d4a7e38930d9800e560436b0		sensory.caramel|sensory.prune	false	STRUCTURED_RELATION_OUTPUT
compound-case:443cd97e7d440af7179aec63	COMPOUND_DECOMPOSITION	cleaned-output-atom:ec197cd58cd4698acb95e413	9e1659d5a47ec1e34bce604d11a5dc0a4064ed1f4fc23f608333bb726f3b9207		sensory.cherry|sensory.sour	false	STRUCTURED_RELATION_OUTPUT
compound-case:d4f7ddc6a96de1942d1d8775	COMPOUND_DECOMPOSITION	cleaned-output-atom:ec19ff9459760ca5582ee888	2fe6cf791dd1cfbc6ee4b6d0b7a32addb8f3518e617e4f813d434cc2fc4ce1d7		sensory.caramel|sensory.raspberry	false	STRUCTURED_RELATION_OUTPUT
compound-case:188994b4b2a0553fd3be03b7	MODIFIER_BASE_SEPARATION	cleaned-output-atom:ecf7474f4f98b53e38f6ff2c	9209526aaa61b0709dbb838e14686a26c4a03b53e8eedf34c7e5f6f606110d8c	acbfc58c9b12b002281c0987b9f60a658f66044c2aa142a09d592e4777e3eadc		false	STRUCTURED_RELATION_OUTPUT
compound-case:7317df3469e166016e8be9e4	MODIFIER_BASE_SEPARATION	cleaned-output-atom:ed67386b3dab5269283a9511	4c6a4839f83d20d276e7ba94bde38eed7e8495fcefcea6222fb5d2ff5b60fc4b	b9043c16af362f30807deaf692025d61c3c803bba1efc43fe2f63dc8b507418d	sensory.sweet	false	STRUCTURED_RELATION_OUTPUT
compound-case:acf42295b737151c828fa463	MODIFIER_BASE_SEPARATION	cleaned-output-atom:edce6e78dc3e93a226997ea7	58e989955f4b358feb6e4580eff3c7a04f5d9fa2d8381a6479cdfffa4cbe1211	b9043c16af362f30807deaf692025d61c3c803bba1efc43fe2f63dc8b507418d	sensory.sweet	false	STRUCTURED_RELATION_OUTPUT
compound-case:809961363cf5dce71cebd171	MODIFIER_BASE_SEPARATION	cleaned-output-atom:ee0068393732282c5dfb8784	7499aced43869b27f505701e4edc737f0cc346add1240d4ba86fbfa251e0fc35	e6bb5689beec52c4672bd4df92c3613d128d30cdc2b704f76953fe43d89c4ae8		false	STRUCTURED_RELATION_OUTPUT
compound-case:e214e857dc11f6cb47c0b43c	MODIFIER_BASE_SEPARATION	cleaned-output-atom:ef33d0ffba7b654487179c76	7499aced43869b27f505701e4edc737f0cc346add1240d4ba86fbfa251e0fc35	e6bb5689beec52c4672bd4df92c3613d128d30cdc2b704f76953fe43d89c4ae8		false	STRUCTURED_RELATION_OUTPUT
compound-case:abdf41aa5b0f4f805d6f7092	MODIFIER_BASE_SEPARATION	cleaned-output-atom:ef73b53b6b4275eb38cde616	6ab2389ba3717ccc27da92c1bbb8df7de96b0ee80b2062b2429497781ad5e6ba	e6bb5689beec52c4672bd4df92c3613d128d30cdc2b704f76953fe43d89c4ae8		false	STRUCTURED_RELATION_OUTPUT
compound-case:49b9553918e81d54f8a39bce	MODIFIER_BASE_SEPARATION	cleaned-output-atom:efc953d7fab8aad4305cdf2c	05343e9845302eb730fa9d18ac7b28d5e509893daf1eb76ede8d6e82d47b2da9	b9043c16af362f30807deaf692025d61c3c803bba1efc43fe2f63dc8b507418d	sensory.sweet	false	STRUCTURED_RELATION_OUTPUT
compound-case:11f9a7aaee13b59be237d79f	MODIFIER_BASE_SEPARATION	cleaned-output-atom:f039297eeb5a5f319262377c	7499aced43869b27f505701e4edc737f0cc346add1240d4ba86fbfa251e0fc35	e6bb5689beec52c4672bd4df92c3613d128d30cdc2b704f76953fe43d89c4ae8		false	STRUCTURED_RELATION_OUTPUT
compound-case:b11a89999729597666453b12	MODIFIER_BASE_SEPARATION	cleaned-output-atom:f049bf5b48240c3e594da1ca	7499aced43869b27f505701e4edc737f0cc346add1240d4ba86fbfa251e0fc35	e6bb5689beec52c4672bd4df92c3613d128d30cdc2b704f76953fe43d89c4ae8		false	STRUCTURED_RELATION_OUTPUT
compound-case:2a459c1d30eb3903e9458579	MODIFIER_BASE_SEPARATION	cleaned-output-atom:f077b52433083b416334d651	7499aced43869b27f505701e4edc737f0cc346add1240d4ba86fbfa251e0fc35	e6bb5689beec52c4672bd4df92c3613d128d30cdc2b704f76953fe43d89c4ae8		false	STRUCTURED_RELATION_OUTPUT
compound-case:03d6289aaa9c26267ea87d2d	MODIFIER_BASE_SEPARATION	cleaned-output-atom:f08c8752b98deb084fa346aa	7499aced43869b27f505701e4edc737f0cc346add1240d4ba86fbfa251e0fc35	e6bb5689beec52c4672bd4df92c3613d128d30cdc2b704f76953fe43d89c4ae8		false	STRUCTURED_RELATION_OUTPUT
compound-case:bc5a9167a6193e21b45cf6b4	MODIFIER_BASE_SEPARATION	cleaned-output-atom:f08e1bd290861785a6757bca	4c6a4839f83d20d276e7ba94bde38eed7e8495fcefcea6222fb5d2ff5b60fc4b	b9043c16af362f30807deaf692025d61c3c803bba1efc43fe2f63dc8b507418d	sensory.sweet	false	STRUCTURED_RELATION_OUTPUT
compound-case:a927545cd5f1f3f0afcca1d0	MODIFIER_BASE_SEPARATION	cleaned-output-atom:f095378a209900923a906181	7499aced43869b27f505701e4edc737f0cc346add1240d4ba86fbfa251e0fc35	e6bb5689beec52c4672bd4df92c3613d128d30cdc2b704f76953fe43d89c4ae8		false	STRUCTURED_RELATION_OUTPUT
compound-case:101599bc0492df4347611fe6	MODIFIER_BASE_SEPARATION	cleaned-output-atom:f098a998724bfca628ea6ad8	c1deb3268b977bb925905657adbb0102e853340b00f69a17c1eb72386cac4a42	b9043c16af362f30807deaf692025d61c3c803bba1efc43fe2f63dc8b507418d	sensory.sweet	false	STRUCTURED_RELATION_OUTPUT
compound-case:5cb897c62cd8824cae200211	MODIFIER_BASE_SEPARATION	cleaned-output-atom:f0dab296e0282af6badea1ad	c1deb3268b977bb925905657adbb0102e853340b00f69a17c1eb72386cac4a42	b9043c16af362f30807deaf692025d61c3c803bba1efc43fe2f63dc8b507418d	sensory.sweet	false	STRUCTURED_RELATION_OUTPUT
compound-case:1e2c16f9f6a33065fb362489	MODIFIER_BASE_SEPARATION	cleaned-output-atom:f0f35515397aa93c95e70c5a	c1deb3268b977bb925905657adbb0102e853340b00f69a17c1eb72386cac4a42	b9043c16af362f30807deaf692025d61c3c803bba1efc43fe2f63dc8b507418d	sensory.sweet	false	STRUCTURED_RELATION_OUTPUT
compound-case:a25636d05b71cd8927a2f3dc	MODIFIER_BASE_SEPARATION	cleaned-output-atom:f13c17c41fb3887629d52d46	c1deb3268b977bb925905657adbb0102e853340b00f69a17c1eb72386cac4a42	b9043c16af362f30807deaf692025d61c3c803bba1efc43fe2f63dc8b507418d	sensory.sweet	false	STRUCTURED_RELATION_OUTPUT
compound-case:8ebb74b0ff45ae0e2ce3899b	MODIFIER_BASE_SEPARATION	cleaned-output-atom:f161aae0e78a87526936ed02	7499aced43869b27f505701e4edc737f0cc346add1240d4ba86fbfa251e0fc35	e6bb5689beec52c4672bd4df92c3613d128d30cdc2b704f76953fe43d89c4ae8		false	STRUCTURED_RELATION_OUTPUT
compound-case:1c395a149f93d605616b7434	MODIFIER_BASE_SEPARATION	cleaned-output-atom:f18f46a1c3d56d6f5721cfe8	7499aced43869b27f505701e4edc737f0cc346add1240d4ba86fbfa251e0fc35	e6bb5689beec52c4672bd4df92c3613d128d30cdc2b704f76953fe43d89c4ae8		false	STRUCTURED_RELATION_OUTPUT
compound-case:1e1f08adc8c29c8e9d29bab5	COMPOUND_DECOMPOSITION	cleaned-output-atom:f22aba87680e40f803cc8610	f464d7d71c06e47a535ce441aa202aa717cddeab902a45b0c283aac7a9a090d7	b9043c16af362f30807deaf692025d61c3c803bba1efc43fe2f63dc8b507418d	sensory.lemon|sensory.sweet	false	STRUCTURED_RELATION_OUTPUT
compound-case:03b6c51f26850b7b79c32b93	MODIFIER_BASE_SEPARATION	cleaned-output-atom:f25ac35222a08fc2d3822b7a	c1deb3268b977bb925905657adbb0102e853340b00f69a17c1eb72386cac4a42	b9043c16af362f30807deaf692025d61c3c803bba1efc43fe2f63dc8b507418d	sensory.sweet	false	STRUCTURED_RELATION_OUTPUT
compound-case:21172ea5331cf67ea5123003	MODIFIER_BASE_SEPARATION	cleaned-output-atom:f2a3de1b64ed13f20259d305	48fb71763d97b54b752aa17694977d1f87c7707415f25ab63ac2ea2495347ae6	b9043c16af362f30807deaf692025d61c3c803bba1efc43fe2f63dc8b507418d	sensory.sweet	false	STRUCTURED_RELATION_OUTPUT
compound-case:9474fb8db2093a8fab42e32b	MODIFIER_BASE_SEPARATION	cleaned-output-atom:f2a866047777852961cf8d4f	7d108ddb9255c7f990a9ec23453aea2b99ac06e5150c1e70e804e64dc22ee748	d0d092b83d4aefab43b6c1ba0d766d7e1a0d2677ab9abe374d6d5fe83a1ee641		false	STRUCTURED_RELATION_OUTPUT
compound-case:92c30ff6b8c8e33e958734ac	MODIFIER_BASE_SEPARATION	cleaned-output-atom:f2e411db85484a54e8828562	294a4b4d9b55453f7008474cd62f6f7473badb1f50c585c2f2dd9e6d77b86ab9	533703fd6141e25f565fa24dee8ada19e1765495adb3daae56565b3bb6b4957a	sensory.apple	false	STRUCTURED_RELATION_OUTPUT
compound-case:74478177e9ea29efe33910a1	MODIFIER_BASE_SEPARATION	cleaned-output-atom:f3227da8533acbc7f20ba61d	7499aced43869b27f505701e4edc737f0cc346add1240d4ba86fbfa251e0fc35	e6bb5689beec52c4672bd4df92c3613d128d30cdc2b704f76953fe43d89c4ae8		false	STRUCTURED_RELATION_OUTPUT
compound-case:786e5dc4bd15551a18afc336	MODIFIER_BASE_SEPARATION	cleaned-output-atom:f39891dcbc743e9cdec1ecf0	c1deb3268b977bb925905657adbb0102e853340b00f69a17c1eb72386cac4a42	b9043c16af362f30807deaf692025d61c3c803bba1efc43fe2f63dc8b507418d	sensory.sweet	false	STRUCTURED_RELATION_OUTPUT
compound-case:22d70d0ad79ebdb22831840d	MODIFIER_BASE_SEPARATION	cleaned-output-atom:f3ab329731bc8f04de1f2edc	7499aced43869b27f505701e4edc737f0cc346add1240d4ba86fbfa251e0fc35	e6bb5689beec52c4672bd4df92c3613d128d30cdc2b704f76953fe43d89c4ae8		false	STRUCTURED_RELATION_OUTPUT
compound-case:879461d21a0ef1ea09066bb2	MODIFIER_BASE_SEPARATION	cleaned-output-atom:f3d5667a9c2dee24d85d608b	7499aced43869b27f505701e4edc737f0cc346add1240d4ba86fbfa251e0fc35	e6bb5689beec52c4672bd4df92c3613d128d30cdc2b704f76953fe43d89c4ae8		false	STRUCTURED_RELATION_OUTPUT
compound-case:f6c4609b2b07eea83af43967	MODIFIER_BASE_SEPARATION	cleaned-output-atom:f3d99022e165674416c2aec9	4d1608c849f1a4968565d5019e500b9c3541f654c33ac9d096b610d27229499c	b9043c16af362f30807deaf692025d61c3c803bba1efc43fe2f63dc8b507418d	sensory.sweet	false	STRUCTURED_RELATION_OUTPUT
compound-case:98da454577e079e6637f2930	MODIFIER_BASE_SEPARATION	cleaned-output-atom:f4102d2980bd9921c7c226ce	42be22c266603b34e0931de4d85a66ac830546d63afbb777a1a623e8e376ae35	3b066804f6d1d077173cfe4d06002e6a61e6f21c2b2e648417962115f1afcd8e		false	STRUCTURED_RELATION_OUTPUT
compound-case:f0ec8426714987693161e607	MODIFIER_BASE_SEPARATION	cleaned-output-atom:f47d34273b25d42f85bad587	9209526aaa61b0709dbb838e14686a26c4a03b53e8eedf34c7e5f6f606110d8c	acbfc58c9b12b002281c0987b9f60a658f66044c2aa142a09d592e4777e3eadc		false	STRUCTURED_RELATION_OUTPUT
compound-case:74067697e6008a5cdc1b56d1	MODIFIER_BASE_SEPARATION	cleaned-output-atom:f48645948cb1d13ba7931b48	7499aced43869b27f505701e4edc737f0cc346add1240d4ba86fbfa251e0fc35	e6bb5689beec52c4672bd4df92c3613d128d30cdc2b704f76953fe43d89c4ae8		false	STRUCTURED_RELATION_OUTPUT
compound-case:e4f23265d4d04f3a88e20dfd	MODIFIER_BASE_SEPARATION	cleaned-output-atom:f4d2670730d689d3f53f6f4b	9209526aaa61b0709dbb838e14686a26c4a03b53e8eedf34c7e5f6f606110d8c	acbfc58c9b12b002281c0987b9f60a658f66044c2aa142a09d592e4777e3eadc		false	STRUCTURED_RELATION_OUTPUT
compound-case:84d8a8d520ea562ed299186a	MODIFIER_BASE_SEPARATION	cleaned-output-atom:f4ef3dd44a86cf005c881e2f	9209526aaa61b0709dbb838e14686a26c4a03b53e8eedf34c7e5f6f606110d8c	acbfc58c9b12b002281c0987b9f60a658f66044c2aa142a09d592e4777e3eadc		false	STRUCTURED_RELATION_OUTPUT
compound-case:46259c68d7b24b9a9c9f32ae	MODIFIER_BASE_SEPARATION	cleaned-output-atom:f53c482a3588b697865951ee	7499aced43869b27f505701e4edc737f0cc346add1240d4ba86fbfa251e0fc35	e6bb5689beec52c4672bd4df92c3613d128d30cdc2b704f76953fe43d89c4ae8		false	STRUCTURED_RELATION_OUTPUT
compound-case:8f38eac84e64b1ee4b52c513	MODIFIER_BASE_SEPARATION	cleaned-output-atom:f5f1e2da2d74dc0b315b1e0f	7499aced43869b27f505701e4edc737f0cc346add1240d4ba86fbfa251e0fc35	e6bb5689beec52c4672bd4df92c3613d128d30cdc2b704f76953fe43d89c4ae8		false	STRUCTURED_RELATION_OUTPUT
compound-case:42d6b9a5194ef0707e5eacf9	MODIFIER_BASE_SEPARATION	cleaned-output-atom:f6958bb873bff7bb7f16cbe2	9209526aaa61b0709dbb838e14686a26c4a03b53e8eedf34c7e5f6f606110d8c	acbfc58c9b12b002281c0987b9f60a658f66044c2aa142a09d592e4777e3eadc		false	STRUCTURED_RELATION_OUTPUT
compound-case:63b9e609c8e5f141061ada81	MODIFIER_BASE_SEPARATION	cleaned-output-atom:f72d6566bc0722fbb594a2e0	58e989955f4b358feb6e4580eff3c7a04f5d9fa2d8381a6479cdfffa4cbe1211	b9043c16af362f30807deaf692025d61c3c803bba1efc43fe2f63dc8b507418d	sensory.sweet	false	STRUCTURED_RELATION_OUTPUT
compound-case:6b2efeb662f97abf5dbd13b6	MODIFIER_BASE_SEPARATION	cleaned-output-atom:f73f87edcc63dae6543b0e62	7499aced43869b27f505701e4edc737f0cc346add1240d4ba86fbfa251e0fc35	e6bb5689beec52c4672bd4df92c3613d128d30cdc2b704f76953fe43d89c4ae8		false	STRUCTURED_RELATION_OUTPUT
compound-case:5230d021cd37bd9c075fba77	MODIFIER_BASE_SEPARATION	cleaned-output-atom:f742de71d0c61faabfd67ab8	c1dd40e8bf19c3df664120b675c082630bd68553bb502cb09366851c3084ed96	8290c583738717f6ceea216b3c94302eeaf53dc81bcaf4337a593bb6a752b851	sensory.cherry	false	STRUCTURED_RELATION_OUTPUT
compound-case:735cd953283e0d30ed16d210	MODIFIER_BASE_SEPARATION	cleaned-output-atom:f76ba1424e85c1ecc27e1dd7	9209526aaa61b0709dbb838e14686a26c4a03b53e8eedf34c7e5f6f606110d8c	acbfc58c9b12b002281c0987b9f60a658f66044c2aa142a09d592e4777e3eadc		false	STRUCTURED_RELATION_OUTPUT
compound-case:239365201355ded88bf0d5a1	MODIFIER_BASE_SEPARATION	cleaned-output-atom:f77093914f86aa9240682b20	4c6a4839f83d20d276e7ba94bde38eed7e8495fcefcea6222fb5d2ff5b60fc4b	b9043c16af362f30807deaf692025d61c3c803bba1efc43fe2f63dc8b507418d	sensory.sweet	false	STRUCTURED_RELATION_OUTPUT
compound-case:00b70616592eb4840bed3baa	MODIFIER_BASE_SEPARATION	cleaned-output-atom:f77c2d07d02a71c5b6a2a053	9209526aaa61b0709dbb838e14686a26c4a03b53e8eedf34c7e5f6f606110d8c	acbfc58c9b12b002281c0987b9f60a658f66044c2aa142a09d592e4777e3eadc		false	STRUCTURED_RELATION_OUTPUT
compound-case:2258b86b28b4c9e8c75507bb	COMPOUND_DECOMPOSITION	cleaned-output-atom:f797fc6f4613dbf53018c8a7	b0d04ff05462189837234edb33e2dba634a7a415ca4b8ca6880f507688c6e5e9		sensory.lime|sensory.peach	false	STRUCTURED_RELATION_OUTPUT
compound-case:6f5d897ceb7992e18e0d868c	MODIFIER_BASE_SEPARATION	cleaned-output-atom:f7b89dbf5669e9d74636e663	e70e21ed6fd5bdb34cec71b5621aff22134a3c2d159e630b1fbd1da22175dc03	f5f445528f4a0134354c891fbd95fd0734d25cb2c9206c4684545ae49b14d29b		false	STRUCTURED_RELATION_OUTPUT
compound-case:ea245c473d977e63861c0801	MODIFIER_BASE_SEPARATION	cleaned-output-atom:f7e6bd758a635cb6dffe463c	94e8566ddfc123edf115fcbb35a16973409d95e05e3deb7dc4a15a7af325a885	d098ab5e44b9aabb755f76d806598f43573c662b35e4a2eab1e312ec9ad195e2		false	STRUCTURED_RELATION_OUTPUT
compound-case:cc72c164058f23e71ceaf36c	MODIFIER_BASE_SEPARATION	cleaned-output-atom:f7ebf8f77bbd760153ec9a52	9209526aaa61b0709dbb838e14686a26c4a03b53e8eedf34c7e5f6f606110d8c	acbfc58c9b12b002281c0987b9f60a658f66044c2aa142a09d592e4777e3eadc		false	STRUCTURED_RELATION_OUTPUT
compound-case:2ebfad8624a372bdf21c47f6	MODIFIER_BASE_SEPARATION	cleaned-output-atom:f7f6ce5af177236d0218201b	7499aced43869b27f505701e4edc737f0cc346add1240d4ba86fbfa251e0fc35	e6bb5689beec52c4672bd4df92c3613d128d30cdc2b704f76953fe43d89c4ae8		false	STRUCTURED_RELATION_OUTPUT
compound-case:b2dee78d95bb4918bdb6f40d	MODIFIER_BASE_SEPARATION	cleaned-output-atom:f849e958e8151e08f91f0bad	7499aced43869b27f505701e4edc737f0cc346add1240d4ba86fbfa251e0fc35	e6bb5689beec52c4672bd4df92c3613d128d30cdc2b704f76953fe43d89c4ae8		false	STRUCTURED_RELATION_OUTPUT
compound-case:a52edd475fcf1af6dbf9050b	MODIFIER_BASE_SEPARATION	cleaned-output-atom:f8962002adc29b35b1762344	7499aced43869b27f505701e4edc737f0cc346add1240d4ba86fbfa251e0fc35	e6bb5689beec52c4672bd4df92c3613d128d30cdc2b704f76953fe43d89c4ae8		false	STRUCTURED_RELATION_OUTPUT
compound-case:14dffcb6a619177b7f805d2c	MODIFIER_BASE_SEPARATION	cleaned-output-atom:f8f53bf18c656e2a109f5de8	7499aced43869b27f505701e4edc737f0cc346add1240d4ba86fbfa251e0fc35	e6bb5689beec52c4672bd4df92c3613d128d30cdc2b704f76953fe43d89c4ae8		false	STRUCTURED_RELATION_OUTPUT
compound-case:a15dc4223a7bce470219213c	COMPOUND_DECOMPOSITION	cleaned-output-atom:f9664586d45ce2580d183540	40e2d6b4f17c226a9f2ffbd9f6459b80ae17ca2e24250f3e9295e7f3cb4079b8		sensory.bitter|sensory.cocoa	false	STRUCTURED_RELATION_OUTPUT
compound-case:48e9fb40b12a62f882948053	MODIFIER_BASE_SEPARATION	cleaned-output-atom:fa375c396375ce9a150859a2	9209526aaa61b0709dbb838e14686a26c4a03b53e8eedf34c7e5f6f606110d8c	acbfc58c9b12b002281c0987b9f60a658f66044c2aa142a09d592e4777e3eadc		false	STRUCTURED_RELATION_OUTPUT
compound-case:2b6a52a2c04acc14e7a833eb	MODIFIER_BASE_SEPARATION	cleaned-output-atom:fa471cb56b756518b06b2e1f	42af43e3616eba4a133a755540a88e6c61085dfe66c6e49e6ab8eaf9daf0c0da	b9043c16af362f30807deaf692025d61c3c803bba1efc43fe2f63dc8b507418d	sensory.sweet	false	STRUCTURED_RELATION_OUTPUT
compound-case:2d42091fc3581cc8d454158c	MODIFIER_BASE_SEPARATION	cleaned-output-atom:fa8c6489519147c50ec2d3d6	c1deb3268b977bb925905657adbb0102e853340b00f69a17c1eb72386cac4a42	b9043c16af362f30807deaf692025d61c3c803bba1efc43fe2f63dc8b507418d	sensory.sweet	false	STRUCTURED_RELATION_OUTPUT
compound-case:949a795c13530c2c23d07d3c	MODIFIER_BASE_SEPARATION	cleaned-output-atom:fac94ad3ff12145832d50aa8	7499aced43869b27f505701e4edc737f0cc346add1240d4ba86fbfa251e0fc35	e6bb5689beec52c4672bd4df92c3613d128d30cdc2b704f76953fe43d89c4ae8		false	STRUCTURED_RELATION_OUTPUT
compound-case:68dac84869f01910dda10324	MODIFIER_BASE_SEPARATION	cleaned-output-atom:fae8089efb792f7056460bc0	7499aced43869b27f505701e4edc737f0cc346add1240d4ba86fbfa251e0fc35	e6bb5689beec52c4672bd4df92c3613d128d30cdc2b704f76953fe43d89c4ae8		false	STRUCTURED_RELATION_OUTPUT
compound-case:91850bcbb89a8e266d0cba5b	MODIFIER_BASE_SEPARATION	cleaned-output-atom:fb0e13f0c13e2cb0b37c43d2	4c6a4839f83d20d276e7ba94bde38eed7e8495fcefcea6222fb5d2ff5b60fc4b	b9043c16af362f30807deaf692025d61c3c803bba1efc43fe2f63dc8b507418d	sensory.sweet	false	STRUCTURED_RELATION_OUTPUT
compound-case:bd79c77c8d63606bf966dce5	MODIFIER_BASE_SEPARATION	cleaned-output-atom:fb3dd0258cfecbd6ef76b45f	f7842ee94edff6173a2ffccd4eada7572947cdd9a985f919da7ebdaca7447fc5	b9043c16af362f30807deaf692025d61c3c803bba1efc43fe2f63dc8b507418d	sensory.sweet	false	STRUCTURED_RELATION_OUTPUT
compound-case:1676ecb925711ab45eb84de2	MODIFIER_BASE_SEPARATION	cleaned-output-atom:fb764292c6fccbb56f95621d	7499aced43869b27f505701e4edc737f0cc346add1240d4ba86fbfa251e0fc35	e6bb5689beec52c4672bd4df92c3613d128d30cdc2b704f76953fe43d89c4ae8		false	STRUCTURED_RELATION_OUTPUT
compound-case:e8eb68739b41491b040c042f	MODIFIER_BASE_SEPARATION	cleaned-output-atom:fb986420f2d81e0119414c2b	73d1b1b1bc1dabfb97f216d897b7968e44b06457920f00f2dc6c1ed3be25ad4c	b9043c16af362f30807deaf692025d61c3c803bba1efc43fe2f63dc8b507418d	sensory.sweet	false	STRUCTURED_RELATION_OUTPUT
compound-case:f3717ea4bf2f1b62047ea0bf	MODIFIER_BASE_SEPARATION	cleaned-output-atom:fbe85fb626a4197f5e0e836f	aa775f4656c80eb15b84089e8e1ed6f98ea40582af9444dbe29ff7f490aa6639	b9043c16af362f30807deaf692025d61c3c803bba1efc43fe2f63dc8b507418d	sensory.sweet	false	STRUCTURED_RELATION_OUTPUT
compound-case:41683a24e6d742e64db1e0d6	MODIFIER_BASE_SEPARATION	cleaned-output-atom:fbf8efa97be23f7b2129eef5	c1deb3268b977bb925905657adbb0102e853340b00f69a17c1eb72386cac4a42	b9043c16af362f30807deaf692025d61c3c803bba1efc43fe2f63dc8b507418d	sensory.sweet	false	STRUCTURED_RELATION_OUTPUT
compound-case:3645247d6f01589b4a56824d	MODIFIER_BASE_SEPARATION	cleaned-output-atom:fc149bb9349013348c7685dc	9209526aaa61b0709dbb838e14686a26c4a03b53e8eedf34c7e5f6f606110d8c	acbfc58c9b12b002281c0987b9f60a658f66044c2aa142a09d592e4777e3eadc		false	STRUCTURED_RELATION_OUTPUT
compound-case:ee06bbea532b69fdf351753e	MODIFIER_BASE_SEPARATION	cleaned-output-atom:fc9d31eae1369627d1d09a65	7499aced43869b27f505701e4edc737f0cc346add1240d4ba86fbfa251e0fc35	e6bb5689beec52c4672bd4df92c3613d128d30cdc2b704f76953fe43d89c4ae8		false	STRUCTURED_RELATION_OUTPUT
compound-case:b7644e7449e8e7d24f23a1bd	MODIFIER_BASE_SEPARATION	cleaned-output-atom:fcbad5b7c7363252cf9444b0	9209526aaa61b0709dbb838e14686a26c4a03b53e8eedf34c7e5f6f606110d8c	acbfc58c9b12b002281c0987b9f60a658f66044c2aa142a09d592e4777e3eadc		false	STRUCTURED_RELATION_OUTPUT
compound-case:9b0b698a284248912ee1898b	MODIFIER_BASE_SEPARATION	cleaned-output-atom:fd67455e898833bafd02a7ab	9209526aaa61b0709dbb838e14686a26c4a03b53e8eedf34c7e5f6f606110d8c	acbfc58c9b12b002281c0987b9f60a658f66044c2aa142a09d592e4777e3eadc		false	STRUCTURED_RELATION_OUTPUT
compound-case:014f3df7a98d0db4b0e0a3cf	MODIFIER_BASE_SEPARATION	cleaned-output-atom:fd917c23a0147ba0c1564e65	c1deb3268b977bb925905657adbb0102e853340b00f69a17c1eb72386cac4a42	b9043c16af362f30807deaf692025d61c3c803bba1efc43fe2f63dc8b507418d	sensory.sweet	false	STRUCTURED_RELATION_OUTPUT
compound-case:3b878b50dc1ebd938a3869ff	MODIFIER_BASE_SEPARATION	cleaned-output-atom:fde993dcb0b3b0cb1319ce28	8bc6ff0c6c14507ad11d307a16be00852ec3f1ec28d886f333d8c1ed7eae76d5	b9043c16af362f30807deaf692025d61c3c803bba1efc43fe2f63dc8b507418d	sensory.sweet	false	STRUCTURED_RELATION_OUTPUT
compound-case:c8624f275867666cfb40db13	MODIFIER_BASE_SEPARATION	cleaned-output-atom:fdeebcb57d802215b135b65a	7499aced43869b27f505701e4edc737f0cc346add1240d4ba86fbfa251e0fc35	e6bb5689beec52c4672bd4df92c3613d128d30cdc2b704f76953fe43d89c4ae8		false	STRUCTURED_RELATION_OUTPUT
compound-case:2d259f1d79894709dbf8b2fe	MODIFIER_BASE_SEPARATION	cleaned-output-atom:fe2eda7e40671ad1cd7d278a	7499aced43869b27f505701e4edc737f0cc346add1240d4ba86fbfa251e0fc35	e6bb5689beec52c4672bd4df92c3613d128d30cdc2b704f76953fe43d89c4ae8		false	STRUCTURED_RELATION_OUTPUT
compound-case:a932690d9e536011c6fd4cff	MODIFIER_BASE_SEPARATION	cleaned-output-atom:fe38e30849c8dd9f0926fd9e	9209526aaa61b0709dbb838e14686a26c4a03b53e8eedf34c7e5f6f606110d8c	acbfc58c9b12b002281c0987b9f60a658f66044c2aa142a09d592e4777e3eadc		false	STRUCTURED_RELATION_OUTPUT
compound-case:e5f7ad685c484a9262eaa0c5	MODIFIER_BASE_SEPARATION	cleaned-output-atom:fe789e192a4a1ea17723cabd	0680152892ac266db93952ca39d7cf9de67150eb2eb4bce51615384ddb971f32	3b066804f6d1d077173cfe4d06002e6a61e6f21c2b2e648417962115f1afcd8e		false	STRUCTURED_RELATION_OUTPUT
compound-case:4aa5b8e9c2e418165b594b4f	MODIFIER_BASE_SEPARATION	cleaned-output-atom:fecf860811f54f957012fe71	c8d9b5b210b9ebc5a60b33ac59b8a3821cf59b667c07e6ff6b2749681c5abc3e	447f7f5c325ea17e635bef91bac42e27c55490450f38f1815d8d6c0bb36687ac		false	STRUCTURED_RELATION_OUTPUT
compound-case:387ade3beb6aa88cf5b09ffe	MODIFIER_BASE_SEPARATION	cleaned-output-atom:fed4490cc518fa701f1291a8	7499aced43869b27f505701e4edc737f0cc346add1240d4ba86fbfa251e0fc35	e6bb5689beec52c4672bd4df92c3613d128d30cdc2b704f76953fe43d89c4ae8		false	STRUCTURED_RELATION_OUTPUT
compound-case:2dea4146e60aec3a1217444f	MODIFIER_BASE_SEPARATION	cleaned-output-atom:ff379f7b7fc202ffcdbc49c2	7499aced43869b27f505701e4edc737f0cc346add1240d4ba86fbfa251e0fc35	e6bb5689beec52c4672bd4df92c3613d128d30cdc2b704f76953fe43d89c4ae8		false	STRUCTURED_RELATION_OUTPUT
compound-case:06ca003fa4d58f2dbc686745	COMPOUND_DECOMPOSITION	cleaned-output-atom:ff85dcf13f74504bc06e0330	bc0e8640fb821a9ce302dd3c00e5cf2a6a6d4ff77872aa80e6f39084aabba663		sensory.lemon|sensory.orange	false	STRUCTURED_RELATION_OUTPUT
compound-case:2affa6923c84e3db41152d65	MODIFIER_BASE_SEPARATION	cleaned-output-atom:ff9f4d9b3763ca15c433d02e	4c6a4839f83d20d276e7ba94bde38eed7e8495fcefcea6222fb5d2ff5b60fc4b	b9043c16af362f30807deaf692025d61c3c803bba1efc43fe2f63dc8b507418d	sensory.sweet	false	STRUCTURED_RELATION_OUTPUT
compound-case:a92e42fd6d67884b2a717368	MODIFIER_BASE_SEPARATION	cleaned-output-atom:ffbf60fb97a042952be911c0	9209526aaa61b0709dbb838e14686a26c4a03b53e8eedf34c7e5f6f606110d8c	acbfc58c9b12b002281c0987b9f60a658f66044c2aa142a09d592e4777e3eadc		false	STRUCTURED_RELATION_OUTPUT
compound-case:22d58d6c202e3ce3631b79b3	MODIFIER_BASE_SEPARATION	cleaned-output-atom:ffeef13f7dcd9dd5967f76bf	9209526aaa61b0709dbb838e14686a26c4a03b53e8eedf34c7e5f6f606110d8c	acbfc58c9b12b002281c0987b9f60a658f66044c2aa142a09d592e4777e3eadc		false	STRUCTURED_RELATION_OUTPUT
