semantic_relation_candidate_id	semantic_relation_id	relation_type	candidate_reason	review_required
semantic-candidate:00012c7424e0c8fc5a5cd330	semantic-relation:d17d054b7b2ece34c5370cbe	COMPONENT_OF	COMPOUND_COMPONENT_PARSE_REQUIRES_REVIEW	true
semantic-candidate:00261591290fea48e31b8765	semantic-relation:3906933c9c80b9a9112a139b	COMPONENT_OF	COMPOUND_COMPONENT_PARSE_REQUIRES_REVIEW	true
semantic-candidate:00269d14a1832b24c5d9a0a9	semantic-relation:e8799cb947679aa534bc414f	COMPONENT_OF	COMPOUND_COMPONENT_PARSE_REQUIRES_REVIEW	true
semantic-candidate:004733d1bd10f159ae94f0be	semantic-relation:4090b65a1854907c0f39f51c	COMPONENT_OF	COMPOUND_COMPONENT_PARSE_REQUIRES_REVIEW	true
semantic-candidate:004fafbceb7a3f2b0dd8c12f	semantic-relation:98201eda59b008ee924e5723	MODIFIES	MODIFIER_PARSE_REQUIRES_REVIEW	true
semantic-candidate:0060339f46a12dcddd066d9d	semantic-relation:12172c61c0183400ae618d9e	INSTANCE_OR_SPECIFIC_FORM_OF	V2_CONTAINMENT_CANDIDATE_NOT_EQUIVALENCE	true
semantic-candidate:0069fedd9794e5e7159226fa	semantic-relation:ac538b7e323658e543678e26	COMPONENT_OF	COMPOUND_COMPONENT_PARSE_REQUIRES_REVIEW	true
semantic-candidate:00702e3cb65e821e09d9ca80	semantic-relation:5967c31d231f28d38fe855fb	MODIFIES	MODIFIER_PARSE_REQUIRES_REVIEW	true
semantic-candidate:007f3a185576c47be7f1d1c0	semantic-relation:953333bef8a818fa3db38b37	INSTANCE_OR_SPECIFIC_FORM_OF	V2_CONTAINMENT_CANDIDATE_NOT_EQUIVALENCE	true
semantic-candidate:009478318768aabae6f0e66b	semantic-relation:8716482953598fdcf52ab8c8	COMPONENT_OF	COMPOUND_COMPONENT_PARSE_REQUIRES_REVIEW	true
semantic-candidate:00986c2fa2ba285ebb6de5f1	semantic-relation:36a502df97992798d5591406	COMPONENT_OF	COMPOUND_COMPONENT_PARSE_REQUIRES_REVIEW	true
semantic-candidate:00a0afd8bc05c64e9ff66a37	semantic-relation:f5a4aa6a1f0a4aab21ae7141	COMPONENT_OF	COMPOUND_COMPONENT_PARSE_REQUIRES_REVIEW	true
semantic-candidate:00a3f7d0fd2939ebac34fa62	semantic-relation:595a5a5746eefa8017c28a5c	MODIFIES	MODIFIER_PARSE_REQUIRES_REVIEW	true
semantic-candidate:00a69196f619240acfea4a50	semantic-relation:f73d8793f430c8a9afb1f0ab	COMPONENT_OF	COMPOUND_COMPONENT_PARSE_REQUIRES_REVIEW	true
semantic-candidate:00a7dde08592078111fa2e31	semantic-relation:946b0c9f3b207a1047d99fbf	INSTANCE_OR_SPECIFIC_FORM_OF	V2_CONTAINMENT_CANDIDATE_NOT_EQUIVALENCE	true
semantic-candidate:00bc4e605c03887a9353a948	semantic-relation:767f04de0ca2ab7bddc88412	COMPONENT_OF	COMPOUND_COMPONENT_PARSE_REQUIRES_REVIEW	true
semantic-candidate:00c609795f2c0b8c88c743a4	semantic-relation:2685d667918e33e7fcc62174	INSTANCE_OR_SPECIFIC_FORM_OF	V2_CONTAINMENT_CANDIDATE_NOT_EQUIVALENCE	true
semantic-candidate:00cc7ae04cce7603312ca761	semantic-relation:44d5c963d38f3037c6207400	INSTANCE_OR_SPECIFIC_FORM_OF	V2_CONTAINMENT_CANDIDATE_NOT_EQUIVALENCE	true
semantic-candidate:00dd51b892d817cc624d9336	semantic-relation:5dd399143f5910d0afc30eb0	INSTANCE_OR_SPECIFIC_FORM_OF	V2_CONTAINMENT_CANDIDATE_NOT_EQUIVALENCE	true
semantic-candidate:00e27dd7312221deb77a01ac	semantic-relation:bcec48111fa7218a84527202	COMPONENT_OF	COMPOUND_COMPONENT_PARSE_REQUIRES_REVIEW	true
semantic-candidate:01098e14d90f7949e9d2c7de	semantic-relation:0ad4c28277c2999306591d27	INSTANCE_OR_SPECIFIC_FORM_OF	V2_CONTAINMENT_CANDIDATE_NOT_EQUIVALENCE	true
semantic-candidate:010f93c07083b05d5ac52632	semantic-relation:aa469250a092a771ab800bda	INSTANCE_OR_SPECIFIC_FORM_OF	V2_CONTAINMENT_CANDIDATE_NOT_EQUIVALENCE	true
semantic-candidate:011502846796ef255e26df1b	semantic-relation:53abedd22c0e793916f57c86	INSTANCE_OR_SPECIFIC_FORM_OF	V2_CONTAINMENT_CANDIDATE_NOT_EQUIVALENCE	true
semantic-candidate:0135c142f22966431976cba4	semantic-relation:36a49bc5a6aa8e39daeed69f	INSTANCE_OR_SPECIFIC_FORM_OF	V2_CONTAINMENT_CANDIDATE_NOT_EQUIVALENCE	true
semantic-candidate:01366fdf95e453a60426a127	semantic-relation:3337df3ff5542cda260d2e69	MODIFIES	MODIFIER_PARSE_REQUIRES_REVIEW	true
semantic-candidate:015da053f461eb4ebdbab9a3	semantic-relation:4b06013eca02232ff819a2d3	COMPONENT_OF	COMPOUND_COMPONENT_PARSE_REQUIRES_REVIEW	true
semantic-candidate:01755ab2309f90fbe3147b2e	semantic-relation:791fd9836ec7682c90159cad	INSTANCE_OR_SPECIFIC_FORM_OF	V2_CONTAINMENT_CANDIDATE_NOT_EQUIVALENCE	true
semantic-candidate:017803c2c74332702b1f1d04	semantic-relation:4752cc413431f1cc3085c066	COMPONENT_OF	COMPOUND_COMPONENT_PARSE_REQUIRES_REVIEW	true
semantic-candidate:017bec7873545da1f3295795	semantic-relation:dde7147e1534ed42c821aced	INSTANCE_OR_SPECIFIC_FORM_OF	V2_CONTAINMENT_CANDIDATE_NOT_EQUIVALENCE	true
semantic-candidate:017f50683b3ee9895f8a16b1	semantic-relation:59ad2f37210111f214aa39b1	COMPONENT_OF	COMPOUND_COMPONENT_PARSE_REQUIRES_REVIEW	true
semantic-candidate:019245d5acbf1e1262b5f7c6	semantic-relation:d1c19470011fcbd2eacfd869	MODIFIES	MODIFIER_PARSE_REQUIRES_REVIEW	true
semantic-candidate:01a2f1d663a0e4c4a767cb1c	semantic-relation:446cbed9625c86c699578cd1	COMPONENT_OF	COMPOUND_COMPONENT_PARSE_REQUIRES_REVIEW	true
semantic-candidate:01a2fdc4072f71a6d62aa082	semantic-relation:9f1941edd65bcdad2b26b67b	INSTANCE_OR_SPECIFIC_FORM_OF	V2_CONTAINMENT_CANDIDATE_NOT_EQUIVALENCE	true
semantic-candidate:01b32eee2ebaf54e1710cde3	semantic-relation:68c614d21964d795a9232670	INSTANCE_OR_SPECIFIC_FORM_OF	V2_CONTAINMENT_CANDIDATE_NOT_EQUIVALENCE	true
semantic-candidate:01d0a7756abeecd7606ff1d2	semantic-relation:f795b918959f14c85e057dc7	INSTANCE_OR_SPECIFIC_FORM_OF	V2_CONTAINMENT_CANDIDATE_NOT_EQUIVALENCE	true
semantic-candidate:01d3cf5c245d2a6805b4a824	semantic-relation:c824913bfb0088fed1308c62	INSTANCE_OR_SPECIFIC_FORM_OF	V2_CONTAINMENT_CANDIDATE_NOT_EQUIVALENCE	true
semantic-candidate:01eb7e85ae53ec35bc2b993c	semantic-relation:91d28bc960fd108ff60413d7	COMPONENT_OF	COMPOUND_COMPONENT_PARSE_REQUIRES_REVIEW	true
semantic-candidate:01ec73b9df7666595bba8df9	semantic-relation:fffdea19f9e66f58def9763d	COMPONENT_OF	COMPOUND_COMPONENT_PARSE_REQUIRES_REVIEW	true
semantic-candidate:01fb53464a8866b553e16e97	semantic-relation:f3d00494375e2c1a9ed8fb3d	INSTANCE_OR_SPECIFIC_FORM_OF	V2_CONTAINMENT_CANDIDATE_NOT_EQUIVALENCE	true
semantic-candidate:01fbe708dd8481be50eacdbb	semantic-relation:37b35d861c3d46c0c24c7538	INSTANCE_OR_SPECIFIC_FORM_OF	V2_CONTAINMENT_CANDIDATE_NOT_EQUIVALENCE	true
semantic-candidate:02013d12ddce1f941fa86b46	semantic-relation:f57426509333826afd12017f	INSTANCE_OR_SPECIFIC_FORM_OF	V2_CONTAINMENT_CANDIDATE_NOT_EQUIVALENCE	true
semantic-candidate:0207b2e856b28f77ce5451a7	semantic-relation:cf68ee37e718a2cd6451e3fe	INSTANCE_OR_SPECIFIC_FORM_OF	V2_CONTAINMENT_CANDIDATE_NOT_EQUIVALENCE	true
semantic-candidate:0218aaa2812a32512bb58f0b	semantic-relation:9897978bd0b246207cd8724f	INSTANCE_OR_SPECIFIC_FORM_OF	V2_CONTAINMENT_CANDIDATE_NOT_EQUIVALENCE	true
semantic-candidate:022f7b5950ff1559d616e820	semantic-relation:aea3cd8cf2e39ab281dce908	INSTANCE_OR_SPECIFIC_FORM_OF	V2_CONTAINMENT_CANDIDATE_NOT_EQUIVALENCE	true
semantic-candidate:0265308162c2c3a7e70e942b	semantic-relation:3524a056886aaa992c4f5128	INSTANCE_OR_SPECIFIC_FORM_OF	V2_CONTAINMENT_CANDIDATE_NOT_EQUIVALENCE	true
semantic-candidate:028738709449e05df28524d4	semantic-relation:b81a4d09b0d5b866e3e8df71	INSTANCE_OR_SPECIFIC_FORM_OF	V2_CONTAINMENT_CANDIDATE_NOT_EQUIVALENCE	true
semantic-candidate:0287ecd955adeb70f2734389	semantic-relation:7ab425cec23456fb0b5a54b1	INSTANCE_OR_SPECIFIC_FORM_OF	V2_CONTAINMENT_CANDIDATE_NOT_EQUIVALENCE	true
semantic-candidate:02987245a1647e2a0e5f6a90	semantic-relation:c97c3cd7effddd2338119291	COMPONENT_OF	COMPOUND_COMPONENT_PARSE_REQUIRES_REVIEW	true
semantic-candidate:029c2a313fe86a122d050ecb	semantic-relation:da8c54c373b85733a2111d9f	MODIFIES	MODIFIER_PARSE_REQUIRES_REVIEW	true
semantic-candidate:029ccd0ab3e519c7607c5bd6	semantic-relation:376a93b4689fd47fdfd50be0	COMPONENT_OF	COMPOUND_COMPONENT_PARSE_REQUIRES_REVIEW	true
semantic-candidate:02a996f93a64dabe1c22d3ed	semantic-relation:c1f537884bb80be1803e0d8e	INSTANCE_OR_SPECIFIC_FORM_OF	V2_CONTAINMENT_CANDIDATE_NOT_EQUIVALENCE	true
semantic-candidate:02af2292559b864f461982b5	semantic-relation:dadbd2990051e9cf62438eec	COMPONENT_OF	COMPOUND_COMPONENT_PARSE_REQUIRES_REVIEW	true
semantic-candidate:02b0e3d71d984aa4d820f0d3	semantic-relation:9c58650caf71b16610a771ce	COMPONENT_OF	COMPOUND_COMPONENT_PARSE_REQUIRES_REVIEW	true
semantic-candidate:02c1065c7255abe3c752e318	semantic-relation:a58d80552104e7636f406c83	INSTANCE_OR_SPECIFIC_FORM_OF	V2_CONTAINMENT_CANDIDATE_NOT_EQUIVALENCE	true
semantic-candidate:02d8479d371b0f2143ebb5fb	semantic-relation:2466cf8552c8f8d09411aaeb	COMPONENT_OF	COMPOUND_COMPONENT_PARSE_REQUIRES_REVIEW	true
semantic-candidate:02e328bcc7b1465a3e29d74b	semantic-relation:1bec4b3e5930e8912fd48f99	COMPONENT_OF	COMPOUND_COMPONENT_PARSE_REQUIRES_REVIEW	true
semantic-candidate:02ebf10b2a33561d1218c754	semantic-relation:593ebb4798358d0acb591607	COMPONENT_OF	COMPOUND_COMPONENT_PARSE_REQUIRES_REVIEW	true
semantic-candidate:0309c2e59e22e1746af2a309	semantic-relation:4f700adfa3da069429b5d449	COMPONENT_OF	COMPOUND_COMPONENT_PARSE_REQUIRES_REVIEW	true
semantic-candidate:030e54b514788ab2a626a2bb	semantic-relation:43d5d0171c121f6a70bc4c30	INSTANCE_OR_SPECIFIC_FORM_OF	V2_CONTAINMENT_CANDIDATE_NOT_EQUIVALENCE	true
semantic-candidate:0317b71ee3986f868755df5d	semantic-relation:e94896501c0e85742f276e6a	COMPONENT_OF	COMPOUND_COMPONENT_PARSE_REQUIRES_REVIEW	true
semantic-candidate:03201ad010ca87843781f8aa	semantic-relation:dc62b9aca928e281ede8b1b1	COMPONENT_OF	COMPOUND_COMPONENT_PARSE_REQUIRES_REVIEW	true
semantic-candidate:03202877b84f27422d57da4b	semantic-relation:2870587210ff4d8cc2df7796	INSTANCE_OR_SPECIFIC_FORM_OF	V2_CONTAINMENT_CANDIDATE_NOT_EQUIVALENCE	true
semantic-candidate:03249d017d5359fabcbcecb7	semantic-relation:8313c7940268c051df07f7ec	INSTANCE_OR_SPECIFIC_FORM_OF	V2_CONTAINMENT_CANDIDATE_NOT_EQUIVALENCE	true
semantic-candidate:033e736b58021f0cd2e5a6f9	semantic-relation:e9231a343a03cd82d7c0aadc	COMPONENT_OF	COMPOUND_COMPONENT_PARSE_REQUIRES_REVIEW	true
semantic-candidate:03596445575c525897941340	semantic-relation:03f0b1a860bfdd5562b23376	INSTANCE_OR_SPECIFIC_FORM_OF	V2_CONTAINMENT_CANDIDATE_NOT_EQUIVALENCE	true
semantic-candidate:035c6c72558c3a5ccd61ff0c	semantic-relation:888246af983fec1b272acaa0	INSTANCE_OR_SPECIFIC_FORM_OF	V2_CONTAINMENT_CANDIDATE_NOT_EQUIVALENCE	true
semantic-candidate:037646b00a13166008cc20e3	semantic-relation:efa73289b96e10a3bfdcabe5	MODIFIES	MODIFIER_PARSE_REQUIRES_REVIEW	true
semantic-candidate:037928c2116a5428168b751f	semantic-relation:3d8ef778900d4c229325d188	INSTANCE_OR_SPECIFIC_FORM_OF	V2_CONTAINMENT_CANDIDATE_NOT_EQUIVALENCE	true
semantic-candidate:0384dc76498123c79372538b	semantic-relation:00d386fb01909c065a898166	COMPONENT_OF	COMPOUND_COMPONENT_PARSE_REQUIRES_REVIEW	true
semantic-candidate:03a1573ffdcdd324ffab763a	semantic-relation:a48471fe67e9589248692be6	MODIFIES	MODIFIER_PARSE_REQUIRES_REVIEW	true
semantic-candidate:03a6087a7c17474de439731a	semantic-relation:274fa37b7329f215d6f44acb	INSTANCE_OR_SPECIFIC_FORM_OF	V2_CONTAINMENT_CANDIDATE_NOT_EQUIVALENCE	true
semantic-candidate:03b1bdb1e8d3cbb1256dc9df	semantic-relation:a033e655e312c0cbebae4883	MODIFIES	MODIFIER_PARSE_REQUIRES_REVIEW	true
semantic-candidate:03b52a7bfac6217072c8bc7a	semantic-relation:5df86546e780340057e75615	INSTANCE_OR_SPECIFIC_FORM_OF	V2_CONTAINMENT_CANDIDATE_NOT_EQUIVALENCE	true
semantic-candidate:03caa78af320e944953d3e0d	semantic-relation:909811edc7915092028b441c	INSTANCE_OR_SPECIFIC_FORM_OF	V2_CONTAINMENT_CANDIDATE_NOT_EQUIVALENCE	true
semantic-candidate:03cfe82f62c970e9ec45ca4d	semantic-relation:b911bcb905fd4d48afa89922	INSTANCE_OR_SPECIFIC_FORM_OF	V2_CONTAINMENT_CANDIDATE_NOT_EQUIVALENCE	true
semantic-candidate:03e0f7deeff5186f179168fa	semantic-relation:261170999ca8533e5e36696d	MODIFIES	MODIFIER_PARSE_REQUIRES_REVIEW	true
semantic-candidate:03ea310a528de4f15d706811	semantic-relation:72efe0e80b3984d5d2822304	MODIFIES	MODIFIER_PARSE_REQUIRES_REVIEW	true
semantic-candidate:03f9995c03590e1c8c62f890	semantic-relation:00925b3d73ae2bc974500143	INSTANCE_OR_SPECIFIC_FORM_OF	V2_CONTAINMENT_CANDIDATE_NOT_EQUIVALENCE	true
semantic-candidate:0409809bd1149890a552c507	semantic-relation:873224528cd47b88c04e0b93	COMPONENT_OF	COMPOUND_COMPONENT_PARSE_REQUIRES_REVIEW	true
semantic-candidate:040b740dfaa52869623aae63	semantic-relation:7de4526a3ec2e9e5b03c2656	INSTANCE_OR_SPECIFIC_FORM_OF	V2_CONTAINMENT_CANDIDATE_NOT_EQUIVALENCE	true
semantic-candidate:042f852c1048af9763012738	semantic-relation:cfdda76b51f53e04c877706d	COMPONENT_OF	COMPOUND_COMPONENT_PARSE_REQUIRES_REVIEW	true
semantic-candidate:043cd85cfad2c516d5e788de	semantic-relation:a25d1fefc53da5a8eb4f0222	MODIFIES	MODIFIER_PARSE_REQUIRES_REVIEW	true
semantic-candidate:0448c30b8d864bfa85ecba89	semantic-relation:030532bad88e579bf9f33591	COMPONENT_OF	COMPOUND_COMPONENT_PARSE_REQUIRES_REVIEW	true
semantic-candidate:0460f198023b63dea5a81336	semantic-relation:e25a27435c19135d1a18a143	INSTANCE_OR_SPECIFIC_FORM_OF	V2_CONTAINMENT_CANDIDATE_NOT_EQUIVALENCE	true
semantic-candidate:047deb27ee3492c00c6aa90a	semantic-relation:c177c72ab1493d46263d47ca	INSTANCE_OR_SPECIFIC_FORM_OF	V2_CONTAINMENT_CANDIDATE_NOT_EQUIVALENCE	true
semantic-candidate:048b61f0672e69aff0e34be2	semantic-relation:8756652cc882d498db8310a5	COMPONENT_OF	COMPOUND_COMPONENT_PARSE_REQUIRES_REVIEW	true
semantic-candidate:049d756b451d273b2d5817e2	semantic-relation:c61623e54e477a3ebb9b93ac	COMPONENT_OF	COMPOUND_COMPONENT_PARSE_REQUIRES_REVIEW	true
semantic-candidate:04a2a5c0b62971029ce4a806	semantic-relation:c0c3ed800173cf26d5d71837	INSTANCE_OR_SPECIFIC_FORM_OF	V2_CONTAINMENT_CANDIDATE_NOT_EQUIVALENCE	true
semantic-candidate:04a2ba44c28ad22e31fe0ae8	semantic-relation:8492b5299a4dd02a1fbbf4a9	COMPONENT_OF	COMPOUND_COMPONENT_PARSE_REQUIRES_REVIEW	true
semantic-candidate:04c41944c8356c45748bed7c	semantic-relation:9161859433c8aa52a24dbc82	COMPONENT_OF	COMPOUND_COMPONENT_PARSE_REQUIRES_REVIEW	true
semantic-candidate:04dbba9ae5c0415329af0ad9	semantic-relation:4e43480e693f5bddacd329c8	INSTANCE_OR_SPECIFIC_FORM_OF	V2_CONTAINMENT_CANDIDATE_NOT_EQUIVALENCE	true
semantic-candidate:04f7f9a27369416dd96803ef	semantic-relation:8e5d516ec02a5e0ca3bda03d	COMPONENT_OF	COMPOUND_COMPONENT_PARSE_REQUIRES_REVIEW	true
semantic-candidate:0501b306ca77b09a0638ff10	semantic-relation:0305dd5027941c882b55b394	MODIFIES	MODIFIER_PARSE_REQUIRES_REVIEW	true
semantic-candidate:05157a4ed52990a52ab49cea	semantic-relation:0f6ef77e211bb58ea82a6372	COMPONENT_OF	COMPOUND_COMPONENT_PARSE_REQUIRES_REVIEW	true
semantic-candidate:0526a7cb435e5f9b648ead0f	semantic-relation:5a252b6b223883795d53e081	INSTANCE_OR_SPECIFIC_FORM_OF	V2_CONTAINMENT_CANDIDATE_NOT_EQUIVALENCE	true
semantic-candidate:052b9a8a082b790c56ca1380	semantic-relation:e0336bbebfca01b7985c071c	MODIFIES	MODIFIER_PARSE_REQUIRES_REVIEW	true
semantic-candidate:05542d3dbc4f84f3f46027f5	semantic-relation:53f0fa3695f03dc908134a56	MODIFIES	MODIFIER_PARSE_REQUIRES_REVIEW	true
semantic-candidate:0556b65fdbe612accaf00eae	semantic-relation:bb8ea41c19edf37e0293ebd9	COMPONENT_OF	COMPOUND_COMPONENT_PARSE_REQUIRES_REVIEW	true
semantic-candidate:0559d869c51d55592923ed73	semantic-relation:1d69d457316deda43f09b722	COMPONENT_OF	COMPOUND_COMPONENT_PARSE_REQUIRES_REVIEW	true
semantic-candidate:0570e77505dbaadd4cb89aa0	semantic-relation:86ca4715795aa2dad616dc02	COMPONENT_OF	COMPOUND_COMPONENT_PARSE_REQUIRES_REVIEW	true
semantic-candidate:05959eac7433cb15f7478f71	semantic-relation:dbf53a141db6a5b1b5984b4d	COMPONENT_OF	COMPOUND_COMPONENT_PARSE_REQUIRES_REVIEW	true
semantic-candidate:0598ca1ed83f45732c51edd4	semantic-relation:3c31b5603f92a402d6a1ccdb	COMPONENT_OF	COMPOUND_COMPONENT_PARSE_REQUIRES_REVIEW	true
semantic-candidate:05adbb753ae942ab74e9365f	semantic-relation:171aefd3addd45a4be4e73a1	COMPONENT_OF	COMPOUND_COMPONENT_PARSE_REQUIRES_REVIEW	true
semantic-candidate:05aee8ea40f265022c707139	semantic-relation:b448e374f2389d930fc18d4f	INSTANCE_OR_SPECIFIC_FORM_OF	V2_CONTAINMENT_CANDIDATE_NOT_EQUIVALENCE	true
semantic-candidate:05becad4eeef4f5594b15a86	semantic-relation:e3e47ccbd156938cb04fdfc0	INSTANCE_OR_SPECIFIC_FORM_OF	V2_CONTAINMENT_CANDIDATE_NOT_EQUIVALENCE	true
semantic-candidate:05e58b04eadfccdea988345d	semantic-relation:7bb074c773ee478b047916ed	MODIFIES	MODIFIER_PARSE_REQUIRES_REVIEW	true
semantic-candidate:05f43b1ddcc272654d37f102	semantic-relation:2e21421e183c873a2583c350	INSTANCE_OR_SPECIFIC_FORM_OF	V2_CONTAINMENT_CANDIDATE_NOT_EQUIVALENCE	true
semantic-candidate:05fc8f12c9079003e84ecf34	semantic-relation:dae90555e59efed8c28b7680	COMPONENT_OF	COMPOUND_COMPONENT_PARSE_REQUIRES_REVIEW	true
semantic-candidate:05fea9b33ce2f2a1443bc128	semantic-relation:53b2c4aef1f03307ae1899bf	INSTANCE_OR_SPECIFIC_FORM_OF	V2_CONTAINMENT_CANDIDATE_NOT_EQUIVALENCE	true
semantic-candidate:0607b1a3d6710e26e431e725	semantic-relation:8c559aa96b481a8a02de0146	COMPONENT_OF	COMPOUND_COMPONENT_PARSE_REQUIRES_REVIEW	true
semantic-candidate:061e0677889cc8198215b41b	semantic-relation:d22b2779040c1ef6c8a6a02f	INSTANCE_OR_SPECIFIC_FORM_OF	V2_CONTAINMENT_CANDIDATE_NOT_EQUIVALENCE	true
semantic-candidate:0641630ddf6f265dc0c398ee	semantic-relation:58b109c2f0886e9e7514f7d0	COMPONENT_OF	COMPOUND_COMPONENT_PARSE_REQUIRES_REVIEW	true
semantic-candidate:064d3f3105cd2809363560ad	semantic-relation:d1e7a0046cd28f8221c5af7b	INSTANCE_OR_SPECIFIC_FORM_OF	V2_CONTAINMENT_CANDIDATE_NOT_EQUIVALENCE	true
semantic-candidate:065c67aa940c4a52c54b0a92	semantic-relation:77f158d5f531e8bf0dce23cc	MODIFIES	MODIFIER_PARSE_REQUIRES_REVIEW	true
semantic-candidate:065fed211d7c314ddaf3555a	semantic-relation:7a1b487b17f9e4e8bca75579	INSTANCE_OR_SPECIFIC_FORM_OF	V2_CONTAINMENT_CANDIDATE_NOT_EQUIVALENCE	true
semantic-candidate:06611788053e3203f88e18b1	semantic-relation:302b6710f2323f0021ca65c7	COMPONENT_OF	COMPOUND_COMPONENT_PARSE_REQUIRES_REVIEW	true
semantic-candidate:066b3e60e2c4aa100cf14883	semantic-relation:1acf5449268b3ea20eec11d4	INSTANCE_OR_SPECIFIC_FORM_OF	V2_CONTAINMENT_CANDIDATE_NOT_EQUIVALENCE	true
semantic-candidate:066b985d4a748dbde0259e4a	semantic-relation:0066cc7d7014a0e5583c7003	COMPONENT_OF	COMPOUND_COMPONENT_PARSE_REQUIRES_REVIEW	true
semantic-candidate:067a8d15661306d8db121b0d	semantic-relation:df4ca3fbf581c53a74d3f735	MODIFIES	MODIFIER_PARSE_REQUIRES_REVIEW	true
semantic-candidate:067ca314d5dbb7b26609193f	semantic-relation:6ff9ea986ce76a8eac8ddda7	COMPONENT_OF	COMPOUND_COMPONENT_PARSE_REQUIRES_REVIEW	true
semantic-candidate:068a81964c00f947f9160e2c	semantic-relation:90758233a5aad9a801435bb6	INSTANCE_OR_SPECIFIC_FORM_OF	V2_CONTAINMENT_CANDIDATE_NOT_EQUIVALENCE	true
semantic-candidate:068c7130a103bd3e8a3b9d7a	semantic-relation:41956a10163df862e830a170	COMPONENT_OF	COMPOUND_COMPONENT_PARSE_REQUIRES_REVIEW	true
semantic-candidate:06a4e2ada489e16e4edca0e0	semantic-relation:16a0caa1ea62b0e23aaeb4fc	COMPONENT_OF	COMPOUND_COMPONENT_PARSE_REQUIRES_REVIEW	true
semantic-candidate:06b3eca62682f5acc95035bb	semantic-relation:bf14a1af8201e97964f41e59	COMPONENT_OF	COMPOUND_COMPONENT_PARSE_REQUIRES_REVIEW	true
semantic-candidate:06bbd9f73b1a1eaba6c6da43	semantic-relation:11ac72be7ffd0a71ffeac676	COMPONENT_OF	COMPOUND_COMPONENT_PARSE_REQUIRES_REVIEW	true
semantic-candidate:06bd1b6ad9849fa387dc2687	semantic-relation:3e57830b632de04c39b57671	INSTANCE_OR_SPECIFIC_FORM_OF	V2_CONTAINMENT_CANDIDATE_NOT_EQUIVALENCE	true
semantic-candidate:06d4b5ed742e32ebbd48704b	semantic-relation:a0f7f834ab17b88e829b95bd	INSTANCE_OR_SPECIFIC_FORM_OF	V2_CONTAINMENT_CANDIDATE_NOT_EQUIVALENCE	true
semantic-candidate:06dec2f92be4fa9d1bb3dd8c	semantic-relation:f5db16d7cc5eaff5b9e928c2	COMPONENT_OF	COMPOUND_COMPONENT_PARSE_REQUIRES_REVIEW	true
semantic-candidate:06ef1354357975d169bb17c3	semantic-relation:b02dde9f34e881bc4c7b47eb	INSTANCE_OR_SPECIFIC_FORM_OF	V2_CONTAINMENT_CANDIDATE_NOT_EQUIVALENCE	true
semantic-candidate:070f90caaa3e54c5b1bf262e	semantic-relation:35192d044e735c4c0d6fb787	INSTANCE_OR_SPECIFIC_FORM_OF	V2_CONTAINMENT_CANDIDATE_NOT_EQUIVALENCE	true
semantic-candidate:07263549acbe3d28adbed0a8	semantic-relation:6cb58a68ef240db9ff5d9c11	COMPONENT_OF	COMPOUND_COMPONENT_PARSE_REQUIRES_REVIEW	true
semantic-candidate:0746524fb2165797d83e84da	semantic-relation:7d90244879dc300883814563	MODIFIES	MODIFIER_PARSE_REQUIRES_REVIEW	true
semantic-candidate:0748ce92aecded67d44b33be	semantic-relation:814294edb8239d7636a78603	COMPONENT_OF	COMPOUND_COMPONENT_PARSE_REQUIRES_REVIEW	true
semantic-candidate:074abe592546f5a3d2b8bef2	semantic-relation:1d6879e01688af685ccb820c	COMPONENT_OF	COMPOUND_COMPONENT_PARSE_REQUIRES_REVIEW	true
semantic-candidate:074e32e0ab37228b384abe63	semantic-relation:1316f8ef3dbf0c86d34cfb21	COMPONENT_OF	COMPOUND_COMPONENT_PARSE_REQUIRES_REVIEW	true
semantic-candidate:07561f578b4721dce4a5819b	semantic-relation:b3e34799bac5659ca5bf0ecd	MODIFIES	MODIFIER_PARSE_REQUIRES_REVIEW	true
semantic-candidate:0772ccdad2b1946296577c76	semantic-relation:f415559d08f1a62415ba6fb2	INSTANCE_OR_SPECIFIC_FORM_OF	V2_CONTAINMENT_CANDIDATE_NOT_EQUIVALENCE	true
semantic-candidate:07816fc1e8dceb0187300252	semantic-relation:61ed76c3e550c30d9c984828	COMPONENT_OF	COMPOUND_COMPONENT_PARSE_REQUIRES_REVIEW	true
semantic-candidate:078823173ea691048d9624da	semantic-relation:f6606857966380520fd359db	COMPONENT_OF	COMPOUND_COMPONENT_PARSE_REQUIRES_REVIEW	true
semantic-candidate:078f774057614fee8901269e	semantic-relation:8e2c34f6fc5c201e0eace025	INSTANCE_OR_SPECIFIC_FORM_OF	V2_CONTAINMENT_CANDIDATE_NOT_EQUIVALENCE	true
semantic-candidate:07b079fb14e679113131060c	semantic-relation:f6a5b34a829514421a9ce9e6	MODIFIES	MODIFIER_PARSE_REQUIRES_REVIEW	true
semantic-candidate:07b40eeda7c7d6bd9825f70c	semantic-relation:c1fdf20e262d3aee49c3c566	INSTANCE_OR_SPECIFIC_FORM_OF	V2_CONTAINMENT_CANDIDATE_NOT_EQUIVALENCE	true
semantic-candidate:07b7f030ab5aa5b08cdf6131	semantic-relation:47f625d681ad1bf3da7e1918	MODIFIES	MODIFIER_PARSE_REQUIRES_REVIEW	true
semantic-candidate:07c1829762e0d3aed5bc7e29	semantic-relation:ac23042ac90ad0b20688bb4d	COMPONENT_OF	COMPOUND_COMPONENT_PARSE_REQUIRES_REVIEW	true
semantic-candidate:07d0db3b3cd31ee60208dbbe	semantic-relation:7443b61d9d125e43946b014c	INSTANCE_OR_SPECIFIC_FORM_OF	V2_CONTAINMENT_CANDIDATE_NOT_EQUIVALENCE	true
semantic-candidate:07d3b801922ce33240d5306c	semantic-relation:84a38e3bdb5c981738b01866	INSTANCE_OR_SPECIFIC_FORM_OF	V2_CONTAINMENT_CANDIDATE_NOT_EQUIVALENCE	true
semantic-candidate:07d834774eb4bfc12f9588af	semantic-relation:e1e848b9f19f4485e66517e1	COMPONENT_OF	COMPOUND_COMPONENT_PARSE_REQUIRES_REVIEW	true
semantic-candidate:07e86bd7902696cec3e51cb0	semantic-relation:e8422c6db94569c2b20ff1e1	COMPONENT_OF	COMPOUND_COMPONENT_PARSE_REQUIRES_REVIEW	true
semantic-candidate:07e9f194ffa7f033a247f309	semantic-relation:6f92161a1b5d63fd79df1849	COMPONENT_OF	COMPOUND_COMPONENT_PARSE_REQUIRES_REVIEW	true
semantic-candidate:07f5086c3bcd82521e30650d	semantic-relation:807000a43c42c386dd888fac	INSTANCE_OR_SPECIFIC_FORM_OF	V2_CONTAINMENT_CANDIDATE_NOT_EQUIVALENCE	true
semantic-candidate:07ff0a26c2649cee8233aa58	semantic-relation:619b6bc13dc10a9378cec87e	COMPONENT_OF	COMPOUND_COMPONENT_PARSE_REQUIRES_REVIEW	true
semantic-candidate:07ff1f7c208468e1c6bd9362	semantic-relation:81f26b35a54af07b7bf92e04	INSTANCE_OR_SPECIFIC_FORM_OF	V2_CONTAINMENT_CANDIDATE_NOT_EQUIVALENCE	true
semantic-candidate:080518114201fedf1432f579	semantic-relation:80c6eab74cc10f88a6dc9c88	MODIFIES	MODIFIER_PARSE_REQUIRES_REVIEW	true
semantic-candidate:08061239e9606438eab6dc4e	semantic-relation:e1e75efab26e1aecff9151ed	COMPONENT_OF	COMPOUND_COMPONENT_PARSE_REQUIRES_REVIEW	true
semantic-candidate:0818897f77233d4ed13b083c	semantic-relation:09ffe0b4b234409d38d49283	COMPONENT_OF	COMPOUND_COMPONENT_PARSE_REQUIRES_REVIEW	true
semantic-candidate:0818b0add8304ccee9da7ec9	semantic-relation:936803a1454ba5c8b69e667c	COMPONENT_OF	COMPOUND_COMPONENT_PARSE_REQUIRES_REVIEW	true
semantic-candidate:081fd24e6a457dd3263dfd9b	semantic-relation:d76e455c3a7d03334ad01cca	INSTANCE_OR_SPECIFIC_FORM_OF	V2_CONTAINMENT_CANDIDATE_NOT_EQUIVALENCE	true
semantic-candidate:08208f7c45dc47ebf1b269de	semantic-relation:aa302b043ba5a962fc6bfaca	COMPONENT_OF	COMPOUND_COMPONENT_PARSE_REQUIRES_REVIEW	true
semantic-candidate:082c9e3dda7c05d34fe3d003	semantic-relation:cebe17f7c09223b84333b146	COMPONENT_OF	COMPOUND_COMPONENT_PARSE_REQUIRES_REVIEW	true
semantic-candidate:082f1f469a83e53654a29874	semantic-relation:67817f9e3721060e3370c515	COMPONENT_OF	COMPOUND_COMPONENT_PARSE_REQUIRES_REVIEW	true
semantic-candidate:082f6a298c9b84ff913e8923	semantic-relation:47ef4d1a0e160187745b2e20	INSTANCE_OR_SPECIFIC_FORM_OF	V2_CONTAINMENT_CANDIDATE_NOT_EQUIVALENCE	true
semantic-candidate:083bc1ac92cc137b498314f6	semantic-relation:45779fbb448b8f9a63c6f041	COMPONENT_OF	COMPOUND_COMPONENT_PARSE_REQUIRES_REVIEW	true
semantic-candidate:083f7e9571911edff541feee	semantic-relation:506842fd15609624be4c45da	MODIFIES	MODIFIER_PARSE_REQUIRES_REVIEW	true
semantic-candidate:084a9325e998df282cdbfa68	semantic-relation:fca9755f1207d7c4127cc879	INSTANCE_OR_SPECIFIC_FORM_OF	V2_CONTAINMENT_CANDIDATE_NOT_EQUIVALENCE	true
semantic-candidate:0869704be77713cc8b117f97	semantic-relation:fdc1cf1b573db64e1d777447	COMPONENT_OF	COMPOUND_COMPONENT_PARSE_REQUIRES_REVIEW	true
semantic-candidate:087728ccbb1dbfbd1231b281	semantic-relation:55b4be2a464b0918c864aa7a	INSTANCE_OR_SPECIFIC_FORM_OF	V2_CONTAINMENT_CANDIDATE_NOT_EQUIVALENCE	true
semantic-candidate:087aadaeaa79b547dbd31527	semantic-relation:a8918e077d4f84ffa8246550	COMPONENT_OF	COMPOUND_COMPONENT_PARSE_REQUIRES_REVIEW	true
semantic-candidate:08815199b54fa1d5d20812d8	semantic-relation:23e64849d38e3378a85c47e4	MODIFIES	MODIFIER_PARSE_REQUIRES_REVIEW	true
semantic-candidate:0881534e25393c8f19f5d979	semantic-relation:83f4c9bb078ff5a9e2105392	INSTANCE_OR_SPECIFIC_FORM_OF	V2_CONTAINMENT_CANDIDATE_NOT_EQUIVALENCE	true
semantic-candidate:0884f0c5fc06b0dd12442c59	semantic-relation:b4e4cd2a335e849ec8a47681	INSTANCE_OR_SPECIFIC_FORM_OF	V2_CONTAINMENT_CANDIDATE_NOT_EQUIVALENCE	true
semantic-candidate:088834ec8703596b25397ea7	semantic-relation:8df85b27c7b785f8cd19e0d9	COMPONENT_OF	COMPOUND_COMPONENT_PARSE_REQUIRES_REVIEW	true
semantic-candidate:088910255871a7a9aca015a0	semantic-relation:9507d6faae3261885fbdb227	COMPONENT_OF	COMPOUND_COMPONENT_PARSE_REQUIRES_REVIEW	true
semantic-candidate:088f09e6f8d397bf818bbc49	semantic-relation:853d030640e72b0448660c17	INSTANCE_OR_SPECIFIC_FORM_OF	V2_CONTAINMENT_CANDIDATE_NOT_EQUIVALENCE	true
semantic-candidate:0891b56d3f4bdc581ee9c40b	semantic-relation:12ec593e2890627c07dd352c	COMPONENT_OF	COMPOUND_COMPONENT_PARSE_REQUIRES_REVIEW	true
semantic-candidate:08a3804c8a0a36ea7ffb3923	semantic-relation:cc155254f5f24af8232961db	MODIFIES	MODIFIER_PARSE_REQUIRES_REVIEW	true
semantic-candidate:08c71a1a921fd6dc74b67c71	semantic-relation:931e84734b01aadc538e4dcd	INSTANCE_OR_SPECIFIC_FORM_OF	V2_CONTAINMENT_CANDIDATE_NOT_EQUIVALENCE	true
semantic-candidate:08e2d522b001a55e96ad9d42	semantic-relation:2a5b31151accbe95ee602cff	INSTANCE_OR_SPECIFIC_FORM_OF	V2_CONTAINMENT_CANDIDATE_NOT_EQUIVALENCE	true
semantic-candidate:08f079e10ca99d54b863c77d	semantic-relation:a22dc62fef9b6c6ad011c486	INSTANCE_OR_SPECIFIC_FORM_OF	V2_CONTAINMENT_CANDIDATE_NOT_EQUIVALENCE	true
semantic-candidate:08f63e1a87830381e05055ad	semantic-relation:e8c79ebb8367db33ebc0cace	INSTANCE_OR_SPECIFIC_FORM_OF	V2_CONTAINMENT_CANDIDATE_NOT_EQUIVALENCE	true
semantic-candidate:08f7fa29af96f1ec71ab57b0	semantic-relation:920f6f3cc7fbd64558b7a426	MODIFIES	MODIFIER_PARSE_REQUIRES_REVIEW	true
semantic-candidate:08faae583a79b0b0b224788f	semantic-relation:9dc2d4c0f2418b91eddafa40	INSTANCE_OR_SPECIFIC_FORM_OF	V2_CONTAINMENT_CANDIDATE_NOT_EQUIVALENCE	true
semantic-candidate:0909186c4af36f3ae396ff69	semantic-relation:61c048dcf2169bb9484e6585	INSTANCE_OR_SPECIFIC_FORM_OF	V2_CONTAINMENT_CANDIDATE_NOT_EQUIVALENCE	true
semantic-candidate:090e6b0d547fddaf15320c62	semantic-relation:1a7375482da30b5b816609fa	INSTANCE_OR_SPECIFIC_FORM_OF	V2_CONTAINMENT_CANDIDATE_NOT_EQUIVALENCE	true
semantic-candidate:09194729c20340879f45ce84	semantic-relation:91577a1a3d76089c059b4a03	INSTANCE_OR_SPECIFIC_FORM_OF	V2_CONTAINMENT_CANDIDATE_NOT_EQUIVALENCE	true
semantic-candidate:093e1cbae701c47bbd970a7d	semantic-relation:e047384ea8e151c9610b1f84	INSTANCE_OR_SPECIFIC_FORM_OF	V2_CONTAINMENT_CANDIDATE_NOT_EQUIVALENCE	true
semantic-candidate:0940cbc799685b57557c5c0d	semantic-relation:d3bf076393c992b1b568bb4a	INSTANCE_OR_SPECIFIC_FORM_OF	V2_CONTAINMENT_CANDIDATE_NOT_EQUIVALENCE	true
semantic-candidate:094e2585ba71923ba410bb8e	semantic-relation:9809db6171f0a055d4812b1b	INSTANCE_OR_SPECIFIC_FORM_OF	V2_CONTAINMENT_CANDIDATE_NOT_EQUIVALENCE	true
semantic-candidate:0951c548ada6be3afafff030	semantic-relation:89979cf75aad7bd3d5aba5e4	COMPONENT_OF	COMPOUND_COMPONENT_PARSE_REQUIRES_REVIEW	true
semantic-candidate:0951d23600c0b9137bb33779	semantic-relation:62137eda0721f96890ed8d9d	MODIFIES	MODIFIER_PARSE_REQUIRES_REVIEW	true
semantic-candidate:0961b6c134167ed6c2aaf23a	semantic-relation:a53486369b67a864ce063c85	INSTANCE_OR_SPECIFIC_FORM_OF	V2_CONTAINMENT_CANDIDATE_NOT_EQUIVALENCE	true
semantic-candidate:0967dec45c05a862444cdfd8	semantic-relation:443970233c6fbe66d0c73a6f	INSTANCE_OR_SPECIFIC_FORM_OF	V2_CONTAINMENT_CANDIDATE_NOT_EQUIVALENCE	true
semantic-candidate:096971901e7b1004d5362560	semantic-relation:b31f2c04d0c3a5d856d8abf4	COMPONENT_OF	COMPOUND_COMPONENT_PARSE_REQUIRES_REVIEW	true
semantic-candidate:09802806a8f10dc83548b8b3	semantic-relation:9bec5a2071731a24cf9961f4	INSTANCE_OR_SPECIFIC_FORM_OF	V2_CONTAINMENT_CANDIDATE_NOT_EQUIVALENCE	true
semantic-candidate:09816758f70e38c76cdb82c3	semantic-relation:90a42175922ad60045400a8b	COMPONENT_OF	COMPOUND_COMPONENT_PARSE_REQUIRES_REVIEW	true
semantic-candidate:0993f1b00c256c5eed4ba86e	semantic-relation:98242b02f2ba20ae03e566ff	COMPONENT_OF	COMPOUND_COMPONENT_PARSE_REQUIRES_REVIEW	true
semantic-candidate:099f610be9e68a4d8f76a1da	semantic-relation:85f307eeb0bfeff25f160dd0	INSTANCE_OR_SPECIFIC_FORM_OF	V2_CONTAINMENT_CANDIDATE_NOT_EQUIVALENCE	true
semantic-candidate:09b24a47215f6127ba748a25	semantic-relation:6603538f5543e113ae27c449	COMPONENT_OF	COMPOUND_COMPONENT_PARSE_REQUIRES_REVIEW	true
semantic-candidate:09b47b163368dd0935376935	semantic-relation:05e5ba9054dfcc18aef105ea	COMPONENT_OF	COMPOUND_COMPONENT_PARSE_REQUIRES_REVIEW	true
semantic-candidate:09bbf3c92aeb27837ed92cb7	semantic-relation:1ec746694eb10f63361c8db2	INSTANCE_OR_SPECIFIC_FORM_OF	V2_CONTAINMENT_CANDIDATE_NOT_EQUIVALENCE	true
semantic-candidate:09bc22460cbfecb906fe9062	semantic-relation:a9a7388af8e5b0bb9b989350	COMPONENT_OF	COMPOUND_COMPONENT_PARSE_REQUIRES_REVIEW	true
semantic-candidate:09d0e30496b68c2e85b45ada	semantic-relation:294f2ad98a3757f4cbd32217	INSTANCE_OR_SPECIFIC_FORM_OF	V2_CONTAINMENT_CANDIDATE_NOT_EQUIVALENCE	true
semantic-candidate:09eb0b317bace959daba9e66	semantic-relation:a882d7b056032b337fc7740d	INSTANCE_OR_SPECIFIC_FORM_OF	V2_CONTAINMENT_CANDIDATE_NOT_EQUIVALENCE	true
semantic-candidate:09fd5d79a41adae5283fbe7c	semantic-relation:e4328e88167463bc55348123	MODIFIES	MODIFIER_PARSE_REQUIRES_REVIEW	true
semantic-candidate:0a150c29aa7743a397ae96aa	semantic-relation:c6c8cedcf78284eac37f3384	COMPONENT_OF	COMPOUND_COMPONENT_PARSE_REQUIRES_REVIEW	true
semantic-candidate:0a1da3e5d88d5e4da7ee13a8	semantic-relation:5bfbf5a43832d9711523e4df	INSTANCE_OR_SPECIFIC_FORM_OF	V2_CONTAINMENT_CANDIDATE_NOT_EQUIVALENCE	true
semantic-candidate:0a298b5d6415d03b09b60b4b	semantic-relation:ba30002a00e4e2b93efd440e	INSTANCE_OR_SPECIFIC_FORM_OF	V2_CONTAINMENT_CANDIDATE_NOT_EQUIVALENCE	true
semantic-candidate:0a54fc0e8ba9ba85372623b1	semantic-relation:5512b92593f2244ef94227a8	COMPONENT_OF	COMPOUND_COMPONENT_PARSE_REQUIRES_REVIEW	true
semantic-candidate:0a592b5dbc9e323f4573ad13	semantic-relation:ad00e6f37e8f38bedafc7258	INSTANCE_OR_SPECIFIC_FORM_OF	V2_CONTAINMENT_CANDIDATE_NOT_EQUIVALENCE	true
semantic-candidate:0a5d7e1f722b71ec0e01aca7	semantic-relation:256fff5167a0b2bc7c8e9b78	COMPONENT_OF	COMPOUND_COMPONENT_PARSE_REQUIRES_REVIEW	true
semantic-candidate:0a66c166fe45373bf6d59ecf	semantic-relation:399ff1b98d688dd28eaf5adc	COMPONENT_OF	COMPOUND_COMPONENT_PARSE_REQUIRES_REVIEW	true
semantic-candidate:0a70d9baa6bfaf722a268ecb	semantic-relation:65ebe6ea7107b340fefb6270	MODIFIES	MODIFIER_PARSE_REQUIRES_REVIEW	true
semantic-candidate:0a7e37e40746fc70ba43eabe	semantic-relation:8aa1cdfb490688794b8832f3	INSTANCE_OR_SPECIFIC_FORM_OF	V2_CONTAINMENT_CANDIDATE_NOT_EQUIVALENCE	true
semantic-candidate:0a8faa0ea21f224065b3e45b	semantic-relation:34199cae627d172a006c9545	INSTANCE_OR_SPECIFIC_FORM_OF	V2_CONTAINMENT_CANDIDATE_NOT_EQUIVALENCE	true
semantic-candidate:0a9d7c0a246e167cca0e12b2	semantic-relation:2af57e44c458bce90f127ea9	COMPONENT_OF	COMPOUND_COMPONENT_PARSE_REQUIRES_REVIEW	true
semantic-candidate:0a9fa8db26f829781563fa7e	semantic-relation:ad9702fd34cd9acdb866e0b9	COMPONENT_OF	COMPOUND_COMPONENT_PARSE_REQUIRES_REVIEW	true
semantic-candidate:0ac9f7e2c8b085257a7ef454	semantic-relation:2e4694c7f2ff5b1094cc8192	COMPONENT_OF	COMPOUND_COMPONENT_PARSE_REQUIRES_REVIEW	true
semantic-candidate:0acd04ac10873561ea707e50	semantic-relation:d7fafc98179dbba731f899e0	INSTANCE_OR_SPECIFIC_FORM_OF	V2_CONTAINMENT_CANDIDATE_NOT_EQUIVALENCE	true
semantic-candidate:0ada817ce90f3129a4968104	semantic-relation:f95ae16e7d0aba18efd1c041	INSTANCE_OR_SPECIFIC_FORM_OF	V2_CONTAINMENT_CANDIDATE_NOT_EQUIVALENCE	true
semantic-candidate:0ae18db51116515b3e48f581	semantic-relation:028a874f60fda2348576997a	INSTANCE_OR_SPECIFIC_FORM_OF	V2_CONTAINMENT_CANDIDATE_NOT_EQUIVALENCE	true
semantic-candidate:0b01c4437494ffa2a85a7bb7	semantic-relation:2175ce8cb8fb71bd1ae155ae	INSTANCE_OR_SPECIFIC_FORM_OF	V2_CONTAINMENT_CANDIDATE_NOT_EQUIVALENCE	true
semantic-candidate:0b01c7e9608e0b1ae84cfb7e	semantic-relation:c034a1a9feafd7e0756f4f33	COMPONENT_OF	COMPOUND_COMPONENT_PARSE_REQUIRES_REVIEW	true
semantic-candidate:0b0bf572c290464a28bafef9	semantic-relation:1671ddcb99da60612db2ba39	COMPONENT_OF	COMPOUND_COMPONENT_PARSE_REQUIRES_REVIEW	true
semantic-candidate:0b123d6e01bb7667eb28650f	semantic-relation:0662eee47690e0e9a2e697cf	COMPONENT_OF	COMPOUND_COMPONENT_PARSE_REQUIRES_REVIEW	true
semantic-candidate:0b2a38f3c4f95d2f04c5915d	semantic-relation:f456d87830a295ecb02620d8	COMPONENT_OF	COMPOUND_COMPONENT_PARSE_REQUIRES_REVIEW	true
semantic-candidate:0b39be4c20412ff7626c690f	semantic-relation:4d43b147aa5bb4af0df4d629	INSTANCE_OR_SPECIFIC_FORM_OF	V2_CONTAINMENT_CANDIDATE_NOT_EQUIVALENCE	true
semantic-candidate:0b4ec4716f0cc78cf9821629	semantic-relation:0b29e0aae477b275325f80ef	COMPONENT_OF	COMPOUND_COMPONENT_PARSE_REQUIRES_REVIEW	true
semantic-candidate:0b545ceaf72be03bbe226c76	semantic-relation:7e32bbb1ce8757dc8da04b49	INSTANCE_OR_SPECIFIC_FORM_OF	V2_CONTAINMENT_CANDIDATE_NOT_EQUIVALENCE	true
semantic-candidate:0b610307e9e0720aed334af4	semantic-relation:055e47fdcdaf886fd279a995	COMPONENT_OF	COMPOUND_COMPONENT_PARSE_REQUIRES_REVIEW	true
semantic-candidate:0b62981051262f829d06798d	semantic-relation:da0dd8e13e654e8fd092f0b7	COMPONENT_OF	COMPOUND_COMPONENT_PARSE_REQUIRES_REVIEW	true
semantic-candidate:0b68dea306b3ae4eb2d1fb6c	semantic-relation:0f8b66afdb8a825f061e77db	INSTANCE_OR_SPECIFIC_FORM_OF	V2_CONTAINMENT_CANDIDATE_NOT_EQUIVALENCE	true
semantic-candidate:0b72f3d668ed535eb58cea97	semantic-relation:ebe6a8444db739ee1c581be8	COMPONENT_OF	COMPOUND_COMPONENT_PARSE_REQUIRES_REVIEW	true
semantic-candidate:0b7a74e9657935f27d630441	semantic-relation:eaaa5d2846f9d3fd73dc493b	COMPONENT_OF	COMPOUND_COMPONENT_PARSE_REQUIRES_REVIEW	true
semantic-candidate:0b7b7ebc51f5cdeb821ebd54	semantic-relation:5a3c3f8937d1e2facb95e083	INSTANCE_OR_SPECIFIC_FORM_OF	V2_CONTAINMENT_CANDIDATE_NOT_EQUIVALENCE	true
semantic-candidate:0b7f2ac249e8e1a7774bbde1	semantic-relation:1f811b10ba3e4f846a69e6e3	COMPONENT_OF	COMPOUND_COMPONENT_PARSE_REQUIRES_REVIEW	true
semantic-candidate:0b81305c986c5924f44bb9f9	semantic-relation:9d229f5305f99d026345e21d	COMPONENT_OF	COMPOUND_COMPONENT_PARSE_REQUIRES_REVIEW	true
semantic-candidate:0b9799f9c0b7b5cf1a98304f	semantic-relation:c8eaa83f97a1a96677fb8ce7	COMPONENT_OF	COMPOUND_COMPONENT_PARSE_REQUIRES_REVIEW	true
semantic-candidate:0b9ed419967dc836c55280f5	semantic-relation:9975bd84c9560c6853c38508	INSTANCE_OR_SPECIFIC_FORM_OF	V2_CONTAINMENT_CANDIDATE_NOT_EQUIVALENCE	true
semantic-candidate:0bae9e075b515baae14b448b	semantic-relation:ffffceba02c206dc1df4f801	INSTANCE_OR_SPECIFIC_FORM_OF	V2_CONTAINMENT_CANDIDATE_NOT_EQUIVALENCE	true
semantic-candidate:0bb275efc1539afad22169aa	semantic-relation:4ae25d5e6218ba565157fdb2	INSTANCE_OR_SPECIFIC_FORM_OF	V2_CONTAINMENT_CANDIDATE_NOT_EQUIVALENCE	true
semantic-candidate:0bc0bdd85359d40de12847de	semantic-relation:55325c602717bd01b6130ea8	INSTANCE_OR_SPECIFIC_FORM_OF	V2_CONTAINMENT_CANDIDATE_NOT_EQUIVALENCE	true
semantic-candidate:0bcf124c0713b899689381b6	semantic-relation:a6b5cf5780bea6bb826ae341	COMPONENT_OF	COMPOUND_COMPONENT_PARSE_REQUIRES_REVIEW	true
semantic-candidate:0bd24801a832a98fbc4666d5	semantic-relation:98fd6b4016ceba4f16c033a6	COMPONENT_OF	COMPOUND_COMPONENT_PARSE_REQUIRES_REVIEW	true
semantic-candidate:0bee5dabb595469645c56be5	semantic-relation:8475440cd50fb85123875d5b	INSTANCE_OR_SPECIFIC_FORM_OF	V2_CONTAINMENT_CANDIDATE_NOT_EQUIVALENCE	true
semantic-candidate:0bfa58a61a2bc9214b6a9d94	semantic-relation:6aabbd5b8a803ec3b2393f41	COMPONENT_OF	COMPOUND_COMPONENT_PARSE_REQUIRES_REVIEW	true
semantic-candidate:0c00b41d884dc0a90bdd12b7	semantic-relation:e7963d6edd9a68d0379dd559	INSTANCE_OR_SPECIFIC_FORM_OF	V2_CONTAINMENT_CANDIDATE_NOT_EQUIVALENCE	true
semantic-candidate:0c1276b3dc35b48832264b61	semantic-relation:21117baabf593b653cc5d0e2	COMPONENT_OF	COMPOUND_COMPONENT_PARSE_REQUIRES_REVIEW	true
semantic-candidate:0c30ae935a1e35e5b52ff75d	semantic-relation:7d57d8b229c4daa0da60775a	INSTANCE_OR_SPECIFIC_FORM_OF	V2_CONTAINMENT_CANDIDATE_NOT_EQUIVALENCE	true
semantic-candidate:0c3637571f86e561c28322a6	semantic-relation:785fda63fbc3752ae09053d1	INSTANCE_OR_SPECIFIC_FORM_OF	V2_CONTAINMENT_CANDIDATE_NOT_EQUIVALENCE	true
semantic-candidate:0c391a923dde6e24fe374faf	semantic-relation:8c26c7ce9c7775f2227009c4	INSTANCE_OR_SPECIFIC_FORM_OF	V2_CONTAINMENT_CANDIDATE_NOT_EQUIVALENCE	true
semantic-candidate:0c589893da894aea95616a6a	semantic-relation:9aa99aa6e50a04b51f128bbd	INSTANCE_OR_SPECIFIC_FORM_OF	V2_CONTAINMENT_CANDIDATE_NOT_EQUIVALENCE	true
semantic-candidate:0c5f7bd1914f87ac4c46a4ec	semantic-relation:58bbc4972da68c60be3426cd	INSTANCE_OR_SPECIFIC_FORM_OF	V2_CONTAINMENT_CANDIDATE_NOT_EQUIVALENCE	true
semantic-candidate:0c667664c858ce4b805f8f14	semantic-relation:9e0a513dd90a56f0e6964f7a	MODIFIES	MODIFIER_PARSE_REQUIRES_REVIEW	true
semantic-candidate:0c8779c3b146c814d96afdd1	semantic-relation:2afa27fa09b684b48aeb3e96	COMPONENT_OF	COMPOUND_COMPONENT_PARSE_REQUIRES_REVIEW	true
semantic-candidate:0cb289eca8743d9a0d04953a	semantic-relation:f0c954f00155cd493c388403	INSTANCE_OR_SPECIFIC_FORM_OF	V2_CONTAINMENT_CANDIDATE_NOT_EQUIVALENCE	true
semantic-candidate:0cbf35778eb194847952e0e5	semantic-relation:bedc6dc59ed564b9891199af	COMPONENT_OF	COMPOUND_COMPONENT_PARSE_REQUIRES_REVIEW	true
semantic-candidate:0cbf4366c3e25f596cde5d9e	semantic-relation:0ef1c84a255d6f3f6b85b5af	INSTANCE_OR_SPECIFIC_FORM_OF	V2_CONTAINMENT_CANDIDATE_NOT_EQUIVALENCE	true
semantic-candidate:0ccdf112f813531da88b410b	semantic-relation:c854782e4f8b652410ba36c4	MODIFIES	MODIFIER_PARSE_REQUIRES_REVIEW	true
semantic-candidate:0ce0cedbe670a5a059c8e1a5	semantic-relation:17a43c4605a1d83f6a29a596	INSTANCE_OR_SPECIFIC_FORM_OF	V2_CONTAINMENT_CANDIDATE_NOT_EQUIVALENCE	true
semantic-candidate:0ce2b53e3add9a27c0c61992	semantic-relation:8159acd83d3909d1daa6d81c	COMPONENT_OF	COMPOUND_COMPONENT_PARSE_REQUIRES_REVIEW	true
semantic-candidate:0cf04feb3f31cbe2259ce9ef	semantic-relation:d8b4c27fa43ce1cabc225a48	COMPONENT_OF	COMPOUND_COMPONENT_PARSE_REQUIRES_REVIEW	true
semantic-candidate:0cfaddcf90640b2bb8a31374	semantic-relation:c948ddd9fb0aa99badef498a	MODIFIES	MODIFIER_PARSE_REQUIRES_REVIEW	true
semantic-candidate:0d1096c2434fe613ed41f1dd	semantic-relation:01193920afc2de36db3f8c25	INSTANCE_OR_SPECIFIC_FORM_OF	V2_CONTAINMENT_CANDIDATE_NOT_EQUIVALENCE	true
semantic-candidate:0d1685df621096ac9e4d92db	semantic-relation:c97f92a18d2b5251b581b463	MODIFIES	MODIFIER_PARSE_REQUIRES_REVIEW	true
semantic-candidate:0d26f5dc1b0b068f50cd3eae	semantic-relation:2b814743acfb128fe9761970	INSTANCE_OR_SPECIFIC_FORM_OF	V2_CONTAINMENT_CANDIDATE_NOT_EQUIVALENCE	true
semantic-candidate:0d3ac56b441bd40a4a54f094	semantic-relation:9923453c4a11fe2d57e93f1b	INSTANCE_OR_SPECIFIC_FORM_OF	V2_CONTAINMENT_CANDIDATE_NOT_EQUIVALENCE	true
semantic-candidate:0d4717c212a88b60aab0d629	semantic-relation:498282deba7268713d837b2c	COMPONENT_OF	COMPOUND_COMPONENT_PARSE_REQUIRES_REVIEW	true
semantic-candidate:0d4ca88c59816000d8af7252	semantic-relation:bc7f4dd7dfe108721bb78ed3	COMPONENT_OF	COMPOUND_COMPONENT_PARSE_REQUIRES_REVIEW	true
semantic-candidate:0d4f678b50af6d355f84d4c4	semantic-relation:e8aadfa4937b70fb686d567b	COMPONENT_OF	COMPOUND_COMPONENT_PARSE_REQUIRES_REVIEW	true
semantic-candidate:0d6217f9840c89684c3e9f01	semantic-relation:8fcb15154ba8385d36c38dda	INSTANCE_OR_SPECIFIC_FORM_OF	V2_CONTAINMENT_CANDIDATE_NOT_EQUIVALENCE	true
semantic-candidate:0d63e886042b4e3867d146bd	semantic-relation:ff5781f90b0914a1c2455990	INSTANCE_OR_SPECIFIC_FORM_OF	V2_CONTAINMENT_CANDIDATE_NOT_EQUIVALENCE	true
semantic-candidate:0d71f074ca3bae14753bc5f7	semantic-relation:39d298dafdbf2542a09218eb	COMPONENT_OF	COMPOUND_COMPONENT_PARSE_REQUIRES_REVIEW	true
semantic-candidate:0d755d75168a2025f4d7f581	semantic-relation:8165a645231b91fc487fe0b5	INSTANCE_OR_SPECIFIC_FORM_OF	V2_CONTAINMENT_CANDIDATE_NOT_EQUIVALENCE	true
semantic-candidate:0d7d7131ace76b18b2b52982	semantic-relation:3f291f0beabcd891c63eec19	INSTANCE_OR_SPECIFIC_FORM_OF	V2_CONTAINMENT_CANDIDATE_NOT_EQUIVALENCE	true
semantic-candidate:0d93ffe42180171696aa7554	semantic-relation:241a4530d2d3e067d09fe738	INSTANCE_OR_SPECIFIC_FORM_OF	V2_CONTAINMENT_CANDIDATE_NOT_EQUIVALENCE	true
semantic-candidate:0d9832b2bbf224e51e6c3936	semantic-relation:2c808d198adf85ea2e2c0dde	INSTANCE_OR_SPECIFIC_FORM_OF	V2_CONTAINMENT_CANDIDATE_NOT_EQUIVALENCE	true
semantic-candidate:0d9b0df74f2dffe5d5358247	semantic-relation:10894e32a0735c2d445c24f4	COMPONENT_OF	COMPOUND_COMPONENT_PARSE_REQUIRES_REVIEW	true
semantic-candidate:0da03dd879d4a580eda168ec	semantic-relation:6edf6b84e7e879c1ad332eb5	COMPONENT_OF	COMPOUND_COMPONENT_PARSE_REQUIRES_REVIEW	true
semantic-candidate:0db9a96218e9c0d92c2e0bcb	semantic-relation:bba2fd57374d3b9e509df6f7	INSTANCE_OR_SPECIFIC_FORM_OF	V2_CONTAINMENT_CANDIDATE_NOT_EQUIVALENCE	true
semantic-candidate:0dbce5d9a29bf0b099ddda10	semantic-relation:57ef42e81d7a609e7dc3448f	COMPONENT_OF	COMPOUND_COMPONENT_PARSE_REQUIRES_REVIEW	true
semantic-candidate:0dc827f1eab06b522d03f9db	semantic-relation:1d05e36d81463cab2aeb2a02	COMPONENT_OF	COMPOUND_COMPONENT_PARSE_REQUIRES_REVIEW	true
semantic-candidate:0e128ab66758a36c2338285d	semantic-relation:fe0a7ffbe4992452588f8c38	INSTANCE_OR_SPECIFIC_FORM_OF	V2_CONTAINMENT_CANDIDATE_NOT_EQUIVALENCE	true
semantic-candidate:0e28f9b3d0ea4408ebde72f5	semantic-relation:58b8dbdbb22c2fe71c5cd174	COMPONENT_OF	COMPOUND_COMPONENT_PARSE_REQUIRES_REVIEW	true
semantic-candidate:0e29b97e198eb9f748703912	semantic-relation:16cbd0f26b3ff9d4e6da3b47	INSTANCE_OR_SPECIFIC_FORM_OF	V2_CONTAINMENT_CANDIDATE_NOT_EQUIVALENCE	true
semantic-candidate:0e2dc8eb90ee567da0bdabed	semantic-relation:bb86c1ef32346a98530db5ab	COMPONENT_OF	COMPOUND_COMPONENT_PARSE_REQUIRES_REVIEW	true
semantic-candidate:0e3a2a9652a28354ba6cb8da	semantic-relation:dba83ea55d15540f7f3ee928	INSTANCE_OR_SPECIFIC_FORM_OF	V2_CONTAINMENT_CANDIDATE_NOT_EQUIVALENCE	true
semantic-candidate:0e4e3f320f39c394cf66020e	semantic-relation:213981ed9ada6a992464d5c1	COMPONENT_OF	COMPOUND_COMPONENT_PARSE_REQUIRES_REVIEW	true
semantic-candidate:0e4f579004c6cabc754f5b2e	semantic-relation:fd971105ed9bdd09636f537d	COMPONENT_OF	COMPOUND_COMPONENT_PARSE_REQUIRES_REVIEW	true
semantic-candidate:0e592fdac0f0912c40fb5db7	semantic-relation:6847f1393453419aef238262	INSTANCE_OR_SPECIFIC_FORM_OF	V2_CONTAINMENT_CANDIDATE_NOT_EQUIVALENCE	true
semantic-candidate:0e61db5083cca8d5b566296e	semantic-relation:b7eae37beb1a74b84e21fb2b	COMPONENT_OF	COMPOUND_COMPONENT_PARSE_REQUIRES_REVIEW	true
semantic-candidate:0e650db4a0d88b2a8c97b84d	semantic-relation:4a805c4aa4b74328addd5e02	COMPONENT_OF	COMPOUND_COMPONENT_PARSE_REQUIRES_REVIEW	true
semantic-candidate:0e72925b97cfa470d03ab250	semantic-relation:2f055643612c992b7743bf7c	COMPONENT_OF	COMPOUND_COMPONENT_PARSE_REQUIRES_REVIEW	true
semantic-candidate:0e77939e70352d325c7fd498	semantic-relation:4eab5e99dff6d7c68afdcd86	COMPONENT_OF	COMPOUND_COMPONENT_PARSE_REQUIRES_REVIEW	true
semantic-candidate:0e7defdc7fb927d50a8085f9	semantic-relation:dc980c22657c14db14daeea8	COMPONENT_OF	COMPOUND_COMPONENT_PARSE_REQUIRES_REVIEW	true
semantic-candidate:0e91553913fe390b2f9fac62	semantic-relation:510316677fa6a15d1467c729	COMPONENT_OF	COMPOUND_COMPONENT_PARSE_REQUIRES_REVIEW	true
semantic-candidate:0ea41f29b0819ff7a3d792f6	semantic-relation:f26ea81afaab5c6748d819fa	COMPONENT_OF	COMPOUND_COMPONENT_PARSE_REQUIRES_REVIEW	true
semantic-candidate:0eb1e792cd9e23d5914e6235	semantic-relation:25e007067e487a663a4c6a75	MODIFIES	MODIFIER_PARSE_REQUIRES_REVIEW	true
semantic-candidate:0eb2055886c5bd49e2bea6c1	semantic-relation:4c30837bd872af4fc435fb2a	INSTANCE_OR_SPECIFIC_FORM_OF	V2_CONTAINMENT_CANDIDATE_NOT_EQUIVALENCE	true
semantic-candidate:0eb4055750f43b3e6bb50839	semantic-relation:3f7338146d58fe78d5287094	INSTANCE_OR_SPECIFIC_FORM_OF	V2_CONTAINMENT_CANDIDATE_NOT_EQUIVALENCE	true
semantic-candidate:0eb65c603065b8f4293e77a6	semantic-relation:044f78f096fe1cf6a19c110d	COMPONENT_OF	COMPOUND_COMPONENT_PARSE_REQUIRES_REVIEW	true
semantic-candidate:0eb81f99a112d0370c60064a	semantic-relation:c68c7bb084b178ac8ad098f3	COMPONENT_OF	COMPOUND_COMPONENT_PARSE_REQUIRES_REVIEW	true
semantic-candidate:0ecd5d7d87ea3184f26bc6f1	semantic-relation:66ec864fcd1a6bd7f55e23be	COMPONENT_OF	COMPOUND_COMPONENT_PARSE_REQUIRES_REVIEW	true
semantic-candidate:0ee14715975bd1e0765b766b	semantic-relation:44f5e207aef04277423021c9	COMPONENT_OF	COMPOUND_COMPONENT_PARSE_REQUIRES_REVIEW	true
semantic-candidate:0ef4bd48dd69298dfc199979	semantic-relation:13dfa7b1f20192bf2c0bb235	INSTANCE_OR_SPECIFIC_FORM_OF	V2_CONTAINMENT_CANDIDATE_NOT_EQUIVALENCE	true
semantic-candidate:0ef6b60f5c0943c0d24cfe44	semantic-relation:8882816cac783591f0ef40c2	COMPONENT_OF	COMPOUND_COMPONENT_PARSE_REQUIRES_REVIEW	true
semantic-candidate:0effbcbadfd536a4a2a3011c	semantic-relation:f7a2cb790d8ced4175791348	COMPONENT_OF	COMPOUND_COMPONENT_PARSE_REQUIRES_REVIEW	true
semantic-candidate:0effd8205e6a456d6be4a17c	semantic-relation:b8e933a554cd39c417fd618d	INSTANCE_OR_SPECIFIC_FORM_OF	V2_CONTAINMENT_CANDIDATE_NOT_EQUIVALENCE	true
semantic-candidate:0f0302c69dd56dca91b642ac	semantic-relation:a51a7f1a91cef6f5e0ada386	MODIFIES	MODIFIER_PARSE_REQUIRES_REVIEW	true
semantic-candidate:0f238e496376359fe74f1d98	semantic-relation:0e9007a2bdd22408c31e492c	MODIFIES	MODIFIER_PARSE_REQUIRES_REVIEW	true
semantic-candidate:0f44708d596b4b8004def7c9	semantic-relation:2eae6614b6bb539342172f8b	INSTANCE_OR_SPECIFIC_FORM_OF	V2_CONTAINMENT_CANDIDATE_NOT_EQUIVALENCE	true
semantic-candidate:0f44fce0c5967b784a10487b	semantic-relation:bbb5027861573b50135d5d83	INSTANCE_OR_SPECIFIC_FORM_OF	V2_CONTAINMENT_CANDIDATE_NOT_EQUIVALENCE	true
semantic-candidate:0f4e52643a73015d54af2a2d	semantic-relation:b2d7211d771b925075997b61	INSTANCE_OR_SPECIFIC_FORM_OF	V2_CONTAINMENT_CANDIDATE_NOT_EQUIVALENCE	true
semantic-candidate:0f6cfcb1b73f2fead8cdf02e	semantic-relation:20e3165f4837b0afbd5fe85a	INSTANCE_OR_SPECIFIC_FORM_OF	V2_CONTAINMENT_CANDIDATE_NOT_EQUIVALENCE	true
semantic-candidate:0f763a66728654b9778aaf56	semantic-relation:e9c416bde971ed91b374f0cb	INSTANCE_OR_SPECIFIC_FORM_OF	V2_CONTAINMENT_CANDIDATE_NOT_EQUIVALENCE	true
semantic-candidate:0f783313293e28d3937ae707	semantic-relation:10fae06f09deb761fc04dd17	INSTANCE_OR_SPECIFIC_FORM_OF	V2_CONTAINMENT_CANDIDATE_NOT_EQUIVALENCE	true
semantic-candidate:0f98a68e2157aee80314e7fb	semantic-relation:9867e3eba6f6085e6f7633f9	INSTANCE_OR_SPECIFIC_FORM_OF	V2_CONTAINMENT_CANDIDATE_NOT_EQUIVALENCE	true
semantic-candidate:0faa8b76b05a926f0b2ca7de	semantic-relation:22e7dc978ae89d41ef3428fb	INSTANCE_OR_SPECIFIC_FORM_OF	V2_CONTAINMENT_CANDIDATE_NOT_EQUIVALENCE	true
semantic-candidate:0fb6d843c7fd4483c292c756	semantic-relation:9a852d5801e4c82bc2eed349	MODIFIES	MODIFIER_PARSE_REQUIRES_REVIEW	true
semantic-candidate:0fbab4c4461a765d5fa6b0bb	semantic-relation:3bfd6d21bf5bdb7b5ec4b3b6	COMPONENT_OF	COMPOUND_COMPONENT_PARSE_REQUIRES_REVIEW	true
semantic-candidate:0fbcba037e98327bf8f0913f	semantic-relation:c5486eb7d77f025069045c0c	INSTANCE_OR_SPECIFIC_FORM_OF	V2_CONTAINMENT_CANDIDATE_NOT_EQUIVALENCE	true
semantic-candidate:0fca7769ed697daed417fbb8	semantic-relation:cd7e56fed69274c9f6883e1e	COMPONENT_OF	COMPOUND_COMPONENT_PARSE_REQUIRES_REVIEW	true
semantic-candidate:0fcee7048c8f103b68587b7b	semantic-relation:0158a0722f57d10781580858	INSTANCE_OR_SPECIFIC_FORM_OF	V2_CONTAINMENT_CANDIDATE_NOT_EQUIVALENCE	true
semantic-candidate:0fd9c3490e7e16e8e46562e7	semantic-relation:3e6bf9c474d9ada4d1913b49	INSTANCE_OR_SPECIFIC_FORM_OF	V2_CONTAINMENT_CANDIDATE_NOT_EQUIVALENCE	true
semantic-candidate:0fdef1aafb528bf11c3b121f	semantic-relation:6004cd19d2cfec686a1580b8	INSTANCE_OR_SPECIFIC_FORM_OF	V2_CONTAINMENT_CANDIDATE_NOT_EQUIVALENCE	true
semantic-candidate:0fe7fbc8d0afb967a8f1a4aa	semantic-relation:e853d94611342a2c4ed0c211	COMPONENT_OF	COMPOUND_COMPONENT_PARSE_REQUIRES_REVIEW	true
semantic-candidate:0ff7ed9c308d9486854fb6c2	semantic-relation:c8050945328661797ecd9ac3	INSTANCE_OR_SPECIFIC_FORM_OF	V2_CONTAINMENT_CANDIDATE_NOT_EQUIVALENCE	true
semantic-candidate:0ffb3b6f81ad17f443b4ec2f	semantic-relation:3f9306958b707dc8d866e648	INSTANCE_OR_SPECIFIC_FORM_OF	V2_CONTAINMENT_CANDIDATE_NOT_EQUIVALENCE	true
semantic-candidate:101bc14a3ef55c7b9d14b962	semantic-relation:a97ecbb7e4d6537d439a2444	INSTANCE_OR_SPECIFIC_FORM_OF	V2_CONTAINMENT_CANDIDATE_NOT_EQUIVALENCE	true
semantic-candidate:101e958c078aaf2c353b9741	semantic-relation:8e857cd38b4596cef94fb155	INSTANCE_OR_SPECIFIC_FORM_OF	V2_CONTAINMENT_CANDIDATE_NOT_EQUIVALENCE	true
semantic-candidate:1021edef0f5048aeaebf3fe7	semantic-relation:c0837407e239c9c141a3a1af	COMPONENT_OF	COMPOUND_COMPONENT_PARSE_REQUIRES_REVIEW	true
semantic-candidate:1028eb85662949b25c4864bf	semantic-relation:7f13833f05f72fe926be0659	INSTANCE_OR_SPECIFIC_FORM_OF	V2_CONTAINMENT_CANDIDATE_NOT_EQUIVALENCE	true
semantic-candidate:1029d0eaddcebab8bf6f7179	semantic-relation:b2fd18926badfc98fb8da821	COMPONENT_OF	COMPOUND_COMPONENT_PARSE_REQUIRES_REVIEW	true
semantic-candidate:104208c5021a5c36cd56679c	semantic-relation:245127ec2ca001dec5e7eb20	INSTANCE_OR_SPECIFIC_FORM_OF	V2_CONTAINMENT_CANDIDATE_NOT_EQUIVALENCE	true
semantic-candidate:104d2215bc7d386f788468ec	semantic-relation:1bdd8af9b351eb875a82a073	COMPONENT_OF	COMPOUND_COMPONENT_PARSE_REQUIRES_REVIEW	true
semantic-candidate:105d14005078e494df10cb41	semantic-relation:dc0cfc63df6f6585727e3630	INSTANCE_OR_SPECIFIC_FORM_OF	V2_CONTAINMENT_CANDIDATE_NOT_EQUIVALENCE	true
semantic-candidate:105eb9dc70e1b91e55b4a4bc	semantic-relation:c7794923f64d688179367f05	MODIFIES	MODIFIER_PARSE_REQUIRES_REVIEW	true
semantic-candidate:108c834781f4af7a407021dd	semantic-relation:89131b2baa67c59cfc455142	MODIFIES	MODIFIER_PARSE_REQUIRES_REVIEW	true
semantic-candidate:10924b144cd57e9aa7ad2c8a	semantic-relation:5ef4669ad55470c78f18684d	COMPONENT_OF	COMPOUND_COMPONENT_PARSE_REQUIRES_REVIEW	true
semantic-candidate:10b25621781bacff63af66c9	semantic-relation:de62bbb95a08992025e825e1	COMPONENT_OF	COMPOUND_COMPONENT_PARSE_REQUIRES_REVIEW	true
semantic-candidate:10b74410c076278f3d4e3302	semantic-relation:f4806ce2b434e91fb6ef2731	COMPONENT_OF	COMPOUND_COMPONENT_PARSE_REQUIRES_REVIEW	true
semantic-candidate:10c7dcd7cdf82e408db57c1d	semantic-relation:b7e968e08c9348b3e7fde3e2	COMPONENT_OF	COMPOUND_COMPONENT_PARSE_REQUIRES_REVIEW	true
semantic-candidate:10cc4b9004930313a5c98980	semantic-relation:7117fff366eab9b0c28ad376	COMPONENT_OF	COMPOUND_COMPONENT_PARSE_REQUIRES_REVIEW	true
semantic-candidate:10d1e8978121d58c1abd21d4	semantic-relation:469efce60ef6447b4e0354d0	MODIFIES	MODIFIER_PARSE_REQUIRES_REVIEW	true
semantic-candidate:10d662b5a4feadb00fe95cab	semantic-relation:957892df860f792c5e7ad397	MODIFIES	MODIFIER_PARSE_REQUIRES_REVIEW	true
semantic-candidate:10fc06f0c78c2dd5c096f3a1	semantic-relation:e16f7f2b404504df55b4669f	MODIFIES	MODIFIER_PARSE_REQUIRES_REVIEW	true
semantic-candidate:10fdc05574593e5414d1585b	semantic-relation:3386d0fb390153f126c3f4ae	COMPONENT_OF	COMPOUND_COMPONENT_PARSE_REQUIRES_REVIEW	true
semantic-candidate:110a2474ab585e82380e7fe3	semantic-relation:922779443838019f92e9faff	INSTANCE_OR_SPECIFIC_FORM_OF	V2_CONTAINMENT_CANDIDATE_NOT_EQUIVALENCE	true
semantic-candidate:11163618ab6a0599257a0f01	semantic-relation:96aa21bef02270043c036003	COMPONENT_OF	COMPOUND_COMPONENT_PARSE_REQUIRES_REVIEW	true
semantic-candidate:111dedddfbb569dbcf88a1ba	semantic-relation:83617b5c99f0ada241f75c9a	COMPONENT_OF	COMPOUND_COMPONENT_PARSE_REQUIRES_REVIEW	true
semantic-candidate:112a40ad671deb7b080c4b13	semantic-relation:150cad1ac08085898670cd1a	INSTANCE_OR_SPECIFIC_FORM_OF	V2_CONTAINMENT_CANDIDATE_NOT_EQUIVALENCE	true
semantic-candidate:113956aa10fb0d602c554913	semantic-relation:f2c5d481743b03cb37e59dfe	INSTANCE_OR_SPECIFIC_FORM_OF	V2_CONTAINMENT_CANDIDATE_NOT_EQUIVALENCE	true
semantic-candidate:113c56c96c9ebb0041aa0bf4	semantic-relation:ae6709cb1070b748342da7b8	INSTANCE_OR_SPECIFIC_FORM_OF	V2_CONTAINMENT_CANDIDATE_NOT_EQUIVALENCE	true
semantic-candidate:1146479d551babf7c732aa82	semantic-relation:302ee8792a67544ff41ddc74	INSTANCE_OR_SPECIFIC_FORM_OF	V2_CONTAINMENT_CANDIDATE_NOT_EQUIVALENCE	true
semantic-candidate:114a2addf0cbba441d9f7b39	semantic-relation:869d8a5260663ce64b675472	INSTANCE_OR_SPECIFIC_FORM_OF	V2_CONTAINMENT_CANDIDATE_NOT_EQUIVALENCE	true
semantic-candidate:114f15f3ce7f1e056707c3d8	semantic-relation:11f2271f9d99248a76f55ba6	COMPONENT_OF	COMPOUND_COMPONENT_PARSE_REQUIRES_REVIEW	true
semantic-candidate:11540534935ae126d82797b3	semantic-relation:bc4aa4ff2224289c265d440b	INSTANCE_OR_SPECIFIC_FORM_OF	V2_CONTAINMENT_CANDIDATE_NOT_EQUIVALENCE	true
semantic-candidate:1164c2a3d5e034ec20ccaa0c	semantic-relation:1ab29ab989b9a5b5c012c584	INSTANCE_OR_SPECIFIC_FORM_OF	V2_CONTAINMENT_CANDIDATE_NOT_EQUIVALENCE	true
semantic-candidate:118139e4014f9d5732de5ff2	semantic-relation:17bb16edc74617995361a6ce	COMPONENT_OF	COMPOUND_COMPONENT_PARSE_REQUIRES_REVIEW	true
semantic-candidate:1198577c8dc47e9a62bf53b3	semantic-relation:a8ddde8e9e6300439545f2fe	COMPONENT_OF	COMPOUND_COMPONENT_PARSE_REQUIRES_REVIEW	true
semantic-candidate:1199a1c27180337794a0595e	semantic-relation:78b7802648b2f959856e3229	INSTANCE_OR_SPECIFIC_FORM_OF	V2_CONTAINMENT_CANDIDATE_NOT_EQUIVALENCE	true
semantic-candidate:11abffaa7494e31da22f3c1f	semantic-relation:51aa0677aed1cd2aa1ca0682	COMPONENT_OF	COMPOUND_COMPONENT_PARSE_REQUIRES_REVIEW	true
semantic-candidate:11cb76311a8b99d1ddfc5960	semantic-relation:b223e9af06d46401af45d3cf	INSTANCE_OR_SPECIFIC_FORM_OF	V2_CONTAINMENT_CANDIDATE_NOT_EQUIVALENCE	true
semantic-candidate:11e07255ff6eed301fbda123	semantic-relation:9a7c3cb90099e0fcf4099c56	MODIFIES	MODIFIER_PARSE_REQUIRES_REVIEW	true
semantic-candidate:11e92cba919f11711440e071	semantic-relation:dfe6b56ed5af9a4a37052c47	INSTANCE_OR_SPECIFIC_FORM_OF	V2_CONTAINMENT_CANDIDATE_NOT_EQUIVALENCE	true
semantic-candidate:11eceeb99d79fce4218390eb	semantic-relation:b40fbd03e52d7d0d190bc681	COMPONENT_OF	COMPOUND_COMPONENT_PARSE_REQUIRES_REVIEW	true
semantic-candidate:11ede04a117a543bf5c9483f	semantic-relation:c7c4d5970ca0a5211485effa	COMPONENT_OF	COMPOUND_COMPONENT_PARSE_REQUIRES_REVIEW	true
semantic-candidate:11f31e390672ee9bce27e592	semantic-relation:ab116941762988abee245ac6	COMPONENT_OF	COMPOUND_COMPONENT_PARSE_REQUIRES_REVIEW	true
semantic-candidate:11f4c5bcc8ff03775b17b42e	semantic-relation:68d852c578fadee0855629e3	COMPONENT_OF	COMPOUND_COMPONENT_PARSE_REQUIRES_REVIEW	true
semantic-candidate:120af8bd6566f624767e9e1b	semantic-relation:cac3cc2cdfb8162908d213f1	INSTANCE_OR_SPECIFIC_FORM_OF	V2_CONTAINMENT_CANDIDATE_NOT_EQUIVALENCE	true
semantic-candidate:121a169fe5165b55df818293	semantic-relation:68d2d8296b7becbbdb97a748	INSTANCE_OR_SPECIFIC_FORM_OF	V2_CONTAINMENT_CANDIDATE_NOT_EQUIVALENCE	true
semantic-candidate:121f20d2fa88de71fe453ea0	semantic-relation:2edfd8170e1e5a32f6671f35	COMPONENT_OF	COMPOUND_COMPONENT_PARSE_REQUIRES_REVIEW	true
semantic-candidate:12268cf44c56a5ac1458503c	semantic-relation:81e31fb965ab741c8fac4ebb	COMPONENT_OF	COMPOUND_COMPONENT_PARSE_REQUIRES_REVIEW	true
semantic-candidate:123484f4ad3406c99329fce7	semantic-relation:bd69bad1da104baada557f79	INSTANCE_OR_SPECIFIC_FORM_OF	V2_CONTAINMENT_CANDIDATE_NOT_EQUIVALENCE	true
semantic-candidate:124375ced6efe015019060ce	semantic-relation:2f5da803791442d2193aa80b	INSTANCE_OR_SPECIFIC_FORM_OF	V2_CONTAINMENT_CANDIDATE_NOT_EQUIVALENCE	true
semantic-candidate:12490d427699d62f56502890	semantic-relation:a7f567b5e527c1d399484bbb	INSTANCE_OR_SPECIFIC_FORM_OF	V2_CONTAINMENT_CANDIDATE_NOT_EQUIVALENCE	true
semantic-candidate:124dfec911c63942993225a3	semantic-relation:e7e63bfeba87e5ab8333e38b	COMPONENT_OF	COMPOUND_COMPONENT_PARSE_REQUIRES_REVIEW	true
semantic-candidate:1252f75f12b4a5a4eff12834	semantic-relation:fd655bcc5143b8355867d27e	INSTANCE_OR_SPECIFIC_FORM_OF	V2_CONTAINMENT_CANDIDATE_NOT_EQUIVALENCE	true
semantic-candidate:125a4b5817875d60fcd63db7	semantic-relation:7fdae21b8ba7212d8f700128	COMPONENT_OF	COMPOUND_COMPONENT_PARSE_REQUIRES_REVIEW	true
semantic-candidate:125ccab96397975dde353b75	semantic-relation:e9a177b435e76aa3f8107570	MODIFIES	MODIFIER_PARSE_REQUIRES_REVIEW	true
semantic-candidate:126596ebf5e3090f5ad12802	semantic-relation:8bb7eb356abdc49251d3b685	INSTANCE_OR_SPECIFIC_FORM_OF	V2_CONTAINMENT_CANDIDATE_NOT_EQUIVALENCE	true
semantic-candidate:1266f4f33563ffc8cab6053b	semantic-relation:60b761214c6aa47f572ae8dd	COMPONENT_OF	COMPOUND_COMPONENT_PARSE_REQUIRES_REVIEW	true
semantic-candidate:127c4ac0ad6f573043f25420	semantic-relation:c639cf0cdf2c715547abadd8	COMPONENT_OF	COMPOUND_COMPONENT_PARSE_REQUIRES_REVIEW	true
semantic-candidate:128e9830ec8b22922cd31ee2	semantic-relation:db9dfb0b8d5ee131e7e877f1	INSTANCE_OR_SPECIFIC_FORM_OF	V2_CONTAINMENT_CANDIDATE_NOT_EQUIVALENCE	true
semantic-candidate:12908b595e01f15b1ea6e2d9	semantic-relation:7c2bcceb22610db4c5036ca3	INSTANCE_OR_SPECIFIC_FORM_OF	V2_CONTAINMENT_CANDIDATE_NOT_EQUIVALENCE	true
semantic-candidate:129700c16563a45ad2a24cf0	semantic-relation:9da24c66a2c8760cd4cfb7ad	COMPONENT_OF	COMPOUND_COMPONENT_PARSE_REQUIRES_REVIEW	true
semantic-candidate:12aa3ed81bb8b28f67914b48	semantic-relation:62bf1af503540d5e6f310b24	INSTANCE_OR_SPECIFIC_FORM_OF	V2_CONTAINMENT_CANDIDATE_NOT_EQUIVALENCE	true
semantic-candidate:12aa95bc61195236d91aa938	semantic-relation:6b7338fa4a198b71c55866a8	INSTANCE_OR_SPECIFIC_FORM_OF	V2_CONTAINMENT_CANDIDATE_NOT_EQUIVALENCE	true
semantic-candidate:12b509df95f92cf8f02d3dc6	semantic-relation:2404220d48c80abfc8725f72	INSTANCE_OR_SPECIFIC_FORM_OF	V2_CONTAINMENT_CANDIDATE_NOT_EQUIVALENCE	true
semantic-candidate:12badd9f85182554c81fb65a	semantic-relation:47457ae798dfcfbc6dda868d	INSTANCE_OR_SPECIFIC_FORM_OF	V2_CONTAINMENT_CANDIDATE_NOT_EQUIVALENCE	true
semantic-candidate:12c2fd9e2744a670b745723f	semantic-relation:695362d778af98c413dbb25d	COMPONENT_OF	COMPOUND_COMPONENT_PARSE_REQUIRES_REVIEW	true
semantic-candidate:12cb898931ed27d7b4dffb8a	semantic-relation:d56d26e8fcfa0b4709df6d14	COMPONENT_OF	COMPOUND_COMPONENT_PARSE_REQUIRES_REVIEW	true
semantic-candidate:12cbea4cfa7514864beb411e	semantic-relation:b5974d80a012980bb8c7649b	COMPONENT_OF	COMPOUND_COMPONENT_PARSE_REQUIRES_REVIEW	true
semantic-candidate:12d15efd923219a4bf099ab6	semantic-relation:7838b4beb2daf12a199e0dfd	INSTANCE_OR_SPECIFIC_FORM_OF	V2_CONTAINMENT_CANDIDATE_NOT_EQUIVALENCE	true
semantic-candidate:12d8dd88e788dd9640647cb7	semantic-relation:4b431f63b75bc9413027850b	COMPONENT_OF	COMPOUND_COMPONENT_PARSE_REQUIRES_REVIEW	true
semantic-candidate:12d8e6c9e3d0e450c900bf3f	semantic-relation:61c62b20009ff21c98bf1990	COMPONENT_OF	COMPOUND_COMPONENT_PARSE_REQUIRES_REVIEW	true
semantic-candidate:12e1132aa31387c1cf150304	semantic-relation:97e7288ba8166921fc2be11b	COMPONENT_OF	COMPOUND_COMPONENT_PARSE_REQUIRES_REVIEW	true
semantic-candidate:12ee039966c44bda044784a8	semantic-relation:b93c0788c07f188c4808df92	INSTANCE_OR_SPECIFIC_FORM_OF	V2_CONTAINMENT_CANDIDATE_NOT_EQUIVALENCE	true
semantic-candidate:12f048a67f0e55a1961bbf95	semantic-relation:8494a156f0a03442c52ea6ea	MODIFIES	MODIFIER_PARSE_REQUIRES_REVIEW	true
semantic-candidate:12f9c43a9914f19b75a8d5be	semantic-relation:e7539ced735de81af5326f64	COMPONENT_OF	COMPOUND_COMPONENT_PARSE_REQUIRES_REVIEW	true
semantic-candidate:131b9faa7c5eb0ff4f705cce	semantic-relation:d6639f558489637fa23025fc	INSTANCE_OR_SPECIFIC_FORM_OF	V2_CONTAINMENT_CANDIDATE_NOT_EQUIVALENCE	true
semantic-candidate:13361680179f8e6f8e82a110	semantic-relation:0c61cd1d8aba3ba234387c1d	INSTANCE_OR_SPECIFIC_FORM_OF	V2_CONTAINMENT_CANDIDATE_NOT_EQUIVALENCE	true
semantic-candidate:133a6a7f5b03bfcfc359bae4	semantic-relation:97518e0a9b953225bb19d550	INSTANCE_OR_SPECIFIC_FORM_OF	V2_CONTAINMENT_CANDIDATE_NOT_EQUIVALENCE	true
semantic-candidate:134b86dcb81c5ef79c8e1383	semantic-relation:dade08d7586c1fa276a73a53	COMPONENT_OF	COMPOUND_COMPONENT_PARSE_REQUIRES_REVIEW	true
semantic-candidate:134ea7688c927dd74c7c3b86	semantic-relation:b91bcd3d0267052d3b7724f1	MODIFIES	MODIFIER_PARSE_REQUIRES_REVIEW	true
semantic-candidate:1358e67409817b7e0484be92	semantic-relation:f7488e193bf8155688c80ac8	INSTANCE_OR_SPECIFIC_FORM_OF	V2_CONTAINMENT_CANDIDATE_NOT_EQUIVALENCE	true
semantic-candidate:1362a460940748d0eea76255	semantic-relation:bf07121e9049d4b18d8cfa33	MODIFIES	MODIFIER_PARSE_REQUIRES_REVIEW	true
semantic-candidate:137b8f9d5a86f12af7d402c3	semantic-relation:937dd6fd189625468f31c111	INSTANCE_OR_SPECIFIC_FORM_OF	V2_CONTAINMENT_CANDIDATE_NOT_EQUIVALENCE	true
semantic-candidate:139325f05b9c5cdb8616b724	semantic-relation:19b77f8defa96cc096e4ccfa	COMPONENT_OF	COMPOUND_COMPONENT_PARSE_REQUIRES_REVIEW	true
semantic-candidate:1395a1d9220e95e1d435ab8b	semantic-relation:9d751390805ae2d41eb5b4a5	INSTANCE_OR_SPECIFIC_FORM_OF	V2_CONTAINMENT_CANDIDATE_NOT_EQUIVALENCE	true
semantic-candidate:13be1cc796d8c4601815a27d	semantic-relation:971d9e80622c3e32c87a6351	COMPONENT_OF	COMPOUND_COMPONENT_PARSE_REQUIRES_REVIEW	true
semantic-candidate:13d1cd4034d666c3c1860a3a	semantic-relation:c04c3c4f86c24db51cc00b80	MODIFIES	MODIFIER_PARSE_REQUIRES_REVIEW	true
semantic-candidate:13d8374cf5be717dc5f92f67	semantic-relation:8600693a220085c302a11d00	COMPONENT_OF	COMPOUND_COMPONENT_PARSE_REQUIRES_REVIEW	true
semantic-candidate:13e123bee66eef53b5e735ba	semantic-relation:2261cd4425cb5893fc1ef014	COMPONENT_OF	COMPOUND_COMPONENT_PARSE_REQUIRES_REVIEW	true
semantic-candidate:13e69057bf740f7c10960343	semantic-relation:b348d9c13e03f15c2c60ca35	INSTANCE_OR_SPECIFIC_FORM_OF	V2_CONTAINMENT_CANDIDATE_NOT_EQUIVALENCE	true
semantic-candidate:13efc503faea310407e795e5	semantic-relation:50345d053611dada1d6bf284	INSTANCE_OR_SPECIFIC_FORM_OF	V2_CONTAINMENT_CANDIDATE_NOT_EQUIVALENCE	true
semantic-candidate:13f796c074b978ae2b76146f	semantic-relation:28dd90a2c656c0ae6e70c27b	COMPONENT_OF	COMPOUND_COMPONENT_PARSE_REQUIRES_REVIEW	true
semantic-candidate:142008ab85b61b649b49d88a	semantic-relation:505f988b290d8e3a1ab267eb	INSTANCE_OR_SPECIFIC_FORM_OF	V2_CONTAINMENT_CANDIDATE_NOT_EQUIVALENCE	true
semantic-candidate:142e7dc612a1726e912bac3c	semantic-relation:f2fbf059959271776a83ce2d	INSTANCE_OR_SPECIFIC_FORM_OF	V2_CONTAINMENT_CANDIDATE_NOT_EQUIVALENCE	true
semantic-candidate:143584b66d53fac1d4aa9762	semantic-relation:4f4e1b1ad9ad8cc7027a7382	COMPONENT_OF	COMPOUND_COMPONENT_PARSE_REQUIRES_REVIEW	true
semantic-candidate:1443bf28953a55d93734e99f	semantic-relation:8e0e54c67f9b3786fbcd7549	COMPONENT_OF	COMPOUND_COMPONENT_PARSE_REQUIRES_REVIEW	true
semantic-candidate:1453e9b40b492c16dc1a6748	semantic-relation:fd9ac8da783cc075949183a1	INSTANCE_OR_SPECIFIC_FORM_OF	V2_CONTAINMENT_CANDIDATE_NOT_EQUIVALENCE	true
semantic-candidate:1470525da8bb011c9ef035fe	semantic-relation:26193019bc537f6c0b41b423	INSTANCE_OR_SPECIFIC_FORM_OF	V2_CONTAINMENT_CANDIDATE_NOT_EQUIVALENCE	true
semantic-candidate:1472640091e871fef766435a	semantic-relation:5a3370379a21b63bd7d262c2	INSTANCE_OR_SPECIFIC_FORM_OF	V2_CONTAINMENT_CANDIDATE_NOT_EQUIVALENCE	true
semantic-candidate:1479575bd3f0f1f24b0346e1	semantic-relation:a6202e5827d0d48f72543a1c	COMPONENT_OF	COMPOUND_COMPONENT_PARSE_REQUIRES_REVIEW	true
semantic-candidate:147a669c12de6cdb1c5d3105	semantic-relation:d6005e6827254b817b2a7b92	INSTANCE_OR_SPECIFIC_FORM_OF	V2_CONTAINMENT_CANDIDATE_NOT_EQUIVALENCE	true
semantic-candidate:147b1791ab6e8b9a9b8a6250	semantic-relation:cc703379b15b18eaf7295439	INSTANCE_OR_SPECIFIC_FORM_OF	V2_CONTAINMENT_CANDIDATE_NOT_EQUIVALENCE	true
semantic-candidate:148b19d6a21474eae57db988	semantic-relation:a6c45ee218eee0c802ee8335	INSTANCE_OR_SPECIFIC_FORM_OF	V2_CONTAINMENT_CANDIDATE_NOT_EQUIVALENCE	true
semantic-candidate:14aa3e8099ca150e4634bd70	semantic-relation:268b89830ac9b9e9ebf40b00	INSTANCE_OR_SPECIFIC_FORM_OF	V2_CONTAINMENT_CANDIDATE_NOT_EQUIVALENCE	true
semantic-candidate:14ac95e36b8d983242f92dfb	semantic-relation:44febc98ea5df63c88bbdd41	INSTANCE_OR_SPECIFIC_FORM_OF	V2_CONTAINMENT_CANDIDATE_NOT_EQUIVALENCE	true
semantic-candidate:14eb6a85b0c5ac1d8f419680	semantic-relation:44be9b9bdcbafd33679c3d9b	MODIFIES	MODIFIER_PARSE_REQUIRES_REVIEW	true
semantic-candidate:14f03af9e3ab1ff00aaed593	semantic-relation:dd968e18a51805b1779f7e9a	COMPONENT_OF	COMPOUND_COMPONENT_PARSE_REQUIRES_REVIEW	true
semantic-candidate:14fbbaa88172d58f0b76c5b5	semantic-relation:58e990df343896adceca1201	INSTANCE_OR_SPECIFIC_FORM_OF	V2_CONTAINMENT_CANDIDATE_NOT_EQUIVALENCE	true
semantic-candidate:15235acf5e9f7b5933991313	semantic-relation:ae9b945df6826a121507ca81	INSTANCE_OR_SPECIFIC_FORM_OF	V2_CONTAINMENT_CANDIDATE_NOT_EQUIVALENCE	true
semantic-candidate:152b750f3bf440cae9f66a08	semantic-relation:3ca347257fb5a0086f85c81c	MODIFIES	MODIFIER_PARSE_REQUIRES_REVIEW	true
semantic-candidate:1541699e9e14a1079fe00052	semantic-relation:c4e7d7dfca1b41810e12726f	INSTANCE_OR_SPECIFIC_FORM_OF	V2_CONTAINMENT_CANDIDATE_NOT_EQUIVALENCE	true
semantic-candidate:154b42ae504bb69b4aaf935c	semantic-relation:ae001b260e7e199332cb46d1	INSTANCE_OR_SPECIFIC_FORM_OF	V2_CONTAINMENT_CANDIDATE_NOT_EQUIVALENCE	true
semantic-candidate:155a4fd5dd9367df708ad602	semantic-relation:71a84f79a90a61ee004b6fc9	INSTANCE_OR_SPECIFIC_FORM_OF	V2_CONTAINMENT_CANDIDATE_NOT_EQUIVALENCE	true
semantic-candidate:15643bd8d863a2a9bce6e9d6	semantic-relation:2e87300e0f38349049db3805	MODIFIES	MODIFIER_PARSE_REQUIRES_REVIEW	true
semantic-candidate:15655ca3f9894ba1f6d7eaab	semantic-relation:26605089c52ede11e4d2daae	COMPONENT_OF	COMPOUND_COMPONENT_PARSE_REQUIRES_REVIEW	true
semantic-candidate:156d001a893338a9cca8999a	semantic-relation:3bc5c18eb3e90b88e06415b3	INSTANCE_OR_SPECIFIC_FORM_OF	V2_CONTAINMENT_CANDIDATE_NOT_EQUIVALENCE	true
semantic-candidate:1592673a4132920e57769a4f	semantic-relation:9f65c69d3c87963fc6304f5a	INSTANCE_OR_SPECIFIC_FORM_OF	V2_CONTAINMENT_CANDIDATE_NOT_EQUIVALENCE	true
semantic-candidate:1592ffbe6d40182e7834a2b9	semantic-relation:734f0865b624deda1355c298	INSTANCE_OR_SPECIFIC_FORM_OF	V2_CONTAINMENT_CANDIDATE_NOT_EQUIVALENCE	true
semantic-candidate:1595b89159cfb9984b4d3a7b	semantic-relation:ef66f644359ad8a5871914b1	INSTANCE_OR_SPECIFIC_FORM_OF	V2_CONTAINMENT_CANDIDATE_NOT_EQUIVALENCE	true
semantic-candidate:159b68cb19b607c5626b661e	semantic-relation:3a6d107bb252ef97ae3a260f	MODIFIES	MODIFIER_PARSE_REQUIRES_REVIEW	true
semantic-candidate:15b0f9e7e4fc01b96da5e10d	semantic-relation:f1c021a2eac9bdb9ab44480c	COMPONENT_OF	COMPOUND_COMPONENT_PARSE_REQUIRES_REVIEW	true
semantic-candidate:15b5cf9444cee1f91fbe6f70	semantic-relation:c95b18948ff3834230ae9162	INSTANCE_OR_SPECIFIC_FORM_OF	V2_CONTAINMENT_CANDIDATE_NOT_EQUIVALENCE	true
semantic-candidate:15c610b73ac934ab032001fc	semantic-relation:7c95e387372bdb17770d4444	COMPONENT_OF	COMPOUND_COMPONENT_PARSE_REQUIRES_REVIEW	true
semantic-candidate:15d0bcf483f1bbe081e3bd48	semantic-relation:6a7b9767ab90999d55f29774	MODIFIES	MODIFIER_PARSE_REQUIRES_REVIEW	true
semantic-candidate:15d56686eecc9c2dcc807dca	semantic-relation:a0834d3f3bf43ffcfd1cea06	INSTANCE_OR_SPECIFIC_FORM_OF	V2_CONTAINMENT_CANDIDATE_NOT_EQUIVALENCE	true
semantic-candidate:15dbe4d73758792b906ae9fb	semantic-relation:b0c5e6da2605947a65eecd9a	INSTANCE_OR_SPECIFIC_FORM_OF	V2_CONTAINMENT_CANDIDATE_NOT_EQUIVALENCE	true
semantic-candidate:15e95ab9ea53be0de662db57	semantic-relation:ea773a296534b0ee44c9017d	INSTANCE_OR_SPECIFIC_FORM_OF	V2_CONTAINMENT_CANDIDATE_NOT_EQUIVALENCE	true
semantic-candidate:15f6c37e694677468810b26e	semantic-relation:2a30af0641f4f563f24b803c	INSTANCE_OR_SPECIFIC_FORM_OF	V2_CONTAINMENT_CANDIDATE_NOT_EQUIVALENCE	true
semantic-candidate:160e36e1870b1c94f4f4ed57	semantic-relation:2b77a8a698b34f657897a73c	COMPONENT_OF	COMPOUND_COMPONENT_PARSE_REQUIRES_REVIEW	true
semantic-candidate:1632857b615f197a7d2b3d9e	semantic-relation:698615f2aa9081fb09c7ad64	INSTANCE_OR_SPECIFIC_FORM_OF	V2_CONTAINMENT_CANDIDATE_NOT_EQUIVALENCE	true
semantic-candidate:1635b08a3e82d4e54fe0e659	semantic-relation:561d5eb6d3a3e894adfa04e2	INSTANCE_OR_SPECIFIC_FORM_OF	V2_CONTAINMENT_CANDIDATE_NOT_EQUIVALENCE	true
semantic-candidate:164f49769a73c2ca2e5db56d	semantic-relation:ed1731335894e6d0fc4eb00e	INSTANCE_OR_SPECIFIC_FORM_OF	V2_CONTAINMENT_CANDIDATE_NOT_EQUIVALENCE	true
semantic-candidate:16799e183105c871b045b1b3	semantic-relation:7b1cefa3e09a0b98f837a25e	COMPONENT_OF	COMPOUND_COMPONENT_PARSE_REQUIRES_REVIEW	true
semantic-candidate:1679c7af854e1b258334c345	semantic-relation:7b1d4732fd74320ed5091300	INSTANCE_OR_SPECIFIC_FORM_OF	V2_CONTAINMENT_CANDIDATE_NOT_EQUIVALENCE	true
semantic-candidate:168edf01e9299f686d03f035	semantic-relation:667dc8af9157e885e131dd44	INSTANCE_OR_SPECIFIC_FORM_OF	V2_CONTAINMENT_CANDIDATE_NOT_EQUIVALENCE	true
semantic-candidate:16926557832098835fb77cd4	semantic-relation:abf1927dde63e9d6a7be3c07	INSTANCE_OR_SPECIFIC_FORM_OF	V2_CONTAINMENT_CANDIDATE_NOT_EQUIVALENCE	true
semantic-candidate:16a9d7e5e02ea6adb9587dde	semantic-relation:330e147297ce3d08131582f4	COMPONENT_OF	COMPOUND_COMPONENT_PARSE_REQUIRES_REVIEW	true
semantic-candidate:16adbec7da111a88bfa89f31	semantic-relation:a8359140f9b05bac0a212dc6	INSTANCE_OR_SPECIFIC_FORM_OF	V2_CONTAINMENT_CANDIDATE_NOT_EQUIVALENCE	true
semantic-candidate:16b4a5bfa648494be27208fa	semantic-relation:fdff55f817039bc9fb360e13	INSTANCE_OR_SPECIFIC_FORM_OF	V2_CONTAINMENT_CANDIDATE_NOT_EQUIVALENCE	true
semantic-candidate:16b584a589144b0c017f63b8	semantic-relation:139a3658394f3982cad2a337	INSTANCE_OR_SPECIFIC_FORM_OF	V2_CONTAINMENT_CANDIDATE_NOT_EQUIVALENCE	true
semantic-candidate:16c35f65a56a851c67b74766	semantic-relation:7810c898b4977f40ed83c72d	INSTANCE_OR_SPECIFIC_FORM_OF	V2_CONTAINMENT_CANDIDATE_NOT_EQUIVALENCE	true
semantic-candidate:16ddfdfdce52ba6403772c5c	semantic-relation:f891a5028490d3f5ca98ddfb	INSTANCE_OR_SPECIFIC_FORM_OF	V2_CONTAINMENT_CANDIDATE_NOT_EQUIVALENCE	true
semantic-candidate:16dee0dd15f081933f3e2f08	semantic-relation:d208b4b1acb85f00b57740d8	INSTANCE_OR_SPECIFIC_FORM_OF	V2_CONTAINMENT_CANDIDATE_NOT_EQUIVALENCE	true
semantic-candidate:1704dcb729ea0cdaefbe4bc0	semantic-relation:2b54777bd5fe0f736cddcdce	INSTANCE_OR_SPECIFIC_FORM_OF	V2_CONTAINMENT_CANDIDATE_NOT_EQUIVALENCE	true
semantic-candidate:17114f29effa9b0d49a9a14f	semantic-relation:04ea9a616efa28479663342c	INSTANCE_OR_SPECIFIC_FORM_OF	V2_CONTAINMENT_CANDIDATE_NOT_EQUIVALENCE	true
semantic-candidate:1736448242bac1d5b68e38f8	semantic-relation:ba478736101c72ee1bd0a3e6	INSTANCE_OR_SPECIFIC_FORM_OF	V2_CONTAINMENT_CANDIDATE_NOT_EQUIVALENCE	true
semantic-candidate:174af249ff4dffeb8c36781d	semantic-relation:3af006a89fbd994755e6dbf2	COMPONENT_OF	COMPOUND_COMPONENT_PARSE_REQUIRES_REVIEW	true
semantic-candidate:1753ce9b958aadf391982612	semantic-relation:edfd2715f731e9b1bef29455	MODIFIES	MODIFIER_PARSE_REQUIRES_REVIEW	true
semantic-candidate:175b18f6c007c262e1f6bd4d	semantic-relation:03be851e316a98a53dfc399a	INSTANCE_OR_SPECIFIC_FORM_OF	V2_CONTAINMENT_CANDIDATE_NOT_EQUIVALENCE	true
semantic-candidate:175cbaddaaf1090416682005	semantic-relation:3bf1fa7acd767727fd559de7	INSTANCE_OR_SPECIFIC_FORM_OF	V2_CONTAINMENT_CANDIDATE_NOT_EQUIVALENCE	true
semantic-candidate:175d346c8e34713d177e8d0d	semantic-relation:0a6448d12375c8f4d3973d9b	INSTANCE_OR_SPECIFIC_FORM_OF	V2_CONTAINMENT_CANDIDATE_NOT_EQUIVALENCE	true
semantic-candidate:1763b1b40ec29589f79356f3	semantic-relation:411f0a6e6422514d19aa121c	MODIFIES	MODIFIER_PARSE_REQUIRES_REVIEW	true
semantic-candidate:1776fcf4546338a8f2172c21	semantic-relation:cedd9a3b654e96410232bd46	INSTANCE_OR_SPECIFIC_FORM_OF	V2_CONTAINMENT_CANDIDATE_NOT_EQUIVALENCE	true
semantic-candidate:178a892f54446eb7eeb640a7	semantic-relation:b7c008fbf29aac6af89abe98	COMPONENT_OF	COMPOUND_COMPONENT_PARSE_REQUIRES_REVIEW	true
semantic-candidate:179dcec65244b7a794f316d8	semantic-relation:808a282e968af5760f09eeea	COMPONENT_OF	COMPOUND_COMPONENT_PARSE_REQUIRES_REVIEW	true
semantic-candidate:17a02fe6079dd82edc62e88c	semantic-relation:6b63bdec966ea1d5992c8e6f	COMPONENT_OF	COMPOUND_COMPONENT_PARSE_REQUIRES_REVIEW	true
semantic-candidate:17a6b4a1c7aa8fffe77cb53f	semantic-relation:d0615404b6990c2bab0e3261	INSTANCE_OR_SPECIFIC_FORM_OF	V2_CONTAINMENT_CANDIDATE_NOT_EQUIVALENCE	true
semantic-candidate:17aa03486c9c691dcf9dd878	semantic-relation:dd33160bf43ac82399505e42	INSTANCE_OR_SPECIFIC_FORM_OF	V2_CONTAINMENT_CANDIDATE_NOT_EQUIVALENCE	true
semantic-candidate:17b31fddcbe685e156c920ad	semantic-relation:a67be2476a440d574324f3f9	INSTANCE_OR_SPECIFIC_FORM_OF	V2_CONTAINMENT_CANDIDATE_NOT_EQUIVALENCE	true
semantic-candidate:17bfe3578071d87c0a899fea	semantic-relation:3554786e86acdd59e71b9aac	MODIFIES	MODIFIER_PARSE_REQUIRES_REVIEW	true
semantic-candidate:17cc881651d3336428fb1a51	semantic-relation:d91cb4fbfec691f7214d0a27	INSTANCE_OR_SPECIFIC_FORM_OF	V2_CONTAINMENT_CANDIDATE_NOT_EQUIVALENCE	true
semantic-candidate:17d4c1d9d4a8c15b98c371a6	semantic-relation:ece14ec62c7e056e8fa64146	INSTANCE_OR_SPECIFIC_FORM_OF	V2_CONTAINMENT_CANDIDATE_NOT_EQUIVALENCE	true
semantic-candidate:17e1ecc807412c7468f74ec5	semantic-relation:5745b255b9cec73858bae924	INSTANCE_OR_SPECIFIC_FORM_OF	V2_CONTAINMENT_CANDIDATE_NOT_EQUIVALENCE	true
semantic-candidate:17e491e456c220e47aaad21b	semantic-relation:f433dbaa7eeaf5429015b6ba	INSTANCE_OR_SPECIFIC_FORM_OF	V2_CONTAINMENT_CANDIDATE_NOT_EQUIVALENCE	true
semantic-candidate:17e7b3036628a872a982b688	semantic-relation:38d34171d8aa59c4e0ea7c73	INSTANCE_OR_SPECIFIC_FORM_OF	V2_CONTAINMENT_CANDIDATE_NOT_EQUIVALENCE	true
semantic-candidate:1807c52cec97d4ecc4fd0e91	semantic-relation:4282250e1eb83a9f084c33da	INSTANCE_OR_SPECIFIC_FORM_OF	V2_CONTAINMENT_CANDIDATE_NOT_EQUIVALENCE	true
semantic-candidate:180a3b2e17cd99438dfe02a6	semantic-relation:ea9f98a41703d809d70d6c64	COMPONENT_OF	COMPOUND_COMPONENT_PARSE_REQUIRES_REVIEW	true
semantic-candidate:18102c070a4e98dd3fbbdbf0	semantic-relation:86f75ba18d76f9ed3a367c5c	INSTANCE_OR_SPECIFIC_FORM_OF	V2_CONTAINMENT_CANDIDATE_NOT_EQUIVALENCE	true
semantic-candidate:181e1885866a558e8b0776ea	semantic-relation:3b00bbc31505b3057ca06a19	INSTANCE_OR_SPECIFIC_FORM_OF	V2_CONTAINMENT_CANDIDATE_NOT_EQUIVALENCE	true
semantic-candidate:183651e33a4ccced8a04ea6a	semantic-relation:0ba03b2095b6d0254b55f781	COMPONENT_OF	COMPOUND_COMPONENT_PARSE_REQUIRES_REVIEW	true
semantic-candidate:183ed390daef993730d84318	semantic-relation:5f7a8ca33150d6982b3607af	COMPONENT_OF	COMPOUND_COMPONENT_PARSE_REQUIRES_REVIEW	true
semantic-candidate:184007992dc6e181dcec26b4	semantic-relation:77e5c4c3bd22e9e6ed582e45	COMPONENT_OF	COMPOUND_COMPONENT_PARSE_REQUIRES_REVIEW	true
semantic-candidate:184398cf005f07ad6ec39c8e	semantic-relation:0fabeec35b9a2763094bdbdb	INSTANCE_OR_SPECIFIC_FORM_OF	V2_CONTAINMENT_CANDIDATE_NOT_EQUIVALENCE	true
semantic-candidate:1843f534b42f1d05126a2410	semantic-relation:d68a1a3edcae15e11e46bcd7	COMPONENT_OF	COMPOUND_COMPONENT_PARSE_REQUIRES_REVIEW	true
semantic-candidate:1869f3bb96633f46ad63cdf2	semantic-relation:3f00c4d35c128bfab2a805e3	INSTANCE_OR_SPECIFIC_FORM_OF	V2_CONTAINMENT_CANDIDATE_NOT_EQUIVALENCE	true
semantic-candidate:186fed1b3bba6cd2f431e392	semantic-relation:945bf3f7f1db6eb9d37cb68a	INSTANCE_OR_SPECIFIC_FORM_OF	V2_CONTAINMENT_CANDIDATE_NOT_EQUIVALENCE	true
semantic-candidate:1881b576896ba5e26589078a	semantic-relation:a3b217e892cf0a77fbaa9565	INSTANCE_OR_SPECIFIC_FORM_OF	V2_CONTAINMENT_CANDIDATE_NOT_EQUIVALENCE	true
semantic-candidate:1886290c9257ce586be5eaba	semantic-relation:18f4f28b9f41852161f8cd0e	MODIFIES	MODIFIER_PARSE_REQUIRES_REVIEW	true
semantic-candidate:1894f9b6e772d045392016bc	semantic-relation:03e73f717ef1fe5c8b853bcb	COMPONENT_OF	COMPOUND_COMPONENT_PARSE_REQUIRES_REVIEW	true
semantic-candidate:1899b11cb803dcb1e0b72c10	semantic-relation:69389594fd58c5c7a4dbaa6a	INSTANCE_OR_SPECIFIC_FORM_OF	V2_CONTAINMENT_CANDIDATE_NOT_EQUIVALENCE	true
semantic-candidate:18aa8ca065829e0358cb15b5	semantic-relation:f5bdff74a4704fcb82784d79	MODIFIES	MODIFIER_PARSE_REQUIRES_REVIEW	true
semantic-candidate:18ac18374f598b6860cadc61	semantic-relation:c3b433c58b8c2343b7df4f25	COMPONENT_OF	COMPOUND_COMPONENT_PARSE_REQUIRES_REVIEW	true
semantic-candidate:18b7f559ec804f8149a40b7d	semantic-relation:2afdc43f69b6d05dad3c87d0	COMPONENT_OF	COMPOUND_COMPONENT_PARSE_REQUIRES_REVIEW	true
semantic-candidate:18b901b085ece499b3e6a9f9	semantic-relation:95890c73f972b62c0de5e0d8	COMPONENT_OF	COMPOUND_COMPONENT_PARSE_REQUIRES_REVIEW	true
semantic-candidate:18bd3f49643ba66890dc7f2c	semantic-relation:1f4d5f544df42be09a8f4ab8	COMPONENT_OF	COMPOUND_COMPONENT_PARSE_REQUIRES_REVIEW	true
semantic-candidate:18c1ee333379876b533c22f3	semantic-relation:8bded71af3aa432edf6ffc3f	INSTANCE_OR_SPECIFIC_FORM_OF	V2_CONTAINMENT_CANDIDATE_NOT_EQUIVALENCE	true
semantic-candidate:18e24a7714470040dddc8ee4	semantic-relation:2c740b2085b601ddac3102a2	INSTANCE_OR_SPECIFIC_FORM_OF	V2_CONTAINMENT_CANDIDATE_NOT_EQUIVALENCE	true
semantic-candidate:18e61e3379262895f394c30a	semantic-relation:1ae7046a1df09f256f0cfe2b	COMPONENT_OF	COMPOUND_COMPONENT_PARSE_REQUIRES_REVIEW	true
semantic-candidate:1909e233254f0d2c41702aaa	semantic-relation:a32fceea5312e7b6235e1799	INSTANCE_OR_SPECIFIC_FORM_OF	V2_CONTAINMENT_CANDIDATE_NOT_EQUIVALENCE	true
semantic-candidate:191324c8458525bb2c6a7ab1	semantic-relation:967d5adea066cef73b812504	INSTANCE_OR_SPECIFIC_FORM_OF	V2_CONTAINMENT_CANDIDATE_NOT_EQUIVALENCE	true
semantic-candidate:1913cf49d628805430090f1b	semantic-relation:943a868ebc143fbb6798e76b	COMPONENT_OF	COMPOUND_COMPONENT_PARSE_REQUIRES_REVIEW	true
semantic-candidate:19178dd59b06826b0f3b6ffd	semantic-relation:3d1381d9664f67d739f917c5	COMPONENT_OF	COMPOUND_COMPONENT_PARSE_REQUIRES_REVIEW	true
semantic-candidate:1917ac7a0062cd2c5b240b77	semantic-relation:c5aef75e17c733a32dfb71d2	INSTANCE_OR_SPECIFIC_FORM_OF	V2_CONTAINMENT_CANDIDATE_NOT_EQUIVALENCE	true
semantic-candidate:191dbf73fb9c479a4aa16bd7	semantic-relation:1ceadbdb98362be58ae2b03f	COMPONENT_OF	COMPOUND_COMPONENT_PARSE_REQUIRES_REVIEW	true
semantic-candidate:192a0dcd159798dbf7ad0a69	semantic-relation:f18602c89bbf559694ce397d	MODIFIES	MODIFIER_PARSE_REQUIRES_REVIEW	true
semantic-candidate:192dfbdc1e343398f88eafc5	semantic-relation:24108bb731e1140fe548425e	INSTANCE_OR_SPECIFIC_FORM_OF	V2_CONTAINMENT_CANDIDATE_NOT_EQUIVALENCE	true
semantic-candidate:193b1606d55810c0d4cf5b5c	semantic-relation:b55841001b690ff562804baf	MODIFIES	MODIFIER_PARSE_REQUIRES_REVIEW	true
semantic-candidate:194027f738c8e421b2636df5	semantic-relation:1a2b2793e5f1e6dfee864263	COMPONENT_OF	COMPOUND_COMPONENT_PARSE_REQUIRES_REVIEW	true
semantic-candidate:19427b08ec016a4f44913b64	semantic-relation:21aa5cd5052b07c125717a4d	MODIFIES	MODIFIER_PARSE_REQUIRES_REVIEW	true
semantic-candidate:194a81d8a9443e6ff277cd47	semantic-relation:5bd5e01afd5f9afe906e8bf8	COMPONENT_OF	COMPOUND_COMPONENT_PARSE_REQUIRES_REVIEW	true
semantic-candidate:1967f52c680dfd2f2b23c61a	semantic-relation:1594dc38c83befa3f95806d5	INSTANCE_OR_SPECIFIC_FORM_OF	V2_CONTAINMENT_CANDIDATE_NOT_EQUIVALENCE	true
semantic-candidate:197042a210b21401c38ef786	semantic-relation:41cfa459d9ac2cdfe038f1ea	COMPONENT_OF	COMPOUND_COMPONENT_PARSE_REQUIRES_REVIEW	true
semantic-candidate:197f780c03743e09ab22bdfe	semantic-relation:82cfe9769dd591de1831369e	MODIFIES	MODIFIER_PARSE_REQUIRES_REVIEW	true
semantic-candidate:1984ba183e2e89c086101671	semantic-relation:085f7aa470c49a1cddfee5cb	INSTANCE_OR_SPECIFIC_FORM_OF	V2_CONTAINMENT_CANDIDATE_NOT_EQUIVALENCE	true
semantic-candidate:19964f58075def680b8b37d5	semantic-relation:e63e1113c47dda2568dc3a0b	INSTANCE_OR_SPECIFIC_FORM_OF	V2_CONTAINMENT_CANDIDATE_NOT_EQUIVALENCE	true
semantic-candidate:19abfafe1360224dc446d858	semantic-relation:50bbabee29900610775ca2b8	COMPONENT_OF	COMPOUND_COMPONENT_PARSE_REQUIRES_REVIEW	true
semantic-candidate:19d25035e0dd758bcb9fa992	semantic-relation:667ea2844a9f8018808dfbc3	INSTANCE_OR_SPECIFIC_FORM_OF	V2_CONTAINMENT_CANDIDATE_NOT_EQUIVALENCE	true
semantic-candidate:19e53f6661adcc547ff76a62	semantic-relation:fa42e35bd1d1504435848ed9	INSTANCE_OR_SPECIFIC_FORM_OF	V2_CONTAINMENT_CANDIDATE_NOT_EQUIVALENCE	true
semantic-candidate:19ec929d4790528ec139bb0f	semantic-relation:fa1a058483a1e291ab997663	COMPONENT_OF	COMPOUND_COMPONENT_PARSE_REQUIRES_REVIEW	true
semantic-candidate:1a14e386b721976b135dc48e	semantic-relation:d5a243b204dc8c9863acab62	COMPONENT_OF	COMPOUND_COMPONENT_PARSE_REQUIRES_REVIEW	true
semantic-candidate:1a23549bda6145c77b573bb5	semantic-relation:7d71fb6c979515667fa2633a	MODIFIES	MODIFIER_PARSE_REQUIRES_REVIEW	true
semantic-candidate:1a265d5565d3e88c118a4cfc	semantic-relation:af7411658d533821ddfb13f2	INSTANCE_OR_SPECIFIC_FORM_OF	V2_CONTAINMENT_CANDIDATE_NOT_EQUIVALENCE	true
semantic-candidate:1a30749e78f3fe0d287894c2	semantic-relation:b8bef803f1c61a77f0ff0ef5	COMPONENT_OF	COMPOUND_COMPONENT_PARSE_REQUIRES_REVIEW	true
semantic-candidate:1a380fe562243d8f20bfa58a	semantic-relation:d0f027f16361fa69b1043718	COMPONENT_OF	COMPOUND_COMPONENT_PARSE_REQUIRES_REVIEW	true
semantic-candidate:1a3960f7eb7fde47c2a54745	semantic-relation:a6dde477e74789484cd0287a	INSTANCE_OR_SPECIFIC_FORM_OF	V2_CONTAINMENT_CANDIDATE_NOT_EQUIVALENCE	true
semantic-candidate:1a40c9ebdc9bc96f7ad3259f	semantic-relation:172d5bd68df5b7f827b15533	COMPONENT_OF	COMPOUND_COMPONENT_PARSE_REQUIRES_REVIEW	true
semantic-candidate:1a796efca3f89c2a1b6eb770	semantic-relation:8b186ad71fa667a7252fb03e	COMPONENT_OF	COMPOUND_COMPONENT_PARSE_REQUIRES_REVIEW	true
semantic-candidate:1a871f51053aa0abf8eb30a7	semantic-relation:ee287fd98b022a65945a6246	COMPONENT_OF	COMPOUND_COMPONENT_PARSE_REQUIRES_REVIEW	true
semantic-candidate:1a8754670f6c8539afe805da	semantic-relation:a4f3c8e0befd672dc5050d96	INSTANCE_OR_SPECIFIC_FORM_OF	V2_CONTAINMENT_CANDIDATE_NOT_EQUIVALENCE	true
semantic-candidate:1a914a16ffbf00ff5629db94	semantic-relation:0d9a7e4835fba1cbeb931d9d	INSTANCE_OR_SPECIFIC_FORM_OF	V2_CONTAINMENT_CANDIDATE_NOT_EQUIVALENCE	true
semantic-candidate:1aaabd08269270e0c6e54bf2	semantic-relation:75676f46c76eb55021145066	COMPONENT_OF	COMPOUND_COMPONENT_PARSE_REQUIRES_REVIEW	true
semantic-candidate:1aab4bbc393a7d550aa43632	semantic-relation:f3749de1ae1443f8ef1377fb	COMPONENT_OF	COMPOUND_COMPONENT_PARSE_REQUIRES_REVIEW	true
semantic-candidate:1ad1e496cc961a07de5214b7	semantic-relation:0f41f1ce899fb81a1259902a	INSTANCE_OR_SPECIFIC_FORM_OF	V2_CONTAINMENT_CANDIDATE_NOT_EQUIVALENCE	true
semantic-candidate:1ade6e467c6dc678199237c5	semantic-relation:46d82644e448d70e47370831	COMPONENT_OF	COMPOUND_COMPONENT_PARSE_REQUIRES_REVIEW	true
semantic-candidate:1adf9d2f943c60f68a9bfbf8	semantic-relation:97ea3be61dc319382c1ea88c	MODIFIES	MODIFIER_PARSE_REQUIRES_REVIEW	true
semantic-candidate:1ae07b18101e6caf60bf2936	semantic-relation:da26191cf875ace4f07d4dbe	INSTANCE_OR_SPECIFIC_FORM_OF	V2_CONTAINMENT_CANDIDATE_NOT_EQUIVALENCE	true
semantic-candidate:1b06961be44910b1488c1c94	semantic-relation:fd2f52edc14fd15a98c0433c	COMPONENT_OF	COMPOUND_COMPONENT_PARSE_REQUIRES_REVIEW	true
semantic-candidate:1b19532ae483502ca893b9f3	semantic-relation:e8becd5a109785acf876fb6a	INSTANCE_OR_SPECIFIC_FORM_OF	V2_CONTAINMENT_CANDIDATE_NOT_EQUIVALENCE	true
semantic-candidate:1b238a2721a5b8ef2fa6e375	semantic-relation:af559dad4c20c097742dbe97	INSTANCE_OR_SPECIFIC_FORM_OF	V2_CONTAINMENT_CANDIDATE_NOT_EQUIVALENCE	true
semantic-candidate:1b63eb3f865d6d62a728df03	semantic-relation:814e6cf53719ada467bdcc9c	INSTANCE_OR_SPECIFIC_FORM_OF	V2_CONTAINMENT_CANDIDATE_NOT_EQUIVALENCE	true
semantic-candidate:1b72f1c416249ac3f35b916b	semantic-relation:89a88fd3d5b490a15a7f7319	MODIFIES	MODIFIER_PARSE_REQUIRES_REVIEW	true
semantic-candidate:1b8c068cfd749c7a51c17b32	semantic-relation:ea4f8e3524fb20801d17db00	COMPONENT_OF	COMPOUND_COMPONENT_PARSE_REQUIRES_REVIEW	true
semantic-candidate:1b8df1bda29aef725b00d872	semantic-relation:f25543ee0360105f47ba9060	COMPONENT_OF	COMPOUND_COMPONENT_PARSE_REQUIRES_REVIEW	true
semantic-candidate:1b95fe84fa65b252e93867b5	semantic-relation:c892b7e41cfc09b59a480208	COMPONENT_OF	COMPOUND_COMPONENT_PARSE_REQUIRES_REVIEW	true
semantic-candidate:1bbdde48a538d968f5140b4d	semantic-relation:32f0885fa28815bd4451ef23	INSTANCE_OR_SPECIFIC_FORM_OF	V2_CONTAINMENT_CANDIDATE_NOT_EQUIVALENCE	true
semantic-candidate:1bc083f7404bc0fca3299970	semantic-relation:10b2d7e6186f0a31bfc7523d	COMPONENT_OF	COMPOUND_COMPONENT_PARSE_REQUIRES_REVIEW	true
semantic-candidate:1bd079678d33c069cfd7a8a2	semantic-relation:d054f3eca09c3e5da78e1833	COMPONENT_OF	COMPOUND_COMPONENT_PARSE_REQUIRES_REVIEW	true
semantic-candidate:1bea4ec71303607e606bebd4	semantic-relation:c69392c9c64a366a0e45ccc3	INSTANCE_OR_SPECIFIC_FORM_OF	V2_CONTAINMENT_CANDIDATE_NOT_EQUIVALENCE	true
semantic-candidate:1bf4e45cd90239ccd32be592	semantic-relation:68a01435bfb70ab98e269b50	INSTANCE_OR_SPECIFIC_FORM_OF	V2_CONTAINMENT_CANDIDATE_NOT_EQUIVALENCE	true
semantic-candidate:1bfe25b33cc6ad3d59dcdfdc	semantic-relation:44ecf9900e3351d6ac8248b3	COMPONENT_OF	COMPOUND_COMPONENT_PARSE_REQUIRES_REVIEW	true
semantic-candidate:1bfe7f9f6dca211ba0c44282	semantic-relation:710a18fcd3072a209612b714	COMPONENT_OF	COMPOUND_COMPONENT_PARSE_REQUIRES_REVIEW	true
semantic-candidate:1c2602707aa5e8ccd9229c0e	semantic-relation:893793399c33fca50fca2c5d	COMPONENT_OF	COMPOUND_COMPONENT_PARSE_REQUIRES_REVIEW	true
semantic-candidate:1c33242bbb4e4b6c9fb955af	semantic-relation:2cc00450efed1e8100d9e2b8	INSTANCE_OR_SPECIFIC_FORM_OF	V2_CONTAINMENT_CANDIDATE_NOT_EQUIVALENCE	true
semantic-candidate:1c33e2dbf8decbef8ad438d6	semantic-relation:9db79a7855f32dedc403c5f1	COMPONENT_OF	COMPOUND_COMPONENT_PARSE_REQUIRES_REVIEW	true
semantic-candidate:1c35fa2840dc330f6a52c480	semantic-relation:686517841555577884bd2722	INSTANCE_OR_SPECIFIC_FORM_OF	V2_CONTAINMENT_CANDIDATE_NOT_EQUIVALENCE	true
semantic-candidate:1c40c45d96fbc1d12e926508	semantic-relation:2c4113789fa17f717d757185	INSTANCE_OR_SPECIFIC_FORM_OF	V2_CONTAINMENT_CANDIDATE_NOT_EQUIVALENCE	true
semantic-candidate:1c40f5a387c1898e9527cddb	semantic-relation:e475be6fc80ccff07b4e1d3d	INSTANCE_OR_SPECIFIC_FORM_OF	V2_CONTAINMENT_CANDIDATE_NOT_EQUIVALENCE	true
semantic-candidate:1c4554a9ccd3c259187b0acd	semantic-relation:bb1411d55050fd87ea046b12	INSTANCE_OR_SPECIFIC_FORM_OF	V2_CONTAINMENT_CANDIDATE_NOT_EQUIVALENCE	true
semantic-candidate:1c4d7cdfca0fd9daed50032c	semantic-relation:186dbc90e29254cf41fa62dd	INSTANCE_OR_SPECIFIC_FORM_OF	V2_CONTAINMENT_CANDIDATE_NOT_EQUIVALENCE	true
semantic-candidate:1c4e3084e1f6ffc9b150f81e	semantic-relation:6f1a313fa048b30b40eca75f	INSTANCE_OR_SPECIFIC_FORM_OF	V2_CONTAINMENT_CANDIDATE_NOT_EQUIVALENCE	true
semantic-candidate:1c519927c3f19508ae37d8df	semantic-relation:63289b393040b9c9462a8f7a	INSTANCE_OR_SPECIFIC_FORM_OF	V2_CONTAINMENT_CANDIDATE_NOT_EQUIVALENCE	true
semantic-candidate:1c5422fd45833d545e4113f8	semantic-relation:6e42eefaddbb38b63d7db593	COMPONENT_OF	COMPOUND_COMPONENT_PARSE_REQUIRES_REVIEW	true
semantic-candidate:1c6f1a2c9970321de990fdd8	semantic-relation:f6c492e069ad55e20dcad76d	COMPONENT_OF	COMPOUND_COMPONENT_PARSE_REQUIRES_REVIEW	true
semantic-candidate:1c87087e088a6728c461c561	semantic-relation:4fab1dea9da9380395a27746	INSTANCE_OR_SPECIFIC_FORM_OF	V2_CONTAINMENT_CANDIDATE_NOT_EQUIVALENCE	true
semantic-candidate:1c95a1e4b858fecd753f90db	semantic-relation:ddfe7ea98c299fb4d2a01e39	COMPONENT_OF	COMPOUND_COMPONENT_PARSE_REQUIRES_REVIEW	true
semantic-candidate:1c9ddbfdb26a76cc01b45645	semantic-relation:9481b5f8f569194ea153c686	COMPONENT_OF	COMPOUND_COMPONENT_PARSE_REQUIRES_REVIEW	true
semantic-candidate:1ca17a6c59887b5160da9473	semantic-relation:5ef035d1faf1ccca35dfd81a	INSTANCE_OR_SPECIFIC_FORM_OF	V2_CONTAINMENT_CANDIDATE_NOT_EQUIVALENCE	true
semantic-candidate:1ca9919042c3d9ec16e8984d	semantic-relation:1e2c680bfb9734b354b76549	INSTANCE_OR_SPECIFIC_FORM_OF	V2_CONTAINMENT_CANDIDATE_NOT_EQUIVALENCE	true
semantic-candidate:1cac2ad34eb5955e293ca1f1	semantic-relation:c2786489cb380c473634b5f3	COMPONENT_OF	COMPOUND_COMPONENT_PARSE_REQUIRES_REVIEW	true
semantic-candidate:1cb208d0e7236c118f0bdebd	semantic-relation:a76c2eb5824831564a32f81b	INSTANCE_OR_SPECIFIC_FORM_OF	V2_CONTAINMENT_CANDIDATE_NOT_EQUIVALENCE	true
semantic-candidate:1cb4878b6f157d575b01f607	semantic-relation:b32c42b73d3676416f8e3950	INSTANCE_OR_SPECIFIC_FORM_OF	V2_CONTAINMENT_CANDIDATE_NOT_EQUIVALENCE	true
semantic-candidate:1cbd4219024f271b637bae18	semantic-relation:34f88faa4999d503c31c576e	INSTANCE_OR_SPECIFIC_FORM_OF	V2_CONTAINMENT_CANDIDATE_NOT_EQUIVALENCE	true
semantic-candidate:1cc506d9cd4de7bbd37c51c4	semantic-relation:0ec5c6271c3fb53f9228adbf	COMPONENT_OF	COMPOUND_COMPONENT_PARSE_REQUIRES_REVIEW	true
semantic-candidate:1ccfe3a6cd0a717fbddc65c9	semantic-relation:fed2e10fad8c5a85cf6bca7c	INSTANCE_OR_SPECIFIC_FORM_OF	V2_CONTAINMENT_CANDIDATE_NOT_EQUIVALENCE	true
semantic-candidate:1cdc73d3e720fd5589fc4a35	semantic-relation:cb886abc2241c17a251eafdf	INSTANCE_OR_SPECIFIC_FORM_OF	V2_CONTAINMENT_CANDIDATE_NOT_EQUIVALENCE	true
semantic-candidate:1cde0a66546294edd3b70e0f	semantic-relation:0552378ba0d6a60f1a0533a3	INSTANCE_OR_SPECIFIC_FORM_OF	V2_CONTAINMENT_CANDIDATE_NOT_EQUIVALENCE	true
semantic-candidate:1d165f1b28ab15681166b5d6	semantic-relation:23d732d3edf2718be905eda1	INSTANCE_OR_SPECIFIC_FORM_OF	V2_CONTAINMENT_CANDIDATE_NOT_EQUIVALENCE	true
semantic-candidate:1d1b5b6b1b1d4ebe8cfdb09d	semantic-relation:ad7dcbc6a5188443e8aa5e7e	INSTANCE_OR_SPECIFIC_FORM_OF	V2_CONTAINMENT_CANDIDATE_NOT_EQUIVALENCE	true
semantic-candidate:1d21f6fddd53ee1a31be4089	semantic-relation:9a0ca458fcc4c0d93ea6a484	INSTANCE_OR_SPECIFIC_FORM_OF	V2_CONTAINMENT_CANDIDATE_NOT_EQUIVALENCE	true
semantic-candidate:1d3082af69bdc749de68537f	semantic-relation:5f0360d98719757708ec139c	COMPONENT_OF	COMPOUND_COMPONENT_PARSE_REQUIRES_REVIEW	true
semantic-candidate:1d355a32ea71d8a67bd87f99	semantic-relation:a079cf61fc3ecfcb994a4992	INSTANCE_OR_SPECIFIC_FORM_OF	V2_CONTAINMENT_CANDIDATE_NOT_EQUIVALENCE	true
semantic-candidate:1d4233f8671fad8a037c516c	semantic-relation:f5cf58167bfb0bc380733191	INSTANCE_OR_SPECIFIC_FORM_OF	V2_CONTAINMENT_CANDIDATE_NOT_EQUIVALENCE	true
semantic-candidate:1d727c1a4efe297ec2376268	semantic-relation:3640935b586583001f4a4c00	MODIFIES	MODIFIER_PARSE_REQUIRES_REVIEW	true
semantic-candidate:1d78d982449b5c2bfa96aa08	semantic-relation:ff4fb59908d7443ead799ccd	COMPONENT_OF	COMPOUND_COMPONENT_PARSE_REQUIRES_REVIEW	true
semantic-candidate:1d7de9a9f12dfdfe6e1e6337	semantic-relation:556aa527e773528eda6b8dc2	COMPONENT_OF	COMPOUND_COMPONENT_PARSE_REQUIRES_REVIEW	true
semantic-candidate:1d9959d7f1ac0b0029ae22f9	semantic-relation:d89f10dad6600faac3962425	INSTANCE_OR_SPECIFIC_FORM_OF	V2_CONTAINMENT_CANDIDATE_NOT_EQUIVALENCE	true
semantic-candidate:1d9e7f8cd200ede4d823d188	semantic-relation:ccce4a1d9e4bd515734cfe0f	COMPONENT_OF	COMPOUND_COMPONENT_PARSE_REQUIRES_REVIEW	true
semantic-candidate:1dbc64011ed5db92f8cd36ff	semantic-relation:b529b9e9617e077f84d01e17	INSTANCE_OR_SPECIFIC_FORM_OF	V2_CONTAINMENT_CANDIDATE_NOT_EQUIVALENCE	true
semantic-candidate:1dc8515d726db61fc2d2c10f	semantic-relation:d7b7a5c0a8febabc439630fd	COMPONENT_OF	COMPOUND_COMPONENT_PARSE_REQUIRES_REVIEW	true
semantic-candidate:1df7bc05fccc03afc461a033	semantic-relation:452dac3ed482f5f09a338f41	COMPONENT_OF	COMPOUND_COMPONENT_PARSE_REQUIRES_REVIEW	true
semantic-candidate:1e038342edab0831950825fe	semantic-relation:176912ab7a8ebd27fa83233f	INSTANCE_OR_SPECIFIC_FORM_OF	V2_CONTAINMENT_CANDIDATE_NOT_EQUIVALENCE	true
semantic-candidate:1e09251ee94cc1187e40d6c2	semantic-relation:db97a3203d15f6f2e13587ca	INSTANCE_OR_SPECIFIC_FORM_OF	V2_CONTAINMENT_CANDIDATE_NOT_EQUIVALENCE	true
semantic-candidate:1e13b43e46c3b658cc645cfe	semantic-relation:a51ba83f5316fdbdee8e7f7e	INSTANCE_OR_SPECIFIC_FORM_OF	V2_CONTAINMENT_CANDIDATE_NOT_EQUIVALENCE	true
semantic-candidate:1e179265e7cd0dcdaac54732	semantic-relation:c071f7d64f9736c3868867bc	MODIFIES	MODIFIER_PARSE_REQUIRES_REVIEW	true
semantic-candidate:1e262b6fb8c70614949361e5	semantic-relation:3c479dac323f78859091c693	COMPONENT_OF	COMPOUND_COMPONENT_PARSE_REQUIRES_REVIEW	true
semantic-candidate:1e2fbd6443ea1a6c265d6a2d	semantic-relation:4d18feac2051e75bf2defacd	INSTANCE_OR_SPECIFIC_FORM_OF	V2_CONTAINMENT_CANDIDATE_NOT_EQUIVALENCE	true
semantic-candidate:1e44aff48faf8ed1c380bf87	semantic-relation:a59999aca079476d05c13931	COMPONENT_OF	COMPOUND_COMPONENT_PARSE_REQUIRES_REVIEW	true
semantic-candidate:1e4a1f49abe2267c15d542ca	semantic-relation:12f4fc67a55bff242c6495a4	COMPONENT_OF	COMPOUND_COMPONENT_PARSE_REQUIRES_REVIEW	true
semantic-candidate:1e4e402d2a307a30b7c477f3	semantic-relation:8b37eed8b3fed70ad8779d11	MODIFIES	MODIFIER_PARSE_REQUIRES_REVIEW	true
semantic-candidate:1e6911d49ae549dd82db3f3c	semantic-relation:58d23131a80fccd6744b0129	COMPONENT_OF	COMPOUND_COMPONENT_PARSE_REQUIRES_REVIEW	true
semantic-candidate:1e6b327467dca307b2eaf842	semantic-relation:8b912c973897145674f7dfe8	INSTANCE_OR_SPECIFIC_FORM_OF	V2_CONTAINMENT_CANDIDATE_NOT_EQUIVALENCE	true
semantic-candidate:1e8d1810e49692ab8904e231	semantic-relation:14446c62dbc3dce020f50cce	COMPONENT_OF	COMPOUND_COMPONENT_PARSE_REQUIRES_REVIEW	true
semantic-candidate:1ea0d956f627d313ce2c8fca	semantic-relation:6c43e2f6003ade659a176fa2	COMPONENT_OF	COMPOUND_COMPONENT_PARSE_REQUIRES_REVIEW	true
semantic-candidate:1ea616f8926470ace595708c	semantic-relation:44665bb490c1baf9bf383a44	COMPONENT_OF	COMPOUND_COMPONENT_PARSE_REQUIRES_REVIEW	true
semantic-candidate:1ebe33fc7b99175b8d268847	semantic-relation:164d6205a6c439413d75b97f	COMPONENT_OF	COMPOUND_COMPONENT_PARSE_REQUIRES_REVIEW	true
semantic-candidate:1ec62e1e73c2df5552c294e5	semantic-relation:d313b6dcb3ada09dd8873a56	COMPONENT_OF	COMPOUND_COMPONENT_PARSE_REQUIRES_REVIEW	true
semantic-candidate:1ed6ab7adf61f29362d761b9	semantic-relation:6bf501f6000c0f6160e36fe8	INSTANCE_OR_SPECIFIC_FORM_OF	V2_CONTAINMENT_CANDIDATE_NOT_EQUIVALENCE	true
semantic-candidate:1ee5d322be456cdd8965a50c	semantic-relation:a9c8e42c704491538aeb6509	INSTANCE_OR_SPECIFIC_FORM_OF	V2_CONTAINMENT_CANDIDATE_NOT_EQUIVALENCE	true
semantic-candidate:1ee90731d17e9a526e221e25	semantic-relation:927403dcfca036c10a9f86cc	COMPONENT_OF	COMPOUND_COMPONENT_PARSE_REQUIRES_REVIEW	true
semantic-candidate:1eec24a5a7719d2cfd98000d	semantic-relation:f625fefb6ebbee31caa292f8	INSTANCE_OR_SPECIFIC_FORM_OF	V2_CONTAINMENT_CANDIDATE_NOT_EQUIVALENCE	true
semantic-candidate:1ef1fe2320e02083e6dcf83b	semantic-relation:e66ede98023e19aa826c6397	INSTANCE_OR_SPECIFIC_FORM_OF	V2_CONTAINMENT_CANDIDATE_NOT_EQUIVALENCE	true
semantic-candidate:1ef3f5ef48ceba81b2a35634	semantic-relation:563569010a12e493d506637b	INSTANCE_OR_SPECIFIC_FORM_OF	V2_CONTAINMENT_CANDIDATE_NOT_EQUIVALENCE	true
semantic-candidate:1ef71ba5295e608355ce55cb	semantic-relation:6527887cb7dcf902454a343f	INSTANCE_OR_SPECIFIC_FORM_OF	V2_CONTAINMENT_CANDIDATE_NOT_EQUIVALENCE	true
semantic-candidate:1f04046a36459cfe83688814	semantic-relation:1e1098dd0f7fed0d2ea4413f	COMPONENT_OF	COMPOUND_COMPONENT_PARSE_REQUIRES_REVIEW	true
semantic-candidate:1f0abc6072497b979d8a465f	semantic-relation:0c307c46b4b0d0580da1d68a	COMPONENT_OF	COMPOUND_COMPONENT_PARSE_REQUIRES_REVIEW	true
semantic-candidate:1f1a524c4efee6e4ac91ed21	semantic-relation:913c5e682863eb6ff9cb54ff	COMPONENT_OF	COMPOUND_COMPONENT_PARSE_REQUIRES_REVIEW	true
semantic-candidate:1f2012570be76dd909bc6465	semantic-relation:31a9230222f1bfe11fd7ea22	MODIFIES	MODIFIER_PARSE_REQUIRES_REVIEW	true
semantic-candidate:1f282cfad936563ab2171b53	semantic-relation:921f45ec84ca15014909e3bf	INSTANCE_OR_SPECIFIC_FORM_OF	V2_CONTAINMENT_CANDIDATE_NOT_EQUIVALENCE	true
semantic-candidate:1f318f1e62e04069ca961fd4	semantic-relation:bd843bfc610889201879a426	INSTANCE_OR_SPECIFIC_FORM_OF	V2_CONTAINMENT_CANDIDATE_NOT_EQUIVALENCE	true
semantic-candidate:1f39965a30edbef78c2b2071	semantic-relation:c019e5a00a4a6cf1e83653be	INSTANCE_OR_SPECIFIC_FORM_OF	V2_CONTAINMENT_CANDIDATE_NOT_EQUIVALENCE	true
semantic-candidate:1f467e107af3a6b726500841	semantic-relation:b0a03f71cb73b7858fca6f73	MODIFIES	MODIFIER_PARSE_REQUIRES_REVIEW	true
semantic-candidate:1f55bbee9ad52a8f1d29a9e3	semantic-relation:035b4d80f5c3186771cbfa3a	INSTANCE_OR_SPECIFIC_FORM_OF	V2_CONTAINMENT_CANDIDATE_NOT_EQUIVALENCE	true
semantic-candidate:1f5cd3578c69a8d6b09ac667	semantic-relation:ccd20ac5833ca265f3907233	MODIFIES	MODIFIER_PARSE_REQUIRES_REVIEW	true
semantic-candidate:1f61d91ac106beeec47a88d8	semantic-relation:dbec5461ecf6e7b581ae4b6c	COMPONENT_OF	COMPOUND_COMPONENT_PARSE_REQUIRES_REVIEW	true
semantic-candidate:1f6b2a72cfa94a4582fc4f64	semantic-relation:0928d9dd30c3818e1bd59c69	INSTANCE_OR_SPECIFIC_FORM_OF	V2_CONTAINMENT_CANDIDATE_NOT_EQUIVALENCE	true
semantic-candidate:1f6b7872b77665b70f7f7f7a	semantic-relation:3a4c10ed9cd89e076248eb61	COMPONENT_OF	COMPOUND_COMPONENT_PARSE_REQUIRES_REVIEW	true
semantic-candidate:1f6bca88ac08d9c485462eb2	semantic-relation:42db8689f57a94e405fb286f	INSTANCE_OR_SPECIFIC_FORM_OF	V2_CONTAINMENT_CANDIDATE_NOT_EQUIVALENCE	true
semantic-candidate:1f7432cb0f2728f69dd4c8ab	semantic-relation:be261af6d13a10766b51501a	INSTANCE_OR_SPECIFIC_FORM_OF	V2_CONTAINMENT_CANDIDATE_NOT_EQUIVALENCE	true
semantic-candidate:1f7afd8b980a3dbcbed05f88	semantic-relation:b254b2087b2351cf7acf3eda	INSTANCE_OR_SPECIFIC_FORM_OF	V2_CONTAINMENT_CANDIDATE_NOT_EQUIVALENCE	true
semantic-candidate:1f910c07e3e0ccc8bee18eb3	semantic-relation:f38d1cd392ebdeb00024f69d	INSTANCE_OR_SPECIFIC_FORM_OF	V2_CONTAINMENT_CANDIDATE_NOT_EQUIVALENCE	true
semantic-candidate:1f923d7938b0bdea21d20846	semantic-relation:c171dd74ab560271cd0b6b15	INSTANCE_OR_SPECIFIC_FORM_OF	V2_CONTAINMENT_CANDIDATE_NOT_EQUIVALENCE	true
semantic-candidate:1f93a0be20e59eb0e849b585	semantic-relation:36fe1178f8fa6c3face49bd0	COMPONENT_OF	COMPOUND_COMPONENT_PARSE_REQUIRES_REVIEW	true
semantic-candidate:1f966ca4bc2a4ff1292b2875	semantic-relation:419ea9c0700d24b7edfa02e1	INSTANCE_OR_SPECIFIC_FORM_OF	V2_CONTAINMENT_CANDIDATE_NOT_EQUIVALENCE	true
semantic-candidate:1f9bf58a920be2d23a323457	semantic-relation:846f2547d290be5da1fb6080	MODIFIES	MODIFIER_PARSE_REQUIRES_REVIEW	true
semantic-candidate:1fb41959c28d7cb71806f59c	semantic-relation:3204fca8d1f74e7b107a13c2	COMPONENT_OF	COMPOUND_COMPONENT_PARSE_REQUIRES_REVIEW	true
semantic-candidate:1fb6616fb9c47b6fedd6754c	semantic-relation:cd94118a316b45c9675373e2	INSTANCE_OR_SPECIFIC_FORM_OF	V2_CONTAINMENT_CANDIDATE_NOT_EQUIVALENCE	true
semantic-candidate:1fbc073c9a9e42564d67635a	semantic-relation:89058c366b62da569cb1f25f	INSTANCE_OR_SPECIFIC_FORM_OF	V2_CONTAINMENT_CANDIDATE_NOT_EQUIVALENCE	true
semantic-candidate:1fbc1dc6d04b11bdbadb60fb	semantic-relation:9c28af1de5e873b8a8c9488f	COMPONENT_OF	COMPOUND_COMPONENT_PARSE_REQUIRES_REVIEW	true
semantic-candidate:1fc35e0dd1effe1be2fadbbb	semantic-relation:90bbb43416897e09509c1601	INSTANCE_OR_SPECIFIC_FORM_OF	V2_CONTAINMENT_CANDIDATE_NOT_EQUIVALENCE	true
semantic-candidate:1fd85831277d7d4a4edc87f1	semantic-relation:002977341bf7d570daeb2c13	INSTANCE_OR_SPECIFIC_FORM_OF	V2_CONTAINMENT_CANDIDATE_NOT_EQUIVALENCE	true
semantic-candidate:1fe05216834eaeb0b002e48a	semantic-relation:8a142b0a6f5bedb6152ab030	COMPONENT_OF	COMPOUND_COMPONENT_PARSE_REQUIRES_REVIEW	true
semantic-candidate:1fec2bcb4df738f90e12db12	semantic-relation:89a54ffa9b14b365648cf408	COMPONENT_OF	COMPOUND_COMPONENT_PARSE_REQUIRES_REVIEW	true
semantic-candidate:1ff753dcaf6e21c8394265a9	semantic-relation:f921b680814e3da9753af88e	COMPONENT_OF	COMPOUND_COMPONENT_PARSE_REQUIRES_REVIEW	true
semantic-candidate:2001d13e71660f7ddb36d053	semantic-relation:ab9507189ad9ab3031f6881d	COMPONENT_OF	COMPOUND_COMPONENT_PARSE_REQUIRES_REVIEW	true
semantic-candidate:20102d2d12cc74dd75b3e049	semantic-relation:16aa4985e25afd1e8f60291b	COMPONENT_OF	COMPOUND_COMPONENT_PARSE_REQUIRES_REVIEW	true
semantic-candidate:20137d490c5fc66a7814a253	semantic-relation:7e6a253eb0248cfe2b20c3ab	MODIFIES	MODIFIER_PARSE_REQUIRES_REVIEW	true
semantic-candidate:201c9260c0d40529205b4509	semantic-relation:92698253decfdd3cd25e4221	COMPONENT_OF	COMPOUND_COMPONENT_PARSE_REQUIRES_REVIEW	true
semantic-candidate:202107ddef28deac1a245429	semantic-relation:0a3d52063268bd016da0488f	COMPONENT_OF	COMPOUND_COMPONENT_PARSE_REQUIRES_REVIEW	true
semantic-candidate:2021fd1f8a528caa5656d059	semantic-relation:60351b1b76928eb43d572b9b	INSTANCE_OR_SPECIFIC_FORM_OF	V2_CONTAINMENT_CANDIDATE_NOT_EQUIVALENCE	true
semantic-candidate:202b1704027f00ded8db8e71	semantic-relation:7f94c551ebfc0aa8ebaea6fd	COMPONENT_OF	COMPOUND_COMPONENT_PARSE_REQUIRES_REVIEW	true
semantic-candidate:2072d14a75d842578c06890d	semantic-relation:7f59dfca06e30ed384485993	COMPONENT_OF	COMPOUND_COMPONENT_PARSE_REQUIRES_REVIEW	true
semantic-candidate:207507bab4f4a0aaf0c00ef1	semantic-relation:15b049fd722ddd04f922d3f7	INSTANCE_OR_SPECIFIC_FORM_OF	V2_CONTAINMENT_CANDIDATE_NOT_EQUIVALENCE	true
semantic-candidate:207890ba391bfe3b4296cbe3	semantic-relation:ee896956128ee682501efb98	COMPONENT_OF	COMPOUND_COMPONENT_PARSE_REQUIRES_REVIEW	true
semantic-candidate:2079d970c71ea410c1abebc2	semantic-relation:7b56212a39320a9f886dd7b0	INSTANCE_OR_SPECIFIC_FORM_OF	V2_CONTAINMENT_CANDIDATE_NOT_EQUIVALENCE	true
semantic-candidate:2083ac73569b91d475eaa0f6	semantic-relation:df4cab92a49662cdbe72f6fb	MODIFIES	MODIFIER_PARSE_REQUIRES_REVIEW	true
semantic-candidate:208c246b67774639bab07e4b	semantic-relation:0e1a5e3c605811fcb6914f9c	COMPONENT_OF	COMPOUND_COMPONENT_PARSE_REQUIRES_REVIEW	true
semantic-candidate:209a7b9cdc87b39be1cbd242	semantic-relation:cf464944b9741ae126b5c243	COMPONENT_OF	COMPOUND_COMPONENT_PARSE_REQUIRES_REVIEW	true
semantic-candidate:20a06c97f6615c59686a6ff3	semantic-relation:8eee6b76de8e7477135b296a	INSTANCE_OR_SPECIFIC_FORM_OF	V2_CONTAINMENT_CANDIDATE_NOT_EQUIVALENCE	true
semantic-candidate:20a5e231d466ad265495cae4	semantic-relation:87d8355edaa35c761409fd98	MODIFIES	MODIFIER_PARSE_REQUIRES_REVIEW	true
semantic-candidate:20a6eaf541d7fc02b1f0e78b	semantic-relation:d5719ef9efa6c3d71b5ce00a	COMPONENT_OF	COMPOUND_COMPONENT_PARSE_REQUIRES_REVIEW	true
semantic-candidate:20b6c9a10fe2cc196b15f4d8	semantic-relation:fb7e79207a9dd24079223fa5	COMPONENT_OF	COMPOUND_COMPONENT_PARSE_REQUIRES_REVIEW	true
semantic-candidate:20baccef7864ec39aa522b2f	semantic-relation:2a05259c08b7d10d864cbb52	COMPONENT_OF	COMPOUND_COMPONENT_PARSE_REQUIRES_REVIEW	true
semantic-candidate:20c79b9b4ff869a19f474ddc	semantic-relation:3a5a91e7b7e572f75ac34212	INSTANCE_OR_SPECIFIC_FORM_OF	V2_CONTAINMENT_CANDIDATE_NOT_EQUIVALENCE	true
semantic-candidate:20cd7ad301f239de3fe6ca04	semantic-relation:e249e0a93ff0268149359479	COMPONENT_OF	COMPOUND_COMPONENT_PARSE_REQUIRES_REVIEW	true
semantic-candidate:20cfe0b0d942eb519aa36d48	semantic-relation:06c0d0846e5b9435e1416e2d	COMPONENT_OF	COMPOUND_COMPONENT_PARSE_REQUIRES_REVIEW	true
semantic-candidate:20d3a5469236815b5925b869	semantic-relation:189fed63aadf4483e77c683e	INSTANCE_OR_SPECIFIC_FORM_OF	V2_CONTAINMENT_CANDIDATE_NOT_EQUIVALENCE	true
semantic-candidate:20ee34066c6655408f6f8a2d	semantic-relation:74a753d68dbc01e99038a58b	INSTANCE_OR_SPECIFIC_FORM_OF	V2_CONTAINMENT_CANDIDATE_NOT_EQUIVALENCE	true
semantic-candidate:20f1f3e61e05b9be213bd99d	semantic-relation:c57f26f4129cf84d00e26518	COMPONENT_OF	COMPOUND_COMPONENT_PARSE_REQUIRES_REVIEW	true
semantic-candidate:20f601fb33d7e642ac97347d	semantic-relation:abc1b5ff17cf388a5d138f1a	COMPONENT_OF	COMPOUND_COMPONENT_PARSE_REQUIRES_REVIEW	true
semantic-candidate:20f6525a59ba41f6cb69d774	semantic-relation:22b9f1a88a62cad6cab01dea	INSTANCE_OR_SPECIFIC_FORM_OF	V2_CONTAINMENT_CANDIDATE_NOT_EQUIVALENCE	true
semantic-candidate:20f83d03ea9ecc396ea4086e	semantic-relation:583110f935d52f117f58819b	INSTANCE_OR_SPECIFIC_FORM_OF	V2_CONTAINMENT_CANDIDATE_NOT_EQUIVALENCE	true
semantic-candidate:20fd773c78041a338df96e69	semantic-relation:b4c9aea099ad93ad168352cc	INSTANCE_OR_SPECIFIC_FORM_OF	V2_CONTAINMENT_CANDIDATE_NOT_EQUIVALENCE	true
semantic-candidate:210ba5ddb0947a9bd4991499	semantic-relation:d38c8729e399f09f59ac9410	COMPONENT_OF	COMPOUND_COMPONENT_PARSE_REQUIRES_REVIEW	true
semantic-candidate:2113df5c3d34e18912025201	semantic-relation:353816fb3a23486c3675274e	INSTANCE_OR_SPECIFIC_FORM_OF	V2_CONTAINMENT_CANDIDATE_NOT_EQUIVALENCE	true
semantic-candidate:212c6504a4527ba9d19f8775	semantic-relation:972440a9a259ab742933d944	INSTANCE_OR_SPECIFIC_FORM_OF	V2_CONTAINMENT_CANDIDATE_NOT_EQUIVALENCE	true
semantic-candidate:213005901426ff22fe0cf37b	semantic-relation:63fbba18e848fa0b4d5ad9d2	COMPONENT_OF	COMPOUND_COMPONENT_PARSE_REQUIRES_REVIEW	true
semantic-candidate:213f43de1d454e5a232ff597	semantic-relation:5fa1ad4a87095ab0d0c5e381	INSTANCE_OR_SPECIFIC_FORM_OF	V2_CONTAINMENT_CANDIDATE_NOT_EQUIVALENCE	true
semantic-candidate:214ddeb8261ce642746ba646	semantic-relation:b01612238b8c80ff7a98ee2c	MODIFIES	MODIFIER_PARSE_REQUIRES_REVIEW	true
semantic-candidate:2161e409c5b585ff458c902c	semantic-relation:c314ed0e078fe3b6a7cd92ad	INSTANCE_OR_SPECIFIC_FORM_OF	V2_CONTAINMENT_CANDIDATE_NOT_EQUIVALENCE	true
semantic-candidate:216c9aec3a6c0fd1aeacee8e	semantic-relation:6e3dcf85ec452e683df535d6	INSTANCE_OR_SPECIFIC_FORM_OF	V2_CONTAINMENT_CANDIDATE_NOT_EQUIVALENCE	true
semantic-candidate:2171d16d881c961990967eb7	semantic-relation:3e705a2035b68d162daf0bba	INSTANCE_OR_SPECIFIC_FORM_OF	V2_CONTAINMENT_CANDIDATE_NOT_EQUIVALENCE	true
semantic-candidate:217da27cef61cdb93a900efe	semantic-relation:3eba52b6cabf9487657c3e8b	MODIFIES	MODIFIER_PARSE_REQUIRES_REVIEW	true
semantic-candidate:217dea158c34fc3789930fa0	semantic-relation:ea2515df8c7116a1ab1c8345	COMPONENT_OF	COMPOUND_COMPONENT_PARSE_REQUIRES_REVIEW	true
semantic-candidate:2181a411350b4b20e91f42f8	semantic-relation:da063f98123d47cba09f4c4d	COMPONENT_OF	COMPOUND_COMPONENT_PARSE_REQUIRES_REVIEW	true
semantic-candidate:218b812666e4d9137e45a030	semantic-relation:3efa0fc001e9f2c7da32eed2	COMPONENT_OF	COMPOUND_COMPONENT_PARSE_REQUIRES_REVIEW	true
semantic-candidate:219560038acfd60fe0f181c4	semantic-relation:515b6dd003db1ba3a6eb5a0a	COMPONENT_OF	COMPOUND_COMPONENT_PARSE_REQUIRES_REVIEW	true
semantic-candidate:219bb1bd6968bade04e887f6	semantic-relation:5454700063b901cd63a9b8e8	COMPONENT_OF	COMPOUND_COMPONENT_PARSE_REQUIRES_REVIEW	true
semantic-candidate:219bf8b4873b9a44d81200e8	semantic-relation:24e46121b348233a90d8ec43	INSTANCE_OR_SPECIFIC_FORM_OF	V2_CONTAINMENT_CANDIDATE_NOT_EQUIVALENCE	true
semantic-candidate:21a207fd4384414533389ca8	semantic-relation:5d3d58578e0bc7c80b8f0a13	INSTANCE_OR_SPECIFIC_FORM_OF	V2_CONTAINMENT_CANDIDATE_NOT_EQUIVALENCE	true
semantic-candidate:21aa46b8f97329be14a72044	semantic-relation:4bc57e06c55532d9e1662226	COMPONENT_OF	COMPOUND_COMPONENT_PARSE_REQUIRES_REVIEW	true
semantic-candidate:21af08d1d5ffbc671a1c591e	semantic-relation:94a0985af5e2a2f601e0a39f	INSTANCE_OR_SPECIFIC_FORM_OF	V2_CONTAINMENT_CANDIDATE_NOT_EQUIVALENCE	true
semantic-candidate:21b223776c48e19d7de9ac0b	semantic-relation:30c69326925aaeb53ed980cd	MODIFIES	MODIFIER_PARSE_REQUIRES_REVIEW	true
semantic-candidate:21c3ae558aa5e8f79b6bde91	semantic-relation:582ce17cb3bf91fd05b74b97	MODIFIES	MODIFIER_PARSE_REQUIRES_REVIEW	true
semantic-candidate:21e437e99dec4934b9b56a16	semantic-relation:cc96849f8f5bc31750da7fa9	INSTANCE_OR_SPECIFIC_FORM_OF	V2_CONTAINMENT_CANDIDATE_NOT_EQUIVALENCE	true
semantic-candidate:21ee2c30a537613a99a416b2	semantic-relation:a17d6c67be30b60bbedafcd1	INSTANCE_OR_SPECIFIC_FORM_OF	V2_CONTAINMENT_CANDIDATE_NOT_EQUIVALENCE	true
semantic-candidate:21ff0f5ca5feb1dd4fb7ada2	semantic-relation:d74d52e7400f167b3fced0dc	INSTANCE_OR_SPECIFIC_FORM_OF	V2_CONTAINMENT_CANDIDATE_NOT_EQUIVALENCE	true
semantic-candidate:221ca2340e56d2b276d45b4a	semantic-relation:4f50f244c6427c609e0f3e38	INSTANCE_OR_SPECIFIC_FORM_OF	V2_CONTAINMENT_CANDIDATE_NOT_EQUIVALENCE	true
semantic-candidate:222fb88da1f554da7dd51d2f	semantic-relation:d15e309a1ab549c6486d7a7d	INSTANCE_OR_SPECIFIC_FORM_OF	V2_CONTAINMENT_CANDIDATE_NOT_EQUIVALENCE	true
semantic-candidate:2237b77ccb14a9d28ef7cee1	semantic-relation:988b716899c23543e56ed426	INSTANCE_OR_SPECIFIC_FORM_OF	V2_CONTAINMENT_CANDIDATE_NOT_EQUIVALENCE	true
semantic-candidate:224355c80fc72d818df9a199	semantic-relation:abc50462496f83a2899a6ee7	INSTANCE_OR_SPECIFIC_FORM_OF	V2_CONTAINMENT_CANDIDATE_NOT_EQUIVALENCE	true
semantic-candidate:225dec9e601b10c8bd318e74	semantic-relation:7d05f62bb7959b73def2f247	COMPONENT_OF	COMPOUND_COMPONENT_PARSE_REQUIRES_REVIEW	true
semantic-candidate:22628de943014ed85574b556	semantic-relation:d451aff8a7ba3f82cdaf19e3	INSTANCE_OR_SPECIFIC_FORM_OF	V2_CONTAINMENT_CANDIDATE_NOT_EQUIVALENCE	true
semantic-candidate:22675607f08d30904d0deade	semantic-relation:ce0e4f98b3c424b7e4c4aafa	COMPONENT_OF	COMPOUND_COMPONENT_PARSE_REQUIRES_REVIEW	true
semantic-candidate:22694afe1cf8c63385892962	semantic-relation:5680fa1b0905528920386564	MODIFIES	MODIFIER_PARSE_REQUIRES_REVIEW	true
semantic-candidate:2289f766a83235a057bf71b6	semantic-relation:a114a140a8ad110624df7bb9	INSTANCE_OR_SPECIFIC_FORM_OF	V2_CONTAINMENT_CANDIDATE_NOT_EQUIVALENCE	true
semantic-candidate:229cfb3ea1a0fa2a74399bd3	semantic-relation:8d4ee9fe18b7cc243b9ec4b1	MODIFIES	MODIFIER_PARSE_REQUIRES_REVIEW	true
semantic-candidate:229fe731d5288d277da589cf	semantic-relation:28cf24b74d57b077fb2caeb0	INSTANCE_OR_SPECIFIC_FORM_OF	V2_CONTAINMENT_CANDIDATE_NOT_EQUIVALENCE	true
semantic-candidate:22a7496ddf64c9206054496e	semantic-relation:e7160db1f9588840cc95966b	MODIFIES	MODIFIER_PARSE_REQUIRES_REVIEW	true
semantic-candidate:22a8a5f5a849ce10b5046cbd	semantic-relation:ecb4da622236275e298f9c8a	COMPONENT_OF	COMPOUND_COMPONENT_PARSE_REQUIRES_REVIEW	true
semantic-candidate:22c77dfdb5dfd4fb047ca7ba	semantic-relation:1fd2a4214be3d4d0741e41ef	COMPONENT_OF	COMPOUND_COMPONENT_PARSE_REQUIRES_REVIEW	true
semantic-candidate:22e5889bf6c710a787edfa41	semantic-relation:02a366a6370c8f2b4b02fef0	INSTANCE_OR_SPECIFIC_FORM_OF	V2_CONTAINMENT_CANDIDATE_NOT_EQUIVALENCE	true
semantic-candidate:22ef4eff664f3c645b03bc92	semantic-relation:df76fe19088291eb4e3f6b7a	COMPONENT_OF	COMPOUND_COMPONENT_PARSE_REQUIRES_REVIEW	true
semantic-candidate:23072675044eb528cb2b6748	semantic-relation:ad0ce4ac5b506af1236522e6	MODIFIES	MODIFIER_PARSE_REQUIRES_REVIEW	true
semantic-candidate:2307bd2f69fa5d4796c86baa	semantic-relation:38b4dcdfd6eae9ca3bd94ebd	INSTANCE_OR_SPECIFIC_FORM_OF	V2_CONTAINMENT_CANDIDATE_NOT_EQUIVALENCE	true
semantic-candidate:231985d1e93846e3b2f8bb95	semantic-relation:5637bbc3bd2c3dcfbc81c94a	INSTANCE_OR_SPECIFIC_FORM_OF	V2_CONTAINMENT_CANDIDATE_NOT_EQUIVALENCE	true
semantic-candidate:2320bf94bdbd0db3dd5aae9c	semantic-relation:6bc6265d1beb7eac7932f99a	INSTANCE_OR_SPECIFIC_FORM_OF	V2_CONTAINMENT_CANDIDATE_NOT_EQUIVALENCE	true
semantic-candidate:2327ad8b1ffe750c491b8b27	semantic-relation:28752e21ac3418bae95b6f71	COMPONENT_OF	COMPOUND_COMPONENT_PARSE_REQUIRES_REVIEW	true
semantic-candidate:23463166ea8d0bba7b76e127	semantic-relation:4a4ff9d84ad1ca93e2f1facb	INSTANCE_OR_SPECIFIC_FORM_OF	V2_CONTAINMENT_CANDIDATE_NOT_EQUIVALENCE	true
semantic-candidate:234eabc333661c1cb2f59454	semantic-relation:f044778d15003bb7c255bebd	INSTANCE_OR_SPECIFIC_FORM_OF	V2_CONTAINMENT_CANDIDATE_NOT_EQUIVALENCE	true
semantic-candidate:235e8192796141dd763c2dc5	semantic-relation:ba13b10034de0ba09e57ce2c	COMPONENT_OF	COMPOUND_COMPONENT_PARSE_REQUIRES_REVIEW	true
semantic-candidate:236c4c139dbe950f55ba11ca	semantic-relation:9d79f79e721762496365945c	INSTANCE_OR_SPECIFIC_FORM_OF	V2_CONTAINMENT_CANDIDATE_NOT_EQUIVALENCE	true
semantic-candidate:236d0785c2d45551ec436578	semantic-relation:46d57b5abdc961dbca48298b	COMPONENT_OF	COMPOUND_COMPONENT_PARSE_REQUIRES_REVIEW	true
semantic-candidate:237aad2416ab2e89e3d3d1a5	semantic-relation:8c8ec54fa5e19bc7cbd721dd	COMPONENT_OF	COMPOUND_COMPONENT_PARSE_REQUIRES_REVIEW	true
semantic-candidate:239ac0b5c6a3eec05db48543	semantic-relation:3306c7aa5cc5dbc2265e18ca	INSTANCE_OR_SPECIFIC_FORM_OF	V2_CONTAINMENT_CANDIDATE_NOT_EQUIVALENCE	true
semantic-candidate:23b4b340eeef280e94a3bb14	semantic-relation:de4bde85228cbf8da7b9d1e3	INSTANCE_OR_SPECIFIC_FORM_OF	V2_CONTAINMENT_CANDIDATE_NOT_EQUIVALENCE	true
semantic-candidate:23b6459c6e634fcc3b5c04aa	semantic-relation:fea2108a16d29f113ba435e0	INSTANCE_OR_SPECIFIC_FORM_OF	V2_CONTAINMENT_CANDIDATE_NOT_EQUIVALENCE	true
semantic-candidate:23cddc506dee00811adc4be1	semantic-relation:cf9047278422c4caa6a11466	MODIFIES	MODIFIER_PARSE_REQUIRES_REVIEW	true
semantic-candidate:23d1ef17fca7b03f3664e46e	semantic-relation:7ce330e80b113212812d65a7	COMPONENT_OF	COMPOUND_COMPONENT_PARSE_REQUIRES_REVIEW	true
semantic-candidate:23dd5c1440a6de6528dcced4	semantic-relation:262daaff10361d4be5c39744	INSTANCE_OR_SPECIFIC_FORM_OF	V2_CONTAINMENT_CANDIDATE_NOT_EQUIVALENCE	true
semantic-candidate:23e5dbc35379552e80181480	semantic-relation:9a94b81baffe7c515856155f	INSTANCE_OR_SPECIFIC_FORM_OF	V2_CONTAINMENT_CANDIDATE_NOT_EQUIVALENCE	true
semantic-candidate:23eb85f399664ba481368039	semantic-relation:2e099524acb697645ab88574	INSTANCE_OR_SPECIFIC_FORM_OF	V2_CONTAINMENT_CANDIDATE_NOT_EQUIVALENCE	true
semantic-candidate:23f58839c71ed73e4e5c74bc	semantic-relation:3a404189a8bb40407edd28af	COMPONENT_OF	COMPOUND_COMPONENT_PARSE_REQUIRES_REVIEW	true
semantic-candidate:2419839e198931883d0fb22f	semantic-relation:6b1d3e9d0d383cae4eefb501	INSTANCE_OR_SPECIFIC_FORM_OF	V2_CONTAINMENT_CANDIDATE_NOT_EQUIVALENCE	true
semantic-candidate:2428d9d5353441e009052905	semantic-relation:9440cad1377fdf0db46bb76f	INSTANCE_OR_SPECIFIC_FORM_OF	V2_CONTAINMENT_CANDIDATE_NOT_EQUIVALENCE	true
semantic-candidate:242b495811da3026bc93abca	semantic-relation:23db7e2fe2d1f9abf9844354	COMPONENT_OF	COMPOUND_COMPONENT_PARSE_REQUIRES_REVIEW	true
semantic-candidate:243ba930c93ba5e487385bfa	semantic-relation:8d33015b1f35542984643371	INSTANCE_OR_SPECIFIC_FORM_OF	V2_CONTAINMENT_CANDIDATE_NOT_EQUIVALENCE	true
semantic-candidate:247031dab97718211d117308	semantic-relation:d35b1edef0a9efce3f685575	MODIFIES	MODIFIER_PARSE_REQUIRES_REVIEW	true
semantic-candidate:2479f0e6b6ed174f05ece711	semantic-relation:4227af6878978f98b9ace147	COMPONENT_OF	COMPOUND_COMPONENT_PARSE_REQUIRES_REVIEW	true
semantic-candidate:2482565ab3beee6cf57a0262	semantic-relation:85240dbce9b7b4debdb92f75	COMPONENT_OF	COMPOUND_COMPONENT_PARSE_REQUIRES_REVIEW	true
semantic-candidate:2493d462647ee49c1c0878b6	semantic-relation:94b4b9b73affedc825779db3	INSTANCE_OR_SPECIFIC_FORM_OF	V2_CONTAINMENT_CANDIDATE_NOT_EQUIVALENCE	true
semantic-candidate:249617dc419c7a6b0f7da2cc	semantic-relation:50e12a7c06989bcb35a714ab	INSTANCE_OR_SPECIFIC_FORM_OF	V2_CONTAINMENT_CANDIDATE_NOT_EQUIVALENCE	true
semantic-candidate:24a594dfe33c5831822ce5d8	semantic-relation:b93f24203bcba510b24b1255	INSTANCE_OR_SPECIFIC_FORM_OF	V2_CONTAINMENT_CANDIDATE_NOT_EQUIVALENCE	true
semantic-candidate:24a750c367c407dcadb76fed	semantic-relation:ec77d0d62295613e8e6c0e30	COMPONENT_OF	COMPOUND_COMPONENT_PARSE_REQUIRES_REVIEW	true
semantic-candidate:24aa3f0c25f67756f532a42b	semantic-relation:facc6907dce91f9866b32b03	INSTANCE_OR_SPECIFIC_FORM_OF	V2_CONTAINMENT_CANDIDATE_NOT_EQUIVALENCE	true
semantic-candidate:24b104ad01a5ebca7fdcd0d2	semantic-relation:d8b06e5b3fe1911ea39135b6	COMPONENT_OF	COMPOUND_COMPONENT_PARSE_REQUIRES_REVIEW	true
semantic-candidate:24c024edde2fec4e7530737e	semantic-relation:686ba48e66ce27b1fbcdf8bb	INSTANCE_OR_SPECIFIC_FORM_OF	V2_CONTAINMENT_CANDIDATE_NOT_EQUIVALENCE	true
semantic-candidate:24cc8f9eb384352d7b7260f7	semantic-relation:2c435b02efc92e5e739357d3	INSTANCE_OR_SPECIFIC_FORM_OF	V2_CONTAINMENT_CANDIDATE_NOT_EQUIVALENCE	true
semantic-candidate:24d44134953ec9d2336760e9	semantic-relation:5978bb0b0119efb2539eedd0	COMPONENT_OF	COMPOUND_COMPONENT_PARSE_REQUIRES_REVIEW	true
semantic-candidate:24dcab29a3dc7b6e8ef69f68	semantic-relation:e51a6e92fc07de75b26cb37d	INSTANCE_OR_SPECIFIC_FORM_OF	V2_CONTAINMENT_CANDIDATE_NOT_EQUIVALENCE	true
semantic-candidate:24e1eac2c73445f67dae40b4	semantic-relation:e1d33dd4133dcdbd0e3fc9cd	COMPONENT_OF	COMPOUND_COMPONENT_PARSE_REQUIRES_REVIEW	true
semantic-candidate:24e434a676207cbc2364fde6	semantic-relation:433f8104d3fdc70ee77b2a81	COMPONENT_OF	COMPOUND_COMPONENT_PARSE_REQUIRES_REVIEW	true
semantic-candidate:24e505a5a62cc4a492f00889	semantic-relation:f6d1b9f2b5f30ea1168eda02	INSTANCE_OR_SPECIFIC_FORM_OF	V2_CONTAINMENT_CANDIDATE_NOT_EQUIVALENCE	true
semantic-candidate:25032e7ee1e10cbed0e6f2a5	semantic-relation:cc1cc59b186f5b02426a6c09	INSTANCE_OR_SPECIFIC_FORM_OF	V2_CONTAINMENT_CANDIDATE_NOT_EQUIVALENCE	true
semantic-candidate:251b25ffe1652ced5bd0dc0c	semantic-relation:6b880c172c496fe3f8fe0710	COMPONENT_OF	COMPOUND_COMPONENT_PARSE_REQUIRES_REVIEW	true
semantic-candidate:2520f52236b8227345d01c4b	semantic-relation:95a6ed36fc7e781fd7ebc1b1	INSTANCE_OR_SPECIFIC_FORM_OF	V2_CONTAINMENT_CANDIDATE_NOT_EQUIVALENCE	true
semantic-candidate:2522a9c2abb4190151f45b06	semantic-relation:61071960a71d3b36c36e1d6f	INSTANCE_OR_SPECIFIC_FORM_OF	V2_CONTAINMENT_CANDIDATE_NOT_EQUIVALENCE	true
semantic-candidate:2534b5d91d9fe2a8ce05df46	semantic-relation:67da7316359e2cc3b338116c	INSTANCE_OR_SPECIFIC_FORM_OF	V2_CONTAINMENT_CANDIDATE_NOT_EQUIVALENCE	true
semantic-candidate:2549c49ca962543985148500	semantic-relation:6be5ff347b7742f75efa1959	INSTANCE_OR_SPECIFIC_FORM_OF	V2_CONTAINMENT_CANDIDATE_NOT_EQUIVALENCE	true
semantic-candidate:256ca782201bfa1f9d8b8a31	semantic-relation:56a4eeed5e3ac0f54aaf720b	COMPONENT_OF	COMPOUND_COMPONENT_PARSE_REQUIRES_REVIEW	true
semantic-candidate:256dbd25421601361bd97119	semantic-relation:138d28434b25e504bdb26e91	INSTANCE_OR_SPECIFIC_FORM_OF	V2_CONTAINMENT_CANDIDATE_NOT_EQUIVALENCE	true
semantic-candidate:257a618ddf953c14f88afb24	semantic-relation:289e50620d227a40f3d53b9d	INSTANCE_OR_SPECIFIC_FORM_OF	V2_CONTAINMENT_CANDIDATE_NOT_EQUIVALENCE	true
semantic-candidate:2589461a08bbdcd04eb4614e	semantic-relation:de675fd628e13af449b43f54	INSTANCE_OR_SPECIFIC_FORM_OF	V2_CONTAINMENT_CANDIDATE_NOT_EQUIVALENCE	true
semantic-candidate:25a639b948b1958460fd6bb0	semantic-relation:6f6b910f009baac1aa38ed36	INSTANCE_OR_SPECIFIC_FORM_OF	V2_CONTAINMENT_CANDIDATE_NOT_EQUIVALENCE	true
semantic-candidate:25b5d4b6b2dfdb6ae540d91e	semantic-relation:b8a4f6b5c3b7716b3f05b0d0	COMPONENT_OF	COMPOUND_COMPONENT_PARSE_REQUIRES_REVIEW	true
semantic-candidate:25cb7b70506b931986bf4df8	semantic-relation:d4dff4e8767374b0bd561c2f	COMPONENT_OF	COMPOUND_COMPONENT_PARSE_REQUIRES_REVIEW	true
semantic-candidate:25e2458b5ab00e6a451d9538	semantic-relation:452fa54a5ed69aa87f5b51cb	INSTANCE_OR_SPECIFIC_FORM_OF	V2_CONTAINMENT_CANDIDATE_NOT_EQUIVALENCE	true
semantic-candidate:25f897ac9c6701da2e8b671a	semantic-relation:c8d10567ad7917139ef6e201	COMPONENT_OF	COMPOUND_COMPONENT_PARSE_REQUIRES_REVIEW	true
semantic-candidate:26063c2a5ca817c635e5ac15	semantic-relation:b3e96eebc7dbacb5bda510b5	COMPONENT_OF	COMPOUND_COMPONENT_PARSE_REQUIRES_REVIEW	true
semantic-candidate:261d4bb1163a3803566cf886	semantic-relation:4a7445985c56ebe7b01a5dd1	COMPONENT_OF	COMPOUND_COMPONENT_PARSE_REQUIRES_REVIEW	true
semantic-candidate:261d6b8e8c3a7b155ccd868d	semantic-relation:e016de8864b76c0fd6244531	INSTANCE_OR_SPECIFIC_FORM_OF	V2_CONTAINMENT_CANDIDATE_NOT_EQUIVALENCE	true
semantic-candidate:262a7213dec52e43261ab4bd	semantic-relation:8aeb0653c0d4e232da9f0124	COMPONENT_OF	COMPOUND_COMPONENT_PARSE_REQUIRES_REVIEW	true
semantic-candidate:262cffa752c83619e9f4d49a	semantic-relation:05c34f9bdb3be1df76e4aa30	MODIFIES	MODIFIER_PARSE_REQUIRES_REVIEW	true
semantic-candidate:264d1fd9e2e22f2cc9a4e63d	semantic-relation:ebf5709cbc2ff0835a253ce7	INSTANCE_OR_SPECIFIC_FORM_OF	V2_CONTAINMENT_CANDIDATE_NOT_EQUIVALENCE	true
semantic-candidate:264f206dc4a944b428b5087b	semantic-relation:6322abd59ad3bb9eee42569e	INSTANCE_OR_SPECIFIC_FORM_OF	V2_CONTAINMENT_CANDIDATE_NOT_EQUIVALENCE	true
semantic-candidate:265f7c7118c4988775536752	semantic-relation:9a3dd20e90c617e9de3beb13	INSTANCE_OR_SPECIFIC_FORM_OF	V2_CONTAINMENT_CANDIDATE_NOT_EQUIVALENCE	true
semantic-candidate:26752cae07408a0da9cf9165	semantic-relation:8390f8029d3ec8f8915cdaee	COMPONENT_OF	COMPOUND_COMPONENT_PARSE_REQUIRES_REVIEW	true
semantic-candidate:2676c6c18811e192f38ba0d4	semantic-relation:e4de2d7f038b9277acf0d97f	COMPONENT_OF	COMPOUND_COMPONENT_PARSE_REQUIRES_REVIEW	true
semantic-candidate:2681885b04d9aa635f08119b	semantic-relation:cb3a8753a3f4142f738e4d93	INSTANCE_OR_SPECIFIC_FORM_OF	V2_CONTAINMENT_CANDIDATE_NOT_EQUIVALENCE	true
semantic-candidate:268da094a61ab24a41c513f5	semantic-relation:e9fa2b957864e674d61bf20e	INSTANCE_OR_SPECIFIC_FORM_OF	V2_CONTAINMENT_CANDIDATE_NOT_EQUIVALENCE	true
semantic-candidate:269f9a30cfb5b2c810c86638	semantic-relation:2b5f1d8c22c2b93cb85995cd	INSTANCE_OR_SPECIFIC_FORM_OF	V2_CONTAINMENT_CANDIDATE_NOT_EQUIVALENCE	true
semantic-candidate:26ad5c5433efe928189befce	semantic-relation:2c694c386aedf31487954a54	INSTANCE_OR_SPECIFIC_FORM_OF	V2_CONTAINMENT_CANDIDATE_NOT_EQUIVALENCE	true
semantic-candidate:26b5706468f4638b84c58e79	semantic-relation:0b6d99494bc883be9a5277de	COMPONENT_OF	COMPOUND_COMPONENT_PARSE_REQUIRES_REVIEW	true
semantic-candidate:26ba9ab990b000b94401db4f	semantic-relation:be0031ef1e6a89965000b99b	INSTANCE_OR_SPECIFIC_FORM_OF	V2_CONTAINMENT_CANDIDATE_NOT_EQUIVALENCE	true
semantic-candidate:26bf8c00b5a5e2319b85568e	semantic-relation:14130bf920caa3c0d08aa96d	COMPONENT_OF	COMPOUND_COMPONENT_PARSE_REQUIRES_REVIEW	true
semantic-candidate:26cff2b97b374c6e6d8a7471	semantic-relation:0234329cf72a75e79b5e4189	COMPONENT_OF	COMPOUND_COMPONENT_PARSE_REQUIRES_REVIEW	true
semantic-candidate:26d7972a466362f96847799e	semantic-relation:e142717a349bfa478a0c61e9	COMPONENT_OF	COMPOUND_COMPONENT_PARSE_REQUIRES_REVIEW	true
semantic-candidate:26da815d4099bdfd78fe65c0	semantic-relation:ac413a4d5af25ee1e91883d9	INSTANCE_OR_SPECIFIC_FORM_OF	V2_CONTAINMENT_CANDIDATE_NOT_EQUIVALENCE	true
semantic-candidate:26dacb80b0732c3ab44bc7ed	semantic-relation:4a745ba3629005144fab2efa	COMPONENT_OF	COMPOUND_COMPONENT_PARSE_REQUIRES_REVIEW	true
semantic-candidate:26e2f7916506d4f9bb01dfd1	semantic-relation:a92ae1f6cb13e0ee33594486	COMPONENT_OF	COMPOUND_COMPONENT_PARSE_REQUIRES_REVIEW	true
semantic-candidate:26e52a85bae317f1ca0f846b	semantic-relation:50871efc6b64e50df44f7288	COMPONENT_OF	COMPOUND_COMPONENT_PARSE_REQUIRES_REVIEW	true
semantic-candidate:26ed7a6bae0923aad70157b0	semantic-relation:f28520aeb475182247d8c8e3	INSTANCE_OR_SPECIFIC_FORM_OF	V2_CONTAINMENT_CANDIDATE_NOT_EQUIVALENCE	true
semantic-candidate:27025cb46c832ab8f1e3ed5e	semantic-relation:ce9c1d992732a19569ccfba7	COMPONENT_OF	COMPOUND_COMPONENT_PARSE_REQUIRES_REVIEW	true
semantic-candidate:270e9f8dabb3b95354121593	semantic-relation:aa2b16113efd12513614ae76	INSTANCE_OR_SPECIFIC_FORM_OF	V2_CONTAINMENT_CANDIDATE_NOT_EQUIVALENCE	true
semantic-candidate:2715663953e0eb1b96e5dcd1	semantic-relation:b18ce8ade9f30c5be9b4a021	COMPONENT_OF	COMPOUND_COMPONENT_PARSE_REQUIRES_REVIEW	true
semantic-candidate:2720af96c265e16dd98a1648	semantic-relation:744125ff242cbdc221e45d63	COMPONENT_OF	COMPOUND_COMPONENT_PARSE_REQUIRES_REVIEW	true
semantic-candidate:2730134074cae2a16df1cdee	semantic-relation:d4f8ab72e91973ec2225465a	MODIFIES	MODIFIER_PARSE_REQUIRES_REVIEW	true
semantic-candidate:27456c9a2c0624030818d920	semantic-relation:4a92cb31bdb960f54db7674d	INSTANCE_OR_SPECIFIC_FORM_OF	V2_CONTAINMENT_CANDIDATE_NOT_EQUIVALENCE	true
semantic-candidate:274a2df9fa8c872783363f92	semantic-relation:d000d3d2111336c0c66ca3dc	COMPONENT_OF	COMPOUND_COMPONENT_PARSE_REQUIRES_REVIEW	true
semantic-candidate:27550901b71ab897f295ff7b	semantic-relation:0688f4609c998c65a0b76722	INSTANCE_OR_SPECIFIC_FORM_OF	V2_CONTAINMENT_CANDIDATE_NOT_EQUIVALENCE	true
semantic-candidate:2759ffd41a631a0ed764a65b	semantic-relation:7a119f266ebd0285c882f70f	INSTANCE_OR_SPECIFIC_FORM_OF	V2_CONTAINMENT_CANDIDATE_NOT_EQUIVALENCE	true
semantic-candidate:275f1c5528327731f9979928	semantic-relation:3a8ff6ae7db1744e546a9751	INSTANCE_OR_SPECIFIC_FORM_OF	V2_CONTAINMENT_CANDIDATE_NOT_EQUIVALENCE	true
semantic-candidate:2768c89bb8149cfb8f523e30	semantic-relation:5913c745f311140d53e72439	INSTANCE_OR_SPECIFIC_FORM_OF	V2_CONTAINMENT_CANDIDATE_NOT_EQUIVALENCE	true
semantic-candidate:2775ad9bfcf9f7d927da843b	semantic-relation:f95fcb97b6c076939da1e640	INSTANCE_OR_SPECIFIC_FORM_OF	V2_CONTAINMENT_CANDIDATE_NOT_EQUIVALENCE	true
semantic-candidate:2781796fc569a3a6479b19bb	semantic-relation:f819cecc195fa13705a2ab17	COMPONENT_OF	COMPOUND_COMPONENT_PARSE_REQUIRES_REVIEW	true
semantic-candidate:278dca1d82275c6eb044f8be	semantic-relation:820b6d53d95c392fbee5dde3	COMPONENT_OF	COMPOUND_COMPONENT_PARSE_REQUIRES_REVIEW	true
semantic-candidate:279d03e63d2eecd43660240a	semantic-relation:9f874f8b231b26e2e7036528	MODIFIES	MODIFIER_PARSE_REQUIRES_REVIEW	true
semantic-candidate:27a96be3883d98dbd57071b5	semantic-relation:ace8430b4a042010d5304fc8	COMPONENT_OF	COMPOUND_COMPONENT_PARSE_REQUIRES_REVIEW	true
semantic-candidate:27c2e9b1f99d5ec393d01417	semantic-relation:7239d21944bfb8ea80447b11	INSTANCE_OR_SPECIFIC_FORM_OF	V2_CONTAINMENT_CANDIDATE_NOT_EQUIVALENCE	true
semantic-candidate:27da49dae09dfa08d9d4ca01	semantic-relation:75101aa37b389eb9765b7f24	MODIFIES	MODIFIER_PARSE_REQUIRES_REVIEW	true
semantic-candidate:27ef817f0eef9c5c0bd692bc	semantic-relation:a251c2acbe27cb1cee6c99de	INSTANCE_OR_SPECIFIC_FORM_OF	V2_CONTAINMENT_CANDIDATE_NOT_EQUIVALENCE	true
semantic-candidate:27fdb68195bec5004b3d0309	semantic-relation:c23cd99bd23fe2b1169541c5	MODIFIES	MODIFIER_PARSE_REQUIRES_REVIEW	true
semantic-candidate:2800751772bcabc45f130398	semantic-relation:83b7ee2ffb81bca4197e2d93	INSTANCE_OR_SPECIFIC_FORM_OF	V2_CONTAINMENT_CANDIDATE_NOT_EQUIVALENCE	true
semantic-candidate:280bf158ce3d6e601ae20002	semantic-relation:a04dc0682192ada3c3f5e141	INSTANCE_OR_SPECIFIC_FORM_OF	V2_CONTAINMENT_CANDIDATE_NOT_EQUIVALENCE	true
semantic-candidate:282108e221f6ee975271830e	semantic-relation:2200039f7191c992e5bc71b0	INSTANCE_OR_SPECIFIC_FORM_OF	V2_CONTAINMENT_CANDIDATE_NOT_EQUIVALENCE	true
semantic-candidate:28330ea1d8937da3c878a3ec	semantic-relation:d0240c26ec85737d98c960d0	INSTANCE_OR_SPECIFIC_FORM_OF	V2_CONTAINMENT_CANDIDATE_NOT_EQUIVALENCE	true
semantic-candidate:2838a1bbe188d8d7cc3de83f	semantic-relation:a3678316a76e5fe4569ef67b	COMPONENT_OF	COMPOUND_COMPONENT_PARSE_REQUIRES_REVIEW	true
semantic-candidate:285dcb79cdbd49f2c66dc352	semantic-relation:5e8215dec32ecb21dc542027	INSTANCE_OR_SPECIFIC_FORM_OF	V2_CONTAINMENT_CANDIDATE_NOT_EQUIVALENCE	true
semantic-candidate:286787af3cedeffa27542524	semantic-relation:2eb46145abe5c41e6323516c	INSTANCE_OR_SPECIFIC_FORM_OF	V2_CONTAINMENT_CANDIDATE_NOT_EQUIVALENCE	true
semantic-candidate:28693b5811a75664003dcf5f	semantic-relation:3c8b0742f413edccec20a9d5	MODIFIES	MODIFIER_PARSE_REQUIRES_REVIEW	true
semantic-candidate:286c106a8524fc7ca89f4f1b	semantic-relation:9c132805a6c60dcd3e7ab85e	COMPONENT_OF	COMPOUND_COMPONENT_PARSE_REQUIRES_REVIEW	true
semantic-candidate:286dd35f294de85cf0259968	semantic-relation:5c705d5dbbc605781c0f5f15	INSTANCE_OR_SPECIFIC_FORM_OF	V2_CONTAINMENT_CANDIDATE_NOT_EQUIVALENCE	true
semantic-candidate:2881934dbcee9d4998162700	semantic-relation:c7d6636558293dbd7c952a2b	INSTANCE_OR_SPECIFIC_FORM_OF	V2_CONTAINMENT_CANDIDATE_NOT_EQUIVALENCE	true
semantic-candidate:2883f3bdb19c1ffec23a18e3	semantic-relation:032bd7e9e4aab5ba59f14e7d	COMPONENT_OF	COMPOUND_COMPONENT_PARSE_REQUIRES_REVIEW	true
semantic-candidate:28860dc9e37e0498b7f9d45b	semantic-relation:d39e187527ab65bd7fd0ed10	COMPONENT_OF	COMPOUND_COMPONENT_PARSE_REQUIRES_REVIEW	true
semantic-candidate:28a126aa8a1e4d2738b79678	semantic-relation:a8392d6f9c01619338b49d0e	INSTANCE_OR_SPECIFIC_FORM_OF	V2_CONTAINMENT_CANDIDATE_NOT_EQUIVALENCE	true
semantic-candidate:28b3b25978ae3e4245530f5b	semantic-relation:1877b352c065c79af12a48e2	INSTANCE_OR_SPECIFIC_FORM_OF	V2_CONTAINMENT_CANDIDATE_NOT_EQUIVALENCE	true
semantic-candidate:28b4098a0e9079bb62d1cc07	semantic-relation:a8dc60ca95503ac42d2ff244	MODIFIES	MODIFIER_PARSE_REQUIRES_REVIEW	true
semantic-candidate:28c0770c92bb2934aaf6d838	semantic-relation:976327057098412fa84de8d7	INSTANCE_OR_SPECIFIC_FORM_OF	V2_CONTAINMENT_CANDIDATE_NOT_EQUIVALENCE	true
semantic-candidate:28d0572e1a52c35092852a36	semantic-relation:d0e9d8a642305d79f5ec2e5b	MODIFIES	MODIFIER_PARSE_REQUIRES_REVIEW	true
semantic-candidate:28d5911c52767b4aab35da3f	semantic-relation:de27fedad34c89fa24bdc26c	COMPONENT_OF	COMPOUND_COMPONENT_PARSE_REQUIRES_REVIEW	true
semantic-candidate:28df9efc27c76f9b7cc29e87	semantic-relation:26d7af22b179d539adca3119	INSTANCE_OR_SPECIFIC_FORM_OF	V2_CONTAINMENT_CANDIDATE_NOT_EQUIVALENCE	true
semantic-candidate:28e3fe92f636fc58ea59de81	semantic-relation:a78089a9a28af63438a3b083	MODIFIES	MODIFIER_PARSE_REQUIRES_REVIEW	true
semantic-candidate:28ffb09aa1f9fe71e021320e	semantic-relation:322a1f97c9bc856a699dd811	INSTANCE_OR_SPECIFIC_FORM_OF	V2_CONTAINMENT_CANDIDATE_NOT_EQUIVALENCE	true
semantic-candidate:29099084d54f8e045f2989d2	semantic-relation:d10d82a42f4697ec67bcbec6	INSTANCE_OR_SPECIFIC_FORM_OF	V2_CONTAINMENT_CANDIDATE_NOT_EQUIVALENCE	true
semantic-candidate:2912a5fc50e4288d5e26df4a	semantic-relation:fac73109f7ad79994469f8fc	INSTANCE_OR_SPECIFIC_FORM_OF	V2_CONTAINMENT_CANDIDATE_NOT_EQUIVALENCE	true
semantic-candidate:291a97098a8b54aaf7f40e7b	semantic-relation:66f1d2471d0a5c3b36ac65ca	COMPONENT_OF	COMPOUND_COMPONENT_PARSE_REQUIRES_REVIEW	true
semantic-candidate:292f26d4cb60828fb8537b3a	semantic-relation:434267a00f6e356d62d1d31f	MODIFIES	MODIFIER_PARSE_REQUIRES_REVIEW	true
semantic-candidate:292fd3bac3717d02b1e52772	semantic-relation:713cb8a85763f836e5f543ed	COMPONENT_OF	COMPOUND_COMPONENT_PARSE_REQUIRES_REVIEW	true
semantic-candidate:293b56756a78deded096afb8	semantic-relation:5fa9d0abb64ed3bac459c19c	INSTANCE_OR_SPECIFIC_FORM_OF	V2_CONTAINMENT_CANDIDATE_NOT_EQUIVALENCE	true
semantic-candidate:293ca259e247683802eb1109	semantic-relation:f96e4a56a0de3c0c057c385a	MODIFIES	MODIFIER_PARSE_REQUIRES_REVIEW	true
semantic-candidate:293d6fec85be3a4705c9b6fe	semantic-relation:187586c756491b13cc8b1e8f	COMPONENT_OF	COMPOUND_COMPONENT_PARSE_REQUIRES_REVIEW	true
semantic-candidate:294476a9a37cf361de26bb5c	semantic-relation:52b5003be5b047ef67e5736d	COMPONENT_OF	COMPOUND_COMPONENT_PARSE_REQUIRES_REVIEW	true
semantic-candidate:2946c9415a0f04f13792d9f5	semantic-relation:cde4ed8d24a8fb5a58fd1d94	COMPONENT_OF	COMPOUND_COMPONENT_PARSE_REQUIRES_REVIEW	true
semantic-candidate:2956a25c6c449b96b681eff2	semantic-relation:dd0f9d11d3fb8c31f6779a10	INSTANCE_OR_SPECIFIC_FORM_OF	V2_CONTAINMENT_CANDIDATE_NOT_EQUIVALENCE	true
semantic-candidate:2956e29463276d9b4d6e8a7a	semantic-relation:7fba43e188e8204539ada050	MODIFIES	MODIFIER_PARSE_REQUIRES_REVIEW	true
semantic-candidate:29573a29314e1bbd255dff7a	semantic-relation:44b741a3d88ddc0adb2f7235	INSTANCE_OR_SPECIFIC_FORM_OF	V2_CONTAINMENT_CANDIDATE_NOT_EQUIVALENCE	true
semantic-candidate:2968af81634a12987bcf2b6d	semantic-relation:2f721270e64a07ddd6bfc2be	COMPONENT_OF	COMPOUND_COMPONENT_PARSE_REQUIRES_REVIEW	true
semantic-candidate:2978b8ffb5416f98816e032e	semantic-relation:906bec3144900f3daf77cb03	MODIFIES	MODIFIER_PARSE_REQUIRES_REVIEW	true
semantic-candidate:2982254ef3e72ce03768aaf0	semantic-relation:9c56ce3ad9c22a092a3d095a	COMPONENT_OF	COMPOUND_COMPONENT_PARSE_REQUIRES_REVIEW	true
semantic-candidate:2986ff931b1b13ee8aa7e674	semantic-relation:8a5210c32e1b71190c49cb62	INSTANCE_OR_SPECIFIC_FORM_OF	V2_CONTAINMENT_CANDIDATE_NOT_EQUIVALENCE	true
semantic-candidate:29a6092fe3b48355e09598d4	semantic-relation:ed48207abda6b7695e854525	INSTANCE_OR_SPECIFIC_FORM_OF	V2_CONTAINMENT_CANDIDATE_NOT_EQUIVALENCE	true
semantic-candidate:29b31335731b050c7294a105	semantic-relation:52707bc1493f6322f56af3e0	MODIFIES	MODIFIER_PARSE_REQUIRES_REVIEW	true
semantic-candidate:29bd286c3b57de24ea2d5e5f	semantic-relation:c6a8efd0b3f433a9dc846eb7	INSTANCE_OR_SPECIFIC_FORM_OF	V2_CONTAINMENT_CANDIDATE_NOT_EQUIVALENCE	true
semantic-candidate:29dd1635ba149044d0e4fcd3	semantic-relation:afdc00b998c7f4c939b59b43	INSTANCE_OR_SPECIFIC_FORM_OF	V2_CONTAINMENT_CANDIDATE_NOT_EQUIVALENCE	true
semantic-candidate:29e6e152a3c593de68d44291	semantic-relation:86255c3ba58321901d19348b	MODIFIES	MODIFIER_PARSE_REQUIRES_REVIEW	true
semantic-candidate:29f1d8d43dcf8b9ba2476a7c	semantic-relation:8045682796c82bb1ec28526a	MODIFIES	MODIFIER_PARSE_REQUIRES_REVIEW	true
semantic-candidate:29f3277d4549a1f72c537571	semantic-relation:43e0ebe797e9814cc673e10f	COMPONENT_OF	COMPOUND_COMPONENT_PARSE_REQUIRES_REVIEW	true
semantic-candidate:29fb12c4cdbbcda556f8a616	semantic-relation:5bbb2ac12f244316b0d03370	COMPONENT_OF	COMPOUND_COMPONENT_PARSE_REQUIRES_REVIEW	true
semantic-candidate:29fda9980c0c32d6a28e8d92	semantic-relation:b3d4563537c514fb827dfb6c	INSTANCE_OR_SPECIFIC_FORM_OF	V2_CONTAINMENT_CANDIDATE_NOT_EQUIVALENCE	true
semantic-candidate:2a054a81a4b53a64eebaac68	semantic-relation:7e5eec743406664eb8a6c53c	INSTANCE_OR_SPECIFIC_FORM_OF	V2_CONTAINMENT_CANDIDATE_NOT_EQUIVALENCE	true
semantic-candidate:2a105a8aefc5625396db7cce	semantic-relation:8a93569f842af99f1624a124	COMPONENT_OF	COMPOUND_COMPONENT_PARSE_REQUIRES_REVIEW	true
semantic-candidate:2a1dfec5aa0803cadf37f17d	semantic-relation:2342c2ac04d73ca4a64bdaef	INSTANCE_OR_SPECIFIC_FORM_OF	V2_CONTAINMENT_CANDIDATE_NOT_EQUIVALENCE	true
semantic-candidate:2a22d83f6e94a06f9b63492e	semantic-relation:8917a7d6b6644ea3672229d2	INSTANCE_OR_SPECIFIC_FORM_OF	V2_CONTAINMENT_CANDIDATE_NOT_EQUIVALENCE	true
semantic-candidate:2a3103d7bb6ccc76f82898df	semantic-relation:e0ddf3e0f9dfb1be795a0a15	INSTANCE_OR_SPECIFIC_FORM_OF	V2_CONTAINMENT_CANDIDATE_NOT_EQUIVALENCE	true
semantic-candidate:2a549fbe97bdf2d91287266e	semantic-relation:a204547bdc8a21f6a19d85fc	COMPONENT_OF	COMPOUND_COMPONENT_PARSE_REQUIRES_REVIEW	true
semantic-candidate:2a5933a8f507130f97525ac3	semantic-relation:7d84c8737cb8fddfe2791354	INSTANCE_OR_SPECIFIC_FORM_OF	V2_CONTAINMENT_CANDIDATE_NOT_EQUIVALENCE	true
semantic-candidate:2a6f4ace57be789fef0e7d75	semantic-relation:b7acb5dd3ef17d848847a122	COMPONENT_OF	COMPOUND_COMPONENT_PARSE_REQUIRES_REVIEW	true
semantic-candidate:2a7e890d02a13fbc21919a12	semantic-relation:6db2877bcba5ad5657ade07a	INSTANCE_OR_SPECIFIC_FORM_OF	V2_CONTAINMENT_CANDIDATE_NOT_EQUIVALENCE	true
semantic-candidate:2a81e6e80276f02e019b547b	semantic-relation:631117221c3d2e6917ff338c	INSTANCE_OR_SPECIFIC_FORM_OF	V2_CONTAINMENT_CANDIDATE_NOT_EQUIVALENCE	true
semantic-candidate:2a9099ae61833350fc168cc3	semantic-relation:188e0d6900e9b41d0deca1ec	INSTANCE_OR_SPECIFIC_FORM_OF	V2_CONTAINMENT_CANDIDATE_NOT_EQUIVALENCE	true
semantic-candidate:2aa27285e9e7e8676a71e90c	semantic-relation:687cb26b575940a7f73a5b7f	COMPONENT_OF	COMPOUND_COMPONENT_PARSE_REQUIRES_REVIEW	true
semantic-candidate:2aa3d9dcada22b3f68d18c29	semantic-relation:5103304c63e44ffab8ee727d	COMPONENT_OF	COMPOUND_COMPONENT_PARSE_REQUIRES_REVIEW	true
semantic-candidate:2ab28147fc44689b2f24d9e0	semantic-relation:74573228790d02f4c1db614b	MODIFIES	MODIFIER_PARSE_REQUIRES_REVIEW	true
semantic-candidate:2ab692d14439f284cca52051	semantic-relation:e5ee113900c3e1a7e7dbbafe	COMPONENT_OF	COMPOUND_COMPONENT_PARSE_REQUIRES_REVIEW	true
semantic-candidate:2aba1da69e265d371eda6ba7	semantic-relation:965a283bd5d642fb9fa9f124	COMPONENT_OF	COMPOUND_COMPONENT_PARSE_REQUIRES_REVIEW	true
semantic-candidate:2ac6f1639df4d8f0447b70db	semantic-relation:fbf0cecf96a04c85121c1fa0	INSTANCE_OR_SPECIFIC_FORM_OF	V2_CONTAINMENT_CANDIDATE_NOT_EQUIVALENCE	true
semantic-candidate:2ad25627dc0613afbf3e1a82	semantic-relation:35976d9f0aeba17bf9d852cf	INSTANCE_OR_SPECIFIC_FORM_OF	V2_CONTAINMENT_CANDIDATE_NOT_EQUIVALENCE	true
semantic-candidate:2ad986a1b6f83e0485df1658	semantic-relation:bad05e75edfbab4e3e6b810b	INSTANCE_OR_SPECIFIC_FORM_OF	V2_CONTAINMENT_CANDIDATE_NOT_EQUIVALENCE	true
semantic-candidate:2aec674d1dfd2a094218b388	semantic-relation:bf8401a6926d7e923d4de07f	COMPONENT_OF	COMPOUND_COMPONENT_PARSE_REQUIRES_REVIEW	true
semantic-candidate:2aedc24f8ae2df6128e50867	semantic-relation:c5b08202fea4f7f0a5f0b793	COMPONENT_OF	COMPOUND_COMPONENT_PARSE_REQUIRES_REVIEW	true
semantic-candidate:2af36882d548f2e06b5a4bba	semantic-relation:de627955ece029d931c66a04	INSTANCE_OR_SPECIFIC_FORM_OF	V2_CONTAINMENT_CANDIDATE_NOT_EQUIVALENCE	true
semantic-candidate:2af67b20048af6481d879694	semantic-relation:f7ceb1f8219ebf8d4ce59bce	COMPONENT_OF	COMPOUND_COMPONENT_PARSE_REQUIRES_REVIEW	true
semantic-candidate:2b00059a38f9b7524f4f8956	semantic-relation:1c11b46faf7570ba328c15e6	INSTANCE_OR_SPECIFIC_FORM_OF	V2_CONTAINMENT_CANDIDATE_NOT_EQUIVALENCE	true
semantic-candidate:2b04799506b3f91f7dc39103	semantic-relation:e1bc8fb516154c4ac590f815	COMPONENT_OF	COMPOUND_COMPONENT_PARSE_REQUIRES_REVIEW	true
semantic-candidate:2b11fa901a8fc10e70314d2d	semantic-relation:82df520167274d646a088edc	COMPONENT_OF	COMPOUND_COMPONENT_PARSE_REQUIRES_REVIEW	true
semantic-candidate:2b1a0f6acc7e946de82d84bc	semantic-relation:c17fa7412b55c1a69b6fe788	INSTANCE_OR_SPECIFIC_FORM_OF	V2_CONTAINMENT_CANDIDATE_NOT_EQUIVALENCE	true
semantic-candidate:2b29038469a5ea93940115c1	semantic-relation:a02b72cbc1d47a318cae1baa	INSTANCE_OR_SPECIFIC_FORM_OF	V2_CONTAINMENT_CANDIDATE_NOT_EQUIVALENCE	true
semantic-candidate:2b3572d74dc4d82b95f25189	semantic-relation:08f961cf115e2b4842af6fbc	INSTANCE_OR_SPECIFIC_FORM_OF	V2_CONTAINMENT_CANDIDATE_NOT_EQUIVALENCE	true
semantic-candidate:2b3af53325c33d6595648c58	semantic-relation:532bdf9b5ec4505b8f2e0fe6	COMPONENT_OF	COMPOUND_COMPONENT_PARSE_REQUIRES_REVIEW	true
semantic-candidate:2b540afc7ff8b6b3f5dc17ca	semantic-relation:d210ff9d477a0611d292e618	COMPONENT_OF	COMPOUND_COMPONENT_PARSE_REQUIRES_REVIEW	true
semantic-candidate:2b60419aa99b1cd7bbdb7bfb	semantic-relation:df80d3675acc9dbc11d90f6b	INSTANCE_OR_SPECIFIC_FORM_OF	V2_CONTAINMENT_CANDIDATE_NOT_EQUIVALENCE	true
semantic-candidate:2b63da5d855a8ed1ec485b3f	semantic-relation:0bc46ad220f40a3656980dc9	COMPONENT_OF	COMPOUND_COMPONENT_PARSE_REQUIRES_REVIEW	true
semantic-candidate:2b7c1e0c00d2a0b8f9f11beb	semantic-relation:51a6b984f563b1c2297e6749	COMPONENT_OF	COMPOUND_COMPONENT_PARSE_REQUIRES_REVIEW	true
semantic-candidate:2b8f87e9ad2f85ab23a2bb01	semantic-relation:108f7db781af4c92d3d169b6	INSTANCE_OR_SPECIFIC_FORM_OF	V2_CONTAINMENT_CANDIDATE_NOT_EQUIVALENCE	true
semantic-candidate:2b97390848f89d89536f2e2e	semantic-relation:14086450668d62a792b9c97e	COMPONENT_OF	COMPOUND_COMPONENT_PARSE_REQUIRES_REVIEW	true
semantic-candidate:2bb1e6a97ff4ee8117193383	semantic-relation:9ca18ae34e0d8b493f08f496	INSTANCE_OR_SPECIFIC_FORM_OF	V2_CONTAINMENT_CANDIDATE_NOT_EQUIVALENCE	true
semantic-candidate:2bb2ee52f6e04d49b766446c	semantic-relation:b38f9b6240879b61100c7699	MODIFIES	MODIFIER_PARSE_REQUIRES_REVIEW	true
semantic-candidate:2bb39d9cc0ef17c35853171c	semantic-relation:9ed83a655c10b46cd6ed0541	INSTANCE_OR_SPECIFIC_FORM_OF	V2_CONTAINMENT_CANDIDATE_NOT_EQUIVALENCE	true
semantic-candidate:2be93957ae743dde2db37c5d	semantic-relation:fe6fc04868045fd7b6ecec60	MODIFIES	MODIFIER_PARSE_REQUIRES_REVIEW	true
semantic-candidate:2c04d9c548c577eabffd4240	semantic-relation:4902622f8d7154fd24ed08f3	INSTANCE_OR_SPECIFIC_FORM_OF	V2_CONTAINMENT_CANDIDATE_NOT_EQUIVALENCE	true
semantic-candidate:2c233f4406a5d89c53c0f1d4	semantic-relation:94b23fca51f641902e00408b	INSTANCE_OR_SPECIFIC_FORM_OF	V2_CONTAINMENT_CANDIDATE_NOT_EQUIVALENCE	true
semantic-candidate:2c292e057a70b80ee71d416e	semantic-relation:8bc6bad9c7ef6c2bf2818dc1	COMPONENT_OF	COMPOUND_COMPONENT_PARSE_REQUIRES_REVIEW	true
semantic-candidate:2c2c087bcfa9266e468c1e52	semantic-relation:94b571d55a4b65e26431337e	COMPONENT_OF	COMPOUND_COMPONENT_PARSE_REQUIRES_REVIEW	true
semantic-candidate:2c5a1a3b0a988aa42f5974db	semantic-relation:93e8a4f433e935c2e22e50aa	MODIFIES	MODIFIER_PARSE_REQUIRES_REVIEW	true
semantic-candidate:2c641078ddf218dbba4a1ba6	semantic-relation:0b86f04b4d17d2f1360fa629	INSTANCE_OR_SPECIFIC_FORM_OF	V2_CONTAINMENT_CANDIDATE_NOT_EQUIVALENCE	true
semantic-candidate:2c7198da15506bb7e9333068	semantic-relation:b55e749b7803047ada7d4a8f	INSTANCE_OR_SPECIFIC_FORM_OF	V2_CONTAINMENT_CANDIDATE_NOT_EQUIVALENCE	true
semantic-candidate:2c73cf0c051c8d9a5b0b3c62	semantic-relation:8dcf01e4804d9f11ba696ab7	INSTANCE_OR_SPECIFIC_FORM_OF	V2_CONTAINMENT_CANDIDATE_NOT_EQUIVALENCE	true
semantic-candidate:2c79b2358ac164c4e69d4c92	semantic-relation:d27e9cd375588d9368cec197	COMPONENT_OF	COMPOUND_COMPONENT_PARSE_REQUIRES_REVIEW	true
semantic-candidate:2c8115ec2fb0c40d4d3f1f00	semantic-relation:1fc345b797107d2668eaed98	INSTANCE_OR_SPECIFIC_FORM_OF	V2_CONTAINMENT_CANDIDATE_NOT_EQUIVALENCE	true
semantic-candidate:2c8451ca957d9dd4eeba9192	semantic-relation:cd6549ee61f3b2a88243f44f	INSTANCE_OR_SPECIFIC_FORM_OF	V2_CONTAINMENT_CANDIDATE_NOT_EQUIVALENCE	true
semantic-candidate:2c8a24f5e42c750e9dbc0876	semantic-relation:8f4dcf7273b0c174183408ba	COMPONENT_OF	COMPOUND_COMPONENT_PARSE_REQUIRES_REVIEW	true
semantic-candidate:2c95b755731fcea51d271895	semantic-relation:a81abde03a6c5556a0a5daac	INSTANCE_OR_SPECIFIC_FORM_OF	V2_CONTAINMENT_CANDIDATE_NOT_EQUIVALENCE	true
semantic-candidate:2c9f8788cb7489076fb670fe	semantic-relation:d84102e36422f078fbd11aaf	INSTANCE_OR_SPECIFIC_FORM_OF	V2_CONTAINMENT_CANDIDATE_NOT_EQUIVALENCE	true
semantic-candidate:2ca190850428b9dad8c8b3eb	semantic-relation:91d760b7578d7ad1af6b2fff	COMPONENT_OF	COMPOUND_COMPONENT_PARSE_REQUIRES_REVIEW	true
semantic-candidate:2cb1035d6e523f7ad67ebe79	semantic-relation:b398bfa79e9fe3a7b691b4d7	COMPONENT_OF	COMPOUND_COMPONENT_PARSE_REQUIRES_REVIEW	true
semantic-candidate:2cb7eca73183132f5d02e9ea	semantic-relation:fd08b2aba4d85fbbe417b68c	INSTANCE_OR_SPECIFIC_FORM_OF	V2_CONTAINMENT_CANDIDATE_NOT_EQUIVALENCE	true
semantic-candidate:2cc30cbeaf1e16da4834dee5	semantic-relation:6f199da880888a91d36b3537	COMPONENT_OF	COMPOUND_COMPONENT_PARSE_REQUIRES_REVIEW	true
semantic-candidate:2ccef865d74b98a45215fbfb	semantic-relation:eee04c86c53ca3b3b22d1e7e	COMPONENT_OF	COMPOUND_COMPONENT_PARSE_REQUIRES_REVIEW	true
semantic-candidate:2cdb1009520b4dce19d12849	semantic-relation:acc50627ea36a05b03a4d4fc	INSTANCE_OR_SPECIFIC_FORM_OF	V2_CONTAINMENT_CANDIDATE_NOT_EQUIVALENCE	true
semantic-candidate:2ce4c1959b57ba59b801f676	semantic-relation:db0b717865ca0ce1d5c9384a	INSTANCE_OR_SPECIFIC_FORM_OF	V2_CONTAINMENT_CANDIDATE_NOT_EQUIVALENCE	true
semantic-candidate:2ce840be091b30ef5e1755fa	semantic-relation:91f7b6242600be2119600045	COMPONENT_OF	COMPOUND_COMPONENT_PARSE_REQUIRES_REVIEW	true
semantic-candidate:2d053e438c20dbea828f268a	semantic-relation:0827dd22d72fd63133bb0fe3	COMPONENT_OF	COMPOUND_COMPONENT_PARSE_REQUIRES_REVIEW	true
semantic-candidate:2d3c44270934c7d51165912b	semantic-relation:886c111df036598a0a05fbfa	COMPONENT_OF	COMPOUND_COMPONENT_PARSE_REQUIRES_REVIEW	true
semantic-candidate:2d6c891a580fe6d58aca4ee6	semantic-relation:305a09e7b72cbfdc926670e7	COMPONENT_OF	COMPOUND_COMPONENT_PARSE_REQUIRES_REVIEW	true
semantic-candidate:2d81a8a753c4f05d4abde769	semantic-relation:30918ded1f46aecef8f3fe19	COMPONENT_OF	COMPOUND_COMPONENT_PARSE_REQUIRES_REVIEW	true
semantic-candidate:2dacf127cf77182ae2c85aa7	semantic-relation:4e630ebcff0609be0152de22	INSTANCE_OR_SPECIFIC_FORM_OF	V2_CONTAINMENT_CANDIDATE_NOT_EQUIVALENCE	true
semantic-candidate:2db03a62df5f68b1c11cc930	semantic-relation:7a76c9aba3a0eb37db114b4b	COMPONENT_OF	COMPOUND_COMPONENT_PARSE_REQUIRES_REVIEW	true
semantic-candidate:2dc8f07519bbdce2f1d704e5	semantic-relation:23505ae29387e8f4b1bc816a	COMPONENT_OF	COMPOUND_COMPONENT_PARSE_REQUIRES_REVIEW	true
semantic-candidate:2dd3561cc0103811f6c4fbef	semantic-relation:ab3edab925065b449b3724dc	MODIFIES	MODIFIER_PARSE_REQUIRES_REVIEW	true
semantic-candidate:2ddaa5fb18acbf4d39c3a9a5	semantic-relation:dcba452629f5db1d8bc37ee3	MODIFIES	MODIFIER_PARSE_REQUIRES_REVIEW	true
semantic-candidate:2de052e16365c9124ceb9008	semantic-relation:6f704e834927c27332401ff8	COMPONENT_OF	COMPOUND_COMPONENT_PARSE_REQUIRES_REVIEW	true
semantic-candidate:2df66dd1b8f0f4cedecec0b1	semantic-relation:08802ef79ceef1cf6d9244b0	MODIFIES	MODIFIER_PARSE_REQUIRES_REVIEW	true
semantic-candidate:2dffa18d983cf74ef5f41ecf	semantic-relation:7776589a91f58c4272bf8f91	INSTANCE_OR_SPECIFIC_FORM_OF	V2_CONTAINMENT_CANDIDATE_NOT_EQUIVALENCE	true
semantic-candidate:2e1eeb87bf3206ac12feb169	semantic-relation:582a81a286bd186221c7ab1e	INSTANCE_OR_SPECIFIC_FORM_OF	V2_CONTAINMENT_CANDIDATE_NOT_EQUIVALENCE	true
semantic-candidate:2e23bfa610a72143aea838c2	semantic-relation:d6fd046442858248b475618c	INSTANCE_OR_SPECIFIC_FORM_OF	V2_CONTAINMENT_CANDIDATE_NOT_EQUIVALENCE	true
semantic-candidate:2e2b7c88a320e6553c46cecf	semantic-relation:af07ca43a2cf72c86406e047	COMPONENT_OF	COMPOUND_COMPONENT_PARSE_REQUIRES_REVIEW	true
semantic-candidate:2e2db814fb8cfed0fb725590	semantic-relation:56bb727a73fba72a74085b77	INSTANCE_OR_SPECIFIC_FORM_OF	V2_CONTAINMENT_CANDIDATE_NOT_EQUIVALENCE	true
semantic-candidate:2e2fd67c931e9b4f8c8bf5a5	semantic-relation:8e5cca3e0fd0cb314cf308fc	COMPONENT_OF	COMPOUND_COMPONENT_PARSE_REQUIRES_REVIEW	true
semantic-candidate:2e3deae41b8eaa0ecfbf220a	semantic-relation:5c23d09098387cfe0ae69805	INSTANCE_OR_SPECIFIC_FORM_OF	V2_CONTAINMENT_CANDIDATE_NOT_EQUIVALENCE	true
semantic-candidate:2e55ad21b23e573cab29d6ba	semantic-relation:3f7169987e10a14deae1e0be	INSTANCE_OR_SPECIFIC_FORM_OF	V2_CONTAINMENT_CANDIDATE_NOT_EQUIVALENCE	true
semantic-candidate:2e60c4251b3c0d83557c5bb9	semantic-relation:69663fee070d014cefca760e	COMPONENT_OF	COMPOUND_COMPONENT_PARSE_REQUIRES_REVIEW	true
semantic-candidate:2e669f14788dc3cd9e7f72dd	semantic-relation:782e94378cf616df4bce2f65	COMPONENT_OF	COMPOUND_COMPONENT_PARSE_REQUIRES_REVIEW	true
semantic-candidate:2e6bd6d54af2789dd464124e	semantic-relation:f7ef45ad87cd0edcbf690173	MODIFIES	MODIFIER_PARSE_REQUIRES_REVIEW	true
semantic-candidate:2e83cc406875afd733a8ed78	semantic-relation:df56c4ff26b95b0b490ce8af	INSTANCE_OR_SPECIFIC_FORM_OF	V2_CONTAINMENT_CANDIDATE_NOT_EQUIVALENCE	true
semantic-candidate:2e86217ab868a5da9bb2b290	semantic-relation:769d93ef287760e017ddec7f	COMPONENT_OF	COMPOUND_COMPONENT_PARSE_REQUIRES_REVIEW	true
semantic-candidate:2e8f711c8653de0897fafda9	semantic-relation:8766a517da78e0145e63659c	INSTANCE_OR_SPECIFIC_FORM_OF	V2_CONTAINMENT_CANDIDATE_NOT_EQUIVALENCE	true
semantic-candidate:2e96f1c6d7ad2ea109a594ed	semantic-relation:85c7241376e931eb938dcedb	INSTANCE_OR_SPECIFIC_FORM_OF	V2_CONTAINMENT_CANDIDATE_NOT_EQUIVALENCE	true
semantic-candidate:2e9df915703b4b6110df5396	semantic-relation:53df97d6785dc963ae049ab7	INSTANCE_OR_SPECIFIC_FORM_OF	V2_CONTAINMENT_CANDIDATE_NOT_EQUIVALENCE	true
semantic-candidate:2eaf129fc311a76bcebf9edb	semantic-relation:fe4b367fa0a8bfc13f2537b7	MODIFIES	MODIFIER_PARSE_REQUIRES_REVIEW	true
semantic-candidate:2ec06fbd609e08425f5a58e5	semantic-relation:21596b70883b1ded38aebcd5	COMPONENT_OF	COMPOUND_COMPONENT_PARSE_REQUIRES_REVIEW	true
semantic-candidate:2ec5a742c8a2f72a15d81f31	semantic-relation:78782f712f4a90b457fb7ac6	INSTANCE_OR_SPECIFIC_FORM_OF	V2_CONTAINMENT_CANDIDATE_NOT_EQUIVALENCE	true
semantic-candidate:2ed9743b0294ef98c2ce3f9b	semantic-relation:2c17562f6c76be0825142821	INSTANCE_OR_SPECIFIC_FORM_OF	V2_CONTAINMENT_CANDIDATE_NOT_EQUIVALENCE	true
semantic-candidate:2ede2357d27ee3c30c5d5380	semantic-relation:b63c69b1a63e3bfa7f45062d	INSTANCE_OR_SPECIFIC_FORM_OF	V2_CONTAINMENT_CANDIDATE_NOT_EQUIVALENCE	true
semantic-candidate:2ef17608039d04ac3866cac4	semantic-relation:e87521e17927d6acd4515929	COMPONENT_OF	COMPOUND_COMPONENT_PARSE_REQUIRES_REVIEW	true
semantic-candidate:2ef2a1f82c94b6c22633de0c	semantic-relation:3cdaaf50dcfc32f5005cdea0	MODIFIES	MODIFIER_PARSE_REQUIRES_REVIEW	true
semantic-candidate:2ef5428cfb43c1f29b473dca	semantic-relation:03a3e270a4b84f3d225c6530	INSTANCE_OR_SPECIFIC_FORM_OF	V2_CONTAINMENT_CANDIDATE_NOT_EQUIVALENCE	true
semantic-candidate:2efbf617f5f3fe3d23701d25	semantic-relation:626fc1d1677b5f294d6a2352	INSTANCE_OR_SPECIFIC_FORM_OF	V2_CONTAINMENT_CANDIDATE_NOT_EQUIVALENCE	true
semantic-candidate:2efeca95fe63e216ddaa4115	semantic-relation:782d60b2939e80c30a17ff67	INSTANCE_OR_SPECIFIC_FORM_OF	V2_CONTAINMENT_CANDIDATE_NOT_EQUIVALENCE	true
semantic-candidate:2f16f856da32feb276e726aa	semantic-relation:65223fdc1ecea35687f2cea9	COMPONENT_OF	COMPOUND_COMPONENT_PARSE_REQUIRES_REVIEW	true
semantic-candidate:2f34cbb8727e037772a83237	semantic-relation:6dc72d0e1413904f2ecb892e	INSTANCE_OR_SPECIFIC_FORM_OF	V2_CONTAINMENT_CANDIDATE_NOT_EQUIVALENCE	true
semantic-candidate:2f39c035d2ae2abd4fdfbc7c	semantic-relation:6d8899dc9dd6f12586a30f0d	MODIFIES	MODIFIER_PARSE_REQUIRES_REVIEW	true
semantic-candidate:2f3b673740f94f859688d456	semantic-relation:8f3e94340f0459cac23544cc	INSTANCE_OR_SPECIFIC_FORM_OF	V2_CONTAINMENT_CANDIDATE_NOT_EQUIVALENCE	true
semantic-candidate:2f5402cbf62ce0bd4c54d3ab	semantic-relation:86731b2fce06b1ad96e36eec	COMPONENT_OF	COMPOUND_COMPONENT_PARSE_REQUIRES_REVIEW	true
semantic-candidate:2f753741e02b9251ef77054f	semantic-relation:6e4908740b1ea93393bbba5d	INSTANCE_OR_SPECIFIC_FORM_OF	V2_CONTAINMENT_CANDIDATE_NOT_EQUIVALENCE	true
semantic-candidate:2f75da21d2f62ef3a9048d91	semantic-relation:f05cc236e0dc035e45eabd5b	INSTANCE_OR_SPECIFIC_FORM_OF	V2_CONTAINMENT_CANDIDATE_NOT_EQUIVALENCE	true
semantic-candidate:2f7fd5227d64582fd583f1ed	semantic-relation:f67000d302abfacc3d17fe63	COMPONENT_OF	COMPOUND_COMPONENT_PARSE_REQUIRES_REVIEW	true
semantic-candidate:2f8334c9149e6d5aabacf902	semantic-relation:91826f69a70b48ddc4f638f3	INSTANCE_OR_SPECIFIC_FORM_OF	V2_CONTAINMENT_CANDIDATE_NOT_EQUIVALENCE	true
semantic-candidate:2f893b8053815cf68d9067ec	semantic-relation:773999f1dfaae6b5ec270988	COMPONENT_OF	COMPOUND_COMPONENT_PARSE_REQUIRES_REVIEW	true
semantic-candidate:2fa76d6dd49b1360fdb78344	semantic-relation:b3fa30f446c85ed8f417eeaa	INSTANCE_OR_SPECIFIC_FORM_OF	V2_CONTAINMENT_CANDIDATE_NOT_EQUIVALENCE	true
semantic-candidate:2fb4adb5ae471b45d3dabe6a	semantic-relation:b9909b1d43a0f6fed53953f5	COMPONENT_OF	COMPOUND_COMPONENT_PARSE_REQUIRES_REVIEW	true
semantic-candidate:2fbaf33f9307a8544de50f82	semantic-relation:54075a29fc6e4b5e8afbca74	COMPONENT_OF	COMPOUND_COMPONENT_PARSE_REQUIRES_REVIEW	true
semantic-candidate:2fc143720fbab8a17302af6d	semantic-relation:5b1fe074b7876310038b8b94	MODIFIES	MODIFIER_PARSE_REQUIRES_REVIEW	true
semantic-candidate:2fcb66a1fd4db67de32eff98	semantic-relation:2f3ba449532eccf22926a22f	COMPONENT_OF	COMPOUND_COMPONENT_PARSE_REQUIRES_REVIEW	true
semantic-candidate:2fcec1b5477361c0c1fb8687	semantic-relation:c9af6d541c3ae1271279d2e1	COMPONENT_OF	COMPOUND_COMPONENT_PARSE_REQUIRES_REVIEW	true
semantic-candidate:2fd2a2e4207d4e21310c4078	semantic-relation:6b24481ed2e15ff08f29ff69	INSTANCE_OR_SPECIFIC_FORM_OF	V2_CONTAINMENT_CANDIDATE_NOT_EQUIVALENCE	true
semantic-candidate:2fd81a89c235996817c837da	semantic-relation:9c4a6a3c790c3d4e248c763c	COMPONENT_OF	COMPOUND_COMPONENT_PARSE_REQUIRES_REVIEW	true
semantic-candidate:2ffb05e7294382223f7054d2	semantic-relation:2e138e56cc28616193d2b238	COMPONENT_OF	COMPOUND_COMPONENT_PARSE_REQUIRES_REVIEW	true
semantic-candidate:3006d99d5f6148a8590da4ff	semantic-relation:61a753c317c9d203241d88bf	COMPONENT_OF	COMPOUND_COMPONENT_PARSE_REQUIRES_REVIEW	true
semantic-candidate:300d3db69b187da612da0b9b	semantic-relation:7042e7064950edb08235779b	COMPONENT_OF	COMPOUND_COMPONENT_PARSE_REQUIRES_REVIEW	true
semantic-candidate:300fdd8c22eabbf1e558f658	semantic-relation:c0568888e08ac2cb7dd2d3d0	INSTANCE_OR_SPECIFIC_FORM_OF	V2_CONTAINMENT_CANDIDATE_NOT_EQUIVALENCE	true
semantic-candidate:301e3bcddfb22a21ce8becf1	semantic-relation:00197eeffe3d5422d8363ae4	INSTANCE_OR_SPECIFIC_FORM_OF	V2_CONTAINMENT_CANDIDATE_NOT_EQUIVALENCE	true
semantic-candidate:3024dcbaac8a3771be527048	semantic-relation:a76e752afc2c95c4b6db987f	INSTANCE_OR_SPECIFIC_FORM_OF	V2_CONTAINMENT_CANDIDATE_NOT_EQUIVALENCE	true
semantic-candidate:302b8a12bae7dd7959a52e02	semantic-relation:eb4afb38fd7314a44cd6ef8c	INSTANCE_OR_SPECIFIC_FORM_OF	V2_CONTAINMENT_CANDIDATE_NOT_EQUIVALENCE	true
semantic-candidate:3041b4ac47649259548d8308	semantic-relation:62a454d5b86d8747f8449b88	INSTANCE_OR_SPECIFIC_FORM_OF	V2_CONTAINMENT_CANDIDATE_NOT_EQUIVALENCE	true
semantic-candidate:3044cbce5176dfe22b4e5bdf	semantic-relation:cb4efa38210933fdf1a2c9c8	INSTANCE_OR_SPECIFIC_FORM_OF	V2_CONTAINMENT_CANDIDATE_NOT_EQUIVALENCE	true
semantic-candidate:304c63d6615d844cb0a360ee	semantic-relation:bf0e54dc209c13682b3698bd	INSTANCE_OR_SPECIFIC_FORM_OF	V2_CONTAINMENT_CANDIDATE_NOT_EQUIVALENCE	true
semantic-candidate:305977c51cde6a24d2c01168	semantic-relation:89608149fb0a1322ce6085cd	INSTANCE_OR_SPECIFIC_FORM_OF	V2_CONTAINMENT_CANDIDATE_NOT_EQUIVALENCE	true
semantic-candidate:30676e1b13d0371fe7ce1583	semantic-relation:fa8be034d074c0899dd8b9b4	INSTANCE_OR_SPECIFIC_FORM_OF	V2_CONTAINMENT_CANDIDATE_NOT_EQUIVALENCE	true
semantic-candidate:309525c899ee070037ffd39c	semantic-relation:f2f5a3a9b49ff5db042e9b90	COMPONENT_OF	COMPOUND_COMPONENT_PARSE_REQUIRES_REVIEW	true
semantic-candidate:309987fe0d33cada806c5f27	semantic-relation:6891be12a487129f745b8743	MODIFIES	MODIFIER_PARSE_REQUIRES_REVIEW	true
semantic-candidate:309ad15dc126fa0484f80fa3	semantic-relation:b257c9c42e25584445722eb6	INSTANCE_OR_SPECIFIC_FORM_OF	V2_CONTAINMENT_CANDIDATE_NOT_EQUIVALENCE	true
semantic-candidate:30a3e82285d7e1fe23479beb	semantic-relation:9ae711f151701e10780c8539	MODIFIES	MODIFIER_PARSE_REQUIRES_REVIEW	true
semantic-candidate:30af17c1179f4f14b1017709	semantic-relation:4040718221eaf8f3d54ee641	COMPONENT_OF	COMPOUND_COMPONENT_PARSE_REQUIRES_REVIEW	true
semantic-candidate:30ba4493cc883adc65b1fb1e	semantic-relation:696ee364799f6b91225c8b03	INSTANCE_OR_SPECIFIC_FORM_OF	V2_CONTAINMENT_CANDIDATE_NOT_EQUIVALENCE	true
semantic-candidate:30bc00ae785aea892a2c7344	semantic-relation:7655f8b576035b69fb096198	COMPONENT_OF	COMPOUND_COMPONENT_PARSE_REQUIRES_REVIEW	true
semantic-candidate:30d74dd38053f80fa8a61ed4	semantic-relation:dea45f03d64ba01568168396	COMPONENT_OF	COMPOUND_COMPONENT_PARSE_REQUIRES_REVIEW	true
semantic-candidate:30f5cfbdd9f44d192c38ba18	semantic-relation:2ac0a2b33e2026abeb7970e6	INSTANCE_OR_SPECIFIC_FORM_OF	V2_CONTAINMENT_CANDIDATE_NOT_EQUIVALENCE	true
semantic-candidate:30f9977aeee9653667973fa6	semantic-relation:6c2753efc3d9b282a55b4b15	COMPONENT_OF	COMPOUND_COMPONENT_PARSE_REQUIRES_REVIEW	true
semantic-candidate:310147c0a397031942169a4d	semantic-relation:3b10f830c821e3c64e92409c	INSTANCE_OR_SPECIFIC_FORM_OF	V2_CONTAINMENT_CANDIDATE_NOT_EQUIVALENCE	true
semantic-candidate:3114102d1d6cd1800cf90dae	semantic-relation:995d0bcb25fc743a6114829e	INSTANCE_OR_SPECIFIC_FORM_OF	V2_CONTAINMENT_CANDIDATE_NOT_EQUIVALENCE	true
semantic-candidate:3123a94e68aacf59a290be08	semantic-relation:cc3ccfa87a45e4cf1234c9cb	COMPONENT_OF	COMPOUND_COMPONENT_PARSE_REQUIRES_REVIEW	true
semantic-candidate:3123bc6dd15388657a6e3dfa	semantic-relation:60158d12c196598bddb7851d	INSTANCE_OR_SPECIFIC_FORM_OF	V2_CONTAINMENT_CANDIDATE_NOT_EQUIVALENCE	true
semantic-candidate:3125d2e19af26409861ed038	semantic-relation:53b6edca2c9f06ed967ca794	COMPONENT_OF	COMPOUND_COMPONENT_PARSE_REQUIRES_REVIEW	true
semantic-candidate:3145ec5e5fec1453fdc12c3c	semantic-relation:7fd96f1a8da0d61db9d3b059	INSTANCE_OR_SPECIFIC_FORM_OF	V2_CONTAINMENT_CANDIDATE_NOT_EQUIVALENCE	true
semantic-candidate:314641719f0f80014bbff984	semantic-relation:ebe8a0d0f7690c3f53dbf3aa	INSTANCE_OR_SPECIFIC_FORM_OF	V2_CONTAINMENT_CANDIDATE_NOT_EQUIVALENCE	true
semantic-candidate:31534771e431c09a5043404e	semantic-relation:edaf7b9a94441390cdb465c7	COMPONENT_OF	COMPOUND_COMPONENT_PARSE_REQUIRES_REVIEW	true
semantic-candidate:315d1133b807dd8610a3cf32	semantic-relation:603fd48a4ebf4704e838a1de	INSTANCE_OR_SPECIFIC_FORM_OF	V2_CONTAINMENT_CANDIDATE_NOT_EQUIVALENCE	true
semantic-candidate:3162f5e82889f25db233c76b	semantic-relation:c12ef0877dc82351dd28a23d	INSTANCE_OR_SPECIFIC_FORM_OF	V2_CONTAINMENT_CANDIDATE_NOT_EQUIVALENCE	true
semantic-candidate:3185f9f4b05aaf8056e3067c	semantic-relation:22e60fd7439d8b2f15909dae	COMPONENT_OF	COMPOUND_COMPONENT_PARSE_REQUIRES_REVIEW	true
semantic-candidate:318c040d7b575da4a1d63a3e	semantic-relation:6a5d5cf393c73397eadcbee7	COMPONENT_OF	COMPOUND_COMPONENT_PARSE_REQUIRES_REVIEW	true
semantic-candidate:318cfe221031436ca8a152fd	semantic-relation:bd09d0bec63b597e1b2b96e0	COMPONENT_OF	COMPOUND_COMPONENT_PARSE_REQUIRES_REVIEW	true
semantic-candidate:31907d6d6f42ab103764674e	semantic-relation:cfb96541cc5182d0f54f377d	INSTANCE_OR_SPECIFIC_FORM_OF	V2_CONTAINMENT_CANDIDATE_NOT_EQUIVALENCE	true
semantic-candidate:319b3697c2de79a4bc2ece05	semantic-relation:acd99834687448c13f137d72	COMPONENT_OF	COMPOUND_COMPONENT_PARSE_REQUIRES_REVIEW	true
semantic-candidate:319bfbedd563cb43475ec65d	semantic-relation:587fd21ad84df3b06b59eb46	INSTANCE_OR_SPECIFIC_FORM_OF	V2_CONTAINMENT_CANDIDATE_NOT_EQUIVALENCE	true
semantic-candidate:31a6589e99e38710c84203e7	semantic-relation:082bff346aa2dd3efe5d08e8	COMPONENT_OF	COMPOUND_COMPONENT_PARSE_REQUIRES_REVIEW	true
semantic-candidate:31b10059273b5ae663be9009	semantic-relation:96788dc00f8c07589a87d3d6	INSTANCE_OR_SPECIFIC_FORM_OF	V2_CONTAINMENT_CANDIDATE_NOT_EQUIVALENCE	true
semantic-candidate:31b17f2b8a7b683462b7c960	semantic-relation:1e228c46af28f3a6b6d5a35d	COMPONENT_OF	COMPOUND_COMPONENT_PARSE_REQUIRES_REVIEW	true
semantic-candidate:31bd12ff08d5251b7b197fe7	semantic-relation:fb730ee26e3bd882364f3fa3	INSTANCE_OR_SPECIFIC_FORM_OF	V2_CONTAINMENT_CANDIDATE_NOT_EQUIVALENCE	true
semantic-candidate:31ca7e53b397293201d097a3	semantic-relation:336353beb7a37aceb6cefc92	COMPONENT_OF	COMPOUND_COMPONENT_PARSE_REQUIRES_REVIEW	true
semantic-candidate:31cfe7cfc9ea2928872cf503	semantic-relation:dd7a01c7ecb6d80ec92103c6	INSTANCE_OR_SPECIFIC_FORM_OF	V2_CONTAINMENT_CANDIDATE_NOT_EQUIVALENCE	true
semantic-candidate:31d4049db79ef4f28d68f94d	semantic-relation:56e8863dfd7039fdf8c4d0ef	COMPONENT_OF	COMPOUND_COMPONENT_PARSE_REQUIRES_REVIEW	true
semantic-candidate:31dae32dd07a3fe25ec26f98	semantic-relation:e48a81b4e9cdce25b31c8beb	COMPONENT_OF	COMPOUND_COMPONENT_PARSE_REQUIRES_REVIEW	true
semantic-candidate:31ed57415cdd8fed5a942b96	semantic-relation:61ee18c8828ff6bcb2a5f2d5	INSTANCE_OR_SPECIFIC_FORM_OF	V2_CONTAINMENT_CANDIDATE_NOT_EQUIVALENCE	true
semantic-candidate:31ef98a72cf99b6615909712	semantic-relation:5f7d8558fe2867c9e0ec95d2	COMPONENT_OF	COMPOUND_COMPONENT_PARSE_REQUIRES_REVIEW	true
semantic-candidate:31f2f195f9d1525e398d7fa8	semantic-relation:6911ab5aced40e051c202596	COMPONENT_OF	COMPOUND_COMPONENT_PARSE_REQUIRES_REVIEW	true
semantic-candidate:31fd1a811453af5067772d2a	semantic-relation:ddd528e80e0cdcd2978aadd6	MODIFIES	MODIFIER_PARSE_REQUIRES_REVIEW	true
semantic-candidate:320dc8e176ba44074566e867	semantic-relation:1bd9e1faf0633aaddac94d7d	INSTANCE_OR_SPECIFIC_FORM_OF	V2_CONTAINMENT_CANDIDATE_NOT_EQUIVALENCE	true
semantic-candidate:3232c93e5cd7229864831d54	semantic-relation:595187d7def86a1942ccf20b	MODIFIES	MODIFIER_PARSE_REQUIRES_REVIEW	true
semantic-candidate:3243ad53299ae4edd8f0a425	semantic-relation:82100e5599846f5e12306692	INSTANCE_OR_SPECIFIC_FORM_OF	V2_CONTAINMENT_CANDIDATE_NOT_EQUIVALENCE	true
semantic-candidate:32479d65109dbb5929589644	semantic-relation:221358cf9e2b55f40dd3fac8	INSTANCE_OR_SPECIFIC_FORM_OF	V2_CONTAINMENT_CANDIDATE_NOT_EQUIVALENCE	true
semantic-candidate:326aa440f31aa186c458d289	semantic-relation:8206440ebb79c4f25baa2f3e	COMPONENT_OF	COMPOUND_COMPONENT_PARSE_REQUIRES_REVIEW	true
semantic-candidate:326e348c8b794a7af9fcfaa6	semantic-relation:c93cf4db9d649bcc9c11c592	INSTANCE_OR_SPECIFIC_FORM_OF	V2_CONTAINMENT_CANDIDATE_NOT_EQUIVALENCE	true
semantic-candidate:32799266e5238a4da0705ce2	semantic-relation:0e94b8b86f5fc93d7ac91f17	COMPONENT_OF	COMPOUND_COMPONENT_PARSE_REQUIRES_REVIEW	true
semantic-candidate:327b1d20e7bc912f08a2f3f6	semantic-relation:d476d7db407348ecd5a94852	COMPONENT_OF	COMPOUND_COMPONENT_PARSE_REQUIRES_REVIEW	true
semantic-candidate:327c05f76db5be6e7f0e9278	semantic-relation:90c0cb27ea6f41ddc62e75d2	INSTANCE_OR_SPECIFIC_FORM_OF	V2_CONTAINMENT_CANDIDATE_NOT_EQUIVALENCE	true
semantic-candidate:328c2f3109f63331001c0197	semantic-relation:2cf19b165631c7469f2723aa	INSTANCE_OR_SPECIFIC_FORM_OF	V2_CONTAINMENT_CANDIDATE_NOT_EQUIVALENCE	true
semantic-candidate:32b17ddc53ea09ce2f33291b	semantic-relation:07fc89ee8540a901bb69b5ab	COMPONENT_OF	COMPOUND_COMPONENT_PARSE_REQUIRES_REVIEW	true
semantic-candidate:32bee49d052239efa4ce81c9	semantic-relation:295c53c6d865106be15bd9df	COMPONENT_OF	COMPOUND_COMPONENT_PARSE_REQUIRES_REVIEW	true
semantic-candidate:32c942501e6e1fe4666ed287	semantic-relation:35304122b36caa7e800cee96	INSTANCE_OR_SPECIFIC_FORM_OF	V2_CONTAINMENT_CANDIDATE_NOT_EQUIVALENCE	true
semantic-candidate:32d4a558594c529d2f391555	semantic-relation:ad8e7619e4e7f4c77ba6c219	INSTANCE_OR_SPECIFIC_FORM_OF	V2_CONTAINMENT_CANDIDATE_NOT_EQUIVALENCE	true
semantic-candidate:32db1dedc23dfa70d0fe0e96	semantic-relation:85b35a7e022d7fc56e9d80f7	INSTANCE_OR_SPECIFIC_FORM_OF	V2_CONTAINMENT_CANDIDATE_NOT_EQUIVALENCE	true
semantic-candidate:32e00b3d33380dc40cda6adc	semantic-relation:b4553643456e2f928f526417	COMPONENT_OF	COMPOUND_COMPONENT_PARSE_REQUIRES_REVIEW	true
semantic-candidate:32e3f5213c237a8157ebff05	semantic-relation:cec1b56d683353c56d598a5a	MODIFIES	MODIFIER_PARSE_REQUIRES_REVIEW	true
semantic-candidate:32f19a07496f5f9db18444e3	semantic-relation:ee61c22569e895e860762612	COMPONENT_OF	COMPOUND_COMPONENT_PARSE_REQUIRES_REVIEW	true
semantic-candidate:330901701551fe82749b83f3	semantic-relation:ce4f018d171224b35835488d	INSTANCE_OR_SPECIFIC_FORM_OF	V2_CONTAINMENT_CANDIDATE_NOT_EQUIVALENCE	true
semantic-candidate:33256115c5c63db0b9d7dd90	semantic-relation:ce0f817d94f1fd25832bc5b4	COMPONENT_OF	COMPOUND_COMPONENT_PARSE_REQUIRES_REVIEW	true
semantic-candidate:33261d82079cec049820e3d8	semantic-relation:c7434ae6e29ecd2c1a802180	INSTANCE_OR_SPECIFIC_FORM_OF	V2_CONTAINMENT_CANDIDATE_NOT_EQUIVALENCE	true
semantic-candidate:33307fc232b2fbbf8174a649	semantic-relation:4067714accea893229c18c85	INSTANCE_OR_SPECIFIC_FORM_OF	V2_CONTAINMENT_CANDIDATE_NOT_EQUIVALENCE	true
semantic-candidate:33374ef0f85d3e807db796b2	semantic-relation:f2d8f8c97912aa5e45752ffd	MODIFIES	MODIFIER_PARSE_REQUIRES_REVIEW	true
semantic-candidate:335722971b61950eebf9bc49	semantic-relation:e9f0861174d2d0da7707775c	INSTANCE_OR_SPECIFIC_FORM_OF	V2_CONTAINMENT_CANDIDATE_NOT_EQUIVALENCE	true
semantic-candidate:33572cc0d54ec77893b7ca06	semantic-relation:c06799ef3421d1e65f96d9dd	COMPONENT_OF	COMPOUND_COMPONENT_PARSE_REQUIRES_REVIEW	true
semantic-candidate:335b1132afcd240db12242c0	semantic-relation:d25ab15761dcbf9434d8c5d8	COMPONENT_OF	COMPOUND_COMPONENT_PARSE_REQUIRES_REVIEW	true
semantic-candidate:335cde4c9ee3982672c27ce7	semantic-relation:dfe555cb5037356f178713c7	COMPONENT_OF	COMPOUND_COMPONENT_PARSE_REQUIRES_REVIEW	true
semantic-candidate:335d927c58b8d50b24068088	semantic-relation:90719757d29a15622f968aa0	COMPONENT_OF	COMPOUND_COMPONENT_PARSE_REQUIRES_REVIEW	true
semantic-candidate:335ded92294f4ee1a6d22668	semantic-relation:07b6fd9b5d51c5d6fec8f7a3	COMPONENT_OF	COMPOUND_COMPONENT_PARSE_REQUIRES_REVIEW	true
semantic-candidate:3362ddd0ced3d82729cbbcbd	semantic-relation:cd13cb7dbaa7a52509fa08cf	INSTANCE_OR_SPECIFIC_FORM_OF	V2_CONTAINMENT_CANDIDATE_NOT_EQUIVALENCE	true
semantic-candidate:3386d3fd101b984e2db3e5d8	semantic-relation:bab51e5bc5e9313b3b2e39b8	INSTANCE_OR_SPECIFIC_FORM_OF	V2_CONTAINMENT_CANDIDATE_NOT_EQUIVALENCE	true
semantic-candidate:3389b4ce726c659b62216608	semantic-relation:b0c1fe482500ff603860dcb7	INSTANCE_OR_SPECIFIC_FORM_OF	V2_CONTAINMENT_CANDIDATE_NOT_EQUIVALENCE	true
semantic-candidate:339b060a01c8a3cadb893fcd	semantic-relation:57eba87eec67b69d296f2618	INSTANCE_OR_SPECIFIC_FORM_OF	V2_CONTAINMENT_CANDIDATE_NOT_EQUIVALENCE	true
semantic-candidate:339cf4d79293b4729d77c4c0	semantic-relation:50059acd54eba6c6716d5f2c	INSTANCE_OR_SPECIFIC_FORM_OF	V2_CONTAINMENT_CANDIDATE_NOT_EQUIVALENCE	true
semantic-candidate:33a49018cb94cadd597e0a01	semantic-relation:55e77f0af8253d9d10d0bad2	COMPONENT_OF	COMPOUND_COMPONENT_PARSE_REQUIRES_REVIEW	true
semantic-candidate:33d62a761de0f325517ac43c	semantic-relation:de8b535c2dae6cce0f3bd1e6	COMPONENT_OF	COMPOUND_COMPONENT_PARSE_REQUIRES_REVIEW	true
semantic-candidate:33d68028d442f8eeca8c4695	semantic-relation:e1980fcaec170f06f43d80c0	INSTANCE_OR_SPECIFIC_FORM_OF	V2_CONTAINMENT_CANDIDATE_NOT_EQUIVALENCE	true
semantic-candidate:33db365678aacc8f3168e003	semantic-relation:48dd2dba132b60d9f2695213	INSTANCE_OR_SPECIFIC_FORM_OF	V2_CONTAINMENT_CANDIDATE_NOT_EQUIVALENCE	true
semantic-candidate:33e3c6466093a3877f0150eb	semantic-relation:8a0f6ebd050a6a6596749199	COMPONENT_OF	COMPOUND_COMPONENT_PARSE_REQUIRES_REVIEW	true
semantic-candidate:33ee66235db509e0b7ed973f	semantic-relation:dc4b3bba9403f666e4398857	COMPONENT_OF	COMPOUND_COMPONENT_PARSE_REQUIRES_REVIEW	true
semantic-candidate:3404700d04588b02a91fd9c7	semantic-relation:e1fa8d50dabeb93373e289b5	MODIFIES	MODIFIER_PARSE_REQUIRES_REVIEW	true
semantic-candidate:342e257bb65c027c822297bd	semantic-relation:f5a981fba0769db013ce7022	INSTANCE_OR_SPECIFIC_FORM_OF	V2_CONTAINMENT_CANDIDATE_NOT_EQUIVALENCE	true
semantic-candidate:343171a7c47ba5690ed50331	semantic-relation:04acc66d550dded4208a7449	COMPONENT_OF	COMPOUND_COMPONENT_PARSE_REQUIRES_REVIEW	true
semantic-candidate:3438629ecc2857390c6f55db	semantic-relation:ce0cd5522e7af07e43ff8369	INSTANCE_OR_SPECIFIC_FORM_OF	V2_CONTAINMENT_CANDIDATE_NOT_EQUIVALENCE	true
semantic-candidate:34458df1caa1c96aca4a8e2f	semantic-relation:0fed5c9c484819fb3d4ddf92	INSTANCE_OR_SPECIFIC_FORM_OF	V2_CONTAINMENT_CANDIDATE_NOT_EQUIVALENCE	true
semantic-candidate:345eff9ed670198003e90fa2	semantic-relation:6ad545f79ae09b0389908ab8	INSTANCE_OR_SPECIFIC_FORM_OF	V2_CONTAINMENT_CANDIDATE_NOT_EQUIVALENCE	true
semantic-candidate:345fe89d118ef5924ac42ea1	semantic-relation:f0bda5d5c274fd0ee3d5b18a	COMPONENT_OF	COMPOUND_COMPONENT_PARSE_REQUIRES_REVIEW	true
semantic-candidate:3464d187001b4f653e701eff	semantic-relation:3853782875ee0253a0a31c30	INSTANCE_OR_SPECIFIC_FORM_OF	V2_CONTAINMENT_CANDIDATE_NOT_EQUIVALENCE	true
semantic-candidate:3479ccffdedc734d327af070	semantic-relation:0b330df61b64be6a9d9f089f	INSTANCE_OR_SPECIFIC_FORM_OF	V2_CONTAINMENT_CANDIDATE_NOT_EQUIVALENCE	true
semantic-candidate:34897e3b2d043aa81e4f2ef3	semantic-relation:4a71e5524e848d2a44e94426	MODIFIES	MODIFIER_PARSE_REQUIRES_REVIEW	true
semantic-candidate:3491ff7afe9a3af4c7bb2fe7	semantic-relation:cffccbf4b47bf62b0308fa6b	COMPONENT_OF	COMPOUND_COMPONENT_PARSE_REQUIRES_REVIEW	true
semantic-candidate:349bb50064fb945b19d6f3eb	semantic-relation:b87a2c2ed38b26d5e5d4bc3b	INSTANCE_OR_SPECIFIC_FORM_OF	V2_CONTAINMENT_CANDIDATE_NOT_EQUIVALENCE	true
semantic-candidate:349ebe7b9e4853fa0f26c405	semantic-relation:139f9c17143475db4fe2de3b	INSTANCE_OR_SPECIFIC_FORM_OF	V2_CONTAINMENT_CANDIDATE_NOT_EQUIVALENCE	true
semantic-candidate:34e01bef3b35a7dfbdc79ee6	semantic-relation:86da9e61538e0bdaaea93024	MODIFIES	MODIFIER_PARSE_REQUIRES_REVIEW	true
semantic-candidate:34e90a739f13ad2da3cf2570	semantic-relation:47c23bd4638b2b94650ac818	INSTANCE_OR_SPECIFIC_FORM_OF	V2_CONTAINMENT_CANDIDATE_NOT_EQUIVALENCE	true
semantic-candidate:34f2ad25082496dad7341e96	semantic-relation:ffe04f7b7593cb68fcafe190	COMPONENT_OF	COMPOUND_COMPONENT_PARSE_REQUIRES_REVIEW	true
semantic-candidate:34f3a5531f1f1506073b5262	semantic-relation:c9d6c026a304801bce074d40	INSTANCE_OR_SPECIFIC_FORM_OF	V2_CONTAINMENT_CANDIDATE_NOT_EQUIVALENCE	true
semantic-candidate:34f5552be2ca06be230410bc	semantic-relation:1e14a0cee90f392bf28307a4	COMPONENT_OF	COMPOUND_COMPONENT_PARSE_REQUIRES_REVIEW	true
semantic-candidate:351edff4b4d23ae11526503c	semantic-relation:4c95ab37b9d115f74ecddf49	COMPONENT_OF	COMPOUND_COMPONENT_PARSE_REQUIRES_REVIEW	true
semantic-candidate:3535932a1b0377f2af09a3b9	semantic-relation:3e4d767e2b8c2c901b2b7d9b	COMPONENT_OF	COMPOUND_COMPONENT_PARSE_REQUIRES_REVIEW	true
semantic-candidate:353eee0ea5f8356c34bc6b01	semantic-relation:0cad4da7d140c817f68bcd00	COMPONENT_OF	COMPOUND_COMPONENT_PARSE_REQUIRES_REVIEW	true
semantic-candidate:354791f193522e0fc79c9d5b	semantic-relation:25596f856a35c11f40cfb4e9	MODIFIES	MODIFIER_PARSE_REQUIRES_REVIEW	true
semantic-candidate:3549c163f6d130f639ba571a	semantic-relation:8965a3a31cf60e68f0c7779c	COMPONENT_OF	COMPOUND_COMPONENT_PARSE_REQUIRES_REVIEW	true
semantic-candidate:35530c8b9cc26fbf56cc61ca	semantic-relation:e181e13fa3c493b7b554a3dd	INSTANCE_OR_SPECIFIC_FORM_OF	V2_CONTAINMENT_CANDIDATE_NOT_EQUIVALENCE	true
semantic-candidate:3560ee42de2cb9d0700c2a85	semantic-relation:71fc32b65194914f8549c404	INSTANCE_OR_SPECIFIC_FORM_OF	V2_CONTAINMENT_CANDIDATE_NOT_EQUIVALENCE	true
semantic-candidate:3560f8333acbfd5564750274	semantic-relation:6b3a493e3a8e19fdaf86b416	MODIFIES	MODIFIER_PARSE_REQUIRES_REVIEW	true
semantic-candidate:3567a92ca494007fb592d508	semantic-relation:0618a6ca01b615f51a68b602	INSTANCE_OR_SPECIFIC_FORM_OF	V2_CONTAINMENT_CANDIDATE_NOT_EQUIVALENCE	true
semantic-candidate:35718503ec2f6afdb6949921	semantic-relation:2407824b3a9a3960f6af8f69	INSTANCE_OR_SPECIFIC_FORM_OF	V2_CONTAINMENT_CANDIDATE_NOT_EQUIVALENCE	true
semantic-candidate:35791bb449a513c984ea5164	semantic-relation:77ef6903946ab75b9d07ac77	COMPONENT_OF	COMPOUND_COMPONENT_PARSE_REQUIRES_REVIEW	true
semantic-candidate:35898148616aaf80f19b8855	semantic-relation:8cefc5d89c86b3991fa2f199	INSTANCE_OR_SPECIFIC_FORM_OF	V2_CONTAINMENT_CANDIDATE_NOT_EQUIVALENCE	true
semantic-candidate:358daaa49bb20a964245f547	semantic-relation:b7edbb4cf0493dde132efc9e	COMPONENT_OF	COMPOUND_COMPONENT_PARSE_REQUIRES_REVIEW	true
semantic-candidate:359de3ee81ae0fda621478c5	semantic-relation:bbc530f04176a2ffbc44daf5	INSTANCE_OR_SPECIFIC_FORM_OF	V2_CONTAINMENT_CANDIDATE_NOT_EQUIVALENCE	true
semantic-candidate:35a1861d0a88700f3107424d	semantic-relation:283c6997f4f020160f8daae0	INSTANCE_OR_SPECIFIC_FORM_OF	V2_CONTAINMENT_CANDIDATE_NOT_EQUIVALENCE	true
semantic-candidate:35a71ea2f054b87e82976561	semantic-relation:ea68ffc35e85a605e4a21f6a	INSTANCE_OR_SPECIFIC_FORM_OF	V2_CONTAINMENT_CANDIDATE_NOT_EQUIVALENCE	true
semantic-candidate:35ad465c00d4a5211076360d	semantic-relation:0bb5ffe115c27c0eb18365dc	MODIFIES	MODIFIER_PARSE_REQUIRES_REVIEW	true
semantic-candidate:35ae7e1b84025d80df64d6b6	semantic-relation:4eeefb0f4408ed58e6327313	COMPONENT_OF	COMPOUND_COMPONENT_PARSE_REQUIRES_REVIEW	true
semantic-candidate:35b0a17c8e1571e3067c4cc7	semantic-relation:95f0fcd4ed20a49aa108dad0	COMPONENT_OF	COMPOUND_COMPONENT_PARSE_REQUIRES_REVIEW	true
semantic-candidate:35b9b348d5c34d93f1f19f75	semantic-relation:46fdf553617c39ae37c9d341	INSTANCE_OR_SPECIFIC_FORM_OF	V2_CONTAINMENT_CANDIDATE_NOT_EQUIVALENCE	true
semantic-candidate:35d34639b85ab729c36f9d63	semantic-relation:46c6f1f1ae1161c6439a5035	INSTANCE_OR_SPECIFIC_FORM_OF	V2_CONTAINMENT_CANDIDATE_NOT_EQUIVALENCE	true
semantic-candidate:35d7f095e2b53c18aad41493	semantic-relation:addc5c8d6c9b5b80d5b2f653	COMPONENT_OF	COMPOUND_COMPONENT_PARSE_REQUIRES_REVIEW	true
semantic-candidate:35fe9bc69a2a0375a6202caf	semantic-relation:557332e8ce132446d5e18c6d	COMPONENT_OF	COMPOUND_COMPONENT_PARSE_REQUIRES_REVIEW	true
semantic-candidate:362e22bee00fa1be7ea1ef72	semantic-relation:877ff84509b775b716e81ae9	COMPONENT_OF	COMPOUND_COMPONENT_PARSE_REQUIRES_REVIEW	true
semantic-candidate:3631b1b69455b6ce0d6af2e6	semantic-relation:2aacfa15f61eec84eb6d947c	COMPONENT_OF	COMPOUND_COMPONENT_PARSE_REQUIRES_REVIEW	true
semantic-candidate:3638837b22839c1eb6fcd755	semantic-relation:b80718137c06175b22727c51	INSTANCE_OR_SPECIFIC_FORM_OF	V2_CONTAINMENT_CANDIDATE_NOT_EQUIVALENCE	true
semantic-candidate:3651e27b67ddf6315dfda6ab	semantic-relation:5575899606379c52a526fed2	COMPONENT_OF	COMPOUND_COMPONENT_PARSE_REQUIRES_REVIEW	true
semantic-candidate:366bce43452bd170e3b700fd	semantic-relation:e0e6653a4aee70adf11c8e22	MODIFIES	MODIFIER_PARSE_REQUIRES_REVIEW	true
semantic-candidate:366fdec2e6b8b646de73e599	semantic-relation:81e6958ab5e8d7ed803f55b2	COMPONENT_OF	COMPOUND_COMPONENT_PARSE_REQUIRES_REVIEW	true
semantic-candidate:3671b0608e48a446cb65806c	semantic-relation:c8da0893c0d167e5a8200c44	COMPONENT_OF	COMPOUND_COMPONENT_PARSE_REQUIRES_REVIEW	true
semantic-candidate:36791de83e8df569a88ec4c1	semantic-relation:260bdc0f55a876be4e993899	INSTANCE_OR_SPECIFIC_FORM_OF	V2_CONTAINMENT_CANDIDATE_NOT_EQUIVALENCE	true
semantic-candidate:3681ab3b5c01eeffca7fe1ed	semantic-relation:d7dcdcb87692f499d22a57e9	COMPONENT_OF	COMPOUND_COMPONENT_PARSE_REQUIRES_REVIEW	true
semantic-candidate:36a220bb94f6db5322da814d	semantic-relation:721d1a4e44221e67478b741d	INSTANCE_OR_SPECIFIC_FORM_OF	V2_CONTAINMENT_CANDIDATE_NOT_EQUIVALENCE	true
semantic-candidate:36aa7e5294377ad392d5eaab	semantic-relation:7603f209bbb9486c5ed8dff3	INSTANCE_OR_SPECIFIC_FORM_OF	V2_CONTAINMENT_CANDIDATE_NOT_EQUIVALENCE	true
semantic-candidate:36b10d721400e4653e0cf737	semantic-relation:f5698852eec39fe40f351b49	COMPONENT_OF	COMPOUND_COMPONENT_PARSE_REQUIRES_REVIEW	true
semantic-candidate:36b588c6271faa4d485426a0	semantic-relation:ba4b71683a337fe4515f2c3b	INSTANCE_OR_SPECIFIC_FORM_OF	V2_CONTAINMENT_CANDIDATE_NOT_EQUIVALENCE	true
semantic-candidate:36c2b461706eabb9a382e12e	semantic-relation:e899c206baa8ba24e86ce223	INSTANCE_OR_SPECIFIC_FORM_OF	V2_CONTAINMENT_CANDIDATE_NOT_EQUIVALENCE	true
semantic-candidate:36c8b9fefb932dfe279d5c93	semantic-relation:6f56bf8359417e5c5df6e116	INSTANCE_OR_SPECIFIC_FORM_OF	V2_CONTAINMENT_CANDIDATE_NOT_EQUIVALENCE	true
semantic-candidate:36ce3004aa348c4360003e8e	semantic-relation:5618bb1e54af056d40c1465e	INSTANCE_OR_SPECIFIC_FORM_OF	V2_CONTAINMENT_CANDIDATE_NOT_EQUIVALENCE	true
semantic-candidate:36cea5d276b6c11f50afff46	semantic-relation:f9252110cd3701fa4903c577	INSTANCE_OR_SPECIFIC_FORM_OF	V2_CONTAINMENT_CANDIDATE_NOT_EQUIVALENCE	true
semantic-candidate:36d6aa0527aa29bd0f52faf0	semantic-relation:e5846c03ac1f6ee9e5e4e3af	INSTANCE_OR_SPECIFIC_FORM_OF	V2_CONTAINMENT_CANDIDATE_NOT_EQUIVALENCE	true
semantic-candidate:36ddf166b5100be7df601c48	semantic-relation:3a67eeebae9ca2ca8e32bf8d	COMPONENT_OF	COMPOUND_COMPONENT_PARSE_REQUIRES_REVIEW	true
semantic-candidate:36deee863d1711bd0778932d	semantic-relation:c0929282ab81e0a16f49a764	COMPONENT_OF	COMPOUND_COMPONENT_PARSE_REQUIRES_REVIEW	true
semantic-candidate:36ea8601c0058c86624548f6	semantic-relation:83a23c2660ebd13c738d50b0	INSTANCE_OR_SPECIFIC_FORM_OF	V2_CONTAINMENT_CANDIDATE_NOT_EQUIVALENCE	true
semantic-candidate:36ee9ce55a1b04a94a59aebe	semantic-relation:bf5be37e66d42d85459e735b	INSTANCE_OR_SPECIFIC_FORM_OF	V2_CONTAINMENT_CANDIDATE_NOT_EQUIVALENCE	true
semantic-candidate:36f41c669fc864c4a0b76c59	semantic-relation:3f5485b3b020f293215a872e	INSTANCE_OR_SPECIFIC_FORM_OF	V2_CONTAINMENT_CANDIDATE_NOT_EQUIVALENCE	true
semantic-candidate:36f66c78d6c487cac7f690d6	semantic-relation:f48f67241ab1753b447d130b	COMPONENT_OF	COMPOUND_COMPONENT_PARSE_REQUIRES_REVIEW	true
semantic-candidate:37058277c60acee3206e61c6	semantic-relation:c66ea0f30ddb1fd306415ff8	INSTANCE_OR_SPECIFIC_FORM_OF	V2_CONTAINMENT_CANDIDATE_NOT_EQUIVALENCE	true
semantic-candidate:37073c74df869917ed9434ef	semantic-relation:c130e36afe6d1573a0cdc424	INSTANCE_OR_SPECIFIC_FORM_OF	V2_CONTAINMENT_CANDIDATE_NOT_EQUIVALENCE	true
semantic-candidate:37096bb88582fbc858293055	semantic-relation:a7502b2a3789d70488b5b025	MODIFIES	MODIFIER_PARSE_REQUIRES_REVIEW	true
semantic-candidate:371927143704e8d6348d220c	semantic-relation:24cc60c40601ee214b78d1cd	INSTANCE_OR_SPECIFIC_FORM_OF	V2_CONTAINMENT_CANDIDATE_NOT_EQUIVALENCE	true
semantic-candidate:3723d345c2446f801b71b856	semantic-relation:257cf60521bdfe55ab74a970	INSTANCE_OR_SPECIFIC_FORM_OF	V2_CONTAINMENT_CANDIDATE_NOT_EQUIVALENCE	true
semantic-candidate:3735c103a043afcd4c96ee69	semantic-relation:9c997c5b37608fd1adbc8982	COMPONENT_OF	COMPOUND_COMPONENT_PARSE_REQUIRES_REVIEW	true
semantic-candidate:376064976196dd87b45442c2	semantic-relation:79f18f632829ab8c7993b8ab	INSTANCE_OR_SPECIFIC_FORM_OF	V2_CONTAINMENT_CANDIDATE_NOT_EQUIVALENCE	true
semantic-candidate:37779e4588c50738ff816ce0	semantic-relation:d07f7403e078dd04c2ea253e	INSTANCE_OR_SPECIFIC_FORM_OF	V2_CONTAINMENT_CANDIDATE_NOT_EQUIVALENCE	true
semantic-candidate:37841fd31067505a8327aa0d	semantic-relation:bbdb3416bc955448f51dbc1e	COMPONENT_OF	COMPOUND_COMPONENT_PARSE_REQUIRES_REVIEW	true
semantic-candidate:379063a216788b53a8943020	semantic-relation:84e89aaaf9e90b9f950d0919	INSTANCE_OR_SPECIFIC_FORM_OF	V2_CONTAINMENT_CANDIDATE_NOT_EQUIVALENCE	true
semantic-candidate:37a9a94f0401b313d2cfaf17	semantic-relation:5f85566ea5845d8d84051934	COMPONENT_OF	COMPOUND_COMPONENT_PARSE_REQUIRES_REVIEW	true
semantic-candidate:37aa0a35d8b80143c958ad69	semantic-relation:4cd17d87389ec4bf6e13f241	COMPONENT_OF	COMPOUND_COMPONENT_PARSE_REQUIRES_REVIEW	true
semantic-candidate:37be40db5a1e75049aabd0ce	semantic-relation:ab10eed763f497e8f258237e	INSTANCE_OR_SPECIFIC_FORM_OF	V2_CONTAINMENT_CANDIDATE_NOT_EQUIVALENCE	true
semantic-candidate:37ed2fa820dd802511f8540f	semantic-relation:9a25b1ac6416bfe4c99d6055	INSTANCE_OR_SPECIFIC_FORM_OF	V2_CONTAINMENT_CANDIDATE_NOT_EQUIVALENCE	true
semantic-candidate:37f3a6cba656505fda4ce1ff	semantic-relation:b1c188ac04154dc2b3607f78	INSTANCE_OR_SPECIFIC_FORM_OF	V2_CONTAINMENT_CANDIDATE_NOT_EQUIVALENCE	true
semantic-candidate:37f58b2d80957545fdeaccb5	semantic-relation:47338593112eefc35e9c6a9e	INSTANCE_OR_SPECIFIC_FORM_OF	V2_CONTAINMENT_CANDIDATE_NOT_EQUIVALENCE	true
semantic-candidate:38062f77571b755d18cef86e	semantic-relation:81e582ba3049cdb2f048749e	INSTANCE_OR_SPECIFIC_FORM_OF	V2_CONTAINMENT_CANDIDATE_NOT_EQUIVALENCE	true
semantic-candidate:380f576741399c4c3a277646	semantic-relation:94edaad6dcc27e00a0d2411a	INSTANCE_OR_SPECIFIC_FORM_OF	V2_CONTAINMENT_CANDIDATE_NOT_EQUIVALENCE	true
semantic-candidate:38235cb567058455960867d2	semantic-relation:803352e2866822a48c908e13	INSTANCE_OR_SPECIFIC_FORM_OF	V2_CONTAINMENT_CANDIDATE_NOT_EQUIVALENCE	true
semantic-candidate:38365458673eff62a41b57d8	semantic-relation:7bb10802a664c0a948fb0a08	INSTANCE_OR_SPECIFIC_FORM_OF	V2_CONTAINMENT_CANDIDATE_NOT_EQUIVALENCE	true
semantic-candidate:3840f009af3faa75fad3122b	semantic-relation:250bd8499b8b04a54f1eab59	INSTANCE_OR_SPECIFIC_FORM_OF	V2_CONTAINMENT_CANDIDATE_NOT_EQUIVALENCE	true
semantic-candidate:38491faf2fab664b578bd11e	semantic-relation:935297b82efc90e73e3d89d9	INSTANCE_OR_SPECIFIC_FORM_OF	V2_CONTAINMENT_CANDIDATE_NOT_EQUIVALENCE	true
semantic-candidate:385ea0723b4db6c2f6f1004d	semantic-relation:b2847c5321345fa072dcdf1a	INSTANCE_OR_SPECIFIC_FORM_OF	V2_CONTAINMENT_CANDIDATE_NOT_EQUIVALENCE	true
semantic-candidate:38828991a3db1f555e7ea344	semantic-relation:2a2cd235a1b05e5e90cf04b3	INSTANCE_OR_SPECIFIC_FORM_OF	V2_CONTAINMENT_CANDIDATE_NOT_EQUIVALENCE	true
semantic-candidate:38876ca5bf4ede1ec7937347	semantic-relation:9e7e85342c00ebb7a4bcf32c	MODIFIES	MODIFIER_PARSE_REQUIRES_REVIEW	true
semantic-candidate:38b82efa22df1eb6a8c953f1	semantic-relation:c24cee03d15d58145da1327e	COMPONENT_OF	COMPOUND_COMPONENT_PARSE_REQUIRES_REVIEW	true
semantic-candidate:38bc460360596d44ffd46c8f	semantic-relation:165413e0d2684a67e2e958e2	INSTANCE_OR_SPECIFIC_FORM_OF	V2_CONTAINMENT_CANDIDATE_NOT_EQUIVALENCE	true
semantic-candidate:38d48a4da150161965507296	semantic-relation:fa80b676f2f3c3812f79ff9b	COMPONENT_OF	COMPOUND_COMPONENT_PARSE_REQUIRES_REVIEW	true
semantic-candidate:38de3a0af31b85638df685c2	semantic-relation:571c858f831463470cff207b	INSTANCE_OR_SPECIFIC_FORM_OF	V2_CONTAINMENT_CANDIDATE_NOT_EQUIVALENCE	true
semantic-candidate:38edb29009ef5f719a8b48a7	semantic-relation:6bd7a273bf9328f3a831128c	COMPONENT_OF	COMPOUND_COMPONENT_PARSE_REQUIRES_REVIEW	true
semantic-candidate:38ff2591aeb2b70e8615edd1	semantic-relation:e2741112a1a6c1c15efeb1c9	COMPONENT_OF	COMPOUND_COMPONENT_PARSE_REQUIRES_REVIEW	true
semantic-candidate:391c4018de7145cc9316bde2	semantic-relation:51b95b938c36585fca538dce	MODIFIES	MODIFIER_PARSE_REQUIRES_REVIEW	true
semantic-candidate:392befd809a8229c26e3ace2	semantic-relation:f2993042b162e58db1d2caf6	INSTANCE_OR_SPECIFIC_FORM_OF	V2_CONTAINMENT_CANDIDATE_NOT_EQUIVALENCE	true
semantic-candidate:392d56d5a052f35c7efd0158	semantic-relation:18221ae629ab887a214d7421	INSTANCE_OR_SPECIFIC_FORM_OF	V2_CONTAINMENT_CANDIDATE_NOT_EQUIVALENCE	true
semantic-candidate:3933c97e0fdb47d54e1da09b	semantic-relation:ebdaa425647b0316b5fca274	COMPONENT_OF	COMPOUND_COMPONENT_PARSE_REQUIRES_REVIEW	true
semantic-candidate:3935c082cee6ceb2eb364f57	semantic-relation:4dac5a442919ba223618243a	INSTANCE_OR_SPECIFIC_FORM_OF	V2_CONTAINMENT_CANDIDATE_NOT_EQUIVALENCE	true
semantic-candidate:3956baf9b3540a89e635627b	semantic-relation:1fdcec8e57cb830065b9043a	INSTANCE_OR_SPECIFIC_FORM_OF	V2_CONTAINMENT_CANDIDATE_NOT_EQUIVALENCE	true
semantic-candidate:39660b34c7545738e5ada842	semantic-relation:095dd63c822639003b2ab514	INSTANCE_OR_SPECIFIC_FORM_OF	V2_CONTAINMENT_CANDIDATE_NOT_EQUIVALENCE	true
semantic-candidate:3972061fa6d60566018964a3	semantic-relation:6f8a43eb58b26518897828e7	MODIFIES	MODIFIER_PARSE_REQUIRES_REVIEW	true
semantic-candidate:397c689589f71738be57f0f1	semantic-relation:14c2de4e8ad6b83281ff960d	COMPONENT_OF	COMPOUND_COMPONENT_PARSE_REQUIRES_REVIEW	true
semantic-candidate:397f7d312984faf058e8075d	semantic-relation:0a1b0435c890748c9ab98fcd	INSTANCE_OR_SPECIFIC_FORM_OF	V2_CONTAINMENT_CANDIDATE_NOT_EQUIVALENCE	true
semantic-candidate:3982f98563dad9d39824e312	semantic-relation:516641c276b055a94a706a8d	COMPONENT_OF	COMPOUND_COMPONENT_PARSE_REQUIRES_REVIEW	true
semantic-candidate:3993030a5316cb20b308897e	semantic-relation:ede43f86688684a9ccd9741f	INSTANCE_OR_SPECIFIC_FORM_OF	V2_CONTAINMENT_CANDIDATE_NOT_EQUIVALENCE	true
semantic-candidate:3995b697679b08fe2c989058	semantic-relation:7ec97db5d29d1eb745e642d6	INSTANCE_OR_SPECIFIC_FORM_OF	V2_CONTAINMENT_CANDIDATE_NOT_EQUIVALENCE	true
semantic-candidate:39a36c999c35860b266e8516	semantic-relation:fbdfb7bb5a5f5e39c26d58ea	COMPONENT_OF	COMPOUND_COMPONENT_PARSE_REQUIRES_REVIEW	true
semantic-candidate:39a401a1d93bf0262cf16894	semantic-relation:5ab68a0fb4b430f0c40136c9	INSTANCE_OR_SPECIFIC_FORM_OF	V2_CONTAINMENT_CANDIDATE_NOT_EQUIVALENCE	true
semantic-candidate:39ae7e7df64ece0fcadccc7d	semantic-relation:5334fe4c8ef2535633f11dd5	INSTANCE_OR_SPECIFIC_FORM_OF	V2_CONTAINMENT_CANDIDATE_NOT_EQUIVALENCE	true
semantic-candidate:39c0b7f9768bdd404bfbe14b	semantic-relation:293a4ed13ae18cdcf96b5f5a	COMPONENT_OF	COMPOUND_COMPONENT_PARSE_REQUIRES_REVIEW	true
semantic-candidate:39c7d902d491a13889918c0d	semantic-relation:d529c010cd9a28c4823e268b	COMPONENT_OF	COMPOUND_COMPONENT_PARSE_REQUIRES_REVIEW	true
semantic-candidate:39cdea3ca6b07c08f1134157	semantic-relation:8e379e0b08b050df8b39bbf0	MODIFIES	MODIFIER_PARSE_REQUIRES_REVIEW	true
semantic-candidate:39d629ff21fe3ff5c8c2eaaf	semantic-relation:89cee9f994ca53c1027c0c6f	COMPONENT_OF	COMPOUND_COMPONENT_PARSE_REQUIRES_REVIEW	true
semantic-candidate:39d7f294e5cf012662399ab3	semantic-relation:a0f9fa51c38611695805288e	COMPONENT_OF	COMPOUND_COMPONENT_PARSE_REQUIRES_REVIEW	true
semantic-candidate:39ebc0d38f105b40ee5f1c1b	semantic-relation:c8672796e071d78a6afae205	COMPONENT_OF	COMPOUND_COMPONENT_PARSE_REQUIRES_REVIEW	true
semantic-candidate:3a02773653b32736fcf52e42	semantic-relation:cd24a77d3b5da8de5c2a0ce4	COMPONENT_OF	COMPOUND_COMPONENT_PARSE_REQUIRES_REVIEW	true
semantic-candidate:3a120fe438c277ce0aa74d57	semantic-relation:1fe66ba31d1adf5b8f384a86	COMPONENT_OF	COMPOUND_COMPONENT_PARSE_REQUIRES_REVIEW	true
semantic-candidate:3a139c0adf943648c30ea47d	semantic-relation:7a64225cb86dc0dd85d2e838	COMPONENT_OF	COMPOUND_COMPONENT_PARSE_REQUIRES_REVIEW	true
semantic-candidate:3a454fa5bc434524a7f1fc46	semantic-relation:a5ab0c832cbcb93006d923c6	COMPONENT_OF	COMPOUND_COMPONENT_PARSE_REQUIRES_REVIEW	true
semantic-candidate:3a47a52eb68d4e51648feb7f	semantic-relation:d675c85f01d47cecb8327d7a	COMPONENT_OF	COMPOUND_COMPONENT_PARSE_REQUIRES_REVIEW	true
semantic-candidate:3a48a8f31aacb59e25ff0acb	semantic-relation:01d59a892cde6d8226d7757c	COMPONENT_OF	COMPOUND_COMPONENT_PARSE_REQUIRES_REVIEW	true
semantic-candidate:3a4f94c7ef0c337cd6f5066c	semantic-relation:bce5e4039a7a04742ef92da4	COMPONENT_OF	COMPOUND_COMPONENT_PARSE_REQUIRES_REVIEW	true
semantic-candidate:3a6ba3b980d2d4eb37ef6771	semantic-relation:af6be504992aed6a9ac5b3d3	INSTANCE_OR_SPECIFIC_FORM_OF	V2_CONTAINMENT_CANDIDATE_NOT_EQUIVALENCE	true
semantic-candidate:3a736fd99b662d35ded13786	semantic-relation:c8b58e8409dc65d6a3d2126a	INSTANCE_OR_SPECIFIC_FORM_OF	V2_CONTAINMENT_CANDIDATE_NOT_EQUIVALENCE	true
semantic-candidate:3a7aa670fd3f0a1e731c96c1	semantic-relation:0030947d760f61ad7edec231	INSTANCE_OR_SPECIFIC_FORM_OF	V2_CONTAINMENT_CANDIDATE_NOT_EQUIVALENCE	true
semantic-candidate:3a82376ac3f585eedb2c2c7e	semantic-relation:018301f2590227a3169b8821	COMPONENT_OF	COMPOUND_COMPONENT_PARSE_REQUIRES_REVIEW	true
semantic-candidate:3a833a183af1d97ccd7c8063	semantic-relation:1555cc5f6f02cc5ddfcf82a8	COMPONENT_OF	COMPOUND_COMPONENT_PARSE_REQUIRES_REVIEW	true
semantic-candidate:3a88cdf90aa02fa19bbb5d7b	semantic-relation:27e9573890e3a7a1e9e51a4f	INSTANCE_OR_SPECIFIC_FORM_OF	V2_CONTAINMENT_CANDIDATE_NOT_EQUIVALENCE	true
semantic-candidate:3a8e05a0a3f601898da8612f	semantic-relation:298308feca2e80bd85ab9f2a	COMPONENT_OF	COMPOUND_COMPONENT_PARSE_REQUIRES_REVIEW	true
semantic-candidate:3a9adb68b48b47245d318d92	semantic-relation:35f76f0a65f79a26c79af6b0	COMPONENT_OF	COMPOUND_COMPONENT_PARSE_REQUIRES_REVIEW	true
semantic-candidate:3aa2e3154b227036f5168905	semantic-relation:3583136b18962952c30cc3f7	COMPONENT_OF	COMPOUND_COMPONENT_PARSE_REQUIRES_REVIEW	true
semantic-candidate:3ad37168a79277309cdb3049	semantic-relation:4448a69aa4c6cfb5f1347282	INSTANCE_OR_SPECIFIC_FORM_OF	V2_CONTAINMENT_CANDIDATE_NOT_EQUIVALENCE	true
semantic-candidate:3ade13f83e4207a74d614ea1	semantic-relation:82ab31d024190eb6c5c44257	INSTANCE_OR_SPECIFIC_FORM_OF	V2_CONTAINMENT_CANDIDATE_NOT_EQUIVALENCE	true
semantic-candidate:3ae88748af3d270f09731558	semantic-relation:94ef21835f82bad08cf73089	MODIFIES	MODIFIER_PARSE_REQUIRES_REVIEW	true
semantic-candidate:3af41c650a87f513c3dae21e	semantic-relation:a96e5fc57fb18b2922baa497	INSTANCE_OR_SPECIFIC_FORM_OF	V2_CONTAINMENT_CANDIDATE_NOT_EQUIVALENCE	true
semantic-candidate:3af6134adfb87408192cf09f	semantic-relation:bfba4d56ff61af3dd1b44c0b	INSTANCE_OR_SPECIFIC_FORM_OF	V2_CONTAINMENT_CANDIDATE_NOT_EQUIVALENCE	true
semantic-candidate:3afde4e6eb57a4949701db88	semantic-relation:5badd9d6bbdaa04d7e24c6f2	INSTANCE_OR_SPECIFIC_FORM_OF	V2_CONTAINMENT_CANDIDATE_NOT_EQUIVALENCE	true
semantic-candidate:3b1611628c1ebdab20155fb6	semantic-relation:e384260bcd5571c6218846e9	INSTANCE_OR_SPECIFIC_FORM_OF	V2_CONTAINMENT_CANDIDATE_NOT_EQUIVALENCE	true
semantic-candidate:3b1859d38100febd2891a513	semantic-relation:4ee8ec44fd616665cb74cef9	COMPONENT_OF	COMPOUND_COMPONENT_PARSE_REQUIRES_REVIEW	true
semantic-candidate:3b4023fcb057a7747cc21524	semantic-relation:00cae05ae0485e060504a981	COMPONENT_OF	COMPOUND_COMPONENT_PARSE_REQUIRES_REVIEW	true
semantic-candidate:3b4bba09b41139d3cab5f440	semantic-relation:7fb41b81005398a703143f83	COMPONENT_OF	COMPOUND_COMPONENT_PARSE_REQUIRES_REVIEW	true
semantic-candidate:3b705e7780df68a6c2ef5551	semantic-relation:ce9d49ae5dbd9bb34c631236	INSTANCE_OR_SPECIFIC_FORM_OF	V2_CONTAINMENT_CANDIDATE_NOT_EQUIVALENCE	true
semantic-candidate:3b8874e449a7415a416b17b1	semantic-relation:571b65354c8d9ca35a897bdf	INSTANCE_OR_SPECIFIC_FORM_OF	V2_CONTAINMENT_CANDIDATE_NOT_EQUIVALENCE	true
semantic-candidate:3b9c9fab9479f94fbd449a6c	semantic-relation:1bed966a695c2651ae999317	MODIFIES	MODIFIER_PARSE_REQUIRES_REVIEW	true
semantic-candidate:3bb459a6425ec0764948b3c9	semantic-relation:321cf01cb73dd11555a22fd4	COMPONENT_OF	COMPOUND_COMPONENT_PARSE_REQUIRES_REVIEW	true
semantic-candidate:3bc37194fbb1d932db454fac	semantic-relation:75e550e307cf1796c7f89380	COMPONENT_OF	COMPOUND_COMPONENT_PARSE_REQUIRES_REVIEW	true
semantic-candidate:3bcfc0f31ca20ab591447d22	semantic-relation:58eb1ca786ff2eac79fd049d	INSTANCE_OR_SPECIFIC_FORM_OF	V2_CONTAINMENT_CANDIDATE_NOT_EQUIVALENCE	true
semantic-candidate:3c010c01402678856b936fe1	semantic-relation:1775dd5dbcc931597351031d	MODIFIES	MODIFIER_PARSE_REQUIRES_REVIEW	true
semantic-candidate:3c31350d328d76c41f66056c	semantic-relation:e75b32a1e0e1edc7ede8ca97	COMPONENT_OF	COMPOUND_COMPONENT_PARSE_REQUIRES_REVIEW	true
semantic-candidate:3c36aca4c401da3d5e493d27	semantic-relation:e2798abe19aaa884b636d128	INSTANCE_OR_SPECIFIC_FORM_OF	V2_CONTAINMENT_CANDIDATE_NOT_EQUIVALENCE	true
semantic-candidate:3c465bb6b9af866125db9c6a	semantic-relation:058917eb7876156eaf1fe9da	MODIFIES	MODIFIER_PARSE_REQUIRES_REVIEW	true
semantic-candidate:3c49ad453f651583ebe6fe7c	semantic-relation:cc3e21d6c1f895965d8e4a8f	INSTANCE_OR_SPECIFIC_FORM_OF	V2_CONTAINMENT_CANDIDATE_NOT_EQUIVALENCE	true
semantic-candidate:3c513f49e4c77cbc17bf885f	semantic-relation:80401c357c3c37c30a6b3e53	COMPONENT_OF	COMPOUND_COMPONENT_PARSE_REQUIRES_REVIEW	true
semantic-candidate:3c54c7e5d97c451081a683f9	semantic-relation:dc0df4bf2c22b8410c09d0b1	COMPONENT_OF	COMPOUND_COMPONENT_PARSE_REQUIRES_REVIEW	true
semantic-candidate:3c56524868e5915c441f4082	semantic-relation:9496303458bd77c1e7751886	COMPONENT_OF	COMPOUND_COMPONENT_PARSE_REQUIRES_REVIEW	true
semantic-candidate:3c743287d7bf1cfc37729297	semantic-relation:1aa74ad371d48bd42820c018	INSTANCE_OR_SPECIFIC_FORM_OF	V2_CONTAINMENT_CANDIDATE_NOT_EQUIVALENCE	true
semantic-candidate:3c7c9a84649b5d778c648080	semantic-relation:35ba33c47154474a9cc337b0	INSTANCE_OR_SPECIFIC_FORM_OF	V2_CONTAINMENT_CANDIDATE_NOT_EQUIVALENCE	true
semantic-candidate:3c86f1495649ea941603d473	semantic-relation:2d84f65e06049da7b5a97dcf	COMPONENT_OF	COMPOUND_COMPONENT_PARSE_REQUIRES_REVIEW	true
semantic-candidate:3c8c0d8fc2b0b95fa4a21fb7	semantic-relation:5e5f3f3ce0290386f7fcfc26	COMPONENT_OF	COMPOUND_COMPONENT_PARSE_REQUIRES_REVIEW	true
semantic-candidate:3c96cb917da845b4976bda93	semantic-relation:d5bcc3ee4e4ca60d40d5ed3f	COMPONENT_OF	COMPOUND_COMPONENT_PARSE_REQUIRES_REVIEW	true
semantic-candidate:3ca13587e139508a2d5a8d09	semantic-relation:a6eac08b980ffd0b8c139970	INSTANCE_OR_SPECIFIC_FORM_OF	V2_CONTAINMENT_CANDIDATE_NOT_EQUIVALENCE	true
semantic-candidate:3ca3f1e21f078358cd915eed	semantic-relation:1e3a2ed4a0c0b6f89b39d414	INSTANCE_OR_SPECIFIC_FORM_OF	V2_CONTAINMENT_CANDIDATE_NOT_EQUIVALENCE	true
semantic-candidate:3ccd0bac5ffc901d439543fe	semantic-relation:67344872f725876e6dc8993b	COMPONENT_OF	COMPOUND_COMPONENT_PARSE_REQUIRES_REVIEW	true
semantic-candidate:3cd6c9792a43ee9fde2caf30	semantic-relation:aafe04d5420ad619a6a166d7	COMPONENT_OF	COMPOUND_COMPONENT_PARSE_REQUIRES_REVIEW	true
semantic-candidate:3cf2ae23000fdabc3c3df561	semantic-relation:b57556f5a81b7eec9cd1153c	COMPONENT_OF	COMPOUND_COMPONENT_PARSE_REQUIRES_REVIEW	true
semantic-candidate:3cf668b7c6bb95704a4dd3cd	semantic-relation:6e4c45e18ef79792e4ffbd47	INSTANCE_OR_SPECIFIC_FORM_OF	V2_CONTAINMENT_CANDIDATE_NOT_EQUIVALENCE	true
semantic-candidate:3cfa96cbdd7ec9be3c7ddc68	semantic-relation:5446f2b35e79157f9eed6318	INSTANCE_OR_SPECIFIC_FORM_OF	V2_CONTAINMENT_CANDIDATE_NOT_EQUIVALENCE	true
semantic-candidate:3d25152246d7eb10cf844f8a	semantic-relation:b8192188281d34ae4e1af463	INSTANCE_OR_SPECIFIC_FORM_OF	V2_CONTAINMENT_CANDIDATE_NOT_EQUIVALENCE	true
semantic-candidate:3d2b42292887176704c96731	semantic-relation:631aad17d037bad12d7b6a0f	INSTANCE_OR_SPECIFIC_FORM_OF	V2_CONTAINMENT_CANDIDATE_NOT_EQUIVALENCE	true
semantic-candidate:3d69a7643fc6b44fbbff7e05	semantic-relation:8b2649e72c7fa56a31ca85b9	COMPONENT_OF	COMPOUND_COMPONENT_PARSE_REQUIRES_REVIEW	true
semantic-candidate:3d6a0a7eeec4e4682f9a0ed4	semantic-relation:ee1c60bc6ba23439fab14d34	INSTANCE_OR_SPECIFIC_FORM_OF	V2_CONTAINMENT_CANDIDATE_NOT_EQUIVALENCE	true
semantic-candidate:3d6b2c8f051dec0c34235ad6	semantic-relation:acd0109af525ea5a2f3fd3a5	COMPONENT_OF	COMPOUND_COMPONENT_PARSE_REQUIRES_REVIEW	true
semantic-candidate:3d6d1ac271a764804412cb35	semantic-relation:f0a08f5b0e23bd7ccec2ef21	COMPONENT_OF	COMPOUND_COMPONENT_PARSE_REQUIRES_REVIEW	true
semantic-candidate:3d9619b1e37d876c72b73d18	semantic-relation:3a6c5e0ed823c679b3680b0d	INSTANCE_OR_SPECIFIC_FORM_OF	V2_CONTAINMENT_CANDIDATE_NOT_EQUIVALENCE	true
semantic-candidate:3da1aba1009a3642a908a3cd	semantic-relation:15d3e27096020983e6fc48ff	COMPONENT_OF	COMPOUND_COMPONENT_PARSE_REQUIRES_REVIEW	true
semantic-candidate:3da261c672fbf14dfa8b45c9	semantic-relation:5c169ce2167c7d529710296f	COMPONENT_OF	COMPOUND_COMPONENT_PARSE_REQUIRES_REVIEW	true
semantic-candidate:3dbb513497e3245ca7cee5c8	semantic-relation:bd19ff441a36a4590d8a4bce	INSTANCE_OR_SPECIFIC_FORM_OF	V2_CONTAINMENT_CANDIDATE_NOT_EQUIVALENCE	true
semantic-candidate:3dd2fdd9be056a98c8ea98f0	semantic-relation:70e6d134c94adc6489f98ff3	INSTANCE_OR_SPECIFIC_FORM_OF	V2_CONTAINMENT_CANDIDATE_NOT_EQUIVALENCE	true
semantic-candidate:3de4b944ed892ccbb9428798	semantic-relation:25efcf4aeff8f928f8fef4ef	COMPONENT_OF	COMPOUND_COMPONENT_PARSE_REQUIRES_REVIEW	true
semantic-candidate:3de55dbfb8c1ce986372f020	semantic-relation:a05fd6639e25d1b4bcb3b8eb	INSTANCE_OR_SPECIFIC_FORM_OF	V2_CONTAINMENT_CANDIDATE_NOT_EQUIVALENCE	true
semantic-candidate:3df8903e7e08c55f12cb836d	semantic-relation:29167f8bd07dd85f56e020d9	INSTANCE_OR_SPECIFIC_FORM_OF	V2_CONTAINMENT_CANDIDATE_NOT_EQUIVALENCE	true
semantic-candidate:3df9c32bb01f6ccc9b651d10	semantic-relation:8f3cd85d05388f8842f51d53	COMPONENT_OF	COMPOUND_COMPONENT_PARSE_REQUIRES_REVIEW	true
semantic-candidate:3e0af02e5c5eaef3f3a81996	semantic-relation:5bde80ee19488f5f7c6dbc50	COMPONENT_OF	COMPOUND_COMPONENT_PARSE_REQUIRES_REVIEW	true
semantic-candidate:3e0bc7f7fbdc063014d88697	semantic-relation:0bd11b6406c627d5a1cc6613	INSTANCE_OR_SPECIFIC_FORM_OF	V2_CONTAINMENT_CANDIDATE_NOT_EQUIVALENCE	true
semantic-candidate:3e14ba9ce1dca7d81209657f	semantic-relation:5d0c1bf92a42a26d527ae2c6	MODIFIES	MODIFIER_PARSE_REQUIRES_REVIEW	true
semantic-candidate:3e1b3503b3f10f1bb8a07b09	semantic-relation:abe9ddd2946126edeeccca13	INSTANCE_OR_SPECIFIC_FORM_OF	V2_CONTAINMENT_CANDIDATE_NOT_EQUIVALENCE	true
semantic-candidate:3e2dc4749b872bdf1bdecf61	semantic-relation:26acede0587f65a961872584	COMPONENT_OF	COMPOUND_COMPONENT_PARSE_REQUIRES_REVIEW	true
semantic-candidate:3e32f8aa797d7a4f818056ee	semantic-relation:95636661dfa503ea115b4d24	INSTANCE_OR_SPECIFIC_FORM_OF	V2_CONTAINMENT_CANDIDATE_NOT_EQUIVALENCE	true
semantic-candidate:3e3fcc35892849d15be1724a	semantic-relation:ff9c2145da6f25535c847a2e	COMPONENT_OF	COMPOUND_COMPONENT_PARSE_REQUIRES_REVIEW	true
semantic-candidate:3e412d45551dee28f697813c	semantic-relation:1fb9e26c0ea3594cb502ede1	COMPONENT_OF	COMPOUND_COMPONENT_PARSE_REQUIRES_REVIEW	true
semantic-candidate:3e43f8d92a9ad57505b32c66	semantic-relation:62aa2331125ada8e6e33f835	INSTANCE_OR_SPECIFIC_FORM_OF	V2_CONTAINMENT_CANDIDATE_NOT_EQUIVALENCE	true
semantic-candidate:3e4443264a5cf9976a84272f	semantic-relation:ca47080dcedfcd68c54571d7	COMPONENT_OF	COMPOUND_COMPONENT_PARSE_REQUIRES_REVIEW	true
semantic-candidate:3e470d2972cccb1e78ab0dc3	semantic-relation:74b44f67bc2a1a02dda76dd2	INSTANCE_OR_SPECIFIC_FORM_OF	V2_CONTAINMENT_CANDIDATE_NOT_EQUIVALENCE	true
semantic-candidate:3e4bf9e81fc34106d31bd5e8	semantic-relation:79c4a8b91026edc9079395ca	COMPONENT_OF	COMPOUND_COMPONENT_PARSE_REQUIRES_REVIEW	true
semantic-candidate:3e5950160909781b92bc7375	semantic-relation:d0342f766ef67feb734cb5c5	COMPONENT_OF	COMPOUND_COMPONENT_PARSE_REQUIRES_REVIEW	true
semantic-candidate:3e6132e69998d53502b86657	semantic-relation:afc7e836c3e2c6f18a760845	INSTANCE_OR_SPECIFIC_FORM_OF	V2_CONTAINMENT_CANDIDATE_NOT_EQUIVALENCE	true
semantic-candidate:3e6959fc33a5509fbc70186b	semantic-relation:10839242fedb7fef38c33bf0	COMPONENT_OF	COMPOUND_COMPONENT_PARSE_REQUIRES_REVIEW	true
semantic-candidate:3e6b19be5340c00d83520d36	semantic-relation:e00909c0dd0c959cf76f1776	INSTANCE_OR_SPECIFIC_FORM_OF	V2_CONTAINMENT_CANDIDATE_NOT_EQUIVALENCE	true
semantic-candidate:3e7767ce0ed807984bc057e3	semantic-relation:92c0bb36fcfbc7c1ae9795df	COMPONENT_OF	COMPOUND_COMPONENT_PARSE_REQUIRES_REVIEW	true
semantic-candidate:3e974ad98a3221551f32cb9f	semantic-relation:41bdd4475c201726a518bc32	MODIFIES	MODIFIER_PARSE_REQUIRES_REVIEW	true
semantic-candidate:3e9a2dc66cf781a55f21c8b9	semantic-relation:48c09700fe55ae313a2b4cc5	INSTANCE_OR_SPECIFIC_FORM_OF	V2_CONTAINMENT_CANDIDATE_NOT_EQUIVALENCE	true
semantic-candidate:3ea0d3838b5d7302344b8523	semantic-relation:37836401868f6ad355870ac5	COMPONENT_OF	COMPOUND_COMPONENT_PARSE_REQUIRES_REVIEW	true
semantic-candidate:3ea44e4e3ed7ef5fab1c8e7b	semantic-relation:ba94a43c057ed859b5e67983	MODIFIES	MODIFIER_PARSE_REQUIRES_REVIEW	true
semantic-candidate:3ea70a3baa498c564ea5c5dd	semantic-relation:c3a0ed81d65b4c2ee7ffa1a5	INSTANCE_OR_SPECIFIC_FORM_OF	V2_CONTAINMENT_CANDIDATE_NOT_EQUIVALENCE	true
semantic-candidate:3ea8f64eb4ac333938651740	semantic-relation:79f179b266ad694b0c75ad63	COMPONENT_OF	COMPOUND_COMPONENT_PARSE_REQUIRES_REVIEW	true
semantic-candidate:3eafe488a02ceb757616bd9b	semantic-relation:660603f4022e83c0fe9e0be4	MODIFIES	MODIFIER_PARSE_REQUIRES_REVIEW	true
semantic-candidate:3eb14e4b0168f0aaf939f30d	semantic-relation:0c40b334f978fac403729b50	INSTANCE_OR_SPECIFIC_FORM_OF	V2_CONTAINMENT_CANDIDATE_NOT_EQUIVALENCE	true
semantic-candidate:3ec159169f80bff0cf2faf86	semantic-relation:1e114b82390e3fa48934f3ab	INSTANCE_OR_SPECIFIC_FORM_OF	V2_CONTAINMENT_CANDIDATE_NOT_EQUIVALENCE	true
semantic-candidate:3ecf2b16c166a1a5e9e30cb6	semantic-relation:b2899b2efa1349cdd0942a3c	COMPONENT_OF	COMPOUND_COMPONENT_PARSE_REQUIRES_REVIEW	true
semantic-candidate:3ee9dea5b4ce6c7b6d8edfd5	semantic-relation:9ce8576a5252882fa0d9d728	INSTANCE_OR_SPECIFIC_FORM_OF	V2_CONTAINMENT_CANDIDATE_NOT_EQUIVALENCE	true
semantic-candidate:3f10462757968aaecda39af7	semantic-relation:a713247b4916d6cfba6d2b01	COMPONENT_OF	COMPOUND_COMPONENT_PARSE_REQUIRES_REVIEW	true
semantic-candidate:3f21cd1891a1ae730d042f3a	semantic-relation:da0190e5ab58e27470f3e59b	INSTANCE_OR_SPECIFIC_FORM_OF	V2_CONTAINMENT_CANDIDATE_NOT_EQUIVALENCE	true
semantic-candidate:3f2a2145d68ee65ebe619211	semantic-relation:4e471a467c0cfef3ae521226	COMPONENT_OF	COMPOUND_COMPONENT_PARSE_REQUIRES_REVIEW	true
semantic-candidate:3f2a258ea61d217dc75aa78f	semantic-relation:e4812b5972e26f9ebc72cc0a	COMPONENT_OF	COMPOUND_COMPONENT_PARSE_REQUIRES_REVIEW	true
semantic-candidate:3f32260223d9f14e9dbb7319	semantic-relation:46c27ee678aae8bd409ca2a0	COMPONENT_OF	COMPOUND_COMPONENT_PARSE_REQUIRES_REVIEW	true
semantic-candidate:3f32cbabd7eb6f3736de2e51	semantic-relation:0c6f4f79a9a82d1dba7e9d3d	COMPONENT_OF	COMPOUND_COMPONENT_PARSE_REQUIRES_REVIEW	true
semantic-candidate:3f357e85008ef46242495905	semantic-relation:f36614121daf91cc7a52d9de	INSTANCE_OR_SPECIFIC_FORM_OF	V2_CONTAINMENT_CANDIDATE_NOT_EQUIVALENCE	true
semantic-candidate:3f4bb8cfb13b8725720199ec	semantic-relation:bcc7ffbc363f73dd928b28ae	INSTANCE_OR_SPECIFIC_FORM_OF	V2_CONTAINMENT_CANDIDATE_NOT_EQUIVALENCE	true
semantic-candidate:3f4ecb15f1cd3ed865f51ab6	semantic-relation:041c66e41bd5ef4d2a7d8c7a	INSTANCE_OR_SPECIFIC_FORM_OF	V2_CONTAINMENT_CANDIDATE_NOT_EQUIVALENCE	true
semantic-candidate:3f53a61968f9a8d0677838eb	semantic-relation:9a24efc585b5434d67629c1d	INSTANCE_OR_SPECIFIC_FORM_OF	V2_CONTAINMENT_CANDIDATE_NOT_EQUIVALENCE	true
semantic-candidate:3f544a0b7a25dc25855d589a	semantic-relation:fd0864a35cbc0fd43d4b2592	COMPONENT_OF	COMPOUND_COMPONENT_PARSE_REQUIRES_REVIEW	true
semantic-candidate:3f5804f9737668c3bc3898e2	semantic-relation:adc2fbad0966141e519f4f8d	INSTANCE_OR_SPECIFIC_FORM_OF	V2_CONTAINMENT_CANDIDATE_NOT_EQUIVALENCE	true
semantic-candidate:3f5ac7da792511cd30fafb0d	semantic-relation:c29fff0f27979570c548f553	INSTANCE_OR_SPECIFIC_FORM_OF	V2_CONTAINMENT_CANDIDATE_NOT_EQUIVALENCE	true
semantic-candidate:3f79703c6e37ec44ec372efd	semantic-relation:681aa837d6f0cac3f3cc2088	INSTANCE_OR_SPECIFIC_FORM_OF	V2_CONTAINMENT_CANDIDATE_NOT_EQUIVALENCE	true
semantic-candidate:3f7e3631b17bbce2f66737cb	semantic-relation:e2142b4b1326b2a9c4c95542	INSTANCE_OR_SPECIFIC_FORM_OF	V2_CONTAINMENT_CANDIDATE_NOT_EQUIVALENCE	true
semantic-candidate:3f7f972a12ce2ebcafdd85f9	semantic-relation:79fbb12ebfcc08a6d6263006	INSTANCE_OR_SPECIFIC_FORM_OF	V2_CONTAINMENT_CANDIDATE_NOT_EQUIVALENCE	true
semantic-candidate:3f810c53eb5875e2aab0b58a	semantic-relation:6568028983b0c5ce7bd33ac8	INSTANCE_OR_SPECIFIC_FORM_OF	V2_CONTAINMENT_CANDIDATE_NOT_EQUIVALENCE	true
semantic-candidate:3f9abf1adabc4b35a741148b	semantic-relation:90ebf81e084a6d3b8c5c7014	COMPONENT_OF	COMPOUND_COMPONENT_PARSE_REQUIRES_REVIEW	true
semantic-candidate:3fdd969f89a2e1e92dbbe2b4	semantic-relation:97d856148f06b3bdb02e0ac5	INSTANCE_OR_SPECIFIC_FORM_OF	V2_CONTAINMENT_CANDIDATE_NOT_EQUIVALENCE	true
semantic-candidate:3fe38f5b8b21aab80b66e9fa	semantic-relation:7068bf1d739105f4b22f0f5b	COMPONENT_OF	COMPOUND_COMPONENT_PARSE_REQUIRES_REVIEW	true
semantic-candidate:3ff9a213c5cfcd6bf7a3f25e	semantic-relation:368cccad814f0c04f5a510b9	MODIFIES	MODIFIER_PARSE_REQUIRES_REVIEW	true
semantic-candidate:3ffbd4961b07d8ad23da0772	semantic-relation:4df63dd010ddb04ede27b71c	COMPONENT_OF	COMPOUND_COMPONENT_PARSE_REQUIRES_REVIEW	true
semantic-candidate:3ffdf3fd07e8780aa299bc8c	semantic-relation:eb86ea89cffa77e80a616f95	INSTANCE_OR_SPECIFIC_FORM_OF	V2_CONTAINMENT_CANDIDATE_NOT_EQUIVALENCE	true
semantic-candidate:4003f606a44b27cf58713d16	semantic-relation:6c44d5198f677423164baed3	INSTANCE_OR_SPECIFIC_FORM_OF	V2_CONTAINMENT_CANDIDATE_NOT_EQUIVALENCE	true
semantic-candidate:4016ad2973dd8468f0491c37	semantic-relation:1622e23bc6bc3c51067f468c	INSTANCE_OR_SPECIFIC_FORM_OF	V2_CONTAINMENT_CANDIDATE_NOT_EQUIVALENCE	true
semantic-candidate:401b92fcd1b2a37986675af2	semantic-relation:121bf116afd7fcdede7c2f54	INSTANCE_OR_SPECIFIC_FORM_OF	V2_CONTAINMENT_CANDIDATE_NOT_EQUIVALENCE	true
semantic-candidate:401be46430d5906a3507c388	semantic-relation:c2c99f0f925c9041ea9d705e	INSTANCE_OR_SPECIFIC_FORM_OF	V2_CONTAINMENT_CANDIDATE_NOT_EQUIVALENCE	true
semantic-candidate:40266976dcc8cc2a40412e8f	semantic-relation:44c49697b51b371f5d52f1ac	COMPONENT_OF	COMPOUND_COMPONENT_PARSE_REQUIRES_REVIEW	true
semantic-candidate:403a5d5ed403ddcef2f6cd38	semantic-relation:52228dd95caa5cc3d15990f3	COMPONENT_OF	COMPOUND_COMPONENT_PARSE_REQUIRES_REVIEW	true
semantic-candidate:40455e5a91bf5983a65ae488	semantic-relation:cbc6a723d25877bb9de94866	MODIFIES	MODIFIER_PARSE_REQUIRES_REVIEW	true
semantic-candidate:4051ae3270e4075e7fc5b486	semantic-relation:c8fd7dbf4e5b1acb2b5a31fd	INSTANCE_OR_SPECIFIC_FORM_OF	V2_CONTAINMENT_CANDIDATE_NOT_EQUIVALENCE	true
semantic-candidate:405a1b706bd22fff7db8cbb4	semantic-relation:69b00a6aac7241d06cc50702	INSTANCE_OR_SPECIFIC_FORM_OF	V2_CONTAINMENT_CANDIDATE_NOT_EQUIVALENCE	true
semantic-candidate:4062d13ae3f28b0fa0117543	semantic-relation:21e5faa3f8d0d1881cf03510	INSTANCE_OR_SPECIFIC_FORM_OF	V2_CONTAINMENT_CANDIDATE_NOT_EQUIVALENCE	true
semantic-candidate:4099dcdcea456ddf3fab4fb8	semantic-relation:240754276a18a96bc958e942	COMPONENT_OF	COMPOUND_COMPONENT_PARSE_REQUIRES_REVIEW	true
semantic-candidate:40a82e549239fdfb21131044	semantic-relation:958c7b44ab376e533d62ff7b	COMPONENT_OF	COMPOUND_COMPONENT_PARSE_REQUIRES_REVIEW	true
semantic-candidate:40a8d486ecb649f904abc9ef	semantic-relation:3a02179bf82b4c26324f18c2	INSTANCE_OR_SPECIFIC_FORM_OF	V2_CONTAINMENT_CANDIDATE_NOT_EQUIVALENCE	true
semantic-candidate:40d66ccd56f8fa109bc333c0	semantic-relation:d2ab802d3a48fa4c600dd038	COMPONENT_OF	COMPOUND_COMPONENT_PARSE_REQUIRES_REVIEW	true
semantic-candidate:40dcde3aa5032e759e5a8b15	semantic-relation:a503d09b5adbff4b5a626190	INSTANCE_OR_SPECIFIC_FORM_OF	V2_CONTAINMENT_CANDIDATE_NOT_EQUIVALENCE	true
semantic-candidate:40e1cf3ace4984f6cac58306	semantic-relation:0ffa5763ace9bab8a1d9c04f	COMPONENT_OF	COMPOUND_COMPONENT_PARSE_REQUIRES_REVIEW	true
semantic-candidate:4103f828e3ef36f700a9cb69	semantic-relation:99b2ecf38a254cf52742e280	INSTANCE_OR_SPECIFIC_FORM_OF	V2_CONTAINMENT_CANDIDATE_NOT_EQUIVALENCE	true
semantic-candidate:41055915f1fd048f9d920525	semantic-relation:19141b439c8e9b11afb5d32e	COMPONENT_OF	COMPOUND_COMPONENT_PARSE_REQUIRES_REVIEW	true
semantic-candidate:410cdf9c3fbeef98cac16a8f	semantic-relation:726a283d82d6726a97ff32ae	MODIFIES	MODIFIER_PARSE_REQUIRES_REVIEW	true
semantic-candidate:413e206fb0bf94b31f78571a	semantic-relation:4d2d1a26912866636f013d2a	INSTANCE_OR_SPECIFIC_FORM_OF	V2_CONTAINMENT_CANDIDATE_NOT_EQUIVALENCE	true
semantic-candidate:4146b8ddddc4289ca0c6d957	semantic-relation:311e307b5ef51aeb839e3ed7	COMPONENT_OF	COMPOUND_COMPONENT_PARSE_REQUIRES_REVIEW	true
semantic-candidate:415ee80e46abdf904883c155	semantic-relation:adcbbc354f934e048e77badb	COMPONENT_OF	COMPOUND_COMPONENT_PARSE_REQUIRES_REVIEW	true
semantic-candidate:4178a666de7175c4eb506aa2	semantic-relation:af16f5e7f6ca9edca51f28b0	COMPONENT_OF	COMPOUND_COMPONENT_PARSE_REQUIRES_REVIEW	true
semantic-candidate:417c4ceab2e8a10625a9dd37	semantic-relation:cd0e75346bd731324a7780cf	COMPONENT_OF	COMPOUND_COMPONENT_PARSE_REQUIRES_REVIEW	true
semantic-candidate:417d6500dae96126e10f680a	semantic-relation:1adae2d0bb57b3945181ef91	COMPONENT_OF	COMPOUND_COMPONENT_PARSE_REQUIRES_REVIEW	true
semantic-candidate:41881ab486cfe0a4c88bb013	semantic-relation:97104641fcf8843cd3b6d541	INSTANCE_OR_SPECIFIC_FORM_OF	V2_CONTAINMENT_CANDIDATE_NOT_EQUIVALENCE	true
semantic-candidate:418c48ecf8d2a599d284a5df	semantic-relation:4e75c1e9b194017881861c0c	COMPONENT_OF	COMPOUND_COMPONENT_PARSE_REQUIRES_REVIEW	true
semantic-candidate:4195f81ad3ed3000a54fe4ee	semantic-relation:367a163e6ffe46daadae7adc	INSTANCE_OR_SPECIFIC_FORM_OF	V2_CONTAINMENT_CANDIDATE_NOT_EQUIVALENCE	true
semantic-candidate:419a8c65a935e641f80a148f	semantic-relation:6be1312173b82fbec9c02347	COMPONENT_OF	COMPOUND_COMPONENT_PARSE_REQUIRES_REVIEW	true
semantic-candidate:419ebbfaed228b35cc404b1d	semantic-relation:1390b6bb274d3464e735b42f	INSTANCE_OR_SPECIFIC_FORM_OF	V2_CONTAINMENT_CANDIDATE_NOT_EQUIVALENCE	true
semantic-candidate:41a9735723bee449d4779a3d	semantic-relation:6dfb26553a3fa9cb35385700	INSTANCE_OR_SPECIFIC_FORM_OF	V2_CONTAINMENT_CANDIDATE_NOT_EQUIVALENCE	true
semantic-candidate:41ad453ea11cccd3e3f3b8d9	semantic-relation:be0aeb1df01e78e6f1661437	INSTANCE_OR_SPECIFIC_FORM_OF	V2_CONTAINMENT_CANDIDATE_NOT_EQUIVALENCE	true
semantic-candidate:41b4f007997e51e35ebd3772	semantic-relation:b9e76974d76d39d27c6d8857	COMPONENT_OF	COMPOUND_COMPONENT_PARSE_REQUIRES_REVIEW	true
semantic-candidate:41b7b7fdb93a326b7c23e9fd	semantic-relation:0c34763190fdc035a5c42df9	INSTANCE_OR_SPECIFIC_FORM_OF	V2_CONTAINMENT_CANDIDATE_NOT_EQUIVALENCE	true
semantic-candidate:41c88484922cbe1e618da0dc	semantic-relation:681dfa95f1b8c661b2214944	INSTANCE_OR_SPECIFIC_FORM_OF	V2_CONTAINMENT_CANDIDATE_NOT_EQUIVALENCE	true
semantic-candidate:41e082d8029b9b98ae1b7a85	semantic-relation:835584b3f433c1cd343e56dd	INSTANCE_OR_SPECIFIC_FORM_OF	V2_CONTAINMENT_CANDIDATE_NOT_EQUIVALENCE	true
semantic-candidate:41e3a634d5b3f3486535a67b	semantic-relation:7e28b91677b93160975587a5	MODIFIES	MODIFIER_PARSE_REQUIRES_REVIEW	true
semantic-candidate:41ec28e2db09211db748a151	semantic-relation:5caa67c3687e4cb400d8331b	INSTANCE_OR_SPECIFIC_FORM_OF	V2_CONTAINMENT_CANDIDATE_NOT_EQUIVALENCE	true
semantic-candidate:41ec63f0cc8dc1c81d203cf1	semantic-relation:fe882b4dbf64bd6342a1b4d2	INSTANCE_OR_SPECIFIC_FORM_OF	V2_CONTAINMENT_CANDIDATE_NOT_EQUIVALENCE	true
semantic-candidate:41f5c99c4342dfc9f2bc0742	semantic-relation:994dbc8d49aab28da8fa5206	INSTANCE_OR_SPECIFIC_FORM_OF	V2_CONTAINMENT_CANDIDATE_NOT_EQUIVALENCE	true
semantic-candidate:42066318d315484ddfc06702	semantic-relation:7a3ca474944d66626226e069	COMPONENT_OF	COMPOUND_COMPONENT_PARSE_REQUIRES_REVIEW	true
semantic-candidate:4206fca9c4a1584c7740d478	semantic-relation:aac42c074e817849bcd219f3	INSTANCE_OR_SPECIFIC_FORM_OF	V2_CONTAINMENT_CANDIDATE_NOT_EQUIVALENCE	true
semantic-candidate:421a6bcd9562fabae129a9f1	semantic-relation:9c3c1b0b5ef7f1a88819080d	INSTANCE_OR_SPECIFIC_FORM_OF	V2_CONTAINMENT_CANDIDATE_NOT_EQUIVALENCE	true
semantic-candidate:421be01f24fe8b4c1dc3683d	semantic-relation:a1275504c7ca28bace20e738	MODIFIES	MODIFIER_PARSE_REQUIRES_REVIEW	true
semantic-candidate:421d0b87b90cdf3571714bef	semantic-relation:5aa0f21a22ae7113cdcd25b6	INSTANCE_OR_SPECIFIC_FORM_OF	V2_CONTAINMENT_CANDIDATE_NOT_EQUIVALENCE	true
semantic-candidate:42480c7cb51b702608efebac	semantic-relation:fbfeac54a476bff3895b2642	INSTANCE_OR_SPECIFIC_FORM_OF	V2_CONTAINMENT_CANDIDATE_NOT_EQUIVALENCE	true
semantic-candidate:4258284edaaa109032b10d13	semantic-relation:6eb4be9e7931e140f5e87b58	COMPONENT_OF	COMPOUND_COMPONENT_PARSE_REQUIRES_REVIEW	true
semantic-candidate:427c7c4a7ee342a3c29b677d	semantic-relation:4d21ed2c36f5d45c353d81e8	COMPONENT_OF	COMPOUND_COMPONENT_PARSE_REQUIRES_REVIEW	true
semantic-candidate:4289f6136a592e0e7e39e1f5	semantic-relation:845bbe6502403fa23188610f	MODIFIES	MODIFIER_PARSE_REQUIRES_REVIEW	true
semantic-candidate:428ea253ba64b8412322742a	semantic-relation:5820c3944dbd7ea4a8a6f79d	INSTANCE_OR_SPECIFIC_FORM_OF	V2_CONTAINMENT_CANDIDATE_NOT_EQUIVALENCE	true
semantic-candidate:42916bcbd191da3f4c4ae871	semantic-relation:a84654f4109b806cacc8fa61	INSTANCE_OR_SPECIFIC_FORM_OF	V2_CONTAINMENT_CANDIDATE_NOT_EQUIVALENCE	true
semantic-candidate:42980cbf883168d1a1eafe0e	semantic-relation:baae5440130c81abdae5c612	COMPONENT_OF	COMPOUND_COMPONENT_PARSE_REQUIRES_REVIEW	true
semantic-candidate:429945a45057005c0d612106	semantic-relation:b15435a0d3d7cea39675ab2c	COMPONENT_OF	COMPOUND_COMPONENT_PARSE_REQUIRES_REVIEW	true
semantic-candidate:429bef196d0dfdaaa8191970	semantic-relation:5d109cd386b4e22190f066a7	INSTANCE_OR_SPECIFIC_FORM_OF	V2_CONTAINMENT_CANDIDATE_NOT_EQUIVALENCE	true
semantic-candidate:42a527610a569cf5923b51d4	semantic-relation:19e188e7d477eafedb6af834	MODIFIES	MODIFIER_PARSE_REQUIRES_REVIEW	true
semantic-candidate:42aac449310644df2c7e3cde	semantic-relation:1b96a13a2863830c8dc7477c	COMPONENT_OF	COMPOUND_COMPONENT_PARSE_REQUIRES_REVIEW	true
semantic-candidate:42baaf352c03c2cb1e4084ea	semantic-relation:be93c9af6f55c66704f9fe49	MODIFIES	MODIFIER_PARSE_REQUIRES_REVIEW	true
semantic-candidate:42e3f518b379cc8c257e26ea	semantic-relation:39889c5c0bd5d116cc5f71a4	COMPONENT_OF	COMPOUND_COMPONENT_PARSE_REQUIRES_REVIEW	true
semantic-candidate:42ff400704bf18990005b872	semantic-relation:ee5ad4f404a049d9622067b7	INSTANCE_OR_SPECIFIC_FORM_OF	V2_CONTAINMENT_CANDIDATE_NOT_EQUIVALENCE	true
semantic-candidate:42fff35a24d2abd4034c7c27	semantic-relation:c3d6ffb1be2074667d27db17	INSTANCE_OR_SPECIFIC_FORM_OF	V2_CONTAINMENT_CANDIDATE_NOT_EQUIVALENCE	true
semantic-candidate:43137f33ba0af84bce61845c	semantic-relation:849064e9995e6065d2af6184	INSTANCE_OR_SPECIFIC_FORM_OF	V2_CONTAINMENT_CANDIDATE_NOT_EQUIVALENCE	true
semantic-candidate:431ae2e4d3a2e1c81326352f	semantic-relation:b21b0fe8a5bd150747cc976c	INSTANCE_OR_SPECIFIC_FORM_OF	V2_CONTAINMENT_CANDIDATE_NOT_EQUIVALENCE	true
semantic-candidate:4321b46d5c42dcdfab65680d	semantic-relation:96d95f836c3c633fd6190b6b	COMPONENT_OF	COMPOUND_COMPONENT_PARSE_REQUIRES_REVIEW	true
semantic-candidate:43241c7b398b004287b5ed41	semantic-relation:7019c8455a699589ee17ccae	INSTANCE_OR_SPECIFIC_FORM_OF	V2_CONTAINMENT_CANDIDATE_NOT_EQUIVALENCE	true
semantic-candidate:432c24c52577ab5da5617a18	semantic-relation:7ac23446f9c798866216a49b	MODIFIES	MODIFIER_PARSE_REQUIRES_REVIEW	true
semantic-candidate:432c623391fd71479fc17757	semantic-relation:27fde5a4a1ba5863a87b6223	INSTANCE_OR_SPECIFIC_FORM_OF	V2_CONTAINMENT_CANDIDATE_NOT_EQUIVALENCE	true
semantic-candidate:433153b9498344688369176c	semantic-relation:d0c716b024495d7ef525d75e	INSTANCE_OR_SPECIFIC_FORM_OF	V2_CONTAINMENT_CANDIDATE_NOT_EQUIVALENCE	true
semantic-candidate:43388affb7df9c970347b6c4	semantic-relation:05474437c7d3e835724c6584	INSTANCE_OR_SPECIFIC_FORM_OF	V2_CONTAINMENT_CANDIDATE_NOT_EQUIVALENCE	true
semantic-candidate:43437d0b1d86597dff86d9e1	semantic-relation:3fd736fc1994d7d49635a756	COMPONENT_OF	COMPOUND_COMPONENT_PARSE_REQUIRES_REVIEW	true
semantic-candidate:4351a6625f5ac34719dff4d4	semantic-relation:26be808415219ad23b391c40	COMPONENT_OF	COMPOUND_COMPONENT_PARSE_REQUIRES_REVIEW	true
semantic-candidate:435513c9c213ba7f2efe47d3	semantic-relation:ce96eb9a537380c1dd630107	INSTANCE_OR_SPECIFIC_FORM_OF	V2_CONTAINMENT_CANDIDATE_NOT_EQUIVALENCE	true
semantic-candidate:4371f8cf158e276f2f59a42f	semantic-relation:9ef4135c0836632337ec4a94	INSTANCE_OR_SPECIFIC_FORM_OF	V2_CONTAINMENT_CANDIDATE_NOT_EQUIVALENCE	true
semantic-candidate:437ccb5c65cccff017865157	semantic-relation:c6828dc91ff4f35e95798fd3	INSTANCE_OR_SPECIFIC_FORM_OF	V2_CONTAINMENT_CANDIDATE_NOT_EQUIVALENCE	true
semantic-candidate:437faf88f7662b673a8cfacc	semantic-relation:caad3c98ad9ace4e2e58b853	COMPONENT_OF	COMPOUND_COMPONENT_PARSE_REQUIRES_REVIEW	true
semantic-candidate:43827505fd5f432b6d9a95de	semantic-relation:86215e2edb63884524f65d2d	COMPONENT_OF	COMPOUND_COMPONENT_PARSE_REQUIRES_REVIEW	true
semantic-candidate:43906bf63fa05d3ee9963f4a	semantic-relation:d493bfdb49391233c94d801e	COMPONENT_OF	COMPOUND_COMPONENT_PARSE_REQUIRES_REVIEW	true
semantic-candidate:43950b01e169a0ed82a65b2c	semantic-relation:76a1fc770db3170b219ec66a	COMPONENT_OF	COMPOUND_COMPONENT_PARSE_REQUIRES_REVIEW	true
semantic-candidate:43995b883db881afa6218931	semantic-relation:1d62bc11fcaa0b52405d382f	INSTANCE_OR_SPECIFIC_FORM_OF	V2_CONTAINMENT_CANDIDATE_NOT_EQUIVALENCE	true
semantic-candidate:4399fe57988aec2f8e121016	semantic-relation:e41ff278306ab61c7a58d043	INSTANCE_OR_SPECIFIC_FORM_OF	V2_CONTAINMENT_CANDIDATE_NOT_EQUIVALENCE	true
semantic-candidate:43b023460bf5fac917ae9cbb	semantic-relation:e4c8d10d4a0c4e6eb530434a	COMPONENT_OF	COMPOUND_COMPONENT_PARSE_REQUIRES_REVIEW	true
semantic-candidate:43c7fc9ffc05e2a236676933	semantic-relation:7cfc1c1df177d47d1ea1d1c1	COMPONENT_OF	COMPOUND_COMPONENT_PARSE_REQUIRES_REVIEW	true
semantic-candidate:43ce0a9dd60640e6799eb68e	semantic-relation:4d578668b70de4e140c574b9	MODIFIES	MODIFIER_PARSE_REQUIRES_REVIEW	true
semantic-candidate:43d6e17c7671f4ba55185a57	semantic-relation:80f3a57f6724d1cf0fe7c8c2	MODIFIES	MODIFIER_PARSE_REQUIRES_REVIEW	true
semantic-candidate:43ee70fe276bc3261cd128f4	semantic-relation:6cb0c9527209450e0df923de	MODIFIES	MODIFIER_PARSE_REQUIRES_REVIEW	true
semantic-candidate:4402b1bfd89981c097406288	semantic-relation:c834c23b550903081d165ea3	INSTANCE_OR_SPECIFIC_FORM_OF	V2_CONTAINMENT_CANDIDATE_NOT_EQUIVALENCE	true
semantic-candidate:442ba0c14bb5929838c76676	semantic-relation:8936a2628606a6935a36a1d2	COMPONENT_OF	COMPOUND_COMPONENT_PARSE_REQUIRES_REVIEW	true
semantic-candidate:442c58b87e0948105c705686	semantic-relation:3d59d1dfac54889e5dc50e2a	INSTANCE_OR_SPECIFIC_FORM_OF	V2_CONTAINMENT_CANDIDATE_NOT_EQUIVALENCE	true
semantic-candidate:443727bc2255c4f51052aa34	semantic-relation:7aebdac48e06815036d51144	INSTANCE_OR_SPECIFIC_FORM_OF	V2_CONTAINMENT_CANDIDATE_NOT_EQUIVALENCE	true
semantic-candidate:443733b3d429eec29d10bd41	semantic-relation:de3c1bc5c80e8d8ff4c2d70e	INSTANCE_OR_SPECIFIC_FORM_OF	V2_CONTAINMENT_CANDIDATE_NOT_EQUIVALENCE	true
semantic-candidate:443937769b48c788b2744bbe	semantic-relation:cb54ff23fcde84c9f0fb6e9e	INSTANCE_OR_SPECIFIC_FORM_OF	V2_CONTAINMENT_CANDIDATE_NOT_EQUIVALENCE	true
semantic-candidate:445106373bfb9af350375b93	semantic-relation:9aa04cd84ebd114ce897f134	COMPONENT_OF	COMPOUND_COMPONENT_PARSE_REQUIRES_REVIEW	true
semantic-candidate:44638c28c1ad4e97bce53770	semantic-relation:f23ccf3013a0a4e38f6b4456	COMPONENT_OF	COMPOUND_COMPONENT_PARSE_REQUIRES_REVIEW	true
semantic-candidate:4470ef5068cea0fb70cc9516	semantic-relation:7a72baad28684b23e2461e91	COMPONENT_OF	COMPOUND_COMPONENT_PARSE_REQUIRES_REVIEW	true
semantic-candidate:447597ea3425a9236db0a8a5	semantic-relation:404ad02b269710dbd35bfff3	COMPONENT_OF	COMPOUND_COMPONENT_PARSE_REQUIRES_REVIEW	true
semantic-candidate:44780cc41720fea882634bd5	semantic-relation:c0d10e59ebfaba548fdc927e	INSTANCE_OR_SPECIFIC_FORM_OF	V2_CONTAINMENT_CANDIDATE_NOT_EQUIVALENCE	true
semantic-candidate:44a9f17eae461c417aab704f	semantic-relation:12e09fdf3ccf02e04d61a9fe	INSTANCE_OR_SPECIFIC_FORM_OF	V2_CONTAINMENT_CANDIDATE_NOT_EQUIVALENCE	true
semantic-candidate:44c2b43328c8181b5b2876a7	semantic-relation:520f7c6a66eaefff7933e7d0	INSTANCE_OR_SPECIFIC_FORM_OF	V2_CONTAINMENT_CANDIDATE_NOT_EQUIVALENCE	true
semantic-candidate:44cb0a6c034e3c4e1d87e159	semantic-relation:2375de1f99b8543f63692381	INSTANCE_OR_SPECIFIC_FORM_OF	V2_CONTAINMENT_CANDIDATE_NOT_EQUIVALENCE	true
semantic-candidate:44dd87c2bb1348fdfc4c9bdb	semantic-relation:dfa15841567a8a1c9f7b0580	COMPONENT_OF	COMPOUND_COMPONENT_PARSE_REQUIRES_REVIEW	true
semantic-candidate:44f7ff5ad60210415633d89f	semantic-relation:80119b5771563915ff365614	INSTANCE_OR_SPECIFIC_FORM_OF	V2_CONTAINMENT_CANDIDATE_NOT_EQUIVALENCE	true
semantic-candidate:44fe505dea2f0ca970f5a43c	semantic-relation:4f3b23783cbd3d3b4ee31a52	INSTANCE_OR_SPECIFIC_FORM_OF	V2_CONTAINMENT_CANDIDATE_NOT_EQUIVALENCE	true
semantic-candidate:452749bad935a333a57e73a6	semantic-relation:b2be9e570e131eb5df8b4b7c	COMPONENT_OF	COMPOUND_COMPONENT_PARSE_REQUIRES_REVIEW	true
semantic-candidate:452a8d407585ccd7b56cde0e	semantic-relation:4500e3e4fbb23b51bedc5f5f	INSTANCE_OR_SPECIFIC_FORM_OF	V2_CONTAINMENT_CANDIDATE_NOT_EQUIVALENCE	true
semantic-candidate:452acbcf79aa53be1abe430c	semantic-relation:f19447a875cc96c1740984b3	INSTANCE_OR_SPECIFIC_FORM_OF	V2_CONTAINMENT_CANDIDATE_NOT_EQUIVALENCE	true
semantic-candidate:454e3e423955dc592d8b70ed	semantic-relation:44bbb30c03b192efd9b5f046	MODIFIES	MODIFIER_PARSE_REQUIRES_REVIEW	true
semantic-candidate:454e7832aefb05fb70596899	semantic-relation:5c13033b70a736b799e1f29b	COMPONENT_OF	COMPOUND_COMPONENT_PARSE_REQUIRES_REVIEW	true
semantic-candidate:45656a8a55d9405f1e2ef0a0	semantic-relation:add184925777c14143fab00d	COMPONENT_OF	COMPOUND_COMPONENT_PARSE_REQUIRES_REVIEW	true
semantic-candidate:4567390f33314757287a68ac	semantic-relation:2748727a5b8062e317f38a9e	INSTANCE_OR_SPECIFIC_FORM_OF	V2_CONTAINMENT_CANDIDATE_NOT_EQUIVALENCE	true
semantic-candidate:4575bfdbe91f17dc1e22aab9	semantic-relation:ce4d7072d1faae4ab98accc1	COMPONENT_OF	COMPOUND_COMPONENT_PARSE_REQUIRES_REVIEW	true
semantic-candidate:457b80082f44c1ce8593a46f	semantic-relation:50592040b4d1ac263f4d4eb4	INSTANCE_OR_SPECIFIC_FORM_OF	V2_CONTAINMENT_CANDIDATE_NOT_EQUIVALENCE	true
semantic-candidate:4582613b7afa7def85a58bdb	semantic-relation:5588ef4d51e0dd89266368ce	INSTANCE_OR_SPECIFIC_FORM_OF	V2_CONTAINMENT_CANDIDATE_NOT_EQUIVALENCE	true
semantic-candidate:4582aadbb0ec0d7c39df90d7	semantic-relation:65cc1ee3640af1591c41a93d	INSTANCE_OR_SPECIFIC_FORM_OF	V2_CONTAINMENT_CANDIDATE_NOT_EQUIVALENCE	true
semantic-candidate:45a824ae973841c8acd10e93	semantic-relation:9d6aefda3b63dc1ff9ce3a32	INSTANCE_OR_SPECIFIC_FORM_OF	V2_CONTAINMENT_CANDIDATE_NOT_EQUIVALENCE	true
semantic-candidate:45b0730b5716f06f6be3431b	semantic-relation:5c1f80c52c90cf22eaa54e56	COMPONENT_OF	COMPOUND_COMPONENT_PARSE_REQUIRES_REVIEW	true
semantic-candidate:45b6be75b4048caf9b1d3197	semantic-relation:a8e2a4d2731bc9d9f5592dbd	INSTANCE_OR_SPECIFIC_FORM_OF	V2_CONTAINMENT_CANDIDATE_NOT_EQUIVALENCE	true
semantic-candidate:45c4676684bb925ad145296f	semantic-relation:b9610297352bfaa40127d4c3	INSTANCE_OR_SPECIFIC_FORM_OF	V2_CONTAINMENT_CANDIDATE_NOT_EQUIVALENCE	true
semantic-candidate:45c6b1e29da5d29e7114ff43	semantic-relation:d99f35e2c0db28fa96396204	COMPONENT_OF	COMPOUND_COMPONENT_PARSE_REQUIRES_REVIEW	true
semantic-candidate:45edf80d022e2ff2dcffd73e	semantic-relation:3e0099c38521fc70d5a51499	COMPONENT_OF	COMPOUND_COMPONENT_PARSE_REQUIRES_REVIEW	true
semantic-candidate:45eef77d7ade0a58851e3537	semantic-relation:784f7398cd5c10811302792c	COMPONENT_OF	COMPOUND_COMPONENT_PARSE_REQUIRES_REVIEW	true
semantic-candidate:45f46a465b28f4bda1f95c3f	semantic-relation:d742c0eba510ce53b8552b8e	INSTANCE_OR_SPECIFIC_FORM_OF	V2_CONTAINMENT_CANDIDATE_NOT_EQUIVALENCE	true
semantic-candidate:45f74052f4f6651ef27c2e67	semantic-relation:0d374d9136e6afe9a817dca3	COMPONENT_OF	COMPOUND_COMPONENT_PARSE_REQUIRES_REVIEW	true
semantic-candidate:45f76defe78948f5b90a0fcd	semantic-relation:b3173aa9faba2d45af6f085d	INSTANCE_OR_SPECIFIC_FORM_OF	V2_CONTAINMENT_CANDIDATE_NOT_EQUIVALENCE	true
semantic-candidate:45f9ab4007c471d5dac59dca	semantic-relation:1153d4666e4672610fb0fff4	INSTANCE_OR_SPECIFIC_FORM_OF	V2_CONTAINMENT_CANDIDATE_NOT_EQUIVALENCE	true
semantic-candidate:460c92f2935c1df6b46b8e18	semantic-relation:fe733b55e81fe02d918f4354	COMPONENT_OF	COMPOUND_COMPONENT_PARSE_REQUIRES_REVIEW	true
semantic-candidate:4624cd401530046bdcfa914c	semantic-relation:7575c4c75a7377af4c01f99b	MODIFIES	MODIFIER_PARSE_REQUIRES_REVIEW	true
semantic-candidate:46369ba834f677d2a3bd692d	semantic-relation:71142a987239cd7a3bdbcde6	INSTANCE_OR_SPECIFIC_FORM_OF	V2_CONTAINMENT_CANDIDATE_NOT_EQUIVALENCE	true
semantic-candidate:4639d2ec7ef0017878c2fdb1	semantic-relation:a395aa5769d63e132b52c916	INSTANCE_OR_SPECIFIC_FORM_OF	V2_CONTAINMENT_CANDIDATE_NOT_EQUIVALENCE	true
semantic-candidate:463ca42a3ab7c157c966d649	semantic-relation:18361bed45229d0a883a083d	COMPONENT_OF	COMPOUND_COMPONENT_PARSE_REQUIRES_REVIEW	true
semantic-candidate:46491ad34d8f33a67385fa96	semantic-relation:18d52c625604b81cfc8128e6	COMPONENT_OF	COMPOUND_COMPONENT_PARSE_REQUIRES_REVIEW	true
semantic-candidate:464da3e4dbf4e9b6af4cc3c6	semantic-relation:62654250af0f10672bdca9ba	INSTANCE_OR_SPECIFIC_FORM_OF	V2_CONTAINMENT_CANDIDATE_NOT_EQUIVALENCE	true
semantic-candidate:466ebe0b37a4dfbf95a3abc9	semantic-relation:eb0e956d5a9e7bd1731960b4	INSTANCE_OR_SPECIFIC_FORM_OF	V2_CONTAINMENT_CANDIDATE_NOT_EQUIVALENCE	true
semantic-candidate:468024c5d8853729727143ba	semantic-relation:5074b09094be9f72049b302f	INSTANCE_OR_SPECIFIC_FORM_OF	V2_CONTAINMENT_CANDIDATE_NOT_EQUIVALENCE	true
semantic-candidate:4680d26af168d4de97bf8aad	semantic-relation:490771beb97e66e697002ab1	INSTANCE_OR_SPECIFIC_FORM_OF	V2_CONTAINMENT_CANDIDATE_NOT_EQUIVALENCE	true
semantic-candidate:4698fd7ec7e180bc2ba09f7f	semantic-relation:2cb11079f06ae9e95fb99c7f	INSTANCE_OR_SPECIFIC_FORM_OF	V2_CONTAINMENT_CANDIDATE_NOT_EQUIVALENCE	true
semantic-candidate:469d9647902f2d5de29b2034	semantic-relation:f5ebf17bff5ca52ed7bdf577	MODIFIES	MODIFIER_PARSE_REQUIRES_REVIEW	true
semantic-candidate:46a367483b5fd31579054953	semantic-relation:074e67d542db7a7f6c4727e1	MODIFIES	MODIFIER_PARSE_REQUIRES_REVIEW	true
semantic-candidate:46c0be39e2166dca4d28178b	semantic-relation:12409303fcaa3f0052f83a55	COMPONENT_OF	COMPOUND_COMPONENT_PARSE_REQUIRES_REVIEW	true
semantic-candidate:46dacd36641e101c4e28988a	semantic-relation:b2025de80491992e9241fbe1	COMPONENT_OF	COMPOUND_COMPONENT_PARSE_REQUIRES_REVIEW	true
semantic-candidate:46dc9c4ff998dba308f9e71c	semantic-relation:cee2eeaf34937d2d69e8619f	COMPONENT_OF	COMPOUND_COMPONENT_PARSE_REQUIRES_REVIEW	true
semantic-candidate:4709d5b8eb62f9b35114f136	semantic-relation:6aff610c41ae9c5c5798a05f	INSTANCE_OR_SPECIFIC_FORM_OF	V2_CONTAINMENT_CANDIDATE_NOT_EQUIVALENCE	true
semantic-candidate:472a088ab9bd24ec2afaa10a	semantic-relation:fff5ca05b1d006fd1bb357cf	INSTANCE_OR_SPECIFIC_FORM_OF	V2_CONTAINMENT_CANDIDATE_NOT_EQUIVALENCE	true
semantic-candidate:472dd66842e2bb4c9ae6e8e4	semantic-relation:3dc977e7611a977ec39ae6f8	COMPONENT_OF	COMPOUND_COMPONENT_PARSE_REQUIRES_REVIEW	true
semantic-candidate:47384c49272d402770d344c0	semantic-relation:fefa79554e23ce82c49ce878	COMPONENT_OF	COMPOUND_COMPONENT_PARSE_REQUIRES_REVIEW	true
semantic-candidate:474505bea6ec7160c40c6ed3	semantic-relation:8e2b5d4ae05e76cc41743b5b	COMPONENT_OF	COMPOUND_COMPONENT_PARSE_REQUIRES_REVIEW	true
semantic-candidate:474f6fd83723b3870a6c20a1	semantic-relation:b4f3b67d86ea9ae9c5d512b0	COMPONENT_OF	COMPOUND_COMPONENT_PARSE_REQUIRES_REVIEW	true
semantic-candidate:475034819b278fe467bbf463	semantic-relation:af55231d15c8bf2c0a570052	COMPONENT_OF	COMPOUND_COMPONENT_PARSE_REQUIRES_REVIEW	true
semantic-candidate:4760a3cdcc42aa9010d0f7a5	semantic-relation:84c81b5535417f9bda3aafeb	INSTANCE_OR_SPECIFIC_FORM_OF	V2_CONTAINMENT_CANDIDATE_NOT_EQUIVALENCE	true
semantic-candidate:476592e78c0c6e8b6386fd0d	semantic-relation:e4ba9896e7288a789c06ec2c	COMPONENT_OF	COMPOUND_COMPONENT_PARSE_REQUIRES_REVIEW	true
semantic-candidate:476ac6e329c5615e3030d8e1	semantic-relation:48d15dc14d2bd52023a84fe5	COMPONENT_OF	COMPOUND_COMPONENT_PARSE_REQUIRES_REVIEW	true
semantic-candidate:477d53cc1995ec7cd7414a56	semantic-relation:fc678e26e8d58c4f86bd3ad3	COMPONENT_OF	COMPOUND_COMPONENT_PARSE_REQUIRES_REVIEW	true
semantic-candidate:477ee6c3e788d318895cf6f8	semantic-relation:30c2359cefc589110917d636	COMPONENT_OF	COMPOUND_COMPONENT_PARSE_REQUIRES_REVIEW	true
semantic-candidate:4780dce2dba7d1354abc0612	semantic-relation:b066a18317bac0735a15651c	COMPONENT_OF	COMPOUND_COMPONENT_PARSE_REQUIRES_REVIEW	true
semantic-candidate:47971ddc0c4cc0ce80dc335f	semantic-relation:e366d7a45cdd7068b9f8f8f6	COMPONENT_OF	COMPOUND_COMPONENT_PARSE_REQUIRES_REVIEW	true
semantic-candidate:479851a24c4bbfa95c69c658	semantic-relation:135a9980ac7b44a5492fbbf2	COMPONENT_OF	COMPOUND_COMPONENT_PARSE_REQUIRES_REVIEW	true
semantic-candidate:479f8e1bf4c066bad1eadaaa	semantic-relation:ff2f531de0ad2d333f675321	COMPONENT_OF	COMPOUND_COMPONENT_PARSE_REQUIRES_REVIEW	true
semantic-candidate:47a3b8e27c34d6691ef379c4	semantic-relation:159feb9cf54eebca73cbc9f8	MODIFIES	MODIFIER_PARSE_REQUIRES_REVIEW	true
semantic-candidate:47b1c7f9fbb20db243d98c1e	semantic-relation:1aa127d885873a912093357d	COMPONENT_OF	COMPOUND_COMPONENT_PARSE_REQUIRES_REVIEW	true
semantic-candidate:47b552be467fb5789e849b17	semantic-relation:087dbecd374cb009065cb02e	COMPONENT_OF	COMPOUND_COMPONENT_PARSE_REQUIRES_REVIEW	true
semantic-candidate:47b5a6e837dca2fcbbcfabf5	semantic-relation:11e6d0a06c2e04c82460656f	MODIFIES	MODIFIER_PARSE_REQUIRES_REVIEW	true
semantic-candidate:47c57fcfd185227ec59c9564	semantic-relation:7f912bc831cb9db7285d09c3	INSTANCE_OR_SPECIFIC_FORM_OF	V2_CONTAINMENT_CANDIDATE_NOT_EQUIVALENCE	true
semantic-candidate:47e8206a9d0240de3a3ff415	semantic-relation:66d16910bcf72e280cbc4b8d	INSTANCE_OR_SPECIFIC_FORM_OF	V2_CONTAINMENT_CANDIDATE_NOT_EQUIVALENCE	true
semantic-candidate:47ebde119f027401d8d46499	semantic-relation:41e05d194acb1154a1e173c7	INSTANCE_OR_SPECIFIC_FORM_OF	V2_CONTAINMENT_CANDIDATE_NOT_EQUIVALENCE	true
semantic-candidate:47ef0d747bcde003f86b7df9	semantic-relation:ee10f6636f95ded452bae642	INSTANCE_OR_SPECIFIC_FORM_OF	V2_CONTAINMENT_CANDIDATE_NOT_EQUIVALENCE	true
semantic-candidate:47fc334416ce2d2ac4e9e96a	semantic-relation:876c242441f1115831ad5900	COMPONENT_OF	COMPOUND_COMPONENT_PARSE_REQUIRES_REVIEW	true
semantic-candidate:47fdeebb724304dbdf59a7d2	semantic-relation:97788a536b9a72bef3194f71	INSTANCE_OR_SPECIFIC_FORM_OF	V2_CONTAINMENT_CANDIDATE_NOT_EQUIVALENCE	true
semantic-candidate:480ce0fac09c39e624e9259d	semantic-relation:40857ba2ade29d2cd084f544	COMPONENT_OF	COMPOUND_COMPONENT_PARSE_REQUIRES_REVIEW	true
semantic-candidate:4815530ad41ecd53a5af3d86	semantic-relation:9ae7c049da3ec6c4f8675454	INSTANCE_OR_SPECIFIC_FORM_OF	V2_CONTAINMENT_CANDIDATE_NOT_EQUIVALENCE	true
semantic-candidate:48376e225f4422548ee8c19f	semantic-relation:7923260aea2f64c6a32d409e	COMPONENT_OF	COMPOUND_COMPONENT_PARSE_REQUIRES_REVIEW	true
semantic-candidate:48439dadb0cd51f75276b4a8	semantic-relation:8a258fdec5402c7c9f00e874	COMPONENT_OF	COMPOUND_COMPONENT_PARSE_REQUIRES_REVIEW	true
semantic-candidate:484fd5056a47bd589b7ef3bb	semantic-relation:38e36b24923b405915a0bebc	COMPONENT_OF	COMPOUND_COMPONENT_PARSE_REQUIRES_REVIEW	true
semantic-candidate:48758a7c04385b87e4da77fa	semantic-relation:2b50f09ab2297b7a2bc5a7bd	COMPONENT_OF	COMPOUND_COMPONENT_PARSE_REQUIRES_REVIEW	true
semantic-candidate:48774f843b61a4b9db34d265	semantic-relation:e004500305687b3bbb6a15f2	INSTANCE_OR_SPECIFIC_FORM_OF	V2_CONTAINMENT_CANDIDATE_NOT_EQUIVALENCE	true
semantic-candidate:487dddffd0e37204a2d1d390	semantic-relation:062e8822da52c23f59ab5665	COMPONENT_OF	COMPOUND_COMPONENT_PARSE_REQUIRES_REVIEW	true
semantic-candidate:48ab546008fa8e7aa1e79dbf	semantic-relation:17c9d3acf0b60c3c347d1803	INSTANCE_OR_SPECIFIC_FORM_OF	V2_CONTAINMENT_CANDIDATE_NOT_EQUIVALENCE	true
semantic-candidate:48ac75da07751abea513244b	semantic-relation:2360910b831af326d74662f5	COMPONENT_OF	COMPOUND_COMPONENT_PARSE_REQUIRES_REVIEW	true
semantic-candidate:48bf68faae7178b398d974e4	semantic-relation:ff2151bbfa8c3b9755c7d7bf	COMPONENT_OF	COMPOUND_COMPONENT_PARSE_REQUIRES_REVIEW	true
semantic-candidate:48c7b766d80d5b69eb92d0c6	semantic-relation:4172b08ddee5f22cb17ac1e5	COMPONENT_OF	COMPOUND_COMPONENT_PARSE_REQUIRES_REVIEW	true
semantic-candidate:48cee4887e0bf8f2329c9ee2	semantic-relation:15e91eec80de051214e05411	MODIFIES	MODIFIER_PARSE_REQUIRES_REVIEW	true
semantic-candidate:48d20c5986d06d592d4f25cb	semantic-relation:532ed13257781f427976cafa	MODIFIES	MODIFIER_PARSE_REQUIRES_REVIEW	true
semantic-candidate:490104c526537f5dad56aebf	semantic-relation:a60e6cbc9668990e5c884aee	INSTANCE_OR_SPECIFIC_FORM_OF	V2_CONTAINMENT_CANDIDATE_NOT_EQUIVALENCE	true
semantic-candidate:491669c1dbcd20af11b6f85b	semantic-relation:c49cec8fa2e8225f3254cee9	INSTANCE_OR_SPECIFIC_FORM_OF	V2_CONTAINMENT_CANDIDATE_NOT_EQUIVALENCE	true
semantic-candidate:491a0a15bd413738b2974eba	semantic-relation:0fb8fb90dabd8035715a8fb7	INSTANCE_OR_SPECIFIC_FORM_OF	V2_CONTAINMENT_CANDIDATE_NOT_EQUIVALENCE	true
semantic-candidate:491fbd844421f56dc83cd934	semantic-relation:ec27414edc567ac27cbf0d41	MODIFIES	MODIFIER_PARSE_REQUIRES_REVIEW	true
semantic-candidate:4929f5a56c43195193b0032f	semantic-relation:ab695032b525d446d651a265	INSTANCE_OR_SPECIFIC_FORM_OF	V2_CONTAINMENT_CANDIDATE_NOT_EQUIVALENCE	true
semantic-candidate:49333713d1d0ca5d32f53b2d	semantic-relation:026dbfc020965de3856361cb	INSTANCE_OR_SPECIFIC_FORM_OF	V2_CONTAINMENT_CANDIDATE_NOT_EQUIVALENCE	true
semantic-candidate:493d737d8ee20c6e57a17e8d	semantic-relation:3dceb8a1775a6674f5206fd5	INSTANCE_OR_SPECIFIC_FORM_OF	V2_CONTAINMENT_CANDIDATE_NOT_EQUIVALENCE	true
semantic-candidate:4941a39bf70c6193bc37150c	semantic-relation:d1f42a8d6c09c2d72c2a79b4	COMPONENT_OF	COMPOUND_COMPONENT_PARSE_REQUIRES_REVIEW	true
semantic-candidate:494232956ee4f3bcb7f7d7c9	semantic-relation:d244d90c7d8b174856c7d1d3	INSTANCE_OR_SPECIFIC_FORM_OF	V2_CONTAINMENT_CANDIDATE_NOT_EQUIVALENCE	true
semantic-candidate:49660d9b943a6e0013db7dfa	semantic-relation:4ce760de8d6105287a019ed9	INSTANCE_OR_SPECIFIC_FORM_OF	V2_CONTAINMENT_CANDIDATE_NOT_EQUIVALENCE	true
semantic-candidate:496aee26e1f5b9201daceac5	semantic-relation:9bf7efa747a989289e094a50	INSTANCE_OR_SPECIFIC_FORM_OF	V2_CONTAINMENT_CANDIDATE_NOT_EQUIVALENCE	true
semantic-candidate:4970ba2445a4dac5df8d298c	semantic-relation:d308d6bfcd1b99a0cd9e0893	COMPONENT_OF	COMPOUND_COMPONENT_PARSE_REQUIRES_REVIEW	true
semantic-candidate:49897b243841048a090f79ca	semantic-relation:13962bb54105e6842c5b16ee	INSTANCE_OR_SPECIFIC_FORM_OF	V2_CONTAINMENT_CANDIDATE_NOT_EQUIVALENCE	true
semantic-candidate:49902367cd6911e70ff97041	semantic-relation:ffcd197658a2aadcd158ca5d	INSTANCE_OR_SPECIFIC_FORM_OF	V2_CONTAINMENT_CANDIDATE_NOT_EQUIVALENCE	true
semantic-candidate:49b8b410290685e28b4b5e84	semantic-relation:77c275e1d44aab415bb41184	INSTANCE_OR_SPECIFIC_FORM_OF	V2_CONTAINMENT_CANDIDATE_NOT_EQUIVALENCE	true
semantic-candidate:49d4afed2f78acb743cebacf	semantic-relation:86f0d6b1d0ebe04f986e04a1	COMPONENT_OF	COMPOUND_COMPONENT_PARSE_REQUIRES_REVIEW	true
semantic-candidate:49f5e1c05e7455b25d510fcb	semantic-relation:4bc3f4b7d5f7b9ad6927cbf2	COMPONENT_OF	COMPOUND_COMPONENT_PARSE_REQUIRES_REVIEW	true
semantic-candidate:4a1a09d920785275cf3a7fcc	semantic-relation:57948d75ba0e7b40c9d5b3cb	INSTANCE_OR_SPECIFIC_FORM_OF	V2_CONTAINMENT_CANDIDATE_NOT_EQUIVALENCE	true
semantic-candidate:4a33ff232416ca2a032216a7	semantic-relation:f41a6b48545f9b047243e81e	INSTANCE_OR_SPECIFIC_FORM_OF	V2_CONTAINMENT_CANDIDATE_NOT_EQUIVALENCE	true
semantic-candidate:4a5a8c9ed86147a2ca2d654e	semantic-relation:e973a65aebb7dec479640cb2	COMPONENT_OF	COMPOUND_COMPONENT_PARSE_REQUIRES_REVIEW	true
semantic-candidate:4a5cc23832294d5147c77fb0	semantic-relation:49abbd16ae12b096164674be	INSTANCE_OR_SPECIFIC_FORM_OF	V2_CONTAINMENT_CANDIDATE_NOT_EQUIVALENCE	true
semantic-candidate:4a67c268705559cc93d61969	semantic-relation:e5d3a2517d636d1c6b4370c6	COMPONENT_OF	COMPOUND_COMPONENT_PARSE_REQUIRES_REVIEW	true
semantic-candidate:4a6804acbdb5f4edc2f43de7	semantic-relation:c80cebff65972a3491c3b52f	INSTANCE_OR_SPECIFIC_FORM_OF	V2_CONTAINMENT_CANDIDATE_NOT_EQUIVALENCE	true
semantic-candidate:4a694c4466a9df712fb61290	semantic-relation:183921df31ba51ceab4fd393	INSTANCE_OR_SPECIFIC_FORM_OF	V2_CONTAINMENT_CANDIDATE_NOT_EQUIVALENCE	true
semantic-candidate:4a72c3f37c60045dc57da800	semantic-relation:61e78718dd0faf016a8d3209	INSTANCE_OR_SPECIFIC_FORM_OF	V2_CONTAINMENT_CANDIDATE_NOT_EQUIVALENCE	true
semantic-candidate:4a85d8f0bdd49daa64843890	semantic-relation:355dd5b9da329d37af22ca80	INSTANCE_OR_SPECIFIC_FORM_OF	V2_CONTAINMENT_CANDIDATE_NOT_EQUIVALENCE	true
semantic-candidate:4a8922d78629c3933a769c23	semantic-relation:fb385ab4b251ee6a8cc0cf5d	COMPONENT_OF	COMPOUND_COMPONENT_PARSE_REQUIRES_REVIEW	true
semantic-candidate:4a9334a2dcbe044df4f07e72	semantic-relation:d7e840de71abf7a0b8a5a354	MODIFIES	MODIFIER_PARSE_REQUIRES_REVIEW	true
semantic-candidate:4aa2c46c79a5add1ac32b9c1	semantic-relation:4881650faa53ba5b642f5d13	COMPONENT_OF	COMPOUND_COMPONENT_PARSE_REQUIRES_REVIEW	true
semantic-candidate:4aa992b20a2cd48c4f6346cb	semantic-relation:40c1a312f70b9aed2216f08f	COMPONENT_OF	COMPOUND_COMPONENT_PARSE_REQUIRES_REVIEW	true
semantic-candidate:4aafc8ae51943af141938766	semantic-relation:a9bd8aba8b5cedff680fd755	COMPONENT_OF	COMPOUND_COMPONENT_PARSE_REQUIRES_REVIEW	true
semantic-candidate:4ab64a1df473d2df87066d3f	semantic-relation:8f6419cff218be89e76ef608	INSTANCE_OR_SPECIFIC_FORM_OF	V2_CONTAINMENT_CANDIDATE_NOT_EQUIVALENCE	true
semantic-candidate:4ac1e835495f2d623f59230d	semantic-relation:bfc159347ddb4eac749e04f6	COMPONENT_OF	COMPOUND_COMPONENT_PARSE_REQUIRES_REVIEW	true
semantic-candidate:4aebaf40e34efadebb1c3995	semantic-relation:fd2a66678d7bc617ca8acf3d	MODIFIES	MODIFIER_PARSE_REQUIRES_REVIEW	true
semantic-candidate:4aeea1c604e3bfda090f6210	semantic-relation:f4a00a9aa85d826383876db3	INSTANCE_OR_SPECIFIC_FORM_OF	V2_CONTAINMENT_CANDIDATE_NOT_EQUIVALENCE	true
semantic-candidate:4b077bfccc899ff5e5f63693	semantic-relation:11a69836db969d0ac1cc569a	INSTANCE_OR_SPECIFIC_FORM_OF	V2_CONTAINMENT_CANDIDATE_NOT_EQUIVALENCE	true
semantic-candidate:4b14bb63bbf133005ea6286c	semantic-relation:ac6661ce6ecdeed389bbec99	COMPONENT_OF	COMPOUND_COMPONENT_PARSE_REQUIRES_REVIEW	true
semantic-candidate:4b15cd996abf468385b4b037	semantic-relation:10406d7a61a75add3ba79a0b	INSTANCE_OR_SPECIFIC_FORM_OF	V2_CONTAINMENT_CANDIDATE_NOT_EQUIVALENCE	true
semantic-candidate:4b253d417259d80a160f4fc4	semantic-relation:721e371c00ac1348c15e657e	COMPONENT_OF	COMPOUND_COMPONENT_PARSE_REQUIRES_REVIEW	true
semantic-candidate:4b2e378f1ce241ccaed44743	semantic-relation:0731b15dc4adeea3c4c41802	INSTANCE_OR_SPECIFIC_FORM_OF	V2_CONTAINMENT_CANDIDATE_NOT_EQUIVALENCE	true
semantic-candidate:4b3e93bb5aa3c3dfa0f20542	semantic-relation:a82fcb6c426654f288fcfa65	INSTANCE_OR_SPECIFIC_FORM_OF	V2_CONTAINMENT_CANDIDATE_NOT_EQUIVALENCE	true
semantic-candidate:4b45047f6adc2bdf1f5bfc21	semantic-relation:ede876851ec5dde13313b77c	INSTANCE_OR_SPECIFIC_FORM_OF	V2_CONTAINMENT_CANDIDATE_NOT_EQUIVALENCE	true
semantic-candidate:4b46cf7b82979e160fe1c3f9	semantic-relation:c7913dcd0921a8917421f153	COMPONENT_OF	COMPOUND_COMPONENT_PARSE_REQUIRES_REVIEW	true
semantic-candidate:4b487d0e1be6a2f39ac6f3a2	semantic-relation:1bc24c8f050f03853f6455b9	INSTANCE_OR_SPECIFIC_FORM_OF	V2_CONTAINMENT_CANDIDATE_NOT_EQUIVALENCE	true
semantic-candidate:4b4c11f47146da7139074dad	semantic-relation:36bcc428e01d592f9ecd81e9	INSTANCE_OR_SPECIFIC_FORM_OF	V2_CONTAINMENT_CANDIDATE_NOT_EQUIVALENCE	true
semantic-candidate:4b78009981f4de6f4055088d	semantic-relation:4a00c6ddc7e85e0011eac1e6	COMPONENT_OF	COMPOUND_COMPONENT_PARSE_REQUIRES_REVIEW	true
semantic-candidate:4b7e1100eb2dd100f38ea6d4	semantic-relation:34dfe592386499fd7c9d9970	INSTANCE_OR_SPECIFIC_FORM_OF	V2_CONTAINMENT_CANDIDATE_NOT_EQUIVALENCE	true
semantic-candidate:4b82f0862e075ea098f9e254	semantic-relation:fb5fee0a52d6db89be4e9c07	COMPONENT_OF	COMPOUND_COMPONENT_PARSE_REQUIRES_REVIEW	true
semantic-candidate:4b832c863d3029c77be89742	semantic-relation:effb5491d9eac552dede4185	COMPONENT_OF	COMPOUND_COMPONENT_PARSE_REQUIRES_REVIEW	true
semantic-candidate:4ba0485ac8217b03747c06f8	semantic-relation:c5652defbc025dd9d6b0bfc0	INSTANCE_OR_SPECIFIC_FORM_OF	V2_CONTAINMENT_CANDIDATE_NOT_EQUIVALENCE	true
semantic-candidate:4ba9c29c63f0f0282c137aab	semantic-relation:c0992b64a0389110c18aee07	COMPONENT_OF	COMPOUND_COMPONENT_PARSE_REQUIRES_REVIEW	true
semantic-candidate:4baba74edba819d21bb1db30	semantic-relation:ebf978c7e56c8592f8ae6ab8	MODIFIES	MODIFIER_PARSE_REQUIRES_REVIEW	true
semantic-candidate:4baef14c5e6679f900e4145e	semantic-relation:72f3e372e5c9e2694bc8d8eb	INSTANCE_OR_SPECIFIC_FORM_OF	V2_CONTAINMENT_CANDIDATE_NOT_EQUIVALENCE	true
semantic-candidate:4bbbb500e09c1c6d65e88f14	semantic-relation:448a5464c210ce42ed7a8176	COMPONENT_OF	COMPOUND_COMPONENT_PARSE_REQUIRES_REVIEW	true
semantic-candidate:4bbde231463fc59d3c868813	semantic-relation:3d9c49363f6220164787b3fa	INSTANCE_OR_SPECIFIC_FORM_OF	V2_CONTAINMENT_CANDIDATE_NOT_EQUIVALENCE	true
semantic-candidate:4bc87f98dd1beae3fddcfe27	semantic-relation:c947f418c74a6d9b80e5d0e1	INSTANCE_OR_SPECIFIC_FORM_OF	V2_CONTAINMENT_CANDIDATE_NOT_EQUIVALENCE	true
semantic-candidate:4bcee8713bfb0915daa98156	semantic-relation:459b4484a86d545b5c81ae0d	INSTANCE_OR_SPECIFIC_FORM_OF	V2_CONTAINMENT_CANDIDATE_NOT_EQUIVALENCE	true
semantic-candidate:4be4d97f931acd276dcad227	semantic-relation:501e6d6eab0253c0a204ef7e	COMPONENT_OF	COMPOUND_COMPONENT_PARSE_REQUIRES_REVIEW	true
semantic-candidate:4bf6aa385c4e34aecfb81b39	semantic-relation:7c52f9cd907ccad51064c6d5	INSTANCE_OR_SPECIFIC_FORM_OF	V2_CONTAINMENT_CANDIDATE_NOT_EQUIVALENCE	true
semantic-candidate:4c19d0d7714477f35f1c89e1	semantic-relation:aebc0b01d4f500c012f56c67	COMPONENT_OF	COMPOUND_COMPONENT_PARSE_REQUIRES_REVIEW	true
semantic-candidate:4c354819ee4829d4eeae8339	semantic-relation:22eb4802dfe92330d212a213	INSTANCE_OR_SPECIFIC_FORM_OF	V2_CONTAINMENT_CANDIDATE_NOT_EQUIVALENCE	true
semantic-candidate:4c3a0674ecfc7dd243930a68	semantic-relation:a60b94c72e94f0471fbf8b99	INSTANCE_OR_SPECIFIC_FORM_OF	V2_CONTAINMENT_CANDIDATE_NOT_EQUIVALENCE	true
semantic-candidate:4c42321249cb9da5ebaaddc3	semantic-relation:59b6cb0020df9908983aa70a	INSTANCE_OR_SPECIFIC_FORM_OF	V2_CONTAINMENT_CANDIDATE_NOT_EQUIVALENCE	true
semantic-candidate:4c4b7ffe403773975f6b5b6d	semantic-relation:5af14bb5c8c9558ab64f69c3	COMPONENT_OF	COMPOUND_COMPONENT_PARSE_REQUIRES_REVIEW	true
semantic-candidate:4c6e99ea7857e159ff78f14f	semantic-relation:a9e1ecc226bb4b8d266184a5	INSTANCE_OR_SPECIFIC_FORM_OF	V2_CONTAINMENT_CANDIDATE_NOT_EQUIVALENCE	true
semantic-candidate:4c7017de197bb03b3561e732	semantic-relation:7569c8e3bad629af2f928db0	COMPONENT_OF	COMPOUND_COMPONENT_PARSE_REQUIRES_REVIEW	true
semantic-candidate:4c8c9955a48f8d3e5cadda5d	semantic-relation:baa662ffa0702305346c5b48	INSTANCE_OR_SPECIFIC_FORM_OF	V2_CONTAINMENT_CANDIDATE_NOT_EQUIVALENCE	true
semantic-candidate:4c9347ad5bc8d1c84c4e455c	semantic-relation:fabb1fb023b910039fd9f45b	COMPONENT_OF	COMPOUND_COMPONENT_PARSE_REQUIRES_REVIEW	true
semantic-candidate:4c9de2caa0380970d4156050	semantic-relation:e9b4db2504ff893c6b84c0d3	COMPONENT_OF	COMPOUND_COMPONENT_PARSE_REQUIRES_REVIEW	true
semantic-candidate:4ca54c73558d10a0f8cbc8c0	semantic-relation:770f15f8854844b762aeefdf	INSTANCE_OR_SPECIFIC_FORM_OF	V2_CONTAINMENT_CANDIDATE_NOT_EQUIVALENCE	true
semantic-candidate:4cff79724d46703bc562f2d3	semantic-relation:c69632dcb84e28efbc02055a	COMPONENT_OF	COMPOUND_COMPONENT_PARSE_REQUIRES_REVIEW	true
semantic-candidate:4d05e513bf9bb5b15fa45643	semantic-relation:c1d4582124234f1d5557981f	INSTANCE_OR_SPECIFIC_FORM_OF	V2_CONTAINMENT_CANDIDATE_NOT_EQUIVALENCE	true
semantic-candidate:4d069b5c534bbc90529ee61c	semantic-relation:d878a76100eaf9119cf7cf49	INSTANCE_OR_SPECIFIC_FORM_OF	V2_CONTAINMENT_CANDIDATE_NOT_EQUIVALENCE	true
semantic-candidate:4d0fc45d1e400f33be0ceef1	semantic-relation:465d562d5cd6a45f06c8535d	COMPONENT_OF	COMPOUND_COMPONENT_PARSE_REQUIRES_REVIEW	true
semantic-candidate:4d23d58b05d10c5183d8cb6d	semantic-relation:f92ab96508f7cd4f884e2e59	COMPONENT_OF	COMPOUND_COMPONENT_PARSE_REQUIRES_REVIEW	true
semantic-candidate:4d2e58cbae4d6f0ea0f54390	semantic-relation:b1fe8a6da024ef69f14d822b	INSTANCE_OR_SPECIFIC_FORM_OF	V2_CONTAINMENT_CANDIDATE_NOT_EQUIVALENCE	true
semantic-candidate:4d359917e87a6341fb8691b6	semantic-relation:e09e86631024ecaa81861135	INSTANCE_OR_SPECIFIC_FORM_OF	V2_CONTAINMENT_CANDIDATE_NOT_EQUIVALENCE	true
semantic-candidate:4d5708bbb1c5832e228b59ea	semantic-relation:cd83f78d166ca8b627d1a007	INSTANCE_OR_SPECIFIC_FORM_OF	V2_CONTAINMENT_CANDIDATE_NOT_EQUIVALENCE	true
semantic-candidate:4d91748c58c75667f1a2c514	semantic-relation:08ab412e4aebfb2eddb83c24	INSTANCE_OR_SPECIFIC_FORM_OF	V2_CONTAINMENT_CANDIDATE_NOT_EQUIVALENCE	true
semantic-candidate:4d923e538bd690d50c71e87e	semantic-relation:2b333f2adca1bd496088aef3	COMPONENT_OF	COMPOUND_COMPONENT_PARSE_REQUIRES_REVIEW	true
semantic-candidate:4d974ec6377bc141f9433e59	semantic-relation:1aa3c14b38f5dfcd00c7af74	INSTANCE_OR_SPECIFIC_FORM_OF	V2_CONTAINMENT_CANDIDATE_NOT_EQUIVALENCE	true
semantic-candidate:4d98372171abeb464b46c456	semantic-relation:db3825311441dd634598791d	INSTANCE_OR_SPECIFIC_FORM_OF	V2_CONTAINMENT_CANDIDATE_NOT_EQUIVALENCE	true
semantic-candidate:4dab19ccc229f620a00baeb2	semantic-relation:2231ffae3e5706861805d4df	COMPONENT_OF	COMPOUND_COMPONENT_PARSE_REQUIRES_REVIEW	true
semantic-candidate:4dc8eabaca781bf6f0d0db93	semantic-relation:0c58ba87ad7c73323fef15fe	INSTANCE_OR_SPECIFIC_FORM_OF	V2_CONTAINMENT_CANDIDATE_NOT_EQUIVALENCE	true
semantic-candidate:4ded2befd1e923aeda4cade5	semantic-relation:82866ceb84a7864d160a5a83	COMPONENT_OF	COMPOUND_COMPONENT_PARSE_REQUIRES_REVIEW	true
semantic-candidate:4defbee2e5425988bcac444e	semantic-relation:b82ba3bb82d373a1d1b52a98	MODIFIES	MODIFIER_PARSE_REQUIRES_REVIEW	true
semantic-candidate:4deff1e22607b8ee039b316d	semantic-relation:b257e69e495d77b3afcbd8d7	INSTANCE_OR_SPECIFIC_FORM_OF	V2_CONTAINMENT_CANDIDATE_NOT_EQUIVALENCE	true
semantic-candidate:4df78168c2eeff03ab970d54	semantic-relation:a095d0c6282423408cff1761	COMPONENT_OF	COMPOUND_COMPONENT_PARSE_REQUIRES_REVIEW	true
semantic-candidate:4e039658fe673029d59c31ad	semantic-relation:94fa4aae29547c33f2bdbe48	COMPONENT_OF	COMPOUND_COMPONENT_PARSE_REQUIRES_REVIEW	true
semantic-candidate:4e1573da5603b450a5966bce	semantic-relation:9653b064be3e6a7cd40c0a28	MODIFIES	MODIFIER_PARSE_REQUIRES_REVIEW	true
semantic-candidate:4e1b4d263823818c3b9b4fd6	semantic-relation:fe98b0efc4510875da50acf4	COMPONENT_OF	COMPOUND_COMPONENT_PARSE_REQUIRES_REVIEW	true
semantic-candidate:4e320e83e5188570efa77086	semantic-relation:8c7059036e2bb8ff322eb4c6	INSTANCE_OR_SPECIFIC_FORM_OF	V2_CONTAINMENT_CANDIDATE_NOT_EQUIVALENCE	true
semantic-candidate:4e3a4b568ca8c37bc81ac453	semantic-relation:3fec6e20ac8a210d084ed447	INSTANCE_OR_SPECIFIC_FORM_OF	V2_CONTAINMENT_CANDIDATE_NOT_EQUIVALENCE	true
semantic-candidate:4e40e8f495e9b74e244760cc	semantic-relation:7f7e6d99eae0be977fbe0665	COMPONENT_OF	COMPOUND_COMPONENT_PARSE_REQUIRES_REVIEW	true
semantic-candidate:4e467e82add0184476bd7bef	semantic-relation:ea4844d8ee0d78f6541fec10	COMPONENT_OF	COMPOUND_COMPONENT_PARSE_REQUIRES_REVIEW	true
semantic-candidate:4e5936e6dfb64404c1c1aaaf	semantic-relation:c851dc62bf99db660cea9e50	COMPONENT_OF	COMPOUND_COMPONENT_PARSE_REQUIRES_REVIEW	true
semantic-candidate:4e5d7919bfcd67dc01ef144e	semantic-relation:7809daf9096630fea8c79a3c	COMPONENT_OF	COMPOUND_COMPONENT_PARSE_REQUIRES_REVIEW	true
semantic-candidate:4e6698db89a51f4b7c753cb2	semantic-relation:0a5c1a633e926922301085c9	MODIFIES	MODIFIER_PARSE_REQUIRES_REVIEW	true
semantic-candidate:4e9a6ae010c6335bcc730760	semantic-relation:d248e9c4d5e461c3e9c7e665	COMPONENT_OF	COMPOUND_COMPONENT_PARSE_REQUIRES_REVIEW	true
semantic-candidate:4e9b96d7cb60937e47512a80	semantic-relation:87f12838bee5cef4a52209a7	COMPONENT_OF	COMPOUND_COMPONENT_PARSE_REQUIRES_REVIEW	true
semantic-candidate:4ead06c7ca9880f163830466	semantic-relation:5401462e221d946bdbf95db1	INSTANCE_OR_SPECIFIC_FORM_OF	V2_CONTAINMENT_CANDIDATE_NOT_EQUIVALENCE	true
semantic-candidate:4eb347cde80763385e2b2076	semantic-relation:e07030880ee1b886f68ba027	INSTANCE_OR_SPECIFIC_FORM_OF	V2_CONTAINMENT_CANDIDATE_NOT_EQUIVALENCE	true
semantic-candidate:4eb4d3a85f382f4544195636	semantic-relation:1c00adf6e0c466fc05dd156c	COMPONENT_OF	COMPOUND_COMPONENT_PARSE_REQUIRES_REVIEW	true
semantic-candidate:4ed78fe1ec75b7d13c0d9aca	semantic-relation:29bf47f4f465e2d81c647c73	COMPONENT_OF	COMPOUND_COMPONENT_PARSE_REQUIRES_REVIEW	true
semantic-candidate:4ede465491f190e2d4a33f39	semantic-relation:64087a4cc53938b65bf7480f	INSTANCE_OR_SPECIFIC_FORM_OF	V2_CONTAINMENT_CANDIDATE_NOT_EQUIVALENCE	true
semantic-candidate:4ef832944ee12f2ec6e55ce1	semantic-relation:5ae5f1d7b483506bd331ffd2	INSTANCE_OR_SPECIFIC_FORM_OF	V2_CONTAINMENT_CANDIDATE_NOT_EQUIVALENCE	true
semantic-candidate:4f00f0fcd20644f78429a9f5	semantic-relation:a77ab92255de8ae420bf3204	COMPONENT_OF	COMPOUND_COMPONENT_PARSE_REQUIRES_REVIEW	true
semantic-candidate:4f12e16569de2c7d3b29ecd6	semantic-relation:3ab8663b1bd4f290ec677e01	INSTANCE_OR_SPECIFIC_FORM_OF	V2_CONTAINMENT_CANDIDATE_NOT_EQUIVALENCE	true
semantic-candidate:4f144c443149e94952606fd6	semantic-relation:75bf9fa272d6bf63a405825e	INSTANCE_OR_SPECIFIC_FORM_OF	V2_CONTAINMENT_CANDIDATE_NOT_EQUIVALENCE	true
semantic-candidate:4f20feb603798ba577769680	semantic-relation:47c6c1ca4d8357e3d1aadf85	COMPONENT_OF	COMPOUND_COMPONENT_PARSE_REQUIRES_REVIEW	true
semantic-candidate:4f290e104ff5e74478b31529	semantic-relation:874a43b2aef44698843164cc	INSTANCE_OR_SPECIFIC_FORM_OF	V2_CONTAINMENT_CANDIDATE_NOT_EQUIVALENCE	true
semantic-candidate:4f347b7831a33c284a53422b	semantic-relation:c16e6a37b4ca18447fdad538	COMPONENT_OF	COMPOUND_COMPONENT_PARSE_REQUIRES_REVIEW	true
semantic-candidate:4f6d93c7d0214eb7fb9a6276	semantic-relation:7c23945223fd45db5ffb8686	COMPONENT_OF	COMPOUND_COMPONENT_PARSE_REQUIRES_REVIEW	true
semantic-candidate:4f6f79f63b0c6139aa3fb6b7	semantic-relation:bf5670889a7024a0b9e93afd	COMPONENT_OF	COMPOUND_COMPONENT_PARSE_REQUIRES_REVIEW	true
semantic-candidate:4f7b8398bef72a2414b3d00d	semantic-relation:7397b1c53fa03e61e15f8ca6	INSTANCE_OR_SPECIFIC_FORM_OF	V2_CONTAINMENT_CANDIDATE_NOT_EQUIVALENCE	true
semantic-candidate:4fa636886615564cd8d18373	semantic-relation:0e52e059aa475d8c09c6c049	INSTANCE_OR_SPECIFIC_FORM_OF	V2_CONTAINMENT_CANDIDATE_NOT_EQUIVALENCE	true
semantic-candidate:4faff14032aac8b6cb6a2484	semantic-relation:9528b18f7af95244aa558381	COMPONENT_OF	COMPOUND_COMPONENT_PARSE_REQUIRES_REVIEW	true
semantic-candidate:4fbf5d2b60ee8e2c12171c86	semantic-relation:3e9be175b70dbd6433c74d4e	INSTANCE_OR_SPECIFIC_FORM_OF	V2_CONTAINMENT_CANDIDATE_NOT_EQUIVALENCE	true
semantic-candidate:4fc212f11b2932c8906c2474	semantic-relation:6191f1218e9589c70d343b76	INSTANCE_OR_SPECIFIC_FORM_OF	V2_CONTAINMENT_CANDIDATE_NOT_EQUIVALENCE	true
semantic-candidate:4fc2575a2b402188a9e77828	semantic-relation:76a967b4039169a57862ad65	COMPONENT_OF	COMPOUND_COMPONENT_PARSE_REQUIRES_REVIEW	true
semantic-candidate:4fd7beff52907e927e80f50c	semantic-relation:27d28505056e981c842c058e	COMPONENT_OF	COMPOUND_COMPONENT_PARSE_REQUIRES_REVIEW	true
semantic-candidate:4fe70027bc6372ec6591e730	semantic-relation:d9210430346dcf197ad5ca97	COMPONENT_OF	COMPOUND_COMPONENT_PARSE_REQUIRES_REVIEW	true
semantic-candidate:4ff0e473f8bc52610a975f46	semantic-relation:a2df842fe14dc7f0c568468c	INSTANCE_OR_SPECIFIC_FORM_OF	V2_CONTAINMENT_CANDIDATE_NOT_EQUIVALENCE	true
semantic-candidate:4ff240de90c22dee4506c370	semantic-relation:1f0fa33dc2807372e2f5805a	COMPONENT_OF	COMPOUND_COMPONENT_PARSE_REQUIRES_REVIEW	true
semantic-candidate:4ff3d700def24e38ba6c8158	semantic-relation:fb6fe2beff5d56a63dd4a629	COMPONENT_OF	COMPOUND_COMPONENT_PARSE_REQUIRES_REVIEW	true
semantic-candidate:4ff8781bb67455f96a78d233	semantic-relation:3beeb8e6dac4b2591633a807	COMPONENT_OF	COMPOUND_COMPONENT_PARSE_REQUIRES_REVIEW	true
semantic-candidate:50029a11ac40a564bb6c69bb	semantic-relation:8f157167c4da899aea90dcf7	COMPONENT_OF	COMPOUND_COMPONENT_PARSE_REQUIRES_REVIEW	true
semantic-candidate:501a3d34430be359edf16ecd	semantic-relation:d98b00e5022a537ee3bee6ec	INSTANCE_OR_SPECIFIC_FORM_OF	V2_CONTAINMENT_CANDIDATE_NOT_EQUIVALENCE	true
semantic-candidate:5030f1667e3fce405060a5b1	semantic-relation:3672443a47744bd3f0c793f7	COMPONENT_OF	COMPOUND_COMPONENT_PARSE_REQUIRES_REVIEW	true
semantic-candidate:5035880036ea602f15cbeabf	semantic-relation:b0c15388b8178a311a23cbc1	COMPONENT_OF	COMPOUND_COMPONENT_PARSE_REQUIRES_REVIEW	true
semantic-candidate:5037535b33618dad3b9bbbd2	semantic-relation:b0bb15e1d5e8d079d1efd406	COMPONENT_OF	COMPOUND_COMPONENT_PARSE_REQUIRES_REVIEW	true
semantic-candidate:503a2b53e4a89d0cf310787c	semantic-relation:b8a429b0a5c9fa12933c692f	COMPONENT_OF	COMPOUND_COMPONENT_PARSE_REQUIRES_REVIEW	true
semantic-candidate:503cc3bfb38f321ad04a544e	semantic-relation:d7b2051146e439396c2b3b48	COMPONENT_OF	COMPOUND_COMPONENT_PARSE_REQUIRES_REVIEW	true
semantic-candidate:5062b7a3d0e75ecdc87e0f4d	semantic-relation:16793fabd92c44f8c6c9b088	INSTANCE_OR_SPECIFIC_FORM_OF	V2_CONTAINMENT_CANDIDATE_NOT_EQUIVALENCE	true
semantic-candidate:5068739bc99c60004e75a643	semantic-relation:2c4eb6afdf9fcf0816353f94	INSTANCE_OR_SPECIFIC_FORM_OF	V2_CONTAINMENT_CANDIDATE_NOT_EQUIVALENCE	true
semantic-candidate:507834c727b50f6112d76433	semantic-relation:077c1a1f5b2b6fa73c0e5877	MODIFIES	MODIFIER_PARSE_REQUIRES_REVIEW	true
semantic-candidate:508c78046dbddc8e08826d8d	semantic-relation:297ef55e1e8f4225f5a465a9	COMPONENT_OF	COMPOUND_COMPONENT_PARSE_REQUIRES_REVIEW	true
semantic-candidate:508ed618598789a48c0bcfc5	semantic-relation:782788f755eb6a2d78cb5bb8	COMPONENT_OF	COMPOUND_COMPONENT_PARSE_REQUIRES_REVIEW	true
semantic-candidate:50ad190e39f892f36876d51b	semantic-relation:9f557c17bdc1a4b1e61e7b29	INSTANCE_OR_SPECIFIC_FORM_OF	V2_CONTAINMENT_CANDIDATE_NOT_EQUIVALENCE	true
semantic-candidate:50b3481e812dc8684f3cd2a3	semantic-relation:bf2ce71a80478867815ac9fc	INSTANCE_OR_SPECIFIC_FORM_OF	V2_CONTAINMENT_CANDIDATE_NOT_EQUIVALENCE	true
semantic-candidate:50b7a0ff21a20698408f5c96	semantic-relation:224d5890d28eac095173d0d3	COMPONENT_OF	COMPOUND_COMPONENT_PARSE_REQUIRES_REVIEW	true
semantic-candidate:50d85fc97b8e51dbbaa40249	semantic-relation:edb838d6714a43cc845a4e35	COMPONENT_OF	COMPOUND_COMPONENT_PARSE_REQUIRES_REVIEW	true
semantic-candidate:50d9a920c687e9762ae23084	semantic-relation:a8b0889679dba6cd3e943348	INSTANCE_OR_SPECIFIC_FORM_OF	V2_CONTAINMENT_CANDIDATE_NOT_EQUIVALENCE	true
semantic-candidate:50e0f1258b2629b2dd4edea0	semantic-relation:3abbdd5da84ddda901f862ae	MODIFIES	MODIFIER_PARSE_REQUIRES_REVIEW	true
semantic-candidate:50f4791dd1172c8a0347d67c	semantic-relation:b438ac59ad5fbe25e1f67189	MODIFIES	MODIFIER_PARSE_REQUIRES_REVIEW	true
semantic-candidate:50fdcb5453155545d5c9b223	semantic-relation:077cc7a65b97812565f58ebe	MODIFIES	MODIFIER_PARSE_REQUIRES_REVIEW	true
semantic-candidate:5102f29a2edd58f27c9cb1e1	semantic-relation:ff5116a84338033a79fb098d	INSTANCE_OR_SPECIFIC_FORM_OF	V2_CONTAINMENT_CANDIDATE_NOT_EQUIVALENCE	true
semantic-candidate:511cde80d754b5a5b4bcc8ed	semantic-relation:bd8325db27f1d803f66e86c3	INSTANCE_OR_SPECIFIC_FORM_OF	V2_CONTAINMENT_CANDIDATE_NOT_EQUIVALENCE	true
semantic-candidate:511e1f81d5efa571277dea19	semantic-relation:e5add8ff5220f40de6051756	COMPONENT_OF	COMPOUND_COMPONENT_PARSE_REQUIRES_REVIEW	true
semantic-candidate:5142c9764cf4b4faebecc356	semantic-relation:3d706f300ab70850f8341ce9	MODIFIES	MODIFIER_PARSE_REQUIRES_REVIEW	true
semantic-candidate:51534219d4c1b47b4f20b91b	semantic-relation:226acdd6ba924683aaff7d3d	MODIFIES	MODIFIER_PARSE_REQUIRES_REVIEW	true
semantic-candidate:51542d6804e705fae46759e1	semantic-relation:efd161fac97e04edfc67f589	INSTANCE_OR_SPECIFIC_FORM_OF	V2_CONTAINMENT_CANDIDATE_NOT_EQUIVALENCE	true
semantic-candidate:515f3327fc5e6879b5a9f176	semantic-relation:4ef15f006d3fe3c507ffbfc8	INSTANCE_OR_SPECIFIC_FORM_OF	V2_CONTAINMENT_CANDIDATE_NOT_EQUIVALENCE	true
semantic-candidate:51626ade9bcc3c92c0ae6582	semantic-relation:db2922dacd52013d62d4e600	INSTANCE_OR_SPECIFIC_FORM_OF	V2_CONTAINMENT_CANDIDATE_NOT_EQUIVALENCE	true
semantic-candidate:5173851400e49283469fcfea	semantic-relation:3e176eaf9c16d5f379a7e5ef	COMPONENT_OF	COMPOUND_COMPONENT_PARSE_REQUIRES_REVIEW	true
semantic-candidate:517a6a5137291bebcb0da189	semantic-relation:f5a40707f232044c49c6db20	MODIFIES	MODIFIER_PARSE_REQUIRES_REVIEW	true
semantic-candidate:517e657e3ff55bb58de9f4fa	semantic-relation:d86012192c3af603a13e6372	INSTANCE_OR_SPECIFIC_FORM_OF	V2_CONTAINMENT_CANDIDATE_NOT_EQUIVALENCE	true
semantic-candidate:517ea0eef339d5fa479a42d1	semantic-relation:5a55436f0f6826f86d7b196f	INSTANCE_OR_SPECIFIC_FORM_OF	V2_CONTAINMENT_CANDIDATE_NOT_EQUIVALENCE	true
semantic-candidate:51863ab6c86f06ac3cedabc1	semantic-relation:a5399d194aa701bbe079f9cb	COMPONENT_OF	COMPOUND_COMPONENT_PARSE_REQUIRES_REVIEW	true
semantic-candidate:5198e314d900b1c0f0b344d0	semantic-relation:4e57f8f3db5e0e7d8d121fe5	INSTANCE_OR_SPECIFIC_FORM_OF	V2_CONTAINMENT_CANDIDATE_NOT_EQUIVALENCE	true
semantic-candidate:5199847b9d8b9405f5a54385	semantic-relation:b1f6c25cc043868994fd134b	COMPONENT_OF	COMPOUND_COMPONENT_PARSE_REQUIRES_REVIEW	true
semantic-candidate:51a4732af66ea1629abee44a	semantic-relation:34db58a7268ed558d5d23fe9	INSTANCE_OR_SPECIFIC_FORM_OF	V2_CONTAINMENT_CANDIDATE_NOT_EQUIVALENCE	true
semantic-candidate:51a62ae78cd5ab810109d030	semantic-relation:1e6f64b7e7fc23bcb0b35315	INSTANCE_OR_SPECIFIC_FORM_OF	V2_CONTAINMENT_CANDIDATE_NOT_EQUIVALENCE	true
semantic-candidate:51ad3a09396e47df5a7393b0	semantic-relation:1ff70a0a6ab09de9bb14a8f4	COMPONENT_OF	COMPOUND_COMPONENT_PARSE_REQUIRES_REVIEW	true
semantic-candidate:51cb05bb2d15e9dc05ef1bc9	semantic-relation:254ab35de75575532d44a01c	COMPONENT_OF	COMPOUND_COMPONENT_PARSE_REQUIRES_REVIEW	true
semantic-candidate:51e0c690ac1d94f8a1a917dd	semantic-relation:095cf9f62b9c6c3749bfad19	INSTANCE_OR_SPECIFIC_FORM_OF	V2_CONTAINMENT_CANDIDATE_NOT_EQUIVALENCE	true
semantic-candidate:52032f77005c4b0a71783bbe	semantic-relation:76165fba7b2fbe5510fecf1f	INSTANCE_OR_SPECIFIC_FORM_OF	V2_CONTAINMENT_CANDIDATE_NOT_EQUIVALENCE	true
semantic-candidate:5209b3e7f336748e66d5d7d9	semantic-relation:19eb7cd0074043474e6976c2	INSTANCE_OR_SPECIFIC_FORM_OF	V2_CONTAINMENT_CANDIDATE_NOT_EQUIVALENCE	true
semantic-candidate:5224214011e375347574e9a6	semantic-relation:8ce5ab02ab758c7adfaf82ca	COMPONENT_OF	COMPOUND_COMPONENT_PARSE_REQUIRES_REVIEW	true
semantic-candidate:522589fe1e9c1e70ee183fce	semantic-relation:a266b0b3b25050697b018f36	INSTANCE_OR_SPECIFIC_FORM_OF	V2_CONTAINMENT_CANDIDATE_NOT_EQUIVALENCE	true
semantic-candidate:52263d9c1424227adca171fa	semantic-relation:468e3beaf26e19b2a3997608	INSTANCE_OR_SPECIFIC_FORM_OF	V2_CONTAINMENT_CANDIDATE_NOT_EQUIVALENCE	true
semantic-candidate:522a16053abe3189642990de	semantic-relation:6fbbe12be2d0e86d7d338c81	INSTANCE_OR_SPECIFIC_FORM_OF	V2_CONTAINMENT_CANDIDATE_NOT_EQUIVALENCE	true
semantic-candidate:522f76cb4fe15aa1333dadf2	semantic-relation:f0995748b956d23e5eb32129	MODIFIES	MODIFIER_PARSE_REQUIRES_REVIEW	true
semantic-candidate:523448703e8a05d0c3eeef8e	semantic-relation:8d475ace656bd8859d5e9e3e	INSTANCE_OR_SPECIFIC_FORM_OF	V2_CONTAINMENT_CANDIDATE_NOT_EQUIVALENCE	true
semantic-candidate:523dc51d42ada87d6f43ef2f	semantic-relation:52b3a04b0b8f5928bd5397df	INSTANCE_OR_SPECIFIC_FORM_OF	V2_CONTAINMENT_CANDIDATE_NOT_EQUIVALENCE	true
semantic-candidate:5246a989352c2d1a2da94cf1	semantic-relation:b25ec3f0bb2f0be0f06698d8	INSTANCE_OR_SPECIFIC_FORM_OF	V2_CONTAINMENT_CANDIDATE_NOT_EQUIVALENCE	true
semantic-candidate:52487c9f689bfd7b01befcc9	semantic-relation:df3163c95dcd87a8be74973e	COMPONENT_OF	COMPOUND_COMPONENT_PARSE_REQUIRES_REVIEW	true
semantic-candidate:524c8cd0ff380065c338f2ba	semantic-relation:c28e8f98d40b8dc0606737dd	COMPONENT_OF	COMPOUND_COMPONENT_PARSE_REQUIRES_REVIEW	true
semantic-candidate:524f0377daf6a6793e4623a5	semantic-relation:8ded81c8d4eaefd8336b3ad4	MODIFIES	MODIFIER_PARSE_REQUIRES_REVIEW	true
semantic-candidate:524f7fbbb5409c2d60e14281	semantic-relation:750a72781209ac563869a19a	INSTANCE_OR_SPECIFIC_FORM_OF	V2_CONTAINMENT_CANDIDATE_NOT_EQUIVALENCE	true
semantic-candidate:5258375e6c9d6ab37db909d4	semantic-relation:da482992b0673298463c4586	COMPONENT_OF	COMPOUND_COMPONENT_PARSE_REQUIRES_REVIEW	true
semantic-candidate:525b27dea04afca513fc7bf7	semantic-relation:ee453b8d93626b51a9fec64c	INSTANCE_OR_SPECIFIC_FORM_OF	V2_CONTAINMENT_CANDIDATE_NOT_EQUIVALENCE	true
semantic-candidate:526c4591662e5998308d7f9f	semantic-relation:0dca33644b7f77ef6080db03	COMPONENT_OF	COMPOUND_COMPONENT_PARSE_REQUIRES_REVIEW	true
semantic-candidate:527e3a94d02a2c9ca794915b	semantic-relation:f627d6f551e1c798d519e652	COMPONENT_OF	COMPOUND_COMPONENT_PARSE_REQUIRES_REVIEW	true
semantic-candidate:52b25cbc486e32237fae7a7f	semantic-relation:7e4fb40b418b595c4e5690df	COMPONENT_OF	COMPOUND_COMPONENT_PARSE_REQUIRES_REVIEW	true
semantic-candidate:52c028bb457ca1568beeb39c	semantic-relation:39a0076e956c53e13e15a9c7	COMPONENT_OF	COMPOUND_COMPONENT_PARSE_REQUIRES_REVIEW	true
semantic-candidate:52c0da59a391a76948c1bd64	semantic-relation:ffe762f766dd42150767e9c0	INSTANCE_OR_SPECIFIC_FORM_OF	V2_CONTAINMENT_CANDIDATE_NOT_EQUIVALENCE	true
semantic-candidate:52e1f40fe70adac20b5b3fd3	semantic-relation:bc9f64f43be8bc915c5f40a0	INSTANCE_OR_SPECIFIC_FORM_OF	V2_CONTAINMENT_CANDIDATE_NOT_EQUIVALENCE	true
semantic-candidate:532aef39d6397ba1a33697ba	semantic-relation:0c107a0bc99196b8816dde03	COMPONENT_OF	COMPOUND_COMPONENT_PARSE_REQUIRES_REVIEW	true
semantic-candidate:533e94624a5d659397836394	semantic-relation:7db9ab1484b52de7a934a6fa	COMPONENT_OF	COMPOUND_COMPONENT_PARSE_REQUIRES_REVIEW	true
semantic-candidate:535663e8b0d2587e8d38b12a	semantic-relation:d1d0ab200ef850557d691b34	INSTANCE_OR_SPECIFIC_FORM_OF	V2_CONTAINMENT_CANDIDATE_NOT_EQUIVALENCE	true
semantic-candidate:5356f4654e99eb1ae0c8b259	semantic-relation:78f6d651730bededc63ef892	INSTANCE_OR_SPECIFIC_FORM_OF	V2_CONTAINMENT_CANDIDATE_NOT_EQUIVALENCE	true
semantic-candidate:53681e1abb3c813721503a47	semantic-relation:6f54e0284bdd4bc32ef9c5ca	INSTANCE_OR_SPECIFIC_FORM_OF	V2_CONTAINMENT_CANDIDATE_NOT_EQUIVALENCE	true
semantic-candidate:537a9a388ecfcf1fec3ab5a5	semantic-relation:cbc742daf648dbbef381dc1d	MODIFIES	MODIFIER_PARSE_REQUIRES_REVIEW	true
semantic-candidate:537b66e388912bda5d1ff953	semantic-relation:eea7c5ae8d06dd1343e1ba16	INSTANCE_OR_SPECIFIC_FORM_OF	V2_CONTAINMENT_CANDIDATE_NOT_EQUIVALENCE	true
semantic-candidate:538c9493b766086397fecafc	semantic-relation:33e73f94886f7463f25a60cd	COMPONENT_OF	COMPOUND_COMPONENT_PARSE_REQUIRES_REVIEW	true
semantic-candidate:5393af04a1666bd0aaf14cbc	semantic-relation:c3d9cef04660fe8518531adc	INSTANCE_OR_SPECIFIC_FORM_OF	V2_CONTAINMENT_CANDIDATE_NOT_EQUIVALENCE	true
semantic-candidate:539bf6d64831f0e353504abd	semantic-relation:c3839209a1b30b35ed087f85	INSTANCE_OR_SPECIFIC_FORM_OF	V2_CONTAINMENT_CANDIDATE_NOT_EQUIVALENCE	true
semantic-candidate:53a85c1a711f93ca2ac0a447	semantic-relation:198c1a0aa411f722d00f05a6	COMPONENT_OF	COMPOUND_COMPONENT_PARSE_REQUIRES_REVIEW	true
semantic-candidate:53adcdefac936519a478c494	semantic-relation:3c2e250675c5a2022d6aebab	COMPONENT_OF	COMPOUND_COMPONENT_PARSE_REQUIRES_REVIEW	true
semantic-candidate:53b277f653e1e653f2719099	semantic-relation:cb62b37b53d0c8852b7f1588	INSTANCE_OR_SPECIFIC_FORM_OF	V2_CONTAINMENT_CANDIDATE_NOT_EQUIVALENCE	true
semantic-candidate:53c1d619e0bec57b6de510cf	semantic-relation:177a2c2251f6a031b844554c	INSTANCE_OR_SPECIFIC_FORM_OF	V2_CONTAINMENT_CANDIDATE_NOT_EQUIVALENCE	true
semantic-candidate:53c432841fc63e7190e9a684	semantic-relation:6d338711799468ea252ba4ad	INSTANCE_OR_SPECIFIC_FORM_OF	V2_CONTAINMENT_CANDIDATE_NOT_EQUIVALENCE	true
semantic-candidate:53d293a688d781f701b178a2	semantic-relation:401ac5bbda1878868ac47bf7	INSTANCE_OR_SPECIFIC_FORM_OF	V2_CONTAINMENT_CANDIDATE_NOT_EQUIVALENCE	true
semantic-candidate:53f0329898e017138f7f7386	semantic-relation:2fdbd5f6aa67360f5014d1ca	COMPONENT_OF	COMPOUND_COMPONENT_PARSE_REQUIRES_REVIEW	true
semantic-candidate:53ff8bd959ea5c0431d273a9	semantic-relation:85551e06bd061c1f0a824190	COMPONENT_OF	COMPOUND_COMPONENT_PARSE_REQUIRES_REVIEW	true
semantic-candidate:5413e4ede986b86dae950118	semantic-relation:0146b16ca7621105ef028017	INSTANCE_OR_SPECIFIC_FORM_OF	V2_CONTAINMENT_CANDIDATE_NOT_EQUIVALENCE	true
semantic-candidate:541680bb9017e4b08520c900	semantic-relation:b35ce80e4d0ed33b9be02bf9	COMPONENT_OF	COMPOUND_COMPONENT_PARSE_REQUIRES_REVIEW	true
semantic-candidate:541d977e3834608e5848c51a	semantic-relation:e256af7f1b598c146dcc408b	COMPONENT_OF	COMPOUND_COMPONENT_PARSE_REQUIRES_REVIEW	true
semantic-candidate:5428f5a0877ed1ba0b42d626	semantic-relation:58664313f22be54bd091cf08	INSTANCE_OR_SPECIFIC_FORM_OF	V2_CONTAINMENT_CANDIDATE_NOT_EQUIVALENCE	true
semantic-candidate:543ddd62dbfe472596a59e3b	semantic-relation:ff1855825589b5321a24c81d	INSTANCE_OR_SPECIFIC_FORM_OF	V2_CONTAINMENT_CANDIDATE_NOT_EQUIVALENCE	true
semantic-candidate:54403663b0e9f90bb6c5ec1c	semantic-relation:02f1325a9d19d30d11307119	COMPONENT_OF	COMPOUND_COMPONENT_PARSE_REQUIRES_REVIEW	true
semantic-candidate:5448348574b11971038303e6	semantic-relation:1e88f2e8f34a007764e1b9fa	COMPONENT_OF	COMPOUND_COMPONENT_PARSE_REQUIRES_REVIEW	true
semantic-candidate:545abd7416fe3373694cb37b	semantic-relation:07bbcd558baa237f3ffa246e	INSTANCE_OR_SPECIFIC_FORM_OF	V2_CONTAINMENT_CANDIDATE_NOT_EQUIVALENCE	true
semantic-candidate:546bce4649a57837c9be8d38	semantic-relation:6b27835c6f927394dba06e17	COMPONENT_OF	COMPOUND_COMPONENT_PARSE_REQUIRES_REVIEW	true
semantic-candidate:548a28e4197126f693619e5f	semantic-relation:84d78e79ec3db38285db1eae	INSTANCE_OR_SPECIFIC_FORM_OF	V2_CONTAINMENT_CANDIDATE_NOT_EQUIVALENCE	true
semantic-candidate:549cda90be3aeb4c8071856d	semantic-relation:ec8fb21e85c980a535db6858	COMPONENT_OF	COMPOUND_COMPONENT_PARSE_REQUIRES_REVIEW	true
semantic-candidate:54a445259480324b623afc4f	semantic-relation:6ce9bc16d27a8e37403bebf1	INSTANCE_OR_SPECIFIC_FORM_OF	V2_CONTAINMENT_CANDIDATE_NOT_EQUIVALENCE	true
semantic-candidate:54a4a2439eb63c75f5deb618	semantic-relation:51c50348bffc9a8bc000114c	INSTANCE_OR_SPECIFIC_FORM_OF	V2_CONTAINMENT_CANDIDATE_NOT_EQUIVALENCE	true
semantic-candidate:54b28578a0052afced3ac2a4	semantic-relation:7d808dbff6f6bb14b4d05c99	COMPONENT_OF	COMPOUND_COMPONENT_PARSE_REQUIRES_REVIEW	true
semantic-candidate:54b532ae87e8ae8b41b89a56	semantic-relation:779a2299df923719af7c177a	COMPONENT_OF	COMPOUND_COMPONENT_PARSE_REQUIRES_REVIEW	true
semantic-candidate:54b5676f0792e8f3d3205615	semantic-relation:a19c702098ef0d9883a02c8f	COMPONENT_OF	COMPOUND_COMPONENT_PARSE_REQUIRES_REVIEW	true
semantic-candidate:54c7aa4d0ee821e60ccdb67f	semantic-relation:6d6f2a53e4c227baac9a17df	INSTANCE_OR_SPECIFIC_FORM_OF	V2_CONTAINMENT_CANDIDATE_NOT_EQUIVALENCE	true
semantic-candidate:54ce24e20d79b8b9a0db56df	semantic-relation:e79d7611f436c519b3a4f20e	INSTANCE_OR_SPECIFIC_FORM_OF	V2_CONTAINMENT_CANDIDATE_NOT_EQUIVALENCE	true
semantic-candidate:54e2955aaa55ee77e5a5687f	semantic-relation:9b7183b29aa0fa9cd649b1d5	INSTANCE_OR_SPECIFIC_FORM_OF	V2_CONTAINMENT_CANDIDATE_NOT_EQUIVALENCE	true
semantic-candidate:54feb6edb583923f235b9507	semantic-relation:d36976c51dca5d683d7b9a56	INSTANCE_OR_SPECIFIC_FORM_OF	V2_CONTAINMENT_CANDIDATE_NOT_EQUIVALENCE	true
semantic-candidate:5516de286cd3fcd8fe8a0e4e	semantic-relation:2dbbf49b9d15d48357b99587	INSTANCE_OR_SPECIFIC_FORM_OF	V2_CONTAINMENT_CANDIDATE_NOT_EQUIVALENCE	true
semantic-candidate:55237d10a3b1ee5f7106dde5	semantic-relation:34ca17596b990aad045a1242	COMPONENT_OF	COMPOUND_COMPONENT_PARSE_REQUIRES_REVIEW	true
semantic-candidate:55285cb7bf080bb7185cd0c3	semantic-relation:0d90aff37705fec611eaf0ad	COMPONENT_OF	COMPOUND_COMPONENT_PARSE_REQUIRES_REVIEW	true
semantic-candidate:5529df9b25423c80b8cefc81	semantic-relation:cc4715c24feecb6a1f1ead97	INSTANCE_OR_SPECIFIC_FORM_OF	V2_CONTAINMENT_CANDIDATE_NOT_EQUIVALENCE	true
semantic-candidate:5533080c5a009e7e5db3cc81	semantic-relation:22d17fc659466c1f5b11d26c	COMPONENT_OF	COMPOUND_COMPONENT_PARSE_REQUIRES_REVIEW	true
semantic-candidate:555986714e12c4f42bad0291	semantic-relation:ddcff7a84c1e0f5221bf4cdd	INSTANCE_OR_SPECIFIC_FORM_OF	V2_CONTAINMENT_CANDIDATE_NOT_EQUIVALENCE	true
semantic-candidate:555998a12ee4e2c741e241d8	semantic-relation:9776e1ebb1349f8a4241acb9	INSTANCE_OR_SPECIFIC_FORM_OF	V2_CONTAINMENT_CANDIDATE_NOT_EQUIVALENCE	true
semantic-candidate:555e05c3a890858053e47068	semantic-relation:938f12e65cf32c538228c787	INSTANCE_OR_SPECIFIC_FORM_OF	V2_CONTAINMENT_CANDIDATE_NOT_EQUIVALENCE	true
semantic-candidate:555fd8922dfc07ff3ddef811	semantic-relation:d2ba99275048786836b9f6bf	INSTANCE_OR_SPECIFIC_FORM_OF	V2_CONTAINMENT_CANDIDATE_NOT_EQUIVALENCE	true
semantic-candidate:5564fd8856088f771f2200f8	semantic-relation:ae1aa471cd855ec2c4e94d21	INSTANCE_OR_SPECIFIC_FORM_OF	V2_CONTAINMENT_CANDIDATE_NOT_EQUIVALENCE	true
semantic-candidate:5569aac28ca4731dc3d8b267	semantic-relation:05602b41521f033ffc5b7b68	COMPONENT_OF	COMPOUND_COMPONENT_PARSE_REQUIRES_REVIEW	true
semantic-candidate:556a96b0f0a4efbc12aa02fe	semantic-relation:8d1e115fb9b4cac5b80de785	COMPONENT_OF	COMPOUND_COMPONENT_PARSE_REQUIRES_REVIEW	true
semantic-candidate:55724b81c0a4a659201a438c	semantic-relation:be5cb3a1d3d40f114fe9b2f4	INSTANCE_OR_SPECIFIC_FORM_OF	V2_CONTAINMENT_CANDIDATE_NOT_EQUIVALENCE	true
semantic-candidate:5572b6b06a1ac9947da3e232	semantic-relation:60459b4f31fc565c3d7ba57e	COMPONENT_OF	COMPOUND_COMPONENT_PARSE_REQUIRES_REVIEW	true
semantic-candidate:55735852b0184986aaced699	semantic-relation:8f0cc9496dda80eb3718abce	INSTANCE_OR_SPECIFIC_FORM_OF	V2_CONTAINMENT_CANDIDATE_NOT_EQUIVALENCE	true
semantic-candidate:5582149b19edc8be6fb18b9b	semantic-relation:18c3ed2d6568b7879bcb43e7	INSTANCE_OR_SPECIFIC_FORM_OF	V2_CONTAINMENT_CANDIDATE_NOT_EQUIVALENCE	true
semantic-candidate:5582732893f477028a14f8dc	semantic-relation:85389460daec57c46dec509e	INSTANCE_OR_SPECIFIC_FORM_OF	V2_CONTAINMENT_CANDIDATE_NOT_EQUIVALENCE	true
semantic-candidate:55872f8dea4e5c0e87cf4e66	semantic-relation:07c68cc9c4b03707c97f9d2f	INSTANCE_OR_SPECIFIC_FORM_OF	V2_CONTAINMENT_CANDIDATE_NOT_EQUIVALENCE	true
semantic-candidate:558b5c68def03aa287d80f9c	semantic-relation:636fe1c766a8c63dbd301bb2	COMPONENT_OF	COMPOUND_COMPONENT_PARSE_REQUIRES_REVIEW	true
semantic-candidate:55902bca277b3eedcbe4060c	semantic-relation:f724dae6ac8716a92b4c1a2a	INSTANCE_OR_SPECIFIC_FORM_OF	V2_CONTAINMENT_CANDIDATE_NOT_EQUIVALENCE	true
semantic-candidate:559292aa32a44722c3bd1616	semantic-relation:467cfb2ed2045fe1ac7396bd	INSTANCE_OR_SPECIFIC_FORM_OF	V2_CONTAINMENT_CANDIDATE_NOT_EQUIVALENCE	true
semantic-candidate:55a072b606b8e4796b70236a	semantic-relation:8a8ee77f521b762b2015ef5b	COMPONENT_OF	COMPOUND_COMPONENT_PARSE_REQUIRES_REVIEW	true
semantic-candidate:55a390213028027c754ed362	semantic-relation:93947095114cf96b48fd13b1	COMPONENT_OF	COMPOUND_COMPONENT_PARSE_REQUIRES_REVIEW	true
semantic-candidate:55abc2a7a27cb1f838be6909	semantic-relation:df1899b2f2302dadbc70dda6	INSTANCE_OR_SPECIFIC_FORM_OF	V2_CONTAINMENT_CANDIDATE_NOT_EQUIVALENCE	true
semantic-candidate:55b1f40f92e865a2090aca71	semantic-relation:989c234ae7af242074d29e7c	INSTANCE_OR_SPECIFIC_FORM_OF	V2_CONTAINMENT_CANDIDATE_NOT_EQUIVALENCE	true
semantic-candidate:55b607b725008c014e8cf825	semantic-relation:47e26073a0983adb8fde5245	INSTANCE_OR_SPECIFIC_FORM_OF	V2_CONTAINMENT_CANDIDATE_NOT_EQUIVALENCE	true
semantic-candidate:55b61daeac3d2e593493cf82	semantic-relation:f18125eea5efa764d44a8c74	INSTANCE_OR_SPECIFIC_FORM_OF	V2_CONTAINMENT_CANDIDATE_NOT_EQUIVALENCE	true
semantic-candidate:55e019add210f13ac68aff84	semantic-relation:5666d8a1029b4e290f55ae48	INSTANCE_OR_SPECIFIC_FORM_OF	V2_CONTAINMENT_CANDIDATE_NOT_EQUIVALENCE	true
semantic-candidate:55e4ad85df0c593921de1fb9	semantic-relation:45ec1938092e7dade13b8f06	COMPONENT_OF	COMPOUND_COMPONENT_PARSE_REQUIRES_REVIEW	true
semantic-candidate:55e927b89f15316e51c30ec8	semantic-relation:fd385274fbcc53420dd79875	INSTANCE_OR_SPECIFIC_FORM_OF	V2_CONTAINMENT_CANDIDATE_NOT_EQUIVALENCE	true
semantic-candidate:564dc3f16ffb93c9d9d88d94	semantic-relation:dd6fb3f968b974e086ba59a1	COMPONENT_OF	COMPOUND_COMPONENT_PARSE_REQUIRES_REVIEW	true
semantic-candidate:5659635c4f2dc6e8ee00eb80	semantic-relation:2eb6a8d7001b94a9a3415f68	INSTANCE_OR_SPECIFIC_FORM_OF	V2_CONTAINMENT_CANDIDATE_NOT_EQUIVALENCE	true
semantic-candidate:566f2710fcef0709dfdee792	semantic-relation:27b6a2e3a10d1398d513a8df	COMPONENT_OF	COMPOUND_COMPONENT_PARSE_REQUIRES_REVIEW	true
semantic-candidate:567136346ec67b7438b8a460	semantic-relation:a09c61bfb8553acb27a444bb	INSTANCE_OR_SPECIFIC_FORM_OF	V2_CONTAINMENT_CANDIDATE_NOT_EQUIVALENCE	true
semantic-candidate:567563197902c41e17b1900c	semantic-relation:99ac0fd4cfe76d6745f3c1aa	COMPONENT_OF	COMPOUND_COMPONENT_PARSE_REQUIRES_REVIEW	true
semantic-candidate:56789d58de627950016ba2c1	semantic-relation:f16332de0c28b5856975848d	INSTANCE_OR_SPECIFIC_FORM_OF	V2_CONTAINMENT_CANDIDATE_NOT_EQUIVALENCE	true
semantic-candidate:56ad6de456c6728e5a2c8e0c	semantic-relation:3ab633a3385c935ed8a618f3	COMPONENT_OF	COMPOUND_COMPONENT_PARSE_REQUIRES_REVIEW	true
semantic-candidate:56b8cca316d4375a0e313430	semantic-relation:4e9969428dbdeda83cf22d39	INSTANCE_OR_SPECIFIC_FORM_OF	V2_CONTAINMENT_CANDIDATE_NOT_EQUIVALENCE	true
semantic-candidate:56c30f91a16e54b92bd193e9	semantic-relation:2dfe48f2fbfb34ce1cd1318a	COMPONENT_OF	COMPOUND_COMPONENT_PARSE_REQUIRES_REVIEW	true
semantic-candidate:56db42b10fcb5e74e9ce5d18	semantic-relation:5e4bc01912c4ee865bb039fe	INSTANCE_OR_SPECIFIC_FORM_OF	V2_CONTAINMENT_CANDIDATE_NOT_EQUIVALENCE	true
semantic-candidate:56e20237a63290ba1b88a0a2	semantic-relation:0b3a3e892e7e6a19b24de490	COMPONENT_OF	COMPOUND_COMPONENT_PARSE_REQUIRES_REVIEW	true
semantic-candidate:56e754280e0719bd76355b47	semantic-relation:2995dfa4a72311e79090358e	INSTANCE_OR_SPECIFIC_FORM_OF	V2_CONTAINMENT_CANDIDATE_NOT_EQUIVALENCE	true
semantic-candidate:5705a6341cb104529398f719	semantic-relation:e00e56f8e0db0e53922e1210	COMPONENT_OF	COMPOUND_COMPONENT_PARSE_REQUIRES_REVIEW	true
semantic-candidate:57104bc63caa25fd3f1f01f3	semantic-relation:17bf1f28d89deebb37666613	MODIFIES	MODIFIER_PARSE_REQUIRES_REVIEW	true
semantic-candidate:57190e672b2deff28c74225f	semantic-relation:40ac5c920d2c989bf5dfc0d3	COMPONENT_OF	COMPOUND_COMPONENT_PARSE_REQUIRES_REVIEW	true
semantic-candidate:5722003bb6fdb771ed23a69b	semantic-relation:cd34caeadb893fc825c6a702	INSTANCE_OR_SPECIFIC_FORM_OF	V2_CONTAINMENT_CANDIDATE_NOT_EQUIVALENCE	true
semantic-candidate:5757713d08c2d2bcef3fdce8	semantic-relation:6b3f657a6c104fe2e2047b25	INSTANCE_OR_SPECIFIC_FORM_OF	V2_CONTAINMENT_CANDIDATE_NOT_EQUIVALENCE	true
semantic-candidate:576c809f9ab2af69b2a5f807	semantic-relation:3eeb088dfa82cc751351c7fd	COMPONENT_OF	COMPOUND_COMPONENT_PARSE_REQUIRES_REVIEW	true
semantic-candidate:576ea109706459c4fbd64e4d	semantic-relation:c1583ebd301846669ecda3d8	COMPONENT_OF	COMPOUND_COMPONENT_PARSE_REQUIRES_REVIEW	true
semantic-candidate:578125563415348aabe0515f	semantic-relation:5ff1659c899220f2d185511e	COMPONENT_OF	COMPOUND_COMPONENT_PARSE_REQUIRES_REVIEW	true
semantic-candidate:5783417eb601434c4b9e7e65	semantic-relation:30630eddc60d04443ba44177	INSTANCE_OR_SPECIFIC_FORM_OF	V2_CONTAINMENT_CANDIDATE_NOT_EQUIVALENCE	true
semantic-candidate:57a23bf0d37d31ac96b50605	semantic-relation:13dcce07ca91c5bd9dfe0851	INSTANCE_OR_SPECIFIC_FORM_OF	V2_CONTAINMENT_CANDIDATE_NOT_EQUIVALENCE	true
semantic-candidate:57a295da1259d8d8e004460e	semantic-relation:16bdc6fad0b1acbe52413669	COMPONENT_OF	COMPOUND_COMPONENT_PARSE_REQUIRES_REVIEW	true
semantic-candidate:57b4907318c6088f045a5fee	semantic-relation:fd0a3cc25a955e10d2b7419e	COMPONENT_OF	COMPOUND_COMPONENT_PARSE_REQUIRES_REVIEW	true
semantic-candidate:57c67c9d0eb2d547819b6150	semantic-relation:c82ffaea682f920b6554efa5	COMPONENT_OF	COMPOUND_COMPONENT_PARSE_REQUIRES_REVIEW	true
semantic-candidate:57c9c9b9af35fd558268c6ff	semantic-relation:b7bfd5a174bd62a543dbe652	INSTANCE_OR_SPECIFIC_FORM_OF	V2_CONTAINMENT_CANDIDATE_NOT_EQUIVALENCE	true
semantic-candidate:57cb196da614769c5a109de5	semantic-relation:47ad35680852c16ab87cb4eb	MODIFIES	MODIFIER_PARSE_REQUIRES_REVIEW	true
semantic-candidate:57d98d090e1651e7ee38e2d8	semantic-relation:1c7e7c1c90eefdd7af40f34b	INSTANCE_OR_SPECIFIC_FORM_OF	V2_CONTAINMENT_CANDIDATE_NOT_EQUIVALENCE	true
semantic-candidate:57dbfae05c61eb4f42e6aefd	semantic-relation:b0c88399920686c8da523660	INSTANCE_OR_SPECIFIC_FORM_OF	V2_CONTAINMENT_CANDIDATE_NOT_EQUIVALENCE	true
semantic-candidate:57f230952cce7f95356b3842	semantic-relation:7ddc856fc03bc62c80963cc1	COMPONENT_OF	COMPOUND_COMPONENT_PARSE_REQUIRES_REVIEW	true
semantic-candidate:582b6a0e900a5f6dae645c2e	semantic-relation:183e04fce3a5473e8f020c12	COMPONENT_OF	COMPOUND_COMPONENT_PARSE_REQUIRES_REVIEW	true
semantic-candidate:5830887f65909b659d1ae33e	semantic-relation:4fce1344ca5d04e928ba5883	INSTANCE_OR_SPECIFIC_FORM_OF	V2_CONTAINMENT_CANDIDATE_NOT_EQUIVALENCE	true
semantic-candidate:58352292528fc3b274ffbce0	semantic-relation:fe8709831e41095bf21713e4	COMPONENT_OF	COMPOUND_COMPONENT_PARSE_REQUIRES_REVIEW	true
semantic-candidate:583d7ff3c2a99b68843e175c	semantic-relation:85b9c72d615114fa26370194	COMPONENT_OF	COMPOUND_COMPONENT_PARSE_REQUIRES_REVIEW	true
semantic-candidate:5867f3c1e772101785692398	semantic-relation:9a1715ab0f2382ef4676ae8c	MODIFIES	MODIFIER_PARSE_REQUIRES_REVIEW	true
semantic-candidate:5871bea8131faf06a1b50404	semantic-relation:db0b50dd8fdeafda7b038fa2	MODIFIES	MODIFIER_PARSE_REQUIRES_REVIEW	true
semantic-candidate:58734349f875140e294e84e9	semantic-relation:d28f237bafb448042d40d92f	COMPONENT_OF	COMPOUND_COMPONENT_PARSE_REQUIRES_REVIEW	true
semantic-candidate:5888a2d7500c23d4e0307fc0	semantic-relation:c49b97b0a03b417a0c98b48f	INSTANCE_OR_SPECIFIC_FORM_OF	V2_CONTAINMENT_CANDIDATE_NOT_EQUIVALENCE	true
semantic-candidate:58b88fb7d8955baa8ccc1c84	semantic-relation:af24d6b989d7f0db19d8c4e2	INSTANCE_OR_SPECIFIC_FORM_OF	V2_CONTAINMENT_CANDIDATE_NOT_EQUIVALENCE	true
semantic-candidate:58bdfa2cbdcffb4ed8ffa0a0	semantic-relation:7ffec2527807b5d63bd764cc	INSTANCE_OR_SPECIFIC_FORM_OF	V2_CONTAINMENT_CANDIDATE_NOT_EQUIVALENCE	true
semantic-candidate:58d5502d99512ae71d22864e	semantic-relation:db433cd2b4f4145d1d67a390	INSTANCE_OR_SPECIFIC_FORM_OF	V2_CONTAINMENT_CANDIDATE_NOT_EQUIVALENCE	true
semantic-candidate:58f23f693362539d01b36953	semantic-relation:91b63ae5a1cbd5baf3901911	INSTANCE_OR_SPECIFIC_FORM_OF	V2_CONTAINMENT_CANDIDATE_NOT_EQUIVALENCE	true
semantic-candidate:591704771253a323b8db7030	semantic-relation:fa6dc37d1d9e3f6d2c790217	INSTANCE_OR_SPECIFIC_FORM_OF	V2_CONTAINMENT_CANDIDATE_NOT_EQUIVALENCE	true
semantic-candidate:591d2a11569196150c765ecb	semantic-relation:ab29daac4cb53b2757663d7f	INSTANCE_OR_SPECIFIC_FORM_OF	V2_CONTAINMENT_CANDIDATE_NOT_EQUIVALENCE	true
semantic-candidate:5923dec2057384032cdb382a	semantic-relation:fa84dbe4494366439f867103	COMPONENT_OF	COMPOUND_COMPONENT_PARSE_REQUIRES_REVIEW	true
semantic-candidate:59267a74326e1031c4880577	semantic-relation:f6a73de40be4eb29a077c6c5	COMPONENT_OF	COMPOUND_COMPONENT_PARSE_REQUIRES_REVIEW	true
semantic-candidate:5939a0f1877cff4d254feb3d	semantic-relation:a361dd45bce6100f0f1e49b8	INSTANCE_OR_SPECIFIC_FORM_OF	V2_CONTAINMENT_CANDIDATE_NOT_EQUIVALENCE	true
semantic-candidate:59453730bfabf2a7e92a40ac	semantic-relation:112cab01b7ddd05bdb787fdc	MODIFIES	MODIFIER_PARSE_REQUIRES_REVIEW	true
semantic-candidate:5953697723fac0c30aa32b36	semantic-relation:51f4cc7899758dfbc1cea040	COMPONENT_OF	COMPOUND_COMPONENT_PARSE_REQUIRES_REVIEW	true
semantic-candidate:596a5b67f096974f862784e0	semantic-relation:84fbfadc97f95dedf199dd9d	INSTANCE_OR_SPECIFIC_FORM_OF	V2_CONTAINMENT_CANDIDATE_NOT_EQUIVALENCE	true
semantic-candidate:597e18ca3276fe7561254284	semantic-relation:528e67d696e3a53bd3846e74	INSTANCE_OR_SPECIFIC_FORM_OF	V2_CONTAINMENT_CANDIDATE_NOT_EQUIVALENCE	true
semantic-candidate:598dbe5aef6552a5cf000095	semantic-relation:eb0095f3e8e434b28347872d	INSTANCE_OR_SPECIFIC_FORM_OF	V2_CONTAINMENT_CANDIDATE_NOT_EQUIVALENCE	true
semantic-candidate:59966abd4ef6996f9de511a0	semantic-relation:574630e86409ff3268e250d3	MODIFIES	MODIFIER_PARSE_REQUIRES_REVIEW	true
semantic-candidate:59abd6b9075561eb9c651887	semantic-relation:410d1f43a5f349fc3657075d	INSTANCE_OR_SPECIFIC_FORM_OF	V2_CONTAINMENT_CANDIDATE_NOT_EQUIVALENCE	true
semantic-candidate:59bc417472d284b4e99d8066	semantic-relation:e61c13ded285726fb5c35a60	INSTANCE_OR_SPECIFIC_FORM_OF	V2_CONTAINMENT_CANDIDATE_NOT_EQUIVALENCE	true
semantic-candidate:59c22647bc9c8d8344b42488	semantic-relation:4621bd76b618d72979e6d112	INSTANCE_OR_SPECIFIC_FORM_OF	V2_CONTAINMENT_CANDIDATE_NOT_EQUIVALENCE	true
semantic-candidate:59da8f6a1942453f11ca75e7	semantic-relation:4daf6ca0f78965759e6bcba7	MODIFIES	MODIFIER_PARSE_REQUIRES_REVIEW	true
semantic-candidate:59db5ce978c199c8410ae55d	semantic-relation:07ccae658d8478deaf0384df	COMPONENT_OF	COMPOUND_COMPONENT_PARSE_REQUIRES_REVIEW	true
semantic-candidate:59e3ebeb1ba757f01c0ecbf5	semantic-relation:27b194d226adf43bde900e02	COMPONENT_OF	COMPOUND_COMPONENT_PARSE_REQUIRES_REVIEW	true
semantic-candidate:59fd80f4a051781a3647246b	semantic-relation:d0adedd616a9aae25f4b9756	COMPONENT_OF	COMPOUND_COMPONENT_PARSE_REQUIRES_REVIEW	true
semantic-candidate:5a06eae27697eab7d766ef8f	semantic-relation:fbe3d464dd5f752ea6cacd2e	INSTANCE_OR_SPECIFIC_FORM_OF	V2_CONTAINMENT_CANDIDATE_NOT_EQUIVALENCE	true
semantic-candidate:5a09b29dcaa0d2caf4ba52dc	semantic-relation:9aba8d17b8dfd67ca712ec82	INSTANCE_OR_SPECIFIC_FORM_OF	V2_CONTAINMENT_CANDIDATE_NOT_EQUIVALENCE	true
semantic-candidate:5a1883700fb021d87632b1c2	semantic-relation:c5ce4959b15aea11fb1b3686	INSTANCE_OR_SPECIFIC_FORM_OF	V2_CONTAINMENT_CANDIDATE_NOT_EQUIVALENCE	true
semantic-candidate:5a22aeafa16413d3e79eb52d	semantic-relation:649e8c7e31455856a7a6a911	INSTANCE_OR_SPECIFIC_FORM_OF	V2_CONTAINMENT_CANDIDATE_NOT_EQUIVALENCE	true
semantic-candidate:5a253b89aadf4e63f7826a16	semantic-relation:5deb066c4a556fb61dacd851	INSTANCE_OR_SPECIFIC_FORM_OF	V2_CONTAINMENT_CANDIDATE_NOT_EQUIVALENCE	true
semantic-candidate:5a2c7fddbe635697b16d922b	semantic-relation:04d65247cc533ac1a175ce46	INSTANCE_OR_SPECIFIC_FORM_OF	V2_CONTAINMENT_CANDIDATE_NOT_EQUIVALENCE	true
semantic-candidate:5a3c6a8b66588677799dd0c5	semantic-relation:225e2c60581f2aa5e6454cb5	COMPONENT_OF	COMPOUND_COMPONENT_PARSE_REQUIRES_REVIEW	true
semantic-candidate:5a69a5785b1ffae883866406	semantic-relation:b05d984ef30481acf9528995	INSTANCE_OR_SPECIFIC_FORM_OF	V2_CONTAINMENT_CANDIDATE_NOT_EQUIVALENCE	true
semantic-candidate:5a8d44b02b650ce717e67e69	semantic-relation:aaf615bf2046cb9d62df1021	INSTANCE_OR_SPECIFIC_FORM_OF	V2_CONTAINMENT_CANDIDATE_NOT_EQUIVALENCE	true
semantic-candidate:5aa206f8f6bda116a7e3699d	semantic-relation:f33b26d9a699867d5a423273	INSTANCE_OR_SPECIFIC_FORM_OF	V2_CONTAINMENT_CANDIDATE_NOT_EQUIVALENCE	true
semantic-candidate:5aa8b4161ca8fe526d7aa735	semantic-relation:faea59495f3cbd23ec7feb5d	INSTANCE_OR_SPECIFIC_FORM_OF	V2_CONTAINMENT_CANDIDATE_NOT_EQUIVALENCE	true
semantic-candidate:5aa9efcdfc0cb405394bdece	semantic-relation:97c3d051827a06c4a66aafb5	INSTANCE_OR_SPECIFIC_FORM_OF	V2_CONTAINMENT_CANDIDATE_NOT_EQUIVALENCE	true
semantic-candidate:5ab008f738869e8c380b8e25	semantic-relation:7d1a53f12e72cf7e3e20acd0	INSTANCE_OR_SPECIFIC_FORM_OF	V2_CONTAINMENT_CANDIDATE_NOT_EQUIVALENCE	true
semantic-candidate:5ac0c86b93d1bcbb6a5bee69	semantic-relation:82d650fe73b070f300332448	COMPONENT_OF	COMPOUND_COMPONENT_PARSE_REQUIRES_REVIEW	true
semantic-candidate:5ac8622f55b005e41fd62079	semantic-relation:0d400c1ce7d610dd7b86ed47	COMPONENT_OF	COMPOUND_COMPONENT_PARSE_REQUIRES_REVIEW	true
semantic-candidate:5ad0c60f6003312a82ccdeb5	semantic-relation:1770a865f9d63596be135f31	COMPONENT_OF	COMPOUND_COMPONENT_PARSE_REQUIRES_REVIEW	true
semantic-candidate:5ade3cccd4b39dd29781197a	semantic-relation:e52efcce7cf2191241773228	COMPONENT_OF	COMPOUND_COMPONENT_PARSE_REQUIRES_REVIEW	true
semantic-candidate:5adf3016bc3f1f63b4e1c9b2	semantic-relation:939e5359e21f367f4521fd10	INSTANCE_OR_SPECIFIC_FORM_OF	V2_CONTAINMENT_CANDIDATE_NOT_EQUIVALENCE	true
semantic-candidate:5ae030e8952c127bc42cfc61	semantic-relation:0649d81e3716718436b8b278	INSTANCE_OR_SPECIFIC_FORM_OF	V2_CONTAINMENT_CANDIDATE_NOT_EQUIVALENCE	true
semantic-candidate:5af6dcdcc28035313fd2717f	semantic-relation:53728e8befee8976ba471f02	INSTANCE_OR_SPECIFIC_FORM_OF	V2_CONTAINMENT_CANDIDATE_NOT_EQUIVALENCE	true
semantic-candidate:5afae6d7a2151d9b581387e4	semantic-relation:cd5bec88f64b37f7c52a44f4	INSTANCE_OR_SPECIFIC_FORM_OF	V2_CONTAINMENT_CANDIDATE_NOT_EQUIVALENCE	true
semantic-candidate:5b05cf1ea77c555eef7847d6	semantic-relation:d810224e001c3862c879d742	INSTANCE_OR_SPECIFIC_FORM_OF	V2_CONTAINMENT_CANDIDATE_NOT_EQUIVALENCE	true
semantic-candidate:5b09a2f6d7082eeaffda7e1f	semantic-relation:36dbadc9611de780314ab7f7	COMPONENT_OF	COMPOUND_COMPONENT_PARSE_REQUIRES_REVIEW	true
semantic-candidate:5b1a3569c4d0b2bf38352b8a	semantic-relation:25f7bf4d03487fb71587b76f	INSTANCE_OR_SPECIFIC_FORM_OF	V2_CONTAINMENT_CANDIDATE_NOT_EQUIVALENCE	true
semantic-candidate:5b1e90de75ef4f3439aafad1	semantic-relation:bd4a46bbfbe999f338fc832c	INSTANCE_OR_SPECIFIC_FORM_OF	V2_CONTAINMENT_CANDIDATE_NOT_EQUIVALENCE	true
semantic-candidate:5b30a0652d683361e0c951ba	semantic-relation:a51752ad9818980f020098be	INSTANCE_OR_SPECIFIC_FORM_OF	V2_CONTAINMENT_CANDIDATE_NOT_EQUIVALENCE	true
semantic-candidate:5b3826e93a7a3e8edd663be9	semantic-relation:de752cd8230c01b6bb1ebffd	INSTANCE_OR_SPECIFIC_FORM_OF	V2_CONTAINMENT_CANDIDATE_NOT_EQUIVALENCE	true
semantic-candidate:5b3e005bc85bb067c6281591	semantic-relation:c64ff185bde5908d06f45f6c	INSTANCE_OR_SPECIFIC_FORM_OF	V2_CONTAINMENT_CANDIDATE_NOT_EQUIVALENCE	true
semantic-candidate:5b43f6946d3f35d856fca9c8	semantic-relation:0c663750211a2c1d3787b31c	COMPONENT_OF	COMPOUND_COMPONENT_PARSE_REQUIRES_REVIEW	true
semantic-candidate:5b445a48d8439a936a7fd3ec	semantic-relation:19e3f662b95e8ce9a0ebc2e8	COMPONENT_OF	COMPOUND_COMPONENT_PARSE_REQUIRES_REVIEW	true
semantic-candidate:5b50b84a352e2fb8a2039cad	semantic-relation:b5a5dcc5d6644f459795069f	INSTANCE_OR_SPECIFIC_FORM_OF	V2_CONTAINMENT_CANDIDATE_NOT_EQUIVALENCE	true
semantic-candidate:5b699baa79a0d2f61e9fdaa9	semantic-relation:ac0c273f6d8c1fcf33729440	COMPONENT_OF	COMPOUND_COMPONENT_PARSE_REQUIRES_REVIEW	true
semantic-candidate:5b7502a6b5d0e6eee4358882	semantic-relation:b98e94bff7551cadf3277634	MODIFIES	MODIFIER_PARSE_REQUIRES_REVIEW	true
semantic-candidate:5b821abfb8809dcf1a3a9c13	semantic-relation:537e352fd32e5047d1c22a98	COMPONENT_OF	COMPOUND_COMPONENT_PARSE_REQUIRES_REVIEW	true
semantic-candidate:5badffa655856cd2bacb30e6	semantic-relation:3270cf1ce68504f1a219237c	INSTANCE_OR_SPECIFIC_FORM_OF	V2_CONTAINMENT_CANDIDATE_NOT_EQUIVALENCE	true
semantic-candidate:5bb33eb0a59ae461cebdf61e	semantic-relation:bd7f591a72a1bd9c453f52d7	INSTANCE_OR_SPECIFIC_FORM_OF	V2_CONTAINMENT_CANDIDATE_NOT_EQUIVALENCE	true
semantic-candidate:5bb43f346c158af4eafdc27c	semantic-relation:4245e15b01a8b335381c3672	COMPONENT_OF	COMPOUND_COMPONENT_PARSE_REQUIRES_REVIEW	true
semantic-candidate:5bb569f1d2d3097d6f32ae90	semantic-relation:879f83c746585086e1030ffc	COMPONENT_OF	COMPOUND_COMPONENT_PARSE_REQUIRES_REVIEW	true
semantic-candidate:5bc18241849c53a8ad105426	semantic-relation:c5320f98e4f3d783f1424071	INSTANCE_OR_SPECIFIC_FORM_OF	V2_CONTAINMENT_CANDIDATE_NOT_EQUIVALENCE	true
semantic-candidate:5bc9a38fd13760308a3e3866	semantic-relation:297df57fd4c8db223e75c335	INSTANCE_OR_SPECIFIC_FORM_OF	V2_CONTAINMENT_CANDIDATE_NOT_EQUIVALENCE	true
semantic-candidate:5bcde08381e7f2ac2c157181	semantic-relation:fde35656e8f1682dcbe7913f	INSTANCE_OR_SPECIFIC_FORM_OF	V2_CONTAINMENT_CANDIDATE_NOT_EQUIVALENCE	true
semantic-candidate:5bd96baae396da69f228343d	semantic-relation:1c20369283b4eb72ce4868de	COMPONENT_OF	COMPOUND_COMPONENT_PARSE_REQUIRES_REVIEW	true
semantic-candidate:5bdf46c49a02cc0e6649be82	semantic-relation:5a1964352584678a568862e5	INSTANCE_OR_SPECIFIC_FORM_OF	V2_CONTAINMENT_CANDIDATE_NOT_EQUIVALENCE	true
semantic-candidate:5bee2ec7f06332d26fafa171	semantic-relation:3a680395561d7da906996ed8	INSTANCE_OR_SPECIFIC_FORM_OF	V2_CONTAINMENT_CANDIDATE_NOT_EQUIVALENCE	true
semantic-candidate:5c12cec7e701f595c5cc478f	semantic-relation:dd9dd092fad485b38dc0c96b	COMPONENT_OF	COMPOUND_COMPONENT_PARSE_REQUIRES_REVIEW	true
semantic-candidate:5c169a13515cc331ff2cfccb	semantic-relation:c529eb1c307aa06c18778624	MODIFIES	MODIFIER_PARSE_REQUIRES_REVIEW	true
semantic-candidate:5c1c09fd63d8f47b47653513	semantic-relation:9f21a762a83f12c132d2ee57	INSTANCE_OR_SPECIFIC_FORM_OF	V2_CONTAINMENT_CANDIDATE_NOT_EQUIVALENCE	true
semantic-candidate:5c23ccbecb2c4485e780995c	semantic-relation:8c1cf2469af77b51f8b25123	COMPONENT_OF	COMPOUND_COMPONENT_PARSE_REQUIRES_REVIEW	true
semantic-candidate:5c24724b6edf27767df14961	semantic-relation:b9fc85fc1606f1a003f62ee5	INSTANCE_OR_SPECIFIC_FORM_OF	V2_CONTAINMENT_CANDIDATE_NOT_EQUIVALENCE	true
semantic-candidate:5c4d93e1af2a1e2b359d2c7d	semantic-relation:2994d241fd81f92872ec7c09	INSTANCE_OR_SPECIFIC_FORM_OF	V2_CONTAINMENT_CANDIDATE_NOT_EQUIVALENCE	true
semantic-candidate:5c5f3f43bf144dc592e6c693	semantic-relation:5f1de44830c9fec340693d11	INSTANCE_OR_SPECIFIC_FORM_OF	V2_CONTAINMENT_CANDIDATE_NOT_EQUIVALENCE	true
semantic-candidate:5c660dfd7f3df9714cf8021a	semantic-relation:7d3c85805b86c671a85697ef	INSTANCE_OR_SPECIFIC_FORM_OF	V2_CONTAINMENT_CANDIDATE_NOT_EQUIVALENCE	true
semantic-candidate:5c6d33edbd70dc47045a35f6	semantic-relation:da94e27fc54b14ed37fb6832	COMPONENT_OF	COMPOUND_COMPONENT_PARSE_REQUIRES_REVIEW	true
semantic-candidate:5c71a666146fc5ee1e228ad9	semantic-relation:07f0469ec0a3599460e67a34	INSTANCE_OR_SPECIFIC_FORM_OF	V2_CONTAINMENT_CANDIDATE_NOT_EQUIVALENCE	true
semantic-candidate:5c7d16e7679e1b4296d7f9c8	semantic-relation:e774120b640a1544db0ac68c	INSTANCE_OR_SPECIFIC_FORM_OF	V2_CONTAINMENT_CANDIDATE_NOT_EQUIVALENCE	true
semantic-candidate:5c7ef6991a6d905fca3acc71	semantic-relation:b725bd51909362cfcbd3d511	MODIFIES	MODIFIER_PARSE_REQUIRES_REVIEW	true
semantic-candidate:5c8c9674bff0830f9225165b	semantic-relation:af95bcf0b8a074aea7523a5f	COMPONENT_OF	COMPOUND_COMPONENT_PARSE_REQUIRES_REVIEW	true
semantic-candidate:5c9ec9d0d7474f27dd3dd5e5	semantic-relation:1e8cf5b5bfdd5e5b08382a01	COMPONENT_OF	COMPOUND_COMPONENT_PARSE_REQUIRES_REVIEW	true
semantic-candidate:5cba730668d4513f676667d1	semantic-relation:d88cf59477b595d9ff417efc	INSTANCE_OR_SPECIFIC_FORM_OF	V2_CONTAINMENT_CANDIDATE_NOT_EQUIVALENCE	true
semantic-candidate:5cbd0db34b1fe49779d21c02	semantic-relation:01fe1bd356643e3882f04fa6	MODIFIES	MODIFIER_PARSE_REQUIRES_REVIEW	true
semantic-candidate:5cbd6ab6c0537dc8f442cd52	semantic-relation:654caa603eb45c55f6658ce3	INSTANCE_OR_SPECIFIC_FORM_OF	V2_CONTAINMENT_CANDIDATE_NOT_EQUIVALENCE	true
semantic-candidate:5cc4fb22cd7bd94b25d944bb	semantic-relation:f00634280232ee182fa3eb29	INSTANCE_OR_SPECIFIC_FORM_OF	V2_CONTAINMENT_CANDIDATE_NOT_EQUIVALENCE	true
semantic-candidate:5cd2bd74ec721b937b4585a4	semantic-relation:8455b7d6b9d23999c35ec1ec	INSTANCE_OR_SPECIFIC_FORM_OF	V2_CONTAINMENT_CANDIDATE_NOT_EQUIVALENCE	true
semantic-candidate:5ce304d2eb940d7bb76fd8d8	semantic-relation:9a4bfd59bba4c405168f1a7b	INSTANCE_OR_SPECIFIC_FORM_OF	V2_CONTAINMENT_CANDIDATE_NOT_EQUIVALENCE	true
semantic-candidate:5ce7d740a4946ae2e18fb108	semantic-relation:39c279348a8572f7ee3126de	INSTANCE_OR_SPECIFIC_FORM_OF	V2_CONTAINMENT_CANDIDATE_NOT_EQUIVALENCE	true
semantic-candidate:5cf6f4310fcd3a72f90d1b85	semantic-relation:193b22d0d0f6c482e2872c2d	COMPONENT_OF	COMPOUND_COMPONENT_PARSE_REQUIRES_REVIEW	true
semantic-candidate:5d00f8b9f1841132a538797d	semantic-relation:23678bb73eccdfe31734cdf0	INSTANCE_OR_SPECIFIC_FORM_OF	V2_CONTAINMENT_CANDIDATE_NOT_EQUIVALENCE	true
semantic-candidate:5d190722bcc3a379fb9dc135	semantic-relation:0cd3ae51c1e7978b793b99f5	COMPONENT_OF	COMPOUND_COMPONENT_PARSE_REQUIRES_REVIEW	true
semantic-candidate:5d1d5d193607deddd4a78243	semantic-relation:1d165aa13fe8c4a232c97c10	COMPONENT_OF	COMPOUND_COMPONENT_PARSE_REQUIRES_REVIEW	true
semantic-candidate:5d1e76cd7660cae73c6bb27a	semantic-relation:45c3826fef7ab2bfe3f547f1	MODIFIES	MODIFIER_PARSE_REQUIRES_REVIEW	true
semantic-candidate:5d2a80808dbbe3f072fd9e01	semantic-relation:1c9a5cf529df8a71f67ff45d	COMPONENT_OF	COMPOUND_COMPONENT_PARSE_REQUIRES_REVIEW	true
semantic-candidate:5d30e7b03169c009087c2294	semantic-relation:88d755f3411f693807f87724	INSTANCE_OR_SPECIFIC_FORM_OF	V2_CONTAINMENT_CANDIDATE_NOT_EQUIVALENCE	true
semantic-candidate:5d3bc3b750b8b357419567fa	semantic-relation:ffc7e4fe0fde59466ecb1ecf	MODIFIES	MODIFIER_PARSE_REQUIRES_REVIEW	true
semantic-candidate:5d4ad88848f3488360497c55	semantic-relation:c2cffe933118044b1d72f6c2	INSTANCE_OR_SPECIFIC_FORM_OF	V2_CONTAINMENT_CANDIDATE_NOT_EQUIVALENCE	true
semantic-candidate:5d51253c8a4c127fafa55d75	semantic-relation:b7b702eae6cf75a8f6770fdd	INSTANCE_OR_SPECIFIC_FORM_OF	V2_CONTAINMENT_CANDIDATE_NOT_EQUIVALENCE	true
semantic-candidate:5d5d4558b6a2b6dec6ccef4a	semantic-relation:2fb061747e3e91e7b90d85ca	INSTANCE_OR_SPECIFIC_FORM_OF	V2_CONTAINMENT_CANDIDATE_NOT_EQUIVALENCE	true
semantic-candidate:5d5f04aaecb3873dcefac940	semantic-relation:ae55783e9d70447eef8b06d8	INSTANCE_OR_SPECIFIC_FORM_OF	V2_CONTAINMENT_CANDIDATE_NOT_EQUIVALENCE	true
semantic-candidate:5d6b95454ab4e8bae3d27ecb	semantic-relation:51f46b612eb05cd49eb1f09c	MODIFIES	MODIFIER_PARSE_REQUIRES_REVIEW	true
semantic-candidate:5d6fea635494bfdcae17bb15	semantic-relation:7a91f2fc0d0555f877710eb8	INSTANCE_OR_SPECIFIC_FORM_OF	V2_CONTAINMENT_CANDIDATE_NOT_EQUIVALENCE	true
semantic-candidate:5d89220847b4cdf5fe16542a	semantic-relation:7c5a893a6a0828fd3f620fb5	INSTANCE_OR_SPECIFIC_FORM_OF	V2_CONTAINMENT_CANDIDATE_NOT_EQUIVALENCE	true
semantic-candidate:5d96e5fbdabc1fff86c89207	semantic-relation:b0593825670727950888d9d6	COMPONENT_OF	COMPOUND_COMPONENT_PARSE_REQUIRES_REVIEW	true
semantic-candidate:5d9aff12f2de14c8bcc31cd4	semantic-relation:3204bd03f5b9b3b2c825576a	COMPONENT_OF	COMPOUND_COMPONENT_PARSE_REQUIRES_REVIEW	true
semantic-candidate:5dab0efedfb4986934c1097d	semantic-relation:d72f4e246e75342959e1512e	INSTANCE_OR_SPECIFIC_FORM_OF	V2_CONTAINMENT_CANDIDATE_NOT_EQUIVALENCE	true
semantic-candidate:5db40ae8adc0495943839c8a	semantic-relation:b53095e9625bbc05e6bf7c77	INSTANCE_OR_SPECIFIC_FORM_OF	V2_CONTAINMENT_CANDIDATE_NOT_EQUIVALENCE	true
semantic-candidate:5db4b71f2b7403adee2bf639	semantic-relation:4a0ef96651e75e08f3b04341	INSTANCE_OR_SPECIFIC_FORM_OF	V2_CONTAINMENT_CANDIDATE_NOT_EQUIVALENCE	true
semantic-candidate:5dbaaa5c9a89ff57f61e1994	semantic-relation:53b65bed52b7df1ca626c949	INSTANCE_OR_SPECIFIC_FORM_OF	V2_CONTAINMENT_CANDIDATE_NOT_EQUIVALENCE	true
semantic-candidate:5dcb6ed60324cf246ffb9c5c	semantic-relation:0e3b91802071c20ba33bfd2f	COMPONENT_OF	COMPOUND_COMPONENT_PARSE_REQUIRES_REVIEW	true
semantic-candidate:5dd0ace9cbcfb5ecc96e45bb	semantic-relation:0797720e49465467edfc42f9	COMPONENT_OF	COMPOUND_COMPONENT_PARSE_REQUIRES_REVIEW	true
semantic-candidate:5ded3b1c49195047a365516a	semantic-relation:7fbda5028edb71f6986d393d	COMPONENT_OF	COMPOUND_COMPONENT_PARSE_REQUIRES_REVIEW	true
semantic-candidate:5e068b2c9a552034fd73f2e8	semantic-relation:ab021e163acd31cda206f370	COMPONENT_OF	COMPOUND_COMPONENT_PARSE_REQUIRES_REVIEW	true
semantic-candidate:5e194288de3047afdfd5f646	semantic-relation:5e57584731fdc93645dadb3f	COMPONENT_OF	COMPOUND_COMPONENT_PARSE_REQUIRES_REVIEW	true
semantic-candidate:5e1d77f4892c5967ee677f31	semantic-relation:132b82444b3aa3cbaf180fdf	INSTANCE_OR_SPECIFIC_FORM_OF	V2_CONTAINMENT_CANDIDATE_NOT_EQUIVALENCE	true
semantic-candidate:5e1e954900e7790de5e6553a	semantic-relation:a61268aa6a983e14bf748e1c	INSTANCE_OR_SPECIFIC_FORM_OF	V2_CONTAINMENT_CANDIDATE_NOT_EQUIVALENCE	true
semantic-candidate:5e29aa470458b0baca400e4f	semantic-relation:1b4b0203564cdf53076ac764	COMPONENT_OF	COMPOUND_COMPONENT_PARSE_REQUIRES_REVIEW	true
semantic-candidate:5e30c4ef9dd46c62dfa3e813	semantic-relation:bb34c76d95644b56782bb1d4	COMPONENT_OF	COMPOUND_COMPONENT_PARSE_REQUIRES_REVIEW	true
semantic-candidate:5e374fdf6ef69ac856f05fba	semantic-relation:9096ebc9441ca242b73cbfa3	INSTANCE_OR_SPECIFIC_FORM_OF	V2_CONTAINMENT_CANDIDATE_NOT_EQUIVALENCE	true
semantic-candidate:5e43c21b010954d4dbf2a3d8	semantic-relation:93a4631a95deb074ef6f4e7b	INSTANCE_OR_SPECIFIC_FORM_OF	V2_CONTAINMENT_CANDIDATE_NOT_EQUIVALENCE	true
semantic-candidate:5e48242ddfd7bc02332d96e4	semantic-relation:48fe30f8829e4cf2140e5c5d	COMPONENT_OF	COMPOUND_COMPONENT_PARSE_REQUIRES_REVIEW	true
semantic-candidate:5e594426d66406cebc78ed45	semantic-relation:37c13bf7cdbe8c035b93d0dd	INSTANCE_OR_SPECIFIC_FORM_OF	V2_CONTAINMENT_CANDIDATE_NOT_EQUIVALENCE	true
semantic-candidate:5e699c0cae314269e7226d49	semantic-relation:cabb1026cf2b02e88455a052	INSTANCE_OR_SPECIFIC_FORM_OF	V2_CONTAINMENT_CANDIDATE_NOT_EQUIVALENCE	true
semantic-candidate:5e69a57fec84c64dcb1bcc64	semantic-relation:c41c7ce32a4ea0dd2914991b	COMPONENT_OF	COMPOUND_COMPONENT_PARSE_REQUIRES_REVIEW	true
semantic-candidate:5e9329dfc289eceaa414b530	semantic-relation:f2ad7f0d482a5a73dd9c8553	COMPONENT_OF	COMPOUND_COMPONENT_PARSE_REQUIRES_REVIEW	true
semantic-candidate:5e9c31ecc194883995dfa563	semantic-relation:d4ab1def99c376bf2519be92	INSTANCE_OR_SPECIFIC_FORM_OF	V2_CONTAINMENT_CANDIDATE_NOT_EQUIVALENCE	true
semantic-candidate:5e9dd9cb16bfe2cd9f7e4e64	semantic-relation:f2819c69a26306c1676dee53	COMPONENT_OF	COMPOUND_COMPONENT_PARSE_REQUIRES_REVIEW	true
semantic-candidate:5ebc5ae4270bad1acb5b621f	semantic-relation:9d44b753a90c5c0ca8ed7103	INSTANCE_OR_SPECIFIC_FORM_OF	V2_CONTAINMENT_CANDIDATE_NOT_EQUIVALENCE	true
semantic-candidate:5ec024ff30d5a49fad1f7758	semantic-relation:2b956c9fa123c3c360429154	MODIFIES	MODIFIER_PARSE_REQUIRES_REVIEW	true
semantic-candidate:5ec4c432328e44377c63b670	semantic-relation:c45ab1ca7e7a9616f8682b36	COMPONENT_OF	COMPOUND_COMPONENT_PARSE_REQUIRES_REVIEW	true
semantic-candidate:5ec9bfc3465fb266d7f1bc7d	semantic-relation:720822c31f6044b24fb7aa78	COMPONENT_OF	COMPOUND_COMPONENT_PARSE_REQUIRES_REVIEW	true
semantic-candidate:5ed3ed26d5040110c06c0e84	semantic-relation:faff04a08f5ce03a9407de9c	INSTANCE_OR_SPECIFIC_FORM_OF	V2_CONTAINMENT_CANDIDATE_NOT_EQUIVALENCE	true
semantic-candidate:5eded067690d62c444ac8727	semantic-relation:13e0e19f3425e0d27d8ed045	COMPONENT_OF	COMPOUND_COMPONENT_PARSE_REQUIRES_REVIEW	true
semantic-candidate:5ee31171179f2cd7dda72c63	semantic-relation:b47a903c64e9d6bc7adc6d9a	COMPONENT_OF	COMPOUND_COMPONENT_PARSE_REQUIRES_REVIEW	true
semantic-candidate:5efc283602fb6b16eb7aafaf	semantic-relation:ab4ae255ec0b904225fe7910	INSTANCE_OR_SPECIFIC_FORM_OF	V2_CONTAINMENT_CANDIDATE_NOT_EQUIVALENCE	true
semantic-candidate:5f1c2c5121c0f788fce6df25	semantic-relation:beb2110c404796c7df2503c5	INSTANCE_OR_SPECIFIC_FORM_OF	V2_CONTAINMENT_CANDIDATE_NOT_EQUIVALENCE	true
semantic-candidate:5f1fdb77d7dff7f6f928ef1e	semantic-relation:1d8f508f1fc718056f3f2547	COMPONENT_OF	COMPOUND_COMPONENT_PARSE_REQUIRES_REVIEW	true
semantic-candidate:5f28317edfbb8b0becf998aa	semantic-relation:219b8130e40b9e3f2e63486f	MODIFIES	MODIFIER_PARSE_REQUIRES_REVIEW	true
semantic-candidate:5f2c6d72232dd598d7f60a6b	semantic-relation:c33bbfa14ede55984f1eff0b	INSTANCE_OR_SPECIFIC_FORM_OF	V2_CONTAINMENT_CANDIDATE_NOT_EQUIVALENCE	true
semantic-candidate:5f37506871333deb0a883662	semantic-relation:c4958695e313f29366cd71c0	COMPONENT_OF	COMPOUND_COMPONENT_PARSE_REQUIRES_REVIEW	true
semantic-candidate:5f3fa4170fe1b31cc1c57822	semantic-relation:55b33a26aa30029c4c621a2f	COMPONENT_OF	COMPOUND_COMPONENT_PARSE_REQUIRES_REVIEW	true
semantic-candidate:5f4bcf3b18d456719864a8dd	semantic-relation:060227b5f09e2bd5384ad809	INSTANCE_OR_SPECIFIC_FORM_OF	V2_CONTAINMENT_CANDIDATE_NOT_EQUIVALENCE	true
semantic-candidate:5f52394c25813c33d9eb7afc	semantic-relation:c40d7ce0041a1829e635d459	COMPONENT_OF	COMPOUND_COMPONENT_PARSE_REQUIRES_REVIEW	true
semantic-candidate:5f75d9312f30c01f6159fb5a	semantic-relation:1786f0036812b8a61667a7df	MODIFIES	MODIFIER_PARSE_REQUIRES_REVIEW	true
semantic-candidate:5f8042b6fb058059ea5386b4	semantic-relation:c947e2c8bdfd0afbc510e442	COMPONENT_OF	COMPOUND_COMPONENT_PARSE_REQUIRES_REVIEW	true
semantic-candidate:5f879178b9528586acf145cb	semantic-relation:42d6da7c8f2c3ae0ab18c7d1	MODIFIES	MODIFIER_PARSE_REQUIRES_REVIEW	true
semantic-candidate:5f958d072d42dd2c19988cba	semantic-relation:2d7950d6467e94841cfc2d0d	INSTANCE_OR_SPECIFIC_FORM_OF	V2_CONTAINMENT_CANDIDATE_NOT_EQUIVALENCE	true
semantic-candidate:5fa5ce45227441e3862b70a9	semantic-relation:7172505eadb466887f64f1ec	INSTANCE_OR_SPECIFIC_FORM_OF	V2_CONTAINMENT_CANDIDATE_NOT_EQUIVALENCE	true
semantic-candidate:5fafb72e6168eac36fb5ba6e	semantic-relation:75ca51840a4393d4acb3f778	INSTANCE_OR_SPECIFIC_FORM_OF	V2_CONTAINMENT_CANDIDATE_NOT_EQUIVALENCE	true
semantic-candidate:5fc7c42fc4550babbabedbb3	semantic-relation:f71abf9c36a4565c341be890	COMPONENT_OF	COMPOUND_COMPONENT_PARSE_REQUIRES_REVIEW	true
semantic-candidate:5fde1ba5c0290e7b5abcaed4	semantic-relation:151ff581af736bee1b56c378	MODIFIES	MODIFIER_PARSE_REQUIRES_REVIEW	true
semantic-candidate:5fded55cb3ddfbb796d88bb7	semantic-relation:cd239c97a9f1d45aa34fa973	COMPONENT_OF	COMPOUND_COMPONENT_PARSE_REQUIRES_REVIEW	true
semantic-candidate:5ff1e16d694fc60c04c75bca	semantic-relation:35e0b70536aa6ee1a6d9e86b	COMPONENT_OF	COMPOUND_COMPONENT_PARSE_REQUIRES_REVIEW	true
semantic-candidate:600a71533b0c405546470096	semantic-relation:8dd97c2be7d07a2e08eebe6c	MODIFIES	MODIFIER_PARSE_REQUIRES_REVIEW	true
semantic-candidate:6020155366d0bb0858c764ca	semantic-relation:e199cc15b0f291bcde70beae	COMPONENT_OF	COMPOUND_COMPONENT_PARSE_REQUIRES_REVIEW	true
semantic-candidate:602f147761c5cc4b22a7f1a1	semantic-relation:f254abc3a8abe35bef273a67	COMPONENT_OF	COMPOUND_COMPONENT_PARSE_REQUIRES_REVIEW	true
semantic-candidate:6035ef7754b3453fb5b11d37	semantic-relation:1b9d899f7b4993f8f2b0f88a	INSTANCE_OR_SPECIFIC_FORM_OF	V2_CONTAINMENT_CANDIDATE_NOT_EQUIVALENCE	true
semantic-candidate:605223b9a3d9eb28064b887d	semantic-relation:1d0693e53ed5e48daecb0365	INSTANCE_OR_SPECIFIC_FORM_OF	V2_CONTAINMENT_CANDIDATE_NOT_EQUIVALENCE	true
semantic-candidate:605c2e1f27266a34216ac05f	semantic-relation:3fd8556fae2f4864f6fb614d	INSTANCE_OR_SPECIFIC_FORM_OF	V2_CONTAINMENT_CANDIDATE_NOT_EQUIVALENCE	true
semantic-candidate:605dee91c4b613c8c4c8ebcc	semantic-relation:dcc429c004be9bd702973551	INSTANCE_OR_SPECIFIC_FORM_OF	V2_CONTAINMENT_CANDIDATE_NOT_EQUIVALENCE	true
semantic-candidate:606e369946fa0aa6a933fc6b	semantic-relation:3ffedaa3460c9ebe95182124	COMPONENT_OF	COMPOUND_COMPONENT_PARSE_REQUIRES_REVIEW	true
semantic-candidate:6083015962415e12319e706e	semantic-relation:0c2014c66041857152063059	INSTANCE_OR_SPECIFIC_FORM_OF	V2_CONTAINMENT_CANDIDATE_NOT_EQUIVALENCE	true
semantic-candidate:608f4fdd3c6c8bc7e7dfaef5	semantic-relation:2b9075990e7238eef781c546	COMPONENT_OF	COMPOUND_COMPONENT_PARSE_REQUIRES_REVIEW	true
semantic-candidate:60955d2034f0eb35e11064d1	semantic-relation:aa95c5384440b4d6b62cf11d	INSTANCE_OR_SPECIFIC_FORM_OF	V2_CONTAINMENT_CANDIDATE_NOT_EQUIVALENCE	true
semantic-candidate:6096aebbe6c73e607e2faaa1	semantic-relation:244439fee00c99741c52bb19	INSTANCE_OR_SPECIFIC_FORM_OF	V2_CONTAINMENT_CANDIDATE_NOT_EQUIVALENCE	true
semantic-candidate:609b2fef25d732dba5fb01e0	semantic-relation:21afe468915d2ef36f25a15f	COMPONENT_OF	COMPOUND_COMPONENT_PARSE_REQUIRES_REVIEW	true
semantic-candidate:60a94d0e9542d4453c73d57e	semantic-relation:aab5d13587637a452799df83	COMPONENT_OF	COMPOUND_COMPONENT_PARSE_REQUIRES_REVIEW	true
semantic-candidate:60aec35b79bbead53d245d45	semantic-relation:d3b52c9ca8f1b68395c0ec46	INSTANCE_OR_SPECIFIC_FORM_OF	V2_CONTAINMENT_CANDIDATE_NOT_EQUIVALENCE	true
semantic-candidate:60b3eb265cf72bfbc9146aa2	semantic-relation:ba0190b166293010bc434659	MODIFIES	MODIFIER_PARSE_REQUIRES_REVIEW	true
semantic-candidate:60bb855eeaa6f9392325e3ab	semantic-relation:c11e1f6922658d6a31348bde	INSTANCE_OR_SPECIFIC_FORM_OF	V2_CONTAINMENT_CANDIDATE_NOT_EQUIVALENCE	true
semantic-candidate:60d0d678425c1069d423a29f	semantic-relation:bb2a018add387455f5bd94f5	MODIFIES	MODIFIER_PARSE_REQUIRES_REVIEW	true
semantic-candidate:60df779aabfc3c9d6879f378	semantic-relation:d48844e6a0f18abd15564549	COMPONENT_OF	COMPOUND_COMPONENT_PARSE_REQUIRES_REVIEW	true
semantic-candidate:60e2a0914bb69dd659194d18	semantic-relation:882994f9a3666ce6d0fb601c	COMPONENT_OF	COMPOUND_COMPONENT_PARSE_REQUIRES_REVIEW	true
semantic-candidate:60e952d883aeb30daaee7b65	semantic-relation:f234e1d248958b65cf191df5	INSTANCE_OR_SPECIFIC_FORM_OF	V2_CONTAINMENT_CANDIDATE_NOT_EQUIVALENCE	true
semantic-candidate:610ae19a896f1608b81035af	semantic-relation:cdbf8c112251a0e0743ec547	COMPONENT_OF	COMPOUND_COMPONENT_PARSE_REQUIRES_REVIEW	true
semantic-candidate:61104cdf043d4d7e56a0f70a	semantic-relation:77f80cb8b79c5faa12c31fd0	INSTANCE_OR_SPECIFIC_FORM_OF	V2_CONTAINMENT_CANDIDATE_NOT_EQUIVALENCE	true
semantic-candidate:611bda151df4e9f35c60d117	semantic-relation:94f9f44b8610db800eeb8994	COMPONENT_OF	COMPOUND_COMPONENT_PARSE_REQUIRES_REVIEW	true
semantic-candidate:6123332bb654fd59d6f6363e	semantic-relation:e50db70a269c7136ef42cae8	COMPONENT_OF	COMPOUND_COMPONENT_PARSE_REQUIRES_REVIEW	true
semantic-candidate:612e6dfc6f035f92ad873e71	semantic-relation:a659569d8b9fe5a35dd1a9f2	INSTANCE_OR_SPECIFIC_FORM_OF	V2_CONTAINMENT_CANDIDATE_NOT_EQUIVALENCE	true
semantic-candidate:6137925e323514c2a90525e5	semantic-relation:daa634f7ff1201af11d026e0	MODIFIES	MODIFIER_PARSE_REQUIRES_REVIEW	true
semantic-candidate:613a2b3aa6ff8f4f5509cda3	semantic-relation:982103fa14e88817b84cad81	COMPONENT_OF	COMPOUND_COMPONENT_PARSE_REQUIRES_REVIEW	true
semantic-candidate:613b4e98030766ee88c304c4	semantic-relation:3f4074846790df4863819aae	COMPONENT_OF	COMPOUND_COMPONENT_PARSE_REQUIRES_REVIEW	true
semantic-candidate:61449a5c4ffc415bb61b9ffe	semantic-relation:a6ae5646b1316e98bf4439b9	COMPONENT_OF	COMPOUND_COMPONENT_PARSE_REQUIRES_REVIEW	true
semantic-candidate:615a0770f56263ab51fd8e29	semantic-relation:84582ba8f2df9aff265f753a	INSTANCE_OR_SPECIFIC_FORM_OF	V2_CONTAINMENT_CANDIDATE_NOT_EQUIVALENCE	true
semantic-candidate:61690e2eee8b928e30de0974	semantic-relation:dcdd4e8bd50c3ffb7c476074	COMPONENT_OF	COMPOUND_COMPONENT_PARSE_REQUIRES_REVIEW	true
semantic-candidate:616ff6e8805f69f8584f3aab	semantic-relation:9148df30b771567d07ae4bce	MODIFIES	MODIFIER_PARSE_REQUIRES_REVIEW	true
semantic-candidate:617cecc2f3e33cc8c3bf6bf4	semantic-relation:ecbdc69186073bf112bf22d8	COMPONENT_OF	COMPOUND_COMPONENT_PARSE_REQUIRES_REVIEW	true
semantic-candidate:61873b5273c8e9f8c49ae9f6	semantic-relation:fdef8cb16112fd77f41764a8	INSTANCE_OR_SPECIFIC_FORM_OF	V2_CONTAINMENT_CANDIDATE_NOT_EQUIVALENCE	true
semantic-candidate:61965387b1279fc5252c688c	semantic-relation:30d47d432a0dc5aff77abf09	INSTANCE_OR_SPECIFIC_FORM_OF	V2_CONTAINMENT_CANDIDATE_NOT_EQUIVALENCE	true
semantic-candidate:61a15d8f5b4fc7d552a24250	semantic-relation:470eae76cdee811c5bafbe92	INSTANCE_OR_SPECIFIC_FORM_OF	V2_CONTAINMENT_CANDIDATE_NOT_EQUIVALENCE	true
semantic-candidate:61ad06c667acf1e477610727	semantic-relation:e2ce5c809272c4eff61e7445	MODIFIES	MODIFIER_PARSE_REQUIRES_REVIEW	true
semantic-candidate:61ba26588709c16ec4d14063	semantic-relation:07fa712cbcba1d0ea0b8ba1b	MODIFIES	MODIFIER_PARSE_REQUIRES_REVIEW	true
semantic-candidate:61c1faab79a22939ba3f9642	semantic-relation:27eb8c3d3e35500ae4de0a5d	COMPONENT_OF	COMPOUND_COMPONENT_PARSE_REQUIRES_REVIEW	true
semantic-candidate:61cb9f767f636413fea402da	semantic-relation:20b74d7851ca9c620b13f90d	INSTANCE_OR_SPECIFIC_FORM_OF	V2_CONTAINMENT_CANDIDATE_NOT_EQUIVALENCE	true
semantic-candidate:61d165509afa495d06295102	semantic-relation:646a0a009e9838800689e297	COMPONENT_OF	COMPOUND_COMPONENT_PARSE_REQUIRES_REVIEW	true
semantic-candidate:61eb7ef97775a5ce1262a8f3	semantic-relation:5882aa9858cc8634d2c58182	INSTANCE_OR_SPECIFIC_FORM_OF	V2_CONTAINMENT_CANDIDATE_NOT_EQUIVALENCE	true
semantic-candidate:61eb811e59ecca8c61063e43	semantic-relation:bd834d794db109f9c185efd9	MODIFIES	MODIFIER_PARSE_REQUIRES_REVIEW	true
semantic-candidate:61f6bcba284444716d221b44	semantic-relation:1dfa40fa49d4dc1eaec8a408	INSTANCE_OR_SPECIFIC_FORM_OF	V2_CONTAINMENT_CANDIDATE_NOT_EQUIVALENCE	true
semantic-candidate:61fa4921e26ffce691ca2d4b	semantic-relation:b865157bcbb3b5faeef544e8	COMPONENT_OF	COMPOUND_COMPONENT_PARSE_REQUIRES_REVIEW	true
semantic-candidate:62037dae33eab26dd7111745	semantic-relation:2532bd9108b03ba845ace07a	INSTANCE_OR_SPECIFIC_FORM_OF	V2_CONTAINMENT_CANDIDATE_NOT_EQUIVALENCE	true
semantic-candidate:623974ae3b4b563d5317b3fa	semantic-relation:b5cf04de6809efeec5e88745	INSTANCE_OR_SPECIFIC_FORM_OF	V2_CONTAINMENT_CANDIDATE_NOT_EQUIVALENCE	true
semantic-candidate:623ab2fc3dd77701e067a250	semantic-relation:ba8fb8e010c8dd9c45ca9049	COMPONENT_OF	COMPOUND_COMPONENT_PARSE_REQUIRES_REVIEW	true
semantic-candidate:6241505841317060c00dba7a	semantic-relation:4e8ca007dec1332b19240f36	INSTANCE_OR_SPECIFIC_FORM_OF	V2_CONTAINMENT_CANDIDATE_NOT_EQUIVALENCE	true
semantic-candidate:624e512e3d8dda991dc16d52	semantic-relation:50c6c6fa1fdcf92395c71990	MODIFIES	MODIFIER_PARSE_REQUIRES_REVIEW	true
semantic-candidate:62561770dfbbc219271a5115	semantic-relation:59bca7d10411580bdbbe6ebf	COMPONENT_OF	COMPOUND_COMPONENT_PARSE_REQUIRES_REVIEW	true
semantic-candidate:6281701f4296a4371d7867c6	semantic-relation:40b7245ae264b85919268784	MODIFIES	MODIFIER_PARSE_REQUIRES_REVIEW	true
semantic-candidate:628864bc8c75272666e4dc37	semantic-relation:ee288259640aa88577a555cb	INSTANCE_OR_SPECIFIC_FORM_OF	V2_CONTAINMENT_CANDIDATE_NOT_EQUIVALENCE	true
semantic-candidate:62970e78b1bd180f40a932e5	semantic-relation:17b9338818bba1181accef3b	INSTANCE_OR_SPECIFIC_FORM_OF	V2_CONTAINMENT_CANDIDATE_NOT_EQUIVALENCE	true
semantic-candidate:629f86c5368aa19fde72fcc6	semantic-relation:932d4aa8d150d91d8b7fdd18	INSTANCE_OR_SPECIFIC_FORM_OF	V2_CONTAINMENT_CANDIDATE_NOT_EQUIVALENCE	true
semantic-candidate:62b302aa34e7de0462a8a4b8	semantic-relation:d1a6f02b8a538e4db154bafd	COMPONENT_OF	COMPOUND_COMPONENT_PARSE_REQUIRES_REVIEW	true
semantic-candidate:62b673a4e4b3fcde64fc59a8	semantic-relation:53dc5ad82bdf7fd710fc97e6	INSTANCE_OR_SPECIFIC_FORM_OF	V2_CONTAINMENT_CANDIDATE_NOT_EQUIVALENCE	true
semantic-candidate:62b7d2e5ecdc8b10a8617336	semantic-relation:63e96e070e49a440506dfd03	COMPONENT_OF	COMPOUND_COMPONENT_PARSE_REQUIRES_REVIEW	true
semantic-candidate:62c986f18c12e9226bed24c5	semantic-relation:848066621f31c0ef539f2696	INSTANCE_OR_SPECIFIC_FORM_OF	V2_CONTAINMENT_CANDIDATE_NOT_EQUIVALENCE	true
semantic-candidate:62cc7d44bdff3f7c361d0f30	semantic-relation:0c582efdfc2ca059b0f26e90	INSTANCE_OR_SPECIFIC_FORM_OF	V2_CONTAINMENT_CANDIDATE_NOT_EQUIVALENCE	true
semantic-candidate:62cda781ad76a3126ea9f0e1	semantic-relation:34a3134558c235d9ed32b33e	COMPONENT_OF	COMPOUND_COMPONENT_PARSE_REQUIRES_REVIEW	true
semantic-candidate:62d0c79c79022d55ff8e562a	semantic-relation:7c164040258f0817ebe265ce	INSTANCE_OR_SPECIFIC_FORM_OF	V2_CONTAINMENT_CANDIDATE_NOT_EQUIVALENCE	true
semantic-candidate:62dbeb4bbde0ca4c5434456b	semantic-relation:8467a8aba517d4833902439e	INSTANCE_OR_SPECIFIC_FORM_OF	V2_CONTAINMENT_CANDIDATE_NOT_EQUIVALENCE	true
semantic-candidate:62e1d5589f4cc2745009144d	semantic-relation:f64d19ce73b9a43d1807d60f	COMPONENT_OF	COMPOUND_COMPONENT_PARSE_REQUIRES_REVIEW	true
semantic-candidate:62e6aa752e0d94f5545ad5b0	semantic-relation:858ca56cd95ed36fe61e9643	COMPONENT_OF	COMPOUND_COMPONENT_PARSE_REQUIRES_REVIEW	true
semantic-candidate:6300bf288c6f61075476220c	semantic-relation:cd0f641178d80e85dc867d01	INSTANCE_OR_SPECIFIC_FORM_OF	V2_CONTAINMENT_CANDIDATE_NOT_EQUIVALENCE	true
semantic-candidate:630bc885f696039807515885	semantic-relation:250d3d22b896e26df29157d4	INSTANCE_OR_SPECIFIC_FORM_OF	V2_CONTAINMENT_CANDIDATE_NOT_EQUIVALENCE	true
semantic-candidate:631959974c04123a48713e66	semantic-relation:339092c522ab9e68b6fdd76b	INSTANCE_OR_SPECIFIC_FORM_OF	V2_CONTAINMENT_CANDIDATE_NOT_EQUIVALENCE	true
semantic-candidate:631d4e4f0488c0ac7a2e5230	semantic-relation:b8bef1487bf804b80f30d6d5	COMPONENT_OF	COMPOUND_COMPONENT_PARSE_REQUIRES_REVIEW	true
semantic-candidate:63331ffcb70f7e2e8025dec9	semantic-relation:4ce1a08605c5b572286476c5	INSTANCE_OR_SPECIFIC_FORM_OF	V2_CONTAINMENT_CANDIDATE_NOT_EQUIVALENCE	true
semantic-candidate:63816ce5679171b69bfc130d	semantic-relation:989a38b4bc3536f517702222	MODIFIES	MODIFIER_PARSE_REQUIRES_REVIEW	true
semantic-candidate:63a5d90c990ecdf2979618e1	semantic-relation:1cf8d2c5bf091b8ecb970e99	COMPONENT_OF	COMPOUND_COMPONENT_PARSE_REQUIRES_REVIEW	true
semantic-candidate:63a98dc041e7ef68bee64b26	semantic-relation:ef9b506f1566a3d097dfdb58	MODIFIES	MODIFIER_PARSE_REQUIRES_REVIEW	true
semantic-candidate:63c09a7b562f5205d4947447	semantic-relation:e9bc6405c9691ad43c3f7194	INSTANCE_OR_SPECIFIC_FORM_OF	V2_CONTAINMENT_CANDIDATE_NOT_EQUIVALENCE	true
semantic-candidate:63c262c4cb64b42391936a3e	semantic-relation:c8c963d892eb84022a26bf5f	MODIFIES	MODIFIER_PARSE_REQUIRES_REVIEW	true
semantic-candidate:63d595df4271b012bc494647	semantic-relation:318251d060d21647e3198a90	COMPONENT_OF	COMPOUND_COMPONENT_PARSE_REQUIRES_REVIEW	true
semantic-candidate:63e37fccf13f9ac3249218ee	semantic-relation:9136a09a721802038310864f	COMPONENT_OF	COMPOUND_COMPONENT_PARSE_REQUIRES_REVIEW	true
semantic-candidate:63e3ada6a74ed6b82b9fa4c6	semantic-relation:2cc8777d08435ad0da0f9066	COMPONENT_OF	COMPOUND_COMPONENT_PARSE_REQUIRES_REVIEW	true
semantic-candidate:63e6f4b47ac5e65510ef1d84	semantic-relation:39b7dd516a153aab965fdb3a	INSTANCE_OR_SPECIFIC_FORM_OF	V2_CONTAINMENT_CANDIDATE_NOT_EQUIVALENCE	true
semantic-candidate:63f024d92c5e71bf5f0e1486	semantic-relation:bde7683bf5ecff78b67acef3	COMPONENT_OF	COMPOUND_COMPONENT_PARSE_REQUIRES_REVIEW	true
semantic-candidate:63fccdcea593e65f737d1c5f	semantic-relation:a7988979cc898d3e7dc661f6	INSTANCE_OR_SPECIFIC_FORM_OF	V2_CONTAINMENT_CANDIDATE_NOT_EQUIVALENCE	true
semantic-candidate:6415195d31e773a371668d61	semantic-relation:e331c85df2a19a94f6c6338f	COMPONENT_OF	COMPOUND_COMPONENT_PARSE_REQUIRES_REVIEW	true
semantic-candidate:6418358b0e9e5b1591807191	semantic-relation:a153134c4da418ee86b2660a	INSTANCE_OR_SPECIFIC_FORM_OF	V2_CONTAINMENT_CANDIDATE_NOT_EQUIVALENCE	true
semantic-candidate:641ccdc21fc83d77b1e8e999	semantic-relation:137361042cb32e239479a8d0	COMPONENT_OF	COMPOUND_COMPONENT_PARSE_REQUIRES_REVIEW	true
semantic-candidate:641e3fe2c558048c81162870	semantic-relation:893e748d371f0cc342a408ad	INSTANCE_OR_SPECIFIC_FORM_OF	V2_CONTAINMENT_CANDIDATE_NOT_EQUIVALENCE	true
semantic-candidate:642dccec0d3f361cd6852153	semantic-relation:5cfdca77336080ae44f43ea1	INSTANCE_OR_SPECIFIC_FORM_OF	V2_CONTAINMENT_CANDIDATE_NOT_EQUIVALENCE	true
semantic-candidate:6437445b90e7e75168ad7ea2	semantic-relation:5bac878ca8c00ab7d7e271db	COMPONENT_OF	COMPOUND_COMPONENT_PARSE_REQUIRES_REVIEW	true
semantic-candidate:6440fcdf05941da08532cbac	semantic-relation:51a6c3b46b4a5060a4213e1d	INSTANCE_OR_SPECIFIC_FORM_OF	V2_CONTAINMENT_CANDIDATE_NOT_EQUIVALENCE	true
semantic-candidate:64475b90d725ffe99320992c	semantic-relation:ba88ed1d6351b090cf7f4a8f	COMPONENT_OF	COMPOUND_COMPONENT_PARSE_REQUIRES_REVIEW	true
semantic-candidate:645f5bec694a4a876822d873	semantic-relation:c14d62521f5cc6809c220717	INSTANCE_OR_SPECIFIC_FORM_OF	V2_CONTAINMENT_CANDIDATE_NOT_EQUIVALENCE	true
semantic-candidate:6467324cbd5dd96ec056705b	semantic-relation:0bc26b6416ec4b5d6a2eb9d0	COMPONENT_OF	COMPOUND_COMPONENT_PARSE_REQUIRES_REVIEW	true
semantic-candidate:647300df1ec207b65dadbccb	semantic-relation:8f2157b11eeed6c886d3eeae	COMPONENT_OF	COMPOUND_COMPONENT_PARSE_REQUIRES_REVIEW	true
semantic-candidate:6474f8aa004464e14beffcf1	semantic-relation:aac9cdb20fa2d353e631629f	COMPONENT_OF	COMPOUND_COMPONENT_PARSE_REQUIRES_REVIEW	true
semantic-candidate:64bc406fdbbbaa945b5b4a2f	semantic-relation:3e79b59e43f05f718f283c2b	INSTANCE_OR_SPECIFIC_FORM_OF	V2_CONTAINMENT_CANDIDATE_NOT_EQUIVALENCE	true
semantic-candidate:64c7c673f6f583a2781b28ee	semantic-relation:36f8bff4d1afe8641702bdf9	INSTANCE_OR_SPECIFIC_FORM_OF	V2_CONTAINMENT_CANDIDATE_NOT_EQUIVALENCE	true
semantic-candidate:64d34f2386be9e486fd55c2d	semantic-relation:a5eeef7670e2713971430b19	COMPONENT_OF	COMPOUND_COMPONENT_PARSE_REQUIRES_REVIEW	true
semantic-candidate:64e3460e7b71c1fff5f403f4	semantic-relation:79e7c9aac9882bb5fa3c1dee	INSTANCE_OR_SPECIFIC_FORM_OF	V2_CONTAINMENT_CANDIDATE_NOT_EQUIVALENCE	true
semantic-candidate:64ea284a4878ea078f583cb1	semantic-relation:302b1ab163d0a3bcdaef5b24	COMPONENT_OF	COMPOUND_COMPONENT_PARSE_REQUIRES_REVIEW	true
semantic-candidate:650916bb1f7404c675f2dd5c	semantic-relation:b79b03976ab36d43c4f37f38	COMPONENT_OF	COMPOUND_COMPONENT_PARSE_REQUIRES_REVIEW	true
semantic-candidate:651830c514b386a522277caf	semantic-relation:5bc110f3f68d7a21956da3e9	INSTANCE_OR_SPECIFIC_FORM_OF	V2_CONTAINMENT_CANDIDATE_NOT_EQUIVALENCE	true
semantic-candidate:651db88aec3e184cd2ca1c18	semantic-relation:5528ac162e06dca0d6012a63	INSTANCE_OR_SPECIFIC_FORM_OF	V2_CONTAINMENT_CANDIDATE_NOT_EQUIVALENCE	true
semantic-candidate:6544c744d79b124056eeabed	semantic-relation:fa72e1e86f720db9786fbedc	INSTANCE_OR_SPECIFIC_FORM_OF	V2_CONTAINMENT_CANDIDATE_NOT_EQUIVALENCE	true
semantic-candidate:6548bac6ee415bbc01af8db0	semantic-relation:4c7f040504672abb04100127	COMPONENT_OF	COMPOUND_COMPONENT_PARSE_REQUIRES_REVIEW	true
semantic-candidate:6549b13462c2961b8298bc64	semantic-relation:0d6085f45c51b9fa01fb2920	INSTANCE_OR_SPECIFIC_FORM_OF	V2_CONTAINMENT_CANDIDATE_NOT_EQUIVALENCE	true
semantic-candidate:654ae31fddf1667ac53b96ea	semantic-relation:62f640110323d06d62b192bc	COMPONENT_OF	COMPOUND_COMPONENT_PARSE_REQUIRES_REVIEW	true
semantic-candidate:65557d17d537ada554b07233	semantic-relation:54b8ac519d3df54300960ea9	COMPONENT_OF	COMPOUND_COMPONENT_PARSE_REQUIRES_REVIEW	true
semantic-candidate:657dc17097d08295bceccac7	semantic-relation:ded8672660da2ab89cf6d50b	COMPONENT_OF	COMPOUND_COMPONENT_PARSE_REQUIRES_REVIEW	true
semantic-candidate:6581cdc590570a9cfa26f8b4	semantic-relation:44f9dea940a2e05e01a79f17	INSTANCE_OR_SPECIFIC_FORM_OF	V2_CONTAINMENT_CANDIDATE_NOT_EQUIVALENCE	true
semantic-candidate:658b88e347f751c3eaaf61d5	semantic-relation:54cecee9580a4f2146061ae1	INSTANCE_OR_SPECIFIC_FORM_OF	V2_CONTAINMENT_CANDIDATE_NOT_EQUIVALENCE	true
semantic-candidate:65a43f9ecc86fc3e51736f93	semantic-relation:44b9f74db9a619ad6e3065e8	COMPONENT_OF	COMPOUND_COMPONENT_PARSE_REQUIRES_REVIEW	true
semantic-candidate:65a78eebe6b2cc11498acebd	semantic-relation:6a2c7871cb5b9b94ccab914e	COMPONENT_OF	COMPOUND_COMPONENT_PARSE_REQUIRES_REVIEW	true
semantic-candidate:65b50859b17008886eadc4ba	semantic-relation:45e9fd134d645b76e2c59a1a	COMPONENT_OF	COMPOUND_COMPONENT_PARSE_REQUIRES_REVIEW	true
semantic-candidate:65b615a6f8d99078bfcf4c78	semantic-relation:e6991a03076d8a9e056125b4	INSTANCE_OR_SPECIFIC_FORM_OF	V2_CONTAINMENT_CANDIDATE_NOT_EQUIVALENCE	true
semantic-candidate:65b9aef455f72107a674f5b8	semantic-relation:05b482ac01cff0b1ccf0b230	MODIFIES	MODIFIER_PARSE_REQUIRES_REVIEW	true
semantic-candidate:65cd1e38561e27ae6aba7776	semantic-relation:270c60828f76bf44c79a43db	MODIFIES	MODIFIER_PARSE_REQUIRES_REVIEW	true
semantic-candidate:65cd23f2bfce62cd1c456b23	semantic-relation:36d96ed8395b24ff472476aa	MODIFIES	MODIFIER_PARSE_REQUIRES_REVIEW	true
semantic-candidate:65d77019a770c13ed01e9650	semantic-relation:7c6968b92334861a74e1c657	COMPONENT_OF	COMPOUND_COMPONENT_PARSE_REQUIRES_REVIEW	true
semantic-candidate:65d7d7b198b1c9f769ad5960	semantic-relation:118ca8fd6889225cd8a8cadc	INSTANCE_OR_SPECIFIC_FORM_OF	V2_CONTAINMENT_CANDIDATE_NOT_EQUIVALENCE	true
semantic-candidate:65dab09c44bb363335e0103c	semantic-relation:3a19d86bbf17e39d3e2561bb	INSTANCE_OR_SPECIFIC_FORM_OF	V2_CONTAINMENT_CANDIDATE_NOT_EQUIVALENCE	true
semantic-candidate:65f9780eeefa3c36f6c2d1a7	semantic-relation:f58223ebcabdf7af1834d393	INSTANCE_OR_SPECIFIC_FORM_OF	V2_CONTAINMENT_CANDIDATE_NOT_EQUIVALENCE	true
semantic-candidate:65fd447798aea9cabea72bbd	semantic-relation:eb106e8e173d0fee50cdabed	MODIFIES	MODIFIER_PARSE_REQUIRES_REVIEW	true
semantic-candidate:660fb84988f613516f708e0f	semantic-relation:33ca63141a3409b701e410d8	INSTANCE_OR_SPECIFIC_FORM_OF	V2_CONTAINMENT_CANDIDATE_NOT_EQUIVALENCE	true
semantic-candidate:66113e0e73aafff4d2f9b67f	semantic-relation:842d76cfc6bb618d5109451f	INSTANCE_OR_SPECIFIC_FORM_OF	V2_CONTAINMENT_CANDIDATE_NOT_EQUIVALENCE	true
semantic-candidate:6621e6cadc43c3c4ff3f11b1	semantic-relation:18bedb82d6bc4bbe028e5134	COMPONENT_OF	COMPOUND_COMPONENT_PARSE_REQUIRES_REVIEW	true
semantic-candidate:664021565ee1ed40d953ae32	semantic-relation:4f587e9d816c53b5d4f0e344	INSTANCE_OR_SPECIFIC_FORM_OF	V2_CONTAINMENT_CANDIDATE_NOT_EQUIVALENCE	true
semantic-candidate:664c238b5b605757ad833b20	semantic-relation:edbcf3783d3f5092a78e3b42	MODIFIES	MODIFIER_PARSE_REQUIRES_REVIEW	true
semantic-candidate:665b7a7618068befd393b147	semantic-relation:9be6cc7b563717f4b0cb9fc1	INSTANCE_OR_SPECIFIC_FORM_OF	V2_CONTAINMENT_CANDIDATE_NOT_EQUIVALENCE	true
semantic-candidate:667e81843634e98a8395da55	semantic-relation:971a4ee595c22c6dd6e08c1f	INSTANCE_OR_SPECIFIC_FORM_OF	V2_CONTAINMENT_CANDIDATE_NOT_EQUIVALENCE	true
semantic-candidate:668018b8e29c5e32c2af791a	semantic-relation:4d99963be935f5fe81d865f8	COMPONENT_OF	COMPOUND_COMPONENT_PARSE_REQUIRES_REVIEW	true
semantic-candidate:66832fdead300b7b064ad949	semantic-relation:e5519d98806aed4015dfbd70	INSTANCE_OR_SPECIFIC_FORM_OF	V2_CONTAINMENT_CANDIDATE_NOT_EQUIVALENCE	true
semantic-candidate:668c4dc2f2c2915ac259265b	semantic-relation:c3ae9756f9c6daa0c815f793	COMPONENT_OF	COMPOUND_COMPONENT_PARSE_REQUIRES_REVIEW	true
semantic-candidate:669ef61eb67be00aea10dfe0	semantic-relation:77420b6c9ce86f3ba9f2726d	COMPONENT_OF	COMPOUND_COMPONENT_PARSE_REQUIRES_REVIEW	true
semantic-candidate:66ab2a63137740b556a0f254	semantic-relation:a81a8de0f2b34f8f97d0620f	COMPONENT_OF	COMPOUND_COMPONENT_PARSE_REQUIRES_REVIEW	true
semantic-candidate:66af58fe0b8740531172f5c8	semantic-relation:27afc5d6f54436eef90b6b3c	COMPONENT_OF	COMPOUND_COMPONENT_PARSE_REQUIRES_REVIEW	true
semantic-candidate:66afea03d218c21452d4b809	semantic-relation:e730028736649caf3402f643	MODIFIES	MODIFIER_PARSE_REQUIRES_REVIEW	true
semantic-candidate:66b38b400d6b86c7db78fe12	semantic-relation:fbb28019c2e61d9498b4643e	INSTANCE_OR_SPECIFIC_FORM_OF	V2_CONTAINMENT_CANDIDATE_NOT_EQUIVALENCE	true
semantic-candidate:66cf9c3c9d0c2f012948d718	semantic-relation:b53ec0b9ba68a9db625e2a55	MODIFIES	MODIFIER_PARSE_REQUIRES_REVIEW	true
semantic-candidate:66e0844db3880c8384bd3c5d	semantic-relation:8f90e4d5230fe670c5ff1536	INSTANCE_OR_SPECIFIC_FORM_OF	V2_CONTAINMENT_CANDIDATE_NOT_EQUIVALENCE	true
semantic-candidate:66e673f64aaebee067e84cdc	semantic-relation:b2fbb78451929965ed32e9e7	INSTANCE_OR_SPECIFIC_FORM_OF	V2_CONTAINMENT_CANDIDATE_NOT_EQUIVALENCE	true
semantic-candidate:66f556877fef962741f60e5f	semantic-relation:40f16980fbc2c142f79e5d68	INSTANCE_OR_SPECIFIC_FORM_OF	V2_CONTAINMENT_CANDIDATE_NOT_EQUIVALENCE	true
semantic-candidate:67017d060506040230cdebfb	semantic-relation:c48f3e4d13939e8dfc11ac72	COMPONENT_OF	COMPOUND_COMPONENT_PARSE_REQUIRES_REVIEW	true
semantic-candidate:6704df2559a988a4684fbfc3	semantic-relation:dc8557191ae985393a251cd5	INSTANCE_OR_SPECIFIC_FORM_OF	V2_CONTAINMENT_CANDIDATE_NOT_EQUIVALENCE	true
semantic-candidate:670b9dae83084e25ff74e7a4	semantic-relation:a8233133ff3529b6a8b9e38a	COMPONENT_OF	COMPOUND_COMPONENT_PARSE_REQUIRES_REVIEW	true
semantic-candidate:67107852395b4f4abe9643d7	semantic-relation:ce1fa12b69d07f4f262a2815	COMPONENT_OF	COMPOUND_COMPONENT_PARSE_REQUIRES_REVIEW	true
semantic-candidate:6732893e5129a965ca1c0825	semantic-relation:ba1705cda049c6c959aab295	INSTANCE_OR_SPECIFIC_FORM_OF	V2_CONTAINMENT_CANDIDATE_NOT_EQUIVALENCE	true
semantic-candidate:673756c3206c815642ea9a77	semantic-relation:2838c337fb96131037d78b9f	COMPONENT_OF	COMPOUND_COMPONENT_PARSE_REQUIRES_REVIEW	true
semantic-candidate:673cfbdc2459659cd37f1d3b	semantic-relation:61e2a0e5c2ecd661cd9021e5	COMPONENT_OF	COMPOUND_COMPONENT_PARSE_REQUIRES_REVIEW	true
semantic-candidate:67406750822cb7bfdb4516d2	semantic-relation:42b425e636670d1d0a9f932e	MODIFIES	MODIFIER_PARSE_REQUIRES_REVIEW	true
semantic-candidate:674c4156a1b60ea96cd08be8	semantic-relation:34a4adf1161e1c0fcb006f9c	INSTANCE_OR_SPECIFIC_FORM_OF	V2_CONTAINMENT_CANDIDATE_NOT_EQUIVALENCE	true
semantic-candidate:6762d0968aae02ff4ec47a62	semantic-relation:0d7ad58eb525982160c4be3f	INSTANCE_OR_SPECIFIC_FORM_OF	V2_CONTAINMENT_CANDIDATE_NOT_EQUIVALENCE	true
semantic-candidate:676361e25979840f828fa01e	semantic-relation:008156181d1a8992800cb14d	COMPONENT_OF	COMPOUND_COMPONENT_PARSE_REQUIRES_REVIEW	true
semantic-candidate:677887caec167db1dba415ed	semantic-relation:54d92390638e9cf4261da306	COMPONENT_OF	COMPOUND_COMPONENT_PARSE_REQUIRES_REVIEW	true
semantic-candidate:6798fdb72537f41305b1d845	semantic-relation:854e5cd0c6934a6c2164e8a0	INSTANCE_OR_SPECIFIC_FORM_OF	V2_CONTAINMENT_CANDIDATE_NOT_EQUIVALENCE	true
semantic-candidate:679c4eb11e327ad2c8c859ec	semantic-relation:2bb611eca4e8fe10897eb8a9	COMPONENT_OF	COMPOUND_COMPONENT_PARSE_REQUIRES_REVIEW	true
semantic-candidate:679f4ca58f062358b5a7aa49	semantic-relation:6c2424446eeb7a55db1459bf	INSTANCE_OR_SPECIFIC_FORM_OF	V2_CONTAINMENT_CANDIDATE_NOT_EQUIVALENCE	true
semantic-candidate:67a0f77f640580d0fe4aded5	semantic-relation:0ef1e3456eec76471c665951	INSTANCE_OR_SPECIFIC_FORM_OF	V2_CONTAINMENT_CANDIDATE_NOT_EQUIVALENCE	true
semantic-candidate:67a825148c670546090223ec	semantic-relation:02c82184eab780c6968b91aa	INSTANCE_OR_SPECIFIC_FORM_OF	V2_CONTAINMENT_CANDIDATE_NOT_EQUIVALENCE	true
semantic-candidate:67a8b4fbfccd1d0899f31e39	semantic-relation:8a30e7a2a753699eecce4e88	COMPONENT_OF	COMPOUND_COMPONENT_PARSE_REQUIRES_REVIEW	true
semantic-candidate:67bd8a6471130aa26047dbb0	semantic-relation:3a3be30ca2fb2086a903bc5b	COMPONENT_OF	COMPOUND_COMPONENT_PARSE_REQUIRES_REVIEW	true
semantic-candidate:67c877192c3076cc59bf9ca2	semantic-relation:0efe6ae4f0cc75465a30c320	INSTANCE_OR_SPECIFIC_FORM_OF	V2_CONTAINMENT_CANDIDATE_NOT_EQUIVALENCE	true
semantic-candidate:67f58c40ca90165f51c1f946	semantic-relation:aeba9c658aba926a5570fcbb	MODIFIES	MODIFIER_PARSE_REQUIRES_REVIEW	true
semantic-candidate:680309336ac646afb1da21af	semantic-relation:a0521eaf4d7cb48c1f559dfd	MODIFIES	MODIFIER_PARSE_REQUIRES_REVIEW	true
semantic-candidate:68107dab056316813bf54de6	semantic-relation:54d476f16ddda8f87b5d87a4	INSTANCE_OR_SPECIFIC_FORM_OF	V2_CONTAINMENT_CANDIDATE_NOT_EQUIVALENCE	true
semantic-candidate:6827013abc7e5bb060b2253d	semantic-relation:7c8bcb31cf2662a0a78ab8a3	INSTANCE_OR_SPECIFIC_FORM_OF	V2_CONTAINMENT_CANDIDATE_NOT_EQUIVALENCE	true
semantic-candidate:68325282a0f594ade6fb0c5c	semantic-relation:d22b1af670cd98ead137e0b3	INSTANCE_OR_SPECIFIC_FORM_OF	V2_CONTAINMENT_CANDIDATE_NOT_EQUIVALENCE	true
semantic-candidate:684f63632b43e161f45002b8	semantic-relation:1424ca694961af9c01e25174	COMPONENT_OF	COMPOUND_COMPONENT_PARSE_REQUIRES_REVIEW	true
semantic-candidate:685b4ddc4f2acb13d387235d	semantic-relation:04c113e541a4fc24ef06fe74	COMPONENT_OF	COMPOUND_COMPONENT_PARSE_REQUIRES_REVIEW	true
semantic-candidate:68662351389495952f929b7b	semantic-relation:b27c53912e955e9be11e6a2a	INSTANCE_OR_SPECIFIC_FORM_OF	V2_CONTAINMENT_CANDIDATE_NOT_EQUIVALENCE	true
semantic-candidate:6873028f355633bbef0aa916	semantic-relation:b904edd0ade122734388c1fc	INSTANCE_OR_SPECIFIC_FORM_OF	V2_CONTAINMENT_CANDIDATE_NOT_EQUIVALENCE	true
semantic-candidate:68792c73896badddf87e8d91	semantic-relation:af55db7efbc504bc23d757b9	COMPONENT_OF	COMPOUND_COMPONENT_PARSE_REQUIRES_REVIEW	true
semantic-candidate:6882c2411c53e2a08dab12b4	semantic-relation:e00160f3970c4eaca758ff0b	COMPONENT_OF	COMPOUND_COMPONENT_PARSE_REQUIRES_REVIEW	true
semantic-candidate:688cc869cb9ec895966038a8	semantic-relation:31c241e608f0b87b5037790c	COMPONENT_OF	COMPOUND_COMPONENT_PARSE_REQUIRES_REVIEW	true
semantic-candidate:6891ac6079c0710fa2c25005	semantic-relation:f239e346dcb73d894f81915e	INSTANCE_OR_SPECIFIC_FORM_OF	V2_CONTAINMENT_CANDIDATE_NOT_EQUIVALENCE	true
semantic-candidate:68a72d9bce7eb4e6beee07d5	semantic-relation:9919b45dc4ba8429a93a1fd0	INSTANCE_OR_SPECIFIC_FORM_OF	V2_CONTAINMENT_CANDIDATE_NOT_EQUIVALENCE	true
semantic-candidate:68b8758bf519ebae7e11ac8a	semantic-relation:5996254bbdd82abc5dd5418f	COMPONENT_OF	COMPOUND_COMPONENT_PARSE_REQUIRES_REVIEW	true
semantic-candidate:68be02aa34217d50e5039528	semantic-relation:7098a0bade31ea30f220f16a	MODIFIES	MODIFIER_PARSE_REQUIRES_REVIEW	true
semantic-candidate:68c6a65132b83b55cb75733e	semantic-relation:94bf7631a408dea11c76d458	INSTANCE_OR_SPECIFIC_FORM_OF	V2_CONTAINMENT_CANDIDATE_NOT_EQUIVALENCE	true
semantic-candidate:68cd511fc3e22bc40b4d3296	semantic-relation:ce714119a445f123087cfda0	INSTANCE_OR_SPECIFIC_FORM_OF	V2_CONTAINMENT_CANDIDATE_NOT_EQUIVALENCE	true
semantic-candidate:68e7d6b7993d17662784c074	semantic-relation:91fdd60ee3876fa2d8ce39c1	COMPONENT_OF	COMPOUND_COMPONENT_PARSE_REQUIRES_REVIEW	true
semantic-candidate:68fa8442141752f4ead4a669	semantic-relation:84dbe441bb350b031199b575	COMPONENT_OF	COMPOUND_COMPONENT_PARSE_REQUIRES_REVIEW	true
semantic-candidate:690253899dada482925a1ade	semantic-relation:20323d586d15f6b3a5cb4eba	COMPONENT_OF	COMPOUND_COMPONENT_PARSE_REQUIRES_REVIEW	true
semantic-candidate:69120bcdfa91f340846c0587	semantic-relation:7b1c48e272d304ba9e0acdab	INSTANCE_OR_SPECIFIC_FORM_OF	V2_CONTAINMENT_CANDIDATE_NOT_EQUIVALENCE	true
semantic-candidate:69121e5e1c0e73ab01987652	semantic-relation:2c56f7143e6610f7654fb492	MODIFIES	MODIFIER_PARSE_REQUIRES_REVIEW	true
semantic-candidate:691c65a3b7f449df8e8ec3cc	semantic-relation:ecf44d58414b4d483daa747e	INSTANCE_OR_SPECIFIC_FORM_OF	V2_CONTAINMENT_CANDIDATE_NOT_EQUIVALENCE	true
semantic-candidate:6926e50749026c4093b766dd	semantic-relation:61920650d6eb71886d7a95aa	COMPONENT_OF	COMPOUND_COMPONENT_PARSE_REQUIRES_REVIEW	true
semantic-candidate:693f28637d1b6837da7b5fd5	semantic-relation:a33146068853f88f389db0ec	MODIFIES	MODIFIER_PARSE_REQUIRES_REVIEW	true
semantic-candidate:6946c7786916c71c8ea5de9f	semantic-relation:58ced9d6b3b3f59f4b3c5783	INSTANCE_OR_SPECIFIC_FORM_OF	V2_CONTAINMENT_CANDIDATE_NOT_EQUIVALENCE	true
semantic-candidate:694be51e795ece41d291efac	semantic-relation:e0b23fb74d6ea5ac6bf2449a	INSTANCE_OR_SPECIFIC_FORM_OF	V2_CONTAINMENT_CANDIDATE_NOT_EQUIVALENCE	true
semantic-candidate:69535452b8be14df8e49a7dc	semantic-relation:b5929a0f13778b52a3b6aa09	INSTANCE_OR_SPECIFIC_FORM_OF	V2_CONTAINMENT_CANDIDATE_NOT_EQUIVALENCE	true
semantic-candidate:696b375cc04425375eaa1da6	semantic-relation:b03bc7789b09af60ecdf72ad	INSTANCE_OR_SPECIFIC_FORM_OF	V2_CONTAINMENT_CANDIDATE_NOT_EQUIVALENCE	true
semantic-candidate:696dace9bad9e75704f557c0	semantic-relation:caac18c3f89c359198d03318	INSTANCE_OR_SPECIFIC_FORM_OF	V2_CONTAINMENT_CANDIDATE_NOT_EQUIVALENCE	true
semantic-candidate:69702d7a46081b5f4963c0b0	semantic-relation:e908f288f13b61f7bb2d1e52	MODIFIES	MODIFIER_PARSE_REQUIRES_REVIEW	true
semantic-candidate:6972d169fb58b77811bbd49c	semantic-relation:e0b7dc5d1c3cccd562474b12	INSTANCE_OR_SPECIFIC_FORM_OF	V2_CONTAINMENT_CANDIDATE_NOT_EQUIVALENCE	true
semantic-candidate:697382ed1e9b35becd752967	semantic-relation:30716049dbecdb2af5ab64dd	COMPONENT_OF	COMPOUND_COMPONENT_PARSE_REQUIRES_REVIEW	true
semantic-candidate:69821a94e6c0a2f2ed38844d	semantic-relation:0398a304467854214bf661b2	COMPONENT_OF	COMPOUND_COMPONENT_PARSE_REQUIRES_REVIEW	true
semantic-candidate:698520d8e646442dfe237075	semantic-relation:4955ae8aa1b1d6e7966313e2	INSTANCE_OR_SPECIFIC_FORM_OF	V2_CONTAINMENT_CANDIDATE_NOT_EQUIVALENCE	true
semantic-candidate:6989f726a566af06a9984d56	semantic-relation:175d87ce90e2255174d90f38	INSTANCE_OR_SPECIFIC_FORM_OF	V2_CONTAINMENT_CANDIDATE_NOT_EQUIVALENCE	true
semantic-candidate:6992b92c191184f4ac1cfb53	semantic-relation:519f7e5a44105b1335de2792	COMPONENT_OF	COMPOUND_COMPONENT_PARSE_REQUIRES_REVIEW	true
semantic-candidate:69a196dff7c35ac7f60774a2	semantic-relation:dcd25d4eb63b784e55b1536a	INSTANCE_OR_SPECIFIC_FORM_OF	V2_CONTAINMENT_CANDIDATE_NOT_EQUIVALENCE	true
semantic-candidate:69a587d87fd9176d11d7717b	semantic-relation:21db3f1c79afda932a1a2578	INSTANCE_OR_SPECIFIC_FORM_OF	V2_CONTAINMENT_CANDIDATE_NOT_EQUIVALENCE	true
semantic-candidate:69ac0c4de79e0afb1b6c0883	semantic-relation:dabdd212ed7aa6d6684bd666	INSTANCE_OR_SPECIFIC_FORM_OF	V2_CONTAINMENT_CANDIDATE_NOT_EQUIVALENCE	true
semantic-candidate:69ae6a9e96291e1415fb47ea	semantic-relation:85ee506b39cff25385ca46ee	INSTANCE_OR_SPECIFIC_FORM_OF	V2_CONTAINMENT_CANDIDATE_NOT_EQUIVALENCE	true
semantic-candidate:69bbac76bfbb5d8688af7e10	semantic-relation:15af4561d577d72b16676ec2	COMPONENT_OF	COMPOUND_COMPONENT_PARSE_REQUIRES_REVIEW	true
semantic-candidate:69c3961a28b53b71c5a97f35	semantic-relation:4387c4d660dda329c0c2017c	COMPONENT_OF	COMPOUND_COMPONENT_PARSE_REQUIRES_REVIEW	true
semantic-candidate:69cb3ad881e1b454facc817e	semantic-relation:eb5cb05f4847f96a35757e6e	COMPONENT_OF	COMPOUND_COMPONENT_PARSE_REQUIRES_REVIEW	true
semantic-candidate:69e750472f9d26cc6ac1bcf9	semantic-relation:144c27472ea97f72042340a5	COMPONENT_OF	COMPOUND_COMPONENT_PARSE_REQUIRES_REVIEW	true
semantic-candidate:69f1aa9bcfa512b17f640f53	semantic-relation:cde112dee8974551f4eff661	INSTANCE_OR_SPECIFIC_FORM_OF	V2_CONTAINMENT_CANDIDATE_NOT_EQUIVALENCE	true
semantic-candidate:69f90600d91e70d00c6ccc17	semantic-relation:72a022f68f70d177ae2fb893	INSTANCE_OR_SPECIFIC_FORM_OF	V2_CONTAINMENT_CANDIDATE_NOT_EQUIVALENCE	true
semantic-candidate:69f9dc361c7286fff11d0fc7	semantic-relation:b4a5d2934d84a8f2cb2b32f1	COMPONENT_OF	COMPOUND_COMPONENT_PARSE_REQUIRES_REVIEW	true
semantic-candidate:69fea5bb5371e7142cd700ab	semantic-relation:8dbec97c94eb8578b9640f85	MODIFIES	MODIFIER_PARSE_REQUIRES_REVIEW	true
semantic-candidate:6a0c256a810fa5761f4c78fe	semantic-relation:6baa009984652baf48c25c86	INSTANCE_OR_SPECIFIC_FORM_OF	V2_CONTAINMENT_CANDIDATE_NOT_EQUIVALENCE	true
semantic-candidate:6a2d541655b6182ad698c715	semantic-relation:2c84699c6df686bba2f49cbd	INSTANCE_OR_SPECIFIC_FORM_OF	V2_CONTAINMENT_CANDIDATE_NOT_EQUIVALENCE	true
semantic-candidate:6a2f22dd06002bfc346cc526	semantic-relation:f8e7a8cac8196cf2e4c90e5a	COMPONENT_OF	COMPOUND_COMPONENT_PARSE_REQUIRES_REVIEW	true
semantic-candidate:6a344d970aa895d9eae5096e	semantic-relation:1d08433027bda20ca184ec57	COMPONENT_OF	COMPOUND_COMPONENT_PARSE_REQUIRES_REVIEW	true
semantic-candidate:6a366f1cad22215519378cce	semantic-relation:d8bf4c791dcd2edb29491703	COMPONENT_OF	COMPOUND_COMPONENT_PARSE_REQUIRES_REVIEW	true
semantic-candidate:6a4225014e3450d7ac8fa1b7	semantic-relation:46c076a116e4091cc84a23bd	INSTANCE_OR_SPECIFIC_FORM_OF	V2_CONTAINMENT_CANDIDATE_NOT_EQUIVALENCE	true
semantic-candidate:6a5110d87eead4d50dde8286	semantic-relation:520054931b7e1596d5e094ac	MODIFIES	MODIFIER_PARSE_REQUIRES_REVIEW	true
semantic-candidate:6a5fafd0dfebe484149ea8b1	semantic-relation:b2784c75ab0f562d56211989	COMPONENT_OF	COMPOUND_COMPONENT_PARSE_REQUIRES_REVIEW	true
semantic-candidate:6a61714a23e454546e2ba5b8	semantic-relation:18477229298af1f94f6b43cf	COMPONENT_OF	COMPOUND_COMPONENT_PARSE_REQUIRES_REVIEW	true
semantic-candidate:6a631ac0824b5e95024dcfdf	semantic-relation:b62d3cc0fedfe8cfb7b76716	INSTANCE_OR_SPECIFIC_FORM_OF	V2_CONTAINMENT_CANDIDATE_NOT_EQUIVALENCE	true
semantic-candidate:6a696b8c0052e48cf87cb2f1	semantic-relation:afdeeceeda1f50c8f0ab57f1	COMPONENT_OF	COMPOUND_COMPONENT_PARSE_REQUIRES_REVIEW	true
semantic-candidate:6a84b511e25c2931aacb3ad7	semantic-relation:02434a1ef18fec456359ac2d	MODIFIES	MODIFIER_PARSE_REQUIRES_REVIEW	true
semantic-candidate:6a8be42fec989f4b92f48066	semantic-relation:0ba726b4499a75fcca4ce447	COMPONENT_OF	COMPOUND_COMPONENT_PARSE_REQUIRES_REVIEW	true
semantic-candidate:6a923bb0016965a6bc2e7291	semantic-relation:d5e2848f831a99e2e5799177	MODIFIES	MODIFIER_PARSE_REQUIRES_REVIEW	true
semantic-candidate:6a926bbd37d0fde631a461ff	semantic-relation:ea981f31d63c12373cd70929	COMPONENT_OF	COMPOUND_COMPONENT_PARSE_REQUIRES_REVIEW	true
semantic-candidate:6aa88ca444728d87908ecfd5	semantic-relation:86bb49cc2b99528da249421d	COMPONENT_OF	COMPOUND_COMPONENT_PARSE_REQUIRES_REVIEW	true
semantic-candidate:6ab01f4e765271073d0ee39e	semantic-relation:469717e932770284e0d14bf9	COMPONENT_OF	COMPOUND_COMPONENT_PARSE_REQUIRES_REVIEW	true
semantic-candidate:6ab0ef98c979e040652f7a8d	semantic-relation:aeb7b1f04bbd29f49e8e78ed	INSTANCE_OR_SPECIFIC_FORM_OF	V2_CONTAINMENT_CANDIDATE_NOT_EQUIVALENCE	true
semantic-candidate:6ac7cc21736f0a9ca6d63b14	semantic-relation:3fa913e64586dda8d64a7bdd	MODIFIES	MODIFIER_PARSE_REQUIRES_REVIEW	true
semantic-candidate:6ae78cf765f3eca88dfb189b	semantic-relation:484f01da4f0a14af89ca35cd	INSTANCE_OR_SPECIFIC_FORM_OF	V2_CONTAINMENT_CANDIDATE_NOT_EQUIVALENCE	true
semantic-candidate:6ae8781c005b4e4d5600dada	semantic-relation:d21828449494781f05917b83	INSTANCE_OR_SPECIFIC_FORM_OF	V2_CONTAINMENT_CANDIDATE_NOT_EQUIVALENCE	true
semantic-candidate:6ae94323b6e13ad4aeb3e0ec	semantic-relation:8da3c3e771f9569c1afb48d4	COMPONENT_OF	COMPOUND_COMPONENT_PARSE_REQUIRES_REVIEW	true
semantic-candidate:6afdc745550bdaf89ee685bf	semantic-relation:3d116adc41971fe913d2e532	INSTANCE_OR_SPECIFIC_FORM_OF	V2_CONTAINMENT_CANDIDATE_NOT_EQUIVALENCE	true
semantic-candidate:6b0ab17d802c323e896053c5	semantic-relation:9cf94b258843734da78cd2cf	COMPONENT_OF	COMPOUND_COMPONENT_PARSE_REQUIRES_REVIEW	true
semantic-candidate:6b133d33bb73ec8c1e78313e	semantic-relation:825c1c8fb13de1fcb2fc2608	COMPONENT_OF	COMPOUND_COMPONENT_PARSE_REQUIRES_REVIEW	true
semantic-candidate:6b1bfb7fcf7e1fe86d799f53	semantic-relation:0ef8f572f595d5ca2ab7a4fd	COMPONENT_OF	COMPOUND_COMPONENT_PARSE_REQUIRES_REVIEW	true
semantic-candidate:6b24b8360dcc11a75d2aa58a	semantic-relation:a2b7b33c5e32a16896c68eb3	COMPONENT_OF	COMPOUND_COMPONENT_PARSE_REQUIRES_REVIEW	true
semantic-candidate:6b3001535f2d657689beebe2	semantic-relation:33ba220bd63e84e87d4d94c7	INSTANCE_OR_SPECIFIC_FORM_OF	V2_CONTAINMENT_CANDIDATE_NOT_EQUIVALENCE	true
semantic-candidate:6b402bc8eb27b3642c231c2a	semantic-relation:1959627ec83f7f2fad08c5d5	MODIFIES	MODIFIER_PARSE_REQUIRES_REVIEW	true
semantic-candidate:6b4e413068b78dab01b90024	semantic-relation:034037fe678cc413dff70451	INSTANCE_OR_SPECIFIC_FORM_OF	V2_CONTAINMENT_CANDIDATE_NOT_EQUIVALENCE	true
semantic-candidate:6b524e3d08e7b3c02ad32c29	semantic-relation:5c83979dc90f33fdc39bf64d	INSTANCE_OR_SPECIFIC_FORM_OF	V2_CONTAINMENT_CANDIDATE_NOT_EQUIVALENCE	true
semantic-candidate:6b90eec18130813dfcd105f1	semantic-relation:fd268df41f5ba2310fd6fbbe	COMPONENT_OF	COMPOUND_COMPONENT_PARSE_REQUIRES_REVIEW	true
semantic-candidate:6b987d1e7622e811d067e1ae	semantic-relation:a85be5b13abe811c416ccb87	COMPONENT_OF	COMPOUND_COMPONENT_PARSE_REQUIRES_REVIEW	true
semantic-candidate:6b9a14b23e85ae82896a15c6	semantic-relation:3dde57a600957ce89a0d06fc	COMPONENT_OF	COMPOUND_COMPONENT_PARSE_REQUIRES_REVIEW	true
semantic-candidate:6bb345a0a9cf7ceb2e5b3425	semantic-relation:f4ef52b637ba5f2ecd50660f	INSTANCE_OR_SPECIFIC_FORM_OF	V2_CONTAINMENT_CANDIDATE_NOT_EQUIVALENCE	true
semantic-candidate:6bbd0789d37a3175b0a61d88	semantic-relation:81eddb712bccf3c26c14e74c	COMPONENT_OF	COMPOUND_COMPONENT_PARSE_REQUIRES_REVIEW	true
semantic-candidate:6be66ddf4fb836db2dbe705b	semantic-relation:d5c7834bee2a55f9d24cdbe7	COMPONENT_OF	COMPOUND_COMPONENT_PARSE_REQUIRES_REVIEW	true
semantic-candidate:6bea725d36729853dfddd8f3	semantic-relation:8cb3496e9261558b76834937	COMPONENT_OF	COMPOUND_COMPONENT_PARSE_REQUIRES_REVIEW	true
semantic-candidate:6beaa56426f6e8abde0ddacc	semantic-relation:2fb3fc387f1a078357b8c5e1	COMPONENT_OF	COMPOUND_COMPONENT_PARSE_REQUIRES_REVIEW	true
semantic-candidate:6bef98836803fc204faa9470	semantic-relation:c613a100e1f53bee4346095f	INSTANCE_OR_SPECIFIC_FORM_OF	V2_CONTAINMENT_CANDIDATE_NOT_EQUIVALENCE	true
semantic-candidate:6bf0686a0ab2f2b46dec9db4	semantic-relation:4e83b0076d15b870cb81ab3d	COMPONENT_OF	COMPOUND_COMPONENT_PARSE_REQUIRES_REVIEW	true
semantic-candidate:6bf71ed933a3d69fb00f3011	semantic-relation:e998e97336e8d2dbf839c775	COMPONENT_OF	COMPOUND_COMPONENT_PARSE_REQUIRES_REVIEW	true
semantic-candidate:6c0b25bb8b8af042aadf69c4	semantic-relation:ee12156d72642e2eac6ab8e3	COMPONENT_OF	COMPOUND_COMPONENT_PARSE_REQUIRES_REVIEW	true
semantic-candidate:6c0cc5ffa798194168da55b2	semantic-relation:8dc711ed86de9001e56d5254	INSTANCE_OR_SPECIFIC_FORM_OF	V2_CONTAINMENT_CANDIDATE_NOT_EQUIVALENCE	true
semantic-candidate:6c1a5243fff54626446bbbb9	semantic-relation:7305b10cae406bbd4b5240a4	INSTANCE_OR_SPECIFIC_FORM_OF	V2_CONTAINMENT_CANDIDATE_NOT_EQUIVALENCE	true
semantic-candidate:6c1ee0422443345eaff21046	semantic-relation:0e72c3f1902eb8bbe44c309d	INSTANCE_OR_SPECIFIC_FORM_OF	V2_CONTAINMENT_CANDIDATE_NOT_EQUIVALENCE	true
semantic-candidate:6c22e5eaf791df3983a6663a	semantic-relation:d3cdcbc684c50836badbbde9	COMPONENT_OF	COMPOUND_COMPONENT_PARSE_REQUIRES_REVIEW	true
semantic-candidate:6c3f84f02561e924eb2fda56	semantic-relation:9b3c425ae2ef441618c89fef	INSTANCE_OR_SPECIFIC_FORM_OF	V2_CONTAINMENT_CANDIDATE_NOT_EQUIVALENCE	true
semantic-candidate:6c4e1e73617da9f3276df1ab	semantic-relation:16820b86a777c58e9ea4059f	MODIFIES	MODIFIER_PARSE_REQUIRES_REVIEW	true
semantic-candidate:6c52244e7e88fc2e7ab8bd5d	semantic-relation:91392eb940ce3f039bf3c8f6	INSTANCE_OR_SPECIFIC_FORM_OF	V2_CONTAINMENT_CANDIDATE_NOT_EQUIVALENCE	true
semantic-candidate:6c54a9695ed2195b55de65c3	semantic-relation:de4ac6539e1e137889edd8f3	MODIFIES	MODIFIER_PARSE_REQUIRES_REVIEW	true
semantic-candidate:6c7241b26bb0231045e272a4	semantic-relation:2325197837abd68491f6370d	COMPONENT_OF	COMPOUND_COMPONENT_PARSE_REQUIRES_REVIEW	true
semantic-candidate:6c736ec518ecb9dc8db133e6	semantic-relation:8c91c0567375c06c3ac8a351	COMPONENT_OF	COMPOUND_COMPONENT_PARSE_REQUIRES_REVIEW	true
semantic-candidate:6c761fd9c3a55dc8f14c4877	semantic-relation:88374541e20b906fde2ef993	MODIFIES	MODIFIER_PARSE_REQUIRES_REVIEW	true
semantic-candidate:6c873fb53d40deda0ff56269	semantic-relation:d38ca78eb71b2a2c2f503ec1	COMPONENT_OF	COMPOUND_COMPONENT_PARSE_REQUIRES_REVIEW	true
semantic-candidate:6c8b0e5a6bc690b7457c27e6	semantic-relation:578af5e5a4c01344acb76ac2	MODIFIES	MODIFIER_PARSE_REQUIRES_REVIEW	true
semantic-candidate:6c8c1f4ba989f0092e4eab6b	semantic-relation:47db4bdeadc4286b734a448d	MODIFIES	MODIFIER_PARSE_REQUIRES_REVIEW	true
semantic-candidate:6c8cda2462d039edf475c1f5	semantic-relation:294aec96d4b0047bfd863ba9	COMPONENT_OF	COMPOUND_COMPONENT_PARSE_REQUIRES_REVIEW	true
semantic-candidate:6c9ca812d60496d07273e92e	semantic-relation:0e1aa952d604bff1ac9bfe2e	INSTANCE_OR_SPECIFIC_FORM_OF	V2_CONTAINMENT_CANDIDATE_NOT_EQUIVALENCE	true
semantic-candidate:6c9e39cb587cca672ddbc981	semantic-relation:4fcb523101a15246d08b769a	INSTANCE_OR_SPECIFIC_FORM_OF	V2_CONTAINMENT_CANDIDATE_NOT_EQUIVALENCE	true
semantic-candidate:6cd317c3140b58362c6dde0c	semantic-relation:b020454574e7a32647337c92	INSTANCE_OR_SPECIFIC_FORM_OF	V2_CONTAINMENT_CANDIDATE_NOT_EQUIVALENCE	true
semantic-candidate:6ceab04e8030d573afb9694a	semantic-relation:af8072bbc7c63c40f2facba6	COMPONENT_OF	COMPOUND_COMPONENT_PARSE_REQUIRES_REVIEW	true
semantic-candidate:6cf4ec6cb91b00aa363a3a86	semantic-relation:4737512dbd7172efb6b2ea78	MODIFIES	MODIFIER_PARSE_REQUIRES_REVIEW	true
semantic-candidate:6cf781e10c3817e6db0b4c87	semantic-relation:405465ca81d307ba4e6bcf30	INSTANCE_OR_SPECIFIC_FORM_OF	V2_CONTAINMENT_CANDIDATE_NOT_EQUIVALENCE	true
semantic-candidate:6cfbc5fab85b43ccc0460b3b	semantic-relation:073e60b46cd5a059285accc6	INSTANCE_OR_SPECIFIC_FORM_OF	V2_CONTAINMENT_CANDIDATE_NOT_EQUIVALENCE	true
semantic-candidate:6d06cf5e1647f0699efaa080	semantic-relation:abcc3fbf74e972cada31c862	INSTANCE_OR_SPECIFIC_FORM_OF	V2_CONTAINMENT_CANDIDATE_NOT_EQUIVALENCE	true
semantic-candidate:6d2f12cd33826a7e73a53b0a	semantic-relation:937d4eceb3051832dcea436d	INSTANCE_OR_SPECIFIC_FORM_OF	V2_CONTAINMENT_CANDIDATE_NOT_EQUIVALENCE	true
semantic-candidate:6d38e6d233a1d080d21ead56	semantic-relation:ea495e4b30959fea14e67ad2	MODIFIES	MODIFIER_PARSE_REQUIRES_REVIEW	true
semantic-candidate:6d3dbca841b89a5821af086e	semantic-relation:15d3b15e639b5fee62a3c277	COMPONENT_OF	COMPOUND_COMPONENT_PARSE_REQUIRES_REVIEW	true
semantic-candidate:6d423998874f58a3cfa0b886	semantic-relation:c559f50f27f3fa66a5b1d781	MODIFIES	MODIFIER_PARSE_REQUIRES_REVIEW	true
semantic-candidate:6d49165bab10c6061ef6a515	semantic-relation:9caeadaf40cdce3d27ad0c74	COMPONENT_OF	COMPOUND_COMPONENT_PARSE_REQUIRES_REVIEW	true
semantic-candidate:6d4b643f257631e40a374bde	semantic-relation:3f236187805b0904a53ca166	COMPONENT_OF	COMPOUND_COMPONENT_PARSE_REQUIRES_REVIEW	true
semantic-candidate:6d4c54cb19cca083d2d59ee2	semantic-relation:8ec4eeecb31807e08092104b	INSTANCE_OR_SPECIFIC_FORM_OF	V2_CONTAINMENT_CANDIDATE_NOT_EQUIVALENCE	true
semantic-candidate:6d584796bb350c4b0408640d	semantic-relation:47e474e5ba06d56db68797f1	MODIFIES	MODIFIER_PARSE_REQUIRES_REVIEW	true
semantic-candidate:6d5c14a5ab0f4c377a9cb2af	semantic-relation:786fa5e2e7c040a15ebe0c54	MODIFIES	MODIFIER_PARSE_REQUIRES_REVIEW	true
semantic-candidate:6d8f3ac02f3698f14bcbcc4a	semantic-relation:6f6c740f13e5acf545d5a665	COMPONENT_OF	COMPOUND_COMPONENT_PARSE_REQUIRES_REVIEW	true
semantic-candidate:6d945ade483434872f7be3a1	semantic-relation:e0ea259536575ea912838881	COMPONENT_OF	COMPOUND_COMPONENT_PARSE_REQUIRES_REVIEW	true
semantic-candidate:6da9a6dd96bd2a29544200d1	semantic-relation:4235be6e8dd4fb6a13f62c51	COMPONENT_OF	COMPOUND_COMPONENT_PARSE_REQUIRES_REVIEW	true
semantic-candidate:6db31ad997a5f71137a18a7e	semantic-relation:9b8f6033e93cad54bbc34ff5	INSTANCE_OR_SPECIFIC_FORM_OF	V2_CONTAINMENT_CANDIDATE_NOT_EQUIVALENCE	true
semantic-candidate:6dd882e026e7476aad16f384	semantic-relation:46e8bf8fdb6e94e1bad1970c	INSTANCE_OR_SPECIFIC_FORM_OF	V2_CONTAINMENT_CANDIDATE_NOT_EQUIVALENCE	true
semantic-candidate:6de53cd6bac6b06ba82fc617	semantic-relation:721b213c410add639a7da881	COMPONENT_OF	COMPOUND_COMPONENT_PARSE_REQUIRES_REVIEW	true
semantic-candidate:6df07ae5056fd9b15cad24da	semantic-relation:bb4dfa85485238807a9c90a0	INSTANCE_OR_SPECIFIC_FORM_OF	V2_CONTAINMENT_CANDIDATE_NOT_EQUIVALENCE	true
semantic-candidate:6df43a88891469749689a3ab	semantic-relation:e68114b6d453a5d3f6122ee0	INSTANCE_OR_SPECIFIC_FORM_OF	V2_CONTAINMENT_CANDIDATE_NOT_EQUIVALENCE	true
semantic-candidate:6e00f64d4b59622d429f37ef	semantic-relation:40559f57636116e77f1e98d7	MODIFIES	MODIFIER_PARSE_REQUIRES_REVIEW	true
semantic-candidate:6e0c15ace5251edc08cad162	semantic-relation:c9e0cba9ce034ade74697e0f	INSTANCE_OR_SPECIFIC_FORM_OF	V2_CONTAINMENT_CANDIDATE_NOT_EQUIVALENCE	true
semantic-candidate:6e163889bb2170e36ddf8f4f	semantic-relation:bfb795be01696b743527ebd4	COMPONENT_OF	COMPOUND_COMPONENT_PARSE_REQUIRES_REVIEW	true
semantic-candidate:6e24eb842e24caeb59a27943	semantic-relation:667958a7d515e5044dbdc5ef	INSTANCE_OR_SPECIFIC_FORM_OF	V2_CONTAINMENT_CANDIDATE_NOT_EQUIVALENCE	true
semantic-candidate:6e35ee45bd132fdb8881b309	semantic-relation:e04dc1ea09a879d4c80c9101	COMPONENT_OF	COMPOUND_COMPONENT_PARSE_REQUIRES_REVIEW	true
semantic-candidate:6e3a73a88659395d6d10d5fa	semantic-relation:cf899b552f2a6345fa0c83c0	MODIFIES	MODIFIER_PARSE_REQUIRES_REVIEW	true
semantic-candidate:6e40aab3bc698180b7389a40	semantic-relation:7505cb4374c20042ed7e6cf1	MODIFIES	MODIFIER_PARSE_REQUIRES_REVIEW	true
semantic-candidate:6e436c442d6928d9820f49a2	semantic-relation:9d55ea34460e3ce9211f020c	COMPONENT_OF	COMPOUND_COMPONENT_PARSE_REQUIRES_REVIEW	true
semantic-candidate:6e43e6f0fb78cc8296501325	semantic-relation:916f3772caebde2cdfd7718c	COMPONENT_OF	COMPOUND_COMPONENT_PARSE_REQUIRES_REVIEW	true
semantic-candidate:6e4afd06415e1cb039477d7a	semantic-relation:e90ad5a87fbee0689a195922	COMPONENT_OF	COMPOUND_COMPONENT_PARSE_REQUIRES_REVIEW	true
semantic-candidate:6e53ee1d0e35da304c73c797	semantic-relation:b745da2a2e545529997f0bee	INSTANCE_OR_SPECIFIC_FORM_OF	V2_CONTAINMENT_CANDIDATE_NOT_EQUIVALENCE	true
semantic-candidate:6e5fbddeb7b7f7bb2f3a1077	semantic-relation:05c75a5b588a94501ca3541a	INSTANCE_OR_SPECIFIC_FORM_OF	V2_CONTAINMENT_CANDIDATE_NOT_EQUIVALENCE	true
semantic-candidate:6e7915452b317f79d159268d	semantic-relation:cec7d75538344b4693d1214e	COMPONENT_OF	COMPOUND_COMPONENT_PARSE_REQUIRES_REVIEW	true
semantic-candidate:6e86dcfb06af9099d143bb25	semantic-relation:74aca3dc22dc87651b813c32	COMPONENT_OF	COMPOUND_COMPONENT_PARSE_REQUIRES_REVIEW	true
semantic-candidate:6e9bbd6569203a416fcf475e	semantic-relation:b8cc5b063135563675b5355a	COMPONENT_OF	COMPOUND_COMPONENT_PARSE_REQUIRES_REVIEW	true
semantic-candidate:6e9ed00779cb0a3ff034d892	semantic-relation:d4bd822e5c783083369041ce	INSTANCE_OR_SPECIFIC_FORM_OF	V2_CONTAINMENT_CANDIDATE_NOT_EQUIVALENCE	true
semantic-candidate:6e9fb6f03da9eff6af55d2fd	semantic-relation:a6a0155482263d012e282361	MODIFIES	MODIFIER_PARSE_REQUIRES_REVIEW	true
semantic-candidate:6e9fb83d0096c5644a65047b	semantic-relation:a7c4d153fce37e62d932f6dd	INSTANCE_OR_SPECIFIC_FORM_OF	V2_CONTAINMENT_CANDIDATE_NOT_EQUIVALENCE	true
semantic-candidate:6ea76562fcccb1af2269e442	semantic-relation:c15f991843347b52e700edad	COMPONENT_OF	COMPOUND_COMPONENT_PARSE_REQUIRES_REVIEW	true
semantic-candidate:6ea8855eae6cad982179a165	semantic-relation:eb2c35e8820653bacb2cafae	INSTANCE_OR_SPECIFIC_FORM_OF	V2_CONTAINMENT_CANDIDATE_NOT_EQUIVALENCE	true
semantic-candidate:6ec6170cc89a993eff6c4c4a	semantic-relation:04cb33f32606059ff9f619a2	COMPONENT_OF	COMPOUND_COMPONENT_PARSE_REQUIRES_REVIEW	true
semantic-candidate:6ec80b4b31c0349ba119513c	semantic-relation:22c1aa12846fb2266e151e92	COMPONENT_OF	COMPOUND_COMPONENT_PARSE_REQUIRES_REVIEW	true
semantic-candidate:6ecf302085edd0aa0128b525	semantic-relation:0604fbfb168927c7b68ea3df	INSTANCE_OR_SPECIFIC_FORM_OF	V2_CONTAINMENT_CANDIDATE_NOT_EQUIVALENCE	true
semantic-candidate:6ed9aa8c57d24503dbe889ec	semantic-relation:c0f69e536a66f1465e1dbbe0	MODIFIES	MODIFIER_PARSE_REQUIRES_REVIEW	true
semantic-candidate:6edb76c7b58280e74586f9ca	semantic-relation:ecca9f38dc6950665546856d	MODIFIES	MODIFIER_PARSE_REQUIRES_REVIEW	true
semantic-candidate:6ef19686a2427bc7f31f1464	semantic-relation:830a453a08ade0bdabea948c	INSTANCE_OR_SPECIFIC_FORM_OF	V2_CONTAINMENT_CANDIDATE_NOT_EQUIVALENCE	true
semantic-candidate:6ef919012e6e54d494b3c423	semantic-relation:f88ffb7d38903cf23448bffe	MODIFIES	MODIFIER_PARSE_REQUIRES_REVIEW	true
semantic-candidate:6f0098594e21dd23cc5a0c88	semantic-relation:1e3a49f1e18fd982f0b34739	COMPONENT_OF	COMPOUND_COMPONENT_PARSE_REQUIRES_REVIEW	true
semantic-candidate:6f14530c118c3015c63f783b	semantic-relation:89f1b00fff72b5bc79dc40c0	COMPONENT_OF	COMPOUND_COMPONENT_PARSE_REQUIRES_REVIEW	true
semantic-candidate:6f1cfbfea8a75aa27c23d5ce	semantic-relation:abfd942d299d0a41ebf74960	COMPONENT_OF	COMPOUND_COMPONENT_PARSE_REQUIRES_REVIEW	true
semantic-candidate:6f2147528772bf2ad73ad3fc	semantic-relation:0299fa42e04e3d73de60d3d6	INSTANCE_OR_SPECIFIC_FORM_OF	V2_CONTAINMENT_CANDIDATE_NOT_EQUIVALENCE	true
semantic-candidate:6f252aff3895327413a2ff45	semantic-relation:56af54b3c0de737d55a874de	COMPONENT_OF	COMPOUND_COMPONENT_PARSE_REQUIRES_REVIEW	true
semantic-candidate:6f3ce2c91406b776f1601530	semantic-relation:91d8f4b79aa8ce19b54d406a	COMPONENT_OF	COMPOUND_COMPONENT_PARSE_REQUIRES_REVIEW	true
semantic-candidate:6f6bbcb27f500f19c22e7546	semantic-relation:58bae12fb3e2a2100af40390	INSTANCE_OR_SPECIFIC_FORM_OF	V2_CONTAINMENT_CANDIDATE_NOT_EQUIVALENCE	true
semantic-candidate:6f806b3ab93f24134397b186	semantic-relation:b14ea31b30554542c20cdb81	COMPONENT_OF	COMPOUND_COMPONENT_PARSE_REQUIRES_REVIEW	true
semantic-candidate:6f9af9793f3baa6812a953f2	semantic-relation:9331778e098b657efb99a7bc	COMPONENT_OF	COMPOUND_COMPONENT_PARSE_REQUIRES_REVIEW	true
semantic-candidate:6f9e893118766640c60b4a0a	semantic-relation:68d858873dbfc804c9f7aa25	MODIFIES	MODIFIER_PARSE_REQUIRES_REVIEW	true
semantic-candidate:6faed483e3ff3c3ab4af269a	semantic-relation:a50ca7c5af416cd3e2d3fa11	COMPONENT_OF	COMPOUND_COMPONENT_PARSE_REQUIRES_REVIEW	true
semantic-candidate:6fb0f307b06ae0e02c57759e	semantic-relation:57c84f81e0ed328b59be665c	COMPONENT_OF	COMPOUND_COMPONENT_PARSE_REQUIRES_REVIEW	true
semantic-candidate:6fc3ba33e255c5300fc7d392	semantic-relation:e148987266adf155e45be964	COMPONENT_OF	COMPOUND_COMPONENT_PARSE_REQUIRES_REVIEW	true
semantic-candidate:6fc995ec963ca8e2f00acc28	semantic-relation:ba67d354fe65a81ec9de8483	INSTANCE_OR_SPECIFIC_FORM_OF	V2_CONTAINMENT_CANDIDATE_NOT_EQUIVALENCE	true
semantic-candidate:6fd0d435565f7f5e2e35a72a	semantic-relation:3d4d24133585e10fae0c7fc2	INSTANCE_OR_SPECIFIC_FORM_OF	V2_CONTAINMENT_CANDIDATE_NOT_EQUIVALENCE	true
semantic-candidate:6fd471d8c0781534ac18bd2f	semantic-relation:831d17869f4563725d9dd971	INSTANCE_OR_SPECIFIC_FORM_OF	V2_CONTAINMENT_CANDIDATE_NOT_EQUIVALENCE	true
semantic-candidate:6fda4783f176e0f04d592ab0	semantic-relation:69cc45dc414fa6176843ac63	COMPONENT_OF	COMPOUND_COMPONENT_PARSE_REQUIRES_REVIEW	true
semantic-candidate:6fe3d453594e73cc1afcbe1f	semantic-relation:4890226ef637cf4c93db5917	MODIFIES	MODIFIER_PARSE_REQUIRES_REVIEW	true
semantic-candidate:6fead8ca720c07ab2bbd0ed9	semantic-relation:b164e7ea08a3511d05cb8e1f	INSTANCE_OR_SPECIFIC_FORM_OF	V2_CONTAINMENT_CANDIDATE_NOT_EQUIVALENCE	true
semantic-candidate:700389c68c269e46fc774ad0	semantic-relation:473aae7ad072fd74ef884eb5	INSTANCE_OR_SPECIFIC_FORM_OF	V2_CONTAINMENT_CANDIDATE_NOT_EQUIVALENCE	true
semantic-candidate:7005514c3508a91c5644eff0	semantic-relation:80a772c01113744be4bb34c6	INSTANCE_OR_SPECIFIC_FORM_OF	V2_CONTAINMENT_CANDIDATE_NOT_EQUIVALENCE	true
semantic-candidate:7008596b5338fdde15feab49	semantic-relation:848c3561a418b86d485cf931	INSTANCE_OR_SPECIFIC_FORM_OF	V2_CONTAINMENT_CANDIDATE_NOT_EQUIVALENCE	true
semantic-candidate:700dfca2f9cb53801df2e093	semantic-relation:b3ea7360df0697d3a4c0250d	INSTANCE_OR_SPECIFIC_FORM_OF	V2_CONTAINMENT_CANDIDATE_NOT_EQUIVALENCE	true
semantic-candidate:7031d82d879b1e894d0800f3	semantic-relation:cfc2d02687b93452a717f326	INSTANCE_OR_SPECIFIC_FORM_OF	V2_CONTAINMENT_CANDIDATE_NOT_EQUIVALENCE	true
semantic-candidate:705518ccfbd0a115cf3cec38	semantic-relation:15cf689a1fff646f31ecf1a2	INSTANCE_OR_SPECIFIC_FORM_OF	V2_CONTAINMENT_CANDIDATE_NOT_EQUIVALENCE	true
semantic-candidate:705ecfeb649aa0f560a09042	semantic-relation:bff20e8dcb37c8c32fa7470d	COMPONENT_OF	COMPOUND_COMPONENT_PARSE_REQUIRES_REVIEW	true
semantic-candidate:7070ff4c3eef9417f47520a7	semantic-relation:947270bbe9b660f37b561949	INSTANCE_OR_SPECIFIC_FORM_OF	V2_CONTAINMENT_CANDIDATE_NOT_EQUIVALENCE	true
semantic-candidate:70771c6545dc900a7084acae	semantic-relation:076392482612adfceae7f82e	INSTANCE_OR_SPECIFIC_FORM_OF	V2_CONTAINMENT_CANDIDATE_NOT_EQUIVALENCE	true
semantic-candidate:7087b577eaa977150c403279	semantic-relation:89bfd9bc818827c7a676fd99	MODIFIES	MODIFIER_PARSE_REQUIRES_REVIEW	true
semantic-candidate:70880404c81359a8a6537177	semantic-relation:381b219cddad98f6f46f0b55	INSTANCE_OR_SPECIFIC_FORM_OF	V2_CONTAINMENT_CANDIDATE_NOT_EQUIVALENCE	true
semantic-candidate:708c9f5a05700a1ae86a20e7	semantic-relation:527318e35b707801f9f5a4f2	INSTANCE_OR_SPECIFIC_FORM_OF	V2_CONTAINMENT_CANDIDATE_NOT_EQUIVALENCE	true
semantic-candidate:7096a67fc77ed53d2ffe1ef3	semantic-relation:1891daaaae7e162c7237857a	MODIFIES	MODIFIER_PARSE_REQUIRES_REVIEW	true
semantic-candidate:709a3644f54dffe62ee89a25	semantic-relation:27ccbaa10a04d649f28ee348	COMPONENT_OF	COMPOUND_COMPONENT_PARSE_REQUIRES_REVIEW	true
semantic-candidate:709b4b991d1b80879141b8a6	semantic-relation:31ac2a1c5020ba078dc74bcc	COMPONENT_OF	COMPOUND_COMPONENT_PARSE_REQUIRES_REVIEW	true
semantic-candidate:70aeb0cc9a3712e150c7863f	semantic-relation:f9fdfbd8ead6b73f8294dd1a	INSTANCE_OR_SPECIFIC_FORM_OF	V2_CONTAINMENT_CANDIDATE_NOT_EQUIVALENCE	true
semantic-candidate:70c359491d426c13ab0df91a	semantic-relation:c4e0354511533e0c93964b85	INSTANCE_OR_SPECIFIC_FORM_OF	V2_CONTAINMENT_CANDIDATE_NOT_EQUIVALENCE	true
semantic-candidate:70c65ff3a7d353ea23049ed3	semantic-relation:922b7157d4af5aed10535e75	COMPONENT_OF	COMPOUND_COMPONENT_PARSE_REQUIRES_REVIEW	true
semantic-candidate:70dbbd667881de203ba5e40d	semantic-relation:14f6246945af5e2afe4d1a25	COMPONENT_OF	COMPOUND_COMPONENT_PARSE_REQUIRES_REVIEW	true
semantic-candidate:70e229fb0ce9f9b53204991c	semantic-relation:0078426ea0f9d5682c6d7814	MODIFIES	MODIFIER_PARSE_REQUIRES_REVIEW	true
semantic-candidate:71038dd5c1a1ebfb350cf5d9	semantic-relation:c3b56ad8bdc9309361010b68	COMPONENT_OF	COMPOUND_COMPONENT_PARSE_REQUIRES_REVIEW	true
semantic-candidate:7107870421c83c86a2f94d06	semantic-relation:c16fd841b0d308a1912ebd05	COMPONENT_OF	COMPOUND_COMPONENT_PARSE_REQUIRES_REVIEW	true
semantic-candidate:7108a3a8aaf14c43bc3dbe14	semantic-relation:3243c738a81148878c226fa0	COMPONENT_OF	COMPOUND_COMPONENT_PARSE_REQUIRES_REVIEW	true
semantic-candidate:710ad6d9b725619aee29f10c	semantic-relation:dbc87be7ef83cb54838e2a33	COMPONENT_OF	COMPOUND_COMPONENT_PARSE_REQUIRES_REVIEW	true
semantic-candidate:710d83aa5e360295980322dc	semantic-relation:efa56dc513ff9602b0a810a2	INSTANCE_OR_SPECIFIC_FORM_OF	V2_CONTAINMENT_CANDIDATE_NOT_EQUIVALENCE	true
semantic-candidate:712db59fedc80bb29985c21b	semantic-relation:d14f0ccb800e77cb38a1bad0	INSTANCE_OR_SPECIFIC_FORM_OF	V2_CONTAINMENT_CANDIDATE_NOT_EQUIVALENCE	true
semantic-candidate:714886d399763e4d8364df9b	semantic-relation:6c33817369d64096971d33c4	INSTANCE_OR_SPECIFIC_FORM_OF	V2_CONTAINMENT_CANDIDATE_NOT_EQUIVALENCE	true
semantic-candidate:714f262db52b3ce6657fbd32	semantic-relation:7670edf3512f195b7ff798f6	INSTANCE_OR_SPECIFIC_FORM_OF	V2_CONTAINMENT_CANDIDATE_NOT_EQUIVALENCE	true
semantic-candidate:715519dfccf0deb9358d9ba2	semantic-relation:675962f8313f58cc92c4e952	MODIFIES	MODIFIER_PARSE_REQUIRES_REVIEW	true
semantic-candidate:715e45fa7b2c94b3070874a0	semantic-relation:1ac9e6564013ff33a4a2f40d	COMPONENT_OF	COMPOUND_COMPONENT_PARSE_REQUIRES_REVIEW	true
semantic-candidate:717a3840d58b2a779652e8ec	semantic-relation:14d1399ac6768b3f85af02ee	INSTANCE_OR_SPECIFIC_FORM_OF	V2_CONTAINMENT_CANDIDATE_NOT_EQUIVALENCE	true
semantic-candidate:717af4eee03d05edb63f50cf	semantic-relation:16d12546a0e7c29fb073aa59	INSTANCE_OR_SPECIFIC_FORM_OF	V2_CONTAINMENT_CANDIDATE_NOT_EQUIVALENCE	true
semantic-candidate:7183ccde521b9eee96b4d280	semantic-relation:69bcd8f9221e9ba1e96c2dd3	COMPONENT_OF	COMPOUND_COMPONENT_PARSE_REQUIRES_REVIEW	true
semantic-candidate:7190d777db9285a669c1de49	semantic-relation:b3538a93cb101f7baa2d4b4e	COMPONENT_OF	COMPOUND_COMPONENT_PARSE_REQUIRES_REVIEW	true
semantic-candidate:71943226b2a03495284d3275	semantic-relation:4aa1f1b5e580cc183292c44f	COMPONENT_OF	COMPOUND_COMPONENT_PARSE_REQUIRES_REVIEW	true
semantic-candidate:71a225045f20f0270e351d65	semantic-relation:0ce8e84f96f2591c66cc04b7	COMPONENT_OF	COMPOUND_COMPONENT_PARSE_REQUIRES_REVIEW	true
semantic-candidate:71b10abbe9d414c8159beb78	semantic-relation:824525f48e57a3d6f34e3816	INSTANCE_OR_SPECIFIC_FORM_OF	V2_CONTAINMENT_CANDIDATE_NOT_EQUIVALENCE	true
semantic-candidate:71b76fc33ca0e62ce756f42c	semantic-relation:c69cd0c5f6a8eb0561310a7a	INSTANCE_OR_SPECIFIC_FORM_OF	V2_CONTAINMENT_CANDIDATE_NOT_EQUIVALENCE	true
semantic-candidate:71c800b7ad9a746304a9b7eb	semantic-relation:83ed1f21cc904760b5e99561	MODIFIES	MODIFIER_PARSE_REQUIRES_REVIEW	true
semantic-candidate:71dbcf56f0dec369b7f6921a	semantic-relation:cf50c3a83f2cdfe273ebd060	COMPONENT_OF	COMPOUND_COMPONENT_PARSE_REQUIRES_REVIEW	true
semantic-candidate:71e5de9f516cdeeb2237afa0	semantic-relation:405a7d197c1318f69c99fc55	INSTANCE_OR_SPECIFIC_FORM_OF	V2_CONTAINMENT_CANDIDATE_NOT_EQUIVALENCE	true
semantic-candidate:71ed4d5ca15f0d982d94e4e0	semantic-relation:29cbed3940dae4e6a717106a	INSTANCE_OR_SPECIFIC_FORM_OF	V2_CONTAINMENT_CANDIDATE_NOT_EQUIVALENCE	true
semantic-candidate:71f7b9a89084b0b0493c2c67	semantic-relation:408f3a36b37c47c07940ed81	INSTANCE_OR_SPECIFIC_FORM_OF	V2_CONTAINMENT_CANDIDATE_NOT_EQUIVALENCE	true
semantic-candidate:71fc0981282ca46731101935	semantic-relation:605cb13ebabbc88f2af8d108	MODIFIES	MODIFIER_PARSE_REQUIRES_REVIEW	true
semantic-candidate:71fc7a954e3e4e565ca1bd09	semantic-relation:7395d4501b0b52b1c69a242b	COMPONENT_OF	COMPOUND_COMPONENT_PARSE_REQUIRES_REVIEW	true
semantic-candidate:7207312a4decfd6c85bf2edf	semantic-relation:3fae0f27bdc2d1770800bb73	INSTANCE_OR_SPECIFIC_FORM_OF	V2_CONTAINMENT_CANDIDATE_NOT_EQUIVALENCE	true
semantic-candidate:7233210ec4443de4fa0a83bb	semantic-relation:1bab0ed43b287bb06679ff16	INSTANCE_OR_SPECIFIC_FORM_OF	V2_CONTAINMENT_CANDIDATE_NOT_EQUIVALENCE	true
semantic-candidate:7238236673adfba8de7ba2f3	semantic-relation:2ba9a0f0c118e23f663b097d	COMPONENT_OF	COMPOUND_COMPONENT_PARSE_REQUIRES_REVIEW	true
semantic-candidate:725097faf7b01216d7c26133	semantic-relation:6aa4a14534d3190926dc2cf7	INSTANCE_OR_SPECIFIC_FORM_OF	V2_CONTAINMENT_CANDIDATE_NOT_EQUIVALENCE	true
semantic-candidate:7263b1d74196013b5e783958	semantic-relation:013811fc567fdaafd3a06651	COMPONENT_OF	COMPOUND_COMPONENT_PARSE_REQUIRES_REVIEW	true
semantic-candidate:72978148676191e60b54ed13	semantic-relation:96db0fd3a60645758c3173c2	COMPONENT_OF	COMPOUND_COMPONENT_PARSE_REQUIRES_REVIEW	true
semantic-candidate:7298c87251ecbe620b472060	semantic-relation:2c4112287ca00380f15d5226	INSTANCE_OR_SPECIFIC_FORM_OF	V2_CONTAINMENT_CANDIDATE_NOT_EQUIVALENCE	true
semantic-candidate:729d60646e725ed6d372728c	semantic-relation:f6c7eb773c5d708ddb76b0ea	COMPONENT_OF	COMPOUND_COMPONENT_PARSE_REQUIRES_REVIEW	true
semantic-candidate:72b648e14de18de4c21e8a58	semantic-relation:be34d629f2b550f95d5319a4	COMPONENT_OF	COMPOUND_COMPONENT_PARSE_REQUIRES_REVIEW	true
semantic-candidate:72b9a70aa3fca1108eb7c87a	semantic-relation:6043aaecd49eefa703154f6d	COMPONENT_OF	COMPOUND_COMPONENT_PARSE_REQUIRES_REVIEW	true
semantic-candidate:72bb4f24a8b1538759730a5b	semantic-relation:a4e7bdc06ac3bd39120d907b	MODIFIES	MODIFIER_PARSE_REQUIRES_REVIEW	true
semantic-candidate:72cdbb56d23da613daae1042	semantic-relation:f5ea6101d82fd6eabc850f09	MODIFIES	MODIFIER_PARSE_REQUIRES_REVIEW	true
semantic-candidate:72e8db381d57e0b010027c13	semantic-relation:c81d8d22b17a1c6308927bab	INSTANCE_OR_SPECIFIC_FORM_OF	V2_CONTAINMENT_CANDIDATE_NOT_EQUIVALENCE	true
semantic-candidate:72eaa65a1770451365d86fad	semantic-relation:701cc0d56c488ccbc43548ee	INSTANCE_OR_SPECIFIC_FORM_OF	V2_CONTAINMENT_CANDIDATE_NOT_EQUIVALENCE	true
semantic-candidate:72ec36464789a3d35649b49c	semantic-relation:9384fb0f1c84d268249a9995	COMPONENT_OF	COMPOUND_COMPONENT_PARSE_REQUIRES_REVIEW	true
semantic-candidate:72f6d1845759c1168f9bd3de	semantic-relation:25ac7279772d58def1695b78	INSTANCE_OR_SPECIFIC_FORM_OF	V2_CONTAINMENT_CANDIDATE_NOT_EQUIVALENCE	true
semantic-candidate:72fcfb160b208a9b3628af6a	semantic-relation:516cf1c46c4990b59483a297	INSTANCE_OR_SPECIFIC_FORM_OF	V2_CONTAINMENT_CANDIDATE_NOT_EQUIVALENCE	true
semantic-candidate:731d822732cb58cab799c285	semantic-relation:1556cfaefcb3784288d53361	COMPONENT_OF	COMPOUND_COMPONENT_PARSE_REQUIRES_REVIEW	true
semantic-candidate:733074fdd2a0a2346c4d0652	semantic-relation:e2601e8fa156214b34b5aa53	INSTANCE_OR_SPECIFIC_FORM_OF	V2_CONTAINMENT_CANDIDATE_NOT_EQUIVALENCE	true
semantic-candidate:733a727cc5e7acece929a58a	semantic-relation:7376dcc9b2fc163529233d92	COMPONENT_OF	COMPOUND_COMPONENT_PARSE_REQUIRES_REVIEW	true
semantic-candidate:7351b735b8006cc04ba7402e	semantic-relation:0ea9110a54b5de25c42c63f1	COMPONENT_OF	COMPOUND_COMPONENT_PARSE_REQUIRES_REVIEW	true
semantic-candidate:7353b7ad0e2413db3eb5be27	semantic-relation:c9c7a64745f5b09bde04707c	INSTANCE_OR_SPECIFIC_FORM_OF	V2_CONTAINMENT_CANDIDATE_NOT_EQUIVALENCE	true
semantic-candidate:7356cd745a2c67c2c950a883	semantic-relation:77344d35b5027cb9c8dab6c4	INSTANCE_OR_SPECIFIC_FORM_OF	V2_CONTAINMENT_CANDIDATE_NOT_EQUIVALENCE	true
semantic-candidate:735efc62306f64fab712743c	semantic-relation:d9a745e81226fbee051968f6	COMPONENT_OF	COMPOUND_COMPONENT_PARSE_REQUIRES_REVIEW	true
semantic-candidate:73614155cfe9c016d5832398	semantic-relation:1157f7617337e4e1b1b0e74a	MODIFIES	MODIFIER_PARSE_REQUIRES_REVIEW	true
semantic-candidate:737621dc00a76b44ec4a95b2	semantic-relation:be29964611fd1ad277787f59	COMPONENT_OF	COMPOUND_COMPONENT_PARSE_REQUIRES_REVIEW	true
semantic-candidate:737e044787f2ce3676270414	semantic-relation:33066edcfa98c3563fcee3ee	INSTANCE_OR_SPECIFIC_FORM_OF	V2_CONTAINMENT_CANDIDATE_NOT_EQUIVALENCE	true
semantic-candidate:7381f6769f05b894494f5874	semantic-relation:f004916716e9e8282712788c	COMPONENT_OF	COMPOUND_COMPONENT_PARSE_REQUIRES_REVIEW	true
semantic-candidate:73833de1eae6bcff5c9f0314	semantic-relation:76a66bfcacf397d1a601e7c9	COMPONENT_OF	COMPOUND_COMPONENT_PARSE_REQUIRES_REVIEW	true
semantic-candidate:738eb2306d9996881c069695	semantic-relation:1aac5f399749f01007aba941	INSTANCE_OR_SPECIFIC_FORM_OF	V2_CONTAINMENT_CANDIDATE_NOT_EQUIVALENCE	true
semantic-candidate:73a1ee24a4a742247ea70d95	semantic-relation:63096ffad26c33c425245d55	INSTANCE_OR_SPECIFIC_FORM_OF	V2_CONTAINMENT_CANDIDATE_NOT_EQUIVALENCE	true
semantic-candidate:73b894ba2db12fd2e0c8dba9	semantic-relation:ce9ceeaa42bbd37bac461482	INSTANCE_OR_SPECIFIC_FORM_OF	V2_CONTAINMENT_CANDIDATE_NOT_EQUIVALENCE	true
semantic-candidate:73bbb6377829dc6a5c2fa2bd	semantic-relation:dda76c950a34ae1959d82add	COMPONENT_OF	COMPOUND_COMPONENT_PARSE_REQUIRES_REVIEW	true
semantic-candidate:73ced20e38171b359b679bc1	semantic-relation:e543a750d4a5cc7116b36888	COMPONENT_OF	COMPOUND_COMPONENT_PARSE_REQUIRES_REVIEW	true
semantic-candidate:73d125831f545016941edb66	semantic-relation:e535759134d41ddbd87a0e8e	MODIFIES	MODIFIER_PARSE_REQUIRES_REVIEW	true
semantic-candidate:73d8cab342ae5ea727e3878f	semantic-relation:9fb41af3ebeff38ab3e9288f	COMPONENT_OF	COMPOUND_COMPONENT_PARSE_REQUIRES_REVIEW	true
semantic-candidate:73dcef6e84e83bb52f2043ef	semantic-relation:c9e30d1540a5f372c583e867	INSTANCE_OR_SPECIFIC_FORM_OF	V2_CONTAINMENT_CANDIDATE_NOT_EQUIVALENCE	true
semantic-candidate:73e1413b1324d973abf731da	semantic-relation:8c3df6554a6bdfdf5c92c191	COMPONENT_OF	COMPOUND_COMPONENT_PARSE_REQUIRES_REVIEW	true
semantic-candidate:73f529c54398daa82ebd3a10	semantic-relation:2b72960fda1b0929a105cd7b	INSTANCE_OR_SPECIFIC_FORM_OF	V2_CONTAINMENT_CANDIDATE_NOT_EQUIVALENCE	true
semantic-candidate:7405f4dd015c08949920efe1	semantic-relation:685490050fab44cab0fd91c5	COMPONENT_OF	COMPOUND_COMPONENT_PARSE_REQUIRES_REVIEW	true
semantic-candidate:740c6a671d9fe6ca2cf713c8	semantic-relation:be4c811c3d83220d3ac2d266	COMPONENT_OF	COMPOUND_COMPONENT_PARSE_REQUIRES_REVIEW	true
semantic-candidate:740cea3109bb5502f84717bb	semantic-relation:b677dcec36b5632f86ab816a	INSTANCE_OR_SPECIFIC_FORM_OF	V2_CONTAINMENT_CANDIDATE_NOT_EQUIVALENCE	true
semantic-candidate:740e52206bc0cf1b365093cc	semantic-relation:65138828b0cc09d015344ae0	INSTANCE_OR_SPECIFIC_FORM_OF	V2_CONTAINMENT_CANDIDATE_NOT_EQUIVALENCE	true
semantic-candidate:74208d3263cb76de2913f8b4	semantic-relation:880dcd12097690713047a197	MODIFIES	MODIFIER_PARSE_REQUIRES_REVIEW	true
semantic-candidate:742840c5ab9b0828c578094d	semantic-relation:7c3e3e59ba816ec5ff2f28d7	COMPONENT_OF	COMPOUND_COMPONENT_PARSE_REQUIRES_REVIEW	true
semantic-candidate:74290a83bf6f0c8921448f50	semantic-relation:4f2aaa195038051a2675173e	COMPONENT_OF	COMPOUND_COMPONENT_PARSE_REQUIRES_REVIEW	true
semantic-candidate:742ec447e0e365cbefd67dad	semantic-relation:f5858e8f0e44d67d587b0502	MODIFIES	MODIFIER_PARSE_REQUIRES_REVIEW	true
semantic-candidate:74524326386b1f4712e77648	semantic-relation:9b0e85d941910c6dafa924f1	COMPONENT_OF	COMPOUND_COMPONENT_PARSE_REQUIRES_REVIEW	true
semantic-candidate:74648cc9f0f93dd77a067360	semantic-relation:2cbacf176a3d30f5a48197f7	INSTANCE_OR_SPECIFIC_FORM_OF	V2_CONTAINMENT_CANDIDATE_NOT_EQUIVALENCE	true
semantic-candidate:7466dc7dc7b4ee8a9b2a09f2	semantic-relation:b785d009a3ce751e76780ade	INSTANCE_OR_SPECIFIC_FORM_OF	V2_CONTAINMENT_CANDIDATE_NOT_EQUIVALENCE	true
semantic-candidate:74692e73395bd17ba8923b47	semantic-relation:41030b6a714824fafbf7314b	COMPONENT_OF	COMPOUND_COMPONENT_PARSE_REQUIRES_REVIEW	true
semantic-candidate:7479693aac9e9fe637be7484	semantic-relation:a7caa9ca1c138f3e2b43c3cf	INSTANCE_OR_SPECIFIC_FORM_OF	V2_CONTAINMENT_CANDIDATE_NOT_EQUIVALENCE	true
semantic-candidate:74bbfade661641dbac184dc0	semantic-relation:5e113538c57fdb37f262d6b6	INSTANCE_OR_SPECIFIC_FORM_OF	V2_CONTAINMENT_CANDIDATE_NOT_EQUIVALENCE	true
semantic-candidate:74bd2a3e6aac8bd1bd34f60e	semantic-relation:3b664110c3f9194ad7f383f2	COMPONENT_OF	COMPOUND_COMPONENT_PARSE_REQUIRES_REVIEW	true
semantic-candidate:74c024e38d4792970bd68557	semantic-relation:31a7d101b5a831727db24881	INSTANCE_OR_SPECIFIC_FORM_OF	V2_CONTAINMENT_CANDIDATE_NOT_EQUIVALENCE	true
semantic-candidate:74c03b3aacdcca51dc33c24f	semantic-relation:8181bb1d68a0393c3d0d5619	COMPONENT_OF	COMPOUND_COMPONENT_PARSE_REQUIRES_REVIEW	true
semantic-candidate:74c8d567d1f08b69307739f1	semantic-relation:22acf5fa10a74a8f6f55cd1a	MODIFIES	MODIFIER_PARSE_REQUIRES_REVIEW	true
semantic-candidate:74c95931f6a6f91ecec2f3d8	semantic-relation:9dd6fb6ebd2c1451eca33071	MODIFIES	MODIFIER_PARSE_REQUIRES_REVIEW	true
semantic-candidate:74df23fce1a316af64bd907b	semantic-relation:4cbf15e3f0e24285644ff54f	COMPONENT_OF	COMPOUND_COMPONENT_PARSE_REQUIRES_REVIEW	true
semantic-candidate:74e2cdc1e79826c8ea3850b2	semantic-relation:86471aab4a5c8db90bdb157b	INSTANCE_OR_SPECIFIC_FORM_OF	V2_CONTAINMENT_CANDIDATE_NOT_EQUIVALENCE	true
semantic-candidate:74e39f1a89762dc22abeb0d3	semantic-relation:c9b4c98eed1a23d56e2eedd8	INSTANCE_OR_SPECIFIC_FORM_OF	V2_CONTAINMENT_CANDIDATE_NOT_EQUIVALENCE	true
semantic-candidate:74f1c2aeb8bd7e3c60d821ee	semantic-relation:d27c387452cefc99ffba2ae1	INSTANCE_OR_SPECIFIC_FORM_OF	V2_CONTAINMENT_CANDIDATE_NOT_EQUIVALENCE	true
semantic-candidate:74faef874edef8a5fc3e66db	semantic-relation:67dbb1a3844a80c7317d6cd2	INSTANCE_OR_SPECIFIC_FORM_OF	V2_CONTAINMENT_CANDIDATE_NOT_EQUIVALENCE	true
semantic-candidate:74ff75317cbb7f53be941997	semantic-relation:96226136a3d12e5f5e8d856e	INSTANCE_OR_SPECIFIC_FORM_OF	V2_CONTAINMENT_CANDIDATE_NOT_EQUIVALENCE	true
semantic-candidate:750a565a00930d27b5b86ab1	semantic-relation:f0b6fa3cd6da8a21fec2236a	INSTANCE_OR_SPECIFIC_FORM_OF	V2_CONTAINMENT_CANDIDATE_NOT_EQUIVALENCE	true
semantic-candidate:75171f7c413f49cb8b4754eb	semantic-relation:44ca9d05c59efbc4fafbca3f	INSTANCE_OR_SPECIFIC_FORM_OF	V2_CONTAINMENT_CANDIDATE_NOT_EQUIVALENCE	true
semantic-candidate:752257f3c6751dde1fd42df5	semantic-relation:4669e674a8cc37622ccbb9e7	COMPONENT_OF	COMPOUND_COMPONENT_PARSE_REQUIRES_REVIEW	true
semantic-candidate:752d88225a7642baf958065b	semantic-relation:14bba6a0ee430528bf513692	INSTANCE_OR_SPECIFIC_FORM_OF	V2_CONTAINMENT_CANDIDATE_NOT_EQUIVALENCE	true
semantic-candidate:752f1d3c3673702710ce0d22	semantic-relation:20f27a0b913ccc8145bec4b4	INSTANCE_OR_SPECIFIC_FORM_OF	V2_CONTAINMENT_CANDIDATE_NOT_EQUIVALENCE	true
semantic-candidate:75358cb6c85992ab3b1af867	semantic-relation:559c6bd5bc8afaf8710a3a1f	INSTANCE_OR_SPECIFIC_FORM_OF	V2_CONTAINMENT_CANDIDATE_NOT_EQUIVALENCE	true
semantic-candidate:753ec11ce2e4b98faf804818	semantic-relation:124521a7747890492818afd5	INSTANCE_OR_SPECIFIC_FORM_OF	V2_CONTAINMENT_CANDIDATE_NOT_EQUIVALENCE	true
semantic-candidate:757c9be28ae9e08c49cd1f4c	semantic-relation:da79ef5efe1745c2b1facf7b	COMPONENT_OF	COMPOUND_COMPONENT_PARSE_REQUIRES_REVIEW	true
semantic-candidate:758b6f365234f6788966aa75	semantic-relation:401c765187c628cfef5741db	COMPONENT_OF	COMPOUND_COMPONENT_PARSE_REQUIRES_REVIEW	true
semantic-candidate:7598f7a336875a007e2d067e	semantic-relation:b25b96a6d0b822210e08c14e	INSTANCE_OR_SPECIFIC_FORM_OF	V2_CONTAINMENT_CANDIDATE_NOT_EQUIVALENCE	true
semantic-candidate:759e782dfac27d39cb6ac0f9	semantic-relation:e3b29b6085647f02d101a3db	INSTANCE_OR_SPECIFIC_FORM_OF	V2_CONTAINMENT_CANDIDATE_NOT_EQUIVALENCE	true
semantic-candidate:75a0cb656b71959d4999723a	semantic-relation:c5b2c8439cb556ba16ae08c6	INSTANCE_OR_SPECIFIC_FORM_OF	V2_CONTAINMENT_CANDIDATE_NOT_EQUIVALENCE	true
semantic-candidate:75ada8031319ae20b09bb016	semantic-relation:b2a0cb2f6f0ddc42fd71c80d	COMPONENT_OF	COMPOUND_COMPONENT_PARSE_REQUIRES_REVIEW	true
semantic-candidate:75af898d81e96fd30d7ba22c	semantic-relation:f66dd07abfc4108923feecba	INSTANCE_OR_SPECIFIC_FORM_OF	V2_CONTAINMENT_CANDIDATE_NOT_EQUIVALENCE	true
semantic-candidate:75c84c409114414d523a0f65	semantic-relation:6cf6e2bd2649b4da6db0030c	COMPONENT_OF	COMPOUND_COMPONENT_PARSE_REQUIRES_REVIEW	true
semantic-candidate:75c99ae08e578ce727b21e34	semantic-relation:39fc1a591830f5e18b883815	INSTANCE_OR_SPECIFIC_FORM_OF	V2_CONTAINMENT_CANDIDATE_NOT_EQUIVALENCE	true
semantic-candidate:75cfbc6a0f2d61f93a80cdbf	semantic-relation:bd56e393c4b9b5a83d5e2583	COMPONENT_OF	COMPOUND_COMPONENT_PARSE_REQUIRES_REVIEW	true
semantic-candidate:75db25d265a27581b9977a97	semantic-relation:cb99ad2f7b5e0bf823b6d331	INSTANCE_OR_SPECIFIC_FORM_OF	V2_CONTAINMENT_CANDIDATE_NOT_EQUIVALENCE	true
semantic-candidate:75ef2331b2fbcd6f2cfd7991	semantic-relation:3188ff48852987a9a2fba2b0	COMPONENT_OF	COMPOUND_COMPONENT_PARSE_REQUIRES_REVIEW	true
semantic-candidate:75f07f959ca34c2e7703be59	semantic-relation:54d025121c533178e0ddf1f2	INSTANCE_OR_SPECIFIC_FORM_OF	V2_CONTAINMENT_CANDIDATE_NOT_EQUIVALENCE	true
semantic-candidate:75f9f268e5004be07fe96427	semantic-relation:ead715e6808a4b610b6ad048	INSTANCE_OR_SPECIFIC_FORM_OF	V2_CONTAINMENT_CANDIDATE_NOT_EQUIVALENCE	true
semantic-candidate:7600d4c2bf06405469381b61	semantic-relation:df270e15d45012d6c6271087	COMPONENT_OF	COMPOUND_COMPONENT_PARSE_REQUIRES_REVIEW	true
semantic-candidate:760afc67ae8afb3f8637e4e9	semantic-relation:fd9189fe2c24fb2e748aa746	COMPONENT_OF	COMPOUND_COMPONENT_PARSE_REQUIRES_REVIEW	true
semantic-candidate:760be91a88bcad0a7f92f55a	semantic-relation:a7deafaae66eb90432bbbec8	COMPONENT_OF	COMPOUND_COMPONENT_PARSE_REQUIRES_REVIEW	true
semantic-candidate:76215d74970649bea5326654	semantic-relation:f0efcd41e5443a3ca144b7f0	COMPONENT_OF	COMPOUND_COMPONENT_PARSE_REQUIRES_REVIEW	true
semantic-candidate:7628b97cf2e2cc1ea8cf69ba	semantic-relation:d9e9ece0d167a115b85fa22a	INSTANCE_OR_SPECIFIC_FORM_OF	V2_CONTAINMENT_CANDIDATE_NOT_EQUIVALENCE	true
semantic-candidate:763d6919e7807d381faa8fea	semantic-relation:ccb8583c7c26321615a67492	COMPONENT_OF	COMPOUND_COMPONENT_PARSE_REQUIRES_REVIEW	true
semantic-candidate:764db06d5aff715797433122	semantic-relation:4175b82431a4743efe1c2ced	INSTANCE_OR_SPECIFIC_FORM_OF	V2_CONTAINMENT_CANDIDATE_NOT_EQUIVALENCE	true
semantic-candidate:7659f6d14d772465a2053ace	semantic-relation:0f8016384d28bbb07cfd2d1d	COMPONENT_OF	COMPOUND_COMPONENT_PARSE_REQUIRES_REVIEW	true
semantic-candidate:765ff31887660a1b389aecfa	semantic-relation:dca5b2d240a78681dc5601ab	INSTANCE_OR_SPECIFIC_FORM_OF	V2_CONTAINMENT_CANDIDATE_NOT_EQUIVALENCE	true
semantic-candidate:7662175cfa7553d30e46f8f0	semantic-relation:d6937281c6cddb4e57a87be0	MODIFIES	MODIFIER_PARSE_REQUIRES_REVIEW	true
semantic-candidate:7670438315ac0dc40a12944b	semantic-relation:502783ff4edf1b72263df40c	COMPONENT_OF	COMPOUND_COMPONENT_PARSE_REQUIRES_REVIEW	true
semantic-candidate:767f87acfa8fd9ee4129b495	semantic-relation:aa08fd75a970070ad0325f32	INSTANCE_OR_SPECIFIC_FORM_OF	V2_CONTAINMENT_CANDIDATE_NOT_EQUIVALENCE	true
semantic-candidate:7698c87b185d622cab0c851a	semantic-relation:6cf8647ed9b0662c6df18e60	COMPONENT_OF	COMPOUND_COMPONENT_PARSE_REQUIRES_REVIEW	true
semantic-candidate:76a197ca7dc6898d6630215d	semantic-relation:2c22ea604a3b77ee5bf67e81	COMPONENT_OF	COMPOUND_COMPONENT_PARSE_REQUIRES_REVIEW	true
semantic-candidate:76b19d97f8f2badf072520fc	semantic-relation:2b28c321baae5e68c869e239	COMPONENT_OF	COMPOUND_COMPONENT_PARSE_REQUIRES_REVIEW	true
semantic-candidate:76b3a55ae941a0d9f7d804cf	semantic-relation:2893bcf19bd0426f0aab0312	INSTANCE_OR_SPECIFIC_FORM_OF	V2_CONTAINMENT_CANDIDATE_NOT_EQUIVALENCE	true
semantic-candidate:76b6938b900aacae643de1e3	semantic-relation:f5e69d081047650d997f33e5	COMPONENT_OF	COMPOUND_COMPONENT_PARSE_REQUIRES_REVIEW	true
semantic-candidate:76c48a148d0abbeed8ade57d	semantic-relation:349864162035d8bd688bdb30	MODIFIES	MODIFIER_PARSE_REQUIRES_REVIEW	true
semantic-candidate:76dc626564f5b24034ed60b8	semantic-relation:b8c41d21bf5b59774e7f9893	COMPONENT_OF	COMPOUND_COMPONENT_PARSE_REQUIRES_REVIEW	true
semantic-candidate:76de2c7b8b3cc75b707d105d	semantic-relation:f999d8e49a5cd91de4969951	INSTANCE_OR_SPECIFIC_FORM_OF	V2_CONTAINMENT_CANDIDATE_NOT_EQUIVALENCE	true
semantic-candidate:76ecf3ad192bf17e622c7ee4	semantic-relation:42aa6f6251dfe4d2080b334f	INSTANCE_OR_SPECIFIC_FORM_OF	V2_CONTAINMENT_CANDIDATE_NOT_EQUIVALENCE	true
semantic-candidate:76f2303759c6b4ad46e91dc0	semantic-relation:7072600ead31565a43a3f497	INSTANCE_OR_SPECIFIC_FORM_OF	V2_CONTAINMENT_CANDIDATE_NOT_EQUIVALENCE	true
semantic-candidate:7708a042e1474f5ce63ac67c	semantic-relation:146f82586dbbd1e7e801a256	INSTANCE_OR_SPECIFIC_FORM_OF	V2_CONTAINMENT_CANDIDATE_NOT_EQUIVALENCE	true
semantic-candidate:770cc2add3e86f59f76d2d85	semantic-relation:1a4b1b08942f48ea143b226b	COMPONENT_OF	COMPOUND_COMPONENT_PARSE_REQUIRES_REVIEW	true
semantic-candidate:77280d2a53c04595a69fb046	semantic-relation:4264225cd0d5e61b1f944abf	MODIFIES	MODIFIER_PARSE_REQUIRES_REVIEW	true
semantic-candidate:772954043d12b00f67edfe27	semantic-relation:b4d039073f62e7b0a65dcc37	COMPONENT_OF	COMPOUND_COMPONENT_PARSE_REQUIRES_REVIEW	true
semantic-candidate:775b103c4522e0ba35fd14df	semantic-relation:64d1357a9607154743df1823	COMPONENT_OF	COMPOUND_COMPONENT_PARSE_REQUIRES_REVIEW	true
semantic-candidate:775ef9f642fa3d8e1ab966b9	semantic-relation:f812490892aa8d98baeef33a	COMPONENT_OF	COMPOUND_COMPONENT_PARSE_REQUIRES_REVIEW	true
semantic-candidate:7766b786ed3fe8340b1be916	semantic-relation:7a3744bb6f9fd363e3d73f4a	COMPONENT_OF	COMPOUND_COMPONENT_PARSE_REQUIRES_REVIEW	true
semantic-candidate:777a9003e1655dc6491eaf04	semantic-relation:3335f252713233bf74692bcf	COMPONENT_OF	COMPOUND_COMPONENT_PARSE_REQUIRES_REVIEW	true
semantic-candidate:7792c32b1eb302cfa2096a85	semantic-relation:aa7ce9be8d65bcbea4b6bf44	MODIFIES	MODIFIER_PARSE_REQUIRES_REVIEW	true
semantic-candidate:77ac8487cfc6edb880b1056a	semantic-relation:e907a6a6abbe398c34954d97	MODIFIES	MODIFIER_PARSE_REQUIRES_REVIEW	true
semantic-candidate:77b7373a11005245c652ff52	semantic-relation:50ba0703d669d4a08d75a205	COMPONENT_OF	COMPOUND_COMPONENT_PARSE_REQUIRES_REVIEW	true
semantic-candidate:77b811538c30987498d72372	semantic-relation:e16b459874f214d7fa999473	MODIFIES	MODIFIER_PARSE_REQUIRES_REVIEW	true
semantic-candidate:77b9fbe34fcdbe2e5c4435dd	semantic-relation:c4cf352171feae270419d631	INSTANCE_OR_SPECIFIC_FORM_OF	V2_CONTAINMENT_CANDIDATE_NOT_EQUIVALENCE	true
semantic-candidate:77bfcbd1f592399be7b05bc9	semantic-relation:c00908f9124a7bcd94f52640	COMPONENT_OF	COMPOUND_COMPONENT_PARSE_REQUIRES_REVIEW	true
semantic-candidate:77d7d3abfc54868844987c12	semantic-relation:78aa49873a82337592f06f20	COMPONENT_OF	COMPOUND_COMPONENT_PARSE_REQUIRES_REVIEW	true
semantic-candidate:77df244335f9f12e307a7a7d	semantic-relation:3fd17c8b34857dd39d4f05be	INSTANCE_OR_SPECIFIC_FORM_OF	V2_CONTAINMENT_CANDIDATE_NOT_EQUIVALENCE	true
semantic-candidate:77f52424beb5ae26b2026d06	semantic-relation:9ddc28a7d0ff2f6de7a15505	INSTANCE_OR_SPECIFIC_FORM_OF	V2_CONTAINMENT_CANDIDATE_NOT_EQUIVALENCE	true
semantic-candidate:77f7fef6ebea6ce7dbc876bd	semantic-relation:587b9a1a177a2059491f5f40	INSTANCE_OR_SPECIFIC_FORM_OF	V2_CONTAINMENT_CANDIDATE_NOT_EQUIVALENCE	true
semantic-candidate:78031d5d38d671018573dd09	semantic-relation:7f562a3010c7707f120e83e8	INSTANCE_OR_SPECIFIC_FORM_OF	V2_CONTAINMENT_CANDIDATE_NOT_EQUIVALENCE	true
semantic-candidate:7809258eb9f1d1854253b88f	semantic-relation:bd47f5f06f9e9c6648ea2c1d	COMPONENT_OF	COMPOUND_COMPONENT_PARSE_REQUIRES_REVIEW	true
semantic-candidate:7809b623f9ab73d71c9e0b7c	semantic-relation:5f56a472d2c9a41f7e5e58c5	COMPONENT_OF	COMPOUND_COMPONENT_PARSE_REQUIRES_REVIEW	true
semantic-candidate:78217f0140ee1bacf1b50d04	semantic-relation:65ef4cf812e16a6d6a4c1e72	COMPONENT_OF	COMPOUND_COMPONENT_PARSE_REQUIRES_REVIEW	true
semantic-candidate:7828a1fbe5010975132ec52e	semantic-relation:3a742c24a21e0556cf404e9b	INSTANCE_OR_SPECIFIC_FORM_OF	V2_CONTAINMENT_CANDIDATE_NOT_EQUIVALENCE	true
semantic-candidate:782ae2e9838958a573441e79	semantic-relation:6eef137f8aad9fe8fc80a838	COMPONENT_OF	COMPOUND_COMPONENT_PARSE_REQUIRES_REVIEW	true
semantic-candidate:78371788ebf1ea69b0b6f32e	semantic-relation:2a1cc9f08e64206d2aa77d05	COMPONENT_OF	COMPOUND_COMPONENT_PARSE_REQUIRES_REVIEW	true
semantic-candidate:785c2b3b245c0e0374570115	semantic-relation:d7b49a55722e3f2e677906ab	INSTANCE_OR_SPECIFIC_FORM_OF	V2_CONTAINMENT_CANDIDATE_NOT_EQUIVALENCE	true
semantic-candidate:78635b9d04a820afaf2fb3ab	semantic-relation:774a0168c299060ce19c1acc	INSTANCE_OR_SPECIFIC_FORM_OF	V2_CONTAINMENT_CANDIDATE_NOT_EQUIVALENCE	true
semantic-candidate:78641ef3afd2e2fb1592aab7	semantic-relation:470b39672ff3d5da610a3eb4	COMPONENT_OF	COMPOUND_COMPONENT_PARSE_REQUIRES_REVIEW	true
semantic-candidate:787285a328e73528b1b0447d	semantic-relation:61b52a0352ebeefd58b26447	INSTANCE_OR_SPECIFIC_FORM_OF	V2_CONTAINMENT_CANDIDATE_NOT_EQUIVALENCE	true
semantic-candidate:78a0135cc7540f8664761088	semantic-relation:64b3a3d5d6d7337b0036b1a9	INSTANCE_OR_SPECIFIC_FORM_OF	V2_CONTAINMENT_CANDIDATE_NOT_EQUIVALENCE	true
semantic-candidate:78a90706f7fefffd57b6f65b	semantic-relation:efc0acfe88a6b60d68f60225	INSTANCE_OR_SPECIFIC_FORM_OF	V2_CONTAINMENT_CANDIDATE_NOT_EQUIVALENCE	true
semantic-candidate:78b1bd410002706bb94bf929	semantic-relation:314f24715c7b17bf2d59a12d	COMPONENT_OF	COMPOUND_COMPONENT_PARSE_REQUIRES_REVIEW	true
semantic-candidate:78b2f13e2de4a62112738781	semantic-relation:664175751c3b22c0d9d885d5	INSTANCE_OR_SPECIFIC_FORM_OF	V2_CONTAINMENT_CANDIDATE_NOT_EQUIVALENCE	true
semantic-candidate:78c045f6f649822b1f9567a9	semantic-relation:93a4aeb7cace1f9ff1821fe0	INSTANCE_OR_SPECIFIC_FORM_OF	V2_CONTAINMENT_CANDIDATE_NOT_EQUIVALENCE	true
semantic-candidate:78dba01068b4ae0dc1b8c62c	semantic-relation:686010662239a57e0741d101	INSTANCE_OR_SPECIFIC_FORM_OF	V2_CONTAINMENT_CANDIDATE_NOT_EQUIVALENCE	true
semantic-candidate:78efd4615d84cebf88b0cdce	semantic-relation:37bfef2bf5eb18ca139e887a	COMPONENT_OF	COMPOUND_COMPONENT_PARSE_REQUIRES_REVIEW	true
semantic-candidate:78f25cafca22d0eb4e9897dd	semantic-relation:f348db23ddce9447f2c991e2	COMPONENT_OF	COMPOUND_COMPONENT_PARSE_REQUIRES_REVIEW	true
semantic-candidate:78f679e0bee0cf833469aec3	semantic-relation:c766f59fd9fd4ac8aa5deb09	INSTANCE_OR_SPECIFIC_FORM_OF	V2_CONTAINMENT_CANDIDATE_NOT_EQUIVALENCE	true
semantic-candidate:790d17b36be7761f4a80468d	semantic-relation:7ee5ffbd92bbea824581a688	INSTANCE_OR_SPECIFIC_FORM_OF	V2_CONTAINMENT_CANDIDATE_NOT_EQUIVALENCE	true
semantic-candidate:790f7d21996ecc89537ac878	semantic-relation:ee368bbdba2a0a53e85f754b	INSTANCE_OR_SPECIFIC_FORM_OF	V2_CONTAINMENT_CANDIDATE_NOT_EQUIVALENCE	true
semantic-candidate:7910bc05ac7169aa5532c8a9	semantic-relation:d80bd8602ebc5681c8532845	INSTANCE_OR_SPECIFIC_FORM_OF	V2_CONTAINMENT_CANDIDATE_NOT_EQUIVALENCE	true
semantic-candidate:7926c9c0247fd924729fc6d6	semantic-relation:786ea501d514bed16a5e2536	COMPONENT_OF	COMPOUND_COMPONENT_PARSE_REQUIRES_REVIEW	true
semantic-candidate:79376f33af61fa86e3261ec2	semantic-relation:40da4e0d0d01783f5bda15c4	INSTANCE_OR_SPECIFIC_FORM_OF	V2_CONTAINMENT_CANDIDATE_NOT_EQUIVALENCE	true
semantic-candidate:794f5d66f77c6501654d05ee	semantic-relation:b1576c695f74e83a72a3d1f5	COMPONENT_OF	COMPOUND_COMPONENT_PARSE_REQUIRES_REVIEW	true
semantic-candidate:7957b759099987ee9d6ba8d5	semantic-relation:8f1131fb8784457b6cfcad67	INSTANCE_OR_SPECIFIC_FORM_OF	V2_CONTAINMENT_CANDIDATE_NOT_EQUIVALENCE	true
semantic-candidate:795e709168b14aad8485139d	semantic-relation:a3a67e94a6f5bb24659af213	INSTANCE_OR_SPECIFIC_FORM_OF	V2_CONTAINMENT_CANDIDATE_NOT_EQUIVALENCE	true
semantic-candidate:7968ab29c4c19fe5d6c4eb35	semantic-relation:3e0dbdd3d1bd2ca67d3c51e0	INSTANCE_OR_SPECIFIC_FORM_OF	V2_CONTAINMENT_CANDIDATE_NOT_EQUIVALENCE	true
semantic-candidate:796c943decbf8a61680d9643	semantic-relation:526ba29a9c04a20d00b57151	INSTANCE_OR_SPECIFIC_FORM_OF	V2_CONTAINMENT_CANDIDATE_NOT_EQUIVALENCE	true
semantic-candidate:79793abb8908681e9d10cfe0	semantic-relation:ca546596d1a3578bbe528897	COMPONENT_OF	COMPOUND_COMPONENT_PARSE_REQUIRES_REVIEW	true
semantic-candidate:79832b6a184f35e3b1b0d5df	semantic-relation:7b7835460c25f51aacae7bca	COMPONENT_OF	COMPOUND_COMPONENT_PARSE_REQUIRES_REVIEW	true
semantic-candidate:7988c65ca7a1263633a6e193	semantic-relation:67e0d3bb3201c3caf25932bb	MODIFIES	MODIFIER_PARSE_REQUIRES_REVIEW	true
semantic-candidate:79af9049d69b9072af3a805b	semantic-relation:1ffd3e9446b7646d328575c4	COMPONENT_OF	COMPOUND_COMPONENT_PARSE_REQUIRES_REVIEW	true
semantic-candidate:79bc0289c2ba3726076267fd	semantic-relation:55cbcb4b24b804e175fcc04b	COMPONENT_OF	COMPOUND_COMPONENT_PARSE_REQUIRES_REVIEW	true
semantic-candidate:79bef6999afa1f584492271f	semantic-relation:18f6c20cd68f2ac0ce829147	COMPONENT_OF	COMPOUND_COMPONENT_PARSE_REQUIRES_REVIEW	true
semantic-candidate:79d2c328adbeddf35210b8d6	semantic-relation:6aa6d143ee5fe1deae286c68	COMPONENT_OF	COMPOUND_COMPONENT_PARSE_REQUIRES_REVIEW	true
semantic-candidate:79d544f799196438fb7a481f	semantic-relation:c67bd2be438f463b56ad74ee	INSTANCE_OR_SPECIFIC_FORM_OF	V2_CONTAINMENT_CANDIDATE_NOT_EQUIVALENCE	true
semantic-candidate:79d77a3d786087932701d2b2	semantic-relation:aa05fce1cba234fd0f9116c6	COMPONENT_OF	COMPOUND_COMPONENT_PARSE_REQUIRES_REVIEW	true
semantic-candidate:79db13464e2b3a58a600f525	semantic-relation:37d64d8ca27b4e6ec9bc77e4	COMPONENT_OF	COMPOUND_COMPONENT_PARSE_REQUIRES_REVIEW	true
semantic-candidate:79e86f420be58e1cdf469d99	semantic-relation:f97d3f321f2f59c9ac047c81	MODIFIES	MODIFIER_PARSE_REQUIRES_REVIEW	true
semantic-candidate:79f56c96b1f0a920a38ffcb1	semantic-relation:c2d25be70aff863056b1a028	COMPONENT_OF	COMPOUND_COMPONENT_PARSE_REQUIRES_REVIEW	true
semantic-candidate:7a05f7483be2e8ccf466e44e	semantic-relation:96ada8a16eaf75dbc9d2847c	INSTANCE_OR_SPECIFIC_FORM_OF	V2_CONTAINMENT_CANDIDATE_NOT_EQUIVALENCE	true
semantic-candidate:7a1ab6540d28e775894ba090	semantic-relation:a04b0c80c6f555b374ece9bf	INSTANCE_OR_SPECIFIC_FORM_OF	V2_CONTAINMENT_CANDIDATE_NOT_EQUIVALENCE	true
semantic-candidate:7a2a93e1ec2663736249d63b	semantic-relation:38a44de4d8669f195a123971	COMPONENT_OF	COMPOUND_COMPONENT_PARSE_REQUIRES_REVIEW	true
semantic-candidate:7a3579390a38e2f2cfce82b6	semantic-relation:4c8be83eea218d8450338247	COMPONENT_OF	COMPOUND_COMPONENT_PARSE_REQUIRES_REVIEW	true
semantic-candidate:7a58661505b1bf718f2d55ba	semantic-relation:c0fcbcacb1dacec7a4f0c324	INSTANCE_OR_SPECIFIC_FORM_OF	V2_CONTAINMENT_CANDIDATE_NOT_EQUIVALENCE	true
semantic-candidate:7a7c500d4ef978f2c642d351	semantic-relation:854b5fe1036d33b5d9416929	COMPONENT_OF	COMPOUND_COMPONENT_PARSE_REQUIRES_REVIEW	true
semantic-candidate:7a8b00b761070f8b4f703ced	semantic-relation:66e31bc61852f114ae21f048	MODIFIES	MODIFIER_PARSE_REQUIRES_REVIEW	true
semantic-candidate:7a98d7afb40bc97a22e8cde1	semantic-relation:ef34b518277f51b1981e9f7f	MODIFIES	MODIFIER_PARSE_REQUIRES_REVIEW	true
semantic-candidate:7a9e0161bf84730818771dca	semantic-relation:df53b9775772d095bea98ff6	COMPONENT_OF	COMPOUND_COMPONENT_PARSE_REQUIRES_REVIEW	true
semantic-candidate:7a9e90b573582d6cca976be3	semantic-relation:0a3a140ff8cdd186aa1b3137	INSTANCE_OR_SPECIFIC_FORM_OF	V2_CONTAINMENT_CANDIDATE_NOT_EQUIVALENCE	true
semantic-candidate:7a9eb9fef8bf83e20867593d	semantic-relation:602899bf27067b3096bf6b92	INSTANCE_OR_SPECIFIC_FORM_OF	V2_CONTAINMENT_CANDIDATE_NOT_EQUIVALENCE	true
semantic-candidate:7aa745899ebe8711ca034814	semantic-relation:04407b945b09e9ba80ff60dc	MODIFIES	MODIFIER_PARSE_REQUIRES_REVIEW	true
semantic-candidate:7ab309099b68a6f52c489639	semantic-relation:6ef229d7093df2b06bd11bcb	INSTANCE_OR_SPECIFIC_FORM_OF	V2_CONTAINMENT_CANDIDATE_NOT_EQUIVALENCE	true
semantic-candidate:7ab7495e56b5f576cab85328	semantic-relation:4742050cab1b127469b3d250	COMPONENT_OF	COMPOUND_COMPONENT_PARSE_REQUIRES_REVIEW	true
semantic-candidate:7ad294bd4d7a75f449b1b3fb	semantic-relation:af7b53cebf71c03995dd922f	INSTANCE_OR_SPECIFIC_FORM_OF	V2_CONTAINMENT_CANDIDATE_NOT_EQUIVALENCE	true
semantic-candidate:7adfb116c0ef04ffdf8ee642	semantic-relation:44c2739eb9ba6176dcf8efa3	INSTANCE_OR_SPECIFIC_FORM_OF	V2_CONTAINMENT_CANDIDATE_NOT_EQUIVALENCE	true
semantic-candidate:7ae764569a15f3cbbcc377b4	semantic-relation:9f44bbc051cf05add7473b4e	COMPONENT_OF	COMPOUND_COMPONENT_PARSE_REQUIRES_REVIEW	true
semantic-candidate:7af0bbb69733c3d25acf362f	semantic-relation:8c910b238ae34585c96d70de	MODIFIES	MODIFIER_PARSE_REQUIRES_REVIEW	true
semantic-candidate:7afa2262ec60acbf897c0fcb	semantic-relation:bae1a630ed727470924ac5fa	MODIFIES	MODIFIER_PARSE_REQUIRES_REVIEW	true
semantic-candidate:7b0252dddf31543ba51349c9	semantic-relation:299ba11f556ed3c4bfbd70d8	MODIFIES	MODIFIER_PARSE_REQUIRES_REVIEW	true
semantic-candidate:7b0c023c4681168ef4f003be	semantic-relation:bdd176fdd31713794b4ab62a	COMPONENT_OF	COMPOUND_COMPONENT_PARSE_REQUIRES_REVIEW	true
semantic-candidate:7b0c5d9909e3722677fe4eab	semantic-relation:4159bcd948c45bf8dad2f254	COMPONENT_OF	COMPOUND_COMPONENT_PARSE_REQUIRES_REVIEW	true
semantic-candidate:7b272cdc37b0b550971ed78f	semantic-relation:dd8ab6f198e36e4b9f62aa5e	MODIFIES	MODIFIER_PARSE_REQUIRES_REVIEW	true
semantic-candidate:7b2b4972b3031dd2a5bf194a	semantic-relation:ef2989183c01e5fc2d7bb581	INSTANCE_OR_SPECIFIC_FORM_OF	V2_CONTAINMENT_CANDIDATE_NOT_EQUIVALENCE	true
semantic-candidate:7b32f969bbd53cfb449dfe4d	semantic-relation:df40553bbecced5d1543a4b3	COMPONENT_OF	COMPOUND_COMPONENT_PARSE_REQUIRES_REVIEW	true
semantic-candidate:7b3a11de98a910af09937991	semantic-relation:9dc6048e473e62bb9cb0bc67	INSTANCE_OR_SPECIFIC_FORM_OF	V2_CONTAINMENT_CANDIDATE_NOT_EQUIVALENCE	true
semantic-candidate:7b558b5d951c2f1b5c31c9ea	semantic-relation:b9fe4fbdca2e9917c5672fda	INSTANCE_OR_SPECIFIC_FORM_OF	V2_CONTAINMENT_CANDIDATE_NOT_EQUIVALENCE	true
semantic-candidate:7b5b9547d1b7108f94c3d78b	semantic-relation:372cf2239335f3fb961402fa	INSTANCE_OR_SPECIFIC_FORM_OF	V2_CONTAINMENT_CANDIDATE_NOT_EQUIVALENCE	true
semantic-candidate:7b791433064fe126e81067fe	semantic-relation:82483db9abbfb325b189ef53	COMPONENT_OF	COMPOUND_COMPONENT_PARSE_REQUIRES_REVIEW	true
semantic-candidate:7b84df0560f8f5c94a56a52a	semantic-relation:6441ab671a173b26e311e85a	MODIFIES	MODIFIER_PARSE_REQUIRES_REVIEW	true
semantic-candidate:7b8608ff57bbdeed4a5a0546	semantic-relation:441c99729a582de2b4ff4374	INSTANCE_OR_SPECIFIC_FORM_OF	V2_CONTAINMENT_CANDIDATE_NOT_EQUIVALENCE	true
semantic-candidate:7b8a245deb6ca6737f5e52bd	semantic-relation:15cf790b4537cfe167c0f25b	COMPONENT_OF	COMPOUND_COMPONENT_PARSE_REQUIRES_REVIEW	true
semantic-candidate:7b940c187eba696ddbaefe4a	semantic-relation:0bf514a9c36f7d7e53a2c241	INSTANCE_OR_SPECIFIC_FORM_OF	V2_CONTAINMENT_CANDIDATE_NOT_EQUIVALENCE	true
semantic-candidate:7ba5f019de006c02893aa2e0	semantic-relation:53256074e7c5db126e3004ca	INSTANCE_OR_SPECIFIC_FORM_OF	V2_CONTAINMENT_CANDIDATE_NOT_EQUIVALENCE	true
semantic-candidate:7bae46f044ac595215a0cf47	semantic-relation:d454f6a7c1994807b124061e	INSTANCE_OR_SPECIFIC_FORM_OF	V2_CONTAINMENT_CANDIDATE_NOT_EQUIVALENCE	true
semantic-candidate:7bbf89bbee2ad90f8f61c141	semantic-relation:c53f90499e0206d814e019e7	INSTANCE_OR_SPECIFIC_FORM_OF	V2_CONTAINMENT_CANDIDATE_NOT_EQUIVALENCE	true
semantic-candidate:7bcb95cbaf1c580a8ae5b98c	semantic-relation:41cdb4dce07d2dc4b035f3b8	COMPONENT_OF	COMPOUND_COMPONENT_PARSE_REQUIRES_REVIEW	true
semantic-candidate:7be616d90061ac337887e29f	semantic-relation:7f6807eae31cd2dfb4c4c7d2	COMPONENT_OF	COMPOUND_COMPONENT_PARSE_REQUIRES_REVIEW	true
semantic-candidate:7bf8851ef794d4e3ffbeda5e	semantic-relation:20b8f38e57ff74c67335044c	INSTANCE_OR_SPECIFIC_FORM_OF	V2_CONTAINMENT_CANDIDATE_NOT_EQUIVALENCE	true
semantic-candidate:7c0102bb75348b4af1844e73	semantic-relation:1013f082d91a9f007d0caa5e	INSTANCE_OR_SPECIFIC_FORM_OF	V2_CONTAINMENT_CANDIDATE_NOT_EQUIVALENCE	true
semantic-candidate:7c04814379f1b9595fa4cfaf	semantic-relation:3d6547a09f9a17c870d001b8	COMPONENT_OF	COMPOUND_COMPONENT_PARSE_REQUIRES_REVIEW	true
semantic-candidate:7c059fcb0cbd93f3efc9f714	semantic-relation:b372b516c10ae90a612bb905	COMPONENT_OF	COMPOUND_COMPONENT_PARSE_REQUIRES_REVIEW	true
semantic-candidate:7c0ca8a0f7640619aa74991d	semantic-relation:730baec3e11ea4e8dd8eaba1	INSTANCE_OR_SPECIFIC_FORM_OF	V2_CONTAINMENT_CANDIDATE_NOT_EQUIVALENCE	true
semantic-candidate:7c336b0ce31b21a64f389e98	semantic-relation:827d574076ff4d54da08eb18	INSTANCE_OR_SPECIFIC_FORM_OF	V2_CONTAINMENT_CANDIDATE_NOT_EQUIVALENCE	true
semantic-candidate:7c38eec48d4ad4556eb4ac1e	semantic-relation:27f42a7594766a56377e38e2	INSTANCE_OR_SPECIFIC_FORM_OF	V2_CONTAINMENT_CANDIDATE_NOT_EQUIVALENCE	true
semantic-candidate:7c3c09083a02a99b937fa72c	semantic-relation:9777eede17a7a5584991d03f	INSTANCE_OR_SPECIFIC_FORM_OF	V2_CONTAINMENT_CANDIDATE_NOT_EQUIVALENCE	true
semantic-candidate:7c406c402a795eb1f11ef60e	semantic-relation:d4e51a7799410a93b2ca106e	COMPONENT_OF	COMPOUND_COMPONENT_PARSE_REQUIRES_REVIEW	true
semantic-candidate:7c4ad78035050102afe89d92	semantic-relation:18ca4ed44e6458fd99263ae4	COMPONENT_OF	COMPOUND_COMPONENT_PARSE_REQUIRES_REVIEW	true
semantic-candidate:7c4e8b81e22866829cedd525	semantic-relation:28fa31b52af81d9c2c13433e	COMPONENT_OF	COMPOUND_COMPONENT_PARSE_REQUIRES_REVIEW	true
semantic-candidate:7c872dfe6ec1d840d89a7d90	semantic-relation:b606098be736519739e7b34c	COMPONENT_OF	COMPOUND_COMPONENT_PARSE_REQUIRES_REVIEW	true
semantic-candidate:7c87e29b9607884d2f262216	semantic-relation:66c449e6357f5fd0b9e78c91	MODIFIES	MODIFIER_PARSE_REQUIRES_REVIEW	true
semantic-candidate:7c9042e012e292bdfa592a99	semantic-relation:d50aa5c96763b8d120a91c6d	COMPONENT_OF	COMPOUND_COMPONENT_PARSE_REQUIRES_REVIEW	true
semantic-candidate:7ca1a7441aecf558658bdad0	semantic-relation:ab1f3e339133d3d331a351c2	COMPONENT_OF	COMPOUND_COMPONENT_PARSE_REQUIRES_REVIEW	true
semantic-candidate:7ca65d6f2994547ef7868b27	semantic-relation:f1409e861f30160a6250c803	INSTANCE_OR_SPECIFIC_FORM_OF	V2_CONTAINMENT_CANDIDATE_NOT_EQUIVALENCE	true
semantic-candidate:7cb7fe1d40f12f1ea7e5ed03	semantic-relation:2e57cf220f0ec3cee6182785	INSTANCE_OR_SPECIFIC_FORM_OF	V2_CONTAINMENT_CANDIDATE_NOT_EQUIVALENCE	true
semantic-candidate:7cc3ccb7499cd86d6b09cbde	semantic-relation:e8547e1c8bd61a1a52030d33	COMPONENT_OF	COMPOUND_COMPONENT_PARSE_REQUIRES_REVIEW	true
semantic-candidate:7cdb357c41e216bfdaa83aa1	semantic-relation:986b297542c9fed425234d2d	INSTANCE_OR_SPECIFIC_FORM_OF	V2_CONTAINMENT_CANDIDATE_NOT_EQUIVALENCE	true
semantic-candidate:7cdb95e0eeba029cd3ffa4d0	semantic-relation:d6ac4a464268524acf9258af	INSTANCE_OR_SPECIFIC_FORM_OF	V2_CONTAINMENT_CANDIDATE_NOT_EQUIVALENCE	true
semantic-candidate:7ce23080be8bfbde60c28429	semantic-relation:8b4dfbcb94ac5f44d23c0f5a	INSTANCE_OR_SPECIFIC_FORM_OF	V2_CONTAINMENT_CANDIDATE_NOT_EQUIVALENCE	true
semantic-candidate:7cf1d04bbf13997cb920453e	semantic-relation:baef2d939d85e802ec34a5d6	INSTANCE_OR_SPECIFIC_FORM_OF	V2_CONTAINMENT_CANDIDATE_NOT_EQUIVALENCE	true
semantic-candidate:7cf1fc88073fbe098ca5bda3	semantic-relation:9d6d871eb6a3bd9fd229fc9f	COMPONENT_OF	COMPOUND_COMPONENT_PARSE_REQUIRES_REVIEW	true
semantic-candidate:7cf873f1bf79788788606fbb	semantic-relation:511329f01562db8400dbd9c3	COMPONENT_OF	COMPOUND_COMPONENT_PARSE_REQUIRES_REVIEW	true
semantic-candidate:7cf88daf507e2253dc965adf	semantic-relation:5ea861209c8d8c4d2dd57b6b	COMPONENT_OF	COMPOUND_COMPONENT_PARSE_REQUIRES_REVIEW	true
semantic-candidate:7d002b937a4656f2e3dcbfc3	semantic-relation:277b53a37486214b6e9aaa85	COMPONENT_OF	COMPOUND_COMPONENT_PARSE_REQUIRES_REVIEW	true
semantic-candidate:7d115cbe42edef6d508ceec8	semantic-relation:c93fdbce13fab3422265dbb3	INSTANCE_OR_SPECIFIC_FORM_OF	V2_CONTAINMENT_CANDIDATE_NOT_EQUIVALENCE	true
semantic-candidate:7d12b90234ce8bf403329aea	semantic-relation:41762d1b217f306dac5ad706	MODIFIES	MODIFIER_PARSE_REQUIRES_REVIEW	true
semantic-candidate:7d13f255be987b591e484e8e	semantic-relation:80cbf8423465ba62a0d321ca	COMPONENT_OF	COMPOUND_COMPONENT_PARSE_REQUIRES_REVIEW	true
semantic-candidate:7d1e78259d829d9a052e55bd	semantic-relation:9e77811166b2cc55d703c701	COMPONENT_OF	COMPOUND_COMPONENT_PARSE_REQUIRES_REVIEW	true
semantic-candidate:7d29c0ca9f20ba4ec97c792f	semantic-relation:468be03b9695ec132bdbabff	INSTANCE_OR_SPECIFIC_FORM_OF	V2_CONTAINMENT_CANDIDATE_NOT_EQUIVALENCE	true
semantic-candidate:7d3430af681bb140c1655b8d	semantic-relation:a07137673b49c78b25dc0510	COMPONENT_OF	COMPOUND_COMPONENT_PARSE_REQUIRES_REVIEW	true
semantic-candidate:7d356ed54a9884fbee5dcbf8	semantic-relation:e6d82b679ad7159e6a1f533c	COMPONENT_OF	COMPOUND_COMPONENT_PARSE_REQUIRES_REVIEW	true
semantic-candidate:7d374790068a920959ebca9b	semantic-relation:4c189139e35fc25a2aa1317e	INSTANCE_OR_SPECIFIC_FORM_OF	V2_CONTAINMENT_CANDIDATE_NOT_EQUIVALENCE	true
semantic-candidate:7d45dbb83b4d7ca41d0ae2ae	semantic-relation:ea6661e16c97436792997bc1	COMPONENT_OF	COMPOUND_COMPONENT_PARSE_REQUIRES_REVIEW	true
semantic-candidate:7d512c48b044210800c115db	semantic-relation:76536fdb8869cfadd494c475	MODIFIES	MODIFIER_PARSE_REQUIRES_REVIEW	true
semantic-candidate:7d5fb7b639f2efa11a77229a	semantic-relation:96a313ea1cb8a24dcb07de74	INSTANCE_OR_SPECIFIC_FORM_OF	V2_CONTAINMENT_CANDIDATE_NOT_EQUIVALENCE	true
semantic-candidate:7d65bfbe2225bcc19ca86401	semantic-relation:5057b48a4b3edbbf5118111c	INSTANCE_OR_SPECIFIC_FORM_OF	V2_CONTAINMENT_CANDIDATE_NOT_EQUIVALENCE	true
semantic-candidate:7d69c486d0d2c2bec21f21b4	semantic-relation:27836cc4b484e368c018d6e4	INSTANCE_OR_SPECIFIC_FORM_OF	V2_CONTAINMENT_CANDIDATE_NOT_EQUIVALENCE	true
semantic-candidate:7d7ed4e5ee10b5cdacf833de	semantic-relation:0bbc4477f4ec1dbf1fc2d8e5	INSTANCE_OR_SPECIFIC_FORM_OF	V2_CONTAINMENT_CANDIDATE_NOT_EQUIVALENCE	true
semantic-candidate:7d81b8171a520a33b043bd61	semantic-relation:4c9d7cdd62bc74c65aa02d3e	COMPONENT_OF	COMPOUND_COMPONENT_PARSE_REQUIRES_REVIEW	true
semantic-candidate:7d863d8cb44e9ccf8a0996bd	semantic-relation:2b5d4da868ba810932253437	COMPONENT_OF	COMPOUND_COMPONENT_PARSE_REQUIRES_REVIEW	true
semantic-candidate:7d8bdcc47362be1f32fbb7bd	semantic-relation:71dddc3424311642987bf840	MODIFIES	MODIFIER_PARSE_REQUIRES_REVIEW	true
semantic-candidate:7d9066cf16ab41c4f36c6aa8	semantic-relation:624ae6cb5f90bc0f6a8461d6	COMPONENT_OF	COMPOUND_COMPONENT_PARSE_REQUIRES_REVIEW	true
semantic-candidate:7da99a7e1245624306fa99f0	semantic-relation:72d035608570aecc47c17198	INSTANCE_OR_SPECIFIC_FORM_OF	V2_CONTAINMENT_CANDIDATE_NOT_EQUIVALENCE	true
semantic-candidate:7dabe92ef26c2a7998581f9e	semantic-relation:dd205eed8a432090997da154	COMPONENT_OF	COMPOUND_COMPONENT_PARSE_REQUIRES_REVIEW	true
semantic-candidate:7db26b68fd78ca413df363d2	semantic-relation:4f2c3255eedc7afd61fbeb97	COMPONENT_OF	COMPOUND_COMPONENT_PARSE_REQUIRES_REVIEW	true
semantic-candidate:7dc8178b9daeaf9307e43346	semantic-relation:8d9b9b0304dcc75da240fd23	INSTANCE_OR_SPECIFIC_FORM_OF	V2_CONTAINMENT_CANDIDATE_NOT_EQUIVALENCE	true
semantic-candidate:7ddbe05a4a16b98121ac2a16	semantic-relation:6fbb65e05d15873c6e1692b8	COMPONENT_OF	COMPOUND_COMPONENT_PARSE_REQUIRES_REVIEW	true
semantic-candidate:7ddcd85beabc6d9ba8a918f9	semantic-relation:4131623628d2748e93172e8e	INSTANCE_OR_SPECIFIC_FORM_OF	V2_CONTAINMENT_CANDIDATE_NOT_EQUIVALENCE	true
semantic-candidate:7de1b7838173181c7852294b	semantic-relation:def0e1847efa19f2f7664a99	MODIFIES	MODIFIER_PARSE_REQUIRES_REVIEW	true
semantic-candidate:7e05ba2fcd9e7ab545ad993d	semantic-relation:22e551f22942a36704104f29	INSTANCE_OR_SPECIFIC_FORM_OF	V2_CONTAINMENT_CANDIDATE_NOT_EQUIVALENCE	true
semantic-candidate:7e0cc7e2a4da0cf815cd62d2	semantic-relation:63489385b7e19ba3aeb34bec	COMPONENT_OF	COMPOUND_COMPONENT_PARSE_REQUIRES_REVIEW	true
semantic-candidate:7e16d2afe83c0659090fb4cd	semantic-relation:476614ff391c992f6ab9e66b	COMPONENT_OF	COMPOUND_COMPONENT_PARSE_REQUIRES_REVIEW	true
semantic-candidate:7e313efb984b97ca46176e7e	semantic-relation:c8121f66c243892a521a3e23	COMPONENT_OF	COMPOUND_COMPONENT_PARSE_REQUIRES_REVIEW	true
semantic-candidate:7e33c9498431e569e6696f95	semantic-relation:b8426719d86a16b8327e55f8	INSTANCE_OR_SPECIFIC_FORM_OF	V2_CONTAINMENT_CANDIDATE_NOT_EQUIVALENCE	true
semantic-candidate:7e418ad35389a78157281c18	semantic-relation:4554fe6f9a51410593af6a60	INSTANCE_OR_SPECIFIC_FORM_OF	V2_CONTAINMENT_CANDIDATE_NOT_EQUIVALENCE	true
semantic-candidate:7e5175f71e79ecf30185e963	semantic-relation:af3429d72c454924454179d1	INSTANCE_OR_SPECIFIC_FORM_OF	V2_CONTAINMENT_CANDIDATE_NOT_EQUIVALENCE	true
semantic-candidate:7e541b53774e038a195cb274	semantic-relation:d7fa65073e80a9f33d346582	COMPONENT_OF	COMPOUND_COMPONENT_PARSE_REQUIRES_REVIEW	true
semantic-candidate:7e5dad0e3dfdb0beeb89616b	semantic-relation:75abd223e7b2b1c24851d033	MODIFIES	MODIFIER_PARSE_REQUIRES_REVIEW	true
semantic-candidate:7e6112626223d28598c92c5a	semantic-relation:5db3bf393f4c4f8e2ef8777a	INSTANCE_OR_SPECIFIC_FORM_OF	V2_CONTAINMENT_CANDIDATE_NOT_EQUIVALENCE	true
semantic-candidate:7e7625ea1e12d5a2d5aaf1b2	semantic-relation:a293cfe9a5f27fb74903d81c	INSTANCE_OR_SPECIFIC_FORM_OF	V2_CONTAINMENT_CANDIDATE_NOT_EQUIVALENCE	true
semantic-candidate:7e815aec057cb42e147fc7fa	semantic-relation:45f751035cf04883d11100bd	COMPONENT_OF	COMPOUND_COMPONENT_PARSE_REQUIRES_REVIEW	true
semantic-candidate:7e92e2e12a8eea4db90090ab	semantic-relation:c5f91aa4d79eb1920fe0b79e	COMPONENT_OF	COMPOUND_COMPONENT_PARSE_REQUIRES_REVIEW	true
semantic-candidate:7e973e2867998c247170220b	semantic-relation:e09af48f4c94eb603a357a42	INSTANCE_OR_SPECIFIC_FORM_OF	V2_CONTAINMENT_CANDIDATE_NOT_EQUIVALENCE	true
semantic-candidate:7e9ad68333335c407bb28ce7	semantic-relation:328a82f2870a2ebcc5414486	COMPONENT_OF	COMPOUND_COMPONENT_PARSE_REQUIRES_REVIEW	true
semantic-candidate:7e9c0ac078d3f66307e50080	semantic-relation:2d92bd8c45ac7fce00fd5ee2	INSTANCE_OR_SPECIFIC_FORM_OF	V2_CONTAINMENT_CANDIDATE_NOT_EQUIVALENCE	true
semantic-candidate:7ea3feea3e607142ee7b0145	semantic-relation:876ce25343a348629d58fb59	INSTANCE_OR_SPECIFIC_FORM_OF	V2_CONTAINMENT_CANDIDATE_NOT_EQUIVALENCE	true
semantic-candidate:7ebff55dd0445d744a6af020	semantic-relation:21f85a434e40c01e7392a8a5	COMPONENT_OF	COMPOUND_COMPONENT_PARSE_REQUIRES_REVIEW	true
semantic-candidate:7ed4b3f47cb297ab55db4315	semantic-relation:520660c7b5eb9f412d8a3ca6	INSTANCE_OR_SPECIFIC_FORM_OF	V2_CONTAINMENT_CANDIDATE_NOT_EQUIVALENCE	true
semantic-candidate:7efc129c4795c55f585aa544	semantic-relation:6902ee74a0eb7231797a9660	COMPONENT_OF	COMPOUND_COMPONENT_PARSE_REQUIRES_REVIEW	true
semantic-candidate:7f3e86e10bd78e3d612885e4	semantic-relation:1da18d5309d92f5dd690b80e	INSTANCE_OR_SPECIFIC_FORM_OF	V2_CONTAINMENT_CANDIDATE_NOT_EQUIVALENCE	true
semantic-candidate:7f41fb719a2a31dcc7a6d14f	semantic-relation:fc449754816a16015aa7f98a	MODIFIES	MODIFIER_PARSE_REQUIRES_REVIEW	true
semantic-candidate:7f4d9d479f7fdd0e62d55193	semantic-relation:6fa3e9933378433517d2f266	COMPONENT_OF	COMPOUND_COMPONENT_PARSE_REQUIRES_REVIEW	true
semantic-candidate:7f66e6fb2df7121a809f4162	semantic-relation:84f1330af4c188594044b713	COMPONENT_OF	COMPOUND_COMPONENT_PARSE_REQUIRES_REVIEW	true
semantic-candidate:7f6a555a27003e54c921c664	semantic-relation:21229e14c0dc1754efa72a58	INSTANCE_OR_SPECIFIC_FORM_OF	V2_CONTAINMENT_CANDIDATE_NOT_EQUIVALENCE	true
semantic-candidate:7f8b95a8c21ed83dae40fd53	semantic-relation:1a0e98307ca4bed9ddb5d90b	INSTANCE_OR_SPECIFIC_FORM_OF	V2_CONTAINMENT_CANDIDATE_NOT_EQUIVALENCE	true
semantic-candidate:7fc0ccb7bcd46cb5667101bc	semantic-relation:4d58d637239a0c91312ceccf	MODIFIES	MODIFIER_PARSE_REQUIRES_REVIEW	true
semantic-candidate:7fcc793bf51e8db26efd12b5	semantic-relation:1e729444b4bf58f1bdcd55a7	INSTANCE_OR_SPECIFIC_FORM_OF	V2_CONTAINMENT_CANDIDATE_NOT_EQUIVALENCE	true
semantic-candidate:7fd7b337a2f211543d63df4e	semantic-relation:eda31d1baa7233adfa338a97	COMPONENT_OF	COMPOUND_COMPONENT_PARSE_REQUIRES_REVIEW	true
semantic-candidate:7fd834d57f8896273635fc34	semantic-relation:4d1324cccbf1a3fea7127d80	INSTANCE_OR_SPECIFIC_FORM_OF	V2_CONTAINMENT_CANDIDATE_NOT_EQUIVALENCE	true
semantic-candidate:7ff0550e713b395ad795a1c3	semantic-relation:d9cbd331867dcfce21e3e2dc	COMPONENT_OF	COMPOUND_COMPONENT_PARSE_REQUIRES_REVIEW	true
semantic-candidate:7ffad76e93e448638d4e2740	semantic-relation:ba07719a0282b4d08839d7ec	INSTANCE_OR_SPECIFIC_FORM_OF	V2_CONTAINMENT_CANDIDATE_NOT_EQUIVALENCE	true
semantic-candidate:8012d6aaad89935367eeb660	semantic-relation:9d3bea2f1692adee64d81de9	INSTANCE_OR_SPECIFIC_FORM_OF	V2_CONTAINMENT_CANDIDATE_NOT_EQUIVALENCE	true
semantic-candidate:801940751cbb502668832be5	semantic-relation:e564e13fb2a0f8d38bbd0846	COMPONENT_OF	COMPOUND_COMPONENT_PARSE_REQUIRES_REVIEW	true
semantic-candidate:802aabc31f8f2f70e9b75cbc	semantic-relation:54de7d71ec7c201f480fa45b	COMPONENT_OF	COMPOUND_COMPONENT_PARSE_REQUIRES_REVIEW	true
semantic-candidate:8034991aea38ad14dc88be5b	semantic-relation:fbaf73ad72ae8ffcd3f2cbea	INSTANCE_OR_SPECIFIC_FORM_OF	V2_CONTAINMENT_CANDIDATE_NOT_EQUIVALENCE	true
semantic-candidate:803e188ae938c3267b2242df	semantic-relation:a586e0045a20314adc139523	COMPONENT_OF	COMPOUND_COMPONENT_PARSE_REQUIRES_REVIEW	true
semantic-candidate:803f55192965cf4ca0a90a5e	semantic-relation:ee509126aafb4ad37df79d22	INSTANCE_OR_SPECIFIC_FORM_OF	V2_CONTAINMENT_CANDIDATE_NOT_EQUIVALENCE	true
semantic-candidate:804748149c3904b6a5a41175	semantic-relation:1ea3e5e82caaf626fceff453	COMPONENT_OF	COMPOUND_COMPONENT_PARSE_REQUIRES_REVIEW	true
semantic-candidate:805a57ebb90f924e900b3315	semantic-relation:df09edeb50f74083890b8846	COMPONENT_OF	COMPOUND_COMPONENT_PARSE_REQUIRES_REVIEW	true
semantic-candidate:805f07d5a64ba310846f387a	semantic-relation:8fd71c7657f857d4904f4f68	COMPONENT_OF	COMPOUND_COMPONENT_PARSE_REQUIRES_REVIEW	true
semantic-candidate:80662ea38d52958ea0cdc943	semantic-relation:4d9ec7da198d2ce7e85ede22	INSTANCE_OR_SPECIFIC_FORM_OF	V2_CONTAINMENT_CANDIDATE_NOT_EQUIVALENCE	true
semantic-candidate:806b76eb9e5b9cc9b59a0fa6	semantic-relation:2e7474d08a8dee4288d962bf	COMPONENT_OF	COMPOUND_COMPONENT_PARSE_REQUIRES_REVIEW	true
semantic-candidate:806c33431e5168ea92d33ab9	semantic-relation:527cce05c8a33fedbefd5215	INSTANCE_OR_SPECIFIC_FORM_OF	V2_CONTAINMENT_CANDIDATE_NOT_EQUIVALENCE	true
semantic-candidate:80998d0f3da25c7dfb970d27	semantic-relation:c7c75ee627bef5da6b9f5501	COMPONENT_OF	COMPOUND_COMPONENT_PARSE_REQUIRES_REVIEW	true
semantic-candidate:80a2561eb483379d1101be73	semantic-relation:451ca535764d12711c6df380	COMPONENT_OF	COMPOUND_COMPONENT_PARSE_REQUIRES_REVIEW	true
semantic-candidate:80ea07f2938a691532f74058	semantic-relation:23650a6e1ef2a96d4de0cb9a	INSTANCE_OR_SPECIFIC_FORM_OF	V2_CONTAINMENT_CANDIDATE_NOT_EQUIVALENCE	true
semantic-candidate:80f0599b49c7ccbaebd5a69c	semantic-relation:e31920d3f8dd619fe82664fa	COMPONENT_OF	COMPOUND_COMPONENT_PARSE_REQUIRES_REVIEW	true
semantic-candidate:80f464202414e2499f87a44c	semantic-relation:09c853a4257d97b08dea32fb	COMPONENT_OF	COMPOUND_COMPONENT_PARSE_REQUIRES_REVIEW	true
semantic-candidate:80f7402ee537a1a9b49a49aa	semantic-relation:aa6fd2f9d3c73e7e51dd8dd2	COMPONENT_OF	COMPOUND_COMPONENT_PARSE_REQUIRES_REVIEW	true
semantic-candidate:81444ccbe67b3460a228bfc7	semantic-relation:7fc4b28a66e7248415ba373d	COMPONENT_OF	COMPOUND_COMPONENT_PARSE_REQUIRES_REVIEW	true
semantic-candidate:815802063a433a8e07126f88	semantic-relation:57e6169db73ef27b9463b114	INSTANCE_OR_SPECIFIC_FORM_OF	V2_CONTAINMENT_CANDIDATE_NOT_EQUIVALENCE	true
semantic-candidate:8168ee97f3f2661ddbb303cc	semantic-relation:162e2ee11e8c6cfa8089c305	INSTANCE_OR_SPECIFIC_FORM_OF	V2_CONTAINMENT_CANDIDATE_NOT_EQUIVALENCE	true
semantic-candidate:81690899d26a8cb0adcf3907	semantic-relation:e02e5d9827af0ed50db79bd3	INSTANCE_OR_SPECIFIC_FORM_OF	V2_CONTAINMENT_CANDIDATE_NOT_EQUIVALENCE	true
semantic-candidate:8178852e0cbf42a4074f3e1a	semantic-relation:841d3a551d397b5c303187b5	COMPONENT_OF	COMPOUND_COMPONENT_PARSE_REQUIRES_REVIEW	true
semantic-candidate:818564df3a76171d59aa57da	semantic-relation:bf51089c5c588a7a18219371	INSTANCE_OR_SPECIFIC_FORM_OF	V2_CONTAINMENT_CANDIDATE_NOT_EQUIVALENCE	true
semantic-candidate:8186ce829258e91346d92386	semantic-relation:b12a75b5ad2917b725ac3754	INSTANCE_OR_SPECIFIC_FORM_OF	V2_CONTAINMENT_CANDIDATE_NOT_EQUIVALENCE	true
semantic-candidate:818743b2d8d20d81ef6bfc1f	semantic-relation:34c1600d6be6bfa95555c2f2	INSTANCE_OR_SPECIFIC_FORM_OF	V2_CONTAINMENT_CANDIDATE_NOT_EQUIVALENCE	true
semantic-candidate:8199589c0378830d814463c0	semantic-relation:3c8e5f1008ad9c01c15cb7db	MODIFIES	MODIFIER_PARSE_REQUIRES_REVIEW	true
semantic-candidate:8199f133c90882efb3b587a0	semantic-relation:26b29d9a6e7630ad4c9e9913	INSTANCE_OR_SPECIFIC_FORM_OF	V2_CONTAINMENT_CANDIDATE_NOT_EQUIVALENCE	true
semantic-candidate:819c6dd5e66e44730be22ae9	semantic-relation:8839ee5b6576882de3d91b6b	COMPONENT_OF	COMPOUND_COMPONENT_PARSE_REQUIRES_REVIEW	true
semantic-candidate:81a2895685548bb173fac3e1	semantic-relation:f204cb9e7a06c0a6a5019c18	COMPONENT_OF	COMPOUND_COMPONENT_PARSE_REQUIRES_REVIEW	true
semantic-candidate:81b2cae7950815ccc21ad8d3	semantic-relation:4c583f55424f05bd29ef4d84	COMPONENT_OF	COMPOUND_COMPONENT_PARSE_REQUIRES_REVIEW	true
semantic-candidate:81bc2f2fa88fd3bcb0b12f0a	semantic-relation:65d7c774c056f79a992065b0	COMPONENT_OF	COMPOUND_COMPONENT_PARSE_REQUIRES_REVIEW	true
semantic-candidate:81c3f369b7eadc53f4e3e200	semantic-relation:9b1a966c20e1fb71bc9732f6	INSTANCE_OR_SPECIFIC_FORM_OF	V2_CONTAINMENT_CANDIDATE_NOT_EQUIVALENCE	true
semantic-candidate:81c701e07a3efe1f5756c180	semantic-relation:65dedee499148b5918f4b6d5	COMPONENT_OF	COMPOUND_COMPONENT_PARSE_REQUIRES_REVIEW	true
semantic-candidate:81cb9c24486493495bc0efae	semantic-relation:74148bba1a27ab057de4e135	COMPONENT_OF	COMPOUND_COMPONENT_PARSE_REQUIRES_REVIEW	true
semantic-candidate:81d0b4fd1622f1e72b0056ed	semantic-relation:40a0a6f1a2868b424a72bf0f	MODIFIES	MODIFIER_PARSE_REQUIRES_REVIEW	true
semantic-candidate:81d745a322a02e649cb5bb3c	semantic-relation:976620a0211a15a883946fbc	MODIFIES	MODIFIER_PARSE_REQUIRES_REVIEW	true
semantic-candidate:820f6b8983ca2a669774d576	semantic-relation:f782ba9b273e9d003590be26	COMPONENT_OF	COMPOUND_COMPONENT_PARSE_REQUIRES_REVIEW	true
semantic-candidate:822fefb2ec077134c8490dcb	semantic-relation:9b04e70cfb9812e8fed57c03	INSTANCE_OR_SPECIFIC_FORM_OF	V2_CONTAINMENT_CANDIDATE_NOT_EQUIVALENCE	true
semantic-candidate:824abd2724624c4573e5b677	semantic-relation:d4662534073853e6cea3ad1b	INSTANCE_OR_SPECIFIC_FORM_OF	V2_CONTAINMENT_CANDIDATE_NOT_EQUIVALENCE	true
semantic-candidate:8253a0b82240843b4b7afaa1	semantic-relation:ac3837864d93fad014e4980b	INSTANCE_OR_SPECIFIC_FORM_OF	V2_CONTAINMENT_CANDIDATE_NOT_EQUIVALENCE	true
semantic-candidate:827dcc38b4c0258737a2e444	semantic-relation:1b3f4e36380138da5830d11d	MODIFIES	MODIFIER_PARSE_REQUIRES_REVIEW	true
semantic-candidate:827e399a2f16e842ebd7f208	semantic-relation:8ab85e1ab6256e32ca8f3c18	COMPONENT_OF	COMPOUND_COMPONENT_PARSE_REQUIRES_REVIEW	true
semantic-candidate:8281a7575f1a8dbba5f29c1b	semantic-relation:4856ffd16c6187cf3631d87d	INSTANCE_OR_SPECIFIC_FORM_OF	V2_CONTAINMENT_CANDIDATE_NOT_EQUIVALENCE	true
semantic-candidate:82918197dbbe07750f54a38d	semantic-relation:7dacc9e364cc0f748bd9bcc9	INSTANCE_OR_SPECIFIC_FORM_OF	V2_CONTAINMENT_CANDIDATE_NOT_EQUIVALENCE	true
semantic-candidate:8297758cf3c83639c3eea8f6	semantic-relation:40cb783c9489230af574f0e1	INSTANCE_OR_SPECIFIC_FORM_OF	V2_CONTAINMENT_CANDIDATE_NOT_EQUIVALENCE	true
semantic-candidate:8298af53702cb91f6f1d4f07	semantic-relation:7d311509792f01b813829815	INSTANCE_OR_SPECIFIC_FORM_OF	V2_CONTAINMENT_CANDIDATE_NOT_EQUIVALENCE	true
semantic-candidate:82a5c44e7aa20aab91bd47a8	semantic-relation:7d592773a99fc63821b302c7	COMPONENT_OF	COMPOUND_COMPONENT_PARSE_REQUIRES_REVIEW	true
semantic-candidate:82aa5bedc9c5a00143f77714	semantic-relation:74143de38d1f497746ba3ebf	MODIFIES	MODIFIER_PARSE_REQUIRES_REVIEW	true
semantic-candidate:82bc97a7b090ac1362cda942	semantic-relation:f77b9828a1df2855e174a16a	COMPONENT_OF	COMPOUND_COMPONENT_PARSE_REQUIRES_REVIEW	true
semantic-candidate:82bd2bd23458f5ea8d2241d3	semantic-relation:e97acb594d25923f8fbd4ae6	INSTANCE_OR_SPECIFIC_FORM_OF	V2_CONTAINMENT_CANDIDATE_NOT_EQUIVALENCE	true
semantic-candidate:82c118db655ac818e1b2b40b	semantic-relation:f56b7d08ec34a57f564800b8	INSTANCE_OR_SPECIFIC_FORM_OF	V2_CONTAINMENT_CANDIDATE_NOT_EQUIVALENCE	true
semantic-candidate:82c908ed4b13ee8ec738c133	semantic-relation:ee7e762379fd0af68e9c6b18	COMPONENT_OF	COMPOUND_COMPONENT_PARSE_REQUIRES_REVIEW	true
semantic-candidate:82cf02c2a53065a861c7fbde	semantic-relation:faf54127932f51b90c4df424	INSTANCE_OR_SPECIFIC_FORM_OF	V2_CONTAINMENT_CANDIDATE_NOT_EQUIVALENCE	true
semantic-candidate:82d30023182c96500a127dff	semantic-relation:54017b05f5a0568b107d0ff7	COMPONENT_OF	COMPOUND_COMPONENT_PARSE_REQUIRES_REVIEW	true
semantic-candidate:82dceffd65fc89b8d10727ad	semantic-relation:a59e7814f5b9c6ac511ad0d4	COMPONENT_OF	COMPOUND_COMPONENT_PARSE_REQUIRES_REVIEW	true
semantic-candidate:82e0451b983fc859c2dc3d5a	semantic-relation:38106507a1b9a0dcfafa2ebd	INSTANCE_OR_SPECIFIC_FORM_OF	V2_CONTAINMENT_CANDIDATE_NOT_EQUIVALENCE	true
semantic-candidate:82e0de8521f5f2ee82e075c6	semantic-relation:3f32332f2a0761d625201c37	MODIFIES	MODIFIER_PARSE_REQUIRES_REVIEW	true
semantic-candidate:82e1791f9d7751aae4eb9c57	semantic-relation:0d12d8143b2d898b89d9143a	INSTANCE_OR_SPECIFIC_FORM_OF	V2_CONTAINMENT_CANDIDATE_NOT_EQUIVALENCE	true
semantic-candidate:82e4f247778d178720626dc3	semantic-relation:290aa77a4b3776ec9cfe0968	INSTANCE_OR_SPECIFIC_FORM_OF	V2_CONTAINMENT_CANDIDATE_NOT_EQUIVALENCE	true
semantic-candidate:82f28d56e90096664fd843e6	semantic-relation:59d6f6dd0fb32b5f19e51a18	INSTANCE_OR_SPECIFIC_FORM_OF	V2_CONTAINMENT_CANDIDATE_NOT_EQUIVALENCE	true
semantic-candidate:82fcda9f24389235a4071c24	semantic-relation:dba0c47546b2f07dd649f646	INSTANCE_OR_SPECIFIC_FORM_OF	V2_CONTAINMENT_CANDIDATE_NOT_EQUIVALENCE	true
semantic-candidate:82feb4db7b1e1db4bafafac6	semantic-relation:811474067abc788f5d31b5c1	COMPONENT_OF	COMPOUND_COMPONENT_PARSE_REQUIRES_REVIEW	true
semantic-candidate:831dc9bf815a00f6a722ac3f	semantic-relation:48dcea9b47e6d581ff8ef23c	MODIFIES	MODIFIER_PARSE_REQUIRES_REVIEW	true
semantic-candidate:8326a026d4004bab6fd4fc5d	semantic-relation:12fd48c055f12d1d779988a6	COMPONENT_OF	COMPOUND_COMPONENT_PARSE_REQUIRES_REVIEW	true
semantic-candidate:8344a2f8dbd5bde24e72b197	semantic-relation:f5e3e40c64f1347e6ba8956d	INSTANCE_OR_SPECIFIC_FORM_OF	V2_CONTAINMENT_CANDIDATE_NOT_EQUIVALENCE	true
semantic-candidate:8351e7923e9e76fb291a7a8f	semantic-relation:721940b927d38ec267b98571	INSTANCE_OR_SPECIFIC_FORM_OF	V2_CONTAINMENT_CANDIDATE_NOT_EQUIVALENCE	true
semantic-candidate:8353c461fb8d1398470353f6	semantic-relation:79eb184e82e7a015135e705f	INSTANCE_OR_SPECIFIC_FORM_OF	V2_CONTAINMENT_CANDIDATE_NOT_EQUIVALENCE	true
semantic-candidate:8355a569bb9a6c621537f65e	semantic-relation:cb75070f629016856ee96b68	MODIFIES	MODIFIER_PARSE_REQUIRES_REVIEW	true
semantic-candidate:83622eac714d103c44a0286b	semantic-relation:653bd082f2e0545b963741e5	INSTANCE_OR_SPECIFIC_FORM_OF	V2_CONTAINMENT_CANDIDATE_NOT_EQUIVALENCE	true
semantic-candidate:8363a42be96158c84a4d5f9e	semantic-relation:f65480824b237b73514c5f26	INSTANCE_OR_SPECIFIC_FORM_OF	V2_CONTAINMENT_CANDIDATE_NOT_EQUIVALENCE	true
semantic-candidate:83649e81f5052b7b2977c51d	semantic-relation:abf7d5f5afe689b859008b1d	COMPONENT_OF	COMPOUND_COMPONENT_PARSE_REQUIRES_REVIEW	true
semantic-candidate:836bb6740517262ad722396a	semantic-relation:b018108c79291494801e769f	COMPONENT_OF	COMPOUND_COMPONENT_PARSE_REQUIRES_REVIEW	true
semantic-candidate:837cf765155e1e33b264f675	semantic-relation:cddb72673d4b3c27642126eb	INSTANCE_OR_SPECIFIC_FORM_OF	V2_CONTAINMENT_CANDIDATE_NOT_EQUIVALENCE	true
semantic-candidate:839f88d48ea99ad7036c6ce5	semantic-relation:bd18f307ff71ba23babd0d8f	COMPONENT_OF	COMPOUND_COMPONENT_PARSE_REQUIRES_REVIEW	true
semantic-candidate:83cb7ccf2460f556155c121c	semantic-relation:f4c3901f14e943e56744c755	COMPONENT_OF	COMPOUND_COMPONENT_PARSE_REQUIRES_REVIEW	true
semantic-candidate:83d85706153b8c49cd14b296	semantic-relation:22e1f10dacdc454a2094a150	COMPONENT_OF	COMPOUND_COMPONENT_PARSE_REQUIRES_REVIEW	true
semantic-candidate:83efbd7701e50ad6dd33d271	semantic-relation:a0854fa32e84966272a4464b	MODIFIES	MODIFIER_PARSE_REQUIRES_REVIEW	true
semantic-candidate:8402e97a7b5c1e31d81e1193	semantic-relation:3a613575f6e36b55d01d1932	INSTANCE_OR_SPECIFIC_FORM_OF	V2_CONTAINMENT_CANDIDATE_NOT_EQUIVALENCE	true
semantic-candidate:8408b713cf686a8e2c02bc77	semantic-relation:c53edf64f608ae251ff8e5fb	COMPONENT_OF	COMPOUND_COMPONENT_PARSE_REQUIRES_REVIEW	true
semantic-candidate:84101fb04a2ec32e90e4c655	semantic-relation:509bcfd661ff0bce246fe402	COMPONENT_OF	COMPOUND_COMPONENT_PARSE_REQUIRES_REVIEW	true
semantic-candidate:84272054d981675ac5bd2101	semantic-relation:30566325eb67e1827e1d258c	COMPONENT_OF	COMPOUND_COMPONENT_PARSE_REQUIRES_REVIEW	true
semantic-candidate:84597fe8a9ecfd4fa06eaa89	semantic-relation:cb7be07ff0c8400296b88070	COMPONENT_OF	COMPOUND_COMPONENT_PARSE_REQUIRES_REVIEW	true
semantic-candidate:845990a9a1e15407b5d20573	semantic-relation:e1dd2750554a09bb05871e6c	INSTANCE_OR_SPECIFIC_FORM_OF	V2_CONTAINMENT_CANDIDATE_NOT_EQUIVALENCE	true
semantic-candidate:8467cc6640d3ae74e21c5f87	semantic-relation:357d2ecab1ffa49b4261c45b	INSTANCE_OR_SPECIFIC_FORM_OF	V2_CONTAINMENT_CANDIDATE_NOT_EQUIVALENCE	true
semantic-candidate:84842f238ef441d4c1aac05c	semantic-relation:4d2ee1745eec91d08afb607b	INSTANCE_OR_SPECIFIC_FORM_OF	V2_CONTAINMENT_CANDIDATE_NOT_EQUIVALENCE	true
semantic-candidate:849532ca5da28bbfc2f80700	semantic-relation:add7776a6b102ef77238250d	INSTANCE_OR_SPECIFIC_FORM_OF	V2_CONTAINMENT_CANDIDATE_NOT_EQUIVALENCE	true
semantic-candidate:84b655dfd44126935e0f11b6	semantic-relation:d647cf7a94869fef2ba4f866	COMPONENT_OF	COMPOUND_COMPONENT_PARSE_REQUIRES_REVIEW	true
semantic-candidate:84db7b54091bd8e3f35ef78a	semantic-relation:58f00de3dbcf851711f98f56	COMPONENT_OF	COMPOUND_COMPONENT_PARSE_REQUIRES_REVIEW	true
semantic-candidate:84e1198c3e1c0baab68f9cef	semantic-relation:745ff4ed84a26240271308fb	INSTANCE_OR_SPECIFIC_FORM_OF	V2_CONTAINMENT_CANDIDATE_NOT_EQUIVALENCE	true
semantic-candidate:84ecef6dec3d9f2bd3f55aab	semantic-relation:88c71f56ff53c032e0c7f355	INSTANCE_OR_SPECIFIC_FORM_OF	V2_CONTAINMENT_CANDIDATE_NOT_EQUIVALENCE	true
semantic-candidate:84f5e9a11841e71e2e02766b	semantic-relation:dbc26095cdbde1eb9fd863bf	COMPONENT_OF	COMPOUND_COMPONENT_PARSE_REQUIRES_REVIEW	true
semantic-candidate:84f749b8466f45a6a0f0696a	semantic-relation:bdea0f8d67fddc57ae0409c8	COMPONENT_OF	COMPOUND_COMPONENT_PARSE_REQUIRES_REVIEW	true
semantic-candidate:84fad8979e1e7c1f1d9010c9	semantic-relation:6bfc5fda0a8c9d957b89aa02	COMPONENT_OF	COMPOUND_COMPONENT_PARSE_REQUIRES_REVIEW	true
semantic-candidate:850f972f5f12f83705bb3d70	semantic-relation:574e07d7e592eb19b10bcf0d	INSTANCE_OR_SPECIFIC_FORM_OF	V2_CONTAINMENT_CANDIDATE_NOT_EQUIVALENCE	true
semantic-candidate:8511690b02150d6704b9c2bc	semantic-relation:4afd77bf5708b2302c9fc841	INSTANCE_OR_SPECIFIC_FORM_OF	V2_CONTAINMENT_CANDIDATE_NOT_EQUIVALENCE	true
semantic-candidate:8519384f6380b5b8335d10ff	semantic-relation:d083a55b8145d3ff18df8069	INSTANCE_OR_SPECIFIC_FORM_OF	V2_CONTAINMENT_CANDIDATE_NOT_EQUIVALENCE	true
semantic-candidate:851ca68e856bfdccf4795b31	semantic-relation:8c14b3e9deda6969644e348a	COMPONENT_OF	COMPOUND_COMPONENT_PARSE_REQUIRES_REVIEW	true
semantic-candidate:8539e875571226acf33fdbe2	semantic-relation:ca0863ddd56e8ebbb4d91064	COMPONENT_OF	COMPOUND_COMPONENT_PARSE_REQUIRES_REVIEW	true
semantic-candidate:853c861b50465a2d1ddbf0b6	semantic-relation:5723d818beef7d670abb9695	COMPONENT_OF	COMPOUND_COMPONENT_PARSE_REQUIRES_REVIEW	true
semantic-candidate:853fce1f41928a4e1629c903	semantic-relation:3b6f95468132f48456056b5e	INSTANCE_OR_SPECIFIC_FORM_OF	V2_CONTAINMENT_CANDIDATE_NOT_EQUIVALENCE	true
semantic-candidate:8540a025dcc88ed905f5ae76	semantic-relation:585761f393ad08a0bc8b7441	INSTANCE_OR_SPECIFIC_FORM_OF	V2_CONTAINMENT_CANDIDATE_NOT_EQUIVALENCE	true
semantic-candidate:8544e4ffbacfd2cf56615488	semantic-relation:56e5c152dab3aca78fb55a91	INSTANCE_OR_SPECIFIC_FORM_OF	V2_CONTAINMENT_CANDIDATE_NOT_EQUIVALENCE	true
semantic-candidate:854e140454b03620368102fc	semantic-relation:e1e3c1953d0fd57619d07994	COMPONENT_OF	COMPOUND_COMPONENT_PARSE_REQUIRES_REVIEW	true
semantic-candidate:855944638681772991324876	semantic-relation:506aec546bdf7961a081f6c3	INSTANCE_OR_SPECIFIC_FORM_OF	V2_CONTAINMENT_CANDIDATE_NOT_EQUIVALENCE	true
semantic-candidate:856dd2a6426835fc0ca2d077	semantic-relation:72aaaedb33e9062ec3643841	COMPONENT_OF	COMPOUND_COMPONENT_PARSE_REQUIRES_REVIEW	true
semantic-candidate:857128eb228567250b6a29ea	semantic-relation:0f2814ea80ac1a95c0722bf8	COMPONENT_OF	COMPOUND_COMPONENT_PARSE_REQUIRES_REVIEW	true
semantic-candidate:858682708eef7d5bc3c9f0c9	semantic-relation:04c4d05853023b380585bfbd	INSTANCE_OR_SPECIFIC_FORM_OF	V2_CONTAINMENT_CANDIDATE_NOT_EQUIVALENCE	true
semantic-candidate:8596b2e195ade69981d66da8	semantic-relation:7c5f1b6335dfa71abd427ce5	COMPONENT_OF	COMPOUND_COMPONENT_PARSE_REQUIRES_REVIEW	true
semantic-candidate:8596e6e6b30c9ebcf1399823	semantic-relation:c4af6590701252cf7d54f4f4	INSTANCE_OR_SPECIFIC_FORM_OF	V2_CONTAINMENT_CANDIDATE_NOT_EQUIVALENCE	true
semantic-candidate:85ab445afd525fde4eb85c2d	semantic-relation:15cab0cdf8959949c83dde96	INSTANCE_OR_SPECIFIC_FORM_OF	V2_CONTAINMENT_CANDIDATE_NOT_EQUIVALENCE	true
semantic-candidate:85e9ea6b86c84a6aa63cd797	semantic-relation:056ab010666bad3fe53fb04c	INSTANCE_OR_SPECIFIC_FORM_OF	V2_CONTAINMENT_CANDIDATE_NOT_EQUIVALENCE	true
semantic-candidate:85f0a4a58bfb516322d35845	semantic-relation:dcaf3cb592aa8858e9770199	COMPONENT_OF	COMPOUND_COMPONENT_PARSE_REQUIRES_REVIEW	true
semantic-candidate:85f2f1d5c6af97507b3a64d0	semantic-relation:14dd893ef15312f3d3edfd37	INSTANCE_OR_SPECIFIC_FORM_OF	V2_CONTAINMENT_CANDIDATE_NOT_EQUIVALENCE	true
semantic-candidate:860866c6e6018eb00139c0db	semantic-relation:4aae84a037972d7179053f7d	INSTANCE_OR_SPECIFIC_FORM_OF	V2_CONTAINMENT_CANDIDATE_NOT_EQUIVALENCE	true
semantic-candidate:862a05549ebd483a23bdc4bb	semantic-relation:5ede285bdaf0ce6f2ebe087b	INSTANCE_OR_SPECIFIC_FORM_OF	V2_CONTAINMENT_CANDIDATE_NOT_EQUIVALENCE	true
semantic-candidate:863e022d80caf80287e16e59	semantic-relation:b7313a439d04ca9cb2611ded	MODIFIES	MODIFIER_PARSE_REQUIRES_REVIEW	true
semantic-candidate:8660cbf2957cd132e9a251b4	semantic-relation:a38cc97bf1c972285d05f001	INSTANCE_OR_SPECIFIC_FORM_OF	V2_CONTAINMENT_CANDIDATE_NOT_EQUIVALENCE	true
semantic-candidate:86750ea7878d2c8b2144d686	semantic-relation:46079f48adee56b0890e0894	INSTANCE_OR_SPECIFIC_FORM_OF	V2_CONTAINMENT_CANDIDATE_NOT_EQUIVALENCE	true
semantic-candidate:8680b9117cf7fe499cb285da	semantic-relation:e0b05b70378ede876af4884e	INSTANCE_OR_SPECIFIC_FORM_OF	V2_CONTAINMENT_CANDIDATE_NOT_EQUIVALENCE	true
semantic-candidate:869af43affda8f1ff99f073d	semantic-relation:93aca4d9a6227508878184b9	COMPONENT_OF	COMPOUND_COMPONENT_PARSE_REQUIRES_REVIEW	true
semantic-candidate:869ec000a4139bfe90899b38	semantic-relation:9d0798b2fc792c565619db79	COMPONENT_OF	COMPOUND_COMPONENT_PARSE_REQUIRES_REVIEW	true
semantic-candidate:86b996a0bb32a228ef1cf219	semantic-relation:d35da63e8a1bad5f60da22be	INSTANCE_OR_SPECIFIC_FORM_OF	V2_CONTAINMENT_CANDIDATE_NOT_EQUIVALENCE	true
semantic-candidate:86cc27a609251522fd931910	semantic-relation:4cff7c07709c1850a7e8e3db	MODIFIES	MODIFIER_PARSE_REQUIRES_REVIEW	true
semantic-candidate:86e831cd4ae98b51aea0bdf9	semantic-relation:11672feedf0a51bbf9aa9746	INSTANCE_OR_SPECIFIC_FORM_OF	V2_CONTAINMENT_CANDIDATE_NOT_EQUIVALENCE	true
semantic-candidate:8712202eb0f60af3d6981fde	semantic-relation:04243d81bbeee7ea46d47c0a	INSTANCE_OR_SPECIFIC_FORM_OF	V2_CONTAINMENT_CANDIDATE_NOT_EQUIVALENCE	true
semantic-candidate:871576f19dcc5f0db8a8803a	semantic-relation:ac1e3d89e3cea8665a909b5a	COMPONENT_OF	COMPOUND_COMPONENT_PARSE_REQUIRES_REVIEW	true
semantic-candidate:87210af614d0e7abad13fd8f	semantic-relation:ff8ddb78978ed0d6978daaa2	COMPONENT_OF	COMPOUND_COMPONENT_PARSE_REQUIRES_REVIEW	true
semantic-candidate:872bd333a9f571ceaa414038	semantic-relation:7532dcc6333440bb95e96824	INSTANCE_OR_SPECIFIC_FORM_OF	V2_CONTAINMENT_CANDIDATE_NOT_EQUIVALENCE	true
semantic-candidate:873efebedce45a6862c56fcb	semantic-relation:4e84fa2ddfdee01a12e9aa28	COMPONENT_OF	COMPOUND_COMPONENT_PARSE_REQUIRES_REVIEW	true
semantic-candidate:8754edf4af473ea3006db8ba	semantic-relation:c64e83b111bce00166d88312	COMPONENT_OF	COMPOUND_COMPONENT_PARSE_REQUIRES_REVIEW	true
semantic-candidate:875c041e43bc4c71ca6b723c	semantic-relation:cca40f28218ea3f2f9d653f8	INSTANCE_OR_SPECIFIC_FORM_OF	V2_CONTAINMENT_CANDIDATE_NOT_EQUIVALENCE	true
semantic-candidate:875f2830eab4bf5f04c2b40b	semantic-relation:e155e68e6d75cf098978e7d4	COMPONENT_OF	COMPOUND_COMPONENT_PARSE_REQUIRES_REVIEW	true
semantic-candidate:87948db02a4c984a6eff78d7	semantic-relation:8b8ea3178cd528bfa6704d25	INSTANCE_OR_SPECIFIC_FORM_OF	V2_CONTAINMENT_CANDIDATE_NOT_EQUIVALENCE	true
semantic-candidate:87a1bbe744e7f9ba5ce7a8ac	semantic-relation:484da216e1c4dfd68501492f	COMPONENT_OF	COMPOUND_COMPONENT_PARSE_REQUIRES_REVIEW	true
semantic-candidate:87c0f7601092b8cecc152a59	semantic-relation:adb14f1137e70b90d7e345ac	COMPONENT_OF	COMPOUND_COMPONENT_PARSE_REQUIRES_REVIEW	true
semantic-candidate:87c513cd741ce55ab9bd1205	semantic-relation:e5e2962b37a0e70f55c20480	COMPONENT_OF	COMPOUND_COMPONENT_PARSE_REQUIRES_REVIEW	true
semantic-candidate:87c8ce0560c691db409acd9a	semantic-relation:1de4421e261105e478374787	COMPONENT_OF	COMPOUND_COMPONENT_PARSE_REQUIRES_REVIEW	true
semantic-candidate:87c9281c2a03968ed55213eb	semantic-relation:72a9623d7b6a4f832d9376ad	COMPONENT_OF	COMPOUND_COMPONENT_PARSE_REQUIRES_REVIEW	true
semantic-candidate:87cca899eb29cd1cc07c83e7	semantic-relation:3e2f81f5e308e440581e275d	COMPONENT_OF	COMPOUND_COMPONENT_PARSE_REQUIRES_REVIEW	true
semantic-candidate:87e069fc4f7e75b4b37e33ce	semantic-relation:e380d90ca770c0d00095e6ea	COMPONENT_OF	COMPOUND_COMPONENT_PARSE_REQUIRES_REVIEW	true
semantic-candidate:87e2d98ff643025b64da989b	semantic-relation:222a804460679ec4381eaaeb	COMPONENT_OF	COMPOUND_COMPONENT_PARSE_REQUIRES_REVIEW	true
semantic-candidate:87e337dd4a9bd616030aee41	semantic-relation:10d614514a94d6b004c0ddd1	MODIFIES	MODIFIER_PARSE_REQUIRES_REVIEW	true
semantic-candidate:87eab75a26ac8719c9f2a097	semantic-relation:68bd397fc46aa7be248aefb8	COMPONENT_OF	COMPOUND_COMPONENT_PARSE_REQUIRES_REVIEW	true
semantic-candidate:87fec859a571a6f04175900b	semantic-relation:4a13fcf43eabaf5243e27137	COMPONENT_OF	COMPOUND_COMPONENT_PARSE_REQUIRES_REVIEW	true
semantic-candidate:881354d8ac173cdcebced108	semantic-relation:1c96e63c1dd5c4c765a5c9e2	INSTANCE_OR_SPECIFIC_FORM_OF	V2_CONTAINMENT_CANDIDATE_NOT_EQUIVALENCE	true
semantic-candidate:8813a2fccf71960ffc326fc4	semantic-relation:2595a8e2fa64de6bfa8e41af	COMPONENT_OF	COMPOUND_COMPONENT_PARSE_REQUIRES_REVIEW	true
semantic-candidate:88181ab06bb8162e0359e531	semantic-relation:14368dee418dd2b3f58565a0	INSTANCE_OR_SPECIFIC_FORM_OF	V2_CONTAINMENT_CANDIDATE_NOT_EQUIVALENCE	true
semantic-candidate:882552e4ace14f52d9ee45a1	semantic-relation:a09fe799e46a9e352e4fbf9f	COMPONENT_OF	COMPOUND_COMPONENT_PARSE_REQUIRES_REVIEW	true
semantic-candidate:882f644900107ec7ad859df3	semantic-relation:f15bc981c125319fb7888e28	INSTANCE_OR_SPECIFIC_FORM_OF	V2_CONTAINMENT_CANDIDATE_NOT_EQUIVALENCE	true
semantic-candidate:883bd00a3e36de708bf8f944	semantic-relation:b654db200edab6bd0ea4252f	INSTANCE_OR_SPECIFIC_FORM_OF	V2_CONTAINMENT_CANDIDATE_NOT_EQUIVALENCE	true
semantic-candidate:88404f699376b05e96188d55	semantic-relation:1a9dd0a743fd279777a9646c	INSTANCE_OR_SPECIFIC_FORM_OF	V2_CONTAINMENT_CANDIDATE_NOT_EQUIVALENCE	true
semantic-candidate:8858476301d4c85dca8360c4	semantic-relation:1f656b0526f156853a2e7c6b	INSTANCE_OR_SPECIFIC_FORM_OF	V2_CONTAINMENT_CANDIDATE_NOT_EQUIVALENCE	true
semantic-candidate:885f479fc1da372526720a36	semantic-relation:a39b9ed221c970386239823d	COMPONENT_OF	COMPOUND_COMPONENT_PARSE_REQUIRES_REVIEW	true
semantic-candidate:8891020bb5b45a0d61ef51f9	semantic-relation:27c74645c05ac63c744b5ae4	INSTANCE_OR_SPECIFIC_FORM_OF	V2_CONTAINMENT_CANDIDATE_NOT_EQUIVALENCE	true
semantic-candidate:8893e034f7fc781223bc356d	semantic-relation:4e32f76d43eefe350082d03e	COMPONENT_OF	COMPOUND_COMPONENT_PARSE_REQUIRES_REVIEW	true
semantic-candidate:889a2e6d78b691a87c6dabcf	semantic-relation:48e31318011664c2cea3c320	INSTANCE_OR_SPECIFIC_FORM_OF	V2_CONTAINMENT_CANDIDATE_NOT_EQUIVALENCE	true
semantic-candidate:889b7b432f3ef25ed8705900	semantic-relation:7d615cfd4f51843149921e24	MODIFIES	MODIFIER_PARSE_REQUIRES_REVIEW	true
semantic-candidate:88a65cb7c49bf83bf914786b	semantic-relation:01959d0d09ca8809019d737f	COMPONENT_OF	COMPOUND_COMPONENT_PARSE_REQUIRES_REVIEW	true
semantic-candidate:88a7a7ea4cab1871d5422dac	semantic-relation:e5e25e40eb75f928c81e68cc	COMPONENT_OF	COMPOUND_COMPONENT_PARSE_REQUIRES_REVIEW	true
semantic-candidate:88bc294187a5c69fbaadae17	semantic-relation:3ec8dcf5dcf272ebd8453795	MODIFIES	MODIFIER_PARSE_REQUIRES_REVIEW	true
semantic-candidate:88bea6b84f48f866b3819f64	semantic-relation:e861fd3984fdbfd3f3ea1f49	COMPONENT_OF	COMPOUND_COMPONENT_PARSE_REQUIRES_REVIEW	true
semantic-candidate:88dce96f89cb2b0bb20fbfa5	semantic-relation:1f46b9b937fd173346d0ab35	INSTANCE_OR_SPECIFIC_FORM_OF	V2_CONTAINMENT_CANDIDATE_NOT_EQUIVALENCE	true
semantic-candidate:88dd0424196256353d09b15e	semantic-relation:e812f7b6d238c51af615fb47	COMPONENT_OF	COMPOUND_COMPONENT_PARSE_REQUIRES_REVIEW	true
semantic-candidate:88df2fac8f5510dc768d6042	semantic-relation:640fd20dff7507fff5ef1af8	COMPONENT_OF	COMPOUND_COMPONENT_PARSE_REQUIRES_REVIEW	true
semantic-candidate:88e4f1e27ecbe5b6a72682ea	semantic-relation:b9600b8e1d9512be1fd71ad2	COMPONENT_OF	COMPOUND_COMPONENT_PARSE_REQUIRES_REVIEW	true
semantic-candidate:88f1b51b3d8fabebe20eb700	semantic-relation:d292f4f72ef9771e4b9d19bf	COMPONENT_OF	COMPOUND_COMPONENT_PARSE_REQUIRES_REVIEW	true
semantic-candidate:88f9bc80de78a59488a06ad1	semantic-relation:421d0f0a16bb9ee3afcde0a9	INSTANCE_OR_SPECIFIC_FORM_OF	V2_CONTAINMENT_CANDIDATE_NOT_EQUIVALENCE	true
semantic-candidate:8903867b847b6b62486607e8	semantic-relation:206d4c20b597f4d54eeb03e7	COMPONENT_OF	COMPOUND_COMPONENT_PARSE_REQUIRES_REVIEW	true
semantic-candidate:891ec4015f1cab17ad3caf4e	semantic-relation:ec0af7ad54cabd1cf7c530f2	INSTANCE_OR_SPECIFIC_FORM_OF	V2_CONTAINMENT_CANDIDATE_NOT_EQUIVALENCE	true
semantic-candidate:891ec41bbc10bbc36092ff4d	semantic-relation:e99fd1148f705c8b085fb358	MODIFIES	MODIFIER_PARSE_REQUIRES_REVIEW	true
semantic-candidate:89329783bbddea84a571c7c7	semantic-relation:b32e2c6c516d5e3d2c242d88	INSTANCE_OR_SPECIFIC_FORM_OF	V2_CONTAINMENT_CANDIDATE_NOT_EQUIVALENCE	true
semantic-candidate:8938cdb14e69c90193d38844	semantic-relation:ca22629cb55c07071b5b9005	INSTANCE_OR_SPECIFIC_FORM_OF	V2_CONTAINMENT_CANDIDATE_NOT_EQUIVALENCE	true
semantic-candidate:8944e9d83915f53e04058a27	semantic-relation:67dc9cda74b875861c2afd7e	INSTANCE_OR_SPECIFIC_FORM_OF	V2_CONTAINMENT_CANDIDATE_NOT_EQUIVALENCE	true
semantic-candidate:8948c2df8c4233ee4bc5eeee	semantic-relation:ba65c6a0ac708fc1d5da8bf8	COMPONENT_OF	COMPOUND_COMPONENT_PARSE_REQUIRES_REVIEW	true
semantic-candidate:895a0d7c7abfb76fecc79781	semantic-relation:f132a393a03aafb157168e34	COMPONENT_OF	COMPOUND_COMPONENT_PARSE_REQUIRES_REVIEW	true
semantic-candidate:8967bb384b81ff26850ebcd9	semantic-relation:8a0a0f590def963e060f7203	COMPONENT_OF	COMPOUND_COMPONENT_PARSE_REQUIRES_REVIEW	true
semantic-candidate:8975df0222a28d791bde94f0	semantic-relation:6ed36d508ee427af93288824	COMPONENT_OF	COMPOUND_COMPONENT_PARSE_REQUIRES_REVIEW	true
semantic-candidate:8977cb01e1c620ba9d8e38f7	semantic-relation:df79f43356fe1dfb82699f1c	INSTANCE_OR_SPECIFIC_FORM_OF	V2_CONTAINMENT_CANDIDATE_NOT_EQUIVALENCE	true
semantic-candidate:897c845374aed33e84288f88	semantic-relation:fba211ce580268d020649b6d	MODIFIES	MODIFIER_PARSE_REQUIRES_REVIEW	true
semantic-candidate:89811c6253ee374ab34b3963	semantic-relation:ad95f0df4e0d931df0ddb6e2	INSTANCE_OR_SPECIFIC_FORM_OF	V2_CONTAINMENT_CANDIDATE_NOT_EQUIVALENCE	true
semantic-candidate:899a4792cbf99662ec9e73f0	semantic-relation:92466eca70e33b89cd1b0506	INSTANCE_OR_SPECIFIC_FORM_OF	V2_CONTAINMENT_CANDIDATE_NOT_EQUIVALENCE	true
semantic-candidate:89a972613ec39c938fc904b4	semantic-relation:9ba5219e4393e6d895899144	INSTANCE_OR_SPECIFIC_FORM_OF	V2_CONTAINMENT_CANDIDATE_NOT_EQUIVALENCE	true
semantic-candidate:89ade6fa7ddf352a54cc02ff	semantic-relation:229db64c1023ed604636eb86	INSTANCE_OR_SPECIFIC_FORM_OF	V2_CONTAINMENT_CANDIDATE_NOT_EQUIVALENCE	true
semantic-candidate:89b5e28203a8f8a7e0e43472	semantic-relation:f9d21a6f51c9009c577113da	INSTANCE_OR_SPECIFIC_FORM_OF	V2_CONTAINMENT_CANDIDATE_NOT_EQUIVALENCE	true
semantic-candidate:89bb7823150401bcd441ecc0	semantic-relation:bdb4c4ed5dbed85f86781e53	MODIFIES	MODIFIER_PARSE_REQUIRES_REVIEW	true
semantic-candidate:89be9bac2fec4994891b99f8	semantic-relation:af216ccce5db16019bacd66c	INSTANCE_OR_SPECIFIC_FORM_OF	V2_CONTAINMENT_CANDIDATE_NOT_EQUIVALENCE	true
semantic-candidate:89e1de4ae59ca4faa1cf3551	semantic-relation:ffcf4bbe6c5b5290e0d76947	MODIFIES	MODIFIER_PARSE_REQUIRES_REVIEW	true
semantic-candidate:8a0489facd0392cbdba653c8	semantic-relation:f05fdddebb93499b97a9fc7a	INSTANCE_OR_SPECIFIC_FORM_OF	V2_CONTAINMENT_CANDIDATE_NOT_EQUIVALENCE	true
semantic-candidate:8a070de9c9363db076f97638	semantic-relation:e785196edf99152049e82d35	COMPONENT_OF	COMPOUND_COMPONENT_PARSE_REQUIRES_REVIEW	true
semantic-candidate:8a0c4055376bc46925a004c4	semantic-relation:84aa0e0d9becbd982f60c06a	COMPONENT_OF	COMPOUND_COMPONENT_PARSE_REQUIRES_REVIEW	true
semantic-candidate:8a0cf2a233251330e1fd1106	semantic-relation:39e4ff0c09c857259bff9370	INSTANCE_OR_SPECIFIC_FORM_OF	V2_CONTAINMENT_CANDIDATE_NOT_EQUIVALENCE	true
semantic-candidate:8a0f92a2eca2c83450dfc51c	semantic-relation:926452e301cb400c82ff534c	INSTANCE_OR_SPECIFIC_FORM_OF	V2_CONTAINMENT_CANDIDATE_NOT_EQUIVALENCE	true
semantic-candidate:8a117699c088bde4652a8948	semantic-relation:af5ee417881ef17730171b21	INSTANCE_OR_SPECIFIC_FORM_OF	V2_CONTAINMENT_CANDIDATE_NOT_EQUIVALENCE	true
semantic-candidate:8a14bb88430f63bde9efebc5	semantic-relation:90312e88c17408f6f8c2aad9	INSTANCE_OR_SPECIFIC_FORM_OF	V2_CONTAINMENT_CANDIDATE_NOT_EQUIVALENCE	true
semantic-candidate:8a250bd79e35cdfbea815b65	semantic-relation:b5ce005bdf85685f65923187	COMPONENT_OF	COMPOUND_COMPONENT_PARSE_REQUIRES_REVIEW	true
semantic-candidate:8a427dde5e15306a0c8db45d	semantic-relation:5eed1065e8974128315812e7	MODIFIES	MODIFIER_PARSE_REQUIRES_REVIEW	true
semantic-candidate:8a562456c311d7b7eac5dc8f	semantic-relation:d3fd86549307862629e71d1a	INSTANCE_OR_SPECIFIC_FORM_OF	V2_CONTAINMENT_CANDIDATE_NOT_EQUIVALENCE	true
semantic-candidate:8a573636fc3d49dc141db3e9	semantic-relation:22d07565e83575dfc8496983	INSTANCE_OR_SPECIFIC_FORM_OF	V2_CONTAINMENT_CANDIDATE_NOT_EQUIVALENCE	true
semantic-candidate:8a9e6f9d249a7fb7c8f1a9a5	semantic-relation:f5bbc2b473377a180c69e346	COMPONENT_OF	COMPOUND_COMPONENT_PARSE_REQUIRES_REVIEW	true
semantic-candidate:8aa2c3d5ddf83e10c1d8f6fc	semantic-relation:e18cd0f283327526007aaf6f	COMPONENT_OF	COMPOUND_COMPONENT_PARSE_REQUIRES_REVIEW	true
semantic-candidate:8aa46c96c7ff1a4f387796f0	semantic-relation:bc3f1d7e9fdb0e6a33ab412c	INSTANCE_OR_SPECIFIC_FORM_OF	V2_CONTAINMENT_CANDIDATE_NOT_EQUIVALENCE	true
semantic-candidate:8ab40fae4099aaa7762111d0	semantic-relation:c14bac8015e0200d485b4f0b	COMPONENT_OF	COMPOUND_COMPONENT_PARSE_REQUIRES_REVIEW	true
semantic-candidate:8ab9465c3634bedf3763e5e2	semantic-relation:f50832c9e661358bd1be8658	INSTANCE_OR_SPECIFIC_FORM_OF	V2_CONTAINMENT_CANDIDATE_NOT_EQUIVALENCE	true
semantic-candidate:8abbc852d824cca209f7836a	semantic-relation:c2fa1d9f17b9d7dc616469df	COMPONENT_OF	COMPOUND_COMPONENT_PARSE_REQUIRES_REVIEW	true
semantic-candidate:8acfb1d88c9c75f165ef63da	semantic-relation:1f5e9a89ff5dedf82d258539	INSTANCE_OR_SPECIFIC_FORM_OF	V2_CONTAINMENT_CANDIDATE_NOT_EQUIVALENCE	true
semantic-candidate:8add06f430e83d9c4e75118c	semantic-relation:760c604d98ef8edb7a9a9bcb	INSTANCE_OR_SPECIFIC_FORM_OF	V2_CONTAINMENT_CANDIDATE_NOT_EQUIVALENCE	true
semantic-candidate:8aeeebabc491a290204aaff0	semantic-relation:d7f5c60ce63406fa2e735e82	COMPONENT_OF	COMPOUND_COMPONENT_PARSE_REQUIRES_REVIEW	true
semantic-candidate:8af0210cf215dc92f794353f	semantic-relation:32713a18b2c7c9f21edccafa	COMPONENT_OF	COMPOUND_COMPONENT_PARSE_REQUIRES_REVIEW	true
semantic-candidate:8b0c02d44cd45b06e5430fc6	semantic-relation:afbceef56f64864aff15d199	MODIFIES	MODIFIER_PARSE_REQUIRES_REVIEW	true
semantic-candidate:8b0d5d8c8695719a1ca6901f	semantic-relation:c329eeed48dfdfc060aa9d77	INSTANCE_OR_SPECIFIC_FORM_OF	V2_CONTAINMENT_CANDIDATE_NOT_EQUIVALENCE	true
semantic-candidate:8b194b615d6da252cbfbd5cd	semantic-relation:d6864b45935f2f8623edc9d2	COMPONENT_OF	COMPOUND_COMPONENT_PARSE_REQUIRES_REVIEW	true
semantic-candidate:8b2450ac485b506bb5fa50f8	semantic-relation:ae7ede28d51b8a169a5167e2	COMPONENT_OF	COMPOUND_COMPONENT_PARSE_REQUIRES_REVIEW	true
semantic-candidate:8b307e243db75ab0b5d8ef3e	semantic-relation:e71532ea478ecd54bd644eb8	INSTANCE_OR_SPECIFIC_FORM_OF	V2_CONTAINMENT_CANDIDATE_NOT_EQUIVALENCE	true
semantic-candidate:8b577327ad1c3e01349fd712	semantic-relation:fd168c1f4a32184d0b85d1c9	INSTANCE_OR_SPECIFIC_FORM_OF	V2_CONTAINMENT_CANDIDATE_NOT_EQUIVALENCE	true
semantic-candidate:8b5dc8d45c29095c816c1ba4	semantic-relation:10fdf43688e506e2ada73b4a	COMPONENT_OF	COMPOUND_COMPONENT_PARSE_REQUIRES_REVIEW	true
semantic-candidate:8b5ef70763d368308abf123c	semantic-relation:fcf38bbed4e43b1fa314a789	INSTANCE_OR_SPECIFIC_FORM_OF	V2_CONTAINMENT_CANDIDATE_NOT_EQUIVALENCE	true
semantic-candidate:8b65e387d9d9d6574f4c196f	semantic-relation:d078e2a7732b8026f4777c49	INSTANCE_OR_SPECIFIC_FORM_OF	V2_CONTAINMENT_CANDIDATE_NOT_EQUIVALENCE	true
semantic-candidate:8b69a70b48d78a1bac11e3da	semantic-relation:53b7665b21d3cd67c26287ba	COMPONENT_OF	COMPOUND_COMPONENT_PARSE_REQUIRES_REVIEW	true
semantic-candidate:8b77ea65b49f8ca356ce4e58	semantic-relation:ad69ef4db7f96ef184fab391	COMPONENT_OF	COMPOUND_COMPONENT_PARSE_REQUIRES_REVIEW	true
semantic-candidate:8b817e09ed8a557f4608a7c0	semantic-relation:f8d7869fb44968a52b0c9de8	MODIFIES	MODIFIER_PARSE_REQUIRES_REVIEW	true
semantic-candidate:8b83677a9cc962ab6cf9d9bc	semantic-relation:e78cbd1eaf10493c146f8e7a	COMPONENT_OF	COMPOUND_COMPONENT_PARSE_REQUIRES_REVIEW	true
semantic-candidate:8b8f03968f322928b8451dc5	semantic-relation:dbfaac4aee3ae8344c9c0eca	MODIFIES	MODIFIER_PARSE_REQUIRES_REVIEW	true
semantic-candidate:8b921041d878f1ee475aeaa9	semantic-relation:b458013d8f3d06a66730c0fa	COMPONENT_OF	COMPOUND_COMPONENT_PARSE_REQUIRES_REVIEW	true
semantic-candidate:8b95fd8b844a195a9a36bfb6	semantic-relation:e01a766c8d23bf6853a6ab5e	MODIFIES	MODIFIER_PARSE_REQUIRES_REVIEW	true
semantic-candidate:8ba4a0441a58c320622e40a5	semantic-relation:f2acf068f9311d5f85f632e9	COMPONENT_OF	COMPOUND_COMPONENT_PARSE_REQUIRES_REVIEW	true
semantic-candidate:8bc4b764a08c8173afc5fe98	semantic-relation:fb82362843ef1f582211d499	COMPONENT_OF	COMPOUND_COMPONENT_PARSE_REQUIRES_REVIEW	true
semantic-candidate:8bd2dd8ab079b322baa6373a	semantic-relation:3aa881c7d84a91ed6e436637	INSTANCE_OR_SPECIFIC_FORM_OF	V2_CONTAINMENT_CANDIDATE_NOT_EQUIVALENCE	true
semantic-candidate:8be51448678c1656503710ab	semantic-relation:642b73bd8beadbc49fec0aaf	COMPONENT_OF	COMPOUND_COMPONENT_PARSE_REQUIRES_REVIEW	true
semantic-candidate:8be5810b85908fa2c19dc26e	semantic-relation:f0993c8bc649adf2e36bdd81	INSTANCE_OR_SPECIFIC_FORM_OF	V2_CONTAINMENT_CANDIDATE_NOT_EQUIVALENCE	true
semantic-candidate:8bed793d3f012e99fd3cb33a	semantic-relation:fc1a577a4bf29bfaecd4ea78	COMPONENT_OF	COMPOUND_COMPONENT_PARSE_REQUIRES_REVIEW	true
semantic-candidate:8bee408132ab1ad1dbeeda37	semantic-relation:482c65b9498d9c542a3b4f15	INSTANCE_OR_SPECIFIC_FORM_OF	V2_CONTAINMENT_CANDIDATE_NOT_EQUIVALENCE	true
semantic-candidate:8bf5bc2846c4ec44b974d76c	semantic-relation:965e1002e5a0effc6f571225	INSTANCE_OR_SPECIFIC_FORM_OF	V2_CONTAINMENT_CANDIDATE_NOT_EQUIVALENCE	true
semantic-candidate:8bff2ae580dfa85a1c5b1c01	semantic-relation:c37c2aa778e6b0d1efcf6bb7	MODIFIES	MODIFIER_PARSE_REQUIRES_REVIEW	true
semantic-candidate:8c027241b6d709499ba3e155	semantic-relation:3404ceebd7443550959eb25b	COMPONENT_OF	COMPOUND_COMPONENT_PARSE_REQUIRES_REVIEW	true
semantic-candidate:8c0c9bfa4e52ec11db22fbda	semantic-relation:8e20d1eae69037a69ba9b6fe	COMPONENT_OF	COMPOUND_COMPONENT_PARSE_REQUIRES_REVIEW	true
semantic-candidate:8c1a3ff434e1e754fb2bee09	semantic-relation:4389a42203f4043bef261aa2	COMPONENT_OF	COMPOUND_COMPONENT_PARSE_REQUIRES_REVIEW	true
semantic-candidate:8c2650e12c9623529261421a	semantic-relation:513af384f6ae6a97b7845ced	INSTANCE_OR_SPECIFIC_FORM_OF	V2_CONTAINMENT_CANDIDATE_NOT_EQUIVALENCE	true
semantic-candidate:8c33906685274457053dd12b	semantic-relation:19665144e76c1d92c68a1784	INSTANCE_OR_SPECIFIC_FORM_OF	V2_CONTAINMENT_CANDIDATE_NOT_EQUIVALENCE	true
semantic-candidate:8c50fd40c72709339a502918	semantic-relation:24e63481a798e18695c83b06	MODIFIES	MODIFIER_PARSE_REQUIRES_REVIEW	true
semantic-candidate:8c66d497c0696b648a96d756	semantic-relation:52a1de2416d61303d32e6229	INSTANCE_OR_SPECIFIC_FORM_OF	V2_CONTAINMENT_CANDIDATE_NOT_EQUIVALENCE	true
semantic-candidate:8c68fe9f74c3de1f90a1b12d	semantic-relation:3c6e2a85c09c2423f7299057	COMPONENT_OF	COMPOUND_COMPONENT_PARSE_REQUIRES_REVIEW	true
semantic-candidate:8c6de6503df5989bc870da04	semantic-relation:4dc090ea880bb47687c93aaf	COMPONENT_OF	COMPOUND_COMPONENT_PARSE_REQUIRES_REVIEW	true
semantic-candidate:8c73d7fd38957cddee989745	semantic-relation:6e395db24d9a263c96ef5855	COMPONENT_OF	COMPOUND_COMPONENT_PARSE_REQUIRES_REVIEW	true
semantic-candidate:8c7468c5bbedc9c0305e7626	semantic-relation:1d5362f7f962a2759ef7fd65	COMPONENT_OF	COMPOUND_COMPONENT_PARSE_REQUIRES_REVIEW	true
semantic-candidate:8c75c0d9cabadf7f5c87e212	semantic-relation:b0cd2654a596cc9e65e636af	MODIFIES	MODIFIER_PARSE_REQUIRES_REVIEW	true
semantic-candidate:8c8fe87eeb0f8c195ad1777f	semantic-relation:5f2862df7c5ecff575b8b7c3	INSTANCE_OR_SPECIFIC_FORM_OF	V2_CONTAINMENT_CANDIDATE_NOT_EQUIVALENCE	true
semantic-candidate:8c9745628bca35d78985b820	semantic-relation:ca566f754f2062a5cab18f61	INSTANCE_OR_SPECIFIC_FORM_OF	V2_CONTAINMENT_CANDIDATE_NOT_EQUIVALENCE	true
semantic-candidate:8caeee22905969071f421220	semantic-relation:239e0a682a97d28fca118d74	INSTANCE_OR_SPECIFIC_FORM_OF	V2_CONTAINMENT_CANDIDATE_NOT_EQUIVALENCE	true
semantic-candidate:8cb81409894744c34eba7b64	semantic-relation:9ec0c2f1ef58e2bc3176d17b	COMPONENT_OF	COMPOUND_COMPONENT_PARSE_REQUIRES_REVIEW	true
semantic-candidate:8cbbbd87211ee09762d9e348	semantic-relation:f3f79901aa3721500eb9991d	COMPONENT_OF	COMPOUND_COMPONENT_PARSE_REQUIRES_REVIEW	true
semantic-candidate:8ccfe3caf02eb1312f8929b3	semantic-relation:1d054e853cd9f98ffd8dcd92	MODIFIES	MODIFIER_PARSE_REQUIRES_REVIEW	true
semantic-candidate:8cd4568cba87ac62ae789b00	semantic-relation:5f54f378f321cbeaad0950c6	COMPONENT_OF	COMPOUND_COMPONENT_PARSE_REQUIRES_REVIEW	true
semantic-candidate:8cdbf88d43e4b647e508b968	semantic-relation:5d866ec513c79b193696b878	COMPONENT_OF	COMPOUND_COMPONENT_PARSE_REQUIRES_REVIEW	true
semantic-candidate:8cf1816115aa70fe5839192c	semantic-relation:38fce8511e3f7099d2e28aa9	COMPONENT_OF	COMPOUND_COMPONENT_PARSE_REQUIRES_REVIEW	true
semantic-candidate:8cf68d0897510cac83c01b31	semantic-relation:9cdd48077e57af9ebcf1d175	COMPONENT_OF	COMPOUND_COMPONENT_PARSE_REQUIRES_REVIEW	true
semantic-candidate:8d1142241a7243aa1b1a468b	semantic-relation:b5e545031ddaef8e9b17f2b0	COMPONENT_OF	COMPOUND_COMPONENT_PARSE_REQUIRES_REVIEW	true
semantic-candidate:8d11e95bd707f9f8bc063407	semantic-relation:b21add0197c0f3e5f640c339	INSTANCE_OR_SPECIFIC_FORM_OF	V2_CONTAINMENT_CANDIDATE_NOT_EQUIVALENCE	true
semantic-candidate:8d1c14be173506e537895fe2	semantic-relation:4a50cd9a927c18cba2da6589	MODIFIES	MODIFIER_PARSE_REQUIRES_REVIEW	true
semantic-candidate:8d24cc1c2cc179f7fd1eac91	semantic-relation:da6397bd3b6f3be3a0dc2c1c	INSTANCE_OR_SPECIFIC_FORM_OF	V2_CONTAINMENT_CANDIDATE_NOT_EQUIVALENCE	true
semantic-candidate:8d27439d3b8d4d5133880bf5	semantic-relation:15dc4bb17174422184279826	INSTANCE_OR_SPECIFIC_FORM_OF	V2_CONTAINMENT_CANDIDATE_NOT_EQUIVALENCE	true
semantic-candidate:8d2912f05d9fa46fbcc18447	semantic-relation:d5c5396a9443b3b5cd9e6e8a	COMPONENT_OF	COMPOUND_COMPONENT_PARSE_REQUIRES_REVIEW	true
semantic-candidate:8d3576c704a21b8a153e0be9	semantic-relation:874879e04a187a75e029834e	INSTANCE_OR_SPECIFIC_FORM_OF	V2_CONTAINMENT_CANDIDATE_NOT_EQUIVALENCE	true
semantic-candidate:8d3aa8d7af69c3481d68e5c8	semantic-relation:acd40fef4a64c802a418d6b4	MODIFIES	MODIFIER_PARSE_REQUIRES_REVIEW	true
semantic-candidate:8d3bdd22cf114e5192151a2e	semantic-relation:1900a832060e19519cc5f9e1	COMPONENT_OF	COMPOUND_COMPONENT_PARSE_REQUIRES_REVIEW	true
semantic-candidate:8d3d4f8e4449ea0359e99fe3	semantic-relation:afe25dedd0ea6b6b68d18ef1	COMPONENT_OF	COMPOUND_COMPONENT_PARSE_REQUIRES_REVIEW	true
semantic-candidate:8d4aa7f11c6e4bd04faa6e9b	semantic-relation:08cbea0ada1c0e15a0c7a184	INSTANCE_OR_SPECIFIC_FORM_OF	V2_CONTAINMENT_CANDIDATE_NOT_EQUIVALENCE	true
semantic-candidate:8d53a2e3bb3e25d1d70df757	semantic-relation:bf644d930acfc19ee9040d90	COMPONENT_OF	COMPOUND_COMPONENT_PARSE_REQUIRES_REVIEW	true
semantic-candidate:8d5b3a02377c77662815d266	semantic-relation:1f3b5d2ff906d74092d0f4e4	INSTANCE_OR_SPECIFIC_FORM_OF	V2_CONTAINMENT_CANDIDATE_NOT_EQUIVALENCE	true
semantic-candidate:8d5ccfd59e1f1a7bac3ae119	semantic-relation:de9b93d3a489d82218d5d3d0	COMPONENT_OF	COMPOUND_COMPONENT_PARSE_REQUIRES_REVIEW	true
semantic-candidate:8d655bd23c0d6fc97abed94c	semantic-relation:7bfb197b9303d02dcdd1b06b	COMPONENT_OF	COMPOUND_COMPONENT_PARSE_REQUIRES_REVIEW	true
semantic-candidate:8d9b969c4b4af5cdfd1536cd	semantic-relation:615cfa8ffdec31b181c49a42	COMPONENT_OF	COMPOUND_COMPONENT_PARSE_REQUIRES_REVIEW	true
semantic-candidate:8da2249d461c066d8c7589d5	semantic-relation:3614463185ff4279b0c97858	INSTANCE_OR_SPECIFIC_FORM_OF	V2_CONTAINMENT_CANDIDATE_NOT_EQUIVALENCE	true
semantic-candidate:8de0640122fc3698d353f2b0	semantic-relation:29ff779ad78b7dbd760eecf4	INSTANCE_OR_SPECIFIC_FORM_OF	V2_CONTAINMENT_CANDIDATE_NOT_EQUIVALENCE	true
semantic-candidate:8de532e096b1bd0358915ba5	semantic-relation:143a071de396c236e8e56104	INSTANCE_OR_SPECIFIC_FORM_OF	V2_CONTAINMENT_CANDIDATE_NOT_EQUIVALENCE	true
semantic-candidate:8dec5151809a909b49fed1bf	semantic-relation:0b8b6beb916b454fe8effe77	COMPONENT_OF	COMPOUND_COMPONENT_PARSE_REQUIRES_REVIEW	true
semantic-candidate:8df1a5428ec3bf21f8806984	semantic-relation:215449498a386145690a6bf6	INSTANCE_OR_SPECIFIC_FORM_OF	V2_CONTAINMENT_CANDIDATE_NOT_EQUIVALENCE	true
semantic-candidate:8e3936c71a090e7e07f3a371	semantic-relation:bd83c42a200800593551af5e	INSTANCE_OR_SPECIFIC_FORM_OF	V2_CONTAINMENT_CANDIDATE_NOT_EQUIVALENCE	true
semantic-candidate:8e3c220fe41f8dcbb9d20341	semantic-relation:84c837c8a6cd1e6aee7a5405	INSTANCE_OR_SPECIFIC_FORM_OF	V2_CONTAINMENT_CANDIDATE_NOT_EQUIVALENCE	true
semantic-candidate:8e4d4a1cc990119694d29448	semantic-relation:8d971cee07f41a571f8d3b5e	COMPONENT_OF	COMPOUND_COMPONENT_PARSE_REQUIRES_REVIEW	true
semantic-candidate:8e570faa577c365c06643f99	semantic-relation:f5a54e2812733087ca0dd6f7	INSTANCE_OR_SPECIFIC_FORM_OF	V2_CONTAINMENT_CANDIDATE_NOT_EQUIVALENCE	true
semantic-candidate:8e79e0a77385ee30e246b5f9	semantic-relation:86c7dc74c3c76f8695a746fa	COMPONENT_OF	COMPOUND_COMPONENT_PARSE_REQUIRES_REVIEW	true
semantic-candidate:8e7efe2ba993a84225e91886	semantic-relation:d56c57becaf2482b0400364e	INSTANCE_OR_SPECIFIC_FORM_OF	V2_CONTAINMENT_CANDIDATE_NOT_EQUIVALENCE	true
semantic-candidate:8e8452109b2f1dae4f2a1374	semantic-relation:937df4040e68cef26f4fb9fd	INSTANCE_OR_SPECIFIC_FORM_OF	V2_CONTAINMENT_CANDIDATE_NOT_EQUIVALENCE	true
semantic-candidate:8e9215035cf7be2dad5ef574	semantic-relation:358e656e71fde8dbc965b812	INSTANCE_OR_SPECIFIC_FORM_OF	V2_CONTAINMENT_CANDIDATE_NOT_EQUIVALENCE	true
semantic-candidate:8e9e3222d93b5d5b4cf77655	semantic-relation:1928e0329c6b5f6870930ddc	COMPONENT_OF	COMPOUND_COMPONENT_PARSE_REQUIRES_REVIEW	true
semantic-candidate:8eb4e4a549f95c72a6b9d083	semantic-relation:ec50662dd2ec3ab897478411	COMPONENT_OF	COMPOUND_COMPONENT_PARSE_REQUIRES_REVIEW	true
semantic-candidate:8ebaa08560a68734d077098d	semantic-relation:3585ce248a1f9dcd201dfece	COMPONENT_OF	COMPOUND_COMPONENT_PARSE_REQUIRES_REVIEW	true
semantic-candidate:8ec00c39c3047e8c8ea057d9	semantic-relation:79c9aea80fdd21f51e33addf	INSTANCE_OR_SPECIFIC_FORM_OF	V2_CONTAINMENT_CANDIDATE_NOT_EQUIVALENCE	true
semantic-candidate:8ec9aa7bae8456be82724f9e	semantic-relation:7b6722747c50908e6808e945	COMPONENT_OF	COMPOUND_COMPONENT_PARSE_REQUIRES_REVIEW	true
semantic-candidate:8ecb02a1bea192639a2ba215	semantic-relation:f870f7c50378eb86d106827b	INSTANCE_OR_SPECIFIC_FORM_OF	V2_CONTAINMENT_CANDIDATE_NOT_EQUIVALENCE	true
semantic-candidate:8edac556a690c83df8b20521	semantic-relation:21335a2c1efa9257c59601d1	INSTANCE_OR_SPECIFIC_FORM_OF	V2_CONTAINMENT_CANDIDATE_NOT_EQUIVALENCE	true
semantic-candidate:8eebf7a772bc28f8f9dce9c5	semantic-relation:3a1b4c2e3953525ab952c5cf	COMPONENT_OF	COMPOUND_COMPONENT_PARSE_REQUIRES_REVIEW	true
semantic-candidate:8ef67293d6693d96973abe8d	semantic-relation:4220e4d32e3997311a09e82d	MODIFIES	MODIFIER_PARSE_REQUIRES_REVIEW	true
semantic-candidate:8f19f2933d3f63084ef9d1cc	semantic-relation:d28aeab60979a39802ff25b4	INSTANCE_OR_SPECIFIC_FORM_OF	V2_CONTAINMENT_CANDIDATE_NOT_EQUIVALENCE	true
semantic-candidate:8f2819f6dc7773743c38aef8	semantic-relation:3b04fdda73940fd652f99c9a	COMPONENT_OF	COMPOUND_COMPONENT_PARSE_REQUIRES_REVIEW	true
semantic-candidate:8f2b99762b18dcafca81d852	semantic-relation:34b96a9f771abdcf0277125b	COMPONENT_OF	COMPOUND_COMPONENT_PARSE_REQUIRES_REVIEW	true
semantic-candidate:8f3337eaaf8a3fc671e6ff69	semantic-relation:42b0442ed1224d92f26de231	INSTANCE_OR_SPECIFIC_FORM_OF	V2_CONTAINMENT_CANDIDATE_NOT_EQUIVALENCE	true
semantic-candidate:8f468d56ad0d8fbe18f920c7	semantic-relation:b6f6c7bd9f3502840ffe2d50	INSTANCE_OR_SPECIFIC_FORM_OF	V2_CONTAINMENT_CANDIDATE_NOT_EQUIVALENCE	true
semantic-candidate:8f5553790e05654f867cc8bf	semantic-relation:a7a40d495531ac32700639de	INSTANCE_OR_SPECIFIC_FORM_OF	V2_CONTAINMENT_CANDIDATE_NOT_EQUIVALENCE	true
semantic-candidate:8f8a1b73c109269767925f4c	semantic-relation:c2d73e47a99c3fa4a3e9a45e	COMPONENT_OF	COMPOUND_COMPONENT_PARSE_REQUIRES_REVIEW	true
semantic-candidate:8fa1b0e766fcc3cf27632e7c	semantic-relation:d8ca07eca99dcd63ff598bef	MODIFIES	MODIFIER_PARSE_REQUIRES_REVIEW	true
semantic-candidate:8fa40ec822fd4c6cdc9d03c2	semantic-relation:a9ec0623d82c3306a5929117	COMPONENT_OF	COMPOUND_COMPONENT_PARSE_REQUIRES_REVIEW	true
semantic-candidate:8fb115f38bf5bd30a3c8a762	semantic-relation:c53a6d0bbb85fa2b30c33b0e	INSTANCE_OR_SPECIFIC_FORM_OF	V2_CONTAINMENT_CANDIDATE_NOT_EQUIVALENCE	true
semantic-candidate:8fba1c91c8a8222a001c2552	semantic-relation:41b5a92a4aeba998acdf346c	INSTANCE_OR_SPECIFIC_FORM_OF	V2_CONTAINMENT_CANDIDATE_NOT_EQUIVALENCE	true
semantic-candidate:8fc22b4bbe4690d1fa555c2e	semantic-relation:d62238eee374c7d2fd6bbdb6	INSTANCE_OR_SPECIFIC_FORM_OF	V2_CONTAINMENT_CANDIDATE_NOT_EQUIVALENCE	true
semantic-candidate:8fd23a60c8ace348dfebc93d	semantic-relation:4d269ee3ce4479a752ddceba	COMPONENT_OF	COMPOUND_COMPONENT_PARSE_REQUIRES_REVIEW	true
semantic-candidate:8ff57f7421172a5e1fd8f490	semantic-relation:2e3c073e6773b64aa6955906	INSTANCE_OR_SPECIFIC_FORM_OF	V2_CONTAINMENT_CANDIDATE_NOT_EQUIVALENCE	true
semantic-candidate:8ffae33bdae0937cc59b9f65	semantic-relation:8651fa4d4d022860808c30e8	COMPONENT_OF	COMPOUND_COMPONENT_PARSE_REQUIRES_REVIEW	true
semantic-candidate:8ffe9db2ecaec1b70e67fe06	semantic-relation:a1170c4e3b80a0ba19b95a84	INSTANCE_OR_SPECIFIC_FORM_OF	V2_CONTAINMENT_CANDIDATE_NOT_EQUIVALENCE	true
semantic-candidate:9000a660c5d8911bb3175e23	semantic-relation:520bfd88ac570aecd767c943	INSTANCE_OR_SPECIFIC_FORM_OF	V2_CONTAINMENT_CANDIDATE_NOT_EQUIVALENCE	true
semantic-candidate:9002943ab0257a97edc055b2	semantic-relation:490b1227d5106e30cacec30c	INSTANCE_OR_SPECIFIC_FORM_OF	V2_CONTAINMENT_CANDIDATE_NOT_EQUIVALENCE	true
semantic-candidate:90083b72e0881f00071fe824	semantic-relation:b13b7468c224e5d3e85ad616	INSTANCE_OR_SPECIFIC_FORM_OF	V2_CONTAINMENT_CANDIDATE_NOT_EQUIVALENCE	true
semantic-candidate:900ff25086c692d4ae8371ca	semantic-relation:9dbde8a538f3f0ce1a594653	COMPONENT_OF	COMPOUND_COMPONENT_PARSE_REQUIRES_REVIEW	true
semantic-candidate:9018e41867bd101de58d266e	semantic-relation:3d2b38831890701322f27984	INSTANCE_OR_SPECIFIC_FORM_OF	V2_CONTAINMENT_CANDIDATE_NOT_EQUIVALENCE	true
semantic-candidate:90238637987ab0460740b5b0	semantic-relation:2279b93de6b001abecd09e67	COMPONENT_OF	COMPOUND_COMPONENT_PARSE_REQUIRES_REVIEW	true
semantic-candidate:9035894669fe24a57deb5590	semantic-relation:7916529f84d2f75c158f0bf9	INSTANCE_OR_SPECIFIC_FORM_OF	V2_CONTAINMENT_CANDIDATE_NOT_EQUIVALENCE	true
semantic-candidate:9038b546dce8be9371cc667e	semantic-relation:4419c731cbdf814b46021c0c	INSTANCE_OR_SPECIFIC_FORM_OF	V2_CONTAINMENT_CANDIDATE_NOT_EQUIVALENCE	true
semantic-candidate:903c8693f3afef31cec72f29	semantic-relation:ce8b7b32bde4ba25c31e52a3	INSTANCE_OR_SPECIFIC_FORM_OF	V2_CONTAINMENT_CANDIDATE_NOT_EQUIVALENCE	true
semantic-candidate:904af4c580982e5b445995bf	semantic-relation:c8c2d07ba50ab48158f9653c	INSTANCE_OR_SPECIFIC_FORM_OF	V2_CONTAINMENT_CANDIDATE_NOT_EQUIVALENCE	true
semantic-candidate:904e36bc51fcd622b70eb5bb	semantic-relation:2a50d0168eb5a2da8399b8f8	INSTANCE_OR_SPECIFIC_FORM_OF	V2_CONTAINMENT_CANDIDATE_NOT_EQUIVALENCE	true
semantic-candidate:904fd33059e8884a87fa3572	semantic-relation:3977e71c9f8173df20e62cdd	COMPONENT_OF	COMPOUND_COMPONENT_PARSE_REQUIRES_REVIEW	true
semantic-candidate:9086e8c6d066980f84bcd532	semantic-relation:6d3caf6b713ae86b767ea601	INSTANCE_OR_SPECIFIC_FORM_OF	V2_CONTAINMENT_CANDIDATE_NOT_EQUIVALENCE	true
semantic-candidate:908a1d4bea411de4bf40f4c2	semantic-relation:4e79f4279493ab95fb4db43f	COMPONENT_OF	COMPOUND_COMPONENT_PARSE_REQUIRES_REVIEW	true
semantic-candidate:9095af00b6aff504eedf995f	semantic-relation:181a9327540ff103acd0058b	COMPONENT_OF	COMPOUND_COMPONENT_PARSE_REQUIRES_REVIEW	true
semantic-candidate:90a2ff45226b88ad4cfbf5d1	semantic-relation:00d2af9f950ca271c728944d	INSTANCE_OR_SPECIFIC_FORM_OF	V2_CONTAINMENT_CANDIDATE_NOT_EQUIVALENCE	true
semantic-candidate:90ae32985cabbf982762795a	semantic-relation:ccdc1f78bd45a29b9539bb62	COMPONENT_OF	COMPOUND_COMPONENT_PARSE_REQUIRES_REVIEW	true
semantic-candidate:90b4bdfd1e1272b14e5de8c3	semantic-relation:b7c1f65c04b094bb00066dc0	MODIFIES	MODIFIER_PARSE_REQUIRES_REVIEW	true
semantic-candidate:90d49e5d5a047398e2eb343e	semantic-relation:83996bf7476a0354c18023e5	INSTANCE_OR_SPECIFIC_FORM_OF	V2_CONTAINMENT_CANDIDATE_NOT_EQUIVALENCE	true
semantic-candidate:90db5a69157a6e9ef32e1b2b	semantic-relation:f559fd3c7cb0748f77652fbf	MODIFIES	MODIFIER_PARSE_REQUIRES_REVIEW	true
semantic-candidate:90dc7bd05a70276cc41db30d	semantic-relation:4a0357040e22de315d9b3b5c	COMPONENT_OF	COMPOUND_COMPONENT_PARSE_REQUIRES_REVIEW	true
semantic-candidate:90e2359203ea1cd2d0b82bc3	semantic-relation:c4b68adcc98bbece723b203b	INSTANCE_OR_SPECIFIC_FORM_OF	V2_CONTAINMENT_CANDIDATE_NOT_EQUIVALENCE	true
semantic-candidate:90ff679b1cf69dabd3f9e9e7	semantic-relation:4787dc038371338ac27075b9	INSTANCE_OR_SPECIFIC_FORM_OF	V2_CONTAINMENT_CANDIDATE_NOT_EQUIVALENCE	true
semantic-candidate:910199bf7ff155b91c5e2971	semantic-relation:8ad5d3f13464896a250d337b	COMPONENT_OF	COMPOUND_COMPONENT_PARSE_REQUIRES_REVIEW	true
semantic-candidate:91044ab3bb392304da52b636	semantic-relation:2ec3690de1ac076c15388e54	INSTANCE_OR_SPECIFIC_FORM_OF	V2_CONTAINMENT_CANDIDATE_NOT_EQUIVALENCE	true
semantic-candidate:9129f44b8344119136579de6	semantic-relation:aa498a96ef9a28bc49200d09	COMPONENT_OF	COMPOUND_COMPONENT_PARSE_REQUIRES_REVIEW	true
semantic-candidate:9131a84d37064740ae44326b	semantic-relation:459cb665b5dbb2941c717e0c	COMPONENT_OF	COMPOUND_COMPONENT_PARSE_REQUIRES_REVIEW	true
semantic-candidate:915871f68cade03cc237cac3	semantic-relation:80a04103f065f40351886e1b	COMPONENT_OF	COMPOUND_COMPONENT_PARSE_REQUIRES_REVIEW	true
semantic-candidate:915f26bf10a27ae3d64bc3bd	semantic-relation:8490511aa65d2a061e242666	MODIFIES	MODIFIER_PARSE_REQUIRES_REVIEW	true
semantic-candidate:9164bd7dedd40d54acab8793	semantic-relation:af15c43907f54b5fe30d2ab4	INSTANCE_OR_SPECIFIC_FORM_OF	V2_CONTAINMENT_CANDIDATE_NOT_EQUIVALENCE	true
semantic-candidate:9170ede61fd909e9bf8dd3e5	semantic-relation:96a97f66a45932e4e7f4b1c5	INSTANCE_OR_SPECIFIC_FORM_OF	V2_CONTAINMENT_CANDIDATE_NOT_EQUIVALENCE	true
semantic-candidate:9176d6dd955260824b3ecc76	semantic-relation:8aa1569a892c60d2c741e65e	INSTANCE_OR_SPECIFIC_FORM_OF	V2_CONTAINMENT_CANDIDATE_NOT_EQUIVALENCE	true
semantic-candidate:918039e430a8004d6f9ab6c8	semantic-relation:b65eab5a4456b668fa114d06	INSTANCE_OR_SPECIFIC_FORM_OF	V2_CONTAINMENT_CANDIDATE_NOT_EQUIVALENCE	true
semantic-candidate:91896719ea494b7d13a5ab18	semantic-relation:3760cad984ff0e69fe626d72	COMPONENT_OF	COMPOUND_COMPONENT_PARSE_REQUIRES_REVIEW	true
semantic-candidate:918c8503566c1e8e2ac58ca1	semantic-relation:e5a9bd643874b0947a8185e2	INSTANCE_OR_SPECIFIC_FORM_OF	V2_CONTAINMENT_CANDIDATE_NOT_EQUIVALENCE	true
semantic-candidate:9190ceb56384a50bdcbee699	semantic-relation:c695fc094d757d550f72902e	COMPONENT_OF	COMPOUND_COMPONENT_PARSE_REQUIRES_REVIEW	true
semantic-candidate:9196fc2496e5dd95e33b1f2a	semantic-relation:f8580656c453fa5fd33007aa	COMPONENT_OF	COMPOUND_COMPONENT_PARSE_REQUIRES_REVIEW	true
semantic-candidate:91a4c57aedeab9c0fe3f6f54	semantic-relation:d58a3ba16843402573342e96	MODIFIES	MODIFIER_PARSE_REQUIRES_REVIEW	true
semantic-candidate:91a8eeabf4b30a3c6474d1dd	semantic-relation:5f8144d601c22f970a9c487c	COMPONENT_OF	COMPOUND_COMPONENT_PARSE_REQUIRES_REVIEW	true
semantic-candidate:91af8dd74ed3ee98254a4030	semantic-relation:f77c0948086c7bc04beb748a	INSTANCE_OR_SPECIFIC_FORM_OF	V2_CONTAINMENT_CANDIDATE_NOT_EQUIVALENCE	true
semantic-candidate:91b807c942f78ae450d9875f	semantic-relation:b29a206be34e9f1f524a1e20	INSTANCE_OR_SPECIFIC_FORM_OF	V2_CONTAINMENT_CANDIDATE_NOT_EQUIVALENCE	true
semantic-candidate:91c9513cbc0af45baa3c88f5	semantic-relation:7b14d1debfea4530376d61c4	COMPONENT_OF	COMPOUND_COMPONENT_PARSE_REQUIRES_REVIEW	true
semantic-candidate:91cf6275f9f5a2e74eb07b08	semantic-relation:97a2cfb4d048168134f01751	COMPONENT_OF	COMPOUND_COMPONENT_PARSE_REQUIRES_REVIEW	true
semantic-candidate:91d80ef37055ecbf810483ce	semantic-relation:d7d635a36dc5f78f1a898519	COMPONENT_OF	COMPOUND_COMPONENT_PARSE_REQUIRES_REVIEW	true
semantic-candidate:91dd7da2bc22f4bcceffbfb8	semantic-relation:750a922c36dfee0203cc4033	INSTANCE_OR_SPECIFIC_FORM_OF	V2_CONTAINMENT_CANDIDATE_NOT_EQUIVALENCE	true
semantic-candidate:91e18576d791a87f8b3ad7bd	semantic-relation:c712816e719627ef6fc59f02	COMPONENT_OF	COMPOUND_COMPONENT_PARSE_REQUIRES_REVIEW	true
semantic-candidate:91eda42a0c46d587540f8da3	semantic-relation:9bda0dc3cb1cd153cb4c103a	INSTANCE_OR_SPECIFIC_FORM_OF	V2_CONTAINMENT_CANDIDATE_NOT_EQUIVALENCE	true
semantic-candidate:91ef2ac83c0953ed41cac5c0	semantic-relation:28fdeb6a287d460eb3d321cf	COMPONENT_OF	COMPOUND_COMPONENT_PARSE_REQUIRES_REVIEW	true
semantic-candidate:91f1bd68bae65eacfc926964	semantic-relation:c53f445abe4cdb3cf7c02dd0	MODIFIES	MODIFIER_PARSE_REQUIRES_REVIEW	true
semantic-candidate:920641733fe1ba2449382879	semantic-relation:bb8217f0228c94c11954bf7f	COMPONENT_OF	COMPOUND_COMPONENT_PARSE_REQUIRES_REVIEW	true
semantic-candidate:920975a9258d0b390dea3358	semantic-relation:447e3e5028389c243c18fc71	INSTANCE_OR_SPECIFIC_FORM_OF	V2_CONTAINMENT_CANDIDATE_NOT_EQUIVALENCE	true
semantic-candidate:92296c6ac57eb2d3888f6bef	semantic-relation:2951c2c2f20ff972a8414c64	COMPONENT_OF	COMPOUND_COMPONENT_PARSE_REQUIRES_REVIEW	true
semantic-candidate:9232e9ab4ece748db450b899	semantic-relation:3333c8a5691e5c5ed37428c8	MODIFIES	MODIFIER_PARSE_REQUIRES_REVIEW	true
semantic-candidate:925c82c7428802405a445ffd	semantic-relation:852deea5f3141d95a2f53ba7	COMPONENT_OF	COMPOUND_COMPONENT_PARSE_REQUIRES_REVIEW	true
semantic-candidate:9278f5710ceb7da3d13af52d	semantic-relation:d5fcbe527631507208128100	COMPONENT_OF	COMPOUND_COMPONENT_PARSE_REQUIRES_REVIEW	true
semantic-candidate:92a77fa4a339c54b5a871590	semantic-relation:9e74fe70f38d82bfedac7fec	COMPONENT_OF	COMPOUND_COMPONENT_PARSE_REQUIRES_REVIEW	true
semantic-candidate:92b3814f43945d648b40efba	semantic-relation:8cdbcda19832696ec4c74e5a	COMPONENT_OF	COMPOUND_COMPONENT_PARSE_REQUIRES_REVIEW	true
semantic-candidate:92b998e253538b3ebe2772d7	semantic-relation:9599d68f716aeaee1cdeb981	COMPONENT_OF	COMPOUND_COMPONENT_PARSE_REQUIRES_REVIEW	true
semantic-candidate:92bbd7f83a71c0c9756300ec	semantic-relation:773e7ee48771e44de9a65f83	MODIFIES	MODIFIER_PARSE_REQUIRES_REVIEW	true
semantic-candidate:92da8efc252e73200ffc90f9	semantic-relation:1543e6d9b74a6109dcb6001c	COMPONENT_OF	COMPOUND_COMPONENT_PARSE_REQUIRES_REVIEW	true
semantic-candidate:92f5adad5f98c570f23e295a	semantic-relation:ddb0c80c06fc4eb01c37368f	MODIFIES	MODIFIER_PARSE_REQUIRES_REVIEW	true
semantic-candidate:9311fb507671f5ef363360ef	semantic-relation:7ffe308eaf8989291fa02567	COMPONENT_OF	COMPOUND_COMPONENT_PARSE_REQUIRES_REVIEW	true
semantic-candidate:931762aebc38fdb555b5bf92	semantic-relation:bca0f73f94ed14b0408c05d5	INSTANCE_OR_SPECIFIC_FORM_OF	V2_CONTAINMENT_CANDIDATE_NOT_EQUIVALENCE	true
semantic-candidate:932a6b6aa6d63e36a965eb4d	semantic-relation:8b3179dd6bf945b3a580e650	INSTANCE_OR_SPECIFIC_FORM_OF	V2_CONTAINMENT_CANDIDATE_NOT_EQUIVALENCE	true
semantic-candidate:93355181626168cacf2e6aff	semantic-relation:6a063b7eb14044e9f66783b7	INSTANCE_OR_SPECIFIC_FORM_OF	V2_CONTAINMENT_CANDIDATE_NOT_EQUIVALENCE	true
semantic-candidate:933ba9d320e6acba5387149f	semantic-relation:8632665814a1c146f9ef0784	COMPONENT_OF	COMPOUND_COMPONENT_PARSE_REQUIRES_REVIEW	true
semantic-candidate:9351c085d83a9ac47c4b64d3	semantic-relation:dee5d742e591ac9ad434d3c1	INSTANCE_OR_SPECIFIC_FORM_OF	V2_CONTAINMENT_CANDIDATE_NOT_EQUIVALENCE	true
semantic-candidate:935af346db36b4d1e29967a2	semantic-relation:e4a5b58538131a710a4b9dc1	INSTANCE_OR_SPECIFIC_FORM_OF	V2_CONTAINMENT_CANDIDATE_NOT_EQUIVALENCE	true
semantic-candidate:935f05ba3b977130d442e1a4	semantic-relation:d3b2a162ca095da0c4af741a	INSTANCE_OR_SPECIFIC_FORM_OF	V2_CONTAINMENT_CANDIDATE_NOT_EQUIVALENCE	true
semantic-candidate:936abbfa257a74de8fefce41	semantic-relation:31cd4e8332bc04475320a3e9	MODIFIES	MODIFIER_PARSE_REQUIRES_REVIEW	true
semantic-candidate:937f5f53a203b4ffac2b0c32	semantic-relation:27e5af50bb96ee95bc9e2942	COMPONENT_OF	COMPOUND_COMPONENT_PARSE_REQUIRES_REVIEW	true
semantic-candidate:9385782e51b51a1cf46a758f	semantic-relation:f67066c76be8de912327415d	INSTANCE_OR_SPECIFIC_FORM_OF	V2_CONTAINMENT_CANDIDATE_NOT_EQUIVALENCE	true
semantic-candidate:939ee7c6ce709e4d5df317d8	semantic-relation:7a53cc719ae094834414ff1f	INSTANCE_OR_SPECIFIC_FORM_OF	V2_CONTAINMENT_CANDIDATE_NOT_EQUIVALENCE	true
semantic-candidate:93bb132a0cbd240ab44fd247	semantic-relation:dbcda1d2299aacf0fa4c20ef	INSTANCE_OR_SPECIFIC_FORM_OF	V2_CONTAINMENT_CANDIDATE_NOT_EQUIVALENCE	true
semantic-candidate:93ca43d5c2c65287fdfbb72a	semantic-relation:ff4f8af3c698eae689b473a0	INSTANCE_OR_SPECIFIC_FORM_OF	V2_CONTAINMENT_CANDIDATE_NOT_EQUIVALENCE	true
semantic-candidate:93cd99c36f543c35ef23cf2f	semantic-relation:a1b182e1ede897e47c616117	COMPONENT_OF	COMPOUND_COMPONENT_PARSE_REQUIRES_REVIEW	true
semantic-candidate:93e13d0455a76d14aebe7258	semantic-relation:65cf3bda207373961e81d752	COMPONENT_OF	COMPOUND_COMPONENT_PARSE_REQUIRES_REVIEW	true
semantic-candidate:93ea19daf24f97a25b33cb7c	semantic-relation:c25630923e169f03f634dfed	INSTANCE_OR_SPECIFIC_FORM_OF	V2_CONTAINMENT_CANDIDATE_NOT_EQUIVALENCE	true
semantic-candidate:93f12298a304439587d86364	semantic-relation:422bad2ab1a2496d7506d317	MODIFIES	MODIFIER_PARSE_REQUIRES_REVIEW	true
semantic-candidate:93f7502214adb120c34118d3	semantic-relation:7cf0abf73cc54a2c29542eaa	INSTANCE_OR_SPECIFIC_FORM_OF	V2_CONTAINMENT_CANDIDATE_NOT_EQUIVALENCE	true
semantic-candidate:94006ee90fabb687340b7e3e	semantic-relation:3a77b2e06d63ddba3b77d08b	INSTANCE_OR_SPECIFIC_FORM_OF	V2_CONTAINMENT_CANDIDATE_NOT_EQUIVALENCE	true
semantic-candidate:94080a1855ec6aa26332f76f	semantic-relation:8e1a7e00cf5e3a91de623126	COMPONENT_OF	COMPOUND_COMPONENT_PARSE_REQUIRES_REVIEW	true
semantic-candidate:944ce3b60c12ea4d78365647	semantic-relation:6cc4c4b4bdcc826b17623d73	MODIFIES	MODIFIER_PARSE_REQUIRES_REVIEW	true
semantic-candidate:94570c3eebc54e64badfedbd	semantic-relation:16ff89b907168994162d6880	COMPONENT_OF	COMPOUND_COMPONENT_PARSE_REQUIRES_REVIEW	true
semantic-candidate:9459062cace2829523b74975	semantic-relation:2ef348a7d7f14289168dd365	COMPONENT_OF	COMPOUND_COMPONENT_PARSE_REQUIRES_REVIEW	true
semantic-candidate:945ab08a123fb0a59a3d8c73	semantic-relation:ec1f457239752063bf40cf69	INSTANCE_OR_SPECIFIC_FORM_OF	V2_CONTAINMENT_CANDIDATE_NOT_EQUIVALENCE	true
semantic-candidate:9465656462bd9e12b4561c84	semantic-relation:7ad3468f05aa805f1dbf7da4	COMPONENT_OF	COMPOUND_COMPONENT_PARSE_REQUIRES_REVIEW	true
semantic-candidate:947cdb654b54e5ca417b141a	semantic-relation:3685232829f251e5107c1876	INSTANCE_OR_SPECIFIC_FORM_OF	V2_CONTAINMENT_CANDIDATE_NOT_EQUIVALENCE	true
semantic-candidate:947f1ad2fb81ea7d34c0d0b7	semantic-relation:c0b2bae4356b9ebb799bb574	COMPONENT_OF	COMPOUND_COMPONENT_PARSE_REQUIRES_REVIEW	true
semantic-candidate:94898cae870fe8c6fed375c5	semantic-relation:bd039a6ade0894e79a298c0a	COMPONENT_OF	COMPOUND_COMPONENT_PARSE_REQUIRES_REVIEW	true
semantic-candidate:949c07f6fb12794bc379421d	semantic-relation:084c77097277aebfb1b8923c	COMPONENT_OF	COMPOUND_COMPONENT_PARSE_REQUIRES_REVIEW	true
semantic-candidate:949ed17ff1f789f00333f70e	semantic-relation:ef96b057969b6087c0e30348	INSTANCE_OR_SPECIFIC_FORM_OF	V2_CONTAINMENT_CANDIDATE_NOT_EQUIVALENCE	true
semantic-candidate:94a863bd59a62a1a5dbab6c2	semantic-relation:2abb90213f4317538ea7c501	INSTANCE_OR_SPECIFIC_FORM_OF	V2_CONTAINMENT_CANDIDATE_NOT_EQUIVALENCE	true
semantic-candidate:94ae9043a4b62d7b033d9213	semantic-relation:dc9cea0c60947f4d1f91d409	INSTANCE_OR_SPECIFIC_FORM_OF	V2_CONTAINMENT_CANDIDATE_NOT_EQUIVALENCE	true
semantic-candidate:94be697f679fc727e4d1eff4	semantic-relation:a9aee3cddfa1dcf650ad3e37	COMPONENT_OF	COMPOUND_COMPONENT_PARSE_REQUIRES_REVIEW	true
semantic-candidate:94c066a61efe54fa85a9a7d9	semantic-relation:0b420aed54319c23a13ce97b	COMPONENT_OF	COMPOUND_COMPONENT_PARSE_REQUIRES_REVIEW	true
semantic-candidate:94c2123d9d123d85a823dd2c	semantic-relation:019b81b16d9b078b8fbdd3f0	COMPONENT_OF	COMPOUND_COMPONENT_PARSE_REQUIRES_REVIEW	true
semantic-candidate:94d27c91c41df1dde26ae276	semantic-relation:430377431e8574dc3f09dc19	INSTANCE_OR_SPECIFIC_FORM_OF	V2_CONTAINMENT_CANDIDATE_NOT_EQUIVALENCE	true
semantic-candidate:94d821c45553fbeaeebc5a94	semantic-relation:714f12b78a087c37b874f5f6	MODIFIES	MODIFIER_PARSE_REQUIRES_REVIEW	true
semantic-candidate:94e45bd254f1bc565cad4679	semantic-relation:6593142df4b6918f750153be	INSTANCE_OR_SPECIFIC_FORM_OF	V2_CONTAINMENT_CANDIDATE_NOT_EQUIVALENCE	true
semantic-candidate:94e84abc6faf77379562cb17	semantic-relation:37b263236af97c4dcaed631c	INSTANCE_OR_SPECIFIC_FORM_OF	V2_CONTAINMENT_CANDIDATE_NOT_EQUIVALENCE	true
semantic-candidate:94f513aa7be13aaac75fd800	semantic-relation:86e2a45cf93b4647a11aca51	INSTANCE_OR_SPECIFIC_FORM_OF	V2_CONTAINMENT_CANDIDATE_NOT_EQUIVALENCE	true
semantic-candidate:94fc1c01cf711f9f45db7411	semantic-relation:0b5f4f8fa2bffe71e9c0a6d1	COMPONENT_OF	COMPOUND_COMPONENT_PARSE_REQUIRES_REVIEW	true
semantic-candidate:9505743e829a965983d27837	semantic-relation:821ab4d6d31922075d336a93	COMPONENT_OF	COMPOUND_COMPONENT_PARSE_REQUIRES_REVIEW	true
semantic-candidate:9505a95473e9c1bff0e40812	semantic-relation:eb258f1319be565471f6a2a6	COMPONENT_OF	COMPOUND_COMPONENT_PARSE_REQUIRES_REVIEW	true
semantic-candidate:95081aa4bfd88373365e622f	semantic-relation:49e69e44c26ba8a1705507a6	COMPONENT_OF	COMPOUND_COMPONENT_PARSE_REQUIRES_REVIEW	true
semantic-candidate:950eda28ef59aaca5b155bfd	semantic-relation:2249e0c4ca8e3fd07826ffd9	INSTANCE_OR_SPECIFIC_FORM_OF	V2_CONTAINMENT_CANDIDATE_NOT_EQUIVALENCE	true
semantic-candidate:9510a796d76a6b23f0da3b67	semantic-relation:57529598420308456d6bbd58	INSTANCE_OR_SPECIFIC_FORM_OF	V2_CONTAINMENT_CANDIDATE_NOT_EQUIVALENCE	true
semantic-candidate:9514ec715a85dbd95eb4743b	semantic-relation:809442f26c73cb25b85c2678	COMPONENT_OF	COMPOUND_COMPONENT_PARSE_REQUIRES_REVIEW	true
semantic-candidate:954c5bb84c260da75b1733a0	semantic-relation:9d188836bbfd36b0daf86caf	COMPONENT_OF	COMPOUND_COMPONENT_PARSE_REQUIRES_REVIEW	true
semantic-candidate:9553bc18d0fa2df609193dd3	semantic-relation:9ddb343f87712f91f043f49d	COMPONENT_OF	COMPOUND_COMPONENT_PARSE_REQUIRES_REVIEW	true
semantic-candidate:956237ea54356387fcbe5cf0	semantic-relation:bef457109e53113e209acf9c	COMPONENT_OF	COMPOUND_COMPONENT_PARSE_REQUIRES_REVIEW	true
semantic-candidate:956292afc2fdcdc5f98ff627	semantic-relation:d1c84a89e01753402bfd0f29	INSTANCE_OR_SPECIFIC_FORM_OF	V2_CONTAINMENT_CANDIDATE_NOT_EQUIVALENCE	true
semantic-candidate:956984c8920e721cfa246dce	semantic-relation:292c5aa3dd7cc2b9493c6245	INSTANCE_OR_SPECIFIC_FORM_OF	V2_CONTAINMENT_CANDIDATE_NOT_EQUIVALENCE	true
semantic-candidate:956e183ded5c70608d0fdd50	semantic-relation:53e6f9de7b858182e49d223a	INSTANCE_OR_SPECIFIC_FORM_OF	V2_CONTAINMENT_CANDIDATE_NOT_EQUIVALENCE	true
semantic-candidate:9588973437237570aa859885	semantic-relation:908b0df310db8a76a70d45c5	INSTANCE_OR_SPECIFIC_FORM_OF	V2_CONTAINMENT_CANDIDATE_NOT_EQUIVALENCE	true
semantic-candidate:95894b0e860084e3f3cd49c8	semantic-relation:0162e0bf1ff455dd5fc02a76	COMPONENT_OF	COMPOUND_COMPONENT_PARSE_REQUIRES_REVIEW	true
semantic-candidate:9598cf847d1f3090279d8a5a	semantic-relation:8ec7cd7c4c3c5f7b6087bfb2	COMPONENT_OF	COMPOUND_COMPONENT_PARSE_REQUIRES_REVIEW	true
semantic-candidate:959e55264912eeb62cd045ea	semantic-relation:243e04241762fdffe07ddfff	MODIFIES	MODIFIER_PARSE_REQUIRES_REVIEW	true
semantic-candidate:959f58354cc603778ec236fc	semantic-relation:f991da80d25445e05f6ad30a	INSTANCE_OR_SPECIFIC_FORM_OF	V2_CONTAINMENT_CANDIDATE_NOT_EQUIVALENCE	true
semantic-candidate:95ac7afd07d1fa402fcc1667	semantic-relation:b31ea3c4d87c87105d954550	COMPONENT_OF	COMPOUND_COMPONENT_PARSE_REQUIRES_REVIEW	true
semantic-candidate:95b26565f24c35a19f433c2d	semantic-relation:2a0faca6ad5bde453fcce0cc	COMPONENT_OF	COMPOUND_COMPONENT_PARSE_REQUIRES_REVIEW	true
semantic-candidate:95c1b0ff9598e7c23c6fb1c5	semantic-relation:19a20b0e2dc2fb3cc669604b	INSTANCE_OR_SPECIFIC_FORM_OF	V2_CONTAINMENT_CANDIDATE_NOT_EQUIVALENCE	true
semantic-candidate:95d6559d366e7a7780ad4935	semantic-relation:aabf9fc8a81e350b0c8d4804	COMPONENT_OF	COMPOUND_COMPONENT_PARSE_REQUIRES_REVIEW	true
semantic-candidate:95e730c6d1f005573a0c62c7	semantic-relation:3b1a309d69b025a048039c9e	INSTANCE_OR_SPECIFIC_FORM_OF	V2_CONTAINMENT_CANDIDATE_NOT_EQUIVALENCE	true
semantic-candidate:95e739e7fbcd79fa7f221d7b	semantic-relation:b5586c0b72aa5258d97f6dac	INSTANCE_OR_SPECIFIC_FORM_OF	V2_CONTAINMENT_CANDIDATE_NOT_EQUIVALENCE	true
semantic-candidate:95fa2cd3b0434fa94840c74a	semantic-relation:17e03114a3a975fd91d950ba	INSTANCE_OR_SPECIFIC_FORM_OF	V2_CONTAINMENT_CANDIDATE_NOT_EQUIVALENCE	true
semantic-candidate:95fb60656d2d8330ccf3b533	semantic-relation:d61a180f2c8f6b02b0155464	COMPONENT_OF	COMPOUND_COMPONENT_PARSE_REQUIRES_REVIEW	true
semantic-candidate:95ffe4ec4fa24fe6a6a940b7	semantic-relation:488a6461a7b7e6b364a7ecb5	INSTANCE_OR_SPECIFIC_FORM_OF	V2_CONTAINMENT_CANDIDATE_NOT_EQUIVALENCE	true
semantic-candidate:9606c26705a1a86a07f932f5	semantic-relation:8bf68cb66f5c51ae7f537887	INSTANCE_OR_SPECIFIC_FORM_OF	V2_CONTAINMENT_CANDIDATE_NOT_EQUIVALENCE	true
semantic-candidate:9617c321b90eec4f15faa146	semantic-relation:d007da75ca4f570c2c598a5e	INSTANCE_OR_SPECIFIC_FORM_OF	V2_CONTAINMENT_CANDIDATE_NOT_EQUIVALENCE	true
semantic-candidate:961b58b2a10955e4bcd40a69	semantic-relation:eb6380f9d087aff84fa0eff4	INSTANCE_OR_SPECIFIC_FORM_OF	V2_CONTAINMENT_CANDIDATE_NOT_EQUIVALENCE	true
semantic-candidate:962a4e7292a6ddc874b52bb3	semantic-relation:799ec87b19968a95bdbe5775	COMPONENT_OF	COMPOUND_COMPONENT_PARSE_REQUIRES_REVIEW	true
semantic-candidate:962efb271acede556f06cfdc	semantic-relation:1a12bee3bba131b64ce099a5	INSTANCE_OR_SPECIFIC_FORM_OF	V2_CONTAINMENT_CANDIDATE_NOT_EQUIVALENCE	true
semantic-candidate:96310706efa3862cc98b5ab7	semantic-relation:884cabcb13d9d7bc27453b5a	COMPONENT_OF	COMPOUND_COMPONENT_PARSE_REQUIRES_REVIEW	true
semantic-candidate:964836fa0330dd3442c04eda	semantic-relation:7eb970208d55e7d2ab6f2a53	COMPONENT_OF	COMPOUND_COMPONENT_PARSE_REQUIRES_REVIEW	true
semantic-candidate:964f9dc01ee9fc434b7ac627	semantic-relation:9ff50b6fef4c41639f804f4d	INSTANCE_OR_SPECIFIC_FORM_OF	V2_CONTAINMENT_CANDIDATE_NOT_EQUIVALENCE	true
semantic-candidate:965311da96fe07b6ffde6101	semantic-relation:eeec25b97ce3daf0256533a3	COMPONENT_OF	COMPOUND_COMPONENT_PARSE_REQUIRES_REVIEW	true
semantic-candidate:965a4e109357411fe16abb3c	semantic-relation:2d2f6a46d4b76dfb7ac15acd	INSTANCE_OR_SPECIFIC_FORM_OF	V2_CONTAINMENT_CANDIDATE_NOT_EQUIVALENCE	true
semantic-candidate:9668677138351c0bed4fb5fa	semantic-relation:717c3f3a36194de03a5b93f7	COMPONENT_OF	COMPOUND_COMPONENT_PARSE_REQUIRES_REVIEW	true
semantic-candidate:968eb787115268df6b9c33c3	semantic-relation:b51edeb28cc08fb2e87ae41b	INSTANCE_OR_SPECIFIC_FORM_OF	V2_CONTAINMENT_CANDIDATE_NOT_EQUIVALENCE	true
semantic-candidate:969a1db0008a75e4e0e8c718	semantic-relation:b12ae0b58994d756ed506d7b	COMPONENT_OF	COMPOUND_COMPONENT_PARSE_REQUIRES_REVIEW	true
semantic-candidate:96c332769a97193d2956dd6f	semantic-relation:76132651aeab94e73e960095	INSTANCE_OR_SPECIFIC_FORM_OF	V2_CONTAINMENT_CANDIDATE_NOT_EQUIVALENCE	true
semantic-candidate:96e78320d30e47765588915b	semantic-relation:18ef7b422996a2a55975c4e8	INSTANCE_OR_SPECIFIC_FORM_OF	V2_CONTAINMENT_CANDIDATE_NOT_EQUIVALENCE	true
semantic-candidate:96e83592a35b02821a8afc29	semantic-relation:013ac577b26b8f9cb511e18d	INSTANCE_OR_SPECIFIC_FORM_OF	V2_CONTAINMENT_CANDIDATE_NOT_EQUIVALENCE	true
semantic-candidate:96ed5a5782fafcb811d388e0	semantic-relation:fece5e57995934163fba5b45	COMPONENT_OF	COMPOUND_COMPONENT_PARSE_REQUIRES_REVIEW	true
semantic-candidate:96fb962de00ac55c0189655a	semantic-relation:fc3ac88b2ae7c3faabe98ccc	INSTANCE_OR_SPECIFIC_FORM_OF	V2_CONTAINMENT_CANDIDATE_NOT_EQUIVALENCE	true
semantic-candidate:96fd34862b2cefc429aceb83	semantic-relation:b92c7ffa861fb5ea26af1728	COMPONENT_OF	COMPOUND_COMPONENT_PARSE_REQUIRES_REVIEW	true
semantic-candidate:970f4705129f21820d3b1eec	semantic-relation:2a87a3cd747ab7acf8f3acb5	MODIFIES	MODIFIER_PARSE_REQUIRES_REVIEW	true
semantic-candidate:97199664ec53a182e6de4264	semantic-relation:2a9e7dc08dd81de451f72a18	INSTANCE_OR_SPECIFIC_FORM_OF	V2_CONTAINMENT_CANDIDATE_NOT_EQUIVALENCE	true
semantic-candidate:9722ed898eb4efb5f5635d73	semantic-relation:1e06654ed0b4514f64efc879	INSTANCE_OR_SPECIFIC_FORM_OF	V2_CONTAINMENT_CANDIDATE_NOT_EQUIVALENCE	true
semantic-candidate:9725c800508590f986e1f340	semantic-relation:dce6f3bf40765adf95847413	COMPONENT_OF	COMPOUND_COMPONENT_PARSE_REQUIRES_REVIEW	true
semantic-candidate:973ee94425df336b6db96ff0	semantic-relation:7a606df3480a927c616a9727	INSTANCE_OR_SPECIFIC_FORM_OF	V2_CONTAINMENT_CANDIDATE_NOT_EQUIVALENCE	true
semantic-candidate:973f32cd49df4b7e53ad78e4	semantic-relation:25afad7c6e6538da23054b6a	INSTANCE_OR_SPECIFIC_FORM_OF	V2_CONTAINMENT_CANDIDATE_NOT_EQUIVALENCE	true
semantic-candidate:9741cf90f0f36622f6230555	semantic-relation:d9647136cc7a788071ab4b76	INSTANCE_OR_SPECIFIC_FORM_OF	V2_CONTAINMENT_CANDIDATE_NOT_EQUIVALENCE	true
semantic-candidate:974d2a8cf3fdf6dfc3d81050	semantic-relation:631503b037f33422338e8734	INSTANCE_OR_SPECIFIC_FORM_OF	V2_CONTAINMENT_CANDIDATE_NOT_EQUIVALENCE	true
semantic-candidate:9763a77feb23172dcb2902bd	semantic-relation:d78898eea69665b9ddb9305d	MODIFIES	MODIFIER_PARSE_REQUIRES_REVIEW	true
semantic-candidate:97656d09e10176ec0ce1ef2f	semantic-relation:9c0907d14a6670392ef247d8	INSTANCE_OR_SPECIFIC_FORM_OF	V2_CONTAINMENT_CANDIDATE_NOT_EQUIVALENCE	true
semantic-candidate:97ab911e942260164c4b9e88	semantic-relation:b680579d451f091614ecb666	COMPONENT_OF	COMPOUND_COMPONENT_PARSE_REQUIRES_REVIEW	true
semantic-candidate:97b601636d4348d94dbf1055	semantic-relation:83fc04fc386b83fffc789f5e	MODIFIES	MODIFIER_PARSE_REQUIRES_REVIEW	true
semantic-candidate:97c5202bc6394a7ea44ffb0f	semantic-relation:74fdb6fe73f28f8dfebaccf7	COMPONENT_OF	COMPOUND_COMPONENT_PARSE_REQUIRES_REVIEW	true
semantic-candidate:97cb256d67f0d436cf308f2c	semantic-relation:0236778e7de91626af9736bd	INSTANCE_OR_SPECIFIC_FORM_OF	V2_CONTAINMENT_CANDIDATE_NOT_EQUIVALENCE	true
semantic-candidate:97d65d8140758ee24870030e	semantic-relation:292dc220b6642d3fb61168e2	COMPONENT_OF	COMPOUND_COMPONENT_PARSE_REQUIRES_REVIEW	true
semantic-candidate:97db5fc5fb5e899fd9e510e3	semantic-relation:f1e3811ecd615eed4a5c140f	INSTANCE_OR_SPECIFIC_FORM_OF	V2_CONTAINMENT_CANDIDATE_NOT_EQUIVALENCE	true
semantic-candidate:97ddee934164bfde24003c99	semantic-relation:374e88b965b304404f9c57a0	INSTANCE_OR_SPECIFIC_FORM_OF	V2_CONTAINMENT_CANDIDATE_NOT_EQUIVALENCE	true
semantic-candidate:97e35aaf0e92e4dd39071516	semantic-relation:0adafed8b585c61ad23f9f83	INSTANCE_OR_SPECIFIC_FORM_OF	V2_CONTAINMENT_CANDIDATE_NOT_EQUIVALENCE	true
semantic-candidate:97e3a5beb38fe452c42d527b	semantic-relation:619b31ca65417fd4736a26c3	INSTANCE_OR_SPECIFIC_FORM_OF	V2_CONTAINMENT_CANDIDATE_NOT_EQUIVALENCE	true
semantic-candidate:97e923f91079430ec7a4412a	semantic-relation:20d6316cfa5ac24f6ab7e155	COMPONENT_OF	COMPOUND_COMPONENT_PARSE_REQUIRES_REVIEW	true
semantic-candidate:97f0dbfc66ce4c7ccf79b215	semantic-relation:9cd1ceb7317c09129d9370d8	MODIFIES	MODIFIER_PARSE_REQUIRES_REVIEW	true
semantic-candidate:97f2557eb24e1a6b1d93a6c1	semantic-relation:239458d481dbdeb84191ff83	INSTANCE_OR_SPECIFIC_FORM_OF	V2_CONTAINMENT_CANDIDATE_NOT_EQUIVALENCE	true
semantic-candidate:97f955cb08500c52787b851a	semantic-relation:600857ee97595418f1febaf3	INSTANCE_OR_SPECIFIC_FORM_OF	V2_CONTAINMENT_CANDIDATE_NOT_EQUIVALENCE	true
semantic-candidate:980f17069ea56ff44cafd735	semantic-relation:1cb6fdcb1050ed864f52232b	INSTANCE_OR_SPECIFIC_FORM_OF	V2_CONTAINMENT_CANDIDATE_NOT_EQUIVALENCE	true
semantic-candidate:98199fbda7c015413bcf7bb8	semantic-relation:3390b9d4c4f0c1da012c0047	INSTANCE_OR_SPECIFIC_FORM_OF	V2_CONTAINMENT_CANDIDATE_NOT_EQUIVALENCE	true
semantic-candidate:9829a8757c7b1807458241c9	semantic-relation:71eb8842d77a3878e33d259c	MODIFIES	MODIFIER_PARSE_REQUIRES_REVIEW	true
semantic-candidate:9847696dad1eed0cddd48ecf	semantic-relation:5531ec6711fb6f8d88317df0	INSTANCE_OR_SPECIFIC_FORM_OF	V2_CONTAINMENT_CANDIDATE_NOT_EQUIVALENCE	true
semantic-candidate:986fae59328c812c19311f73	semantic-relation:5355881119ee47ccc1e12bd3	INSTANCE_OR_SPECIFIC_FORM_OF	V2_CONTAINMENT_CANDIDATE_NOT_EQUIVALENCE	true
semantic-candidate:988bcd44aadb6369cfb47b16	semantic-relation:a8529e31351d4b9d52ca5b9b	COMPONENT_OF	COMPOUND_COMPONENT_PARSE_REQUIRES_REVIEW	true
semantic-candidate:988d9a85adcf5b1c787d68cd	semantic-relation:9771d8361fa4461e58b7853e	INSTANCE_OR_SPECIFIC_FORM_OF	V2_CONTAINMENT_CANDIDATE_NOT_EQUIVALENCE	true
semantic-candidate:988f8862765c74181ae52e34	semantic-relation:47acbcc1c2f6b348b72dea6c	MODIFIES	MODIFIER_PARSE_REQUIRES_REVIEW	true
semantic-candidate:98a2c8233216ab5a555e9118	semantic-relation:e2386d1d1a8dc80f6b4d4440	COMPONENT_OF	COMPOUND_COMPONENT_PARSE_REQUIRES_REVIEW	true
semantic-candidate:98abb1f4611744dd520c9c5e	semantic-relation:723d414c1c129ca1bfe0f237	INSTANCE_OR_SPECIFIC_FORM_OF	V2_CONTAINMENT_CANDIDATE_NOT_EQUIVALENCE	true
semantic-candidate:98b0bbbedc528a7fb72d9f7b	semantic-relation:73c7a2bbe7d12b07d5991e18	INSTANCE_OR_SPECIFIC_FORM_OF	V2_CONTAINMENT_CANDIDATE_NOT_EQUIVALENCE	true
semantic-candidate:98e7ef3338bc3bc8575fe1a9	semantic-relation:db0c8258221172d6048b3030	COMPONENT_OF	COMPOUND_COMPONENT_PARSE_REQUIRES_REVIEW	true
semantic-candidate:98ed0d072c8b85302216bbe0	semantic-relation:25cb55da8a57e8ea6407b66b	INSTANCE_OR_SPECIFIC_FORM_OF	V2_CONTAINMENT_CANDIDATE_NOT_EQUIVALENCE	true
semantic-candidate:990852566f5f9e94e78107ea	semantic-relation:7b4bce12525b096d339d9263	MODIFIES	MODIFIER_PARSE_REQUIRES_REVIEW	true
semantic-candidate:9909891421507af2f881dc1a	semantic-relation:68458b819f0144c87beb6bd2	INSTANCE_OR_SPECIFIC_FORM_OF	V2_CONTAINMENT_CANDIDATE_NOT_EQUIVALENCE	true
semantic-candidate:991227f5daed1373424479f4	semantic-relation:1dce3de6f2d9debf87b4f8e3	INSTANCE_OR_SPECIFIC_FORM_OF	V2_CONTAINMENT_CANDIDATE_NOT_EQUIVALENCE	true
semantic-candidate:9925140ca7b6a04ea7000a79	semantic-relation:65d0fce6040a147abdb3f5d2	INSTANCE_OR_SPECIFIC_FORM_OF	V2_CONTAINMENT_CANDIDATE_NOT_EQUIVALENCE	true
semantic-candidate:9926c45648e3d20a23f80e4e	semantic-relation:d0ca797bc69364c84334deab	COMPONENT_OF	COMPOUND_COMPONENT_PARSE_REQUIRES_REVIEW	true
semantic-candidate:99293d0de3eec108e6811de5	semantic-relation:0d43dc257e8c7092c5ad1f2a	COMPONENT_OF	COMPOUND_COMPONENT_PARSE_REQUIRES_REVIEW	true
semantic-candidate:99389d6086d44e8fe338853e	semantic-relation:82298da58dcf22e6d3f405ad	INSTANCE_OR_SPECIFIC_FORM_OF	V2_CONTAINMENT_CANDIDATE_NOT_EQUIVALENCE	true
semantic-candidate:993a2cb359b222d1f5f66dd8	semantic-relation:4d84b4ab5899981de7f48a31	COMPONENT_OF	COMPOUND_COMPONENT_PARSE_REQUIRES_REVIEW	true
semantic-candidate:9945665dc1fd3f3ce3580e70	semantic-relation:f502b904498194153f0f0f67	COMPONENT_OF	COMPOUND_COMPONENT_PARSE_REQUIRES_REVIEW	true
semantic-candidate:994e36b346031204ad0610ee	semantic-relation:8ac5268287e23aefac796f9d	COMPONENT_OF	COMPOUND_COMPONENT_PARSE_REQUIRES_REVIEW	true
semantic-candidate:99501de608ac8998f33749cd	semantic-relation:606c68b19eb91969cafa9435	INSTANCE_OR_SPECIFIC_FORM_OF	V2_CONTAINMENT_CANDIDATE_NOT_EQUIVALENCE	true
semantic-candidate:996b19d422d464376bcec99e	semantic-relation:d554369fbcdbb0f2740f7be5	INSTANCE_OR_SPECIFIC_FORM_OF	V2_CONTAINMENT_CANDIDATE_NOT_EQUIVALENCE	true
semantic-candidate:99900a72276fd9f97e88e17b	semantic-relation:bc3e9ccb81c68ebea8f87253	COMPONENT_OF	COMPOUND_COMPONENT_PARSE_REQUIRES_REVIEW	true
semantic-candidate:99916df911e59299c62704a9	semantic-relation:731c1c8bebc343d636bd8a69	COMPONENT_OF	COMPOUND_COMPONENT_PARSE_REQUIRES_REVIEW	true
semantic-candidate:99963f6af89bb37eb0f77f9e	semantic-relation:407a5b589751ec0472f0f68f	INSTANCE_OR_SPECIFIC_FORM_OF	V2_CONTAINMENT_CANDIDATE_NOT_EQUIVALENCE	true
semantic-candidate:99a16ab792e2ebef33591404	semantic-relation:f3a1bb595a11f29a8d654e58	INSTANCE_OR_SPECIFIC_FORM_OF	V2_CONTAINMENT_CANDIDATE_NOT_EQUIVALENCE	true
semantic-candidate:99b5c7a3d04e65e5e80e6cf0	semantic-relation:e532c536fa42d8d0ca62d57a	COMPONENT_OF	COMPOUND_COMPONENT_PARSE_REQUIRES_REVIEW	true
semantic-candidate:99bd0967beb387a9dc9b68ea	semantic-relation:f97acb43b4b508538a500e92	COMPONENT_OF	COMPOUND_COMPONENT_PARSE_REQUIRES_REVIEW	true
semantic-candidate:99d5fd0c4af34e9287d2fea6	semantic-relation:ff5120f15d6417ad007ec349	MODIFIES	MODIFIER_PARSE_REQUIRES_REVIEW	true
semantic-candidate:99ef43b71d0c240c4459b1d4	semantic-relation:2f415cb20e39948778d4300f	INSTANCE_OR_SPECIFIC_FORM_OF	V2_CONTAINMENT_CANDIDATE_NOT_EQUIVALENCE	true
semantic-candidate:99fa604feb870f7f8aea7c0d	semantic-relation:9084b86a0760c4e8e0eba0cf	COMPONENT_OF	COMPOUND_COMPONENT_PARSE_REQUIRES_REVIEW	true
semantic-candidate:9a097e674a08aa47dc51d00c	semantic-relation:1255dc27f841a43ee37f32de	INSTANCE_OR_SPECIFIC_FORM_OF	V2_CONTAINMENT_CANDIDATE_NOT_EQUIVALENCE	true
semantic-candidate:9a26af1b894e80a9b5572827	semantic-relation:d7f424a96f6901ab6f236e57	INSTANCE_OR_SPECIFIC_FORM_OF	V2_CONTAINMENT_CANDIDATE_NOT_EQUIVALENCE	true
semantic-candidate:9a2b4a65e9616f74ba61f581	semantic-relation:39a6e043eea1838f2784dfd2	COMPONENT_OF	COMPOUND_COMPONENT_PARSE_REQUIRES_REVIEW	true
semantic-candidate:9a378682632dbd7b894a51ce	semantic-relation:2e6188bae3daf548c3715bfb	INSTANCE_OR_SPECIFIC_FORM_OF	V2_CONTAINMENT_CANDIDATE_NOT_EQUIVALENCE	true
semantic-candidate:9a3ce7e970210d859fa2bd8d	semantic-relation:9ccd563aff82a310e1b45758	INSTANCE_OR_SPECIFIC_FORM_OF	V2_CONTAINMENT_CANDIDATE_NOT_EQUIVALENCE	true
semantic-candidate:9a58d3cbb3973c831504b467	semantic-relation:86693da48dd9b7ebd2bd167e	COMPONENT_OF	COMPOUND_COMPONENT_PARSE_REQUIRES_REVIEW	true
semantic-candidate:9aabdfed7eab27011e572a3c	semantic-relation:9408e5aa5e357897aa0a5678	MODIFIES	MODIFIER_PARSE_REQUIRES_REVIEW	true
semantic-candidate:9aaf85cfa2e3f84c8ec595f1	semantic-relation:13ce824a9fd58c5a723bfb0e	INSTANCE_OR_SPECIFIC_FORM_OF	V2_CONTAINMENT_CANDIDATE_NOT_EQUIVALENCE	true
semantic-candidate:9ab5da2166165643221a0317	semantic-relation:16f6b2cb9cde34205b0bed03	MODIFIES	MODIFIER_PARSE_REQUIRES_REVIEW	true
semantic-candidate:9ab6089bbb7dc2f362fcb609	semantic-relation:9bd97a07ac41bc7d462437b0	INSTANCE_OR_SPECIFIC_FORM_OF	V2_CONTAINMENT_CANDIDATE_NOT_EQUIVALENCE	true
semantic-candidate:9ae6c0c16ca576ed66d5ec90	semantic-relation:52e3fba73ca653a303ac4abb	INSTANCE_OR_SPECIFIC_FORM_OF	V2_CONTAINMENT_CANDIDATE_NOT_EQUIVALENCE	true
semantic-candidate:9aedcf0e276c1de3c832c033	semantic-relation:00dac6e5a93b156bb11e4e11	INSTANCE_OR_SPECIFIC_FORM_OF	V2_CONTAINMENT_CANDIDATE_NOT_EQUIVALENCE	true
semantic-candidate:9aff6e2ded21a6637c2f71a1	semantic-relation:6a5b7faca3192af88047bc0c	INSTANCE_OR_SPECIFIC_FORM_OF	V2_CONTAINMENT_CANDIDATE_NOT_EQUIVALENCE	true
semantic-candidate:9b043674aada30ed69bdbf08	semantic-relation:8f9322bb70771f1a574b1b20	INSTANCE_OR_SPECIFIC_FORM_OF	V2_CONTAINMENT_CANDIDATE_NOT_EQUIVALENCE	true
semantic-candidate:9b1742ae6d11a5c79a24e090	semantic-relation:19a88cc68ef6955873668b61	COMPONENT_OF	COMPOUND_COMPONENT_PARSE_REQUIRES_REVIEW	true
semantic-candidate:9b28f3c810599d7ca21bacac	semantic-relation:f3eb97319af7b5063ac90d8c	COMPONENT_OF	COMPOUND_COMPONENT_PARSE_REQUIRES_REVIEW	true
semantic-candidate:9b2930679ba2f609a2ba7615	semantic-relation:90c4f7a94e7f702c30c859f2	INSTANCE_OR_SPECIFIC_FORM_OF	V2_CONTAINMENT_CANDIDATE_NOT_EQUIVALENCE	true
semantic-candidate:9b2f03f69d0f00cf534173f5	semantic-relation:6a766debfb46b7510d1adac7	MODIFIES	MODIFIER_PARSE_REQUIRES_REVIEW	true
semantic-candidate:9b34fbdc2a9fe077069f273e	semantic-relation:c9ee22647171204c9423c622	COMPONENT_OF	COMPOUND_COMPONENT_PARSE_REQUIRES_REVIEW	true
semantic-candidate:9b39b14405b9fa7dd0870db1	semantic-relation:98867c0cba8b53e6f6e1ec2d	INSTANCE_OR_SPECIFIC_FORM_OF	V2_CONTAINMENT_CANDIDATE_NOT_EQUIVALENCE	true
semantic-candidate:9b3a2b8e5b2731db77a84f38	semantic-relation:095171d042266e05a507fc84	MODIFIES	MODIFIER_PARSE_REQUIRES_REVIEW	true
semantic-candidate:9b4175f96ff98f3218956ca6	semantic-relation:dfc403695cb145461f89d1ad	COMPONENT_OF	COMPOUND_COMPONENT_PARSE_REQUIRES_REVIEW	true
semantic-candidate:9b41f67de4a16f49e3031a4f	semantic-relation:4f8b70d9372f96bbe3e2c6b7	INSTANCE_OR_SPECIFIC_FORM_OF	V2_CONTAINMENT_CANDIDATE_NOT_EQUIVALENCE	true
semantic-candidate:9b57edbc3369b2c3438008ef	semantic-relation:2b1861c6b9467b0603caac2d	INSTANCE_OR_SPECIFIC_FORM_OF	V2_CONTAINMENT_CANDIDATE_NOT_EQUIVALENCE	true
semantic-candidate:9b5dbfa21c2a2ee55c5fd737	semantic-relation:48a388ac4ee9209c2672f4e3	COMPONENT_OF	COMPOUND_COMPONENT_PARSE_REQUIRES_REVIEW	true
semantic-candidate:9b62db2f63fdd08b47717fa0	semantic-relation:02031fe3e9088d2747d3fb11	INSTANCE_OR_SPECIFIC_FORM_OF	V2_CONTAINMENT_CANDIDATE_NOT_EQUIVALENCE	true
semantic-candidate:9b64a9bba68ad8172882aca3	semantic-relation:742c0e5bedba4f56b53de983	INSTANCE_OR_SPECIFIC_FORM_OF	V2_CONTAINMENT_CANDIDATE_NOT_EQUIVALENCE	true
semantic-candidate:9b7f03a0c69f20d3cdc9175a	semantic-relation:b375b87326a9895f05e08b80	COMPONENT_OF	COMPOUND_COMPONENT_PARSE_REQUIRES_REVIEW	true
semantic-candidate:9b80e596b199453913370b7a	semantic-relation:e038363f712350c754a4e3e4	INSTANCE_OR_SPECIFIC_FORM_OF	V2_CONTAINMENT_CANDIDATE_NOT_EQUIVALENCE	true
semantic-candidate:9b852a4bbd68d092840f7f75	semantic-relation:ac7b70397c949a891f5d9f8c	COMPONENT_OF	COMPOUND_COMPONENT_PARSE_REQUIRES_REVIEW	true
semantic-candidate:9b8f4dc7da1cd5ad5825a476	semantic-relation:2ae360f07c3c94d041bb9ee5	INSTANCE_OR_SPECIFIC_FORM_OF	V2_CONTAINMENT_CANDIDATE_NOT_EQUIVALENCE	true
semantic-candidate:9b99f7c514a1055f2d8291b3	semantic-relation:e44d1048bed23faa40bf24fb	COMPONENT_OF	COMPOUND_COMPONENT_PARSE_REQUIRES_REVIEW	true
semantic-candidate:9b9a7dd98d5c0f807ca2d73a	semantic-relation:9c3cad12c71421107b99360d	COMPONENT_OF	COMPOUND_COMPONENT_PARSE_REQUIRES_REVIEW	true
semantic-candidate:9bb083a0b14ac9559dc9004a	semantic-relation:4f417387a314cba1688b9abf	INSTANCE_OR_SPECIFIC_FORM_OF	V2_CONTAINMENT_CANDIDATE_NOT_EQUIVALENCE	true
semantic-candidate:9bb3ca7607d38d144a28711c	semantic-relation:8b1675088cfa220b2f073cc8	COMPONENT_OF	COMPOUND_COMPONENT_PARSE_REQUIRES_REVIEW	true
semantic-candidate:9beb0731d4f1435ac4e8b678	semantic-relation:d2c22704b7c9eb398d055281	COMPONENT_OF	COMPOUND_COMPONENT_PARSE_REQUIRES_REVIEW	true
semantic-candidate:9bef9cc20c27cb9b9d1caf01	semantic-relation:578dc701ebd2a9116e760f15	MODIFIES	MODIFIER_PARSE_REQUIRES_REVIEW	true
semantic-candidate:9bfb1a0b7a97d95edce924d4	semantic-relation:e99604da2cd4406c3956e18a	MODIFIES	MODIFIER_PARSE_REQUIRES_REVIEW	true
semantic-candidate:9bfc5aad590d8bd620ac5a84	semantic-relation:2f2351619983ccfab016722c	COMPONENT_OF	COMPOUND_COMPONENT_PARSE_REQUIRES_REVIEW	true
semantic-candidate:9c0d18383d21697eef66380a	semantic-relation:687554a2b847a0f613281873	COMPONENT_OF	COMPOUND_COMPONENT_PARSE_REQUIRES_REVIEW	true
semantic-candidate:9c0dd38cad347bf06eff944a	semantic-relation:d070db9fb4c1974c862b6e50	COMPONENT_OF	COMPOUND_COMPONENT_PARSE_REQUIRES_REVIEW	true
semantic-candidate:9c414569941871537ac74b74	semantic-relation:e50de954ee21ac9b65175f53	MODIFIES	MODIFIER_PARSE_REQUIRES_REVIEW	true
semantic-candidate:9c4cef36f1d12284280401dc	semantic-relation:62fb54de80e22614d7f3665c	COMPONENT_OF	COMPOUND_COMPONENT_PARSE_REQUIRES_REVIEW	true
semantic-candidate:9c6423548401cfa318abbea2	semantic-relation:9b52b1b14ef634d5210e8c39	INSTANCE_OR_SPECIFIC_FORM_OF	V2_CONTAINMENT_CANDIDATE_NOT_EQUIVALENCE	true
semantic-candidate:9c6e3913481a7a28caed1878	semantic-relation:f0c8b57ba84ba85468b97c8e	COMPONENT_OF	COMPOUND_COMPONENT_PARSE_REQUIRES_REVIEW	true
semantic-candidate:9c9c1a433c68ba922d256b0a	semantic-relation:514be3319707b649d5518c72	INSTANCE_OR_SPECIFIC_FORM_OF	V2_CONTAINMENT_CANDIDATE_NOT_EQUIVALENCE	true
semantic-candidate:9ca4a90100c0c85b9850be0b	semantic-relation:74ce0099e9846428c0135ca3	INSTANCE_OR_SPECIFIC_FORM_OF	V2_CONTAINMENT_CANDIDATE_NOT_EQUIVALENCE	true
semantic-candidate:9ca52b3523cb6f459be23f4f	semantic-relation:2d32138844c143eab0b8e376	INSTANCE_OR_SPECIFIC_FORM_OF	V2_CONTAINMENT_CANDIDATE_NOT_EQUIVALENCE	true
semantic-candidate:9caa0918d9243ea22e82961b	semantic-relation:8474eb358be9a7529372bac1	MODIFIES	MODIFIER_PARSE_REQUIRES_REVIEW	true
semantic-candidate:9cc6d2898a9d3b1c0ed79f68	semantic-relation:4351941697fad223b7445216	INSTANCE_OR_SPECIFIC_FORM_OF	V2_CONTAINMENT_CANDIDATE_NOT_EQUIVALENCE	true
semantic-candidate:9ccf3ad733d2d3329c244292	semantic-relation:3fb3aebe9512401a71dcfdea	MODIFIES	MODIFIER_PARSE_REQUIRES_REVIEW	true
semantic-candidate:9cd4ae183dfba6a14defef80	semantic-relation:862154f2147abf94f42a34fe	INSTANCE_OR_SPECIFIC_FORM_OF	V2_CONTAINMENT_CANDIDATE_NOT_EQUIVALENCE	true
semantic-candidate:9cd8522938bd9dc89d04e7f4	semantic-relation:2549e34fd2e429932b32b225	INSTANCE_OR_SPECIFIC_FORM_OF	V2_CONTAINMENT_CANDIDATE_NOT_EQUIVALENCE	true
semantic-candidate:9cdda3cac0ddac8b13b81e78	semantic-relation:bb58764e33029c09e2c0affd	INSTANCE_OR_SPECIFIC_FORM_OF	V2_CONTAINMENT_CANDIDATE_NOT_EQUIVALENCE	true
semantic-candidate:9ce449647e98de992d252d51	semantic-relation:dcba40f5595b633d9dabde44	INSTANCE_OR_SPECIFIC_FORM_OF	V2_CONTAINMENT_CANDIDATE_NOT_EQUIVALENCE	true
semantic-candidate:9ce89a19e1a68abb3a520884	semantic-relation:21b5e3012673a449d764a795	MODIFIES	MODIFIER_PARSE_REQUIRES_REVIEW	true
semantic-candidate:9cec8b970f4ef2c59afa771c	semantic-relation:5c01d6dbbc7e6ac6057a05eb	COMPONENT_OF	COMPOUND_COMPONENT_PARSE_REQUIRES_REVIEW	true
semantic-candidate:9d07b5ae7c1a3c1444e357df	semantic-relation:419793d25fcaab42923ea7ab	INSTANCE_OR_SPECIFIC_FORM_OF	V2_CONTAINMENT_CANDIDATE_NOT_EQUIVALENCE	true
semantic-candidate:9d07f4277269199c357f6bab	semantic-relation:8d7b298d1436ed0b5f1d2e65	COMPONENT_OF	COMPOUND_COMPONENT_PARSE_REQUIRES_REVIEW	true
semantic-candidate:9d11434e74dd7e01e5dc3fb8	semantic-relation:4bafddf3dc96e024a401a97d	INSTANCE_OR_SPECIFIC_FORM_OF	V2_CONTAINMENT_CANDIDATE_NOT_EQUIVALENCE	true
semantic-candidate:9d1f2bf750e0ea01df0f3c76	semantic-relation:6c17e2169d12175673a5b0d7	COMPONENT_OF	COMPOUND_COMPONENT_PARSE_REQUIRES_REVIEW	true
semantic-candidate:9d292fe33f10a7e680c1fce3	semantic-relation:5dce4af179244fca6820db8a	COMPONENT_OF	COMPOUND_COMPONENT_PARSE_REQUIRES_REVIEW	true
semantic-candidate:9d4fd1f9288cb7e0567641a0	semantic-relation:d14d98d34770c732ca2128c2	INSTANCE_OR_SPECIFIC_FORM_OF	V2_CONTAINMENT_CANDIDATE_NOT_EQUIVALENCE	true
semantic-candidate:9d517f060358f13398903916	semantic-relation:730b9750add5aa0453c62a8e	COMPONENT_OF	COMPOUND_COMPONENT_PARSE_REQUIRES_REVIEW	true
semantic-candidate:9d820de4e26c2b6875273653	semantic-relation:ba1cb42269acdc90daf564f8	COMPONENT_OF	COMPOUND_COMPONENT_PARSE_REQUIRES_REVIEW	true
semantic-candidate:9d8a9a6b63f2b86cc7194782	semantic-relation:132066fde351aa4d551f696e	COMPONENT_OF	COMPOUND_COMPONENT_PARSE_REQUIRES_REVIEW	true
semantic-candidate:9d934cd9cd14c2c63e54191f	semantic-relation:d956d0f8754902e966f69308	COMPONENT_OF	COMPOUND_COMPONENT_PARSE_REQUIRES_REVIEW	true
semantic-candidate:9da1c86dc1bbed585d0cc0cb	semantic-relation:97800a0a44555ff31367df15	INSTANCE_OR_SPECIFIC_FORM_OF	V2_CONTAINMENT_CANDIDATE_NOT_EQUIVALENCE	true
semantic-candidate:9db4dcd9a75d67767b5f8906	semantic-relation:975e188fe64c029d614e562f	INSTANCE_OR_SPECIFIC_FORM_OF	V2_CONTAINMENT_CANDIDATE_NOT_EQUIVALENCE	true
semantic-candidate:9dce5b83a6689c557efc2f7a	semantic-relation:2929d2e3167dafdf7e4c8df0	COMPONENT_OF	COMPOUND_COMPONENT_PARSE_REQUIRES_REVIEW	true
semantic-candidate:9dceb9dfd2f4f48f433e997d	semantic-relation:f139d86ce474d2944c9b256c	COMPONENT_OF	COMPOUND_COMPONENT_PARSE_REQUIRES_REVIEW	true
semantic-candidate:9dda02ad847295f0d20bb3d8	semantic-relation:7bbe29b82a8d635b5a6bbfaa	INSTANCE_OR_SPECIFIC_FORM_OF	V2_CONTAINMENT_CANDIDATE_NOT_EQUIVALENCE	true
semantic-candidate:9dda0e152bc092d5debc3e9f	semantic-relation:573f6fbebbe9b21a005f6d2d	COMPONENT_OF	COMPOUND_COMPONENT_PARSE_REQUIRES_REVIEW	true
semantic-candidate:9ddb920936d346de1028f737	semantic-relation:4ae9c0b2e28929bc10a04f5c	INSTANCE_OR_SPECIFIC_FORM_OF	V2_CONTAINMENT_CANDIDATE_NOT_EQUIVALENCE	true
semantic-candidate:9df1f0b99cd69962e70b2ca0	semantic-relation:bb56aa9cfa041ee2e04bcb4f	INSTANCE_OR_SPECIFIC_FORM_OF	V2_CONTAINMENT_CANDIDATE_NOT_EQUIVALENCE	true
semantic-candidate:9df204f9c1e3c9526096f642	semantic-relation:6f1ca59004199f844c6b1dcf	INSTANCE_OR_SPECIFIC_FORM_OF	V2_CONTAINMENT_CANDIDATE_NOT_EQUIVALENCE	true
semantic-candidate:9dfe4b2f91af58dc6f9b0d42	semantic-relation:0efcebb2becf0e614fee08fd	COMPONENT_OF	COMPOUND_COMPONENT_PARSE_REQUIRES_REVIEW	true
semantic-candidate:9e07e7c7527b80039f82a2c3	semantic-relation:08b80d84c58887869e3db282	COMPONENT_OF	COMPOUND_COMPONENT_PARSE_REQUIRES_REVIEW	true
semantic-candidate:9e0bdc46c9a8640ce49bf59c	semantic-relation:444247361396df4e52af19df	INSTANCE_OR_SPECIFIC_FORM_OF	V2_CONTAINMENT_CANDIDATE_NOT_EQUIVALENCE	true
semantic-candidate:9e1b19171a689f9b0ba33399	semantic-relation:b72b9a5043b2cfd09980b608	INSTANCE_OR_SPECIFIC_FORM_OF	V2_CONTAINMENT_CANDIDATE_NOT_EQUIVALENCE	true
semantic-candidate:9e205216f33633ee23a312af	semantic-relation:ae92984dc23d3144c202e2c8	INSTANCE_OR_SPECIFIC_FORM_OF	V2_CONTAINMENT_CANDIDATE_NOT_EQUIVALENCE	true
semantic-candidate:9e25bf976d953ad47bc1c12c	semantic-relation:e468173cad16700842c2ccc0	COMPONENT_OF	COMPOUND_COMPONENT_PARSE_REQUIRES_REVIEW	true
semantic-candidate:9e26b34310e1e76f7a7632ff	semantic-relation:b16ed3e6fb635d6965f3b40a	INSTANCE_OR_SPECIFIC_FORM_OF	V2_CONTAINMENT_CANDIDATE_NOT_EQUIVALENCE	true
semantic-candidate:9e29bc77238e48bfada48264	semantic-relation:c5387e0ec9ff3649788370d1	INSTANCE_OR_SPECIFIC_FORM_OF	V2_CONTAINMENT_CANDIDATE_NOT_EQUIVALENCE	true
semantic-candidate:9e5ab84389e89399f194d4f3	semantic-relation:3c865ca70703ee1fbb1ea5ce	COMPONENT_OF	COMPOUND_COMPONENT_PARSE_REQUIRES_REVIEW	true
semantic-candidate:9e5d202eabdaea65ea7cf425	semantic-relation:dea533ceceef05c5578d4c3f	COMPONENT_OF	COMPOUND_COMPONENT_PARSE_REQUIRES_REVIEW	true
semantic-candidate:9e6137b6626de1febe27bdb5	semantic-relation:e2057729fce05652be102df8	COMPONENT_OF	COMPOUND_COMPONENT_PARSE_REQUIRES_REVIEW	true
semantic-candidate:9e6c2e491e0129c06c3475bb	semantic-relation:2ef8104c161d0a9d9818a6d1	INSTANCE_OR_SPECIFIC_FORM_OF	V2_CONTAINMENT_CANDIDATE_NOT_EQUIVALENCE	true
semantic-candidate:9e728b85cc34418f8ebad4b8	semantic-relation:d7a20f533a77cd2f7bb4b79a	MODIFIES	MODIFIER_PARSE_REQUIRES_REVIEW	true
semantic-candidate:9e72b55e18d551a02d159681	semantic-relation:27bdb5317feecb32e717491d	MODIFIES	MODIFIER_PARSE_REQUIRES_REVIEW	true
semantic-candidate:9e730b0cefeb1b6c441f959f	semantic-relation:928939205fa74762d38ba5e4	COMPONENT_OF	COMPOUND_COMPONENT_PARSE_REQUIRES_REVIEW	true
semantic-candidate:9e73aa826cd5cee6e50e288b	semantic-relation:e0aa6fe4672e041d65869f25	INSTANCE_OR_SPECIFIC_FORM_OF	V2_CONTAINMENT_CANDIDATE_NOT_EQUIVALENCE	true
semantic-candidate:9e908d453a15dc431c61d126	semantic-relation:aa3e9cd7eef8bf404f4ff0fa	COMPONENT_OF	COMPOUND_COMPONENT_PARSE_REQUIRES_REVIEW	true
semantic-candidate:9e9125a82b58c17ea2db3db8	semantic-relation:b79c940a4c5f8519881f3b44	COMPONENT_OF	COMPOUND_COMPONENT_PARSE_REQUIRES_REVIEW	true
semantic-candidate:9e9593387bda479feedb020c	semantic-relation:1ce22c62fd7049ac2abdfbe5	INSTANCE_OR_SPECIFIC_FORM_OF	V2_CONTAINMENT_CANDIDATE_NOT_EQUIVALENCE	true
semantic-candidate:9e9cd584631723baf9238387	semantic-relation:77e05ffc249fa8090611a0be	INSTANCE_OR_SPECIFIC_FORM_OF	V2_CONTAINMENT_CANDIDATE_NOT_EQUIVALENCE	true
semantic-candidate:9ea73ee2f13feabac790ef5b	semantic-relation:eb989267fa9f6b5df2b5da4a	COMPONENT_OF	COMPOUND_COMPONENT_PARSE_REQUIRES_REVIEW	true
semantic-candidate:9ec19a228ce5e79251ef0140	semantic-relation:54525910b842945ac6d1cfed	INSTANCE_OR_SPECIFIC_FORM_OF	V2_CONTAINMENT_CANDIDATE_NOT_EQUIVALENCE	true
semantic-candidate:9ec5347380992544e9a68ca1	semantic-relation:91fadc5895948bc4c6d34950	COMPONENT_OF	COMPOUND_COMPONENT_PARSE_REQUIRES_REVIEW	true
semantic-candidate:9efeff1a977a375f02c286a5	semantic-relation:5c95f70c9a3d0e4ffd7a34d9	INSTANCE_OR_SPECIFIC_FORM_OF	V2_CONTAINMENT_CANDIDATE_NOT_EQUIVALENCE	true
semantic-candidate:9f0b999e5cff1b0d4d93d9c4	semantic-relation:af169a44758c5cbe1a6935e0	COMPONENT_OF	COMPOUND_COMPONENT_PARSE_REQUIRES_REVIEW	true
semantic-candidate:9f11f9df824865089d0da5f9	semantic-relation:9383f7d225803fac1098b306	INSTANCE_OR_SPECIFIC_FORM_OF	V2_CONTAINMENT_CANDIDATE_NOT_EQUIVALENCE	true
semantic-candidate:9f17098cc9bb0df8d30b804b	semantic-relation:137bf5bb65a70e31966c874d	INSTANCE_OR_SPECIFIC_FORM_OF	V2_CONTAINMENT_CANDIDATE_NOT_EQUIVALENCE	true
semantic-candidate:9f1aa0cc45a883f27139b259	semantic-relation:5b8325aa43327062512eaf14	COMPONENT_OF	COMPOUND_COMPONENT_PARSE_REQUIRES_REVIEW	true
semantic-candidate:9f22fb84011f9fc9e7db0af7	semantic-relation:2793ed937730d76403908292	INSTANCE_OR_SPECIFIC_FORM_OF	V2_CONTAINMENT_CANDIDATE_NOT_EQUIVALENCE	true
semantic-candidate:9f2d359ab42f22c8cbf4092c	semantic-relation:335f606ea6ebae9126406d33	COMPONENT_OF	COMPOUND_COMPONENT_PARSE_REQUIRES_REVIEW	true
semantic-candidate:9f34b1ec0cbc1a3b987194eb	semantic-relation:ad62b6642b4af08c1c43692e	INSTANCE_OR_SPECIFIC_FORM_OF	V2_CONTAINMENT_CANDIDATE_NOT_EQUIVALENCE	true
semantic-candidate:9f503cb67b4dccc2ce33c677	semantic-relation:9e3af47334111c333e7a341e	COMPONENT_OF	COMPOUND_COMPONENT_PARSE_REQUIRES_REVIEW	true
semantic-candidate:9f6758811380d6b944899c29	semantic-relation:8d6e2fee22ecc74259c8d4eb	INSTANCE_OR_SPECIFIC_FORM_OF	V2_CONTAINMENT_CANDIDATE_NOT_EQUIVALENCE	true
semantic-candidate:9f724e44b710144d6b1ef216	semantic-relation:faf9b490710378367c5be320	INSTANCE_OR_SPECIFIC_FORM_OF	V2_CONTAINMENT_CANDIDATE_NOT_EQUIVALENCE	true
semantic-candidate:9f78527d8732d5b6b5905fde	semantic-relation:4bcc35bd50b5ba5440075c9a	COMPONENT_OF	COMPOUND_COMPONENT_PARSE_REQUIRES_REVIEW	true
semantic-candidate:9f91a7f41fb4b439086071c0	semantic-relation:9979a33a90eacc3d1a405cdb	MODIFIES	MODIFIER_PARSE_REQUIRES_REVIEW	true
semantic-candidate:9f9b3e8001cb8df7fc0bbf5e	semantic-relation:a74cef0452d1385c044a57d2	COMPONENT_OF	COMPOUND_COMPONENT_PARSE_REQUIRES_REVIEW	true
semantic-candidate:9fac3ba4317f9bce82fb56fa	semantic-relation:dcf31caa2005153d49f2ef58	MODIFIES	MODIFIER_PARSE_REQUIRES_REVIEW	true
semantic-candidate:9fad61536c13940bf9333507	semantic-relation:733cc482d356903145a1136b	COMPONENT_OF	COMPOUND_COMPONENT_PARSE_REQUIRES_REVIEW	true
semantic-candidate:9fcef835435fe39ae6d7af12	semantic-relation:f34b8181ebb998627e53c406	INSTANCE_OR_SPECIFIC_FORM_OF	V2_CONTAINMENT_CANDIDATE_NOT_EQUIVALENCE	true
semantic-candidate:9fe955b9b199530308316007	semantic-relation:cf0b0e97e3bdf66b5abafe97	MODIFIES	MODIFIER_PARSE_REQUIRES_REVIEW	true
semantic-candidate:9fea8feb48aa1cb8c19aff8b	semantic-relation:2d51541598b6819be292cdd3	INSTANCE_OR_SPECIFIC_FORM_OF	V2_CONTAINMENT_CANDIDATE_NOT_EQUIVALENCE	true
semantic-candidate:9fecf619ffceca6e99c004d7	semantic-relation:c40f3f4a92685db88debce4d	INSTANCE_OR_SPECIFIC_FORM_OF	V2_CONTAINMENT_CANDIDATE_NOT_EQUIVALENCE	true
semantic-candidate:9ff40054c39e8b5701347306	semantic-relation:67ebe0f657ad6e33891b37e2	INSTANCE_OR_SPECIFIC_FORM_OF	V2_CONTAINMENT_CANDIDATE_NOT_EQUIVALENCE	true
semantic-candidate:a000f99fa3093431c5b1bca3	semantic-relation:e8ab22bc564ad4b75511bfec	COMPONENT_OF	COMPOUND_COMPONENT_PARSE_REQUIRES_REVIEW	true
semantic-candidate:a00ec7a855cd86288414de50	semantic-relation:3a59759b748073efe1e8ecf8	INSTANCE_OR_SPECIFIC_FORM_OF	V2_CONTAINMENT_CANDIDATE_NOT_EQUIVALENCE	true
semantic-candidate:a011428aab3741154d39e07f	semantic-relation:f498c9978bdf609992e95195	COMPONENT_OF	COMPOUND_COMPONENT_PARSE_REQUIRES_REVIEW	true
semantic-candidate:a01d2853607b8bae8071ad43	semantic-relation:748cad58aa1b75df2ae3a433	INSTANCE_OR_SPECIFIC_FORM_OF	V2_CONTAINMENT_CANDIDATE_NOT_EQUIVALENCE	true
semantic-candidate:a01e3ad32c2c2f1f3cfaf677	semantic-relation:735fa6dab3f172bb3c4e0d65	INSTANCE_OR_SPECIFIC_FORM_OF	V2_CONTAINMENT_CANDIDATE_NOT_EQUIVALENCE	true
semantic-candidate:a03bd4156f9293e5abfda681	semantic-relation:5ce4da8835e2c4c2ef47fbfa	INSTANCE_OR_SPECIFIC_FORM_OF	V2_CONTAINMENT_CANDIDATE_NOT_EQUIVALENCE	true
semantic-candidate:a03f886fbcde5d80beaab714	semantic-relation:b3ea2380ed8cc87b52ab300d	INSTANCE_OR_SPECIFIC_FORM_OF	V2_CONTAINMENT_CANDIDATE_NOT_EQUIVALENCE	true
semantic-candidate:a046cd229f7edbd11c12b5e8	semantic-relation:4d9467111c6cb4993f669cb3	INSTANCE_OR_SPECIFIC_FORM_OF	V2_CONTAINMENT_CANDIDATE_NOT_EQUIVALENCE	true
semantic-candidate:a04b2bff4de074a76329cc47	semantic-relation:072ea9302ec1f0ea0d1cb96a	INSTANCE_OR_SPECIFIC_FORM_OF	V2_CONTAINMENT_CANDIDATE_NOT_EQUIVALENCE	true
semantic-candidate:a05db812be0bd21b0f35d2df	semantic-relation:8e2dfe2216a890e05c3e3113	INSTANCE_OR_SPECIFIC_FORM_OF	V2_CONTAINMENT_CANDIDATE_NOT_EQUIVALENCE	true
semantic-candidate:a05e5eb9c49480cb16758852	semantic-relation:69dbe8cbc8579aefade92851	INSTANCE_OR_SPECIFIC_FORM_OF	V2_CONTAINMENT_CANDIDATE_NOT_EQUIVALENCE	true
semantic-candidate:a062f8ec19b27e512276ec41	semantic-relation:1e50cf59cb0a2b72a041ef8c	MODIFIES	MODIFIER_PARSE_REQUIRES_REVIEW	true
semantic-candidate:a065891370eb1bca2192aeb4	semantic-relation:608118eb54a87eae1011f561	INSTANCE_OR_SPECIFIC_FORM_OF	V2_CONTAINMENT_CANDIDATE_NOT_EQUIVALENCE	true
semantic-candidate:a069137c44a9b81c29a46d70	semantic-relation:bb830a2aae23bf3cdc8a52d6	COMPONENT_OF	COMPOUND_COMPONENT_PARSE_REQUIRES_REVIEW	true
semantic-candidate:a06b84ab039426c50d767659	semantic-relation:c5ff11c8a78643c72f9e796c	INSTANCE_OR_SPECIFIC_FORM_OF	V2_CONTAINMENT_CANDIDATE_NOT_EQUIVALENCE	true
semantic-candidate:a06ba3dfe4b44c077d271d56	semantic-relation:f4bd60eb763a3a66b15fe0b0	COMPONENT_OF	COMPOUND_COMPONENT_PARSE_REQUIRES_REVIEW	true
semantic-candidate:a075ec7d5d8c965194b7f075	semantic-relation:b809fba68148538170aee9a1	INSTANCE_OR_SPECIFIC_FORM_OF	V2_CONTAINMENT_CANDIDATE_NOT_EQUIVALENCE	true
semantic-candidate:a08e9660941e3fe2dd193336	semantic-relation:5571644ac0c0b6a9b6966bc5	INSTANCE_OR_SPECIFIC_FORM_OF	V2_CONTAINMENT_CANDIDATE_NOT_EQUIVALENCE	true
semantic-candidate:a09d29bc2614d92a0ff2bd7e	semantic-relation:7c404e50479dcc4a929e128a	COMPONENT_OF	COMPOUND_COMPONENT_PARSE_REQUIRES_REVIEW	true
semantic-candidate:a0a7e074a08befbfa0b58ab3	semantic-relation:e45cf19d2e8f93f4baca5458	COMPONENT_OF	COMPOUND_COMPONENT_PARSE_REQUIRES_REVIEW	true
semantic-candidate:a0ac487b9bc780a7287728f5	semantic-relation:1de40db1656b5bc4ec3b19f6	COMPONENT_OF	COMPOUND_COMPONENT_PARSE_REQUIRES_REVIEW	true
semantic-candidate:a0af72c8ca4ab82b703a808b	semantic-relation:56ce561e9210a31c2a9ed569	INSTANCE_OR_SPECIFIC_FORM_OF	V2_CONTAINMENT_CANDIDATE_NOT_EQUIVALENCE	true
semantic-candidate:a0afca9f0066a970824c3b7a	semantic-relation:e8468e1d5587a4b7531f1ee7	COMPONENT_OF	COMPOUND_COMPONENT_PARSE_REQUIRES_REVIEW	true
semantic-candidate:a0b64c365b058c7403012f6e	semantic-relation:88f2efb0a19b73c05ea3ec54	COMPONENT_OF	COMPOUND_COMPONENT_PARSE_REQUIRES_REVIEW	true
semantic-candidate:a0d10628e755963b7792e4f3	semantic-relation:d5eb8afe3c9e51cb516a42ed	COMPONENT_OF	COMPOUND_COMPONENT_PARSE_REQUIRES_REVIEW	true
semantic-candidate:a0d341ed3acebbd5349f231f	semantic-relation:963552441631b1d2b6d05815	INSTANCE_OR_SPECIFIC_FORM_OF	V2_CONTAINMENT_CANDIDATE_NOT_EQUIVALENCE	true
semantic-candidate:a0e0cee45394866e67f76e23	semantic-relation:b88fd0e00e4400b1f4ef8d4d	INSTANCE_OR_SPECIFIC_FORM_OF	V2_CONTAINMENT_CANDIDATE_NOT_EQUIVALENCE	true
semantic-candidate:a0e7c1dd4cd9c11b5c6640b6	semantic-relation:3b6b12737841bd546385e828	COMPONENT_OF	COMPOUND_COMPONENT_PARSE_REQUIRES_REVIEW	true
semantic-candidate:a0e94c9dce5a510442310a0d	semantic-relation:2c1607f07435825c579923fb	INSTANCE_OR_SPECIFIC_FORM_OF	V2_CONTAINMENT_CANDIDATE_NOT_EQUIVALENCE	true
semantic-candidate:a0fdf2e2d7c7a45504a689a0	semantic-relation:b58e0436fa1900b0ea93ffbe	INSTANCE_OR_SPECIFIC_FORM_OF	V2_CONTAINMENT_CANDIDATE_NOT_EQUIVALENCE	true
semantic-candidate:a103830126e0236baf5749ee	semantic-relation:e105afe6025ae4ff1a9f2ca2	COMPONENT_OF	COMPOUND_COMPONENT_PARSE_REQUIRES_REVIEW	true
semantic-candidate:a104fbdd33b0c44d7e1ea371	semantic-relation:52107cb2d3487e5ed1cd64fb	MODIFIES	MODIFIER_PARSE_REQUIRES_REVIEW	true
semantic-candidate:a10d2d0e7b2014c33670c93c	semantic-relation:6e44cd9133db3e6b0b5307bc	COMPONENT_OF	COMPOUND_COMPONENT_PARSE_REQUIRES_REVIEW	true
semantic-candidate:a10ed7843f031528b64e7507	semantic-relation:63fc07003ccd4901f4768fec	COMPONENT_OF	COMPOUND_COMPONENT_PARSE_REQUIRES_REVIEW	true
semantic-candidate:a11c51483e7b02964516a796	semantic-relation:4ac01f944242763eb81eecd6	INSTANCE_OR_SPECIFIC_FORM_OF	V2_CONTAINMENT_CANDIDATE_NOT_EQUIVALENCE	true
semantic-candidate:a126bccfc523795f77782b3d	semantic-relation:d54c3d421936c9149ce37a64	COMPONENT_OF	COMPOUND_COMPONENT_PARSE_REQUIRES_REVIEW	true
semantic-candidate:a13e402b86595822891fc7e8	semantic-relation:a7bd0c245e94fbd758ba2d7f	COMPONENT_OF	COMPOUND_COMPONENT_PARSE_REQUIRES_REVIEW	true
semantic-candidate:a13e425c0a5a1da01b688cb2	semantic-relation:2e4595cda7c8dcd73ca4feb2	INSTANCE_OR_SPECIFIC_FORM_OF	V2_CONTAINMENT_CANDIDATE_NOT_EQUIVALENCE	true
semantic-candidate:a157314f44302396d78bf4b3	semantic-relation:65296e4ba2887bb8d3b6ab7c	INSTANCE_OR_SPECIFIC_FORM_OF	V2_CONTAINMENT_CANDIDATE_NOT_EQUIVALENCE	true
semantic-candidate:a16834d28cd3c4fdd7a6683f	semantic-relation:b070a6aea63b1910ed7e6436	COMPONENT_OF	COMPOUND_COMPONENT_PARSE_REQUIRES_REVIEW	true
semantic-candidate:a169c1d042f8efdba7b6eeb0	semantic-relation:b3692f386541762bab62216d	INSTANCE_OR_SPECIFIC_FORM_OF	V2_CONTAINMENT_CANDIDATE_NOT_EQUIVALENCE	true
semantic-candidate:a171a73b776a9a7f48bba78a	semantic-relation:4e32ecaf38fe44db51a2611e	COMPONENT_OF	COMPOUND_COMPONENT_PARSE_REQUIRES_REVIEW	true
semantic-candidate:a180c4ee617e20f6aed579e8	semantic-relation:f75a6b7dc449e7b3f12ae8dd	INSTANCE_OR_SPECIFIC_FORM_OF	V2_CONTAINMENT_CANDIDATE_NOT_EQUIVALENCE	true
semantic-candidate:a183c9f8bb93667d3e79ceec	semantic-relation:ac33276a6538be5bebd79f7c	COMPONENT_OF	COMPOUND_COMPONENT_PARSE_REQUIRES_REVIEW	true
semantic-candidate:a18dc6e78747ef6083bc8ffe	semantic-relation:191aca783f5f8460321f3a65	INSTANCE_OR_SPECIFIC_FORM_OF	V2_CONTAINMENT_CANDIDATE_NOT_EQUIVALENCE	true
semantic-candidate:a19195176ae8905784cde7d7	semantic-relation:0158ec2f9ef6e19141920d18	COMPONENT_OF	COMPOUND_COMPONENT_PARSE_REQUIRES_REVIEW	true
semantic-candidate:a1af46e60a4a4ddc348498d1	semantic-relation:238e1b39cc4e8211be2bdda4	INSTANCE_OR_SPECIFIC_FORM_OF	V2_CONTAINMENT_CANDIDATE_NOT_EQUIVALENCE	true
semantic-candidate:a1b817f7c30c300efb64143c	semantic-relation:94189cac5c4b56ce56a7b9a6	COMPONENT_OF	COMPOUND_COMPONENT_PARSE_REQUIRES_REVIEW	true
semantic-candidate:a1c1223db44836260edff67c	semantic-relation:b82e01cf7d209a497cd38ce7	INSTANCE_OR_SPECIFIC_FORM_OF	V2_CONTAINMENT_CANDIDATE_NOT_EQUIVALENCE	true
semantic-candidate:a1c3b3368f7f3a34dd103afc	semantic-relation:7547ceaf110471a1553d279e	COMPONENT_OF	COMPOUND_COMPONENT_PARSE_REQUIRES_REVIEW	true
semantic-candidate:a1d0d472961711a1bd755d91	semantic-relation:d3e28fa6a728cb0a5bfdb5a6	COMPONENT_OF	COMPOUND_COMPONENT_PARSE_REQUIRES_REVIEW	true
semantic-candidate:a1d4e5a474a70d8334ccc067	semantic-relation:9f45797105017ed9900be87b	INSTANCE_OR_SPECIFIC_FORM_OF	V2_CONTAINMENT_CANDIDATE_NOT_EQUIVALENCE	true
semantic-candidate:a1dcd890808d4e6b2121d868	semantic-relation:a525ff59e4e7dfbb4542ef4a	INSTANCE_OR_SPECIFIC_FORM_OF	V2_CONTAINMENT_CANDIDATE_NOT_EQUIVALENCE	true
semantic-candidate:a1f57afbd20450084b4fd248	semantic-relation:230f54abb20818b8a56e36c8	COMPONENT_OF	COMPOUND_COMPONENT_PARSE_REQUIRES_REVIEW	true
semantic-candidate:a1f5daf7d6c397020d2557c5	semantic-relation:2c685236e37639ebe8a16cfa	INSTANCE_OR_SPECIFIC_FORM_OF	V2_CONTAINMENT_CANDIDATE_NOT_EQUIVALENCE	true
semantic-candidate:a1f6dd0d7f6ebc56def5a396	semantic-relation:06d7092515a0f98f99ab1415	COMPONENT_OF	COMPOUND_COMPONENT_PARSE_REQUIRES_REVIEW	true
semantic-candidate:a1fcb3e34836beb5121e3c0d	semantic-relation:bb7c0de4d07d208c0b2ced6e	INSTANCE_OR_SPECIFIC_FORM_OF	V2_CONTAINMENT_CANDIDATE_NOT_EQUIVALENCE	true
semantic-candidate:a2023bce58677e869b55a6ea	semantic-relation:91d84d16d635841e52f6695b	INSTANCE_OR_SPECIFIC_FORM_OF	V2_CONTAINMENT_CANDIDATE_NOT_EQUIVALENCE	true
semantic-candidate:a21d901e4a730581c1676655	semantic-relation:8d127c02d9e2af60fc9d869a	COMPONENT_OF	COMPOUND_COMPONENT_PARSE_REQUIRES_REVIEW	true
semantic-candidate:a220a3cdf21a4f838c8e1583	semantic-relation:ecebecc94639d0d004e23ae9	COMPONENT_OF	COMPOUND_COMPONENT_PARSE_REQUIRES_REVIEW	true
semantic-candidate:a226a273b80668c84dbf1c8f	semantic-relation:4a35410b600066cdb4d39629	MODIFIES	MODIFIER_PARSE_REQUIRES_REVIEW	true
semantic-candidate:a22b9c6ab61d9455c260e213	semantic-relation:a4da48595cbd8f2bf2b2638e	COMPONENT_OF	COMPOUND_COMPONENT_PARSE_REQUIRES_REVIEW	true
semantic-candidate:a2339ab3a7b1027134430929	semantic-relation:8ceec65d8cb4c450ba93129f	COMPONENT_OF	COMPOUND_COMPONENT_PARSE_REQUIRES_REVIEW	true
semantic-candidate:a25050aee1e16f7b5da9ec1c	semantic-relation:1a330df368797e6b416a6129	INSTANCE_OR_SPECIFIC_FORM_OF	V2_CONTAINMENT_CANDIDATE_NOT_EQUIVALENCE	true
semantic-candidate:a2545fa0ead696b2aff2308a	semantic-relation:d0a46d0a58eb951086a4dce1	COMPONENT_OF	COMPOUND_COMPONENT_PARSE_REQUIRES_REVIEW	true
semantic-candidate:a26eacde40c44e97a9a7ebdc	semantic-relation:19cc34894f2a91e81adc2bc5	COMPONENT_OF	COMPOUND_COMPONENT_PARSE_REQUIRES_REVIEW	true
semantic-candidate:a2c1e08915309848042d3ff4	semantic-relation:1dea5c42069457643b08792e	INSTANCE_OR_SPECIFIC_FORM_OF	V2_CONTAINMENT_CANDIDATE_NOT_EQUIVALENCE	true
semantic-candidate:a2cb4a0d976eff562e08b8ee	semantic-relation:fa1858855604080fb76166a5	INSTANCE_OR_SPECIFIC_FORM_OF	V2_CONTAINMENT_CANDIDATE_NOT_EQUIVALENCE	true
semantic-candidate:a2d4ad5e25b7c50eb60a5a50	semantic-relation:1d00995f62303948a9b478b0	INSTANCE_OR_SPECIFIC_FORM_OF	V2_CONTAINMENT_CANDIDATE_NOT_EQUIVALENCE	true
semantic-candidate:a2da4cfc3f26a91586cf3609	semantic-relation:24c34c4237bd3dccb952187f	INSTANCE_OR_SPECIFIC_FORM_OF	V2_CONTAINMENT_CANDIDATE_NOT_EQUIVALENCE	true
semantic-candidate:a2db85e6869e11266a56da9e	semantic-relation:21adc817d801a60346013c03	MODIFIES	MODIFIER_PARSE_REQUIRES_REVIEW	true
semantic-candidate:a2edbbcb7bde9624fdbffa15	semantic-relation:06e4a94fcbed369ab1d26cab	INSTANCE_OR_SPECIFIC_FORM_OF	V2_CONTAINMENT_CANDIDATE_NOT_EQUIVALENCE	true
semantic-candidate:a2eddab419fab443bbb2dd3f	semantic-relation:0ba7c7b003d359f6d3190d28	INSTANCE_OR_SPECIFIC_FORM_OF	V2_CONTAINMENT_CANDIDATE_NOT_EQUIVALENCE	true
semantic-candidate:a2f3624cb0e568bef98f0ab4	semantic-relation:513db47009ddc6a48cfc9d8c	COMPONENT_OF	COMPOUND_COMPONENT_PARSE_REQUIRES_REVIEW	true
semantic-candidate:a30f27429a25f4aa8654b534	semantic-relation:2ddd6f5bfab3d77884eb418c	COMPONENT_OF	COMPOUND_COMPONENT_PARSE_REQUIRES_REVIEW	true
semantic-candidate:a31abd713f58ef1d60e52f52	semantic-relation:3c9b97eedd2888085daa71b9	COMPONENT_OF	COMPOUND_COMPONENT_PARSE_REQUIRES_REVIEW	true
semantic-candidate:a325acba7d0a130d1aa3fb8e	semantic-relation:9f929a561ebd3ed4435502ce	MODIFIES	MODIFIER_PARSE_REQUIRES_REVIEW	true
semantic-candidate:a32cf8020e5701b53e3b53b2	semantic-relation:416c25baf2da2f64c7d6c803	COMPONENT_OF	COMPOUND_COMPONENT_PARSE_REQUIRES_REVIEW	true
semantic-candidate:a3301675ab0ee99e4f76bbd5	semantic-relation:325406cc905a3d0c34043ce6	INSTANCE_OR_SPECIFIC_FORM_OF	V2_CONTAINMENT_CANDIDATE_NOT_EQUIVALENCE	true
semantic-candidate:a34f6b062d67ee67484b1d3f	semantic-relation:546b963c8dd173a8e737c367	COMPONENT_OF	COMPOUND_COMPONENT_PARSE_REQUIRES_REVIEW	true
semantic-candidate:a3525db3077391c53c256543	semantic-relation:417b0ea61e7d6bba0eccf050	INSTANCE_OR_SPECIFIC_FORM_OF	V2_CONTAINMENT_CANDIDATE_NOT_EQUIVALENCE	true
semantic-candidate:a35e133dc07224371ea916c3	semantic-relation:c8ec379e73bb0f025faed2d8	COMPONENT_OF	COMPOUND_COMPONENT_PARSE_REQUIRES_REVIEW	true
semantic-candidate:a360a11f7569a3a0abcf037c	semantic-relation:df3555ab5656cdd9b6d3e1c8	INSTANCE_OR_SPECIFIC_FORM_OF	V2_CONTAINMENT_CANDIDATE_NOT_EQUIVALENCE	true
semantic-candidate:a36c1f3909d853edb791b603	semantic-relation:115706b12fbdab6c5fc8cbaa	INSTANCE_OR_SPECIFIC_FORM_OF	V2_CONTAINMENT_CANDIDATE_NOT_EQUIVALENCE	true
semantic-candidate:a372db9c62c918f6de06592f	semantic-relation:3c66bf111ad4114e08048410	INSTANCE_OR_SPECIFIC_FORM_OF	V2_CONTAINMENT_CANDIDATE_NOT_EQUIVALENCE	true
semantic-candidate:a38032329a1e8859f6ab7d4f	semantic-relation:d0c5dcdfc413051dd5888011	COMPONENT_OF	COMPOUND_COMPONENT_PARSE_REQUIRES_REVIEW	true
semantic-candidate:a39d3ee57a968e0998ae1053	semantic-relation:b60aba0dd36b7ed7ec42d3cd	MODIFIES	MODIFIER_PARSE_REQUIRES_REVIEW	true
semantic-candidate:a3a26343634d50be8ba711e2	semantic-relation:332ac8015c901670148015e1	INSTANCE_OR_SPECIFIC_FORM_OF	V2_CONTAINMENT_CANDIDATE_NOT_EQUIVALENCE	true
semantic-candidate:a3a3bbfe2654563632c633fd	semantic-relation:de0d43d6016016a7fe6c01f6	COMPONENT_OF	COMPOUND_COMPONENT_PARSE_REQUIRES_REVIEW	true
semantic-candidate:a3a5933adf9d605ed9ac946f	semantic-relation:b5f91a3a6b534dec363d59cc	INSTANCE_OR_SPECIFIC_FORM_OF	V2_CONTAINMENT_CANDIDATE_NOT_EQUIVALENCE	true
semantic-candidate:a3b5063caa7d49050c393270	semantic-relation:1491650af70649dba6cccb13	INSTANCE_OR_SPECIFIC_FORM_OF	V2_CONTAINMENT_CANDIDATE_NOT_EQUIVALENCE	true
semantic-candidate:a3d9903f044fe66e7abaf548	semantic-relation:699b1214502193230a5ca459	COMPONENT_OF	COMPOUND_COMPONENT_PARSE_REQUIRES_REVIEW	true
semantic-candidate:a3dcbe93247a50fc913531bd	semantic-relation:c119c9cd3ca037bd93d75c35	INSTANCE_OR_SPECIFIC_FORM_OF	V2_CONTAINMENT_CANDIDATE_NOT_EQUIVALENCE	true
semantic-candidate:a3ee6143c5beffd4fd1b88d9	semantic-relation:a9321dfe8bbe996f6ccf94c3	INSTANCE_OR_SPECIFIC_FORM_OF	V2_CONTAINMENT_CANDIDATE_NOT_EQUIVALENCE	true
semantic-candidate:a3f495a6c41ea646df277516	semantic-relation:e42c50ad4364bb186c9a76bd	COMPONENT_OF	COMPOUND_COMPONENT_PARSE_REQUIRES_REVIEW	true
semantic-candidate:a400b3172941983096564463	semantic-relation:43d6aff852c82a2b3ab02bc4	COMPONENT_OF	COMPOUND_COMPONENT_PARSE_REQUIRES_REVIEW	true
semantic-candidate:a405f6386b50c373af5b690e	semantic-relation:9c42c998f4636462c997b3f0	INSTANCE_OR_SPECIFIC_FORM_OF	V2_CONTAINMENT_CANDIDATE_NOT_EQUIVALENCE	true
semantic-candidate:a4145655b7dc5ab2ed134183	semantic-relation:f953dbdd2c3983093d98f755	COMPONENT_OF	COMPOUND_COMPONENT_PARSE_REQUIRES_REVIEW	true
semantic-candidate:a417b55dd31480fb9082be70	semantic-relation:b4e6d6ac9343d4fff282ee2a	MODIFIES	MODIFIER_PARSE_REQUIRES_REVIEW	true
semantic-candidate:a4231ace4fde903edb01b787	semantic-relation:e03d85f802d27f70e2a34736	INSTANCE_OR_SPECIFIC_FORM_OF	V2_CONTAINMENT_CANDIDATE_NOT_EQUIVALENCE	true
semantic-candidate:a4238b387b4acc95d55fa01b	semantic-relation:a53efb0e3d3a765ec7f313c9	INSTANCE_OR_SPECIFIC_FORM_OF	V2_CONTAINMENT_CANDIDATE_NOT_EQUIVALENCE	true
semantic-candidate:a433e31b4b84e7bf285f09af	semantic-relation:aebaae01950f557374eaf994	COMPONENT_OF	COMPOUND_COMPONENT_PARSE_REQUIRES_REVIEW	true
semantic-candidate:a438d8e70625f450c6a036fa	semantic-relation:6ddda9f19ac28bce987542a0	INSTANCE_OR_SPECIFIC_FORM_OF	V2_CONTAINMENT_CANDIDATE_NOT_EQUIVALENCE	true
semantic-candidate:a43eb15ee4e27773394f4fda	semantic-relation:b1a788ed1c6eaf14df2e81ee	INSTANCE_OR_SPECIFIC_FORM_OF	V2_CONTAINMENT_CANDIDATE_NOT_EQUIVALENCE	true
semantic-candidate:a471037c6aae52d3393e709d	semantic-relation:bc5afa48dc1139e2cc6072e7	INSTANCE_OR_SPECIFIC_FORM_OF	V2_CONTAINMENT_CANDIDATE_NOT_EQUIVALENCE	true
semantic-candidate:a497e74df4a87686e58bf499	semantic-relation:9bf76376874820d9b423ca6f	COMPONENT_OF	COMPOUND_COMPONENT_PARSE_REQUIRES_REVIEW	true
semantic-candidate:a4b1e80da190f4d20b2ad7ce	semantic-relation:4fdb8a61b21ea04c3eef76d5	COMPONENT_OF	COMPOUND_COMPONENT_PARSE_REQUIRES_REVIEW	true
semantic-candidate:a4bc8f72e79ac886a6984f3a	semantic-relation:4b99043942298980c57ff62d	COMPONENT_OF	COMPOUND_COMPONENT_PARSE_REQUIRES_REVIEW	true
semantic-candidate:a4c930d7b0e9db7aa82284e0	semantic-relation:73785626ab61d8e84787bfff	MODIFIES	MODIFIER_PARSE_REQUIRES_REVIEW	true
semantic-candidate:a4cfe74d8180fc53e73e7951	semantic-relation:ad60aa19752627b6f970af8a	INSTANCE_OR_SPECIFIC_FORM_OF	V2_CONTAINMENT_CANDIDATE_NOT_EQUIVALENCE	true
semantic-candidate:a4e4c751aca776a51a15da8b	semantic-relation:02018c084875daab799b2012	COMPONENT_OF	COMPOUND_COMPONENT_PARSE_REQUIRES_REVIEW	true
semantic-candidate:a4fab544137474d5804ce6e7	semantic-relation:997219c7c551271e3f43adf6	COMPONENT_OF	COMPOUND_COMPONENT_PARSE_REQUIRES_REVIEW	true
semantic-candidate:a504c58e4dc8ca81eaf79200	semantic-relation:b2e7a95eb22ff31dde8bf031	COMPONENT_OF	COMPOUND_COMPONENT_PARSE_REQUIRES_REVIEW	true
semantic-candidate:a50bf7cc7dfb3aa50c9700cf	semantic-relation:be46c4577f9fd1c94f1528f1	COMPONENT_OF	COMPOUND_COMPONENT_PARSE_REQUIRES_REVIEW	true
semantic-candidate:a50fbe22a060c76c3e7a2d8f	semantic-relation:2eaaddd56f30336526762c48	INSTANCE_OR_SPECIFIC_FORM_OF	V2_CONTAINMENT_CANDIDATE_NOT_EQUIVALENCE	true
semantic-candidate:a517e0cad9d48266bc94cea4	semantic-relation:3db49c58c644fc49e874ebb9	COMPONENT_OF	COMPOUND_COMPONENT_PARSE_REQUIRES_REVIEW	true
semantic-candidate:a51a1327c289fcfe92ce1b69	semantic-relation:b10be7e7aa6a8b65f16f602d	INSTANCE_OR_SPECIFIC_FORM_OF	V2_CONTAINMENT_CANDIDATE_NOT_EQUIVALENCE	true
semantic-candidate:a549b58292af5dd36879b935	semantic-relation:9b04a0e463d51d0f7c277b77	COMPONENT_OF	COMPOUND_COMPONENT_PARSE_REQUIRES_REVIEW	true
semantic-candidate:a56df0223ef583f62d2e05bb	semantic-relation:eef640aa99d24c118c50a6e6	COMPONENT_OF	COMPOUND_COMPONENT_PARSE_REQUIRES_REVIEW	true
semantic-candidate:a56e1cdff245dc8253968467	semantic-relation:c93989c44ae146847401808a	MODIFIES	MODIFIER_PARSE_REQUIRES_REVIEW	true
semantic-candidate:a56e68900d76bad2e58cfed9	semantic-relation:a0b3ee4d8e97fcde8fbf440a	INSTANCE_OR_SPECIFIC_FORM_OF	V2_CONTAINMENT_CANDIDATE_NOT_EQUIVALENCE	true
semantic-candidate:a579b44bed0c7031f665a0ce	semantic-relation:71582d8b582ba0be170b6df5	INSTANCE_OR_SPECIFIC_FORM_OF	V2_CONTAINMENT_CANDIDATE_NOT_EQUIVALENCE	true
semantic-candidate:a588eec60f087b7c2b966a72	semantic-relation:1e24036a07bf57b49bc42371	COMPONENT_OF	COMPOUND_COMPONENT_PARSE_REQUIRES_REVIEW	true
semantic-candidate:a58cf3d708ac132ad165a465	semantic-relation:aa9b8e590c41f3e778561c9a	INSTANCE_OR_SPECIFIC_FORM_OF	V2_CONTAINMENT_CANDIDATE_NOT_EQUIVALENCE	true
semantic-candidate:a59e949d20c04fb248c3adf6	semantic-relation:3829a583bf88ebcb57a904db	MODIFIES	MODIFIER_PARSE_REQUIRES_REVIEW	true
semantic-candidate:a5a9f7ba6ef16a450e987388	semantic-relation:a1f072af2fc1598d41ca0c85	COMPONENT_OF	COMPOUND_COMPONENT_PARSE_REQUIRES_REVIEW	true
semantic-candidate:a5c081b43dac7c9ec0d63b89	semantic-relation:bf01832d0660c3a9b99cfa77	INSTANCE_OR_SPECIFIC_FORM_OF	V2_CONTAINMENT_CANDIDATE_NOT_EQUIVALENCE	true
semantic-candidate:a5f644e53fb66db621111191	semantic-relation:2ef7d10c01f81766505fcbbe	INSTANCE_OR_SPECIFIC_FORM_OF	V2_CONTAINMENT_CANDIDATE_NOT_EQUIVALENCE	true
semantic-candidate:a6009453db2b5b5140a98502	semantic-relation:bfe832bbb9ffb0df0c5b71c5	INSTANCE_OR_SPECIFIC_FORM_OF	V2_CONTAINMENT_CANDIDATE_NOT_EQUIVALENCE	true
semantic-candidate:a60f4c4aec3da5548528b5a4	semantic-relation:b9f10a835e020d50396a2292	MODIFIES	MODIFIER_PARSE_REQUIRES_REVIEW	true
semantic-candidate:a613cf671dbb0f09e568c663	semantic-relation:6ed2f2215983db0d2ca0fd1c	INSTANCE_OR_SPECIFIC_FORM_OF	V2_CONTAINMENT_CANDIDATE_NOT_EQUIVALENCE	true
semantic-candidate:a619c04781e811c8cf83932b	semantic-relation:51c6e7c560db20a236239fa4	COMPONENT_OF	COMPOUND_COMPONENT_PARSE_REQUIRES_REVIEW	true
semantic-candidate:a63dee67703d2089efefc8df	semantic-relation:3f54a9917ec657349443b5ea	INSTANCE_OR_SPECIFIC_FORM_OF	V2_CONTAINMENT_CANDIDATE_NOT_EQUIVALENCE	true
semantic-candidate:a641050aa48065c3b348ce99	semantic-relation:c23194338fbcb6e9799c6fed	INSTANCE_OR_SPECIFIC_FORM_OF	V2_CONTAINMENT_CANDIDATE_NOT_EQUIVALENCE	true
semantic-candidate:a6417a8b2465009ef94e8293	semantic-relation:4469d079ae7ec10b68836d56	INSTANCE_OR_SPECIFIC_FORM_OF	V2_CONTAINMENT_CANDIDATE_NOT_EQUIVALENCE	true
semantic-candidate:a64e9f36bbdf00070d7ef055	semantic-relation:a93b11b3583f5af0dfd501ee	INSTANCE_OR_SPECIFIC_FORM_OF	V2_CONTAINMENT_CANDIDATE_NOT_EQUIVALENCE	true
semantic-candidate:a65fe3432c9e9fd50bcf7703	semantic-relation:716d35eef0db1e59d2869926	INSTANCE_OR_SPECIFIC_FORM_OF	V2_CONTAINMENT_CANDIDATE_NOT_EQUIVALENCE	true
semantic-candidate:a665220b5798a8f768bf7721	semantic-relation:41c2725ded71a57fefc3ee48	INSTANCE_OR_SPECIFIC_FORM_OF	V2_CONTAINMENT_CANDIDATE_NOT_EQUIVALENCE	true
semantic-candidate:a678f9cf49d063541663cc6a	semantic-relation:128cf5fcb9e66f904adf31ad	INSTANCE_OR_SPECIFIC_FORM_OF	V2_CONTAINMENT_CANDIDATE_NOT_EQUIVALENCE	true
semantic-candidate:a68fa7960ce2a9b075f8279d	semantic-relation:9cb09887b3c29ee695decc55	INSTANCE_OR_SPECIFIC_FORM_OF	V2_CONTAINMENT_CANDIDATE_NOT_EQUIVALENCE	true
semantic-candidate:a69c13def41642b6566f5913	semantic-relation:f809933f1364778a7ede5080	MODIFIES	MODIFIER_PARSE_REQUIRES_REVIEW	true
semantic-candidate:a6a10f9433ea2ac5896fc04b	semantic-relation:0c607fd7edd5b9eca40af69c	COMPONENT_OF	COMPOUND_COMPONENT_PARSE_REQUIRES_REVIEW	true
semantic-candidate:a6ce6e6f0ae8c5f2005d6b2c	semantic-relation:b89f2aa43337439664c7561c	COMPONENT_OF	COMPOUND_COMPONENT_PARSE_REQUIRES_REVIEW	true
semantic-candidate:a6d4998f599b6fc204bcb306	semantic-relation:70fe68d42422cc422d991c0a	INSTANCE_OR_SPECIFIC_FORM_OF	V2_CONTAINMENT_CANDIDATE_NOT_EQUIVALENCE	true
semantic-candidate:a6d8141575165bc95b0029bd	semantic-relation:1b9dbcbfb33e7e5dbc74a0cc	INSTANCE_OR_SPECIFIC_FORM_OF	V2_CONTAINMENT_CANDIDATE_NOT_EQUIVALENCE	true
semantic-candidate:a6db92450b1216c6e4e795ef	semantic-relation:e398229851da0e2b5a5f3ba2	INSTANCE_OR_SPECIFIC_FORM_OF	V2_CONTAINMENT_CANDIDATE_NOT_EQUIVALENCE	true
semantic-candidate:a6f2c66d5b42d298963a84ac	semantic-relation:081fba2d2d14d2c04bf35d36	INSTANCE_OR_SPECIFIC_FORM_OF	V2_CONTAINMENT_CANDIDATE_NOT_EQUIVALENCE	true
semantic-candidate:a6fcecb345c1c5e4d3668336	semantic-relation:39187268499f1a56e165bdc5	MODIFIES	MODIFIER_PARSE_REQUIRES_REVIEW	true
semantic-candidate:a6fed902c3cbe6dfd057e06c	semantic-relation:0bf720263c04e969a69dbcc4	INSTANCE_OR_SPECIFIC_FORM_OF	V2_CONTAINMENT_CANDIDATE_NOT_EQUIVALENCE	true
semantic-candidate:a708366d275d86f11260a7ab	semantic-relation:271d0f2eda0ff50026eb8558	INSTANCE_OR_SPECIFIC_FORM_OF	V2_CONTAINMENT_CANDIDATE_NOT_EQUIVALENCE	true
semantic-candidate:a72d118f7a00f796b36053b0	semantic-relation:d4d5f908e3a308b2f5c8ae1b	COMPONENT_OF	COMPOUND_COMPONENT_PARSE_REQUIRES_REVIEW	true
semantic-candidate:a730663700f9365c63b3505d	semantic-relation:594c6239036773d0354d13d9	COMPONENT_OF	COMPOUND_COMPONENT_PARSE_REQUIRES_REVIEW	true
semantic-candidate:a732b88064737c2c4be5da88	semantic-relation:d3573fb2212d0c377a39659b	INSTANCE_OR_SPECIFIC_FORM_OF	V2_CONTAINMENT_CANDIDATE_NOT_EQUIVALENCE	true
semantic-candidate:a73c0a399b81cc8279f399ab	semantic-relation:1ca1d7aa26a809d735a644b3	COMPONENT_OF	COMPOUND_COMPONENT_PARSE_REQUIRES_REVIEW	true
semantic-candidate:a7659dd5dddfe972c0190c70	semantic-relation:d1023ecb35aab63f058674b9	INSTANCE_OR_SPECIFIC_FORM_OF	V2_CONTAINMENT_CANDIDATE_NOT_EQUIVALENCE	true
semantic-candidate:a7663a9c9724776c5636e5a4	semantic-relation:230e9da007447d3443c434ff	INSTANCE_OR_SPECIFIC_FORM_OF	V2_CONTAINMENT_CANDIDATE_NOT_EQUIVALENCE	true
semantic-candidate:a78073c665610f3ed58fa1f5	semantic-relation:c80c9a9091d46663bb523d22	INSTANCE_OR_SPECIFIC_FORM_OF	V2_CONTAINMENT_CANDIDATE_NOT_EQUIVALENCE	true
semantic-candidate:a79dbcea9e5f946cd32be715	semantic-relation:016e262955f97807b178cbe3	INSTANCE_OR_SPECIFIC_FORM_OF	V2_CONTAINMENT_CANDIDATE_NOT_EQUIVALENCE	true
semantic-candidate:a7b29e4052c133789ca03a47	semantic-relation:eb4429f6aa26e26f9cc83239	INSTANCE_OR_SPECIFIC_FORM_OF	V2_CONTAINMENT_CANDIDATE_NOT_EQUIVALENCE	true
semantic-candidate:a7ba2fa0f7535cd7f3306158	semantic-relation:250bb9238d1d7ae27773010a	INSTANCE_OR_SPECIFIC_FORM_OF	V2_CONTAINMENT_CANDIDATE_NOT_EQUIVALENCE	true
semantic-candidate:a7c571a2910f62dae1a2f18e	semantic-relation:9f4aba84198be640a05e23d2	COMPONENT_OF	COMPOUND_COMPONENT_PARSE_REQUIRES_REVIEW	true
semantic-candidate:a7c91cf6562caf691ef268c2	semantic-relation:4fe7ac3c22bff63d5117879e	MODIFIES	MODIFIER_PARSE_REQUIRES_REVIEW	true
semantic-candidate:a7ca9ed76f6c0b1720f04b96	semantic-relation:cd7dcc2f38e9f896c9af7e47	INSTANCE_OR_SPECIFIC_FORM_OF	V2_CONTAINMENT_CANDIDATE_NOT_EQUIVALENCE	true
semantic-candidate:a7ce989340b358c166a374f4	semantic-relation:716869b9fda1dd2079124c62	INSTANCE_OR_SPECIFIC_FORM_OF	V2_CONTAINMENT_CANDIDATE_NOT_EQUIVALENCE	true
semantic-candidate:a7d26407eba99c296e606382	semantic-relation:7024534a5ca6aa05a9bd3c38	COMPONENT_OF	COMPOUND_COMPONENT_PARSE_REQUIRES_REVIEW	true
semantic-candidate:a7d2e853b55c8f89fa05c4f0	semantic-relation:bdb8149c2dc3e4a9e394eb6a	COMPONENT_OF	COMPOUND_COMPONENT_PARSE_REQUIRES_REVIEW	true
semantic-candidate:a7e9a8ac9d69a660deeb3826	semantic-relation:f19b9d826e62d68a07de57df	INSTANCE_OR_SPECIFIC_FORM_OF	V2_CONTAINMENT_CANDIDATE_NOT_EQUIVALENCE	true
semantic-candidate:a8063be7c8094a696d29ff65	semantic-relation:e916f21d643ac66fbf671f9f	COMPONENT_OF	COMPOUND_COMPONENT_PARSE_REQUIRES_REVIEW	true
semantic-candidate:a8172de4c0f0d7188fedf088	semantic-relation:a02100ab9b4565d561588165	INSTANCE_OR_SPECIFIC_FORM_OF	V2_CONTAINMENT_CANDIDATE_NOT_EQUIVALENCE	true
semantic-candidate:a819f72a6a4320e564a18f7b	semantic-relation:05424cd5256ad7b32f8d4f6e	INSTANCE_OR_SPECIFIC_FORM_OF	V2_CONTAINMENT_CANDIDATE_NOT_EQUIVALENCE	true
semantic-candidate:a84c9d284807e4094f29ec61	semantic-relation:faaf7fd7b83a90b1bcf7e0cf	INSTANCE_OR_SPECIFIC_FORM_OF	V2_CONTAINMENT_CANDIDATE_NOT_EQUIVALENCE	true
semantic-candidate:a84e0339bf7c9791910acf32	semantic-relation:472045981b5cf61619d92547	COMPONENT_OF	COMPOUND_COMPONENT_PARSE_REQUIRES_REVIEW	true
semantic-candidate:a85b16ee9b2804703f4e376d	semantic-relation:fb77a7bc67b5910f87c1e47a	INSTANCE_OR_SPECIFIC_FORM_OF	V2_CONTAINMENT_CANDIDATE_NOT_EQUIVALENCE	true
semantic-candidate:a872048f24a3a1d56b104b69	semantic-relation:a1645b64e550ea36958eb9d6	COMPONENT_OF	COMPOUND_COMPONENT_PARSE_REQUIRES_REVIEW	true
semantic-candidate:a8840a91d2b3cf0b7070cccf	semantic-relation:43f68141ee883208ef4ea9b3	COMPONENT_OF	COMPOUND_COMPONENT_PARSE_REQUIRES_REVIEW	true
semantic-candidate:a887e6d7c86ed2fed077643d	semantic-relation:a3556b5d27a47c5a4ea58457	INSTANCE_OR_SPECIFIC_FORM_OF	V2_CONTAINMENT_CANDIDATE_NOT_EQUIVALENCE	true
semantic-candidate:a89a0fce2b22fe853e84a3aa	semantic-relation:55f5edabd8580c9f454f2e66	COMPONENT_OF	COMPOUND_COMPONENT_PARSE_REQUIRES_REVIEW	true
semantic-candidate:a8a32fcc8808ddc2262388b9	semantic-relation:ba9d3f7d3ee16ec0fe215ab3	INSTANCE_OR_SPECIFIC_FORM_OF	V2_CONTAINMENT_CANDIDATE_NOT_EQUIVALENCE	true
semantic-candidate:a8b7a0b546b1d4c539c26978	semantic-relation:d0555b77f733af168dfacb6f	INSTANCE_OR_SPECIFIC_FORM_OF	V2_CONTAINMENT_CANDIDATE_NOT_EQUIVALENCE	true
semantic-candidate:a8b85d0efb9921f6f500709f	semantic-relation:e472e27ced970078e41de4b9	COMPONENT_OF	COMPOUND_COMPONENT_PARSE_REQUIRES_REVIEW	true
semantic-candidate:a8c71926bf6249c8133a2b7e	semantic-relation:72547e4f4fd44f33d2174d57	INSTANCE_OR_SPECIFIC_FORM_OF	V2_CONTAINMENT_CANDIDATE_NOT_EQUIVALENCE	true
semantic-candidate:a8d5f696e20549ab363cf9f5	semantic-relation:4455df2624560e29c22b878a	INSTANCE_OR_SPECIFIC_FORM_OF	V2_CONTAINMENT_CANDIDATE_NOT_EQUIVALENCE	true
semantic-candidate:a8de1a32fab1984d25c9f8dc	semantic-relation:17f9016dbffcf27ad0626733	MODIFIES	MODIFIER_PARSE_REQUIRES_REVIEW	true
semantic-candidate:a8e1230d6e4b8ad4714fc41a	semantic-relation:614725a5c77d3a0afd304b8d	INSTANCE_OR_SPECIFIC_FORM_OF	V2_CONTAINMENT_CANDIDATE_NOT_EQUIVALENCE	true
semantic-candidate:a8e71406d899cc58058f423a	semantic-relation:29440e72e6cc686a02985d09	INSTANCE_OR_SPECIFIC_FORM_OF	V2_CONTAINMENT_CANDIDATE_NOT_EQUIVALENCE	true
semantic-candidate:a8f350636ec8951c7332b472	semantic-relation:81938157524a31186a3c0ef4	COMPONENT_OF	COMPOUND_COMPONENT_PARSE_REQUIRES_REVIEW	true
semantic-candidate:a9038b01641ed4a87a9b8d00	semantic-relation:239e659c8b0bd061ae56840c	INSTANCE_OR_SPECIFIC_FORM_OF	V2_CONTAINMENT_CANDIDATE_NOT_EQUIVALENCE	true
semantic-candidate:a917012398c460d0ef8fc67f	semantic-relation:1b880651915222fba374d5d9	COMPONENT_OF	COMPOUND_COMPONENT_PARSE_REQUIRES_REVIEW	true
semantic-candidate:a91db83c3b584ab762908656	semantic-relation:b5b43b24c316534a054aeca3	COMPONENT_OF	COMPOUND_COMPONENT_PARSE_REQUIRES_REVIEW	true
semantic-candidate:a931431a4661decca4a8079b	semantic-relation:ce7f7c693dec9e55940f04a5	INSTANCE_OR_SPECIFIC_FORM_OF	V2_CONTAINMENT_CANDIDATE_NOT_EQUIVALENCE	true
semantic-candidate:a93bf0f5cc55a816efcb5691	semantic-relation:cf6b754321df90c8021a1968	COMPONENT_OF	COMPOUND_COMPONENT_PARSE_REQUIRES_REVIEW	true
semantic-candidate:a95063ac61973a1239c581ee	semantic-relation:f19a58e06fe5d82ea6c70998	COMPONENT_OF	COMPOUND_COMPONENT_PARSE_REQUIRES_REVIEW	true
semantic-candidate:a960c0367aeeeb57d91ec2d0	semantic-relation:298485b14b406355a35d322e	COMPONENT_OF	COMPOUND_COMPONENT_PARSE_REQUIRES_REVIEW	true
semantic-candidate:a9698216b9eb5c5022b0d565	semantic-relation:eeceb2cdc0111daab8ec2a78	INSTANCE_OR_SPECIFIC_FORM_OF	V2_CONTAINMENT_CANDIDATE_NOT_EQUIVALENCE	true
semantic-candidate:a96fa6fbc356fdbe8060e942	semantic-relation:f79438264677006037d2801f	INSTANCE_OR_SPECIFIC_FORM_OF	V2_CONTAINMENT_CANDIDATE_NOT_EQUIVALENCE	true
semantic-candidate:a979c46aaede730a6bbbc0d2	semantic-relation:9ca8e083df526a0bf8127e62	MODIFIES	MODIFIER_PARSE_REQUIRES_REVIEW	true
semantic-candidate:a97a7d6f9b29ff2cf293e303	semantic-relation:a653df766d211aa9cf68ce50	COMPONENT_OF	COMPOUND_COMPONENT_PARSE_REQUIRES_REVIEW	true
semantic-candidate:a97f9b555653cac23b52c5e2	semantic-relation:be1b06df037f592cac3cb40c	INSTANCE_OR_SPECIFIC_FORM_OF	V2_CONTAINMENT_CANDIDATE_NOT_EQUIVALENCE	true
semantic-candidate:a99b71db4d541af92698c481	semantic-relation:5e477d21fe31bcc6f9d92f94	INSTANCE_OR_SPECIFIC_FORM_OF	V2_CONTAINMENT_CANDIDATE_NOT_EQUIVALENCE	true
semantic-candidate:a99e0905431a738e7c42bb63	semantic-relation:63b3b57f4e9e18cc4570a267	INSTANCE_OR_SPECIFIC_FORM_OF	V2_CONTAINMENT_CANDIDATE_NOT_EQUIVALENCE	true
semantic-candidate:a9afca3d3405d96437d049b9	semantic-relation:8b10a66a0366bcc39ad1957c	MODIFIES	MODIFIER_PARSE_REQUIRES_REVIEW	true
semantic-candidate:a9c981098642351753b1566a	semantic-relation:6fa89c3c2d16dbda771ff9cb	INSTANCE_OR_SPECIFIC_FORM_OF	V2_CONTAINMENT_CANDIDATE_NOT_EQUIVALENCE	true
semantic-candidate:a9e0f1f62bd6ddacf719c3bd	semantic-relation:25f8635fdae5b90eed449507	MODIFIES	MODIFIER_PARSE_REQUIRES_REVIEW	true
semantic-candidate:a9e78cc32b44f7216bb4a397	semantic-relation:8b439e93d447d3ef2f9fdfc1	INSTANCE_OR_SPECIFIC_FORM_OF	V2_CONTAINMENT_CANDIDATE_NOT_EQUIVALENCE	true
semantic-candidate:a9e9128d509c683a97143225	semantic-relation:6a1daba64974b6fc28d68c5c	INSTANCE_OR_SPECIFIC_FORM_OF	V2_CONTAINMENT_CANDIDATE_NOT_EQUIVALENCE	true
semantic-candidate:a9f2eaf47bb53bde75a2eacc	semantic-relation:0a70f78dfa83869ee689f10f	COMPONENT_OF	COMPOUND_COMPONENT_PARSE_REQUIRES_REVIEW	true
semantic-candidate:a9f4b699100ce80be3459e9c	semantic-relation:dbe3852ba059b77bcbf4fc23	INSTANCE_OR_SPECIFIC_FORM_OF	V2_CONTAINMENT_CANDIDATE_NOT_EQUIVALENCE	true
semantic-candidate:a9f97a8e82ac47ab06bb529e	semantic-relation:10b28218747970030b2181f9	MODIFIES	MODIFIER_PARSE_REQUIRES_REVIEW	true
semantic-candidate:aa1c5905254cb95798b95ce3	semantic-relation:133aef361f3eab7df9d34cba	INSTANCE_OR_SPECIFIC_FORM_OF	V2_CONTAINMENT_CANDIDATE_NOT_EQUIVALENCE	true
semantic-candidate:aa31d373fbac5a0d7009264f	semantic-relation:486423db35c80ba304467cc9	INSTANCE_OR_SPECIFIC_FORM_OF	V2_CONTAINMENT_CANDIDATE_NOT_EQUIVALENCE	true
semantic-candidate:aa34a8b2570170c4dc1ea5dc	semantic-relation:76e20cc3ca249dd148b13528	COMPONENT_OF	COMPOUND_COMPONENT_PARSE_REQUIRES_REVIEW	true
semantic-candidate:aa39acd0eb15c9a9b357af3d	semantic-relation:9ee9445a71721236afcc2afa	COMPONENT_OF	COMPOUND_COMPONENT_PARSE_REQUIRES_REVIEW	true
semantic-candidate:aa5a882bb6563f0670c6f9c6	semantic-relation:c67f2cbd97db92fe2d0e5cc6	INSTANCE_OR_SPECIFIC_FORM_OF	V2_CONTAINMENT_CANDIDATE_NOT_EQUIVALENCE	true
semantic-candidate:aa5b3e3623bb9da35680ad30	semantic-relation:ac8f9d8326a00ac6a3d0bc0a	MODIFIES	MODIFIER_PARSE_REQUIRES_REVIEW	true
semantic-candidate:aa75935f55aaf39cee765489	semantic-relation:d4b803081c39c0c56e9e5da4	INSTANCE_OR_SPECIFIC_FORM_OF	V2_CONTAINMENT_CANDIDATE_NOT_EQUIVALENCE	true
semantic-candidate:aa9a8f86182179d09a79c94c	semantic-relation:5904e08c413609374d387b0f	COMPONENT_OF	COMPOUND_COMPONENT_PARSE_REQUIRES_REVIEW	true
semantic-candidate:aaa5cf9bf1cb3b72f8854db5	semantic-relation:391c7b970420c21def243bef	INSTANCE_OR_SPECIFIC_FORM_OF	V2_CONTAINMENT_CANDIDATE_NOT_EQUIVALENCE	true
semantic-candidate:aaacff5b7f31c541407be1cf	semantic-relation:70be4bcdea3074602d92e237	INSTANCE_OR_SPECIFIC_FORM_OF	V2_CONTAINMENT_CANDIDATE_NOT_EQUIVALENCE	true
semantic-candidate:aab9b52d2ba2dd3652c84346	semantic-relation:bb65b7daa0a7fed3bab7a069	INSTANCE_OR_SPECIFIC_FORM_OF	V2_CONTAINMENT_CANDIDATE_NOT_EQUIVALENCE	true
semantic-candidate:aac3919557a623758e3b73fc	semantic-relation:1206ff801fe999f24702d02a	COMPONENT_OF	COMPOUND_COMPONENT_PARSE_REQUIRES_REVIEW	true
semantic-candidate:aac7f9c86edda4a0f41b5e17	semantic-relation:05b6ef3260ca062a70e2d614	COMPONENT_OF	COMPOUND_COMPONENT_PARSE_REQUIRES_REVIEW	true
semantic-candidate:aad6e0f101747eb8c51006da	semantic-relation:b91f2604e623cc93f5b55620	INSTANCE_OR_SPECIFIC_FORM_OF	V2_CONTAINMENT_CANDIDATE_NOT_EQUIVALENCE	true
semantic-candidate:aadb41411027b8db7de9c688	semantic-relation:f48e572a4652fd71cc88cd9a	COMPONENT_OF	COMPOUND_COMPONENT_PARSE_REQUIRES_REVIEW	true
semantic-candidate:aadfd47e8c4a081056639fff	semantic-relation:d1a4b8a6b576335ffa480078	INSTANCE_OR_SPECIFIC_FORM_OF	V2_CONTAINMENT_CANDIDATE_NOT_EQUIVALENCE	true
semantic-candidate:aae0eb74050041d9afe45e6e	semantic-relation:f86279f0e8e5308e96c7ec7a	MODIFIES	MODIFIER_PARSE_REQUIRES_REVIEW	true
semantic-candidate:aae975c2b949a471fdb491ba	semantic-relation:ae19d0955fc06cf17574b73d	INSTANCE_OR_SPECIFIC_FORM_OF	V2_CONTAINMENT_CANDIDATE_NOT_EQUIVALENCE	true
semantic-candidate:ab26b7b0517535777c808f52	semantic-relation:0f3f852a08558186d82ec5bc	INSTANCE_OR_SPECIFIC_FORM_OF	V2_CONTAINMENT_CANDIDATE_NOT_EQUIVALENCE	true
semantic-candidate:ab2c8277ca01fb5bcf56a0e7	semantic-relation:534969d8f10142799886ae65	INSTANCE_OR_SPECIFIC_FORM_OF	V2_CONTAINMENT_CANDIDATE_NOT_EQUIVALENCE	true
semantic-candidate:ab3dd67b6a8ae2744974df66	semantic-relation:de545bc8810e79759edbff5c	INSTANCE_OR_SPECIFIC_FORM_OF	V2_CONTAINMENT_CANDIDATE_NOT_EQUIVALENCE	true
semantic-candidate:ab44b5574b442ddbcbe30f95	semantic-relation:10e8bbfe8720390133ce7a05	COMPONENT_OF	COMPOUND_COMPONENT_PARSE_REQUIRES_REVIEW	true
semantic-candidate:ab55d90b52159003af462f39	semantic-relation:ba36d91391ab51336699a31c	COMPONENT_OF	COMPOUND_COMPONENT_PARSE_REQUIRES_REVIEW	true
semantic-candidate:ab561f113fb02e968c317ad6	semantic-relation:ed6ee963fd9421cdfbd5c995	INSTANCE_OR_SPECIFIC_FORM_OF	V2_CONTAINMENT_CANDIDATE_NOT_EQUIVALENCE	true
semantic-candidate:ab62e99c16820a207414df96	semantic-relation:fecbae811f4c50cfe9e05ac9	COMPONENT_OF	COMPOUND_COMPONENT_PARSE_REQUIRES_REVIEW	true
semantic-candidate:ab66474783b271747ba985c7	semantic-relation:a56a68325fc14a5e672404ea	COMPONENT_OF	COMPOUND_COMPONENT_PARSE_REQUIRES_REVIEW	true
semantic-candidate:ab69235dcef0dd7491a0e0fb	semantic-relation:2291d81e80e08c159944eaf2	COMPONENT_OF	COMPOUND_COMPONENT_PARSE_REQUIRES_REVIEW	true
semantic-candidate:ab70045db337355af8d358b7	semantic-relation:3f5f9464cadef689f1536901	COMPONENT_OF	COMPOUND_COMPONENT_PARSE_REQUIRES_REVIEW	true
semantic-candidate:ab81bbc78a89465c8d79b9ae	semantic-relation:f067c8ed68c6534273ae008b	COMPONENT_OF	COMPOUND_COMPONENT_PARSE_REQUIRES_REVIEW	true
semantic-candidate:ab93416fe337825c5d6b96bc	semantic-relation:02c781a9ed6c6f071e8a6629	COMPONENT_OF	COMPOUND_COMPONENT_PARSE_REQUIRES_REVIEW	true
semantic-candidate:ab96e9431a5f4ca086cc7393	semantic-relation:61381a86101c2ee7e751f412	COMPONENT_OF	COMPOUND_COMPONENT_PARSE_REQUIRES_REVIEW	true
semantic-candidate:ab9fb87f0d1bd8dcc45e0817	semantic-relation:219b0bbc220c3b0b227b34c1	COMPONENT_OF	COMPOUND_COMPONENT_PARSE_REQUIRES_REVIEW	true
semantic-candidate:aba244a04a0bf3f8f3b25028	semantic-relation:286353029ad2592414ee1f4e	INSTANCE_OR_SPECIFIC_FORM_OF	V2_CONTAINMENT_CANDIDATE_NOT_EQUIVALENCE	true
semantic-candidate:abaa9621404670c6a875bce5	semantic-relation:b08e11c0b6386cd0f3334899	INSTANCE_OR_SPECIFIC_FORM_OF	V2_CONTAINMENT_CANDIDATE_NOT_EQUIVALENCE	true
semantic-candidate:abb9f24fc0efb89cb1495385	semantic-relation:92478a2c084a8c75e3b12c0e	MODIFIES	MODIFIER_PARSE_REQUIRES_REVIEW	true
semantic-candidate:abc36ca69093597fac518b7c	semantic-relation:f77a23bd5179c5780520c8fc	MODIFIES	MODIFIER_PARSE_REQUIRES_REVIEW	true
semantic-candidate:abd0372510114a4779c80ed5	semantic-relation:d940eddca63da68361e424f3	INSTANCE_OR_SPECIFIC_FORM_OF	V2_CONTAINMENT_CANDIDATE_NOT_EQUIVALENCE	true
semantic-candidate:abdbf10d1cb04d81df15413b	semantic-relation:683debecefd5306244db9e7f	MODIFIES	MODIFIER_PARSE_REQUIRES_REVIEW	true
semantic-candidate:abddac2f07a26dd1e9826497	semantic-relation:235e03b6498139f028bf648c	INSTANCE_OR_SPECIFIC_FORM_OF	V2_CONTAINMENT_CANDIDATE_NOT_EQUIVALENCE	true
semantic-candidate:ac046154b1508a06646387bd	semantic-relation:7f1f8910dfb54e12cb126581	INSTANCE_OR_SPECIFIC_FORM_OF	V2_CONTAINMENT_CANDIDATE_NOT_EQUIVALENCE	true
semantic-candidate:ac04c1c45e1e204326065128	semantic-relation:f23573137f59c84143ea0d45	INSTANCE_OR_SPECIFIC_FORM_OF	V2_CONTAINMENT_CANDIDATE_NOT_EQUIVALENCE	true
semantic-candidate:ac06f3239dcde77a98dda590	semantic-relation:ef3a128d181869749b50299c	COMPONENT_OF	COMPOUND_COMPONENT_PARSE_REQUIRES_REVIEW	true
semantic-candidate:ac0af4c8a4c250c90358f3af	semantic-relation:a24b0f87b238ef7494f9a3d4	COMPONENT_OF	COMPOUND_COMPONENT_PARSE_REQUIRES_REVIEW	true
semantic-candidate:ac25ace305ee932aced9a1f9	semantic-relation:7583bcec55409bad90943e54	INSTANCE_OR_SPECIFIC_FORM_OF	V2_CONTAINMENT_CANDIDATE_NOT_EQUIVALENCE	true
semantic-candidate:ac3e1d2cc50df885b19b7acb	semantic-relation:bb84b611496557a10825df40	COMPONENT_OF	COMPOUND_COMPONENT_PARSE_REQUIRES_REVIEW	true
semantic-candidate:ac67a108dcc7b1d2b69e44f3	semantic-relation:c24a4c243f4f39d35c68eef9	COMPONENT_OF	COMPOUND_COMPONENT_PARSE_REQUIRES_REVIEW	true
semantic-candidate:ac688cb24cbd423bab982b67	semantic-relation:818fd6dca86430e42ba623b7	INSTANCE_OR_SPECIFIC_FORM_OF	V2_CONTAINMENT_CANDIDATE_NOT_EQUIVALENCE	true
semantic-candidate:ac6c1903207d1a20e68d0bfe	semantic-relation:0aeed112166c597e91042364	INSTANCE_OR_SPECIFIC_FORM_OF	V2_CONTAINMENT_CANDIDATE_NOT_EQUIVALENCE	true
semantic-candidate:ac8a0f449d029996594742a0	semantic-relation:37520b9273b94aa1cf15ce7c	MODIFIES	MODIFIER_PARSE_REQUIRES_REVIEW	true
semantic-candidate:ac95c175d1d4eeb627943e17	semantic-relation:f7029128fc69e14637c3db8e	INSTANCE_OR_SPECIFIC_FORM_OF	V2_CONTAINMENT_CANDIDATE_NOT_EQUIVALENCE	true
semantic-candidate:ac97f723daf17a80a3e4d3ee	semantic-relation:e49b7c61951f2f6ce2af3aea	COMPONENT_OF	COMPOUND_COMPONENT_PARSE_REQUIRES_REVIEW	true
semantic-candidate:acb4a4f4fef3349571a6348b	semantic-relation:2fc218d8efa9533d2d096954	COMPONENT_OF	COMPOUND_COMPONENT_PARSE_REQUIRES_REVIEW	true
semantic-candidate:acb5ff1d4513f8c74cd42696	semantic-relation:519581766d4e2e7d030503ba	INSTANCE_OR_SPECIFIC_FORM_OF	V2_CONTAINMENT_CANDIDATE_NOT_EQUIVALENCE	true
semantic-candidate:acb81183542120de12fbaa86	semantic-relation:b09c39cb1b4a0b08bbe3be60	INSTANCE_OR_SPECIFIC_FORM_OF	V2_CONTAINMENT_CANDIDATE_NOT_EQUIVALENCE	true
semantic-candidate:acc8cf8b4fade65d9cb42113	semantic-relation:fd0d1aef7383beb62c17785c	COMPONENT_OF	COMPOUND_COMPONENT_PARSE_REQUIRES_REVIEW	true
semantic-candidate:acecdf15b5ea5b3581c31b7a	semantic-relation:65fa091598a12dd29c990124	COMPONENT_OF	COMPOUND_COMPONENT_PARSE_REQUIRES_REVIEW	true
semantic-candidate:acf060debde9a223d73c4b14	semantic-relation:ec09a0e455f6cd87323a2129	INSTANCE_OR_SPECIFIC_FORM_OF	V2_CONTAINMENT_CANDIDATE_NOT_EQUIVALENCE	true
semantic-candidate:acf494940abeb6034f0d5cc3	semantic-relation:9c0fca389f196fa93256f313	COMPONENT_OF	COMPOUND_COMPONENT_PARSE_REQUIRES_REVIEW	true
semantic-candidate:acfe76466c80c863a7b166ac	semantic-relation:a140b58483629b562612379a	COMPONENT_OF	COMPOUND_COMPONENT_PARSE_REQUIRES_REVIEW	true
semantic-candidate:ad0849e2b867ad1b1443ab6c	semantic-relation:b988ed865b0817e9738e73a2	INSTANCE_OR_SPECIFIC_FORM_OF	V2_CONTAINMENT_CANDIDATE_NOT_EQUIVALENCE	true
semantic-candidate:ad0fa84d81cccd5a16ccac36	semantic-relation:48563b784d68efc3c4e35e76	COMPONENT_OF	COMPOUND_COMPONENT_PARSE_REQUIRES_REVIEW	true
semantic-candidate:ad142edb528465d2a9ad6b8a	semantic-relation:ee916590c6082f6bdcd24585	INSTANCE_OR_SPECIFIC_FORM_OF	V2_CONTAINMENT_CANDIDATE_NOT_EQUIVALENCE	true
semantic-candidate:ad25e76e203b899475b9e5cb	semantic-relation:2819599440d84fd12604b05f	INSTANCE_OR_SPECIFIC_FORM_OF	V2_CONTAINMENT_CANDIDATE_NOT_EQUIVALENCE	true
semantic-candidate:ad2be5254f1c3a50953b6675	semantic-relation:de48dd455849fe1f77057bb2	COMPONENT_OF	COMPOUND_COMPONENT_PARSE_REQUIRES_REVIEW	true
semantic-candidate:ad32ed12222bc201b3d21238	semantic-relation:12cb1ec87cdded3535c2e609	INSTANCE_OR_SPECIFIC_FORM_OF	V2_CONTAINMENT_CANDIDATE_NOT_EQUIVALENCE	true
semantic-candidate:ad42d3a4da178d654d94722b	semantic-relation:3ea4f3d0c2fe66134ebddd8e	INSTANCE_OR_SPECIFIC_FORM_OF	V2_CONTAINMENT_CANDIDATE_NOT_EQUIVALENCE	true
semantic-candidate:ad4fdf1240a9bf9d89169d49	semantic-relation:1e839d48e0755a4eb9d3c7c7	COMPONENT_OF	COMPOUND_COMPONENT_PARSE_REQUIRES_REVIEW	true
semantic-candidate:ad5259f0bad3b11ce6f4c85a	semantic-relation:a31b38dc93327afc5ab780bc	MODIFIES	MODIFIER_PARSE_REQUIRES_REVIEW	true
semantic-candidate:ad63b47142779fddd0893c0a	semantic-relation:d7c4f8eb7c9337a2371c6d81	COMPONENT_OF	COMPOUND_COMPONENT_PARSE_REQUIRES_REVIEW	true
semantic-candidate:ad6a9a964147ddeea6d79770	semantic-relation:42f2a962cb834adcbfb0dd40	INSTANCE_OR_SPECIFIC_FORM_OF	V2_CONTAINMENT_CANDIDATE_NOT_EQUIVALENCE	true
semantic-candidate:ad74df833f48cc7f928ce23e	semantic-relation:d6d7e1a1f446357cd82a47de	COMPONENT_OF	COMPOUND_COMPONENT_PARSE_REQUIRES_REVIEW	true
semantic-candidate:ad787d8e213869094f913b9b	semantic-relation:de986c0fcc97c582fc810985	MODIFIES	MODIFIER_PARSE_REQUIRES_REVIEW	true
semantic-candidate:ad87e992144bcce0078411b9	semantic-relation:946824bb165366c173a02470	INSTANCE_OR_SPECIFIC_FORM_OF	V2_CONTAINMENT_CANDIDATE_NOT_EQUIVALENCE	true
semantic-candidate:ad97e8f1d5d7073678f9c74f	semantic-relation:078dc58a2813f4dd8a31d078	COMPONENT_OF	COMPOUND_COMPONENT_PARSE_REQUIRES_REVIEW	true
semantic-candidate:adac4fb0228c9b04da560b55	semantic-relation:d98cc36726d68d1bdb7407c0	INSTANCE_OR_SPECIFIC_FORM_OF	V2_CONTAINMENT_CANDIDATE_NOT_EQUIVALENCE	true
semantic-candidate:adb42cdc152e571b6523718f	semantic-relation:98d18da5f264f78e7ab88657	INSTANCE_OR_SPECIFIC_FORM_OF	V2_CONTAINMENT_CANDIDATE_NOT_EQUIVALENCE	true
semantic-candidate:adbb24a7950ed21a0ee612f5	semantic-relation:14b9ab833e6d515b86c24470	MODIFIES	MODIFIER_PARSE_REQUIRES_REVIEW	true
semantic-candidate:adc165971071e51e6de0bc45	semantic-relation:396ac0808ab8290fc80b6a68	INSTANCE_OR_SPECIFIC_FORM_OF	V2_CONTAINMENT_CANDIDATE_NOT_EQUIVALENCE	true
semantic-candidate:adc3ab6f7b6f348d54ee8bf5	semantic-relation:081d06b9de06c93af3d778ee	INSTANCE_OR_SPECIFIC_FORM_OF	V2_CONTAINMENT_CANDIDATE_NOT_EQUIVALENCE	true
semantic-candidate:adc9903bbbbb483c3e1e98e5	semantic-relation:75689e46fccc5d315a07c8db	COMPONENT_OF	COMPOUND_COMPONENT_PARSE_REQUIRES_REVIEW	true
semantic-candidate:adca2cec6b07c9af9e5f68f6	semantic-relation:dae3a59be089efbdb24c25eb	INSTANCE_OR_SPECIFIC_FORM_OF	V2_CONTAINMENT_CANDIDATE_NOT_EQUIVALENCE	true
semantic-candidate:ade10642092c020c2cdae99f	semantic-relation:3ee2aff1112ea21501896104	COMPONENT_OF	COMPOUND_COMPONENT_PARSE_REQUIRES_REVIEW	true
semantic-candidate:adef0901ebc40cc280109b14	semantic-relation:a49fdfd16f28d9c50eded745	COMPONENT_OF	COMPOUND_COMPONENT_PARSE_REQUIRES_REVIEW	true
semantic-candidate:adef5a7f368a1382422defde	semantic-relation:8e4125db06b3c25fe6f7487e	COMPONENT_OF	COMPOUND_COMPONENT_PARSE_REQUIRES_REVIEW	true
semantic-candidate:ae0a96cf0e2a70e062f5c091	semantic-relation:cce00172a78631422b0f49c2	INSTANCE_OR_SPECIFIC_FORM_OF	V2_CONTAINMENT_CANDIDATE_NOT_EQUIVALENCE	true
semantic-candidate:ae0c8983b5bfecdbadd53ecd	semantic-relation:6122a13531fa862bc917dc0d	COMPONENT_OF	COMPOUND_COMPONENT_PARSE_REQUIRES_REVIEW	true
semantic-candidate:ae156adc57040d9ab8bf63c3	semantic-relation:a5f95791bd661d431aadaa13	INSTANCE_OR_SPECIFIC_FORM_OF	V2_CONTAINMENT_CANDIDATE_NOT_EQUIVALENCE	true
semantic-candidate:ae19695f26f3339cebe9d8f8	semantic-relation:adc5a2fb9848445b43f9d2f5	COMPONENT_OF	COMPOUND_COMPONENT_PARSE_REQUIRES_REVIEW	true
semantic-candidate:ae1c6ef243bf78f3472c58f2	semantic-relation:f47eb00f7eada4784bad5c88	INSTANCE_OR_SPECIFIC_FORM_OF	V2_CONTAINMENT_CANDIDATE_NOT_EQUIVALENCE	true
semantic-candidate:ae203f7ab158605cff183fb4	semantic-relation:ea09ee69bbfc86fbdeac46f5	INSTANCE_OR_SPECIFIC_FORM_OF	V2_CONTAINMENT_CANDIDATE_NOT_EQUIVALENCE	true
semantic-candidate:ae302f7abf73425f8c118c3d	semantic-relation:135066cc454726ee1f0d9fff	MODIFIES	MODIFIER_PARSE_REQUIRES_REVIEW	true
semantic-candidate:ae33a5292592aec06832196a	semantic-relation:e953d314d93b5928d58db60d	INSTANCE_OR_SPECIFIC_FORM_OF	V2_CONTAINMENT_CANDIDATE_NOT_EQUIVALENCE	true
semantic-candidate:ae3d897b4d878a0629109dc4	semantic-relation:fb70a0fa88be5e3eb3bcf6cf	INSTANCE_OR_SPECIFIC_FORM_OF	V2_CONTAINMENT_CANDIDATE_NOT_EQUIVALENCE	true
semantic-candidate:ae4ff245ec2d9825287c9bd5	semantic-relation:c055d27e08b2ecad94cf0b9e	COMPONENT_OF	COMPOUND_COMPONENT_PARSE_REQUIRES_REVIEW	true
semantic-candidate:ae60026ded8b5aa1e8e5d4a2	semantic-relation:66977faccfaf37973ea04344	INSTANCE_OR_SPECIFIC_FORM_OF	V2_CONTAINMENT_CANDIDATE_NOT_EQUIVALENCE	true
semantic-candidate:ae67665d8ae794d8d521fda7	semantic-relation:f1467e6b9efee811eaf7985f	COMPONENT_OF	COMPOUND_COMPONENT_PARSE_REQUIRES_REVIEW	true
semantic-candidate:ae68498390a33050fb84c113	semantic-relation:2e2d7e359f63fc747d73b680	COMPONENT_OF	COMPOUND_COMPONENT_PARSE_REQUIRES_REVIEW	true
semantic-candidate:ae6dfbe16f8a48e81268db76	semantic-relation:c8fb593232d854f75899c949	INSTANCE_OR_SPECIFIC_FORM_OF	V2_CONTAINMENT_CANDIDATE_NOT_EQUIVALENCE	true
semantic-candidate:ae7c764953c98525530bfa69	semantic-relation:0551568017e344ae7e034351	COMPONENT_OF	COMPOUND_COMPONENT_PARSE_REQUIRES_REVIEW	true
semantic-candidate:ae7e425d248a30e70b3fba53	semantic-relation:4780e67babdedfab22476ad4	MODIFIES	MODIFIER_PARSE_REQUIRES_REVIEW	true
semantic-candidate:ae8668fee71c6d2c1c36e4f5	semantic-relation:5e5925d2269400e41362d560	MODIFIES	MODIFIER_PARSE_REQUIRES_REVIEW	true
semantic-candidate:aebda1814dcb2a3237e3bec2	semantic-relation:c3d1c2049bc24d597e4419d6	COMPONENT_OF	COMPOUND_COMPONENT_PARSE_REQUIRES_REVIEW	true
semantic-candidate:aec3d0fa4046f70aa2a135d2	semantic-relation:0802b5339ecde3862900a617	INSTANCE_OR_SPECIFIC_FORM_OF	V2_CONTAINMENT_CANDIDATE_NOT_EQUIVALENCE	true
semantic-candidate:aec9717ac0c3f3dec7edec37	semantic-relation:f242513d5ce5f7c63b92cc01	INSTANCE_OR_SPECIFIC_FORM_OF	V2_CONTAINMENT_CANDIDATE_NOT_EQUIVALENCE	true
semantic-candidate:aed61c49f361a28722e4ef24	semantic-relation:750a03ce014b0ccfac46ebea	COMPONENT_OF	COMPOUND_COMPONENT_PARSE_REQUIRES_REVIEW	true
semantic-candidate:af0de2af71272d4e47c3d289	semantic-relation:026ff49304c9a5401ba42534	MODIFIES	MODIFIER_PARSE_REQUIRES_REVIEW	true
semantic-candidate:af14fd9494a456507b419254	semantic-relation:6b14054e712b84ff45b9d34b	INSTANCE_OR_SPECIFIC_FORM_OF	V2_CONTAINMENT_CANDIDATE_NOT_EQUIVALENCE	true
semantic-candidate:af19c4b8becbf3894b8e60ef	semantic-relation:a43b5850c39f53528b1eb326	MODIFIES	MODIFIER_PARSE_REQUIRES_REVIEW	true
semantic-candidate:af256a5fb12c3d998f91ee98	semantic-relation:85e24231fa6ffd1b98a8f609	COMPONENT_OF	COMPOUND_COMPONENT_PARSE_REQUIRES_REVIEW	true
semantic-candidate:af26ce351bd680d7dd36d77d	semantic-relation:4af5b2bab7dcadc47c850c47	INSTANCE_OR_SPECIFIC_FORM_OF	V2_CONTAINMENT_CANDIDATE_NOT_EQUIVALENCE	true
semantic-candidate:af31ace51588af9ce594f3cb	semantic-relation:e4d48e596e20eca54a277895	INSTANCE_OR_SPECIFIC_FORM_OF	V2_CONTAINMENT_CANDIDATE_NOT_EQUIVALENCE	true
semantic-candidate:af366db1cef9397797e4d0a4	semantic-relation:4e0b7757eac2a37962de6ad1	COMPONENT_OF	COMPOUND_COMPONENT_PARSE_REQUIRES_REVIEW	true
semantic-candidate:af3a102787e3aca45c47bcb8	semantic-relation:c540eb4b009aff1ff8733e70	INSTANCE_OR_SPECIFIC_FORM_OF	V2_CONTAINMENT_CANDIDATE_NOT_EQUIVALENCE	true
semantic-candidate:af4d9e43307c0b7086875a74	semantic-relation:b1e02a83b7668f067476e08a	COMPONENT_OF	COMPOUND_COMPONENT_PARSE_REQUIRES_REVIEW	true
semantic-candidate:af5986c52f7ed7f07a064dec	semantic-relation:3f084124cb14754b514ec585	MODIFIES	MODIFIER_PARSE_REQUIRES_REVIEW	true
semantic-candidate:af5c6508370de8331f8716cd	semantic-relation:73c55aa1a34cd2b495b4bb88	INSTANCE_OR_SPECIFIC_FORM_OF	V2_CONTAINMENT_CANDIDATE_NOT_EQUIVALENCE	true
semantic-candidate:af6bfa88e66ccf3848682388	semantic-relation:b4d8575a64892c36f733b787	INSTANCE_OR_SPECIFIC_FORM_OF	V2_CONTAINMENT_CANDIDATE_NOT_EQUIVALENCE	true
semantic-candidate:af702f3680b1dd7f3cf41544	semantic-relation:32e98b891b77d3995e09b198	COMPONENT_OF	COMPOUND_COMPONENT_PARSE_REQUIRES_REVIEW	true
semantic-candidate:af76d18301f57c85e2bf16d7	semantic-relation:d8ea95a0073f77069570086f	COMPONENT_OF	COMPOUND_COMPONENT_PARSE_REQUIRES_REVIEW	true
semantic-candidate:af8a2a0b8c4759078872fd39	semantic-relation:7b98561784d82c1f6f131944	COMPONENT_OF	COMPOUND_COMPONENT_PARSE_REQUIRES_REVIEW	true
semantic-candidate:af8f2cc470c03c0663aa5850	semantic-relation:b88d84138a69321004fb53e7	INSTANCE_OR_SPECIFIC_FORM_OF	V2_CONTAINMENT_CANDIDATE_NOT_EQUIVALENCE	true
semantic-candidate:afa04a9903bfd1d60d7f4b84	semantic-relation:713cca75e7b7eff28df2a954	COMPONENT_OF	COMPOUND_COMPONENT_PARSE_REQUIRES_REVIEW	true
semantic-candidate:afa7036da57628f5e208e017	semantic-relation:72dccaa4309ab9d7a8d239ff	INSTANCE_OR_SPECIFIC_FORM_OF	V2_CONTAINMENT_CANDIDATE_NOT_EQUIVALENCE	true
semantic-candidate:afb2448f14289f0f7e7015b7	semantic-relation:de80fbb9ab36ea1b1ad0cca6	INSTANCE_OR_SPECIFIC_FORM_OF	V2_CONTAINMENT_CANDIDATE_NOT_EQUIVALENCE	true
semantic-candidate:afcf2b81e1bf27bb03d4e349	semantic-relation:5f786950672a23cc2c6cac62	INSTANCE_OR_SPECIFIC_FORM_OF	V2_CONTAINMENT_CANDIDATE_NOT_EQUIVALENCE	true
semantic-candidate:afe6e727bab7c86f1f89bc1e	semantic-relation:971e3e28730fca3a547105e7	INSTANCE_OR_SPECIFIC_FORM_OF	V2_CONTAINMENT_CANDIDATE_NOT_EQUIVALENCE	true
semantic-candidate:afe92da870e44e251942aedd	semantic-relation:b51f32f4bd843e584868d32a	MODIFIES	MODIFIER_PARSE_REQUIRES_REVIEW	true
semantic-candidate:afea89cecf27ee12ce5574a5	semantic-relation:1c61d58e132a44eda8953692	INSTANCE_OR_SPECIFIC_FORM_OF	V2_CONTAINMENT_CANDIDATE_NOT_EQUIVALENCE	true
semantic-candidate:afef1e39ed1c441abd450f4a	semantic-relation:93a41caed194590d24056546	MODIFIES	MODIFIER_PARSE_REQUIRES_REVIEW	true
semantic-candidate:b005df49e8dc70c17ba26613	semantic-relation:cd3a3269c92b5bbf47f7a5c0	INSTANCE_OR_SPECIFIC_FORM_OF	V2_CONTAINMENT_CANDIDATE_NOT_EQUIVALENCE	true
semantic-candidate:b014ac196f56f869bfbb51cd	semantic-relation:112edc222bac8c49b805a07c	MODIFIES	MODIFIER_PARSE_REQUIRES_REVIEW	true
semantic-candidate:b024b40ab46bce11df49f24d	semantic-relation:43b2b7149051e7dd6bef8698	INSTANCE_OR_SPECIFIC_FORM_OF	V2_CONTAINMENT_CANDIDATE_NOT_EQUIVALENCE	true
semantic-candidate:b02a7b6390575e1f7012c5ab	semantic-relation:155c5d2a94dc6bb7d4cbb6f8	COMPONENT_OF	COMPOUND_COMPONENT_PARSE_REQUIRES_REVIEW	true
semantic-candidate:b043cac1ebd87d0e2a13a533	semantic-relation:f96e19f4c5df961cedf2edf8	INSTANCE_OR_SPECIFIC_FORM_OF	V2_CONTAINMENT_CANDIDATE_NOT_EQUIVALENCE	true
semantic-candidate:b04751fe5884892474656af9	semantic-relation:23016c778749db7c6abcccb5	COMPONENT_OF	COMPOUND_COMPONENT_PARSE_REQUIRES_REVIEW	true
semantic-candidate:b04b6ddf7f0b3b5a5d9add53	semantic-relation:84d8c52e3f86303159a7aaf6	COMPONENT_OF	COMPOUND_COMPONENT_PARSE_REQUIRES_REVIEW	true
semantic-candidate:b054e2c41cab1b36941f98cd	semantic-relation:98793564ec61a051435b0a0c	INSTANCE_OR_SPECIFIC_FORM_OF	V2_CONTAINMENT_CANDIDATE_NOT_EQUIVALENCE	true
semantic-candidate:b05ed5bad295d99da17f1eef	semantic-relation:3bc84225f64d6227f48d2a53	COMPONENT_OF	COMPOUND_COMPONENT_PARSE_REQUIRES_REVIEW	true
semantic-candidate:b0610a31bcafc517f73ed474	semantic-relation:0d7b89ee40b557141b6de220	COMPONENT_OF	COMPOUND_COMPONENT_PARSE_REQUIRES_REVIEW	true
semantic-candidate:b0632eb59a6966cf1cec219b	semantic-relation:aa3599b17389b499fa00b286	COMPONENT_OF	COMPOUND_COMPONENT_PARSE_REQUIRES_REVIEW	true
semantic-candidate:b06da5cf4c614930dd27230a	semantic-relation:432e60ba01ed755952fb8c54	INSTANCE_OR_SPECIFIC_FORM_OF	V2_CONTAINMENT_CANDIDATE_NOT_EQUIVALENCE	true
semantic-candidate:b06ee1d8ab50c7eb345fc501	semantic-relation:715cf377ae7a27a63a4a486f	COMPONENT_OF	COMPOUND_COMPONENT_PARSE_REQUIRES_REVIEW	true
semantic-candidate:b0886ceba924410dd2d5829a	semantic-relation:c5c5fbb859fafac5ed23b3cf	INSTANCE_OR_SPECIFIC_FORM_OF	V2_CONTAINMENT_CANDIDATE_NOT_EQUIVALENCE	true
semantic-candidate:b08fa47d12af75b713c05b06	semantic-relation:ebcdcfd6bf6926a69c67143a	INSTANCE_OR_SPECIFIC_FORM_OF	V2_CONTAINMENT_CANDIDATE_NOT_EQUIVALENCE	true
semantic-candidate:b08fb67a5c7e5d05d8449c9d	semantic-relation:ccbf1cae4453b4f79345b18c	INSTANCE_OR_SPECIFIC_FORM_OF	V2_CONTAINMENT_CANDIDATE_NOT_EQUIVALENCE	true
semantic-candidate:b09f18b0d111d513d2941105	semantic-relation:6e9d9fa6b41e7bb15d435e0f	COMPONENT_OF	COMPOUND_COMPONENT_PARSE_REQUIRES_REVIEW	true
semantic-candidate:b0a96fe5572a4ee320bb5ae6	semantic-relation:95f385ad9325feaa79d36ee0	COMPONENT_OF	COMPOUND_COMPONENT_PARSE_REQUIRES_REVIEW	true
semantic-candidate:b0a9d55eab8438e3e46a3bf0	semantic-relation:d57c841b3e85d473bc2330ca	COMPONENT_OF	COMPOUND_COMPONENT_PARSE_REQUIRES_REVIEW	true
semantic-candidate:b0ae8b7d0bb3fa97ca078e45	semantic-relation:a05deee7e49e770bc7cc2ae8	COMPONENT_OF	COMPOUND_COMPONENT_PARSE_REQUIRES_REVIEW	true
semantic-candidate:b0b9ed0f756e0bbeaceb721c	semantic-relation:bf034dee5304fe18beae1f5e	COMPONENT_OF	COMPOUND_COMPONENT_PARSE_REQUIRES_REVIEW	true
semantic-candidate:b0bdab93f45634b9937255ed	semantic-relation:8639d8bcdde7e50378063f77	COMPONENT_OF	COMPOUND_COMPONENT_PARSE_REQUIRES_REVIEW	true
semantic-candidate:b0c28dcd03fb557febe02545	semantic-relation:189fabc9b25641f3fbd6c8f7	INSTANCE_OR_SPECIFIC_FORM_OF	V2_CONTAINMENT_CANDIDATE_NOT_EQUIVALENCE	true
semantic-candidate:b0c608342d3461e9829b0529	semantic-relation:4710b2bcbe59eee9855d58f1	INSTANCE_OR_SPECIFIC_FORM_OF	V2_CONTAINMENT_CANDIDATE_NOT_EQUIVALENCE	true
semantic-candidate:b0d61eedecdd926c1e030d98	semantic-relation:824eea841289c4fb7c707b17	INSTANCE_OR_SPECIFIC_FORM_OF	V2_CONTAINMENT_CANDIDATE_NOT_EQUIVALENCE	true
semantic-candidate:b0f054f47e2ccf0b722cd339	semantic-relation:052e98d197786827b32a96cf	INSTANCE_OR_SPECIFIC_FORM_OF	V2_CONTAINMENT_CANDIDATE_NOT_EQUIVALENCE	true
semantic-candidate:b0f112538cb10dfb119e9db1	semantic-relation:b777c231479ebe8fa33d3241	INSTANCE_OR_SPECIFIC_FORM_OF	V2_CONTAINMENT_CANDIDATE_NOT_EQUIVALENCE	true
semantic-candidate:b0f64d4f204f8bf453798fb4	semantic-relation:d54c676e0537c13c0d0e8f98	INSTANCE_OR_SPECIFIC_FORM_OF	V2_CONTAINMENT_CANDIDATE_NOT_EQUIVALENCE	true
semantic-candidate:b0facddb1a6de8c72eee608b	semantic-relation:cdbfb31c147cf56f8dc3c8df	INSTANCE_OR_SPECIFIC_FORM_OF	V2_CONTAINMENT_CANDIDATE_NOT_EQUIVALENCE	true
semantic-candidate:b106fb91840877952e5881d3	semantic-relation:dbf9ff496e5281a3f866683c	INSTANCE_OR_SPECIFIC_FORM_OF	V2_CONTAINMENT_CANDIDATE_NOT_EQUIVALENCE	true
semantic-candidate:b10a7117d457da0f35dbf8d5	semantic-relation:314cb0d37df937331e1152f7	INSTANCE_OR_SPECIFIC_FORM_OF	V2_CONTAINMENT_CANDIDATE_NOT_EQUIVALENCE	true
semantic-candidate:b1104aba0d270474099f1e72	semantic-relation:892ad7fde66d3fe5dfe5f37f	INSTANCE_OR_SPECIFIC_FORM_OF	V2_CONTAINMENT_CANDIDATE_NOT_EQUIVALENCE	true
semantic-candidate:b112577416602f9cb793f317	semantic-relation:4245e57db58599270d192d22	INSTANCE_OR_SPECIFIC_FORM_OF	V2_CONTAINMENT_CANDIDATE_NOT_EQUIVALENCE	true
semantic-candidate:b1198b2699eb736b7ac01b3f	semantic-relation:87f918ac90ad3ed1eabebae5	INSTANCE_OR_SPECIFIC_FORM_OF	V2_CONTAINMENT_CANDIDATE_NOT_EQUIVALENCE	true
semantic-candidate:b11c10e6a747b44b814892c2	semantic-relation:624c011468b5f68ad7f38631	COMPONENT_OF	COMPOUND_COMPONENT_PARSE_REQUIRES_REVIEW	true
semantic-candidate:b11ea961943edb621a109152	semantic-relation:e8aec3acf13b4bdbb8c73e56	COMPONENT_OF	COMPOUND_COMPONENT_PARSE_REQUIRES_REVIEW	true
semantic-candidate:b12de8be218927112d480cb2	semantic-relation:6563f14319fc0f3af84536b9	MODIFIES	MODIFIER_PARSE_REQUIRES_REVIEW	true
semantic-candidate:b14a7fb1576ea3c3e7261dcf	semantic-relation:0d2f3196d98ee3035e19d27f	COMPONENT_OF	COMPOUND_COMPONENT_PARSE_REQUIRES_REVIEW	true
semantic-candidate:b14f5b18f0383fabb379b5bf	semantic-relation:3870d786874855913404774b	MODIFIES	MODIFIER_PARSE_REQUIRES_REVIEW	true
semantic-candidate:b1597d70c0d9e6346f1b982c	semantic-relation:5994eee39cce01c7712fc7dc	COMPONENT_OF	COMPOUND_COMPONENT_PARSE_REQUIRES_REVIEW	true
semantic-candidate:b15caca056401941217e9598	semantic-relation:8640be5efc824ff454b01ca6	MODIFIES	MODIFIER_PARSE_REQUIRES_REVIEW	true
semantic-candidate:b16312e1d95086eb6d48cb72	semantic-relation:1d4847994e0ad96150cd256c	COMPONENT_OF	COMPOUND_COMPONENT_PARSE_REQUIRES_REVIEW	true
semantic-candidate:b1693e73f50640a7a0f8d6d8	semantic-relation:c32ad07c6cc107dfef2dc605	INSTANCE_OR_SPECIFIC_FORM_OF	V2_CONTAINMENT_CANDIDATE_NOT_EQUIVALENCE	true
semantic-candidate:b16c94d2dde7c102c9ae0004	semantic-relation:3c20313ac438a3fca6d3cd32	INSTANCE_OR_SPECIFIC_FORM_OF	V2_CONTAINMENT_CANDIDATE_NOT_EQUIVALENCE	true
semantic-candidate:b17f6264a938e286933831a1	semantic-relation:5b6c26f9c96f70c97acf8b91	INSTANCE_OR_SPECIFIC_FORM_OF	V2_CONTAINMENT_CANDIDATE_NOT_EQUIVALENCE	true
semantic-candidate:b1808b361229d13ff375338d	semantic-relation:c6ed30f578f0b04b8984a98b	INSTANCE_OR_SPECIFIC_FORM_OF	V2_CONTAINMENT_CANDIDATE_NOT_EQUIVALENCE	true
semantic-candidate:b18410191e4c3fe6d309ec1b	semantic-relation:e6852a5c408da6b6abb2dc1c	INSTANCE_OR_SPECIFIC_FORM_OF	V2_CONTAINMENT_CANDIDATE_NOT_EQUIVALENCE	true
semantic-candidate:b18954c0a1e92d525d4e7f0e	semantic-relation:5694a09f00b1b736970a783a	COMPONENT_OF	COMPOUND_COMPONENT_PARSE_REQUIRES_REVIEW	true
semantic-candidate:b18cc261f94cc937c8de4044	semantic-relation:d16cadbf33e7f71ece541eff	INSTANCE_OR_SPECIFIC_FORM_OF	V2_CONTAINMENT_CANDIDATE_NOT_EQUIVALENCE	true
semantic-candidate:b1a7b9cdb2e34e33fa1d32cd	semantic-relation:7a4656ee73414afa851bb265	INSTANCE_OR_SPECIFIC_FORM_OF	V2_CONTAINMENT_CANDIDATE_NOT_EQUIVALENCE	true
semantic-candidate:b1b4008fd2bb62fc48f4e547	semantic-relation:1e03e5f3f88f8a3427a754f2	COMPONENT_OF	COMPOUND_COMPONENT_PARSE_REQUIRES_REVIEW	true
semantic-candidate:b1bb5a245712421c768e4689	semantic-relation:6c86755d83a0f86e1cf5ad1d	INSTANCE_OR_SPECIFIC_FORM_OF	V2_CONTAINMENT_CANDIDATE_NOT_EQUIVALENCE	true
semantic-candidate:b1bb8880a235232b64194dc7	semantic-relation:f003d4aaf1bf71263075997a	COMPONENT_OF	COMPOUND_COMPONENT_PARSE_REQUIRES_REVIEW	true
semantic-candidate:b1c59bb16687b646b0d31a99	semantic-relation:9f935283126cd2b787d75a57	MODIFIES	MODIFIER_PARSE_REQUIRES_REVIEW	true
semantic-candidate:b1d181014a1432cca5d2bd7a	semantic-relation:55fb3b5dd6f94efe4cbb746f	COMPONENT_OF	COMPOUND_COMPONENT_PARSE_REQUIRES_REVIEW	true
semantic-candidate:b1d5cfde90c2f65b47b779a3	semantic-relation:54d4317859df777e97040ac9	COMPONENT_OF	COMPOUND_COMPONENT_PARSE_REQUIRES_REVIEW	true
semantic-candidate:b1ecc9ee1983ea1f2906e8b3	semantic-relation:f51b2a5866f77812be0cf998	COMPONENT_OF	COMPOUND_COMPONENT_PARSE_REQUIRES_REVIEW	true
semantic-candidate:b20c2df57b0ceefbde06cc71	semantic-relation:6f447cc669fd06a0df202ed9	COMPONENT_OF	COMPOUND_COMPONENT_PARSE_REQUIRES_REVIEW	true
semantic-candidate:b20e3495d6a2f5dda113ba19	semantic-relation:197b3ce6485656db4da8b513	COMPONENT_OF	COMPOUND_COMPONENT_PARSE_REQUIRES_REVIEW	true
semantic-candidate:b21480bd80e14f2033dc1c65	semantic-relation:cf7cdc28cfbd8d524600cddd	MODIFIES	MODIFIER_PARSE_REQUIRES_REVIEW	true
semantic-candidate:b215de94c2313853a008a06b	semantic-relation:c8721e182e9688b344376f49	COMPONENT_OF	COMPOUND_COMPONENT_PARSE_REQUIRES_REVIEW	true
semantic-candidate:b21ce83369fed75042f06306	semantic-relation:4c06e845f9cb18bc70dbbbb4	COMPONENT_OF	COMPOUND_COMPONENT_PARSE_REQUIRES_REVIEW	true
semantic-candidate:b2413f11f39395268af929f8	semantic-relation:b6978214e5bf53ed4989ef37	COMPONENT_OF	COMPOUND_COMPONENT_PARSE_REQUIRES_REVIEW	true
semantic-candidate:b243eac37f1d3ed0155dc1cc	semantic-relation:dde9a4dc6bef12cf85fcc0f0	INSTANCE_OR_SPECIFIC_FORM_OF	V2_CONTAINMENT_CANDIDATE_NOT_EQUIVALENCE	true
semantic-candidate:b25833e50e91385343757e92	semantic-relation:332d368999a4aeb54bd4921b	MODIFIES	MODIFIER_PARSE_REQUIRES_REVIEW	true
semantic-candidate:b258d705bf8b3a4f9e22eb25	semantic-relation:c4ca405808a6099c68b7928d	COMPONENT_OF	COMPOUND_COMPONENT_PARSE_REQUIRES_REVIEW	true
semantic-candidate:b2634c90945a9d6088f98109	semantic-relation:b29cf63c88ad513d5ccde806	MODIFIES	MODIFIER_PARSE_REQUIRES_REVIEW	true
semantic-candidate:b2636d4c2c9d785cbbcd9e20	semantic-relation:337da775041b1230b6a88bf0	COMPONENT_OF	COMPOUND_COMPONENT_PARSE_REQUIRES_REVIEW	true
semantic-candidate:b269eb62f707c785df1e4cbb	semantic-relation:83ca88179d479c10a901e380	INSTANCE_OR_SPECIFIC_FORM_OF	V2_CONTAINMENT_CANDIDATE_NOT_EQUIVALENCE	true
semantic-candidate:b27242ba70a37277809c4749	semantic-relation:5bf123df228e35ca41c1f1aa	INSTANCE_OR_SPECIFIC_FORM_OF	V2_CONTAINMENT_CANDIDATE_NOT_EQUIVALENCE	true
semantic-candidate:b285d9bd894e16c528876878	semantic-relation:073e786a92df3ca26b1b39f6	INSTANCE_OR_SPECIFIC_FORM_OF	V2_CONTAINMENT_CANDIDATE_NOT_EQUIVALENCE	true
semantic-candidate:b2886ce68ef26bbf924d2940	semantic-relation:f0a2b11777dcfd56e2dd7cb5	MODIFIES	MODIFIER_PARSE_REQUIRES_REVIEW	true
semantic-candidate:b2890fb5d1235f81f590f7d0	semantic-relation:fe23058fca426df1ae5173e5	MODIFIES	MODIFIER_PARSE_REQUIRES_REVIEW	true
semantic-candidate:b298bf5ad2a11a50fb777a42	semantic-relation:491da5b8dbe959c7bfe98703	MODIFIES	MODIFIER_PARSE_REQUIRES_REVIEW	true
semantic-candidate:b2a1fe1ab59a96406dd9b363	semantic-relation:1e687350fc09b709c27b48a5	MODIFIES	MODIFIER_PARSE_REQUIRES_REVIEW	true
semantic-candidate:b2af18be1453f9b826a5b36d	semantic-relation:bba7f463ac39f4ee9523d784	COMPONENT_OF	COMPOUND_COMPONENT_PARSE_REQUIRES_REVIEW	true
semantic-candidate:b2d50a6297c20e3d315f93d7	semantic-relation:95589b657f4819ef9087af8e	COMPONENT_OF	COMPOUND_COMPONENT_PARSE_REQUIRES_REVIEW	true
semantic-candidate:b2dd29defd5ec149f7e563f8	semantic-relation:049be9c390193697199c76c7	COMPONENT_OF	COMPOUND_COMPONENT_PARSE_REQUIRES_REVIEW	true
semantic-candidate:b2e5a93e85a658f17ba40233	semantic-relation:ee7d811da73aff73e8622f1a	INSTANCE_OR_SPECIFIC_FORM_OF	V2_CONTAINMENT_CANDIDATE_NOT_EQUIVALENCE	true
semantic-candidate:b2ef82aa75bb2a2b5db2ad8d	semantic-relation:77694d23c05dfff9698b4df0	INSTANCE_OR_SPECIFIC_FORM_OF	V2_CONTAINMENT_CANDIDATE_NOT_EQUIVALENCE	true
semantic-candidate:b3355b530ba629cde5114c59	semantic-relation:cc7cb240cf82d522bbecca94	COMPONENT_OF	COMPOUND_COMPONENT_PARSE_REQUIRES_REVIEW	true
semantic-candidate:b3471675f8e103d058f27b3f	semantic-relation:3f517fcf59a5e7a6a98f3de8	COMPONENT_OF	COMPOUND_COMPONENT_PARSE_REQUIRES_REVIEW	true
semantic-candidate:b34a7d745bc6100e52845ffa	semantic-relation:9c2614ea9867ce9bc5343350	COMPONENT_OF	COMPOUND_COMPONENT_PARSE_REQUIRES_REVIEW	true
semantic-candidate:b37aab02e516b5048def5c29	semantic-relation:5db23814bcdbb881e7e0097c	INSTANCE_OR_SPECIFIC_FORM_OF	V2_CONTAINMENT_CANDIDATE_NOT_EQUIVALENCE	true
semantic-candidate:b388cff9d94907c8b9c91171	semantic-relation:d6aadf136ddd37f250b6dfa9	INSTANCE_OR_SPECIFIC_FORM_OF	V2_CONTAINMENT_CANDIDATE_NOT_EQUIVALENCE	true
semantic-candidate:b3f83c997e2d2ddb4a0e52fe	semantic-relation:9c27eebbc2d515d2f4da6745	COMPONENT_OF	COMPOUND_COMPONENT_PARSE_REQUIRES_REVIEW	true
semantic-candidate:b3fe499a2e53bbaca0275700	semantic-relation:597a218183e1fdb68e99d3a0	MODIFIES	MODIFIER_PARSE_REQUIRES_REVIEW	true
semantic-candidate:b402bbc7ac19c4edbb0df566	semantic-relation:e4b05174762eded064ecdc8d	INSTANCE_OR_SPECIFIC_FORM_OF	V2_CONTAINMENT_CANDIDATE_NOT_EQUIVALENCE	true
semantic-candidate:b407cc7fdd16d6cc1f459110	semantic-relation:b52edffd4414ae76c3053df5	INSTANCE_OR_SPECIFIC_FORM_OF	V2_CONTAINMENT_CANDIDATE_NOT_EQUIVALENCE	true
semantic-candidate:b4121e14cd4a774c1a71fe00	semantic-relation:e1542cdb621f36599c993c73	COMPONENT_OF	COMPOUND_COMPONENT_PARSE_REQUIRES_REVIEW	true
semantic-candidate:b415db57d3281237266e1392	semantic-relation:147c631cb64d045e10710826	INSTANCE_OR_SPECIFIC_FORM_OF	V2_CONTAINMENT_CANDIDATE_NOT_EQUIVALENCE	true
semantic-candidate:b420cbd065929c71ab64a05e	semantic-relation:7fb4b1e238afeb846914bb13	COMPONENT_OF	COMPOUND_COMPONENT_PARSE_REQUIRES_REVIEW	true
semantic-candidate:b429b7c78b5b65cb29710bf3	semantic-relation:76b4bce8af898f0a73510d7e	INSTANCE_OR_SPECIFIC_FORM_OF	V2_CONTAINMENT_CANDIDATE_NOT_EQUIVALENCE	true
semantic-candidate:b42b4dd8d0fdc8e48d4f5c6d	semantic-relation:e1afae555b6c6a24aa59344a	INSTANCE_OR_SPECIFIC_FORM_OF	V2_CONTAINMENT_CANDIDATE_NOT_EQUIVALENCE	true
semantic-candidate:b42f0de4d881b4f2b90ff08e	semantic-relation:4f89905cde2cc387f89626a5	INSTANCE_OR_SPECIFIC_FORM_OF	V2_CONTAINMENT_CANDIDATE_NOT_EQUIVALENCE	true
semantic-candidate:b444b1ae1f2ca09fdf2e4476	semantic-relation:1a90be27106cb9f50c1b34b1	COMPONENT_OF	COMPOUND_COMPONENT_PARSE_REQUIRES_REVIEW	true
semantic-candidate:b44be36438b665a412945ccd	semantic-relation:0dbffe95f2df1ecd5869d7c7	INSTANCE_OR_SPECIFIC_FORM_OF	V2_CONTAINMENT_CANDIDATE_NOT_EQUIVALENCE	true
semantic-candidate:b44d02656d4307f4d9d361ab	semantic-relation:8cad3feb09556402de740980	COMPONENT_OF	COMPOUND_COMPONENT_PARSE_REQUIRES_REVIEW	true
semantic-candidate:b465ca6a9091d4758b7c132d	semantic-relation:c78ff2f6dba17807ba0902fc	COMPONENT_OF	COMPOUND_COMPONENT_PARSE_REQUIRES_REVIEW	true
semantic-candidate:b4886c6ef336f369778e4f47	semantic-relation:e2f770d9634e33cb63ba8012	INSTANCE_OR_SPECIFIC_FORM_OF	V2_CONTAINMENT_CANDIDATE_NOT_EQUIVALENCE	true
semantic-candidate:b495d3d633e10d7b307b676b	semantic-relation:a9356f18bfa31ba523af37c3	COMPONENT_OF	COMPOUND_COMPONENT_PARSE_REQUIRES_REVIEW	true
semantic-candidate:b4a45a637bf492b3b4fee9bd	semantic-relation:0c5970ef5d6a3472d14769fc	COMPONENT_OF	COMPOUND_COMPONENT_PARSE_REQUIRES_REVIEW	true
semantic-candidate:b4b5ae5608753de6d3743eab	semantic-relation:4993d4f26548fc318e7e44e4	MODIFIES	MODIFIER_PARSE_REQUIRES_REVIEW	true
semantic-candidate:b4c921cdcc205bd48321615e	semantic-relation:e33035ee9776b56491ac8544	COMPONENT_OF	COMPOUND_COMPONENT_PARSE_REQUIRES_REVIEW	true
semantic-candidate:b4cd88825f538c56f24b3264	semantic-relation:472d107bc001a1eb4b96c104	COMPONENT_OF	COMPOUND_COMPONENT_PARSE_REQUIRES_REVIEW	true
semantic-candidate:b4d6d2d2fbe8666baf85ffc0	semantic-relation:cce3683c0f33232e38a94c24	INSTANCE_OR_SPECIFIC_FORM_OF	V2_CONTAINMENT_CANDIDATE_NOT_EQUIVALENCE	true
semantic-candidate:b4d9b2dd74d0236e9dc0da4c	semantic-relation:195e8c554235150b10c85cee	INSTANCE_OR_SPECIFIC_FORM_OF	V2_CONTAINMENT_CANDIDATE_NOT_EQUIVALENCE	true
semantic-candidate:b4dfbcadb40e93883c142e11	semantic-relation:a3948e4d04abda514489db16	COMPONENT_OF	COMPOUND_COMPONENT_PARSE_REQUIRES_REVIEW	true
semantic-candidate:b4e8669d8ee1125ef1dca678	semantic-relation:422d932b4dc30f0fca9b3784	INSTANCE_OR_SPECIFIC_FORM_OF	V2_CONTAINMENT_CANDIDATE_NOT_EQUIVALENCE	true
semantic-candidate:b4ed2c1bed389373f75e3d0d	semantic-relation:84c3e1eef951f7cba7b4259d	COMPONENT_OF	COMPOUND_COMPONENT_PARSE_REQUIRES_REVIEW	true
semantic-candidate:b4fade6f46097724855b54f2	semantic-relation:4c610245a4e815e685018270	COMPONENT_OF	COMPOUND_COMPONENT_PARSE_REQUIRES_REVIEW	true
semantic-candidate:b4fc83503611be97d4f0d377	semantic-relation:b39dd4c4b4b7c0301ce0b8fa	COMPONENT_OF	COMPOUND_COMPONENT_PARSE_REQUIRES_REVIEW	true
semantic-candidate:b5286e4edd89500b0f16671a	semantic-relation:72120c639bf70a2357ba9145	COMPONENT_OF	COMPOUND_COMPONENT_PARSE_REQUIRES_REVIEW	true
semantic-candidate:b53fc664a36450d2281c7ff9	semantic-relation:e193146443336cd7f7f92690	COMPONENT_OF	COMPOUND_COMPONENT_PARSE_REQUIRES_REVIEW	true
semantic-candidate:b54fb59524629797777a43a5	semantic-relation:0ba31ec57014f2d30ec5a8c3	INSTANCE_OR_SPECIFIC_FORM_OF	V2_CONTAINMENT_CANDIDATE_NOT_EQUIVALENCE	true
semantic-candidate:b556ec55b19d1e408991031e	semantic-relation:b0b349d15ae9d215251f3891	INSTANCE_OR_SPECIFIC_FORM_OF	V2_CONTAINMENT_CANDIDATE_NOT_EQUIVALENCE	true
semantic-candidate:b56278c497443af8cea4602e	semantic-relation:4e51cb65c68c1db7834435bb	INSTANCE_OR_SPECIFIC_FORM_OF	V2_CONTAINMENT_CANDIDATE_NOT_EQUIVALENCE	true
semantic-candidate:b564ce978c6a50c803c83ec3	semantic-relation:6144f41eebd30a356d502d3e	MODIFIES	MODIFIER_PARSE_REQUIRES_REVIEW	true
semantic-candidate:b56722449196053508ed4115	semantic-relation:7b1707f4f02f1c5b99924da1	COMPONENT_OF	COMPOUND_COMPONENT_PARSE_REQUIRES_REVIEW	true
semantic-candidate:b577795295fd351a4abdfe87	semantic-relation:9d7e104cbde3a63834feaa37	COMPONENT_OF	COMPOUND_COMPONENT_PARSE_REQUIRES_REVIEW	true
semantic-candidate:b57b74a49b15199a57e5f7a2	semantic-relation:e7b06e03f3f63f7f7edf8a6b	INSTANCE_OR_SPECIFIC_FORM_OF	V2_CONTAINMENT_CANDIDATE_NOT_EQUIVALENCE	true
semantic-candidate:b57e7a602459f18e0b088227	semantic-relation:43540dd359d1c0fe5acdca98	MODIFIES	MODIFIER_PARSE_REQUIRES_REVIEW	true
semantic-candidate:b58a527f3d0950dd7d86052b	semantic-relation:37aee32d3a4be1d180619d8e	INSTANCE_OR_SPECIFIC_FORM_OF	V2_CONTAINMENT_CANDIDATE_NOT_EQUIVALENCE	true
semantic-candidate:b5abc59c63611aa8d6f65056	semantic-relation:9031f01f63e265285da0da99	COMPONENT_OF	COMPOUND_COMPONENT_PARSE_REQUIRES_REVIEW	true
semantic-candidate:b5b06bfc91f95831c86c97bd	semantic-relation:79b31358848b3b98c7f0a6c3	MODIFIES	MODIFIER_PARSE_REQUIRES_REVIEW	true
semantic-candidate:b5c57fb49cd1973bf32ee619	semantic-relation:8065b2609c56a9f46de35a4b	INSTANCE_OR_SPECIFIC_FORM_OF	V2_CONTAINMENT_CANDIDATE_NOT_EQUIVALENCE	true
semantic-candidate:b5d72c5e78e796109e1ca603	semantic-relation:686a392b29e49290408ff5d8	COMPONENT_OF	COMPOUND_COMPONENT_PARSE_REQUIRES_REVIEW	true
semantic-candidate:b5d749a70be8488b69e59ac9	semantic-relation:43bc341f8253be2028d25d30	COMPONENT_OF	COMPOUND_COMPONENT_PARSE_REQUIRES_REVIEW	true
semantic-candidate:b5d8ad027b9da353e0b51115	semantic-relation:241e1af4fde6d730f3daabca	INSTANCE_OR_SPECIFIC_FORM_OF	V2_CONTAINMENT_CANDIDATE_NOT_EQUIVALENCE	true
semantic-candidate:b5fa368f77d92bca1bfa0d22	semantic-relation:994f0d5e6da14da6c39d8a02	INSTANCE_OR_SPECIFIC_FORM_OF	V2_CONTAINMENT_CANDIDATE_NOT_EQUIVALENCE	true
semantic-candidate:b5fd1de9da48c8bc5598144e	semantic-relation:5804c7895cd0473a7cfa7eb0	COMPONENT_OF	COMPOUND_COMPONENT_PARSE_REQUIRES_REVIEW	true
semantic-candidate:b609ec704512954a07037f3b	semantic-relation:e67ec572a281aeb15eb0e12d	COMPONENT_OF	COMPOUND_COMPONENT_PARSE_REQUIRES_REVIEW	true
semantic-candidate:b621da24658b4610e6484654	semantic-relation:b869d5825a3ce1594716a22e	INSTANCE_OR_SPECIFIC_FORM_OF	V2_CONTAINMENT_CANDIDATE_NOT_EQUIVALENCE	true
semantic-candidate:b621f1d8993f138448bab3a4	semantic-relation:d827eb1aaee549c8fc42d5d2	MODIFIES	MODIFIER_PARSE_REQUIRES_REVIEW	true
semantic-candidate:b6261a1a98693a09a8aebe25	semantic-relation:3da6a776b2e72ad26cd7089d	COMPONENT_OF	COMPOUND_COMPONENT_PARSE_REQUIRES_REVIEW	true
semantic-candidate:b62a104f3776f9aac3018b17	semantic-relation:d229532d567ff5605abcfc37	COMPONENT_OF	COMPOUND_COMPONENT_PARSE_REQUIRES_REVIEW	true
semantic-candidate:b633076c412dfc5a5f27ba98	semantic-relation:39f48fa88bc668fd127c200b	COMPONENT_OF	COMPOUND_COMPONENT_PARSE_REQUIRES_REVIEW	true
semantic-candidate:b63d0e25b9bd2f2feb7381a7	semantic-relation:333c3bec3ff55e530ffa9ad2	INSTANCE_OR_SPECIFIC_FORM_OF	V2_CONTAINMENT_CANDIDATE_NOT_EQUIVALENCE	true
semantic-candidate:b658e7071bb127ad53a0c6f4	semantic-relation:6796560c61000b6cd8ff52ef	MODIFIES	MODIFIER_PARSE_REQUIRES_REVIEW	true
semantic-candidate:b666a67e52a52779391f67e5	semantic-relation:b6312cc913ffa68eb93fd88e	INSTANCE_OR_SPECIFIC_FORM_OF	V2_CONTAINMENT_CANDIDATE_NOT_EQUIVALENCE	true
semantic-candidate:b66d2c2a17ea52a5c9f6ec3d	semantic-relation:37e3d45a6c850d758e0e8a47	INSTANCE_OR_SPECIFIC_FORM_OF	V2_CONTAINMENT_CANDIDATE_NOT_EQUIVALENCE	true
semantic-candidate:b67d65465c9df1f6c229aac7	semantic-relation:46a4a53f3ed83bd6e320211a	COMPONENT_OF	COMPOUND_COMPONENT_PARSE_REQUIRES_REVIEW	true
semantic-candidate:b68360ce3c496edec9b2a2fe	semantic-relation:005c14a0b61abe1c692ed6ee	COMPONENT_OF	COMPOUND_COMPONENT_PARSE_REQUIRES_REVIEW	true
semantic-candidate:b692a08d45e57662862db55e	semantic-relation:fe75cff13ed55e1233d28b5a	INSTANCE_OR_SPECIFIC_FORM_OF	V2_CONTAINMENT_CANDIDATE_NOT_EQUIVALENCE	true
semantic-candidate:b6be5fb05747463270629c46	semantic-relation:69e45a9541e6afe367738a66	COMPONENT_OF	COMPOUND_COMPONENT_PARSE_REQUIRES_REVIEW	true
semantic-candidate:b6c8c697e135482ab2e3c8d6	semantic-relation:825ff223e3b53f52849954ad	INSTANCE_OR_SPECIFIC_FORM_OF	V2_CONTAINMENT_CANDIDATE_NOT_EQUIVALENCE	true
semantic-candidate:b6ce6ed53bdc4875ff811d3c	semantic-relation:72a699130789fe6e3d16f580	MODIFIES	MODIFIER_PARSE_REQUIRES_REVIEW	true
semantic-candidate:b6dff325734b21a5c9643c01	semantic-relation:e2f16fcbc3ae36043ea1e780	COMPONENT_OF	COMPOUND_COMPONENT_PARSE_REQUIRES_REVIEW	true
semantic-candidate:b6e3be001058c8efef60b6ea	semantic-relation:00fa5bb86c323052d21e0e66	COMPONENT_OF	COMPOUND_COMPONENT_PARSE_REQUIRES_REVIEW	true
semantic-candidate:b6edf4411058765ee6372bc5	semantic-relation:a8514dc981f3ba5ac41316e2	INSTANCE_OR_SPECIFIC_FORM_OF	V2_CONTAINMENT_CANDIDATE_NOT_EQUIVALENCE	true
semantic-candidate:b6f0d84122292faa6d44b965	semantic-relation:f8caadf910c6baa8b25b063c	INSTANCE_OR_SPECIFIC_FORM_OF	V2_CONTAINMENT_CANDIDATE_NOT_EQUIVALENCE	true
semantic-candidate:b6f747db4dce3944a3e1394c	semantic-relation:4720cbd70c95920c8adb0ad4	INSTANCE_OR_SPECIFIC_FORM_OF	V2_CONTAINMENT_CANDIDATE_NOT_EQUIVALENCE	true
semantic-candidate:b6fe9bbec025c4b27597cca2	semantic-relation:b0016cef0db56f939d1a49e9	INSTANCE_OR_SPECIFIC_FORM_OF	V2_CONTAINMENT_CANDIDATE_NOT_EQUIVALENCE	true
semantic-candidate:b704283c833865c5b574b1e0	semantic-relation:2debf84f53ff11ec76a4f98d	COMPONENT_OF	COMPOUND_COMPONENT_PARSE_REQUIRES_REVIEW	true
semantic-candidate:b71a1bf3ef4789f265a6a661	semantic-relation:d40cb815d9fbc7ce8f4b4806	INSTANCE_OR_SPECIFIC_FORM_OF	V2_CONTAINMENT_CANDIDATE_NOT_EQUIVALENCE	true
semantic-candidate:b72652a886d2f815b807e60d	semantic-relation:e2e45f1751e13ec940a1564a	INSTANCE_OR_SPECIFIC_FORM_OF	V2_CONTAINMENT_CANDIDATE_NOT_EQUIVALENCE	true
semantic-candidate:b72b6982bb99ba1b1081b1e7	semantic-relation:28e76fdebec611885505429c	INSTANCE_OR_SPECIFIC_FORM_OF	V2_CONTAINMENT_CANDIDATE_NOT_EQUIVALENCE	true
semantic-candidate:b72b749d63a3350184bf5e5e	semantic-relation:7b721d6f911a1a90e6544f62	COMPONENT_OF	COMPOUND_COMPONENT_PARSE_REQUIRES_REVIEW	true
semantic-candidate:b7330846b301582da5d2a522	semantic-relation:148b899f98da99f7ad06cc1d	INSTANCE_OR_SPECIFIC_FORM_OF	V2_CONTAINMENT_CANDIDATE_NOT_EQUIVALENCE	true
semantic-candidate:b7331d1fd66dd59805c61cc3	semantic-relation:b5507765c28a3257f85e2293	INSTANCE_OR_SPECIFIC_FORM_OF	V2_CONTAINMENT_CANDIDATE_NOT_EQUIVALENCE	true
semantic-candidate:b739d31fdad05b0f92c10ed4	semantic-relation:50ca66154a97cbd13dbc9f8f	COMPONENT_OF	COMPOUND_COMPONENT_PARSE_REQUIRES_REVIEW	true
semantic-candidate:b73fee70641d3fa4b88396ba	semantic-relation:3c604a322b0b33ee53845d6e	COMPONENT_OF	COMPOUND_COMPONENT_PARSE_REQUIRES_REVIEW	true
semantic-candidate:b753b1a267bd86b7dcd23f7d	semantic-relation:7eb50f0b63656b8244032c33	INSTANCE_OR_SPECIFIC_FORM_OF	V2_CONTAINMENT_CANDIDATE_NOT_EQUIVALENCE	true
semantic-candidate:b757a3459c3c5e32b5c9fdce	semantic-relation:2cb785da404a8ac5d00d9836	COMPONENT_OF	COMPOUND_COMPONENT_PARSE_REQUIRES_REVIEW	true
semantic-candidate:b758aaea56447b0410eb8ef1	semantic-relation:e6fa11cdd4dfbe14444f1c96	INSTANCE_OR_SPECIFIC_FORM_OF	V2_CONTAINMENT_CANDIDATE_NOT_EQUIVALENCE	true
semantic-candidate:b75e2a934dfbc27a46e32f85	semantic-relation:448ef552c45b2914dad58ae2	INSTANCE_OR_SPECIFIC_FORM_OF	V2_CONTAINMENT_CANDIDATE_NOT_EQUIVALENCE	true
semantic-candidate:b76fbfbdd75792c8840a5228	semantic-relation:8405df34d587d25ae5117057	COMPONENT_OF	COMPOUND_COMPONENT_PARSE_REQUIRES_REVIEW	true
semantic-candidate:b7bb793974332a74a2391607	semantic-relation:fd361e96f40cb1e25d1fb528	INSTANCE_OR_SPECIFIC_FORM_OF	V2_CONTAINMENT_CANDIDATE_NOT_EQUIVALENCE	true
semantic-candidate:b7d738f80fdbc0c69d1b694a	semantic-relation:ce0bd9b62eb30e5c8181902f	INSTANCE_OR_SPECIFIC_FORM_OF	V2_CONTAINMENT_CANDIDATE_NOT_EQUIVALENCE	true
semantic-candidate:b7db50e9aae70b7c19ce3a99	semantic-relation:4bc6e2381c636d8c50f88d8d	MODIFIES	MODIFIER_PARSE_REQUIRES_REVIEW	true
semantic-candidate:b7dfde7779e657beaed065a0	semantic-relation:2d13cba30801e53c8ee93b36	MODIFIES	MODIFIER_PARSE_REQUIRES_REVIEW	true
semantic-candidate:b7eb86b1c0d1ce88b68f05a8	semantic-relation:fda28a8b533168bd454e5fe3	INSTANCE_OR_SPECIFIC_FORM_OF	V2_CONTAINMENT_CANDIDATE_NOT_EQUIVALENCE	true
semantic-candidate:b803682fac23042f884ff286	semantic-relation:1dd1d14810d75492d4521dae	COMPONENT_OF	COMPOUND_COMPONENT_PARSE_REQUIRES_REVIEW	true
semantic-candidate:b8086d0d1ad28ccc366b7ecd	semantic-relation:8260bd82a54a32823f4ab6d1	INSTANCE_OR_SPECIFIC_FORM_OF	V2_CONTAINMENT_CANDIDATE_NOT_EQUIVALENCE	true
semantic-candidate:b80b9617cd31e652e3b31be0	semantic-relation:eaa27534a35c8d72e1d44016	COMPONENT_OF	COMPOUND_COMPONENT_PARSE_REQUIRES_REVIEW	true
semantic-candidate:b81bb2b9f8fa63b56ecd16b2	semantic-relation:415abf5595be5fb2cdab89a2	INSTANCE_OR_SPECIFIC_FORM_OF	V2_CONTAINMENT_CANDIDATE_NOT_EQUIVALENCE	true
semantic-candidate:b81d2f1c9c43492092b5b735	semantic-relation:f00b533122666d2c86a0af90	MODIFIES	MODIFIER_PARSE_REQUIRES_REVIEW	true
semantic-candidate:b850bd17e77a1756ec3f7d16	semantic-relation:b3b623de53dea08617367b41	INSTANCE_OR_SPECIFIC_FORM_OF	V2_CONTAINMENT_CANDIDATE_NOT_EQUIVALENCE	true
semantic-candidate:b85cb2f67e8bf71ba3e056b3	semantic-relation:01634ee0dc4e94a74e5c5700	COMPONENT_OF	COMPOUND_COMPONENT_PARSE_REQUIRES_REVIEW	true
semantic-candidate:b86c87af98e95e07d13fc688	semantic-relation:014cd89cb6c77a5410f40a44	INSTANCE_OR_SPECIFIC_FORM_OF	V2_CONTAINMENT_CANDIDATE_NOT_EQUIVALENCE	true
semantic-candidate:b8775db7d00f4c72a86e78d4	semantic-relation:c5ed7b8a3cb157d2502cd237	COMPONENT_OF	COMPOUND_COMPONENT_PARSE_REQUIRES_REVIEW	true
semantic-candidate:b87ece5ec1d6fb6e0e271f9c	semantic-relation:766daa5523b0d563750ff37f	COMPONENT_OF	COMPOUND_COMPONENT_PARSE_REQUIRES_REVIEW	true
semantic-candidate:b88f62d9445f2a44f21b1405	semantic-relation:a892b0ccce926a9922c18db4	INSTANCE_OR_SPECIFIC_FORM_OF	V2_CONTAINMENT_CANDIDATE_NOT_EQUIVALENCE	true
semantic-candidate:b89a11fcaebe56b3553084cb	semantic-relation:a6350ea9371d5917b180ecbb	COMPONENT_OF	COMPOUND_COMPONENT_PARSE_REQUIRES_REVIEW	true
semantic-candidate:b8afd4a8a3d688d7a4a5c7c3	semantic-relation:af263b69035a1d8c1193d96f	COMPONENT_OF	COMPOUND_COMPONENT_PARSE_REQUIRES_REVIEW	true
semantic-candidate:b8b2b1f42218a86899b689af	semantic-relation:09a2d2980db516e2869f3052	INSTANCE_OR_SPECIFIC_FORM_OF	V2_CONTAINMENT_CANDIDATE_NOT_EQUIVALENCE	true
semantic-candidate:b8c223bc60d8e68211568853	semantic-relation:f8d4b2b76be1e1478a4ff2a9	COMPONENT_OF	COMPOUND_COMPONENT_PARSE_REQUIRES_REVIEW	true
semantic-candidate:b8c4d6e1613153cf6ecf5245	semantic-relation:d12677546f56c416e2d32f83	COMPONENT_OF	COMPOUND_COMPONENT_PARSE_REQUIRES_REVIEW	true
semantic-candidate:b8d2b8e066c2a7fa5b69ff50	semantic-relation:f6234ff6ad569293160f7622	INSTANCE_OR_SPECIFIC_FORM_OF	V2_CONTAINMENT_CANDIDATE_NOT_EQUIVALENCE	true
semantic-candidate:b8d732b9caa1d5961cd476e4	semantic-relation:154ddd2430a55d150fa75155	INSTANCE_OR_SPECIFIC_FORM_OF	V2_CONTAINMENT_CANDIDATE_NOT_EQUIVALENCE	true
semantic-candidate:b8db0e3aa92dedb3fc295fa2	semantic-relation:2547609b9521c8742ee922ab	COMPONENT_OF	COMPOUND_COMPONENT_PARSE_REQUIRES_REVIEW	true
semantic-candidate:b8f1007ff21046fa104fcd92	semantic-relation:27b9b6ee4c5c11c749d2ab6e	COMPONENT_OF	COMPOUND_COMPONENT_PARSE_REQUIRES_REVIEW	true
semantic-candidate:b909eca84e0c84d1b0a471f4	semantic-relation:4516ab90e73fde0eed30d892	INSTANCE_OR_SPECIFIC_FORM_OF	V2_CONTAINMENT_CANDIDATE_NOT_EQUIVALENCE	true
semantic-candidate:b91ca8784696ef11f4002696	semantic-relation:16edc230c5774b9b97f9ced3	INSTANCE_OR_SPECIFIC_FORM_OF	V2_CONTAINMENT_CANDIDATE_NOT_EQUIVALENCE	true
semantic-candidate:b91f54a864b96717bb3a8dcd	semantic-relation:46485c18ab77f8b9f6eec6be	COMPONENT_OF	COMPOUND_COMPONENT_PARSE_REQUIRES_REVIEW	true
semantic-candidate:b9402f5ea0d5b89e220b8e11	semantic-relation:de978128262c1d1985e75875	COMPONENT_OF	COMPOUND_COMPONENT_PARSE_REQUIRES_REVIEW	true
semantic-candidate:b9890d6093ada594adcaed3d	semantic-relation:37b264050f8e3d0176c73183	INSTANCE_OR_SPECIFIC_FORM_OF	V2_CONTAINMENT_CANDIDATE_NOT_EQUIVALENCE	true
semantic-candidate:b9a3be5dcd5c49589fcbed3a	semantic-relation:4e803dd8929b1970896ca7cc	COMPONENT_OF	COMPOUND_COMPONENT_PARSE_REQUIRES_REVIEW	true
semantic-candidate:b9a44df231a904735df1d9eb	semantic-relation:389fa544346f7cf7840d0ca4	COMPONENT_OF	COMPOUND_COMPONENT_PARSE_REQUIRES_REVIEW	true
semantic-candidate:b9a6a97e256ce5ed7a15000a	semantic-relation:e1bde169a35ae0ac5bfbaa61	INSTANCE_OR_SPECIFIC_FORM_OF	V2_CONTAINMENT_CANDIDATE_NOT_EQUIVALENCE	true
semantic-candidate:b9be3fed23f7326eb070888f	semantic-relation:9c696a39e74e04e02d7c9bb4	INSTANCE_OR_SPECIFIC_FORM_OF	V2_CONTAINMENT_CANDIDATE_NOT_EQUIVALENCE	true
semantic-candidate:b9be6c606b309af533b5e189	semantic-relation:5f28f0a65a614019f5a8ed74	INSTANCE_OR_SPECIFIC_FORM_OF	V2_CONTAINMENT_CANDIDATE_NOT_EQUIVALENCE	true
semantic-candidate:b9c0465dd27a73ed077c30e8	semantic-relation:b1f14741fdf869de5b712328	INSTANCE_OR_SPECIFIC_FORM_OF	V2_CONTAINMENT_CANDIDATE_NOT_EQUIVALENCE	true
semantic-candidate:b9dca8bfa1a0436d9ff4c71c	semantic-relation:c3f5beae7fc6e2b773a23bd9	INSTANCE_OR_SPECIFIC_FORM_OF	V2_CONTAINMENT_CANDIDATE_NOT_EQUIVALENCE	true
semantic-candidate:b9e3c62641c46263023c13f1	semantic-relation:c3abfbe9a06add6e9d215714	INSTANCE_OR_SPECIFIC_FORM_OF	V2_CONTAINMENT_CANDIDATE_NOT_EQUIVALENCE	true
semantic-candidate:b9ebe4885f7275ba3760dbe2	semantic-relation:ff344014c7d4a04d29ad10cf	INSTANCE_OR_SPECIFIC_FORM_OF	V2_CONTAINMENT_CANDIDATE_NOT_EQUIVALENCE	true
semantic-candidate:b9fd8a52716b6bbc806008f2	semantic-relation:7215b47c3d6d730a2947a055	COMPONENT_OF	COMPOUND_COMPONENT_PARSE_REQUIRES_REVIEW	true
semantic-candidate:ba080940331a658bc52eee67	semantic-relation:91050ef8cccc45f67e8f60dd	MODIFIES	MODIFIER_PARSE_REQUIRES_REVIEW	true
semantic-candidate:ba2d2a547f8d3fe5ac1a4403	semantic-relation:3c8fdeb3eb4fdcef8d61edf0	COMPONENT_OF	COMPOUND_COMPONENT_PARSE_REQUIRES_REVIEW	true
semantic-candidate:ba300b8efb97de19382d221c	semantic-relation:757702258161758b7890539f	INSTANCE_OR_SPECIFIC_FORM_OF	V2_CONTAINMENT_CANDIDATE_NOT_EQUIVALENCE	true
semantic-candidate:ba5ab4a950ed879abe663f29	semantic-relation:91e7259886d38f0f325907b3	INSTANCE_OR_SPECIFIC_FORM_OF	V2_CONTAINMENT_CANDIDATE_NOT_EQUIVALENCE	true
semantic-candidate:ba632ef468106dc774764d00	semantic-relation:3034f7703fb445c7ba09672c	COMPONENT_OF	COMPOUND_COMPONENT_PARSE_REQUIRES_REVIEW	true
semantic-candidate:ba658aa75e4f594e63eb9775	semantic-relation:e3e7e82ed0cdf433eafff617	INSTANCE_OR_SPECIFIC_FORM_OF	V2_CONTAINMENT_CANDIDATE_NOT_EQUIVALENCE	true
semantic-candidate:ba6a4116dc1941b7f6e324dc	semantic-relation:84fb76983d95ae3307899eb7	COMPONENT_OF	COMPOUND_COMPONENT_PARSE_REQUIRES_REVIEW	true
semantic-candidate:ba7096fc35d0937a14e2a0e7	semantic-relation:a331895f7610eae58f1feddd	MODIFIES	MODIFIER_PARSE_REQUIRES_REVIEW	true
semantic-candidate:ba7e5c0507733508c61def1d	semantic-relation:93c6ba5fc31430b833a5b85f	COMPONENT_OF	COMPOUND_COMPONENT_PARSE_REQUIRES_REVIEW	true
semantic-candidate:ba82ccefbf9709aa46137292	semantic-relation:79e4be5fa5f656b5b5af7fe1	COMPONENT_OF	COMPOUND_COMPONENT_PARSE_REQUIRES_REVIEW	true
semantic-candidate:ba89fb7745173bd5be4107b7	semantic-relation:18207097ad35276c30f34db3	INSTANCE_OR_SPECIFIC_FORM_OF	V2_CONTAINMENT_CANDIDATE_NOT_EQUIVALENCE	true
semantic-candidate:ba9d7543bb60b6a9146ff66d	semantic-relation:f060c3b55f2de8e119c97b79	COMPONENT_OF	COMPOUND_COMPONENT_PARSE_REQUIRES_REVIEW	true
semantic-candidate:baa382397b341e513072ba4d	semantic-relation:f748077e48abbcca60395cfc	INSTANCE_OR_SPECIFIC_FORM_OF	V2_CONTAINMENT_CANDIDATE_NOT_EQUIVALENCE	true
semantic-candidate:bab3649001745bfb68add8d9	semantic-relation:1852260e6e9f467fc0c3f529	INSTANCE_OR_SPECIFIC_FORM_OF	V2_CONTAINMENT_CANDIDATE_NOT_EQUIVALENCE	true
semantic-candidate:bab4ed9cb650d0863688aa45	semantic-relation:4c9086c325a82053778526ea	INSTANCE_OR_SPECIFIC_FORM_OF	V2_CONTAINMENT_CANDIDATE_NOT_EQUIVALENCE	true
semantic-candidate:bab7f021e5b2edecc5982dd8	semantic-relation:8731fc1d92c02cf275635599	INSTANCE_OR_SPECIFIC_FORM_OF	V2_CONTAINMENT_CANDIDATE_NOT_EQUIVALENCE	true
semantic-candidate:babc078df724c2cb2105e9cc	semantic-relation:e1ead0f987cf6ad01dda728d	COMPONENT_OF	COMPOUND_COMPONENT_PARSE_REQUIRES_REVIEW	true
semantic-candidate:bae4ec649dc4b81ed2472dbd	semantic-relation:cd5b865b654a048f7a9d48a8	INSTANCE_OR_SPECIFIC_FORM_OF	V2_CONTAINMENT_CANDIDATE_NOT_EQUIVALENCE	true
semantic-candidate:bb06e1f7ce0e683edee66e04	semantic-relation:ac4724ef972eb4c45ae3bbd3	MODIFIES	MODIFIER_PARSE_REQUIRES_REVIEW	true
semantic-candidate:bb0bc72f9cda02caa367875f	semantic-relation:3e7acfa482c29d1a32dd498d	INSTANCE_OR_SPECIFIC_FORM_OF	V2_CONTAINMENT_CANDIDATE_NOT_EQUIVALENCE	true
semantic-candidate:bb1730676d84cf5c22126852	semantic-relation:0fc8240830095e56b4bed1c4	INSTANCE_OR_SPECIFIC_FORM_OF	V2_CONTAINMENT_CANDIDATE_NOT_EQUIVALENCE	true
semantic-candidate:bb1a119eb459779f55324b4a	semantic-relation:0d4034fcc159c31e187bd744	MODIFIES	MODIFIER_PARSE_REQUIRES_REVIEW	true
semantic-candidate:bb2727c5ab998ef519c3398a	semantic-relation:519058dcced2357b8155e29a	COMPONENT_OF	COMPOUND_COMPONENT_PARSE_REQUIRES_REVIEW	true
semantic-candidate:bb2b696ec7c01ec1d118aa2e	semantic-relation:da6488a97fb6792be40b15e8	COMPONENT_OF	COMPOUND_COMPONENT_PARSE_REQUIRES_REVIEW	true
semantic-candidate:bb41356b06a9d5a123cb611f	semantic-relation:ea79bf16d1c5a5002c10dc2c	INSTANCE_OR_SPECIFIC_FORM_OF	V2_CONTAINMENT_CANDIDATE_NOT_EQUIVALENCE	true
semantic-candidate:bb56d2a2ffe8ad48d12d10de	semantic-relation:0ef40c1d43cb4746fae6ec50	INSTANCE_OR_SPECIFIC_FORM_OF	V2_CONTAINMENT_CANDIDATE_NOT_EQUIVALENCE	true
semantic-candidate:bb595b67eac6908ddf95f648	semantic-relation:5544c6b1e04449fdff49b5e3	INSTANCE_OR_SPECIFIC_FORM_OF	V2_CONTAINMENT_CANDIDATE_NOT_EQUIVALENCE	true
semantic-candidate:bb598be26e474817cc6540f5	semantic-relation:66b47f69e6f3c94afe2946bb	COMPONENT_OF	COMPOUND_COMPONENT_PARSE_REQUIRES_REVIEW	true
semantic-candidate:bb5a34f91f9e61a3d9c1beee	semantic-relation:b31776e5bde97fce84f98d69	COMPONENT_OF	COMPOUND_COMPONENT_PARSE_REQUIRES_REVIEW	true
semantic-candidate:bb5b9e7203c9764fac786268	semantic-relation:cfd2d86a5d4ef00ad0c64880	INSTANCE_OR_SPECIFIC_FORM_OF	V2_CONTAINMENT_CANDIDATE_NOT_EQUIVALENCE	true
semantic-candidate:bb705b6cc6d439aeb3dd43a3	semantic-relation:8cdfd4ca4f61e2fce81738ed	COMPONENT_OF	COMPOUND_COMPONENT_PARSE_REQUIRES_REVIEW	true
semantic-candidate:bb83a9582441c592bd904039	semantic-relation:f08172c0e705fdd4e71ef531	COMPONENT_OF	COMPOUND_COMPONENT_PARSE_REQUIRES_REVIEW	true
semantic-candidate:bb92d99705e393aac66a9d41	semantic-relation:d7d05349e95b277ceae5d4ce	INSTANCE_OR_SPECIFIC_FORM_OF	V2_CONTAINMENT_CANDIDATE_NOT_EQUIVALENCE	true
semantic-candidate:bb98eaf405851055add8c16c	semantic-relation:ffc7a7a40b88f055c21bded6	INSTANCE_OR_SPECIFIC_FORM_OF	V2_CONTAINMENT_CANDIDATE_NOT_EQUIVALENCE	true
semantic-candidate:bba0ff61cb00fa6e2dca4043	semantic-relation:2273bd3142acdcc9760d6529	COMPONENT_OF	COMPOUND_COMPONENT_PARSE_REQUIRES_REVIEW	true
semantic-candidate:bba2ab5d5fe1051ea3656667	semantic-relation:bf5edb629f4f7e00b69b815d	COMPONENT_OF	COMPOUND_COMPONENT_PARSE_REQUIRES_REVIEW	true
semantic-candidate:bba76a8baa21ad5a62a16bd1	semantic-relation:d5142bb5706d4acf6f59dbeb	COMPONENT_OF	COMPOUND_COMPONENT_PARSE_REQUIRES_REVIEW	true
semantic-candidate:bbd3a891dbcbb4cffb96ed22	semantic-relation:569470e2945d75f7de511801	INSTANCE_OR_SPECIFIC_FORM_OF	V2_CONTAINMENT_CANDIDATE_NOT_EQUIVALENCE	true
semantic-candidate:bbd53d7c29d668dc7d30a3b8	semantic-relation:0c48ca372550ebb01ee0bb43	COMPONENT_OF	COMPOUND_COMPONENT_PARSE_REQUIRES_REVIEW	true
semantic-candidate:bbda4fed1969bcefdd6a601f	semantic-relation:f06fd0b2ac52ce8f35d6f8bd	COMPONENT_OF	COMPOUND_COMPONENT_PARSE_REQUIRES_REVIEW	true
semantic-candidate:bbf5528e7fc4eb772b019019	semantic-relation:f02157d4787069bfc3381171	MODIFIES	MODIFIER_PARSE_REQUIRES_REVIEW	true
semantic-candidate:bbfc9f9900559554470c9c42	semantic-relation:761bcc01859c1308d5cdb36d	COMPONENT_OF	COMPOUND_COMPONENT_PARSE_REQUIRES_REVIEW	true
semantic-candidate:bc00567ac785bc8642d244bb	semantic-relation:9d9852f0c0a1cf2d11319e1d	INSTANCE_OR_SPECIFIC_FORM_OF	V2_CONTAINMENT_CANDIDATE_NOT_EQUIVALENCE	true
semantic-candidate:bc1a808f762100f87276ddf0	semantic-relation:a0984b135a4fcfa7c2734316	COMPONENT_OF	COMPOUND_COMPONENT_PARSE_REQUIRES_REVIEW	true
semantic-candidate:bc1e199104265cba72aeb754	semantic-relation:3f3e0933d5c18c78c9fdb353	MODIFIES	MODIFIER_PARSE_REQUIRES_REVIEW	true
semantic-candidate:bc26b0113aaa5b4ba7759a6d	semantic-relation:8e898a548128a51465a69e55	MODIFIES	MODIFIER_PARSE_REQUIRES_REVIEW	true
semantic-candidate:bc2a6a1bcb81070bc7d1f8ee	semantic-relation:e9d9b3e3cec74fae4195e9c2	INSTANCE_OR_SPECIFIC_FORM_OF	V2_CONTAINMENT_CANDIDATE_NOT_EQUIVALENCE	true
semantic-candidate:bc2cfede8d890d108b3a0653	semantic-relation:7f5f30ad84ffddcc7590ff6d	MODIFIES	MODIFIER_PARSE_REQUIRES_REVIEW	true
semantic-candidate:bc32f2280493e67717873a42	semantic-relation:e1f0b306a1d8f6d2d607bbde	COMPONENT_OF	COMPOUND_COMPONENT_PARSE_REQUIRES_REVIEW	true
semantic-candidate:bc4433552130af6bf61f6170	semantic-relation:6771a1286206a4b330fe447d	COMPONENT_OF	COMPOUND_COMPONENT_PARSE_REQUIRES_REVIEW	true
semantic-candidate:bc4d465077440eb1172f904f	semantic-relation:09029d4d57fd146571b2c54e	INSTANCE_OR_SPECIFIC_FORM_OF	V2_CONTAINMENT_CANDIDATE_NOT_EQUIVALENCE	true
semantic-candidate:bc570778a05297eede9ff15a	semantic-relation:112aacaec14e80c74c16053d	INSTANCE_OR_SPECIFIC_FORM_OF	V2_CONTAINMENT_CANDIDATE_NOT_EQUIVALENCE	true
semantic-candidate:bc6483822545b06c6368541a	semantic-relation:6394ac8ca7e5e7468aaa88d0	INSTANCE_OR_SPECIFIC_FORM_OF	V2_CONTAINMENT_CANDIDATE_NOT_EQUIVALENCE	true
semantic-candidate:bc6b5d509538832fb452ffc7	semantic-relation:b33cfa6488152aa8188fd851	COMPONENT_OF	COMPOUND_COMPONENT_PARSE_REQUIRES_REVIEW	true
semantic-candidate:bc7b20eee039fe68d9e5d236	semantic-relation:15cb1a015dcbe36ad5394d60	MODIFIES	MODIFIER_PARSE_REQUIRES_REVIEW	true
semantic-candidate:bc8124ad5c63d4878e28d5e8	semantic-relation:8dbd3638790a83472e3e4002	INSTANCE_OR_SPECIFIC_FORM_OF	V2_CONTAINMENT_CANDIDATE_NOT_EQUIVALENCE	true
semantic-candidate:bc8e523bf23f579c619bd273	semantic-relation:8a3e723fe6eb5e16392e66ba	INSTANCE_OR_SPECIFIC_FORM_OF	V2_CONTAINMENT_CANDIDATE_NOT_EQUIVALENCE	true
semantic-candidate:bc953a22ca91fe8feeb9249c	semantic-relation:773ba6cd2dfa54b56a2a7a1a	COMPONENT_OF	COMPOUND_COMPONENT_PARSE_REQUIRES_REVIEW	true
semantic-candidate:bcb0cf64c6584129594f8cb1	semantic-relation:91f13856f93360700dcec1c3	INSTANCE_OR_SPECIFIC_FORM_OF	V2_CONTAINMENT_CANDIDATE_NOT_EQUIVALENCE	true
semantic-candidate:bcbe52fff5201d97fff597ae	semantic-relation:7819422932254bedefd30659	INSTANCE_OR_SPECIFIC_FORM_OF	V2_CONTAINMENT_CANDIDATE_NOT_EQUIVALENCE	true
semantic-candidate:bccfb0867754ca834ebe3e7d	semantic-relation:b97b3a063e00bc34393c1da3	INSTANCE_OR_SPECIFIC_FORM_OF	V2_CONTAINMENT_CANDIDATE_NOT_EQUIVALENCE	true
semantic-candidate:bcd03da599cc8045f89d9436	semantic-relation:f5c7f2d37e6b0231ab7310b2	INSTANCE_OR_SPECIFIC_FORM_OF	V2_CONTAINMENT_CANDIDATE_NOT_EQUIVALENCE	true
semantic-candidate:bcd90a50024efccd6a1156bb	semantic-relation:937b7ae0620e959aeece4f81	INSTANCE_OR_SPECIFIC_FORM_OF	V2_CONTAINMENT_CANDIDATE_NOT_EQUIVALENCE	true
semantic-candidate:bcd975d09d452186ad456694	semantic-relation:8fb5002454fbfc2d5bdff881	INSTANCE_OR_SPECIFIC_FORM_OF	V2_CONTAINMENT_CANDIDATE_NOT_EQUIVALENCE	true
semantic-candidate:bcf4ef6f3a5b0c65eaa2f891	semantic-relation:d72e1ca460063083223ae0db	COMPONENT_OF	COMPOUND_COMPONENT_PARSE_REQUIRES_REVIEW	true
semantic-candidate:bcfcd6964d6f6d6996dab105	semantic-relation:3ed095dbbbd9aec455ae5dab	COMPONENT_OF	COMPOUND_COMPONENT_PARSE_REQUIRES_REVIEW	true
semantic-candidate:bcfdfa1030f1711385584563	semantic-relation:5fed97927173f840eb744129	INSTANCE_OR_SPECIFIC_FORM_OF	V2_CONTAINMENT_CANDIDATE_NOT_EQUIVALENCE	true
semantic-candidate:bcfe24d2e7dd688c560fb6fb	semantic-relation:c96c9de18e21e51f97aea211	COMPONENT_OF	COMPOUND_COMPONENT_PARSE_REQUIRES_REVIEW	true
semantic-candidate:bd323bf42dd312000aad4ed2	semantic-relation:5dff99cc29d7938cf69b312b	COMPONENT_OF	COMPOUND_COMPONENT_PARSE_REQUIRES_REVIEW	true
semantic-candidate:bd3532bdc9c221b50f21b66f	semantic-relation:848e6354fb5fdc8e769b34c7	INSTANCE_OR_SPECIFIC_FORM_OF	V2_CONTAINMENT_CANDIDATE_NOT_EQUIVALENCE	true
semantic-candidate:bd354d9b2d3ca0d66f3ddc7b	semantic-relation:08f386c75815aed69bd2eeae	INSTANCE_OR_SPECIFIC_FORM_OF	V2_CONTAINMENT_CANDIDATE_NOT_EQUIVALENCE	true
semantic-candidate:bd3d93b17648058f04f9dfe3	semantic-relation:ff0911dfdaddabc2c50e759b	MODIFIES	MODIFIER_PARSE_REQUIRES_REVIEW	true
semantic-candidate:bd406c9e26acd596c864cd21	semantic-relation:4ced317001fb021abf1a3141	INSTANCE_OR_SPECIFIC_FORM_OF	V2_CONTAINMENT_CANDIDATE_NOT_EQUIVALENCE	true
semantic-candidate:bd64b31c6f36842d7f3922e0	semantic-relation:1b8ca4883208c7101f3d5791	COMPONENT_OF	COMPOUND_COMPONENT_PARSE_REQUIRES_REVIEW	true
semantic-candidate:bd7eb7412230a98c1c744d15	semantic-relation:6dccacfb82d33592f7501ea3	INSTANCE_OR_SPECIFIC_FORM_OF	V2_CONTAINMENT_CANDIDATE_NOT_EQUIVALENCE	true
semantic-candidate:bd88e9ab47487f042a486361	semantic-relation:dd963043a69acd19c1ffdf07	COMPONENT_OF	COMPOUND_COMPONENT_PARSE_REQUIRES_REVIEW	true
semantic-candidate:bd8ebeb8cac03115f7900f61	semantic-relation:965be6d58d692736a7e2e052	INSTANCE_OR_SPECIFIC_FORM_OF	V2_CONTAINMENT_CANDIDATE_NOT_EQUIVALENCE	true
semantic-candidate:bd984c9f2498106f68879021	semantic-relation:77e278a138d8df211f089fda	INSTANCE_OR_SPECIFIC_FORM_OF	V2_CONTAINMENT_CANDIDATE_NOT_EQUIVALENCE	true
semantic-candidate:bdaaa62c5e67305b08e82db2	semantic-relation:79982312523846368ae2841c	INSTANCE_OR_SPECIFIC_FORM_OF	V2_CONTAINMENT_CANDIDATE_NOT_EQUIVALENCE	true
semantic-candidate:bdb3a8fe272628e8f921479d	semantic-relation:432d8189efef8caac4b1006a	MODIFIES	MODIFIER_PARSE_REQUIRES_REVIEW	true
semantic-candidate:bdc5c9121feeb7aea655e414	semantic-relation:580c459da191af895d596307	COMPONENT_OF	COMPOUND_COMPONENT_PARSE_REQUIRES_REVIEW	true
semantic-candidate:bdcb14061d78ac2c26cfb7b2	semantic-relation:4ca0326fa57323bd9768d6f1	INSTANCE_OR_SPECIFIC_FORM_OF	V2_CONTAINMENT_CANDIDATE_NOT_EQUIVALENCE	true
semantic-candidate:bdcc01df29805d8450427a1c	semantic-relation:fb33a65482e69357c26c04cf	INSTANCE_OR_SPECIFIC_FORM_OF	V2_CONTAINMENT_CANDIDATE_NOT_EQUIVALENCE	true
semantic-candidate:bdcc4414ec06e2c85bb005e2	semantic-relation:a2ce5be4fe8a52d105457320	INSTANCE_OR_SPECIFIC_FORM_OF	V2_CONTAINMENT_CANDIDATE_NOT_EQUIVALENCE	true
semantic-candidate:bdd4c3d31c1b244b587ef0f0	semantic-relation:cf9e16a0d8c44c3130aaf459	INSTANCE_OR_SPECIFIC_FORM_OF	V2_CONTAINMENT_CANDIDATE_NOT_EQUIVALENCE	true
semantic-candidate:bdd662f79ff60741152e2d12	semantic-relation:f8c7f662df382dbe24712c2f	COMPONENT_OF	COMPOUND_COMPONENT_PARSE_REQUIRES_REVIEW	true
semantic-candidate:bdd8d47c233426158e6cccfe	semantic-relation:e2034d88da7f03263aaecbe4	COMPONENT_OF	COMPOUND_COMPONENT_PARSE_REQUIRES_REVIEW	true
semantic-candidate:bdd9abfdcbc2f3451a473e26	semantic-relation:d516041385cbe3cade9439a1	COMPONENT_OF	COMPOUND_COMPONENT_PARSE_REQUIRES_REVIEW	true
semantic-candidate:bdda4907fad2c5b4d3d457ab	semantic-relation:83496af8daf38aad40d16e60	MODIFIES	MODIFIER_PARSE_REQUIRES_REVIEW	true
semantic-candidate:bde800a1d602df1ced62a5f2	semantic-relation:5fc374e380c0b59afe9a2c20	COMPONENT_OF	COMPOUND_COMPONENT_PARSE_REQUIRES_REVIEW	true
semantic-candidate:bdfa13e73e3e696f1cce1076	semantic-relation:15769657149bb141e9d8dc38	INSTANCE_OR_SPECIFIC_FORM_OF	V2_CONTAINMENT_CANDIDATE_NOT_EQUIVALENCE	true
semantic-candidate:be0020ec620cffce7b6f5ca0	semantic-relation:239c5478f367c10f85b6d0e2	INSTANCE_OR_SPECIFIC_FORM_OF	V2_CONTAINMENT_CANDIDATE_NOT_EQUIVALENCE	true
semantic-candidate:be06583a9e88c2536806ab59	semantic-relation:313f775aa3f06313fc780ace	COMPONENT_OF	COMPOUND_COMPONENT_PARSE_REQUIRES_REVIEW	true
semantic-candidate:be1ee752ee0fe7c11085bb5b	semantic-relation:769262589f311b2b494839b3	COMPONENT_OF	COMPOUND_COMPONENT_PARSE_REQUIRES_REVIEW	true
semantic-candidate:be2fecab81c9905b83814b6e	semantic-relation:8f987af9a4a4ae596fe62bb5	COMPONENT_OF	COMPOUND_COMPONENT_PARSE_REQUIRES_REVIEW	true
semantic-candidate:be368386345c59511cff999d	semantic-relation:f4e7e805e562ee3c8d3e4a76	INSTANCE_OR_SPECIFIC_FORM_OF	V2_CONTAINMENT_CANDIDATE_NOT_EQUIVALENCE	true
semantic-candidate:be3cad781d468dfffa0f6561	semantic-relation:675f4d9f4774616a50248e77	MODIFIES	MODIFIER_PARSE_REQUIRES_REVIEW	true
semantic-candidate:be56d8bb692fd8a848aa4ace	semantic-relation:3a6f39b9b32e5bed744d782d	COMPONENT_OF	COMPOUND_COMPONENT_PARSE_REQUIRES_REVIEW	true
semantic-candidate:be6969697d2cfa1e949d41d7	semantic-relation:927f3b10716073d4ac1def4b	COMPONENT_OF	COMPOUND_COMPONENT_PARSE_REQUIRES_REVIEW	true
semantic-candidate:be6984903648726f82c65507	semantic-relation:d8b8202846ec9d0808299504	COMPONENT_OF	COMPOUND_COMPONENT_PARSE_REQUIRES_REVIEW	true
semantic-candidate:be7f208a066c25276217bed6	semantic-relation:1e385c6c09c1190fc0a4567c	INSTANCE_OR_SPECIFIC_FORM_OF	V2_CONTAINMENT_CANDIDATE_NOT_EQUIVALENCE	true
semantic-candidate:be8708b3e1fd85d518cb871c	semantic-relation:d582e28190a852d675472008	COMPONENT_OF	COMPOUND_COMPONENT_PARSE_REQUIRES_REVIEW	true
semantic-candidate:be9819c3c7ef68531df0b25a	semantic-relation:1a0190a43d37f630b45a1c71	COMPONENT_OF	COMPOUND_COMPONENT_PARSE_REQUIRES_REVIEW	true
semantic-candidate:bea868613f195b5255258067	semantic-relation:ae561ac65c66afec0fbdab88	COMPONENT_OF	COMPOUND_COMPONENT_PARSE_REQUIRES_REVIEW	true
semantic-candidate:beabae490d955b1a4001ba15	semantic-relation:1dc71483ae4579128ee0aceb	INSTANCE_OR_SPECIFIC_FORM_OF	V2_CONTAINMENT_CANDIDATE_NOT_EQUIVALENCE	true
semantic-candidate:bec211e87fe0b6fe42baa10a	semantic-relation:3ad36df9a3cbe9d0470c42a4	INSTANCE_OR_SPECIFIC_FORM_OF	V2_CONTAINMENT_CANDIDATE_NOT_EQUIVALENCE	true
semantic-candidate:becd21266ab0723ffcf5a128	semantic-relation:2532fec7101afc9148db9064	COMPONENT_OF	COMPOUND_COMPONENT_PARSE_REQUIRES_REVIEW	true
semantic-candidate:bed06be03e7c3f7e6b84ff4b	semantic-relation:288c4035394aa59403c60c25	INSTANCE_OR_SPECIFIC_FORM_OF	V2_CONTAINMENT_CANDIDATE_NOT_EQUIVALENCE	true
semantic-candidate:bed896db6293130f9c5b16d7	semantic-relation:b975c42346301a3ffdfa495b	INSTANCE_OR_SPECIFIC_FORM_OF	V2_CONTAINMENT_CANDIDATE_NOT_EQUIVALENCE	true
semantic-candidate:bede12b88d08ac23ea02cf49	semantic-relation:d22b971747fbb35cc41f7f8d	COMPONENT_OF	COMPOUND_COMPONENT_PARSE_REQUIRES_REVIEW	true
semantic-candidate:bee79b117bb4c1084ff95626	semantic-relation:92e0395ed46b788d256834b3	COMPONENT_OF	COMPOUND_COMPONENT_PARSE_REQUIRES_REVIEW	true
semantic-candidate:bee984b49fc76997fab2085a	semantic-relation:019a57c531d5d0330ce7fb32	INSTANCE_OR_SPECIFIC_FORM_OF	V2_CONTAINMENT_CANDIDATE_NOT_EQUIVALENCE	true
semantic-candidate:befcdd78d42150c5b8d520da	semantic-relation:69a8cc3663549623f1c7dc70	MODIFIES	MODIFIER_PARSE_REQUIRES_REVIEW	true
semantic-candidate:befe2ae18026f881f036a8a8	semantic-relation:472970666904109c1af09363	MODIFIES	MODIFIER_PARSE_REQUIRES_REVIEW	true
semantic-candidate:befe83a3bdcadaae19b67344	semantic-relation:ac9533fb2fb894b84ce44e94	INSTANCE_OR_SPECIFIC_FORM_OF	V2_CONTAINMENT_CANDIDATE_NOT_EQUIVALENCE	true
semantic-candidate:bf073465e0e9fb4eca739033	semantic-relation:3a15902320603f86358ff939	COMPONENT_OF	COMPOUND_COMPONENT_PARSE_REQUIRES_REVIEW	true
semantic-candidate:bf1a959376aac3cc7172db10	semantic-relation:83e2e9b97a78373e6f29994e	INSTANCE_OR_SPECIFIC_FORM_OF	V2_CONTAINMENT_CANDIDATE_NOT_EQUIVALENCE	true
semantic-candidate:bf2dfd5bf0329cfb3871ccb1	semantic-relation:27c9f44055e1871943e625cc	INSTANCE_OR_SPECIFIC_FORM_OF	V2_CONTAINMENT_CANDIDATE_NOT_EQUIVALENCE	true
semantic-candidate:bf35e428838ca506e73035db	semantic-relation:0f1fc00ff9b9381d8d3c58bd	INSTANCE_OR_SPECIFIC_FORM_OF	V2_CONTAINMENT_CANDIDATE_NOT_EQUIVALENCE	true
semantic-candidate:bf515829f13883ca8c5639ea	semantic-relation:ea321fb7470a3b3be0dacb8e	INSTANCE_OR_SPECIFIC_FORM_OF	V2_CONTAINMENT_CANDIDATE_NOT_EQUIVALENCE	true
semantic-candidate:bf566b9758b816242490f35e	semantic-relation:485d1c6b004e0bbb8d8cea37	COMPONENT_OF	COMPOUND_COMPONENT_PARSE_REQUIRES_REVIEW	true
semantic-candidate:bf5b073158e05745ab7fd48b	semantic-relation:d3d8523a6e8e0ac7c11bfc67	COMPONENT_OF	COMPOUND_COMPONENT_PARSE_REQUIRES_REVIEW	true
semantic-candidate:bf6438a4a523e429cc41187c	semantic-relation:a94b2c4d4aab164f66328c71	INSTANCE_OR_SPECIFIC_FORM_OF	V2_CONTAINMENT_CANDIDATE_NOT_EQUIVALENCE	true
semantic-candidate:bf7d69899300b62810e0fb29	semantic-relation:4417535c4bb744e287c24436	INSTANCE_OR_SPECIFIC_FORM_OF	V2_CONTAINMENT_CANDIDATE_NOT_EQUIVALENCE	true
semantic-candidate:bf9b3f8e929b2402a5b5c6e1	semantic-relation:9ba3ec745b156c7db3a8db96	MODIFIES	MODIFIER_PARSE_REQUIRES_REVIEW	true
semantic-candidate:bfbe2cfe2b707a74391b4bf3	semantic-relation:d86257e309b58f49ce43b010	COMPONENT_OF	COMPOUND_COMPONENT_PARSE_REQUIRES_REVIEW	true
semantic-candidate:bfe83ef726e939d7b0fec5ec	semantic-relation:65178d83eb26d3a8d34ac91f	COMPONENT_OF	COMPOUND_COMPONENT_PARSE_REQUIRES_REVIEW	true
semantic-candidate:c00b2210a755bde6f385cb4e	semantic-relation:93689325fe302efb04ad538c	INSTANCE_OR_SPECIFIC_FORM_OF	V2_CONTAINMENT_CANDIDATE_NOT_EQUIVALENCE	true
semantic-candidate:c0149a2c6af640e5964e465e	semantic-relation:94b6fc217dfb1b98f8189a19	COMPONENT_OF	COMPOUND_COMPONENT_PARSE_REQUIRES_REVIEW	true
semantic-candidate:c0203d96abfe33b0f21eee58	semantic-relation:892e630d9ab896a004c9eaad	COMPONENT_OF	COMPOUND_COMPONENT_PARSE_REQUIRES_REVIEW	true
semantic-candidate:c0209004a5bce722484347e1	semantic-relation:e7364de7bb34aa486e6031ea	COMPONENT_OF	COMPOUND_COMPONENT_PARSE_REQUIRES_REVIEW	true
semantic-candidate:c0226331ee5db4cd5dd46115	semantic-relation:e7a333a1a260ee8bf3ab14d5	COMPONENT_OF	COMPOUND_COMPONENT_PARSE_REQUIRES_REVIEW	true
semantic-candidate:c02605acfc4e746f4fa7eae6	semantic-relation:77bec5738458276ed86d4d31	MODIFIES	MODIFIER_PARSE_REQUIRES_REVIEW	true
semantic-candidate:c02b3f9388493d672571f8bc	semantic-relation:34f55123a4a2523d0ea024cc	COMPONENT_OF	COMPOUND_COMPONENT_PARSE_REQUIRES_REVIEW	true
semantic-candidate:c04030188000b59f4d8507e0	semantic-relation:50d000500a5e5d43f8d74532	COMPONENT_OF	COMPOUND_COMPONENT_PARSE_REQUIRES_REVIEW	true
semantic-candidate:c04941b5b266ccc890b94b81	semantic-relation:939cf6ff5e8563ab5e7645be	COMPONENT_OF	COMPOUND_COMPONENT_PARSE_REQUIRES_REVIEW	true
semantic-candidate:c0509d6e1861d0f7e38d12dc	semantic-relation:56704deaa41d3522f5a53394	INSTANCE_OR_SPECIFIC_FORM_OF	V2_CONTAINMENT_CANDIDATE_NOT_EQUIVALENCE	true
semantic-candidate:c062fa6dc3c04855686a39ba	semantic-relation:ae92f51b2d8518fa0fd79496	INSTANCE_OR_SPECIFIC_FORM_OF	V2_CONTAINMENT_CANDIDATE_NOT_EQUIVALENCE	true
semantic-candidate:c063a5a962b70280b897dd9a	semantic-relation:7ecfad00e789ec21b72ca37a	INSTANCE_OR_SPECIFIC_FORM_OF	V2_CONTAINMENT_CANDIDATE_NOT_EQUIVALENCE	true
semantic-candidate:c079c6fd4092665fa1786199	semantic-relation:46bf32fcafc8e30cdeb64495	COMPONENT_OF	COMPOUND_COMPONENT_PARSE_REQUIRES_REVIEW	true
semantic-candidate:c08d06a626746de7c3d37747	semantic-relation:0fb51bea889db1e0eab69bcb	COMPONENT_OF	COMPOUND_COMPONENT_PARSE_REQUIRES_REVIEW	true
semantic-candidate:c08d4eea960edca809718692	semantic-relation:e44dd9928571a14c042bc3cb	COMPONENT_OF	COMPOUND_COMPONENT_PARSE_REQUIRES_REVIEW	true
semantic-candidate:c0d74c2fc74339e0c00b6118	semantic-relation:d6ca18ed886f89f25413fb36	MODIFIES	MODIFIER_PARSE_REQUIRES_REVIEW	true
semantic-candidate:c0e91d45959ad5a3ba93bbb3	semantic-relation:351160b84a6c8d453364986e	INSTANCE_OR_SPECIFIC_FORM_OF	V2_CONTAINMENT_CANDIDATE_NOT_EQUIVALENCE	true
semantic-candidate:c109a3ab69d74404927a0d5a	semantic-relation:c33fd7c0e2b31d2b0d232f20	INSTANCE_OR_SPECIFIC_FORM_OF	V2_CONTAINMENT_CANDIDATE_NOT_EQUIVALENCE	true
semantic-candidate:c10f611d359e31650bbd9daa	semantic-relation:84542477d11ad03132e90e22	INSTANCE_OR_SPECIFIC_FORM_OF	V2_CONTAINMENT_CANDIDATE_NOT_EQUIVALENCE	true
semantic-candidate:c10fb9abceeb6e6531fe9b16	semantic-relation:80180eb6ae7e5434871d56a0	COMPONENT_OF	COMPOUND_COMPONENT_PARSE_REQUIRES_REVIEW	true
semantic-candidate:c111168498324d09361d1d9b	semantic-relation:7f96d2197ddd48723052fbfc	COMPONENT_OF	COMPOUND_COMPONENT_PARSE_REQUIRES_REVIEW	true
semantic-candidate:c1151762109fe9b94625c34e	semantic-relation:89f9a0a6d402303a4a82b331	COMPONENT_OF	COMPOUND_COMPONENT_PARSE_REQUIRES_REVIEW	true
semantic-candidate:c12d727b9fdac8cf6393b04e	semantic-relation:ed8a2e80a975dc66bc2f7814	COMPONENT_OF	COMPOUND_COMPONENT_PARSE_REQUIRES_REVIEW	true
semantic-candidate:c1351f327b007a93c0d48984	semantic-relation:0b2d7f743deaed9c48b5818a	COMPONENT_OF	COMPOUND_COMPONENT_PARSE_REQUIRES_REVIEW	true
semantic-candidate:c14bd7f601baa0c0de615aae	semantic-relation:0f1aa482759f9c65163eee12	INSTANCE_OR_SPECIFIC_FORM_OF	V2_CONTAINMENT_CANDIDATE_NOT_EQUIVALENCE	true
semantic-candidate:c14e6822c2bf72505d03121d	semantic-relation:3c6c165346aa86fb86c34f02	COMPONENT_OF	COMPOUND_COMPONENT_PARSE_REQUIRES_REVIEW	true
semantic-candidate:c1508ca039077eabbb32dce9	semantic-relation:94c9c909a196ace4e717ab64	COMPONENT_OF	COMPOUND_COMPONENT_PARSE_REQUIRES_REVIEW	true
semantic-candidate:c154f158a86cf7359c19bd11	semantic-relation:38702e0e816e243595170a3d	INSTANCE_OR_SPECIFIC_FORM_OF	V2_CONTAINMENT_CANDIDATE_NOT_EQUIVALENCE	true
semantic-candidate:c1565917596d538f97ef2bac	semantic-relation:46d75ac0972025fe1dd55ebb	COMPONENT_OF	COMPOUND_COMPONENT_PARSE_REQUIRES_REVIEW	true
semantic-candidate:c15d285da90808b53f52518f	semantic-relation:82d99e597a59954b597bcf94	COMPONENT_OF	COMPOUND_COMPONENT_PARSE_REQUIRES_REVIEW	true
semantic-candidate:c15d434bc7f437a135287df8	semantic-relation:3da6a64e0ef610c37a065ee2	MODIFIES	MODIFIER_PARSE_REQUIRES_REVIEW	true
semantic-candidate:c1724a7b04968413871a6176	semantic-relation:b78d76eae0bb2d5208eb7a17	INSTANCE_OR_SPECIFIC_FORM_OF	V2_CONTAINMENT_CANDIDATE_NOT_EQUIVALENCE	true
semantic-candidate:c1779d389ce7698956ff02d3	semantic-relation:4dfbcdd233805e0ebcf27950	INSTANCE_OR_SPECIFIC_FORM_OF	V2_CONTAINMENT_CANDIDATE_NOT_EQUIVALENCE	true
semantic-candidate:c17877a7dd84107031babce7	semantic-relation:e0d21f47021111761c49e1c1	INSTANCE_OR_SPECIFIC_FORM_OF	V2_CONTAINMENT_CANDIDATE_NOT_EQUIVALENCE	true
semantic-candidate:c1795a5dc3dd99f54e0bfcc9	semantic-relation:adf17c809c5f47ab4cd93d95	COMPONENT_OF	COMPOUND_COMPONENT_PARSE_REQUIRES_REVIEW	true
semantic-candidate:c17ed5991ed309cad01fd3bf	semantic-relation:02ff392acf449713c45a865f	COMPONENT_OF	COMPOUND_COMPONENT_PARSE_REQUIRES_REVIEW	true
semantic-candidate:c1822f89381f946874d33ed7	semantic-relation:8b912a88c34a45c2ef5ca260	MODIFIES	MODIFIER_PARSE_REQUIRES_REVIEW	true
semantic-candidate:c18b6811f914116d3e14479b	semantic-relation:f46c59f2276529796a8cf358	COMPONENT_OF	COMPOUND_COMPONENT_PARSE_REQUIRES_REVIEW	true
semantic-candidate:c197ce1b22fc4de708e74693	semantic-relation:ffee562ffe362854c906c46c	COMPONENT_OF	COMPOUND_COMPONENT_PARSE_REQUIRES_REVIEW	true
semantic-candidate:c19a1365f9369233dd197186	semantic-relation:733c0efa30652faa18f87598	MODIFIES	MODIFIER_PARSE_REQUIRES_REVIEW	true
semantic-candidate:c1a708b577df10d13a59f01f	semantic-relation:4d0c5af4c835f87427d39423	INSTANCE_OR_SPECIFIC_FORM_OF	V2_CONTAINMENT_CANDIDATE_NOT_EQUIVALENCE	true
semantic-candidate:c1a7b8f2dd2455cc2484dba5	semantic-relation:85dd5673428f18d2f538f537	INSTANCE_OR_SPECIFIC_FORM_OF	V2_CONTAINMENT_CANDIDATE_NOT_EQUIVALENCE	true
semantic-candidate:c1ae1453f529da033862006e	semantic-relation:4ec6539208a670b6ecc395b7	MODIFIES	MODIFIER_PARSE_REQUIRES_REVIEW	true
semantic-candidate:c1b6fd14016ea6357df3fa0d	semantic-relation:810575ad1b130441f63f3b17	COMPONENT_OF	COMPOUND_COMPONENT_PARSE_REQUIRES_REVIEW	true
semantic-candidate:c1c16b5b99f8167904d2d483	semantic-relation:9b84e3cc6b70208e151bc6c6	COMPONENT_OF	COMPOUND_COMPONENT_PARSE_REQUIRES_REVIEW	true
semantic-candidate:c1ccaab3487fd3f37ab6aa07	semantic-relation:db3c96a758e007b86a8e77ee	COMPONENT_OF	COMPOUND_COMPONENT_PARSE_REQUIRES_REVIEW	true
semantic-candidate:c1d21287b2f54d9d56e58d53	semantic-relation:6981b3a942c97db74bd73de7	INSTANCE_OR_SPECIFIC_FORM_OF	V2_CONTAINMENT_CANDIDATE_NOT_EQUIVALENCE	true
semantic-candidate:c1e32d7b35d9e24b3e7f7fa7	semantic-relation:2beadf1c41b50052739ee8ff	COMPONENT_OF	COMPOUND_COMPONENT_PARSE_REQUIRES_REVIEW	true
semantic-candidate:c1e38e4e13f6b6e835ca056e	semantic-relation:9677ae0ed4b64a2197ecd58f	COMPONENT_OF	COMPOUND_COMPONENT_PARSE_REQUIRES_REVIEW	true
semantic-candidate:c206e37a2b34cfdb176ebcc9	semantic-relation:a5ca08e498c86991fdf7b691	INSTANCE_OR_SPECIFIC_FORM_OF	V2_CONTAINMENT_CANDIDATE_NOT_EQUIVALENCE	true
semantic-candidate:c20cbeab21f66451d8dce2f2	semantic-relation:b018bb995c0080a3cae1831b	INSTANCE_OR_SPECIFIC_FORM_OF	V2_CONTAINMENT_CANDIDATE_NOT_EQUIVALENCE	true
semantic-candidate:c2120a6e20c700da3dad938f	semantic-relation:063969989ac8be29d2087f84	MODIFIES	MODIFIER_PARSE_REQUIRES_REVIEW	true
semantic-candidate:c21ff089acf12b7329ff32e0	semantic-relation:d05b3b6594c2c474d5aed4e4	COMPONENT_OF	COMPOUND_COMPONENT_PARSE_REQUIRES_REVIEW	true
semantic-candidate:c24faff2df957fdf2fc19ce1	semantic-relation:79293373b0498c80a8f6c382	INSTANCE_OR_SPECIFIC_FORM_OF	V2_CONTAINMENT_CANDIDATE_NOT_EQUIVALENCE	true
semantic-candidate:c2506f48dc4e82516ffeac48	semantic-relation:2226cd9a2a8d1f17b03be7bc	INSTANCE_OR_SPECIFIC_FORM_OF	V2_CONTAINMENT_CANDIDATE_NOT_EQUIVALENCE	true
semantic-candidate:c268673ec62f1e5525acccb5	semantic-relation:5a650fd5c9284068e78a35fb	INSTANCE_OR_SPECIFIC_FORM_OF	V2_CONTAINMENT_CANDIDATE_NOT_EQUIVALENCE	true
semantic-candidate:c28fb7d7654733fa189938fc	semantic-relation:b3ebe887f06aaec983abb4a0	INSTANCE_OR_SPECIFIC_FORM_OF	V2_CONTAINMENT_CANDIDATE_NOT_EQUIVALENCE	true
semantic-candidate:c291916a4150d0318a579c1f	semantic-relation:574b5abee16833f5632e2016	COMPONENT_OF	COMPOUND_COMPONENT_PARSE_REQUIRES_REVIEW	true
semantic-candidate:c29f46c9bea6e1513ad753c8	semantic-relation:8d44f62ee72c87f608f70d47	COMPONENT_OF	COMPOUND_COMPONENT_PARSE_REQUIRES_REVIEW	true
semantic-candidate:c2ac2e735ba11080339e01b7	semantic-relation:d8d8e39b845bcd52eba6223f	MODIFIES	MODIFIER_PARSE_REQUIRES_REVIEW	true
semantic-candidate:c2ae331d4e5f45a9aad2eae8	semantic-relation:81cf61b2291fbe3785c3cccb	COMPONENT_OF	COMPOUND_COMPONENT_PARSE_REQUIRES_REVIEW	true
semantic-candidate:c2b3e8abd616eafb8b98c0e9	semantic-relation:7422b95cfd8dc98c3586bfca	COMPONENT_OF	COMPOUND_COMPONENT_PARSE_REQUIRES_REVIEW	true
semantic-candidate:c2ba90f705763bffc14e1075	semantic-relation:0ce1b3ec04ffbee30a2fca32	INSTANCE_OR_SPECIFIC_FORM_OF	V2_CONTAINMENT_CANDIDATE_NOT_EQUIVALENCE	true
semantic-candidate:c2bd468a384f225bbaf86360	semantic-relation:ecf436fc1b2bfad5a3c5ba0c	INSTANCE_OR_SPECIFIC_FORM_OF	V2_CONTAINMENT_CANDIDATE_NOT_EQUIVALENCE	true
semantic-candidate:c2d9fc83136280c3a8c45fe0	semantic-relation:337a3728e52ce1ea30bb2ece	COMPONENT_OF	COMPOUND_COMPONENT_PARSE_REQUIRES_REVIEW	true
semantic-candidate:c2e27d5d0534fe839d669dd0	semantic-relation:9f9f01a9eadc5b0b8ec20aeb	INSTANCE_OR_SPECIFIC_FORM_OF	V2_CONTAINMENT_CANDIDATE_NOT_EQUIVALENCE	true
semantic-candidate:c2ec1e18c33769e6959addf6	semantic-relation:c7f5b67ace55c13e49bb7944	INSTANCE_OR_SPECIFIC_FORM_OF	V2_CONTAINMENT_CANDIDATE_NOT_EQUIVALENCE	true
semantic-candidate:c2fd47b4b0a27cb1de9df2f5	semantic-relation:9a8d40978a8c23e465f270ac	COMPONENT_OF	COMPOUND_COMPONENT_PARSE_REQUIRES_REVIEW	true
semantic-candidate:c305edaa39e15982e59e5f4a	semantic-relation:722aeefebe9ed4b09a90b1e1	INSTANCE_OR_SPECIFIC_FORM_OF	V2_CONTAINMENT_CANDIDATE_NOT_EQUIVALENCE	true
semantic-candidate:c3166254c2972d31eeddde0f	semantic-relation:7160530491d39a1bde94ceb8	INSTANCE_OR_SPECIFIC_FORM_OF	V2_CONTAINMENT_CANDIDATE_NOT_EQUIVALENCE	true
semantic-candidate:c31a6f59500d71669291e1fc	semantic-relation:d14de32cb8d4b417b1b5238c	INSTANCE_OR_SPECIFIC_FORM_OF	V2_CONTAINMENT_CANDIDATE_NOT_EQUIVALENCE	true
semantic-candidate:c328a3e7c805a8b8fd1b5fe3	semantic-relation:b3fed08c27dd65bd32fae5fb	INSTANCE_OR_SPECIFIC_FORM_OF	V2_CONTAINMENT_CANDIDATE_NOT_EQUIVALENCE	true
semantic-candidate:c32d1c2d0b9ed9c94dae91ae	semantic-relation:53b201b3bfa9e52a566ee11e	INSTANCE_OR_SPECIFIC_FORM_OF	V2_CONTAINMENT_CANDIDATE_NOT_EQUIVALENCE	true
semantic-candidate:c3403c63860e6f1377f9f5b8	semantic-relation:ae18648e617e84d021286fc5	INSTANCE_OR_SPECIFIC_FORM_OF	V2_CONTAINMENT_CANDIDATE_NOT_EQUIVALENCE	true
semantic-candidate:c34673fcd668b1e01df972cd	semantic-relation:418f1cc9b470f45fded3dd9d	COMPONENT_OF	COMPOUND_COMPONENT_PARSE_REQUIRES_REVIEW	true
semantic-candidate:c346eaa3a7c46f9bd028cb81	semantic-relation:b21b494eed83006e4b0018f7	COMPONENT_OF	COMPOUND_COMPONENT_PARSE_REQUIRES_REVIEW	true
semantic-candidate:c354dd9e359c00bcb3cab505	semantic-relation:91006c79fe53c74d89c5c1ed	COMPONENT_OF	COMPOUND_COMPONENT_PARSE_REQUIRES_REVIEW	true
semantic-candidate:c356e44f68d9174d2f690a5b	semantic-relation:0a199511d4124ef2f9ba58a0	COMPONENT_OF	COMPOUND_COMPONENT_PARSE_REQUIRES_REVIEW	true
semantic-candidate:c35de161e2a5b2bbb491662a	semantic-relation:289cb7b35324a5778bc7b7dc	COMPONENT_OF	COMPOUND_COMPONENT_PARSE_REQUIRES_REVIEW	true
semantic-candidate:c369684779c70fd406e92c94	semantic-relation:2090a1199fdc9d5b86dab283	COMPONENT_OF	COMPOUND_COMPONENT_PARSE_REQUIRES_REVIEW	true
semantic-candidate:c36f9415d3b29fbc3bed7fe9	semantic-relation:a0c0a7e2b7d0668cfcfd69e6	INSTANCE_OR_SPECIFIC_FORM_OF	V2_CONTAINMENT_CANDIDATE_NOT_EQUIVALENCE	true
semantic-candidate:c37bde7880ca12e6684f6b07	semantic-relation:f2a786b0cc60d343752929b3	INSTANCE_OR_SPECIFIC_FORM_OF	V2_CONTAINMENT_CANDIDATE_NOT_EQUIVALENCE	true
semantic-candidate:c39c3812f55b6293a9233954	semantic-relation:31a12835e3c1e780d7a8b346	COMPONENT_OF	COMPOUND_COMPONENT_PARSE_REQUIRES_REVIEW	true
semantic-candidate:c39d7c0b657c009d18691e0c	semantic-relation:e04e40471e9589b3bf06ba12	COMPONENT_OF	COMPOUND_COMPONENT_PARSE_REQUIRES_REVIEW	true
semantic-candidate:c3a7c70391b55c4f281022fa	semantic-relation:bd3285c8b876c02c0bced38f	COMPONENT_OF	COMPOUND_COMPONENT_PARSE_REQUIRES_REVIEW	true
semantic-candidate:c3ab09add7502d9b7c70cb2f	semantic-relation:30a641c94af32d12a7d36382	MODIFIES	MODIFIER_PARSE_REQUIRES_REVIEW	true
semantic-candidate:c3b2402450a9ffc74d62aa9e	semantic-relation:cb087dbdcb27012ba2b8c918	COMPONENT_OF	COMPOUND_COMPONENT_PARSE_REQUIRES_REVIEW	true
semantic-candidate:c3b3efe92279b6e11ec13e32	semantic-relation:24c49d1e6367690362325c13	INSTANCE_OR_SPECIFIC_FORM_OF	V2_CONTAINMENT_CANDIDATE_NOT_EQUIVALENCE	true
semantic-candidate:c3c05bbe63343229d26738d1	semantic-relation:717ee2f1eb5af82f390743f1	COMPONENT_OF	COMPOUND_COMPONENT_PARSE_REQUIRES_REVIEW	true
semantic-candidate:c3cc2109ae01d2d94a5a55d4	semantic-relation:bed50bf365b86194e315178d	COMPONENT_OF	COMPOUND_COMPONENT_PARSE_REQUIRES_REVIEW	true
semantic-candidate:c3cff66392016c4a17c54c20	semantic-relation:592d8d20cd090cce406ae696	COMPONENT_OF	COMPOUND_COMPONENT_PARSE_REQUIRES_REVIEW	true
semantic-candidate:c3dd190048571d97b8079278	semantic-relation:94b20ec70a52061868253e01	INSTANCE_OR_SPECIFIC_FORM_OF	V2_CONTAINMENT_CANDIDATE_NOT_EQUIVALENCE	true
semantic-candidate:c3deab3a638fee3e9d7bb8d3	semantic-relation:0f41917f979269f4f48c76af	COMPONENT_OF	COMPOUND_COMPONENT_PARSE_REQUIRES_REVIEW	true
semantic-candidate:c3e33adfcdf5549f3ff08601	semantic-relation:ea5a4309c9353a9735980060	MODIFIES	MODIFIER_PARSE_REQUIRES_REVIEW	true
semantic-candidate:c3e6477b2adb94e2b63400ed	semantic-relation:348fc52a491a8f68b031e3a6	INSTANCE_OR_SPECIFIC_FORM_OF	V2_CONTAINMENT_CANDIDATE_NOT_EQUIVALENCE	true
semantic-candidate:c3fa1b62453e76754edbf3df	semantic-relation:9585dd84943f51a8de15d572	COMPONENT_OF	COMPOUND_COMPONENT_PARSE_REQUIRES_REVIEW	true
semantic-candidate:c4013004278a6bb5f8cfc1da	semantic-relation:eb4d19b15e303dbf80dc879a	COMPONENT_OF	COMPOUND_COMPONENT_PARSE_REQUIRES_REVIEW	true
semantic-candidate:c4013f442e679c9b6dbaac62	semantic-relation:833fe60052caa42595cbc627	COMPONENT_OF	COMPOUND_COMPONENT_PARSE_REQUIRES_REVIEW	true
semantic-candidate:c4116ce22bf0b7bb23b2ff1c	semantic-relation:dc80869eba63f3557bc8e6ad	COMPONENT_OF	COMPOUND_COMPONENT_PARSE_REQUIRES_REVIEW	true
semantic-candidate:c429155968e00dffdb5fc520	semantic-relation:579f00971c645d60cab0bb6d	INSTANCE_OR_SPECIFIC_FORM_OF	V2_CONTAINMENT_CANDIDATE_NOT_EQUIVALENCE	true
semantic-candidate:c43e4fad9e861ac0d2c4ebb3	semantic-relation:35921360d0d328037f0cef05	INSTANCE_OR_SPECIFIC_FORM_OF	V2_CONTAINMENT_CANDIDATE_NOT_EQUIVALENCE	true
semantic-candidate:c44240c16766729afc6eaf58	semantic-relation:759d22d58c9bde41d1cdf372	INSTANCE_OR_SPECIFIC_FORM_OF	V2_CONTAINMENT_CANDIDATE_NOT_EQUIVALENCE	true
semantic-candidate:c44e839a33ffab7e42eaabc4	semantic-relation:a1d404fe2ea85014a2a43342	MODIFIES	MODIFIER_PARSE_REQUIRES_REVIEW	true
semantic-candidate:c45280200d37340e2dca9ee6	semantic-relation:e3b946dfcca0063cef3fd014	COMPONENT_OF	COMPOUND_COMPONENT_PARSE_REQUIRES_REVIEW	true
semantic-candidate:c453000d44116b7ec41fdf47	semantic-relation:a6700cca7d81d228cf3891d1	MODIFIES	MODIFIER_PARSE_REQUIRES_REVIEW	true
semantic-candidate:c45a52f8bd104a446077c11d	semantic-relation:68b88d1d3ed72f97329a68ee	INSTANCE_OR_SPECIFIC_FORM_OF	V2_CONTAINMENT_CANDIDATE_NOT_EQUIVALENCE	true
semantic-candidate:c46936661b9a646bdf3edb6c	semantic-relation:176c061e25aed7771546cb79	COMPONENT_OF	COMPOUND_COMPONENT_PARSE_REQUIRES_REVIEW	true
semantic-candidate:c46ed15a08b53dbfdb16612f	semantic-relation:3599edcb2890404552fedddf	INSTANCE_OR_SPECIFIC_FORM_OF	V2_CONTAINMENT_CANDIDATE_NOT_EQUIVALENCE	true
semantic-candidate:c473d9d6fc099c4eb961d042	semantic-relation:86d271a95cd4bb5e784a4801	INSTANCE_OR_SPECIFIC_FORM_OF	V2_CONTAINMENT_CANDIDATE_NOT_EQUIVALENCE	true
semantic-candidate:c48e952219cb8212cfcc8768	semantic-relation:8dfc35aa4233e6dfd8b6d0b7	COMPONENT_OF	COMPOUND_COMPONENT_PARSE_REQUIRES_REVIEW	true
semantic-candidate:c49d6536d926711e2de39e20	semantic-relation:16707a8b655c5029b8deb88c	COMPONENT_OF	COMPOUND_COMPONENT_PARSE_REQUIRES_REVIEW	true
semantic-candidate:c4a78bf5aa2bd874c826af60	semantic-relation:6da8f818e363c824686d624c	INSTANCE_OR_SPECIFIC_FORM_OF	V2_CONTAINMENT_CANDIDATE_NOT_EQUIVALENCE	true
semantic-candidate:c4c442594b0b8512a397158b	semantic-relation:3e47687c5323adf42bdee49f	COMPONENT_OF	COMPOUND_COMPONENT_PARSE_REQUIRES_REVIEW	true
semantic-candidate:c4e09703e1df9f67cd523850	semantic-relation:cd49a60b24b09514db631fd4	INSTANCE_OR_SPECIFIC_FORM_OF	V2_CONTAINMENT_CANDIDATE_NOT_EQUIVALENCE	true
semantic-candidate:c4e4173f6aecaba967c0c169	semantic-relation:f9ac07ce339132d2a0a80d26	INSTANCE_OR_SPECIFIC_FORM_OF	V2_CONTAINMENT_CANDIDATE_NOT_EQUIVALENCE	true
semantic-candidate:c4f60390a37f8d779a798cc2	semantic-relation:4cbbaf8fcc2d32f0c3370f81	COMPONENT_OF	COMPOUND_COMPONENT_PARSE_REQUIRES_REVIEW	true
semantic-candidate:c4f6ed77b159dd25f273ca23	semantic-relation:948f9438267d0b8f2bdfb7b2	COMPONENT_OF	COMPOUND_COMPONENT_PARSE_REQUIRES_REVIEW	true
semantic-candidate:c4f7f77c9371c232fb07ec17	semantic-relation:6cec69babd7221acdcb4c814	MODIFIES	MODIFIER_PARSE_REQUIRES_REVIEW	true
semantic-candidate:c4faae58f21961c31f18a1e1	semantic-relation:9b1583c758a0f57a7f7a557c	INSTANCE_OR_SPECIFIC_FORM_OF	V2_CONTAINMENT_CANDIDATE_NOT_EQUIVALENCE	true
semantic-candidate:c50d20164981e5ed913e7266	semantic-relation:c6df63e995bb24eed87b293b	COMPONENT_OF	COMPOUND_COMPONENT_PARSE_REQUIRES_REVIEW	true
semantic-candidate:c50f2ee792421fd9187fe6e7	semantic-relation:82b2816acd3481a7de01df48	INSTANCE_OR_SPECIFIC_FORM_OF	V2_CONTAINMENT_CANDIDATE_NOT_EQUIVALENCE	true
semantic-candidate:c515b46d926f9964d2174063	semantic-relation:6c0c531246550a6c9eb30d1d	INSTANCE_OR_SPECIFIC_FORM_OF	V2_CONTAINMENT_CANDIDATE_NOT_EQUIVALENCE	true
semantic-candidate:c5334d779644fe45de1626d5	semantic-relation:2734e955bbd973aeaaecc9e8	COMPONENT_OF	COMPOUND_COMPONENT_PARSE_REQUIRES_REVIEW	true
semantic-candidate:c537c2c6c0abf68665634747	semantic-relation:1d7c0e9fece8f9340b34eb5e	INSTANCE_OR_SPECIFIC_FORM_OF	V2_CONTAINMENT_CANDIDATE_NOT_EQUIVALENCE	true
semantic-candidate:c53978f1ec2a169ee424d96a	semantic-relation:4a24fd73ffb453372713d083	INSTANCE_OR_SPECIFIC_FORM_OF	V2_CONTAINMENT_CANDIDATE_NOT_EQUIVALENCE	true
semantic-candidate:c53f83ac76d970e8c9794a55	semantic-relation:ede6634b5b8eb1336eb956ae	COMPONENT_OF	COMPOUND_COMPONENT_PARSE_REQUIRES_REVIEW	true
semantic-candidate:c5413c08371b2a08af6327fa	semantic-relation:8172fe9244e3ffb6c59b3e0e	MODIFIES	MODIFIER_PARSE_REQUIRES_REVIEW	true
semantic-candidate:c54440d54214ecbe26526f6d	semantic-relation:2d6b5f23ce845049140471f8	COMPONENT_OF	COMPOUND_COMPONENT_PARSE_REQUIRES_REVIEW	true
semantic-candidate:c545b260fc5aaf28152148fa	semantic-relation:40d41ca2985e4b1cc1b67c05	MODIFIES	MODIFIER_PARSE_REQUIRES_REVIEW	true
semantic-candidate:c547d94b2b5a14bf3c5ef617	semantic-relation:3402dbc6a7a6650125a6a05f	INSTANCE_OR_SPECIFIC_FORM_OF	V2_CONTAINMENT_CANDIDATE_NOT_EQUIVALENCE	true
semantic-candidate:c5544437adda3741052ab24c	semantic-relation:6d540a60b2bb34a7ccb3bfcf	COMPONENT_OF	COMPOUND_COMPONENT_PARSE_REQUIRES_REVIEW	true
semantic-candidate:c5605f999e65e78da31f60b6	semantic-relation:4f607e8b2c70b84218545360	COMPONENT_OF	COMPOUND_COMPONENT_PARSE_REQUIRES_REVIEW	true
semantic-candidate:c568be94d91675de1b505877	semantic-relation:fc3995cfd05646754043cee3	INSTANCE_OR_SPECIFIC_FORM_OF	V2_CONTAINMENT_CANDIDATE_NOT_EQUIVALENCE	true
semantic-candidate:c57f7f230befa39b4608631c	semantic-relation:71d8ff8e23038ebe97051197	INSTANCE_OR_SPECIFIC_FORM_OF	V2_CONTAINMENT_CANDIDATE_NOT_EQUIVALENCE	true
semantic-candidate:c5877d8c4a89ac77e7bc2bf4	semantic-relation:d910aa5cd2995563a6c5957f	INSTANCE_OR_SPECIFIC_FORM_OF	V2_CONTAINMENT_CANDIDATE_NOT_EQUIVALENCE	true
semantic-candidate:c5a48ca8c6f50589a322de33	semantic-relation:3bd9d21fd41b9c977ae95976	COMPONENT_OF	COMPOUND_COMPONENT_PARSE_REQUIRES_REVIEW	true
semantic-candidate:c5b8112a66c427a86d712b57	semantic-relation:20be671c937e5fbc9e406914	COMPONENT_OF	COMPOUND_COMPONENT_PARSE_REQUIRES_REVIEW	true
semantic-candidate:c5cc524bb5f528b2bf1e7a03	semantic-relation:030ebf1f4ac49f17b778fb91	INSTANCE_OR_SPECIFIC_FORM_OF	V2_CONTAINMENT_CANDIDATE_NOT_EQUIVALENCE	true
semantic-candidate:c5d814a0839b5c25187c4d7f	semantic-relation:17560913e9839091532dbf21	INSTANCE_OR_SPECIFIC_FORM_OF	V2_CONTAINMENT_CANDIDATE_NOT_EQUIVALENCE	true
semantic-candidate:c5dcf65ac1c94deceec978c4	semantic-relation:83e4f8ef39a0e98b140a41a1	INSTANCE_OR_SPECIFIC_FORM_OF	V2_CONTAINMENT_CANDIDATE_NOT_EQUIVALENCE	true
semantic-candidate:c5dfe6db2b4c41f776872dba	semantic-relation:d7d7d3df747e5d82a7afd419	INSTANCE_OR_SPECIFIC_FORM_OF	V2_CONTAINMENT_CANDIDATE_NOT_EQUIVALENCE	true
semantic-candidate:c5e1abff6ee248a9f64090cd	semantic-relation:2077786480b6abd0a6e12974	INSTANCE_OR_SPECIFIC_FORM_OF	V2_CONTAINMENT_CANDIDATE_NOT_EQUIVALENCE	true
semantic-candidate:c5ec750ef95953797499f8d2	semantic-relation:cbb6f2b10d3349158b40473d	MODIFIES	MODIFIER_PARSE_REQUIRES_REVIEW	true
semantic-candidate:c5eee3bd78d4158488c8179e	semantic-relation:582112401cfefa2d4db608f8	COMPONENT_OF	COMPOUND_COMPONENT_PARSE_REQUIRES_REVIEW	true
semantic-candidate:c5fddc0efe29882b22714a90	semantic-relation:15bc804668da64c1b255a217	COMPONENT_OF	COMPOUND_COMPONENT_PARSE_REQUIRES_REVIEW	true
semantic-candidate:c622b2d7f2b5fc3798b6f92a	semantic-relation:98584cfde6f517afdf3e0a69	COMPONENT_OF	COMPOUND_COMPONENT_PARSE_REQUIRES_REVIEW	true
semantic-candidate:c62e3c3cd4e0837e17b2b71b	semantic-relation:6ac38b5b2f9bdef2c823af24	INSTANCE_OR_SPECIFIC_FORM_OF	V2_CONTAINMENT_CANDIDATE_NOT_EQUIVALENCE	true
semantic-candidate:c6350e1b1c011ce6b8745c13	semantic-relation:febca95dc4cd874089d05659	INSTANCE_OR_SPECIFIC_FORM_OF	V2_CONTAINMENT_CANDIDATE_NOT_EQUIVALENCE	true
semantic-candidate:c6354e3619403a07d529a6f7	semantic-relation:1761becfded47cd7d1e970bc	INSTANCE_OR_SPECIFIC_FORM_OF	V2_CONTAINMENT_CANDIDATE_NOT_EQUIVALENCE	true
semantic-candidate:c64942b60b7e1b7a67879b30	semantic-relation:a3e4d5999c213af6e4ae989e	INSTANCE_OR_SPECIFIC_FORM_OF	V2_CONTAINMENT_CANDIDATE_NOT_EQUIVALENCE	true
semantic-candidate:c64cc0ea6b423144c709fb64	semantic-relation:6c22f65638c3e9ab3b77af59	COMPONENT_OF	COMPOUND_COMPONENT_PARSE_REQUIRES_REVIEW	true
semantic-candidate:c65b1a8c22e0935a084ef4ed	semantic-relation:9a747357caec787cfbc0ddf5	COMPONENT_OF	COMPOUND_COMPONENT_PARSE_REQUIRES_REVIEW	true
semantic-candidate:c65b251d013f117d42bd6c2a	semantic-relation:95c67f3b2de183cae6a12450	COMPONENT_OF	COMPOUND_COMPONENT_PARSE_REQUIRES_REVIEW	true
semantic-candidate:c662625af2d8919c142fc7f5	semantic-relation:9909af9680ffa7e57c07e395	COMPONENT_OF	COMPOUND_COMPONENT_PARSE_REQUIRES_REVIEW	true
semantic-candidate:c68c81b5210946c8612c5040	semantic-relation:45a1ede23d05b1a06c217fea	COMPONENT_OF	COMPOUND_COMPONENT_PARSE_REQUIRES_REVIEW	true
semantic-candidate:c68e937dae23962f5c379fd1	semantic-relation:41ad065f8d59932eb6cec8be	COMPONENT_OF	COMPOUND_COMPONENT_PARSE_REQUIRES_REVIEW	true
semantic-candidate:c68f0bf37f19ca42624c1303	semantic-relation:51b905b31d2950cc4ab74bf6	COMPONENT_OF	COMPOUND_COMPONENT_PARSE_REQUIRES_REVIEW	true
semantic-candidate:c699de6153649e2c197c5426	semantic-relation:37c856475016cdd3705f1ddc	INSTANCE_OR_SPECIFIC_FORM_OF	V2_CONTAINMENT_CANDIDATE_NOT_EQUIVALENCE	true
semantic-candidate:c6a04c3698e88cbf3ea64b7e	semantic-relation:cd705b50027bf5b0c5698f26	COMPONENT_OF	COMPOUND_COMPONENT_PARSE_REQUIRES_REVIEW	true
semantic-candidate:c6a818a4e2b48f25cf17c1bb	semantic-relation:5b50f78bc95262b76000522f	INSTANCE_OR_SPECIFIC_FORM_OF	V2_CONTAINMENT_CANDIDATE_NOT_EQUIVALENCE	true
semantic-candidate:c6a984089dc60762baf78032	semantic-relation:0fd8b3e77bce50e87f176b0b	INSTANCE_OR_SPECIFIC_FORM_OF	V2_CONTAINMENT_CANDIDATE_NOT_EQUIVALENCE	true
semantic-candidate:c6af16acbcab5f241b275fb1	semantic-relation:e2ac310660396595627d5403	INSTANCE_OR_SPECIFIC_FORM_OF	V2_CONTAINMENT_CANDIDATE_NOT_EQUIVALENCE	true
semantic-candidate:c6bb465e02fac27e50ba501f	semantic-relation:28117ce0ed9b6e0bdd487e0b	COMPONENT_OF	COMPOUND_COMPONENT_PARSE_REQUIRES_REVIEW	true
semantic-candidate:c6f6cf5a4fea5e3f2cee98d8	semantic-relation:ea34db31350f88e0af9e2e4c	COMPONENT_OF	COMPOUND_COMPONENT_PARSE_REQUIRES_REVIEW	true
semantic-candidate:c6f7436016a86c7bf07b3629	semantic-relation:0ff45a48835828c26c0a234c	INSTANCE_OR_SPECIFIC_FORM_OF	V2_CONTAINMENT_CANDIDATE_NOT_EQUIVALENCE	true
semantic-candidate:c6fa76b73f277577cdaa45bf	semantic-relation:3a00d406fd9aaa4d564be00e	COMPONENT_OF	COMPOUND_COMPONENT_PARSE_REQUIRES_REVIEW	true
semantic-candidate:c7042490ebfb9859c93eab24	semantic-relation:3ce71094be24db54b3e55113	INSTANCE_OR_SPECIFIC_FORM_OF	V2_CONTAINMENT_CANDIDATE_NOT_EQUIVALENCE	true
semantic-candidate:c70f9d660c35b5b74822a579	semantic-relation:d8ed0188097bd48bbaf1b7cd	INSTANCE_OR_SPECIFIC_FORM_OF	V2_CONTAINMENT_CANDIDATE_NOT_EQUIVALENCE	true
semantic-candidate:c717b8a97e02e137ab402bf3	semantic-relation:d8b1f66e316ac94dff98612f	MODIFIES	MODIFIER_PARSE_REQUIRES_REVIEW	true
semantic-candidate:c724c12bdd2deee2bdaa5adc	semantic-relation:4a9d09923e3224f07cab9bcf	COMPONENT_OF	COMPOUND_COMPONENT_PARSE_REQUIRES_REVIEW	true
semantic-candidate:c72cbd3fcded932d3293099f	semantic-relation:c2f1650f205e914f2d1a9a8b	COMPONENT_OF	COMPOUND_COMPONENT_PARSE_REQUIRES_REVIEW	true
semantic-candidate:c7371db525ba4a4182c3026b	semantic-relation:455954aef8d61141096bf1d7	INSTANCE_OR_SPECIFIC_FORM_OF	V2_CONTAINMENT_CANDIDATE_NOT_EQUIVALENCE	true
semantic-candidate:c759e81480f9cf184ac819c2	semantic-relation:76018ddf22d16e00927033a0	COMPONENT_OF	COMPOUND_COMPONENT_PARSE_REQUIRES_REVIEW	true
semantic-candidate:c75f6b558abe150e594b737a	semantic-relation:0eac7bec3baec9eadb727a6d	MODIFIES	MODIFIER_PARSE_REQUIRES_REVIEW	true
semantic-candidate:c76e51377eb5de11c516500f	semantic-relation:87b20dd16c288921bc132fc0	INSTANCE_OR_SPECIFIC_FORM_OF	V2_CONTAINMENT_CANDIDATE_NOT_EQUIVALENCE	true
semantic-candidate:c773f0b2af390f3f5fb48b5c	semantic-relation:c4cc322c3e6de11125e3d809	INSTANCE_OR_SPECIFIC_FORM_OF	V2_CONTAINMENT_CANDIDATE_NOT_EQUIVALENCE	true
semantic-candidate:c789b9e51da88def7e07bc34	semantic-relation:fe87fa53a0c4e7d6fe48e890	INSTANCE_OR_SPECIFIC_FORM_OF	V2_CONTAINMENT_CANDIDATE_NOT_EQUIVALENCE	true
semantic-candidate:c796a9b372857b9c82486916	semantic-relation:bfefb2116d973ce9eed25359	INSTANCE_OR_SPECIFIC_FORM_OF	V2_CONTAINMENT_CANDIDATE_NOT_EQUIVALENCE	true
semantic-candidate:c7a609114a1e5d19041807e8	semantic-relation:4bcdd1d2a4e21225ac9f6613	INSTANCE_OR_SPECIFIC_FORM_OF	V2_CONTAINMENT_CANDIDATE_NOT_EQUIVALENCE	true
semantic-candidate:c7a6a64aec213000336bb24d	semantic-relation:a2ac24f6d2a8a8dd030c808d	COMPONENT_OF	COMPOUND_COMPONENT_PARSE_REQUIRES_REVIEW	true
semantic-candidate:c7ab65b425e9a686304b3cb0	semantic-relation:516bae49da66bdb848cc1c6a	COMPONENT_OF	COMPOUND_COMPONENT_PARSE_REQUIRES_REVIEW	true
semantic-candidate:c7ada534ecc5783a267b52a5	semantic-relation:49ae18efec83c48d784b732f	INSTANCE_OR_SPECIFIC_FORM_OF	V2_CONTAINMENT_CANDIDATE_NOT_EQUIVALENCE	true
semantic-candidate:c7b3e6cef1a1ae9747296fb1	semantic-relation:a9fc2e9ca713c162c49d8c4f	INSTANCE_OR_SPECIFIC_FORM_OF	V2_CONTAINMENT_CANDIDATE_NOT_EQUIVALENCE	true
semantic-candidate:c7c42bc3de7e22b4b6e30eaf	semantic-relation:1fcaa41c0e21d39142dbda4c	MODIFIES	MODIFIER_PARSE_REQUIRES_REVIEW	true
semantic-candidate:c7d15debc00e66aeab9aed76	semantic-relation:ce3ceec56edb7b8d31d6af2f	INSTANCE_OR_SPECIFIC_FORM_OF	V2_CONTAINMENT_CANDIDATE_NOT_EQUIVALENCE	true
semantic-candidate:c7ee33aa859e3cb2432090cd	semantic-relation:a56f2a91dea929ca5d178c4f	INSTANCE_OR_SPECIFIC_FORM_OF	V2_CONTAINMENT_CANDIDATE_NOT_EQUIVALENCE	true
semantic-candidate:c80a11a796b902730137e8db	semantic-relation:6103d0ea0154998c409d9613	INSTANCE_OR_SPECIFIC_FORM_OF	V2_CONTAINMENT_CANDIDATE_NOT_EQUIVALENCE	true
semantic-candidate:c8124cfc9c58616943113326	semantic-relation:4a09185d7f90652b258c9303	INSTANCE_OR_SPECIFIC_FORM_OF	V2_CONTAINMENT_CANDIDATE_NOT_EQUIVALENCE	true
semantic-candidate:c812ff5f1302a6e3a4e70ba2	semantic-relation:7aa211ae035a5355b2aeed21	COMPONENT_OF	COMPOUND_COMPONENT_PARSE_REQUIRES_REVIEW	true
semantic-candidate:c828863a479dfa3e34013f4e	semantic-relation:2497e26bb47df1a397b14649	COMPONENT_OF	COMPOUND_COMPONENT_PARSE_REQUIRES_REVIEW	true
semantic-candidate:c82d365d6424bb45c10a0e6d	semantic-relation:eb8ab3c9ba04e62ad21395fb	COMPONENT_OF	COMPOUND_COMPONENT_PARSE_REQUIRES_REVIEW	true
semantic-candidate:c82fc25fe82e1f383dca8cc8	semantic-relation:70263fb136bbd47ed93c9fea	COMPONENT_OF	COMPOUND_COMPONENT_PARSE_REQUIRES_REVIEW	true
semantic-candidate:c85e087c5253f9adf7cfb0f9	semantic-relation:e600fb96780ef0b1ae3686f2	INSTANCE_OR_SPECIFIC_FORM_OF	V2_CONTAINMENT_CANDIDATE_NOT_EQUIVALENCE	true
semantic-candidate:c86607650553504635ab07d1	semantic-relation:6326b041794ff30f630d897e	COMPONENT_OF	COMPOUND_COMPONENT_PARSE_REQUIRES_REVIEW	true
semantic-candidate:c86778890cc7ac482543b08a	semantic-relation:f9abdb95f2599a5cb6bbe739	INSTANCE_OR_SPECIFIC_FORM_OF	V2_CONTAINMENT_CANDIDATE_NOT_EQUIVALENCE	true
semantic-candidate:c882f902b494ad91cda2d49f	semantic-relation:6287f1796e33ec994ca2d180	COMPONENT_OF	COMPOUND_COMPONENT_PARSE_REQUIRES_REVIEW	true
semantic-candidate:c88cef7d0dcaa00738402d92	semantic-relation:1373f994fa0e346c7a836b57	COMPONENT_OF	COMPOUND_COMPONENT_PARSE_REQUIRES_REVIEW	true
semantic-candidate:c88f6664979c4b62d5789c7d	semantic-relation:7e61040d0976b22a29cbe2dd	COMPONENT_OF	COMPOUND_COMPONENT_PARSE_REQUIRES_REVIEW	true
semantic-candidate:c8a3734884dca077a89ae3c8	semantic-relation:7bef86e440ac637b16aca6a8	INSTANCE_OR_SPECIFIC_FORM_OF	V2_CONTAINMENT_CANDIDATE_NOT_EQUIVALENCE	true
semantic-candidate:c8bff821d880ab74578eebbf	semantic-relation:7053871687a72d4f6bd357ce	COMPONENT_OF	COMPOUND_COMPONENT_PARSE_REQUIRES_REVIEW	true
semantic-candidate:c8c465d16983688cebabdb0a	semantic-relation:26008198fef146747479b1f4	INSTANCE_OR_SPECIFIC_FORM_OF	V2_CONTAINMENT_CANDIDATE_NOT_EQUIVALENCE	true
semantic-candidate:c8d218e779f4e866f978fb72	semantic-relation:b6115681672d35f48b216fbe	COMPONENT_OF	COMPOUND_COMPONENT_PARSE_REQUIRES_REVIEW	true
semantic-candidate:c8e42b4c354cb6e6a2f51d81	semantic-relation:cfb28823715e80e1cb5f2c8f	INSTANCE_OR_SPECIFIC_FORM_OF	V2_CONTAINMENT_CANDIDATE_NOT_EQUIVALENCE	true
semantic-candidate:c8f90d14b4aac88cfdfdd922	semantic-relation:29ad31a308ade9d92835b6e0	COMPONENT_OF	COMPOUND_COMPONENT_PARSE_REQUIRES_REVIEW	true
semantic-candidate:c932e0eb2f82091a98437ca2	semantic-relation:0495b982273294ef85cdaa54	INSTANCE_OR_SPECIFIC_FORM_OF	V2_CONTAINMENT_CANDIDATE_NOT_EQUIVALENCE	true
semantic-candidate:c9338ea13f3285f97defcdc6	semantic-relation:ecf5385f33899f4b107a8f98	COMPONENT_OF	COMPOUND_COMPONENT_PARSE_REQUIRES_REVIEW	true
semantic-candidate:c9606eaffaec2ca8392fcc7f	semantic-relation:8ae34cc72e881d40a246fb8a	COMPONENT_OF	COMPOUND_COMPONENT_PARSE_REQUIRES_REVIEW	true
semantic-candidate:c9616d780fb3948cc0d897c6	semantic-relation:78c9c7bff666cdd0d7420f84	INSTANCE_OR_SPECIFIC_FORM_OF	V2_CONTAINMENT_CANDIDATE_NOT_EQUIVALENCE	true
semantic-candidate:c97e1bfe687881f7744030fc	semantic-relation:48a067ad39dba34677afe123	INSTANCE_OR_SPECIFIC_FORM_OF	V2_CONTAINMENT_CANDIDATE_NOT_EQUIVALENCE	true
semantic-candidate:c9819358dd136a45c76e79c4	semantic-relation:866d923c467cbdb411375f04	INSTANCE_OR_SPECIFIC_FORM_OF	V2_CONTAINMENT_CANDIDATE_NOT_EQUIVALENCE	true
semantic-candidate:c985181cfa54134f43d77022	semantic-relation:8724e296a4dbc8c131118437	INSTANCE_OR_SPECIFIC_FORM_OF	V2_CONTAINMENT_CANDIDATE_NOT_EQUIVALENCE	true
semantic-candidate:c986d978ee6c7080c9326f1c	semantic-relation:5a27d997e71260162062f4a9	INSTANCE_OR_SPECIFIC_FORM_OF	V2_CONTAINMENT_CANDIDATE_NOT_EQUIVALENCE	true
semantic-candidate:c988275e8b6ffa148b1e754d	semantic-relation:54e1cfceee3c3db61e2a7003	INSTANCE_OR_SPECIFIC_FORM_OF	V2_CONTAINMENT_CANDIDATE_NOT_EQUIVALENCE	true
semantic-candidate:c98de4a03506431d0998611f	semantic-relation:deb1faf8c4c531d4a5157659	INSTANCE_OR_SPECIFIC_FORM_OF	V2_CONTAINMENT_CANDIDATE_NOT_EQUIVALENCE	true
semantic-candidate:c996f7a1f676f89e28aeb06d	semantic-relation:d024a8f46be51cd8991c4c78	COMPONENT_OF	COMPOUND_COMPONENT_PARSE_REQUIRES_REVIEW	true
semantic-candidate:c99ff19919005b752bd0e9e9	semantic-relation:daf9e4358bb0bce66d1a2646	INSTANCE_OR_SPECIFIC_FORM_OF	V2_CONTAINMENT_CANDIDATE_NOT_EQUIVALENCE	true
semantic-candidate:c9c80a15c87f08e8d57caf8e	semantic-relation:6f1d78ea7ad9bc635ab26b84	INSTANCE_OR_SPECIFIC_FORM_OF	V2_CONTAINMENT_CANDIDATE_NOT_EQUIVALENCE	true
semantic-candidate:c9cbdba4743a9159ce607e22	semantic-relation:bf9474c689b0f97fdbd834f7	COMPONENT_OF	COMPOUND_COMPONENT_PARSE_REQUIRES_REVIEW	true
semantic-candidate:c9d3b2da4642d7da0e669cfd	semantic-relation:aa5b53a7e7aa6ee028116678	COMPONENT_OF	COMPOUND_COMPONENT_PARSE_REQUIRES_REVIEW	true
semantic-candidate:c9dced394da527c17c13a633	semantic-relation:a3e7b4aeb4e02ab182db689b	MODIFIES	MODIFIER_PARSE_REQUIRES_REVIEW	true
semantic-candidate:c9e12257750d4e4c5b7b397a	semantic-relation:23ddc663368a092dd0b525cd	MODIFIES	MODIFIER_PARSE_REQUIRES_REVIEW	true
semantic-candidate:c9e5f8c5d17525d61b0d32ac	semantic-relation:55a044dfbf6d42f5d9a4201e	COMPONENT_OF	COMPOUND_COMPONENT_PARSE_REQUIRES_REVIEW	true
semantic-candidate:c9ebb53009a6cf0d8e8850c0	semantic-relation:82ad880352c9694e80e64f18	INSTANCE_OR_SPECIFIC_FORM_OF	V2_CONTAINMENT_CANDIDATE_NOT_EQUIVALENCE	true
semantic-candidate:c9f11fc7de024e1c42b53cf7	semantic-relation:8927b3154078c9db3279c02e	COMPONENT_OF	COMPOUND_COMPONENT_PARSE_REQUIRES_REVIEW	true
semantic-candidate:c9fce2e13d9797f4c8956237	semantic-relation:928f935fa413b54b9a44f036	INSTANCE_OR_SPECIFIC_FORM_OF	V2_CONTAINMENT_CANDIDATE_NOT_EQUIVALENCE	true
semantic-candidate:c9fff25a204ab0156c4c914e	semantic-relation:c7e3cc138b5232fb268fd6ba	COMPONENT_OF	COMPOUND_COMPONENT_PARSE_REQUIRES_REVIEW	true
semantic-candidate:ca0c33633290274cd11cbd7d	semantic-relation:e3f7ee4f68389a5c470d5132	INSTANCE_OR_SPECIFIC_FORM_OF	V2_CONTAINMENT_CANDIDATE_NOT_EQUIVALENCE	true
semantic-candidate:ca1a06c954e76599ee59304d	semantic-relation:6914db589b329f2d3ce46788	COMPONENT_OF	COMPOUND_COMPONENT_PARSE_REQUIRES_REVIEW	true
semantic-candidate:ca463fcdbb5c617bcc2edd67	semantic-relation:1797fae1fc291df92f5a1cb6	COMPONENT_OF	COMPOUND_COMPONENT_PARSE_REQUIRES_REVIEW	true
semantic-candidate:ca5b5bd11044f6882d108106	semantic-relation:a482eda569a677503a42b806	MODIFIES	MODIFIER_PARSE_REQUIRES_REVIEW	true
semantic-candidate:ca6049bb08555d69d37225da	semantic-relation:ab9fcbd27c6d4ca1990ccbeb	INSTANCE_OR_SPECIFIC_FORM_OF	V2_CONTAINMENT_CANDIDATE_NOT_EQUIVALENCE	true
semantic-candidate:ca617f4d39876bedec4d963e	semantic-relation:f1a59e94243c9e4ae5cbdb35	INSTANCE_OR_SPECIFIC_FORM_OF	V2_CONTAINMENT_CANDIDATE_NOT_EQUIVALENCE	true
semantic-candidate:ca6a1978ef66927467ab476a	semantic-relation:2c064e464e06c6531b1cab40	INSTANCE_OR_SPECIFIC_FORM_OF	V2_CONTAINMENT_CANDIDATE_NOT_EQUIVALENCE	true
semantic-candidate:ca7374437a1c060cc309e797	semantic-relation:1308f5ac7567cd4710e19563	INSTANCE_OR_SPECIFIC_FORM_OF	V2_CONTAINMENT_CANDIDATE_NOT_EQUIVALENCE	true
semantic-candidate:ca7c36b771aed93b0b2b63f1	semantic-relation:e5c002e84ea567138a734e41	COMPONENT_OF	COMPOUND_COMPONENT_PARSE_REQUIRES_REVIEW	true
semantic-candidate:ca83f13df2faab9584236990	semantic-relation:f2b5bb32bc6d3c36194974c8	COMPONENT_OF	COMPOUND_COMPONENT_PARSE_REQUIRES_REVIEW	true
semantic-candidate:ca8c0f3e6235c76081c051bd	semantic-relation:be5e0daee66f61d81e9a92ca	COMPONENT_OF	COMPOUND_COMPONENT_PARSE_REQUIRES_REVIEW	true
semantic-candidate:ca94a3321ddaa6ded3d0579a	semantic-relation:041de40d55283548d4548618	INSTANCE_OR_SPECIFIC_FORM_OF	V2_CONTAINMENT_CANDIDATE_NOT_EQUIVALENCE	true
semantic-candidate:ca991c08791afc861d4cb33d	semantic-relation:56811627aa58e027227fb1a1	COMPONENT_OF	COMPOUND_COMPONENT_PARSE_REQUIRES_REVIEW	true
semantic-candidate:cab060a886f45061812f35b9	semantic-relation:76e8f8b6fd4b900d625fb017	INSTANCE_OR_SPECIFIC_FORM_OF	V2_CONTAINMENT_CANDIDATE_NOT_EQUIVALENCE	true
semantic-candidate:cabccd712f4a333e660cf04f	semantic-relation:bcbb7bfeae9fe99d1f825e9b	INSTANCE_OR_SPECIFIC_FORM_OF	V2_CONTAINMENT_CANDIDATE_NOT_EQUIVALENCE	true
semantic-candidate:cad3abbd0c71ffd2bc31e62f	semantic-relation:713213e52613798aa1c43887	INSTANCE_OR_SPECIFIC_FORM_OF	V2_CONTAINMENT_CANDIDATE_NOT_EQUIVALENCE	true
semantic-candidate:cadfb2ef905f699229143cad	semantic-relation:399e18bfc22033596775c01a	INSTANCE_OR_SPECIFIC_FORM_OF	V2_CONTAINMENT_CANDIDATE_NOT_EQUIVALENCE	true
semantic-candidate:cb0beafd9758e70d7fb254d5	semantic-relation:790a59165353ce0ab770f320	MODIFIES	MODIFIER_PARSE_REQUIRES_REVIEW	true
semantic-candidate:cb1c37760e77f85fea6f58b8	semantic-relation:1ed726ff41fecbc98702cf95	MODIFIES	MODIFIER_PARSE_REQUIRES_REVIEW	true
semantic-candidate:cb26b840088c0b1e6b573348	semantic-relation:48c272e45f463142c3b51c03	INSTANCE_OR_SPECIFIC_FORM_OF	V2_CONTAINMENT_CANDIDATE_NOT_EQUIVALENCE	true
semantic-candidate:cb2d47117fb52507eec3b781	semantic-relation:229296bd1382680c161b49aa	INSTANCE_OR_SPECIFIC_FORM_OF	V2_CONTAINMENT_CANDIDATE_NOT_EQUIVALENCE	true
semantic-candidate:cb47c7ce61d6470b890d2802	semantic-relation:2dff52105d9ee58e86171cbb	INSTANCE_OR_SPECIFIC_FORM_OF	V2_CONTAINMENT_CANDIDATE_NOT_EQUIVALENCE	true
semantic-candidate:cb5f2fcd344e5e5cf2be0057	semantic-relation:bdbc468b2a6a81b3285b24f4	COMPONENT_OF	COMPOUND_COMPONENT_PARSE_REQUIRES_REVIEW	true
semantic-candidate:cb6ca8e8c88ae210676cfede	semantic-relation:6783bd05b8802c8f16b0e89f	INSTANCE_OR_SPECIFIC_FORM_OF	V2_CONTAINMENT_CANDIDATE_NOT_EQUIVALENCE	true
semantic-candidate:cb86c358c15ae016933ad451	semantic-relation:bc872b526d49447079b59bee	INSTANCE_OR_SPECIFIC_FORM_OF	V2_CONTAINMENT_CANDIDATE_NOT_EQUIVALENCE	true
semantic-candidate:cb873c8b1d7c7f0f07fd3664	semantic-relation:ec07db8bbfe0f7e828550780	COMPONENT_OF	COMPOUND_COMPONENT_PARSE_REQUIRES_REVIEW	true
semantic-candidate:cb87655c496b1c7c4daed1a4	semantic-relation:0c35110f0a524e9a43fe8f95	COMPONENT_OF	COMPOUND_COMPONENT_PARSE_REQUIRES_REVIEW	true
semantic-candidate:cba1cd8ec65fff45d77f8a39	semantic-relation:176d8bd9794c9e4992ca043f	COMPONENT_OF	COMPOUND_COMPONENT_PARSE_REQUIRES_REVIEW	true
semantic-candidate:cba371e53a1314bbaecd1a8f	semantic-relation:797ea33d1180109e2d893dbc	INSTANCE_OR_SPECIFIC_FORM_OF	V2_CONTAINMENT_CANDIDATE_NOT_EQUIVALENCE	true
semantic-candidate:cbaa54356e83686997c5235b	semantic-relation:30d45e30d7245151f0cd9c5f	COMPONENT_OF	COMPOUND_COMPONENT_PARSE_REQUIRES_REVIEW	true
semantic-candidate:cbad7a0458817b07ef2d2235	semantic-relation:4c5521541b5885eac930310b	COMPONENT_OF	COMPOUND_COMPONENT_PARSE_REQUIRES_REVIEW	true
semantic-candidate:cbb0e5c3c660bc70ac079ade	semantic-relation:50d46a759b5effbd3e762f42	MODIFIES	MODIFIER_PARSE_REQUIRES_REVIEW	true
semantic-candidate:cbc669e7db8a71f3bda81eba	semantic-relation:06a7940c5ceb4c1042419288	COMPONENT_OF	COMPOUND_COMPONENT_PARSE_REQUIRES_REVIEW	true
semantic-candidate:cbc8280b66d170d11a6c9c0c	semantic-relation:61cf16d5bfc9f8d0c0748af2	INSTANCE_OR_SPECIFIC_FORM_OF	V2_CONTAINMENT_CANDIDATE_NOT_EQUIVALENCE	true
semantic-candidate:cbe763f04a80fc5dddf2bba4	semantic-relation:db339c7e287c6387c34b2337	COMPONENT_OF	COMPOUND_COMPONENT_PARSE_REQUIRES_REVIEW	true
semantic-candidate:cbf2eed1c2be138d60f369c3	semantic-relation:91c080578b219844f2bddd55	COMPONENT_OF	COMPOUND_COMPONENT_PARSE_REQUIRES_REVIEW	true
semantic-candidate:cc12e9cada0f1c74cc0135dc	semantic-relation:09ed1a4d9f0dcd93f1a5c661	COMPONENT_OF	COMPOUND_COMPONENT_PARSE_REQUIRES_REVIEW	true
semantic-candidate:cc150fe37581039fbaea6054	semantic-relation:a1d18aeeb1022a94985ec15f	COMPONENT_OF	COMPOUND_COMPONENT_PARSE_REQUIRES_REVIEW	true
semantic-candidate:cc291e81165751508da24c50	semantic-relation:89403a35a0d44622aabbf3b6	INSTANCE_OR_SPECIFIC_FORM_OF	V2_CONTAINMENT_CANDIDATE_NOT_EQUIVALENCE	true
semantic-candidate:cc375fcbc9a00abe01f3baae	semantic-relation:aed4ebeda41fc1560768a4bd	INSTANCE_OR_SPECIFIC_FORM_OF	V2_CONTAINMENT_CANDIDATE_NOT_EQUIVALENCE	true
semantic-candidate:cc38157f4e33791e0d5ebb2f	semantic-relation:9697e48e2455e2cc0fef1392	MODIFIES	MODIFIER_PARSE_REQUIRES_REVIEW	true
semantic-candidate:cc3bfc13e95ec57c7d185d2f	semantic-relation:687b2d8150e23f13a6c53ebe	COMPONENT_OF	COMPOUND_COMPONENT_PARSE_REQUIRES_REVIEW	true
semantic-candidate:cc42839951514e9c7a2b450e	semantic-relation:e35324c32be4ce3d8eae954f	INSTANCE_OR_SPECIFIC_FORM_OF	V2_CONTAINMENT_CANDIDATE_NOT_EQUIVALENCE	true
semantic-candidate:cc5165ee836073fe798011f0	semantic-relation:f8e24524af1d27baeb60b435	COMPONENT_OF	COMPOUND_COMPONENT_PARSE_REQUIRES_REVIEW	true
semantic-candidate:cc5fecd30161da782c343059	semantic-relation:adcace31ae5dfe0befd8d2a0	INSTANCE_OR_SPECIFIC_FORM_OF	V2_CONTAINMENT_CANDIDATE_NOT_EQUIVALENCE	true
semantic-candidate:cc64bd2c7debce3e1244c61a	semantic-relation:0047f62041d8e440646c583b	COMPONENT_OF	COMPOUND_COMPONENT_PARSE_REQUIRES_REVIEW	true
semantic-candidate:cc7139093b1da273fb19cb8d	semantic-relation:e7217c12be6bd341e941c932	INSTANCE_OR_SPECIFIC_FORM_OF	V2_CONTAINMENT_CANDIDATE_NOT_EQUIVALENCE	true
semantic-candidate:cc72e91c8589cbea3ba8b7b5	semantic-relation:00d1c9259729d7cf65399cc4	COMPONENT_OF	COMPOUND_COMPONENT_PARSE_REQUIRES_REVIEW	true
semantic-candidate:cc8434db64cc2e4d8b66ab79	semantic-relation:24157410cf49780b90ca62ff	COMPONENT_OF	COMPOUND_COMPONENT_PARSE_REQUIRES_REVIEW	true
semantic-candidate:cca410be425de69ebdc5b4f5	semantic-relation:58f083cad399fb1a46398406	INSTANCE_OR_SPECIFIC_FORM_OF	V2_CONTAINMENT_CANDIDATE_NOT_EQUIVALENCE	true
semantic-candidate:ccbadf433385b23682a970dc	semantic-relation:b5cea6cc5e6d0be01928d71a	COMPONENT_OF	COMPOUND_COMPONENT_PARSE_REQUIRES_REVIEW	true
semantic-candidate:ccc423205238db4aded11379	semantic-relation:cb83bd79b0c96e150c27f893	COMPONENT_OF	COMPOUND_COMPONENT_PARSE_REQUIRES_REVIEW	true
semantic-candidate:ccc8add94af0b51a7d6ef3c7	semantic-relation:942e8ba05ba6f3b627261855	COMPONENT_OF	COMPOUND_COMPONENT_PARSE_REQUIRES_REVIEW	true
semantic-candidate:ccd6057a8ee6cf8b78770976	semantic-relation:ea96e102b92d06bcfd0db25d	COMPONENT_OF	COMPOUND_COMPONENT_PARSE_REQUIRES_REVIEW	true
semantic-candidate:cce10f77840aba7b67cdafb1	semantic-relation:fa642de8c81598065b200c85	INSTANCE_OR_SPECIFIC_FORM_OF	V2_CONTAINMENT_CANDIDATE_NOT_EQUIVALENCE	true
semantic-candidate:cceb037c9fefa1518059785a	semantic-relation:38e9826bdd04f8df92dedc57	INSTANCE_OR_SPECIFIC_FORM_OF	V2_CONTAINMENT_CANDIDATE_NOT_EQUIVALENCE	true
semantic-candidate:ccec23b02e049015ff218a43	semantic-relation:3c9dcebb1eae61745d8331e6	COMPONENT_OF	COMPOUND_COMPONENT_PARSE_REQUIRES_REVIEW	true
semantic-candidate:ccf147b7459478e004807e35	semantic-relation:25d3abf13c1b94ac4fc556cd	MODIFIES	MODIFIER_PARSE_REQUIRES_REVIEW	true
semantic-candidate:cd0a5a24d7fab1b6cb8c8e6a	semantic-relation:3cacd52a21e131cffc1c7d5e	INSTANCE_OR_SPECIFIC_FORM_OF	V2_CONTAINMENT_CANDIDATE_NOT_EQUIVALENCE	true
semantic-candidate:cd0ea751160d9837202e370c	semantic-relation:3d0d812c14d84d8866477f04	COMPONENT_OF	COMPOUND_COMPONENT_PARSE_REQUIRES_REVIEW	true
semantic-candidate:cd153634eabb04446933a646	semantic-relation:e0bb0fafe3271fd844c7701f	COMPONENT_OF	COMPOUND_COMPONENT_PARSE_REQUIRES_REVIEW	true
semantic-candidate:cd163590462fc4f3bc8894ba	semantic-relation:f7e923f8636b484a2464b9f3	INSTANCE_OR_SPECIFIC_FORM_OF	V2_CONTAINMENT_CANDIDATE_NOT_EQUIVALENCE	true
semantic-candidate:cd32153c30b12a6f581d9278	semantic-relation:247323e21b58596e163fec80	INSTANCE_OR_SPECIFIC_FORM_OF	V2_CONTAINMENT_CANDIDATE_NOT_EQUIVALENCE	true
semantic-candidate:cd459699d12d759b8ec0a5e1	semantic-relation:2b74f352a74c75a03ec902f7	INSTANCE_OR_SPECIFIC_FORM_OF	V2_CONTAINMENT_CANDIDATE_NOT_EQUIVALENCE	true
semantic-candidate:cd7324453677cd6ec60c8b7c	semantic-relation:1520f8d573412046aa43ccae	COMPONENT_OF	COMPOUND_COMPONENT_PARSE_REQUIRES_REVIEW	true
semantic-candidate:cd74d9dedf0ffd75a79605a8	semantic-relation:a758d93888dd192f0f959048	COMPONENT_OF	COMPOUND_COMPONENT_PARSE_REQUIRES_REVIEW	true
semantic-candidate:cd9357c732795100770e557b	semantic-relation:b65078509a2894eb145d2ec0	MODIFIES	MODIFIER_PARSE_REQUIRES_REVIEW	true
semantic-candidate:cd96ecefdf986a5999e90b84	semantic-relation:b38410a2160d2263d5fe2161	INSTANCE_OR_SPECIFIC_FORM_OF	V2_CONTAINMENT_CANDIDATE_NOT_EQUIVALENCE	true
semantic-candidate:cdaafd98aa45f9d5ad2d2f54	semantic-relation:2c57a63868cdc30eeb66b6da	COMPONENT_OF	COMPOUND_COMPONENT_PARSE_REQUIRES_REVIEW	true
semantic-candidate:cdb3d0f38d5c92bee3062b40	semantic-relation:f2fdeccd15dcbe12d4318d70	INSTANCE_OR_SPECIFIC_FORM_OF	V2_CONTAINMENT_CANDIDATE_NOT_EQUIVALENCE	true
semantic-candidate:cdb4ca1fc3687df7cfb0abd4	semantic-relation:af3d900e55eba5c448397ecd	COMPONENT_OF	COMPOUND_COMPONENT_PARSE_REQUIRES_REVIEW	true
semantic-candidate:cdb99dd1e1dbd53ad68092f2	semantic-relation:4f146b74a214961397c33dda	COMPONENT_OF	COMPOUND_COMPONENT_PARSE_REQUIRES_REVIEW	true
semantic-candidate:cdb9ec32446f63fe577e1429	semantic-relation:60f0f355a0c9b71209859964	MODIFIES	MODIFIER_PARSE_REQUIRES_REVIEW	true
semantic-candidate:cdbd6c65c47e778f8a857a11	semantic-relation:f15f680a3ed498b9edfa80cb	COMPONENT_OF	COMPOUND_COMPONENT_PARSE_REQUIRES_REVIEW	true
semantic-candidate:cdc1887fd3368fc8dfa7f5c7	semantic-relation:de84c30debbd8994baa855f7	COMPONENT_OF	COMPOUND_COMPONENT_PARSE_REQUIRES_REVIEW	true
semantic-candidate:cdcde8f58e17133489a29733	semantic-relation:9f11e69b0662ccc320a9fb87	INSTANCE_OR_SPECIFIC_FORM_OF	V2_CONTAINMENT_CANDIDATE_NOT_EQUIVALENCE	true
semantic-candidate:cdf37e538ebe0980897e2217	semantic-relation:80de591d5afa5073f37eb436	INSTANCE_OR_SPECIFIC_FORM_OF	V2_CONTAINMENT_CANDIDATE_NOT_EQUIVALENCE	true
semantic-candidate:cdf40d43d2894747932958d1	semantic-relation:06a5b24579c7ab7dfc798ee2	COMPONENT_OF	COMPOUND_COMPONENT_PARSE_REQUIRES_REVIEW	true
semantic-candidate:cdf717acecec3a1c55302783	semantic-relation:dae32ddce7131c40187536e0	INSTANCE_OR_SPECIFIC_FORM_OF	V2_CONTAINMENT_CANDIDATE_NOT_EQUIVALENCE	true
semantic-candidate:cdfca3328811d6ad29b132c6	semantic-relation:daa5a9ed5f80751c56a6f5fb	INSTANCE_OR_SPECIFIC_FORM_OF	V2_CONTAINMENT_CANDIDATE_NOT_EQUIVALENCE	true
semantic-candidate:ce063fc7bd2b34a912b436d8	semantic-relation:8d3ef545ad58698e01dd8587	INSTANCE_OR_SPECIFIC_FORM_OF	V2_CONTAINMENT_CANDIDATE_NOT_EQUIVALENCE	true
semantic-candidate:ce0cce49a3a64fe0a09278e9	semantic-relation:332b82396a62ca475d5100af	MODIFIES	MODIFIER_PARSE_REQUIRES_REVIEW	true
semantic-candidate:ce0cf21e619dd6845dff87cc	semantic-relation:a01705ae16be9834b28ebdf2	COMPONENT_OF	COMPOUND_COMPONENT_PARSE_REQUIRES_REVIEW	true
semantic-candidate:ce0e17f4543c873cefb4cf0b	semantic-relation:2087f4237e5ef9335308aa9b	COMPONENT_OF	COMPOUND_COMPONENT_PARSE_REQUIRES_REVIEW	true
semantic-candidate:ce0f9eeba4f8712589aa75ca	semantic-relation:7b90fd8bbf1f923ce8df731a	INSTANCE_OR_SPECIFIC_FORM_OF	V2_CONTAINMENT_CANDIDATE_NOT_EQUIVALENCE	true
semantic-candidate:ce154ec7024e7b24e658d03f	semantic-relation:ee75d53e8c48611d8c959bb0	INSTANCE_OR_SPECIFIC_FORM_OF	V2_CONTAINMENT_CANDIDATE_NOT_EQUIVALENCE	true
semantic-candidate:ce1c1567966daae1aec8e50c	semantic-relation:73a7f4db59e5ebf68a0f71c7	MODIFIES	MODIFIER_PARSE_REQUIRES_REVIEW	true
semantic-candidate:ce1eccc5af32705f6e3f1b43	semantic-relation:6db471997a425f583f86ba39	INSTANCE_OR_SPECIFIC_FORM_OF	V2_CONTAINMENT_CANDIDATE_NOT_EQUIVALENCE	true
semantic-candidate:ce263eb5b42e6c104c535484	semantic-relation:e0856073302fa505e18f4434	INSTANCE_OR_SPECIFIC_FORM_OF	V2_CONTAINMENT_CANDIDATE_NOT_EQUIVALENCE	true
semantic-candidate:ce286539cf4e26d3dd7f7c22	semantic-relation:80a313995053147d23f5dfd2	INSTANCE_OR_SPECIFIC_FORM_OF	V2_CONTAINMENT_CANDIDATE_NOT_EQUIVALENCE	true
semantic-candidate:ce4b254d740175dcd9733bf7	semantic-relation:7c3b5a700caa45245433ced2	INSTANCE_OR_SPECIFIC_FORM_OF	V2_CONTAINMENT_CANDIDATE_NOT_EQUIVALENCE	true
semantic-candidate:ce4bd44ca41aac024e320c70	semantic-relation:b685f37fedf6b97c22d9142c	INSTANCE_OR_SPECIFIC_FORM_OF	V2_CONTAINMENT_CANDIDATE_NOT_EQUIVALENCE	true
semantic-candidate:ce4ec8514c9388e59281be9b	semantic-relation:4248f128e5775ff3481f9a5f	INSTANCE_OR_SPECIFIC_FORM_OF	V2_CONTAINMENT_CANDIDATE_NOT_EQUIVALENCE	true
semantic-candidate:ce6cf51fa0b8a2bb784cc721	semantic-relation:e45f1af97e30bca76a8ecf0b	INSTANCE_OR_SPECIFIC_FORM_OF	V2_CONTAINMENT_CANDIDATE_NOT_EQUIVALENCE	true
semantic-candidate:ce7d804e699c10dac440d55d	semantic-relation:9607e14fe5bb5cd4ec24035a	COMPONENT_OF	COMPOUND_COMPONENT_PARSE_REQUIRES_REVIEW	true
semantic-candidate:ce9283fd7c6ddefefc91c921	semantic-relation:cbd735d8eb8358cce79e7fac	COMPONENT_OF	COMPOUND_COMPONENT_PARSE_REQUIRES_REVIEW	true
semantic-candidate:ce941e6aeeb45f25607671b4	semantic-relation:6b319dd8d51a3b65fa9d2ec3	COMPONENT_OF	COMPOUND_COMPONENT_PARSE_REQUIRES_REVIEW	true
semantic-candidate:ceb47a2a6052eec268b41c69	semantic-relation:e56f1a45666e567e5cf4818a	INSTANCE_OR_SPECIFIC_FORM_OF	V2_CONTAINMENT_CANDIDATE_NOT_EQUIVALENCE	true
semantic-candidate:cebea53e6e261bf03f2ada40	semantic-relation:11c9ee61e7a3228b724cf027	COMPONENT_OF	COMPOUND_COMPONENT_PARSE_REQUIRES_REVIEW	true
semantic-candidate:cec1699f7bbd1346ad36fcc8	semantic-relation:ab10b7abd2b73fd21f308484	INSTANCE_OR_SPECIFIC_FORM_OF	V2_CONTAINMENT_CANDIDATE_NOT_EQUIVALENCE	true
semantic-candidate:cefd3e6e6268581f4d942216	semantic-relation:5f077c16310e063821849c35	COMPONENT_OF	COMPOUND_COMPONENT_PARSE_REQUIRES_REVIEW	true
semantic-candidate:cf00d9f5ae055d0ec16f5f94	semantic-relation:756009a2d7605b118337af4f	INSTANCE_OR_SPECIFIC_FORM_OF	V2_CONTAINMENT_CANDIDATE_NOT_EQUIVALENCE	true
semantic-candidate:cf17694cffca7049bde7f038	semantic-relation:4074ae413ab57a7812701d12	INSTANCE_OR_SPECIFIC_FORM_OF	V2_CONTAINMENT_CANDIDATE_NOT_EQUIVALENCE	true
semantic-candidate:cf1ae67f8447696dedeacf92	semantic-relation:cc00a72c8b2a8eaed52ac7b5	INSTANCE_OR_SPECIFIC_FORM_OF	V2_CONTAINMENT_CANDIDATE_NOT_EQUIVALENCE	true
semantic-candidate:cf29171abd46d027ee913719	semantic-relation:663717ae8e60d56f45f0b859	COMPONENT_OF	COMPOUND_COMPONENT_PARSE_REQUIRES_REVIEW	true
semantic-candidate:cf2a25e24ff2df212b442d06	semantic-relation:6874b7552368e4bb4b347580	COMPONENT_OF	COMPOUND_COMPONENT_PARSE_REQUIRES_REVIEW	true
semantic-candidate:cf2fd0d3dcd90c62b2e3ebc2	semantic-relation:15b95f4208338b03b7d46567	MODIFIES	MODIFIER_PARSE_REQUIRES_REVIEW	true
semantic-candidate:cf5235d52c0e3f6801b7d9af	semantic-relation:6e6f075e7d7eb8a56bfd0a93	COMPONENT_OF	COMPOUND_COMPONENT_PARSE_REQUIRES_REVIEW	true
semantic-candidate:cf6aab0b8be9fdcc89d97c3a	semantic-relation:5cca050aec5b788e165f1a7b	COMPONENT_OF	COMPOUND_COMPONENT_PARSE_REQUIRES_REVIEW	true
semantic-candidate:cf76e46267f84571dc40a58e	semantic-relation:1ba2946d333b8ceab44ad5a7	INSTANCE_OR_SPECIFIC_FORM_OF	V2_CONTAINMENT_CANDIDATE_NOT_EQUIVALENCE	true
semantic-candidate:cf78bc28176f0ef95bc44e79	semantic-relation:60fde34da58f2634e06315fb	INSTANCE_OR_SPECIFIC_FORM_OF	V2_CONTAINMENT_CANDIDATE_NOT_EQUIVALENCE	true
semantic-candidate:cf7987321dcf8b771108beee	semantic-relation:eb9d67db73347d53c24d3d69	INSTANCE_OR_SPECIFIC_FORM_OF	V2_CONTAINMENT_CANDIDATE_NOT_EQUIVALENCE	true
semantic-candidate:cf8312bb8f12855e7e129dfa	semantic-relation:a3a6a5d732e9e0191ee2dee7	INSTANCE_OR_SPECIFIC_FORM_OF	V2_CONTAINMENT_CANDIDATE_NOT_EQUIVALENCE	true
semantic-candidate:cf894dee034e7c6ef1fbf905	semantic-relation:edd705203734722e37141338	COMPONENT_OF	COMPOUND_COMPONENT_PARSE_REQUIRES_REVIEW	true
semantic-candidate:cf973ead90fec8e530dd9bc2	semantic-relation:9d05c06f2500e45c2aa04eff	INSTANCE_OR_SPECIFIC_FORM_OF	V2_CONTAINMENT_CANDIDATE_NOT_EQUIVALENCE	true
semantic-candidate:cf9d5970479425c2326841d4	semantic-relation:bf5186f8df9d64d54c1aa01b	COMPONENT_OF	COMPOUND_COMPONENT_PARSE_REQUIRES_REVIEW	true
semantic-candidate:cfa925f873da2e817ea8227e	semantic-relation:54ad8ecbf8f701b3f96a253b	COMPONENT_OF	COMPOUND_COMPONENT_PARSE_REQUIRES_REVIEW	true
semantic-candidate:cfd2571b73272b6a86d82d40	semantic-relation:83831414baca80b0f1a644b0	INSTANCE_OR_SPECIFIC_FORM_OF	V2_CONTAINMENT_CANDIDATE_NOT_EQUIVALENCE	true
semantic-candidate:cfe84d45e9ad2e46a301e617	semantic-relation:8bc397de345f7b428b2d0a69	INSTANCE_OR_SPECIFIC_FORM_OF	V2_CONTAINMENT_CANDIDATE_NOT_EQUIVALENCE	true
semantic-candidate:cffc26fe224b384a918cbdf7	semantic-relation:848ed1e6ea0ccefe9b05d693	INSTANCE_OR_SPECIFIC_FORM_OF	V2_CONTAINMENT_CANDIDATE_NOT_EQUIVALENCE	true
semantic-candidate:d002eb6bffa8f24d2cb11f54	semantic-relation:404eac281956028f2f4461cb	COMPONENT_OF	COMPOUND_COMPONENT_PARSE_REQUIRES_REVIEW	true
semantic-candidate:d00977783f2c7707dad7e29b	semantic-relation:b8089a098d914a7212df01ab	INSTANCE_OR_SPECIFIC_FORM_OF	V2_CONTAINMENT_CANDIDATE_NOT_EQUIVALENCE	true
semantic-candidate:d00ad35623dd402b92053026	semantic-relation:2ccb853b596474c4dc5259cd	INSTANCE_OR_SPECIFIC_FORM_OF	V2_CONTAINMENT_CANDIDATE_NOT_EQUIVALENCE	true
semantic-candidate:d010eb28ef75914ff79f693b	semantic-relation:9cb0395f757227bea3b31a0e	MODIFIES	MODIFIER_PARSE_REQUIRES_REVIEW	true
semantic-candidate:d01b180cf509e64fea816841	semantic-relation:403be893547983822a2ca37e	COMPONENT_OF	COMPOUND_COMPONENT_PARSE_REQUIRES_REVIEW	true
semantic-candidate:d01fa22aa6bdca72c69c1f9a	semantic-relation:0c9a7b839566e28b5921c323	INSTANCE_OR_SPECIFIC_FORM_OF	V2_CONTAINMENT_CANDIDATE_NOT_EQUIVALENCE	true
semantic-candidate:d03c5677c60b0e9b72c9e621	semantic-relation:a29225668173b567289206ef	MODIFIES	MODIFIER_PARSE_REQUIRES_REVIEW	true
semantic-candidate:d03e2a52db483e6d1160706a	semantic-relation:312d3a91f06e9de93420e7bb	COMPONENT_OF	COMPOUND_COMPONENT_PARSE_REQUIRES_REVIEW	true
semantic-candidate:d0482dba2535eb53e13f196a	semantic-relation:c3815184170a34d409b99434	INSTANCE_OR_SPECIFIC_FORM_OF	V2_CONTAINMENT_CANDIDATE_NOT_EQUIVALENCE	true
semantic-candidate:d057598f55803f40e34bd062	semantic-relation:3cf21319dc43969d8f1ae1ee	COMPONENT_OF	COMPOUND_COMPONENT_PARSE_REQUIRES_REVIEW	true
semantic-candidate:d069e0c6a3eba407c20ebdfb	semantic-relation:9a57f5fc3ac5fb10f2e09991	MODIFIES	MODIFIER_PARSE_REQUIRES_REVIEW	true
semantic-candidate:d06e35646d26c56d1fec6615	semantic-relation:520803f6b70ac49ccaa9e480	INSTANCE_OR_SPECIFIC_FORM_OF	V2_CONTAINMENT_CANDIDATE_NOT_EQUIVALENCE	true
semantic-candidate:d07fd273a23d2722bc9a903e	semantic-relation:22f4d2518daa4fd405f74262	COMPONENT_OF	COMPOUND_COMPONENT_PARSE_REQUIRES_REVIEW	true
semantic-candidate:d0a485e6297dc6c8f214452e	semantic-relation:ac525b2d6c26d92c4c93a8d5	MODIFIES	MODIFIER_PARSE_REQUIRES_REVIEW	true
semantic-candidate:d0a89dd6bb70d81077f2c069	semantic-relation:a4d4c20cfb8a35fbe60addd6	INSTANCE_OR_SPECIFIC_FORM_OF	V2_CONTAINMENT_CANDIDATE_NOT_EQUIVALENCE	true
semantic-candidate:d0d0e1499babf677f5cfff63	semantic-relation:fc669bddd216a35cb4f86b89	COMPONENT_OF	COMPOUND_COMPONENT_PARSE_REQUIRES_REVIEW	true
semantic-candidate:d0dd1091df95474f922a8221	semantic-relation:478afad5010ab82cc11980b8	COMPONENT_OF	COMPOUND_COMPONENT_PARSE_REQUIRES_REVIEW	true
semantic-candidate:d0dd8820623642ad8677bdfc	semantic-relation:725cac91a55f098b5e6289cd	INSTANCE_OR_SPECIFIC_FORM_OF	V2_CONTAINMENT_CANDIDATE_NOT_EQUIVALENCE	true
semantic-candidate:d0df9f3782f714580d22006b	semantic-relation:878a23126839326d1fb14156	INSTANCE_OR_SPECIFIC_FORM_OF	V2_CONTAINMENT_CANDIDATE_NOT_EQUIVALENCE	true
semantic-candidate:d0e32a2f68f9d42430306e6b	semantic-relation:7eb0bca972fa67eec2440e5f	INSTANCE_OR_SPECIFIC_FORM_OF	V2_CONTAINMENT_CANDIDATE_NOT_EQUIVALENCE	true
semantic-candidate:d0e8472be2ece84c922bc747	semantic-relation:a2351180fd34a34f0c5d464b	COMPONENT_OF	COMPOUND_COMPONENT_PARSE_REQUIRES_REVIEW	true
semantic-candidate:d0f1d6152fb0af1e4ac04527	semantic-relation:d3a14790ab0762b3d5268366	INSTANCE_OR_SPECIFIC_FORM_OF	V2_CONTAINMENT_CANDIDATE_NOT_EQUIVALENCE	true
semantic-candidate:d0f52415fd7d649f426642f2	semantic-relation:73191da1ef692b27dec46170	COMPONENT_OF	COMPOUND_COMPONENT_PARSE_REQUIRES_REVIEW	true
semantic-candidate:d0ffd2591f85d54babc10fd8	semantic-relation:39f1ca93c68020465a9c81fa	COMPONENT_OF	COMPOUND_COMPONENT_PARSE_REQUIRES_REVIEW	true
semantic-candidate:d10614b2ac3091eea2f5729c	semantic-relation:d2dc206268fbf1b95b2677b5	COMPONENT_OF	COMPOUND_COMPONENT_PARSE_REQUIRES_REVIEW	true
semantic-candidate:d10806a382c509e4e13aa1a9	semantic-relation:5433ee416574e8390072d847	INSTANCE_OR_SPECIFIC_FORM_OF	V2_CONTAINMENT_CANDIDATE_NOT_EQUIVALENCE	true
semantic-candidate:d10f30f2f60974440dac7c04	semantic-relation:8c9ef41bfc451c139f89b64d	INSTANCE_OR_SPECIFIC_FORM_OF	V2_CONTAINMENT_CANDIDATE_NOT_EQUIVALENCE	true
semantic-candidate:d11609ea4b5a2730577bea3d	semantic-relation:a9136bba22ca4521a01e111c	INSTANCE_OR_SPECIFIC_FORM_OF	V2_CONTAINMENT_CANDIDATE_NOT_EQUIVALENCE	true
semantic-candidate:d125ceb7390ccecfc624c950	semantic-relation:db1993f12827246a9b073537	MODIFIES	MODIFIER_PARSE_REQUIRES_REVIEW	true
semantic-candidate:d12e9595b59aff7767a596e7	semantic-relation:e47ec7ba49fb1580026e9b52	COMPONENT_OF	COMPOUND_COMPONENT_PARSE_REQUIRES_REVIEW	true
semantic-candidate:d130b5b2a1a930ec83578fe8	semantic-relation:78e991ad1c6d31caaf054c0d	COMPONENT_OF	COMPOUND_COMPONENT_PARSE_REQUIRES_REVIEW	true
semantic-candidate:d15d80c8cf627ef467e0f1f4	semantic-relation:28d818c7a4f4f17c10516665	COMPONENT_OF	COMPOUND_COMPONENT_PARSE_REQUIRES_REVIEW	true
semantic-candidate:d16ba3a12ca40ac7a94ac1bf	semantic-relation:35e0d7ec4a6f2b8dcdd96a05	INSTANCE_OR_SPECIFIC_FORM_OF	V2_CONTAINMENT_CANDIDATE_NOT_EQUIVALENCE	true
semantic-candidate:d17212c1cbe9ecbeb96c59f4	semantic-relation:ed06a70b682d980a7707a6c3	INSTANCE_OR_SPECIFIC_FORM_OF	V2_CONTAINMENT_CANDIDATE_NOT_EQUIVALENCE	true
semantic-candidate:d1808dae60b5f35bfe106396	semantic-relation:797a77cf841ff462e7cc52b8	COMPONENT_OF	COMPOUND_COMPONENT_PARSE_REQUIRES_REVIEW	true
semantic-candidate:d19cb69d126b2f12297f604f	semantic-relation:b2bba34a928d418b168ec221	INSTANCE_OR_SPECIFIC_FORM_OF	V2_CONTAINMENT_CANDIDATE_NOT_EQUIVALENCE	true
semantic-candidate:d1a162943bfd2ebf4b499292	semantic-relation:c5f147b40eaa23b8692b4858	COMPONENT_OF	COMPOUND_COMPONENT_PARSE_REQUIRES_REVIEW	true
semantic-candidate:d1abf09f1aa2fd76ebb40e9f	semantic-relation:709f1a2874df7ceeb1142d3f	INSTANCE_OR_SPECIFIC_FORM_OF	V2_CONTAINMENT_CANDIDATE_NOT_EQUIVALENCE	true
semantic-candidate:d1b937808f9515b46d2af5f9	semantic-relation:7a3c06d4ec5d7cad205265a0	COMPONENT_OF	COMPOUND_COMPONENT_PARSE_REQUIRES_REVIEW	true
semantic-candidate:d1dc55be1b792ef5b8a8e045	semantic-relation:6bc3a716ed896883d0136ea8	COMPONENT_OF	COMPOUND_COMPONENT_PARSE_REQUIRES_REVIEW	true
semantic-candidate:d1f0b2adb95a1b236ddc0e85	semantic-relation:0890e08edc58d59b5dca02fa	INSTANCE_OR_SPECIFIC_FORM_OF	V2_CONTAINMENT_CANDIDATE_NOT_EQUIVALENCE	true
semantic-candidate:d1f37682b4a29b3c6c311800	semantic-relation:b216d1c0936588f7c75ad040	COMPONENT_OF	COMPOUND_COMPONENT_PARSE_REQUIRES_REVIEW	true
semantic-candidate:d215dfdac8bee429f7fcdecf	semantic-relation:5ca0edd98f8bf2e1801d43f7	INSTANCE_OR_SPECIFIC_FORM_OF	V2_CONTAINMENT_CANDIDATE_NOT_EQUIVALENCE	true
semantic-candidate:d216e9879d0a8a8a6356f5f2	semantic-relation:cc12764ba77d80338b7cd2c5	COMPONENT_OF	COMPOUND_COMPONENT_PARSE_REQUIRES_REVIEW	true
semantic-candidate:d22bc686824fd8e9df24ac92	semantic-relation:fb538455a5dae6e106daf752	INSTANCE_OR_SPECIFIC_FORM_OF	V2_CONTAINMENT_CANDIDATE_NOT_EQUIVALENCE	true
semantic-candidate:d244e09bc0b5081cb131ec2e	semantic-relation:c5923c564ff651b94247f49a	COMPONENT_OF	COMPOUND_COMPONENT_PARSE_REQUIRES_REVIEW	true
semantic-candidate:d2544edbe0d68b9d762682d6	semantic-relation:214f4073c7b8fc560b4384ce	INSTANCE_OR_SPECIFIC_FORM_OF	V2_CONTAINMENT_CANDIDATE_NOT_EQUIVALENCE	true
semantic-candidate:d262892ad4ac271419689698	semantic-relation:fb710d9e567c3c894694c9f1	COMPONENT_OF	COMPOUND_COMPONENT_PARSE_REQUIRES_REVIEW	true
semantic-candidate:d26431b3ebcbb5c96dac1abb	semantic-relation:8610bc6f6e7b358aa2954821	INSTANCE_OR_SPECIFIC_FORM_OF	V2_CONTAINMENT_CANDIDATE_NOT_EQUIVALENCE	true
semantic-candidate:d27faec252888ed3b741aff4	semantic-relation:41c8492b831ee472ff7055fa	COMPONENT_OF	COMPOUND_COMPONENT_PARSE_REQUIRES_REVIEW	true
semantic-candidate:d280b3321b1fbe1706d0bd76	semantic-relation:c002b73141586739dcb2e795	COMPONENT_OF	COMPOUND_COMPONENT_PARSE_REQUIRES_REVIEW	true
semantic-candidate:d2a75ac0bf0e589765cda104	semantic-relation:d4192e5e3ab90790a97f245a	COMPONENT_OF	COMPOUND_COMPONENT_PARSE_REQUIRES_REVIEW	true
semantic-candidate:d2bbed4fbbbdf452a94cb16f	semantic-relation:34e0eb2f665d372698f8def5	COMPONENT_OF	COMPOUND_COMPONENT_PARSE_REQUIRES_REVIEW	true
semantic-candidate:d2c0ff256a4644ab37faacca	semantic-relation:b7e063443fed94fe112d7ef6	INSTANCE_OR_SPECIFIC_FORM_OF	V2_CONTAINMENT_CANDIDATE_NOT_EQUIVALENCE	true
semantic-candidate:d2c1509031815b76f30548d1	semantic-relation:ddce346ce72346ddd5010abb	COMPONENT_OF	COMPOUND_COMPONENT_PARSE_REQUIRES_REVIEW	true
semantic-candidate:d2caef9421d0607d1d4e806a	semantic-relation:e2125911848dba6dfd8fdc75	INSTANCE_OR_SPECIFIC_FORM_OF	V2_CONTAINMENT_CANDIDATE_NOT_EQUIVALENCE	true
semantic-candidate:d2cbeabdc2b552b7d675f46f	semantic-relation:92c2e7387de618a5e94a0723	COMPONENT_OF	COMPOUND_COMPONENT_PARSE_REQUIRES_REVIEW	true
semantic-candidate:d2d4a2b5f12c8378a9ac0ce7	semantic-relation:ada080289638c2062a4e413b	COMPONENT_OF	COMPOUND_COMPONENT_PARSE_REQUIRES_REVIEW	true
semantic-candidate:d2ddbec76ec9a444f7ef4f95	semantic-relation:1b72cfa86d530c3da07cbe66	INSTANCE_OR_SPECIFIC_FORM_OF	V2_CONTAINMENT_CANDIDATE_NOT_EQUIVALENCE	true
semantic-candidate:d2f58cd84125e60837cc68ad	semantic-relation:8c8fb4d15ec77b285641e6b4	INSTANCE_OR_SPECIFIC_FORM_OF	V2_CONTAINMENT_CANDIDATE_NOT_EQUIVALENCE	true
semantic-candidate:d307165d4410cc9e1baeba7c	semantic-relation:460e7a6017c717362a716cc2	INSTANCE_OR_SPECIFIC_FORM_OF	V2_CONTAINMENT_CANDIDATE_NOT_EQUIVALENCE	true
semantic-candidate:d30d148bc63abb57f678d7c0	semantic-relation:ba594372a1d99b58e917a865	INSTANCE_OR_SPECIFIC_FORM_OF	V2_CONTAINMENT_CANDIDATE_NOT_EQUIVALENCE	true
semantic-candidate:d30d7d375bb668a471bcb4c3	semantic-relation:a0f671f684e6ce0b80181e25	INSTANCE_OR_SPECIFIC_FORM_OF	V2_CONTAINMENT_CANDIDATE_NOT_EQUIVALENCE	true
semantic-candidate:d315a19886faa20b008fa901	semantic-relation:4f41d2044fd30f6a50077c6d	COMPONENT_OF	COMPOUND_COMPONENT_PARSE_REQUIRES_REVIEW	true
semantic-candidate:d339634b6445208483fd690d	semantic-relation:d76cbde90508a99394d5c739	COMPONENT_OF	COMPOUND_COMPONENT_PARSE_REQUIRES_REVIEW	true
semantic-candidate:d351dccf799edbc116988613	semantic-relation:ae1d3b60acff24a7663263f4	INSTANCE_OR_SPECIFIC_FORM_OF	V2_CONTAINMENT_CANDIDATE_NOT_EQUIVALENCE	true
semantic-candidate:d352e39fafd73e392861e4e3	semantic-relation:7298e8313902970c92e1e198	COMPONENT_OF	COMPOUND_COMPONENT_PARSE_REQUIRES_REVIEW	true
semantic-candidate:d35a43cd3fffdf9a81a2295b	semantic-relation:10f1bb51fe4ba612314e59ed	COMPONENT_OF	COMPOUND_COMPONENT_PARSE_REQUIRES_REVIEW	true
semantic-candidate:d36beac9b6082b24fbc4a134	semantic-relation:d10dbbe27780d643253b4b2a	COMPONENT_OF	COMPOUND_COMPONENT_PARSE_REQUIRES_REVIEW	true
semantic-candidate:d36eca766d8ac9905f3a7214	semantic-relation:257914b51d3f37eb7f68289b	MODIFIES	MODIFIER_PARSE_REQUIRES_REVIEW	true
semantic-candidate:d37ac6b3a8024ce18fe9b368	semantic-relation:dc0e1166c33522ac360be72b	COMPONENT_OF	COMPOUND_COMPONENT_PARSE_REQUIRES_REVIEW	true
semantic-candidate:d39ee70654b37ad86409392a	semantic-relation:4269101464917eaa203f3a4d	COMPONENT_OF	COMPOUND_COMPONENT_PARSE_REQUIRES_REVIEW	true
semantic-candidate:d3c10cb30ebbf52edf2fbea5	semantic-relation:258cd74259793d5eeb35a710	COMPONENT_OF	COMPOUND_COMPONENT_PARSE_REQUIRES_REVIEW	true
semantic-candidate:d3dde38cc72b181b1da141b5	semantic-relation:08ae0ce5b99d16e12ff9d211	COMPONENT_OF	COMPOUND_COMPONENT_PARSE_REQUIRES_REVIEW	true
semantic-candidate:d3e217ae426d21c9bec21234	semantic-relation:6d56395d02d46d79ff2ec3d5	COMPONENT_OF	COMPOUND_COMPONENT_PARSE_REQUIRES_REVIEW	true
semantic-candidate:d3e2ae6fb4aae8eea59a2738	semantic-relation:71850ac3e2ac20f8df78c38b	COMPONENT_OF	COMPOUND_COMPONENT_PARSE_REQUIRES_REVIEW	true
semantic-candidate:d400821d43a4317e2709a1b3	semantic-relation:d14f4c8d69ca5a4390bcf774	INSTANCE_OR_SPECIFIC_FORM_OF	V2_CONTAINMENT_CANDIDATE_NOT_EQUIVALENCE	true
semantic-candidate:d427ff2a44d719f099a352fa	semantic-relation:7a09de67b80adaf608fb9004	COMPONENT_OF	COMPOUND_COMPONENT_PARSE_REQUIRES_REVIEW	true
semantic-candidate:d443e48c19d3af02b107e355	semantic-relation:114958b17dd07b8b58d3393b	INSTANCE_OR_SPECIFIC_FORM_OF	V2_CONTAINMENT_CANDIDATE_NOT_EQUIVALENCE	true
semantic-candidate:d44fe3b75ba481860891493a	semantic-relation:a00c0c06be31b10ca2a17f8a	MODIFIES	MODIFIER_PARSE_REQUIRES_REVIEW	true
semantic-candidate:d455d2f9ad83fc7cb1a768c9	semantic-relation:d5eb534c6eaac5bb7da651c3	COMPONENT_OF	COMPOUND_COMPONENT_PARSE_REQUIRES_REVIEW	true
semantic-candidate:d45b8e93f7d4f6d03d2b8585	semantic-relation:4a1849ff5dbc9d2fbe2d96f2	INSTANCE_OR_SPECIFIC_FORM_OF	V2_CONTAINMENT_CANDIDATE_NOT_EQUIVALENCE	true
semantic-candidate:d47f90346346cea04f8d4da1	semantic-relation:18bc2fb061861b91c9f8e8cc	INSTANCE_OR_SPECIFIC_FORM_OF	V2_CONTAINMENT_CANDIDATE_NOT_EQUIVALENCE	true
semantic-candidate:d48192a481f044a9074c4570	semantic-relation:f6bbfb3cc5071f2e9fac84af	COMPONENT_OF	COMPOUND_COMPONENT_PARSE_REQUIRES_REVIEW	true
semantic-candidate:d488775f3a6c0a0b430d73f5	semantic-relation:224fe8d4afc435765fe0a4f5	INSTANCE_OR_SPECIFIC_FORM_OF	V2_CONTAINMENT_CANDIDATE_NOT_EQUIVALENCE	true
semantic-candidate:d4a142a71ae57d60726c1194	semantic-relation:60537ea1b1e31eb4c054b18b	COMPONENT_OF	COMPOUND_COMPONENT_PARSE_REQUIRES_REVIEW	true
semantic-candidate:d4a7a9a2786d03ec9a1c7328	semantic-relation:b99c4517094ea226d5a13e73	COMPONENT_OF	COMPOUND_COMPONENT_PARSE_REQUIRES_REVIEW	true
semantic-candidate:d4b78f19edbc71d21a460b0d	semantic-relation:e6d06b97ba6ae15296a675c3	INSTANCE_OR_SPECIFIC_FORM_OF	V2_CONTAINMENT_CANDIDATE_NOT_EQUIVALENCE	true
semantic-candidate:d4baa1c7ebbe9bafdaf0c670	semantic-relation:d192ccef0f89d663dd015116	COMPONENT_OF	COMPOUND_COMPONENT_PARSE_REQUIRES_REVIEW	true
semantic-candidate:d4bc47882da1c30230223f82	semantic-relation:c8a87303f78038ff554d8195	INSTANCE_OR_SPECIFIC_FORM_OF	V2_CONTAINMENT_CANDIDATE_NOT_EQUIVALENCE	true
semantic-candidate:d4d94cef41f996634bd6daec	semantic-relation:9de175edd4b1640f07f5804a	INSTANCE_OR_SPECIFIC_FORM_OF	V2_CONTAINMENT_CANDIDATE_NOT_EQUIVALENCE	true
semantic-candidate:d4dd64c5baec43c508d9ae53	semantic-relation:cd8e3520f8e7ea99a57ec831	COMPONENT_OF	COMPOUND_COMPONENT_PARSE_REQUIRES_REVIEW	true
semantic-candidate:d4e03b83204ab58ed1e6fd5a	semantic-relation:b23da624bbe0e895370065d6	INSTANCE_OR_SPECIFIC_FORM_OF	V2_CONTAINMENT_CANDIDATE_NOT_EQUIVALENCE	true
semantic-candidate:d4e28e77a3390c574ac2e383	semantic-relation:fe0a678e8c970b903be2fa42	MODIFIES	MODIFIER_PARSE_REQUIRES_REVIEW	true
semantic-candidate:d4e684f84016248ca847d1e9	semantic-relation:9a0cc530ea9fd34fe579eeb5	INSTANCE_OR_SPECIFIC_FORM_OF	V2_CONTAINMENT_CANDIDATE_NOT_EQUIVALENCE	true
semantic-candidate:d4fbd498f43b7a2419a3adde	semantic-relation:bc9d9019509d5c8dee406357	INSTANCE_OR_SPECIFIC_FORM_OF	V2_CONTAINMENT_CANDIDATE_NOT_EQUIVALENCE	true
semantic-candidate:d504e67410575952324f98cf	semantic-relation:6c4d7b5038be4fe560ec266b	COMPONENT_OF	COMPOUND_COMPONENT_PARSE_REQUIRES_REVIEW	true
semantic-candidate:d50c46007ddbaba0013a70f9	semantic-relation:9ac841d82d288d1763ceeb28	INSTANCE_OR_SPECIFIC_FORM_OF	V2_CONTAINMENT_CANDIDATE_NOT_EQUIVALENCE	true
semantic-candidate:d527c0f5b6c7709997016805	semantic-relation:b50ac6cc061e17eeef1eaf84	COMPONENT_OF	COMPOUND_COMPONENT_PARSE_REQUIRES_REVIEW	true
semantic-candidate:d5379630c8093d50a6a19319	semantic-relation:336ae83f867d9dd72bd3e64a	INSTANCE_OR_SPECIFIC_FORM_OF	V2_CONTAINMENT_CANDIDATE_NOT_EQUIVALENCE	true
semantic-candidate:d5396dd620d1d41ab7e35588	semantic-relation:43a47c443841e54fd83f4a7f	COMPONENT_OF	COMPOUND_COMPONENT_PARSE_REQUIRES_REVIEW	true
semantic-candidate:d53a4b92e1f18a466e34956a	semantic-relation:63d1955602d7ecb48132175b	COMPONENT_OF	COMPOUND_COMPONENT_PARSE_REQUIRES_REVIEW	true
semantic-candidate:d543025aef07937caa5fb10b	semantic-relation:ef78cb6634471b5d633d23d2	COMPONENT_OF	COMPOUND_COMPONENT_PARSE_REQUIRES_REVIEW	true
semantic-candidate:d54d91b406d21cbec37d55fb	semantic-relation:6f0d0aa580307076b89a51f7	INSTANCE_OR_SPECIFIC_FORM_OF	V2_CONTAINMENT_CANDIDATE_NOT_EQUIVALENCE	true
semantic-candidate:d552752f41a2114ef2bcb366	semantic-relation:1c78626c8e1a48e06be15080	COMPONENT_OF	COMPOUND_COMPONENT_PARSE_REQUIRES_REVIEW	true
semantic-candidate:d555dadb000f8aeb4bb26a16	semantic-relation:6e8d07917714e5b283cf6458	COMPONENT_OF	COMPOUND_COMPONENT_PARSE_REQUIRES_REVIEW	true
semantic-candidate:d55bfec65a897153cb0af01a	semantic-relation:d7c6e1a6ffd7b61f2344737f	MODIFIES	MODIFIER_PARSE_REQUIRES_REVIEW	true
semantic-candidate:d55de93ca82c735fea6d90fb	semantic-relation:d3117f808de97644bd41d611	INSTANCE_OR_SPECIFIC_FORM_OF	V2_CONTAINMENT_CANDIDATE_NOT_EQUIVALENCE	true
semantic-candidate:d56159b78850a094287e5e6d	semantic-relation:3becc4fb5ab1c0c349325db0	COMPONENT_OF	COMPOUND_COMPONENT_PARSE_REQUIRES_REVIEW	true
semantic-candidate:d562f10a97723c8e0b44007f	semantic-relation:b7b977485e07b61369d7bf8d	COMPONENT_OF	COMPOUND_COMPONENT_PARSE_REQUIRES_REVIEW	true
semantic-candidate:d570df5b1c491ca7c72d7e60	semantic-relation:a18da132d1519a7d6b19136a	INSTANCE_OR_SPECIFIC_FORM_OF	V2_CONTAINMENT_CANDIDATE_NOT_EQUIVALENCE	true
semantic-candidate:d57c74bffe07f5288a8631f3	semantic-relation:1cc1cdf598e7b7d376ac6837	MODIFIES	MODIFIER_PARSE_REQUIRES_REVIEW	true
semantic-candidate:d57ddbf0c1121c6b82d0dcf4	semantic-relation:8b25eb6e9813ab7eaf66cfcd	MODIFIES	MODIFIER_PARSE_REQUIRES_REVIEW	true
semantic-candidate:d586f23b23ee6b289024aef8	semantic-relation:85e68a7bc2dd07e05102df2a	COMPONENT_OF	COMPOUND_COMPONENT_PARSE_REQUIRES_REVIEW	true
semantic-candidate:d591ad605ae813f66f5a6a10	semantic-relation:049aa0939d8348eb059662f9	INSTANCE_OR_SPECIFIC_FORM_OF	V2_CONTAINMENT_CANDIDATE_NOT_EQUIVALENCE	true
semantic-candidate:d59afc92990b8c577df51871	semantic-relation:73671aab747ad1b9e54dbae5	INSTANCE_OR_SPECIFIC_FORM_OF	V2_CONTAINMENT_CANDIDATE_NOT_EQUIVALENCE	true
semantic-candidate:d5bf5a434ba6c21421c2f033	semantic-relation:417a22fb8ea643189df8c537	COMPONENT_OF	COMPOUND_COMPONENT_PARSE_REQUIRES_REVIEW	true
semantic-candidate:d5cca9b032341d706ce5edc6	semantic-relation:dd0420a37579554c5c9de48a	COMPONENT_OF	COMPOUND_COMPONENT_PARSE_REQUIRES_REVIEW	true
semantic-candidate:d5d66c6de67a0f77203c4d0e	semantic-relation:c7e92965d7cca725dfe4b580	COMPONENT_OF	COMPOUND_COMPONENT_PARSE_REQUIRES_REVIEW	true
semantic-candidate:d5d89e6a0bc397d37e91bbb4	semantic-relation:13118eb1c413bea6c394f92c	INSTANCE_OR_SPECIFIC_FORM_OF	V2_CONTAINMENT_CANDIDATE_NOT_EQUIVALENCE	true
semantic-candidate:d62558916608c27e03cf969c	semantic-relation:378c6cde44605ad03c6ec051	INSTANCE_OR_SPECIFIC_FORM_OF	V2_CONTAINMENT_CANDIDATE_NOT_EQUIVALENCE	true
semantic-candidate:d629f343d600def0a9f2a2f9	semantic-relation:6d868ae41209b06e711bce53	INSTANCE_OR_SPECIFIC_FORM_OF	V2_CONTAINMENT_CANDIDATE_NOT_EQUIVALENCE	true
semantic-candidate:d63607506752d79b124a0b05	semantic-relation:a20a8b6d9259b26dfaf56d75	MODIFIES	MODIFIER_PARSE_REQUIRES_REVIEW	true
semantic-candidate:d63fbd467d5e0a15f6418137	semantic-relation:adbe1300895bacd7006abec4	INSTANCE_OR_SPECIFIC_FORM_OF	V2_CONTAINMENT_CANDIDATE_NOT_EQUIVALENCE	true
semantic-candidate:d648b51c3b66af6b96ce5928	semantic-relation:44d9127f4c6ef6dc6631d44e	COMPONENT_OF	COMPOUND_COMPONENT_PARSE_REQUIRES_REVIEW	true
semantic-candidate:d6670b4223e440c394f991bc	semantic-relation:c29409230d561e5333c4fa1d	MODIFIES	MODIFIER_PARSE_REQUIRES_REVIEW	true
semantic-candidate:d69db27903f45bfac3137c31	semantic-relation:8f167108b57ac416be5e043c	INSTANCE_OR_SPECIFIC_FORM_OF	V2_CONTAINMENT_CANDIDATE_NOT_EQUIVALENCE	true
semantic-candidate:d6cba4157771d50283050e30	semantic-relation:e38c0437089b09cea6db444b	COMPONENT_OF	COMPOUND_COMPONENT_PARSE_REQUIRES_REVIEW	true
semantic-candidate:d6d820b39525922836e4928c	semantic-relation:252f79697074ef9d0e12dad4	COMPONENT_OF	COMPOUND_COMPONENT_PARSE_REQUIRES_REVIEW	true
semantic-candidate:d70014ae722b6bf238198b67	semantic-relation:f26ad688d2f11cece33a14e9	INSTANCE_OR_SPECIFIC_FORM_OF	V2_CONTAINMENT_CANDIDATE_NOT_EQUIVALENCE	true
semantic-candidate:d704ee46a935fe19a729c096	semantic-relation:d607eae521dfd6adbcf44696	INSTANCE_OR_SPECIFIC_FORM_OF	V2_CONTAINMENT_CANDIDATE_NOT_EQUIVALENCE	true
semantic-candidate:d710d6d1f493c37783e5fcff	semantic-relation:da8b845ee6625772124d5ea0	INSTANCE_OR_SPECIFIC_FORM_OF	V2_CONTAINMENT_CANDIDATE_NOT_EQUIVALENCE	true
semantic-candidate:d71b44233a227dd9f1863dbd	semantic-relation:833168c7c75cd07d495bb53e	COMPONENT_OF	COMPOUND_COMPONENT_PARSE_REQUIRES_REVIEW	true
semantic-candidate:d7404ebfa12faf961c5de9a9	semantic-relation:427fecc4974701d4519414b3	INSTANCE_OR_SPECIFIC_FORM_OF	V2_CONTAINMENT_CANDIDATE_NOT_EQUIVALENCE	true
semantic-candidate:d758be9bba083f45820eda8b	semantic-relation:276abdaccb8d3598e47dc90e	COMPONENT_OF	COMPOUND_COMPONENT_PARSE_REQUIRES_REVIEW	true
semantic-candidate:d75f034aeb5ede56a266fd6d	semantic-relation:814feb02ef91488e8368866c	COMPONENT_OF	COMPOUND_COMPONENT_PARSE_REQUIRES_REVIEW	true
semantic-candidate:d7657bdabe7f3108bd9a6a4a	semantic-relation:fcfac7b690d403e4c9da4339	INSTANCE_OR_SPECIFIC_FORM_OF	V2_CONTAINMENT_CANDIDATE_NOT_EQUIVALENCE	true
semantic-candidate:d76ebc79ce1d5b0996b948c9	semantic-relation:5b65b36e6b93d6721eaff9ed	MODIFIES	MODIFIER_PARSE_REQUIRES_REVIEW	true
semantic-candidate:d775acd87aab9aa1d79b9265	semantic-relation:964cc45fc99c2bd937e07236	INSTANCE_OR_SPECIFIC_FORM_OF	V2_CONTAINMENT_CANDIDATE_NOT_EQUIVALENCE	true
semantic-candidate:d7769e3210f798197be0318f	semantic-relation:f75389fd08967fb82b7caa33	COMPONENT_OF	COMPOUND_COMPONENT_PARSE_REQUIRES_REVIEW	true
semantic-candidate:d77a18865da602ee7baba895	semantic-relation:74ebf4bb67d8242c063da98c	INSTANCE_OR_SPECIFIC_FORM_OF	V2_CONTAINMENT_CANDIDATE_NOT_EQUIVALENCE	true
semantic-candidate:d77f3e70dfdf136adcd01888	semantic-relation:1c88868ef35074393f7f429d	INSTANCE_OR_SPECIFIC_FORM_OF	V2_CONTAINMENT_CANDIDATE_NOT_EQUIVALENCE	true
semantic-candidate:d7b519903fd03d49c0c2e20a	semantic-relation:93a4ebcfead767dc3ebd4123	INSTANCE_OR_SPECIFIC_FORM_OF	V2_CONTAINMENT_CANDIDATE_NOT_EQUIVALENCE	true
semantic-candidate:d7b73be3ed937a149d2b8a45	semantic-relation:45b40fad13baa4c167c43f91	COMPONENT_OF	COMPOUND_COMPONENT_PARSE_REQUIRES_REVIEW	true
semantic-candidate:d7b81daea6ac7ff7492ff1fe	semantic-relation:a916d37a9a2743628b28c62d	COMPONENT_OF	COMPOUND_COMPONENT_PARSE_REQUIRES_REVIEW	true
semantic-candidate:d7bfe34e2ff6f2992df2ea87	semantic-relation:ff15a23ef9dce5dbcda6c142	INSTANCE_OR_SPECIFIC_FORM_OF	V2_CONTAINMENT_CANDIDATE_NOT_EQUIVALENCE	true
semantic-candidate:d7dc7cb25282accd79bb8680	semantic-relation:d622a541c5bc57e517a44e34	INSTANCE_OR_SPECIFIC_FORM_OF	V2_CONTAINMENT_CANDIDATE_NOT_EQUIVALENCE	true
semantic-candidate:d7e58e8ec9b1bc6cb38ace9d	semantic-relation:f558a915bf065fa646e6b7a4	COMPONENT_OF	COMPOUND_COMPONENT_PARSE_REQUIRES_REVIEW	true
semantic-candidate:d7fb342132cbff4c2439550c	semantic-relation:be3cdd50083932eb7622f431	INSTANCE_OR_SPECIFIC_FORM_OF	V2_CONTAINMENT_CANDIDATE_NOT_EQUIVALENCE	true
semantic-candidate:d7fb8bccfa1dd9845a36af49	semantic-relation:38fe1194ac7dc0cc8c668fb9	INSTANCE_OR_SPECIFIC_FORM_OF	V2_CONTAINMENT_CANDIDATE_NOT_EQUIVALENCE	true
semantic-candidate:d7fba104ff20fd7939867c06	semantic-relation:05e9e6b63ca4202a75d7dff0	COMPONENT_OF	COMPOUND_COMPONENT_PARSE_REQUIRES_REVIEW	true
semantic-candidate:d7fce6a14912611352ae94cc	semantic-relation:dc813c97997396d4732bd5bb	COMPONENT_OF	COMPOUND_COMPONENT_PARSE_REQUIRES_REVIEW	true
semantic-candidate:d7fcec2a70775ee48eda5e87	semantic-relation:58c37038bb5f25102db48597	INSTANCE_OR_SPECIFIC_FORM_OF	V2_CONTAINMENT_CANDIDATE_NOT_EQUIVALENCE	true
semantic-candidate:d7fe896641a565386ecef8a6	semantic-relation:3864d30430343bac48103e7f	COMPONENT_OF	COMPOUND_COMPONENT_PARSE_REQUIRES_REVIEW	true
semantic-candidate:d8002cfc6acd558ab6263921	semantic-relation:fb90c02eb556397de880c857	COMPONENT_OF	COMPOUND_COMPONENT_PARSE_REQUIRES_REVIEW	true
semantic-candidate:d81757c7325110ceb775cd6d	semantic-relation:26726e51e849b616c3462002	COMPONENT_OF	COMPOUND_COMPONENT_PARSE_REQUIRES_REVIEW	true
semantic-candidate:d829a2961f7a71abf8265c37	semantic-relation:7d420f1c1a3b82ccef46a172	COMPONENT_OF	COMPOUND_COMPONENT_PARSE_REQUIRES_REVIEW	true
semantic-candidate:d85ab974e449bf122f02145c	semantic-relation:05e2a0f5835e5282ad7dec07	INSTANCE_OR_SPECIFIC_FORM_OF	V2_CONTAINMENT_CANDIDATE_NOT_EQUIVALENCE	true
semantic-candidate:d868c1e3eb34169ea477013f	semantic-relation:94dee02c430dbd864b47c650	INSTANCE_OR_SPECIFIC_FORM_OF	V2_CONTAINMENT_CANDIDATE_NOT_EQUIVALENCE	true
semantic-candidate:d87e235bb295df7b0af51aa9	semantic-relation:139aa543bac9812e1a305fff	COMPONENT_OF	COMPOUND_COMPONENT_PARSE_REQUIRES_REVIEW	true
semantic-candidate:d881875362bc085a9db986c1	semantic-relation:035aefd383d4346540f4d4cb	INSTANCE_OR_SPECIFIC_FORM_OF	V2_CONTAINMENT_CANDIDATE_NOT_EQUIVALENCE	true
semantic-candidate:d88d112832316eb145579ce6	semantic-relation:ac8b59a969b169bf4e6a0fc8	COMPONENT_OF	COMPOUND_COMPONENT_PARSE_REQUIRES_REVIEW	true
semantic-candidate:d88f707d25c167aa01924a0a	semantic-relation:0ca66facaa9d834e264c1f47	COMPONENT_OF	COMPOUND_COMPONENT_PARSE_REQUIRES_REVIEW	true
semantic-candidate:d8a18bba9b61c89514bbd36c	semantic-relation:c55f725b1c0f7041d2b36eb9	COMPONENT_OF	COMPOUND_COMPONENT_PARSE_REQUIRES_REVIEW	true
semantic-candidate:d8a6a67bfdb925dd175f7a9b	semantic-relation:8e4f0658cbfed0919cfb7a93	MODIFIES	MODIFIER_PARSE_REQUIRES_REVIEW	true
semantic-candidate:d8ba335c3a203fdd7971e501	semantic-relation:bb9a7f5a794d14a4abbf47c9	COMPONENT_OF	COMPOUND_COMPONENT_PARSE_REQUIRES_REVIEW	true
semantic-candidate:d8bc93a0814f1e11254f579b	semantic-relation:071afeb13031f6df1d7d4cc5	COMPONENT_OF	COMPOUND_COMPONENT_PARSE_REQUIRES_REVIEW	true
semantic-candidate:d8c977cbd66aa63d8f62cd4f	semantic-relation:965e26182ebf16828711450c	COMPONENT_OF	COMPOUND_COMPONENT_PARSE_REQUIRES_REVIEW	true
semantic-candidate:d8cee104a0278274dc998a10	semantic-relation:ca8bf74277fe7b43472ce948	INSTANCE_OR_SPECIFIC_FORM_OF	V2_CONTAINMENT_CANDIDATE_NOT_EQUIVALENCE	true
semantic-candidate:d8dabb782cb149b91da5c437	semantic-relation:e55cfbec8f267ba6bb872641	INSTANCE_OR_SPECIFIC_FORM_OF	V2_CONTAINMENT_CANDIDATE_NOT_EQUIVALENCE	true
semantic-candidate:d8e0479c729e1d6dff4865eb	semantic-relation:390d7df5351496c89e1a7669	INSTANCE_OR_SPECIFIC_FORM_OF	V2_CONTAINMENT_CANDIDATE_NOT_EQUIVALENCE	true
semantic-candidate:d8e37eb0bd96ee94479d6e41	semantic-relation:358108dea029050f1378f7ec	COMPONENT_OF	COMPOUND_COMPONENT_PARSE_REQUIRES_REVIEW	true
semantic-candidate:d91ef777066e369eaed39f1a	semantic-relation:3c2532426ec343615f7a8a24	COMPONENT_OF	COMPOUND_COMPONENT_PARSE_REQUIRES_REVIEW	true
semantic-candidate:d9280cbf198e3ebf58c6e617	semantic-relation:2a2aefebd0ab4529cc1141dd	MODIFIES	MODIFIER_PARSE_REQUIRES_REVIEW	true
semantic-candidate:d9579bf34aa5032944bf06c9	semantic-relation:3069ff757790c5c966f39536	INSTANCE_OR_SPECIFIC_FORM_OF	V2_CONTAINMENT_CANDIDATE_NOT_EQUIVALENCE	true
semantic-candidate:d96b41695e19b92841581bc2	semantic-relation:57f6013df37877983d1db437	COMPONENT_OF	COMPOUND_COMPONENT_PARSE_REQUIRES_REVIEW	true
semantic-candidate:d97a8d099f364249dfded68a	semantic-relation:85b2ee3fa59ca5be42cf0406	COMPONENT_OF	COMPOUND_COMPONENT_PARSE_REQUIRES_REVIEW	true
semantic-candidate:d99811fb002da8c2a11bee5a	semantic-relation:fcf0bdfd3284547854fec10a	INSTANCE_OR_SPECIFIC_FORM_OF	V2_CONTAINMENT_CANDIDATE_NOT_EQUIVALENCE	true
semantic-candidate:d9aee8099f0df30f8d71900a	semantic-relation:f80140c92627c7d569223d38	COMPONENT_OF	COMPOUND_COMPONENT_PARSE_REQUIRES_REVIEW	true
semantic-candidate:d9c6d22de00a3e8587f8faae	semantic-relation:849888258963383b3ee30e33	COMPONENT_OF	COMPOUND_COMPONENT_PARSE_REQUIRES_REVIEW	true
semantic-candidate:d9cfe16d14c2f6fb46bd241d	semantic-relation:da39e5a1b74f0282f2ff9f70	INSTANCE_OR_SPECIFIC_FORM_OF	V2_CONTAINMENT_CANDIDATE_NOT_EQUIVALENCE	true
semantic-candidate:da08047f25fd95f372cfecdd	semantic-relation:9f6dc3ce0e67cea7ff6e8ab7	INSTANCE_OR_SPECIFIC_FORM_OF	V2_CONTAINMENT_CANDIDATE_NOT_EQUIVALENCE	true
semantic-candidate:da08cccb8533d9d45686a7cb	semantic-relation:e6c53393a7cf8c22095b630c	INSTANCE_OR_SPECIFIC_FORM_OF	V2_CONTAINMENT_CANDIDATE_NOT_EQUIVALENCE	true
semantic-candidate:da0c36eb3323b05152cecf75	semantic-relation:e31bf2bc56111623a1cb570c	COMPONENT_OF	COMPOUND_COMPONENT_PARSE_REQUIRES_REVIEW	true
semantic-candidate:da109bc018c2a7a7de091650	semantic-relation:942fcdf68f7cc668fadd81d2	INSTANCE_OR_SPECIFIC_FORM_OF	V2_CONTAINMENT_CANDIDATE_NOT_EQUIVALENCE	true
semantic-candidate:da19fe8d082641a32e99f230	semantic-relation:42a41512c9ac01715259bf64	COMPONENT_OF	COMPOUND_COMPONENT_PARSE_REQUIRES_REVIEW	true
semantic-candidate:da34dc54ec5369af080e347f	semantic-relation:38e4899935727f870030d38d	COMPONENT_OF	COMPOUND_COMPONENT_PARSE_REQUIRES_REVIEW	true
semantic-candidate:da384af3bc73832c3a32a8b1	semantic-relation:a4dea6be72a5f4fa7fcf90ef	MODIFIES	MODIFIER_PARSE_REQUIRES_REVIEW	true
semantic-candidate:da4a2fa63bd1ccf5f14fe30d	semantic-relation:52d63afb8a9469e2fd4cff7d	INSTANCE_OR_SPECIFIC_FORM_OF	V2_CONTAINMENT_CANDIDATE_NOT_EQUIVALENCE	true
semantic-candidate:da4d48610e9ed92d266c9ec3	semantic-relation:0e2b9a18d4117c70d4cac975	COMPONENT_OF	COMPOUND_COMPONENT_PARSE_REQUIRES_REVIEW	true
semantic-candidate:da66354259d44345c7fb912f	semantic-relation:987ec1ca024552c19513aa39	COMPONENT_OF	COMPOUND_COMPONENT_PARSE_REQUIRES_REVIEW	true
semantic-candidate:da695adbf6dc9107c38b6ed6	semantic-relation:c722f373c6683b83ac83ecc8	MODIFIES	MODIFIER_PARSE_REQUIRES_REVIEW	true
semantic-candidate:da72bf5ce7a34baa5243b3ff	semantic-relation:8da996f5975238e260eb4189	COMPONENT_OF	COMPOUND_COMPONENT_PARSE_REQUIRES_REVIEW	true
semantic-candidate:da7b2aeedc2968e7ef948db1	semantic-relation:0eed5444f63466634843c43e	COMPONENT_OF	COMPOUND_COMPONENT_PARSE_REQUIRES_REVIEW	true
semantic-candidate:da9310eb78dba163e6e84e09	semantic-relation:6c983ced64add33e9004651b	COMPONENT_OF	COMPOUND_COMPONENT_PARSE_REQUIRES_REVIEW	true
semantic-candidate:da93e194c41ef9f0a81dba3f	semantic-relation:a3d2f4856c1d8fec145b6e1f	COMPONENT_OF	COMPOUND_COMPONENT_PARSE_REQUIRES_REVIEW	true
semantic-candidate:da9cf4af22f517a6b996cd1b	semantic-relation:9d91aee29c73dad5f61e8fd7	COMPONENT_OF	COMPOUND_COMPONENT_PARSE_REQUIRES_REVIEW	true
semantic-candidate:daa558ac5da0020946f290a2	semantic-relation:982069ac5161e2e104304d21	COMPONENT_OF	COMPOUND_COMPONENT_PARSE_REQUIRES_REVIEW	true
semantic-candidate:dab5a4a1e7c2a6e19650ac83	semantic-relation:df8d9aa8ae0c07264939b21b	INSTANCE_OR_SPECIFIC_FORM_OF	V2_CONTAINMENT_CANDIDATE_NOT_EQUIVALENCE	true
semantic-candidate:dab827d28d400600dec8195e	semantic-relation:28a0094702700a465b8943cd	COMPONENT_OF	COMPOUND_COMPONENT_PARSE_REQUIRES_REVIEW	true
semantic-candidate:dac4b2fcf79d72f28be99d4c	semantic-relation:4aa64dc30c5abca8b4369f96	INSTANCE_OR_SPECIFIC_FORM_OF	V2_CONTAINMENT_CANDIDATE_NOT_EQUIVALENCE	true
semantic-candidate:dad2239af742fd35dd26a315	semantic-relation:bc89f5399cff67f79d70f7fe	MODIFIES	MODIFIER_PARSE_REQUIRES_REVIEW	true
semantic-candidate:daeed84f18ed42689c7f6069	semantic-relation:032ac988868e43bd71f16184	COMPONENT_OF	COMPOUND_COMPONENT_PARSE_REQUIRES_REVIEW	true
semantic-candidate:db0149e2761a50108aa7a1d6	semantic-relation:2ac2cb6dcd4bbf7f75db4a10	MODIFIES	MODIFIER_PARSE_REQUIRES_REVIEW	true
semantic-candidate:db0e8e81e7a669082d0a4900	semantic-relation:8f7da0a101b2f5f69de073f0	INSTANCE_OR_SPECIFIC_FORM_OF	V2_CONTAINMENT_CANDIDATE_NOT_EQUIVALENCE	true
semantic-candidate:db220f57ae5c9f0600bf1783	semantic-relation:debcd44a16e70c7bca87ffeb	MODIFIES	MODIFIER_PARSE_REQUIRES_REVIEW	true
semantic-candidate:db3a591bd6f9417053ec0bb8	semantic-relation:82d49477d5e23e35399bf8ef	COMPONENT_OF	COMPOUND_COMPONENT_PARSE_REQUIRES_REVIEW	true
semantic-candidate:db3dccd7b57c8d94659df038	semantic-relation:82986994b0429ea0746eec9d	INSTANCE_OR_SPECIFIC_FORM_OF	V2_CONTAINMENT_CANDIDATE_NOT_EQUIVALENCE	true
semantic-candidate:db400b2f3fcd2c24a5972fb2	semantic-relation:f983f0ee650b7df9e4adeffb	INSTANCE_OR_SPECIFIC_FORM_OF	V2_CONTAINMENT_CANDIDATE_NOT_EQUIVALENCE	true
semantic-candidate:db4c0a0a7fa7e9b37c0e74cf	semantic-relation:6b8bd8428093345a635d0ff6	INSTANCE_OR_SPECIFIC_FORM_OF	V2_CONTAINMENT_CANDIDATE_NOT_EQUIVALENCE	true
semantic-candidate:db54b99792cc4ed0a8d39d12	semantic-relation:8ae9669c6bd967a36e0d7d19	INSTANCE_OR_SPECIFIC_FORM_OF	V2_CONTAINMENT_CANDIDATE_NOT_EQUIVALENCE	true
semantic-candidate:db5ba3f143c58caf95091e09	semantic-relation:3c4424d8fbebe4faaf5e3602	INSTANCE_OR_SPECIFIC_FORM_OF	V2_CONTAINMENT_CANDIDATE_NOT_EQUIVALENCE	true
semantic-candidate:db66838ee16ac1da2e605e75	semantic-relation:e1b713523d98fa1effa35bd6	INSTANCE_OR_SPECIFIC_FORM_OF	V2_CONTAINMENT_CANDIDATE_NOT_EQUIVALENCE	true
semantic-candidate:db7d9e26391db0859999000a	semantic-relation:42c9738a78e5b53af293ab2b	INSTANCE_OR_SPECIFIC_FORM_OF	V2_CONTAINMENT_CANDIDATE_NOT_EQUIVALENCE	true
semantic-candidate:db931adb6605a55debbd3a9f	semantic-relation:3b369bd791a02af23c978904	INSTANCE_OR_SPECIFIC_FORM_OF	V2_CONTAINMENT_CANDIDATE_NOT_EQUIVALENCE	true
semantic-candidate:db9652fcd7c6c34566d538f7	semantic-relation:6d3ab9fbe4a23759a5a4ea08	COMPONENT_OF	COMPOUND_COMPONENT_PARSE_REQUIRES_REVIEW	true
semantic-candidate:dbab51668738fcb099d20a12	semantic-relation:fa93f7b89f1efde41d693f03	MODIFIES	MODIFIER_PARSE_REQUIRES_REVIEW	true
semantic-candidate:dbbe9b531ff7d345d24f368b	semantic-relation:31498b3725f0d1f8618c278f	INSTANCE_OR_SPECIFIC_FORM_OF	V2_CONTAINMENT_CANDIDATE_NOT_EQUIVALENCE	true
semantic-candidate:dbc1fa1bfbc5faa3bbbba40b	semantic-relation:0c4074a4c1fc540ea416aa96	INSTANCE_OR_SPECIFIC_FORM_OF	V2_CONTAINMENT_CANDIDATE_NOT_EQUIVALENCE	true
semantic-candidate:dbc32f4ee4c71c1b05b971e8	semantic-relation:35871a481957846bfeeef224	INSTANCE_OR_SPECIFIC_FORM_OF	V2_CONTAINMENT_CANDIDATE_NOT_EQUIVALENCE	true
semantic-candidate:dbcf925257b60847238e63c5	semantic-relation:b39c3e75afa063a1b3c1e2cb	COMPONENT_OF	COMPOUND_COMPONENT_PARSE_REQUIRES_REVIEW	true
semantic-candidate:dbd52e33f3e786e1cd67244c	semantic-relation:84d43e7209fd6511ef5b25ec	INSTANCE_OR_SPECIFIC_FORM_OF	V2_CONTAINMENT_CANDIDATE_NOT_EQUIVALENCE	true
semantic-candidate:dbdfb14d7323f86a6b124956	semantic-relation:ee7b84002dfda6e64929045c	INSTANCE_OR_SPECIFIC_FORM_OF	V2_CONTAINMENT_CANDIDATE_NOT_EQUIVALENCE	true
semantic-candidate:dbe0c1acd66e227aceb55c60	semantic-relation:ee97bbc06bce60800ac278f4	COMPONENT_OF	COMPOUND_COMPONENT_PARSE_REQUIRES_REVIEW	true
semantic-candidate:dbe872c04118f317c0a95049	semantic-relation:557b06483a89ac2077474db4	COMPONENT_OF	COMPOUND_COMPONENT_PARSE_REQUIRES_REVIEW	true
semantic-candidate:dc0de1854c67623e3d879490	semantic-relation:0bbf647246a8b2a76368f585	INSTANCE_OR_SPECIFIC_FORM_OF	V2_CONTAINMENT_CANDIDATE_NOT_EQUIVALENCE	true
semantic-candidate:dc1cf0ee09102363090f6eca	semantic-relation:13f33230d4b0166fe647873e	COMPONENT_OF	COMPOUND_COMPONENT_PARSE_REQUIRES_REVIEW	true
semantic-candidate:dc251b84685efc6a741190f7	semantic-relation:ed4a8018b88ec4b84dd04243	COMPONENT_OF	COMPOUND_COMPONENT_PARSE_REQUIRES_REVIEW	true
semantic-candidate:dc2855e850f9550def838f62	semantic-relation:3191fb33533bfe3075711adc	COMPONENT_OF	COMPOUND_COMPONENT_PARSE_REQUIRES_REVIEW	true
semantic-candidate:dc2c75e9d44b689abce605ac	semantic-relation:4e8622a5155e5c118e5f55fd	INSTANCE_OR_SPECIFIC_FORM_OF	V2_CONTAINMENT_CANDIDATE_NOT_EQUIVALENCE	true
semantic-candidate:dc2cf5b0076b23a250392a6e	semantic-relation:f2b1c711936e7c411526b72c	INSTANCE_OR_SPECIFIC_FORM_OF	V2_CONTAINMENT_CANDIDATE_NOT_EQUIVALENCE	true
semantic-candidate:dc37f7db3d1a2357e92459b7	semantic-relation:7071b152b9d133b8b8185ba1	COMPONENT_OF	COMPOUND_COMPONENT_PARSE_REQUIRES_REVIEW	true
semantic-candidate:dc45562811307e6f4a17cdc9	semantic-relation:5e7fe5838b2033350e3af9c5	INSTANCE_OR_SPECIFIC_FORM_OF	V2_CONTAINMENT_CANDIDATE_NOT_EQUIVALENCE	true
semantic-candidate:dc45696aa43b8a6fd6596271	semantic-relation:78d812158b9ef5675a99a35b	INSTANCE_OR_SPECIFIC_FORM_OF	V2_CONTAINMENT_CANDIDATE_NOT_EQUIVALENCE	true
semantic-candidate:dc5356c66944ddf2240b6b4a	semantic-relation:32e9122c713db11e13e8b8d8	COMPONENT_OF	COMPOUND_COMPONENT_PARSE_REQUIRES_REVIEW	true
semantic-candidate:dc592be5d99c36d1219d401f	semantic-relation:b51ee8f7c6dea89828a2ff02	INSTANCE_OR_SPECIFIC_FORM_OF	V2_CONTAINMENT_CANDIDATE_NOT_EQUIVALENCE	true
semantic-candidate:dc5bc6350a6af1417703956c	semantic-relation:729ab6e216803ec7a4bc462f	INSTANCE_OR_SPECIFIC_FORM_OF	V2_CONTAINMENT_CANDIDATE_NOT_EQUIVALENCE	true
semantic-candidate:dc71c51428f33b713fa2c3b4	semantic-relation:e180f07a4bee28361eff64ae	INSTANCE_OR_SPECIFIC_FORM_OF	V2_CONTAINMENT_CANDIDATE_NOT_EQUIVALENCE	true
semantic-candidate:dc7f88fe32c3228d2c51902c	semantic-relation:e39e4c288d64a06e3f1a217f	INSTANCE_OR_SPECIFIC_FORM_OF	V2_CONTAINMENT_CANDIDATE_NOT_EQUIVALENCE	true
semantic-candidate:dc86baacf3d2bb1614866194	semantic-relation:af65839dd838802472d1d02e	INSTANCE_OR_SPECIFIC_FORM_OF	V2_CONTAINMENT_CANDIDATE_NOT_EQUIVALENCE	true
semantic-candidate:dca38e3120a3296910fdea38	semantic-relation:5495701f6ecc3273e281eafa	COMPONENT_OF	COMPOUND_COMPONENT_PARSE_REQUIRES_REVIEW	true
semantic-candidate:dcbcbd4bc3e8dbc473208b27	semantic-relation:581437fbf7c5a05508ec0b24	INSTANCE_OR_SPECIFIC_FORM_OF	V2_CONTAINMENT_CANDIDATE_NOT_EQUIVALENCE	true
semantic-candidate:dcbe0307746ba8334c607638	semantic-relation:5259775586caad8555fc7c99	COMPONENT_OF	COMPOUND_COMPONENT_PARSE_REQUIRES_REVIEW	true
semantic-candidate:dccf3e8954bde16c0ca2d053	semantic-relation:4ff2ee5952ff9d31466a70c6	INSTANCE_OR_SPECIFIC_FORM_OF	V2_CONTAINMENT_CANDIDATE_NOT_EQUIVALENCE	true
semantic-candidate:dcda11ff7a652e6588ef543e	semantic-relation:b4a65a00c413928a3a734e7e	COMPONENT_OF	COMPOUND_COMPONENT_PARSE_REQUIRES_REVIEW	true
semantic-candidate:dce38404af1a9ebf5350aec3	semantic-relation:a1b0b6a692d0d27dee6e632c	INSTANCE_OR_SPECIFIC_FORM_OF	V2_CONTAINMENT_CANDIDATE_NOT_EQUIVALENCE	true
semantic-candidate:dceef6e137da5362c66d55c0	semantic-relation:49ec0115fae7ec9ef8ced41a	INSTANCE_OR_SPECIFIC_FORM_OF	V2_CONTAINMENT_CANDIDATE_NOT_EQUIVALENCE	true
semantic-candidate:dd0f66b35a85348616c69e4e	semantic-relation:5487434f9252314c003ae62e	INSTANCE_OR_SPECIFIC_FORM_OF	V2_CONTAINMENT_CANDIDATE_NOT_EQUIVALENCE	true
semantic-candidate:dd14884c68b9c254204b1f5c	semantic-relation:1bf447ed597730a920dfa85d	INSTANCE_OR_SPECIFIC_FORM_OF	V2_CONTAINMENT_CANDIDATE_NOT_EQUIVALENCE	true
semantic-candidate:dd1f4a1abc8283a355e5a1b7	semantic-relation:aae02dd45fe8e99091c0cbd2	COMPONENT_OF	COMPOUND_COMPONENT_PARSE_REQUIRES_REVIEW	true
semantic-candidate:dd2604a8abb5d1c601ba71ee	semantic-relation:e891e78401f90091fd81d53e	COMPONENT_OF	COMPOUND_COMPONENT_PARSE_REQUIRES_REVIEW	true
semantic-candidate:dd3497763f7fb05394bd41de	semantic-relation:123adaa47954c6e90ad9dea7	COMPONENT_OF	COMPOUND_COMPONENT_PARSE_REQUIRES_REVIEW	true
semantic-candidate:dd401005996a52666159c8e7	semantic-relation:9a1ca37607d3e732cb3b2d9d	INSTANCE_OR_SPECIFIC_FORM_OF	V2_CONTAINMENT_CANDIDATE_NOT_EQUIVALENCE	true
semantic-candidate:dd47cce2d6e20b5ac84762dc	semantic-relation:8739cebfb0a70ac929b25304	INSTANCE_OR_SPECIFIC_FORM_OF	V2_CONTAINMENT_CANDIDATE_NOT_EQUIVALENCE	true
semantic-candidate:dd6306eb7de347fdd635238d	semantic-relation:40254bfa88827e031574a1be	COMPONENT_OF	COMPOUND_COMPONENT_PARSE_REQUIRES_REVIEW	true
semantic-candidate:dd735336f1ce34740a6af586	semantic-relation:627727e1e982f106fa675598	INSTANCE_OR_SPECIFIC_FORM_OF	V2_CONTAINMENT_CANDIDATE_NOT_EQUIVALENCE	true
semantic-candidate:dd832ad9b2faa036fc1f9a56	semantic-relation:b2a36fc62d7422b7dc65345c	MODIFIES	MODIFIER_PARSE_REQUIRES_REVIEW	true
semantic-candidate:dd9b866e9883d27867f5dbdb	semantic-relation:c6d6408a0074ff476ca5295d	COMPONENT_OF	COMPOUND_COMPONENT_PARSE_REQUIRES_REVIEW	true
semantic-candidate:dd9d611680e12c5010f49935	semantic-relation:b037eb51b89d1ba22c2feed6	INSTANCE_OR_SPECIFIC_FORM_OF	V2_CONTAINMENT_CANDIDATE_NOT_EQUIVALENCE	true
semantic-candidate:ddb6375a97a05939b5d491d2	semantic-relation:26633a12e3aa5fa18474c16f	COMPONENT_OF	COMPOUND_COMPONENT_PARSE_REQUIRES_REVIEW	true
semantic-candidate:ddc209fbe39ab95f7b8cdc7e	semantic-relation:f474147d0da575d2f0001470	INSTANCE_OR_SPECIFIC_FORM_OF	V2_CONTAINMENT_CANDIDATE_NOT_EQUIVALENCE	true
semantic-candidate:ddc499956b2c5dc31aaf0a60	semantic-relation:51174bb0901d1dab1e9aff15	MODIFIES	MODIFIER_PARSE_REQUIRES_REVIEW	true
semantic-candidate:ddcaa1efb8c7aeb84b3e2478	semantic-relation:2c804da2345dbea5e10c14d7	COMPONENT_OF	COMPOUND_COMPONENT_PARSE_REQUIRES_REVIEW	true
semantic-candidate:ddd3224c3a88283fdb809511	semantic-relation:58a082f02039e26f84adae09	INSTANCE_OR_SPECIFIC_FORM_OF	V2_CONTAINMENT_CANDIDATE_NOT_EQUIVALENCE	true
semantic-candidate:ddd5c792076b3e30b8492360	semantic-relation:bb4af76da1a9d1be03eaa8c4	COMPONENT_OF	COMPOUND_COMPONENT_PARSE_REQUIRES_REVIEW	true
semantic-candidate:dddabaabd528ff292029668a	semantic-relation:09db9e23a73160f49211de98	INSTANCE_OR_SPECIFIC_FORM_OF	V2_CONTAINMENT_CANDIDATE_NOT_EQUIVALENCE	true
semantic-candidate:dddb4b7f26b80765b5378ea3	semantic-relation:27b87a58a74d1ccec64a4fc1	COMPONENT_OF	COMPOUND_COMPONENT_PARSE_REQUIRES_REVIEW	true
semantic-candidate:dde32c896e4aa6883b91640c	semantic-relation:93a275e48d73125623af3c0b	INSTANCE_OR_SPECIFIC_FORM_OF	V2_CONTAINMENT_CANDIDATE_NOT_EQUIVALENCE	true
semantic-candidate:dde5ed5e59fc8afcacd14e19	semantic-relation:6ae8f0f450487ad83ae0ac2d	MODIFIES	MODIFIER_PARSE_REQUIRES_REVIEW	true
semantic-candidate:dde6df643d7aa0593bed2780	semantic-relation:1b5e01652a78a9f1ea5322a0	INSTANCE_OR_SPECIFIC_FORM_OF	V2_CONTAINMENT_CANDIDATE_NOT_EQUIVALENCE	true
semantic-candidate:dde8b6a3f9121c1c7cf482db	semantic-relation:79102889868871e0846c576d	COMPONENT_OF	COMPOUND_COMPONENT_PARSE_REQUIRES_REVIEW	true
semantic-candidate:de0525ee97ada4a90f1b007f	semantic-relation:138d3094f064df97961a5cd0	INSTANCE_OR_SPECIFIC_FORM_OF	V2_CONTAINMENT_CANDIDATE_NOT_EQUIVALENCE	true
semantic-candidate:de176ad3cb1af3fb526b3112	semantic-relation:6322dd5cd974980a3e064293	INSTANCE_OR_SPECIFIC_FORM_OF	V2_CONTAINMENT_CANDIDATE_NOT_EQUIVALENCE	true
semantic-candidate:de19d9ad2e011fe04050a0e8	semantic-relation:a7e4cdafa6e2f1199717f5ba	MODIFIES	MODIFIER_PARSE_REQUIRES_REVIEW	true
semantic-candidate:de2902ed8efcf8e52e02d57a	semantic-relation:7b2ae0345cb3680a904c4de5	MODIFIES	MODIFIER_PARSE_REQUIRES_REVIEW	true
semantic-candidate:de5650f56c714bf80edeb972	semantic-relation:98d28374eb412bbb2bb499de	COMPONENT_OF	COMPOUND_COMPONENT_PARSE_REQUIRES_REVIEW	true
semantic-candidate:de59a61e4659930ddbba318b	semantic-relation:d343a012061d627bf90e3ae7	INSTANCE_OR_SPECIFIC_FORM_OF	V2_CONTAINMENT_CANDIDATE_NOT_EQUIVALENCE	true
semantic-candidate:de738087b9f22f537bac1586	semantic-relation:1665848e310c4179095a1647	INSTANCE_OR_SPECIFIC_FORM_OF	V2_CONTAINMENT_CANDIDATE_NOT_EQUIVALENCE	true
semantic-candidate:de902027a91b936f86ca6534	semantic-relation:a03d889689b00fbb39663a3f	INSTANCE_OR_SPECIFIC_FORM_OF	V2_CONTAINMENT_CANDIDATE_NOT_EQUIVALENCE	true
semantic-candidate:de95836f9da00c8ea5522874	semantic-relation:526f3994e17b2cbb79e8c204	INSTANCE_OR_SPECIFIC_FORM_OF	V2_CONTAINMENT_CANDIDATE_NOT_EQUIVALENCE	true
semantic-candidate:dea2a7e10eebdc11fa938d16	semantic-relation:a8b40a6eb2e61ee8ab22fdda	COMPONENT_OF	COMPOUND_COMPONENT_PARSE_REQUIRES_REVIEW	true
semantic-candidate:dec0a5719bfd3573c79612b4	semantic-relation:733401fa6defdebe638e01fa	INSTANCE_OR_SPECIFIC_FORM_OF	V2_CONTAINMENT_CANDIDATE_NOT_EQUIVALENCE	true
semantic-candidate:dedb3e21ad644bef3d41d2d5	semantic-relation:08b1ada3abac6ecdf7fa1091	MODIFIES	MODIFIER_PARSE_REQUIRES_REVIEW	true
semantic-candidate:df1ac89e0b73edc71bedc7ed	semantic-relation:f3e7f1409ff066b259325d4a	INSTANCE_OR_SPECIFIC_FORM_OF	V2_CONTAINMENT_CANDIDATE_NOT_EQUIVALENCE	true
semantic-candidate:df1f75a5cdc1ae0c1e74b0c3	semantic-relation:c6a4bf274278e38b5fab8276	INSTANCE_OR_SPECIFIC_FORM_OF	V2_CONTAINMENT_CANDIDATE_NOT_EQUIVALENCE	true
semantic-candidate:df39bdc0f9b001c30893b7df	semantic-relation:1ffc2a8afd591d913f36669d	INSTANCE_OR_SPECIFIC_FORM_OF	V2_CONTAINMENT_CANDIDATE_NOT_EQUIVALENCE	true
semantic-candidate:df4b4f43496cb5e15b6e8a60	semantic-relation:00b8cef11e4d99a03082d89d	COMPONENT_OF	COMPOUND_COMPONENT_PARSE_REQUIRES_REVIEW	true
semantic-candidate:df5d72875bc557b66cd3ba04	semantic-relation:de21ceac56bb7d2578e2be24	MODIFIES	MODIFIER_PARSE_REQUIRES_REVIEW	true
semantic-candidate:df62266232fd74fcf30db51d	semantic-relation:ceba72466c8997bb464a2c2b	INSTANCE_OR_SPECIFIC_FORM_OF	V2_CONTAINMENT_CANDIDATE_NOT_EQUIVALENCE	true
semantic-candidate:df67470baea21249c80180a1	semantic-relation:e91d59c3e680821d0a6dab61	COMPONENT_OF	COMPOUND_COMPONENT_PARSE_REQUIRES_REVIEW	true
semantic-candidate:df734734b880d65a51aedb4a	semantic-relation:a7945793a827e5fae3a00e71	INSTANCE_OR_SPECIFIC_FORM_OF	V2_CONTAINMENT_CANDIDATE_NOT_EQUIVALENCE	true
semantic-candidate:df7420ab966135ef0777a299	semantic-relation:703ded9f6d47c41a3f7ecbf3	MODIFIES	MODIFIER_PARSE_REQUIRES_REVIEW	true
semantic-candidate:df866d263dea7e92d5bd77c9	semantic-relation:be6581c62f0d3546acd1632f	INSTANCE_OR_SPECIFIC_FORM_OF	V2_CONTAINMENT_CANDIDATE_NOT_EQUIVALENCE	true
semantic-candidate:df87288e20b2fe2d03937a96	semantic-relation:112d73cebd0dad4f1bf0de67	INSTANCE_OR_SPECIFIC_FORM_OF	V2_CONTAINMENT_CANDIDATE_NOT_EQUIVALENCE	true
semantic-candidate:df88033b1b147bc54521d24f	semantic-relation:c03e983043b756b20f59ad76	INSTANCE_OR_SPECIFIC_FORM_OF	V2_CONTAINMENT_CANDIDATE_NOT_EQUIVALENCE	true
semantic-candidate:dfba1a8267b3a344ce86530d	semantic-relation:8760db1d41d18e74580b4cf8	INSTANCE_OR_SPECIFIC_FORM_OF	V2_CONTAINMENT_CANDIDATE_NOT_EQUIVALENCE	true
semantic-candidate:dfbb798a3557b00de14794d3	semantic-relation:12834a46b2e19db122cd6abd	INSTANCE_OR_SPECIFIC_FORM_OF	V2_CONTAINMENT_CANDIDATE_NOT_EQUIVALENCE	true
semantic-candidate:dfc1a7ed041045cc1dc77b28	semantic-relation:e48fdfc793bf002003503a04	MODIFIES	MODIFIER_PARSE_REQUIRES_REVIEW	true
semantic-candidate:dfcf6cd3dcb2e9c56390b631	semantic-relation:3f142bff993fe35d5d00bbaf	COMPONENT_OF	COMPOUND_COMPONENT_PARSE_REQUIRES_REVIEW	true
semantic-candidate:dfd6ee767d042ca2c3bc437a	semantic-relation:96f454e9c2eb2c26419a6125	INSTANCE_OR_SPECIFIC_FORM_OF	V2_CONTAINMENT_CANDIDATE_NOT_EQUIVALENCE	true
semantic-candidate:dfdb8af4b42ea2126c26917e	semantic-relation:5b150a0d4d91c7afb68c55ac	COMPONENT_OF	COMPOUND_COMPONENT_PARSE_REQUIRES_REVIEW	true
semantic-candidate:dfe20f1cb79cea654d472825	semantic-relation:dee0a302d188ae900eed8f6c	COMPONENT_OF	COMPOUND_COMPONENT_PARSE_REQUIRES_REVIEW	true
semantic-candidate:dfef3d2969a8a0b8305178af	semantic-relation:ede132ae37409850ffcb9934	INSTANCE_OR_SPECIFIC_FORM_OF	V2_CONTAINMENT_CANDIDATE_NOT_EQUIVALENCE	true
semantic-candidate:e00580be43b622acd7a82af0	semantic-relation:c46a7432797d0d073ff79f80	COMPONENT_OF	COMPOUND_COMPONENT_PARSE_REQUIRES_REVIEW	true
semantic-candidate:e007b44b5981377d2b3ac88d	semantic-relation:a58c0f99ef56a4785779c513	MODIFIES	MODIFIER_PARSE_REQUIRES_REVIEW	true
semantic-candidate:e011a0a07a646a94a90411ba	semantic-relation:130f417924bed636dd1aebf3	INSTANCE_OR_SPECIFIC_FORM_OF	V2_CONTAINMENT_CANDIDATE_NOT_EQUIVALENCE	true
semantic-candidate:e0186f9e138a9529761f8487	semantic-relation:656a7cc9b3e5aa907368b86b	COMPONENT_OF	COMPOUND_COMPONENT_PARSE_REQUIRES_REVIEW	true
semantic-candidate:e01d3ec7853ecc03d17cf6c0	semantic-relation:5b690753666be231360f835c	INSTANCE_OR_SPECIFIC_FORM_OF	V2_CONTAINMENT_CANDIDATE_NOT_EQUIVALENCE	true
semantic-candidate:e021d3a61908d847a7115464	semantic-relation:b8d218ad27b55c020829bc51	INSTANCE_OR_SPECIFIC_FORM_OF	V2_CONTAINMENT_CANDIDATE_NOT_EQUIVALENCE	true
semantic-candidate:e02b1c6d820f6181d515d99c	semantic-relation:b964fa77567faaea61996eb6	COMPONENT_OF	COMPOUND_COMPONENT_PARSE_REQUIRES_REVIEW	true
semantic-candidate:e02bfe6fc4bc1234625c2210	semantic-relation:dff40fb484c0be006755d59d	INSTANCE_OR_SPECIFIC_FORM_OF	V2_CONTAINMENT_CANDIDATE_NOT_EQUIVALENCE	true
semantic-candidate:e02f33bb32690866cf035aae	semantic-relation:dae9255bc0da20fbb4ea1b70	COMPONENT_OF	COMPOUND_COMPONENT_PARSE_REQUIRES_REVIEW	true
semantic-candidate:e02fd38b30405891746ea1b5	semantic-relation:2d57a03b861b4bb447bc41a7	COMPONENT_OF	COMPOUND_COMPONENT_PARSE_REQUIRES_REVIEW	true
semantic-candidate:e03a3ec54ce9f40c7db660e9	semantic-relation:84a4eba8feb6f2694fc5b87d	INSTANCE_OR_SPECIFIC_FORM_OF	V2_CONTAINMENT_CANDIDATE_NOT_EQUIVALENCE	true
semantic-candidate:e04607791315582d2add57e5	semantic-relation:44ab040c3dcb001afa5330b8	INSTANCE_OR_SPECIFIC_FORM_OF	V2_CONTAINMENT_CANDIDATE_NOT_EQUIVALENCE	true
semantic-candidate:e0481fbf8ed845cd078bc5cc	semantic-relation:7eedcc9000bde391b875a6a5	COMPONENT_OF	COMPOUND_COMPONENT_PARSE_REQUIRES_REVIEW	true
semantic-candidate:e06a0352b41d5ee4fadbdc0c	semantic-relation:d6ccc6e73037dea69ceba463	MODIFIES	MODIFIER_PARSE_REQUIRES_REVIEW	true
semantic-candidate:e09507bce318be4b5c3f9a72	semantic-relation:5cbfc9f6af435f55264b2f40	COMPONENT_OF	COMPOUND_COMPONENT_PARSE_REQUIRES_REVIEW	true
semantic-candidate:e0a00e2754d6d4a85b04f15b	semantic-relation:79738942747c8a633aee338c	INSTANCE_OR_SPECIFIC_FORM_OF	V2_CONTAINMENT_CANDIDATE_NOT_EQUIVALENCE	true
semantic-candidate:e0a4b41ddf4819d502404a50	semantic-relation:518fc6ed24f3b6e081df9b5a	COMPONENT_OF	COMPOUND_COMPONENT_PARSE_REQUIRES_REVIEW	true
semantic-candidate:e0ae6fe1d895dd86a3c5daca	semantic-relation:65de1f93956f4d20b2c8bfa0	INSTANCE_OR_SPECIFIC_FORM_OF	V2_CONTAINMENT_CANDIDATE_NOT_EQUIVALENCE	true
semantic-candidate:e0b3c1c8f4e54a5af79c5635	semantic-relation:1c070c861cf74d29dbfa2fa7	COMPONENT_OF	COMPOUND_COMPONENT_PARSE_REQUIRES_REVIEW	true
semantic-candidate:e0bbb7d3585e93d9675e5c0a	semantic-relation:3233e56acaab976c6903c45c	COMPONENT_OF	COMPOUND_COMPONENT_PARSE_REQUIRES_REVIEW	true
semantic-candidate:e0c2f02ad9bb1430fa990a02	semantic-relation:182fba06df3ccd236faff8c5	COMPONENT_OF	COMPOUND_COMPONENT_PARSE_REQUIRES_REVIEW	true
semantic-candidate:e0ca0ed930a5d4984ffd283c	semantic-relation:54243d5522bcb47ba90f97d1	COMPONENT_OF	COMPOUND_COMPONENT_PARSE_REQUIRES_REVIEW	true
semantic-candidate:e0caa73c2d138851b3c3603f	semantic-relation:d28c380b74a66563d693e0d5	INSTANCE_OR_SPECIFIC_FORM_OF	V2_CONTAINMENT_CANDIDATE_NOT_EQUIVALENCE	true
semantic-candidate:e0cbb345a7bcbf0d93f1eb00	semantic-relation:7c1fcbe5bc3943380e1a8566	INSTANCE_OR_SPECIFIC_FORM_OF	V2_CONTAINMENT_CANDIDATE_NOT_EQUIVALENCE	true
semantic-candidate:e0dcc4f238c078d78429cecc	semantic-relation:e005a49864ec55390267e889	COMPONENT_OF	COMPOUND_COMPONENT_PARSE_REQUIRES_REVIEW	true
semantic-candidate:e117463c100169f193090171	semantic-relation:df839cd819eaf88ac8bec610	COMPONENT_OF	COMPOUND_COMPONENT_PARSE_REQUIRES_REVIEW	true
semantic-candidate:e1248e1c6a14ef8586f249ba	semantic-relation:2a60b6d8c374936170088162	COMPONENT_OF	COMPOUND_COMPONENT_PARSE_REQUIRES_REVIEW	true
semantic-candidate:e1328b51392f42f319d33d6f	semantic-relation:73ea4a9f52930e8475b92585	COMPONENT_OF	COMPOUND_COMPONENT_PARSE_REQUIRES_REVIEW	true
semantic-candidate:e1340e8ab736e782114a7287	semantic-relation:f7288d7201e64de1a2b4a090	COMPONENT_OF	COMPOUND_COMPONENT_PARSE_REQUIRES_REVIEW	true
semantic-candidate:e13e5b1c3464c81657f03b11	semantic-relation:0dbda79d7fa45cc500689a07	INSTANCE_OR_SPECIFIC_FORM_OF	V2_CONTAINMENT_CANDIDATE_NOT_EQUIVALENCE	true
semantic-candidate:e145a4055d4a641d6a36a62c	semantic-relation:3a0e3cc880f6246a478f2b99	INSTANCE_OR_SPECIFIC_FORM_OF	V2_CONTAINMENT_CANDIDATE_NOT_EQUIVALENCE	true
semantic-candidate:e14eb69f0267ac636c7fce7b	semantic-relation:8e584525a98071516524250d	COMPONENT_OF	COMPOUND_COMPONENT_PARSE_REQUIRES_REVIEW	true
semantic-candidate:e15c23484000fc3f2c9a3164	semantic-relation:a541e979004d886c1d3793f2	COMPONENT_OF	COMPOUND_COMPONENT_PARSE_REQUIRES_REVIEW	true
semantic-candidate:e16e088029ec207000692c72	semantic-relation:b2021aaa9b260a764eae8468	INSTANCE_OR_SPECIFIC_FORM_OF	V2_CONTAINMENT_CANDIDATE_NOT_EQUIVALENCE	true
semantic-candidate:e170b0fe090af7a7bcfe6ee9	semantic-relation:1488ab2bd60b407915b2d625	INSTANCE_OR_SPECIFIC_FORM_OF	V2_CONTAINMENT_CANDIDATE_NOT_EQUIVALENCE	true
semantic-candidate:e18a7bd11f3e1ea1721d4132	semantic-relation:6e76a51f37d4bd333eb471ae	COMPONENT_OF	COMPOUND_COMPONENT_PARSE_REQUIRES_REVIEW	true
semantic-candidate:e1a09b145238615b8ce6d3d6	semantic-relation:8541cb31d61c2ec7be067457	INSTANCE_OR_SPECIFIC_FORM_OF	V2_CONTAINMENT_CANDIDATE_NOT_EQUIVALENCE	true
semantic-candidate:e1bb3b4b7767414c38be4753	semantic-relation:c1da0a418fe482fea631e38d	COMPONENT_OF	COMPOUND_COMPONENT_PARSE_REQUIRES_REVIEW	true
semantic-candidate:e1c71710729dac38ee00aa69	semantic-relation:5e408e4b51201a373c9439d1	INSTANCE_OR_SPECIFIC_FORM_OF	V2_CONTAINMENT_CANDIDATE_NOT_EQUIVALENCE	true
semantic-candidate:e1cb803d011bb7edafd34a3a	semantic-relation:ba11e9554cb19bc6d7e35adc	COMPONENT_OF	COMPOUND_COMPONENT_PARSE_REQUIRES_REVIEW	true
semantic-candidate:e1cc509bd2036c5c91f598af	semantic-relation:832f6ac0acc914c749961e1d	INSTANCE_OR_SPECIFIC_FORM_OF	V2_CONTAINMENT_CANDIDATE_NOT_EQUIVALENCE	true
semantic-candidate:e1db0ce981ef8976145d8f75	semantic-relation:6bc98a03489a57eeca4f2a1c	INSTANCE_OR_SPECIFIC_FORM_OF	V2_CONTAINMENT_CANDIDATE_NOT_EQUIVALENCE	true
semantic-candidate:e1dea4cfedd3e1dcc22e74e7	semantic-relation:516c3f04b685e089ccb46a5f	INSTANCE_OR_SPECIFIC_FORM_OF	V2_CONTAINMENT_CANDIDATE_NOT_EQUIVALENCE	true
semantic-candidate:e1e8566a71806f6b352881e9	semantic-relation:30907759de2d0d01dd886365	INSTANCE_OR_SPECIFIC_FORM_OF	V2_CONTAINMENT_CANDIDATE_NOT_EQUIVALENCE	true
semantic-candidate:e1ea96412a982e488c437803	semantic-relation:ab065736b8fa030f5b76d708	MODIFIES	MODIFIER_PARSE_REQUIRES_REVIEW	true
semantic-candidate:e1fe0df89c78e17ff39b6d47	semantic-relation:2f8218fc9ba59ef658a5602b	MODIFIES	MODIFIER_PARSE_REQUIRES_REVIEW	true
semantic-candidate:e2047fa67cb77162f51c27a4	semantic-relation:2469e5cf32689eb76f66c387	INSTANCE_OR_SPECIFIC_FORM_OF	V2_CONTAINMENT_CANDIDATE_NOT_EQUIVALENCE	true
semantic-candidate:e23839ddc08422ed16dc886e	semantic-relation:8fcaa75b6a16e472f41a77b5	INSTANCE_OR_SPECIFIC_FORM_OF	V2_CONTAINMENT_CANDIDATE_NOT_EQUIVALENCE	true
semantic-candidate:e2412805216641cb2425395f	semantic-relation:57f43eb3e3fa037bf51b7afc	COMPONENT_OF	COMPOUND_COMPONENT_PARSE_REQUIRES_REVIEW	true
semantic-candidate:e241f6626318248b699ac71b	semantic-relation:0a365f96739447ba2e19522d	COMPONENT_OF	COMPOUND_COMPONENT_PARSE_REQUIRES_REVIEW	true
semantic-candidate:e249f01b56a30bd9d53a2481	semantic-relation:fd3ea63c35f1b9aea209097e	COMPONENT_OF	COMPOUND_COMPONENT_PARSE_REQUIRES_REVIEW	true
semantic-candidate:e253b11a8d229f075356f69f	semantic-relation:43ab8a4bc780a852302517c6	COMPONENT_OF	COMPOUND_COMPONENT_PARSE_REQUIRES_REVIEW	true
semantic-candidate:e25dd6573780cb64c30c3129	semantic-relation:94733264ab0b35bfa9d6f6b0	INSTANCE_OR_SPECIFIC_FORM_OF	V2_CONTAINMENT_CANDIDATE_NOT_EQUIVALENCE	true
semantic-candidate:e27abcb61b4cf6e903717a39	semantic-relation:f26617276e5a91c3fa31c5fe	COMPONENT_OF	COMPOUND_COMPONENT_PARSE_REQUIRES_REVIEW	true
semantic-candidate:e27bd85648cd1c1af42b4496	semantic-relation:99e9394515534479f526e175	INSTANCE_OR_SPECIFIC_FORM_OF	V2_CONTAINMENT_CANDIDATE_NOT_EQUIVALENCE	true
semantic-candidate:e283bed001ae6349ac61a4df	semantic-relation:b070885ae65e561fb5f2b35c	COMPONENT_OF	COMPOUND_COMPONENT_PARSE_REQUIRES_REVIEW	true
semantic-candidate:e28931f5475a7efe7e8b1ef9	semantic-relation:d9a94fecf00e2b52db180747	INSTANCE_OR_SPECIFIC_FORM_OF	V2_CONTAINMENT_CANDIDATE_NOT_EQUIVALENCE	true
semantic-candidate:e28a293350d1b4d4e37065fe	semantic-relation:3d7652ad0efb2b06cab3a76d	INSTANCE_OR_SPECIFIC_FORM_OF	V2_CONTAINMENT_CANDIDATE_NOT_EQUIVALENCE	true
semantic-candidate:e2aacd5b4b700be15f4be194	semantic-relation:8660e9171d932ca92ca47c09	INSTANCE_OR_SPECIFIC_FORM_OF	V2_CONTAINMENT_CANDIDATE_NOT_EQUIVALENCE	true
semantic-candidate:e2abb7704ed157e67af8d556	semantic-relation:be2cb34beabb5a4be5b46b1d	INSTANCE_OR_SPECIFIC_FORM_OF	V2_CONTAINMENT_CANDIDATE_NOT_EQUIVALENCE	true
semantic-candidate:e2af90637e0b4d4d1f32861d	semantic-relation:923c9ab4dc387b20bf75c2fe	COMPONENT_OF	COMPOUND_COMPONENT_PARSE_REQUIRES_REVIEW	true
semantic-candidate:e2d54652e9e502dc2c440c64	semantic-relation:2f18983e034fa255b10e4bbb	COMPONENT_OF	COMPOUND_COMPONENT_PARSE_REQUIRES_REVIEW	true
semantic-candidate:e2d7fd880c4d0b12ab039058	semantic-relation:e57e75c62dfa4d566eb0c0d6	INSTANCE_OR_SPECIFIC_FORM_OF	V2_CONTAINMENT_CANDIDATE_NOT_EQUIVALENCE	true
semantic-candidate:e2e973442dde9296f1c6ce02	semantic-relation:8d876b99a825889f5cdb27b6	INSTANCE_OR_SPECIFIC_FORM_OF	V2_CONTAINMENT_CANDIDATE_NOT_EQUIVALENCE	true
semantic-candidate:e2ecdb5b3f5b6238ef42d759	semantic-relation:2ce6f91f50a496a0bbaa47a4	INSTANCE_OR_SPECIFIC_FORM_OF	V2_CONTAINMENT_CANDIDATE_NOT_EQUIVALENCE	true
semantic-candidate:e2f23665c710270fe152de03	semantic-relation:0d21e5f1729fdc53a5891c03	INSTANCE_OR_SPECIFIC_FORM_OF	V2_CONTAINMENT_CANDIDATE_NOT_EQUIVALENCE	true
semantic-candidate:e2f83ba779e41407dd78a928	semantic-relation:ce32d9019d0105bae9b306e8	COMPONENT_OF	COMPOUND_COMPONENT_PARSE_REQUIRES_REVIEW	true
semantic-candidate:e30048b749fe4f4b9ab582ae	semantic-relation:0bf80d304c0d6d63cc1481e3	COMPONENT_OF	COMPOUND_COMPONENT_PARSE_REQUIRES_REVIEW	true
semantic-candidate:e31239488f84e878b13f865b	semantic-relation:22762a494bdca9c885f7cd65	INSTANCE_OR_SPECIFIC_FORM_OF	V2_CONTAINMENT_CANDIDATE_NOT_EQUIVALENCE	true
semantic-candidate:e31353b261a968a5e9d0cb96	semantic-relation:9cb968611ca5412d65cb4295	INSTANCE_OR_SPECIFIC_FORM_OF	V2_CONTAINMENT_CANDIDATE_NOT_EQUIVALENCE	true
semantic-candidate:e314c3eb1ce31d7bec2ac499	semantic-relation:f033f93fe31f34a53d6d1003	MODIFIES	MODIFIER_PARSE_REQUIRES_REVIEW	true
semantic-candidate:e31c768f3748652397821ad4	semantic-relation:f88a433e7e6d0a831a3aa0c5	INSTANCE_OR_SPECIFIC_FORM_OF	V2_CONTAINMENT_CANDIDATE_NOT_EQUIVALENCE	true
semantic-candidate:e321336bdcc2943405be1544	semantic-relation:1ded94bba73bc73cf7d4f292	COMPONENT_OF	COMPOUND_COMPONENT_PARSE_REQUIRES_REVIEW	true
semantic-candidate:e324f615a89b5b229a0c8d7f	semantic-relation:2b93cf7f9d63268ab0598775	COMPONENT_OF	COMPOUND_COMPONENT_PARSE_REQUIRES_REVIEW	true
semantic-candidate:e330f84ede4830be43304337	semantic-relation:5237072793e27cb5378eb252	INSTANCE_OR_SPECIFIC_FORM_OF	V2_CONTAINMENT_CANDIDATE_NOT_EQUIVALENCE	true
semantic-candidate:e338b2b999dd18aa9d503eaa	semantic-relation:5d51efcec9beaf2109636a42	INSTANCE_OR_SPECIFIC_FORM_OF	V2_CONTAINMENT_CANDIDATE_NOT_EQUIVALENCE	true
semantic-candidate:e3670c69560d92f6995c8f42	semantic-relation:964336f62d441de8ad350c27	MODIFIES	MODIFIER_PARSE_REQUIRES_REVIEW	true
semantic-candidate:e38511d28eb7eac890a5c59d	semantic-relation:6db25d98cd8a28535ebad543	COMPONENT_OF	COMPOUND_COMPONENT_PARSE_REQUIRES_REVIEW	true
semantic-candidate:e38593abef5c5497cd044ec3	semantic-relation:ff78b5b1ab56b99bfa8822a8	COMPONENT_OF	COMPOUND_COMPONENT_PARSE_REQUIRES_REVIEW	true
semantic-candidate:e397d013509071a28bfaf778	semantic-relation:02f3d5e34c0e9aa158c87daf	COMPONENT_OF	COMPOUND_COMPONENT_PARSE_REQUIRES_REVIEW	true
semantic-candidate:e39f5582399cde15b40453fe	semantic-relation:19f586c30def75987b00ae96	INSTANCE_OR_SPECIFIC_FORM_OF	V2_CONTAINMENT_CANDIDATE_NOT_EQUIVALENCE	true
semantic-candidate:e3aa059ec2651ca6ff9a8151	semantic-relation:988ba075b3de4f527aa8d024	INSTANCE_OR_SPECIFIC_FORM_OF	V2_CONTAINMENT_CANDIDATE_NOT_EQUIVALENCE	true
semantic-candidate:e3aa5cbd698dae06d81462b3	semantic-relation:e70965402ec93af974238528	COMPONENT_OF	COMPOUND_COMPONENT_PARSE_REQUIRES_REVIEW	true
semantic-candidate:e3ae6d07e90bbbe28d1a117f	semantic-relation:8ff70ab6c36fd9f618a738d0	COMPONENT_OF	COMPOUND_COMPONENT_PARSE_REQUIRES_REVIEW	true
semantic-candidate:e3b304d120f10d1dcd34ff6b	semantic-relation:83fd55874f4a540c32523bad	COMPONENT_OF	COMPOUND_COMPONENT_PARSE_REQUIRES_REVIEW	true
semantic-candidate:e3bea51c07394a1f9bea88be	semantic-relation:e4d7c59d3043508b5f0a46c4	INSTANCE_OR_SPECIFIC_FORM_OF	V2_CONTAINMENT_CANDIDATE_NOT_EQUIVALENCE	true
semantic-candidate:e3c26cce8256384026f5c09c	semantic-relation:4f13419961ee56ad8c7d2aa1	INSTANCE_OR_SPECIFIC_FORM_OF	V2_CONTAINMENT_CANDIDATE_NOT_EQUIVALENCE	true
semantic-candidate:e3e1da8755b2b0d3c84a279c	semantic-relation:af7a4c68883599f2a7c92dd3	COMPONENT_OF	COMPOUND_COMPONENT_PARSE_REQUIRES_REVIEW	true
semantic-candidate:e3e4a2240383c9facc357a5b	semantic-relation:199f9d0b8324795becf9ae36	COMPONENT_OF	COMPOUND_COMPONENT_PARSE_REQUIRES_REVIEW	true
semantic-candidate:e410ceaa8b39e288dfd05bb6	semantic-relation:5f56c14bb4a72fc66f99e857	COMPONENT_OF	COMPOUND_COMPONENT_PARSE_REQUIRES_REVIEW	true
semantic-candidate:e4212fca56e0b2732e394649	semantic-relation:bd204c37abb62d2988468886	MODIFIES	MODIFIER_PARSE_REQUIRES_REVIEW	true
semantic-candidate:e42b222c1f9573555fed621f	semantic-relation:5598a38d641466cbe926683c	COMPONENT_OF	COMPOUND_COMPONENT_PARSE_REQUIRES_REVIEW	true
semantic-candidate:e435ac34b26eb576c442668d	semantic-relation:1c01f10221a38eccdd7bdb2a	INSTANCE_OR_SPECIFIC_FORM_OF	V2_CONTAINMENT_CANDIDATE_NOT_EQUIVALENCE	true
semantic-candidate:e450a4ef53a407403f7145e1	semantic-relation:6a1900a069542882f29b09aa	INSTANCE_OR_SPECIFIC_FORM_OF	V2_CONTAINMENT_CANDIDATE_NOT_EQUIVALENCE	true
semantic-candidate:e45617d079d4633963959c47	semantic-relation:83f95c6a1761a6175c22a28d	COMPONENT_OF	COMPOUND_COMPONENT_PARSE_REQUIRES_REVIEW	true
semantic-candidate:e4586718b01091c49b106b31	semantic-relation:ea730bb150f2c54c5cf87daa	COMPONENT_OF	COMPOUND_COMPONENT_PARSE_REQUIRES_REVIEW	true
semantic-candidate:e46908bc2e1c26b09af379fa	semantic-relation:1d8598021c0fd01d8baad2a0	COMPONENT_OF	COMPOUND_COMPONENT_PARSE_REQUIRES_REVIEW	true
semantic-candidate:e4763e5185541e442b75fe7c	semantic-relation:d0b46b9bd3f4cbf33d429d7d	INSTANCE_OR_SPECIFIC_FORM_OF	V2_CONTAINMENT_CANDIDATE_NOT_EQUIVALENCE	true
semantic-candidate:e48fa5ce312ab7ec4db1778e	semantic-relation:5bf859713fc5fcaa967e2254	COMPONENT_OF	COMPOUND_COMPONENT_PARSE_REQUIRES_REVIEW	true
semantic-candidate:e49fc074da0aff6768414114	semantic-relation:245df12bafcee6cfb7d33244	COMPONENT_OF	COMPOUND_COMPONENT_PARSE_REQUIRES_REVIEW	true
semantic-candidate:e4a10c69226c68598113281c	semantic-relation:e42c61b4d18a112bbfdec59f	COMPONENT_OF	COMPOUND_COMPONENT_PARSE_REQUIRES_REVIEW	true
semantic-candidate:e4a40e053367e2531542eff9	semantic-relation:8887626d9061f2e5c6165588	COMPONENT_OF	COMPOUND_COMPONENT_PARSE_REQUIRES_REVIEW	true
semantic-candidate:e4d0562b82de074746322ba8	semantic-relation:62132a524729daca0d2b3d46	COMPONENT_OF	COMPOUND_COMPONENT_PARSE_REQUIRES_REVIEW	true
semantic-candidate:e4d19c65f689833c90ae40ba	semantic-relation:5e7ad82bf05d7d577f28723d	MODIFIES	MODIFIER_PARSE_REQUIRES_REVIEW	true
semantic-candidate:e5091856ea6a3f50815ada35	semantic-relation:d74be71798788e81675cd181	INSTANCE_OR_SPECIFIC_FORM_OF	V2_CONTAINMENT_CANDIDATE_NOT_EQUIVALENCE	true
semantic-candidate:e5119961cd4cc4fa46bf7876	semantic-relation:a7ca04ed47cb2bfd96ece46c	INSTANCE_OR_SPECIFIC_FORM_OF	V2_CONTAINMENT_CANDIDATE_NOT_EQUIVALENCE	true
semantic-candidate:e51e1212b77ad4aa39463c07	semantic-relation:0512963a726ac9ac7f78d317	INSTANCE_OR_SPECIFIC_FORM_OF	V2_CONTAINMENT_CANDIDATE_NOT_EQUIVALENCE	true
semantic-candidate:e52128ce7c47ef3fc8288a4f	semantic-relation:7ccfe198007f800e97366acd	INSTANCE_OR_SPECIFIC_FORM_OF	V2_CONTAINMENT_CANDIDATE_NOT_EQUIVALENCE	true
semantic-candidate:e525ce7a3512b18e6fc6e1f3	semantic-relation:58801519eea7a5d7a4b98999	COMPONENT_OF	COMPOUND_COMPONENT_PARSE_REQUIRES_REVIEW	true
semantic-candidate:e52dbf1f163959beac6fa14a	semantic-relation:8f3cb6def8be925f5507659e	COMPONENT_OF	COMPOUND_COMPONENT_PARSE_REQUIRES_REVIEW	true
semantic-candidate:e532109c8b5efd36e060a274	semantic-relation:afd9accb418653b4429be1c4	COMPONENT_OF	COMPOUND_COMPONENT_PARSE_REQUIRES_REVIEW	true
semantic-candidate:e533e569f2a506c80b1faf06	semantic-relation:fb54153f5ec754042c0aa489	COMPONENT_OF	COMPOUND_COMPONENT_PARSE_REQUIRES_REVIEW	true
semantic-candidate:e53a0c07daac6dc392eec2f3	semantic-relation:87d5a371f19ad78f9f6feb94	COMPONENT_OF	COMPOUND_COMPONENT_PARSE_REQUIRES_REVIEW	true
semantic-candidate:e540bcb57d610da45c7e9c60	semantic-relation:b9285a1ca41516f6c3703107	INSTANCE_OR_SPECIFIC_FORM_OF	V2_CONTAINMENT_CANDIDATE_NOT_EQUIVALENCE	true
semantic-candidate:e547fc294425db747ecf4510	semantic-relation:c606acd847adedb8cbd666b8	INSTANCE_OR_SPECIFIC_FORM_OF	V2_CONTAINMENT_CANDIDATE_NOT_EQUIVALENCE	true
semantic-candidate:e54c512bdb1536d9a24d5863	semantic-relation:fe36d68f48440db1a5384dea	MODIFIES	MODIFIER_PARSE_REQUIRES_REVIEW	true
semantic-candidate:e565c24b799f66349debfc08	semantic-relation:cf9bc1d27a0a7a55435587de	COMPONENT_OF	COMPOUND_COMPONENT_PARSE_REQUIRES_REVIEW	true
semantic-candidate:e56949a97cc86bdae5035933	semantic-relation:3a90b4cb1c197f8fa897735e	COMPONENT_OF	COMPOUND_COMPONENT_PARSE_REQUIRES_REVIEW	true
semantic-candidate:e56bb093d085b01a1d268433	semantic-relation:81f8e8e5f7ff19571caedd5e	MODIFIES	MODIFIER_PARSE_REQUIRES_REVIEW	true
semantic-candidate:e5710a612a65247e5ec6e2a8	semantic-relation:ddf74ff9757473b65be0886a	COMPONENT_OF	COMPOUND_COMPONENT_PARSE_REQUIRES_REVIEW	true
semantic-candidate:e58bdde58f8ca7806a209193	semantic-relation:ba9372634177796d50166de0	INSTANCE_OR_SPECIFIC_FORM_OF	V2_CONTAINMENT_CANDIDATE_NOT_EQUIVALENCE	true
semantic-candidate:e58db4b7236ebb78ae47e2fe	semantic-relation:620f5df0a1b3fc0dda231e5c	COMPONENT_OF	COMPOUND_COMPONENT_PARSE_REQUIRES_REVIEW	true
semantic-candidate:e594e58ade7e445e22a8279d	semantic-relation:97b0c93e6d4a3e5cf1d66c06	COMPONENT_OF	COMPOUND_COMPONENT_PARSE_REQUIRES_REVIEW	true
semantic-candidate:e59c4222560bea810b9d5230	semantic-relation:3a5132425c51f6cfdee47f37	COMPONENT_OF	COMPOUND_COMPONENT_PARSE_REQUIRES_REVIEW	true
semantic-candidate:e5a332a4602afe5edd8ea50b	semantic-relation:4e8d712a77aaedea5d13d49b	COMPONENT_OF	COMPOUND_COMPONENT_PARSE_REQUIRES_REVIEW	true
semantic-candidate:e5a731c8d7ac27d112a5f746	semantic-relation:4db391de40cf2f0eec52fa51	MODIFIES	MODIFIER_PARSE_REQUIRES_REVIEW	true
semantic-candidate:e5b0287a1df417b55f62ff78	semantic-relation:369bbca56705438baa1e3b32	INSTANCE_OR_SPECIFIC_FORM_OF	V2_CONTAINMENT_CANDIDATE_NOT_EQUIVALENCE	true
semantic-candidate:e5b9f230e90c6b70ae8ba3ff	semantic-relation:c6cfd9c6e033df049d5e97d9	INSTANCE_OR_SPECIFIC_FORM_OF	V2_CONTAINMENT_CANDIDATE_NOT_EQUIVALENCE	true
semantic-candidate:e5ba333cf48c451f92deb2bb	semantic-relation:66c995a0e666e5c32435ba44	COMPONENT_OF	COMPOUND_COMPONENT_PARSE_REQUIRES_REVIEW	true
semantic-candidate:e5ba72852eff30f0dc48ee8a	semantic-relation:0328c7a1df92724632a8be21	INSTANCE_OR_SPECIFIC_FORM_OF	V2_CONTAINMENT_CANDIDATE_NOT_EQUIVALENCE	true
semantic-candidate:e5c8545f3761b9e9eb6c70e9	semantic-relation:d3d49bc7eb4ca2ddf2e6723e	COMPONENT_OF	COMPOUND_COMPONENT_PARSE_REQUIRES_REVIEW	true
semantic-candidate:e5d5ddcacbc2167ea2d683ce	semantic-relation:eef4ae0b1a93085e4b6fb55a	COMPONENT_OF	COMPOUND_COMPONENT_PARSE_REQUIRES_REVIEW	true
semantic-candidate:e6045d41e8792f73147fbb4e	semantic-relation:b8ea2e60ccb35455f8804c4b	COMPONENT_OF	COMPOUND_COMPONENT_PARSE_REQUIRES_REVIEW	true
semantic-candidate:e61bbe16a15b363a4d285f84	semantic-relation:b906a1b48e32de4ce2ff844b	INSTANCE_OR_SPECIFIC_FORM_OF	V2_CONTAINMENT_CANDIDATE_NOT_EQUIVALENCE	true
semantic-candidate:e61e2089f517d40068364503	semantic-relation:a72fad1d4d3e67512b68ecdd	COMPONENT_OF	COMPOUND_COMPONENT_PARSE_REQUIRES_REVIEW	true
semantic-candidate:e644e1fc233daa8b17f710bc	semantic-relation:2b1ba9ad88f17bc2ee9eb8e4	COMPONENT_OF	COMPOUND_COMPONENT_PARSE_REQUIRES_REVIEW	true
semantic-candidate:e64c12aeb472121ea289e77b	semantic-relation:3de6880ef33414936c831e12	INSTANCE_OR_SPECIFIC_FORM_OF	V2_CONTAINMENT_CANDIDATE_NOT_EQUIVALENCE	true
semantic-candidate:e64c643310d75ecad7030e2c	semantic-relation:d1af503c6038e0cf4b453517	COMPONENT_OF	COMPOUND_COMPONENT_PARSE_REQUIRES_REVIEW	true
semantic-candidate:e64d4aebea549be4dfc63092	semantic-relation:88790779d7e308a0c01add5b	INSTANCE_OR_SPECIFIC_FORM_OF	V2_CONTAINMENT_CANDIDATE_NOT_EQUIVALENCE	true
semantic-candidate:e657216277b7517c8c1468cd	semantic-relation:0a4948390887ac7233d9ad32	INSTANCE_OR_SPECIFIC_FORM_OF	V2_CONTAINMENT_CANDIDATE_NOT_EQUIVALENCE	true
semantic-candidate:e66432815b298de10ce1ccda	semantic-relation:8eb4b14dc3256bd8ed7a9151	COMPONENT_OF	COMPOUND_COMPONENT_PARSE_REQUIRES_REVIEW	true
semantic-candidate:e69175b9c81b8b34e4ffd8f3	semantic-relation:41dcdd856a9473ff43ca5c65	COMPONENT_OF	COMPOUND_COMPONENT_PARSE_REQUIRES_REVIEW	true
semantic-candidate:e6b145b6a03a5585bee358cc	semantic-relation:4aef57dab538b4ca4f568c2b	INSTANCE_OR_SPECIFIC_FORM_OF	V2_CONTAINMENT_CANDIDATE_NOT_EQUIVALENCE	true
semantic-candidate:e6bf396b4491270331611ecd	semantic-relation:e24036a014074b3ac86cf03e	COMPONENT_OF	COMPOUND_COMPONENT_PARSE_REQUIRES_REVIEW	true
semantic-candidate:e6c0acbabf5255e1aeb22992	semantic-relation:540d3dde337421d3bdcc6830	INSTANCE_OR_SPECIFIC_FORM_OF	V2_CONTAINMENT_CANDIDATE_NOT_EQUIVALENCE	true
semantic-candidate:e6c85e66ff33bcc17bc58750	semantic-relation:25f8f080059a71e30e4bde06	COMPONENT_OF	COMPOUND_COMPONENT_PARSE_REQUIRES_REVIEW	true
semantic-candidate:e6ca2d33133241441c1daa25	semantic-relation:e5be662e78e6b4bc7565c685	INSTANCE_OR_SPECIFIC_FORM_OF	V2_CONTAINMENT_CANDIDATE_NOT_EQUIVALENCE	true
semantic-candidate:e6f17d8fd44181dfae4e4039	semantic-relation:d26e0a42a08a2c9b4d432cd8	COMPONENT_OF	COMPOUND_COMPONENT_PARSE_REQUIRES_REVIEW	true
semantic-candidate:e712bb8a753ed9d41e94a4f3	semantic-relation:eeeb71231a294f1f09fe9607	INSTANCE_OR_SPECIFIC_FORM_OF	V2_CONTAINMENT_CANDIDATE_NOT_EQUIVALENCE	true
semantic-candidate:e720321e829703b45ab0b9c1	semantic-relation:e5baf7de417d63d89621f4ca	COMPONENT_OF	COMPOUND_COMPONENT_PARSE_REQUIRES_REVIEW	true
semantic-candidate:e72f89fdc03c16b0dec84415	semantic-relation:86cf68084e768fa5f73b916c	MODIFIES	MODIFIER_PARSE_REQUIRES_REVIEW	true
semantic-candidate:e730cf533a6994825f307caa	semantic-relation:c751d5cde3bb5f2afb345c82	MODIFIES	MODIFIER_PARSE_REQUIRES_REVIEW	true
semantic-candidate:e739259628c250f1a91b21ae	semantic-relation:4735e9ec97acd89fddef1e67	COMPONENT_OF	COMPOUND_COMPONENT_PARSE_REQUIRES_REVIEW	true
semantic-candidate:e73a791a3f4d9c3f1a0d07c1	semantic-relation:548f30f64bd1e62f91526581	COMPONENT_OF	COMPOUND_COMPONENT_PARSE_REQUIRES_REVIEW	true
semantic-candidate:e73b0da17341da40eb89285c	semantic-relation:f5a6f7a027f2421481f074a6	COMPONENT_OF	COMPOUND_COMPONENT_PARSE_REQUIRES_REVIEW	true
semantic-candidate:e7415387a275d5047e2aa500	semantic-relation:233a0c94cbe0145d7375849a	MODIFIES	MODIFIER_PARSE_REQUIRES_REVIEW	true
semantic-candidate:e74318d6495772537ca46714	semantic-relation:a737f257e9f4aedef0eccaba	INSTANCE_OR_SPECIFIC_FORM_OF	V2_CONTAINMENT_CANDIDATE_NOT_EQUIVALENCE	true
semantic-candidate:e7541709da35eb6dc5ac852e	semantic-relation:60683077fa2814ee29078eb8	MODIFIES	MODIFIER_PARSE_REQUIRES_REVIEW	true
semantic-candidate:e75f572e4344515788d026b4	semantic-relation:6b8c8cd4900c1ff317178344	COMPONENT_OF	COMPOUND_COMPONENT_PARSE_REQUIRES_REVIEW	true
semantic-candidate:e767948749eff7fed75b4da0	semantic-relation:e096eade2d2da8e2a141b7f3	COMPONENT_OF	COMPOUND_COMPONENT_PARSE_REQUIRES_REVIEW	true
semantic-candidate:e768df000f64b4b9b1376ee6	semantic-relation:1f5113e15012035519a56024	MODIFIES	MODIFIER_PARSE_REQUIRES_REVIEW	true
semantic-candidate:e76be5dfe6f691413ea4a08c	semantic-relation:f4311e4610b59be526a55da1	INSTANCE_OR_SPECIFIC_FORM_OF	V2_CONTAINMENT_CANDIDATE_NOT_EQUIVALENCE	true
semantic-candidate:e78935f933968de1b7f362b4	semantic-relation:ed6e74762c0f79cf182883df	INSTANCE_OR_SPECIFIC_FORM_OF	V2_CONTAINMENT_CANDIDATE_NOT_EQUIVALENCE	true
semantic-candidate:e78fe6f82993e9394a771afe	semantic-relation:3e0e166b728eb3c378d8260c	INSTANCE_OR_SPECIFIC_FORM_OF	V2_CONTAINMENT_CANDIDATE_NOT_EQUIVALENCE	true
semantic-candidate:e79631ae4b2c473aba2c1738	semantic-relation:a9ef818ae305d74421ddc8af	INSTANCE_OR_SPECIFIC_FORM_OF	V2_CONTAINMENT_CANDIDATE_NOT_EQUIVALENCE	true
semantic-candidate:e79ad6b136a1fc6946674a5a	semantic-relation:2f41a0735f5226664567c28e	COMPONENT_OF	COMPOUND_COMPONENT_PARSE_REQUIRES_REVIEW	true
semantic-candidate:e7a09949111cf178c9b8bc87	semantic-relation:e647d5aa0cf0c253cbae824b	COMPONENT_OF	COMPOUND_COMPONENT_PARSE_REQUIRES_REVIEW	true
semantic-candidate:e7afd2ea964d88d6598b80cd	semantic-relation:dcb6d2807748b1e165e04bbd	INSTANCE_OR_SPECIFIC_FORM_OF	V2_CONTAINMENT_CANDIDATE_NOT_EQUIVALENCE	true
semantic-candidate:e7b2aacf7c3081789b462b0d	semantic-relation:1e49265803aabfd3d9791785	COMPONENT_OF	COMPOUND_COMPONENT_PARSE_REQUIRES_REVIEW	true
semantic-candidate:e7b5b7bdd9f98d9457a48fcd	semantic-relation:6af7c03983d6e07eb6743ef9	MODIFIES	MODIFIER_PARSE_REQUIRES_REVIEW	true
semantic-candidate:e7ca4f77eee87511aa02cd68	semantic-relation:5a8f5bbaa7044ed5fe03f8de	INSTANCE_OR_SPECIFIC_FORM_OF	V2_CONTAINMENT_CANDIDATE_NOT_EQUIVALENCE	true
semantic-candidate:e7ce28ad50376784b2cbbaf1	semantic-relation:4b049d9f60e37a4d51c181cc	MODIFIES	MODIFIER_PARSE_REQUIRES_REVIEW	true
semantic-candidate:e7d97fa7ff2fa77ad927e4ce	semantic-relation:255f14d24ff47d6aa81c59ef	INSTANCE_OR_SPECIFIC_FORM_OF	V2_CONTAINMENT_CANDIDATE_NOT_EQUIVALENCE	true
semantic-candidate:e7f418ccc57f12487766052b	semantic-relation:f11d0696dc6ee1069eb44394	MODIFIES	MODIFIER_PARSE_REQUIRES_REVIEW	true
semantic-candidate:e7f8d4f47255a204ff34d7b0	semantic-relation:b507fdbb495603d4d0043999	INSTANCE_OR_SPECIFIC_FORM_OF	V2_CONTAINMENT_CANDIDATE_NOT_EQUIVALENCE	true
semantic-candidate:e7ff1a36e502fbfac7f1aeb4	semantic-relation:a5d2f1b35ed2b6510e9924eb	COMPONENT_OF	COMPOUND_COMPONENT_PARSE_REQUIRES_REVIEW	true
semantic-candidate:e80509e2b70e0fd4a900be65	semantic-relation:5b1070a87d0de3c3fd557cf4	INSTANCE_OR_SPECIFIC_FORM_OF	V2_CONTAINMENT_CANDIDATE_NOT_EQUIVALENCE	true
semantic-candidate:e8064c4b206795d42776c953	semantic-relation:54c8d0a456495eb87468aa7b	INSTANCE_OR_SPECIFIC_FORM_OF	V2_CONTAINMENT_CANDIDATE_NOT_EQUIVALENCE	true
semantic-candidate:e80a8aa97f82a8c8e23cd8e9	semantic-relation:f44960cbaef5bc94189d8513	COMPONENT_OF	COMPOUND_COMPONENT_PARSE_REQUIRES_REVIEW	true
semantic-candidate:e80befcac56b8394b4c8c445	semantic-relation:f250c91a120f644055cd2489	COMPONENT_OF	COMPOUND_COMPONENT_PARSE_REQUIRES_REVIEW	true
semantic-candidate:e80f30dccaed4a6a8dc7b077	semantic-relation:8dc62d0ee732d93c99f98597	INSTANCE_OR_SPECIFIC_FORM_OF	V2_CONTAINMENT_CANDIDATE_NOT_EQUIVALENCE	true
semantic-candidate:e81570e12d7f4446ba48bcf6	semantic-relation:9c4b1cbba817cff2a4df1acd	INSTANCE_OR_SPECIFIC_FORM_OF	V2_CONTAINMENT_CANDIDATE_NOT_EQUIVALENCE	true
semantic-candidate:e816736b9394b1d80bb8c7ee	semantic-relation:9b3a63814687934a4c1241e2	MODIFIES	MODIFIER_PARSE_REQUIRES_REVIEW	true
semantic-candidate:e825a5dfb5793d7b20184a3f	semantic-relation:c1ff2a0c437054210a28acc9	INSTANCE_OR_SPECIFIC_FORM_OF	V2_CONTAINMENT_CANDIDATE_NOT_EQUIVALENCE	true
semantic-candidate:e82bbe67c9c0541203177eef	semantic-relation:8e3c8adeeae23790b7da49e6	INSTANCE_OR_SPECIFIC_FORM_OF	V2_CONTAINMENT_CANDIDATE_NOT_EQUIVALENCE	true
semantic-candidate:e875ec3b6de0c4c3cf9d579a	semantic-relation:cc6d88199168349d3a05106a	MODIFIES	MODIFIER_PARSE_REQUIRES_REVIEW	true
semantic-candidate:e877bd569addf903decbd328	semantic-relation:30664f8a2253f27fb442d9eb	INSTANCE_OR_SPECIFIC_FORM_OF	V2_CONTAINMENT_CANDIDATE_NOT_EQUIVALENCE	true
semantic-candidate:e87a93df7a9600b2a79b82f5	semantic-relation:573ca93676172c7db45660a9	INSTANCE_OR_SPECIFIC_FORM_OF	V2_CONTAINMENT_CANDIDATE_NOT_EQUIVALENCE	true
semantic-candidate:e87d77722a2e44bf480294c0	semantic-relation:3ef0ba92deea0508ea1f58ac	INSTANCE_OR_SPECIFIC_FORM_OF	V2_CONTAINMENT_CANDIDATE_NOT_EQUIVALENCE	true
semantic-candidate:e87dac603bd7865822e00084	semantic-relation:dcc6075162f477278d0700fc	INSTANCE_OR_SPECIFIC_FORM_OF	V2_CONTAINMENT_CANDIDATE_NOT_EQUIVALENCE	true
semantic-candidate:e88278e8ae4a3229b50cbf38	semantic-relation:e72c575575e2e6c8ecd181dd	COMPONENT_OF	COMPOUND_COMPONENT_PARSE_REQUIRES_REVIEW	true
semantic-candidate:e88ad68f04f574dc15fbe13d	semantic-relation:4eba625f46c439d7ee30d46f	COMPONENT_OF	COMPOUND_COMPONENT_PARSE_REQUIRES_REVIEW	true
semantic-candidate:e88fc2bfcff6b5a3ab487b9b	semantic-relation:36f02c9e1f8f21334130f36f	INSTANCE_OR_SPECIFIC_FORM_OF	V2_CONTAINMENT_CANDIDATE_NOT_EQUIVALENCE	true
semantic-candidate:e8b1b919c8e03c51a84d700b	semantic-relation:e88bce322de244a8bbfa7b95	MODIFIES	MODIFIER_PARSE_REQUIRES_REVIEW	true
semantic-candidate:e8b3b6d342761caeec8e94e9	semantic-relation:23a09fa6f9cd1c20a735a2a1	COMPONENT_OF	COMPOUND_COMPONENT_PARSE_REQUIRES_REVIEW	true
semantic-candidate:e8c076008d3a17721af8dc81	semantic-relation:88351e2edea84fc5c9bc5ebe	INSTANCE_OR_SPECIFIC_FORM_OF	V2_CONTAINMENT_CANDIDATE_NOT_EQUIVALENCE	true
semantic-candidate:e8c0c662247202f0f05b1d84	semantic-relation:f83c6fe4f0a471e01e4c7743	COMPONENT_OF	COMPOUND_COMPONENT_PARSE_REQUIRES_REVIEW	true
semantic-candidate:e8c7d3b0537a47850dd4d2d6	semantic-relation:4b1c046cdfb66b7241fce788	INSTANCE_OR_SPECIFIC_FORM_OF	V2_CONTAINMENT_CANDIDATE_NOT_EQUIVALENCE	true
semantic-candidate:e8ceb3c61644c05ad4476efa	semantic-relation:7cdf6b025b0412f47b0e2b56	COMPONENT_OF	COMPOUND_COMPONENT_PARSE_REQUIRES_REVIEW	true
semantic-candidate:e8d60a63945cd260d6a4ef4a	semantic-relation:d6b8dbb4347bb8f8c314d235	INSTANCE_OR_SPECIFIC_FORM_OF	V2_CONTAINMENT_CANDIDATE_NOT_EQUIVALENCE	true
semantic-candidate:e8ea8ba79f34ca52fc666381	semantic-relation:03d098656c46ad3920ace032	COMPONENT_OF	COMPOUND_COMPONENT_PARSE_REQUIRES_REVIEW	true
semantic-candidate:e8f77db6eea54b372653986b	semantic-relation:6e49094d6b606b7ec0673cd3	COMPONENT_OF	COMPOUND_COMPONENT_PARSE_REQUIRES_REVIEW	true
semantic-candidate:e904c97ca22b354b8706b43c	semantic-relation:4e12d7efe1b69f87dbb30a90	INSTANCE_OR_SPECIFIC_FORM_OF	V2_CONTAINMENT_CANDIDATE_NOT_EQUIVALENCE	true
semantic-candidate:e906bbaed4a6b15c9124ef9b	semantic-relation:60d878ed5b4731582adf4397	COMPONENT_OF	COMPOUND_COMPONENT_PARSE_REQUIRES_REVIEW	true
semantic-candidate:e906f39f2f03f80ef3958a1e	semantic-relation:795082dee1e12dfadab06c77	COMPONENT_OF	COMPOUND_COMPONENT_PARSE_REQUIRES_REVIEW	true
semantic-candidate:e911e47ca3e2919cd65d7dcb	semantic-relation:7944c24556868b958a2d3dc9	MODIFIES	MODIFIER_PARSE_REQUIRES_REVIEW	true
semantic-candidate:e9174c997afbbfa2c92e43fe	semantic-relation:8f18f56cba05ef6d6ca51617	INSTANCE_OR_SPECIFIC_FORM_OF	V2_CONTAINMENT_CANDIDATE_NOT_EQUIVALENCE	true
semantic-candidate:e9245fc0809f8f1b364e3f8f	semantic-relation:b75eeb8f935d65b76989b8b1	MODIFIES	MODIFIER_PARSE_REQUIRES_REVIEW	true
semantic-candidate:e928f2fdd9ffff8d8bb48262	semantic-relation:6b6651f868c9acd4bdf38638	COMPONENT_OF	COMPOUND_COMPONENT_PARSE_REQUIRES_REVIEW	true
semantic-candidate:e933cd61af55ecee61404923	semantic-relation:edece72f5edefa5add595f77	INSTANCE_OR_SPECIFIC_FORM_OF	V2_CONTAINMENT_CANDIDATE_NOT_EQUIVALENCE	true
semantic-candidate:e957b2f68dd630b165456a36	semantic-relation:397519fdf0295cfa40891b3e	INSTANCE_OR_SPECIFIC_FORM_OF	V2_CONTAINMENT_CANDIDATE_NOT_EQUIVALENCE	true
semantic-candidate:e95c6f29dfdb2365efae450f	semantic-relation:50d9dac7877a74bb2f2cbe6f	MODIFIES	MODIFIER_PARSE_REQUIRES_REVIEW	true
semantic-candidate:e965c767ab8d623b616a11bf	semantic-relation:beaec1fb79e4902f656cf48b	COMPONENT_OF	COMPOUND_COMPONENT_PARSE_REQUIRES_REVIEW	true
semantic-candidate:e976f8dd5bcd800b24664167	semantic-relation:7bc47dbf46c7d2647bf21932	COMPONENT_OF	COMPOUND_COMPONENT_PARSE_REQUIRES_REVIEW	true
semantic-candidate:e9853ce63e4e70d2240040ec	semantic-relation:666ae9e7ba59e2647104545f	INSTANCE_OR_SPECIFIC_FORM_OF	V2_CONTAINMENT_CANDIDATE_NOT_EQUIVALENCE	true
semantic-candidate:e98b227981e6582b8c7050b6	semantic-relation:c0f567337e7931df68218de9	COMPONENT_OF	COMPOUND_COMPONENT_PARSE_REQUIRES_REVIEW	true
semantic-candidate:e9ae739006a815fbaf660959	semantic-relation:12d9397efd6cf65878228299	COMPONENT_OF	COMPOUND_COMPONENT_PARSE_REQUIRES_REVIEW	true
semantic-candidate:e9b9cc95c21f2eb1d173def2	semantic-relation:7eb5d7f12bbcf1f0b015111c	INSTANCE_OR_SPECIFIC_FORM_OF	V2_CONTAINMENT_CANDIDATE_NOT_EQUIVALENCE	true
semantic-candidate:e9bf14c448cb406b6e688199	semantic-relation:79deb4a0537406b5d71ba0c7	COMPONENT_OF	COMPOUND_COMPONENT_PARSE_REQUIRES_REVIEW	true
semantic-candidate:e9c09b2d109fcc8d0149d691	semantic-relation:36e72bbfb474c08ff5dfd17d	INSTANCE_OR_SPECIFIC_FORM_OF	V2_CONTAINMENT_CANDIDATE_NOT_EQUIVALENCE	true
semantic-candidate:e9ceebd2543fa5ea2fef35ca	semantic-relation:06c7a052ae7b439c362bc267	INSTANCE_OR_SPECIFIC_FORM_OF	V2_CONTAINMENT_CANDIDATE_NOT_EQUIVALENCE	true
semantic-candidate:e9d015a5452334aa7fbfe12d	semantic-relation:cb2a01260606605be232fc39	MODIFIES	MODIFIER_PARSE_REQUIRES_REVIEW	true
semantic-candidate:e9d32d63eb0920db1a8a2ee5	semantic-relation:220cfccf0a27f8656ce498f4	INSTANCE_OR_SPECIFIC_FORM_OF	V2_CONTAINMENT_CANDIDATE_NOT_EQUIVALENCE	true
semantic-candidate:e9eac4b0c7132156792acf2e	semantic-relation:e3c4e725d6b63217d9bc0303	INSTANCE_OR_SPECIFIC_FORM_OF	V2_CONTAINMENT_CANDIDATE_NOT_EQUIVALENCE	true
semantic-candidate:ea076a9de0b1c6f869aa7d26	semantic-relation:b3640f6e3f56975d0c5f7d6e	COMPONENT_OF	COMPOUND_COMPONENT_PARSE_REQUIRES_REVIEW	true
semantic-candidate:ea0c9de2f11f0a1c7aaa4544	semantic-relation:53ce2f110a114b9e6e77e6ee	INSTANCE_OR_SPECIFIC_FORM_OF	V2_CONTAINMENT_CANDIDATE_NOT_EQUIVALENCE	true
semantic-candidate:ea0ff8e070bfbc021bb5c95b	semantic-relation:4aff5fe484b5e71d553c98ca	INSTANCE_OR_SPECIFIC_FORM_OF	V2_CONTAINMENT_CANDIDATE_NOT_EQUIVALENCE	true
semantic-candidate:ea15b3176ad772e458e97dc8	semantic-relation:47366ceaa9d1c5d7db6c82b3	INSTANCE_OR_SPECIFIC_FORM_OF	V2_CONTAINMENT_CANDIDATE_NOT_EQUIVALENCE	true
semantic-candidate:ea1824597dd56be04e7bf8f9	semantic-relation:455ca89482208c801f119280	INSTANCE_OR_SPECIFIC_FORM_OF	V2_CONTAINMENT_CANDIDATE_NOT_EQUIVALENCE	true
semantic-candidate:ea1d2a7184527d3105a4a72f	semantic-relation:faf658d7da75585a1b409afb	MODIFIES	MODIFIER_PARSE_REQUIRES_REVIEW	true
semantic-candidate:ea26f05bb35d65bb85fddb3f	semantic-relation:d1261bb58f3085cd923de735	INSTANCE_OR_SPECIFIC_FORM_OF	V2_CONTAINMENT_CANDIDATE_NOT_EQUIVALENCE	true
semantic-candidate:ea31e12e6f186a5da7b260d2	semantic-relation:331cf3bd2dc7c7f52ea202c0	INSTANCE_OR_SPECIFIC_FORM_OF	V2_CONTAINMENT_CANDIDATE_NOT_EQUIVALENCE	true
semantic-candidate:ea41d1f84bd571f128080301	semantic-relation:7c0a7fa7588b3f512bafbab8	INSTANCE_OR_SPECIFIC_FORM_OF	V2_CONTAINMENT_CANDIDATE_NOT_EQUIVALENCE	true
semantic-candidate:ea48f78c302baadf2c3d391f	semantic-relation:9121926cbb16f20a464454b3	INSTANCE_OR_SPECIFIC_FORM_OF	V2_CONTAINMENT_CANDIDATE_NOT_EQUIVALENCE	true
semantic-candidate:ea4d380a91722f4fbe2c4d23	semantic-relation:1cb46460110bb82f44e31825	COMPONENT_OF	COMPOUND_COMPONENT_PARSE_REQUIRES_REVIEW	true
semantic-candidate:ea4f6994f88342f8367e03f2	semantic-relation:cf98729599b9ca725a9e9f76	INSTANCE_OR_SPECIFIC_FORM_OF	V2_CONTAINMENT_CANDIDATE_NOT_EQUIVALENCE	true
semantic-candidate:ea6a27a460e2f5666980c1f4	semantic-relation:6faafae8ade8779ee528613e	INSTANCE_OR_SPECIFIC_FORM_OF	V2_CONTAINMENT_CANDIDATE_NOT_EQUIVALENCE	true
semantic-candidate:ea7457904eb7df2982b2d688	semantic-relation:762851777fadab499bc81d8c	COMPONENT_OF	COMPOUND_COMPONENT_PARSE_REQUIRES_REVIEW	true
semantic-candidate:eaa5aa1f265b753e1bceb193	semantic-relation:f11fa37567cc1ffd1516dad9	COMPONENT_OF	COMPOUND_COMPONENT_PARSE_REQUIRES_REVIEW	true
semantic-candidate:eab61b6cf3ab15d50684f13f	semantic-relation:37f0474195b568538b56437a	COMPONENT_OF	COMPOUND_COMPONENT_PARSE_REQUIRES_REVIEW	true
semantic-candidate:eaba93e25a3933e1b25cef2e	semantic-relation:9a8170c0d14a3bff73f834db	COMPONENT_OF	COMPOUND_COMPONENT_PARSE_REQUIRES_REVIEW	true
semantic-candidate:eabf3b0215a95cd2631437ad	semantic-relation:e42575db3b2f33c1a15d6269	MODIFIES	MODIFIER_PARSE_REQUIRES_REVIEW	true
semantic-candidate:eacc97d07a97a96cf8ec4501	semantic-relation:a806dce64903685d6057b2c0	INSTANCE_OR_SPECIFIC_FORM_OF	V2_CONTAINMENT_CANDIDATE_NOT_EQUIVALENCE	true
semantic-candidate:ead2da6042f48ca5c468841d	semantic-relation:6d229e6d6d07f58dddb89921	INSTANCE_OR_SPECIFIC_FORM_OF	V2_CONTAINMENT_CANDIDATE_NOT_EQUIVALENCE	true
semantic-candidate:ead667365dd5c1590ff6e577	semantic-relation:19e2ac6fee908e562b530f69	MODIFIES	MODIFIER_PARSE_REQUIRES_REVIEW	true
semantic-candidate:eaf0f0791b11300805ca1141	semantic-relation:46853426e4cf3d79e0d078b4	COMPONENT_OF	COMPOUND_COMPONENT_PARSE_REQUIRES_REVIEW	true
semantic-candidate:eb0b7a7b06a6e7caa3eb2714	semantic-relation:beada093a6b72e942de356b1	COMPONENT_OF	COMPOUND_COMPONENT_PARSE_REQUIRES_REVIEW	true
semantic-candidate:eb1ac99c31178f02f4083f11	semantic-relation:846f2540f5e54576a07653c2	INSTANCE_OR_SPECIFIC_FORM_OF	V2_CONTAINMENT_CANDIDATE_NOT_EQUIVALENCE	true
semantic-candidate:eb36d8cc4b263cd8becc26f3	semantic-relation:0b273ae86c2b1f1320f51a0d	COMPONENT_OF	COMPOUND_COMPONENT_PARSE_REQUIRES_REVIEW	true
semantic-candidate:eb3dceeb927232ae3fa39cfd	semantic-relation:93f07b0cba0239a8a32f2bbf	COMPONENT_OF	COMPOUND_COMPONENT_PARSE_REQUIRES_REVIEW	true
semantic-candidate:eb457a0b67710c52f391b38c	semantic-relation:e2b858ad6bb4ea0f42ca13bc	INSTANCE_OR_SPECIFIC_FORM_OF	V2_CONTAINMENT_CANDIDATE_NOT_EQUIVALENCE	true
semantic-candidate:eb4594e4af7f02b332677e8b	semantic-relation:60f36c4155eedfc1c76a063f	COMPONENT_OF	COMPOUND_COMPONENT_PARSE_REQUIRES_REVIEW	true
semantic-candidate:eb4a79d0d095e87268a543d1	semantic-relation:e96ff90f11022bc26df58914	MODIFIES	MODIFIER_PARSE_REQUIRES_REVIEW	true
semantic-candidate:eb56d885d18457a3c4efa9cd	semantic-relation:a486314de4a95c896afb7c6c	INSTANCE_OR_SPECIFIC_FORM_OF	V2_CONTAINMENT_CANDIDATE_NOT_EQUIVALENCE	true
semantic-candidate:eb56d906a003a6a64279b7c5	semantic-relation:e489d86b883152d3ca0a3b4a	COMPONENT_OF	COMPOUND_COMPONENT_PARSE_REQUIRES_REVIEW	true
semantic-candidate:eb6e0108ea702ae5c8662e93	semantic-relation:3ab3851916a5be53671a6c1d	COMPONENT_OF	COMPOUND_COMPONENT_PARSE_REQUIRES_REVIEW	true
semantic-candidate:eb70bc059fc862d48bc11c31	semantic-relation:27ed3bf0187788ee2db6e8ce	INSTANCE_OR_SPECIFIC_FORM_OF	V2_CONTAINMENT_CANDIDATE_NOT_EQUIVALENCE	true
semantic-candidate:eb870b198d11e878016ab564	semantic-relation:d4041ec6ef59790d8ab2bbb7	INSTANCE_OR_SPECIFIC_FORM_OF	V2_CONTAINMENT_CANDIDATE_NOT_EQUIVALENCE	true
semantic-candidate:eb9b8de295cc9b4b14ef319e	semantic-relation:0ba419c9ba44981e390a4cce	INSTANCE_OR_SPECIFIC_FORM_OF	V2_CONTAINMENT_CANDIDATE_NOT_EQUIVALENCE	true
semantic-candidate:eba2e9644fb4de420743d1e4	semantic-relation:c34a2ea90c5642de5fab94da	MODIFIES	MODIFIER_PARSE_REQUIRES_REVIEW	true
semantic-candidate:ebb362a4339fe5fd9ebb9171	semantic-relation:3f454dc4f3b960c15ceb6ea8	COMPONENT_OF	COMPOUND_COMPONENT_PARSE_REQUIRES_REVIEW	true
semantic-candidate:ebb9efa88b2966a4b2331e2c	semantic-relation:439b378473b1e14cfe3cea01	MODIFIES	MODIFIER_PARSE_REQUIRES_REVIEW	true
semantic-candidate:ebbf8bab44608cc0c7708991	semantic-relation:595324673117a64843dcfcf6	COMPONENT_OF	COMPOUND_COMPONENT_PARSE_REQUIRES_REVIEW	true
semantic-candidate:ebc2336e976755b703af518f	semantic-relation:7ef71b182776c51976848fc0	MODIFIES	MODIFIER_PARSE_REQUIRES_REVIEW	true
semantic-candidate:ebcdaf26cfb54759d3f77c80	semantic-relation:6b60ea3641e739c8e6ea8d4f	MODIFIES	MODIFIER_PARSE_REQUIRES_REVIEW	true
semantic-candidate:ebd41c8b5997bd7b7ceae258	semantic-relation:4fa9712044d2f8ad940e7f3b	COMPONENT_OF	COMPOUND_COMPONENT_PARSE_REQUIRES_REVIEW	true
semantic-candidate:ebdbd58f81491c5ef295b4c2	semantic-relation:ae15d6e5f78c77acd66b1815	INSTANCE_OR_SPECIFIC_FORM_OF	V2_CONTAINMENT_CANDIDATE_NOT_EQUIVALENCE	true
semantic-candidate:ebdd20d062b3cf8c00316929	semantic-relation:380558ac40636b96f9063476	MODIFIES	MODIFIER_PARSE_REQUIRES_REVIEW	true
semantic-candidate:ebe831015615d6de68d0810f	semantic-relation:49fe82bcb59b575afc6e536a	MODIFIES	MODIFIER_PARSE_REQUIRES_REVIEW	true
semantic-candidate:ebf9784ea4c15c7861957b12	semantic-relation:37378094053d85a6e2a0067b	COMPONENT_OF	COMPOUND_COMPONENT_PARSE_REQUIRES_REVIEW	true
semantic-candidate:ebfdf1db99474512654bc4d7	semantic-relation:2cefcd04ce737dbe12825023	INSTANCE_OR_SPECIFIC_FORM_OF	V2_CONTAINMENT_CANDIDATE_NOT_EQUIVALENCE	true
semantic-candidate:ec1b6924f44d1265b8b538ca	semantic-relation:815671b1685c13f5eb3a97dd	INSTANCE_OR_SPECIFIC_FORM_OF	V2_CONTAINMENT_CANDIDATE_NOT_EQUIVALENCE	true
semantic-candidate:ec270b8f503907d73f81de98	semantic-relation:92e9be8a47fe19c813818944	INSTANCE_OR_SPECIFIC_FORM_OF	V2_CONTAINMENT_CANDIDATE_NOT_EQUIVALENCE	true
semantic-candidate:ec3639884a418f52e754ba0e	semantic-relation:1660b75d59145190b77042d8	COMPONENT_OF	COMPOUND_COMPONENT_PARSE_REQUIRES_REVIEW	true
semantic-candidate:ec4058fffc8709b48248ab36	semantic-relation:5b25410731fbfa9756b2be83	COMPONENT_OF	COMPOUND_COMPONENT_PARSE_REQUIRES_REVIEW	true
semantic-candidate:ec74680e90ffd6c2d16e4100	semantic-relation:23a2e73a54588a429a00aeb7	INSTANCE_OR_SPECIFIC_FORM_OF	V2_CONTAINMENT_CANDIDATE_NOT_EQUIVALENCE	true
semantic-candidate:ec7f8dbbd2ce74f6e32e7714	semantic-relation:26eac84a74a4548a980772a1	COMPONENT_OF	COMPOUND_COMPONENT_PARSE_REQUIRES_REVIEW	true
semantic-candidate:ec8ba8743eee74381902a08e	semantic-relation:0187e44f2fb6c50597c94293	INSTANCE_OR_SPECIFIC_FORM_OF	V2_CONTAINMENT_CANDIDATE_NOT_EQUIVALENCE	true
semantic-candidate:ec9e12a34f07ea622421bc3f	semantic-relation:4c5c8c0e1502117eb08fe558	INSTANCE_OR_SPECIFIC_FORM_OF	V2_CONTAINMENT_CANDIDATE_NOT_EQUIVALENCE	true
semantic-candidate:ecab8b7613bbda7577904a0b	semantic-relation:c352be30843b7ac4d66c4057	MODIFIES	MODIFIER_PARSE_REQUIRES_REVIEW	true
semantic-candidate:ecaba5cc8424ea07db947425	semantic-relation:b4586b116777a9a439192ea5	INSTANCE_OR_SPECIFIC_FORM_OF	V2_CONTAINMENT_CANDIDATE_NOT_EQUIVALENCE	true
semantic-candidate:ecaee055f03a074226934a6f	semantic-relation:1e58e22fae30ba94848ec81a	INSTANCE_OR_SPECIFIC_FORM_OF	V2_CONTAINMENT_CANDIDATE_NOT_EQUIVALENCE	true
semantic-candidate:ecb06689cd2e1984c9c6e41d	semantic-relation:866046d0fb31f07d35afd88b	COMPONENT_OF	COMPOUND_COMPONENT_PARSE_REQUIRES_REVIEW	true
semantic-candidate:ecbbfdec79d05c77e1a339c2	semantic-relation:352c880e7c0b602dee8db819	COMPONENT_OF	COMPOUND_COMPONENT_PARSE_REQUIRES_REVIEW	true
semantic-candidate:ecc640ba9aac98ce099f3811	semantic-relation:8731b162c99ec3542454b6cc	INSTANCE_OR_SPECIFIC_FORM_OF	V2_CONTAINMENT_CANDIDATE_NOT_EQUIVALENCE	true
semantic-candidate:eccda8cf4114b2b01369502d	semantic-relation:73f8692c5f7f85579f78a1bb	INSTANCE_OR_SPECIFIC_FORM_OF	V2_CONTAINMENT_CANDIDATE_NOT_EQUIVALENCE	true
semantic-candidate:ecd3f7926c21371dda5ba0d7	semantic-relation:f87e4c8b580c5fa10b4646de	INSTANCE_OR_SPECIFIC_FORM_OF	V2_CONTAINMENT_CANDIDATE_NOT_EQUIVALENCE	true
semantic-candidate:ecd8cdfd710c271e85d47448	semantic-relation:cd6694c6f82db1abf0485b40	COMPONENT_OF	COMPOUND_COMPONENT_PARSE_REQUIRES_REVIEW	true
semantic-candidate:ecd90883f16d0e1c30e8fad3	semantic-relation:5c1f16c95cdd77e7c6771071	COMPONENT_OF	COMPOUND_COMPONENT_PARSE_REQUIRES_REVIEW	true
semantic-candidate:ed190467ba13f7f82b896e67	semantic-relation:cab257228e23267f6c11f5e6	COMPONENT_OF	COMPOUND_COMPONENT_PARSE_REQUIRES_REVIEW	true
semantic-candidate:ed1e2a12b6aab9489c5f82be	semantic-relation:6a115de5bc6a78d320cdb5a6	INSTANCE_OR_SPECIFIC_FORM_OF	V2_CONTAINMENT_CANDIDATE_NOT_EQUIVALENCE	true
semantic-candidate:ed21c1101b6aeefea0ee0f07	semantic-relation:a303fce541631ecf93dc5a87	INSTANCE_OR_SPECIFIC_FORM_OF	V2_CONTAINMENT_CANDIDATE_NOT_EQUIVALENCE	true
semantic-candidate:ed22b747ffadfbc0355a641b	semantic-relation:42cebfd8b81cedcf06214f26	MODIFIES	MODIFIER_PARSE_REQUIRES_REVIEW	true
semantic-candidate:ed25813f2206129aa6a2ce36	semantic-relation:901631bf091c528d4c0a1836	INSTANCE_OR_SPECIFIC_FORM_OF	V2_CONTAINMENT_CANDIDATE_NOT_EQUIVALENCE	true
semantic-candidate:ed2754ed9d91520898aa3422	semantic-relation:20327c409142e20b3c327c02	MODIFIES	MODIFIER_PARSE_REQUIRES_REVIEW	true
semantic-candidate:ed2d0855133d27497df5a847	semantic-relation:8cd6fc7f1d4776af81dfe880	INSTANCE_OR_SPECIFIC_FORM_OF	V2_CONTAINMENT_CANDIDATE_NOT_EQUIVALENCE	true
semantic-candidate:ed4174e041546c56594376d2	semantic-relation:549cf8eed9d68f0331e6ffb3	INSTANCE_OR_SPECIFIC_FORM_OF	V2_CONTAINMENT_CANDIDATE_NOT_EQUIVALENCE	true
semantic-candidate:ed4886887fe899e14e8b6d90	semantic-relation:35d385e5248e7aec0c419f38	INSTANCE_OR_SPECIFIC_FORM_OF	V2_CONTAINMENT_CANDIDATE_NOT_EQUIVALENCE	true
semantic-candidate:ed4f9f25e3c9aa0d1fa92d8e	semantic-relation:a5e12159ebb7b74c19533961	COMPONENT_OF	COMPOUND_COMPONENT_PARSE_REQUIRES_REVIEW	true
semantic-candidate:ed52cdbc312b9bf94d6ad5ea	semantic-relation:59ba8f41cd1832b8e2a84c85	INSTANCE_OR_SPECIFIC_FORM_OF	V2_CONTAINMENT_CANDIDATE_NOT_EQUIVALENCE	true
semantic-candidate:ed5ef73c0e99962eef59b7fe	semantic-relation:ad7a47eb2ef41fc632a5fab8	INSTANCE_OR_SPECIFIC_FORM_OF	V2_CONTAINMENT_CANDIDATE_NOT_EQUIVALENCE	true
semantic-candidate:ed5fb45ea2e9ec55327440c5	semantic-relation:c5f6525fc52487acdac0c1f2	INSTANCE_OR_SPECIFIC_FORM_OF	V2_CONTAINMENT_CANDIDATE_NOT_EQUIVALENCE	true
semantic-candidate:ed637b52907919db24dbe6d7	semantic-relation:0926b2f7dfb66ebc6f693ce8	INSTANCE_OR_SPECIFIC_FORM_OF	V2_CONTAINMENT_CANDIDATE_NOT_EQUIVALENCE	true
semantic-candidate:ed95002f48c7986dda371108	semantic-relation:72e51bf03f6728a820696a4e	INSTANCE_OR_SPECIFIC_FORM_OF	V2_CONTAINMENT_CANDIDATE_NOT_EQUIVALENCE	true
semantic-candidate:ed98d0b322b43ca9b26de7ea	semantic-relation:45ae5e4462081fab4238b2e9	COMPONENT_OF	COMPOUND_COMPONENT_PARSE_REQUIRES_REVIEW	true
semantic-candidate:ed9b28e9033196d1583be43b	semantic-relation:b52d5520d85a0b73021d3885	INSTANCE_OR_SPECIFIC_FORM_OF	V2_CONTAINMENT_CANDIDATE_NOT_EQUIVALENCE	true
semantic-candidate:eda14c078d22829276f6aee1	semantic-relation:5276ead907952e61577627dd	INSTANCE_OR_SPECIFIC_FORM_OF	V2_CONTAINMENT_CANDIDATE_NOT_EQUIVALENCE	true
semantic-candidate:eda6ce950a5d350279abc697	semantic-relation:9cee183b731a85b17d7d69e8	INSTANCE_OR_SPECIFIC_FORM_OF	V2_CONTAINMENT_CANDIDATE_NOT_EQUIVALENCE	true
semantic-candidate:edaed8b9803b65cfacd68ffd	semantic-relation:cfe898007607552ff72030d4	INSTANCE_OR_SPECIFIC_FORM_OF	V2_CONTAINMENT_CANDIDATE_NOT_EQUIVALENCE	true
semantic-candidate:edc3b8b79398253db23f6d68	semantic-relation:9f852d9882739a399647780e	INSTANCE_OR_SPECIFIC_FORM_OF	V2_CONTAINMENT_CANDIDATE_NOT_EQUIVALENCE	true
semantic-candidate:edcc7e8e9677786594cf1bee	semantic-relation:31d4cecd9c24d0e782e1dc9a	INSTANCE_OR_SPECIFIC_FORM_OF	V2_CONTAINMENT_CANDIDATE_NOT_EQUIVALENCE	true
semantic-candidate:edcda2b0e5a729140d253b9b	semantic-relation:a8b511414aa53f7efb9a9fef	COMPONENT_OF	COMPOUND_COMPONENT_PARSE_REQUIRES_REVIEW	true
semantic-candidate:edcfe53d1669c237a1e6ed79	semantic-relation:11d17e1b94ab4fceffcb1614	COMPONENT_OF	COMPOUND_COMPONENT_PARSE_REQUIRES_REVIEW	true
semantic-candidate:eddbdfc20f69da6b6a956382	semantic-relation:0a8af4af6ae85edca0081174	COMPONENT_OF	COMPOUND_COMPONENT_PARSE_REQUIRES_REVIEW	true
semantic-candidate:edfbcbd0511ef1bba5b172a5	semantic-relation:ddcada18f31787b7411a553e	INSTANCE_OR_SPECIFIC_FORM_OF	V2_CONTAINMENT_CANDIDATE_NOT_EQUIVALENCE	true
semantic-candidate:ee1422141fac439194dc2a66	semantic-relation:dbbaabf6618c4ddb182184de	INSTANCE_OR_SPECIFIC_FORM_OF	V2_CONTAINMENT_CANDIDATE_NOT_EQUIVALENCE	true
semantic-candidate:ee1ee29ffa41b41f128f85cb	semantic-relation:50d2aaaedf7b57840bd79c51	INSTANCE_OR_SPECIFIC_FORM_OF	V2_CONTAINMENT_CANDIDATE_NOT_EQUIVALENCE	true
semantic-candidate:ee2660bed8718e548581ffd9	semantic-relation:f1288b258fc7bb544963ed2e	INSTANCE_OR_SPECIFIC_FORM_OF	V2_CONTAINMENT_CANDIDATE_NOT_EQUIVALENCE	true
semantic-candidate:ee2dbbecc4cd6c99b9814e66	semantic-relation:71394c6460dcc34e4b7ded04	INSTANCE_OR_SPECIFIC_FORM_OF	V2_CONTAINMENT_CANDIDATE_NOT_EQUIVALENCE	true
semantic-candidate:ee3119517a8736da61e17030	semantic-relation:e7b6d8a340c5e3646e541327	INSTANCE_OR_SPECIFIC_FORM_OF	V2_CONTAINMENT_CANDIDATE_NOT_EQUIVALENCE	true
semantic-candidate:ee31b46b98149fa071436341	semantic-relation:a00ff05e8f72d4200f9498db	INSTANCE_OR_SPECIFIC_FORM_OF	V2_CONTAINMENT_CANDIDATE_NOT_EQUIVALENCE	true
semantic-candidate:ee36338b5bdaef6658026939	semantic-relation:9825fdf293a19a73a33a11c5	COMPONENT_OF	COMPOUND_COMPONENT_PARSE_REQUIRES_REVIEW	true
semantic-candidate:ee39e5fbe008c62e4f6f1092	semantic-relation:2ccb5d2f1acb26aa843c16f1	INSTANCE_OR_SPECIFIC_FORM_OF	V2_CONTAINMENT_CANDIDATE_NOT_EQUIVALENCE	true
semantic-candidate:ee43e37fa3f3aec0607e813e	semantic-relation:f985bfa18053edad9803b972	COMPONENT_OF	COMPOUND_COMPONENT_PARSE_REQUIRES_REVIEW	true
semantic-candidate:ee49a6a3f32f9b3b4591e454	semantic-relation:5ace9ab5c0173c132d46cb66	INSTANCE_OR_SPECIFIC_FORM_OF	V2_CONTAINMENT_CANDIDATE_NOT_EQUIVALENCE	true
semantic-candidate:ee53f01087856ae92312cc8d	semantic-relation:eb133da6c709f2fc8885410a	INSTANCE_OR_SPECIFIC_FORM_OF	V2_CONTAINMENT_CANDIDATE_NOT_EQUIVALENCE	true
semantic-candidate:ee54818dde634503d6aab7e6	semantic-relation:7f0947f541a3b2837831c3bd	INSTANCE_OR_SPECIFIC_FORM_OF	V2_CONTAINMENT_CANDIDATE_NOT_EQUIVALENCE	true
semantic-candidate:ee6f0a8fa3537839f6b39995	semantic-relation:d9a495aed90ae587f6234f11	COMPONENT_OF	COMPOUND_COMPONENT_PARSE_REQUIRES_REVIEW	true
semantic-candidate:ee8806146c1ec88db573a425	semantic-relation:1c11ef4c0d31cc2a5d9b4695	COMPONENT_OF	COMPOUND_COMPONENT_PARSE_REQUIRES_REVIEW	true
semantic-candidate:ee93edaa7f2f2cf5d68d4a27	semantic-relation:91937fca1690c4ff5df3c64a	INSTANCE_OR_SPECIFIC_FORM_OF	V2_CONTAINMENT_CANDIDATE_NOT_EQUIVALENCE	true
semantic-candidate:ee9faa84f5aa82d453ae8706	semantic-relation:029b6a3e05c8a095ca0c05d4	COMPONENT_OF	COMPOUND_COMPONENT_PARSE_REQUIRES_REVIEW	true
semantic-candidate:eea6f598263ab95f0549ed76	semantic-relation:5b2f4de2fb31bd8aa8a9269b	COMPONENT_OF	COMPOUND_COMPONENT_PARSE_REQUIRES_REVIEW	true
semantic-candidate:eeac90cf5d50ef229032d145	semantic-relation:d4863b9a6941a2acfc5df1d5	COMPONENT_OF	COMPOUND_COMPONENT_PARSE_REQUIRES_REVIEW	true
semantic-candidate:eeafae1490e36919602ada65	semantic-relation:87eaf73ea414c16f3a7d0e4f	COMPONENT_OF	COMPOUND_COMPONENT_PARSE_REQUIRES_REVIEW	true
semantic-candidate:eeb5479ef7fd4dad97d1748f	semantic-relation:9df6992420e8fe0c983825eb	INSTANCE_OR_SPECIFIC_FORM_OF	V2_CONTAINMENT_CANDIDATE_NOT_EQUIVALENCE	true
semantic-candidate:eec53e5cbafb13322b6aaa6f	semantic-relation:6ef49b221f58e7392c15fa38	COMPONENT_OF	COMPOUND_COMPONENT_PARSE_REQUIRES_REVIEW	true
semantic-candidate:eecaaa99800858feb80c2297	semantic-relation:d35d52b60aeb6aeb780aef6c	COMPONENT_OF	COMPOUND_COMPONENT_PARSE_REQUIRES_REVIEW	true
semantic-candidate:eed18a207b6d2d3059f67ffd	semantic-relation:076a89ab444a34716a7dc208	COMPONENT_OF	COMPOUND_COMPONENT_PARSE_REQUIRES_REVIEW	true
semantic-candidate:eed8b81fc157cd6810543ac1	semantic-relation:098eb376561c613a676d69ff	COMPONENT_OF	COMPOUND_COMPONENT_PARSE_REQUIRES_REVIEW	true
semantic-candidate:eedef6506e8f694e91a65a82	semantic-relation:164c9346dbb2855b05c68323	INSTANCE_OR_SPECIFIC_FORM_OF	V2_CONTAINMENT_CANDIDATE_NOT_EQUIVALENCE	true
semantic-candidate:eee03021049559c5ab6dccd5	semantic-relation:8cc37611da5d3e134d95fe09	INSTANCE_OR_SPECIFIC_FORM_OF	V2_CONTAINMENT_CANDIDATE_NOT_EQUIVALENCE	true
semantic-candidate:eee4c1c06b6a3a71b120ff70	semantic-relation:78279d5650bfe4c678deb422	COMPONENT_OF	COMPOUND_COMPONENT_PARSE_REQUIRES_REVIEW	true
semantic-candidate:ef0c69af74d9fd4af002bcc6	semantic-relation:2c11eaf04e922394d35ea311	INSTANCE_OR_SPECIFIC_FORM_OF	V2_CONTAINMENT_CANDIDATE_NOT_EQUIVALENCE	true
semantic-candidate:ef1ea6c921ac6ed06c7591a6	semantic-relation:c472fe7a32fd3dac0579e302	INSTANCE_OR_SPECIFIC_FORM_OF	V2_CONTAINMENT_CANDIDATE_NOT_EQUIVALENCE	true
semantic-candidate:ef254657ce277d65c9060803	semantic-relation:914f60cd3beeaf14b3aa9d1a	INSTANCE_OR_SPECIFIC_FORM_OF	V2_CONTAINMENT_CANDIDATE_NOT_EQUIVALENCE	true
semantic-candidate:ef27e2c8fe7d3e96a2e5fc1e	semantic-relation:ab4ab6982c55c4dccfc27c1f	MODIFIES	MODIFIER_PARSE_REQUIRES_REVIEW	true
semantic-candidate:ef2d1af0723cdeb9be1462ff	semantic-relation:195895d930b810595ee840d2	INSTANCE_OR_SPECIFIC_FORM_OF	V2_CONTAINMENT_CANDIDATE_NOT_EQUIVALENCE	true
semantic-candidate:ef355fd066e2e38ed3ffb831	semantic-relation:5f664027134aac51810b2c34	COMPONENT_OF	COMPOUND_COMPONENT_PARSE_REQUIRES_REVIEW	true
semantic-candidate:ef5f43fd70219bdcbd0d8c8a	semantic-relation:e45044e40aee43d6764d3f4e	INSTANCE_OR_SPECIFIC_FORM_OF	V2_CONTAINMENT_CANDIDATE_NOT_EQUIVALENCE	true
semantic-candidate:ef686a20b7d98e8328306a67	semantic-relation:8a4470e37a506813c67fc074	INSTANCE_OR_SPECIFIC_FORM_OF	V2_CONTAINMENT_CANDIDATE_NOT_EQUIVALENCE	true
semantic-candidate:ef8d7d6f4832d54525aa9486	semantic-relation:0a3b184b1e3680b2ae4ff048	INSTANCE_OR_SPECIFIC_FORM_OF	V2_CONTAINMENT_CANDIDATE_NOT_EQUIVALENCE	true
semantic-candidate:ef9a0913c474eade69079929	semantic-relation:0c983f686eebfa82efc5698d	MODIFIES	MODIFIER_PARSE_REQUIRES_REVIEW	true
semantic-candidate:efa462d4b107298224d577a6	semantic-relation:42fa945243aacd49b9169681	INSTANCE_OR_SPECIFIC_FORM_OF	V2_CONTAINMENT_CANDIDATE_NOT_EQUIVALENCE	true
semantic-candidate:efaa044670a2cc2bfcab8a50	semantic-relation:a30f7c70bde0dce9dfafb235	INSTANCE_OR_SPECIFIC_FORM_OF	V2_CONTAINMENT_CANDIDATE_NOT_EQUIVALENCE	true
semantic-candidate:efc59cd7f0601336ed115d75	semantic-relation:fc3ea8cae3801803bf8e25f7	COMPONENT_OF	COMPOUND_COMPONENT_PARSE_REQUIRES_REVIEW	true
semantic-candidate:efc69928fb194ca8a19ae5dc	semantic-relation:b8fee480f2a1285fc4de8a30	COMPONENT_OF	COMPOUND_COMPONENT_PARSE_REQUIRES_REVIEW	true
semantic-candidate:efce32b2438c542b5f0b8768	semantic-relation:69609a2a6e537e1d03fb2b8f	MODIFIES	MODIFIER_PARSE_REQUIRES_REVIEW	true
semantic-candidate:efd89e8abc7965221cc6300e	semantic-relation:dba97af2a6f18ab0a450e214	COMPONENT_OF	COMPOUND_COMPONENT_PARSE_REQUIRES_REVIEW	true
semantic-candidate:efde6c553682d8139524d57b	semantic-relation:ec2c210a24efbebe3b8dffe9	INSTANCE_OR_SPECIFIC_FORM_OF	V2_CONTAINMENT_CANDIDATE_NOT_EQUIVALENCE	true
semantic-candidate:efe417a3bb6e3326477d5a82	semantic-relation:7e5c3ebf87a04b4ce08c4df1	COMPONENT_OF	COMPOUND_COMPONENT_PARSE_REQUIRES_REVIEW	true
semantic-candidate:eff52988705e263875d8f4a7	semantic-relation:4e91bbbd7a6dc4266f704979	COMPONENT_OF	COMPOUND_COMPONENT_PARSE_REQUIRES_REVIEW	true
semantic-candidate:eff84d051cf6b5a81b0fc2fc	semantic-relation:7ae9728822d42a3c0dbfc9d3	COMPONENT_OF	COMPOUND_COMPONENT_PARSE_REQUIRES_REVIEW	true
semantic-candidate:f011cfe93c1cd607522249ab	semantic-relation:4652330209b5638267003f1e	INSTANCE_OR_SPECIFIC_FORM_OF	V2_CONTAINMENT_CANDIDATE_NOT_EQUIVALENCE	true
semantic-candidate:f0127d5d07ed882951ebe448	semantic-relation:f82eeea40585940bd588259c	COMPONENT_OF	COMPOUND_COMPONENT_PARSE_REQUIRES_REVIEW	true
semantic-candidate:f027a89af6ca11899f0d2d86	semantic-relation:a2b9e5ea3b3a030da2c0bbc2	INSTANCE_OR_SPECIFIC_FORM_OF	V2_CONTAINMENT_CANDIDATE_NOT_EQUIVALENCE	true
semantic-candidate:f029ff2ea79203ee5005f62b	semantic-relation:d711b77a3a85537d5f73b138	INSTANCE_OR_SPECIFIC_FORM_OF	V2_CONTAINMENT_CANDIDATE_NOT_EQUIVALENCE	true
semantic-candidate:f02c496c049e6b69fe193db4	semantic-relation:26bc36e69cece46bbed9aec0	COMPONENT_OF	COMPOUND_COMPONENT_PARSE_REQUIRES_REVIEW	true
semantic-candidate:f04770594b5666fdfac558fb	semantic-relation:514e1ad8ef63896bf1ef1d13	MODIFIES	MODIFIER_PARSE_REQUIRES_REVIEW	true
semantic-candidate:f04fba7648a9edc56a57dcba	semantic-relation:53e0478d6e37c183f83d493e	INSTANCE_OR_SPECIFIC_FORM_OF	V2_CONTAINMENT_CANDIDATE_NOT_EQUIVALENCE	true
semantic-candidate:f0549167405b8e89cc883421	semantic-relation:285b02d72726ca63fb70e464	COMPONENT_OF	COMPOUND_COMPONENT_PARSE_REQUIRES_REVIEW	true
semantic-candidate:f0663f9a6ad7d9fe226470a0	semantic-relation:04d81515545f9a1762866fb0	INSTANCE_OR_SPECIFIC_FORM_OF	V2_CONTAINMENT_CANDIDATE_NOT_EQUIVALENCE	true
semantic-candidate:f06fe25f298e40ffdbd53af7	semantic-relation:ad217c247ded787a249e3567	INSTANCE_OR_SPECIFIC_FORM_OF	V2_CONTAINMENT_CANDIDATE_NOT_EQUIVALENCE	true
semantic-candidate:f094494934bbf77274ff8056	semantic-relation:52ace344c347dc2801fe6ff8	INSTANCE_OR_SPECIFIC_FORM_OF	V2_CONTAINMENT_CANDIDATE_NOT_EQUIVALENCE	true
semantic-candidate:f09b5e88aae3d46db0c7ff99	semantic-relation:96a3156d48ec501838abd4d3	INSTANCE_OR_SPECIFIC_FORM_OF	V2_CONTAINMENT_CANDIDATE_NOT_EQUIVALENCE	true
semantic-candidate:f0c5c96ca75f755cd480efc1	semantic-relation:e412991737602da6e8ec70aa	INSTANCE_OR_SPECIFIC_FORM_OF	V2_CONTAINMENT_CANDIDATE_NOT_EQUIVALENCE	true
semantic-candidate:f0cbdf1507fb0af18009f0c0	semantic-relation:fddb4a0ec6993960ddbba8c4	COMPONENT_OF	COMPOUND_COMPONENT_PARSE_REQUIRES_REVIEW	true
semantic-candidate:f0cc252f255b7e103e500c6c	semantic-relation:22f7935971fa42b81b2bcf10	COMPONENT_OF	COMPOUND_COMPONENT_PARSE_REQUIRES_REVIEW	true
semantic-candidate:f0d1c785da9b6d29d2ec4311	semantic-relation:cedbeac88c456d786f2c60bb	COMPONENT_OF	COMPOUND_COMPONENT_PARSE_REQUIRES_REVIEW	true
semantic-candidate:f0d94572fa69fb96226e7b87	semantic-relation:d71735df5a1b099fe3fb0ff1	MODIFIES	MODIFIER_PARSE_REQUIRES_REVIEW	true
semantic-candidate:f0de8b32b9c4871b6efb351c	semantic-relation:041276d1c69f877c51f870ed	COMPONENT_OF	COMPOUND_COMPONENT_PARSE_REQUIRES_REVIEW	true
semantic-candidate:f0f27cad2dc9fbf38107455b	semantic-relation:8c39915fe2640934ce632551	INSTANCE_OR_SPECIFIC_FORM_OF	V2_CONTAINMENT_CANDIDATE_NOT_EQUIVALENCE	true
semantic-candidate:f0f42af56c71a96d98fa4268	semantic-relation:5d2a44694ea5ace3f8d7d2a4	INSTANCE_OR_SPECIFIC_FORM_OF	V2_CONTAINMENT_CANDIDATE_NOT_EQUIVALENCE	true
semantic-candidate:f0fccf6c4cbd7102c83c918f	semantic-relation:6b883469319971ee6166e49c	INSTANCE_OR_SPECIFIC_FORM_OF	V2_CONTAINMENT_CANDIDATE_NOT_EQUIVALENCE	true
semantic-candidate:f10ad3bac3c595c92f059153	semantic-relation:1a72f85f96b92f8d4fe57f6c	INSTANCE_OR_SPECIFIC_FORM_OF	V2_CONTAINMENT_CANDIDATE_NOT_EQUIVALENCE	true
semantic-candidate:f113e4807a0ecb4277424601	semantic-relation:63726a7e224b0b1838ca9863	INSTANCE_OR_SPECIFIC_FORM_OF	V2_CONTAINMENT_CANDIDATE_NOT_EQUIVALENCE	true
semantic-candidate:f1259ca456d79514278c90b8	semantic-relation:87f37448a66f2e0901bfc170	COMPONENT_OF	COMPOUND_COMPONENT_PARSE_REQUIRES_REVIEW	true
semantic-candidate:f12bdda544413a55ff693acc	semantic-relation:af07b091c15a89dc1233c8c8	COMPONENT_OF	COMPOUND_COMPONENT_PARSE_REQUIRES_REVIEW	true
semantic-candidate:f14142bfe2b4a59262a103ef	semantic-relation:af0221be3b6a010a3a27e3a5	INSTANCE_OR_SPECIFIC_FORM_OF	V2_CONTAINMENT_CANDIDATE_NOT_EQUIVALENCE	true
semantic-candidate:f15670eda2e348c23e9feba4	semantic-relation:b031459ceaeea04d1dbec30d	INSTANCE_OR_SPECIFIC_FORM_OF	V2_CONTAINMENT_CANDIDATE_NOT_EQUIVALENCE	true
semantic-candidate:f157d65dee3bb069f6bc3d5c	semantic-relation:f6ec555325cf2dbf88196cb0	INSTANCE_OR_SPECIFIC_FORM_OF	V2_CONTAINMENT_CANDIDATE_NOT_EQUIVALENCE	true
semantic-candidate:f186fecd2c424d252a26b27e	semantic-relation:5d817d17c3d3fa5ad84b5378	COMPONENT_OF	COMPOUND_COMPONENT_PARSE_REQUIRES_REVIEW	true
semantic-candidate:f18dace6f69a1e328b58c30e	semantic-relation:724e6d1db36ae87db5db91e3	MODIFIES	MODIFIER_PARSE_REQUIRES_REVIEW	true
semantic-candidate:f1a2299099b96db5f9bbd208	semantic-relation:88883ef90476ed22fda07082	INSTANCE_OR_SPECIFIC_FORM_OF	V2_CONTAINMENT_CANDIDATE_NOT_EQUIVALENCE	true
semantic-candidate:f1a67a34b466a0ed4fb6c79d	semantic-relation:4bc75f73670614eb622b8e40	COMPONENT_OF	COMPOUND_COMPONENT_PARSE_REQUIRES_REVIEW	true
semantic-candidate:f1b651068ab00d112820597b	semantic-relation:c9998d138a466674a9c9faac	COMPONENT_OF	COMPOUND_COMPONENT_PARSE_REQUIRES_REVIEW	true
semantic-candidate:f1c6be0e441b878eed7dddb1	semantic-relation:e0c71b59fddd7564ef50b347	INSTANCE_OR_SPECIFIC_FORM_OF	V2_CONTAINMENT_CANDIDATE_NOT_EQUIVALENCE	true
semantic-candidate:f1c81a6fdf766044999ea2c5	semantic-relation:2d93210919984183f5e27feb	INSTANCE_OR_SPECIFIC_FORM_OF	V2_CONTAINMENT_CANDIDATE_NOT_EQUIVALENCE	true
semantic-candidate:f1f00c37d4a638d028de8876	semantic-relation:09667918d23e1f64480d7181	INSTANCE_OR_SPECIFIC_FORM_OF	V2_CONTAINMENT_CANDIDATE_NOT_EQUIVALENCE	true
semantic-candidate:f1fbbaf97ebb6c84a4b3f506	semantic-relation:11c2941803f5685b48a2ad1d	INSTANCE_OR_SPECIFIC_FORM_OF	V2_CONTAINMENT_CANDIDATE_NOT_EQUIVALENCE	true
semantic-candidate:f20d610e6e41538d13b9f4a0	semantic-relation:c590a8e1e124be8f7feb6e1f	INSTANCE_OR_SPECIFIC_FORM_OF	V2_CONTAINMENT_CANDIDATE_NOT_EQUIVALENCE	true
semantic-candidate:f223dd90dc7bff0c21da687a	semantic-relation:87a73ef3b465650752b8e48d	MODIFIES	MODIFIER_PARSE_REQUIRES_REVIEW	true
semantic-candidate:f22a6c134129ff2ec42a242f	semantic-relation:3d476ab4c5a073e0f8b875ae	COMPONENT_OF	COMPOUND_COMPONENT_PARSE_REQUIRES_REVIEW	true
semantic-candidate:f22bd221a7993334017def38	semantic-relation:b297b716a253b5e84541a105	INSTANCE_OR_SPECIFIC_FORM_OF	V2_CONTAINMENT_CANDIDATE_NOT_EQUIVALENCE	true
semantic-candidate:f24baff1642ea17c23c92149	semantic-relation:2edd9c8330ed9be8807157b9	MODIFIES	MODIFIER_PARSE_REQUIRES_REVIEW	true
semantic-candidate:f24d06f630a608d1e9e30ea6	semantic-relation:391c598fc4a419f594a58568	INSTANCE_OR_SPECIFIC_FORM_OF	V2_CONTAINMENT_CANDIDATE_NOT_EQUIVALENCE	true
semantic-candidate:f2724547be07083498134b1a	semantic-relation:49e3abf61d092c18b1e8c29f	INSTANCE_OR_SPECIFIC_FORM_OF	V2_CONTAINMENT_CANDIDATE_NOT_EQUIVALENCE	true
semantic-candidate:f27c84b65e86cabe67f82150	semantic-relation:8351846d010e3416c18650af	MODIFIES	MODIFIER_PARSE_REQUIRES_REVIEW	true
semantic-candidate:f2c7c005406ea16210134acb	semantic-relation:905d8d370fadbff36c164008	INSTANCE_OR_SPECIFIC_FORM_OF	V2_CONTAINMENT_CANDIDATE_NOT_EQUIVALENCE	true
semantic-candidate:f2c8679981ade96e5c077e8b	semantic-relation:c8026e827014e0ac477e0288	COMPONENT_OF	COMPOUND_COMPONENT_PARSE_REQUIRES_REVIEW	true
semantic-candidate:f2c9f3bce37fce996e9825c4	semantic-relation:690b3c3cc26b769f7e94d378	COMPONENT_OF	COMPOUND_COMPONENT_PARSE_REQUIRES_REVIEW	true
semantic-candidate:f2e2893a0a724e086049ffa0	semantic-relation:db153f52769531a52cf3b118	INSTANCE_OR_SPECIFIC_FORM_OF	V2_CONTAINMENT_CANDIDATE_NOT_EQUIVALENCE	true
semantic-candidate:f2e5d8f30f653c0a0bb9ec07	semantic-relation:dbcb778d56affa3630922e1e	COMPONENT_OF	COMPOUND_COMPONENT_PARSE_REQUIRES_REVIEW	true
semantic-candidate:f2fca429575738b94de079ae	semantic-relation:9aaf1fdc6e8825f9922bce97	INSTANCE_OR_SPECIFIC_FORM_OF	V2_CONTAINMENT_CANDIDATE_NOT_EQUIVALENCE	true
semantic-candidate:f2fd11d38dca356a2698be2f	semantic-relation:e0a0ef34cb40dc7a9a7465d8	INSTANCE_OR_SPECIFIC_FORM_OF	V2_CONTAINMENT_CANDIDATE_NOT_EQUIVALENCE	true
semantic-candidate:f3194ba5dadf1897271cafa6	semantic-relation:5094faeea64e5228c8c82e05	INSTANCE_OR_SPECIFIC_FORM_OF	V2_CONTAINMENT_CANDIDATE_NOT_EQUIVALENCE	true
semantic-candidate:f323376c51b1a095780668ea	semantic-relation:b40529db1338114231a655ae	INSTANCE_OR_SPECIFIC_FORM_OF	V2_CONTAINMENT_CANDIDATE_NOT_EQUIVALENCE	true
semantic-candidate:f323ee4066688c8beecbfd47	semantic-relation:e99e568a1caa807860a85912	INSTANCE_OR_SPECIFIC_FORM_OF	V2_CONTAINMENT_CANDIDATE_NOT_EQUIVALENCE	true
semantic-candidate:f330084f55acbeb0ae3d7442	semantic-relation:5c7766445a553983a1b5da7c	INSTANCE_OR_SPECIFIC_FORM_OF	V2_CONTAINMENT_CANDIDATE_NOT_EQUIVALENCE	true
semantic-candidate:f3419ccd3e16c0d59b968f29	semantic-relation:f6f0a2b737a8218f8afe9d63	INSTANCE_OR_SPECIFIC_FORM_OF	V2_CONTAINMENT_CANDIDATE_NOT_EQUIVALENCE	true
semantic-candidate:f354ca63fe2b02993f7a18a0	semantic-relation:d97a709f14903518373b79f4	COMPONENT_OF	COMPOUND_COMPONENT_PARSE_REQUIRES_REVIEW	true
semantic-candidate:f35754e37b33b3f7d2a13ec2	semantic-relation:b9fa708ee467093a2fda7cbc	INSTANCE_OR_SPECIFIC_FORM_OF	V2_CONTAINMENT_CANDIDATE_NOT_EQUIVALENCE	true
semantic-candidate:f358f38789883d9c708c154f	semantic-relation:8c6c0fab4146010efba86561	COMPONENT_OF	COMPOUND_COMPONENT_PARSE_REQUIRES_REVIEW	true
semantic-candidate:f360d70c06440b0b97bd3a2f	semantic-relation:15240e2bd92064ed83d417ed	COMPONENT_OF	COMPOUND_COMPONENT_PARSE_REQUIRES_REVIEW	true
semantic-candidate:f37e19e8908ba3f56d80d4d4	semantic-relation:9ce59a35871e595a90f1001d	INSTANCE_OR_SPECIFIC_FORM_OF	V2_CONTAINMENT_CANDIDATE_NOT_EQUIVALENCE	true
semantic-candidate:f37f6d86e05851ea4d567ac0	semantic-relation:0b65124a29d252197cc5439a	INSTANCE_OR_SPECIFIC_FORM_OF	V2_CONTAINMENT_CANDIDATE_NOT_EQUIVALENCE	true
semantic-candidate:f38ea513ea1d2ff097b932a4	semantic-relation:230b2ecfcac5339732702c37	INSTANCE_OR_SPECIFIC_FORM_OF	V2_CONTAINMENT_CANDIDATE_NOT_EQUIVALENCE	true
semantic-candidate:f396d96de7ce98a9d6b32fb8	semantic-relation:1e4575d0aab561c413438e52	INSTANCE_OR_SPECIFIC_FORM_OF	V2_CONTAINMENT_CANDIDATE_NOT_EQUIVALENCE	true
semantic-candidate:f39933ff73cd560ae1059639	semantic-relation:aabe821cd74c91d3f6c74916	COMPONENT_OF	COMPOUND_COMPONENT_PARSE_REQUIRES_REVIEW	true
semantic-candidate:f3a05877534adfbc5cb06649	semantic-relation:29677a895bcde88fcc17b987	INSTANCE_OR_SPECIFIC_FORM_OF	V2_CONTAINMENT_CANDIDATE_NOT_EQUIVALENCE	true
semantic-candidate:f3a47c131335dca9062f5281	semantic-relation:7dd56f535e527a08acd39bfe	COMPONENT_OF	COMPOUND_COMPONENT_PARSE_REQUIRES_REVIEW	true
semantic-candidate:f3b117b8d6312c318d8e40c8	semantic-relation:82e8d1975d93da4966f80574	COMPONENT_OF	COMPOUND_COMPONENT_PARSE_REQUIRES_REVIEW	true
semantic-candidate:f3bb961bc7a166aa72393e8f	semantic-relation:a5c707c071126eeb37fd863e	COMPONENT_OF	COMPOUND_COMPONENT_PARSE_REQUIRES_REVIEW	true
semantic-candidate:f3bc1ef36116306da99f476b	semantic-relation:bf817467573e1b4e151d9084	INSTANCE_OR_SPECIFIC_FORM_OF	V2_CONTAINMENT_CANDIDATE_NOT_EQUIVALENCE	true
semantic-candidate:f3c9a990a6651b8694e955c0	semantic-relation:0f28a0def8824a1a92646f0d	COMPONENT_OF	COMPOUND_COMPONENT_PARSE_REQUIRES_REVIEW	true
semantic-candidate:f3c9aa9883d5edd9576183d6	semantic-relation:e31c76131f0b51ef3fa3effd	INSTANCE_OR_SPECIFIC_FORM_OF	V2_CONTAINMENT_CANDIDATE_NOT_EQUIVALENCE	true
semantic-candidate:f3d7130cca2da0f0b2dd4624	semantic-relation:e30adff47d92b15e3628c563	COMPONENT_OF	COMPOUND_COMPONENT_PARSE_REQUIRES_REVIEW	true
semantic-candidate:f3e20224d2c29de869724a38	semantic-relation:87b82c7040fe9de8855bc4a8	COMPONENT_OF	COMPOUND_COMPONENT_PARSE_REQUIRES_REVIEW	true
semantic-candidate:f3eec93b20fdf68ee7b3db7c	semantic-relation:a7d20e17a4d5b94c75e58ad9	COMPONENT_OF	COMPOUND_COMPONENT_PARSE_REQUIRES_REVIEW	true
semantic-candidate:f3f4334033b3b13f4cd44894	semantic-relation:53130cce1c3a74a2de5824fa	COMPONENT_OF	COMPOUND_COMPONENT_PARSE_REQUIRES_REVIEW	true
semantic-candidate:f3f72346f63f571f0111ab9f	semantic-relation:2ff2e4e1dab9d5b47709c4af	INSTANCE_OR_SPECIFIC_FORM_OF	V2_CONTAINMENT_CANDIDATE_NOT_EQUIVALENCE	true
semantic-candidate:f4031599863edef003f52940	semantic-relation:85d81605795526f11a77c9e9	INSTANCE_OR_SPECIFIC_FORM_OF	V2_CONTAINMENT_CANDIDATE_NOT_EQUIVALENCE	true
semantic-candidate:f41ded1f7a0b730755b420bf	semantic-relation:4b2fb24b56823366a674b3d5	COMPONENT_OF	COMPOUND_COMPONENT_PARSE_REQUIRES_REVIEW	true
semantic-candidate:f42f440a42b11e7708caaccd	semantic-relation:0ce3ee8e496b2e00ea2f16a0	INSTANCE_OR_SPECIFIC_FORM_OF	V2_CONTAINMENT_CANDIDATE_NOT_EQUIVALENCE	true
semantic-candidate:f437a4a53675a6c8bcde3656	semantic-relation:ab4d5ce342d369548044b0b2	COMPONENT_OF	COMPOUND_COMPONENT_PARSE_REQUIRES_REVIEW	true
semantic-candidate:f44eb372a43fc05084a49efb	semantic-relation:ed8e08e1b54abb192d414e9e	COMPONENT_OF	COMPOUND_COMPONENT_PARSE_REQUIRES_REVIEW	true
semantic-candidate:f453e1ee675e7f9c3647639e	semantic-relation:c9ec3f8b5b9f69bc375c09a8	INSTANCE_OR_SPECIFIC_FORM_OF	V2_CONTAINMENT_CANDIDATE_NOT_EQUIVALENCE	true
semantic-candidate:f457e805c31b0c80db59d28d	semantic-relation:c928a2316db69c1577256e86	MODIFIES	MODIFIER_PARSE_REQUIRES_REVIEW	true
semantic-candidate:f45c324a884d3a308a22a511	semantic-relation:bbb3491cf092366c0d40eb31	INSTANCE_OR_SPECIFIC_FORM_OF	V2_CONTAINMENT_CANDIDATE_NOT_EQUIVALENCE	true
semantic-candidate:f46d1e213a7ce60c25906864	semantic-relation:fe5b09401e08b35998cb9c26	COMPONENT_OF	COMPOUND_COMPONENT_PARSE_REQUIRES_REVIEW	true
semantic-candidate:f4966d3a2d274cab1be957dd	semantic-relation:4b7dfbaeb560b5d1cfed44d5	COMPONENT_OF	COMPOUND_COMPONENT_PARSE_REQUIRES_REVIEW	true
semantic-candidate:f4974ee0f9b413f8347228ff	semantic-relation:ed972621fbd78480bc8dce8c	COMPONENT_OF	COMPOUND_COMPONENT_PARSE_REQUIRES_REVIEW	true
semantic-candidate:f4ba51140c956a9aaf0ad8e6	semantic-relation:bfbbe8d9289dfdb6504d083c	INSTANCE_OR_SPECIFIC_FORM_OF	V2_CONTAINMENT_CANDIDATE_NOT_EQUIVALENCE	true
semantic-candidate:f4bcfa151337d4157674eafb	semantic-relation:f827be64b757770e204e2b66	INSTANCE_OR_SPECIFIC_FORM_OF	V2_CONTAINMENT_CANDIDATE_NOT_EQUIVALENCE	true
semantic-candidate:f4c47c1c3e56c608b18780ae	semantic-relation:6d65ce4cfaead6d8b9c555ef	INSTANCE_OR_SPECIFIC_FORM_OF	V2_CONTAINMENT_CANDIDATE_NOT_EQUIVALENCE	true
semantic-candidate:f4ce0db811ca0b8a8cb9b144	semantic-relation:40800970bdfb2a81670e81ee	COMPONENT_OF	COMPOUND_COMPONENT_PARSE_REQUIRES_REVIEW	true
semantic-candidate:f4efa08f1ea464067aa1ac07	semantic-relation:a4ce0a0bf18f22bc0197ccea	MODIFIES	MODIFIER_PARSE_REQUIRES_REVIEW	true
semantic-candidate:f5167c0a418cd839f2b0928b	semantic-relation:6d560b7cf9d05618b0217bbd	COMPONENT_OF	COMPOUND_COMPONENT_PARSE_REQUIRES_REVIEW	true
semantic-candidate:f52fc40214d76f60ed900682	semantic-relation:6aaf19e842653cb2de3b3a63	COMPONENT_OF	COMPOUND_COMPONENT_PARSE_REQUIRES_REVIEW	true
semantic-candidate:f540e8d2eb1716952d31b31f	semantic-relation:2cde9e4bc66573e034d930ca	INSTANCE_OR_SPECIFIC_FORM_OF	V2_CONTAINMENT_CANDIDATE_NOT_EQUIVALENCE	true
semantic-candidate:f55201366b45960925cf0aea	semantic-relation:918cb57c1198034666df90b0	INSTANCE_OR_SPECIFIC_FORM_OF	V2_CONTAINMENT_CANDIDATE_NOT_EQUIVALENCE	true
semantic-candidate:f55243d43a51e3718bdf1de3	semantic-relation:2432874091894b32b43239e8	COMPONENT_OF	COMPOUND_COMPONENT_PARSE_REQUIRES_REVIEW	true
semantic-candidate:f55a783b9ab31a9054ffc881	semantic-relation:f3da63d80d8c15967b7842b1	INSTANCE_OR_SPECIFIC_FORM_OF	V2_CONTAINMENT_CANDIDATE_NOT_EQUIVALENCE	true
semantic-candidate:f55b167f95b9f422a4809aba	semantic-relation:58fc1b2e7323da4162c5e222	INSTANCE_OR_SPECIFIC_FORM_OF	V2_CONTAINMENT_CANDIDATE_NOT_EQUIVALENCE	true
semantic-candidate:f55e6c4ffa311ba17ec86d72	semantic-relation:28cc9f4cac02ab5d10e12c59	INSTANCE_OR_SPECIFIC_FORM_OF	V2_CONTAINMENT_CANDIDATE_NOT_EQUIVALENCE	true
semantic-candidate:f561b815e8a3cd16cbcaa404	semantic-relation:70dd0574a9a9d8ebb8f2f59c	COMPONENT_OF	COMPOUND_COMPONENT_PARSE_REQUIRES_REVIEW	true
semantic-candidate:f56d2ee84e9f267b0b5d8462	semantic-relation:07dbe50520885767f01174b5	COMPONENT_OF	COMPOUND_COMPONENT_PARSE_REQUIRES_REVIEW	true
semantic-candidate:f58d16175d2399b82f5847f0	semantic-relation:544cf3eadd69298c545856e9	COMPONENT_OF	COMPOUND_COMPONENT_PARSE_REQUIRES_REVIEW	true
semantic-candidate:f59557b79cc8466dc6ddc816	semantic-relation:941e24fe00199acda6e3a05a	INSTANCE_OR_SPECIFIC_FORM_OF	V2_CONTAINMENT_CANDIDATE_NOT_EQUIVALENCE	true
semantic-candidate:f5a85e14b0f5de6feee18f72	semantic-relation:e6d019c6c301785269382e85	COMPONENT_OF	COMPOUND_COMPONENT_PARSE_REQUIRES_REVIEW	true
semantic-candidate:f5b0e56193748b6252cbf832	semantic-relation:6b256746ee0604188ddf82e6	COMPONENT_OF	COMPOUND_COMPONENT_PARSE_REQUIRES_REVIEW	true
semantic-candidate:f5bb811baa4464bc89ec6bee	semantic-relation:c161f97e07925dd94afd1bb6	INSTANCE_OR_SPECIFIC_FORM_OF	V2_CONTAINMENT_CANDIDATE_NOT_EQUIVALENCE	true
semantic-candidate:f5d4575bd7ff0114dc18ffca	semantic-relation:4dd9eba58c8af39cf3d7d76e	INSTANCE_OR_SPECIFIC_FORM_OF	V2_CONTAINMENT_CANDIDATE_NOT_EQUIVALENCE	true
semantic-candidate:f5d7e068df5a7fef2a0242a2	semantic-relation:d760a92ef995260dd1334b2c	INSTANCE_OR_SPECIFIC_FORM_OF	V2_CONTAINMENT_CANDIDATE_NOT_EQUIVALENCE	true
semantic-candidate:f5dbff8497c0340468f7e708	semantic-relation:7f3be41e64cc33cfd9145aa3	MODIFIES	MODIFIER_PARSE_REQUIRES_REVIEW	true
semantic-candidate:f60c9cdc32257098c32e64bd	semantic-relation:3332925fbecb97953adde985	INSTANCE_OR_SPECIFIC_FORM_OF	V2_CONTAINMENT_CANDIDATE_NOT_EQUIVALENCE	true
semantic-candidate:f6129dc445a1d214a717dadd	semantic-relation:cbd75e72817da650c4f44215	MODIFIES	MODIFIER_PARSE_REQUIRES_REVIEW	true
semantic-candidate:f627448b532b493129a6b386	semantic-relation:3550ecc3580fc2aefaf8061a	INSTANCE_OR_SPECIFIC_FORM_OF	V2_CONTAINMENT_CANDIDATE_NOT_EQUIVALENCE	true
semantic-candidate:f62a1724f4153637953f4001	semantic-relation:68604fa0011b701d4f7f10b5	MODIFIES	MODIFIER_PARSE_REQUIRES_REVIEW	true
semantic-candidate:f63139a796e98887785f03a4	semantic-relation:6642ad39244b62b791e654a7	INSTANCE_OR_SPECIFIC_FORM_OF	V2_CONTAINMENT_CANDIDATE_NOT_EQUIVALENCE	true
semantic-candidate:f6518768be596f63565e9775	semantic-relation:ca7f756b93c1add4a5159feb	COMPONENT_OF	COMPOUND_COMPONENT_PARSE_REQUIRES_REVIEW	true
semantic-candidate:f65274f9bcc6a1f028831710	semantic-relation:ddf80b966e2ca4eae39a8d75	INSTANCE_OR_SPECIFIC_FORM_OF	V2_CONTAINMENT_CANDIDATE_NOT_EQUIVALENCE	true
semantic-candidate:f65ac9e3a6f83b70eba723d6	semantic-relation:73b0dabfe3312700b9a08d9b	INSTANCE_OR_SPECIFIC_FORM_OF	V2_CONTAINMENT_CANDIDATE_NOT_EQUIVALENCE	true
semantic-candidate:f65d657b3bb0808af468c4ba	semantic-relation:838fa24bc1b76f2f4816bb22	COMPONENT_OF	COMPOUND_COMPONENT_PARSE_REQUIRES_REVIEW	true
semantic-candidate:f6662102fab4fcd28495c97d	semantic-relation:3658e8baececf9b5a9483b69	INSTANCE_OR_SPECIFIC_FORM_OF	V2_CONTAINMENT_CANDIDATE_NOT_EQUIVALENCE	true
semantic-candidate:f671b09728bdbc831af9320b	semantic-relation:4c2c00ea58f8261c442ffb15	INSTANCE_OR_SPECIFIC_FORM_OF	V2_CONTAINMENT_CANDIDATE_NOT_EQUIVALENCE	true
semantic-candidate:f67653eb96763f0f4591fa63	semantic-relation:c8a6dd7f41e543bb137b550c	COMPONENT_OF	COMPOUND_COMPONENT_PARSE_REQUIRES_REVIEW	true
semantic-candidate:f68289def261f1c270b9a4ce	semantic-relation:ff6bbc90802bd65e6f9200b0	COMPONENT_OF	COMPOUND_COMPONENT_PARSE_REQUIRES_REVIEW	true
semantic-candidate:f6945ab595f0e0037ecd254d	semantic-relation:e2e225ba4f51621584f40f57	INSTANCE_OR_SPECIFIC_FORM_OF	V2_CONTAINMENT_CANDIDATE_NOT_EQUIVALENCE	true
semantic-candidate:f6bef1581b012d483936444d	semantic-relation:fcee84fa609088b4cc17abeb	MODIFIES	MODIFIER_PARSE_REQUIRES_REVIEW	true
semantic-candidate:f6c1597e1bc8708582450e0e	semantic-relation:02467f0a7e3613d0932020ba	INSTANCE_OR_SPECIFIC_FORM_OF	V2_CONTAINMENT_CANDIDATE_NOT_EQUIVALENCE	true
semantic-candidate:f6ca7bff0cfac6f22fac676c	semantic-relation:2a3721065ab549efc2fb1f2a	COMPONENT_OF	COMPOUND_COMPONENT_PARSE_REQUIRES_REVIEW	true
semantic-candidate:f6cfc9b12635adc9f448c0c3	semantic-relation:c7509a0b481d477364554c9f	INSTANCE_OR_SPECIFIC_FORM_OF	V2_CONTAINMENT_CANDIDATE_NOT_EQUIVALENCE	true
semantic-candidate:f6d847e988351dc6492aef0b	semantic-relation:3308776affdc1519c931a7f2	INSTANCE_OR_SPECIFIC_FORM_OF	V2_CONTAINMENT_CANDIDATE_NOT_EQUIVALENCE	true
semantic-candidate:f6e72b24c6d9eb95261b2406	semantic-relation:069c3d8c5ee4826c0947f314	INSTANCE_OR_SPECIFIC_FORM_OF	V2_CONTAINMENT_CANDIDATE_NOT_EQUIVALENCE	true
semantic-candidate:f6e89dadb176ca7cc23f300a	semantic-relation:f7b588592b38aadf908c5190	COMPONENT_OF	COMPOUND_COMPONENT_PARSE_REQUIRES_REVIEW	true
semantic-candidate:f7023a3cd0ab675254acf106	semantic-relation:439f2a655a81d917b000a676	COMPONENT_OF	COMPOUND_COMPONENT_PARSE_REQUIRES_REVIEW	true
semantic-candidate:f704a60a0d94137a5001cb23	semantic-relation:312765d50406c416ce58d1bc	MODIFIES	MODIFIER_PARSE_REQUIRES_REVIEW	true
semantic-candidate:f70a304cc28d82bb7cafe617	semantic-relation:647e20173148db39ff2a98f9	INSTANCE_OR_SPECIFIC_FORM_OF	V2_CONTAINMENT_CANDIDATE_NOT_EQUIVALENCE	true
semantic-candidate:f70ee4bd2fbfa897c3332710	semantic-relation:d3c92b6c66875e2c2cd42124	MODIFIES	MODIFIER_PARSE_REQUIRES_REVIEW	true
semantic-candidate:f7166b7aa1205db17066910a	semantic-relation:c18641edc9186807019f3a8c	INSTANCE_OR_SPECIFIC_FORM_OF	V2_CONTAINMENT_CANDIDATE_NOT_EQUIVALENCE	true
semantic-candidate:f719b94eee16a58a1a3a50b9	semantic-relation:a65106861d3dacf683ccfc17	MODIFIES	MODIFIER_PARSE_REQUIRES_REVIEW	true
semantic-candidate:f721bf92ade91190ef9fdfb1	semantic-relation:599975502e41b4f3cad496e1	INSTANCE_OR_SPECIFIC_FORM_OF	V2_CONTAINMENT_CANDIDATE_NOT_EQUIVALENCE	true
semantic-candidate:f7388047e67ba1b069cc2741	semantic-relation:7f7c6096f7e58cdb4a2f9dcc	COMPONENT_OF	COMPOUND_COMPONENT_PARSE_REQUIRES_REVIEW	true
semantic-candidate:f7475114e5838400156df780	semantic-relation:a500a47dabe6daf4c6b9c7b0	INSTANCE_OR_SPECIFIC_FORM_OF	V2_CONTAINMENT_CANDIDATE_NOT_EQUIVALENCE	true
semantic-candidate:f7596008d7f40235982f70e3	semantic-relation:f949b0f230ed963d79856e68	INSTANCE_OR_SPECIFIC_FORM_OF	V2_CONTAINMENT_CANDIDATE_NOT_EQUIVALENCE	true
semantic-candidate:f7644e69235ed3e29efac02d	semantic-relation:8f2fc97a6b675a1708428b6e	MODIFIES	MODIFIER_PARSE_REQUIRES_REVIEW	true
semantic-candidate:f764ebdf814c30ce8fca6c94	semantic-relation:3581e0ce6f7bb53e71bede0e	COMPONENT_OF	COMPOUND_COMPONENT_PARSE_REQUIRES_REVIEW	true
semantic-candidate:f765c0e727db95c189f3f2d0	semantic-relation:15f5009880b6ddd7c179bf5b	MODIFIES	MODIFIER_PARSE_REQUIRES_REVIEW	true
semantic-candidate:f76c29a1bf44d063eb17894c	semantic-relation:125bbcf79cc4c5b5c92efd22	INSTANCE_OR_SPECIFIC_FORM_OF	V2_CONTAINMENT_CANDIDATE_NOT_EQUIVALENCE	true
semantic-candidate:f773c90be50dbb418c5fc51e	semantic-relation:6028763b36d2f7829ec0e463	COMPONENT_OF	COMPOUND_COMPONENT_PARSE_REQUIRES_REVIEW	true
semantic-candidate:f778ba5ddae90d2a1f209544	semantic-relation:6d33a3d87b6846a686d35164	INSTANCE_OR_SPECIFIC_FORM_OF	V2_CONTAINMENT_CANDIDATE_NOT_EQUIVALENCE	true
semantic-candidate:f77a2a9d55f4c92599a07527	semantic-relation:b1fbd13a0b6f3b2d0e25f505	INSTANCE_OR_SPECIFIC_FORM_OF	V2_CONTAINMENT_CANDIDATE_NOT_EQUIVALENCE	true
semantic-candidate:f77de03f2600f7951b8017c3	semantic-relation:d3af220daa4d620cf73bc6aa	COMPONENT_OF	COMPOUND_COMPONENT_PARSE_REQUIRES_REVIEW	true
semantic-candidate:f7802610134c554509e7dd2b	semantic-relation:1836c22150a8bba9df6087e8	COMPONENT_OF	COMPOUND_COMPONENT_PARSE_REQUIRES_REVIEW	true
semantic-candidate:f7833292151e93fb2c8a1b88	semantic-relation:34bce81112bd80b0d91ac16c	COMPONENT_OF	COMPOUND_COMPONENT_PARSE_REQUIRES_REVIEW	true
semantic-candidate:f78d54a9654b7eb0d6e62900	semantic-relation:0e4545511134bcaa4200cabd	INSTANCE_OR_SPECIFIC_FORM_OF	V2_CONTAINMENT_CANDIDATE_NOT_EQUIVALENCE	true
semantic-candidate:f78df00ea5c7d9dc61976619	semantic-relation:9d95bf3ffb7e10cfbab27b68	COMPONENT_OF	COMPOUND_COMPONENT_PARSE_REQUIRES_REVIEW	true
semantic-candidate:f79f9ef313421a2eda887d77	semantic-relation:45a7a6c38d800e40f86319d4	COMPONENT_OF	COMPOUND_COMPONENT_PARSE_REQUIRES_REVIEW	true
semantic-candidate:f7b7742b6247cd195900acd7	semantic-relation:d7d89a5a34a19038748d3fe5	COMPONENT_OF	COMPOUND_COMPONENT_PARSE_REQUIRES_REVIEW	true
semantic-candidate:f7c1fc9a05eca78527fe4ee3	semantic-relation:5749c3336679c35b5818707b	INSTANCE_OR_SPECIFIC_FORM_OF	V2_CONTAINMENT_CANDIDATE_NOT_EQUIVALENCE	true
semantic-candidate:f7cac0eb0f7046f5afa41f7f	semantic-relation:95cb5ef265511cbd83514015	INSTANCE_OR_SPECIFIC_FORM_OF	V2_CONTAINMENT_CANDIDATE_NOT_EQUIVALENCE	true
semantic-candidate:f7d892a917ca06ae0cd78471	semantic-relation:ea53308d881b0c5713101e84	INSTANCE_OR_SPECIFIC_FORM_OF	V2_CONTAINMENT_CANDIDATE_NOT_EQUIVALENCE	true
semantic-candidate:f7db308d59f79f7629f34309	semantic-relation:19c14321a8f534cbeb38fb92	INSTANCE_OR_SPECIFIC_FORM_OF	V2_CONTAINMENT_CANDIDATE_NOT_EQUIVALENCE	true
semantic-candidate:f7e4d941f0cce29ec7dc73c4	semantic-relation:d6594453438d6275a41fa6f3	INSTANCE_OR_SPECIFIC_FORM_OF	V2_CONTAINMENT_CANDIDATE_NOT_EQUIVALENCE	true
semantic-candidate:f7faba7213dacc7313a955d4	semantic-relation:0cfe42ab2cf1f762422a24c9	MODIFIES	MODIFIER_PARSE_REQUIRES_REVIEW	true
semantic-candidate:f8090f7a42ad113c39178396	semantic-relation:80275ec21ee9ca9b81870437	COMPONENT_OF	COMPOUND_COMPONENT_PARSE_REQUIRES_REVIEW	true
semantic-candidate:f80dbfd5fc09442bf820f2a1	semantic-relation:3579bb5ce2be38186f294810	COMPONENT_OF	COMPOUND_COMPONENT_PARSE_REQUIRES_REVIEW	true
semantic-candidate:f813f1a8cc1a06b4d24ef705	semantic-relation:e3cf7b0daf220549bc28661b	COMPONENT_OF	COMPOUND_COMPONENT_PARSE_REQUIRES_REVIEW	true
semantic-candidate:f84115069d659475b597f920	semantic-relation:35f01c4ef793d116e4470aa0	COMPONENT_OF	COMPOUND_COMPONENT_PARSE_REQUIRES_REVIEW	true
semantic-candidate:f8427d8a577ee3ffdf9a1550	semantic-relation:5815176faa76e066ad8a6ca2	INSTANCE_OR_SPECIFIC_FORM_OF	V2_CONTAINMENT_CANDIDATE_NOT_EQUIVALENCE	true
semantic-candidate:f859610f905e8b864265ab27	semantic-relation:71953424d0b6b15444350d25	INSTANCE_OR_SPECIFIC_FORM_OF	V2_CONTAINMENT_CANDIDATE_NOT_EQUIVALENCE	true
semantic-candidate:f85ad608a2b7e89e0de90141	semantic-relation:13047d50646f0c3d0994b564	MODIFIES	MODIFIER_PARSE_REQUIRES_REVIEW	true
semantic-candidate:f8611a0b0ff5ae3aedf3ab33	semantic-relation:87961ac8d0ba41ea3c36118c	COMPONENT_OF	COMPOUND_COMPONENT_PARSE_REQUIRES_REVIEW	true
semantic-candidate:f878f69c06e1e8b605679bc9	semantic-relation:0832b8f0815de873a01fa068	MODIFIES	MODIFIER_PARSE_REQUIRES_REVIEW	true
semantic-candidate:f87ed5415adb462d98a9aa47	semantic-relation:42f2b919877c7c6520e08a9c	MODIFIES	MODIFIER_PARSE_REQUIRES_REVIEW	true
semantic-candidate:f88aed82539f340f42dd0b9a	semantic-relation:6b51a005d03c6901d2332863	COMPONENT_OF	COMPOUND_COMPONENT_PARSE_REQUIRES_REVIEW	true
semantic-candidate:f88c1f546937b32702c7865a	semantic-relation:fbf052c702f82833ade00a98	INSTANCE_OR_SPECIFIC_FORM_OF	V2_CONTAINMENT_CANDIDATE_NOT_EQUIVALENCE	true
semantic-candidate:f88e0bcc9d7ded30db016613	semantic-relation:bf8854076ad99ac96f7123a1	COMPONENT_OF	COMPOUND_COMPONENT_PARSE_REQUIRES_REVIEW	true
semantic-candidate:f893e4d38cffdea73ce13565	semantic-relation:c6a3dc152c86045ab9c0a7c4	COMPONENT_OF	COMPOUND_COMPONENT_PARSE_REQUIRES_REVIEW	true
semantic-candidate:f89eedada5a5b4d571e17c36	semantic-relation:2e7c204ddbcb658096665bcd	COMPONENT_OF	COMPOUND_COMPONENT_PARSE_REQUIRES_REVIEW	true
semantic-candidate:f8b2133540a4e48d103390a5	semantic-relation:757eb2a4d230761e0f125845	COMPONENT_OF	COMPOUND_COMPONENT_PARSE_REQUIRES_REVIEW	true
semantic-candidate:f8d15c9d5ec5e2ed4d2699b7	semantic-relation:8cc7ad86d82b37093267ed79	COMPONENT_OF	COMPOUND_COMPONENT_PARSE_REQUIRES_REVIEW	true
semantic-candidate:f8d7e43915a866c67b5623a9	semantic-relation:772475bc6de638cb9cbe3bfa	INSTANCE_OR_SPECIFIC_FORM_OF	V2_CONTAINMENT_CANDIDATE_NOT_EQUIVALENCE	true
semantic-candidate:f90b1cd963cee29095b498d8	semantic-relation:5bd9c8fe246c5b926c695b84	COMPONENT_OF	COMPOUND_COMPONENT_PARSE_REQUIRES_REVIEW	true
semantic-candidate:f90eda1232c24875b8af1608	semantic-relation:f2d9b35bf0507b2f3dccf087	INSTANCE_OR_SPECIFIC_FORM_OF	V2_CONTAINMENT_CANDIDATE_NOT_EQUIVALENCE	true
semantic-candidate:f9109811a10d992e96589bb0	semantic-relation:8c30ad50bf8af9747feeac7f	INSTANCE_OR_SPECIFIC_FORM_OF	V2_CONTAINMENT_CANDIDATE_NOT_EQUIVALENCE	true
semantic-candidate:f9193546c32cb54e6cd9671b	semantic-relation:fe00bf76c58b133f21676d31	COMPONENT_OF	COMPOUND_COMPONENT_PARSE_REQUIRES_REVIEW	true
semantic-candidate:f91de386112e97cc09ae661d	semantic-relation:32d5215a36fdd936e126013e	COMPONENT_OF	COMPOUND_COMPONENT_PARSE_REQUIRES_REVIEW	true
semantic-candidate:f92e13d8e01f40ca13e59383	semantic-relation:a7a4f7b01243c574c78999b6	COMPONENT_OF	COMPOUND_COMPONENT_PARSE_REQUIRES_REVIEW	true
semantic-candidate:f9355c531507b67ef0d34bbe	semantic-relation:dd9f4cfc879f7c49e9e98006	COMPONENT_OF	COMPOUND_COMPONENT_PARSE_REQUIRES_REVIEW	true
semantic-candidate:f938175fa88d5d71be0bd507	semantic-relation:cc58048f54bd314716882fd0	INSTANCE_OR_SPECIFIC_FORM_OF	V2_CONTAINMENT_CANDIDATE_NOT_EQUIVALENCE	true
semantic-candidate:f93a07ff133e58ef1d98a5e1	semantic-relation:a473bdadd30bc94752aa2cf7	COMPONENT_OF	COMPOUND_COMPONENT_PARSE_REQUIRES_REVIEW	true
semantic-candidate:f95baf7dd7e39602c989153a	semantic-relation:021245d990f9e6431879aad8	INSTANCE_OR_SPECIFIC_FORM_OF	V2_CONTAINMENT_CANDIDATE_NOT_EQUIVALENCE	true
semantic-candidate:f96e9bb10bcf181469c1b765	semantic-relation:119d31e1011f0e401c89f7b2	COMPONENT_OF	COMPOUND_COMPONENT_PARSE_REQUIRES_REVIEW	true
semantic-candidate:f98a99edb19f4bea3703df90	semantic-relation:41eabe2f2b6e03115a596400	INSTANCE_OR_SPECIFIC_FORM_OF	V2_CONTAINMENT_CANDIDATE_NOT_EQUIVALENCE	true
semantic-candidate:f994a5984dcee17e94992281	semantic-relation:e96b242385519f93453de09b	INSTANCE_OR_SPECIFIC_FORM_OF	V2_CONTAINMENT_CANDIDATE_NOT_EQUIVALENCE	true
semantic-candidate:f9b5723b9080bc1aa7377e52	semantic-relation:6cde5247af301d8d5ff58815	MODIFIES	MODIFIER_PARSE_REQUIRES_REVIEW	true
semantic-candidate:f9c250970e58381c00a8425b	semantic-relation:83cdc3aab1fd2e604823470a	INSTANCE_OR_SPECIFIC_FORM_OF	V2_CONTAINMENT_CANDIDATE_NOT_EQUIVALENCE	true
semantic-candidate:f9cb08ed7b63cd6f77d8cc3d	semantic-relation:a20280a6edf9ec06fafa1b7e	COMPONENT_OF	COMPOUND_COMPONENT_PARSE_REQUIRES_REVIEW	true
semantic-candidate:f9dd07db52ba75673724ff60	semantic-relation:9a39ce93be00d6bf9c0d5a2a	INSTANCE_OR_SPECIFIC_FORM_OF	V2_CONTAINMENT_CANDIDATE_NOT_EQUIVALENCE	true
semantic-candidate:f9e5e65720711ec19b239fd9	semantic-relation:1536d6a5b49dae2da6d096d2	MODIFIES	MODIFIER_PARSE_REQUIRES_REVIEW	true
semantic-candidate:f9f0c9a2395462e2458c0bf3	semantic-relation:030ce28de43f7930cf1e6d05	INSTANCE_OR_SPECIFIC_FORM_OF	V2_CONTAINMENT_CANDIDATE_NOT_EQUIVALENCE	true
semantic-candidate:fa087baa14f4cd66296b740c	semantic-relation:16bde24415810179bbbf8c86	INSTANCE_OR_SPECIFIC_FORM_OF	V2_CONTAINMENT_CANDIDATE_NOT_EQUIVALENCE	true
semantic-candidate:fa2f553efd2cbc2b031d7b63	semantic-relation:bcfc5ab001b182b00dea413e	INSTANCE_OR_SPECIFIC_FORM_OF	V2_CONTAINMENT_CANDIDATE_NOT_EQUIVALENCE	true
semantic-candidate:fa31c7d32c69692d7b8de232	semantic-relation:85281a86286a57caf8f0cfb3	COMPONENT_OF	COMPOUND_COMPONENT_PARSE_REQUIRES_REVIEW	true
semantic-candidate:fa6427b58d201ce10a8827b9	semantic-relation:af62e91924851faae90086a9	INSTANCE_OR_SPECIFIC_FORM_OF	V2_CONTAINMENT_CANDIDATE_NOT_EQUIVALENCE	true
semantic-candidate:fa6629f0f9185e39349c8775	semantic-relation:9f93d47267e6ba3df9e1ea71	INSTANCE_OR_SPECIFIC_FORM_OF	V2_CONTAINMENT_CANDIDATE_NOT_EQUIVALENCE	true
semantic-candidate:fa6f5cc99a4d28e1168900bc	semantic-relation:6ebca2af48f432931e6d51d1	COMPONENT_OF	COMPOUND_COMPONENT_PARSE_REQUIRES_REVIEW	true
semantic-candidate:fa71cb412b3aa5071898a081	semantic-relation:847376ada946cb70ec52f107	INSTANCE_OR_SPECIFIC_FORM_OF	V2_CONTAINMENT_CANDIDATE_NOT_EQUIVALENCE	true
semantic-candidate:fa7f059f5dd67cac7718916f	semantic-relation:dd38e920021d3bb83c9a1992	COMPONENT_OF	COMPOUND_COMPONENT_PARSE_REQUIRES_REVIEW	true
semantic-candidate:fa85ff0fd22de54801e50344	semantic-relation:686575162b0951831f6ae4dc	COMPONENT_OF	COMPOUND_COMPONENT_PARSE_REQUIRES_REVIEW	true
semantic-candidate:fa8b74c8e4fa69cbefccf55f	semantic-relation:be34374439eea050f71b914a	INSTANCE_OR_SPECIFIC_FORM_OF	V2_CONTAINMENT_CANDIDATE_NOT_EQUIVALENCE	true
semantic-candidate:fa94c034bde0dc238e4d9f6c	semantic-relation:cf54b1671ed1ed6d6c6a71c3	MODIFIES	MODIFIER_PARSE_REQUIRES_REVIEW	true
semantic-candidate:faa0ea58533b42e74dc24474	semantic-relation:837a5e9c83fe74d362474a96	INSTANCE_OR_SPECIFIC_FORM_OF	V2_CONTAINMENT_CANDIDATE_NOT_EQUIVALENCE	true
semantic-candidate:faa3b0401437871485707f90	semantic-relation:33cc23e650e679b78c51bd98	COMPONENT_OF	COMPOUND_COMPONENT_PARSE_REQUIRES_REVIEW	true
semantic-candidate:faa8bcef88d20dcf49d3d558	semantic-relation:b9883fdd7f268b693e71028c	INSTANCE_OR_SPECIFIC_FORM_OF	V2_CONTAINMENT_CANDIDATE_NOT_EQUIVALENCE	true
semantic-candidate:faada0ccb06fc73def0528df	semantic-relation:0d921a6438cb99f3c2c918db	INSTANCE_OR_SPECIFIC_FORM_OF	V2_CONTAINMENT_CANDIDATE_NOT_EQUIVALENCE	true
semantic-candidate:fab3d62e7ff80e2bf9b5b305	semantic-relation:552d5aba8c821dcd58efb621	COMPONENT_OF	COMPOUND_COMPONENT_PARSE_REQUIRES_REVIEW	true
semantic-candidate:fac1879ec5bc2b95a623178b	semantic-relation:9ff6e092bc17389c34891502	COMPONENT_OF	COMPOUND_COMPONENT_PARSE_REQUIRES_REVIEW	true
semantic-candidate:fac2dac1551ab1085a9c84c7	semantic-relation:14b4ac38e4efbbda96c26f15	COMPONENT_OF	COMPOUND_COMPONENT_PARSE_REQUIRES_REVIEW	true
semantic-candidate:facf0e7118cf2911bcdc8475	semantic-relation:c7eef7cf56840eeb1a080592	INSTANCE_OR_SPECIFIC_FORM_OF	V2_CONTAINMENT_CANDIDATE_NOT_EQUIVALENCE	true
semantic-candidate:fad183eb539292b52d7bad17	semantic-relation:6dbe2368f6687cb2ace492a8	COMPONENT_OF	COMPOUND_COMPONENT_PARSE_REQUIRES_REVIEW	true
semantic-candidate:fad371c0fcbb1352362444a1	semantic-relation:baf69b109986523239fc401d	COMPONENT_OF	COMPOUND_COMPONENT_PARSE_REQUIRES_REVIEW	true
semantic-candidate:fad404ac5ceaa28aaf82cff8	semantic-relation:1408aec29c0bc947d8bb4bb9	INSTANCE_OR_SPECIFIC_FORM_OF	V2_CONTAINMENT_CANDIDATE_NOT_EQUIVALENCE	true
semantic-candidate:fae97c4bae544da5191bfd9c	semantic-relation:ccd6fc85e36b4b8e9917723d	COMPONENT_OF	COMPOUND_COMPONENT_PARSE_REQUIRES_REVIEW	true
semantic-candidate:faee54912bdb2dfc8ebcc563	semantic-relation:f099ac9c61472a8207202c98	INSTANCE_OR_SPECIFIC_FORM_OF	V2_CONTAINMENT_CANDIDATE_NOT_EQUIVALENCE	true
semantic-candidate:fb09ee6e6216a14855011aab	semantic-relation:23feb174542613316ebefe8c	INSTANCE_OR_SPECIFIC_FORM_OF	V2_CONTAINMENT_CANDIDATE_NOT_EQUIVALENCE	true
semantic-candidate:fb0cda39d5d5197fe8f680b5	semantic-relation:fe8d681e0857eae2511284dd	INSTANCE_OR_SPECIFIC_FORM_OF	V2_CONTAINMENT_CANDIDATE_NOT_EQUIVALENCE	true
semantic-candidate:fb1f4c516504f6202252a849	semantic-relation:3345a578715ac1266299ccf9	COMPONENT_OF	COMPOUND_COMPONENT_PARSE_REQUIRES_REVIEW	true
semantic-candidate:fb29ba3c7b5be47529237111	semantic-relation:cbf985f37b93e935b781476c	COMPONENT_OF	COMPOUND_COMPONENT_PARSE_REQUIRES_REVIEW	true
semantic-candidate:fb321e2094afe619616dc876	semantic-relation:98b57bbe173ffd84f41477c7	INSTANCE_OR_SPECIFIC_FORM_OF	V2_CONTAINMENT_CANDIDATE_NOT_EQUIVALENCE	true
semantic-candidate:fb4248d99c59fda595dffcdb	semantic-relation:8fd39184ca0b1f0f9307da72	MODIFIES	MODIFIER_PARSE_REQUIRES_REVIEW	true
semantic-candidate:fb51166c2a93cbdb492dd126	semantic-relation:fc5e09b532611f276344d069	INSTANCE_OR_SPECIFIC_FORM_OF	V2_CONTAINMENT_CANDIDATE_NOT_EQUIVALENCE	true
semantic-candidate:fb5cd388f8450d9a2da6fec6	semantic-relation:41e3a67e15023cad1c303c6f	MODIFIES	MODIFIER_PARSE_REQUIRES_REVIEW	true
semantic-candidate:fb84086423836279c29d6156	semantic-relation:d5ce296f53d1633a744d20f9	COMPONENT_OF	COMPOUND_COMPONENT_PARSE_REQUIRES_REVIEW	true
semantic-candidate:fb9964250a716ffcd22ba1b8	semantic-relation:24d9d6d7566aa75e0f2645f2	INSTANCE_OR_SPECIFIC_FORM_OF	V2_CONTAINMENT_CANDIDATE_NOT_EQUIVALENCE	true
semantic-candidate:fb9a8effdf2c7a478c884260	semantic-relation:c0f2a698a56b59a817c7e599	MODIFIES	MODIFIER_PARSE_REQUIRES_REVIEW	true
semantic-candidate:fb9b0687399a986b278d18bc	semantic-relation:34ae541f05f0fca1fe253e89	INSTANCE_OR_SPECIFIC_FORM_OF	V2_CONTAINMENT_CANDIDATE_NOT_EQUIVALENCE	true
semantic-candidate:fba58e15875c112311a10ad7	semantic-relation:a91f3d19cbde3c22d425b01c	MODIFIES	MODIFIER_PARSE_REQUIRES_REVIEW	true
semantic-candidate:fba73c560c95fe52deb460fe	semantic-relation:996e896b468c5eef252b34af	INSTANCE_OR_SPECIFIC_FORM_OF	V2_CONTAINMENT_CANDIDATE_NOT_EQUIVALENCE	true
semantic-candidate:fba8645f076ee3e1aebdd16a	semantic-relation:93160c65e232ce20acdb6184	COMPONENT_OF	COMPOUND_COMPONENT_PARSE_REQUIRES_REVIEW	true
semantic-candidate:fbbce731d3ed9f2703dc2cd4	semantic-relation:1e7440568792eaf6608bfafd	COMPONENT_OF	COMPOUND_COMPONENT_PARSE_REQUIRES_REVIEW	true
semantic-candidate:fbc1ee12a5be1037b26f4ae9	semantic-relation:76ca449b0ef0ec1b75e7ba04	COMPONENT_OF	COMPOUND_COMPONENT_PARSE_REQUIRES_REVIEW	true
semantic-candidate:fbdba80f420c45e258598b78	semantic-relation:70198a75251cf3dfbc5c6a9c	INSTANCE_OR_SPECIFIC_FORM_OF	V2_CONTAINMENT_CANDIDATE_NOT_EQUIVALENCE	true
semantic-candidate:fbe585ba3a75becbc050a58e	semantic-relation:d9d02c1d26ecf4f9cb826e71	MODIFIES	MODIFIER_PARSE_REQUIRES_REVIEW	true
semantic-candidate:fbede45c91ad182604f99317	semantic-relation:acca6df0c30f451cc0cc6b61	INSTANCE_OR_SPECIFIC_FORM_OF	V2_CONTAINMENT_CANDIDATE_NOT_EQUIVALENCE	true
semantic-candidate:fc007b236557f57e601f8be4	semantic-relation:2c9bdcee56adcfbf8b556590	COMPONENT_OF	COMPOUND_COMPONENT_PARSE_REQUIRES_REVIEW	true
semantic-candidate:fc00d4f6a1c046afa33138bf	semantic-relation:664be023e8a33ae08854bb85	INSTANCE_OR_SPECIFIC_FORM_OF	V2_CONTAINMENT_CANDIDATE_NOT_EQUIVALENCE	true
semantic-candidate:fc02d6f549b5e0d9aa0b0a74	semantic-relation:b3dbf58d1ff34606eb40fab0	INSTANCE_OR_SPECIFIC_FORM_OF	V2_CONTAINMENT_CANDIDATE_NOT_EQUIVALENCE	true
semantic-candidate:fc034b5abf7f852ad7bb4aca	semantic-relation:3105de7508d2409a87da0a79	INSTANCE_OR_SPECIFIC_FORM_OF	V2_CONTAINMENT_CANDIDATE_NOT_EQUIVALENCE	true
semantic-candidate:fc034d842270022ed9429438	semantic-relation:450c5c31584710cda5bc7fc6	MODIFIES	MODIFIER_PARSE_REQUIRES_REVIEW	true
semantic-candidate:fc0e5b613de088bf8204bb5a	semantic-relation:b39b4c6785e43219b1cdefb1	COMPONENT_OF	COMPOUND_COMPONENT_PARSE_REQUIRES_REVIEW	true
semantic-candidate:fc1b167078b17f64e87d07f0	semantic-relation:4e1244ca54d4118c781468dd	COMPONENT_OF	COMPOUND_COMPONENT_PARSE_REQUIRES_REVIEW	true
semantic-candidate:fc203782e24f068f3a0288a6	semantic-relation:dd519cf0e65fdaf1b2bc4d1d	INSTANCE_OR_SPECIFIC_FORM_OF	V2_CONTAINMENT_CANDIDATE_NOT_EQUIVALENCE	true
semantic-candidate:fc278363847f7a5ae0e42b5a	semantic-relation:84a07da1cd7496e2a5fe3205	INSTANCE_OR_SPECIFIC_FORM_OF	V2_CONTAINMENT_CANDIDATE_NOT_EQUIVALENCE	true
semantic-candidate:fc2bb7224dc7a42e52f65e15	semantic-relation:674761bd8cb366464e7fa996	INSTANCE_OR_SPECIFIC_FORM_OF	V2_CONTAINMENT_CANDIDATE_NOT_EQUIVALENCE	true
semantic-candidate:fc2e87b5c9af326bfaecba99	semantic-relation:8ed8db358c4448be69243b22	INSTANCE_OR_SPECIFIC_FORM_OF	V2_CONTAINMENT_CANDIDATE_NOT_EQUIVALENCE	true
semantic-candidate:fc44cf990cc9b81d44121d86	semantic-relation:c481c0702dddb28823f779cc	COMPONENT_OF	COMPOUND_COMPONENT_PARSE_REQUIRES_REVIEW	true
semantic-candidate:fc5fd1150f04d84be7ef72e1	semantic-relation:29b707e0395ef75698817240	INSTANCE_OR_SPECIFIC_FORM_OF	V2_CONTAINMENT_CANDIDATE_NOT_EQUIVALENCE	true
semantic-candidate:fc660b874c017affc95350d2	semantic-relation:41ed8ded036f4c53ff1aab23	MODIFIES	MODIFIER_PARSE_REQUIRES_REVIEW	true
semantic-candidate:fc6f8d5ebfe35948166b12c9	semantic-relation:9c19675124ec8933b7f211e3	INSTANCE_OR_SPECIFIC_FORM_OF	V2_CONTAINMENT_CANDIDATE_NOT_EQUIVALENCE	true
semantic-candidate:fc767080b8e37507a07f959f	semantic-relation:4088bfb8b32f83fde6899ac1	INSTANCE_OR_SPECIFIC_FORM_OF	V2_CONTAINMENT_CANDIDATE_NOT_EQUIVALENCE	true
semantic-candidate:fc7ef49b2ea480dfbc5cea1d	semantic-relation:781ffc8cabc319b67f504da5	COMPONENT_OF	COMPOUND_COMPONENT_PARSE_REQUIRES_REVIEW	true
semantic-candidate:fc8ca1af9e14f19445bb3e24	semantic-relation:ca81c311c7e3fd8d3ee60a80	COMPONENT_OF	COMPOUND_COMPONENT_PARSE_REQUIRES_REVIEW	true
semantic-candidate:fc9f43a168bb83c33c26078f	semantic-relation:90c668dde0d174e8a7ff0183	INSTANCE_OR_SPECIFIC_FORM_OF	V2_CONTAINMENT_CANDIDATE_NOT_EQUIVALENCE	true
semantic-candidate:fcad716a9a834ed636fa6e27	semantic-relation:c80e61f62f437a391bf0fd94	COMPONENT_OF	COMPOUND_COMPONENT_PARSE_REQUIRES_REVIEW	true
semantic-candidate:fcae163d39b5459966bf80d9	semantic-relation:b5bb88796100b3fdac29e687	INSTANCE_OR_SPECIFIC_FORM_OF	V2_CONTAINMENT_CANDIDATE_NOT_EQUIVALENCE	true
semantic-candidate:fcb4429d114560b86d1d8037	semantic-relation:9bdfddf3359216b829aa54fb	MODIFIES	MODIFIER_PARSE_REQUIRES_REVIEW	true
semantic-candidate:fcb6f3b5f6973ebcc1b78345	semantic-relation:6df6eb9062a34b93a629b70d	INSTANCE_OR_SPECIFIC_FORM_OF	V2_CONTAINMENT_CANDIDATE_NOT_EQUIVALENCE	true
semantic-candidate:fcbbe2b1e68214dba5f30399	semantic-relation:86476caecd0071d18a9bb0a9	COMPONENT_OF	COMPOUND_COMPONENT_PARSE_REQUIRES_REVIEW	true
semantic-candidate:fcc45690998d9d9f76361f0b	semantic-relation:b698c9f395532d3c70768719	COMPONENT_OF	COMPOUND_COMPONENT_PARSE_REQUIRES_REVIEW	true
semantic-candidate:fcd39148c60da98d3de9f589	semantic-relation:db5dc73929f9d4a0ab7376b0	COMPONENT_OF	COMPOUND_COMPONENT_PARSE_REQUIRES_REVIEW	true
semantic-candidate:fcdd1601e4fb7ad85fbec376	semantic-relation:69ed5a140e1ec89d18cb5d8d	INSTANCE_OR_SPECIFIC_FORM_OF	V2_CONTAINMENT_CANDIDATE_NOT_EQUIVALENCE	true
semantic-candidate:fcef0f43f243efdffc20cf16	semantic-relation:61a8aa315da1f64d4002f440	MODIFIES	MODIFIER_PARSE_REQUIRES_REVIEW	true
semantic-candidate:fd00eb008dd5b963dbfcac27	semantic-relation:facef60ffee7ed458c035b5e	INSTANCE_OR_SPECIFIC_FORM_OF	V2_CONTAINMENT_CANDIDATE_NOT_EQUIVALENCE	true
semantic-candidate:fd0244566e25952661ff378b	semantic-relation:94f242096b036c1f130acc68	MODIFIES	MODIFIER_PARSE_REQUIRES_REVIEW	true
semantic-candidate:fd0415131ce9d78289df2fb6	semantic-relation:7b13fb01c71d924dba6e84f2	COMPONENT_OF	COMPOUND_COMPONENT_PARSE_REQUIRES_REVIEW	true
semantic-candidate:fd066723345d16dab6a0221d	semantic-relation:11e0300374a7573a4e198a91	INSTANCE_OR_SPECIFIC_FORM_OF	V2_CONTAINMENT_CANDIDATE_NOT_EQUIVALENCE	true
semantic-candidate:fd09d8b9b353721b533be0b0	semantic-relation:0c4974ce386cec367bba3e89	INSTANCE_OR_SPECIFIC_FORM_OF	V2_CONTAINMENT_CANDIDATE_NOT_EQUIVALENCE	true
semantic-candidate:fd106d60c1f8d802745f902e	semantic-relation:ca930aef444f9c3b6d7f7737	MODIFIES	MODIFIER_PARSE_REQUIRES_REVIEW	true
semantic-candidate:fd2138586fe5d0a26323252b	semantic-relation:2ba5de37a6aed3b0d138b4e0	COMPONENT_OF	COMPOUND_COMPONENT_PARSE_REQUIRES_REVIEW	true
semantic-candidate:fd52ae852da4520d5c20e691	semantic-relation:1c9f99c13a79d5ecff46b8ef	INSTANCE_OR_SPECIFIC_FORM_OF	V2_CONTAINMENT_CANDIDATE_NOT_EQUIVALENCE	true
semantic-candidate:fd6bacb4b9eddd403fbbcbc4	semantic-relation:a001b6209b0d2a2e0e70ff51	INSTANCE_OR_SPECIFIC_FORM_OF	V2_CONTAINMENT_CANDIDATE_NOT_EQUIVALENCE	true
semantic-candidate:fd6c7e5045b993922742e739	semantic-relation:4f27d36878b2111ea383cf8c	COMPONENT_OF	COMPOUND_COMPONENT_PARSE_REQUIRES_REVIEW	true
semantic-candidate:fd74a7b8d5caef6e7d6cc2c0	semantic-relation:e6b6b52d3f05ded38cd5cfdc	INSTANCE_OR_SPECIFIC_FORM_OF	V2_CONTAINMENT_CANDIDATE_NOT_EQUIVALENCE	true
semantic-candidate:fd7b70b721b61485e3bf5dbe	semantic-relation:5f737721d3cdb763095ffee0	COMPONENT_OF	COMPOUND_COMPONENT_PARSE_REQUIRES_REVIEW	true
semantic-candidate:fd7bd82690c8715f80375f55	semantic-relation:cdc36bd30ad80783fcc3e3fd	INSTANCE_OR_SPECIFIC_FORM_OF	V2_CONTAINMENT_CANDIDATE_NOT_EQUIVALENCE	true
semantic-candidate:fd7f6e262b7b23d127da60e4	semantic-relation:e3bb19477bcf575e3c161a53	COMPONENT_OF	COMPOUND_COMPONENT_PARSE_REQUIRES_REVIEW	true
semantic-candidate:fd9498d3a394ba47faaeafa3	semantic-relation:55c6c38ae847ae06a2c5fbaf	COMPONENT_OF	COMPOUND_COMPONENT_PARSE_REQUIRES_REVIEW	true
semantic-candidate:fda0fc58aa3e324edb67b038	semantic-relation:8a29a22497f5ab8598ea1550	INSTANCE_OR_SPECIFIC_FORM_OF	V2_CONTAINMENT_CANDIDATE_NOT_EQUIVALENCE	true
semantic-candidate:fdbd06aa61e3a47716f01900	semantic-relation:e00be67cf4806ac059c294fc	INSTANCE_OR_SPECIFIC_FORM_OF	V2_CONTAINMENT_CANDIDATE_NOT_EQUIVALENCE	true
semantic-candidate:fdc08a6b8797b03c5db1ecba	semantic-relation:4577a16442e3c548471b5166	COMPONENT_OF	COMPOUND_COMPONENT_PARSE_REQUIRES_REVIEW	true
semantic-candidate:fdf2023ab66aea69f7611941	semantic-relation:a2c786047fdec581b362d8ce	COMPONENT_OF	COMPOUND_COMPONENT_PARSE_REQUIRES_REVIEW	true
semantic-candidate:fe0cedd99b447b4925f149c5	semantic-relation:c057df58a020d16f9d25de22	INSTANCE_OR_SPECIFIC_FORM_OF	V2_CONTAINMENT_CANDIDATE_NOT_EQUIVALENCE	true
semantic-candidate:fe1a622ba0c570dbd505a3ff	semantic-relation:1b17669b0bea319510515296	COMPONENT_OF	COMPOUND_COMPONENT_PARSE_REQUIRES_REVIEW	true
semantic-candidate:fe352b1184a54a0b026e09f4	semantic-relation:7aa593aafabad022316e0478	COMPONENT_OF	COMPOUND_COMPONENT_PARSE_REQUIRES_REVIEW	true
semantic-candidate:fe4c1d984d56606d5b236f83	semantic-relation:6c6a3681f2bbf90a58d0757f	INSTANCE_OR_SPECIFIC_FORM_OF	V2_CONTAINMENT_CANDIDATE_NOT_EQUIVALENCE	true
semantic-candidate:fe5a784fb80ead5f4acabf76	semantic-relation:b8513f828ba8e2e2e925ecc4	COMPONENT_OF	COMPOUND_COMPONENT_PARSE_REQUIRES_REVIEW	true
semantic-candidate:fe5c74b04d002d16dc59e073	semantic-relation:3ca073088e404003ff2e81c0	COMPONENT_OF	COMPOUND_COMPONENT_PARSE_REQUIRES_REVIEW	true
semantic-candidate:fe953f83085e207c3a2b049a	semantic-relation:ce46920182ab8865622c5775	COMPONENT_OF	COMPOUND_COMPONENT_PARSE_REQUIRES_REVIEW	true
semantic-candidate:feb65724beab30dd5e58b090	semantic-relation:93f542b1ad62d8b778a01510	COMPONENT_OF	COMPOUND_COMPONENT_PARSE_REQUIRES_REVIEW	true
semantic-candidate:feb79adb1b8681555d42141e	semantic-relation:56012961ea44e2ea4ca82b60	INSTANCE_OR_SPECIFIC_FORM_OF	V2_CONTAINMENT_CANDIDATE_NOT_EQUIVALENCE	true
semantic-candidate:febdab7b6ec062ed793e741d	semantic-relation:d2fb8622dac44b2ef9977b57	COMPONENT_OF	COMPOUND_COMPONENT_PARSE_REQUIRES_REVIEW	true
semantic-candidate:febe72d65f2e3b394c810474	semantic-relation:5c97320c645797bccffaae70	INSTANCE_OR_SPECIFIC_FORM_OF	V2_CONTAINMENT_CANDIDATE_NOT_EQUIVALENCE	true
semantic-candidate:fec8f62a01759ebc82a2a8e9	semantic-relation:606c39308e9da28088828fc5	INSTANCE_OR_SPECIFIC_FORM_OF	V2_CONTAINMENT_CANDIDATE_NOT_EQUIVALENCE	true
semantic-candidate:ff0e1d96963cdfe7c198e556	semantic-relation:d7133f2a63d99431952b0f93	INSTANCE_OR_SPECIFIC_FORM_OF	V2_CONTAINMENT_CANDIDATE_NOT_EQUIVALENCE	true
semantic-candidate:ff29f7fc2d227216e8bd9283	semantic-relation:deebd24a280e941effd65122	INSTANCE_OR_SPECIFIC_FORM_OF	V2_CONTAINMENT_CANDIDATE_NOT_EQUIVALENCE	true
semantic-candidate:ff2b8683bb89a9037ba1a922	semantic-relation:f24bbd8f151b3b7782064890	COMPONENT_OF	COMPOUND_COMPONENT_PARSE_REQUIRES_REVIEW	true
semantic-candidate:ff30ad2a1470347147967a43	semantic-relation:845b83473a76a1563f58a8ee	INSTANCE_OR_SPECIFIC_FORM_OF	V2_CONTAINMENT_CANDIDATE_NOT_EQUIVALENCE	true
semantic-candidate:ff33fd28ef6b16977cb9fccc	semantic-relation:27796203ed8bdb01cdf4d29e	COMPONENT_OF	COMPOUND_COMPONENT_PARSE_REQUIRES_REVIEW	true
semantic-candidate:ff37d491aa2315e9173bc355	semantic-relation:a4c4ed3c186bafb2a7ac3f95	INSTANCE_OR_SPECIFIC_FORM_OF	V2_CONTAINMENT_CANDIDATE_NOT_EQUIVALENCE	true
semantic-candidate:ff3a4b000583906c7df45955	semantic-relation:af890889fe6b72eaa831e210	INSTANCE_OR_SPECIFIC_FORM_OF	V2_CONTAINMENT_CANDIDATE_NOT_EQUIVALENCE	true
semantic-candidate:ff467f1d44a8140cca890ef5	semantic-relation:13b2dc75f73600300f59c887	MODIFIES	MODIFIER_PARSE_REQUIRES_REVIEW	true
semantic-candidate:ff4d597ad06d54450ade0945	semantic-relation:5d9353556d7d910b3d7e9968	INSTANCE_OR_SPECIFIC_FORM_OF	V2_CONTAINMENT_CANDIDATE_NOT_EQUIVALENCE	true
semantic-candidate:ff5250f3c93c0523a02a2593	semantic-relation:39805bf99ea91876113b9929	COMPONENT_OF	COMPOUND_COMPONENT_PARSE_REQUIRES_REVIEW	true
semantic-candidate:ff63fb7445c5fd3ebf5cc880	semantic-relation:ff35ac257fc90eec86810d4f	INSTANCE_OR_SPECIFIC_FORM_OF	V2_CONTAINMENT_CANDIDATE_NOT_EQUIVALENCE	true
semantic-candidate:ffa313cbe24f830862b24012	semantic-relation:2bcfb1e9f06dfe7de46bef59	INSTANCE_OR_SPECIFIC_FORM_OF	V2_CONTAINMENT_CANDIDATE_NOT_EQUIVALENCE	true
semantic-candidate:ffb4490220d37f8b82fce9b5	semantic-relation:ec6b5c09d3e8837f21c4d7ff	COMPONENT_OF	COMPOUND_COMPONENT_PARSE_REQUIRES_REVIEW	true
semantic-candidate:ffd797a586720afb366e03cf	semantic-relation:b7ed8cbf8310027a497cac60	INSTANCE_OR_SPECIFIC_FORM_OF	V2_CONTAINMENT_CANDIDATE_NOT_EQUIVALENCE	true
semantic-candidate:ffe392085873239d7303f06c	semantic-relation:1016c198be5ba0a6889808be	COMPONENT_OF	COMPOUND_COMPONENT_PARSE_REQUIRES_REVIEW	true
semantic-candidate:ffe3c1a79798bb573f9c07f3	semantic-relation:d04f3b696d0842e974ffeffd	COMPONENT_OF	COMPOUND_COMPONENT_PARSE_REQUIRES_REVIEW	true
semantic-candidate:ffe45ea9f3d21e0e15d53518	semantic-relation:f997d3c5b459b97ca200a4ca	COMPONENT_OF	COMPOUND_COMPONENT_PARSE_REQUIRES_REVIEW	true
semantic-candidate:fffc033a656d2950f8bf742c	semantic-relation:b5fc5e398ed5669c52545a6f	INSTANCE_OR_SPECIFIC_FORM_OF	V2_CONTAINMENT_CANDIDATE_NOT_EQUIVALENCE	true
