inference_case_id	case_type	preparation_family_key	roast_code	selected_question_axis_ids	question_count	stopped_before_q4	main_concept_ids	secondary_concept_ids	main_output_count	secondary_output_count	abstention_codes	override_observed	candidate_state_before_json	candidate_state_after_json	decision_score_semantics	policy_version	lineage_paths	next_question_axis_id	question_trace_json	result_state
context-01-01	CONTEXT_ONLY	preparation.family.filter_percolation	extremely_light		0	true			0	0	MANDATORY_Q1_UNANSWERED	false	"{""candidate_count"":20}"	"{""candidate_count"":0}"	UNCALIBRATED_DETERMINISTIC_DECISION_SCORE_NOT_PROBABILITY	product-inference-policy-v0.1.0	db/data/product-inference-v0/PRODUCT_CONCEPT_CANDIDATE.tsv|db/data/product-inference-v0/PRODUCT_CONTEXT_PRIOR.tsv|db/data/product-inference-v0/PRODUCT_ANSWER_EFFECT.tsv	floral_tea_reference	[]	NEEDS_MANDATORY_Q1
context-01-02	CONTEXT_ONLY	preparation.family.filter_percolation	light		0	true			0	0	MANDATORY_Q1_UNANSWERED	false	"{""candidate_count"":20}"	"{""candidate_count"":0}"	UNCALIBRATED_DETERMINISTIC_DECISION_SCORE_NOT_PROBABILITY	product-inference-policy-v0.1.0	db/data/product-inference-v0/PRODUCT_CONCEPT_CANDIDATE.tsv|db/data/product-inference-v0/PRODUCT_CONTEXT_PRIOR.tsv|db/data/product-inference-v0/PRODUCT_ANSWER_EFFECT.tsv	floral_tea_reference	[]	NEEDS_MANDATORY_Q1
context-01-03	CONTEXT_ONLY	preparation.family.filter_percolation	medium_light		0	true			0	0	MANDATORY_Q1_UNANSWERED	false	"{""candidate_count"":20}"	"{""candidate_count"":0}"	UNCALIBRATED_DETERMINISTIC_DECISION_SCORE_NOT_PROBABILITY	product-inference-policy-v0.1.0	db/data/product-inference-v0/PRODUCT_CONCEPT_CANDIDATE.tsv|db/data/product-inference-v0/PRODUCT_CONTEXT_PRIOR.tsv|db/data/product-inference-v0/PRODUCT_ANSWER_EFFECT.tsv	floral_tea_reference	[]	NEEDS_MANDATORY_Q1
context-01-04	CONTEXT_ONLY	preparation.family.filter_percolation	medium		0	true			0	0	MANDATORY_Q1_UNANSWERED	false	"{""candidate_count"":20}"	"{""candidate_count"":0}"	UNCALIBRATED_DETERMINISTIC_DECISION_SCORE_NOT_PROBABILITY	product-inference-policy-v0.1.0	db/data/product-inference-v0/PRODUCT_CONCEPT_CANDIDATE.tsv|db/data/product-inference-v0/PRODUCT_CONTEXT_PRIOR.tsv|db/data/product-inference-v0/PRODUCT_ANSWER_EFFECT.tsv	floral_tea_reference	[]	NEEDS_MANDATORY_Q1
context-01-05	CONTEXT_ONLY	preparation.family.filter_percolation	medium_dark		0	true			0	0	MANDATORY_Q1_UNANSWERED	false	"{""candidate_count"":20}"	"{""candidate_count"":0}"	UNCALIBRATED_DETERMINISTIC_DECISION_SCORE_NOT_PROBABILITY	product-inference-policy-v0.1.0	db/data/product-inference-v0/PRODUCT_CONCEPT_CANDIDATE.tsv|db/data/product-inference-v0/PRODUCT_CONTEXT_PRIOR.tsv|db/data/product-inference-v0/PRODUCT_ANSWER_EFFECT.tsv	floral_tea_reference	[]	NEEDS_MANDATORY_Q1
context-01-06	CONTEXT_ONLY	preparation.family.filter_percolation	dark		0	true			0	0	MANDATORY_Q1_UNANSWERED	false	"{""candidate_count"":20}"	"{""candidate_count"":0}"	UNCALIBRATED_DETERMINISTIC_DECISION_SCORE_NOT_PROBABILITY	product-inference-policy-v0.1.0	db/data/product-inference-v0/PRODUCT_CONCEPT_CANDIDATE.tsv|db/data/product-inference-v0/PRODUCT_CONTEXT_PRIOR.tsv|db/data/product-inference-v0/PRODUCT_ANSWER_EFFECT.tsv	floral_tea_reference	[]	NEEDS_MANDATORY_Q1
context-01-07	CONTEXT_ONLY	preparation.family.filter_percolation	extremely_dark		0	true			0	0	MANDATORY_Q1_UNANSWERED	false	"{""candidate_count"":20}"	"{""candidate_count"":0}"	UNCALIBRATED_DETERMINISTIC_DECISION_SCORE_NOT_PROBABILITY	product-inference-policy-v0.1.0	db/data/product-inference-v0/PRODUCT_CONCEPT_CANDIDATE.tsv|db/data/product-inference-v0/PRODUCT_CONTEXT_PRIOR.tsv|db/data/product-inference-v0/PRODUCT_ANSWER_EFFECT.tsv	floral_tea_reference	[]	NEEDS_MANDATORY_Q1
context-02-01	CONTEXT_ONLY	preparation.family.immersion	extremely_light		0	true			0	0	MANDATORY_Q1_UNANSWERED	false	"{""candidate_count"":20}"	"{""candidate_count"":0}"	UNCALIBRATED_DETERMINISTIC_DECISION_SCORE_NOT_PROBABILITY	product-inference-policy-v0.1.0	db/data/product-inference-v0/PRODUCT_CONCEPT_CANDIDATE.tsv|db/data/product-inference-v0/PRODUCT_CONTEXT_PRIOR.tsv|db/data/product-inference-v0/PRODUCT_ANSWER_EFFECT.tsv	floral_tea_reference	[]	NEEDS_MANDATORY_Q1
context-02-02	CONTEXT_ONLY	preparation.family.immersion	light		0	true			0	0	MANDATORY_Q1_UNANSWERED	false	"{""candidate_count"":20}"	"{""candidate_count"":0}"	UNCALIBRATED_DETERMINISTIC_DECISION_SCORE_NOT_PROBABILITY	product-inference-policy-v0.1.0	db/data/product-inference-v0/PRODUCT_CONCEPT_CANDIDATE.tsv|db/data/product-inference-v0/PRODUCT_CONTEXT_PRIOR.tsv|db/data/product-inference-v0/PRODUCT_ANSWER_EFFECT.tsv	floral_tea_reference	[]	NEEDS_MANDATORY_Q1
context-02-03	CONTEXT_ONLY	preparation.family.immersion	medium_light		0	true			0	0	MANDATORY_Q1_UNANSWERED	false	"{""candidate_count"":20}"	"{""candidate_count"":0}"	UNCALIBRATED_DETERMINISTIC_DECISION_SCORE_NOT_PROBABILITY	product-inference-policy-v0.1.0	db/data/product-inference-v0/PRODUCT_CONCEPT_CANDIDATE.tsv|db/data/product-inference-v0/PRODUCT_CONTEXT_PRIOR.tsv|db/data/product-inference-v0/PRODUCT_ANSWER_EFFECT.tsv	floral_tea_reference	[]	NEEDS_MANDATORY_Q1
context-02-04	CONTEXT_ONLY	preparation.family.immersion	medium		0	true			0	0	MANDATORY_Q1_UNANSWERED	false	"{""candidate_count"":20}"	"{""candidate_count"":0}"	UNCALIBRATED_DETERMINISTIC_DECISION_SCORE_NOT_PROBABILITY	product-inference-policy-v0.1.0	db/data/product-inference-v0/PRODUCT_CONCEPT_CANDIDATE.tsv|db/data/product-inference-v0/PRODUCT_CONTEXT_PRIOR.tsv|db/data/product-inference-v0/PRODUCT_ANSWER_EFFECT.tsv	floral_tea_reference	[]	NEEDS_MANDATORY_Q1
context-02-05	CONTEXT_ONLY	preparation.family.immersion	medium_dark		0	true			0	0	MANDATORY_Q1_UNANSWERED	false	"{""candidate_count"":20}"	"{""candidate_count"":0}"	UNCALIBRATED_DETERMINISTIC_DECISION_SCORE_NOT_PROBABILITY	product-inference-policy-v0.1.0	db/data/product-inference-v0/PRODUCT_CONCEPT_CANDIDATE.tsv|db/data/product-inference-v0/PRODUCT_CONTEXT_PRIOR.tsv|db/data/product-inference-v0/PRODUCT_ANSWER_EFFECT.tsv	floral_tea_reference	[]	NEEDS_MANDATORY_Q1
context-02-06	CONTEXT_ONLY	preparation.family.immersion	dark		0	true			0	0	MANDATORY_Q1_UNANSWERED	false	"{""candidate_count"":20}"	"{""candidate_count"":0}"	UNCALIBRATED_DETERMINISTIC_DECISION_SCORE_NOT_PROBABILITY	product-inference-policy-v0.1.0	db/data/product-inference-v0/PRODUCT_CONCEPT_CANDIDATE.tsv|db/data/product-inference-v0/PRODUCT_CONTEXT_PRIOR.tsv|db/data/product-inference-v0/PRODUCT_ANSWER_EFFECT.tsv	floral_tea_reference	[]	NEEDS_MANDATORY_Q1
context-02-07	CONTEXT_ONLY	preparation.family.immersion	extremely_dark		0	true			0	0	MANDATORY_Q1_UNANSWERED	false	"{""candidate_count"":20}"	"{""candidate_count"":0}"	UNCALIBRATED_DETERMINISTIC_DECISION_SCORE_NOT_PROBABILITY	product-inference-policy-v0.1.0	db/data/product-inference-v0/PRODUCT_CONCEPT_CANDIDATE.tsv|db/data/product-inference-v0/PRODUCT_CONTEXT_PRIOR.tsv|db/data/product-inference-v0/PRODUCT_ANSWER_EFFECT.tsv	floral_tea_reference	[]	NEEDS_MANDATORY_Q1
context-03-01	CONTEXT_ONLY	preparation.family.hybrid	extremely_light		0	true			0	0	MANDATORY_Q1_UNANSWERED	false	"{""candidate_count"":20}"	"{""candidate_count"":0}"	UNCALIBRATED_DETERMINISTIC_DECISION_SCORE_NOT_PROBABILITY	product-inference-policy-v0.1.0	db/data/product-inference-v0/PRODUCT_CONCEPT_CANDIDATE.tsv|db/data/product-inference-v0/PRODUCT_CONTEXT_PRIOR.tsv|db/data/product-inference-v0/PRODUCT_ANSWER_EFFECT.tsv	floral_tea_reference	[]	NEEDS_MANDATORY_Q1
context-03-02	CONTEXT_ONLY	preparation.family.hybrid	light		0	true			0	0	MANDATORY_Q1_UNANSWERED	false	"{""candidate_count"":20}"	"{""candidate_count"":0}"	UNCALIBRATED_DETERMINISTIC_DECISION_SCORE_NOT_PROBABILITY	product-inference-policy-v0.1.0	db/data/product-inference-v0/PRODUCT_CONCEPT_CANDIDATE.tsv|db/data/product-inference-v0/PRODUCT_CONTEXT_PRIOR.tsv|db/data/product-inference-v0/PRODUCT_ANSWER_EFFECT.tsv	floral_tea_reference	[]	NEEDS_MANDATORY_Q1
context-03-03	CONTEXT_ONLY	preparation.family.hybrid	medium_light		0	true			0	0	MANDATORY_Q1_UNANSWERED	false	"{""candidate_count"":20}"	"{""candidate_count"":0}"	UNCALIBRATED_DETERMINISTIC_DECISION_SCORE_NOT_PROBABILITY	product-inference-policy-v0.1.0	db/data/product-inference-v0/PRODUCT_CONCEPT_CANDIDATE.tsv|db/data/product-inference-v0/PRODUCT_CONTEXT_PRIOR.tsv|db/data/product-inference-v0/PRODUCT_ANSWER_EFFECT.tsv	floral_tea_reference	[]	NEEDS_MANDATORY_Q1
context-03-04	CONTEXT_ONLY	preparation.family.hybrid	medium		0	true			0	0	MANDATORY_Q1_UNANSWERED	false	"{""candidate_count"":20}"	"{""candidate_count"":0}"	UNCALIBRATED_DETERMINISTIC_DECISION_SCORE_NOT_PROBABILITY	product-inference-policy-v0.1.0	db/data/product-inference-v0/PRODUCT_CONCEPT_CANDIDATE.tsv|db/data/product-inference-v0/PRODUCT_CONTEXT_PRIOR.tsv|db/data/product-inference-v0/PRODUCT_ANSWER_EFFECT.tsv	floral_tea_reference	[]	NEEDS_MANDATORY_Q1
context-03-05	CONTEXT_ONLY	preparation.family.hybrid	medium_dark		0	true			0	0	MANDATORY_Q1_UNANSWERED	false	"{""candidate_count"":20}"	"{""candidate_count"":0}"	UNCALIBRATED_DETERMINISTIC_DECISION_SCORE_NOT_PROBABILITY	product-inference-policy-v0.1.0	db/data/product-inference-v0/PRODUCT_CONCEPT_CANDIDATE.tsv|db/data/product-inference-v0/PRODUCT_CONTEXT_PRIOR.tsv|db/data/product-inference-v0/PRODUCT_ANSWER_EFFECT.tsv	floral_tea_reference	[]	NEEDS_MANDATORY_Q1
context-03-06	CONTEXT_ONLY	preparation.family.hybrid	dark		0	true			0	0	MANDATORY_Q1_UNANSWERED	false	"{""candidate_count"":20}"	"{""candidate_count"":0}"	UNCALIBRATED_DETERMINISTIC_DECISION_SCORE_NOT_PROBABILITY	product-inference-policy-v0.1.0	db/data/product-inference-v0/PRODUCT_CONCEPT_CANDIDATE.tsv|db/data/product-inference-v0/PRODUCT_CONTEXT_PRIOR.tsv|db/data/product-inference-v0/PRODUCT_ANSWER_EFFECT.tsv	floral_tea_reference	[]	NEEDS_MANDATORY_Q1
context-03-07	CONTEXT_ONLY	preparation.family.hybrid	extremely_dark		0	true			0	0	MANDATORY_Q1_UNANSWERED	false	"{""candidate_count"":20}"	"{""candidate_count"":0}"	UNCALIBRATED_DETERMINISTIC_DECISION_SCORE_NOT_PROBABILITY	product-inference-policy-v0.1.0	db/data/product-inference-v0/PRODUCT_CONCEPT_CANDIDATE.tsv|db/data/product-inference-v0/PRODUCT_CONTEXT_PRIOR.tsv|db/data/product-inference-v0/PRODUCT_ANSWER_EFFECT.tsv	floral_tea_reference	[]	NEEDS_MANDATORY_Q1
context-04-01	CONTEXT_ONLY	preparation.family.espresso_pressure	extremely_light		0	true			0	0	MANDATORY_Q1_UNANSWERED	false	"{""candidate_count"":20}"	"{""candidate_count"":0}"	UNCALIBRATED_DETERMINISTIC_DECISION_SCORE_NOT_PROBABILITY	product-inference-policy-v0.1.0	db/data/product-inference-v0/PRODUCT_CONCEPT_CANDIDATE.tsv|db/data/product-inference-v0/PRODUCT_CONTEXT_PRIOR.tsv|db/data/product-inference-v0/PRODUCT_ANSWER_EFFECT.tsv	floral_tea_reference	[]	NEEDS_MANDATORY_Q1
context-04-02	CONTEXT_ONLY	preparation.family.espresso_pressure	light		0	true			0	0	MANDATORY_Q1_UNANSWERED	false	"{""candidate_count"":20}"	"{""candidate_count"":0}"	UNCALIBRATED_DETERMINISTIC_DECISION_SCORE_NOT_PROBABILITY	product-inference-policy-v0.1.0	db/data/product-inference-v0/PRODUCT_CONCEPT_CANDIDATE.tsv|db/data/product-inference-v0/PRODUCT_CONTEXT_PRIOR.tsv|db/data/product-inference-v0/PRODUCT_ANSWER_EFFECT.tsv	floral_tea_reference	[]	NEEDS_MANDATORY_Q1
context-04-03	CONTEXT_ONLY	preparation.family.espresso_pressure	medium_light		0	true			0	0	MANDATORY_Q1_UNANSWERED	false	"{""candidate_count"":20}"	"{""candidate_count"":0}"	UNCALIBRATED_DETERMINISTIC_DECISION_SCORE_NOT_PROBABILITY	product-inference-policy-v0.1.0	db/data/product-inference-v0/PRODUCT_CONCEPT_CANDIDATE.tsv|db/data/product-inference-v0/PRODUCT_CONTEXT_PRIOR.tsv|db/data/product-inference-v0/PRODUCT_ANSWER_EFFECT.tsv	floral_tea_reference	[]	NEEDS_MANDATORY_Q1
context-04-04	CONTEXT_ONLY	preparation.family.espresso_pressure	medium		0	true			0	0	MANDATORY_Q1_UNANSWERED	false	"{""candidate_count"":20}"	"{""candidate_count"":0}"	UNCALIBRATED_DETERMINISTIC_DECISION_SCORE_NOT_PROBABILITY	product-inference-policy-v0.1.0	db/data/product-inference-v0/PRODUCT_CONCEPT_CANDIDATE.tsv|db/data/product-inference-v0/PRODUCT_CONTEXT_PRIOR.tsv|db/data/product-inference-v0/PRODUCT_ANSWER_EFFECT.tsv	floral_tea_reference	[]	NEEDS_MANDATORY_Q1
context-04-05	CONTEXT_ONLY	preparation.family.espresso_pressure	medium_dark		0	true			0	0	MANDATORY_Q1_UNANSWERED	false	"{""candidate_count"":20}"	"{""candidate_count"":0}"	UNCALIBRATED_DETERMINISTIC_DECISION_SCORE_NOT_PROBABILITY	product-inference-policy-v0.1.0	db/data/product-inference-v0/PRODUCT_CONCEPT_CANDIDATE.tsv|db/data/product-inference-v0/PRODUCT_CONTEXT_PRIOR.tsv|db/data/product-inference-v0/PRODUCT_ANSWER_EFFECT.tsv	floral_tea_reference	[]	NEEDS_MANDATORY_Q1
context-04-06	CONTEXT_ONLY	preparation.family.espresso_pressure	dark		0	true			0	0	MANDATORY_Q1_UNANSWERED	false	"{""candidate_count"":20}"	"{""candidate_count"":0}"	UNCALIBRATED_DETERMINISTIC_DECISION_SCORE_NOT_PROBABILITY	product-inference-policy-v0.1.0	db/data/product-inference-v0/PRODUCT_CONCEPT_CANDIDATE.tsv|db/data/product-inference-v0/PRODUCT_CONTEXT_PRIOR.tsv|db/data/product-inference-v0/PRODUCT_ANSWER_EFFECT.tsv	floral_tea_reference	[]	NEEDS_MANDATORY_Q1
context-04-07	CONTEXT_ONLY	preparation.family.espresso_pressure	extremely_dark		0	true			0	0	MANDATORY_Q1_UNANSWERED	false	"{""candidate_count"":20}"	"{""candidate_count"":0}"	UNCALIBRATED_DETERMINISTIC_DECISION_SCORE_NOT_PROBABILITY	product-inference-policy-v0.1.0	db/data/product-inference-v0/PRODUCT_CONCEPT_CANDIDATE.tsv|db/data/product-inference-v0/PRODUCT_CONTEXT_PRIOR.tsv|db/data/product-inference-v0/PRODUCT_ANSWER_EFFECT.tsv	floral_tea_reference	[]	NEEDS_MANDATORY_Q1
context-05-01	CONTEXT_ONLY	preparation.family.diluted_espresso	extremely_light		0	true			0	0	MANDATORY_Q1_UNANSWERED	false	"{""candidate_count"":20}"	"{""candidate_count"":0}"	UNCALIBRATED_DETERMINISTIC_DECISION_SCORE_NOT_PROBABILITY	product-inference-policy-v0.1.0	db/data/product-inference-v0/PRODUCT_CONCEPT_CANDIDATE.tsv|db/data/product-inference-v0/PRODUCT_CONTEXT_PRIOR.tsv|db/data/product-inference-v0/PRODUCT_ANSWER_EFFECT.tsv	floral_tea_reference	[]	NEEDS_MANDATORY_Q1
context-05-02	CONTEXT_ONLY	preparation.family.diluted_espresso	light		0	true			0	0	MANDATORY_Q1_UNANSWERED	false	"{""candidate_count"":20}"	"{""candidate_count"":0}"	UNCALIBRATED_DETERMINISTIC_DECISION_SCORE_NOT_PROBABILITY	product-inference-policy-v0.1.0	db/data/product-inference-v0/PRODUCT_CONCEPT_CANDIDATE.tsv|db/data/product-inference-v0/PRODUCT_CONTEXT_PRIOR.tsv|db/data/product-inference-v0/PRODUCT_ANSWER_EFFECT.tsv	floral_tea_reference	[]	NEEDS_MANDATORY_Q1
context-05-03	CONTEXT_ONLY	preparation.family.diluted_espresso	medium_light		0	true			0	0	MANDATORY_Q1_UNANSWERED	false	"{""candidate_count"":20}"	"{""candidate_count"":0}"	UNCALIBRATED_DETERMINISTIC_DECISION_SCORE_NOT_PROBABILITY	product-inference-policy-v0.1.0	db/data/product-inference-v0/PRODUCT_CONCEPT_CANDIDATE.tsv|db/data/product-inference-v0/PRODUCT_CONTEXT_PRIOR.tsv|db/data/product-inference-v0/PRODUCT_ANSWER_EFFECT.tsv	floral_tea_reference	[]	NEEDS_MANDATORY_Q1
context-05-04	CONTEXT_ONLY	preparation.family.diluted_espresso	medium		0	true			0	0	MANDATORY_Q1_UNANSWERED	false	"{""candidate_count"":20}"	"{""candidate_count"":0}"	UNCALIBRATED_DETERMINISTIC_DECISION_SCORE_NOT_PROBABILITY	product-inference-policy-v0.1.0	db/data/product-inference-v0/PRODUCT_CONCEPT_CANDIDATE.tsv|db/data/product-inference-v0/PRODUCT_CONTEXT_PRIOR.tsv|db/data/product-inference-v0/PRODUCT_ANSWER_EFFECT.tsv	floral_tea_reference	[]	NEEDS_MANDATORY_Q1
context-05-05	CONTEXT_ONLY	preparation.family.diluted_espresso	medium_dark		0	true			0	0	MANDATORY_Q1_UNANSWERED	false	"{""candidate_count"":20}"	"{""candidate_count"":0}"	UNCALIBRATED_DETERMINISTIC_DECISION_SCORE_NOT_PROBABILITY	product-inference-policy-v0.1.0	db/data/product-inference-v0/PRODUCT_CONCEPT_CANDIDATE.tsv|db/data/product-inference-v0/PRODUCT_CONTEXT_PRIOR.tsv|db/data/product-inference-v0/PRODUCT_ANSWER_EFFECT.tsv	floral_tea_reference	[]	NEEDS_MANDATORY_Q1
context-05-06	CONTEXT_ONLY	preparation.family.diluted_espresso	dark		0	true			0	0	MANDATORY_Q1_UNANSWERED	false	"{""candidate_count"":20}"	"{""candidate_count"":0}"	UNCALIBRATED_DETERMINISTIC_DECISION_SCORE_NOT_PROBABILITY	product-inference-policy-v0.1.0	db/data/product-inference-v0/PRODUCT_CONCEPT_CANDIDATE.tsv|db/data/product-inference-v0/PRODUCT_CONTEXT_PRIOR.tsv|db/data/product-inference-v0/PRODUCT_ANSWER_EFFECT.tsv	floral_tea_reference	[]	NEEDS_MANDATORY_Q1
context-05-07	CONTEXT_ONLY	preparation.family.diluted_espresso	extremely_dark		0	true			0	0	MANDATORY_Q1_UNANSWERED	false	"{""candidate_count"":20}"	"{""candidate_count"":0}"	UNCALIBRATED_DETERMINISTIC_DECISION_SCORE_NOT_PROBABILITY	product-inference-policy-v0.1.0	db/data/product-inference-v0/PRODUCT_CONCEPT_CANDIDATE.tsv|db/data/product-inference-v0/PRODUCT_CONTEXT_PRIOR.tsv|db/data/product-inference-v0/PRODUCT_ANSWER_EFFECT.tsv	floral_tea_reference	[]	NEEDS_MANDATORY_Q1
context-06-01	CONTEXT_ONLY	preparation.family.stovetop_boiled	extremely_light		0	true			0	0	MANDATORY_Q1_UNANSWERED	false	"{""candidate_count"":20}"	"{""candidate_count"":0}"	UNCALIBRATED_DETERMINISTIC_DECISION_SCORE_NOT_PROBABILITY	product-inference-policy-v0.1.0	db/data/product-inference-v0/PRODUCT_CONCEPT_CANDIDATE.tsv|db/data/product-inference-v0/PRODUCT_CONTEXT_PRIOR.tsv|db/data/product-inference-v0/PRODUCT_ANSWER_EFFECT.tsv	floral_tea_reference	[]	NEEDS_MANDATORY_Q1
context-06-02	CONTEXT_ONLY	preparation.family.stovetop_boiled	light		0	true			0	0	MANDATORY_Q1_UNANSWERED	false	"{""candidate_count"":20}"	"{""candidate_count"":0}"	UNCALIBRATED_DETERMINISTIC_DECISION_SCORE_NOT_PROBABILITY	product-inference-policy-v0.1.0	db/data/product-inference-v0/PRODUCT_CONCEPT_CANDIDATE.tsv|db/data/product-inference-v0/PRODUCT_CONTEXT_PRIOR.tsv|db/data/product-inference-v0/PRODUCT_ANSWER_EFFECT.tsv	floral_tea_reference	[]	NEEDS_MANDATORY_Q1
context-06-03	CONTEXT_ONLY	preparation.family.stovetop_boiled	medium_light		0	true			0	0	MANDATORY_Q1_UNANSWERED	false	"{""candidate_count"":20}"	"{""candidate_count"":0}"	UNCALIBRATED_DETERMINISTIC_DECISION_SCORE_NOT_PROBABILITY	product-inference-policy-v0.1.0	db/data/product-inference-v0/PRODUCT_CONCEPT_CANDIDATE.tsv|db/data/product-inference-v0/PRODUCT_CONTEXT_PRIOR.tsv|db/data/product-inference-v0/PRODUCT_ANSWER_EFFECT.tsv	floral_tea_reference	[]	NEEDS_MANDATORY_Q1
context-06-04	CONTEXT_ONLY	preparation.family.stovetop_boiled	medium		0	true			0	0	MANDATORY_Q1_UNANSWERED	false	"{""candidate_count"":20}"	"{""candidate_count"":0}"	UNCALIBRATED_DETERMINISTIC_DECISION_SCORE_NOT_PROBABILITY	product-inference-policy-v0.1.0	db/data/product-inference-v0/PRODUCT_CONCEPT_CANDIDATE.tsv|db/data/product-inference-v0/PRODUCT_CONTEXT_PRIOR.tsv|db/data/product-inference-v0/PRODUCT_ANSWER_EFFECT.tsv	floral_tea_reference	[]	NEEDS_MANDATORY_Q1
context-06-05	CONTEXT_ONLY	preparation.family.stovetop_boiled	medium_dark		0	true			0	0	MANDATORY_Q1_UNANSWERED	false	"{""candidate_count"":20}"	"{""candidate_count"":0}"	UNCALIBRATED_DETERMINISTIC_DECISION_SCORE_NOT_PROBABILITY	product-inference-policy-v0.1.0	db/data/product-inference-v0/PRODUCT_CONCEPT_CANDIDATE.tsv|db/data/product-inference-v0/PRODUCT_CONTEXT_PRIOR.tsv|db/data/product-inference-v0/PRODUCT_ANSWER_EFFECT.tsv	floral_tea_reference	[]	NEEDS_MANDATORY_Q1
context-06-06	CONTEXT_ONLY	preparation.family.stovetop_boiled	dark		0	true			0	0	MANDATORY_Q1_UNANSWERED	false	"{""candidate_count"":20}"	"{""candidate_count"":0}"	UNCALIBRATED_DETERMINISTIC_DECISION_SCORE_NOT_PROBABILITY	product-inference-policy-v0.1.0	db/data/product-inference-v0/PRODUCT_CONCEPT_CANDIDATE.tsv|db/data/product-inference-v0/PRODUCT_CONTEXT_PRIOR.tsv|db/data/product-inference-v0/PRODUCT_ANSWER_EFFECT.tsv	floral_tea_reference	[]	NEEDS_MANDATORY_Q1
context-06-07	CONTEXT_ONLY	preparation.family.stovetop_boiled	extremely_dark		0	true			0	0	MANDATORY_Q1_UNANSWERED	false	"{""candidate_count"":20}"	"{""candidate_count"":0}"	UNCALIBRATED_DETERMINISTIC_DECISION_SCORE_NOT_PROBABILITY	product-inference-policy-v0.1.0	db/data/product-inference-v0/PRODUCT_CONCEPT_CANDIDATE.tsv|db/data/product-inference-v0/PRODUCT_CONTEXT_PRIOR.tsv|db/data/product-inference-v0/PRODUCT_ANSWER_EFFECT.tsv	floral_tea_reference	[]	NEEDS_MANDATORY_Q1
context-07-01	CONTEXT_ONLY	preparation.family.cold_extraction	extremely_light		0	true			0	0	MANDATORY_Q1_UNANSWERED	false	"{""candidate_count"":20}"	"{""candidate_count"":0}"	UNCALIBRATED_DETERMINISTIC_DECISION_SCORE_NOT_PROBABILITY	product-inference-policy-v0.1.0	db/data/product-inference-v0/PRODUCT_CONCEPT_CANDIDATE.tsv|db/data/product-inference-v0/PRODUCT_CONTEXT_PRIOR.tsv|db/data/product-inference-v0/PRODUCT_ANSWER_EFFECT.tsv	floral_tea_reference	[]	NEEDS_MANDATORY_Q1
context-07-02	CONTEXT_ONLY	preparation.family.cold_extraction	light		0	true			0	0	MANDATORY_Q1_UNANSWERED	false	"{""candidate_count"":20}"	"{""candidate_count"":0}"	UNCALIBRATED_DETERMINISTIC_DECISION_SCORE_NOT_PROBABILITY	product-inference-policy-v0.1.0	db/data/product-inference-v0/PRODUCT_CONCEPT_CANDIDATE.tsv|db/data/product-inference-v0/PRODUCT_CONTEXT_PRIOR.tsv|db/data/product-inference-v0/PRODUCT_ANSWER_EFFECT.tsv	floral_tea_reference	[]	NEEDS_MANDATORY_Q1
context-07-03	CONTEXT_ONLY	preparation.family.cold_extraction	medium_light		0	true			0	0	MANDATORY_Q1_UNANSWERED	false	"{""candidate_count"":20}"	"{""candidate_count"":0}"	UNCALIBRATED_DETERMINISTIC_DECISION_SCORE_NOT_PROBABILITY	product-inference-policy-v0.1.0	db/data/product-inference-v0/PRODUCT_CONCEPT_CANDIDATE.tsv|db/data/product-inference-v0/PRODUCT_CONTEXT_PRIOR.tsv|db/data/product-inference-v0/PRODUCT_ANSWER_EFFECT.tsv	floral_tea_reference	[]	NEEDS_MANDATORY_Q1
context-07-04	CONTEXT_ONLY	preparation.family.cold_extraction	medium		0	true			0	0	MANDATORY_Q1_UNANSWERED	false	"{""candidate_count"":20}"	"{""candidate_count"":0}"	UNCALIBRATED_DETERMINISTIC_DECISION_SCORE_NOT_PROBABILITY	product-inference-policy-v0.1.0	db/data/product-inference-v0/PRODUCT_CONCEPT_CANDIDATE.tsv|db/data/product-inference-v0/PRODUCT_CONTEXT_PRIOR.tsv|db/data/product-inference-v0/PRODUCT_ANSWER_EFFECT.tsv	floral_tea_reference	[]	NEEDS_MANDATORY_Q1
context-07-05	CONTEXT_ONLY	preparation.family.cold_extraction	medium_dark		0	true			0	0	MANDATORY_Q1_UNANSWERED	false	"{""candidate_count"":20}"	"{""candidate_count"":0}"	UNCALIBRATED_DETERMINISTIC_DECISION_SCORE_NOT_PROBABILITY	product-inference-policy-v0.1.0	db/data/product-inference-v0/PRODUCT_CONCEPT_CANDIDATE.tsv|db/data/product-inference-v0/PRODUCT_CONTEXT_PRIOR.tsv|db/data/product-inference-v0/PRODUCT_ANSWER_EFFECT.tsv	floral_tea_reference	[]	NEEDS_MANDATORY_Q1
context-07-06	CONTEXT_ONLY	preparation.family.cold_extraction	dark		0	true			0	0	MANDATORY_Q1_UNANSWERED	false	"{""candidate_count"":20}"	"{""candidate_count"":0}"	UNCALIBRATED_DETERMINISTIC_DECISION_SCORE_NOT_PROBABILITY	product-inference-policy-v0.1.0	db/data/product-inference-v0/PRODUCT_CONCEPT_CANDIDATE.tsv|db/data/product-inference-v0/PRODUCT_CONTEXT_PRIOR.tsv|db/data/product-inference-v0/PRODUCT_ANSWER_EFFECT.tsv	floral_tea_reference	[]	NEEDS_MANDATORY_Q1
context-07-07	CONTEXT_ONLY	preparation.family.cold_extraction	extremely_dark		0	true			0	0	MANDATORY_Q1_UNANSWERED	false	"{""candidate_count"":20}"	"{""candidate_count"":0}"	UNCALIBRATED_DETERMINISTIC_DECISION_SCORE_NOT_PROBABILITY	product-inference-policy-v0.1.0	db/data/product-inference-v0/PRODUCT_CONCEPT_CANDIDATE.tsv|db/data/product-inference-v0/PRODUCT_CONTEXT_PRIOR.tsv|db/data/product-inference-v0/PRODUCT_ANSWER_EFFECT.tsv	floral_tea_reference	[]	NEEDS_MANDATORY_Q1
context-08-01	CONTEXT_ONLY	preparation.family.espresso_milk	extremely_light		0	true			0	0	MANDATORY_Q1_UNANSWERED	false	"{""candidate_count"":20}"	"{""candidate_count"":0}"	UNCALIBRATED_DETERMINISTIC_DECISION_SCORE_NOT_PROBABILITY	product-inference-policy-v0.1.0	db/data/product-inference-v0/PRODUCT_CONCEPT_CANDIDATE.tsv|db/data/product-inference-v0/PRODUCT_CONTEXT_PRIOR.tsv|db/data/product-inference-v0/PRODUCT_ANSWER_EFFECT.tsv	floral_tea_reference	[]	NEEDS_MANDATORY_Q1
context-08-02	CONTEXT_ONLY	preparation.family.espresso_milk	light		0	true			0	0	MANDATORY_Q1_UNANSWERED	false	"{""candidate_count"":20}"	"{""candidate_count"":0}"	UNCALIBRATED_DETERMINISTIC_DECISION_SCORE_NOT_PROBABILITY	product-inference-policy-v0.1.0	db/data/product-inference-v0/PRODUCT_CONCEPT_CANDIDATE.tsv|db/data/product-inference-v0/PRODUCT_CONTEXT_PRIOR.tsv|db/data/product-inference-v0/PRODUCT_ANSWER_EFFECT.tsv	floral_tea_reference	[]	NEEDS_MANDATORY_Q1
context-08-03	CONTEXT_ONLY	preparation.family.espresso_milk	medium_light		0	true			0	0	MANDATORY_Q1_UNANSWERED	false	"{""candidate_count"":20}"	"{""candidate_count"":0}"	UNCALIBRATED_DETERMINISTIC_DECISION_SCORE_NOT_PROBABILITY	product-inference-policy-v0.1.0	db/data/product-inference-v0/PRODUCT_CONCEPT_CANDIDATE.tsv|db/data/product-inference-v0/PRODUCT_CONTEXT_PRIOR.tsv|db/data/product-inference-v0/PRODUCT_ANSWER_EFFECT.tsv	floral_tea_reference	[]	NEEDS_MANDATORY_Q1
context-08-04	CONTEXT_ONLY	preparation.family.espresso_milk	medium		0	true			0	0	MANDATORY_Q1_UNANSWERED	false	"{""candidate_count"":20}"	"{""candidate_count"":0}"	UNCALIBRATED_DETERMINISTIC_DECISION_SCORE_NOT_PROBABILITY	product-inference-policy-v0.1.0	db/data/product-inference-v0/PRODUCT_CONCEPT_CANDIDATE.tsv|db/data/product-inference-v0/PRODUCT_CONTEXT_PRIOR.tsv|db/data/product-inference-v0/PRODUCT_ANSWER_EFFECT.tsv	floral_tea_reference	[]	NEEDS_MANDATORY_Q1
context-08-05	CONTEXT_ONLY	preparation.family.espresso_milk	medium_dark		0	true			0	0	MANDATORY_Q1_UNANSWERED	false	"{""candidate_count"":20}"	"{""candidate_count"":0}"	UNCALIBRATED_DETERMINISTIC_DECISION_SCORE_NOT_PROBABILITY	product-inference-policy-v0.1.0	db/data/product-inference-v0/PRODUCT_CONCEPT_CANDIDATE.tsv|db/data/product-inference-v0/PRODUCT_CONTEXT_PRIOR.tsv|db/data/product-inference-v0/PRODUCT_ANSWER_EFFECT.tsv	floral_tea_reference	[]	NEEDS_MANDATORY_Q1
context-08-06	CONTEXT_ONLY	preparation.family.espresso_milk	dark		0	true			0	0	MANDATORY_Q1_UNANSWERED	false	"{""candidate_count"":20}"	"{""candidate_count"":0}"	UNCALIBRATED_DETERMINISTIC_DECISION_SCORE_NOT_PROBABILITY	product-inference-policy-v0.1.0	db/data/product-inference-v0/PRODUCT_CONCEPT_CANDIDATE.tsv|db/data/product-inference-v0/PRODUCT_CONTEXT_PRIOR.tsv|db/data/product-inference-v0/PRODUCT_ANSWER_EFFECT.tsv	floral_tea_reference	[]	NEEDS_MANDATORY_Q1
context-08-07	CONTEXT_ONLY	preparation.family.espresso_milk	extremely_dark		0	true			0	0	MANDATORY_Q1_UNANSWERED	false	"{""candidate_count"":20}"	"{""candidate_count"":0}"	UNCALIBRATED_DETERMINISTIC_DECISION_SCORE_NOT_PROBABILITY	product-inference-policy-v0.1.0	db/data/product-inference-v0/PRODUCT_CONCEPT_CANDIDATE.tsv|db/data/product-inference-v0/PRODUCT_CONTEXT_PRIOR.tsv|db/data/product-inference-v0/PRODUCT_ANSWER_EFFECT.tsv	floral_tea_reference	[]	NEEDS_MANDATORY_Q1
answer-update-01	ANSWER_UPDATE	preparation.family.filter_percolation	extremely_light	family_direction|fruit_region|floral_tea_reference	3	true	sensory.caramel|sensory.dark_chocolate|sensory.honey|sensory.jasmine|sensory.blueberry	sensory.cinnamon|sensory.almond|sensory.tobacco	5	3		true	"{""candidate_count"":20}"	"{""rights_eligible_count"":10,""selected_count"":8,""supported_count"":12}"	UNCALIBRATED_DETERMINISTIC_DECISION_SCORE_NOT_PROBABILITY	product-inference-policy-v0.1.0	db/data/product-inference-v0/PRODUCT_CONCEPT_CANDIDATE.tsv|db/data/product-inference-v0/PRODUCT_CONTEXT_PRIOR.tsv|db/data/product-inference-v0/PRODUCT_ANSWER_EFFECT.tsv		"[{""candidate_partition_sizes"":{""cocoa_nut_caramel"":6,""earthy_fermented"":3,""floral_tea"":4,""fruit"":3,""roast_spice_smoke"":4},""candidate_set_before_count"":20,""candidate_state_after_count"":6,""evidence_coverage_count"":20,""expected_separation_score"":0.7,""question_axis_id"":""family_direction"",""question_position"":1,""selected_option_id"":""cocoa_nut_caramel"",""unanswered_or_unsure_path"":""NO_EVIDENCE_CHANGE""},{""candidate_partition_sizes"":{""cocoa_nut_caramel"":6,""earthy_fermented"":3,""floral_tea"":4,""fruit"":3,""roast_spice_smoke"":4},""candidate_set_before_count"":6,""candidate_state_after_count"":10,""evidence_coverage_count"":20,""expected_separation_score"":0.7,""question_axis_id"":""family_direction"",""question_position"":2,""selected_option_id"":""roast_spice_smoke"",""unanswered_or_unsure_path"":""NO_EVIDENCE_CHANGE""},{""candidate_partition_sizes"":{""berry"":1,""citrus"":2},""candidate_set_before_count"":10,""candidate_state_after_count"":11,""evidence_coverage_count"":3,""expected_separation_score"":0.333333,""question_axis_id"":""fruit_region"",""question_position"":3,""selected_option_id"":""berry"",""unanswered_or_unsure_path"":""NO_EVIDENCE_CHANGE""},{""candidate_partition_sizes"":{""citrus_blossom"":1,""rose_floral"":1,""tea"":1,""white_floral"":1},""candidate_set_before_count"":11,""candidate_state_after_count"":12,""evidence_coverage_count"":4,""expected_separation_score"":0.75,""question_axis_id"":""floral_tea_reference"",""question_position"":4,""selected_option_id"":""white_floral"",""unanswered_or_unsure_path"":""NO_EVIDENCE_CHANGE""}]"	OUTPUT_COMPLETE_5_PLUS_3
answer-update-02	ANSWER_UPDATE	preparation.family.immersion	light	family_direction|browned_sweet_reference|floral_tea_reference	3	false	sensory.caramel|sensory.honey|sensory.jasmine|sensory.orange|sensory.blueberry		5	0	INSUFFICIENT_EVIDENCE_FOR_SECONDARY	false	"{""candidate_count"":20}"	"{""rights_eligible_count"":6,""selected_count"":5,""supported_count"":6}"	UNCALIBRATED_DETERMINISTIC_DECISION_SCORE_NOT_PROBABILITY	product-inference-policy-v0.1.0	db/data/product-inference-v0/PRODUCT_CONCEPT_CANDIDATE.tsv|db/data/product-inference-v0/PRODUCT_CONTEXT_PRIOR.tsv|db/data/product-inference-v0/PRODUCT_ANSWER_EFFECT.tsv	acidity_character	"[{""candidate_partition_sizes"":{""cocoa_nut_caramel"":6,""earthy_fermented"":3,""floral_tea"":4,""fruit"":3,""roast_spice_smoke"":4},""candidate_set_before_count"":20,""candidate_state_after_count"":3,""evidence_coverage_count"":20,""expected_separation_score"":0.7,""question_axis_id"":""family_direction"",""question_position"":1,""selected_option_id"":""fruit"",""unanswered_or_unsure_path"":""NO_EVIDENCE_CHANGE""},{""candidate_partition_sizes"":{""brown_sugar"":1,""caramel_honey"":2,""dark_chocolate"":1,""nuts"":2},""candidate_set_before_count"":3,""candidate_state_after_count"":5,""evidence_coverage_count"":6,""expected_separation_score"":0.666667,""question_axis_id"":""browned_sweet_reference"",""question_position"":2,""selected_option_id"":""caramel_honey"",""unanswered_or_unsure_path"":""NO_EVIDENCE_CHANGE""},{""candidate_partition_sizes"":{""citrus_blossom"":1,""rose_floral"":1,""tea"":1,""white_floral"":1},""candidate_set_before_count"":5,""candidate_state_after_count"":6,""evidence_coverage_count"":4,""expected_separation_score"":0.75,""question_axis_id"":""floral_tea_reference"",""question_position"":3,""selected_option_id"":""white_floral"",""unanswered_or_unsure_path"":""NO_EVIDENCE_CHANGE""}]"	PARTIAL_OUTPUT_INSUFFICIENT_SUPPORTED_CANDIDATES
answer-update-03	ANSWER_UPDATE	preparation.family.hybrid	medium_light	family_direction|fermentation_character|fruit_region	3	false	sensory.blueberry|sensory.cinnamon|sensory.wine_like_character|sensory.tobacco|sensory.smoky		5	0	INSUFFICIENT_EVIDENCE_FOR_SECONDARY	false	"{""candidate_count"":20}"	"{""rights_eligible_count"":5,""selected_count"":5,""supported_count"":6}"	UNCALIBRATED_DETERMINISTIC_DECISION_SCORE_NOT_PROBABILITY	product-inference-policy-v0.1.0	db/data/product-inference-v0/PRODUCT_CONCEPT_CANDIDATE.tsv|db/data/product-inference-v0/PRODUCT_CONTEXT_PRIOR.tsv|db/data/product-inference-v0/PRODUCT_ANSWER_EFFECT.tsv	roast_smoke_reference	"[{""candidate_partition_sizes"":{""cocoa_nut_caramel"":6,""earthy_fermented"":3,""floral_tea"":4,""fruit"":3,""roast_spice_smoke"":4},""candidate_set_before_count"":20,""candidate_state_after_count"":4,""evidence_coverage_count"":20,""expected_separation_score"":0.7,""question_axis_id"":""family_direction"",""question_position"":1,""selected_option_id"":""roast_spice_smoke"",""unanswered_or_unsure_path"":""NO_EVIDENCE_CHANGE""},{""candidate_partition_sizes"":{""earthy"":1,""fermented"":1,""winey"":1},""candidate_set_before_count"":4,""candidate_state_after_count"":5,""evidence_coverage_count"":3,""expected_separation_score"":0.666667,""question_axis_id"":""fermentation_character"",""question_position"":2,""selected_option_id"":""winey"",""unanswered_or_unsure_path"":""NO_EVIDENCE_CHANGE""},{""candidate_partition_sizes"":{""berry"":1,""citrus"":2},""candidate_set_before_count"":5,""candidate_state_after_count"":6,""evidence_coverage_count"":3,""expected_separation_score"":0.333333,""question_axis_id"":""fruit_region"",""question_position"":3,""selected_option_id"":""berry"",""unanswered_or_unsure_path"":""NO_EVIDENCE_CHANGE""}]"	PARTIAL_OUTPUT_INSUFFICIENT_SUPPORTED_CANDIDATES
answer-update-04	ANSWER_UPDATE	preparation.family.espresso_pressure	medium	family_direction|browned_sweet_reference|acidity_character	3	false	sensory.jasmine|sensory.orange|sensory.almond|sensory.rose|sensory.green_tea		5	0	INSUFFICIENT_EVIDENCE_FOR_SECONDARY	false	"{""candidate_count"":20}"	"{""rights_eligible_count"":7,""selected_count"":5,""supported_count"":8}"	UNCALIBRATED_DETERMINISTIC_DECISION_SCORE_NOT_PROBABILITY	product-inference-policy-v0.1.0	db/data/product-inference-v0/PRODUCT_CONCEPT_CANDIDATE.tsv|db/data/product-inference-v0/PRODUCT_CONTEXT_PRIOR.tsv|db/data/product-inference-v0/PRODUCT_ANSWER_EFFECT.tsv	floral_tea_reference	"[{""candidate_partition_sizes"":{""cocoa_nut_caramel"":6,""earthy_fermented"":3,""floral_tea"":4,""fruit"":3,""roast_spice_smoke"":4},""candidate_set_before_count"":20,""candidate_state_after_count"":4,""evidence_coverage_count"":20,""expected_separation_score"":0.7,""question_axis_id"":""family_direction"",""question_position"":1,""selected_option_id"":""floral_tea"",""unanswered_or_unsure_path"":""NO_EVIDENCE_CHANGE""},{""candidate_partition_sizes"":{""brown_sugar"":1,""caramel_honey"":2,""dark_chocolate"":1,""nuts"":2},""candidate_set_before_count"":4,""candidate_state_after_count"":6,""evidence_coverage_count"":6,""expected_separation_score"":0.666667,""question_axis_id"":""browned_sweet_reference"",""question_position"":2,""selected_option_id"":""nuts"",""unanswered_or_unsure_path"":""NO_EVIDENCE_CHANGE""},{""candidate_partition_sizes"":{""berry_like"":1,""citrus_like"":2},""candidate_set_before_count"":6,""candidate_state_after_count"":8,""evidence_coverage_count"":3,""expected_separation_score"":0.333333,""question_axis_id"":""acidity_character"",""question_position"":3,""selected_option_id"":""citrus_like"",""unanswered_or_unsure_path"":""NO_EVIDENCE_CHANGE""}]"	PARTIAL_OUTPUT_INSUFFICIENT_SUPPORTED_CANDIDATES
answer-update-05	ANSWER_UPDATE	preparation.family.diluted_espresso	medium_dark	family_direction|fruit_region|floral_tea_reference	3	true	sensory.caramel|sensory.honey|sensory.dark_chocolate|sensory.jasmine|sensory.blueberry	sensory.cinnamon|sensory.almond|sensory.tobacco	5	3		false	"{""candidate_count"":20}"	"{""rights_eligible_count"":10,""selected_count"":8,""supported_count"":12}"	UNCALIBRATED_DETERMINISTIC_DECISION_SCORE_NOT_PROBABILITY	product-inference-policy-v0.1.0	db/data/product-inference-v0/PRODUCT_CONCEPT_CANDIDATE.tsv|db/data/product-inference-v0/PRODUCT_CONTEXT_PRIOR.tsv|db/data/product-inference-v0/PRODUCT_ANSWER_EFFECT.tsv		"[{""candidate_partition_sizes"":{""cocoa_nut_caramel"":6,""earthy_fermented"":3,""floral_tea"":4,""fruit"":3,""roast_spice_smoke"":4},""candidate_set_before_count"":20,""candidate_state_after_count"":6,""evidence_coverage_count"":20,""expected_separation_score"":0.7,""question_axis_id"":""family_direction"",""question_position"":1,""selected_option_id"":""cocoa_nut_caramel"",""unanswered_or_unsure_path"":""NO_EVIDENCE_CHANGE""},{""candidate_partition_sizes"":{""cocoa_nut_caramel"":6,""earthy_fermented"":3,""floral_tea"":4,""fruit"":3,""roast_spice_smoke"":4},""candidate_set_before_count"":6,""candidate_state_after_count"":10,""evidence_coverage_count"":20,""expected_separation_score"":0.7,""question_axis_id"":""family_direction"",""question_position"":2,""selected_option_id"":""roast_spice_smoke"",""unanswered_or_unsure_path"":""NO_EVIDENCE_CHANGE""},{""candidate_partition_sizes"":{""berry"":1,""citrus"":2},""candidate_set_before_count"":10,""candidate_state_after_count"":11,""evidence_coverage_count"":3,""expected_separation_score"":0.333333,""question_axis_id"":""fruit_region"",""question_position"":3,""selected_option_id"":""berry"",""unanswered_or_unsure_path"":""NO_EVIDENCE_CHANGE""},{""candidate_partition_sizes"":{""citrus_blossom"":1,""rose_floral"":1,""tea"":1,""white_floral"":1},""candidate_set_before_count"":11,""candidate_state_after_count"":12,""evidence_coverage_count"":4,""expected_separation_score"":0.75,""question_axis_id"":""floral_tea_reference"",""question_position"":4,""selected_option_id"":""white_floral"",""unanswered_or_unsure_path"":""NO_EVIDENCE_CHANGE""}]"	OUTPUT_COMPLETE_5_PLUS_3
answer-update-06	ANSWER_UPDATE	preparation.family.stovetop_boiled	dark	family_direction|browned_sweet_reference|floral_tea_reference	3	false	sensory.caramel|sensory.honey|sensory.jasmine|sensory.orange|sensory.blueberry		5	0	INSUFFICIENT_EVIDENCE_FOR_SECONDARY	true	"{""candidate_count"":20}"	"{""rights_eligible_count"":6,""selected_count"":5,""supported_count"":6}"	UNCALIBRATED_DETERMINISTIC_DECISION_SCORE_NOT_PROBABILITY	product-inference-policy-v0.1.0	db/data/product-inference-v0/PRODUCT_CONCEPT_CANDIDATE.tsv|db/data/product-inference-v0/PRODUCT_CONTEXT_PRIOR.tsv|db/data/product-inference-v0/PRODUCT_ANSWER_EFFECT.tsv	acidity_character	"[{""candidate_partition_sizes"":{""cocoa_nut_caramel"":6,""earthy_fermented"":3,""floral_tea"":4,""fruit"":3,""roast_spice_smoke"":4},""candidate_set_before_count"":20,""candidate_state_after_count"":3,""evidence_coverage_count"":20,""expected_separation_score"":0.7,""question_axis_id"":""family_direction"",""question_position"":1,""selected_option_id"":""fruit"",""unanswered_or_unsure_path"":""NO_EVIDENCE_CHANGE""},{""candidate_partition_sizes"":{""brown_sugar"":1,""caramel_honey"":2,""dark_chocolate"":1,""nuts"":2},""candidate_set_before_count"":3,""candidate_state_after_count"":5,""evidence_coverage_count"":6,""expected_separation_score"":0.666667,""question_axis_id"":""browned_sweet_reference"",""question_position"":2,""selected_option_id"":""caramel_honey"",""unanswered_or_unsure_path"":""NO_EVIDENCE_CHANGE""},{""candidate_partition_sizes"":{""citrus_blossom"":1,""rose_floral"":1,""tea"":1,""white_floral"":1},""candidate_set_before_count"":5,""candidate_state_after_count"":6,""evidence_coverage_count"":4,""expected_separation_score"":0.75,""question_axis_id"":""floral_tea_reference"",""question_position"":3,""selected_option_id"":""white_floral"",""unanswered_or_unsure_path"":""NO_EVIDENCE_CHANGE""}]"	PARTIAL_OUTPUT_INSUFFICIENT_SUPPORTED_CANDIDATES
answer-update-07	ANSWER_UPDATE	preparation.family.cold_extraction	extremely_dark	family_direction|fermentation_character|fruit_region	3	false	sensory.blueberry|sensory.cinnamon|sensory.wine_like_character|sensory.tobacco|sensory.smoky		5	0	INSUFFICIENT_EVIDENCE_FOR_SECONDARY	false	"{""candidate_count"":20}"	"{""rights_eligible_count"":5,""selected_count"":5,""supported_count"":6}"	UNCALIBRATED_DETERMINISTIC_DECISION_SCORE_NOT_PROBABILITY	product-inference-policy-v0.1.0	db/data/product-inference-v0/PRODUCT_CONCEPT_CANDIDATE.tsv|db/data/product-inference-v0/PRODUCT_CONTEXT_PRIOR.tsv|db/data/product-inference-v0/PRODUCT_ANSWER_EFFECT.tsv	roast_smoke_reference	"[{""candidate_partition_sizes"":{""cocoa_nut_caramel"":6,""earthy_fermented"":3,""floral_tea"":4,""fruit"":3,""roast_spice_smoke"":4},""candidate_set_before_count"":20,""candidate_state_after_count"":4,""evidence_coverage_count"":20,""expected_separation_score"":0.7,""question_axis_id"":""family_direction"",""question_position"":1,""selected_option_id"":""roast_spice_smoke"",""unanswered_or_unsure_path"":""NO_EVIDENCE_CHANGE""},{""candidate_partition_sizes"":{""earthy"":1,""fermented"":1,""winey"":1},""candidate_set_before_count"":4,""candidate_state_after_count"":5,""evidence_coverage_count"":3,""expected_separation_score"":0.666667,""question_axis_id"":""fermentation_character"",""question_position"":2,""selected_option_id"":""winey"",""unanswered_or_unsure_path"":""NO_EVIDENCE_CHANGE""},{""candidate_partition_sizes"":{""berry"":1,""citrus"":2},""candidate_set_before_count"":5,""candidate_state_after_count"":6,""evidence_coverage_count"":3,""expected_separation_score"":0.333333,""question_axis_id"":""fruit_region"",""question_position"":3,""selected_option_id"":""berry"",""unanswered_or_unsure_path"":""NO_EVIDENCE_CHANGE""}]"	PARTIAL_OUTPUT_INSUFFICIENT_SUPPORTED_CANDIDATES
answer-update-08	ANSWER_UPDATE	preparation.family.espresso_milk	extremely_light	family_direction|browned_sweet_reference|acidity_character	3	false	sensory.jasmine|sensory.orange|sensory.almond|sensory.rose|sensory.green_tea		5	0	INSUFFICIENT_EVIDENCE_FOR_SECONDARY	false	"{""candidate_count"":20}"	"{""rights_eligible_count"":7,""selected_count"":5,""supported_count"":8}"	UNCALIBRATED_DETERMINISTIC_DECISION_SCORE_NOT_PROBABILITY	product-inference-policy-v0.1.0	db/data/product-inference-v0/PRODUCT_CONCEPT_CANDIDATE.tsv|db/data/product-inference-v0/PRODUCT_CONTEXT_PRIOR.tsv|db/data/product-inference-v0/PRODUCT_ANSWER_EFFECT.tsv	floral_tea_reference	"[{""candidate_partition_sizes"":{""cocoa_nut_caramel"":6,""earthy_fermented"":3,""floral_tea"":4,""fruit"":3,""roast_spice_smoke"":4},""candidate_set_before_count"":20,""candidate_state_after_count"":4,""evidence_coverage_count"":20,""expected_separation_score"":0.7,""question_axis_id"":""family_direction"",""question_position"":1,""selected_option_id"":""floral_tea"",""unanswered_or_unsure_path"":""NO_EVIDENCE_CHANGE""},{""candidate_partition_sizes"":{""brown_sugar"":1,""caramel_honey"":2,""dark_chocolate"":1,""nuts"":2},""candidate_set_before_count"":4,""candidate_state_after_count"":6,""evidence_coverage_count"":6,""expected_separation_score"":0.666667,""question_axis_id"":""browned_sweet_reference"",""question_position"":2,""selected_option_id"":""nuts"",""unanswered_or_unsure_path"":""NO_EVIDENCE_CHANGE""},{""candidate_partition_sizes"":{""berry_like"":1,""citrus_like"":2},""candidate_set_before_count"":6,""candidate_state_after_count"":8,""evidence_coverage_count"":3,""expected_separation_score"":0.333333,""question_axis_id"":""acidity_character"",""question_position"":3,""selected_option_id"":""citrus_like"",""unanswered_or_unsure_path"":""NO_EVIDENCE_CHANGE""}]"	PARTIAL_OUTPUT_INSUFFICIENT_SUPPORTED_CANDIDATES
answer-update-09	ANSWER_UPDATE	preparation.family.filter_percolation	light	family_direction|fruit_region|floral_tea_reference	3	true	sensory.caramel|sensory.dark_chocolate|sensory.honey|sensory.jasmine|sensory.blueberry	sensory.cinnamon|sensory.almond|sensory.tobacco	5	3		true	"{""candidate_count"":20}"	"{""rights_eligible_count"":10,""selected_count"":8,""supported_count"":12}"	UNCALIBRATED_DETERMINISTIC_DECISION_SCORE_NOT_PROBABILITY	product-inference-policy-v0.1.0	db/data/product-inference-v0/PRODUCT_CONCEPT_CANDIDATE.tsv|db/data/product-inference-v0/PRODUCT_CONTEXT_PRIOR.tsv|db/data/product-inference-v0/PRODUCT_ANSWER_EFFECT.tsv		"[{""candidate_partition_sizes"":{""cocoa_nut_caramel"":6,""earthy_fermented"":3,""floral_tea"":4,""fruit"":3,""roast_spice_smoke"":4},""candidate_set_before_count"":20,""candidate_state_after_count"":6,""evidence_coverage_count"":20,""expected_separation_score"":0.7,""question_axis_id"":""family_direction"",""question_position"":1,""selected_option_id"":""cocoa_nut_caramel"",""unanswered_or_unsure_path"":""NO_EVIDENCE_CHANGE""},{""candidate_partition_sizes"":{""cocoa_nut_caramel"":6,""earthy_fermented"":3,""floral_tea"":4,""fruit"":3,""roast_spice_smoke"":4},""candidate_set_before_count"":6,""candidate_state_after_count"":10,""evidence_coverage_count"":20,""expected_separation_score"":0.7,""question_axis_id"":""family_direction"",""question_position"":2,""selected_option_id"":""roast_spice_smoke"",""unanswered_or_unsure_path"":""NO_EVIDENCE_CHANGE""},{""candidate_partition_sizes"":{""berry"":1,""citrus"":2},""candidate_set_before_count"":10,""candidate_state_after_count"":11,""evidence_coverage_count"":3,""expected_separation_score"":0.333333,""question_axis_id"":""fruit_region"",""question_position"":3,""selected_option_id"":""berry"",""unanswered_or_unsure_path"":""NO_EVIDENCE_CHANGE""},{""candidate_partition_sizes"":{""citrus_blossom"":1,""rose_floral"":1,""tea"":1,""white_floral"":1},""candidate_set_before_count"":11,""candidate_state_after_count"":12,""evidence_coverage_count"":4,""expected_separation_score"":0.75,""question_axis_id"":""floral_tea_reference"",""question_position"":4,""selected_option_id"":""white_floral"",""unanswered_or_unsure_path"":""NO_EVIDENCE_CHANGE""}]"	OUTPUT_COMPLETE_5_PLUS_3
answer-update-10	ANSWER_UPDATE	preparation.family.immersion	medium_light	family_direction|browned_sweet_reference|floral_tea_reference	3	false	sensory.caramel|sensory.honey|sensory.jasmine|sensory.orange|sensory.blueberry		5	0	INSUFFICIENT_EVIDENCE_FOR_SECONDARY	false	"{""candidate_count"":20}"	"{""rights_eligible_count"":6,""selected_count"":5,""supported_count"":6}"	UNCALIBRATED_DETERMINISTIC_DECISION_SCORE_NOT_PROBABILITY	product-inference-policy-v0.1.0	db/data/product-inference-v0/PRODUCT_CONCEPT_CANDIDATE.tsv|db/data/product-inference-v0/PRODUCT_CONTEXT_PRIOR.tsv|db/data/product-inference-v0/PRODUCT_ANSWER_EFFECT.tsv	acidity_character	"[{""candidate_partition_sizes"":{""cocoa_nut_caramel"":6,""earthy_fermented"":3,""floral_tea"":4,""fruit"":3,""roast_spice_smoke"":4},""candidate_set_before_count"":20,""candidate_state_after_count"":3,""evidence_coverage_count"":20,""expected_separation_score"":0.7,""question_axis_id"":""family_direction"",""question_position"":1,""selected_option_id"":""fruit"",""unanswered_or_unsure_path"":""NO_EVIDENCE_CHANGE""},{""candidate_partition_sizes"":{""brown_sugar"":1,""caramel_honey"":2,""dark_chocolate"":1,""nuts"":2},""candidate_set_before_count"":3,""candidate_state_after_count"":5,""evidence_coverage_count"":6,""expected_separation_score"":0.666667,""question_axis_id"":""browned_sweet_reference"",""question_position"":2,""selected_option_id"":""caramel_honey"",""unanswered_or_unsure_path"":""NO_EVIDENCE_CHANGE""},{""candidate_partition_sizes"":{""citrus_blossom"":1,""rose_floral"":1,""tea"":1,""white_floral"":1},""candidate_set_before_count"":5,""candidate_state_after_count"":6,""evidence_coverage_count"":4,""expected_separation_score"":0.75,""question_axis_id"":""floral_tea_reference"",""question_position"":3,""selected_option_id"":""white_floral"",""unanswered_or_unsure_path"":""NO_EVIDENCE_CHANGE""}]"	PARTIAL_OUTPUT_INSUFFICIENT_SUPPORTED_CANDIDATES
answer-update-11	ANSWER_UPDATE	preparation.family.hybrid	medium	family_direction|fermentation_character|fruit_region	3	false	sensory.blueberry|sensory.cinnamon|sensory.wine_like_character|sensory.tobacco|sensory.smoky		5	0	INSUFFICIENT_EVIDENCE_FOR_SECONDARY	false	"{""candidate_count"":20}"	"{""rights_eligible_count"":5,""selected_count"":5,""supported_count"":6}"	UNCALIBRATED_DETERMINISTIC_DECISION_SCORE_NOT_PROBABILITY	product-inference-policy-v0.1.0	db/data/product-inference-v0/PRODUCT_CONCEPT_CANDIDATE.tsv|db/data/product-inference-v0/PRODUCT_CONTEXT_PRIOR.tsv|db/data/product-inference-v0/PRODUCT_ANSWER_EFFECT.tsv	roast_smoke_reference	"[{""candidate_partition_sizes"":{""cocoa_nut_caramel"":6,""earthy_fermented"":3,""floral_tea"":4,""fruit"":3,""roast_spice_smoke"":4},""candidate_set_before_count"":20,""candidate_state_after_count"":4,""evidence_coverage_count"":20,""expected_separation_score"":0.7,""question_axis_id"":""family_direction"",""question_position"":1,""selected_option_id"":""roast_spice_smoke"",""unanswered_or_unsure_path"":""NO_EVIDENCE_CHANGE""},{""candidate_partition_sizes"":{""earthy"":1,""fermented"":1,""winey"":1},""candidate_set_before_count"":4,""candidate_state_after_count"":5,""evidence_coverage_count"":3,""expected_separation_score"":0.666667,""question_axis_id"":""fermentation_character"",""question_position"":2,""selected_option_id"":""winey"",""unanswered_or_unsure_path"":""NO_EVIDENCE_CHANGE""},{""candidate_partition_sizes"":{""berry"":1,""citrus"":2},""candidate_set_before_count"":5,""candidate_state_after_count"":6,""evidence_coverage_count"":3,""expected_separation_score"":0.333333,""question_axis_id"":""fruit_region"",""question_position"":3,""selected_option_id"":""berry"",""unanswered_or_unsure_path"":""NO_EVIDENCE_CHANGE""}]"	PARTIAL_OUTPUT_INSUFFICIENT_SUPPORTED_CANDIDATES
answer-update-12	ANSWER_UPDATE	preparation.family.espresso_pressure	medium_dark	family_direction|browned_sweet_reference|acidity_character	3	false	sensory.jasmine|sensory.orange|sensory.almond|sensory.rose|sensory.green_tea		5	0	INSUFFICIENT_EVIDENCE_FOR_SECONDARY	false	"{""candidate_count"":20}"	"{""rights_eligible_count"":7,""selected_count"":5,""supported_count"":8}"	UNCALIBRATED_DETERMINISTIC_DECISION_SCORE_NOT_PROBABILITY	product-inference-policy-v0.1.0	db/data/product-inference-v0/PRODUCT_CONCEPT_CANDIDATE.tsv|db/data/product-inference-v0/PRODUCT_CONTEXT_PRIOR.tsv|db/data/product-inference-v0/PRODUCT_ANSWER_EFFECT.tsv	floral_tea_reference	"[{""candidate_partition_sizes"":{""cocoa_nut_caramel"":6,""earthy_fermented"":3,""floral_tea"":4,""fruit"":3,""roast_spice_smoke"":4},""candidate_set_before_count"":20,""candidate_state_after_count"":4,""evidence_coverage_count"":20,""expected_separation_score"":0.7,""question_axis_id"":""family_direction"",""question_position"":1,""selected_option_id"":""floral_tea"",""unanswered_or_unsure_path"":""NO_EVIDENCE_CHANGE""},{""candidate_partition_sizes"":{""brown_sugar"":1,""caramel_honey"":2,""dark_chocolate"":1,""nuts"":2},""candidate_set_before_count"":4,""candidate_state_after_count"":6,""evidence_coverage_count"":6,""expected_separation_score"":0.666667,""question_axis_id"":""browned_sweet_reference"",""question_position"":2,""selected_option_id"":""nuts"",""unanswered_or_unsure_path"":""NO_EVIDENCE_CHANGE""},{""candidate_partition_sizes"":{""berry_like"":1,""citrus_like"":2},""candidate_set_before_count"":6,""candidate_state_after_count"":8,""evidence_coverage_count"":3,""expected_separation_score"":0.333333,""question_axis_id"":""acidity_character"",""question_position"":3,""selected_option_id"":""citrus_like"",""unanswered_or_unsure_path"":""NO_EVIDENCE_CHANGE""}]"	PARTIAL_OUTPUT_INSUFFICIENT_SUPPORTED_CANDIDATES
answer-update-13	ANSWER_UPDATE	preparation.family.diluted_espresso	dark	family_direction|fruit_region|floral_tea_reference	3	true	sensory.caramel|sensory.honey|sensory.dark_chocolate|sensory.jasmine|sensory.blueberry	sensory.cinnamon|sensory.almond|sensory.tobacco	5	3		false	"{""candidate_count"":20}"	"{""rights_eligible_count"":10,""selected_count"":8,""supported_count"":12}"	UNCALIBRATED_DETERMINISTIC_DECISION_SCORE_NOT_PROBABILITY	product-inference-policy-v0.1.0	db/data/product-inference-v0/PRODUCT_CONCEPT_CANDIDATE.tsv|db/data/product-inference-v0/PRODUCT_CONTEXT_PRIOR.tsv|db/data/product-inference-v0/PRODUCT_ANSWER_EFFECT.tsv		"[{""candidate_partition_sizes"":{""cocoa_nut_caramel"":6,""earthy_fermented"":3,""floral_tea"":4,""fruit"":3,""roast_spice_smoke"":4},""candidate_set_before_count"":20,""candidate_state_after_count"":6,""evidence_coverage_count"":20,""expected_separation_score"":0.7,""question_axis_id"":""family_direction"",""question_position"":1,""selected_option_id"":""cocoa_nut_caramel"",""unanswered_or_unsure_path"":""NO_EVIDENCE_CHANGE""},{""candidate_partition_sizes"":{""cocoa_nut_caramel"":6,""earthy_fermented"":3,""floral_tea"":4,""fruit"":3,""roast_spice_smoke"":4},""candidate_set_before_count"":6,""candidate_state_after_count"":10,""evidence_coverage_count"":20,""expected_separation_score"":0.7,""question_axis_id"":""family_direction"",""question_position"":2,""selected_option_id"":""roast_spice_smoke"",""unanswered_or_unsure_path"":""NO_EVIDENCE_CHANGE""},{""candidate_partition_sizes"":{""berry"":1,""citrus"":2},""candidate_set_before_count"":10,""candidate_state_after_count"":11,""evidence_coverage_count"":3,""expected_separation_score"":0.333333,""question_axis_id"":""fruit_region"",""question_position"":3,""selected_option_id"":""berry"",""unanswered_or_unsure_path"":""NO_EVIDENCE_CHANGE""},{""candidate_partition_sizes"":{""citrus_blossom"":1,""rose_floral"":1,""tea"":1,""white_floral"":1},""candidate_set_before_count"":11,""candidate_state_after_count"":12,""evidence_coverage_count"":4,""expected_separation_score"":0.75,""question_axis_id"":""floral_tea_reference"",""question_position"":4,""selected_option_id"":""white_floral"",""unanswered_or_unsure_path"":""NO_EVIDENCE_CHANGE""}]"	OUTPUT_COMPLETE_5_PLUS_3
answer-update-14	ANSWER_UPDATE	preparation.family.stovetop_boiled	extremely_dark	family_direction|browned_sweet_reference|floral_tea_reference	3	false	sensory.caramel|sensory.honey|sensory.jasmine|sensory.orange|sensory.blueberry		5	0	INSUFFICIENT_EVIDENCE_FOR_SECONDARY	true	"{""candidate_count"":20}"	"{""rights_eligible_count"":6,""selected_count"":5,""supported_count"":6}"	UNCALIBRATED_DETERMINISTIC_DECISION_SCORE_NOT_PROBABILITY	product-inference-policy-v0.1.0	db/data/product-inference-v0/PRODUCT_CONCEPT_CANDIDATE.tsv|db/data/product-inference-v0/PRODUCT_CONTEXT_PRIOR.tsv|db/data/product-inference-v0/PRODUCT_ANSWER_EFFECT.tsv	acidity_character	"[{""candidate_partition_sizes"":{""cocoa_nut_caramel"":6,""earthy_fermented"":3,""floral_tea"":4,""fruit"":3,""roast_spice_smoke"":4},""candidate_set_before_count"":20,""candidate_state_after_count"":3,""evidence_coverage_count"":20,""expected_separation_score"":0.7,""question_axis_id"":""family_direction"",""question_position"":1,""selected_option_id"":""fruit"",""unanswered_or_unsure_path"":""NO_EVIDENCE_CHANGE""},{""candidate_partition_sizes"":{""brown_sugar"":1,""caramel_honey"":2,""dark_chocolate"":1,""nuts"":2},""candidate_set_before_count"":3,""candidate_state_after_count"":5,""evidence_coverage_count"":6,""expected_separation_score"":0.666667,""question_axis_id"":""browned_sweet_reference"",""question_position"":2,""selected_option_id"":""caramel_honey"",""unanswered_or_unsure_path"":""NO_EVIDENCE_CHANGE""},{""candidate_partition_sizes"":{""citrus_blossom"":1,""rose_floral"":1,""tea"":1,""white_floral"":1},""candidate_set_before_count"":5,""candidate_state_after_count"":6,""evidence_coverage_count"":4,""expected_separation_score"":0.75,""question_axis_id"":""floral_tea_reference"",""question_position"":3,""selected_option_id"":""white_floral"",""unanswered_or_unsure_path"":""NO_EVIDENCE_CHANGE""}]"	PARTIAL_OUTPUT_INSUFFICIENT_SUPPORTED_CANDIDATES
answer-update-15	ANSWER_UPDATE	preparation.family.cold_extraction	extremely_light	family_direction|fermentation_character|fruit_region	3	false	sensory.blueberry|sensory.cinnamon|sensory.wine_like_character|sensory.tobacco|sensory.smoky		5	0	INSUFFICIENT_EVIDENCE_FOR_SECONDARY	false	"{""candidate_count"":20}"	"{""rights_eligible_count"":5,""selected_count"":5,""supported_count"":6}"	UNCALIBRATED_DETERMINISTIC_DECISION_SCORE_NOT_PROBABILITY	product-inference-policy-v0.1.0	db/data/product-inference-v0/PRODUCT_CONCEPT_CANDIDATE.tsv|db/data/product-inference-v0/PRODUCT_CONTEXT_PRIOR.tsv|db/data/product-inference-v0/PRODUCT_ANSWER_EFFECT.tsv	roast_smoke_reference	"[{""candidate_partition_sizes"":{""cocoa_nut_caramel"":6,""earthy_fermented"":3,""floral_tea"":4,""fruit"":3,""roast_spice_smoke"":4},""candidate_set_before_count"":20,""candidate_state_after_count"":4,""evidence_coverage_count"":20,""expected_separation_score"":0.7,""question_axis_id"":""family_direction"",""question_position"":1,""selected_option_id"":""roast_spice_smoke"",""unanswered_or_unsure_path"":""NO_EVIDENCE_CHANGE""},{""candidate_partition_sizes"":{""earthy"":1,""fermented"":1,""winey"":1},""candidate_set_before_count"":4,""candidate_state_after_count"":5,""evidence_coverage_count"":3,""expected_separation_score"":0.666667,""question_axis_id"":""fermentation_character"",""question_position"":2,""selected_option_id"":""winey"",""unanswered_or_unsure_path"":""NO_EVIDENCE_CHANGE""},{""candidate_partition_sizes"":{""berry"":1,""citrus"":2},""candidate_set_before_count"":5,""candidate_state_after_count"":6,""evidence_coverage_count"":3,""expected_separation_score"":0.333333,""question_axis_id"":""fruit_region"",""question_position"":3,""selected_option_id"":""berry"",""unanswered_or_unsure_path"":""NO_EVIDENCE_CHANGE""}]"	PARTIAL_OUTPUT_INSUFFICIENT_SUPPORTED_CANDIDATES
answer-update-16	ANSWER_UPDATE	preparation.family.espresso_milk	light	family_direction|browned_sweet_reference|acidity_character	3	false	sensory.jasmine|sensory.orange|sensory.almond|sensory.rose|sensory.green_tea		5	0	INSUFFICIENT_EVIDENCE_FOR_SECONDARY	false	"{""candidate_count"":20}"	"{""rights_eligible_count"":7,""selected_count"":5,""supported_count"":8}"	UNCALIBRATED_DETERMINISTIC_DECISION_SCORE_NOT_PROBABILITY	product-inference-policy-v0.1.0	db/data/product-inference-v0/PRODUCT_CONCEPT_CANDIDATE.tsv|db/data/product-inference-v0/PRODUCT_CONTEXT_PRIOR.tsv|db/data/product-inference-v0/PRODUCT_ANSWER_EFFECT.tsv	floral_tea_reference	"[{""candidate_partition_sizes"":{""cocoa_nut_caramel"":6,""earthy_fermented"":3,""floral_tea"":4,""fruit"":3,""roast_spice_smoke"":4},""candidate_set_before_count"":20,""candidate_state_after_count"":4,""evidence_coverage_count"":20,""expected_separation_score"":0.7,""question_axis_id"":""family_direction"",""question_position"":1,""selected_option_id"":""floral_tea"",""unanswered_or_unsure_path"":""NO_EVIDENCE_CHANGE""},{""candidate_partition_sizes"":{""brown_sugar"":1,""caramel_honey"":2,""dark_chocolate"":1,""nuts"":2},""candidate_set_before_count"":4,""candidate_state_after_count"":6,""evidence_coverage_count"":6,""expected_separation_score"":0.666667,""question_axis_id"":""browned_sweet_reference"",""question_position"":2,""selected_option_id"":""nuts"",""unanswered_or_unsure_path"":""NO_EVIDENCE_CHANGE""},{""candidate_partition_sizes"":{""berry_like"":1,""citrus_like"":2},""candidate_set_before_count"":6,""candidate_state_after_count"":8,""evidence_coverage_count"":3,""expected_separation_score"":0.333333,""question_axis_id"":""acidity_character"",""question_position"":3,""selected_option_id"":""citrus_like"",""unanswered_or_unsure_path"":""NO_EVIDENCE_CHANGE""}]"	PARTIAL_OUTPUT_INSUFFICIENT_SUPPORTED_CANDIDATES
answer-update-17	ANSWER_UPDATE	preparation.family.filter_percolation	medium_light	family_direction|fruit_region|floral_tea_reference	3	true	sensory.caramel|sensory.dark_chocolate|sensory.honey|sensory.jasmine|sensory.blueberry	sensory.cinnamon|sensory.almond|sensory.tobacco	5	3		true	"{""candidate_count"":20}"	"{""rights_eligible_count"":10,""selected_count"":8,""supported_count"":12}"	UNCALIBRATED_DETERMINISTIC_DECISION_SCORE_NOT_PROBABILITY	product-inference-policy-v0.1.0	db/data/product-inference-v0/PRODUCT_CONCEPT_CANDIDATE.tsv|db/data/product-inference-v0/PRODUCT_CONTEXT_PRIOR.tsv|db/data/product-inference-v0/PRODUCT_ANSWER_EFFECT.tsv		"[{""candidate_partition_sizes"":{""cocoa_nut_caramel"":6,""earthy_fermented"":3,""floral_tea"":4,""fruit"":3,""roast_spice_smoke"":4},""candidate_set_before_count"":20,""candidate_state_after_count"":6,""evidence_coverage_count"":20,""expected_separation_score"":0.7,""question_axis_id"":""family_direction"",""question_position"":1,""selected_option_id"":""cocoa_nut_caramel"",""unanswered_or_unsure_path"":""NO_EVIDENCE_CHANGE""},{""candidate_partition_sizes"":{""cocoa_nut_caramel"":6,""earthy_fermented"":3,""floral_tea"":4,""fruit"":3,""roast_spice_smoke"":4},""candidate_set_before_count"":6,""candidate_state_after_count"":10,""evidence_coverage_count"":20,""expected_separation_score"":0.7,""question_axis_id"":""family_direction"",""question_position"":2,""selected_option_id"":""roast_spice_smoke"",""unanswered_or_unsure_path"":""NO_EVIDENCE_CHANGE""},{""candidate_partition_sizes"":{""berry"":1,""citrus"":2},""candidate_set_before_count"":10,""candidate_state_after_count"":11,""evidence_coverage_count"":3,""expected_separation_score"":0.333333,""question_axis_id"":""fruit_region"",""question_position"":3,""selected_option_id"":""berry"",""unanswered_or_unsure_path"":""NO_EVIDENCE_CHANGE""},{""candidate_partition_sizes"":{""citrus_blossom"":1,""rose_floral"":1,""tea"":1,""white_floral"":1},""candidate_set_before_count"":11,""candidate_state_after_count"":12,""evidence_coverage_count"":4,""expected_separation_score"":0.75,""question_axis_id"":""floral_tea_reference"",""question_position"":4,""selected_option_id"":""white_floral"",""unanswered_or_unsure_path"":""NO_EVIDENCE_CHANGE""}]"	OUTPUT_COMPLETE_5_PLUS_3
answer-update-18	ANSWER_UPDATE	preparation.family.immersion	medium	family_direction|browned_sweet_reference|floral_tea_reference	3	false	sensory.caramel|sensory.honey|sensory.jasmine|sensory.orange|sensory.blueberry		5	0	INSUFFICIENT_EVIDENCE_FOR_SECONDARY	false	"{""candidate_count"":20}"	"{""rights_eligible_count"":6,""selected_count"":5,""supported_count"":6}"	UNCALIBRATED_DETERMINISTIC_DECISION_SCORE_NOT_PROBABILITY	product-inference-policy-v0.1.0	db/data/product-inference-v0/PRODUCT_CONCEPT_CANDIDATE.tsv|db/data/product-inference-v0/PRODUCT_CONTEXT_PRIOR.tsv|db/data/product-inference-v0/PRODUCT_ANSWER_EFFECT.tsv	acidity_character	"[{""candidate_partition_sizes"":{""cocoa_nut_caramel"":6,""earthy_fermented"":3,""floral_tea"":4,""fruit"":3,""roast_spice_smoke"":4},""candidate_set_before_count"":20,""candidate_state_after_count"":3,""evidence_coverage_count"":20,""expected_separation_score"":0.7,""question_axis_id"":""family_direction"",""question_position"":1,""selected_option_id"":""fruit"",""unanswered_or_unsure_path"":""NO_EVIDENCE_CHANGE""},{""candidate_partition_sizes"":{""brown_sugar"":1,""caramel_honey"":2,""dark_chocolate"":1,""nuts"":2},""candidate_set_before_count"":3,""candidate_state_after_count"":5,""evidence_coverage_count"":6,""expected_separation_score"":0.666667,""question_axis_id"":""browned_sweet_reference"",""question_position"":2,""selected_option_id"":""caramel_honey"",""unanswered_or_unsure_path"":""NO_EVIDENCE_CHANGE""},{""candidate_partition_sizes"":{""citrus_blossom"":1,""rose_floral"":1,""tea"":1,""white_floral"":1},""candidate_set_before_count"":5,""candidate_state_after_count"":6,""evidence_coverage_count"":4,""expected_separation_score"":0.75,""question_axis_id"":""floral_tea_reference"",""question_position"":3,""selected_option_id"":""white_floral"",""unanswered_or_unsure_path"":""NO_EVIDENCE_CHANGE""}]"	PARTIAL_OUTPUT_INSUFFICIENT_SUPPORTED_CANDIDATES
answer-update-19	ANSWER_UPDATE	preparation.family.hybrid	medium_dark	family_direction|fermentation_character|fruit_region	3	false	sensory.blueberry|sensory.cinnamon|sensory.wine_like_character|sensory.tobacco|sensory.smoky		5	0	INSUFFICIENT_EVIDENCE_FOR_SECONDARY	false	"{""candidate_count"":20}"	"{""rights_eligible_count"":5,""selected_count"":5,""supported_count"":6}"	UNCALIBRATED_DETERMINISTIC_DECISION_SCORE_NOT_PROBABILITY	product-inference-policy-v0.1.0	db/data/product-inference-v0/PRODUCT_CONCEPT_CANDIDATE.tsv|db/data/product-inference-v0/PRODUCT_CONTEXT_PRIOR.tsv|db/data/product-inference-v0/PRODUCT_ANSWER_EFFECT.tsv	roast_smoke_reference	"[{""candidate_partition_sizes"":{""cocoa_nut_caramel"":6,""earthy_fermented"":3,""floral_tea"":4,""fruit"":3,""roast_spice_smoke"":4},""candidate_set_before_count"":20,""candidate_state_after_count"":4,""evidence_coverage_count"":20,""expected_separation_score"":0.7,""question_axis_id"":""family_direction"",""question_position"":1,""selected_option_id"":""roast_spice_smoke"",""unanswered_or_unsure_path"":""NO_EVIDENCE_CHANGE""},{""candidate_partition_sizes"":{""earthy"":1,""fermented"":1,""winey"":1},""candidate_set_before_count"":4,""candidate_state_after_count"":5,""evidence_coverage_count"":3,""expected_separation_score"":0.666667,""question_axis_id"":""fermentation_character"",""question_position"":2,""selected_option_id"":""winey"",""unanswered_or_unsure_path"":""NO_EVIDENCE_CHANGE""},{""candidate_partition_sizes"":{""berry"":1,""citrus"":2},""candidate_set_before_count"":5,""candidate_state_after_count"":6,""evidence_coverage_count"":3,""expected_separation_score"":0.333333,""question_axis_id"":""fruit_region"",""question_position"":3,""selected_option_id"":""berry"",""unanswered_or_unsure_path"":""NO_EVIDENCE_CHANGE""}]"	PARTIAL_OUTPUT_INSUFFICIENT_SUPPORTED_CANDIDATES
answer-update-20	ANSWER_UPDATE	preparation.family.espresso_pressure	dark	family_direction|browned_sweet_reference|acidity_character	3	false	sensory.jasmine|sensory.orange|sensory.almond|sensory.rose|sensory.green_tea		5	0	INSUFFICIENT_EVIDENCE_FOR_SECONDARY	false	"{""candidate_count"":20}"	"{""rights_eligible_count"":7,""selected_count"":5,""supported_count"":8}"	UNCALIBRATED_DETERMINISTIC_DECISION_SCORE_NOT_PROBABILITY	product-inference-policy-v0.1.0	db/data/product-inference-v0/PRODUCT_CONCEPT_CANDIDATE.tsv|db/data/product-inference-v0/PRODUCT_CONTEXT_PRIOR.tsv|db/data/product-inference-v0/PRODUCT_ANSWER_EFFECT.tsv	floral_tea_reference	"[{""candidate_partition_sizes"":{""cocoa_nut_caramel"":6,""earthy_fermented"":3,""floral_tea"":4,""fruit"":3,""roast_spice_smoke"":4},""candidate_set_before_count"":20,""candidate_state_after_count"":4,""evidence_coverage_count"":20,""expected_separation_score"":0.7,""question_axis_id"":""family_direction"",""question_position"":1,""selected_option_id"":""floral_tea"",""unanswered_or_unsure_path"":""NO_EVIDENCE_CHANGE""},{""candidate_partition_sizes"":{""brown_sugar"":1,""caramel_honey"":2,""dark_chocolate"":1,""nuts"":2},""candidate_set_before_count"":4,""candidate_state_after_count"":6,""evidence_coverage_count"":6,""expected_separation_score"":0.666667,""question_axis_id"":""browned_sweet_reference"",""question_position"":2,""selected_option_id"":""nuts"",""unanswered_or_unsure_path"":""NO_EVIDENCE_CHANGE""},{""candidate_partition_sizes"":{""berry_like"":1,""citrus_like"":2},""candidate_set_before_count"":6,""candidate_state_after_count"":8,""evidence_coverage_count"":3,""expected_separation_score"":0.333333,""question_axis_id"":""acidity_character"",""question_position"":3,""selected_option_id"":""citrus_like"",""unanswered_or_unsure_path"":""NO_EVIDENCE_CHANGE""}]"	PARTIAL_OUTPUT_INSUFFICIENT_SUPPORTED_CANDIDATES
answer-update-21	ANSWER_UPDATE	preparation.family.diluted_espresso	extremely_dark	family_direction|fruit_region|floral_tea_reference	3	true	sensory.caramel|sensory.honey|sensory.dark_chocolate|sensory.jasmine|sensory.blueberry	sensory.cinnamon|sensory.almond|sensory.tobacco	5	3		false	"{""candidate_count"":20}"	"{""rights_eligible_count"":10,""selected_count"":8,""supported_count"":12}"	UNCALIBRATED_DETERMINISTIC_DECISION_SCORE_NOT_PROBABILITY	product-inference-policy-v0.1.0	db/data/product-inference-v0/PRODUCT_CONCEPT_CANDIDATE.tsv|db/data/product-inference-v0/PRODUCT_CONTEXT_PRIOR.tsv|db/data/product-inference-v0/PRODUCT_ANSWER_EFFECT.tsv		"[{""candidate_partition_sizes"":{""cocoa_nut_caramel"":6,""earthy_fermented"":3,""floral_tea"":4,""fruit"":3,""roast_spice_smoke"":4},""candidate_set_before_count"":20,""candidate_state_after_count"":6,""evidence_coverage_count"":20,""expected_separation_score"":0.7,""question_axis_id"":""family_direction"",""question_position"":1,""selected_option_id"":""cocoa_nut_caramel"",""unanswered_or_unsure_path"":""NO_EVIDENCE_CHANGE""},{""candidate_partition_sizes"":{""cocoa_nut_caramel"":6,""earthy_fermented"":3,""floral_tea"":4,""fruit"":3,""roast_spice_smoke"":4},""candidate_set_before_count"":6,""candidate_state_after_count"":10,""evidence_coverage_count"":20,""expected_separation_score"":0.7,""question_axis_id"":""family_direction"",""question_position"":2,""selected_option_id"":""roast_spice_smoke"",""unanswered_or_unsure_path"":""NO_EVIDENCE_CHANGE""},{""candidate_partition_sizes"":{""berry"":1,""citrus"":2},""candidate_set_before_count"":10,""candidate_state_after_count"":11,""evidence_coverage_count"":3,""expected_separation_score"":0.333333,""question_axis_id"":""fruit_region"",""question_position"":3,""selected_option_id"":""berry"",""unanswered_or_unsure_path"":""NO_EVIDENCE_CHANGE""},{""candidate_partition_sizes"":{""citrus_blossom"":1,""rose_floral"":1,""tea"":1,""white_floral"":1},""candidate_set_before_count"":11,""candidate_state_after_count"":12,""evidence_coverage_count"":4,""expected_separation_score"":0.75,""question_axis_id"":""floral_tea_reference"",""question_position"":4,""selected_option_id"":""white_floral"",""unanswered_or_unsure_path"":""NO_EVIDENCE_CHANGE""}]"	OUTPUT_COMPLETE_5_PLUS_3
answer-update-22	ANSWER_UPDATE	preparation.family.stovetop_boiled	extremely_light	family_direction|browned_sweet_reference|floral_tea_reference	3	false	sensory.caramel|sensory.honey|sensory.jasmine|sensory.orange|sensory.blueberry		5	0	INSUFFICIENT_EVIDENCE_FOR_SECONDARY	true	"{""candidate_count"":20}"	"{""rights_eligible_count"":6,""selected_count"":5,""supported_count"":6}"	UNCALIBRATED_DETERMINISTIC_DECISION_SCORE_NOT_PROBABILITY	product-inference-policy-v0.1.0	db/data/product-inference-v0/PRODUCT_CONCEPT_CANDIDATE.tsv|db/data/product-inference-v0/PRODUCT_CONTEXT_PRIOR.tsv|db/data/product-inference-v0/PRODUCT_ANSWER_EFFECT.tsv	acidity_character	"[{""candidate_partition_sizes"":{""cocoa_nut_caramel"":6,""earthy_fermented"":3,""floral_tea"":4,""fruit"":3,""roast_spice_smoke"":4},""candidate_set_before_count"":20,""candidate_state_after_count"":3,""evidence_coverage_count"":20,""expected_separation_score"":0.7,""question_axis_id"":""family_direction"",""question_position"":1,""selected_option_id"":""fruit"",""unanswered_or_unsure_path"":""NO_EVIDENCE_CHANGE""},{""candidate_partition_sizes"":{""brown_sugar"":1,""caramel_honey"":2,""dark_chocolate"":1,""nuts"":2},""candidate_set_before_count"":3,""candidate_state_after_count"":5,""evidence_coverage_count"":6,""expected_separation_score"":0.666667,""question_axis_id"":""browned_sweet_reference"",""question_position"":2,""selected_option_id"":""caramel_honey"",""unanswered_or_unsure_path"":""NO_EVIDENCE_CHANGE""},{""candidate_partition_sizes"":{""citrus_blossom"":1,""rose_floral"":1,""tea"":1,""white_floral"":1},""candidate_set_before_count"":5,""candidate_state_after_count"":6,""evidence_coverage_count"":4,""expected_separation_score"":0.75,""question_axis_id"":""floral_tea_reference"",""question_position"":3,""selected_option_id"":""white_floral"",""unanswered_or_unsure_path"":""NO_EVIDENCE_CHANGE""}]"	PARTIAL_OUTPUT_INSUFFICIENT_SUPPORTED_CANDIDATES
answer-update-23	ANSWER_UPDATE	preparation.family.cold_extraction	light	family_direction|fermentation_character|fruit_region	3	false	sensory.blueberry|sensory.cinnamon|sensory.wine_like_character|sensory.tobacco|sensory.smoky		5	0	INSUFFICIENT_EVIDENCE_FOR_SECONDARY	false	"{""candidate_count"":20}"	"{""rights_eligible_count"":5,""selected_count"":5,""supported_count"":6}"	UNCALIBRATED_DETERMINISTIC_DECISION_SCORE_NOT_PROBABILITY	product-inference-policy-v0.1.0	db/data/product-inference-v0/PRODUCT_CONCEPT_CANDIDATE.tsv|db/data/product-inference-v0/PRODUCT_CONTEXT_PRIOR.tsv|db/data/product-inference-v0/PRODUCT_ANSWER_EFFECT.tsv	roast_smoke_reference	"[{""candidate_partition_sizes"":{""cocoa_nut_caramel"":6,""earthy_fermented"":3,""floral_tea"":4,""fruit"":3,""roast_spice_smoke"":4},""candidate_set_before_count"":20,""candidate_state_after_count"":4,""evidence_coverage_count"":20,""expected_separation_score"":0.7,""question_axis_id"":""family_direction"",""question_position"":1,""selected_option_id"":""roast_spice_smoke"",""unanswered_or_unsure_path"":""NO_EVIDENCE_CHANGE""},{""candidate_partition_sizes"":{""earthy"":1,""fermented"":1,""winey"":1},""candidate_set_before_count"":4,""candidate_state_after_count"":5,""evidence_coverage_count"":3,""expected_separation_score"":0.666667,""question_axis_id"":""fermentation_character"",""question_position"":2,""selected_option_id"":""winey"",""unanswered_or_unsure_path"":""NO_EVIDENCE_CHANGE""},{""candidate_partition_sizes"":{""berry"":1,""citrus"":2},""candidate_set_before_count"":5,""candidate_state_after_count"":6,""evidence_coverage_count"":3,""expected_separation_score"":0.333333,""question_axis_id"":""fruit_region"",""question_position"":3,""selected_option_id"":""berry"",""unanswered_or_unsure_path"":""NO_EVIDENCE_CHANGE""}]"	PARTIAL_OUTPUT_INSUFFICIENT_SUPPORTED_CANDIDATES
answer-update-24	ANSWER_UPDATE	preparation.family.espresso_milk	medium_light	family_direction|browned_sweet_reference|acidity_character	3	false	sensory.jasmine|sensory.orange|sensory.almond|sensory.rose|sensory.green_tea		5	0	INSUFFICIENT_EVIDENCE_FOR_SECONDARY	false	"{""candidate_count"":20}"	"{""rights_eligible_count"":7,""selected_count"":5,""supported_count"":8}"	UNCALIBRATED_DETERMINISTIC_DECISION_SCORE_NOT_PROBABILITY	product-inference-policy-v0.1.0	db/data/product-inference-v0/PRODUCT_CONCEPT_CANDIDATE.tsv|db/data/product-inference-v0/PRODUCT_CONTEXT_PRIOR.tsv|db/data/product-inference-v0/PRODUCT_ANSWER_EFFECT.tsv	floral_tea_reference	"[{""candidate_partition_sizes"":{""cocoa_nut_caramel"":6,""earthy_fermented"":3,""floral_tea"":4,""fruit"":3,""roast_spice_smoke"":4},""candidate_set_before_count"":20,""candidate_state_after_count"":4,""evidence_coverage_count"":20,""expected_separation_score"":0.7,""question_axis_id"":""family_direction"",""question_position"":1,""selected_option_id"":""floral_tea"",""unanswered_or_unsure_path"":""NO_EVIDENCE_CHANGE""},{""candidate_partition_sizes"":{""brown_sugar"":1,""caramel_honey"":2,""dark_chocolate"":1,""nuts"":2},""candidate_set_before_count"":4,""candidate_state_after_count"":6,""evidence_coverage_count"":6,""expected_separation_score"":0.666667,""question_axis_id"":""browned_sweet_reference"",""question_position"":2,""selected_option_id"":""nuts"",""unanswered_or_unsure_path"":""NO_EVIDENCE_CHANGE""},{""candidate_partition_sizes"":{""berry_like"":1,""citrus_like"":2},""candidate_set_before_count"":6,""candidate_state_after_count"":8,""evidence_coverage_count"":3,""expected_separation_score"":0.333333,""question_axis_id"":""acidity_character"",""question_position"":3,""selected_option_id"":""citrus_like"",""unanswered_or_unsure_path"":""NO_EVIDENCE_CHANGE""}]"	PARTIAL_OUTPUT_INSUFFICIENT_SUPPORTED_CANDIDATES
override-01	USER_ANSWER_OVERRIDES_CONTEXT	preparation.family.espresso_pressure	extremely_light	browned_sweet_reference	1	true	sensory.caramel|sensory.honey		2	0	INSUFFICIENT_EVIDENCE_FOR_FIVE_MAIN|INSUFFICIENT_EVIDENCE_FOR_SECONDARY	true	"{""candidate_count"":20}"	"{""rights_eligible_count"":2,""selected_count"":2,""supported_count"":2}"	UNCALIBRATED_DETERMINISTIC_DECISION_SCORE_NOT_PROBABILITY	product-inference-policy-v0.1.0	db/data/product-inference-v0/PRODUCT_CONCEPT_CANDIDATE.tsv|db/data/product-inference-v0/PRODUCT_CONTEXT_PRIOR.tsv|db/data/product-inference-v0/PRODUCT_ANSWER_EFFECT.tsv		"[{""candidate_partition_sizes"":{""brown_sugar"":1,""caramel_honey"":2,""dark_chocolate"":1,""nuts"":2},""candidate_set_before_count"":20,""candidate_state_after_count"":2,""evidence_coverage_count"":6,""expected_separation_score"":0.666667,""question_axis_id"":""browned_sweet_reference"",""question_position"":1,""selected_option_id"":""caramel_honey"",""unanswered_or_unsure_path"":""NO_EVIDENCE_CHANGE""}]"	PARTIAL_OUTPUT_INSUFFICIENT_SUPPORTED_CANDIDATES
override-02	USER_ANSWER_OVERRIDES_CONTEXT	preparation.family.espresso_pressure	light	browned_sweet_reference	1	true	sensory.caramel|sensory.honey		2	0	INSUFFICIENT_EVIDENCE_FOR_FIVE_MAIN|INSUFFICIENT_EVIDENCE_FOR_SECONDARY	true	"{""candidate_count"":20}"	"{""rights_eligible_count"":2,""selected_count"":2,""supported_count"":2}"	UNCALIBRATED_DETERMINISTIC_DECISION_SCORE_NOT_PROBABILITY	product-inference-policy-v0.1.0	db/data/product-inference-v0/PRODUCT_CONCEPT_CANDIDATE.tsv|db/data/product-inference-v0/PRODUCT_CONTEXT_PRIOR.tsv|db/data/product-inference-v0/PRODUCT_ANSWER_EFFECT.tsv		"[{""candidate_partition_sizes"":{""brown_sugar"":1,""caramel_honey"":2,""dark_chocolate"":1,""nuts"":2},""candidate_set_before_count"":20,""candidate_state_after_count"":2,""evidence_coverage_count"":6,""expected_separation_score"":0.666667,""question_axis_id"":""browned_sweet_reference"",""question_position"":1,""selected_option_id"":""caramel_honey"",""unanswered_or_unsure_path"":""NO_EVIDENCE_CHANGE""}]"	PARTIAL_OUTPUT_INSUFFICIENT_SUPPORTED_CANDIDATES
override-03	USER_ANSWER_OVERRIDES_CONTEXT	preparation.family.espresso_pressure	medium_light	browned_sweet_reference	1	true	sensory.caramel|sensory.honey		2	0	INSUFFICIENT_EVIDENCE_FOR_FIVE_MAIN|INSUFFICIENT_EVIDENCE_FOR_SECONDARY	true	"{""candidate_count"":20}"	"{""rights_eligible_count"":2,""selected_count"":2,""supported_count"":2}"	UNCALIBRATED_DETERMINISTIC_DECISION_SCORE_NOT_PROBABILITY	product-inference-policy-v0.1.0	db/data/product-inference-v0/PRODUCT_CONCEPT_CANDIDATE.tsv|db/data/product-inference-v0/PRODUCT_CONTEXT_PRIOR.tsv|db/data/product-inference-v0/PRODUCT_ANSWER_EFFECT.tsv		"[{""candidate_partition_sizes"":{""brown_sugar"":1,""caramel_honey"":2,""dark_chocolate"":1,""nuts"":2},""candidate_set_before_count"":20,""candidate_state_after_count"":2,""evidence_coverage_count"":6,""expected_separation_score"":0.666667,""question_axis_id"":""browned_sweet_reference"",""question_position"":1,""selected_option_id"":""caramel_honey"",""unanswered_or_unsure_path"":""NO_EVIDENCE_CHANGE""}]"	PARTIAL_OUTPUT_INSUFFICIENT_SUPPORTED_CANDIDATES
override-04	USER_ANSWER_OVERRIDES_CONTEXT	preparation.family.espresso_pressure	medium	browned_sweet_reference	1	true	sensory.caramel|sensory.honey		2	0	INSUFFICIENT_EVIDENCE_FOR_FIVE_MAIN|INSUFFICIENT_EVIDENCE_FOR_SECONDARY	true	"{""candidate_count"":20}"	"{""rights_eligible_count"":2,""selected_count"":2,""supported_count"":2}"	UNCALIBRATED_DETERMINISTIC_DECISION_SCORE_NOT_PROBABILITY	product-inference-policy-v0.1.0	db/data/product-inference-v0/PRODUCT_CONCEPT_CANDIDATE.tsv|db/data/product-inference-v0/PRODUCT_CONTEXT_PRIOR.tsv|db/data/product-inference-v0/PRODUCT_ANSWER_EFFECT.tsv		"[{""candidate_partition_sizes"":{""brown_sugar"":1,""caramel_honey"":2,""dark_chocolate"":1,""nuts"":2},""candidate_set_before_count"":20,""candidate_state_after_count"":2,""evidence_coverage_count"":6,""expected_separation_score"":0.666667,""question_axis_id"":""browned_sweet_reference"",""question_position"":1,""selected_option_id"":""caramel_honey"",""unanswered_or_unsure_path"":""NO_EVIDENCE_CHANGE""}]"	PARTIAL_OUTPUT_INSUFFICIENT_SUPPORTED_CANDIDATES
override-05	USER_ANSWER_OVERRIDES_CONTEXT	preparation.family.espresso_pressure	medium_dark	browned_sweet_reference	1	true	sensory.caramel|sensory.honey		2	0	INSUFFICIENT_EVIDENCE_FOR_FIVE_MAIN|INSUFFICIENT_EVIDENCE_FOR_SECONDARY	true	"{""candidate_count"":20}"	"{""rights_eligible_count"":2,""selected_count"":2,""supported_count"":2}"	UNCALIBRATED_DETERMINISTIC_DECISION_SCORE_NOT_PROBABILITY	product-inference-policy-v0.1.0	db/data/product-inference-v0/PRODUCT_CONCEPT_CANDIDATE.tsv|db/data/product-inference-v0/PRODUCT_CONTEXT_PRIOR.tsv|db/data/product-inference-v0/PRODUCT_ANSWER_EFFECT.tsv		"[{""candidate_partition_sizes"":{""brown_sugar"":1,""caramel_honey"":2,""dark_chocolate"":1,""nuts"":2},""candidate_set_before_count"":20,""candidate_state_after_count"":2,""evidence_coverage_count"":6,""expected_separation_score"":0.666667,""question_axis_id"":""browned_sweet_reference"",""question_position"":1,""selected_option_id"":""caramel_honey"",""unanswered_or_unsure_path"":""NO_EVIDENCE_CHANGE""}]"	PARTIAL_OUTPUT_INSUFFICIENT_SUPPORTED_CANDIDATES
override-06	USER_ANSWER_OVERRIDES_CONTEXT	preparation.family.espresso_pressure	dark	browned_sweet_reference	1	true	sensory.caramel|sensory.honey		2	0	INSUFFICIENT_EVIDENCE_FOR_FIVE_MAIN|INSUFFICIENT_EVIDENCE_FOR_SECONDARY	true	"{""candidate_count"":20}"	"{""rights_eligible_count"":2,""selected_count"":2,""supported_count"":2}"	UNCALIBRATED_DETERMINISTIC_DECISION_SCORE_NOT_PROBABILITY	product-inference-policy-v0.1.0	db/data/product-inference-v0/PRODUCT_CONCEPT_CANDIDATE.tsv|db/data/product-inference-v0/PRODUCT_CONTEXT_PRIOR.tsv|db/data/product-inference-v0/PRODUCT_ANSWER_EFFECT.tsv		"[{""candidate_partition_sizes"":{""brown_sugar"":1,""caramel_honey"":2,""dark_chocolate"":1,""nuts"":2},""candidate_set_before_count"":20,""candidate_state_after_count"":2,""evidence_coverage_count"":6,""expected_separation_score"":0.666667,""question_axis_id"":""browned_sweet_reference"",""question_position"":1,""selected_option_id"":""caramel_honey"",""unanswered_or_unsure_path"":""NO_EVIDENCE_CHANGE""}]"	PARTIAL_OUTPUT_INSUFFICIENT_SUPPORTED_CANDIDATES
override-07	USER_ANSWER_OVERRIDES_CONTEXT	preparation.family.espresso_pressure	extremely_dark	browned_sweet_reference	1	true	sensory.caramel|sensory.honey		2	0	INSUFFICIENT_EVIDENCE_FOR_FIVE_MAIN|INSUFFICIENT_EVIDENCE_FOR_SECONDARY	true	"{""candidate_count"":20}"	"{""rights_eligible_count"":2,""selected_count"":2,""supported_count"":2}"	UNCALIBRATED_DETERMINISTIC_DECISION_SCORE_NOT_PROBABILITY	product-inference-policy-v0.1.0	db/data/product-inference-v0/PRODUCT_CONCEPT_CANDIDATE.tsv|db/data/product-inference-v0/PRODUCT_CONTEXT_PRIOR.tsv|db/data/product-inference-v0/PRODUCT_ANSWER_EFFECT.tsv		"[{""candidate_partition_sizes"":{""brown_sugar"":1,""caramel_honey"":2,""dark_chocolate"":1,""nuts"":2},""candidate_set_before_count"":20,""candidate_state_after_count"":2,""evidence_coverage_count"":6,""expected_separation_score"":0.666667,""question_axis_id"":""browned_sweet_reference"",""question_position"":1,""selected_option_id"":""caramel_honey"",""unanswered_or_unsure_path"":""NO_EVIDENCE_CHANGE""}]"	PARTIAL_OUTPUT_INSUFFICIENT_SUPPORTED_CANDIDATES
override-08	USER_ANSWER_OVERRIDES_CONTEXT	preparation.family.espresso_pressure	extremely_light	browned_sweet_reference	1	true	sensory.caramel|sensory.honey		2	0	INSUFFICIENT_EVIDENCE_FOR_FIVE_MAIN|INSUFFICIENT_EVIDENCE_FOR_SECONDARY	true	"{""candidate_count"":20}"	"{""rights_eligible_count"":2,""selected_count"":2,""supported_count"":2}"	UNCALIBRATED_DETERMINISTIC_DECISION_SCORE_NOT_PROBABILITY	product-inference-policy-v0.1.0	db/data/product-inference-v0/PRODUCT_CONCEPT_CANDIDATE.tsv|db/data/product-inference-v0/PRODUCT_CONTEXT_PRIOR.tsv|db/data/product-inference-v0/PRODUCT_ANSWER_EFFECT.tsv		"[{""candidate_partition_sizes"":{""brown_sugar"":1,""caramel_honey"":2,""dark_chocolate"":1,""nuts"":2},""candidate_set_before_count"":20,""candidate_state_after_count"":2,""evidence_coverage_count"":6,""expected_separation_score"":0.666667,""question_axis_id"":""browned_sweet_reference"",""question_position"":1,""selected_option_id"":""caramel_honey"",""unanswered_or_unsure_path"":""NO_EVIDENCE_CHANGE""}]"	PARTIAL_OUTPUT_INSUFFICIENT_SUPPORTED_CANDIDATES
missing-context-01	MISSING_CONTEXT			family_direction	1	false	sensory.orange|sensory.blueberry		2	0	INSUFFICIENT_EVIDENCE_FOR_FIVE_MAIN|INSUFFICIENT_EVIDENCE_FOR_SECONDARY	false	"{""candidate_count"":20}"	"{""rights_eligible_count"":3,""selected_count"":2,""supported_count"":3}"	UNCALIBRATED_DETERMINISTIC_DECISION_SCORE_NOT_PROBABILITY	product-inference-policy-v0.1.0	db/data/product-inference-v0/PRODUCT_CONCEPT_CANDIDATE.tsv|db/data/product-inference-v0/PRODUCT_CONTEXT_PRIOR.tsv|db/data/product-inference-v0/PRODUCT_ANSWER_EFFECT.tsv	acidity_character	"[{""candidate_partition_sizes"":{""cocoa_nut_caramel"":6,""earthy_fermented"":3,""floral_tea"":4,""fruit"":3,""roast_spice_smoke"":4},""candidate_set_before_count"":20,""candidate_state_after_count"":3,""evidence_coverage_count"":20,""expected_separation_score"":0.7,""question_axis_id"":""family_direction"",""question_position"":1,""selected_option_id"":""fruit"",""unanswered_or_unsure_path"":""NO_EVIDENCE_CHANGE""}]"	PARTIAL_OUTPUT_INSUFFICIENT_SUPPORTED_CANDIDATES
missing-context-02	MISSING_CONTEXT			family_direction	1	false	sensory.orange|sensory.blueberry		2	0	INSUFFICIENT_EVIDENCE_FOR_FIVE_MAIN|INSUFFICIENT_EVIDENCE_FOR_SECONDARY	false	"{""candidate_count"":20}"	"{""rights_eligible_count"":3,""selected_count"":2,""supported_count"":3}"	UNCALIBRATED_DETERMINISTIC_DECISION_SCORE_NOT_PROBABILITY	product-inference-policy-v0.1.0	db/data/product-inference-v0/PRODUCT_CONCEPT_CANDIDATE.tsv|db/data/product-inference-v0/PRODUCT_CONTEXT_PRIOR.tsv|db/data/product-inference-v0/PRODUCT_ANSWER_EFFECT.tsv	acidity_character	"[{""candidate_partition_sizes"":{""cocoa_nut_caramel"":6,""earthy_fermented"":3,""floral_tea"":4,""fruit"":3,""roast_spice_smoke"":4},""candidate_set_before_count"":20,""candidate_state_after_count"":3,""evidence_coverage_count"":20,""expected_separation_score"":0.7,""question_axis_id"":""family_direction"",""question_position"":1,""selected_option_id"":""fruit"",""unanswered_or_unsure_path"":""NO_EVIDENCE_CHANGE""}]"	PARTIAL_OUTPUT_INSUFFICIENT_SUPPORTED_CANDIDATES
missing-context-03	MISSING_CONTEXT			family_direction	1	false	sensory.orange|sensory.blueberry		2	0	INSUFFICIENT_EVIDENCE_FOR_FIVE_MAIN|INSUFFICIENT_EVIDENCE_FOR_SECONDARY	false	"{""candidate_count"":20}"	"{""rights_eligible_count"":3,""selected_count"":2,""supported_count"":3}"	UNCALIBRATED_DETERMINISTIC_DECISION_SCORE_NOT_PROBABILITY	product-inference-policy-v0.1.0	db/data/product-inference-v0/PRODUCT_CONCEPT_CANDIDATE.tsv|db/data/product-inference-v0/PRODUCT_CONTEXT_PRIOR.tsv|db/data/product-inference-v0/PRODUCT_ANSWER_EFFECT.tsv	acidity_character	"[{""candidate_partition_sizes"":{""cocoa_nut_caramel"":6,""earthy_fermented"":3,""floral_tea"":4,""fruit"":3,""roast_spice_smoke"":4},""candidate_set_before_count"":20,""candidate_state_after_count"":3,""evidence_coverage_count"":20,""expected_separation_score"":0.7,""question_axis_id"":""family_direction"",""question_position"":1,""selected_option_id"":""fruit"",""unanswered_or_unsure_path"":""NO_EVIDENCE_CHANGE""}]"	PARTIAL_OUTPUT_INSUFFICIENT_SUPPORTED_CANDIDATES
missing-context-04	MISSING_CONTEXT			family_direction	1	false	sensory.orange|sensory.blueberry		2	0	INSUFFICIENT_EVIDENCE_FOR_FIVE_MAIN|INSUFFICIENT_EVIDENCE_FOR_SECONDARY	false	"{""candidate_count"":20}"	"{""rights_eligible_count"":3,""selected_count"":2,""supported_count"":3}"	UNCALIBRATED_DETERMINISTIC_DECISION_SCORE_NOT_PROBABILITY	product-inference-policy-v0.1.0	db/data/product-inference-v0/PRODUCT_CONCEPT_CANDIDATE.tsv|db/data/product-inference-v0/PRODUCT_CONTEXT_PRIOR.tsv|db/data/product-inference-v0/PRODUCT_ANSWER_EFFECT.tsv	acidity_character	"[{""candidate_partition_sizes"":{""cocoa_nut_caramel"":6,""earthy_fermented"":3,""floral_tea"":4,""fruit"":3,""roast_spice_smoke"":4},""candidate_set_before_count"":20,""candidate_state_after_count"":3,""evidence_coverage_count"":20,""expected_separation_score"":0.7,""question_axis_id"":""family_direction"",""question_position"":1,""selected_option_id"":""fruit"",""unanswered_or_unsure_path"":""NO_EVIDENCE_CHANGE""}]"	PARTIAL_OUTPUT_INSUFFICIENT_SUPPORTED_CANDIDATES
missing-context-05	MISSING_CONTEXT			family_direction	1	false	sensory.orange|sensory.blueberry		2	0	INSUFFICIENT_EVIDENCE_FOR_FIVE_MAIN|INSUFFICIENT_EVIDENCE_FOR_SECONDARY	false	"{""candidate_count"":20}"	"{""rights_eligible_count"":3,""selected_count"":2,""supported_count"":3}"	UNCALIBRATED_DETERMINISTIC_DECISION_SCORE_NOT_PROBABILITY	product-inference-policy-v0.1.0	db/data/product-inference-v0/PRODUCT_CONCEPT_CANDIDATE.tsv|db/data/product-inference-v0/PRODUCT_CONTEXT_PRIOR.tsv|db/data/product-inference-v0/PRODUCT_ANSWER_EFFECT.tsv	acidity_character	"[{""candidate_partition_sizes"":{""cocoa_nut_caramel"":6,""earthy_fermented"":3,""floral_tea"":4,""fruit"":3,""roast_spice_smoke"":4},""candidate_set_before_count"":20,""candidate_state_after_count"":3,""evidence_coverage_count"":20,""expected_separation_score"":0.7,""question_axis_id"":""family_direction"",""question_position"":1,""selected_option_id"":""fruit"",""unanswered_or_unsure_path"":""NO_EVIDENCE_CHANGE""}]"	PARTIAL_OUTPUT_INSUFFICIENT_SUPPORTED_CANDIDATES
missing-context-06	MISSING_CONTEXT			family_direction	1	false	sensory.orange|sensory.blueberry		2	0	INSUFFICIENT_EVIDENCE_FOR_FIVE_MAIN|INSUFFICIENT_EVIDENCE_FOR_SECONDARY	false	"{""candidate_count"":20}"	"{""rights_eligible_count"":3,""selected_count"":2,""supported_count"":3}"	UNCALIBRATED_DETERMINISTIC_DECISION_SCORE_NOT_PROBABILITY	product-inference-policy-v0.1.0	db/data/product-inference-v0/PRODUCT_CONCEPT_CANDIDATE.tsv|db/data/product-inference-v0/PRODUCT_CONTEXT_PRIOR.tsv|db/data/product-inference-v0/PRODUCT_ANSWER_EFFECT.tsv	acidity_character	"[{""candidate_partition_sizes"":{""cocoa_nut_caramel"":6,""earthy_fermented"":3,""floral_tea"":4,""fruit"":3,""roast_spice_smoke"":4},""candidate_set_before_count"":20,""candidate_state_after_count"":3,""evidence_coverage_count"":20,""expected_separation_score"":0.7,""question_axis_id"":""family_direction"",""question_position"":1,""selected_option_id"":""fruit"",""unanswered_or_unsure_path"":""NO_EVIDENCE_CHANGE""}]"	PARTIAL_OUTPUT_INSUFFICIENT_SUPPORTED_CANDIDATES
missing-context-07	MISSING_CONTEXT			family_direction	1	false	sensory.orange|sensory.blueberry		2	0	INSUFFICIENT_EVIDENCE_FOR_FIVE_MAIN|INSUFFICIENT_EVIDENCE_FOR_SECONDARY	false	"{""candidate_count"":20}"	"{""rights_eligible_count"":3,""selected_count"":2,""supported_count"":3}"	UNCALIBRATED_DETERMINISTIC_DECISION_SCORE_NOT_PROBABILITY	product-inference-policy-v0.1.0	db/data/product-inference-v0/PRODUCT_CONCEPT_CANDIDATE.tsv|db/data/product-inference-v0/PRODUCT_CONTEXT_PRIOR.tsv|db/data/product-inference-v0/PRODUCT_ANSWER_EFFECT.tsv	acidity_character	"[{""candidate_partition_sizes"":{""cocoa_nut_caramel"":6,""earthy_fermented"":3,""floral_tea"":4,""fruit"":3,""roast_spice_smoke"":4},""candidate_set_before_count"":20,""candidate_state_after_count"":3,""evidence_coverage_count"":20,""expected_separation_score"":0.7,""question_axis_id"":""family_direction"",""question_position"":1,""selected_option_id"":""fruit"",""unanswered_or_unsure_path"":""NO_EVIDENCE_CHANGE""}]"	PARTIAL_OUTPUT_INSUFFICIENT_SUPPORTED_CANDIDATES
missing-context-08	MISSING_CONTEXT			family_direction	1	false	sensory.orange|sensory.blueberry		2	0	INSUFFICIENT_EVIDENCE_FOR_FIVE_MAIN|INSUFFICIENT_EVIDENCE_FOR_SECONDARY	false	"{""candidate_count"":20}"	"{""rights_eligible_count"":3,""selected_count"":2,""supported_count"":3}"	UNCALIBRATED_DETERMINISTIC_DECISION_SCORE_NOT_PROBABILITY	product-inference-policy-v0.1.0	db/data/product-inference-v0/PRODUCT_CONCEPT_CANDIDATE.tsv|db/data/product-inference-v0/PRODUCT_CONTEXT_PRIOR.tsv|db/data/product-inference-v0/PRODUCT_ANSWER_EFFECT.tsv	acidity_character	"[{""candidate_partition_sizes"":{""cocoa_nut_caramel"":6,""earthy_fermented"":3,""floral_tea"":4,""fruit"":3,""roast_spice_smoke"":4},""candidate_set_before_count"":20,""candidate_state_after_count"":3,""evidence_coverage_count"":20,""expected_separation_score"":0.7,""question_axis_id"":""family_direction"",""question_position"":1,""selected_option_id"":""fruit"",""unanswered_or_unsure_path"":""NO_EVIDENCE_CHANGE""}]"	PARTIAL_OUTPUT_INSUFFICIENT_SUPPORTED_CANDIDATES
conflict-01	CONFLICTING_ANSWER	preparation.family.filter_percolation	extremely_light	fruit_region	1	true			0	0	CONFLICTING_USER_ANSWERS	false	"{""candidate_count"":20}"	"{""candidate_count"":0}"	UNCALIBRATED_DETERMINISTIC_DECISION_SCORE_NOT_PROBABILITY	product-inference-policy-v0.1.0	db/data/product-inference-v0/PRODUCT_CONCEPT_CANDIDATE.tsv|db/data/product-inference-v0/PRODUCT_CONTEXT_PRIOR.tsv|db/data/product-inference-v0/PRODUCT_ANSWER_EFFECT.tsv		"[{""candidate_partition_sizes"":{""berry"":1,""citrus"":2},""candidate_set_before_count"":20,""candidate_state_after_count"":2,""evidence_coverage_count"":3,""expected_separation_score"":0.333333,""question_axis_id"":""fruit_region"",""question_position"":1,""selected_option_id"":""citrus"",""unanswered_or_unsure_path"":""NO_EVIDENCE_CHANGE""},{""candidate_partition_sizes"":{""berry"":1,""citrus"":2},""candidate_set_before_count"":2,""candidate_state_after_count"":3,""evidence_coverage_count"":3,""expected_separation_score"":0.333333,""question_axis_id"":""fruit_region"",""question_position"":2,""selected_option_id"":""berry"",""unanswered_or_unsure_path"":""NO_EVIDENCE_CHANGE""}]"	ABSTAINED_CONFLICT
conflict-02	CONFLICTING_ANSWER	preparation.family.immersion	light	fruit_region	1	true			0	0	CONFLICTING_USER_ANSWERS	false	"{""candidate_count"":20}"	"{""candidate_count"":0}"	UNCALIBRATED_DETERMINISTIC_DECISION_SCORE_NOT_PROBABILITY	product-inference-policy-v0.1.0	db/data/product-inference-v0/PRODUCT_CONCEPT_CANDIDATE.tsv|db/data/product-inference-v0/PRODUCT_CONTEXT_PRIOR.tsv|db/data/product-inference-v0/PRODUCT_ANSWER_EFFECT.tsv		"[{""candidate_partition_sizes"":{""berry"":1,""citrus"":2},""candidate_set_before_count"":20,""candidate_state_after_count"":2,""evidence_coverage_count"":3,""expected_separation_score"":0.333333,""question_axis_id"":""fruit_region"",""question_position"":1,""selected_option_id"":""citrus"",""unanswered_or_unsure_path"":""NO_EVIDENCE_CHANGE""},{""candidate_partition_sizes"":{""berry"":1,""citrus"":2},""candidate_set_before_count"":2,""candidate_state_after_count"":3,""evidence_coverage_count"":3,""expected_separation_score"":0.333333,""question_axis_id"":""fruit_region"",""question_position"":2,""selected_option_id"":""berry"",""unanswered_or_unsure_path"":""NO_EVIDENCE_CHANGE""}]"	ABSTAINED_CONFLICT
conflict-03	CONFLICTING_ANSWER	preparation.family.hybrid	medium_light	fruit_region	1	true			0	0	CONFLICTING_USER_ANSWERS	false	"{""candidate_count"":20}"	"{""candidate_count"":0}"	UNCALIBRATED_DETERMINISTIC_DECISION_SCORE_NOT_PROBABILITY	product-inference-policy-v0.1.0	db/data/product-inference-v0/PRODUCT_CONCEPT_CANDIDATE.tsv|db/data/product-inference-v0/PRODUCT_CONTEXT_PRIOR.tsv|db/data/product-inference-v0/PRODUCT_ANSWER_EFFECT.tsv		"[{""candidate_partition_sizes"":{""berry"":1,""citrus"":2},""candidate_set_before_count"":20,""candidate_state_after_count"":2,""evidence_coverage_count"":3,""expected_separation_score"":0.333333,""question_axis_id"":""fruit_region"",""question_position"":1,""selected_option_id"":""citrus"",""unanswered_or_unsure_path"":""NO_EVIDENCE_CHANGE""},{""candidate_partition_sizes"":{""berry"":1,""citrus"":2},""candidate_set_before_count"":2,""candidate_state_after_count"":3,""evidence_coverage_count"":3,""expected_separation_score"":0.333333,""question_axis_id"":""fruit_region"",""question_position"":2,""selected_option_id"":""berry"",""unanswered_or_unsure_path"":""NO_EVIDENCE_CHANGE""}]"	ABSTAINED_CONFLICT
conflict-04	CONFLICTING_ANSWER	preparation.family.espresso_pressure	medium	fruit_region	1	true			0	0	CONFLICTING_USER_ANSWERS	false	"{""candidate_count"":20}"	"{""candidate_count"":0}"	UNCALIBRATED_DETERMINISTIC_DECISION_SCORE_NOT_PROBABILITY	product-inference-policy-v0.1.0	db/data/product-inference-v0/PRODUCT_CONCEPT_CANDIDATE.tsv|db/data/product-inference-v0/PRODUCT_CONTEXT_PRIOR.tsv|db/data/product-inference-v0/PRODUCT_ANSWER_EFFECT.tsv		"[{""candidate_partition_sizes"":{""berry"":1,""citrus"":2},""candidate_set_before_count"":20,""candidate_state_after_count"":2,""evidence_coverage_count"":3,""expected_separation_score"":0.333333,""question_axis_id"":""fruit_region"",""question_position"":1,""selected_option_id"":""citrus"",""unanswered_or_unsure_path"":""NO_EVIDENCE_CHANGE""},{""candidate_partition_sizes"":{""berry"":1,""citrus"":2},""candidate_set_before_count"":2,""candidate_state_after_count"":3,""evidence_coverage_count"":3,""expected_separation_score"":0.333333,""question_axis_id"":""fruit_region"",""question_position"":2,""selected_option_id"":""berry"",""unanswered_or_unsure_path"":""NO_EVIDENCE_CHANGE""}]"	ABSTAINED_CONFLICT
conflict-05	CONFLICTING_ANSWER	preparation.family.diluted_espresso	medium_dark	fruit_region	1	true			0	0	CONFLICTING_USER_ANSWERS	false	"{""candidate_count"":20}"	"{""candidate_count"":0}"	UNCALIBRATED_DETERMINISTIC_DECISION_SCORE_NOT_PROBABILITY	product-inference-policy-v0.1.0	db/data/product-inference-v0/PRODUCT_CONCEPT_CANDIDATE.tsv|db/data/product-inference-v0/PRODUCT_CONTEXT_PRIOR.tsv|db/data/product-inference-v0/PRODUCT_ANSWER_EFFECT.tsv		"[{""candidate_partition_sizes"":{""berry"":1,""citrus"":2},""candidate_set_before_count"":20,""candidate_state_after_count"":2,""evidence_coverage_count"":3,""expected_separation_score"":0.333333,""question_axis_id"":""fruit_region"",""question_position"":1,""selected_option_id"":""citrus"",""unanswered_or_unsure_path"":""NO_EVIDENCE_CHANGE""},{""candidate_partition_sizes"":{""berry"":1,""citrus"":2},""candidate_set_before_count"":2,""candidate_state_after_count"":3,""evidence_coverage_count"":3,""expected_separation_score"":0.333333,""question_axis_id"":""fruit_region"",""question_position"":2,""selected_option_id"":""berry"",""unanswered_or_unsure_path"":""NO_EVIDENCE_CHANGE""}]"	ABSTAINED_CONFLICT
conflict-06	CONFLICTING_ANSWER	preparation.family.stovetop_boiled	dark	fruit_region	1	true			0	0	CONFLICTING_USER_ANSWERS	false	"{""candidate_count"":20}"	"{""candidate_count"":0}"	UNCALIBRATED_DETERMINISTIC_DECISION_SCORE_NOT_PROBABILITY	product-inference-policy-v0.1.0	db/data/product-inference-v0/PRODUCT_CONCEPT_CANDIDATE.tsv|db/data/product-inference-v0/PRODUCT_CONTEXT_PRIOR.tsv|db/data/product-inference-v0/PRODUCT_ANSWER_EFFECT.tsv		"[{""candidate_partition_sizes"":{""berry"":1,""citrus"":2},""candidate_set_before_count"":20,""candidate_state_after_count"":2,""evidence_coverage_count"":3,""expected_separation_score"":0.333333,""question_axis_id"":""fruit_region"",""question_position"":1,""selected_option_id"":""citrus"",""unanswered_or_unsure_path"":""NO_EVIDENCE_CHANGE""},{""candidate_partition_sizes"":{""berry"":1,""citrus"":2},""candidate_set_before_count"":2,""candidate_state_after_count"":3,""evidence_coverage_count"":3,""expected_separation_score"":0.333333,""question_axis_id"":""fruit_region"",""question_position"":2,""selected_option_id"":""berry"",""unanswered_or_unsure_path"":""NO_EVIDENCE_CHANGE""}]"	ABSTAINED_CONFLICT
conflict-07	CONFLICTING_ANSWER	preparation.family.cold_extraction	extremely_dark	fruit_region	1	true			0	0	CONFLICTING_USER_ANSWERS	false	"{""candidate_count"":20}"	"{""candidate_count"":0}"	UNCALIBRATED_DETERMINISTIC_DECISION_SCORE_NOT_PROBABILITY	product-inference-policy-v0.1.0	db/data/product-inference-v0/PRODUCT_CONCEPT_CANDIDATE.tsv|db/data/product-inference-v0/PRODUCT_CONTEXT_PRIOR.tsv|db/data/product-inference-v0/PRODUCT_ANSWER_EFFECT.tsv		"[{""candidate_partition_sizes"":{""berry"":1,""citrus"":2},""candidate_set_before_count"":20,""candidate_state_after_count"":2,""evidence_coverage_count"":3,""expected_separation_score"":0.333333,""question_axis_id"":""fruit_region"",""question_position"":1,""selected_option_id"":""citrus"",""unanswered_or_unsure_path"":""NO_EVIDENCE_CHANGE""},{""candidate_partition_sizes"":{""berry"":1,""citrus"":2},""candidate_set_before_count"":2,""candidate_state_after_count"":3,""evidence_coverage_count"":3,""expected_separation_score"":0.333333,""question_axis_id"":""fruit_region"",""question_position"":2,""selected_option_id"":""berry"",""unanswered_or_unsure_path"":""NO_EVIDENCE_CHANGE""}]"	ABSTAINED_CONFLICT
conflict-08	CONFLICTING_ANSWER	preparation.family.espresso_milk	extremely_light	fruit_region	1	true			0	0	CONFLICTING_USER_ANSWERS	false	"{""candidate_count"":20}"	"{""candidate_count"":0}"	UNCALIBRATED_DETERMINISTIC_DECISION_SCORE_NOT_PROBABILITY	product-inference-policy-v0.1.0	db/data/product-inference-v0/PRODUCT_CONCEPT_CANDIDATE.tsv|db/data/product-inference-v0/PRODUCT_CONTEXT_PRIOR.tsv|db/data/product-inference-v0/PRODUCT_ANSWER_EFFECT.tsv		"[{""candidate_partition_sizes"":{""berry"":1,""citrus"":2},""candidate_set_before_count"":20,""candidate_state_after_count"":2,""evidence_coverage_count"":3,""expected_separation_score"":0.333333,""question_axis_id"":""fruit_region"",""question_position"":1,""selected_option_id"":""citrus"",""unanswered_or_unsure_path"":""NO_EVIDENCE_CHANGE""},{""candidate_partition_sizes"":{""berry"":1,""citrus"":2},""candidate_set_before_count"":2,""candidate_state_after_count"":3,""evidence_coverage_count"":3,""expected_separation_score"":0.333333,""question_axis_id"":""fruit_region"",""question_position"":2,""selected_option_id"":""berry"",""unanswered_or_unsure_path"":""NO_EVIDENCE_CHANGE""}]"	ABSTAINED_CONFLICT
open-set-01	OPEN_SET_UNKNOWN_EXPRESSION	preparation.family.filter_percolation	extremely_light		0	true			0	0	UNKNOWN_DESCRIPTOR_TARGET|OPEN_SET_EXPRESSION	false	"{""candidate_count"":20}"	"{""candidate_count"":0}"	UNCALIBRATED_DETERMINISTIC_DECISION_SCORE_NOT_PROBABILITY	product-inference-policy-v0.1.0	db/data/product-inference-v0/PRODUCT_CONCEPT_CANDIDATE.tsv|db/data/product-inference-v0/PRODUCT_CONTEXT_PRIOR.tsv|db/data/product-inference-v0/PRODUCT_ANSWER_EFFECT.tsv	floral_tea_reference	[]	ABSTAINED_OPEN_SET
open-set-02	OPEN_SET_UNKNOWN_EXPRESSION	preparation.family.immersion	light		0	true			0	0	UNKNOWN_DESCRIPTOR_TARGET|OPEN_SET_EXPRESSION	false	"{""candidate_count"":20}"	"{""candidate_count"":0}"	UNCALIBRATED_DETERMINISTIC_DECISION_SCORE_NOT_PROBABILITY	product-inference-policy-v0.1.0	db/data/product-inference-v0/PRODUCT_CONCEPT_CANDIDATE.tsv|db/data/product-inference-v0/PRODUCT_CONTEXT_PRIOR.tsv|db/data/product-inference-v0/PRODUCT_ANSWER_EFFECT.tsv	floral_tea_reference	[]	ABSTAINED_OPEN_SET
open-set-03	OPEN_SET_UNKNOWN_EXPRESSION	preparation.family.hybrid	medium_light		0	true			0	0	UNKNOWN_DESCRIPTOR_TARGET|OPEN_SET_EXPRESSION	false	"{""candidate_count"":20}"	"{""candidate_count"":0}"	UNCALIBRATED_DETERMINISTIC_DECISION_SCORE_NOT_PROBABILITY	product-inference-policy-v0.1.0	db/data/product-inference-v0/PRODUCT_CONCEPT_CANDIDATE.tsv|db/data/product-inference-v0/PRODUCT_CONTEXT_PRIOR.tsv|db/data/product-inference-v0/PRODUCT_ANSWER_EFFECT.tsv	floral_tea_reference	[]	ABSTAINED_OPEN_SET
open-set-04	OPEN_SET_UNKNOWN_EXPRESSION	preparation.family.espresso_pressure	medium		0	true			0	0	UNKNOWN_DESCRIPTOR_TARGET|OPEN_SET_EXPRESSION	false	"{""candidate_count"":20}"	"{""candidate_count"":0}"	UNCALIBRATED_DETERMINISTIC_DECISION_SCORE_NOT_PROBABILITY	product-inference-policy-v0.1.0	db/data/product-inference-v0/PRODUCT_CONCEPT_CANDIDATE.tsv|db/data/product-inference-v0/PRODUCT_CONTEXT_PRIOR.tsv|db/data/product-inference-v0/PRODUCT_ANSWER_EFFECT.tsv	floral_tea_reference	[]	ABSTAINED_OPEN_SET
open-set-05	OPEN_SET_UNKNOWN_EXPRESSION	preparation.family.diluted_espresso	medium_dark		0	true			0	0	UNKNOWN_DESCRIPTOR_TARGET|OPEN_SET_EXPRESSION	false	"{""candidate_count"":20}"	"{""candidate_count"":0}"	UNCALIBRATED_DETERMINISTIC_DECISION_SCORE_NOT_PROBABILITY	product-inference-policy-v0.1.0	db/data/product-inference-v0/PRODUCT_CONCEPT_CANDIDATE.tsv|db/data/product-inference-v0/PRODUCT_CONTEXT_PRIOR.tsv|db/data/product-inference-v0/PRODUCT_ANSWER_EFFECT.tsv	floral_tea_reference	[]	ABSTAINED_OPEN_SET
open-set-06	OPEN_SET_UNKNOWN_EXPRESSION	preparation.family.stovetop_boiled	dark		0	true			0	0	UNKNOWN_DESCRIPTOR_TARGET|OPEN_SET_EXPRESSION	false	"{""candidate_count"":20}"	"{""candidate_count"":0}"	UNCALIBRATED_DETERMINISTIC_DECISION_SCORE_NOT_PROBABILITY	product-inference-policy-v0.1.0	db/data/product-inference-v0/PRODUCT_CONCEPT_CANDIDATE.tsv|db/data/product-inference-v0/PRODUCT_CONTEXT_PRIOR.tsv|db/data/product-inference-v0/PRODUCT_ANSWER_EFFECT.tsv	floral_tea_reference	[]	ABSTAINED_OPEN_SET
open-set-07	OPEN_SET_UNKNOWN_EXPRESSION	preparation.family.cold_extraction	extremely_dark		0	true			0	0	UNKNOWN_DESCRIPTOR_TARGET|OPEN_SET_EXPRESSION	false	"{""candidate_count"":20}"	"{""candidate_count"":0}"	UNCALIBRATED_DETERMINISTIC_DECISION_SCORE_NOT_PROBABILITY	product-inference-policy-v0.1.0	db/data/product-inference-v0/PRODUCT_CONCEPT_CANDIDATE.tsv|db/data/product-inference-v0/PRODUCT_CONTEXT_PRIOR.tsv|db/data/product-inference-v0/PRODUCT_ANSWER_EFFECT.tsv	floral_tea_reference	[]	ABSTAINED_OPEN_SET
open-set-08	OPEN_SET_UNKNOWN_EXPRESSION	preparation.family.espresso_milk	extremely_light		0	true			0	0	UNKNOWN_DESCRIPTOR_TARGET|OPEN_SET_EXPRESSION	false	"{""candidate_count"":20}"	"{""candidate_count"":0}"	UNCALIBRATED_DETERMINISTIC_DECISION_SCORE_NOT_PROBABILITY	product-inference-policy-v0.1.0	db/data/product-inference-v0/PRODUCT_CONCEPT_CANDIDATE.tsv|db/data/product-inference-v0/PRODUCT_CONTEXT_PRIOR.tsv|db/data/product-inference-v0/PRODUCT_ANSWER_EFFECT.tsv	floral_tea_reference	[]	ABSTAINED_OPEN_SET
rights-blocked-01	INSUFFICIENT_EVIDENCE_RIGHTS_BLOCKED	preparation.family.filter_percolation	extremely_light	floral_tea_reference	1	true			0	0	NO_RIGHTS_ELIGIBLE_EVIDENCE	false	"{""candidate_count"":20}"	"{""candidate_count"":0}"	UNCALIBRATED_DETERMINISTIC_DECISION_SCORE_NOT_PROBABILITY	product-inference-policy-v0.1.0	db/data/product-inference-v0/PRODUCT_CONCEPT_CANDIDATE.tsv|db/data/product-inference-v0/PRODUCT_CONTEXT_PRIOR.tsv|db/data/product-inference-v0/PRODUCT_ANSWER_EFFECT.tsv		"[{""candidate_partition_sizes"":{""citrus_blossom"":1,""rose_floral"":1,""tea"":1,""white_floral"":1},""candidate_set_before_count"":20,""candidate_state_after_count"":1,""evidence_coverage_count"":4,""expected_separation_score"":0.75,""question_axis_id"":""floral_tea_reference"",""question_position"":1,""selected_option_id"":""citrus_blossom"",""unanswered_or_unsure_path"":""NO_EVIDENCE_CHANGE""}]"	ABSTAINED_RIGHTS_BLOCKED
rights-blocked-02	INSUFFICIENT_EVIDENCE_RIGHTS_BLOCKED	preparation.family.immersion	light	floral_tea_reference	1	true			0	0	NO_RIGHTS_ELIGIBLE_EVIDENCE	false	"{""candidate_count"":20}"	"{""candidate_count"":0}"	UNCALIBRATED_DETERMINISTIC_DECISION_SCORE_NOT_PROBABILITY	product-inference-policy-v0.1.0	db/data/product-inference-v0/PRODUCT_CONCEPT_CANDIDATE.tsv|db/data/product-inference-v0/PRODUCT_CONTEXT_PRIOR.tsv|db/data/product-inference-v0/PRODUCT_ANSWER_EFFECT.tsv		"[{""candidate_partition_sizes"":{""citrus_blossom"":1,""rose_floral"":1,""tea"":1,""white_floral"":1},""candidate_set_before_count"":20,""candidate_state_after_count"":1,""evidence_coverage_count"":4,""expected_separation_score"":0.75,""question_axis_id"":""floral_tea_reference"",""question_position"":1,""selected_option_id"":""citrus_blossom"",""unanswered_or_unsure_path"":""NO_EVIDENCE_CHANGE""}]"	ABSTAINED_RIGHTS_BLOCKED
rights-blocked-03	INSUFFICIENT_EVIDENCE_RIGHTS_BLOCKED	preparation.family.hybrid	medium_light	floral_tea_reference	1	true			0	0	NO_RIGHTS_ELIGIBLE_EVIDENCE	false	"{""candidate_count"":20}"	"{""candidate_count"":0}"	UNCALIBRATED_DETERMINISTIC_DECISION_SCORE_NOT_PROBABILITY	product-inference-policy-v0.1.0	db/data/product-inference-v0/PRODUCT_CONCEPT_CANDIDATE.tsv|db/data/product-inference-v0/PRODUCT_CONTEXT_PRIOR.tsv|db/data/product-inference-v0/PRODUCT_ANSWER_EFFECT.tsv		"[{""candidate_partition_sizes"":{""citrus_blossom"":1,""rose_floral"":1,""tea"":1,""white_floral"":1},""candidate_set_before_count"":20,""candidate_state_after_count"":1,""evidence_coverage_count"":4,""expected_separation_score"":0.75,""question_axis_id"":""floral_tea_reference"",""question_position"":1,""selected_option_id"":""citrus_blossom"",""unanswered_or_unsure_path"":""NO_EVIDENCE_CHANGE""}]"	ABSTAINED_RIGHTS_BLOCKED
rights-blocked-04	INSUFFICIENT_EVIDENCE_RIGHTS_BLOCKED	preparation.family.espresso_pressure	medium	floral_tea_reference	1	true			0	0	NO_RIGHTS_ELIGIBLE_EVIDENCE	false	"{""candidate_count"":20}"	"{""candidate_count"":0}"	UNCALIBRATED_DETERMINISTIC_DECISION_SCORE_NOT_PROBABILITY	product-inference-policy-v0.1.0	db/data/product-inference-v0/PRODUCT_CONCEPT_CANDIDATE.tsv|db/data/product-inference-v0/PRODUCT_CONTEXT_PRIOR.tsv|db/data/product-inference-v0/PRODUCT_ANSWER_EFFECT.tsv		"[{""candidate_partition_sizes"":{""citrus_blossom"":1,""rose_floral"":1,""tea"":1,""white_floral"":1},""candidate_set_before_count"":20,""candidate_state_after_count"":1,""evidence_coverage_count"":4,""expected_separation_score"":0.75,""question_axis_id"":""floral_tea_reference"",""question_position"":1,""selected_option_id"":""citrus_blossom"",""unanswered_or_unsure_path"":""NO_EVIDENCE_CHANGE""}]"	ABSTAINED_RIGHTS_BLOCKED
rights-blocked-05	INSUFFICIENT_EVIDENCE_RIGHTS_BLOCKED	preparation.family.diluted_espresso	medium_dark	floral_tea_reference	1	true			0	0	NO_RIGHTS_ELIGIBLE_EVIDENCE	false	"{""candidate_count"":20}"	"{""candidate_count"":0}"	UNCALIBRATED_DETERMINISTIC_DECISION_SCORE_NOT_PROBABILITY	product-inference-policy-v0.1.0	db/data/product-inference-v0/PRODUCT_CONCEPT_CANDIDATE.tsv|db/data/product-inference-v0/PRODUCT_CONTEXT_PRIOR.tsv|db/data/product-inference-v0/PRODUCT_ANSWER_EFFECT.tsv		"[{""candidate_partition_sizes"":{""citrus_blossom"":1,""rose_floral"":1,""tea"":1,""white_floral"":1},""candidate_set_before_count"":20,""candidate_state_after_count"":1,""evidence_coverage_count"":4,""expected_separation_score"":0.75,""question_axis_id"":""floral_tea_reference"",""question_position"":1,""selected_option_id"":""citrus_blossom"",""unanswered_or_unsure_path"":""NO_EVIDENCE_CHANGE""}]"	ABSTAINED_RIGHTS_BLOCKED
rights-blocked-06	INSUFFICIENT_EVIDENCE_RIGHTS_BLOCKED	preparation.family.stovetop_boiled	dark	floral_tea_reference	1	true			0	0	NO_RIGHTS_ELIGIBLE_EVIDENCE	false	"{""candidate_count"":20}"	"{""candidate_count"":0}"	UNCALIBRATED_DETERMINISTIC_DECISION_SCORE_NOT_PROBABILITY	product-inference-policy-v0.1.0	db/data/product-inference-v0/PRODUCT_CONCEPT_CANDIDATE.tsv|db/data/product-inference-v0/PRODUCT_CONTEXT_PRIOR.tsv|db/data/product-inference-v0/PRODUCT_ANSWER_EFFECT.tsv		"[{""candidate_partition_sizes"":{""citrus_blossom"":1,""rose_floral"":1,""tea"":1,""white_floral"":1},""candidate_set_before_count"":20,""candidate_state_after_count"":1,""evidence_coverage_count"":4,""expected_separation_score"":0.75,""question_axis_id"":""floral_tea_reference"",""question_position"":1,""selected_option_id"":""citrus_blossom"",""unanswered_or_unsure_path"":""NO_EVIDENCE_CHANGE""}]"	ABSTAINED_RIGHTS_BLOCKED
rights-blocked-07	INSUFFICIENT_EVIDENCE_RIGHTS_BLOCKED	preparation.family.cold_extraction	extremely_dark	floral_tea_reference	1	true			0	0	NO_RIGHTS_ELIGIBLE_EVIDENCE	false	"{""candidate_count"":20}"	"{""candidate_count"":0}"	UNCALIBRATED_DETERMINISTIC_DECISION_SCORE_NOT_PROBABILITY	product-inference-policy-v0.1.0	db/data/product-inference-v0/PRODUCT_CONCEPT_CANDIDATE.tsv|db/data/product-inference-v0/PRODUCT_CONTEXT_PRIOR.tsv|db/data/product-inference-v0/PRODUCT_ANSWER_EFFECT.tsv		"[{""candidate_partition_sizes"":{""citrus_blossom"":1,""rose_floral"":1,""tea"":1,""white_floral"":1},""candidate_set_before_count"":20,""candidate_state_after_count"":1,""evidence_coverage_count"":4,""expected_separation_score"":0.75,""question_axis_id"":""floral_tea_reference"",""question_position"":1,""selected_option_id"":""citrus_blossom"",""unanswered_or_unsure_path"":""NO_EVIDENCE_CHANGE""}]"	ABSTAINED_RIGHTS_BLOCKED
rights-blocked-08	INSUFFICIENT_EVIDENCE_RIGHTS_BLOCKED	preparation.family.espresso_milk	extremely_light	floral_tea_reference	1	true			0	0	NO_RIGHTS_ELIGIBLE_EVIDENCE	false	"{""candidate_count"":20}"	"{""candidate_count"":0}"	UNCALIBRATED_DETERMINISTIC_DECISION_SCORE_NOT_PROBABILITY	product-inference-policy-v0.1.0	db/data/product-inference-v0/PRODUCT_CONCEPT_CANDIDATE.tsv|db/data/product-inference-v0/PRODUCT_CONTEXT_PRIOR.tsv|db/data/product-inference-v0/PRODUCT_ANSWER_EFFECT.tsv		"[{""candidate_partition_sizes"":{""citrus_blossom"":1,""rose_floral"":1,""tea"":1,""white_floral"":1},""candidate_set_before_count"":20,""candidate_state_after_count"":1,""evidence_coverage_count"":4,""expected_separation_score"":0.75,""question_axis_id"":""floral_tea_reference"",""question_position"":1,""selected_option_id"":""citrus_blossom"",""unanswered_or_unsure_path"":""NO_EVIDENCE_CHANGE""}]"	ABSTAINED_RIGHTS_BLOCKED
