context_prior_id	preparation_family_key	roast_code	canonical_concept_id	c0_prior_adjustment	c1_prior_adjustment	combined_context_adjustment	prior_status	direct_context_evidence_count	source_family_ids	c0_evidence_locator	c1_evidence_locator	c1_mapping_status	rule	lineage_paths
prior:preparation.family.filter_percolation:extremely_light:sensory.jasmine	preparation.family.filter_percolation	extremely_light	sensory.jasmine	0.000000	0.000000	0.000000	neutral	0			db/data/round3m/C0_C1_EVIDENCE_RECEIPT.json	NEUTRAL_ZERO_REVIEWED_C1_MAPPING	NEUTRAL_MISSING_DIRECT_EVIDENCE	db/022_round3b_context_governance.sql|db/data/round3m/C0_C1_EVIDENCE_RECEIPT.json
prior:preparation.family.filter_percolation:extremely_light:sensory.rose	preparation.family.filter_percolation	extremely_light	sensory.rose	0.000000	0.000000	0.000000	neutral	0			db/data/round3m/C0_C1_EVIDENCE_RECEIPT.json	NEUTRAL_ZERO_REVIEWED_C1_MAPPING	NEUTRAL_MISSING_DIRECT_EVIDENCE	db/022_round3b_context_governance.sql|db/data/round3m/C0_C1_EVIDENCE_RECEIPT.json
prior:preparation.family.filter_percolation:extremely_light:sensory.orange_blossom	preparation.family.filter_percolation	extremely_light	sensory.orange_blossom	0.000000	0.000000	0.000000	neutral	0			db/data/round3m/C0_C1_EVIDENCE_RECEIPT.json	NEUTRAL_ZERO_REVIEWED_C1_MAPPING	NEUTRAL_MISSING_DIRECT_EVIDENCE	db/022_round3b_context_governance.sql|db/data/round3m/C0_C1_EVIDENCE_RECEIPT.json
prior:preparation.family.filter_percolation:extremely_light:sensory.lemon	preparation.family.filter_percolation	extremely_light	sensory.lemon	0.000000	0.000000	0.000000	neutral	0			db/data/round3m/C0_C1_EVIDENCE_RECEIPT.json	NEUTRAL_ZERO_REVIEWED_C1_MAPPING	NEUTRAL_MISSING_DIRECT_EVIDENCE	db/022_round3b_context_governance.sql|db/data/round3m/C0_C1_EVIDENCE_RECEIPT.json
prior:preparation.family.filter_percolation:extremely_light:sensory.orange	preparation.family.filter_percolation	extremely_light	sensory.orange	0.000000	0.000000	0.000000	neutral	0			db/data/round3m/C0_C1_EVIDENCE_RECEIPT.json	NEUTRAL_ZERO_REVIEWED_C1_MAPPING	NEUTRAL_MISSING_DIRECT_EVIDENCE	db/022_round3b_context_governance.sql|db/data/round3m/C0_C1_EVIDENCE_RECEIPT.json
prior:preparation.family.filter_percolation:extremely_light:sensory.blueberry	preparation.family.filter_percolation	extremely_light	sensory.blueberry	0.000000	0.000000	0.000000	neutral	0			db/data/round3m/C0_C1_EVIDENCE_RECEIPT.json	NEUTRAL_ZERO_REVIEWED_C1_MAPPING	NEUTRAL_MISSING_DIRECT_EVIDENCE	db/022_round3b_context_governance.sql|db/data/round3m/C0_C1_EVIDENCE_RECEIPT.json
prior:preparation.family.filter_percolation:extremely_light:sensory.honey	preparation.family.filter_percolation	extremely_light	sensory.honey	-0.050000	0.000000	-0.050000	weak	2	family.vezzulli-trainedpanel-2022	db/data/round3h/batch1/vezzulli_2022_table2_sensory_medians.tsv	db/data/round3m/C0_C1_EVIDENCE_RECEIPT.json	NEUTRAL_ZERO_REVIEWED_C1_MAPPING	WEAK_SOURCE_LOCAL_WITHIN_STUDY_DIFFERENCE	db/022_round3b_context_governance.sql|db/data/round3m/C0_C1_EVIDENCE_RECEIPT.json|db/data/round3h/batch1/vezzulli_2022_table2_sensory_medians.tsv
prior:preparation.family.filter_percolation:extremely_light:sensory.caramel	preparation.family.filter_percolation	extremely_light	sensory.caramel	-0.065000	0.000000	-0.065000	weak	2	family.vezzulli-trainedpanel-2022	db/data/round3h/batch1/vezzulli_2022_table2_sensory_medians.tsv	db/data/round3m/C0_C1_EVIDENCE_RECEIPT.json	NEUTRAL_ZERO_REVIEWED_C1_MAPPING	WEAK_SOURCE_LOCAL_WITHIN_STUDY_DIFFERENCE	db/022_round3b_context_governance.sql|db/data/round3m/C0_C1_EVIDENCE_RECEIPT.json|db/data/round3h/batch1/vezzulli_2022_table2_sensory_medians.tsv
prior:preparation.family.filter_percolation:extremely_light:sensory.brown_sugar	preparation.family.filter_percolation	extremely_light	sensory.brown_sugar	0.000000	0.000000	0.000000	neutral	0			db/data/round3m/C0_C1_EVIDENCE_RECEIPT.json	NEUTRAL_ZERO_REVIEWED_C1_MAPPING	NEUTRAL_MISSING_DIRECT_EVIDENCE	db/022_round3b_context_governance.sql|db/data/round3m/C0_C1_EVIDENCE_RECEIPT.json
prior:preparation.family.filter_percolation:extremely_light:sensory.almond	preparation.family.filter_percolation	extremely_light	sensory.almond	0.000000	0.000000	0.000000	neutral	0			db/data/round3m/C0_C1_EVIDENCE_RECEIPT.json	NEUTRAL_ZERO_REVIEWED_C1_MAPPING	NEUTRAL_MISSING_DIRECT_EVIDENCE	db/022_round3b_context_governance.sql|db/data/round3m/C0_C1_EVIDENCE_RECEIPT.json
prior:preparation.family.filter_percolation:extremely_light:sensory.hazelnut	preparation.family.filter_percolation	extremely_light	sensory.hazelnut	0.000000	0.000000	0.000000	neutral	0			db/data/round3m/C0_C1_EVIDENCE_RECEIPT.json	NEUTRAL_ZERO_REVIEWED_C1_MAPPING	NEUTRAL_MISSING_DIRECT_EVIDENCE	db/022_round3b_context_governance.sql|db/data/round3m/C0_C1_EVIDENCE_RECEIPT.json
prior:preparation.family.filter_percolation:extremely_light:sensory.dark_chocolate	preparation.family.filter_percolation	extremely_light	sensory.dark_chocolate	0.000000	0.000000	0.000000	neutral	0			db/data/round3m/C0_C1_EVIDENCE_RECEIPT.json	NEUTRAL_ZERO_REVIEWED_C1_MAPPING	NEUTRAL_MISSING_DIRECT_EVIDENCE	db/022_round3b_context_governance.sql|db/data/round3m/C0_C1_EVIDENCE_RECEIPT.json
prior:preparation.family.filter_percolation:extremely_light:sensory.cinnamon	preparation.family.filter_percolation	extremely_light	sensory.cinnamon	0.000000	0.000000	0.000000	neutral	0			db/data/round3m/C0_C1_EVIDENCE_RECEIPT.json	NEUTRAL_ZERO_REVIEWED_C1_MAPPING	NEUTRAL_MISSING_DIRECT_EVIDENCE	db/022_round3b_context_governance.sql|db/data/round3m/C0_C1_EVIDENCE_RECEIPT.json
prior:preparation.family.filter_percolation:extremely_light:sensory.tobacco	preparation.family.filter_percolation	extremely_light	sensory.tobacco	0.000000	0.000000	0.000000	neutral	0			db/data/round3m/C0_C1_EVIDENCE_RECEIPT.json	NEUTRAL_ZERO_REVIEWED_C1_MAPPING	NEUTRAL_MISSING_DIRECT_EVIDENCE	db/022_round3b_context_governance.sql|db/data/round3m/C0_C1_EVIDENCE_RECEIPT.json
prior:preparation.family.filter_percolation:extremely_light:sensory.smoky	preparation.family.filter_percolation	extremely_light	sensory.smoky	0.000000	0.000000	0.000000	neutral	0			db/data/round3m/C0_C1_EVIDENCE_RECEIPT.json	NEUTRAL_ZERO_REVIEWED_C1_MAPPING	NEUTRAL_MISSING_DIRECT_EVIDENCE	db/022_round3b_context_governance.sql|db/data/round3m/C0_C1_EVIDENCE_RECEIPT.json
prior:preparation.family.filter_percolation:extremely_light:sensory.green_tea	preparation.family.filter_percolation	extremely_light	sensory.green_tea	0.000000	0.000000	0.000000	neutral	0			db/data/round3m/C0_C1_EVIDENCE_RECEIPT.json	NEUTRAL_ZERO_REVIEWED_C1_MAPPING	NEUTRAL_MISSING_DIRECT_EVIDENCE	db/022_round3b_context_governance.sql|db/data/round3m/C0_C1_EVIDENCE_RECEIPT.json
prior:preparation.family.filter_percolation:extremely_light:sensory.cedar	preparation.family.filter_percolation	extremely_light	sensory.cedar	0.000000	0.000000	0.000000	neutral	0			db/data/round3m/C0_C1_EVIDENCE_RECEIPT.json	NEUTRAL_ZERO_REVIEWED_C1_MAPPING	NEUTRAL_MISSING_DIRECT_EVIDENCE	db/022_round3b_context_governance.sql|db/data/round3m/C0_C1_EVIDENCE_RECEIPT.json
prior:preparation.family.filter_percolation:extremely_light:sensory.earthy	preparation.family.filter_percolation	extremely_light	sensory.earthy	0.000000	0.000000	0.000000	neutral	0			db/data/round3m/C0_C1_EVIDENCE_RECEIPT.json	NEUTRAL_ZERO_REVIEWED_C1_MAPPING	NEUTRAL_MISSING_DIRECT_EVIDENCE	db/022_round3b_context_governance.sql|db/data/round3m/C0_C1_EVIDENCE_RECEIPT.json
prior:preparation.family.filter_percolation:extremely_light:sensory.fermented_character	preparation.family.filter_percolation	extremely_light	sensory.fermented_character	0.000000	0.000000	0.000000	neutral	0			db/data/round3m/C0_C1_EVIDENCE_RECEIPT.json	NEUTRAL_ZERO_REVIEWED_C1_MAPPING	NEUTRAL_MISSING_DIRECT_EVIDENCE	db/022_round3b_context_governance.sql|db/data/round3m/C0_C1_EVIDENCE_RECEIPT.json
prior:preparation.family.filter_percolation:extremely_light:sensory.wine_like_character	preparation.family.filter_percolation	extremely_light	sensory.wine_like_character	0.000000	0.000000	0.000000	neutral	0			db/data/round3m/C0_C1_EVIDENCE_RECEIPT.json	NEUTRAL_ZERO_REVIEWED_C1_MAPPING	NEUTRAL_MISSING_DIRECT_EVIDENCE	db/022_round3b_context_governance.sql|db/data/round3m/C0_C1_EVIDENCE_RECEIPT.json
prior:preparation.family.filter_percolation:light:sensory.jasmine	preparation.family.filter_percolation	light	sensory.jasmine	0.000000	0.000000	0.000000	neutral	0			db/data/round3m/C0_C1_EVIDENCE_RECEIPT.json	NEUTRAL_ZERO_REVIEWED_C1_MAPPING	NEUTRAL_MISSING_DIRECT_EVIDENCE	db/022_round3b_context_governance.sql|db/data/round3m/C0_C1_EVIDENCE_RECEIPT.json
prior:preparation.family.filter_percolation:light:sensory.rose	preparation.family.filter_percolation	light	sensory.rose	0.000000	0.000000	0.000000	neutral	0			db/data/round3m/C0_C1_EVIDENCE_RECEIPT.json	NEUTRAL_ZERO_REVIEWED_C1_MAPPING	NEUTRAL_MISSING_DIRECT_EVIDENCE	db/022_round3b_context_governance.sql|db/data/round3m/C0_C1_EVIDENCE_RECEIPT.json
prior:preparation.family.filter_percolation:light:sensory.orange_blossom	preparation.family.filter_percolation	light	sensory.orange_blossom	0.000000	0.000000	0.000000	neutral	0			db/data/round3m/C0_C1_EVIDENCE_RECEIPT.json	NEUTRAL_ZERO_REVIEWED_C1_MAPPING	NEUTRAL_MISSING_DIRECT_EVIDENCE	db/022_round3b_context_governance.sql|db/data/round3m/C0_C1_EVIDENCE_RECEIPT.json
prior:preparation.family.filter_percolation:light:sensory.lemon	preparation.family.filter_percolation	light	sensory.lemon	0.000000	0.000000	0.000000	neutral	0			db/data/round3m/C0_C1_EVIDENCE_RECEIPT.json	NEUTRAL_ZERO_REVIEWED_C1_MAPPING	NEUTRAL_MISSING_DIRECT_EVIDENCE	db/022_round3b_context_governance.sql|db/data/round3m/C0_C1_EVIDENCE_RECEIPT.json
prior:preparation.family.filter_percolation:light:sensory.orange	preparation.family.filter_percolation	light	sensory.orange	0.000000	0.000000	0.000000	neutral	0			db/data/round3m/C0_C1_EVIDENCE_RECEIPT.json	NEUTRAL_ZERO_REVIEWED_C1_MAPPING	NEUTRAL_MISSING_DIRECT_EVIDENCE	db/022_round3b_context_governance.sql|db/data/round3m/C0_C1_EVIDENCE_RECEIPT.json
prior:preparation.family.filter_percolation:light:sensory.blueberry	preparation.family.filter_percolation	light	sensory.blueberry	0.000000	0.000000	0.000000	neutral	0			db/data/round3m/C0_C1_EVIDENCE_RECEIPT.json	NEUTRAL_ZERO_REVIEWED_C1_MAPPING	NEUTRAL_MISSING_DIRECT_EVIDENCE	db/022_round3b_context_governance.sql|db/data/round3m/C0_C1_EVIDENCE_RECEIPT.json
prior:preparation.family.filter_percolation:light:sensory.honey	preparation.family.filter_percolation	light	sensory.honey	-0.050000	0.000000	-0.050000	weak	2	family.vezzulli-trainedpanel-2022	db/data/round3h/batch1/vezzulli_2022_table2_sensory_medians.tsv	db/data/round3m/C0_C1_EVIDENCE_RECEIPT.json	NEUTRAL_ZERO_REVIEWED_C1_MAPPING	WEAK_SOURCE_LOCAL_WITHIN_STUDY_DIFFERENCE	db/022_round3b_context_governance.sql|db/data/round3m/C0_C1_EVIDENCE_RECEIPT.json|db/data/round3h/batch1/vezzulli_2022_table2_sensory_medians.tsv
prior:preparation.family.filter_percolation:light:sensory.caramel	preparation.family.filter_percolation	light	sensory.caramel	-0.065000	0.000000	-0.065000	weak	2	family.vezzulli-trainedpanel-2022	db/data/round3h/batch1/vezzulli_2022_table2_sensory_medians.tsv	db/data/round3m/C0_C1_EVIDENCE_RECEIPT.json	NEUTRAL_ZERO_REVIEWED_C1_MAPPING	WEAK_SOURCE_LOCAL_WITHIN_STUDY_DIFFERENCE	db/022_round3b_context_governance.sql|db/data/round3m/C0_C1_EVIDENCE_RECEIPT.json|db/data/round3h/batch1/vezzulli_2022_table2_sensory_medians.tsv
prior:preparation.family.filter_percolation:light:sensory.brown_sugar	preparation.family.filter_percolation	light	sensory.brown_sugar	0.000000	0.000000	0.000000	neutral	0			db/data/round3m/C0_C1_EVIDENCE_RECEIPT.json	NEUTRAL_ZERO_REVIEWED_C1_MAPPING	NEUTRAL_MISSING_DIRECT_EVIDENCE	db/022_round3b_context_governance.sql|db/data/round3m/C0_C1_EVIDENCE_RECEIPT.json
prior:preparation.family.filter_percolation:light:sensory.almond	preparation.family.filter_percolation	light	sensory.almond	0.000000	0.000000	0.000000	neutral	0			db/data/round3m/C0_C1_EVIDENCE_RECEIPT.json	NEUTRAL_ZERO_REVIEWED_C1_MAPPING	NEUTRAL_MISSING_DIRECT_EVIDENCE	db/022_round3b_context_governance.sql|db/data/round3m/C0_C1_EVIDENCE_RECEIPT.json
prior:preparation.family.filter_percolation:light:sensory.hazelnut	preparation.family.filter_percolation	light	sensory.hazelnut	0.000000	0.000000	0.000000	neutral	0			db/data/round3m/C0_C1_EVIDENCE_RECEIPT.json	NEUTRAL_ZERO_REVIEWED_C1_MAPPING	NEUTRAL_MISSING_DIRECT_EVIDENCE	db/022_round3b_context_governance.sql|db/data/round3m/C0_C1_EVIDENCE_RECEIPT.json
prior:preparation.family.filter_percolation:light:sensory.dark_chocolate	preparation.family.filter_percolation	light	sensory.dark_chocolate	0.000000	0.000000	0.000000	neutral	0			db/data/round3m/C0_C1_EVIDENCE_RECEIPT.json	NEUTRAL_ZERO_REVIEWED_C1_MAPPING	NEUTRAL_MISSING_DIRECT_EVIDENCE	db/022_round3b_context_governance.sql|db/data/round3m/C0_C1_EVIDENCE_RECEIPT.json
prior:preparation.family.filter_percolation:light:sensory.cinnamon	preparation.family.filter_percolation	light	sensory.cinnamon	0.000000	0.000000	0.000000	neutral	0			db/data/round3m/C0_C1_EVIDENCE_RECEIPT.json	NEUTRAL_ZERO_REVIEWED_C1_MAPPING	NEUTRAL_MISSING_DIRECT_EVIDENCE	db/022_round3b_context_governance.sql|db/data/round3m/C0_C1_EVIDENCE_RECEIPT.json
prior:preparation.family.filter_percolation:light:sensory.tobacco	preparation.family.filter_percolation	light	sensory.tobacco	0.000000	0.000000	0.000000	neutral	0			db/data/round3m/C0_C1_EVIDENCE_RECEIPT.json	NEUTRAL_ZERO_REVIEWED_C1_MAPPING	NEUTRAL_MISSING_DIRECT_EVIDENCE	db/022_round3b_context_governance.sql|db/data/round3m/C0_C1_EVIDENCE_RECEIPT.json
prior:preparation.family.filter_percolation:light:sensory.smoky	preparation.family.filter_percolation	light	sensory.smoky	0.000000	0.000000	0.000000	neutral	0			db/data/round3m/C0_C1_EVIDENCE_RECEIPT.json	NEUTRAL_ZERO_REVIEWED_C1_MAPPING	NEUTRAL_MISSING_DIRECT_EVIDENCE	db/022_round3b_context_governance.sql|db/data/round3m/C0_C1_EVIDENCE_RECEIPT.json
prior:preparation.family.filter_percolation:light:sensory.green_tea	preparation.family.filter_percolation	light	sensory.green_tea	0.000000	0.000000	0.000000	neutral	0			db/data/round3m/C0_C1_EVIDENCE_RECEIPT.json	NEUTRAL_ZERO_REVIEWED_C1_MAPPING	NEUTRAL_MISSING_DIRECT_EVIDENCE	db/022_round3b_context_governance.sql|db/data/round3m/C0_C1_EVIDENCE_RECEIPT.json
prior:preparation.family.filter_percolation:light:sensory.cedar	preparation.family.filter_percolation	light	sensory.cedar	0.000000	0.000000	0.000000	neutral	0			db/data/round3m/C0_C1_EVIDENCE_RECEIPT.json	NEUTRAL_ZERO_REVIEWED_C1_MAPPING	NEUTRAL_MISSING_DIRECT_EVIDENCE	db/022_round3b_context_governance.sql|db/data/round3m/C0_C1_EVIDENCE_RECEIPT.json
prior:preparation.family.filter_percolation:light:sensory.earthy	preparation.family.filter_percolation	light	sensory.earthy	0.000000	0.000000	0.000000	neutral	0			db/data/round3m/C0_C1_EVIDENCE_RECEIPT.json	NEUTRAL_ZERO_REVIEWED_C1_MAPPING	NEUTRAL_MISSING_DIRECT_EVIDENCE	db/022_round3b_context_governance.sql|db/data/round3m/C0_C1_EVIDENCE_RECEIPT.json
prior:preparation.family.filter_percolation:light:sensory.fermented_character	preparation.family.filter_percolation	light	sensory.fermented_character	0.000000	0.000000	0.000000	neutral	0			db/data/round3m/C0_C1_EVIDENCE_RECEIPT.json	NEUTRAL_ZERO_REVIEWED_C1_MAPPING	NEUTRAL_MISSING_DIRECT_EVIDENCE	db/022_round3b_context_governance.sql|db/data/round3m/C0_C1_EVIDENCE_RECEIPT.json
prior:preparation.family.filter_percolation:light:sensory.wine_like_character	preparation.family.filter_percolation	light	sensory.wine_like_character	0.000000	0.000000	0.000000	neutral	0			db/data/round3m/C0_C1_EVIDENCE_RECEIPT.json	NEUTRAL_ZERO_REVIEWED_C1_MAPPING	NEUTRAL_MISSING_DIRECT_EVIDENCE	db/022_round3b_context_governance.sql|db/data/round3m/C0_C1_EVIDENCE_RECEIPT.json
prior:preparation.family.filter_percolation:medium_light:sensory.jasmine	preparation.family.filter_percolation	medium_light	sensory.jasmine	0.000000	0.000000	0.000000	neutral	0			db/data/round3m/C0_C1_EVIDENCE_RECEIPT.json	NEUTRAL_ZERO_REVIEWED_C1_MAPPING	NEUTRAL_MISSING_DIRECT_EVIDENCE	db/022_round3b_context_governance.sql|db/data/round3m/C0_C1_EVIDENCE_RECEIPT.json
prior:preparation.family.filter_percolation:medium_light:sensory.rose	preparation.family.filter_percolation	medium_light	sensory.rose	0.000000	0.000000	0.000000	neutral	0			db/data/round3m/C0_C1_EVIDENCE_RECEIPT.json	NEUTRAL_ZERO_REVIEWED_C1_MAPPING	NEUTRAL_MISSING_DIRECT_EVIDENCE	db/022_round3b_context_governance.sql|db/data/round3m/C0_C1_EVIDENCE_RECEIPT.json
prior:preparation.family.filter_percolation:medium_light:sensory.orange_blossom	preparation.family.filter_percolation	medium_light	sensory.orange_blossom	0.000000	0.000000	0.000000	neutral	0			db/data/round3m/C0_C1_EVIDENCE_RECEIPT.json	NEUTRAL_ZERO_REVIEWED_C1_MAPPING	NEUTRAL_MISSING_DIRECT_EVIDENCE	db/022_round3b_context_governance.sql|db/data/round3m/C0_C1_EVIDENCE_RECEIPT.json
prior:preparation.family.filter_percolation:medium_light:sensory.lemon	preparation.family.filter_percolation	medium_light	sensory.lemon	0.000000	0.000000	0.000000	neutral	0			db/data/round3m/C0_C1_EVIDENCE_RECEIPT.json	NEUTRAL_ZERO_REVIEWED_C1_MAPPING	NEUTRAL_MISSING_DIRECT_EVIDENCE	db/022_round3b_context_governance.sql|db/data/round3m/C0_C1_EVIDENCE_RECEIPT.json
prior:preparation.family.filter_percolation:medium_light:sensory.orange	preparation.family.filter_percolation	medium_light	sensory.orange	0.000000	0.000000	0.000000	neutral	0			db/data/round3m/C0_C1_EVIDENCE_RECEIPT.json	NEUTRAL_ZERO_REVIEWED_C1_MAPPING	NEUTRAL_MISSING_DIRECT_EVIDENCE	db/022_round3b_context_governance.sql|db/data/round3m/C0_C1_EVIDENCE_RECEIPT.json
prior:preparation.family.filter_percolation:medium_light:sensory.blueberry	preparation.family.filter_percolation	medium_light	sensory.blueberry	0.000000	0.000000	0.000000	neutral	0			db/data/round3m/C0_C1_EVIDENCE_RECEIPT.json	NEUTRAL_ZERO_REVIEWED_C1_MAPPING	NEUTRAL_MISSING_DIRECT_EVIDENCE	db/022_round3b_context_governance.sql|db/data/round3m/C0_C1_EVIDENCE_RECEIPT.json
prior:preparation.family.filter_percolation:medium_light:sensory.honey	preparation.family.filter_percolation	medium_light	sensory.honey	-0.050000	0.000000	-0.050000	weak	2	family.vezzulli-trainedpanel-2022	db/data/round3h/batch1/vezzulli_2022_table2_sensory_medians.tsv	db/data/round3m/C0_C1_EVIDENCE_RECEIPT.json	NEUTRAL_ZERO_REVIEWED_C1_MAPPING	WEAK_SOURCE_LOCAL_WITHIN_STUDY_DIFFERENCE	db/022_round3b_context_governance.sql|db/data/round3m/C0_C1_EVIDENCE_RECEIPT.json|db/data/round3h/batch1/vezzulli_2022_table2_sensory_medians.tsv
prior:preparation.family.filter_percolation:medium_light:sensory.caramel	preparation.family.filter_percolation	medium_light	sensory.caramel	-0.065000	0.000000	-0.065000	weak	2	family.vezzulli-trainedpanel-2022	db/data/round3h/batch1/vezzulli_2022_table2_sensory_medians.tsv	db/data/round3m/C0_C1_EVIDENCE_RECEIPT.json	NEUTRAL_ZERO_REVIEWED_C1_MAPPING	WEAK_SOURCE_LOCAL_WITHIN_STUDY_DIFFERENCE	db/022_round3b_context_governance.sql|db/data/round3m/C0_C1_EVIDENCE_RECEIPT.json|db/data/round3h/batch1/vezzulli_2022_table2_sensory_medians.tsv
prior:preparation.family.filter_percolation:medium_light:sensory.brown_sugar	preparation.family.filter_percolation	medium_light	sensory.brown_sugar	0.000000	0.000000	0.000000	neutral	0			db/data/round3m/C0_C1_EVIDENCE_RECEIPT.json	NEUTRAL_ZERO_REVIEWED_C1_MAPPING	NEUTRAL_MISSING_DIRECT_EVIDENCE	db/022_round3b_context_governance.sql|db/data/round3m/C0_C1_EVIDENCE_RECEIPT.json
prior:preparation.family.filter_percolation:medium_light:sensory.almond	preparation.family.filter_percolation	medium_light	sensory.almond	0.000000	0.000000	0.000000	neutral	0			db/data/round3m/C0_C1_EVIDENCE_RECEIPT.json	NEUTRAL_ZERO_REVIEWED_C1_MAPPING	NEUTRAL_MISSING_DIRECT_EVIDENCE	db/022_round3b_context_governance.sql|db/data/round3m/C0_C1_EVIDENCE_RECEIPT.json
prior:preparation.family.filter_percolation:medium_light:sensory.hazelnut	preparation.family.filter_percolation	medium_light	sensory.hazelnut	0.000000	0.000000	0.000000	neutral	0			db/data/round3m/C0_C1_EVIDENCE_RECEIPT.json	NEUTRAL_ZERO_REVIEWED_C1_MAPPING	NEUTRAL_MISSING_DIRECT_EVIDENCE	db/022_round3b_context_governance.sql|db/data/round3m/C0_C1_EVIDENCE_RECEIPT.json
prior:preparation.family.filter_percolation:medium_light:sensory.dark_chocolate	preparation.family.filter_percolation	medium_light	sensory.dark_chocolate	0.000000	0.000000	0.000000	neutral	0			db/data/round3m/C0_C1_EVIDENCE_RECEIPT.json	NEUTRAL_ZERO_REVIEWED_C1_MAPPING	NEUTRAL_MISSING_DIRECT_EVIDENCE	db/022_round3b_context_governance.sql|db/data/round3m/C0_C1_EVIDENCE_RECEIPT.json
prior:preparation.family.filter_percolation:medium_light:sensory.cinnamon	preparation.family.filter_percolation	medium_light	sensory.cinnamon	0.000000	0.000000	0.000000	neutral	0			db/data/round3m/C0_C1_EVIDENCE_RECEIPT.json	NEUTRAL_ZERO_REVIEWED_C1_MAPPING	NEUTRAL_MISSING_DIRECT_EVIDENCE	db/022_round3b_context_governance.sql|db/data/round3m/C0_C1_EVIDENCE_RECEIPT.json
prior:preparation.family.filter_percolation:medium_light:sensory.tobacco	preparation.family.filter_percolation	medium_light	sensory.tobacco	0.000000	0.000000	0.000000	neutral	0			db/data/round3m/C0_C1_EVIDENCE_RECEIPT.json	NEUTRAL_ZERO_REVIEWED_C1_MAPPING	NEUTRAL_MISSING_DIRECT_EVIDENCE	db/022_round3b_context_governance.sql|db/data/round3m/C0_C1_EVIDENCE_RECEIPT.json
prior:preparation.family.filter_percolation:medium_light:sensory.smoky	preparation.family.filter_percolation	medium_light	sensory.smoky	0.000000	0.000000	0.000000	neutral	0			db/data/round3m/C0_C1_EVIDENCE_RECEIPT.json	NEUTRAL_ZERO_REVIEWED_C1_MAPPING	NEUTRAL_MISSING_DIRECT_EVIDENCE	db/022_round3b_context_governance.sql|db/data/round3m/C0_C1_EVIDENCE_RECEIPT.json
prior:preparation.family.filter_percolation:medium_light:sensory.green_tea	preparation.family.filter_percolation	medium_light	sensory.green_tea	0.000000	0.000000	0.000000	neutral	0			db/data/round3m/C0_C1_EVIDENCE_RECEIPT.json	NEUTRAL_ZERO_REVIEWED_C1_MAPPING	NEUTRAL_MISSING_DIRECT_EVIDENCE	db/022_round3b_context_governance.sql|db/data/round3m/C0_C1_EVIDENCE_RECEIPT.json
prior:preparation.family.filter_percolation:medium_light:sensory.cedar	preparation.family.filter_percolation	medium_light	sensory.cedar	0.000000	0.000000	0.000000	neutral	0			db/data/round3m/C0_C1_EVIDENCE_RECEIPT.json	NEUTRAL_ZERO_REVIEWED_C1_MAPPING	NEUTRAL_MISSING_DIRECT_EVIDENCE	db/022_round3b_context_governance.sql|db/data/round3m/C0_C1_EVIDENCE_RECEIPT.json
prior:preparation.family.filter_percolation:medium_light:sensory.earthy	preparation.family.filter_percolation	medium_light	sensory.earthy	0.000000	0.000000	0.000000	neutral	0			db/data/round3m/C0_C1_EVIDENCE_RECEIPT.json	NEUTRAL_ZERO_REVIEWED_C1_MAPPING	NEUTRAL_MISSING_DIRECT_EVIDENCE	db/022_round3b_context_governance.sql|db/data/round3m/C0_C1_EVIDENCE_RECEIPT.json
prior:preparation.family.filter_percolation:medium_light:sensory.fermented_character	preparation.family.filter_percolation	medium_light	sensory.fermented_character	0.000000	0.000000	0.000000	neutral	0			db/data/round3m/C0_C1_EVIDENCE_RECEIPT.json	NEUTRAL_ZERO_REVIEWED_C1_MAPPING	NEUTRAL_MISSING_DIRECT_EVIDENCE	db/022_round3b_context_governance.sql|db/data/round3m/C0_C1_EVIDENCE_RECEIPT.json
prior:preparation.family.filter_percolation:medium_light:sensory.wine_like_character	preparation.family.filter_percolation	medium_light	sensory.wine_like_character	0.000000	0.000000	0.000000	neutral	0			db/data/round3m/C0_C1_EVIDENCE_RECEIPT.json	NEUTRAL_ZERO_REVIEWED_C1_MAPPING	NEUTRAL_MISSING_DIRECT_EVIDENCE	db/022_round3b_context_governance.sql|db/data/round3m/C0_C1_EVIDENCE_RECEIPT.json
prior:preparation.family.filter_percolation:medium:sensory.jasmine	preparation.family.filter_percolation	medium	sensory.jasmine	0.000000	0.000000	0.000000	neutral	0			db/data/round3m/C0_C1_EVIDENCE_RECEIPT.json	NEUTRAL_ZERO_REVIEWED_C1_MAPPING	NEUTRAL_MISSING_DIRECT_EVIDENCE	db/022_round3b_context_governance.sql|db/data/round3m/C0_C1_EVIDENCE_RECEIPT.json
prior:preparation.family.filter_percolation:medium:sensory.rose	preparation.family.filter_percolation	medium	sensory.rose	0.000000	0.000000	0.000000	neutral	0			db/data/round3m/C0_C1_EVIDENCE_RECEIPT.json	NEUTRAL_ZERO_REVIEWED_C1_MAPPING	NEUTRAL_MISSING_DIRECT_EVIDENCE	db/022_round3b_context_governance.sql|db/data/round3m/C0_C1_EVIDENCE_RECEIPT.json
prior:preparation.family.filter_percolation:medium:sensory.orange_blossom	preparation.family.filter_percolation	medium	sensory.orange_blossom	0.000000	0.000000	0.000000	neutral	0			db/data/round3m/C0_C1_EVIDENCE_RECEIPT.json	NEUTRAL_ZERO_REVIEWED_C1_MAPPING	NEUTRAL_MISSING_DIRECT_EVIDENCE	db/022_round3b_context_governance.sql|db/data/round3m/C0_C1_EVIDENCE_RECEIPT.json
prior:preparation.family.filter_percolation:medium:sensory.lemon	preparation.family.filter_percolation	medium	sensory.lemon	0.000000	0.000000	0.000000	neutral	0			db/data/round3m/C0_C1_EVIDENCE_RECEIPT.json	NEUTRAL_ZERO_REVIEWED_C1_MAPPING	NEUTRAL_MISSING_DIRECT_EVIDENCE	db/022_round3b_context_governance.sql|db/data/round3m/C0_C1_EVIDENCE_RECEIPT.json
prior:preparation.family.filter_percolation:medium:sensory.orange	preparation.family.filter_percolation	medium	sensory.orange	0.000000	0.000000	0.000000	neutral	0			db/data/round3m/C0_C1_EVIDENCE_RECEIPT.json	NEUTRAL_ZERO_REVIEWED_C1_MAPPING	NEUTRAL_MISSING_DIRECT_EVIDENCE	db/022_round3b_context_governance.sql|db/data/round3m/C0_C1_EVIDENCE_RECEIPT.json
prior:preparation.family.filter_percolation:medium:sensory.blueberry	preparation.family.filter_percolation	medium	sensory.blueberry	0.000000	0.000000	0.000000	neutral	0			db/data/round3m/C0_C1_EVIDENCE_RECEIPT.json	NEUTRAL_ZERO_REVIEWED_C1_MAPPING	NEUTRAL_MISSING_DIRECT_EVIDENCE	db/022_round3b_context_governance.sql|db/data/round3m/C0_C1_EVIDENCE_RECEIPT.json
prior:preparation.family.filter_percolation:medium:sensory.honey	preparation.family.filter_percolation	medium	sensory.honey	-0.050000	0.000000	-0.050000	weak	2	family.vezzulli-trainedpanel-2022	db/data/round3h/batch1/vezzulli_2022_table2_sensory_medians.tsv	db/data/round3m/C0_C1_EVIDENCE_RECEIPT.json	NEUTRAL_ZERO_REVIEWED_C1_MAPPING	WEAK_SOURCE_LOCAL_WITHIN_STUDY_DIFFERENCE	db/022_round3b_context_governance.sql|db/data/round3m/C0_C1_EVIDENCE_RECEIPT.json|db/data/round3h/batch1/vezzulli_2022_table2_sensory_medians.tsv
prior:preparation.family.filter_percolation:medium:sensory.caramel	preparation.family.filter_percolation	medium	sensory.caramel	-0.065000	0.000000	-0.065000	weak	2	family.vezzulli-trainedpanel-2022	db/data/round3h/batch1/vezzulli_2022_table2_sensory_medians.tsv	db/data/round3m/C0_C1_EVIDENCE_RECEIPT.json	NEUTRAL_ZERO_REVIEWED_C1_MAPPING	WEAK_SOURCE_LOCAL_WITHIN_STUDY_DIFFERENCE	db/022_round3b_context_governance.sql|db/data/round3m/C0_C1_EVIDENCE_RECEIPT.json|db/data/round3h/batch1/vezzulli_2022_table2_sensory_medians.tsv
prior:preparation.family.filter_percolation:medium:sensory.brown_sugar	preparation.family.filter_percolation	medium	sensory.brown_sugar	0.000000	0.000000	0.000000	neutral	0			db/data/round3m/C0_C1_EVIDENCE_RECEIPT.json	NEUTRAL_ZERO_REVIEWED_C1_MAPPING	NEUTRAL_MISSING_DIRECT_EVIDENCE	db/022_round3b_context_governance.sql|db/data/round3m/C0_C1_EVIDENCE_RECEIPT.json
prior:preparation.family.filter_percolation:medium:sensory.almond	preparation.family.filter_percolation	medium	sensory.almond	0.000000	0.000000	0.000000	neutral	0			db/data/round3m/C0_C1_EVIDENCE_RECEIPT.json	NEUTRAL_ZERO_REVIEWED_C1_MAPPING	NEUTRAL_MISSING_DIRECT_EVIDENCE	db/022_round3b_context_governance.sql|db/data/round3m/C0_C1_EVIDENCE_RECEIPT.json
prior:preparation.family.filter_percolation:medium:sensory.hazelnut	preparation.family.filter_percolation	medium	sensory.hazelnut	0.000000	0.000000	0.000000	neutral	0			db/data/round3m/C0_C1_EVIDENCE_RECEIPT.json	NEUTRAL_ZERO_REVIEWED_C1_MAPPING	NEUTRAL_MISSING_DIRECT_EVIDENCE	db/022_round3b_context_governance.sql|db/data/round3m/C0_C1_EVIDENCE_RECEIPT.json
prior:preparation.family.filter_percolation:medium:sensory.dark_chocolate	preparation.family.filter_percolation	medium	sensory.dark_chocolate	0.000000	0.000000	0.000000	neutral	0			db/data/round3m/C0_C1_EVIDENCE_RECEIPT.json	NEUTRAL_ZERO_REVIEWED_C1_MAPPING	NEUTRAL_MISSING_DIRECT_EVIDENCE	db/022_round3b_context_governance.sql|db/data/round3m/C0_C1_EVIDENCE_RECEIPT.json
prior:preparation.family.filter_percolation:medium:sensory.cinnamon	preparation.family.filter_percolation	medium	sensory.cinnamon	0.000000	0.000000	0.000000	neutral	0			db/data/round3m/C0_C1_EVIDENCE_RECEIPT.json	NEUTRAL_ZERO_REVIEWED_C1_MAPPING	NEUTRAL_MISSING_DIRECT_EVIDENCE	db/022_round3b_context_governance.sql|db/data/round3m/C0_C1_EVIDENCE_RECEIPT.json
prior:preparation.family.filter_percolation:medium:sensory.tobacco	preparation.family.filter_percolation	medium	sensory.tobacco	0.000000	0.000000	0.000000	neutral	0			db/data/round3m/C0_C1_EVIDENCE_RECEIPT.json	NEUTRAL_ZERO_REVIEWED_C1_MAPPING	NEUTRAL_MISSING_DIRECT_EVIDENCE	db/022_round3b_context_governance.sql|db/data/round3m/C0_C1_EVIDENCE_RECEIPT.json
prior:preparation.family.filter_percolation:medium:sensory.smoky	preparation.family.filter_percolation	medium	sensory.smoky	0.000000	0.000000	0.000000	neutral	0			db/data/round3m/C0_C1_EVIDENCE_RECEIPT.json	NEUTRAL_ZERO_REVIEWED_C1_MAPPING	NEUTRAL_MISSING_DIRECT_EVIDENCE	db/022_round3b_context_governance.sql|db/data/round3m/C0_C1_EVIDENCE_RECEIPT.json
prior:preparation.family.filter_percolation:medium:sensory.green_tea	preparation.family.filter_percolation	medium	sensory.green_tea	0.000000	0.000000	0.000000	neutral	0			db/data/round3m/C0_C1_EVIDENCE_RECEIPT.json	NEUTRAL_ZERO_REVIEWED_C1_MAPPING	NEUTRAL_MISSING_DIRECT_EVIDENCE	db/022_round3b_context_governance.sql|db/data/round3m/C0_C1_EVIDENCE_RECEIPT.json
prior:preparation.family.filter_percolation:medium:sensory.cedar	preparation.family.filter_percolation	medium	sensory.cedar	0.000000	0.000000	0.000000	neutral	0			db/data/round3m/C0_C1_EVIDENCE_RECEIPT.json	NEUTRAL_ZERO_REVIEWED_C1_MAPPING	NEUTRAL_MISSING_DIRECT_EVIDENCE	db/022_round3b_context_governance.sql|db/data/round3m/C0_C1_EVIDENCE_RECEIPT.json
prior:preparation.family.filter_percolation:medium:sensory.earthy	preparation.family.filter_percolation	medium	sensory.earthy	0.000000	0.000000	0.000000	neutral	0			db/data/round3m/C0_C1_EVIDENCE_RECEIPT.json	NEUTRAL_ZERO_REVIEWED_C1_MAPPING	NEUTRAL_MISSING_DIRECT_EVIDENCE	db/022_round3b_context_governance.sql|db/data/round3m/C0_C1_EVIDENCE_RECEIPT.json
prior:preparation.family.filter_percolation:medium:sensory.fermented_character	preparation.family.filter_percolation	medium	sensory.fermented_character	0.000000	0.000000	0.000000	neutral	0			db/data/round3m/C0_C1_EVIDENCE_RECEIPT.json	NEUTRAL_ZERO_REVIEWED_C1_MAPPING	NEUTRAL_MISSING_DIRECT_EVIDENCE	db/022_round3b_context_governance.sql|db/data/round3m/C0_C1_EVIDENCE_RECEIPT.json
prior:preparation.family.filter_percolation:medium:sensory.wine_like_character	preparation.family.filter_percolation	medium	sensory.wine_like_character	0.000000	0.000000	0.000000	neutral	0			db/data/round3m/C0_C1_EVIDENCE_RECEIPT.json	NEUTRAL_ZERO_REVIEWED_C1_MAPPING	NEUTRAL_MISSING_DIRECT_EVIDENCE	db/022_round3b_context_governance.sql|db/data/round3m/C0_C1_EVIDENCE_RECEIPT.json
prior:preparation.family.filter_percolation:medium_dark:sensory.jasmine	preparation.family.filter_percolation	medium_dark	sensory.jasmine	0.000000	0.000000	0.000000	neutral	0			db/data/round3m/C0_C1_EVIDENCE_RECEIPT.json	NEUTRAL_ZERO_REVIEWED_C1_MAPPING	NEUTRAL_MISSING_DIRECT_EVIDENCE	db/022_round3b_context_governance.sql|db/data/round3m/C0_C1_EVIDENCE_RECEIPT.json
prior:preparation.family.filter_percolation:medium_dark:sensory.rose	preparation.family.filter_percolation	medium_dark	sensory.rose	0.000000	0.000000	0.000000	neutral	0			db/data/round3m/C0_C1_EVIDENCE_RECEIPT.json	NEUTRAL_ZERO_REVIEWED_C1_MAPPING	NEUTRAL_MISSING_DIRECT_EVIDENCE	db/022_round3b_context_governance.sql|db/data/round3m/C0_C1_EVIDENCE_RECEIPT.json
prior:preparation.family.filter_percolation:medium_dark:sensory.orange_blossom	preparation.family.filter_percolation	medium_dark	sensory.orange_blossom	0.000000	0.000000	0.000000	neutral	0			db/data/round3m/C0_C1_EVIDENCE_RECEIPT.json	NEUTRAL_ZERO_REVIEWED_C1_MAPPING	NEUTRAL_MISSING_DIRECT_EVIDENCE	db/022_round3b_context_governance.sql|db/data/round3m/C0_C1_EVIDENCE_RECEIPT.json
prior:preparation.family.filter_percolation:medium_dark:sensory.lemon	preparation.family.filter_percolation	medium_dark	sensory.lemon	0.000000	0.000000	0.000000	neutral	0			db/data/round3m/C0_C1_EVIDENCE_RECEIPT.json	NEUTRAL_ZERO_REVIEWED_C1_MAPPING	NEUTRAL_MISSING_DIRECT_EVIDENCE	db/022_round3b_context_governance.sql|db/data/round3m/C0_C1_EVIDENCE_RECEIPT.json
prior:preparation.family.filter_percolation:medium_dark:sensory.orange	preparation.family.filter_percolation	medium_dark	sensory.orange	0.000000	0.000000	0.000000	neutral	0			db/data/round3m/C0_C1_EVIDENCE_RECEIPT.json	NEUTRAL_ZERO_REVIEWED_C1_MAPPING	NEUTRAL_MISSING_DIRECT_EVIDENCE	db/022_round3b_context_governance.sql|db/data/round3m/C0_C1_EVIDENCE_RECEIPT.json
prior:preparation.family.filter_percolation:medium_dark:sensory.blueberry	preparation.family.filter_percolation	medium_dark	sensory.blueberry	0.000000	0.000000	0.000000	neutral	0			db/data/round3m/C0_C1_EVIDENCE_RECEIPT.json	NEUTRAL_ZERO_REVIEWED_C1_MAPPING	NEUTRAL_MISSING_DIRECT_EVIDENCE	db/022_round3b_context_governance.sql|db/data/round3m/C0_C1_EVIDENCE_RECEIPT.json
prior:preparation.family.filter_percolation:medium_dark:sensory.honey	preparation.family.filter_percolation	medium_dark	sensory.honey	-0.050000	0.000000	-0.050000	weak	2	family.vezzulli-trainedpanel-2022	db/data/round3h/batch1/vezzulli_2022_table2_sensory_medians.tsv	db/data/round3m/C0_C1_EVIDENCE_RECEIPT.json	NEUTRAL_ZERO_REVIEWED_C1_MAPPING	WEAK_SOURCE_LOCAL_WITHIN_STUDY_DIFFERENCE	db/022_round3b_context_governance.sql|db/data/round3m/C0_C1_EVIDENCE_RECEIPT.json|db/data/round3h/batch1/vezzulli_2022_table2_sensory_medians.tsv
prior:preparation.family.filter_percolation:medium_dark:sensory.caramel	preparation.family.filter_percolation	medium_dark	sensory.caramel	-0.065000	0.000000	-0.065000	weak	2	family.vezzulli-trainedpanel-2022	db/data/round3h/batch1/vezzulli_2022_table2_sensory_medians.tsv	db/data/round3m/C0_C1_EVIDENCE_RECEIPT.json	NEUTRAL_ZERO_REVIEWED_C1_MAPPING	WEAK_SOURCE_LOCAL_WITHIN_STUDY_DIFFERENCE	db/022_round3b_context_governance.sql|db/data/round3m/C0_C1_EVIDENCE_RECEIPT.json|db/data/round3h/batch1/vezzulli_2022_table2_sensory_medians.tsv
prior:preparation.family.filter_percolation:medium_dark:sensory.brown_sugar	preparation.family.filter_percolation	medium_dark	sensory.brown_sugar	0.000000	0.000000	0.000000	neutral	0			db/data/round3m/C0_C1_EVIDENCE_RECEIPT.json	NEUTRAL_ZERO_REVIEWED_C1_MAPPING	NEUTRAL_MISSING_DIRECT_EVIDENCE	db/022_round3b_context_governance.sql|db/data/round3m/C0_C1_EVIDENCE_RECEIPT.json
prior:preparation.family.filter_percolation:medium_dark:sensory.almond	preparation.family.filter_percolation	medium_dark	sensory.almond	0.000000	0.000000	0.000000	neutral	0			db/data/round3m/C0_C1_EVIDENCE_RECEIPT.json	NEUTRAL_ZERO_REVIEWED_C1_MAPPING	NEUTRAL_MISSING_DIRECT_EVIDENCE	db/022_round3b_context_governance.sql|db/data/round3m/C0_C1_EVIDENCE_RECEIPT.json
prior:preparation.family.filter_percolation:medium_dark:sensory.hazelnut	preparation.family.filter_percolation	medium_dark	sensory.hazelnut	0.000000	0.000000	0.000000	neutral	0			db/data/round3m/C0_C1_EVIDENCE_RECEIPT.json	NEUTRAL_ZERO_REVIEWED_C1_MAPPING	NEUTRAL_MISSING_DIRECT_EVIDENCE	db/022_round3b_context_governance.sql|db/data/round3m/C0_C1_EVIDENCE_RECEIPT.json
prior:preparation.family.filter_percolation:medium_dark:sensory.dark_chocolate	preparation.family.filter_percolation	medium_dark	sensory.dark_chocolate	0.000000	0.000000	0.000000	neutral	0			db/data/round3m/C0_C1_EVIDENCE_RECEIPT.json	NEUTRAL_ZERO_REVIEWED_C1_MAPPING	NEUTRAL_MISSING_DIRECT_EVIDENCE	db/022_round3b_context_governance.sql|db/data/round3m/C0_C1_EVIDENCE_RECEIPT.json
prior:preparation.family.filter_percolation:medium_dark:sensory.cinnamon	preparation.family.filter_percolation	medium_dark	sensory.cinnamon	0.000000	0.000000	0.000000	neutral	0			db/data/round3m/C0_C1_EVIDENCE_RECEIPT.json	NEUTRAL_ZERO_REVIEWED_C1_MAPPING	NEUTRAL_MISSING_DIRECT_EVIDENCE	db/022_round3b_context_governance.sql|db/data/round3m/C0_C1_EVIDENCE_RECEIPT.json
prior:preparation.family.filter_percolation:medium_dark:sensory.tobacco	preparation.family.filter_percolation	medium_dark	sensory.tobacco	0.000000	0.000000	0.000000	neutral	0			db/data/round3m/C0_C1_EVIDENCE_RECEIPT.json	NEUTRAL_ZERO_REVIEWED_C1_MAPPING	NEUTRAL_MISSING_DIRECT_EVIDENCE	db/022_round3b_context_governance.sql|db/data/round3m/C0_C1_EVIDENCE_RECEIPT.json
prior:preparation.family.filter_percolation:medium_dark:sensory.smoky	preparation.family.filter_percolation	medium_dark	sensory.smoky	0.000000	0.000000	0.000000	neutral	0			db/data/round3m/C0_C1_EVIDENCE_RECEIPT.json	NEUTRAL_ZERO_REVIEWED_C1_MAPPING	NEUTRAL_MISSING_DIRECT_EVIDENCE	db/022_round3b_context_governance.sql|db/data/round3m/C0_C1_EVIDENCE_RECEIPT.json
prior:preparation.family.filter_percolation:medium_dark:sensory.green_tea	preparation.family.filter_percolation	medium_dark	sensory.green_tea	0.000000	0.000000	0.000000	neutral	0			db/data/round3m/C0_C1_EVIDENCE_RECEIPT.json	NEUTRAL_ZERO_REVIEWED_C1_MAPPING	NEUTRAL_MISSING_DIRECT_EVIDENCE	db/022_round3b_context_governance.sql|db/data/round3m/C0_C1_EVIDENCE_RECEIPT.json
prior:preparation.family.filter_percolation:medium_dark:sensory.cedar	preparation.family.filter_percolation	medium_dark	sensory.cedar	0.000000	0.000000	0.000000	neutral	0			db/data/round3m/C0_C1_EVIDENCE_RECEIPT.json	NEUTRAL_ZERO_REVIEWED_C1_MAPPING	NEUTRAL_MISSING_DIRECT_EVIDENCE	db/022_round3b_context_governance.sql|db/data/round3m/C0_C1_EVIDENCE_RECEIPT.json
prior:preparation.family.filter_percolation:medium_dark:sensory.earthy	preparation.family.filter_percolation	medium_dark	sensory.earthy	0.000000	0.000000	0.000000	neutral	0			db/data/round3m/C0_C1_EVIDENCE_RECEIPT.json	NEUTRAL_ZERO_REVIEWED_C1_MAPPING	NEUTRAL_MISSING_DIRECT_EVIDENCE	db/022_round3b_context_governance.sql|db/data/round3m/C0_C1_EVIDENCE_RECEIPT.json
prior:preparation.family.filter_percolation:medium_dark:sensory.fermented_character	preparation.family.filter_percolation	medium_dark	sensory.fermented_character	0.000000	0.000000	0.000000	neutral	0			db/data/round3m/C0_C1_EVIDENCE_RECEIPT.json	NEUTRAL_ZERO_REVIEWED_C1_MAPPING	NEUTRAL_MISSING_DIRECT_EVIDENCE	db/022_round3b_context_governance.sql|db/data/round3m/C0_C1_EVIDENCE_RECEIPT.json
prior:preparation.family.filter_percolation:medium_dark:sensory.wine_like_character	preparation.family.filter_percolation	medium_dark	sensory.wine_like_character	0.000000	0.000000	0.000000	neutral	0			db/data/round3m/C0_C1_EVIDENCE_RECEIPT.json	NEUTRAL_ZERO_REVIEWED_C1_MAPPING	NEUTRAL_MISSING_DIRECT_EVIDENCE	db/022_round3b_context_governance.sql|db/data/round3m/C0_C1_EVIDENCE_RECEIPT.json
prior:preparation.family.filter_percolation:dark:sensory.jasmine	preparation.family.filter_percolation	dark	sensory.jasmine	0.000000	0.000000	0.000000	neutral	0			db/data/round3m/C0_C1_EVIDENCE_RECEIPT.json	NEUTRAL_ZERO_REVIEWED_C1_MAPPING	NEUTRAL_MISSING_DIRECT_EVIDENCE	db/022_round3b_context_governance.sql|db/data/round3m/C0_C1_EVIDENCE_RECEIPT.json
prior:preparation.family.filter_percolation:dark:sensory.rose	preparation.family.filter_percolation	dark	sensory.rose	0.000000	0.000000	0.000000	neutral	0			db/data/round3m/C0_C1_EVIDENCE_RECEIPT.json	NEUTRAL_ZERO_REVIEWED_C1_MAPPING	NEUTRAL_MISSING_DIRECT_EVIDENCE	db/022_round3b_context_governance.sql|db/data/round3m/C0_C1_EVIDENCE_RECEIPT.json
prior:preparation.family.filter_percolation:dark:sensory.orange_blossom	preparation.family.filter_percolation	dark	sensory.orange_blossom	0.000000	0.000000	0.000000	neutral	0			db/data/round3m/C0_C1_EVIDENCE_RECEIPT.json	NEUTRAL_ZERO_REVIEWED_C1_MAPPING	NEUTRAL_MISSING_DIRECT_EVIDENCE	db/022_round3b_context_governance.sql|db/data/round3m/C0_C1_EVIDENCE_RECEIPT.json
prior:preparation.family.filter_percolation:dark:sensory.lemon	preparation.family.filter_percolation	dark	sensory.lemon	0.000000	0.000000	0.000000	neutral	0			db/data/round3m/C0_C1_EVIDENCE_RECEIPT.json	NEUTRAL_ZERO_REVIEWED_C1_MAPPING	NEUTRAL_MISSING_DIRECT_EVIDENCE	db/022_round3b_context_governance.sql|db/data/round3m/C0_C1_EVIDENCE_RECEIPT.json
prior:preparation.family.filter_percolation:dark:sensory.orange	preparation.family.filter_percolation	dark	sensory.orange	0.000000	0.000000	0.000000	neutral	0			db/data/round3m/C0_C1_EVIDENCE_RECEIPT.json	NEUTRAL_ZERO_REVIEWED_C1_MAPPING	NEUTRAL_MISSING_DIRECT_EVIDENCE	db/022_round3b_context_governance.sql|db/data/round3m/C0_C1_EVIDENCE_RECEIPT.json
prior:preparation.family.filter_percolation:dark:sensory.blueberry	preparation.family.filter_percolation	dark	sensory.blueberry	0.000000	0.000000	0.000000	neutral	0			db/data/round3m/C0_C1_EVIDENCE_RECEIPT.json	NEUTRAL_ZERO_REVIEWED_C1_MAPPING	NEUTRAL_MISSING_DIRECT_EVIDENCE	db/022_round3b_context_governance.sql|db/data/round3m/C0_C1_EVIDENCE_RECEIPT.json
prior:preparation.family.filter_percolation:dark:sensory.honey	preparation.family.filter_percolation	dark	sensory.honey	-0.050000	0.000000	-0.050000	weak	2	family.vezzulli-trainedpanel-2022	db/data/round3h/batch1/vezzulli_2022_table2_sensory_medians.tsv	db/data/round3m/C0_C1_EVIDENCE_RECEIPT.json	NEUTRAL_ZERO_REVIEWED_C1_MAPPING	WEAK_SOURCE_LOCAL_WITHIN_STUDY_DIFFERENCE	db/022_round3b_context_governance.sql|db/data/round3m/C0_C1_EVIDENCE_RECEIPT.json|db/data/round3h/batch1/vezzulli_2022_table2_sensory_medians.tsv
prior:preparation.family.filter_percolation:dark:sensory.caramel	preparation.family.filter_percolation	dark	sensory.caramel	-0.065000	0.000000	-0.065000	weak	2	family.vezzulli-trainedpanel-2022	db/data/round3h/batch1/vezzulli_2022_table2_sensory_medians.tsv	db/data/round3m/C0_C1_EVIDENCE_RECEIPT.json	NEUTRAL_ZERO_REVIEWED_C1_MAPPING	WEAK_SOURCE_LOCAL_WITHIN_STUDY_DIFFERENCE	db/022_round3b_context_governance.sql|db/data/round3m/C0_C1_EVIDENCE_RECEIPT.json|db/data/round3h/batch1/vezzulli_2022_table2_sensory_medians.tsv
prior:preparation.family.filter_percolation:dark:sensory.brown_sugar	preparation.family.filter_percolation	dark	sensory.brown_sugar	0.000000	0.000000	0.000000	neutral	0			db/data/round3m/C0_C1_EVIDENCE_RECEIPT.json	NEUTRAL_ZERO_REVIEWED_C1_MAPPING	NEUTRAL_MISSING_DIRECT_EVIDENCE	db/022_round3b_context_governance.sql|db/data/round3m/C0_C1_EVIDENCE_RECEIPT.json
prior:preparation.family.filter_percolation:dark:sensory.almond	preparation.family.filter_percolation	dark	sensory.almond	0.000000	0.000000	0.000000	neutral	0			db/data/round3m/C0_C1_EVIDENCE_RECEIPT.json	NEUTRAL_ZERO_REVIEWED_C1_MAPPING	NEUTRAL_MISSING_DIRECT_EVIDENCE	db/022_round3b_context_governance.sql|db/data/round3m/C0_C1_EVIDENCE_RECEIPT.json
prior:preparation.family.filter_percolation:dark:sensory.hazelnut	preparation.family.filter_percolation	dark	sensory.hazelnut	0.000000	0.000000	0.000000	neutral	0			db/data/round3m/C0_C1_EVIDENCE_RECEIPT.json	NEUTRAL_ZERO_REVIEWED_C1_MAPPING	NEUTRAL_MISSING_DIRECT_EVIDENCE	db/022_round3b_context_governance.sql|db/data/round3m/C0_C1_EVIDENCE_RECEIPT.json
prior:preparation.family.filter_percolation:dark:sensory.dark_chocolate	preparation.family.filter_percolation	dark	sensory.dark_chocolate	0.000000	0.000000	0.000000	neutral	0			db/data/round3m/C0_C1_EVIDENCE_RECEIPT.json	NEUTRAL_ZERO_REVIEWED_C1_MAPPING	NEUTRAL_MISSING_DIRECT_EVIDENCE	db/022_round3b_context_governance.sql|db/data/round3m/C0_C1_EVIDENCE_RECEIPT.json
prior:preparation.family.filter_percolation:dark:sensory.cinnamon	preparation.family.filter_percolation	dark	sensory.cinnamon	0.000000	0.000000	0.000000	neutral	0			db/data/round3m/C0_C1_EVIDENCE_RECEIPT.json	NEUTRAL_ZERO_REVIEWED_C1_MAPPING	NEUTRAL_MISSING_DIRECT_EVIDENCE	db/022_round3b_context_governance.sql|db/data/round3m/C0_C1_EVIDENCE_RECEIPT.json
prior:preparation.family.filter_percolation:dark:sensory.tobacco	preparation.family.filter_percolation	dark	sensory.tobacco	0.000000	0.000000	0.000000	neutral	0			db/data/round3m/C0_C1_EVIDENCE_RECEIPT.json	NEUTRAL_ZERO_REVIEWED_C1_MAPPING	NEUTRAL_MISSING_DIRECT_EVIDENCE	db/022_round3b_context_governance.sql|db/data/round3m/C0_C1_EVIDENCE_RECEIPT.json
prior:preparation.family.filter_percolation:dark:sensory.smoky	preparation.family.filter_percolation	dark	sensory.smoky	0.000000	0.000000	0.000000	neutral	0			db/data/round3m/C0_C1_EVIDENCE_RECEIPT.json	NEUTRAL_ZERO_REVIEWED_C1_MAPPING	NEUTRAL_MISSING_DIRECT_EVIDENCE	db/022_round3b_context_governance.sql|db/data/round3m/C0_C1_EVIDENCE_RECEIPT.json
prior:preparation.family.filter_percolation:dark:sensory.green_tea	preparation.family.filter_percolation	dark	sensory.green_tea	0.000000	0.000000	0.000000	neutral	0			db/data/round3m/C0_C1_EVIDENCE_RECEIPT.json	NEUTRAL_ZERO_REVIEWED_C1_MAPPING	NEUTRAL_MISSING_DIRECT_EVIDENCE	db/022_round3b_context_governance.sql|db/data/round3m/C0_C1_EVIDENCE_RECEIPT.json
prior:preparation.family.filter_percolation:dark:sensory.cedar	preparation.family.filter_percolation	dark	sensory.cedar	0.000000	0.000000	0.000000	neutral	0			db/data/round3m/C0_C1_EVIDENCE_RECEIPT.json	NEUTRAL_ZERO_REVIEWED_C1_MAPPING	NEUTRAL_MISSING_DIRECT_EVIDENCE	db/022_round3b_context_governance.sql|db/data/round3m/C0_C1_EVIDENCE_RECEIPT.json
prior:preparation.family.filter_percolation:dark:sensory.earthy	preparation.family.filter_percolation	dark	sensory.earthy	0.000000	0.000000	0.000000	neutral	0			db/data/round3m/C0_C1_EVIDENCE_RECEIPT.json	NEUTRAL_ZERO_REVIEWED_C1_MAPPING	NEUTRAL_MISSING_DIRECT_EVIDENCE	db/022_round3b_context_governance.sql|db/data/round3m/C0_C1_EVIDENCE_RECEIPT.json
prior:preparation.family.filter_percolation:dark:sensory.fermented_character	preparation.family.filter_percolation	dark	sensory.fermented_character	0.000000	0.000000	0.000000	neutral	0			db/data/round3m/C0_C1_EVIDENCE_RECEIPT.json	NEUTRAL_ZERO_REVIEWED_C1_MAPPING	NEUTRAL_MISSING_DIRECT_EVIDENCE	db/022_round3b_context_governance.sql|db/data/round3m/C0_C1_EVIDENCE_RECEIPT.json
prior:preparation.family.filter_percolation:dark:sensory.wine_like_character	preparation.family.filter_percolation	dark	sensory.wine_like_character	0.000000	0.000000	0.000000	neutral	0			db/data/round3m/C0_C1_EVIDENCE_RECEIPT.json	NEUTRAL_ZERO_REVIEWED_C1_MAPPING	NEUTRAL_MISSING_DIRECT_EVIDENCE	db/022_round3b_context_governance.sql|db/data/round3m/C0_C1_EVIDENCE_RECEIPT.json
prior:preparation.family.filter_percolation:extremely_dark:sensory.jasmine	preparation.family.filter_percolation	extremely_dark	sensory.jasmine	0.000000	0.000000	0.000000	neutral	0			db/data/round3m/C0_C1_EVIDENCE_RECEIPT.json	NEUTRAL_ZERO_REVIEWED_C1_MAPPING	NEUTRAL_MISSING_DIRECT_EVIDENCE	db/022_round3b_context_governance.sql|db/data/round3m/C0_C1_EVIDENCE_RECEIPT.json
prior:preparation.family.filter_percolation:extremely_dark:sensory.rose	preparation.family.filter_percolation	extremely_dark	sensory.rose	0.000000	0.000000	0.000000	neutral	0			db/data/round3m/C0_C1_EVIDENCE_RECEIPT.json	NEUTRAL_ZERO_REVIEWED_C1_MAPPING	NEUTRAL_MISSING_DIRECT_EVIDENCE	db/022_round3b_context_governance.sql|db/data/round3m/C0_C1_EVIDENCE_RECEIPT.json
prior:preparation.family.filter_percolation:extremely_dark:sensory.orange_blossom	preparation.family.filter_percolation	extremely_dark	sensory.orange_blossom	0.000000	0.000000	0.000000	neutral	0			db/data/round3m/C0_C1_EVIDENCE_RECEIPT.json	NEUTRAL_ZERO_REVIEWED_C1_MAPPING	NEUTRAL_MISSING_DIRECT_EVIDENCE	db/022_round3b_context_governance.sql|db/data/round3m/C0_C1_EVIDENCE_RECEIPT.json
prior:preparation.family.filter_percolation:extremely_dark:sensory.lemon	preparation.family.filter_percolation	extremely_dark	sensory.lemon	0.000000	0.000000	0.000000	neutral	0			db/data/round3m/C0_C1_EVIDENCE_RECEIPT.json	NEUTRAL_ZERO_REVIEWED_C1_MAPPING	NEUTRAL_MISSING_DIRECT_EVIDENCE	db/022_round3b_context_governance.sql|db/data/round3m/C0_C1_EVIDENCE_RECEIPT.json
prior:preparation.family.filter_percolation:extremely_dark:sensory.orange	preparation.family.filter_percolation	extremely_dark	sensory.orange	0.000000	0.000000	0.000000	neutral	0			db/data/round3m/C0_C1_EVIDENCE_RECEIPT.json	NEUTRAL_ZERO_REVIEWED_C1_MAPPING	NEUTRAL_MISSING_DIRECT_EVIDENCE	db/022_round3b_context_governance.sql|db/data/round3m/C0_C1_EVIDENCE_RECEIPT.json
prior:preparation.family.filter_percolation:extremely_dark:sensory.blueberry	preparation.family.filter_percolation	extremely_dark	sensory.blueberry	0.000000	0.000000	0.000000	neutral	0			db/data/round3m/C0_C1_EVIDENCE_RECEIPT.json	NEUTRAL_ZERO_REVIEWED_C1_MAPPING	NEUTRAL_MISSING_DIRECT_EVIDENCE	db/022_round3b_context_governance.sql|db/data/round3m/C0_C1_EVIDENCE_RECEIPT.json
prior:preparation.family.filter_percolation:extremely_dark:sensory.honey	preparation.family.filter_percolation	extremely_dark	sensory.honey	-0.050000	0.000000	-0.050000	weak	2	family.vezzulli-trainedpanel-2022	db/data/round3h/batch1/vezzulli_2022_table2_sensory_medians.tsv	db/data/round3m/C0_C1_EVIDENCE_RECEIPT.json	NEUTRAL_ZERO_REVIEWED_C1_MAPPING	WEAK_SOURCE_LOCAL_WITHIN_STUDY_DIFFERENCE	db/022_round3b_context_governance.sql|db/data/round3m/C0_C1_EVIDENCE_RECEIPT.json|db/data/round3h/batch1/vezzulli_2022_table2_sensory_medians.tsv
prior:preparation.family.filter_percolation:extremely_dark:sensory.caramel	preparation.family.filter_percolation	extremely_dark	sensory.caramel	-0.065000	0.000000	-0.065000	weak	2	family.vezzulli-trainedpanel-2022	db/data/round3h/batch1/vezzulli_2022_table2_sensory_medians.tsv	db/data/round3m/C0_C1_EVIDENCE_RECEIPT.json	NEUTRAL_ZERO_REVIEWED_C1_MAPPING	WEAK_SOURCE_LOCAL_WITHIN_STUDY_DIFFERENCE	db/022_round3b_context_governance.sql|db/data/round3m/C0_C1_EVIDENCE_RECEIPT.json|db/data/round3h/batch1/vezzulli_2022_table2_sensory_medians.tsv
prior:preparation.family.filter_percolation:extremely_dark:sensory.brown_sugar	preparation.family.filter_percolation	extremely_dark	sensory.brown_sugar	0.000000	0.000000	0.000000	neutral	0			db/data/round3m/C0_C1_EVIDENCE_RECEIPT.json	NEUTRAL_ZERO_REVIEWED_C1_MAPPING	NEUTRAL_MISSING_DIRECT_EVIDENCE	db/022_round3b_context_governance.sql|db/data/round3m/C0_C1_EVIDENCE_RECEIPT.json
prior:preparation.family.filter_percolation:extremely_dark:sensory.almond	preparation.family.filter_percolation	extremely_dark	sensory.almond	0.000000	0.000000	0.000000	neutral	0			db/data/round3m/C0_C1_EVIDENCE_RECEIPT.json	NEUTRAL_ZERO_REVIEWED_C1_MAPPING	NEUTRAL_MISSING_DIRECT_EVIDENCE	db/022_round3b_context_governance.sql|db/data/round3m/C0_C1_EVIDENCE_RECEIPT.json
prior:preparation.family.filter_percolation:extremely_dark:sensory.hazelnut	preparation.family.filter_percolation	extremely_dark	sensory.hazelnut	0.000000	0.000000	0.000000	neutral	0			db/data/round3m/C0_C1_EVIDENCE_RECEIPT.json	NEUTRAL_ZERO_REVIEWED_C1_MAPPING	NEUTRAL_MISSING_DIRECT_EVIDENCE	db/022_round3b_context_governance.sql|db/data/round3m/C0_C1_EVIDENCE_RECEIPT.json
prior:preparation.family.filter_percolation:extremely_dark:sensory.dark_chocolate	preparation.family.filter_percolation	extremely_dark	sensory.dark_chocolate	0.000000	0.000000	0.000000	neutral	0			db/data/round3m/C0_C1_EVIDENCE_RECEIPT.json	NEUTRAL_ZERO_REVIEWED_C1_MAPPING	NEUTRAL_MISSING_DIRECT_EVIDENCE	db/022_round3b_context_governance.sql|db/data/round3m/C0_C1_EVIDENCE_RECEIPT.json
prior:preparation.family.filter_percolation:extremely_dark:sensory.cinnamon	preparation.family.filter_percolation	extremely_dark	sensory.cinnamon	0.000000	0.000000	0.000000	neutral	0			db/data/round3m/C0_C1_EVIDENCE_RECEIPT.json	NEUTRAL_ZERO_REVIEWED_C1_MAPPING	NEUTRAL_MISSING_DIRECT_EVIDENCE	db/022_round3b_context_governance.sql|db/data/round3m/C0_C1_EVIDENCE_RECEIPT.json
prior:preparation.family.filter_percolation:extremely_dark:sensory.tobacco	preparation.family.filter_percolation	extremely_dark	sensory.tobacco	0.000000	0.000000	0.000000	neutral	0			db/data/round3m/C0_C1_EVIDENCE_RECEIPT.json	NEUTRAL_ZERO_REVIEWED_C1_MAPPING	NEUTRAL_MISSING_DIRECT_EVIDENCE	db/022_round3b_context_governance.sql|db/data/round3m/C0_C1_EVIDENCE_RECEIPT.json
prior:preparation.family.filter_percolation:extremely_dark:sensory.smoky	preparation.family.filter_percolation	extremely_dark	sensory.smoky	0.000000	0.000000	0.000000	neutral	0			db/data/round3m/C0_C1_EVIDENCE_RECEIPT.json	NEUTRAL_ZERO_REVIEWED_C1_MAPPING	NEUTRAL_MISSING_DIRECT_EVIDENCE	db/022_round3b_context_governance.sql|db/data/round3m/C0_C1_EVIDENCE_RECEIPT.json
prior:preparation.family.filter_percolation:extremely_dark:sensory.green_tea	preparation.family.filter_percolation	extremely_dark	sensory.green_tea	0.000000	0.000000	0.000000	neutral	0			db/data/round3m/C0_C1_EVIDENCE_RECEIPT.json	NEUTRAL_ZERO_REVIEWED_C1_MAPPING	NEUTRAL_MISSING_DIRECT_EVIDENCE	db/022_round3b_context_governance.sql|db/data/round3m/C0_C1_EVIDENCE_RECEIPT.json
prior:preparation.family.filter_percolation:extremely_dark:sensory.cedar	preparation.family.filter_percolation	extremely_dark	sensory.cedar	0.000000	0.000000	0.000000	neutral	0			db/data/round3m/C0_C1_EVIDENCE_RECEIPT.json	NEUTRAL_ZERO_REVIEWED_C1_MAPPING	NEUTRAL_MISSING_DIRECT_EVIDENCE	db/022_round3b_context_governance.sql|db/data/round3m/C0_C1_EVIDENCE_RECEIPT.json
prior:preparation.family.filter_percolation:extremely_dark:sensory.earthy	preparation.family.filter_percolation	extremely_dark	sensory.earthy	0.000000	0.000000	0.000000	neutral	0			db/data/round3m/C0_C1_EVIDENCE_RECEIPT.json	NEUTRAL_ZERO_REVIEWED_C1_MAPPING	NEUTRAL_MISSING_DIRECT_EVIDENCE	db/022_round3b_context_governance.sql|db/data/round3m/C0_C1_EVIDENCE_RECEIPT.json
prior:preparation.family.filter_percolation:extremely_dark:sensory.fermented_character	preparation.family.filter_percolation	extremely_dark	sensory.fermented_character	0.000000	0.000000	0.000000	neutral	0			db/data/round3m/C0_C1_EVIDENCE_RECEIPT.json	NEUTRAL_ZERO_REVIEWED_C1_MAPPING	NEUTRAL_MISSING_DIRECT_EVIDENCE	db/022_round3b_context_governance.sql|db/data/round3m/C0_C1_EVIDENCE_RECEIPT.json
prior:preparation.family.filter_percolation:extremely_dark:sensory.wine_like_character	preparation.family.filter_percolation	extremely_dark	sensory.wine_like_character	0.000000	0.000000	0.000000	neutral	0			db/data/round3m/C0_C1_EVIDENCE_RECEIPT.json	NEUTRAL_ZERO_REVIEWED_C1_MAPPING	NEUTRAL_MISSING_DIRECT_EVIDENCE	db/022_round3b_context_governance.sql|db/data/round3m/C0_C1_EVIDENCE_RECEIPT.json
prior:preparation.family.immersion:extremely_light:sensory.jasmine	preparation.family.immersion	extremely_light	sensory.jasmine	0.000000	0.000000	0.000000	neutral	0			db/data/round3m/C0_C1_EVIDENCE_RECEIPT.json	NEUTRAL_ZERO_REVIEWED_C1_MAPPING	NEUTRAL_MISSING_DIRECT_EVIDENCE	db/022_round3b_context_governance.sql|db/data/round3m/C0_C1_EVIDENCE_RECEIPT.json
prior:preparation.family.immersion:extremely_light:sensory.rose	preparation.family.immersion	extremely_light	sensory.rose	0.000000	0.000000	0.000000	neutral	0			db/data/round3m/C0_C1_EVIDENCE_RECEIPT.json	NEUTRAL_ZERO_REVIEWED_C1_MAPPING	NEUTRAL_MISSING_DIRECT_EVIDENCE	db/022_round3b_context_governance.sql|db/data/round3m/C0_C1_EVIDENCE_RECEIPT.json
prior:preparation.family.immersion:extremely_light:sensory.orange_blossom	preparation.family.immersion	extremely_light	sensory.orange_blossom	0.000000	0.000000	0.000000	neutral	0			db/data/round3m/C0_C1_EVIDENCE_RECEIPT.json	NEUTRAL_ZERO_REVIEWED_C1_MAPPING	NEUTRAL_MISSING_DIRECT_EVIDENCE	db/022_round3b_context_governance.sql|db/data/round3m/C0_C1_EVIDENCE_RECEIPT.json
prior:preparation.family.immersion:extremely_light:sensory.lemon	preparation.family.immersion	extremely_light	sensory.lemon	0.000000	0.000000	0.000000	neutral	0			db/data/round3m/C0_C1_EVIDENCE_RECEIPT.json	NEUTRAL_ZERO_REVIEWED_C1_MAPPING	NEUTRAL_MISSING_DIRECT_EVIDENCE	db/022_round3b_context_governance.sql|db/data/round3m/C0_C1_EVIDENCE_RECEIPT.json
prior:preparation.family.immersion:extremely_light:sensory.orange	preparation.family.immersion	extremely_light	sensory.orange	0.000000	0.000000	0.000000	neutral	0			db/data/round3m/C0_C1_EVIDENCE_RECEIPT.json	NEUTRAL_ZERO_REVIEWED_C1_MAPPING	NEUTRAL_MISSING_DIRECT_EVIDENCE	db/022_round3b_context_governance.sql|db/data/round3m/C0_C1_EVIDENCE_RECEIPT.json
prior:preparation.family.immersion:extremely_light:sensory.blueberry	preparation.family.immersion	extremely_light	sensory.blueberry	0.000000	0.000000	0.000000	neutral	0			db/data/round3m/C0_C1_EVIDENCE_RECEIPT.json	NEUTRAL_ZERO_REVIEWED_C1_MAPPING	NEUTRAL_MISSING_DIRECT_EVIDENCE	db/022_round3b_context_governance.sql|db/data/round3m/C0_C1_EVIDENCE_RECEIPT.json
prior:preparation.family.immersion:extremely_light:sensory.honey	preparation.family.immersion	extremely_light	sensory.honey	0.000000	0.000000	0.000000	neutral	0			db/data/round3m/C0_C1_EVIDENCE_RECEIPT.json	NEUTRAL_ZERO_REVIEWED_C1_MAPPING	NEUTRAL_MISSING_DIRECT_EVIDENCE	db/022_round3b_context_governance.sql|db/data/round3m/C0_C1_EVIDENCE_RECEIPT.json
prior:preparation.family.immersion:extremely_light:sensory.caramel	preparation.family.immersion	extremely_light	sensory.caramel	0.000000	0.000000	0.000000	neutral	0			db/data/round3m/C0_C1_EVIDENCE_RECEIPT.json	NEUTRAL_ZERO_REVIEWED_C1_MAPPING	NEUTRAL_MISSING_DIRECT_EVIDENCE	db/022_round3b_context_governance.sql|db/data/round3m/C0_C1_EVIDENCE_RECEIPT.json
prior:preparation.family.immersion:extremely_light:sensory.brown_sugar	preparation.family.immersion	extremely_light	sensory.brown_sugar	0.000000	0.000000	0.000000	neutral	0			db/data/round3m/C0_C1_EVIDENCE_RECEIPT.json	NEUTRAL_ZERO_REVIEWED_C1_MAPPING	NEUTRAL_MISSING_DIRECT_EVIDENCE	db/022_round3b_context_governance.sql|db/data/round3m/C0_C1_EVIDENCE_RECEIPT.json
prior:preparation.family.immersion:extremely_light:sensory.almond	preparation.family.immersion	extremely_light	sensory.almond	0.000000	0.000000	0.000000	neutral	0			db/data/round3m/C0_C1_EVIDENCE_RECEIPT.json	NEUTRAL_ZERO_REVIEWED_C1_MAPPING	NEUTRAL_MISSING_DIRECT_EVIDENCE	db/022_round3b_context_governance.sql|db/data/round3m/C0_C1_EVIDENCE_RECEIPT.json
prior:preparation.family.immersion:extremely_light:sensory.hazelnut	preparation.family.immersion	extremely_light	sensory.hazelnut	0.000000	0.000000	0.000000	neutral	0			db/data/round3m/C0_C1_EVIDENCE_RECEIPT.json	NEUTRAL_ZERO_REVIEWED_C1_MAPPING	NEUTRAL_MISSING_DIRECT_EVIDENCE	db/022_round3b_context_governance.sql|db/data/round3m/C0_C1_EVIDENCE_RECEIPT.json
prior:preparation.family.immersion:extremely_light:sensory.dark_chocolate	preparation.family.immersion	extremely_light	sensory.dark_chocolate	0.000000	0.000000	0.000000	neutral	0			db/data/round3m/C0_C1_EVIDENCE_RECEIPT.json	NEUTRAL_ZERO_REVIEWED_C1_MAPPING	NEUTRAL_MISSING_DIRECT_EVIDENCE	db/022_round3b_context_governance.sql|db/data/round3m/C0_C1_EVIDENCE_RECEIPT.json
prior:preparation.family.immersion:extremely_light:sensory.cinnamon	preparation.family.immersion	extremely_light	sensory.cinnamon	0.000000	0.000000	0.000000	neutral	0			db/data/round3m/C0_C1_EVIDENCE_RECEIPT.json	NEUTRAL_ZERO_REVIEWED_C1_MAPPING	NEUTRAL_MISSING_DIRECT_EVIDENCE	db/022_round3b_context_governance.sql|db/data/round3m/C0_C1_EVIDENCE_RECEIPT.json
prior:preparation.family.immersion:extremely_light:sensory.tobacco	preparation.family.immersion	extremely_light	sensory.tobacco	0.000000	0.000000	0.000000	neutral	0			db/data/round3m/C0_C1_EVIDENCE_RECEIPT.json	NEUTRAL_ZERO_REVIEWED_C1_MAPPING	NEUTRAL_MISSING_DIRECT_EVIDENCE	db/022_round3b_context_governance.sql|db/data/round3m/C0_C1_EVIDENCE_RECEIPT.json
prior:preparation.family.immersion:extremely_light:sensory.smoky	preparation.family.immersion	extremely_light	sensory.smoky	0.000000	0.000000	0.000000	neutral	0			db/data/round3m/C0_C1_EVIDENCE_RECEIPT.json	NEUTRAL_ZERO_REVIEWED_C1_MAPPING	NEUTRAL_MISSING_DIRECT_EVIDENCE	db/022_round3b_context_governance.sql|db/data/round3m/C0_C1_EVIDENCE_RECEIPT.json
prior:preparation.family.immersion:extremely_light:sensory.green_tea	preparation.family.immersion	extremely_light	sensory.green_tea	0.000000	0.000000	0.000000	neutral	0			db/data/round3m/C0_C1_EVIDENCE_RECEIPT.json	NEUTRAL_ZERO_REVIEWED_C1_MAPPING	NEUTRAL_MISSING_DIRECT_EVIDENCE	db/022_round3b_context_governance.sql|db/data/round3m/C0_C1_EVIDENCE_RECEIPT.json
prior:preparation.family.immersion:extremely_light:sensory.cedar	preparation.family.immersion	extremely_light	sensory.cedar	0.000000	0.000000	0.000000	neutral	0			db/data/round3m/C0_C1_EVIDENCE_RECEIPT.json	NEUTRAL_ZERO_REVIEWED_C1_MAPPING	NEUTRAL_MISSING_DIRECT_EVIDENCE	db/022_round3b_context_governance.sql|db/data/round3m/C0_C1_EVIDENCE_RECEIPT.json
prior:preparation.family.immersion:extremely_light:sensory.earthy	preparation.family.immersion	extremely_light	sensory.earthy	0.000000	0.000000	0.000000	neutral	0			db/data/round3m/C0_C1_EVIDENCE_RECEIPT.json	NEUTRAL_ZERO_REVIEWED_C1_MAPPING	NEUTRAL_MISSING_DIRECT_EVIDENCE	db/022_round3b_context_governance.sql|db/data/round3m/C0_C1_EVIDENCE_RECEIPT.json
prior:preparation.family.immersion:extremely_light:sensory.fermented_character	preparation.family.immersion	extremely_light	sensory.fermented_character	0.000000	0.000000	0.000000	neutral	0			db/data/round3m/C0_C1_EVIDENCE_RECEIPT.json	NEUTRAL_ZERO_REVIEWED_C1_MAPPING	NEUTRAL_MISSING_DIRECT_EVIDENCE	db/022_round3b_context_governance.sql|db/data/round3m/C0_C1_EVIDENCE_RECEIPT.json
prior:preparation.family.immersion:extremely_light:sensory.wine_like_character	preparation.family.immersion	extremely_light	sensory.wine_like_character	0.000000	0.000000	0.000000	neutral	0			db/data/round3m/C0_C1_EVIDENCE_RECEIPT.json	NEUTRAL_ZERO_REVIEWED_C1_MAPPING	NEUTRAL_MISSING_DIRECT_EVIDENCE	db/022_round3b_context_governance.sql|db/data/round3m/C0_C1_EVIDENCE_RECEIPT.json
prior:preparation.family.immersion:light:sensory.jasmine	preparation.family.immersion	light	sensory.jasmine	0.000000	0.000000	0.000000	neutral	0			db/data/round3m/C0_C1_EVIDENCE_RECEIPT.json	NEUTRAL_ZERO_REVIEWED_C1_MAPPING	NEUTRAL_MISSING_DIRECT_EVIDENCE	db/022_round3b_context_governance.sql|db/data/round3m/C0_C1_EVIDENCE_RECEIPT.json
prior:preparation.family.immersion:light:sensory.rose	preparation.family.immersion	light	sensory.rose	0.000000	0.000000	0.000000	neutral	0			db/data/round3m/C0_C1_EVIDENCE_RECEIPT.json	NEUTRAL_ZERO_REVIEWED_C1_MAPPING	NEUTRAL_MISSING_DIRECT_EVIDENCE	db/022_round3b_context_governance.sql|db/data/round3m/C0_C1_EVIDENCE_RECEIPT.json
prior:preparation.family.immersion:light:sensory.orange_blossom	preparation.family.immersion	light	sensory.orange_blossom	0.000000	0.000000	0.000000	neutral	0			db/data/round3m/C0_C1_EVIDENCE_RECEIPT.json	NEUTRAL_ZERO_REVIEWED_C1_MAPPING	NEUTRAL_MISSING_DIRECT_EVIDENCE	db/022_round3b_context_governance.sql|db/data/round3m/C0_C1_EVIDENCE_RECEIPT.json
prior:preparation.family.immersion:light:sensory.lemon	preparation.family.immersion	light	sensory.lemon	0.000000	0.000000	0.000000	neutral	0			db/data/round3m/C0_C1_EVIDENCE_RECEIPT.json	NEUTRAL_ZERO_REVIEWED_C1_MAPPING	NEUTRAL_MISSING_DIRECT_EVIDENCE	db/022_round3b_context_governance.sql|db/data/round3m/C0_C1_EVIDENCE_RECEIPT.json
prior:preparation.family.immersion:light:sensory.orange	preparation.family.immersion	light	sensory.orange	0.000000	0.000000	0.000000	neutral	0			db/data/round3m/C0_C1_EVIDENCE_RECEIPT.json	NEUTRAL_ZERO_REVIEWED_C1_MAPPING	NEUTRAL_MISSING_DIRECT_EVIDENCE	db/022_round3b_context_governance.sql|db/data/round3m/C0_C1_EVIDENCE_RECEIPT.json
prior:preparation.family.immersion:light:sensory.blueberry	preparation.family.immersion	light	sensory.blueberry	0.000000	0.000000	0.000000	neutral	0			db/data/round3m/C0_C1_EVIDENCE_RECEIPT.json	NEUTRAL_ZERO_REVIEWED_C1_MAPPING	NEUTRAL_MISSING_DIRECT_EVIDENCE	db/022_round3b_context_governance.sql|db/data/round3m/C0_C1_EVIDENCE_RECEIPT.json
prior:preparation.family.immersion:light:sensory.honey	preparation.family.immersion	light	sensory.honey	0.000000	0.000000	0.000000	neutral	0			db/data/round3m/C0_C1_EVIDENCE_RECEIPT.json	NEUTRAL_ZERO_REVIEWED_C1_MAPPING	NEUTRAL_MISSING_DIRECT_EVIDENCE	db/022_round3b_context_governance.sql|db/data/round3m/C0_C1_EVIDENCE_RECEIPT.json
prior:preparation.family.immersion:light:sensory.caramel	preparation.family.immersion	light	sensory.caramel	0.000000	0.000000	0.000000	neutral	0			db/data/round3m/C0_C1_EVIDENCE_RECEIPT.json	NEUTRAL_ZERO_REVIEWED_C1_MAPPING	NEUTRAL_MISSING_DIRECT_EVIDENCE	db/022_round3b_context_governance.sql|db/data/round3m/C0_C1_EVIDENCE_RECEIPT.json
prior:preparation.family.immersion:light:sensory.brown_sugar	preparation.family.immersion	light	sensory.brown_sugar	0.000000	0.000000	0.000000	neutral	0			db/data/round3m/C0_C1_EVIDENCE_RECEIPT.json	NEUTRAL_ZERO_REVIEWED_C1_MAPPING	NEUTRAL_MISSING_DIRECT_EVIDENCE	db/022_round3b_context_governance.sql|db/data/round3m/C0_C1_EVIDENCE_RECEIPT.json
prior:preparation.family.immersion:light:sensory.almond	preparation.family.immersion	light	sensory.almond	0.000000	0.000000	0.000000	neutral	0			db/data/round3m/C0_C1_EVIDENCE_RECEIPT.json	NEUTRAL_ZERO_REVIEWED_C1_MAPPING	NEUTRAL_MISSING_DIRECT_EVIDENCE	db/022_round3b_context_governance.sql|db/data/round3m/C0_C1_EVIDENCE_RECEIPT.json
prior:preparation.family.immersion:light:sensory.hazelnut	preparation.family.immersion	light	sensory.hazelnut	0.000000	0.000000	0.000000	neutral	0			db/data/round3m/C0_C1_EVIDENCE_RECEIPT.json	NEUTRAL_ZERO_REVIEWED_C1_MAPPING	NEUTRAL_MISSING_DIRECT_EVIDENCE	db/022_round3b_context_governance.sql|db/data/round3m/C0_C1_EVIDENCE_RECEIPT.json
prior:preparation.family.immersion:light:sensory.dark_chocolate	preparation.family.immersion	light	sensory.dark_chocolate	0.000000	0.000000	0.000000	neutral	0			db/data/round3m/C0_C1_EVIDENCE_RECEIPT.json	NEUTRAL_ZERO_REVIEWED_C1_MAPPING	NEUTRAL_MISSING_DIRECT_EVIDENCE	db/022_round3b_context_governance.sql|db/data/round3m/C0_C1_EVIDENCE_RECEIPT.json
prior:preparation.family.immersion:light:sensory.cinnamon	preparation.family.immersion	light	sensory.cinnamon	0.000000	0.000000	0.000000	neutral	0			db/data/round3m/C0_C1_EVIDENCE_RECEIPT.json	NEUTRAL_ZERO_REVIEWED_C1_MAPPING	NEUTRAL_MISSING_DIRECT_EVIDENCE	db/022_round3b_context_governance.sql|db/data/round3m/C0_C1_EVIDENCE_RECEIPT.json
prior:preparation.family.immersion:light:sensory.tobacco	preparation.family.immersion	light	sensory.tobacco	0.000000	0.000000	0.000000	neutral	0			db/data/round3m/C0_C1_EVIDENCE_RECEIPT.json	NEUTRAL_ZERO_REVIEWED_C1_MAPPING	NEUTRAL_MISSING_DIRECT_EVIDENCE	db/022_round3b_context_governance.sql|db/data/round3m/C0_C1_EVIDENCE_RECEIPT.json
prior:preparation.family.immersion:light:sensory.smoky	preparation.family.immersion	light	sensory.smoky	0.000000	0.000000	0.000000	neutral	0			db/data/round3m/C0_C1_EVIDENCE_RECEIPT.json	NEUTRAL_ZERO_REVIEWED_C1_MAPPING	NEUTRAL_MISSING_DIRECT_EVIDENCE	db/022_round3b_context_governance.sql|db/data/round3m/C0_C1_EVIDENCE_RECEIPT.json
prior:preparation.family.immersion:light:sensory.green_tea	preparation.family.immersion	light	sensory.green_tea	0.000000	0.000000	0.000000	neutral	0			db/data/round3m/C0_C1_EVIDENCE_RECEIPT.json	NEUTRAL_ZERO_REVIEWED_C1_MAPPING	NEUTRAL_MISSING_DIRECT_EVIDENCE	db/022_round3b_context_governance.sql|db/data/round3m/C0_C1_EVIDENCE_RECEIPT.json
prior:preparation.family.immersion:light:sensory.cedar	preparation.family.immersion	light	sensory.cedar	0.000000	0.000000	0.000000	neutral	0			db/data/round3m/C0_C1_EVIDENCE_RECEIPT.json	NEUTRAL_ZERO_REVIEWED_C1_MAPPING	NEUTRAL_MISSING_DIRECT_EVIDENCE	db/022_round3b_context_governance.sql|db/data/round3m/C0_C1_EVIDENCE_RECEIPT.json
prior:preparation.family.immersion:light:sensory.earthy	preparation.family.immersion	light	sensory.earthy	0.000000	0.000000	0.000000	neutral	0			db/data/round3m/C0_C1_EVIDENCE_RECEIPT.json	NEUTRAL_ZERO_REVIEWED_C1_MAPPING	NEUTRAL_MISSING_DIRECT_EVIDENCE	db/022_round3b_context_governance.sql|db/data/round3m/C0_C1_EVIDENCE_RECEIPT.json
prior:preparation.family.immersion:light:sensory.fermented_character	preparation.family.immersion	light	sensory.fermented_character	0.000000	0.000000	0.000000	neutral	0			db/data/round3m/C0_C1_EVIDENCE_RECEIPT.json	NEUTRAL_ZERO_REVIEWED_C1_MAPPING	NEUTRAL_MISSING_DIRECT_EVIDENCE	db/022_round3b_context_governance.sql|db/data/round3m/C0_C1_EVIDENCE_RECEIPT.json
prior:preparation.family.immersion:light:sensory.wine_like_character	preparation.family.immersion	light	sensory.wine_like_character	0.000000	0.000000	0.000000	neutral	0			db/data/round3m/C0_C1_EVIDENCE_RECEIPT.json	NEUTRAL_ZERO_REVIEWED_C1_MAPPING	NEUTRAL_MISSING_DIRECT_EVIDENCE	db/022_round3b_context_governance.sql|db/data/round3m/C0_C1_EVIDENCE_RECEIPT.json
prior:preparation.family.immersion:medium_light:sensory.jasmine	preparation.family.immersion	medium_light	sensory.jasmine	0.000000	0.000000	0.000000	neutral	0			db/data/round3m/C0_C1_EVIDENCE_RECEIPT.json	NEUTRAL_ZERO_REVIEWED_C1_MAPPING	NEUTRAL_MISSING_DIRECT_EVIDENCE	db/022_round3b_context_governance.sql|db/data/round3m/C0_C1_EVIDENCE_RECEIPT.json
prior:preparation.family.immersion:medium_light:sensory.rose	preparation.family.immersion	medium_light	sensory.rose	0.000000	0.000000	0.000000	neutral	0			db/data/round3m/C0_C1_EVIDENCE_RECEIPT.json	NEUTRAL_ZERO_REVIEWED_C1_MAPPING	NEUTRAL_MISSING_DIRECT_EVIDENCE	db/022_round3b_context_governance.sql|db/data/round3m/C0_C1_EVIDENCE_RECEIPT.json
prior:preparation.family.immersion:medium_light:sensory.orange_blossom	preparation.family.immersion	medium_light	sensory.orange_blossom	0.000000	0.000000	0.000000	neutral	0			db/data/round3m/C0_C1_EVIDENCE_RECEIPT.json	NEUTRAL_ZERO_REVIEWED_C1_MAPPING	NEUTRAL_MISSING_DIRECT_EVIDENCE	db/022_round3b_context_governance.sql|db/data/round3m/C0_C1_EVIDENCE_RECEIPT.json
prior:preparation.family.immersion:medium_light:sensory.lemon	preparation.family.immersion	medium_light	sensory.lemon	0.000000	0.000000	0.000000	neutral	0			db/data/round3m/C0_C1_EVIDENCE_RECEIPT.json	NEUTRAL_ZERO_REVIEWED_C1_MAPPING	NEUTRAL_MISSING_DIRECT_EVIDENCE	db/022_round3b_context_governance.sql|db/data/round3m/C0_C1_EVIDENCE_RECEIPT.json
prior:preparation.family.immersion:medium_light:sensory.orange	preparation.family.immersion	medium_light	sensory.orange	0.000000	0.000000	0.000000	neutral	0			db/data/round3m/C0_C1_EVIDENCE_RECEIPT.json	NEUTRAL_ZERO_REVIEWED_C1_MAPPING	NEUTRAL_MISSING_DIRECT_EVIDENCE	db/022_round3b_context_governance.sql|db/data/round3m/C0_C1_EVIDENCE_RECEIPT.json
prior:preparation.family.immersion:medium_light:sensory.blueberry	preparation.family.immersion	medium_light	sensory.blueberry	0.000000	0.000000	0.000000	neutral	0			db/data/round3m/C0_C1_EVIDENCE_RECEIPT.json	NEUTRAL_ZERO_REVIEWED_C1_MAPPING	NEUTRAL_MISSING_DIRECT_EVIDENCE	db/022_round3b_context_governance.sql|db/data/round3m/C0_C1_EVIDENCE_RECEIPT.json
prior:preparation.family.immersion:medium_light:sensory.honey	preparation.family.immersion	medium_light	sensory.honey	0.000000	0.000000	0.000000	neutral	0			db/data/round3m/C0_C1_EVIDENCE_RECEIPT.json	NEUTRAL_ZERO_REVIEWED_C1_MAPPING	NEUTRAL_MISSING_DIRECT_EVIDENCE	db/022_round3b_context_governance.sql|db/data/round3m/C0_C1_EVIDENCE_RECEIPT.json
prior:preparation.family.immersion:medium_light:sensory.caramel	preparation.family.immersion	medium_light	sensory.caramel	0.000000	0.000000	0.000000	neutral	0			db/data/round3m/C0_C1_EVIDENCE_RECEIPT.json	NEUTRAL_ZERO_REVIEWED_C1_MAPPING	NEUTRAL_MISSING_DIRECT_EVIDENCE	db/022_round3b_context_governance.sql|db/data/round3m/C0_C1_EVIDENCE_RECEIPT.json
prior:preparation.family.immersion:medium_light:sensory.brown_sugar	preparation.family.immersion	medium_light	sensory.brown_sugar	0.000000	0.000000	0.000000	neutral	0			db/data/round3m/C0_C1_EVIDENCE_RECEIPT.json	NEUTRAL_ZERO_REVIEWED_C1_MAPPING	NEUTRAL_MISSING_DIRECT_EVIDENCE	db/022_round3b_context_governance.sql|db/data/round3m/C0_C1_EVIDENCE_RECEIPT.json
prior:preparation.family.immersion:medium_light:sensory.almond	preparation.family.immersion	medium_light	sensory.almond	0.000000	0.000000	0.000000	neutral	0			db/data/round3m/C0_C1_EVIDENCE_RECEIPT.json	NEUTRAL_ZERO_REVIEWED_C1_MAPPING	NEUTRAL_MISSING_DIRECT_EVIDENCE	db/022_round3b_context_governance.sql|db/data/round3m/C0_C1_EVIDENCE_RECEIPT.json
prior:preparation.family.immersion:medium_light:sensory.hazelnut	preparation.family.immersion	medium_light	sensory.hazelnut	0.000000	0.000000	0.000000	neutral	0			db/data/round3m/C0_C1_EVIDENCE_RECEIPT.json	NEUTRAL_ZERO_REVIEWED_C1_MAPPING	NEUTRAL_MISSING_DIRECT_EVIDENCE	db/022_round3b_context_governance.sql|db/data/round3m/C0_C1_EVIDENCE_RECEIPT.json
prior:preparation.family.immersion:medium_light:sensory.dark_chocolate	preparation.family.immersion	medium_light	sensory.dark_chocolate	0.000000	0.000000	0.000000	neutral	0			db/data/round3m/C0_C1_EVIDENCE_RECEIPT.json	NEUTRAL_ZERO_REVIEWED_C1_MAPPING	NEUTRAL_MISSING_DIRECT_EVIDENCE	db/022_round3b_context_governance.sql|db/data/round3m/C0_C1_EVIDENCE_RECEIPT.json
prior:preparation.family.immersion:medium_light:sensory.cinnamon	preparation.family.immersion	medium_light	sensory.cinnamon	0.000000	0.000000	0.000000	neutral	0			db/data/round3m/C0_C1_EVIDENCE_RECEIPT.json	NEUTRAL_ZERO_REVIEWED_C1_MAPPING	NEUTRAL_MISSING_DIRECT_EVIDENCE	db/022_round3b_context_governance.sql|db/data/round3m/C0_C1_EVIDENCE_RECEIPT.json
prior:preparation.family.immersion:medium_light:sensory.tobacco	preparation.family.immersion	medium_light	sensory.tobacco	0.000000	0.000000	0.000000	neutral	0			db/data/round3m/C0_C1_EVIDENCE_RECEIPT.json	NEUTRAL_ZERO_REVIEWED_C1_MAPPING	NEUTRAL_MISSING_DIRECT_EVIDENCE	db/022_round3b_context_governance.sql|db/data/round3m/C0_C1_EVIDENCE_RECEIPT.json
prior:preparation.family.immersion:medium_light:sensory.smoky	preparation.family.immersion	medium_light	sensory.smoky	0.000000	0.000000	0.000000	neutral	0			db/data/round3m/C0_C1_EVIDENCE_RECEIPT.json	NEUTRAL_ZERO_REVIEWED_C1_MAPPING	NEUTRAL_MISSING_DIRECT_EVIDENCE	db/022_round3b_context_governance.sql|db/data/round3m/C0_C1_EVIDENCE_RECEIPT.json
prior:preparation.family.immersion:medium_light:sensory.green_tea	preparation.family.immersion	medium_light	sensory.green_tea	0.000000	0.000000	0.000000	neutral	0			db/data/round3m/C0_C1_EVIDENCE_RECEIPT.json	NEUTRAL_ZERO_REVIEWED_C1_MAPPING	NEUTRAL_MISSING_DIRECT_EVIDENCE	db/022_round3b_context_governance.sql|db/data/round3m/C0_C1_EVIDENCE_RECEIPT.json
prior:preparation.family.immersion:medium_light:sensory.cedar	preparation.family.immersion	medium_light	sensory.cedar	0.000000	0.000000	0.000000	neutral	0			db/data/round3m/C0_C1_EVIDENCE_RECEIPT.json	NEUTRAL_ZERO_REVIEWED_C1_MAPPING	NEUTRAL_MISSING_DIRECT_EVIDENCE	db/022_round3b_context_governance.sql|db/data/round3m/C0_C1_EVIDENCE_RECEIPT.json
prior:preparation.family.immersion:medium_light:sensory.earthy	preparation.family.immersion	medium_light	sensory.earthy	0.000000	0.000000	0.000000	neutral	0			db/data/round3m/C0_C1_EVIDENCE_RECEIPT.json	NEUTRAL_ZERO_REVIEWED_C1_MAPPING	NEUTRAL_MISSING_DIRECT_EVIDENCE	db/022_round3b_context_governance.sql|db/data/round3m/C0_C1_EVIDENCE_RECEIPT.json
prior:preparation.family.immersion:medium_light:sensory.fermented_character	preparation.family.immersion	medium_light	sensory.fermented_character	0.000000	0.000000	0.000000	neutral	0			db/data/round3m/C0_C1_EVIDENCE_RECEIPT.json	NEUTRAL_ZERO_REVIEWED_C1_MAPPING	NEUTRAL_MISSING_DIRECT_EVIDENCE	db/022_round3b_context_governance.sql|db/data/round3m/C0_C1_EVIDENCE_RECEIPT.json
prior:preparation.family.immersion:medium_light:sensory.wine_like_character	preparation.family.immersion	medium_light	sensory.wine_like_character	0.000000	0.000000	0.000000	neutral	0			db/data/round3m/C0_C1_EVIDENCE_RECEIPT.json	NEUTRAL_ZERO_REVIEWED_C1_MAPPING	NEUTRAL_MISSING_DIRECT_EVIDENCE	db/022_round3b_context_governance.sql|db/data/round3m/C0_C1_EVIDENCE_RECEIPT.json
prior:preparation.family.immersion:medium:sensory.jasmine	preparation.family.immersion	medium	sensory.jasmine	0.000000	0.000000	0.000000	neutral	0			db/data/round3m/C0_C1_EVIDENCE_RECEIPT.json	NEUTRAL_ZERO_REVIEWED_C1_MAPPING	NEUTRAL_MISSING_DIRECT_EVIDENCE	db/022_round3b_context_governance.sql|db/data/round3m/C0_C1_EVIDENCE_RECEIPT.json
prior:preparation.family.immersion:medium:sensory.rose	preparation.family.immersion	medium	sensory.rose	0.000000	0.000000	0.000000	neutral	0			db/data/round3m/C0_C1_EVIDENCE_RECEIPT.json	NEUTRAL_ZERO_REVIEWED_C1_MAPPING	NEUTRAL_MISSING_DIRECT_EVIDENCE	db/022_round3b_context_governance.sql|db/data/round3m/C0_C1_EVIDENCE_RECEIPT.json
prior:preparation.family.immersion:medium:sensory.orange_blossom	preparation.family.immersion	medium	sensory.orange_blossom	0.000000	0.000000	0.000000	neutral	0			db/data/round3m/C0_C1_EVIDENCE_RECEIPT.json	NEUTRAL_ZERO_REVIEWED_C1_MAPPING	NEUTRAL_MISSING_DIRECT_EVIDENCE	db/022_round3b_context_governance.sql|db/data/round3m/C0_C1_EVIDENCE_RECEIPT.json
prior:preparation.family.immersion:medium:sensory.lemon	preparation.family.immersion	medium	sensory.lemon	0.000000	0.000000	0.000000	neutral	0			db/data/round3m/C0_C1_EVIDENCE_RECEIPT.json	NEUTRAL_ZERO_REVIEWED_C1_MAPPING	NEUTRAL_MISSING_DIRECT_EVIDENCE	db/022_round3b_context_governance.sql|db/data/round3m/C0_C1_EVIDENCE_RECEIPT.json
prior:preparation.family.immersion:medium:sensory.orange	preparation.family.immersion	medium	sensory.orange	0.000000	0.000000	0.000000	neutral	0			db/data/round3m/C0_C1_EVIDENCE_RECEIPT.json	NEUTRAL_ZERO_REVIEWED_C1_MAPPING	NEUTRAL_MISSING_DIRECT_EVIDENCE	db/022_round3b_context_governance.sql|db/data/round3m/C0_C1_EVIDENCE_RECEIPT.json
prior:preparation.family.immersion:medium:sensory.blueberry	preparation.family.immersion	medium	sensory.blueberry	0.000000	0.000000	0.000000	neutral	0			db/data/round3m/C0_C1_EVIDENCE_RECEIPT.json	NEUTRAL_ZERO_REVIEWED_C1_MAPPING	NEUTRAL_MISSING_DIRECT_EVIDENCE	db/022_round3b_context_governance.sql|db/data/round3m/C0_C1_EVIDENCE_RECEIPT.json
prior:preparation.family.immersion:medium:sensory.honey	preparation.family.immersion	medium	sensory.honey	0.000000	0.000000	0.000000	neutral	0			db/data/round3m/C0_C1_EVIDENCE_RECEIPT.json	NEUTRAL_ZERO_REVIEWED_C1_MAPPING	NEUTRAL_MISSING_DIRECT_EVIDENCE	db/022_round3b_context_governance.sql|db/data/round3m/C0_C1_EVIDENCE_RECEIPT.json
prior:preparation.family.immersion:medium:sensory.caramel	preparation.family.immersion	medium	sensory.caramel	0.000000	0.000000	0.000000	neutral	0			db/data/round3m/C0_C1_EVIDENCE_RECEIPT.json	NEUTRAL_ZERO_REVIEWED_C1_MAPPING	NEUTRAL_MISSING_DIRECT_EVIDENCE	db/022_round3b_context_governance.sql|db/data/round3m/C0_C1_EVIDENCE_RECEIPT.json
prior:preparation.family.immersion:medium:sensory.brown_sugar	preparation.family.immersion	medium	sensory.brown_sugar	0.000000	0.000000	0.000000	neutral	0			db/data/round3m/C0_C1_EVIDENCE_RECEIPT.json	NEUTRAL_ZERO_REVIEWED_C1_MAPPING	NEUTRAL_MISSING_DIRECT_EVIDENCE	db/022_round3b_context_governance.sql|db/data/round3m/C0_C1_EVIDENCE_RECEIPT.json
prior:preparation.family.immersion:medium:sensory.almond	preparation.family.immersion	medium	sensory.almond	0.000000	0.000000	0.000000	neutral	0			db/data/round3m/C0_C1_EVIDENCE_RECEIPT.json	NEUTRAL_ZERO_REVIEWED_C1_MAPPING	NEUTRAL_MISSING_DIRECT_EVIDENCE	db/022_round3b_context_governance.sql|db/data/round3m/C0_C1_EVIDENCE_RECEIPT.json
prior:preparation.family.immersion:medium:sensory.hazelnut	preparation.family.immersion	medium	sensory.hazelnut	0.000000	0.000000	0.000000	neutral	0			db/data/round3m/C0_C1_EVIDENCE_RECEIPT.json	NEUTRAL_ZERO_REVIEWED_C1_MAPPING	NEUTRAL_MISSING_DIRECT_EVIDENCE	db/022_round3b_context_governance.sql|db/data/round3m/C0_C1_EVIDENCE_RECEIPT.json
prior:preparation.family.immersion:medium:sensory.dark_chocolate	preparation.family.immersion	medium	sensory.dark_chocolate	0.000000	0.000000	0.000000	neutral	0			db/data/round3m/C0_C1_EVIDENCE_RECEIPT.json	NEUTRAL_ZERO_REVIEWED_C1_MAPPING	NEUTRAL_MISSING_DIRECT_EVIDENCE	db/022_round3b_context_governance.sql|db/data/round3m/C0_C1_EVIDENCE_RECEIPT.json
prior:preparation.family.immersion:medium:sensory.cinnamon	preparation.family.immersion	medium	sensory.cinnamon	0.000000	0.000000	0.000000	neutral	0			db/data/round3m/C0_C1_EVIDENCE_RECEIPT.json	NEUTRAL_ZERO_REVIEWED_C1_MAPPING	NEUTRAL_MISSING_DIRECT_EVIDENCE	db/022_round3b_context_governance.sql|db/data/round3m/C0_C1_EVIDENCE_RECEIPT.json
prior:preparation.family.immersion:medium:sensory.tobacco	preparation.family.immersion	medium	sensory.tobacco	0.000000	0.000000	0.000000	neutral	0			db/data/round3m/C0_C1_EVIDENCE_RECEIPT.json	NEUTRAL_ZERO_REVIEWED_C1_MAPPING	NEUTRAL_MISSING_DIRECT_EVIDENCE	db/022_round3b_context_governance.sql|db/data/round3m/C0_C1_EVIDENCE_RECEIPT.json
prior:preparation.family.immersion:medium:sensory.smoky	preparation.family.immersion	medium	sensory.smoky	0.000000	0.000000	0.000000	neutral	0			db/data/round3m/C0_C1_EVIDENCE_RECEIPT.json	NEUTRAL_ZERO_REVIEWED_C1_MAPPING	NEUTRAL_MISSING_DIRECT_EVIDENCE	db/022_round3b_context_governance.sql|db/data/round3m/C0_C1_EVIDENCE_RECEIPT.json
prior:preparation.family.immersion:medium:sensory.green_tea	preparation.family.immersion	medium	sensory.green_tea	0.000000	0.000000	0.000000	neutral	0			db/data/round3m/C0_C1_EVIDENCE_RECEIPT.json	NEUTRAL_ZERO_REVIEWED_C1_MAPPING	NEUTRAL_MISSING_DIRECT_EVIDENCE	db/022_round3b_context_governance.sql|db/data/round3m/C0_C1_EVIDENCE_RECEIPT.json
prior:preparation.family.immersion:medium:sensory.cedar	preparation.family.immersion	medium	sensory.cedar	0.000000	0.000000	0.000000	neutral	0			db/data/round3m/C0_C1_EVIDENCE_RECEIPT.json	NEUTRAL_ZERO_REVIEWED_C1_MAPPING	NEUTRAL_MISSING_DIRECT_EVIDENCE	db/022_round3b_context_governance.sql|db/data/round3m/C0_C1_EVIDENCE_RECEIPT.json
prior:preparation.family.immersion:medium:sensory.earthy	preparation.family.immersion	medium	sensory.earthy	0.000000	0.000000	0.000000	neutral	0			db/data/round3m/C0_C1_EVIDENCE_RECEIPT.json	NEUTRAL_ZERO_REVIEWED_C1_MAPPING	NEUTRAL_MISSING_DIRECT_EVIDENCE	db/022_round3b_context_governance.sql|db/data/round3m/C0_C1_EVIDENCE_RECEIPT.json
prior:preparation.family.immersion:medium:sensory.fermented_character	preparation.family.immersion	medium	sensory.fermented_character	0.000000	0.000000	0.000000	neutral	0			db/data/round3m/C0_C1_EVIDENCE_RECEIPT.json	NEUTRAL_ZERO_REVIEWED_C1_MAPPING	NEUTRAL_MISSING_DIRECT_EVIDENCE	db/022_round3b_context_governance.sql|db/data/round3m/C0_C1_EVIDENCE_RECEIPT.json
prior:preparation.family.immersion:medium:sensory.wine_like_character	preparation.family.immersion	medium	sensory.wine_like_character	0.000000	0.000000	0.000000	neutral	0			db/data/round3m/C0_C1_EVIDENCE_RECEIPT.json	NEUTRAL_ZERO_REVIEWED_C1_MAPPING	NEUTRAL_MISSING_DIRECT_EVIDENCE	db/022_round3b_context_governance.sql|db/data/round3m/C0_C1_EVIDENCE_RECEIPT.json
prior:preparation.family.immersion:medium_dark:sensory.jasmine	preparation.family.immersion	medium_dark	sensory.jasmine	0.000000	0.000000	0.000000	neutral	0			db/data/round3m/C0_C1_EVIDENCE_RECEIPT.json	NEUTRAL_ZERO_REVIEWED_C1_MAPPING	NEUTRAL_MISSING_DIRECT_EVIDENCE	db/022_round3b_context_governance.sql|db/data/round3m/C0_C1_EVIDENCE_RECEIPT.json
prior:preparation.family.immersion:medium_dark:sensory.rose	preparation.family.immersion	medium_dark	sensory.rose	0.000000	0.000000	0.000000	neutral	0			db/data/round3m/C0_C1_EVIDENCE_RECEIPT.json	NEUTRAL_ZERO_REVIEWED_C1_MAPPING	NEUTRAL_MISSING_DIRECT_EVIDENCE	db/022_round3b_context_governance.sql|db/data/round3m/C0_C1_EVIDENCE_RECEIPT.json
prior:preparation.family.immersion:medium_dark:sensory.orange_blossom	preparation.family.immersion	medium_dark	sensory.orange_blossom	0.000000	0.000000	0.000000	neutral	0			db/data/round3m/C0_C1_EVIDENCE_RECEIPT.json	NEUTRAL_ZERO_REVIEWED_C1_MAPPING	NEUTRAL_MISSING_DIRECT_EVIDENCE	db/022_round3b_context_governance.sql|db/data/round3m/C0_C1_EVIDENCE_RECEIPT.json
prior:preparation.family.immersion:medium_dark:sensory.lemon	preparation.family.immersion	medium_dark	sensory.lemon	0.000000	0.000000	0.000000	neutral	0			db/data/round3m/C0_C1_EVIDENCE_RECEIPT.json	NEUTRAL_ZERO_REVIEWED_C1_MAPPING	NEUTRAL_MISSING_DIRECT_EVIDENCE	db/022_round3b_context_governance.sql|db/data/round3m/C0_C1_EVIDENCE_RECEIPT.json
prior:preparation.family.immersion:medium_dark:sensory.orange	preparation.family.immersion	medium_dark	sensory.orange	0.000000	0.000000	0.000000	neutral	0			db/data/round3m/C0_C1_EVIDENCE_RECEIPT.json	NEUTRAL_ZERO_REVIEWED_C1_MAPPING	NEUTRAL_MISSING_DIRECT_EVIDENCE	db/022_round3b_context_governance.sql|db/data/round3m/C0_C1_EVIDENCE_RECEIPT.json
prior:preparation.family.immersion:medium_dark:sensory.blueberry	preparation.family.immersion	medium_dark	sensory.blueberry	0.000000	0.000000	0.000000	neutral	0			db/data/round3m/C0_C1_EVIDENCE_RECEIPT.json	NEUTRAL_ZERO_REVIEWED_C1_MAPPING	NEUTRAL_MISSING_DIRECT_EVIDENCE	db/022_round3b_context_governance.sql|db/data/round3m/C0_C1_EVIDENCE_RECEIPT.json
prior:preparation.family.immersion:medium_dark:sensory.honey	preparation.family.immersion	medium_dark	sensory.honey	0.000000	0.000000	0.000000	neutral	0			db/data/round3m/C0_C1_EVIDENCE_RECEIPT.json	NEUTRAL_ZERO_REVIEWED_C1_MAPPING	NEUTRAL_MISSING_DIRECT_EVIDENCE	db/022_round3b_context_governance.sql|db/data/round3m/C0_C1_EVIDENCE_RECEIPT.json
prior:preparation.family.immersion:medium_dark:sensory.caramel	preparation.family.immersion	medium_dark	sensory.caramel	0.000000	0.000000	0.000000	neutral	0			db/data/round3m/C0_C1_EVIDENCE_RECEIPT.json	NEUTRAL_ZERO_REVIEWED_C1_MAPPING	NEUTRAL_MISSING_DIRECT_EVIDENCE	db/022_round3b_context_governance.sql|db/data/round3m/C0_C1_EVIDENCE_RECEIPT.json
prior:preparation.family.immersion:medium_dark:sensory.brown_sugar	preparation.family.immersion	medium_dark	sensory.brown_sugar	0.000000	0.000000	0.000000	neutral	0			db/data/round3m/C0_C1_EVIDENCE_RECEIPT.json	NEUTRAL_ZERO_REVIEWED_C1_MAPPING	NEUTRAL_MISSING_DIRECT_EVIDENCE	db/022_round3b_context_governance.sql|db/data/round3m/C0_C1_EVIDENCE_RECEIPT.json
prior:preparation.family.immersion:medium_dark:sensory.almond	preparation.family.immersion	medium_dark	sensory.almond	0.000000	0.000000	0.000000	neutral	0			db/data/round3m/C0_C1_EVIDENCE_RECEIPT.json	NEUTRAL_ZERO_REVIEWED_C1_MAPPING	NEUTRAL_MISSING_DIRECT_EVIDENCE	db/022_round3b_context_governance.sql|db/data/round3m/C0_C1_EVIDENCE_RECEIPT.json
prior:preparation.family.immersion:medium_dark:sensory.hazelnut	preparation.family.immersion	medium_dark	sensory.hazelnut	0.000000	0.000000	0.000000	neutral	0			db/data/round3m/C0_C1_EVIDENCE_RECEIPT.json	NEUTRAL_ZERO_REVIEWED_C1_MAPPING	NEUTRAL_MISSING_DIRECT_EVIDENCE	db/022_round3b_context_governance.sql|db/data/round3m/C0_C1_EVIDENCE_RECEIPT.json
prior:preparation.family.immersion:medium_dark:sensory.dark_chocolate	preparation.family.immersion	medium_dark	sensory.dark_chocolate	0.000000	0.000000	0.000000	neutral	0			db/data/round3m/C0_C1_EVIDENCE_RECEIPT.json	NEUTRAL_ZERO_REVIEWED_C1_MAPPING	NEUTRAL_MISSING_DIRECT_EVIDENCE	db/022_round3b_context_governance.sql|db/data/round3m/C0_C1_EVIDENCE_RECEIPT.json
prior:preparation.family.immersion:medium_dark:sensory.cinnamon	preparation.family.immersion	medium_dark	sensory.cinnamon	0.000000	0.000000	0.000000	neutral	0			db/data/round3m/C0_C1_EVIDENCE_RECEIPT.json	NEUTRAL_ZERO_REVIEWED_C1_MAPPING	NEUTRAL_MISSING_DIRECT_EVIDENCE	db/022_round3b_context_governance.sql|db/data/round3m/C0_C1_EVIDENCE_RECEIPT.json
prior:preparation.family.immersion:medium_dark:sensory.tobacco	preparation.family.immersion	medium_dark	sensory.tobacco	0.000000	0.000000	0.000000	neutral	0			db/data/round3m/C0_C1_EVIDENCE_RECEIPT.json	NEUTRAL_ZERO_REVIEWED_C1_MAPPING	NEUTRAL_MISSING_DIRECT_EVIDENCE	db/022_round3b_context_governance.sql|db/data/round3m/C0_C1_EVIDENCE_RECEIPT.json
prior:preparation.family.immersion:medium_dark:sensory.smoky	preparation.family.immersion	medium_dark	sensory.smoky	0.000000	0.000000	0.000000	neutral	0			db/data/round3m/C0_C1_EVIDENCE_RECEIPT.json	NEUTRAL_ZERO_REVIEWED_C1_MAPPING	NEUTRAL_MISSING_DIRECT_EVIDENCE	db/022_round3b_context_governance.sql|db/data/round3m/C0_C1_EVIDENCE_RECEIPT.json
prior:preparation.family.immersion:medium_dark:sensory.green_tea	preparation.family.immersion	medium_dark	sensory.green_tea	0.000000	0.000000	0.000000	neutral	0			db/data/round3m/C0_C1_EVIDENCE_RECEIPT.json	NEUTRAL_ZERO_REVIEWED_C1_MAPPING	NEUTRAL_MISSING_DIRECT_EVIDENCE	db/022_round3b_context_governance.sql|db/data/round3m/C0_C1_EVIDENCE_RECEIPT.json
prior:preparation.family.immersion:medium_dark:sensory.cedar	preparation.family.immersion	medium_dark	sensory.cedar	0.000000	0.000000	0.000000	neutral	0			db/data/round3m/C0_C1_EVIDENCE_RECEIPT.json	NEUTRAL_ZERO_REVIEWED_C1_MAPPING	NEUTRAL_MISSING_DIRECT_EVIDENCE	db/022_round3b_context_governance.sql|db/data/round3m/C0_C1_EVIDENCE_RECEIPT.json
prior:preparation.family.immersion:medium_dark:sensory.earthy	preparation.family.immersion	medium_dark	sensory.earthy	0.000000	0.000000	0.000000	neutral	0			db/data/round3m/C0_C1_EVIDENCE_RECEIPT.json	NEUTRAL_ZERO_REVIEWED_C1_MAPPING	NEUTRAL_MISSING_DIRECT_EVIDENCE	db/022_round3b_context_governance.sql|db/data/round3m/C0_C1_EVIDENCE_RECEIPT.json
prior:preparation.family.immersion:medium_dark:sensory.fermented_character	preparation.family.immersion	medium_dark	sensory.fermented_character	0.000000	0.000000	0.000000	neutral	0			db/data/round3m/C0_C1_EVIDENCE_RECEIPT.json	NEUTRAL_ZERO_REVIEWED_C1_MAPPING	NEUTRAL_MISSING_DIRECT_EVIDENCE	db/022_round3b_context_governance.sql|db/data/round3m/C0_C1_EVIDENCE_RECEIPT.json
prior:preparation.family.immersion:medium_dark:sensory.wine_like_character	preparation.family.immersion	medium_dark	sensory.wine_like_character	0.000000	0.000000	0.000000	neutral	0			db/data/round3m/C0_C1_EVIDENCE_RECEIPT.json	NEUTRAL_ZERO_REVIEWED_C1_MAPPING	NEUTRAL_MISSING_DIRECT_EVIDENCE	db/022_round3b_context_governance.sql|db/data/round3m/C0_C1_EVIDENCE_RECEIPT.json
prior:preparation.family.immersion:dark:sensory.jasmine	preparation.family.immersion	dark	sensory.jasmine	0.000000	0.000000	0.000000	neutral	0			db/data/round3m/C0_C1_EVIDENCE_RECEIPT.json	NEUTRAL_ZERO_REVIEWED_C1_MAPPING	NEUTRAL_MISSING_DIRECT_EVIDENCE	db/022_round3b_context_governance.sql|db/data/round3m/C0_C1_EVIDENCE_RECEIPT.json
prior:preparation.family.immersion:dark:sensory.rose	preparation.family.immersion	dark	sensory.rose	0.000000	0.000000	0.000000	neutral	0			db/data/round3m/C0_C1_EVIDENCE_RECEIPT.json	NEUTRAL_ZERO_REVIEWED_C1_MAPPING	NEUTRAL_MISSING_DIRECT_EVIDENCE	db/022_round3b_context_governance.sql|db/data/round3m/C0_C1_EVIDENCE_RECEIPT.json
prior:preparation.family.immersion:dark:sensory.orange_blossom	preparation.family.immersion	dark	sensory.orange_blossom	0.000000	0.000000	0.000000	neutral	0			db/data/round3m/C0_C1_EVIDENCE_RECEIPT.json	NEUTRAL_ZERO_REVIEWED_C1_MAPPING	NEUTRAL_MISSING_DIRECT_EVIDENCE	db/022_round3b_context_governance.sql|db/data/round3m/C0_C1_EVIDENCE_RECEIPT.json
prior:preparation.family.immersion:dark:sensory.lemon	preparation.family.immersion	dark	sensory.lemon	0.000000	0.000000	0.000000	neutral	0			db/data/round3m/C0_C1_EVIDENCE_RECEIPT.json	NEUTRAL_ZERO_REVIEWED_C1_MAPPING	NEUTRAL_MISSING_DIRECT_EVIDENCE	db/022_round3b_context_governance.sql|db/data/round3m/C0_C1_EVIDENCE_RECEIPT.json
prior:preparation.family.immersion:dark:sensory.orange	preparation.family.immersion	dark	sensory.orange	0.000000	0.000000	0.000000	neutral	0			db/data/round3m/C0_C1_EVIDENCE_RECEIPT.json	NEUTRAL_ZERO_REVIEWED_C1_MAPPING	NEUTRAL_MISSING_DIRECT_EVIDENCE	db/022_round3b_context_governance.sql|db/data/round3m/C0_C1_EVIDENCE_RECEIPT.json
prior:preparation.family.immersion:dark:sensory.blueberry	preparation.family.immersion	dark	sensory.blueberry	0.000000	0.000000	0.000000	neutral	0			db/data/round3m/C0_C1_EVIDENCE_RECEIPT.json	NEUTRAL_ZERO_REVIEWED_C1_MAPPING	NEUTRAL_MISSING_DIRECT_EVIDENCE	db/022_round3b_context_governance.sql|db/data/round3m/C0_C1_EVIDENCE_RECEIPT.json
prior:preparation.family.immersion:dark:sensory.honey	preparation.family.immersion	dark	sensory.honey	0.000000	0.000000	0.000000	neutral	0			db/data/round3m/C0_C1_EVIDENCE_RECEIPT.json	NEUTRAL_ZERO_REVIEWED_C1_MAPPING	NEUTRAL_MISSING_DIRECT_EVIDENCE	db/022_round3b_context_governance.sql|db/data/round3m/C0_C1_EVIDENCE_RECEIPT.json
prior:preparation.family.immersion:dark:sensory.caramel	preparation.family.immersion	dark	sensory.caramel	0.000000	0.000000	0.000000	neutral	0			db/data/round3m/C0_C1_EVIDENCE_RECEIPT.json	NEUTRAL_ZERO_REVIEWED_C1_MAPPING	NEUTRAL_MISSING_DIRECT_EVIDENCE	db/022_round3b_context_governance.sql|db/data/round3m/C0_C1_EVIDENCE_RECEIPT.json
prior:preparation.family.immersion:dark:sensory.brown_sugar	preparation.family.immersion	dark	sensory.brown_sugar	0.000000	0.000000	0.000000	neutral	0			db/data/round3m/C0_C1_EVIDENCE_RECEIPT.json	NEUTRAL_ZERO_REVIEWED_C1_MAPPING	NEUTRAL_MISSING_DIRECT_EVIDENCE	db/022_round3b_context_governance.sql|db/data/round3m/C0_C1_EVIDENCE_RECEIPT.json
prior:preparation.family.immersion:dark:sensory.almond	preparation.family.immersion	dark	sensory.almond	0.000000	0.000000	0.000000	neutral	0			db/data/round3m/C0_C1_EVIDENCE_RECEIPT.json	NEUTRAL_ZERO_REVIEWED_C1_MAPPING	NEUTRAL_MISSING_DIRECT_EVIDENCE	db/022_round3b_context_governance.sql|db/data/round3m/C0_C1_EVIDENCE_RECEIPT.json
prior:preparation.family.immersion:dark:sensory.hazelnut	preparation.family.immersion	dark	sensory.hazelnut	0.000000	0.000000	0.000000	neutral	0			db/data/round3m/C0_C1_EVIDENCE_RECEIPT.json	NEUTRAL_ZERO_REVIEWED_C1_MAPPING	NEUTRAL_MISSING_DIRECT_EVIDENCE	db/022_round3b_context_governance.sql|db/data/round3m/C0_C1_EVIDENCE_RECEIPT.json
prior:preparation.family.immersion:dark:sensory.dark_chocolate	preparation.family.immersion	dark	sensory.dark_chocolate	0.000000	0.000000	0.000000	neutral	0			db/data/round3m/C0_C1_EVIDENCE_RECEIPT.json	NEUTRAL_ZERO_REVIEWED_C1_MAPPING	NEUTRAL_MISSING_DIRECT_EVIDENCE	db/022_round3b_context_governance.sql|db/data/round3m/C0_C1_EVIDENCE_RECEIPT.json
prior:preparation.family.immersion:dark:sensory.cinnamon	preparation.family.immersion	dark	sensory.cinnamon	0.000000	0.000000	0.000000	neutral	0			db/data/round3m/C0_C1_EVIDENCE_RECEIPT.json	NEUTRAL_ZERO_REVIEWED_C1_MAPPING	NEUTRAL_MISSING_DIRECT_EVIDENCE	db/022_round3b_context_governance.sql|db/data/round3m/C0_C1_EVIDENCE_RECEIPT.json
prior:preparation.family.immersion:dark:sensory.tobacco	preparation.family.immersion	dark	sensory.tobacco	0.000000	0.000000	0.000000	neutral	0			db/data/round3m/C0_C1_EVIDENCE_RECEIPT.json	NEUTRAL_ZERO_REVIEWED_C1_MAPPING	NEUTRAL_MISSING_DIRECT_EVIDENCE	db/022_round3b_context_governance.sql|db/data/round3m/C0_C1_EVIDENCE_RECEIPT.json
prior:preparation.family.immersion:dark:sensory.smoky	preparation.family.immersion	dark	sensory.smoky	0.000000	0.000000	0.000000	neutral	0			db/data/round3m/C0_C1_EVIDENCE_RECEIPT.json	NEUTRAL_ZERO_REVIEWED_C1_MAPPING	NEUTRAL_MISSING_DIRECT_EVIDENCE	db/022_round3b_context_governance.sql|db/data/round3m/C0_C1_EVIDENCE_RECEIPT.json
prior:preparation.family.immersion:dark:sensory.green_tea	preparation.family.immersion	dark	sensory.green_tea	0.000000	0.000000	0.000000	neutral	0			db/data/round3m/C0_C1_EVIDENCE_RECEIPT.json	NEUTRAL_ZERO_REVIEWED_C1_MAPPING	NEUTRAL_MISSING_DIRECT_EVIDENCE	db/022_round3b_context_governance.sql|db/data/round3m/C0_C1_EVIDENCE_RECEIPT.json
prior:preparation.family.immersion:dark:sensory.cedar	preparation.family.immersion	dark	sensory.cedar	0.000000	0.000000	0.000000	neutral	0			db/data/round3m/C0_C1_EVIDENCE_RECEIPT.json	NEUTRAL_ZERO_REVIEWED_C1_MAPPING	NEUTRAL_MISSING_DIRECT_EVIDENCE	db/022_round3b_context_governance.sql|db/data/round3m/C0_C1_EVIDENCE_RECEIPT.json
prior:preparation.family.immersion:dark:sensory.earthy	preparation.family.immersion	dark	sensory.earthy	0.000000	0.000000	0.000000	neutral	0			db/data/round3m/C0_C1_EVIDENCE_RECEIPT.json	NEUTRAL_ZERO_REVIEWED_C1_MAPPING	NEUTRAL_MISSING_DIRECT_EVIDENCE	db/022_round3b_context_governance.sql|db/data/round3m/C0_C1_EVIDENCE_RECEIPT.json
prior:preparation.family.immersion:dark:sensory.fermented_character	preparation.family.immersion	dark	sensory.fermented_character	0.000000	0.000000	0.000000	neutral	0			db/data/round3m/C0_C1_EVIDENCE_RECEIPT.json	NEUTRAL_ZERO_REVIEWED_C1_MAPPING	NEUTRAL_MISSING_DIRECT_EVIDENCE	db/022_round3b_context_governance.sql|db/data/round3m/C0_C1_EVIDENCE_RECEIPT.json
prior:preparation.family.immersion:dark:sensory.wine_like_character	preparation.family.immersion	dark	sensory.wine_like_character	0.000000	0.000000	0.000000	neutral	0			db/data/round3m/C0_C1_EVIDENCE_RECEIPT.json	NEUTRAL_ZERO_REVIEWED_C1_MAPPING	NEUTRAL_MISSING_DIRECT_EVIDENCE	db/022_round3b_context_governance.sql|db/data/round3m/C0_C1_EVIDENCE_RECEIPT.json
prior:preparation.family.immersion:extremely_dark:sensory.jasmine	preparation.family.immersion	extremely_dark	sensory.jasmine	0.000000	0.000000	0.000000	neutral	0			db/data/round3m/C0_C1_EVIDENCE_RECEIPT.json	NEUTRAL_ZERO_REVIEWED_C1_MAPPING	NEUTRAL_MISSING_DIRECT_EVIDENCE	db/022_round3b_context_governance.sql|db/data/round3m/C0_C1_EVIDENCE_RECEIPT.json
prior:preparation.family.immersion:extremely_dark:sensory.rose	preparation.family.immersion	extremely_dark	sensory.rose	0.000000	0.000000	0.000000	neutral	0			db/data/round3m/C0_C1_EVIDENCE_RECEIPT.json	NEUTRAL_ZERO_REVIEWED_C1_MAPPING	NEUTRAL_MISSING_DIRECT_EVIDENCE	db/022_round3b_context_governance.sql|db/data/round3m/C0_C1_EVIDENCE_RECEIPT.json
prior:preparation.family.immersion:extremely_dark:sensory.orange_blossom	preparation.family.immersion	extremely_dark	sensory.orange_blossom	0.000000	0.000000	0.000000	neutral	0			db/data/round3m/C0_C1_EVIDENCE_RECEIPT.json	NEUTRAL_ZERO_REVIEWED_C1_MAPPING	NEUTRAL_MISSING_DIRECT_EVIDENCE	db/022_round3b_context_governance.sql|db/data/round3m/C0_C1_EVIDENCE_RECEIPT.json
prior:preparation.family.immersion:extremely_dark:sensory.lemon	preparation.family.immersion	extremely_dark	sensory.lemon	0.000000	0.000000	0.000000	neutral	0			db/data/round3m/C0_C1_EVIDENCE_RECEIPT.json	NEUTRAL_ZERO_REVIEWED_C1_MAPPING	NEUTRAL_MISSING_DIRECT_EVIDENCE	db/022_round3b_context_governance.sql|db/data/round3m/C0_C1_EVIDENCE_RECEIPT.json
prior:preparation.family.immersion:extremely_dark:sensory.orange	preparation.family.immersion	extremely_dark	sensory.orange	0.000000	0.000000	0.000000	neutral	0			db/data/round3m/C0_C1_EVIDENCE_RECEIPT.json	NEUTRAL_ZERO_REVIEWED_C1_MAPPING	NEUTRAL_MISSING_DIRECT_EVIDENCE	db/022_round3b_context_governance.sql|db/data/round3m/C0_C1_EVIDENCE_RECEIPT.json
prior:preparation.family.immersion:extremely_dark:sensory.blueberry	preparation.family.immersion	extremely_dark	sensory.blueberry	0.000000	0.000000	0.000000	neutral	0			db/data/round3m/C0_C1_EVIDENCE_RECEIPT.json	NEUTRAL_ZERO_REVIEWED_C1_MAPPING	NEUTRAL_MISSING_DIRECT_EVIDENCE	db/022_round3b_context_governance.sql|db/data/round3m/C0_C1_EVIDENCE_RECEIPT.json
prior:preparation.family.immersion:extremely_dark:sensory.honey	preparation.family.immersion	extremely_dark	sensory.honey	0.000000	0.000000	0.000000	neutral	0			db/data/round3m/C0_C1_EVIDENCE_RECEIPT.json	NEUTRAL_ZERO_REVIEWED_C1_MAPPING	NEUTRAL_MISSING_DIRECT_EVIDENCE	db/022_round3b_context_governance.sql|db/data/round3m/C0_C1_EVIDENCE_RECEIPT.json
prior:preparation.family.immersion:extremely_dark:sensory.caramel	preparation.family.immersion	extremely_dark	sensory.caramel	0.000000	0.000000	0.000000	neutral	0			db/data/round3m/C0_C1_EVIDENCE_RECEIPT.json	NEUTRAL_ZERO_REVIEWED_C1_MAPPING	NEUTRAL_MISSING_DIRECT_EVIDENCE	db/022_round3b_context_governance.sql|db/data/round3m/C0_C1_EVIDENCE_RECEIPT.json
prior:preparation.family.immersion:extremely_dark:sensory.brown_sugar	preparation.family.immersion	extremely_dark	sensory.brown_sugar	0.000000	0.000000	0.000000	neutral	0			db/data/round3m/C0_C1_EVIDENCE_RECEIPT.json	NEUTRAL_ZERO_REVIEWED_C1_MAPPING	NEUTRAL_MISSING_DIRECT_EVIDENCE	db/022_round3b_context_governance.sql|db/data/round3m/C0_C1_EVIDENCE_RECEIPT.json
prior:preparation.family.immersion:extremely_dark:sensory.almond	preparation.family.immersion	extremely_dark	sensory.almond	0.000000	0.000000	0.000000	neutral	0			db/data/round3m/C0_C1_EVIDENCE_RECEIPT.json	NEUTRAL_ZERO_REVIEWED_C1_MAPPING	NEUTRAL_MISSING_DIRECT_EVIDENCE	db/022_round3b_context_governance.sql|db/data/round3m/C0_C1_EVIDENCE_RECEIPT.json
prior:preparation.family.immersion:extremely_dark:sensory.hazelnut	preparation.family.immersion	extremely_dark	sensory.hazelnut	0.000000	0.000000	0.000000	neutral	0			db/data/round3m/C0_C1_EVIDENCE_RECEIPT.json	NEUTRAL_ZERO_REVIEWED_C1_MAPPING	NEUTRAL_MISSING_DIRECT_EVIDENCE	db/022_round3b_context_governance.sql|db/data/round3m/C0_C1_EVIDENCE_RECEIPT.json
prior:preparation.family.immersion:extremely_dark:sensory.dark_chocolate	preparation.family.immersion	extremely_dark	sensory.dark_chocolate	0.000000	0.000000	0.000000	neutral	0			db/data/round3m/C0_C1_EVIDENCE_RECEIPT.json	NEUTRAL_ZERO_REVIEWED_C1_MAPPING	NEUTRAL_MISSING_DIRECT_EVIDENCE	db/022_round3b_context_governance.sql|db/data/round3m/C0_C1_EVIDENCE_RECEIPT.json
prior:preparation.family.immersion:extremely_dark:sensory.cinnamon	preparation.family.immersion	extremely_dark	sensory.cinnamon	0.000000	0.000000	0.000000	neutral	0			db/data/round3m/C0_C1_EVIDENCE_RECEIPT.json	NEUTRAL_ZERO_REVIEWED_C1_MAPPING	NEUTRAL_MISSING_DIRECT_EVIDENCE	db/022_round3b_context_governance.sql|db/data/round3m/C0_C1_EVIDENCE_RECEIPT.json
prior:preparation.family.immersion:extremely_dark:sensory.tobacco	preparation.family.immersion	extremely_dark	sensory.tobacco	0.000000	0.000000	0.000000	neutral	0			db/data/round3m/C0_C1_EVIDENCE_RECEIPT.json	NEUTRAL_ZERO_REVIEWED_C1_MAPPING	NEUTRAL_MISSING_DIRECT_EVIDENCE	db/022_round3b_context_governance.sql|db/data/round3m/C0_C1_EVIDENCE_RECEIPT.json
prior:preparation.family.immersion:extremely_dark:sensory.smoky	preparation.family.immersion	extremely_dark	sensory.smoky	0.000000	0.000000	0.000000	neutral	0			db/data/round3m/C0_C1_EVIDENCE_RECEIPT.json	NEUTRAL_ZERO_REVIEWED_C1_MAPPING	NEUTRAL_MISSING_DIRECT_EVIDENCE	db/022_round3b_context_governance.sql|db/data/round3m/C0_C1_EVIDENCE_RECEIPT.json
prior:preparation.family.immersion:extremely_dark:sensory.green_tea	preparation.family.immersion	extremely_dark	sensory.green_tea	0.000000	0.000000	0.000000	neutral	0			db/data/round3m/C0_C1_EVIDENCE_RECEIPT.json	NEUTRAL_ZERO_REVIEWED_C1_MAPPING	NEUTRAL_MISSING_DIRECT_EVIDENCE	db/022_round3b_context_governance.sql|db/data/round3m/C0_C1_EVIDENCE_RECEIPT.json
prior:preparation.family.immersion:extremely_dark:sensory.cedar	preparation.family.immersion	extremely_dark	sensory.cedar	0.000000	0.000000	0.000000	neutral	0			db/data/round3m/C0_C1_EVIDENCE_RECEIPT.json	NEUTRAL_ZERO_REVIEWED_C1_MAPPING	NEUTRAL_MISSING_DIRECT_EVIDENCE	db/022_round3b_context_governance.sql|db/data/round3m/C0_C1_EVIDENCE_RECEIPT.json
prior:preparation.family.immersion:extremely_dark:sensory.earthy	preparation.family.immersion	extremely_dark	sensory.earthy	0.000000	0.000000	0.000000	neutral	0			db/data/round3m/C0_C1_EVIDENCE_RECEIPT.json	NEUTRAL_ZERO_REVIEWED_C1_MAPPING	NEUTRAL_MISSING_DIRECT_EVIDENCE	db/022_round3b_context_governance.sql|db/data/round3m/C0_C1_EVIDENCE_RECEIPT.json
prior:preparation.family.immersion:extremely_dark:sensory.fermented_character	preparation.family.immersion	extremely_dark	sensory.fermented_character	0.000000	0.000000	0.000000	neutral	0			db/data/round3m/C0_C1_EVIDENCE_RECEIPT.json	NEUTRAL_ZERO_REVIEWED_C1_MAPPING	NEUTRAL_MISSING_DIRECT_EVIDENCE	db/022_round3b_context_governance.sql|db/data/round3m/C0_C1_EVIDENCE_RECEIPT.json
prior:preparation.family.immersion:extremely_dark:sensory.wine_like_character	preparation.family.immersion	extremely_dark	sensory.wine_like_character	0.000000	0.000000	0.000000	neutral	0			db/data/round3m/C0_C1_EVIDENCE_RECEIPT.json	NEUTRAL_ZERO_REVIEWED_C1_MAPPING	NEUTRAL_MISSING_DIRECT_EVIDENCE	db/022_round3b_context_governance.sql|db/data/round3m/C0_C1_EVIDENCE_RECEIPT.json
prior:preparation.family.hybrid:extremely_light:sensory.jasmine	preparation.family.hybrid	extremely_light	sensory.jasmine	0.000000	0.000000	0.000000	neutral	0			db/data/round3m/C0_C1_EVIDENCE_RECEIPT.json	NEUTRAL_ZERO_REVIEWED_C1_MAPPING	NEUTRAL_MISSING_DIRECT_EVIDENCE	db/022_round3b_context_governance.sql|db/data/round3m/C0_C1_EVIDENCE_RECEIPT.json
prior:preparation.family.hybrid:extremely_light:sensory.rose	preparation.family.hybrid	extremely_light	sensory.rose	0.000000	0.000000	0.000000	neutral	0			db/data/round3m/C0_C1_EVIDENCE_RECEIPT.json	NEUTRAL_ZERO_REVIEWED_C1_MAPPING	NEUTRAL_MISSING_DIRECT_EVIDENCE	db/022_round3b_context_governance.sql|db/data/round3m/C0_C1_EVIDENCE_RECEIPT.json
prior:preparation.family.hybrid:extremely_light:sensory.orange_blossom	preparation.family.hybrid	extremely_light	sensory.orange_blossom	0.000000	0.000000	0.000000	neutral	0			db/data/round3m/C0_C1_EVIDENCE_RECEIPT.json	NEUTRAL_ZERO_REVIEWED_C1_MAPPING	NEUTRAL_MISSING_DIRECT_EVIDENCE	db/022_round3b_context_governance.sql|db/data/round3m/C0_C1_EVIDENCE_RECEIPT.json
prior:preparation.family.hybrid:extremely_light:sensory.lemon	preparation.family.hybrid	extremely_light	sensory.lemon	0.000000	0.000000	0.000000	neutral	0			db/data/round3m/C0_C1_EVIDENCE_RECEIPT.json	NEUTRAL_ZERO_REVIEWED_C1_MAPPING	NEUTRAL_MISSING_DIRECT_EVIDENCE	db/022_round3b_context_governance.sql|db/data/round3m/C0_C1_EVIDENCE_RECEIPT.json
prior:preparation.family.hybrid:extremely_light:sensory.orange	preparation.family.hybrid	extremely_light	sensory.orange	0.000000	0.000000	0.000000	neutral	0			db/data/round3m/C0_C1_EVIDENCE_RECEIPT.json	NEUTRAL_ZERO_REVIEWED_C1_MAPPING	NEUTRAL_MISSING_DIRECT_EVIDENCE	db/022_round3b_context_governance.sql|db/data/round3m/C0_C1_EVIDENCE_RECEIPT.json
prior:preparation.family.hybrid:extremely_light:sensory.blueberry	preparation.family.hybrid	extremely_light	sensory.blueberry	0.000000	0.000000	0.000000	neutral	0			db/data/round3m/C0_C1_EVIDENCE_RECEIPT.json	NEUTRAL_ZERO_REVIEWED_C1_MAPPING	NEUTRAL_MISSING_DIRECT_EVIDENCE	db/022_round3b_context_governance.sql|db/data/round3m/C0_C1_EVIDENCE_RECEIPT.json
prior:preparation.family.hybrid:extremely_light:sensory.honey	preparation.family.hybrid	extremely_light	sensory.honey	0.000000	0.000000	0.000000	neutral	0			db/data/round3m/C0_C1_EVIDENCE_RECEIPT.json	NEUTRAL_ZERO_REVIEWED_C1_MAPPING	NEUTRAL_MISSING_DIRECT_EVIDENCE	db/022_round3b_context_governance.sql|db/data/round3m/C0_C1_EVIDENCE_RECEIPT.json
prior:preparation.family.hybrid:extremely_light:sensory.caramel	preparation.family.hybrid	extremely_light	sensory.caramel	0.000000	0.000000	0.000000	neutral	0			db/data/round3m/C0_C1_EVIDENCE_RECEIPT.json	NEUTRAL_ZERO_REVIEWED_C1_MAPPING	NEUTRAL_MISSING_DIRECT_EVIDENCE	db/022_round3b_context_governance.sql|db/data/round3m/C0_C1_EVIDENCE_RECEIPT.json
prior:preparation.family.hybrid:extremely_light:sensory.brown_sugar	preparation.family.hybrid	extremely_light	sensory.brown_sugar	0.000000	0.000000	0.000000	neutral	0			db/data/round3m/C0_C1_EVIDENCE_RECEIPT.json	NEUTRAL_ZERO_REVIEWED_C1_MAPPING	NEUTRAL_MISSING_DIRECT_EVIDENCE	db/022_round3b_context_governance.sql|db/data/round3m/C0_C1_EVIDENCE_RECEIPT.json
prior:preparation.family.hybrid:extremely_light:sensory.almond	preparation.family.hybrid	extremely_light	sensory.almond	0.000000	0.000000	0.000000	neutral	0			db/data/round3m/C0_C1_EVIDENCE_RECEIPT.json	NEUTRAL_ZERO_REVIEWED_C1_MAPPING	NEUTRAL_MISSING_DIRECT_EVIDENCE	db/022_round3b_context_governance.sql|db/data/round3m/C0_C1_EVIDENCE_RECEIPT.json
prior:preparation.family.hybrid:extremely_light:sensory.hazelnut	preparation.family.hybrid	extremely_light	sensory.hazelnut	0.000000	0.000000	0.000000	neutral	0			db/data/round3m/C0_C1_EVIDENCE_RECEIPT.json	NEUTRAL_ZERO_REVIEWED_C1_MAPPING	NEUTRAL_MISSING_DIRECT_EVIDENCE	db/022_round3b_context_governance.sql|db/data/round3m/C0_C1_EVIDENCE_RECEIPT.json
prior:preparation.family.hybrid:extremely_light:sensory.dark_chocolate	preparation.family.hybrid	extremely_light	sensory.dark_chocolate	0.000000	0.000000	0.000000	neutral	0			db/data/round3m/C0_C1_EVIDENCE_RECEIPT.json	NEUTRAL_ZERO_REVIEWED_C1_MAPPING	NEUTRAL_MISSING_DIRECT_EVIDENCE	db/022_round3b_context_governance.sql|db/data/round3m/C0_C1_EVIDENCE_RECEIPT.json
prior:preparation.family.hybrid:extremely_light:sensory.cinnamon	preparation.family.hybrid	extremely_light	sensory.cinnamon	0.000000	0.000000	0.000000	neutral	0			db/data/round3m/C0_C1_EVIDENCE_RECEIPT.json	NEUTRAL_ZERO_REVIEWED_C1_MAPPING	NEUTRAL_MISSING_DIRECT_EVIDENCE	db/022_round3b_context_governance.sql|db/data/round3m/C0_C1_EVIDENCE_RECEIPT.json
prior:preparation.family.hybrid:extremely_light:sensory.tobacco	preparation.family.hybrid	extremely_light	sensory.tobacco	0.000000	0.000000	0.000000	neutral	0			db/data/round3m/C0_C1_EVIDENCE_RECEIPT.json	NEUTRAL_ZERO_REVIEWED_C1_MAPPING	NEUTRAL_MISSING_DIRECT_EVIDENCE	db/022_round3b_context_governance.sql|db/data/round3m/C0_C1_EVIDENCE_RECEIPT.json
prior:preparation.family.hybrid:extremely_light:sensory.smoky	preparation.family.hybrid	extremely_light	sensory.smoky	0.000000	0.000000	0.000000	neutral	0			db/data/round3m/C0_C1_EVIDENCE_RECEIPT.json	NEUTRAL_ZERO_REVIEWED_C1_MAPPING	NEUTRAL_MISSING_DIRECT_EVIDENCE	db/022_round3b_context_governance.sql|db/data/round3m/C0_C1_EVIDENCE_RECEIPT.json
prior:preparation.family.hybrid:extremely_light:sensory.green_tea	preparation.family.hybrid	extremely_light	sensory.green_tea	0.000000	0.000000	0.000000	neutral	0			db/data/round3m/C0_C1_EVIDENCE_RECEIPT.json	NEUTRAL_ZERO_REVIEWED_C1_MAPPING	NEUTRAL_MISSING_DIRECT_EVIDENCE	db/022_round3b_context_governance.sql|db/data/round3m/C0_C1_EVIDENCE_RECEIPT.json
prior:preparation.family.hybrid:extremely_light:sensory.cedar	preparation.family.hybrid	extremely_light	sensory.cedar	0.000000	0.000000	0.000000	neutral	0			db/data/round3m/C0_C1_EVIDENCE_RECEIPT.json	NEUTRAL_ZERO_REVIEWED_C1_MAPPING	NEUTRAL_MISSING_DIRECT_EVIDENCE	db/022_round3b_context_governance.sql|db/data/round3m/C0_C1_EVIDENCE_RECEIPT.json
prior:preparation.family.hybrid:extremely_light:sensory.earthy	preparation.family.hybrid	extremely_light	sensory.earthy	0.000000	0.000000	0.000000	neutral	0			db/data/round3m/C0_C1_EVIDENCE_RECEIPT.json	NEUTRAL_ZERO_REVIEWED_C1_MAPPING	NEUTRAL_MISSING_DIRECT_EVIDENCE	db/022_round3b_context_governance.sql|db/data/round3m/C0_C1_EVIDENCE_RECEIPT.json
prior:preparation.family.hybrid:extremely_light:sensory.fermented_character	preparation.family.hybrid	extremely_light	sensory.fermented_character	0.000000	0.000000	0.000000	neutral	0			db/data/round3m/C0_C1_EVIDENCE_RECEIPT.json	NEUTRAL_ZERO_REVIEWED_C1_MAPPING	NEUTRAL_MISSING_DIRECT_EVIDENCE	db/022_round3b_context_governance.sql|db/data/round3m/C0_C1_EVIDENCE_RECEIPT.json
prior:preparation.family.hybrid:extremely_light:sensory.wine_like_character	preparation.family.hybrid	extremely_light	sensory.wine_like_character	0.000000	0.000000	0.000000	neutral	0			db/data/round3m/C0_C1_EVIDENCE_RECEIPT.json	NEUTRAL_ZERO_REVIEWED_C1_MAPPING	NEUTRAL_MISSING_DIRECT_EVIDENCE	db/022_round3b_context_governance.sql|db/data/round3m/C0_C1_EVIDENCE_RECEIPT.json
prior:preparation.family.hybrid:light:sensory.jasmine	preparation.family.hybrid	light	sensory.jasmine	0.000000	0.000000	0.000000	neutral	0			db/data/round3m/C0_C1_EVIDENCE_RECEIPT.json	NEUTRAL_ZERO_REVIEWED_C1_MAPPING	NEUTRAL_MISSING_DIRECT_EVIDENCE	db/022_round3b_context_governance.sql|db/data/round3m/C0_C1_EVIDENCE_RECEIPT.json
prior:preparation.family.hybrid:light:sensory.rose	preparation.family.hybrid	light	sensory.rose	0.000000	0.000000	0.000000	neutral	0			db/data/round3m/C0_C1_EVIDENCE_RECEIPT.json	NEUTRAL_ZERO_REVIEWED_C1_MAPPING	NEUTRAL_MISSING_DIRECT_EVIDENCE	db/022_round3b_context_governance.sql|db/data/round3m/C0_C1_EVIDENCE_RECEIPT.json
prior:preparation.family.hybrid:light:sensory.orange_blossom	preparation.family.hybrid	light	sensory.orange_blossom	0.000000	0.000000	0.000000	neutral	0			db/data/round3m/C0_C1_EVIDENCE_RECEIPT.json	NEUTRAL_ZERO_REVIEWED_C1_MAPPING	NEUTRAL_MISSING_DIRECT_EVIDENCE	db/022_round3b_context_governance.sql|db/data/round3m/C0_C1_EVIDENCE_RECEIPT.json
prior:preparation.family.hybrid:light:sensory.lemon	preparation.family.hybrid	light	sensory.lemon	0.000000	0.000000	0.000000	neutral	0			db/data/round3m/C0_C1_EVIDENCE_RECEIPT.json	NEUTRAL_ZERO_REVIEWED_C1_MAPPING	NEUTRAL_MISSING_DIRECT_EVIDENCE	db/022_round3b_context_governance.sql|db/data/round3m/C0_C1_EVIDENCE_RECEIPT.json
prior:preparation.family.hybrid:light:sensory.orange	preparation.family.hybrid	light	sensory.orange	0.000000	0.000000	0.000000	neutral	0			db/data/round3m/C0_C1_EVIDENCE_RECEIPT.json	NEUTRAL_ZERO_REVIEWED_C1_MAPPING	NEUTRAL_MISSING_DIRECT_EVIDENCE	db/022_round3b_context_governance.sql|db/data/round3m/C0_C1_EVIDENCE_RECEIPT.json
prior:preparation.family.hybrid:light:sensory.blueberry	preparation.family.hybrid	light	sensory.blueberry	0.000000	0.000000	0.000000	neutral	0			db/data/round3m/C0_C1_EVIDENCE_RECEIPT.json	NEUTRAL_ZERO_REVIEWED_C1_MAPPING	NEUTRAL_MISSING_DIRECT_EVIDENCE	db/022_round3b_context_governance.sql|db/data/round3m/C0_C1_EVIDENCE_RECEIPT.json
prior:preparation.family.hybrid:light:sensory.honey	preparation.family.hybrid	light	sensory.honey	0.000000	0.000000	0.000000	neutral	0			db/data/round3m/C0_C1_EVIDENCE_RECEIPT.json	NEUTRAL_ZERO_REVIEWED_C1_MAPPING	NEUTRAL_MISSING_DIRECT_EVIDENCE	db/022_round3b_context_governance.sql|db/data/round3m/C0_C1_EVIDENCE_RECEIPT.json
prior:preparation.family.hybrid:light:sensory.caramel	preparation.family.hybrid	light	sensory.caramel	0.000000	0.000000	0.000000	neutral	0			db/data/round3m/C0_C1_EVIDENCE_RECEIPT.json	NEUTRAL_ZERO_REVIEWED_C1_MAPPING	NEUTRAL_MISSING_DIRECT_EVIDENCE	db/022_round3b_context_governance.sql|db/data/round3m/C0_C1_EVIDENCE_RECEIPT.json
prior:preparation.family.hybrid:light:sensory.brown_sugar	preparation.family.hybrid	light	sensory.brown_sugar	0.000000	0.000000	0.000000	neutral	0			db/data/round3m/C0_C1_EVIDENCE_RECEIPT.json	NEUTRAL_ZERO_REVIEWED_C1_MAPPING	NEUTRAL_MISSING_DIRECT_EVIDENCE	db/022_round3b_context_governance.sql|db/data/round3m/C0_C1_EVIDENCE_RECEIPT.json
prior:preparation.family.hybrid:light:sensory.almond	preparation.family.hybrid	light	sensory.almond	0.000000	0.000000	0.000000	neutral	0			db/data/round3m/C0_C1_EVIDENCE_RECEIPT.json	NEUTRAL_ZERO_REVIEWED_C1_MAPPING	NEUTRAL_MISSING_DIRECT_EVIDENCE	db/022_round3b_context_governance.sql|db/data/round3m/C0_C1_EVIDENCE_RECEIPT.json
prior:preparation.family.hybrid:light:sensory.hazelnut	preparation.family.hybrid	light	sensory.hazelnut	0.000000	0.000000	0.000000	neutral	0			db/data/round3m/C0_C1_EVIDENCE_RECEIPT.json	NEUTRAL_ZERO_REVIEWED_C1_MAPPING	NEUTRAL_MISSING_DIRECT_EVIDENCE	db/022_round3b_context_governance.sql|db/data/round3m/C0_C1_EVIDENCE_RECEIPT.json
prior:preparation.family.hybrid:light:sensory.dark_chocolate	preparation.family.hybrid	light	sensory.dark_chocolate	0.000000	0.000000	0.000000	neutral	0			db/data/round3m/C0_C1_EVIDENCE_RECEIPT.json	NEUTRAL_ZERO_REVIEWED_C1_MAPPING	NEUTRAL_MISSING_DIRECT_EVIDENCE	db/022_round3b_context_governance.sql|db/data/round3m/C0_C1_EVIDENCE_RECEIPT.json
prior:preparation.family.hybrid:light:sensory.cinnamon	preparation.family.hybrid	light	sensory.cinnamon	0.000000	0.000000	0.000000	neutral	0			db/data/round3m/C0_C1_EVIDENCE_RECEIPT.json	NEUTRAL_ZERO_REVIEWED_C1_MAPPING	NEUTRAL_MISSING_DIRECT_EVIDENCE	db/022_round3b_context_governance.sql|db/data/round3m/C0_C1_EVIDENCE_RECEIPT.json
prior:preparation.family.hybrid:light:sensory.tobacco	preparation.family.hybrid	light	sensory.tobacco	0.000000	0.000000	0.000000	neutral	0			db/data/round3m/C0_C1_EVIDENCE_RECEIPT.json	NEUTRAL_ZERO_REVIEWED_C1_MAPPING	NEUTRAL_MISSING_DIRECT_EVIDENCE	db/022_round3b_context_governance.sql|db/data/round3m/C0_C1_EVIDENCE_RECEIPT.json
prior:preparation.family.hybrid:light:sensory.smoky	preparation.family.hybrid	light	sensory.smoky	0.000000	0.000000	0.000000	neutral	0			db/data/round3m/C0_C1_EVIDENCE_RECEIPT.json	NEUTRAL_ZERO_REVIEWED_C1_MAPPING	NEUTRAL_MISSING_DIRECT_EVIDENCE	db/022_round3b_context_governance.sql|db/data/round3m/C0_C1_EVIDENCE_RECEIPT.json
prior:preparation.family.hybrid:light:sensory.green_tea	preparation.family.hybrid	light	sensory.green_tea	0.000000	0.000000	0.000000	neutral	0			db/data/round3m/C0_C1_EVIDENCE_RECEIPT.json	NEUTRAL_ZERO_REVIEWED_C1_MAPPING	NEUTRAL_MISSING_DIRECT_EVIDENCE	db/022_round3b_context_governance.sql|db/data/round3m/C0_C1_EVIDENCE_RECEIPT.json
prior:preparation.family.hybrid:light:sensory.cedar	preparation.family.hybrid	light	sensory.cedar	0.000000	0.000000	0.000000	neutral	0			db/data/round3m/C0_C1_EVIDENCE_RECEIPT.json	NEUTRAL_ZERO_REVIEWED_C1_MAPPING	NEUTRAL_MISSING_DIRECT_EVIDENCE	db/022_round3b_context_governance.sql|db/data/round3m/C0_C1_EVIDENCE_RECEIPT.json
prior:preparation.family.hybrid:light:sensory.earthy	preparation.family.hybrid	light	sensory.earthy	0.000000	0.000000	0.000000	neutral	0			db/data/round3m/C0_C1_EVIDENCE_RECEIPT.json	NEUTRAL_ZERO_REVIEWED_C1_MAPPING	NEUTRAL_MISSING_DIRECT_EVIDENCE	db/022_round3b_context_governance.sql|db/data/round3m/C0_C1_EVIDENCE_RECEIPT.json
prior:preparation.family.hybrid:light:sensory.fermented_character	preparation.family.hybrid	light	sensory.fermented_character	0.000000	0.000000	0.000000	neutral	0			db/data/round3m/C0_C1_EVIDENCE_RECEIPT.json	NEUTRAL_ZERO_REVIEWED_C1_MAPPING	NEUTRAL_MISSING_DIRECT_EVIDENCE	db/022_round3b_context_governance.sql|db/data/round3m/C0_C1_EVIDENCE_RECEIPT.json
prior:preparation.family.hybrid:light:sensory.wine_like_character	preparation.family.hybrid	light	sensory.wine_like_character	0.000000	0.000000	0.000000	neutral	0			db/data/round3m/C0_C1_EVIDENCE_RECEIPT.json	NEUTRAL_ZERO_REVIEWED_C1_MAPPING	NEUTRAL_MISSING_DIRECT_EVIDENCE	db/022_round3b_context_governance.sql|db/data/round3m/C0_C1_EVIDENCE_RECEIPT.json
prior:preparation.family.hybrid:medium_light:sensory.jasmine	preparation.family.hybrid	medium_light	sensory.jasmine	0.000000	0.000000	0.000000	neutral	0			db/data/round3m/C0_C1_EVIDENCE_RECEIPT.json	NEUTRAL_ZERO_REVIEWED_C1_MAPPING	NEUTRAL_MISSING_DIRECT_EVIDENCE	db/022_round3b_context_governance.sql|db/data/round3m/C0_C1_EVIDENCE_RECEIPT.json
prior:preparation.family.hybrid:medium_light:sensory.rose	preparation.family.hybrid	medium_light	sensory.rose	0.000000	0.000000	0.000000	neutral	0			db/data/round3m/C0_C1_EVIDENCE_RECEIPT.json	NEUTRAL_ZERO_REVIEWED_C1_MAPPING	NEUTRAL_MISSING_DIRECT_EVIDENCE	db/022_round3b_context_governance.sql|db/data/round3m/C0_C1_EVIDENCE_RECEIPT.json
prior:preparation.family.hybrid:medium_light:sensory.orange_blossom	preparation.family.hybrid	medium_light	sensory.orange_blossom	0.000000	0.000000	0.000000	neutral	0			db/data/round3m/C0_C1_EVIDENCE_RECEIPT.json	NEUTRAL_ZERO_REVIEWED_C1_MAPPING	NEUTRAL_MISSING_DIRECT_EVIDENCE	db/022_round3b_context_governance.sql|db/data/round3m/C0_C1_EVIDENCE_RECEIPT.json
prior:preparation.family.hybrid:medium_light:sensory.lemon	preparation.family.hybrid	medium_light	sensory.lemon	0.000000	0.000000	0.000000	neutral	0			db/data/round3m/C0_C1_EVIDENCE_RECEIPT.json	NEUTRAL_ZERO_REVIEWED_C1_MAPPING	NEUTRAL_MISSING_DIRECT_EVIDENCE	db/022_round3b_context_governance.sql|db/data/round3m/C0_C1_EVIDENCE_RECEIPT.json
prior:preparation.family.hybrid:medium_light:sensory.orange	preparation.family.hybrid	medium_light	sensory.orange	0.000000	0.000000	0.000000	neutral	0			db/data/round3m/C0_C1_EVIDENCE_RECEIPT.json	NEUTRAL_ZERO_REVIEWED_C1_MAPPING	NEUTRAL_MISSING_DIRECT_EVIDENCE	db/022_round3b_context_governance.sql|db/data/round3m/C0_C1_EVIDENCE_RECEIPT.json
prior:preparation.family.hybrid:medium_light:sensory.blueberry	preparation.family.hybrid	medium_light	sensory.blueberry	0.000000	0.000000	0.000000	neutral	0			db/data/round3m/C0_C1_EVIDENCE_RECEIPT.json	NEUTRAL_ZERO_REVIEWED_C1_MAPPING	NEUTRAL_MISSING_DIRECT_EVIDENCE	db/022_round3b_context_governance.sql|db/data/round3m/C0_C1_EVIDENCE_RECEIPT.json
prior:preparation.family.hybrid:medium_light:sensory.honey	preparation.family.hybrid	medium_light	sensory.honey	0.000000	0.000000	0.000000	neutral	0			db/data/round3m/C0_C1_EVIDENCE_RECEIPT.json	NEUTRAL_ZERO_REVIEWED_C1_MAPPING	NEUTRAL_MISSING_DIRECT_EVIDENCE	db/022_round3b_context_governance.sql|db/data/round3m/C0_C1_EVIDENCE_RECEIPT.json
prior:preparation.family.hybrid:medium_light:sensory.caramel	preparation.family.hybrid	medium_light	sensory.caramel	0.000000	0.000000	0.000000	neutral	0			db/data/round3m/C0_C1_EVIDENCE_RECEIPT.json	NEUTRAL_ZERO_REVIEWED_C1_MAPPING	NEUTRAL_MISSING_DIRECT_EVIDENCE	db/022_round3b_context_governance.sql|db/data/round3m/C0_C1_EVIDENCE_RECEIPT.json
prior:preparation.family.hybrid:medium_light:sensory.brown_sugar	preparation.family.hybrid	medium_light	sensory.brown_sugar	0.000000	0.000000	0.000000	neutral	0			db/data/round3m/C0_C1_EVIDENCE_RECEIPT.json	NEUTRAL_ZERO_REVIEWED_C1_MAPPING	NEUTRAL_MISSING_DIRECT_EVIDENCE	db/022_round3b_context_governance.sql|db/data/round3m/C0_C1_EVIDENCE_RECEIPT.json
prior:preparation.family.hybrid:medium_light:sensory.almond	preparation.family.hybrid	medium_light	sensory.almond	0.000000	0.000000	0.000000	neutral	0			db/data/round3m/C0_C1_EVIDENCE_RECEIPT.json	NEUTRAL_ZERO_REVIEWED_C1_MAPPING	NEUTRAL_MISSING_DIRECT_EVIDENCE	db/022_round3b_context_governance.sql|db/data/round3m/C0_C1_EVIDENCE_RECEIPT.json
prior:preparation.family.hybrid:medium_light:sensory.hazelnut	preparation.family.hybrid	medium_light	sensory.hazelnut	0.000000	0.000000	0.000000	neutral	0			db/data/round3m/C0_C1_EVIDENCE_RECEIPT.json	NEUTRAL_ZERO_REVIEWED_C1_MAPPING	NEUTRAL_MISSING_DIRECT_EVIDENCE	db/022_round3b_context_governance.sql|db/data/round3m/C0_C1_EVIDENCE_RECEIPT.json
prior:preparation.family.hybrid:medium_light:sensory.dark_chocolate	preparation.family.hybrid	medium_light	sensory.dark_chocolate	0.000000	0.000000	0.000000	neutral	0			db/data/round3m/C0_C1_EVIDENCE_RECEIPT.json	NEUTRAL_ZERO_REVIEWED_C1_MAPPING	NEUTRAL_MISSING_DIRECT_EVIDENCE	db/022_round3b_context_governance.sql|db/data/round3m/C0_C1_EVIDENCE_RECEIPT.json
prior:preparation.family.hybrid:medium_light:sensory.cinnamon	preparation.family.hybrid	medium_light	sensory.cinnamon	0.000000	0.000000	0.000000	neutral	0			db/data/round3m/C0_C1_EVIDENCE_RECEIPT.json	NEUTRAL_ZERO_REVIEWED_C1_MAPPING	NEUTRAL_MISSING_DIRECT_EVIDENCE	db/022_round3b_context_governance.sql|db/data/round3m/C0_C1_EVIDENCE_RECEIPT.json
prior:preparation.family.hybrid:medium_light:sensory.tobacco	preparation.family.hybrid	medium_light	sensory.tobacco	0.000000	0.000000	0.000000	neutral	0			db/data/round3m/C0_C1_EVIDENCE_RECEIPT.json	NEUTRAL_ZERO_REVIEWED_C1_MAPPING	NEUTRAL_MISSING_DIRECT_EVIDENCE	db/022_round3b_context_governance.sql|db/data/round3m/C0_C1_EVIDENCE_RECEIPT.json
prior:preparation.family.hybrid:medium_light:sensory.smoky	preparation.family.hybrid	medium_light	sensory.smoky	0.000000	0.000000	0.000000	neutral	0			db/data/round3m/C0_C1_EVIDENCE_RECEIPT.json	NEUTRAL_ZERO_REVIEWED_C1_MAPPING	NEUTRAL_MISSING_DIRECT_EVIDENCE	db/022_round3b_context_governance.sql|db/data/round3m/C0_C1_EVIDENCE_RECEIPT.json
prior:preparation.family.hybrid:medium_light:sensory.green_tea	preparation.family.hybrid	medium_light	sensory.green_tea	0.000000	0.000000	0.000000	neutral	0			db/data/round3m/C0_C1_EVIDENCE_RECEIPT.json	NEUTRAL_ZERO_REVIEWED_C1_MAPPING	NEUTRAL_MISSING_DIRECT_EVIDENCE	db/022_round3b_context_governance.sql|db/data/round3m/C0_C1_EVIDENCE_RECEIPT.json
prior:preparation.family.hybrid:medium_light:sensory.cedar	preparation.family.hybrid	medium_light	sensory.cedar	0.000000	0.000000	0.000000	neutral	0			db/data/round3m/C0_C1_EVIDENCE_RECEIPT.json	NEUTRAL_ZERO_REVIEWED_C1_MAPPING	NEUTRAL_MISSING_DIRECT_EVIDENCE	db/022_round3b_context_governance.sql|db/data/round3m/C0_C1_EVIDENCE_RECEIPT.json
prior:preparation.family.hybrid:medium_light:sensory.earthy	preparation.family.hybrid	medium_light	sensory.earthy	0.000000	0.000000	0.000000	neutral	0			db/data/round3m/C0_C1_EVIDENCE_RECEIPT.json	NEUTRAL_ZERO_REVIEWED_C1_MAPPING	NEUTRAL_MISSING_DIRECT_EVIDENCE	db/022_round3b_context_governance.sql|db/data/round3m/C0_C1_EVIDENCE_RECEIPT.json
prior:preparation.family.hybrid:medium_light:sensory.fermented_character	preparation.family.hybrid	medium_light	sensory.fermented_character	0.000000	0.000000	0.000000	neutral	0			db/data/round3m/C0_C1_EVIDENCE_RECEIPT.json	NEUTRAL_ZERO_REVIEWED_C1_MAPPING	NEUTRAL_MISSING_DIRECT_EVIDENCE	db/022_round3b_context_governance.sql|db/data/round3m/C0_C1_EVIDENCE_RECEIPT.json
prior:preparation.family.hybrid:medium_light:sensory.wine_like_character	preparation.family.hybrid	medium_light	sensory.wine_like_character	0.000000	0.000000	0.000000	neutral	0			db/data/round3m/C0_C1_EVIDENCE_RECEIPT.json	NEUTRAL_ZERO_REVIEWED_C1_MAPPING	NEUTRAL_MISSING_DIRECT_EVIDENCE	db/022_round3b_context_governance.sql|db/data/round3m/C0_C1_EVIDENCE_RECEIPT.json
prior:preparation.family.hybrid:medium:sensory.jasmine	preparation.family.hybrid	medium	sensory.jasmine	0.000000	0.000000	0.000000	neutral	0			db/data/round3m/C0_C1_EVIDENCE_RECEIPT.json	NEUTRAL_ZERO_REVIEWED_C1_MAPPING	NEUTRAL_MISSING_DIRECT_EVIDENCE	db/022_round3b_context_governance.sql|db/data/round3m/C0_C1_EVIDENCE_RECEIPT.json
prior:preparation.family.hybrid:medium:sensory.rose	preparation.family.hybrid	medium	sensory.rose	0.000000	0.000000	0.000000	neutral	0			db/data/round3m/C0_C1_EVIDENCE_RECEIPT.json	NEUTRAL_ZERO_REVIEWED_C1_MAPPING	NEUTRAL_MISSING_DIRECT_EVIDENCE	db/022_round3b_context_governance.sql|db/data/round3m/C0_C1_EVIDENCE_RECEIPT.json
prior:preparation.family.hybrid:medium:sensory.orange_blossom	preparation.family.hybrid	medium	sensory.orange_blossom	0.000000	0.000000	0.000000	neutral	0			db/data/round3m/C0_C1_EVIDENCE_RECEIPT.json	NEUTRAL_ZERO_REVIEWED_C1_MAPPING	NEUTRAL_MISSING_DIRECT_EVIDENCE	db/022_round3b_context_governance.sql|db/data/round3m/C0_C1_EVIDENCE_RECEIPT.json
prior:preparation.family.hybrid:medium:sensory.lemon	preparation.family.hybrid	medium	sensory.lemon	0.000000	0.000000	0.000000	neutral	0			db/data/round3m/C0_C1_EVIDENCE_RECEIPT.json	NEUTRAL_ZERO_REVIEWED_C1_MAPPING	NEUTRAL_MISSING_DIRECT_EVIDENCE	db/022_round3b_context_governance.sql|db/data/round3m/C0_C1_EVIDENCE_RECEIPT.json
prior:preparation.family.hybrid:medium:sensory.orange	preparation.family.hybrid	medium	sensory.orange	0.000000	0.000000	0.000000	neutral	0			db/data/round3m/C0_C1_EVIDENCE_RECEIPT.json	NEUTRAL_ZERO_REVIEWED_C1_MAPPING	NEUTRAL_MISSING_DIRECT_EVIDENCE	db/022_round3b_context_governance.sql|db/data/round3m/C0_C1_EVIDENCE_RECEIPT.json
prior:preparation.family.hybrid:medium:sensory.blueberry	preparation.family.hybrid	medium	sensory.blueberry	0.000000	0.000000	0.000000	neutral	0			db/data/round3m/C0_C1_EVIDENCE_RECEIPT.json	NEUTRAL_ZERO_REVIEWED_C1_MAPPING	NEUTRAL_MISSING_DIRECT_EVIDENCE	db/022_round3b_context_governance.sql|db/data/round3m/C0_C1_EVIDENCE_RECEIPT.json
prior:preparation.family.hybrid:medium:sensory.honey	preparation.family.hybrid	medium	sensory.honey	0.000000	0.000000	0.000000	neutral	0			db/data/round3m/C0_C1_EVIDENCE_RECEIPT.json	NEUTRAL_ZERO_REVIEWED_C1_MAPPING	NEUTRAL_MISSING_DIRECT_EVIDENCE	db/022_round3b_context_governance.sql|db/data/round3m/C0_C1_EVIDENCE_RECEIPT.json
prior:preparation.family.hybrid:medium:sensory.caramel	preparation.family.hybrid	medium	sensory.caramel	0.000000	0.000000	0.000000	neutral	0			db/data/round3m/C0_C1_EVIDENCE_RECEIPT.json	NEUTRAL_ZERO_REVIEWED_C1_MAPPING	NEUTRAL_MISSING_DIRECT_EVIDENCE	db/022_round3b_context_governance.sql|db/data/round3m/C0_C1_EVIDENCE_RECEIPT.json
prior:preparation.family.hybrid:medium:sensory.brown_sugar	preparation.family.hybrid	medium	sensory.brown_sugar	0.000000	0.000000	0.000000	neutral	0			db/data/round3m/C0_C1_EVIDENCE_RECEIPT.json	NEUTRAL_ZERO_REVIEWED_C1_MAPPING	NEUTRAL_MISSING_DIRECT_EVIDENCE	db/022_round3b_context_governance.sql|db/data/round3m/C0_C1_EVIDENCE_RECEIPT.json
prior:preparation.family.hybrid:medium:sensory.almond	preparation.family.hybrid	medium	sensory.almond	0.000000	0.000000	0.000000	neutral	0			db/data/round3m/C0_C1_EVIDENCE_RECEIPT.json	NEUTRAL_ZERO_REVIEWED_C1_MAPPING	NEUTRAL_MISSING_DIRECT_EVIDENCE	db/022_round3b_context_governance.sql|db/data/round3m/C0_C1_EVIDENCE_RECEIPT.json
prior:preparation.family.hybrid:medium:sensory.hazelnut	preparation.family.hybrid	medium	sensory.hazelnut	0.000000	0.000000	0.000000	neutral	0			db/data/round3m/C0_C1_EVIDENCE_RECEIPT.json	NEUTRAL_ZERO_REVIEWED_C1_MAPPING	NEUTRAL_MISSING_DIRECT_EVIDENCE	db/022_round3b_context_governance.sql|db/data/round3m/C0_C1_EVIDENCE_RECEIPT.json
prior:preparation.family.hybrid:medium:sensory.dark_chocolate	preparation.family.hybrid	medium	sensory.dark_chocolate	0.000000	0.000000	0.000000	neutral	0			db/data/round3m/C0_C1_EVIDENCE_RECEIPT.json	NEUTRAL_ZERO_REVIEWED_C1_MAPPING	NEUTRAL_MISSING_DIRECT_EVIDENCE	db/022_round3b_context_governance.sql|db/data/round3m/C0_C1_EVIDENCE_RECEIPT.json
prior:preparation.family.hybrid:medium:sensory.cinnamon	preparation.family.hybrid	medium	sensory.cinnamon	0.000000	0.000000	0.000000	neutral	0			db/data/round3m/C0_C1_EVIDENCE_RECEIPT.json	NEUTRAL_ZERO_REVIEWED_C1_MAPPING	NEUTRAL_MISSING_DIRECT_EVIDENCE	db/022_round3b_context_governance.sql|db/data/round3m/C0_C1_EVIDENCE_RECEIPT.json
prior:preparation.family.hybrid:medium:sensory.tobacco	preparation.family.hybrid	medium	sensory.tobacco	0.000000	0.000000	0.000000	neutral	0			db/data/round3m/C0_C1_EVIDENCE_RECEIPT.json	NEUTRAL_ZERO_REVIEWED_C1_MAPPING	NEUTRAL_MISSING_DIRECT_EVIDENCE	db/022_round3b_context_governance.sql|db/data/round3m/C0_C1_EVIDENCE_RECEIPT.json
prior:preparation.family.hybrid:medium:sensory.smoky	preparation.family.hybrid	medium	sensory.smoky	0.000000	0.000000	0.000000	neutral	0			db/data/round3m/C0_C1_EVIDENCE_RECEIPT.json	NEUTRAL_ZERO_REVIEWED_C1_MAPPING	NEUTRAL_MISSING_DIRECT_EVIDENCE	db/022_round3b_context_governance.sql|db/data/round3m/C0_C1_EVIDENCE_RECEIPT.json
prior:preparation.family.hybrid:medium:sensory.green_tea	preparation.family.hybrid	medium	sensory.green_tea	0.000000	0.000000	0.000000	neutral	0			db/data/round3m/C0_C1_EVIDENCE_RECEIPT.json	NEUTRAL_ZERO_REVIEWED_C1_MAPPING	NEUTRAL_MISSING_DIRECT_EVIDENCE	db/022_round3b_context_governance.sql|db/data/round3m/C0_C1_EVIDENCE_RECEIPT.json
prior:preparation.family.hybrid:medium:sensory.cedar	preparation.family.hybrid	medium	sensory.cedar	0.000000	0.000000	0.000000	neutral	0			db/data/round3m/C0_C1_EVIDENCE_RECEIPT.json	NEUTRAL_ZERO_REVIEWED_C1_MAPPING	NEUTRAL_MISSING_DIRECT_EVIDENCE	db/022_round3b_context_governance.sql|db/data/round3m/C0_C1_EVIDENCE_RECEIPT.json
prior:preparation.family.hybrid:medium:sensory.earthy	preparation.family.hybrid	medium	sensory.earthy	0.000000	0.000000	0.000000	neutral	0			db/data/round3m/C0_C1_EVIDENCE_RECEIPT.json	NEUTRAL_ZERO_REVIEWED_C1_MAPPING	NEUTRAL_MISSING_DIRECT_EVIDENCE	db/022_round3b_context_governance.sql|db/data/round3m/C0_C1_EVIDENCE_RECEIPT.json
prior:preparation.family.hybrid:medium:sensory.fermented_character	preparation.family.hybrid	medium	sensory.fermented_character	0.000000	0.000000	0.000000	neutral	0			db/data/round3m/C0_C1_EVIDENCE_RECEIPT.json	NEUTRAL_ZERO_REVIEWED_C1_MAPPING	NEUTRAL_MISSING_DIRECT_EVIDENCE	db/022_round3b_context_governance.sql|db/data/round3m/C0_C1_EVIDENCE_RECEIPT.json
prior:preparation.family.hybrid:medium:sensory.wine_like_character	preparation.family.hybrid	medium	sensory.wine_like_character	0.000000	0.000000	0.000000	neutral	0			db/data/round3m/C0_C1_EVIDENCE_RECEIPT.json	NEUTRAL_ZERO_REVIEWED_C1_MAPPING	NEUTRAL_MISSING_DIRECT_EVIDENCE	db/022_round3b_context_governance.sql|db/data/round3m/C0_C1_EVIDENCE_RECEIPT.json
prior:preparation.family.hybrid:medium_dark:sensory.jasmine	preparation.family.hybrid	medium_dark	sensory.jasmine	0.000000	0.000000	0.000000	neutral	0			db/data/round3m/C0_C1_EVIDENCE_RECEIPT.json	NEUTRAL_ZERO_REVIEWED_C1_MAPPING	NEUTRAL_MISSING_DIRECT_EVIDENCE	db/022_round3b_context_governance.sql|db/data/round3m/C0_C1_EVIDENCE_RECEIPT.json
prior:preparation.family.hybrid:medium_dark:sensory.rose	preparation.family.hybrid	medium_dark	sensory.rose	0.000000	0.000000	0.000000	neutral	0			db/data/round3m/C0_C1_EVIDENCE_RECEIPT.json	NEUTRAL_ZERO_REVIEWED_C1_MAPPING	NEUTRAL_MISSING_DIRECT_EVIDENCE	db/022_round3b_context_governance.sql|db/data/round3m/C0_C1_EVIDENCE_RECEIPT.json
prior:preparation.family.hybrid:medium_dark:sensory.orange_blossom	preparation.family.hybrid	medium_dark	sensory.orange_blossom	0.000000	0.000000	0.000000	neutral	0			db/data/round3m/C0_C1_EVIDENCE_RECEIPT.json	NEUTRAL_ZERO_REVIEWED_C1_MAPPING	NEUTRAL_MISSING_DIRECT_EVIDENCE	db/022_round3b_context_governance.sql|db/data/round3m/C0_C1_EVIDENCE_RECEIPT.json
prior:preparation.family.hybrid:medium_dark:sensory.lemon	preparation.family.hybrid	medium_dark	sensory.lemon	0.000000	0.000000	0.000000	neutral	0			db/data/round3m/C0_C1_EVIDENCE_RECEIPT.json	NEUTRAL_ZERO_REVIEWED_C1_MAPPING	NEUTRAL_MISSING_DIRECT_EVIDENCE	db/022_round3b_context_governance.sql|db/data/round3m/C0_C1_EVIDENCE_RECEIPT.json
prior:preparation.family.hybrid:medium_dark:sensory.orange	preparation.family.hybrid	medium_dark	sensory.orange	0.000000	0.000000	0.000000	neutral	0			db/data/round3m/C0_C1_EVIDENCE_RECEIPT.json	NEUTRAL_ZERO_REVIEWED_C1_MAPPING	NEUTRAL_MISSING_DIRECT_EVIDENCE	db/022_round3b_context_governance.sql|db/data/round3m/C0_C1_EVIDENCE_RECEIPT.json
prior:preparation.family.hybrid:medium_dark:sensory.blueberry	preparation.family.hybrid	medium_dark	sensory.blueberry	0.000000	0.000000	0.000000	neutral	0			db/data/round3m/C0_C1_EVIDENCE_RECEIPT.json	NEUTRAL_ZERO_REVIEWED_C1_MAPPING	NEUTRAL_MISSING_DIRECT_EVIDENCE	db/022_round3b_context_governance.sql|db/data/round3m/C0_C1_EVIDENCE_RECEIPT.json
prior:preparation.family.hybrid:medium_dark:sensory.honey	preparation.family.hybrid	medium_dark	sensory.honey	0.000000	0.000000	0.000000	neutral	0			db/data/round3m/C0_C1_EVIDENCE_RECEIPT.json	NEUTRAL_ZERO_REVIEWED_C1_MAPPING	NEUTRAL_MISSING_DIRECT_EVIDENCE	db/022_round3b_context_governance.sql|db/data/round3m/C0_C1_EVIDENCE_RECEIPT.json
prior:preparation.family.hybrid:medium_dark:sensory.caramel	preparation.family.hybrid	medium_dark	sensory.caramel	0.000000	0.000000	0.000000	neutral	0			db/data/round3m/C0_C1_EVIDENCE_RECEIPT.json	NEUTRAL_ZERO_REVIEWED_C1_MAPPING	NEUTRAL_MISSING_DIRECT_EVIDENCE	db/022_round3b_context_governance.sql|db/data/round3m/C0_C1_EVIDENCE_RECEIPT.json
prior:preparation.family.hybrid:medium_dark:sensory.brown_sugar	preparation.family.hybrid	medium_dark	sensory.brown_sugar	0.000000	0.000000	0.000000	neutral	0			db/data/round3m/C0_C1_EVIDENCE_RECEIPT.json	NEUTRAL_ZERO_REVIEWED_C1_MAPPING	NEUTRAL_MISSING_DIRECT_EVIDENCE	db/022_round3b_context_governance.sql|db/data/round3m/C0_C1_EVIDENCE_RECEIPT.json
prior:preparation.family.hybrid:medium_dark:sensory.almond	preparation.family.hybrid	medium_dark	sensory.almond	0.000000	0.000000	0.000000	neutral	0			db/data/round3m/C0_C1_EVIDENCE_RECEIPT.json	NEUTRAL_ZERO_REVIEWED_C1_MAPPING	NEUTRAL_MISSING_DIRECT_EVIDENCE	db/022_round3b_context_governance.sql|db/data/round3m/C0_C1_EVIDENCE_RECEIPT.json
prior:preparation.family.hybrid:medium_dark:sensory.hazelnut	preparation.family.hybrid	medium_dark	sensory.hazelnut	0.000000	0.000000	0.000000	neutral	0			db/data/round3m/C0_C1_EVIDENCE_RECEIPT.json	NEUTRAL_ZERO_REVIEWED_C1_MAPPING	NEUTRAL_MISSING_DIRECT_EVIDENCE	db/022_round3b_context_governance.sql|db/data/round3m/C0_C1_EVIDENCE_RECEIPT.json
prior:preparation.family.hybrid:medium_dark:sensory.dark_chocolate	preparation.family.hybrid	medium_dark	sensory.dark_chocolate	0.000000	0.000000	0.000000	neutral	0			db/data/round3m/C0_C1_EVIDENCE_RECEIPT.json	NEUTRAL_ZERO_REVIEWED_C1_MAPPING	NEUTRAL_MISSING_DIRECT_EVIDENCE	db/022_round3b_context_governance.sql|db/data/round3m/C0_C1_EVIDENCE_RECEIPT.json
prior:preparation.family.hybrid:medium_dark:sensory.cinnamon	preparation.family.hybrid	medium_dark	sensory.cinnamon	0.000000	0.000000	0.000000	neutral	0			db/data/round3m/C0_C1_EVIDENCE_RECEIPT.json	NEUTRAL_ZERO_REVIEWED_C1_MAPPING	NEUTRAL_MISSING_DIRECT_EVIDENCE	db/022_round3b_context_governance.sql|db/data/round3m/C0_C1_EVIDENCE_RECEIPT.json
prior:preparation.family.hybrid:medium_dark:sensory.tobacco	preparation.family.hybrid	medium_dark	sensory.tobacco	0.000000	0.000000	0.000000	neutral	0			db/data/round3m/C0_C1_EVIDENCE_RECEIPT.json	NEUTRAL_ZERO_REVIEWED_C1_MAPPING	NEUTRAL_MISSING_DIRECT_EVIDENCE	db/022_round3b_context_governance.sql|db/data/round3m/C0_C1_EVIDENCE_RECEIPT.json
prior:preparation.family.hybrid:medium_dark:sensory.smoky	preparation.family.hybrid	medium_dark	sensory.smoky	0.000000	0.000000	0.000000	neutral	0			db/data/round3m/C0_C1_EVIDENCE_RECEIPT.json	NEUTRAL_ZERO_REVIEWED_C1_MAPPING	NEUTRAL_MISSING_DIRECT_EVIDENCE	db/022_round3b_context_governance.sql|db/data/round3m/C0_C1_EVIDENCE_RECEIPT.json
prior:preparation.family.hybrid:medium_dark:sensory.green_tea	preparation.family.hybrid	medium_dark	sensory.green_tea	0.000000	0.000000	0.000000	neutral	0			db/data/round3m/C0_C1_EVIDENCE_RECEIPT.json	NEUTRAL_ZERO_REVIEWED_C1_MAPPING	NEUTRAL_MISSING_DIRECT_EVIDENCE	db/022_round3b_context_governance.sql|db/data/round3m/C0_C1_EVIDENCE_RECEIPT.json
prior:preparation.family.hybrid:medium_dark:sensory.cedar	preparation.family.hybrid	medium_dark	sensory.cedar	0.000000	0.000000	0.000000	neutral	0			db/data/round3m/C0_C1_EVIDENCE_RECEIPT.json	NEUTRAL_ZERO_REVIEWED_C1_MAPPING	NEUTRAL_MISSING_DIRECT_EVIDENCE	db/022_round3b_context_governance.sql|db/data/round3m/C0_C1_EVIDENCE_RECEIPT.json
prior:preparation.family.hybrid:medium_dark:sensory.earthy	preparation.family.hybrid	medium_dark	sensory.earthy	0.000000	0.000000	0.000000	neutral	0			db/data/round3m/C0_C1_EVIDENCE_RECEIPT.json	NEUTRAL_ZERO_REVIEWED_C1_MAPPING	NEUTRAL_MISSING_DIRECT_EVIDENCE	db/022_round3b_context_governance.sql|db/data/round3m/C0_C1_EVIDENCE_RECEIPT.json
prior:preparation.family.hybrid:medium_dark:sensory.fermented_character	preparation.family.hybrid	medium_dark	sensory.fermented_character	0.000000	0.000000	0.000000	neutral	0			db/data/round3m/C0_C1_EVIDENCE_RECEIPT.json	NEUTRAL_ZERO_REVIEWED_C1_MAPPING	NEUTRAL_MISSING_DIRECT_EVIDENCE	db/022_round3b_context_governance.sql|db/data/round3m/C0_C1_EVIDENCE_RECEIPT.json
prior:preparation.family.hybrid:medium_dark:sensory.wine_like_character	preparation.family.hybrid	medium_dark	sensory.wine_like_character	0.000000	0.000000	0.000000	neutral	0			db/data/round3m/C0_C1_EVIDENCE_RECEIPT.json	NEUTRAL_ZERO_REVIEWED_C1_MAPPING	NEUTRAL_MISSING_DIRECT_EVIDENCE	db/022_round3b_context_governance.sql|db/data/round3m/C0_C1_EVIDENCE_RECEIPT.json
prior:preparation.family.hybrid:dark:sensory.jasmine	preparation.family.hybrid	dark	sensory.jasmine	0.000000	0.000000	0.000000	neutral	0			db/data/round3m/C0_C1_EVIDENCE_RECEIPT.json	NEUTRAL_ZERO_REVIEWED_C1_MAPPING	NEUTRAL_MISSING_DIRECT_EVIDENCE	db/022_round3b_context_governance.sql|db/data/round3m/C0_C1_EVIDENCE_RECEIPT.json
prior:preparation.family.hybrid:dark:sensory.rose	preparation.family.hybrid	dark	sensory.rose	0.000000	0.000000	0.000000	neutral	0			db/data/round3m/C0_C1_EVIDENCE_RECEIPT.json	NEUTRAL_ZERO_REVIEWED_C1_MAPPING	NEUTRAL_MISSING_DIRECT_EVIDENCE	db/022_round3b_context_governance.sql|db/data/round3m/C0_C1_EVIDENCE_RECEIPT.json
prior:preparation.family.hybrid:dark:sensory.orange_blossom	preparation.family.hybrid	dark	sensory.orange_blossom	0.000000	0.000000	0.000000	neutral	0			db/data/round3m/C0_C1_EVIDENCE_RECEIPT.json	NEUTRAL_ZERO_REVIEWED_C1_MAPPING	NEUTRAL_MISSING_DIRECT_EVIDENCE	db/022_round3b_context_governance.sql|db/data/round3m/C0_C1_EVIDENCE_RECEIPT.json
prior:preparation.family.hybrid:dark:sensory.lemon	preparation.family.hybrid	dark	sensory.lemon	0.000000	0.000000	0.000000	neutral	0			db/data/round3m/C0_C1_EVIDENCE_RECEIPT.json	NEUTRAL_ZERO_REVIEWED_C1_MAPPING	NEUTRAL_MISSING_DIRECT_EVIDENCE	db/022_round3b_context_governance.sql|db/data/round3m/C0_C1_EVIDENCE_RECEIPT.json
prior:preparation.family.hybrid:dark:sensory.orange	preparation.family.hybrid	dark	sensory.orange	0.000000	0.000000	0.000000	neutral	0			db/data/round3m/C0_C1_EVIDENCE_RECEIPT.json	NEUTRAL_ZERO_REVIEWED_C1_MAPPING	NEUTRAL_MISSING_DIRECT_EVIDENCE	db/022_round3b_context_governance.sql|db/data/round3m/C0_C1_EVIDENCE_RECEIPT.json
prior:preparation.family.hybrid:dark:sensory.blueberry	preparation.family.hybrid	dark	sensory.blueberry	0.000000	0.000000	0.000000	neutral	0			db/data/round3m/C0_C1_EVIDENCE_RECEIPT.json	NEUTRAL_ZERO_REVIEWED_C1_MAPPING	NEUTRAL_MISSING_DIRECT_EVIDENCE	db/022_round3b_context_governance.sql|db/data/round3m/C0_C1_EVIDENCE_RECEIPT.json
prior:preparation.family.hybrid:dark:sensory.honey	preparation.family.hybrid	dark	sensory.honey	0.000000	0.000000	0.000000	neutral	0			db/data/round3m/C0_C1_EVIDENCE_RECEIPT.json	NEUTRAL_ZERO_REVIEWED_C1_MAPPING	NEUTRAL_MISSING_DIRECT_EVIDENCE	db/022_round3b_context_governance.sql|db/data/round3m/C0_C1_EVIDENCE_RECEIPT.json
prior:preparation.family.hybrid:dark:sensory.caramel	preparation.family.hybrid	dark	sensory.caramel	0.000000	0.000000	0.000000	neutral	0			db/data/round3m/C0_C1_EVIDENCE_RECEIPT.json	NEUTRAL_ZERO_REVIEWED_C1_MAPPING	NEUTRAL_MISSING_DIRECT_EVIDENCE	db/022_round3b_context_governance.sql|db/data/round3m/C0_C1_EVIDENCE_RECEIPT.json
prior:preparation.family.hybrid:dark:sensory.brown_sugar	preparation.family.hybrid	dark	sensory.brown_sugar	0.000000	0.000000	0.000000	neutral	0			db/data/round3m/C0_C1_EVIDENCE_RECEIPT.json	NEUTRAL_ZERO_REVIEWED_C1_MAPPING	NEUTRAL_MISSING_DIRECT_EVIDENCE	db/022_round3b_context_governance.sql|db/data/round3m/C0_C1_EVIDENCE_RECEIPT.json
prior:preparation.family.hybrid:dark:sensory.almond	preparation.family.hybrid	dark	sensory.almond	0.000000	0.000000	0.000000	neutral	0			db/data/round3m/C0_C1_EVIDENCE_RECEIPT.json	NEUTRAL_ZERO_REVIEWED_C1_MAPPING	NEUTRAL_MISSING_DIRECT_EVIDENCE	db/022_round3b_context_governance.sql|db/data/round3m/C0_C1_EVIDENCE_RECEIPT.json
prior:preparation.family.hybrid:dark:sensory.hazelnut	preparation.family.hybrid	dark	sensory.hazelnut	0.000000	0.000000	0.000000	neutral	0			db/data/round3m/C0_C1_EVIDENCE_RECEIPT.json	NEUTRAL_ZERO_REVIEWED_C1_MAPPING	NEUTRAL_MISSING_DIRECT_EVIDENCE	db/022_round3b_context_governance.sql|db/data/round3m/C0_C1_EVIDENCE_RECEIPT.json
prior:preparation.family.hybrid:dark:sensory.dark_chocolate	preparation.family.hybrid	dark	sensory.dark_chocolate	0.000000	0.000000	0.000000	neutral	0			db/data/round3m/C0_C1_EVIDENCE_RECEIPT.json	NEUTRAL_ZERO_REVIEWED_C1_MAPPING	NEUTRAL_MISSING_DIRECT_EVIDENCE	db/022_round3b_context_governance.sql|db/data/round3m/C0_C1_EVIDENCE_RECEIPT.json
prior:preparation.family.hybrid:dark:sensory.cinnamon	preparation.family.hybrid	dark	sensory.cinnamon	0.000000	0.000000	0.000000	neutral	0			db/data/round3m/C0_C1_EVIDENCE_RECEIPT.json	NEUTRAL_ZERO_REVIEWED_C1_MAPPING	NEUTRAL_MISSING_DIRECT_EVIDENCE	db/022_round3b_context_governance.sql|db/data/round3m/C0_C1_EVIDENCE_RECEIPT.json
prior:preparation.family.hybrid:dark:sensory.tobacco	preparation.family.hybrid	dark	sensory.tobacco	0.000000	0.000000	0.000000	neutral	0			db/data/round3m/C0_C1_EVIDENCE_RECEIPT.json	NEUTRAL_ZERO_REVIEWED_C1_MAPPING	NEUTRAL_MISSING_DIRECT_EVIDENCE	db/022_round3b_context_governance.sql|db/data/round3m/C0_C1_EVIDENCE_RECEIPT.json
prior:preparation.family.hybrid:dark:sensory.smoky	preparation.family.hybrid	dark	sensory.smoky	0.000000	0.000000	0.000000	neutral	0			db/data/round3m/C0_C1_EVIDENCE_RECEIPT.json	NEUTRAL_ZERO_REVIEWED_C1_MAPPING	NEUTRAL_MISSING_DIRECT_EVIDENCE	db/022_round3b_context_governance.sql|db/data/round3m/C0_C1_EVIDENCE_RECEIPT.json
prior:preparation.family.hybrid:dark:sensory.green_tea	preparation.family.hybrid	dark	sensory.green_tea	0.000000	0.000000	0.000000	neutral	0			db/data/round3m/C0_C1_EVIDENCE_RECEIPT.json	NEUTRAL_ZERO_REVIEWED_C1_MAPPING	NEUTRAL_MISSING_DIRECT_EVIDENCE	db/022_round3b_context_governance.sql|db/data/round3m/C0_C1_EVIDENCE_RECEIPT.json
prior:preparation.family.hybrid:dark:sensory.cedar	preparation.family.hybrid	dark	sensory.cedar	0.000000	0.000000	0.000000	neutral	0			db/data/round3m/C0_C1_EVIDENCE_RECEIPT.json	NEUTRAL_ZERO_REVIEWED_C1_MAPPING	NEUTRAL_MISSING_DIRECT_EVIDENCE	db/022_round3b_context_governance.sql|db/data/round3m/C0_C1_EVIDENCE_RECEIPT.json
prior:preparation.family.hybrid:dark:sensory.earthy	preparation.family.hybrid	dark	sensory.earthy	0.000000	0.000000	0.000000	neutral	0			db/data/round3m/C0_C1_EVIDENCE_RECEIPT.json	NEUTRAL_ZERO_REVIEWED_C1_MAPPING	NEUTRAL_MISSING_DIRECT_EVIDENCE	db/022_round3b_context_governance.sql|db/data/round3m/C0_C1_EVIDENCE_RECEIPT.json
prior:preparation.family.hybrid:dark:sensory.fermented_character	preparation.family.hybrid	dark	sensory.fermented_character	0.000000	0.000000	0.000000	neutral	0			db/data/round3m/C0_C1_EVIDENCE_RECEIPT.json	NEUTRAL_ZERO_REVIEWED_C1_MAPPING	NEUTRAL_MISSING_DIRECT_EVIDENCE	db/022_round3b_context_governance.sql|db/data/round3m/C0_C1_EVIDENCE_RECEIPT.json
prior:preparation.family.hybrid:dark:sensory.wine_like_character	preparation.family.hybrid	dark	sensory.wine_like_character	0.000000	0.000000	0.000000	neutral	0			db/data/round3m/C0_C1_EVIDENCE_RECEIPT.json	NEUTRAL_ZERO_REVIEWED_C1_MAPPING	NEUTRAL_MISSING_DIRECT_EVIDENCE	db/022_round3b_context_governance.sql|db/data/round3m/C0_C1_EVIDENCE_RECEIPT.json
prior:preparation.family.hybrid:extremely_dark:sensory.jasmine	preparation.family.hybrid	extremely_dark	sensory.jasmine	0.000000	0.000000	0.000000	neutral	0			db/data/round3m/C0_C1_EVIDENCE_RECEIPT.json	NEUTRAL_ZERO_REVIEWED_C1_MAPPING	NEUTRAL_MISSING_DIRECT_EVIDENCE	db/022_round3b_context_governance.sql|db/data/round3m/C0_C1_EVIDENCE_RECEIPT.json
prior:preparation.family.hybrid:extremely_dark:sensory.rose	preparation.family.hybrid	extremely_dark	sensory.rose	0.000000	0.000000	0.000000	neutral	0			db/data/round3m/C0_C1_EVIDENCE_RECEIPT.json	NEUTRAL_ZERO_REVIEWED_C1_MAPPING	NEUTRAL_MISSING_DIRECT_EVIDENCE	db/022_round3b_context_governance.sql|db/data/round3m/C0_C1_EVIDENCE_RECEIPT.json
prior:preparation.family.hybrid:extremely_dark:sensory.orange_blossom	preparation.family.hybrid	extremely_dark	sensory.orange_blossom	0.000000	0.000000	0.000000	neutral	0			db/data/round3m/C0_C1_EVIDENCE_RECEIPT.json	NEUTRAL_ZERO_REVIEWED_C1_MAPPING	NEUTRAL_MISSING_DIRECT_EVIDENCE	db/022_round3b_context_governance.sql|db/data/round3m/C0_C1_EVIDENCE_RECEIPT.json
prior:preparation.family.hybrid:extremely_dark:sensory.lemon	preparation.family.hybrid	extremely_dark	sensory.lemon	0.000000	0.000000	0.000000	neutral	0			db/data/round3m/C0_C1_EVIDENCE_RECEIPT.json	NEUTRAL_ZERO_REVIEWED_C1_MAPPING	NEUTRAL_MISSING_DIRECT_EVIDENCE	db/022_round3b_context_governance.sql|db/data/round3m/C0_C1_EVIDENCE_RECEIPT.json
prior:preparation.family.hybrid:extremely_dark:sensory.orange	preparation.family.hybrid	extremely_dark	sensory.orange	0.000000	0.000000	0.000000	neutral	0			db/data/round3m/C0_C1_EVIDENCE_RECEIPT.json	NEUTRAL_ZERO_REVIEWED_C1_MAPPING	NEUTRAL_MISSING_DIRECT_EVIDENCE	db/022_round3b_context_governance.sql|db/data/round3m/C0_C1_EVIDENCE_RECEIPT.json
prior:preparation.family.hybrid:extremely_dark:sensory.blueberry	preparation.family.hybrid	extremely_dark	sensory.blueberry	0.000000	0.000000	0.000000	neutral	0			db/data/round3m/C0_C1_EVIDENCE_RECEIPT.json	NEUTRAL_ZERO_REVIEWED_C1_MAPPING	NEUTRAL_MISSING_DIRECT_EVIDENCE	db/022_round3b_context_governance.sql|db/data/round3m/C0_C1_EVIDENCE_RECEIPT.json
prior:preparation.family.hybrid:extremely_dark:sensory.honey	preparation.family.hybrid	extremely_dark	sensory.honey	0.000000	0.000000	0.000000	neutral	0			db/data/round3m/C0_C1_EVIDENCE_RECEIPT.json	NEUTRAL_ZERO_REVIEWED_C1_MAPPING	NEUTRAL_MISSING_DIRECT_EVIDENCE	db/022_round3b_context_governance.sql|db/data/round3m/C0_C1_EVIDENCE_RECEIPT.json
prior:preparation.family.hybrid:extremely_dark:sensory.caramel	preparation.family.hybrid	extremely_dark	sensory.caramel	0.000000	0.000000	0.000000	neutral	0			db/data/round3m/C0_C1_EVIDENCE_RECEIPT.json	NEUTRAL_ZERO_REVIEWED_C1_MAPPING	NEUTRAL_MISSING_DIRECT_EVIDENCE	db/022_round3b_context_governance.sql|db/data/round3m/C0_C1_EVIDENCE_RECEIPT.json
prior:preparation.family.hybrid:extremely_dark:sensory.brown_sugar	preparation.family.hybrid	extremely_dark	sensory.brown_sugar	0.000000	0.000000	0.000000	neutral	0			db/data/round3m/C0_C1_EVIDENCE_RECEIPT.json	NEUTRAL_ZERO_REVIEWED_C1_MAPPING	NEUTRAL_MISSING_DIRECT_EVIDENCE	db/022_round3b_context_governance.sql|db/data/round3m/C0_C1_EVIDENCE_RECEIPT.json
prior:preparation.family.hybrid:extremely_dark:sensory.almond	preparation.family.hybrid	extremely_dark	sensory.almond	0.000000	0.000000	0.000000	neutral	0			db/data/round3m/C0_C1_EVIDENCE_RECEIPT.json	NEUTRAL_ZERO_REVIEWED_C1_MAPPING	NEUTRAL_MISSING_DIRECT_EVIDENCE	db/022_round3b_context_governance.sql|db/data/round3m/C0_C1_EVIDENCE_RECEIPT.json
prior:preparation.family.hybrid:extremely_dark:sensory.hazelnut	preparation.family.hybrid	extremely_dark	sensory.hazelnut	0.000000	0.000000	0.000000	neutral	0			db/data/round3m/C0_C1_EVIDENCE_RECEIPT.json	NEUTRAL_ZERO_REVIEWED_C1_MAPPING	NEUTRAL_MISSING_DIRECT_EVIDENCE	db/022_round3b_context_governance.sql|db/data/round3m/C0_C1_EVIDENCE_RECEIPT.json
prior:preparation.family.hybrid:extremely_dark:sensory.dark_chocolate	preparation.family.hybrid	extremely_dark	sensory.dark_chocolate	0.000000	0.000000	0.000000	neutral	0			db/data/round3m/C0_C1_EVIDENCE_RECEIPT.json	NEUTRAL_ZERO_REVIEWED_C1_MAPPING	NEUTRAL_MISSING_DIRECT_EVIDENCE	db/022_round3b_context_governance.sql|db/data/round3m/C0_C1_EVIDENCE_RECEIPT.json
prior:preparation.family.hybrid:extremely_dark:sensory.cinnamon	preparation.family.hybrid	extremely_dark	sensory.cinnamon	0.000000	0.000000	0.000000	neutral	0			db/data/round3m/C0_C1_EVIDENCE_RECEIPT.json	NEUTRAL_ZERO_REVIEWED_C1_MAPPING	NEUTRAL_MISSING_DIRECT_EVIDENCE	db/022_round3b_context_governance.sql|db/data/round3m/C0_C1_EVIDENCE_RECEIPT.json
prior:preparation.family.hybrid:extremely_dark:sensory.tobacco	preparation.family.hybrid	extremely_dark	sensory.tobacco	0.000000	0.000000	0.000000	neutral	0			db/data/round3m/C0_C1_EVIDENCE_RECEIPT.json	NEUTRAL_ZERO_REVIEWED_C1_MAPPING	NEUTRAL_MISSING_DIRECT_EVIDENCE	db/022_round3b_context_governance.sql|db/data/round3m/C0_C1_EVIDENCE_RECEIPT.json
prior:preparation.family.hybrid:extremely_dark:sensory.smoky	preparation.family.hybrid	extremely_dark	sensory.smoky	0.000000	0.000000	0.000000	neutral	0			db/data/round3m/C0_C1_EVIDENCE_RECEIPT.json	NEUTRAL_ZERO_REVIEWED_C1_MAPPING	NEUTRAL_MISSING_DIRECT_EVIDENCE	db/022_round3b_context_governance.sql|db/data/round3m/C0_C1_EVIDENCE_RECEIPT.json
prior:preparation.family.hybrid:extremely_dark:sensory.green_tea	preparation.family.hybrid	extremely_dark	sensory.green_tea	0.000000	0.000000	0.000000	neutral	0			db/data/round3m/C0_C1_EVIDENCE_RECEIPT.json	NEUTRAL_ZERO_REVIEWED_C1_MAPPING	NEUTRAL_MISSING_DIRECT_EVIDENCE	db/022_round3b_context_governance.sql|db/data/round3m/C0_C1_EVIDENCE_RECEIPT.json
prior:preparation.family.hybrid:extremely_dark:sensory.cedar	preparation.family.hybrid	extremely_dark	sensory.cedar	0.000000	0.000000	0.000000	neutral	0			db/data/round3m/C0_C1_EVIDENCE_RECEIPT.json	NEUTRAL_ZERO_REVIEWED_C1_MAPPING	NEUTRAL_MISSING_DIRECT_EVIDENCE	db/022_round3b_context_governance.sql|db/data/round3m/C0_C1_EVIDENCE_RECEIPT.json
prior:preparation.family.hybrid:extremely_dark:sensory.earthy	preparation.family.hybrid	extremely_dark	sensory.earthy	0.000000	0.000000	0.000000	neutral	0			db/data/round3m/C0_C1_EVIDENCE_RECEIPT.json	NEUTRAL_ZERO_REVIEWED_C1_MAPPING	NEUTRAL_MISSING_DIRECT_EVIDENCE	db/022_round3b_context_governance.sql|db/data/round3m/C0_C1_EVIDENCE_RECEIPT.json
prior:preparation.family.hybrid:extremely_dark:sensory.fermented_character	preparation.family.hybrid	extremely_dark	sensory.fermented_character	0.000000	0.000000	0.000000	neutral	0			db/data/round3m/C0_C1_EVIDENCE_RECEIPT.json	NEUTRAL_ZERO_REVIEWED_C1_MAPPING	NEUTRAL_MISSING_DIRECT_EVIDENCE	db/022_round3b_context_governance.sql|db/data/round3m/C0_C1_EVIDENCE_RECEIPT.json
prior:preparation.family.hybrid:extremely_dark:sensory.wine_like_character	preparation.family.hybrid	extremely_dark	sensory.wine_like_character	0.000000	0.000000	0.000000	neutral	0			db/data/round3m/C0_C1_EVIDENCE_RECEIPT.json	NEUTRAL_ZERO_REVIEWED_C1_MAPPING	NEUTRAL_MISSING_DIRECT_EVIDENCE	db/022_round3b_context_governance.sql|db/data/round3m/C0_C1_EVIDENCE_RECEIPT.json
prior:preparation.family.espresso_pressure:extremely_light:sensory.jasmine	preparation.family.espresso_pressure	extremely_light	sensory.jasmine	0.000000	0.000000	0.000000	neutral	0			db/data/round3m/C0_C1_EVIDENCE_RECEIPT.json	NEUTRAL_ZERO_REVIEWED_C1_MAPPING	NEUTRAL_MISSING_DIRECT_EVIDENCE	db/022_round3b_context_governance.sql|db/data/round3m/C0_C1_EVIDENCE_RECEIPT.json
prior:preparation.family.espresso_pressure:extremely_light:sensory.rose	preparation.family.espresso_pressure	extremely_light	sensory.rose	0.000000	0.000000	0.000000	neutral	0			db/data/round3m/C0_C1_EVIDENCE_RECEIPT.json	NEUTRAL_ZERO_REVIEWED_C1_MAPPING	NEUTRAL_MISSING_DIRECT_EVIDENCE	db/022_round3b_context_governance.sql|db/data/round3m/C0_C1_EVIDENCE_RECEIPT.json
prior:preparation.family.espresso_pressure:extremely_light:sensory.orange_blossom	preparation.family.espresso_pressure	extremely_light	sensory.orange_blossom	0.000000	0.000000	0.000000	neutral	0			db/data/round3m/C0_C1_EVIDENCE_RECEIPT.json	NEUTRAL_ZERO_REVIEWED_C1_MAPPING	NEUTRAL_MISSING_DIRECT_EVIDENCE	db/022_round3b_context_governance.sql|db/data/round3m/C0_C1_EVIDENCE_RECEIPT.json
prior:preparation.family.espresso_pressure:extremely_light:sensory.lemon	preparation.family.espresso_pressure	extremely_light	sensory.lemon	0.000000	0.000000	0.000000	neutral	0			db/data/round3m/C0_C1_EVIDENCE_RECEIPT.json	NEUTRAL_ZERO_REVIEWED_C1_MAPPING	NEUTRAL_MISSING_DIRECT_EVIDENCE	db/022_round3b_context_governance.sql|db/data/round3m/C0_C1_EVIDENCE_RECEIPT.json
prior:preparation.family.espresso_pressure:extremely_light:sensory.orange	preparation.family.espresso_pressure	extremely_light	sensory.orange	0.000000	0.000000	0.000000	neutral	0			db/data/round3m/C0_C1_EVIDENCE_RECEIPT.json	NEUTRAL_ZERO_REVIEWED_C1_MAPPING	NEUTRAL_MISSING_DIRECT_EVIDENCE	db/022_round3b_context_governance.sql|db/data/round3m/C0_C1_EVIDENCE_RECEIPT.json
prior:preparation.family.espresso_pressure:extremely_light:sensory.blueberry	preparation.family.espresso_pressure	extremely_light	sensory.blueberry	0.000000	0.000000	0.000000	neutral	0			db/data/round3m/C0_C1_EVIDENCE_RECEIPT.json	NEUTRAL_ZERO_REVIEWED_C1_MAPPING	NEUTRAL_MISSING_DIRECT_EVIDENCE	db/022_round3b_context_governance.sql|db/data/round3m/C0_C1_EVIDENCE_RECEIPT.json
prior:preparation.family.espresso_pressure:extremely_light:sensory.honey	preparation.family.espresso_pressure	extremely_light	sensory.honey	-0.050000	0.000000	-0.050000	weak	2	family.vezzulli-trainedpanel-2022	db/data/round3h/batch1/vezzulli_2022_table2_sensory_medians.tsv	db/data/round3m/C0_C1_EVIDENCE_RECEIPT.json	NEUTRAL_ZERO_REVIEWED_C1_MAPPING	WEAK_SOURCE_LOCAL_WITHIN_STUDY_DIFFERENCE	db/022_round3b_context_governance.sql|db/data/round3m/C0_C1_EVIDENCE_RECEIPT.json|db/data/round3h/batch1/vezzulli_2022_table2_sensory_medians.tsv
prior:preparation.family.espresso_pressure:extremely_light:sensory.caramel	preparation.family.espresso_pressure	extremely_light	sensory.caramel	0.080000	0.000000	0.080000	weak	2	family.vezzulli-trainedpanel-2022	db/data/round3h/batch1/vezzulli_2022_table2_sensory_medians.tsv	db/data/round3m/C0_C1_EVIDENCE_RECEIPT.json	NEUTRAL_ZERO_REVIEWED_C1_MAPPING	WEAK_SOURCE_LOCAL_WITHIN_STUDY_DIFFERENCE	db/022_round3b_context_governance.sql|db/data/round3m/C0_C1_EVIDENCE_RECEIPT.json|db/data/round3h/batch1/vezzulli_2022_table2_sensory_medians.tsv
prior:preparation.family.espresso_pressure:extremely_light:sensory.brown_sugar	preparation.family.espresso_pressure	extremely_light	sensory.brown_sugar	0.000000	0.000000	0.000000	neutral	0			db/data/round3m/C0_C1_EVIDENCE_RECEIPT.json	NEUTRAL_ZERO_REVIEWED_C1_MAPPING	NEUTRAL_MISSING_DIRECT_EVIDENCE	db/022_round3b_context_governance.sql|db/data/round3m/C0_C1_EVIDENCE_RECEIPT.json
prior:preparation.family.espresso_pressure:extremely_light:sensory.almond	preparation.family.espresso_pressure	extremely_light	sensory.almond	0.000000	0.000000	0.000000	neutral	0			db/data/round3m/C0_C1_EVIDENCE_RECEIPT.json	NEUTRAL_ZERO_REVIEWED_C1_MAPPING	NEUTRAL_MISSING_DIRECT_EVIDENCE	db/022_round3b_context_governance.sql|db/data/round3m/C0_C1_EVIDENCE_RECEIPT.json
prior:preparation.family.espresso_pressure:extremely_light:sensory.hazelnut	preparation.family.espresso_pressure	extremely_light	sensory.hazelnut	0.000000	0.000000	0.000000	neutral	0			db/data/round3m/C0_C1_EVIDENCE_RECEIPT.json	NEUTRAL_ZERO_REVIEWED_C1_MAPPING	NEUTRAL_MISSING_DIRECT_EVIDENCE	db/022_round3b_context_governance.sql|db/data/round3m/C0_C1_EVIDENCE_RECEIPT.json
prior:preparation.family.espresso_pressure:extremely_light:sensory.dark_chocolate	preparation.family.espresso_pressure	extremely_light	sensory.dark_chocolate	0.000000	0.000000	0.000000	neutral	0			db/data/round3m/C0_C1_EVIDENCE_RECEIPT.json	NEUTRAL_ZERO_REVIEWED_C1_MAPPING	NEUTRAL_MISSING_DIRECT_EVIDENCE	db/022_round3b_context_governance.sql|db/data/round3m/C0_C1_EVIDENCE_RECEIPT.json
prior:preparation.family.espresso_pressure:extremely_light:sensory.cinnamon	preparation.family.espresso_pressure	extremely_light	sensory.cinnamon	0.000000	0.000000	0.000000	neutral	0			db/data/round3m/C0_C1_EVIDENCE_RECEIPT.json	NEUTRAL_ZERO_REVIEWED_C1_MAPPING	NEUTRAL_MISSING_DIRECT_EVIDENCE	db/022_round3b_context_governance.sql|db/data/round3m/C0_C1_EVIDENCE_RECEIPT.json
prior:preparation.family.espresso_pressure:extremely_light:sensory.tobacco	preparation.family.espresso_pressure	extremely_light	sensory.tobacco	0.000000	0.000000	0.000000	neutral	0			db/data/round3m/C0_C1_EVIDENCE_RECEIPT.json	NEUTRAL_ZERO_REVIEWED_C1_MAPPING	NEUTRAL_MISSING_DIRECT_EVIDENCE	db/022_round3b_context_governance.sql|db/data/round3m/C0_C1_EVIDENCE_RECEIPT.json
prior:preparation.family.espresso_pressure:extremely_light:sensory.smoky	preparation.family.espresso_pressure	extremely_light	sensory.smoky	0.000000	0.000000	0.000000	neutral	0			db/data/round3m/C0_C1_EVIDENCE_RECEIPT.json	NEUTRAL_ZERO_REVIEWED_C1_MAPPING	NEUTRAL_MISSING_DIRECT_EVIDENCE	db/022_round3b_context_governance.sql|db/data/round3m/C0_C1_EVIDENCE_RECEIPT.json
prior:preparation.family.espresso_pressure:extremely_light:sensory.green_tea	preparation.family.espresso_pressure	extremely_light	sensory.green_tea	0.000000	0.000000	0.000000	neutral	0			db/data/round3m/C0_C1_EVIDENCE_RECEIPT.json	NEUTRAL_ZERO_REVIEWED_C1_MAPPING	NEUTRAL_MISSING_DIRECT_EVIDENCE	db/022_round3b_context_governance.sql|db/data/round3m/C0_C1_EVIDENCE_RECEIPT.json
prior:preparation.family.espresso_pressure:extremely_light:sensory.cedar	preparation.family.espresso_pressure	extremely_light	sensory.cedar	0.000000	0.000000	0.000000	neutral	0			db/data/round3m/C0_C1_EVIDENCE_RECEIPT.json	NEUTRAL_ZERO_REVIEWED_C1_MAPPING	NEUTRAL_MISSING_DIRECT_EVIDENCE	db/022_round3b_context_governance.sql|db/data/round3m/C0_C1_EVIDENCE_RECEIPT.json
prior:preparation.family.espresso_pressure:extremely_light:sensory.earthy	preparation.family.espresso_pressure	extremely_light	sensory.earthy	0.000000	0.000000	0.000000	neutral	0			db/data/round3m/C0_C1_EVIDENCE_RECEIPT.json	NEUTRAL_ZERO_REVIEWED_C1_MAPPING	NEUTRAL_MISSING_DIRECT_EVIDENCE	db/022_round3b_context_governance.sql|db/data/round3m/C0_C1_EVIDENCE_RECEIPT.json
prior:preparation.family.espresso_pressure:extremely_light:sensory.fermented_character	preparation.family.espresso_pressure	extremely_light	sensory.fermented_character	0.000000	0.000000	0.000000	neutral	0			db/data/round3m/C0_C1_EVIDENCE_RECEIPT.json	NEUTRAL_ZERO_REVIEWED_C1_MAPPING	NEUTRAL_MISSING_DIRECT_EVIDENCE	db/022_round3b_context_governance.sql|db/data/round3m/C0_C1_EVIDENCE_RECEIPT.json
prior:preparation.family.espresso_pressure:extremely_light:sensory.wine_like_character	preparation.family.espresso_pressure	extremely_light	sensory.wine_like_character	0.000000	0.000000	0.000000	neutral	0			db/data/round3m/C0_C1_EVIDENCE_RECEIPT.json	NEUTRAL_ZERO_REVIEWED_C1_MAPPING	NEUTRAL_MISSING_DIRECT_EVIDENCE	db/022_round3b_context_governance.sql|db/data/round3m/C0_C1_EVIDENCE_RECEIPT.json
prior:preparation.family.espresso_pressure:light:sensory.jasmine	preparation.family.espresso_pressure	light	sensory.jasmine	0.000000	0.000000	0.000000	neutral	0			db/data/round3m/C0_C1_EVIDENCE_RECEIPT.json	NEUTRAL_ZERO_REVIEWED_C1_MAPPING	NEUTRAL_MISSING_DIRECT_EVIDENCE	db/022_round3b_context_governance.sql|db/data/round3m/C0_C1_EVIDENCE_RECEIPT.json
prior:preparation.family.espresso_pressure:light:sensory.rose	preparation.family.espresso_pressure	light	sensory.rose	0.000000	0.000000	0.000000	neutral	0			db/data/round3m/C0_C1_EVIDENCE_RECEIPT.json	NEUTRAL_ZERO_REVIEWED_C1_MAPPING	NEUTRAL_MISSING_DIRECT_EVIDENCE	db/022_round3b_context_governance.sql|db/data/round3m/C0_C1_EVIDENCE_RECEIPT.json
prior:preparation.family.espresso_pressure:light:sensory.orange_blossom	preparation.family.espresso_pressure	light	sensory.orange_blossom	0.000000	0.000000	0.000000	neutral	0			db/data/round3m/C0_C1_EVIDENCE_RECEIPT.json	NEUTRAL_ZERO_REVIEWED_C1_MAPPING	NEUTRAL_MISSING_DIRECT_EVIDENCE	db/022_round3b_context_governance.sql|db/data/round3m/C0_C1_EVIDENCE_RECEIPT.json
prior:preparation.family.espresso_pressure:light:sensory.lemon	preparation.family.espresso_pressure	light	sensory.lemon	0.000000	0.000000	0.000000	neutral	0			db/data/round3m/C0_C1_EVIDENCE_RECEIPT.json	NEUTRAL_ZERO_REVIEWED_C1_MAPPING	NEUTRAL_MISSING_DIRECT_EVIDENCE	db/022_round3b_context_governance.sql|db/data/round3m/C0_C1_EVIDENCE_RECEIPT.json
prior:preparation.family.espresso_pressure:light:sensory.orange	preparation.family.espresso_pressure	light	sensory.orange	0.000000	0.000000	0.000000	neutral	0			db/data/round3m/C0_C1_EVIDENCE_RECEIPT.json	NEUTRAL_ZERO_REVIEWED_C1_MAPPING	NEUTRAL_MISSING_DIRECT_EVIDENCE	db/022_round3b_context_governance.sql|db/data/round3m/C0_C1_EVIDENCE_RECEIPT.json
prior:preparation.family.espresso_pressure:light:sensory.blueberry	preparation.family.espresso_pressure	light	sensory.blueberry	0.000000	0.000000	0.000000	neutral	0			db/data/round3m/C0_C1_EVIDENCE_RECEIPT.json	NEUTRAL_ZERO_REVIEWED_C1_MAPPING	NEUTRAL_MISSING_DIRECT_EVIDENCE	db/022_round3b_context_governance.sql|db/data/round3m/C0_C1_EVIDENCE_RECEIPT.json
prior:preparation.family.espresso_pressure:light:sensory.honey	preparation.family.espresso_pressure	light	sensory.honey	-0.050000	0.000000	-0.050000	weak	2	family.vezzulli-trainedpanel-2022	db/data/round3h/batch1/vezzulli_2022_table2_sensory_medians.tsv	db/data/round3m/C0_C1_EVIDENCE_RECEIPT.json	NEUTRAL_ZERO_REVIEWED_C1_MAPPING	WEAK_SOURCE_LOCAL_WITHIN_STUDY_DIFFERENCE	db/022_round3b_context_governance.sql|db/data/round3m/C0_C1_EVIDENCE_RECEIPT.json|db/data/round3h/batch1/vezzulli_2022_table2_sensory_medians.tsv
prior:preparation.family.espresso_pressure:light:sensory.caramel	preparation.family.espresso_pressure	light	sensory.caramel	0.080000	0.000000	0.080000	weak	2	family.vezzulli-trainedpanel-2022	db/data/round3h/batch1/vezzulli_2022_table2_sensory_medians.tsv	db/data/round3m/C0_C1_EVIDENCE_RECEIPT.json	NEUTRAL_ZERO_REVIEWED_C1_MAPPING	WEAK_SOURCE_LOCAL_WITHIN_STUDY_DIFFERENCE	db/022_round3b_context_governance.sql|db/data/round3m/C0_C1_EVIDENCE_RECEIPT.json|db/data/round3h/batch1/vezzulli_2022_table2_sensory_medians.tsv
prior:preparation.family.espresso_pressure:light:sensory.brown_sugar	preparation.family.espresso_pressure	light	sensory.brown_sugar	0.000000	0.000000	0.000000	neutral	0			db/data/round3m/C0_C1_EVIDENCE_RECEIPT.json	NEUTRAL_ZERO_REVIEWED_C1_MAPPING	NEUTRAL_MISSING_DIRECT_EVIDENCE	db/022_round3b_context_governance.sql|db/data/round3m/C0_C1_EVIDENCE_RECEIPT.json
prior:preparation.family.espresso_pressure:light:sensory.almond	preparation.family.espresso_pressure	light	sensory.almond	0.000000	0.000000	0.000000	neutral	0			db/data/round3m/C0_C1_EVIDENCE_RECEIPT.json	NEUTRAL_ZERO_REVIEWED_C1_MAPPING	NEUTRAL_MISSING_DIRECT_EVIDENCE	db/022_round3b_context_governance.sql|db/data/round3m/C0_C1_EVIDENCE_RECEIPT.json
prior:preparation.family.espresso_pressure:light:sensory.hazelnut	preparation.family.espresso_pressure	light	sensory.hazelnut	0.000000	0.000000	0.000000	neutral	0			db/data/round3m/C0_C1_EVIDENCE_RECEIPT.json	NEUTRAL_ZERO_REVIEWED_C1_MAPPING	NEUTRAL_MISSING_DIRECT_EVIDENCE	db/022_round3b_context_governance.sql|db/data/round3m/C0_C1_EVIDENCE_RECEIPT.json
prior:preparation.family.espresso_pressure:light:sensory.dark_chocolate	preparation.family.espresso_pressure	light	sensory.dark_chocolate	0.000000	0.000000	0.000000	neutral	0			db/data/round3m/C0_C1_EVIDENCE_RECEIPT.json	NEUTRAL_ZERO_REVIEWED_C1_MAPPING	NEUTRAL_MISSING_DIRECT_EVIDENCE	db/022_round3b_context_governance.sql|db/data/round3m/C0_C1_EVIDENCE_RECEIPT.json
prior:preparation.family.espresso_pressure:light:sensory.cinnamon	preparation.family.espresso_pressure	light	sensory.cinnamon	0.000000	0.000000	0.000000	neutral	0			db/data/round3m/C0_C1_EVIDENCE_RECEIPT.json	NEUTRAL_ZERO_REVIEWED_C1_MAPPING	NEUTRAL_MISSING_DIRECT_EVIDENCE	db/022_round3b_context_governance.sql|db/data/round3m/C0_C1_EVIDENCE_RECEIPT.json
prior:preparation.family.espresso_pressure:light:sensory.tobacco	preparation.family.espresso_pressure	light	sensory.tobacco	0.000000	0.000000	0.000000	neutral	0			db/data/round3m/C0_C1_EVIDENCE_RECEIPT.json	NEUTRAL_ZERO_REVIEWED_C1_MAPPING	NEUTRAL_MISSING_DIRECT_EVIDENCE	db/022_round3b_context_governance.sql|db/data/round3m/C0_C1_EVIDENCE_RECEIPT.json
prior:preparation.family.espresso_pressure:light:sensory.smoky	preparation.family.espresso_pressure	light	sensory.smoky	0.000000	0.000000	0.000000	neutral	0			db/data/round3m/C0_C1_EVIDENCE_RECEIPT.json	NEUTRAL_ZERO_REVIEWED_C1_MAPPING	NEUTRAL_MISSING_DIRECT_EVIDENCE	db/022_round3b_context_governance.sql|db/data/round3m/C0_C1_EVIDENCE_RECEIPT.json
prior:preparation.family.espresso_pressure:light:sensory.green_tea	preparation.family.espresso_pressure	light	sensory.green_tea	0.000000	0.000000	0.000000	neutral	0			db/data/round3m/C0_C1_EVIDENCE_RECEIPT.json	NEUTRAL_ZERO_REVIEWED_C1_MAPPING	NEUTRAL_MISSING_DIRECT_EVIDENCE	db/022_round3b_context_governance.sql|db/data/round3m/C0_C1_EVIDENCE_RECEIPT.json
prior:preparation.family.espresso_pressure:light:sensory.cedar	preparation.family.espresso_pressure	light	sensory.cedar	0.000000	0.000000	0.000000	neutral	0			db/data/round3m/C0_C1_EVIDENCE_RECEIPT.json	NEUTRAL_ZERO_REVIEWED_C1_MAPPING	NEUTRAL_MISSING_DIRECT_EVIDENCE	db/022_round3b_context_governance.sql|db/data/round3m/C0_C1_EVIDENCE_RECEIPT.json
prior:preparation.family.espresso_pressure:light:sensory.earthy	preparation.family.espresso_pressure	light	sensory.earthy	0.000000	0.000000	0.000000	neutral	0			db/data/round3m/C0_C1_EVIDENCE_RECEIPT.json	NEUTRAL_ZERO_REVIEWED_C1_MAPPING	NEUTRAL_MISSING_DIRECT_EVIDENCE	db/022_round3b_context_governance.sql|db/data/round3m/C0_C1_EVIDENCE_RECEIPT.json
prior:preparation.family.espresso_pressure:light:sensory.fermented_character	preparation.family.espresso_pressure	light	sensory.fermented_character	0.000000	0.000000	0.000000	neutral	0			db/data/round3m/C0_C1_EVIDENCE_RECEIPT.json	NEUTRAL_ZERO_REVIEWED_C1_MAPPING	NEUTRAL_MISSING_DIRECT_EVIDENCE	db/022_round3b_context_governance.sql|db/data/round3m/C0_C1_EVIDENCE_RECEIPT.json
prior:preparation.family.espresso_pressure:light:sensory.wine_like_character	preparation.family.espresso_pressure	light	sensory.wine_like_character	0.000000	0.000000	0.000000	neutral	0			db/data/round3m/C0_C1_EVIDENCE_RECEIPT.json	NEUTRAL_ZERO_REVIEWED_C1_MAPPING	NEUTRAL_MISSING_DIRECT_EVIDENCE	db/022_round3b_context_governance.sql|db/data/round3m/C0_C1_EVIDENCE_RECEIPT.json
prior:preparation.family.espresso_pressure:medium_light:sensory.jasmine	preparation.family.espresso_pressure	medium_light	sensory.jasmine	0.000000	0.000000	0.000000	neutral	0			db/data/round3m/C0_C1_EVIDENCE_RECEIPT.json	NEUTRAL_ZERO_REVIEWED_C1_MAPPING	NEUTRAL_MISSING_DIRECT_EVIDENCE	db/022_round3b_context_governance.sql|db/data/round3m/C0_C1_EVIDENCE_RECEIPT.json
prior:preparation.family.espresso_pressure:medium_light:sensory.rose	preparation.family.espresso_pressure	medium_light	sensory.rose	0.000000	0.000000	0.000000	neutral	0			db/data/round3m/C0_C1_EVIDENCE_RECEIPT.json	NEUTRAL_ZERO_REVIEWED_C1_MAPPING	NEUTRAL_MISSING_DIRECT_EVIDENCE	db/022_round3b_context_governance.sql|db/data/round3m/C0_C1_EVIDENCE_RECEIPT.json
prior:preparation.family.espresso_pressure:medium_light:sensory.orange_blossom	preparation.family.espresso_pressure	medium_light	sensory.orange_blossom	0.000000	0.000000	0.000000	neutral	0			db/data/round3m/C0_C1_EVIDENCE_RECEIPT.json	NEUTRAL_ZERO_REVIEWED_C1_MAPPING	NEUTRAL_MISSING_DIRECT_EVIDENCE	db/022_round3b_context_governance.sql|db/data/round3m/C0_C1_EVIDENCE_RECEIPT.json
prior:preparation.family.espresso_pressure:medium_light:sensory.lemon	preparation.family.espresso_pressure	medium_light	sensory.lemon	0.000000	0.000000	0.000000	neutral	0			db/data/round3m/C0_C1_EVIDENCE_RECEIPT.json	NEUTRAL_ZERO_REVIEWED_C1_MAPPING	NEUTRAL_MISSING_DIRECT_EVIDENCE	db/022_round3b_context_governance.sql|db/data/round3m/C0_C1_EVIDENCE_RECEIPT.json
prior:preparation.family.espresso_pressure:medium_light:sensory.orange	preparation.family.espresso_pressure	medium_light	sensory.orange	0.000000	0.000000	0.000000	neutral	0			db/data/round3m/C0_C1_EVIDENCE_RECEIPT.json	NEUTRAL_ZERO_REVIEWED_C1_MAPPING	NEUTRAL_MISSING_DIRECT_EVIDENCE	db/022_round3b_context_governance.sql|db/data/round3m/C0_C1_EVIDENCE_RECEIPT.json
prior:preparation.family.espresso_pressure:medium_light:sensory.blueberry	preparation.family.espresso_pressure	medium_light	sensory.blueberry	0.000000	0.000000	0.000000	neutral	0			db/data/round3m/C0_C1_EVIDENCE_RECEIPT.json	NEUTRAL_ZERO_REVIEWED_C1_MAPPING	NEUTRAL_MISSING_DIRECT_EVIDENCE	db/022_round3b_context_governance.sql|db/data/round3m/C0_C1_EVIDENCE_RECEIPT.json
prior:preparation.family.espresso_pressure:medium_light:sensory.honey	preparation.family.espresso_pressure	medium_light	sensory.honey	-0.050000	0.000000	-0.050000	weak	2	family.vezzulli-trainedpanel-2022	db/data/round3h/batch1/vezzulli_2022_table2_sensory_medians.tsv	db/data/round3m/C0_C1_EVIDENCE_RECEIPT.json	NEUTRAL_ZERO_REVIEWED_C1_MAPPING	WEAK_SOURCE_LOCAL_WITHIN_STUDY_DIFFERENCE	db/022_round3b_context_governance.sql|db/data/round3m/C0_C1_EVIDENCE_RECEIPT.json|db/data/round3h/batch1/vezzulli_2022_table2_sensory_medians.tsv
prior:preparation.family.espresso_pressure:medium_light:sensory.caramel	preparation.family.espresso_pressure	medium_light	sensory.caramel	0.080000	0.000000	0.080000	weak	2	family.vezzulli-trainedpanel-2022	db/data/round3h/batch1/vezzulli_2022_table2_sensory_medians.tsv	db/data/round3m/C0_C1_EVIDENCE_RECEIPT.json	NEUTRAL_ZERO_REVIEWED_C1_MAPPING	WEAK_SOURCE_LOCAL_WITHIN_STUDY_DIFFERENCE	db/022_round3b_context_governance.sql|db/data/round3m/C0_C1_EVIDENCE_RECEIPT.json|db/data/round3h/batch1/vezzulli_2022_table2_sensory_medians.tsv
prior:preparation.family.espresso_pressure:medium_light:sensory.brown_sugar	preparation.family.espresso_pressure	medium_light	sensory.brown_sugar	0.000000	0.000000	0.000000	neutral	0			db/data/round3m/C0_C1_EVIDENCE_RECEIPT.json	NEUTRAL_ZERO_REVIEWED_C1_MAPPING	NEUTRAL_MISSING_DIRECT_EVIDENCE	db/022_round3b_context_governance.sql|db/data/round3m/C0_C1_EVIDENCE_RECEIPT.json
prior:preparation.family.espresso_pressure:medium_light:sensory.almond	preparation.family.espresso_pressure	medium_light	sensory.almond	0.000000	0.000000	0.000000	neutral	0			db/data/round3m/C0_C1_EVIDENCE_RECEIPT.json	NEUTRAL_ZERO_REVIEWED_C1_MAPPING	NEUTRAL_MISSING_DIRECT_EVIDENCE	db/022_round3b_context_governance.sql|db/data/round3m/C0_C1_EVIDENCE_RECEIPT.json
prior:preparation.family.espresso_pressure:medium_light:sensory.hazelnut	preparation.family.espresso_pressure	medium_light	sensory.hazelnut	0.000000	0.000000	0.000000	neutral	0			db/data/round3m/C0_C1_EVIDENCE_RECEIPT.json	NEUTRAL_ZERO_REVIEWED_C1_MAPPING	NEUTRAL_MISSING_DIRECT_EVIDENCE	db/022_round3b_context_governance.sql|db/data/round3m/C0_C1_EVIDENCE_RECEIPT.json
prior:preparation.family.espresso_pressure:medium_light:sensory.dark_chocolate	preparation.family.espresso_pressure	medium_light	sensory.dark_chocolate	0.000000	0.000000	0.000000	neutral	0			db/data/round3m/C0_C1_EVIDENCE_RECEIPT.json	NEUTRAL_ZERO_REVIEWED_C1_MAPPING	NEUTRAL_MISSING_DIRECT_EVIDENCE	db/022_round3b_context_governance.sql|db/data/round3m/C0_C1_EVIDENCE_RECEIPT.json
prior:preparation.family.espresso_pressure:medium_light:sensory.cinnamon	preparation.family.espresso_pressure	medium_light	sensory.cinnamon	0.000000	0.000000	0.000000	neutral	0			db/data/round3m/C0_C1_EVIDENCE_RECEIPT.json	NEUTRAL_ZERO_REVIEWED_C1_MAPPING	NEUTRAL_MISSING_DIRECT_EVIDENCE	db/022_round3b_context_governance.sql|db/data/round3m/C0_C1_EVIDENCE_RECEIPT.json
prior:preparation.family.espresso_pressure:medium_light:sensory.tobacco	preparation.family.espresso_pressure	medium_light	sensory.tobacco	0.000000	0.000000	0.000000	neutral	0			db/data/round3m/C0_C1_EVIDENCE_RECEIPT.json	NEUTRAL_ZERO_REVIEWED_C1_MAPPING	NEUTRAL_MISSING_DIRECT_EVIDENCE	db/022_round3b_context_governance.sql|db/data/round3m/C0_C1_EVIDENCE_RECEIPT.json
prior:preparation.family.espresso_pressure:medium_light:sensory.smoky	preparation.family.espresso_pressure	medium_light	sensory.smoky	0.000000	0.000000	0.000000	neutral	0			db/data/round3m/C0_C1_EVIDENCE_RECEIPT.json	NEUTRAL_ZERO_REVIEWED_C1_MAPPING	NEUTRAL_MISSING_DIRECT_EVIDENCE	db/022_round3b_context_governance.sql|db/data/round3m/C0_C1_EVIDENCE_RECEIPT.json
prior:preparation.family.espresso_pressure:medium_light:sensory.green_tea	preparation.family.espresso_pressure	medium_light	sensory.green_tea	0.000000	0.000000	0.000000	neutral	0			db/data/round3m/C0_C1_EVIDENCE_RECEIPT.json	NEUTRAL_ZERO_REVIEWED_C1_MAPPING	NEUTRAL_MISSING_DIRECT_EVIDENCE	db/022_round3b_context_governance.sql|db/data/round3m/C0_C1_EVIDENCE_RECEIPT.json
prior:preparation.family.espresso_pressure:medium_light:sensory.cedar	preparation.family.espresso_pressure	medium_light	sensory.cedar	0.000000	0.000000	0.000000	neutral	0			db/data/round3m/C0_C1_EVIDENCE_RECEIPT.json	NEUTRAL_ZERO_REVIEWED_C1_MAPPING	NEUTRAL_MISSING_DIRECT_EVIDENCE	db/022_round3b_context_governance.sql|db/data/round3m/C0_C1_EVIDENCE_RECEIPT.json
prior:preparation.family.espresso_pressure:medium_light:sensory.earthy	preparation.family.espresso_pressure	medium_light	sensory.earthy	0.000000	0.000000	0.000000	neutral	0			db/data/round3m/C0_C1_EVIDENCE_RECEIPT.json	NEUTRAL_ZERO_REVIEWED_C1_MAPPING	NEUTRAL_MISSING_DIRECT_EVIDENCE	db/022_round3b_context_governance.sql|db/data/round3m/C0_C1_EVIDENCE_RECEIPT.json
prior:preparation.family.espresso_pressure:medium_light:sensory.fermented_character	preparation.family.espresso_pressure	medium_light	sensory.fermented_character	0.000000	0.000000	0.000000	neutral	0			db/data/round3m/C0_C1_EVIDENCE_RECEIPT.json	NEUTRAL_ZERO_REVIEWED_C1_MAPPING	NEUTRAL_MISSING_DIRECT_EVIDENCE	db/022_round3b_context_governance.sql|db/data/round3m/C0_C1_EVIDENCE_RECEIPT.json
prior:preparation.family.espresso_pressure:medium_light:sensory.wine_like_character	preparation.family.espresso_pressure	medium_light	sensory.wine_like_character	0.000000	0.000000	0.000000	neutral	0			db/data/round3m/C0_C1_EVIDENCE_RECEIPT.json	NEUTRAL_ZERO_REVIEWED_C1_MAPPING	NEUTRAL_MISSING_DIRECT_EVIDENCE	db/022_round3b_context_governance.sql|db/data/round3m/C0_C1_EVIDENCE_RECEIPT.json
prior:preparation.family.espresso_pressure:medium:sensory.jasmine	preparation.family.espresso_pressure	medium	sensory.jasmine	0.000000	0.000000	0.000000	neutral	0			db/data/round3m/C0_C1_EVIDENCE_RECEIPT.json	NEUTRAL_ZERO_REVIEWED_C1_MAPPING	NEUTRAL_MISSING_DIRECT_EVIDENCE	db/022_round3b_context_governance.sql|db/data/round3m/C0_C1_EVIDENCE_RECEIPT.json
prior:preparation.family.espresso_pressure:medium:sensory.rose	preparation.family.espresso_pressure	medium	sensory.rose	0.000000	0.000000	0.000000	neutral	0			db/data/round3m/C0_C1_EVIDENCE_RECEIPT.json	NEUTRAL_ZERO_REVIEWED_C1_MAPPING	NEUTRAL_MISSING_DIRECT_EVIDENCE	db/022_round3b_context_governance.sql|db/data/round3m/C0_C1_EVIDENCE_RECEIPT.json
prior:preparation.family.espresso_pressure:medium:sensory.orange_blossom	preparation.family.espresso_pressure	medium	sensory.orange_blossom	0.000000	0.000000	0.000000	neutral	0			db/data/round3m/C0_C1_EVIDENCE_RECEIPT.json	NEUTRAL_ZERO_REVIEWED_C1_MAPPING	NEUTRAL_MISSING_DIRECT_EVIDENCE	db/022_round3b_context_governance.sql|db/data/round3m/C0_C1_EVIDENCE_RECEIPT.json
prior:preparation.family.espresso_pressure:medium:sensory.lemon	preparation.family.espresso_pressure	medium	sensory.lemon	0.000000	0.000000	0.000000	neutral	0			db/data/round3m/C0_C1_EVIDENCE_RECEIPT.json	NEUTRAL_ZERO_REVIEWED_C1_MAPPING	NEUTRAL_MISSING_DIRECT_EVIDENCE	db/022_round3b_context_governance.sql|db/data/round3m/C0_C1_EVIDENCE_RECEIPT.json
prior:preparation.family.espresso_pressure:medium:sensory.orange	preparation.family.espresso_pressure	medium	sensory.orange	0.000000	0.000000	0.000000	neutral	0			db/data/round3m/C0_C1_EVIDENCE_RECEIPT.json	NEUTRAL_ZERO_REVIEWED_C1_MAPPING	NEUTRAL_MISSING_DIRECT_EVIDENCE	db/022_round3b_context_governance.sql|db/data/round3m/C0_C1_EVIDENCE_RECEIPT.json
prior:preparation.family.espresso_pressure:medium:sensory.blueberry	preparation.family.espresso_pressure	medium	sensory.blueberry	0.000000	0.000000	0.000000	neutral	0			db/data/round3m/C0_C1_EVIDENCE_RECEIPT.json	NEUTRAL_ZERO_REVIEWED_C1_MAPPING	NEUTRAL_MISSING_DIRECT_EVIDENCE	db/022_round3b_context_governance.sql|db/data/round3m/C0_C1_EVIDENCE_RECEIPT.json
prior:preparation.family.espresso_pressure:medium:sensory.honey	preparation.family.espresso_pressure	medium	sensory.honey	-0.050000	0.000000	-0.050000	weak	2	family.vezzulli-trainedpanel-2022	db/data/round3h/batch1/vezzulli_2022_table2_sensory_medians.tsv	db/data/round3m/C0_C1_EVIDENCE_RECEIPT.json	NEUTRAL_ZERO_REVIEWED_C1_MAPPING	WEAK_SOURCE_LOCAL_WITHIN_STUDY_DIFFERENCE	db/022_round3b_context_governance.sql|db/data/round3m/C0_C1_EVIDENCE_RECEIPT.json|db/data/round3h/batch1/vezzulli_2022_table2_sensory_medians.tsv
prior:preparation.family.espresso_pressure:medium:sensory.caramel	preparation.family.espresso_pressure	medium	sensory.caramel	0.080000	0.000000	0.080000	weak	2	family.vezzulli-trainedpanel-2022	db/data/round3h/batch1/vezzulli_2022_table2_sensory_medians.tsv	db/data/round3m/C0_C1_EVIDENCE_RECEIPT.json	NEUTRAL_ZERO_REVIEWED_C1_MAPPING	WEAK_SOURCE_LOCAL_WITHIN_STUDY_DIFFERENCE	db/022_round3b_context_governance.sql|db/data/round3m/C0_C1_EVIDENCE_RECEIPT.json|db/data/round3h/batch1/vezzulli_2022_table2_sensory_medians.tsv
prior:preparation.family.espresso_pressure:medium:sensory.brown_sugar	preparation.family.espresso_pressure	medium	sensory.brown_sugar	0.000000	0.000000	0.000000	neutral	0			db/data/round3m/C0_C1_EVIDENCE_RECEIPT.json	NEUTRAL_ZERO_REVIEWED_C1_MAPPING	NEUTRAL_MISSING_DIRECT_EVIDENCE	db/022_round3b_context_governance.sql|db/data/round3m/C0_C1_EVIDENCE_RECEIPT.json
prior:preparation.family.espresso_pressure:medium:sensory.almond	preparation.family.espresso_pressure	medium	sensory.almond	0.000000	0.000000	0.000000	neutral	0			db/data/round3m/C0_C1_EVIDENCE_RECEIPT.json	NEUTRAL_ZERO_REVIEWED_C1_MAPPING	NEUTRAL_MISSING_DIRECT_EVIDENCE	db/022_round3b_context_governance.sql|db/data/round3m/C0_C1_EVIDENCE_RECEIPT.json
prior:preparation.family.espresso_pressure:medium:sensory.hazelnut	preparation.family.espresso_pressure	medium	sensory.hazelnut	0.000000	0.000000	0.000000	neutral	0			db/data/round3m/C0_C1_EVIDENCE_RECEIPT.json	NEUTRAL_ZERO_REVIEWED_C1_MAPPING	NEUTRAL_MISSING_DIRECT_EVIDENCE	db/022_round3b_context_governance.sql|db/data/round3m/C0_C1_EVIDENCE_RECEIPT.json
prior:preparation.family.espresso_pressure:medium:sensory.dark_chocolate	preparation.family.espresso_pressure	medium	sensory.dark_chocolate	0.000000	0.000000	0.000000	neutral	0			db/data/round3m/C0_C1_EVIDENCE_RECEIPT.json	NEUTRAL_ZERO_REVIEWED_C1_MAPPING	NEUTRAL_MISSING_DIRECT_EVIDENCE	db/022_round3b_context_governance.sql|db/data/round3m/C0_C1_EVIDENCE_RECEIPT.json
prior:preparation.family.espresso_pressure:medium:sensory.cinnamon	preparation.family.espresso_pressure	medium	sensory.cinnamon	0.000000	0.000000	0.000000	neutral	0			db/data/round3m/C0_C1_EVIDENCE_RECEIPT.json	NEUTRAL_ZERO_REVIEWED_C1_MAPPING	NEUTRAL_MISSING_DIRECT_EVIDENCE	db/022_round3b_context_governance.sql|db/data/round3m/C0_C1_EVIDENCE_RECEIPT.json
prior:preparation.family.espresso_pressure:medium:sensory.tobacco	preparation.family.espresso_pressure	medium	sensory.tobacco	0.000000	0.000000	0.000000	neutral	0			db/data/round3m/C0_C1_EVIDENCE_RECEIPT.json	NEUTRAL_ZERO_REVIEWED_C1_MAPPING	NEUTRAL_MISSING_DIRECT_EVIDENCE	db/022_round3b_context_governance.sql|db/data/round3m/C0_C1_EVIDENCE_RECEIPT.json
prior:preparation.family.espresso_pressure:medium:sensory.smoky	preparation.family.espresso_pressure	medium	sensory.smoky	0.000000	0.000000	0.000000	neutral	0			db/data/round3m/C0_C1_EVIDENCE_RECEIPT.json	NEUTRAL_ZERO_REVIEWED_C1_MAPPING	NEUTRAL_MISSING_DIRECT_EVIDENCE	db/022_round3b_context_governance.sql|db/data/round3m/C0_C1_EVIDENCE_RECEIPT.json
prior:preparation.family.espresso_pressure:medium:sensory.green_tea	preparation.family.espresso_pressure	medium	sensory.green_tea	0.000000	0.000000	0.000000	neutral	0			db/data/round3m/C0_C1_EVIDENCE_RECEIPT.json	NEUTRAL_ZERO_REVIEWED_C1_MAPPING	NEUTRAL_MISSING_DIRECT_EVIDENCE	db/022_round3b_context_governance.sql|db/data/round3m/C0_C1_EVIDENCE_RECEIPT.json
prior:preparation.family.espresso_pressure:medium:sensory.cedar	preparation.family.espresso_pressure	medium	sensory.cedar	0.000000	0.000000	0.000000	neutral	0			db/data/round3m/C0_C1_EVIDENCE_RECEIPT.json	NEUTRAL_ZERO_REVIEWED_C1_MAPPING	NEUTRAL_MISSING_DIRECT_EVIDENCE	db/022_round3b_context_governance.sql|db/data/round3m/C0_C1_EVIDENCE_RECEIPT.json
prior:preparation.family.espresso_pressure:medium:sensory.earthy	preparation.family.espresso_pressure	medium	sensory.earthy	0.000000	0.000000	0.000000	neutral	0			db/data/round3m/C0_C1_EVIDENCE_RECEIPT.json	NEUTRAL_ZERO_REVIEWED_C1_MAPPING	NEUTRAL_MISSING_DIRECT_EVIDENCE	db/022_round3b_context_governance.sql|db/data/round3m/C0_C1_EVIDENCE_RECEIPT.json
prior:preparation.family.espresso_pressure:medium:sensory.fermented_character	preparation.family.espresso_pressure	medium	sensory.fermented_character	0.000000	0.000000	0.000000	neutral	0			db/data/round3m/C0_C1_EVIDENCE_RECEIPT.json	NEUTRAL_ZERO_REVIEWED_C1_MAPPING	NEUTRAL_MISSING_DIRECT_EVIDENCE	db/022_round3b_context_governance.sql|db/data/round3m/C0_C1_EVIDENCE_RECEIPT.json
prior:preparation.family.espresso_pressure:medium:sensory.wine_like_character	preparation.family.espresso_pressure	medium	sensory.wine_like_character	0.000000	0.000000	0.000000	neutral	0			db/data/round3m/C0_C1_EVIDENCE_RECEIPT.json	NEUTRAL_ZERO_REVIEWED_C1_MAPPING	NEUTRAL_MISSING_DIRECT_EVIDENCE	db/022_round3b_context_governance.sql|db/data/round3m/C0_C1_EVIDENCE_RECEIPT.json
prior:preparation.family.espresso_pressure:medium_dark:sensory.jasmine	preparation.family.espresso_pressure	medium_dark	sensory.jasmine	0.000000	0.000000	0.000000	neutral	0			db/data/round3m/C0_C1_EVIDENCE_RECEIPT.json	NEUTRAL_ZERO_REVIEWED_C1_MAPPING	NEUTRAL_MISSING_DIRECT_EVIDENCE	db/022_round3b_context_governance.sql|db/data/round3m/C0_C1_EVIDENCE_RECEIPT.json
prior:preparation.family.espresso_pressure:medium_dark:sensory.rose	preparation.family.espresso_pressure	medium_dark	sensory.rose	0.000000	0.000000	0.000000	neutral	0			db/data/round3m/C0_C1_EVIDENCE_RECEIPT.json	NEUTRAL_ZERO_REVIEWED_C1_MAPPING	NEUTRAL_MISSING_DIRECT_EVIDENCE	db/022_round3b_context_governance.sql|db/data/round3m/C0_C1_EVIDENCE_RECEIPT.json
prior:preparation.family.espresso_pressure:medium_dark:sensory.orange_blossom	preparation.family.espresso_pressure	medium_dark	sensory.orange_blossom	0.000000	0.000000	0.000000	neutral	0			db/data/round3m/C0_C1_EVIDENCE_RECEIPT.json	NEUTRAL_ZERO_REVIEWED_C1_MAPPING	NEUTRAL_MISSING_DIRECT_EVIDENCE	db/022_round3b_context_governance.sql|db/data/round3m/C0_C1_EVIDENCE_RECEIPT.json
prior:preparation.family.espresso_pressure:medium_dark:sensory.lemon	preparation.family.espresso_pressure	medium_dark	sensory.lemon	0.000000	0.000000	0.000000	neutral	0			db/data/round3m/C0_C1_EVIDENCE_RECEIPT.json	NEUTRAL_ZERO_REVIEWED_C1_MAPPING	NEUTRAL_MISSING_DIRECT_EVIDENCE	db/022_round3b_context_governance.sql|db/data/round3m/C0_C1_EVIDENCE_RECEIPT.json
prior:preparation.family.espresso_pressure:medium_dark:sensory.orange	preparation.family.espresso_pressure	medium_dark	sensory.orange	0.000000	0.000000	0.000000	neutral	0			db/data/round3m/C0_C1_EVIDENCE_RECEIPT.json	NEUTRAL_ZERO_REVIEWED_C1_MAPPING	NEUTRAL_MISSING_DIRECT_EVIDENCE	db/022_round3b_context_governance.sql|db/data/round3m/C0_C1_EVIDENCE_RECEIPT.json
prior:preparation.family.espresso_pressure:medium_dark:sensory.blueberry	preparation.family.espresso_pressure	medium_dark	sensory.blueberry	0.000000	0.000000	0.000000	neutral	0			db/data/round3m/C0_C1_EVIDENCE_RECEIPT.json	NEUTRAL_ZERO_REVIEWED_C1_MAPPING	NEUTRAL_MISSING_DIRECT_EVIDENCE	db/022_round3b_context_governance.sql|db/data/round3m/C0_C1_EVIDENCE_RECEIPT.json
prior:preparation.family.espresso_pressure:medium_dark:sensory.honey	preparation.family.espresso_pressure	medium_dark	sensory.honey	-0.050000	0.000000	-0.050000	weak	2	family.vezzulli-trainedpanel-2022	db/data/round3h/batch1/vezzulli_2022_table2_sensory_medians.tsv	db/data/round3m/C0_C1_EVIDENCE_RECEIPT.json	NEUTRAL_ZERO_REVIEWED_C1_MAPPING	WEAK_SOURCE_LOCAL_WITHIN_STUDY_DIFFERENCE	db/022_round3b_context_governance.sql|db/data/round3m/C0_C1_EVIDENCE_RECEIPT.json|db/data/round3h/batch1/vezzulli_2022_table2_sensory_medians.tsv
prior:preparation.family.espresso_pressure:medium_dark:sensory.caramel	preparation.family.espresso_pressure	medium_dark	sensory.caramel	0.080000	0.000000	0.080000	weak	2	family.vezzulli-trainedpanel-2022	db/data/round3h/batch1/vezzulli_2022_table2_sensory_medians.tsv	db/data/round3m/C0_C1_EVIDENCE_RECEIPT.json	NEUTRAL_ZERO_REVIEWED_C1_MAPPING	WEAK_SOURCE_LOCAL_WITHIN_STUDY_DIFFERENCE	db/022_round3b_context_governance.sql|db/data/round3m/C0_C1_EVIDENCE_RECEIPT.json|db/data/round3h/batch1/vezzulli_2022_table2_sensory_medians.tsv
prior:preparation.family.espresso_pressure:medium_dark:sensory.brown_sugar	preparation.family.espresso_pressure	medium_dark	sensory.brown_sugar	0.000000	0.000000	0.000000	neutral	0			db/data/round3m/C0_C1_EVIDENCE_RECEIPT.json	NEUTRAL_ZERO_REVIEWED_C1_MAPPING	NEUTRAL_MISSING_DIRECT_EVIDENCE	db/022_round3b_context_governance.sql|db/data/round3m/C0_C1_EVIDENCE_RECEIPT.json
prior:preparation.family.espresso_pressure:medium_dark:sensory.almond	preparation.family.espresso_pressure	medium_dark	sensory.almond	0.000000	0.000000	0.000000	neutral	0			db/data/round3m/C0_C1_EVIDENCE_RECEIPT.json	NEUTRAL_ZERO_REVIEWED_C1_MAPPING	NEUTRAL_MISSING_DIRECT_EVIDENCE	db/022_round3b_context_governance.sql|db/data/round3m/C0_C1_EVIDENCE_RECEIPT.json
prior:preparation.family.espresso_pressure:medium_dark:sensory.hazelnut	preparation.family.espresso_pressure	medium_dark	sensory.hazelnut	0.000000	0.000000	0.000000	neutral	0			db/data/round3m/C0_C1_EVIDENCE_RECEIPT.json	NEUTRAL_ZERO_REVIEWED_C1_MAPPING	NEUTRAL_MISSING_DIRECT_EVIDENCE	db/022_round3b_context_governance.sql|db/data/round3m/C0_C1_EVIDENCE_RECEIPT.json
prior:preparation.family.espresso_pressure:medium_dark:sensory.dark_chocolate	preparation.family.espresso_pressure	medium_dark	sensory.dark_chocolate	0.000000	0.000000	0.000000	neutral	0			db/data/round3m/C0_C1_EVIDENCE_RECEIPT.json	NEUTRAL_ZERO_REVIEWED_C1_MAPPING	NEUTRAL_MISSING_DIRECT_EVIDENCE	db/022_round3b_context_governance.sql|db/data/round3m/C0_C1_EVIDENCE_RECEIPT.json
prior:preparation.family.espresso_pressure:medium_dark:sensory.cinnamon	preparation.family.espresso_pressure	medium_dark	sensory.cinnamon	0.000000	0.000000	0.000000	neutral	0			db/data/round3m/C0_C1_EVIDENCE_RECEIPT.json	NEUTRAL_ZERO_REVIEWED_C1_MAPPING	NEUTRAL_MISSING_DIRECT_EVIDENCE	db/022_round3b_context_governance.sql|db/data/round3m/C0_C1_EVIDENCE_RECEIPT.json
prior:preparation.family.espresso_pressure:medium_dark:sensory.tobacco	preparation.family.espresso_pressure	medium_dark	sensory.tobacco	0.000000	0.000000	0.000000	neutral	0			db/data/round3m/C0_C1_EVIDENCE_RECEIPT.json	NEUTRAL_ZERO_REVIEWED_C1_MAPPING	NEUTRAL_MISSING_DIRECT_EVIDENCE	db/022_round3b_context_governance.sql|db/data/round3m/C0_C1_EVIDENCE_RECEIPT.json
prior:preparation.family.espresso_pressure:medium_dark:sensory.smoky	preparation.family.espresso_pressure	medium_dark	sensory.smoky	0.000000	0.000000	0.000000	neutral	0			db/data/round3m/C0_C1_EVIDENCE_RECEIPT.json	NEUTRAL_ZERO_REVIEWED_C1_MAPPING	NEUTRAL_MISSING_DIRECT_EVIDENCE	db/022_round3b_context_governance.sql|db/data/round3m/C0_C1_EVIDENCE_RECEIPT.json
prior:preparation.family.espresso_pressure:medium_dark:sensory.green_tea	preparation.family.espresso_pressure	medium_dark	sensory.green_tea	0.000000	0.000000	0.000000	neutral	0			db/data/round3m/C0_C1_EVIDENCE_RECEIPT.json	NEUTRAL_ZERO_REVIEWED_C1_MAPPING	NEUTRAL_MISSING_DIRECT_EVIDENCE	db/022_round3b_context_governance.sql|db/data/round3m/C0_C1_EVIDENCE_RECEIPT.json
prior:preparation.family.espresso_pressure:medium_dark:sensory.cedar	preparation.family.espresso_pressure	medium_dark	sensory.cedar	0.000000	0.000000	0.000000	neutral	0			db/data/round3m/C0_C1_EVIDENCE_RECEIPT.json	NEUTRAL_ZERO_REVIEWED_C1_MAPPING	NEUTRAL_MISSING_DIRECT_EVIDENCE	db/022_round3b_context_governance.sql|db/data/round3m/C0_C1_EVIDENCE_RECEIPT.json
prior:preparation.family.espresso_pressure:medium_dark:sensory.earthy	preparation.family.espresso_pressure	medium_dark	sensory.earthy	0.000000	0.000000	0.000000	neutral	0			db/data/round3m/C0_C1_EVIDENCE_RECEIPT.json	NEUTRAL_ZERO_REVIEWED_C1_MAPPING	NEUTRAL_MISSING_DIRECT_EVIDENCE	db/022_round3b_context_governance.sql|db/data/round3m/C0_C1_EVIDENCE_RECEIPT.json
prior:preparation.family.espresso_pressure:medium_dark:sensory.fermented_character	preparation.family.espresso_pressure	medium_dark	sensory.fermented_character	0.000000	0.000000	0.000000	neutral	0			db/data/round3m/C0_C1_EVIDENCE_RECEIPT.json	NEUTRAL_ZERO_REVIEWED_C1_MAPPING	NEUTRAL_MISSING_DIRECT_EVIDENCE	db/022_round3b_context_governance.sql|db/data/round3m/C0_C1_EVIDENCE_RECEIPT.json
prior:preparation.family.espresso_pressure:medium_dark:sensory.wine_like_character	preparation.family.espresso_pressure	medium_dark	sensory.wine_like_character	0.000000	0.000000	0.000000	neutral	0			db/data/round3m/C0_C1_EVIDENCE_RECEIPT.json	NEUTRAL_ZERO_REVIEWED_C1_MAPPING	NEUTRAL_MISSING_DIRECT_EVIDENCE	db/022_round3b_context_governance.sql|db/data/round3m/C0_C1_EVIDENCE_RECEIPT.json
prior:preparation.family.espresso_pressure:dark:sensory.jasmine	preparation.family.espresso_pressure	dark	sensory.jasmine	0.000000	0.000000	0.000000	neutral	0			db/data/round3m/C0_C1_EVIDENCE_RECEIPT.json	NEUTRAL_ZERO_REVIEWED_C1_MAPPING	NEUTRAL_MISSING_DIRECT_EVIDENCE	db/022_round3b_context_governance.sql|db/data/round3m/C0_C1_EVIDENCE_RECEIPT.json
prior:preparation.family.espresso_pressure:dark:sensory.rose	preparation.family.espresso_pressure	dark	sensory.rose	0.000000	0.000000	0.000000	neutral	0			db/data/round3m/C0_C1_EVIDENCE_RECEIPT.json	NEUTRAL_ZERO_REVIEWED_C1_MAPPING	NEUTRAL_MISSING_DIRECT_EVIDENCE	db/022_round3b_context_governance.sql|db/data/round3m/C0_C1_EVIDENCE_RECEIPT.json
prior:preparation.family.espresso_pressure:dark:sensory.orange_blossom	preparation.family.espresso_pressure	dark	sensory.orange_blossom	0.000000	0.000000	0.000000	neutral	0			db/data/round3m/C0_C1_EVIDENCE_RECEIPT.json	NEUTRAL_ZERO_REVIEWED_C1_MAPPING	NEUTRAL_MISSING_DIRECT_EVIDENCE	db/022_round3b_context_governance.sql|db/data/round3m/C0_C1_EVIDENCE_RECEIPT.json
prior:preparation.family.espresso_pressure:dark:sensory.lemon	preparation.family.espresso_pressure	dark	sensory.lemon	0.000000	0.000000	0.000000	neutral	0			db/data/round3m/C0_C1_EVIDENCE_RECEIPT.json	NEUTRAL_ZERO_REVIEWED_C1_MAPPING	NEUTRAL_MISSING_DIRECT_EVIDENCE	db/022_round3b_context_governance.sql|db/data/round3m/C0_C1_EVIDENCE_RECEIPT.json
prior:preparation.family.espresso_pressure:dark:sensory.orange	preparation.family.espresso_pressure	dark	sensory.orange	0.000000	0.000000	0.000000	neutral	0			db/data/round3m/C0_C1_EVIDENCE_RECEIPT.json	NEUTRAL_ZERO_REVIEWED_C1_MAPPING	NEUTRAL_MISSING_DIRECT_EVIDENCE	db/022_round3b_context_governance.sql|db/data/round3m/C0_C1_EVIDENCE_RECEIPT.json
prior:preparation.family.espresso_pressure:dark:sensory.blueberry	preparation.family.espresso_pressure	dark	sensory.blueberry	0.000000	0.000000	0.000000	neutral	0			db/data/round3m/C0_C1_EVIDENCE_RECEIPT.json	NEUTRAL_ZERO_REVIEWED_C1_MAPPING	NEUTRAL_MISSING_DIRECT_EVIDENCE	db/022_round3b_context_governance.sql|db/data/round3m/C0_C1_EVIDENCE_RECEIPT.json
prior:preparation.family.espresso_pressure:dark:sensory.honey	preparation.family.espresso_pressure	dark	sensory.honey	-0.050000	0.000000	-0.050000	weak	2	family.vezzulli-trainedpanel-2022	db/data/round3h/batch1/vezzulli_2022_table2_sensory_medians.tsv	db/data/round3m/C0_C1_EVIDENCE_RECEIPT.json	NEUTRAL_ZERO_REVIEWED_C1_MAPPING	WEAK_SOURCE_LOCAL_WITHIN_STUDY_DIFFERENCE	db/022_round3b_context_governance.sql|db/data/round3m/C0_C1_EVIDENCE_RECEIPT.json|db/data/round3h/batch1/vezzulli_2022_table2_sensory_medians.tsv
prior:preparation.family.espresso_pressure:dark:sensory.caramel	preparation.family.espresso_pressure	dark	sensory.caramel	0.080000	0.000000	0.080000	weak	2	family.vezzulli-trainedpanel-2022	db/data/round3h/batch1/vezzulli_2022_table2_sensory_medians.tsv	db/data/round3m/C0_C1_EVIDENCE_RECEIPT.json	NEUTRAL_ZERO_REVIEWED_C1_MAPPING	WEAK_SOURCE_LOCAL_WITHIN_STUDY_DIFFERENCE	db/022_round3b_context_governance.sql|db/data/round3m/C0_C1_EVIDENCE_RECEIPT.json|db/data/round3h/batch1/vezzulli_2022_table2_sensory_medians.tsv
prior:preparation.family.espresso_pressure:dark:sensory.brown_sugar	preparation.family.espresso_pressure	dark	sensory.brown_sugar	0.000000	0.000000	0.000000	neutral	0			db/data/round3m/C0_C1_EVIDENCE_RECEIPT.json	NEUTRAL_ZERO_REVIEWED_C1_MAPPING	NEUTRAL_MISSING_DIRECT_EVIDENCE	db/022_round3b_context_governance.sql|db/data/round3m/C0_C1_EVIDENCE_RECEIPT.json
prior:preparation.family.espresso_pressure:dark:sensory.almond	preparation.family.espresso_pressure	dark	sensory.almond	0.000000	0.000000	0.000000	neutral	0			db/data/round3m/C0_C1_EVIDENCE_RECEIPT.json	NEUTRAL_ZERO_REVIEWED_C1_MAPPING	NEUTRAL_MISSING_DIRECT_EVIDENCE	db/022_round3b_context_governance.sql|db/data/round3m/C0_C1_EVIDENCE_RECEIPT.json
prior:preparation.family.espresso_pressure:dark:sensory.hazelnut	preparation.family.espresso_pressure	dark	sensory.hazelnut	0.000000	0.000000	0.000000	neutral	0			db/data/round3m/C0_C1_EVIDENCE_RECEIPT.json	NEUTRAL_ZERO_REVIEWED_C1_MAPPING	NEUTRAL_MISSING_DIRECT_EVIDENCE	db/022_round3b_context_governance.sql|db/data/round3m/C0_C1_EVIDENCE_RECEIPT.json
prior:preparation.family.espresso_pressure:dark:sensory.dark_chocolate	preparation.family.espresso_pressure	dark	sensory.dark_chocolate	0.000000	0.000000	0.000000	neutral	0			db/data/round3m/C0_C1_EVIDENCE_RECEIPT.json	NEUTRAL_ZERO_REVIEWED_C1_MAPPING	NEUTRAL_MISSING_DIRECT_EVIDENCE	db/022_round3b_context_governance.sql|db/data/round3m/C0_C1_EVIDENCE_RECEIPT.json
prior:preparation.family.espresso_pressure:dark:sensory.cinnamon	preparation.family.espresso_pressure	dark	sensory.cinnamon	0.000000	0.000000	0.000000	neutral	0			db/data/round3m/C0_C1_EVIDENCE_RECEIPT.json	NEUTRAL_ZERO_REVIEWED_C1_MAPPING	NEUTRAL_MISSING_DIRECT_EVIDENCE	db/022_round3b_context_governance.sql|db/data/round3m/C0_C1_EVIDENCE_RECEIPT.json
prior:preparation.family.espresso_pressure:dark:sensory.tobacco	preparation.family.espresso_pressure	dark	sensory.tobacco	0.000000	0.000000	0.000000	neutral	0			db/data/round3m/C0_C1_EVIDENCE_RECEIPT.json	NEUTRAL_ZERO_REVIEWED_C1_MAPPING	NEUTRAL_MISSING_DIRECT_EVIDENCE	db/022_round3b_context_governance.sql|db/data/round3m/C0_C1_EVIDENCE_RECEIPT.json
prior:preparation.family.espresso_pressure:dark:sensory.smoky	preparation.family.espresso_pressure	dark	sensory.smoky	0.000000	0.000000	0.000000	neutral	0			db/data/round3m/C0_C1_EVIDENCE_RECEIPT.json	NEUTRAL_ZERO_REVIEWED_C1_MAPPING	NEUTRAL_MISSING_DIRECT_EVIDENCE	db/022_round3b_context_governance.sql|db/data/round3m/C0_C1_EVIDENCE_RECEIPT.json
prior:preparation.family.espresso_pressure:dark:sensory.green_tea	preparation.family.espresso_pressure	dark	sensory.green_tea	0.000000	0.000000	0.000000	neutral	0			db/data/round3m/C0_C1_EVIDENCE_RECEIPT.json	NEUTRAL_ZERO_REVIEWED_C1_MAPPING	NEUTRAL_MISSING_DIRECT_EVIDENCE	db/022_round3b_context_governance.sql|db/data/round3m/C0_C1_EVIDENCE_RECEIPT.json
prior:preparation.family.espresso_pressure:dark:sensory.cedar	preparation.family.espresso_pressure	dark	sensory.cedar	0.000000	0.000000	0.000000	neutral	0			db/data/round3m/C0_C1_EVIDENCE_RECEIPT.json	NEUTRAL_ZERO_REVIEWED_C1_MAPPING	NEUTRAL_MISSING_DIRECT_EVIDENCE	db/022_round3b_context_governance.sql|db/data/round3m/C0_C1_EVIDENCE_RECEIPT.json
prior:preparation.family.espresso_pressure:dark:sensory.earthy	preparation.family.espresso_pressure	dark	sensory.earthy	0.000000	0.000000	0.000000	neutral	0			db/data/round3m/C0_C1_EVIDENCE_RECEIPT.json	NEUTRAL_ZERO_REVIEWED_C1_MAPPING	NEUTRAL_MISSING_DIRECT_EVIDENCE	db/022_round3b_context_governance.sql|db/data/round3m/C0_C1_EVIDENCE_RECEIPT.json
prior:preparation.family.espresso_pressure:dark:sensory.fermented_character	preparation.family.espresso_pressure	dark	sensory.fermented_character	0.000000	0.000000	0.000000	neutral	0			db/data/round3m/C0_C1_EVIDENCE_RECEIPT.json	NEUTRAL_ZERO_REVIEWED_C1_MAPPING	NEUTRAL_MISSING_DIRECT_EVIDENCE	db/022_round3b_context_governance.sql|db/data/round3m/C0_C1_EVIDENCE_RECEIPT.json
prior:preparation.family.espresso_pressure:dark:sensory.wine_like_character	preparation.family.espresso_pressure	dark	sensory.wine_like_character	0.000000	0.000000	0.000000	neutral	0			db/data/round3m/C0_C1_EVIDENCE_RECEIPT.json	NEUTRAL_ZERO_REVIEWED_C1_MAPPING	NEUTRAL_MISSING_DIRECT_EVIDENCE	db/022_round3b_context_governance.sql|db/data/round3m/C0_C1_EVIDENCE_RECEIPT.json
prior:preparation.family.espresso_pressure:extremely_dark:sensory.jasmine	preparation.family.espresso_pressure	extremely_dark	sensory.jasmine	0.000000	0.000000	0.000000	neutral	0			db/data/round3m/C0_C1_EVIDENCE_RECEIPT.json	NEUTRAL_ZERO_REVIEWED_C1_MAPPING	NEUTRAL_MISSING_DIRECT_EVIDENCE	db/022_round3b_context_governance.sql|db/data/round3m/C0_C1_EVIDENCE_RECEIPT.json
prior:preparation.family.espresso_pressure:extremely_dark:sensory.rose	preparation.family.espresso_pressure	extremely_dark	sensory.rose	0.000000	0.000000	0.000000	neutral	0			db/data/round3m/C0_C1_EVIDENCE_RECEIPT.json	NEUTRAL_ZERO_REVIEWED_C1_MAPPING	NEUTRAL_MISSING_DIRECT_EVIDENCE	db/022_round3b_context_governance.sql|db/data/round3m/C0_C1_EVIDENCE_RECEIPT.json
prior:preparation.family.espresso_pressure:extremely_dark:sensory.orange_blossom	preparation.family.espresso_pressure	extremely_dark	sensory.orange_blossom	0.000000	0.000000	0.000000	neutral	0			db/data/round3m/C0_C1_EVIDENCE_RECEIPT.json	NEUTRAL_ZERO_REVIEWED_C1_MAPPING	NEUTRAL_MISSING_DIRECT_EVIDENCE	db/022_round3b_context_governance.sql|db/data/round3m/C0_C1_EVIDENCE_RECEIPT.json
prior:preparation.family.espresso_pressure:extremely_dark:sensory.lemon	preparation.family.espresso_pressure	extremely_dark	sensory.lemon	0.000000	0.000000	0.000000	neutral	0			db/data/round3m/C0_C1_EVIDENCE_RECEIPT.json	NEUTRAL_ZERO_REVIEWED_C1_MAPPING	NEUTRAL_MISSING_DIRECT_EVIDENCE	db/022_round3b_context_governance.sql|db/data/round3m/C0_C1_EVIDENCE_RECEIPT.json
prior:preparation.family.espresso_pressure:extremely_dark:sensory.orange	preparation.family.espresso_pressure	extremely_dark	sensory.orange	0.000000	0.000000	0.000000	neutral	0			db/data/round3m/C0_C1_EVIDENCE_RECEIPT.json	NEUTRAL_ZERO_REVIEWED_C1_MAPPING	NEUTRAL_MISSING_DIRECT_EVIDENCE	db/022_round3b_context_governance.sql|db/data/round3m/C0_C1_EVIDENCE_RECEIPT.json
prior:preparation.family.espresso_pressure:extremely_dark:sensory.blueberry	preparation.family.espresso_pressure	extremely_dark	sensory.blueberry	0.000000	0.000000	0.000000	neutral	0			db/data/round3m/C0_C1_EVIDENCE_RECEIPT.json	NEUTRAL_ZERO_REVIEWED_C1_MAPPING	NEUTRAL_MISSING_DIRECT_EVIDENCE	db/022_round3b_context_governance.sql|db/data/round3m/C0_C1_EVIDENCE_RECEIPT.json
prior:preparation.family.espresso_pressure:extremely_dark:sensory.honey	preparation.family.espresso_pressure	extremely_dark	sensory.honey	-0.050000	0.000000	-0.050000	weak	2	family.vezzulli-trainedpanel-2022	db/data/round3h/batch1/vezzulli_2022_table2_sensory_medians.tsv	db/data/round3m/C0_C1_EVIDENCE_RECEIPT.json	NEUTRAL_ZERO_REVIEWED_C1_MAPPING	WEAK_SOURCE_LOCAL_WITHIN_STUDY_DIFFERENCE	db/022_round3b_context_governance.sql|db/data/round3m/C0_C1_EVIDENCE_RECEIPT.json|db/data/round3h/batch1/vezzulli_2022_table2_sensory_medians.tsv
prior:preparation.family.espresso_pressure:extremely_dark:sensory.caramel	preparation.family.espresso_pressure	extremely_dark	sensory.caramel	0.080000	0.000000	0.080000	weak	2	family.vezzulli-trainedpanel-2022	db/data/round3h/batch1/vezzulli_2022_table2_sensory_medians.tsv	db/data/round3m/C0_C1_EVIDENCE_RECEIPT.json	NEUTRAL_ZERO_REVIEWED_C1_MAPPING	WEAK_SOURCE_LOCAL_WITHIN_STUDY_DIFFERENCE	db/022_round3b_context_governance.sql|db/data/round3m/C0_C1_EVIDENCE_RECEIPT.json|db/data/round3h/batch1/vezzulli_2022_table2_sensory_medians.tsv
prior:preparation.family.espresso_pressure:extremely_dark:sensory.brown_sugar	preparation.family.espresso_pressure	extremely_dark	sensory.brown_sugar	0.000000	0.000000	0.000000	neutral	0			db/data/round3m/C0_C1_EVIDENCE_RECEIPT.json	NEUTRAL_ZERO_REVIEWED_C1_MAPPING	NEUTRAL_MISSING_DIRECT_EVIDENCE	db/022_round3b_context_governance.sql|db/data/round3m/C0_C1_EVIDENCE_RECEIPT.json
prior:preparation.family.espresso_pressure:extremely_dark:sensory.almond	preparation.family.espresso_pressure	extremely_dark	sensory.almond	0.000000	0.000000	0.000000	neutral	0			db/data/round3m/C0_C1_EVIDENCE_RECEIPT.json	NEUTRAL_ZERO_REVIEWED_C1_MAPPING	NEUTRAL_MISSING_DIRECT_EVIDENCE	db/022_round3b_context_governance.sql|db/data/round3m/C0_C1_EVIDENCE_RECEIPT.json
prior:preparation.family.espresso_pressure:extremely_dark:sensory.hazelnut	preparation.family.espresso_pressure	extremely_dark	sensory.hazelnut	0.000000	0.000000	0.000000	neutral	0			db/data/round3m/C0_C1_EVIDENCE_RECEIPT.json	NEUTRAL_ZERO_REVIEWED_C1_MAPPING	NEUTRAL_MISSING_DIRECT_EVIDENCE	db/022_round3b_context_governance.sql|db/data/round3m/C0_C1_EVIDENCE_RECEIPT.json
prior:preparation.family.espresso_pressure:extremely_dark:sensory.dark_chocolate	preparation.family.espresso_pressure	extremely_dark	sensory.dark_chocolate	0.000000	0.000000	0.000000	neutral	0			db/data/round3m/C0_C1_EVIDENCE_RECEIPT.json	NEUTRAL_ZERO_REVIEWED_C1_MAPPING	NEUTRAL_MISSING_DIRECT_EVIDENCE	db/022_round3b_context_governance.sql|db/data/round3m/C0_C1_EVIDENCE_RECEIPT.json
prior:preparation.family.espresso_pressure:extremely_dark:sensory.cinnamon	preparation.family.espresso_pressure	extremely_dark	sensory.cinnamon	0.000000	0.000000	0.000000	neutral	0			db/data/round3m/C0_C1_EVIDENCE_RECEIPT.json	NEUTRAL_ZERO_REVIEWED_C1_MAPPING	NEUTRAL_MISSING_DIRECT_EVIDENCE	db/022_round3b_context_governance.sql|db/data/round3m/C0_C1_EVIDENCE_RECEIPT.json
prior:preparation.family.espresso_pressure:extremely_dark:sensory.tobacco	preparation.family.espresso_pressure	extremely_dark	sensory.tobacco	0.000000	0.000000	0.000000	neutral	0			db/data/round3m/C0_C1_EVIDENCE_RECEIPT.json	NEUTRAL_ZERO_REVIEWED_C1_MAPPING	NEUTRAL_MISSING_DIRECT_EVIDENCE	db/022_round3b_context_governance.sql|db/data/round3m/C0_C1_EVIDENCE_RECEIPT.json
prior:preparation.family.espresso_pressure:extremely_dark:sensory.smoky	preparation.family.espresso_pressure	extremely_dark	sensory.smoky	0.000000	0.000000	0.000000	neutral	0			db/data/round3m/C0_C1_EVIDENCE_RECEIPT.json	NEUTRAL_ZERO_REVIEWED_C1_MAPPING	NEUTRAL_MISSING_DIRECT_EVIDENCE	db/022_round3b_context_governance.sql|db/data/round3m/C0_C1_EVIDENCE_RECEIPT.json
prior:preparation.family.espresso_pressure:extremely_dark:sensory.green_tea	preparation.family.espresso_pressure	extremely_dark	sensory.green_tea	0.000000	0.000000	0.000000	neutral	0			db/data/round3m/C0_C1_EVIDENCE_RECEIPT.json	NEUTRAL_ZERO_REVIEWED_C1_MAPPING	NEUTRAL_MISSING_DIRECT_EVIDENCE	db/022_round3b_context_governance.sql|db/data/round3m/C0_C1_EVIDENCE_RECEIPT.json
prior:preparation.family.espresso_pressure:extremely_dark:sensory.cedar	preparation.family.espresso_pressure	extremely_dark	sensory.cedar	0.000000	0.000000	0.000000	neutral	0			db/data/round3m/C0_C1_EVIDENCE_RECEIPT.json	NEUTRAL_ZERO_REVIEWED_C1_MAPPING	NEUTRAL_MISSING_DIRECT_EVIDENCE	db/022_round3b_context_governance.sql|db/data/round3m/C0_C1_EVIDENCE_RECEIPT.json
prior:preparation.family.espresso_pressure:extremely_dark:sensory.earthy	preparation.family.espresso_pressure	extremely_dark	sensory.earthy	0.000000	0.000000	0.000000	neutral	0			db/data/round3m/C0_C1_EVIDENCE_RECEIPT.json	NEUTRAL_ZERO_REVIEWED_C1_MAPPING	NEUTRAL_MISSING_DIRECT_EVIDENCE	db/022_round3b_context_governance.sql|db/data/round3m/C0_C1_EVIDENCE_RECEIPT.json
prior:preparation.family.espresso_pressure:extremely_dark:sensory.fermented_character	preparation.family.espresso_pressure	extremely_dark	sensory.fermented_character	0.000000	0.000000	0.000000	neutral	0			db/data/round3m/C0_C1_EVIDENCE_RECEIPT.json	NEUTRAL_ZERO_REVIEWED_C1_MAPPING	NEUTRAL_MISSING_DIRECT_EVIDENCE	db/022_round3b_context_governance.sql|db/data/round3m/C0_C1_EVIDENCE_RECEIPT.json
prior:preparation.family.espresso_pressure:extremely_dark:sensory.wine_like_character	preparation.family.espresso_pressure	extremely_dark	sensory.wine_like_character	0.000000	0.000000	0.000000	neutral	0			db/data/round3m/C0_C1_EVIDENCE_RECEIPT.json	NEUTRAL_ZERO_REVIEWED_C1_MAPPING	NEUTRAL_MISSING_DIRECT_EVIDENCE	db/022_round3b_context_governance.sql|db/data/round3m/C0_C1_EVIDENCE_RECEIPT.json
prior:preparation.family.diluted_espresso:extremely_light:sensory.jasmine	preparation.family.diluted_espresso	extremely_light	sensory.jasmine	0.000000	0.000000	0.000000	neutral	0			db/data/round3m/C0_C1_EVIDENCE_RECEIPT.json	NEUTRAL_ZERO_REVIEWED_C1_MAPPING	NEUTRAL_MISSING_DIRECT_EVIDENCE	db/022_round3b_context_governance.sql|db/data/round3m/C0_C1_EVIDENCE_RECEIPT.json
prior:preparation.family.diluted_espresso:extremely_light:sensory.rose	preparation.family.diluted_espresso	extremely_light	sensory.rose	0.000000	0.000000	0.000000	neutral	0			db/data/round3m/C0_C1_EVIDENCE_RECEIPT.json	NEUTRAL_ZERO_REVIEWED_C1_MAPPING	NEUTRAL_MISSING_DIRECT_EVIDENCE	db/022_round3b_context_governance.sql|db/data/round3m/C0_C1_EVIDENCE_RECEIPT.json
prior:preparation.family.diluted_espresso:extremely_light:sensory.orange_blossom	preparation.family.diluted_espresso	extremely_light	sensory.orange_blossom	0.000000	0.000000	0.000000	neutral	0			db/data/round3m/C0_C1_EVIDENCE_RECEIPT.json	NEUTRAL_ZERO_REVIEWED_C1_MAPPING	NEUTRAL_MISSING_DIRECT_EVIDENCE	db/022_round3b_context_governance.sql|db/data/round3m/C0_C1_EVIDENCE_RECEIPT.json
prior:preparation.family.diluted_espresso:extremely_light:sensory.lemon	preparation.family.diluted_espresso	extremely_light	sensory.lemon	0.000000	0.000000	0.000000	neutral	0			db/data/round3m/C0_C1_EVIDENCE_RECEIPT.json	NEUTRAL_ZERO_REVIEWED_C1_MAPPING	NEUTRAL_MISSING_DIRECT_EVIDENCE	db/022_round3b_context_governance.sql|db/data/round3m/C0_C1_EVIDENCE_RECEIPT.json
prior:preparation.family.diluted_espresso:extremely_light:sensory.orange	preparation.family.diluted_espresso	extremely_light	sensory.orange	0.000000	0.000000	0.000000	neutral	0			db/data/round3m/C0_C1_EVIDENCE_RECEIPT.json	NEUTRAL_ZERO_REVIEWED_C1_MAPPING	NEUTRAL_MISSING_DIRECT_EVIDENCE	db/022_round3b_context_governance.sql|db/data/round3m/C0_C1_EVIDENCE_RECEIPT.json
prior:preparation.family.diluted_espresso:extremely_light:sensory.blueberry	preparation.family.diluted_espresso	extremely_light	sensory.blueberry	0.000000	0.000000	0.000000	neutral	0			db/data/round3m/C0_C1_EVIDENCE_RECEIPT.json	NEUTRAL_ZERO_REVIEWED_C1_MAPPING	NEUTRAL_MISSING_DIRECT_EVIDENCE	db/022_round3b_context_governance.sql|db/data/round3m/C0_C1_EVIDENCE_RECEIPT.json
prior:preparation.family.diluted_espresso:extremely_light:sensory.honey	preparation.family.diluted_espresso	extremely_light	sensory.honey	0.000000	0.000000	0.000000	neutral	0			db/data/round3m/C0_C1_EVIDENCE_RECEIPT.json	NEUTRAL_ZERO_REVIEWED_C1_MAPPING	NEUTRAL_MISSING_DIRECT_EVIDENCE	db/022_round3b_context_governance.sql|db/data/round3m/C0_C1_EVIDENCE_RECEIPT.json
prior:preparation.family.diluted_espresso:extremely_light:sensory.caramel	preparation.family.diluted_espresso	extremely_light	sensory.caramel	0.000000	0.000000	0.000000	neutral	0			db/data/round3m/C0_C1_EVIDENCE_RECEIPT.json	NEUTRAL_ZERO_REVIEWED_C1_MAPPING	NEUTRAL_MISSING_DIRECT_EVIDENCE	db/022_round3b_context_governance.sql|db/data/round3m/C0_C1_EVIDENCE_RECEIPT.json
prior:preparation.family.diluted_espresso:extremely_light:sensory.brown_sugar	preparation.family.diluted_espresso	extremely_light	sensory.brown_sugar	0.000000	0.000000	0.000000	neutral	0			db/data/round3m/C0_C1_EVIDENCE_RECEIPT.json	NEUTRAL_ZERO_REVIEWED_C1_MAPPING	NEUTRAL_MISSING_DIRECT_EVIDENCE	db/022_round3b_context_governance.sql|db/data/round3m/C0_C1_EVIDENCE_RECEIPT.json
prior:preparation.family.diluted_espresso:extremely_light:sensory.almond	preparation.family.diluted_espresso	extremely_light	sensory.almond	0.000000	0.000000	0.000000	neutral	0			db/data/round3m/C0_C1_EVIDENCE_RECEIPT.json	NEUTRAL_ZERO_REVIEWED_C1_MAPPING	NEUTRAL_MISSING_DIRECT_EVIDENCE	db/022_round3b_context_governance.sql|db/data/round3m/C0_C1_EVIDENCE_RECEIPT.json
prior:preparation.family.diluted_espresso:extremely_light:sensory.hazelnut	preparation.family.diluted_espresso	extremely_light	sensory.hazelnut	0.000000	0.000000	0.000000	neutral	0			db/data/round3m/C0_C1_EVIDENCE_RECEIPT.json	NEUTRAL_ZERO_REVIEWED_C1_MAPPING	NEUTRAL_MISSING_DIRECT_EVIDENCE	db/022_round3b_context_governance.sql|db/data/round3m/C0_C1_EVIDENCE_RECEIPT.json
prior:preparation.family.diluted_espresso:extremely_light:sensory.dark_chocolate	preparation.family.diluted_espresso	extremely_light	sensory.dark_chocolate	0.000000	0.000000	0.000000	neutral	0			db/data/round3m/C0_C1_EVIDENCE_RECEIPT.json	NEUTRAL_ZERO_REVIEWED_C1_MAPPING	NEUTRAL_MISSING_DIRECT_EVIDENCE	db/022_round3b_context_governance.sql|db/data/round3m/C0_C1_EVIDENCE_RECEIPT.json
prior:preparation.family.diluted_espresso:extremely_light:sensory.cinnamon	preparation.family.diluted_espresso	extremely_light	sensory.cinnamon	0.000000	0.000000	0.000000	neutral	0			db/data/round3m/C0_C1_EVIDENCE_RECEIPT.json	NEUTRAL_ZERO_REVIEWED_C1_MAPPING	NEUTRAL_MISSING_DIRECT_EVIDENCE	db/022_round3b_context_governance.sql|db/data/round3m/C0_C1_EVIDENCE_RECEIPT.json
prior:preparation.family.diluted_espresso:extremely_light:sensory.tobacco	preparation.family.diluted_espresso	extremely_light	sensory.tobacco	0.000000	0.000000	0.000000	neutral	0			db/data/round3m/C0_C1_EVIDENCE_RECEIPT.json	NEUTRAL_ZERO_REVIEWED_C1_MAPPING	NEUTRAL_MISSING_DIRECT_EVIDENCE	db/022_round3b_context_governance.sql|db/data/round3m/C0_C1_EVIDENCE_RECEIPT.json
prior:preparation.family.diluted_espresso:extremely_light:sensory.smoky	preparation.family.diluted_espresso	extremely_light	sensory.smoky	0.000000	0.000000	0.000000	neutral	0			db/data/round3m/C0_C1_EVIDENCE_RECEIPT.json	NEUTRAL_ZERO_REVIEWED_C1_MAPPING	NEUTRAL_MISSING_DIRECT_EVIDENCE	db/022_round3b_context_governance.sql|db/data/round3m/C0_C1_EVIDENCE_RECEIPT.json
prior:preparation.family.diluted_espresso:extremely_light:sensory.green_tea	preparation.family.diluted_espresso	extremely_light	sensory.green_tea	0.000000	0.000000	0.000000	neutral	0			db/data/round3m/C0_C1_EVIDENCE_RECEIPT.json	NEUTRAL_ZERO_REVIEWED_C1_MAPPING	NEUTRAL_MISSING_DIRECT_EVIDENCE	db/022_round3b_context_governance.sql|db/data/round3m/C0_C1_EVIDENCE_RECEIPT.json
prior:preparation.family.diluted_espresso:extremely_light:sensory.cedar	preparation.family.diluted_espresso	extremely_light	sensory.cedar	0.000000	0.000000	0.000000	neutral	0			db/data/round3m/C0_C1_EVIDENCE_RECEIPT.json	NEUTRAL_ZERO_REVIEWED_C1_MAPPING	NEUTRAL_MISSING_DIRECT_EVIDENCE	db/022_round3b_context_governance.sql|db/data/round3m/C0_C1_EVIDENCE_RECEIPT.json
prior:preparation.family.diluted_espresso:extremely_light:sensory.earthy	preparation.family.diluted_espresso	extremely_light	sensory.earthy	0.000000	0.000000	0.000000	neutral	0			db/data/round3m/C0_C1_EVIDENCE_RECEIPT.json	NEUTRAL_ZERO_REVIEWED_C1_MAPPING	NEUTRAL_MISSING_DIRECT_EVIDENCE	db/022_round3b_context_governance.sql|db/data/round3m/C0_C1_EVIDENCE_RECEIPT.json
prior:preparation.family.diluted_espresso:extremely_light:sensory.fermented_character	preparation.family.diluted_espresso	extremely_light	sensory.fermented_character	0.000000	0.000000	0.000000	neutral	0			db/data/round3m/C0_C1_EVIDENCE_RECEIPT.json	NEUTRAL_ZERO_REVIEWED_C1_MAPPING	NEUTRAL_MISSING_DIRECT_EVIDENCE	db/022_round3b_context_governance.sql|db/data/round3m/C0_C1_EVIDENCE_RECEIPT.json
prior:preparation.family.diluted_espresso:extremely_light:sensory.wine_like_character	preparation.family.diluted_espresso	extremely_light	sensory.wine_like_character	0.000000	0.000000	0.000000	neutral	0			db/data/round3m/C0_C1_EVIDENCE_RECEIPT.json	NEUTRAL_ZERO_REVIEWED_C1_MAPPING	NEUTRAL_MISSING_DIRECT_EVIDENCE	db/022_round3b_context_governance.sql|db/data/round3m/C0_C1_EVIDENCE_RECEIPT.json
prior:preparation.family.diluted_espresso:light:sensory.jasmine	preparation.family.diluted_espresso	light	sensory.jasmine	0.000000	0.000000	0.000000	neutral	0			db/data/round3m/C0_C1_EVIDENCE_RECEIPT.json	NEUTRAL_ZERO_REVIEWED_C1_MAPPING	NEUTRAL_MISSING_DIRECT_EVIDENCE	db/022_round3b_context_governance.sql|db/data/round3m/C0_C1_EVIDENCE_RECEIPT.json
prior:preparation.family.diluted_espresso:light:sensory.rose	preparation.family.diluted_espresso	light	sensory.rose	0.000000	0.000000	0.000000	neutral	0			db/data/round3m/C0_C1_EVIDENCE_RECEIPT.json	NEUTRAL_ZERO_REVIEWED_C1_MAPPING	NEUTRAL_MISSING_DIRECT_EVIDENCE	db/022_round3b_context_governance.sql|db/data/round3m/C0_C1_EVIDENCE_RECEIPT.json
prior:preparation.family.diluted_espresso:light:sensory.orange_blossom	preparation.family.diluted_espresso	light	sensory.orange_blossom	0.000000	0.000000	0.000000	neutral	0			db/data/round3m/C0_C1_EVIDENCE_RECEIPT.json	NEUTRAL_ZERO_REVIEWED_C1_MAPPING	NEUTRAL_MISSING_DIRECT_EVIDENCE	db/022_round3b_context_governance.sql|db/data/round3m/C0_C1_EVIDENCE_RECEIPT.json
prior:preparation.family.diluted_espresso:light:sensory.lemon	preparation.family.diluted_espresso	light	sensory.lemon	0.000000	0.000000	0.000000	neutral	0			db/data/round3m/C0_C1_EVIDENCE_RECEIPT.json	NEUTRAL_ZERO_REVIEWED_C1_MAPPING	NEUTRAL_MISSING_DIRECT_EVIDENCE	db/022_round3b_context_governance.sql|db/data/round3m/C0_C1_EVIDENCE_RECEIPT.json
prior:preparation.family.diluted_espresso:light:sensory.orange	preparation.family.diluted_espresso	light	sensory.orange	0.000000	0.000000	0.000000	neutral	0			db/data/round3m/C0_C1_EVIDENCE_RECEIPT.json	NEUTRAL_ZERO_REVIEWED_C1_MAPPING	NEUTRAL_MISSING_DIRECT_EVIDENCE	db/022_round3b_context_governance.sql|db/data/round3m/C0_C1_EVIDENCE_RECEIPT.json
prior:preparation.family.diluted_espresso:light:sensory.blueberry	preparation.family.diluted_espresso	light	sensory.blueberry	0.000000	0.000000	0.000000	neutral	0			db/data/round3m/C0_C1_EVIDENCE_RECEIPT.json	NEUTRAL_ZERO_REVIEWED_C1_MAPPING	NEUTRAL_MISSING_DIRECT_EVIDENCE	db/022_round3b_context_governance.sql|db/data/round3m/C0_C1_EVIDENCE_RECEIPT.json
prior:preparation.family.diluted_espresso:light:sensory.honey	preparation.family.diluted_espresso	light	sensory.honey	0.000000	0.000000	0.000000	neutral	0			db/data/round3m/C0_C1_EVIDENCE_RECEIPT.json	NEUTRAL_ZERO_REVIEWED_C1_MAPPING	NEUTRAL_MISSING_DIRECT_EVIDENCE	db/022_round3b_context_governance.sql|db/data/round3m/C0_C1_EVIDENCE_RECEIPT.json
prior:preparation.family.diluted_espresso:light:sensory.caramel	preparation.family.diluted_espresso	light	sensory.caramel	0.000000	0.000000	0.000000	neutral	0			db/data/round3m/C0_C1_EVIDENCE_RECEIPT.json	NEUTRAL_ZERO_REVIEWED_C1_MAPPING	NEUTRAL_MISSING_DIRECT_EVIDENCE	db/022_round3b_context_governance.sql|db/data/round3m/C0_C1_EVIDENCE_RECEIPT.json
prior:preparation.family.diluted_espresso:light:sensory.brown_sugar	preparation.family.diluted_espresso	light	sensory.brown_sugar	0.000000	0.000000	0.000000	neutral	0			db/data/round3m/C0_C1_EVIDENCE_RECEIPT.json	NEUTRAL_ZERO_REVIEWED_C1_MAPPING	NEUTRAL_MISSING_DIRECT_EVIDENCE	db/022_round3b_context_governance.sql|db/data/round3m/C0_C1_EVIDENCE_RECEIPT.json
prior:preparation.family.diluted_espresso:light:sensory.almond	preparation.family.diluted_espresso	light	sensory.almond	0.000000	0.000000	0.000000	neutral	0			db/data/round3m/C0_C1_EVIDENCE_RECEIPT.json	NEUTRAL_ZERO_REVIEWED_C1_MAPPING	NEUTRAL_MISSING_DIRECT_EVIDENCE	db/022_round3b_context_governance.sql|db/data/round3m/C0_C1_EVIDENCE_RECEIPT.json
prior:preparation.family.diluted_espresso:light:sensory.hazelnut	preparation.family.diluted_espresso	light	sensory.hazelnut	0.000000	0.000000	0.000000	neutral	0			db/data/round3m/C0_C1_EVIDENCE_RECEIPT.json	NEUTRAL_ZERO_REVIEWED_C1_MAPPING	NEUTRAL_MISSING_DIRECT_EVIDENCE	db/022_round3b_context_governance.sql|db/data/round3m/C0_C1_EVIDENCE_RECEIPT.json
prior:preparation.family.diluted_espresso:light:sensory.dark_chocolate	preparation.family.diluted_espresso	light	sensory.dark_chocolate	0.000000	0.000000	0.000000	neutral	0			db/data/round3m/C0_C1_EVIDENCE_RECEIPT.json	NEUTRAL_ZERO_REVIEWED_C1_MAPPING	NEUTRAL_MISSING_DIRECT_EVIDENCE	db/022_round3b_context_governance.sql|db/data/round3m/C0_C1_EVIDENCE_RECEIPT.json
prior:preparation.family.diluted_espresso:light:sensory.cinnamon	preparation.family.diluted_espresso	light	sensory.cinnamon	0.000000	0.000000	0.000000	neutral	0			db/data/round3m/C0_C1_EVIDENCE_RECEIPT.json	NEUTRAL_ZERO_REVIEWED_C1_MAPPING	NEUTRAL_MISSING_DIRECT_EVIDENCE	db/022_round3b_context_governance.sql|db/data/round3m/C0_C1_EVIDENCE_RECEIPT.json
prior:preparation.family.diluted_espresso:light:sensory.tobacco	preparation.family.diluted_espresso	light	sensory.tobacco	0.000000	0.000000	0.000000	neutral	0			db/data/round3m/C0_C1_EVIDENCE_RECEIPT.json	NEUTRAL_ZERO_REVIEWED_C1_MAPPING	NEUTRAL_MISSING_DIRECT_EVIDENCE	db/022_round3b_context_governance.sql|db/data/round3m/C0_C1_EVIDENCE_RECEIPT.json
prior:preparation.family.diluted_espresso:light:sensory.smoky	preparation.family.diluted_espresso	light	sensory.smoky	0.000000	0.000000	0.000000	neutral	0			db/data/round3m/C0_C1_EVIDENCE_RECEIPT.json	NEUTRAL_ZERO_REVIEWED_C1_MAPPING	NEUTRAL_MISSING_DIRECT_EVIDENCE	db/022_round3b_context_governance.sql|db/data/round3m/C0_C1_EVIDENCE_RECEIPT.json
prior:preparation.family.diluted_espresso:light:sensory.green_tea	preparation.family.diluted_espresso	light	sensory.green_tea	0.000000	0.000000	0.000000	neutral	0			db/data/round3m/C0_C1_EVIDENCE_RECEIPT.json	NEUTRAL_ZERO_REVIEWED_C1_MAPPING	NEUTRAL_MISSING_DIRECT_EVIDENCE	db/022_round3b_context_governance.sql|db/data/round3m/C0_C1_EVIDENCE_RECEIPT.json
prior:preparation.family.diluted_espresso:light:sensory.cedar	preparation.family.diluted_espresso	light	sensory.cedar	0.000000	0.000000	0.000000	neutral	0			db/data/round3m/C0_C1_EVIDENCE_RECEIPT.json	NEUTRAL_ZERO_REVIEWED_C1_MAPPING	NEUTRAL_MISSING_DIRECT_EVIDENCE	db/022_round3b_context_governance.sql|db/data/round3m/C0_C1_EVIDENCE_RECEIPT.json
prior:preparation.family.diluted_espresso:light:sensory.earthy	preparation.family.diluted_espresso	light	sensory.earthy	0.000000	0.000000	0.000000	neutral	0			db/data/round3m/C0_C1_EVIDENCE_RECEIPT.json	NEUTRAL_ZERO_REVIEWED_C1_MAPPING	NEUTRAL_MISSING_DIRECT_EVIDENCE	db/022_round3b_context_governance.sql|db/data/round3m/C0_C1_EVIDENCE_RECEIPT.json
prior:preparation.family.diluted_espresso:light:sensory.fermented_character	preparation.family.diluted_espresso	light	sensory.fermented_character	0.000000	0.000000	0.000000	neutral	0			db/data/round3m/C0_C1_EVIDENCE_RECEIPT.json	NEUTRAL_ZERO_REVIEWED_C1_MAPPING	NEUTRAL_MISSING_DIRECT_EVIDENCE	db/022_round3b_context_governance.sql|db/data/round3m/C0_C1_EVIDENCE_RECEIPT.json
prior:preparation.family.diluted_espresso:light:sensory.wine_like_character	preparation.family.diluted_espresso	light	sensory.wine_like_character	0.000000	0.000000	0.000000	neutral	0			db/data/round3m/C0_C1_EVIDENCE_RECEIPT.json	NEUTRAL_ZERO_REVIEWED_C1_MAPPING	NEUTRAL_MISSING_DIRECT_EVIDENCE	db/022_round3b_context_governance.sql|db/data/round3m/C0_C1_EVIDENCE_RECEIPT.json
prior:preparation.family.diluted_espresso:medium_light:sensory.jasmine	preparation.family.diluted_espresso	medium_light	sensory.jasmine	0.000000	0.000000	0.000000	neutral	0			db/data/round3m/C0_C1_EVIDENCE_RECEIPT.json	NEUTRAL_ZERO_REVIEWED_C1_MAPPING	NEUTRAL_MISSING_DIRECT_EVIDENCE	db/022_round3b_context_governance.sql|db/data/round3m/C0_C1_EVIDENCE_RECEIPT.json
prior:preparation.family.diluted_espresso:medium_light:sensory.rose	preparation.family.diluted_espresso	medium_light	sensory.rose	0.000000	0.000000	0.000000	neutral	0			db/data/round3m/C0_C1_EVIDENCE_RECEIPT.json	NEUTRAL_ZERO_REVIEWED_C1_MAPPING	NEUTRAL_MISSING_DIRECT_EVIDENCE	db/022_round3b_context_governance.sql|db/data/round3m/C0_C1_EVIDENCE_RECEIPT.json
prior:preparation.family.diluted_espresso:medium_light:sensory.orange_blossom	preparation.family.diluted_espresso	medium_light	sensory.orange_blossom	0.000000	0.000000	0.000000	neutral	0			db/data/round3m/C0_C1_EVIDENCE_RECEIPT.json	NEUTRAL_ZERO_REVIEWED_C1_MAPPING	NEUTRAL_MISSING_DIRECT_EVIDENCE	db/022_round3b_context_governance.sql|db/data/round3m/C0_C1_EVIDENCE_RECEIPT.json
prior:preparation.family.diluted_espresso:medium_light:sensory.lemon	preparation.family.diluted_espresso	medium_light	sensory.lemon	0.000000	0.000000	0.000000	neutral	0			db/data/round3m/C0_C1_EVIDENCE_RECEIPT.json	NEUTRAL_ZERO_REVIEWED_C1_MAPPING	NEUTRAL_MISSING_DIRECT_EVIDENCE	db/022_round3b_context_governance.sql|db/data/round3m/C0_C1_EVIDENCE_RECEIPT.json
prior:preparation.family.diluted_espresso:medium_light:sensory.orange	preparation.family.diluted_espresso	medium_light	sensory.orange	0.000000	0.000000	0.000000	neutral	0			db/data/round3m/C0_C1_EVIDENCE_RECEIPT.json	NEUTRAL_ZERO_REVIEWED_C1_MAPPING	NEUTRAL_MISSING_DIRECT_EVIDENCE	db/022_round3b_context_governance.sql|db/data/round3m/C0_C1_EVIDENCE_RECEIPT.json
prior:preparation.family.diluted_espresso:medium_light:sensory.blueberry	preparation.family.diluted_espresso	medium_light	sensory.blueberry	0.000000	0.000000	0.000000	neutral	0			db/data/round3m/C0_C1_EVIDENCE_RECEIPT.json	NEUTRAL_ZERO_REVIEWED_C1_MAPPING	NEUTRAL_MISSING_DIRECT_EVIDENCE	db/022_round3b_context_governance.sql|db/data/round3m/C0_C1_EVIDENCE_RECEIPT.json
prior:preparation.family.diluted_espresso:medium_light:sensory.honey	preparation.family.diluted_espresso	medium_light	sensory.honey	0.000000	0.000000	0.000000	neutral	0			db/data/round3m/C0_C1_EVIDENCE_RECEIPT.json	NEUTRAL_ZERO_REVIEWED_C1_MAPPING	NEUTRAL_MISSING_DIRECT_EVIDENCE	db/022_round3b_context_governance.sql|db/data/round3m/C0_C1_EVIDENCE_RECEIPT.json
prior:preparation.family.diluted_espresso:medium_light:sensory.caramel	preparation.family.diluted_espresso	medium_light	sensory.caramel	0.000000	0.000000	0.000000	neutral	0			db/data/round3m/C0_C1_EVIDENCE_RECEIPT.json	NEUTRAL_ZERO_REVIEWED_C1_MAPPING	NEUTRAL_MISSING_DIRECT_EVIDENCE	db/022_round3b_context_governance.sql|db/data/round3m/C0_C1_EVIDENCE_RECEIPT.json
prior:preparation.family.diluted_espresso:medium_light:sensory.brown_sugar	preparation.family.diluted_espresso	medium_light	sensory.brown_sugar	0.000000	0.000000	0.000000	neutral	0			db/data/round3m/C0_C1_EVIDENCE_RECEIPT.json	NEUTRAL_ZERO_REVIEWED_C1_MAPPING	NEUTRAL_MISSING_DIRECT_EVIDENCE	db/022_round3b_context_governance.sql|db/data/round3m/C0_C1_EVIDENCE_RECEIPT.json
prior:preparation.family.diluted_espresso:medium_light:sensory.almond	preparation.family.diluted_espresso	medium_light	sensory.almond	0.000000	0.000000	0.000000	neutral	0			db/data/round3m/C0_C1_EVIDENCE_RECEIPT.json	NEUTRAL_ZERO_REVIEWED_C1_MAPPING	NEUTRAL_MISSING_DIRECT_EVIDENCE	db/022_round3b_context_governance.sql|db/data/round3m/C0_C1_EVIDENCE_RECEIPT.json
prior:preparation.family.diluted_espresso:medium_light:sensory.hazelnut	preparation.family.diluted_espresso	medium_light	sensory.hazelnut	0.000000	0.000000	0.000000	neutral	0			db/data/round3m/C0_C1_EVIDENCE_RECEIPT.json	NEUTRAL_ZERO_REVIEWED_C1_MAPPING	NEUTRAL_MISSING_DIRECT_EVIDENCE	db/022_round3b_context_governance.sql|db/data/round3m/C0_C1_EVIDENCE_RECEIPT.json
prior:preparation.family.diluted_espresso:medium_light:sensory.dark_chocolate	preparation.family.diluted_espresso	medium_light	sensory.dark_chocolate	0.000000	0.000000	0.000000	neutral	0			db/data/round3m/C0_C1_EVIDENCE_RECEIPT.json	NEUTRAL_ZERO_REVIEWED_C1_MAPPING	NEUTRAL_MISSING_DIRECT_EVIDENCE	db/022_round3b_context_governance.sql|db/data/round3m/C0_C1_EVIDENCE_RECEIPT.json
prior:preparation.family.diluted_espresso:medium_light:sensory.cinnamon	preparation.family.diluted_espresso	medium_light	sensory.cinnamon	0.000000	0.000000	0.000000	neutral	0			db/data/round3m/C0_C1_EVIDENCE_RECEIPT.json	NEUTRAL_ZERO_REVIEWED_C1_MAPPING	NEUTRAL_MISSING_DIRECT_EVIDENCE	db/022_round3b_context_governance.sql|db/data/round3m/C0_C1_EVIDENCE_RECEIPT.json
prior:preparation.family.diluted_espresso:medium_light:sensory.tobacco	preparation.family.diluted_espresso	medium_light	sensory.tobacco	0.000000	0.000000	0.000000	neutral	0			db/data/round3m/C0_C1_EVIDENCE_RECEIPT.json	NEUTRAL_ZERO_REVIEWED_C1_MAPPING	NEUTRAL_MISSING_DIRECT_EVIDENCE	db/022_round3b_context_governance.sql|db/data/round3m/C0_C1_EVIDENCE_RECEIPT.json
prior:preparation.family.diluted_espresso:medium_light:sensory.smoky	preparation.family.diluted_espresso	medium_light	sensory.smoky	0.000000	0.000000	0.000000	neutral	0			db/data/round3m/C0_C1_EVIDENCE_RECEIPT.json	NEUTRAL_ZERO_REVIEWED_C1_MAPPING	NEUTRAL_MISSING_DIRECT_EVIDENCE	db/022_round3b_context_governance.sql|db/data/round3m/C0_C1_EVIDENCE_RECEIPT.json
prior:preparation.family.diluted_espresso:medium_light:sensory.green_tea	preparation.family.diluted_espresso	medium_light	sensory.green_tea	0.000000	0.000000	0.000000	neutral	0			db/data/round3m/C0_C1_EVIDENCE_RECEIPT.json	NEUTRAL_ZERO_REVIEWED_C1_MAPPING	NEUTRAL_MISSING_DIRECT_EVIDENCE	db/022_round3b_context_governance.sql|db/data/round3m/C0_C1_EVIDENCE_RECEIPT.json
prior:preparation.family.diluted_espresso:medium_light:sensory.cedar	preparation.family.diluted_espresso	medium_light	sensory.cedar	0.000000	0.000000	0.000000	neutral	0			db/data/round3m/C0_C1_EVIDENCE_RECEIPT.json	NEUTRAL_ZERO_REVIEWED_C1_MAPPING	NEUTRAL_MISSING_DIRECT_EVIDENCE	db/022_round3b_context_governance.sql|db/data/round3m/C0_C1_EVIDENCE_RECEIPT.json
prior:preparation.family.diluted_espresso:medium_light:sensory.earthy	preparation.family.diluted_espresso	medium_light	sensory.earthy	0.000000	0.000000	0.000000	neutral	0			db/data/round3m/C0_C1_EVIDENCE_RECEIPT.json	NEUTRAL_ZERO_REVIEWED_C1_MAPPING	NEUTRAL_MISSING_DIRECT_EVIDENCE	db/022_round3b_context_governance.sql|db/data/round3m/C0_C1_EVIDENCE_RECEIPT.json
prior:preparation.family.diluted_espresso:medium_light:sensory.fermented_character	preparation.family.diluted_espresso	medium_light	sensory.fermented_character	0.000000	0.000000	0.000000	neutral	0			db/data/round3m/C0_C1_EVIDENCE_RECEIPT.json	NEUTRAL_ZERO_REVIEWED_C1_MAPPING	NEUTRAL_MISSING_DIRECT_EVIDENCE	db/022_round3b_context_governance.sql|db/data/round3m/C0_C1_EVIDENCE_RECEIPT.json
prior:preparation.family.diluted_espresso:medium_light:sensory.wine_like_character	preparation.family.diluted_espresso	medium_light	sensory.wine_like_character	0.000000	0.000000	0.000000	neutral	0			db/data/round3m/C0_C1_EVIDENCE_RECEIPT.json	NEUTRAL_ZERO_REVIEWED_C1_MAPPING	NEUTRAL_MISSING_DIRECT_EVIDENCE	db/022_round3b_context_governance.sql|db/data/round3m/C0_C1_EVIDENCE_RECEIPT.json
prior:preparation.family.diluted_espresso:medium:sensory.jasmine	preparation.family.diluted_espresso	medium	sensory.jasmine	0.000000	0.000000	0.000000	neutral	0			db/data/round3m/C0_C1_EVIDENCE_RECEIPT.json	NEUTRAL_ZERO_REVIEWED_C1_MAPPING	NEUTRAL_MISSING_DIRECT_EVIDENCE	db/022_round3b_context_governance.sql|db/data/round3m/C0_C1_EVIDENCE_RECEIPT.json
prior:preparation.family.diluted_espresso:medium:sensory.rose	preparation.family.diluted_espresso	medium	sensory.rose	0.000000	0.000000	0.000000	neutral	0			db/data/round3m/C0_C1_EVIDENCE_RECEIPT.json	NEUTRAL_ZERO_REVIEWED_C1_MAPPING	NEUTRAL_MISSING_DIRECT_EVIDENCE	db/022_round3b_context_governance.sql|db/data/round3m/C0_C1_EVIDENCE_RECEIPT.json
prior:preparation.family.diluted_espresso:medium:sensory.orange_blossom	preparation.family.diluted_espresso	medium	sensory.orange_blossom	0.000000	0.000000	0.000000	neutral	0			db/data/round3m/C0_C1_EVIDENCE_RECEIPT.json	NEUTRAL_ZERO_REVIEWED_C1_MAPPING	NEUTRAL_MISSING_DIRECT_EVIDENCE	db/022_round3b_context_governance.sql|db/data/round3m/C0_C1_EVIDENCE_RECEIPT.json
prior:preparation.family.diluted_espresso:medium:sensory.lemon	preparation.family.diluted_espresso	medium	sensory.lemon	0.000000	0.000000	0.000000	neutral	0			db/data/round3m/C0_C1_EVIDENCE_RECEIPT.json	NEUTRAL_ZERO_REVIEWED_C1_MAPPING	NEUTRAL_MISSING_DIRECT_EVIDENCE	db/022_round3b_context_governance.sql|db/data/round3m/C0_C1_EVIDENCE_RECEIPT.json
prior:preparation.family.diluted_espresso:medium:sensory.orange	preparation.family.diluted_espresso	medium	sensory.orange	0.000000	0.000000	0.000000	neutral	0			db/data/round3m/C0_C1_EVIDENCE_RECEIPT.json	NEUTRAL_ZERO_REVIEWED_C1_MAPPING	NEUTRAL_MISSING_DIRECT_EVIDENCE	db/022_round3b_context_governance.sql|db/data/round3m/C0_C1_EVIDENCE_RECEIPT.json
prior:preparation.family.diluted_espresso:medium:sensory.blueberry	preparation.family.diluted_espresso	medium	sensory.blueberry	0.000000	0.000000	0.000000	neutral	0			db/data/round3m/C0_C1_EVIDENCE_RECEIPT.json	NEUTRAL_ZERO_REVIEWED_C1_MAPPING	NEUTRAL_MISSING_DIRECT_EVIDENCE	db/022_round3b_context_governance.sql|db/data/round3m/C0_C1_EVIDENCE_RECEIPT.json
prior:preparation.family.diluted_espresso:medium:sensory.honey	preparation.family.diluted_espresso	medium	sensory.honey	0.000000	0.000000	0.000000	neutral	0			db/data/round3m/C0_C1_EVIDENCE_RECEIPT.json	NEUTRAL_ZERO_REVIEWED_C1_MAPPING	NEUTRAL_MISSING_DIRECT_EVIDENCE	db/022_round3b_context_governance.sql|db/data/round3m/C0_C1_EVIDENCE_RECEIPT.json
prior:preparation.family.diluted_espresso:medium:sensory.caramel	preparation.family.diluted_espresso	medium	sensory.caramel	0.000000	0.000000	0.000000	neutral	0			db/data/round3m/C0_C1_EVIDENCE_RECEIPT.json	NEUTRAL_ZERO_REVIEWED_C1_MAPPING	NEUTRAL_MISSING_DIRECT_EVIDENCE	db/022_round3b_context_governance.sql|db/data/round3m/C0_C1_EVIDENCE_RECEIPT.json
prior:preparation.family.diluted_espresso:medium:sensory.brown_sugar	preparation.family.diluted_espresso	medium	sensory.brown_sugar	0.000000	0.000000	0.000000	neutral	0			db/data/round3m/C0_C1_EVIDENCE_RECEIPT.json	NEUTRAL_ZERO_REVIEWED_C1_MAPPING	NEUTRAL_MISSING_DIRECT_EVIDENCE	db/022_round3b_context_governance.sql|db/data/round3m/C0_C1_EVIDENCE_RECEIPT.json
prior:preparation.family.diluted_espresso:medium:sensory.almond	preparation.family.diluted_espresso	medium	sensory.almond	0.000000	0.000000	0.000000	neutral	0			db/data/round3m/C0_C1_EVIDENCE_RECEIPT.json	NEUTRAL_ZERO_REVIEWED_C1_MAPPING	NEUTRAL_MISSING_DIRECT_EVIDENCE	db/022_round3b_context_governance.sql|db/data/round3m/C0_C1_EVIDENCE_RECEIPT.json
prior:preparation.family.diluted_espresso:medium:sensory.hazelnut	preparation.family.diluted_espresso	medium	sensory.hazelnut	0.000000	0.000000	0.000000	neutral	0			db/data/round3m/C0_C1_EVIDENCE_RECEIPT.json	NEUTRAL_ZERO_REVIEWED_C1_MAPPING	NEUTRAL_MISSING_DIRECT_EVIDENCE	db/022_round3b_context_governance.sql|db/data/round3m/C0_C1_EVIDENCE_RECEIPT.json
prior:preparation.family.diluted_espresso:medium:sensory.dark_chocolate	preparation.family.diluted_espresso	medium	sensory.dark_chocolate	0.000000	0.000000	0.000000	neutral	0			db/data/round3m/C0_C1_EVIDENCE_RECEIPT.json	NEUTRAL_ZERO_REVIEWED_C1_MAPPING	NEUTRAL_MISSING_DIRECT_EVIDENCE	db/022_round3b_context_governance.sql|db/data/round3m/C0_C1_EVIDENCE_RECEIPT.json
prior:preparation.family.diluted_espresso:medium:sensory.cinnamon	preparation.family.diluted_espresso	medium	sensory.cinnamon	0.000000	0.000000	0.000000	neutral	0			db/data/round3m/C0_C1_EVIDENCE_RECEIPT.json	NEUTRAL_ZERO_REVIEWED_C1_MAPPING	NEUTRAL_MISSING_DIRECT_EVIDENCE	db/022_round3b_context_governance.sql|db/data/round3m/C0_C1_EVIDENCE_RECEIPT.json
prior:preparation.family.diluted_espresso:medium:sensory.tobacco	preparation.family.diluted_espresso	medium	sensory.tobacco	0.000000	0.000000	0.000000	neutral	0			db/data/round3m/C0_C1_EVIDENCE_RECEIPT.json	NEUTRAL_ZERO_REVIEWED_C1_MAPPING	NEUTRAL_MISSING_DIRECT_EVIDENCE	db/022_round3b_context_governance.sql|db/data/round3m/C0_C1_EVIDENCE_RECEIPT.json
prior:preparation.family.diluted_espresso:medium:sensory.smoky	preparation.family.diluted_espresso	medium	sensory.smoky	0.000000	0.000000	0.000000	neutral	0			db/data/round3m/C0_C1_EVIDENCE_RECEIPT.json	NEUTRAL_ZERO_REVIEWED_C1_MAPPING	NEUTRAL_MISSING_DIRECT_EVIDENCE	db/022_round3b_context_governance.sql|db/data/round3m/C0_C1_EVIDENCE_RECEIPT.json
prior:preparation.family.diluted_espresso:medium:sensory.green_tea	preparation.family.diluted_espresso	medium	sensory.green_tea	0.000000	0.000000	0.000000	neutral	0			db/data/round3m/C0_C1_EVIDENCE_RECEIPT.json	NEUTRAL_ZERO_REVIEWED_C1_MAPPING	NEUTRAL_MISSING_DIRECT_EVIDENCE	db/022_round3b_context_governance.sql|db/data/round3m/C0_C1_EVIDENCE_RECEIPT.json
prior:preparation.family.diluted_espresso:medium:sensory.cedar	preparation.family.diluted_espresso	medium	sensory.cedar	0.000000	0.000000	0.000000	neutral	0			db/data/round3m/C0_C1_EVIDENCE_RECEIPT.json	NEUTRAL_ZERO_REVIEWED_C1_MAPPING	NEUTRAL_MISSING_DIRECT_EVIDENCE	db/022_round3b_context_governance.sql|db/data/round3m/C0_C1_EVIDENCE_RECEIPT.json
prior:preparation.family.diluted_espresso:medium:sensory.earthy	preparation.family.diluted_espresso	medium	sensory.earthy	0.000000	0.000000	0.000000	neutral	0			db/data/round3m/C0_C1_EVIDENCE_RECEIPT.json	NEUTRAL_ZERO_REVIEWED_C1_MAPPING	NEUTRAL_MISSING_DIRECT_EVIDENCE	db/022_round3b_context_governance.sql|db/data/round3m/C0_C1_EVIDENCE_RECEIPT.json
prior:preparation.family.diluted_espresso:medium:sensory.fermented_character	preparation.family.diluted_espresso	medium	sensory.fermented_character	0.000000	0.000000	0.000000	neutral	0			db/data/round3m/C0_C1_EVIDENCE_RECEIPT.json	NEUTRAL_ZERO_REVIEWED_C1_MAPPING	NEUTRAL_MISSING_DIRECT_EVIDENCE	db/022_round3b_context_governance.sql|db/data/round3m/C0_C1_EVIDENCE_RECEIPT.json
prior:preparation.family.diluted_espresso:medium:sensory.wine_like_character	preparation.family.diluted_espresso	medium	sensory.wine_like_character	0.000000	0.000000	0.000000	neutral	0			db/data/round3m/C0_C1_EVIDENCE_RECEIPT.json	NEUTRAL_ZERO_REVIEWED_C1_MAPPING	NEUTRAL_MISSING_DIRECT_EVIDENCE	db/022_round3b_context_governance.sql|db/data/round3m/C0_C1_EVIDENCE_RECEIPT.json
prior:preparation.family.diluted_espresso:medium_dark:sensory.jasmine	preparation.family.diluted_espresso	medium_dark	sensory.jasmine	0.000000	0.000000	0.000000	neutral	0			db/data/round3m/C0_C1_EVIDENCE_RECEIPT.json	NEUTRAL_ZERO_REVIEWED_C1_MAPPING	NEUTRAL_MISSING_DIRECT_EVIDENCE	db/022_round3b_context_governance.sql|db/data/round3m/C0_C1_EVIDENCE_RECEIPT.json
prior:preparation.family.diluted_espresso:medium_dark:sensory.rose	preparation.family.diluted_espresso	medium_dark	sensory.rose	0.000000	0.000000	0.000000	neutral	0			db/data/round3m/C0_C1_EVIDENCE_RECEIPT.json	NEUTRAL_ZERO_REVIEWED_C1_MAPPING	NEUTRAL_MISSING_DIRECT_EVIDENCE	db/022_round3b_context_governance.sql|db/data/round3m/C0_C1_EVIDENCE_RECEIPT.json
prior:preparation.family.diluted_espresso:medium_dark:sensory.orange_blossom	preparation.family.diluted_espresso	medium_dark	sensory.orange_blossom	0.000000	0.000000	0.000000	neutral	0			db/data/round3m/C0_C1_EVIDENCE_RECEIPT.json	NEUTRAL_ZERO_REVIEWED_C1_MAPPING	NEUTRAL_MISSING_DIRECT_EVIDENCE	db/022_round3b_context_governance.sql|db/data/round3m/C0_C1_EVIDENCE_RECEIPT.json
prior:preparation.family.diluted_espresso:medium_dark:sensory.lemon	preparation.family.diluted_espresso	medium_dark	sensory.lemon	0.000000	0.000000	0.000000	neutral	0			db/data/round3m/C0_C1_EVIDENCE_RECEIPT.json	NEUTRAL_ZERO_REVIEWED_C1_MAPPING	NEUTRAL_MISSING_DIRECT_EVIDENCE	db/022_round3b_context_governance.sql|db/data/round3m/C0_C1_EVIDENCE_RECEIPT.json
prior:preparation.family.diluted_espresso:medium_dark:sensory.orange	preparation.family.diluted_espresso	medium_dark	sensory.orange	0.000000	0.000000	0.000000	neutral	0			db/data/round3m/C0_C1_EVIDENCE_RECEIPT.json	NEUTRAL_ZERO_REVIEWED_C1_MAPPING	NEUTRAL_MISSING_DIRECT_EVIDENCE	db/022_round3b_context_governance.sql|db/data/round3m/C0_C1_EVIDENCE_RECEIPT.json
prior:preparation.family.diluted_espresso:medium_dark:sensory.blueberry	preparation.family.diluted_espresso	medium_dark	sensory.blueberry	0.000000	0.000000	0.000000	neutral	0			db/data/round3m/C0_C1_EVIDENCE_RECEIPT.json	NEUTRAL_ZERO_REVIEWED_C1_MAPPING	NEUTRAL_MISSING_DIRECT_EVIDENCE	db/022_round3b_context_governance.sql|db/data/round3m/C0_C1_EVIDENCE_RECEIPT.json
prior:preparation.family.diluted_espresso:medium_dark:sensory.honey	preparation.family.diluted_espresso	medium_dark	sensory.honey	0.000000	0.000000	0.000000	neutral	0			db/data/round3m/C0_C1_EVIDENCE_RECEIPT.json	NEUTRAL_ZERO_REVIEWED_C1_MAPPING	NEUTRAL_MISSING_DIRECT_EVIDENCE	db/022_round3b_context_governance.sql|db/data/round3m/C0_C1_EVIDENCE_RECEIPT.json
prior:preparation.family.diluted_espresso:medium_dark:sensory.caramel	preparation.family.diluted_espresso	medium_dark	sensory.caramel	0.000000	0.000000	0.000000	neutral	0			db/data/round3m/C0_C1_EVIDENCE_RECEIPT.json	NEUTRAL_ZERO_REVIEWED_C1_MAPPING	NEUTRAL_MISSING_DIRECT_EVIDENCE	db/022_round3b_context_governance.sql|db/data/round3m/C0_C1_EVIDENCE_RECEIPT.json
prior:preparation.family.diluted_espresso:medium_dark:sensory.brown_sugar	preparation.family.diluted_espresso	medium_dark	sensory.brown_sugar	0.000000	0.000000	0.000000	neutral	0			db/data/round3m/C0_C1_EVIDENCE_RECEIPT.json	NEUTRAL_ZERO_REVIEWED_C1_MAPPING	NEUTRAL_MISSING_DIRECT_EVIDENCE	db/022_round3b_context_governance.sql|db/data/round3m/C0_C1_EVIDENCE_RECEIPT.json
prior:preparation.family.diluted_espresso:medium_dark:sensory.almond	preparation.family.diluted_espresso	medium_dark	sensory.almond	0.000000	0.000000	0.000000	neutral	0			db/data/round3m/C0_C1_EVIDENCE_RECEIPT.json	NEUTRAL_ZERO_REVIEWED_C1_MAPPING	NEUTRAL_MISSING_DIRECT_EVIDENCE	db/022_round3b_context_governance.sql|db/data/round3m/C0_C1_EVIDENCE_RECEIPT.json
prior:preparation.family.diluted_espresso:medium_dark:sensory.hazelnut	preparation.family.diluted_espresso	medium_dark	sensory.hazelnut	0.000000	0.000000	0.000000	neutral	0			db/data/round3m/C0_C1_EVIDENCE_RECEIPT.json	NEUTRAL_ZERO_REVIEWED_C1_MAPPING	NEUTRAL_MISSING_DIRECT_EVIDENCE	db/022_round3b_context_governance.sql|db/data/round3m/C0_C1_EVIDENCE_RECEIPT.json
prior:preparation.family.diluted_espresso:medium_dark:sensory.dark_chocolate	preparation.family.diluted_espresso	medium_dark	sensory.dark_chocolate	0.000000	0.000000	0.000000	neutral	0			db/data/round3m/C0_C1_EVIDENCE_RECEIPT.json	NEUTRAL_ZERO_REVIEWED_C1_MAPPING	NEUTRAL_MISSING_DIRECT_EVIDENCE	db/022_round3b_context_governance.sql|db/data/round3m/C0_C1_EVIDENCE_RECEIPT.json
prior:preparation.family.diluted_espresso:medium_dark:sensory.cinnamon	preparation.family.diluted_espresso	medium_dark	sensory.cinnamon	0.000000	0.000000	0.000000	neutral	0			db/data/round3m/C0_C1_EVIDENCE_RECEIPT.json	NEUTRAL_ZERO_REVIEWED_C1_MAPPING	NEUTRAL_MISSING_DIRECT_EVIDENCE	db/022_round3b_context_governance.sql|db/data/round3m/C0_C1_EVIDENCE_RECEIPT.json
prior:preparation.family.diluted_espresso:medium_dark:sensory.tobacco	preparation.family.diluted_espresso	medium_dark	sensory.tobacco	0.000000	0.000000	0.000000	neutral	0			db/data/round3m/C0_C1_EVIDENCE_RECEIPT.json	NEUTRAL_ZERO_REVIEWED_C1_MAPPING	NEUTRAL_MISSING_DIRECT_EVIDENCE	db/022_round3b_context_governance.sql|db/data/round3m/C0_C1_EVIDENCE_RECEIPT.json
prior:preparation.family.diluted_espresso:medium_dark:sensory.smoky	preparation.family.diluted_espresso	medium_dark	sensory.smoky	0.000000	0.000000	0.000000	neutral	0			db/data/round3m/C0_C1_EVIDENCE_RECEIPT.json	NEUTRAL_ZERO_REVIEWED_C1_MAPPING	NEUTRAL_MISSING_DIRECT_EVIDENCE	db/022_round3b_context_governance.sql|db/data/round3m/C0_C1_EVIDENCE_RECEIPT.json
prior:preparation.family.diluted_espresso:medium_dark:sensory.green_tea	preparation.family.diluted_espresso	medium_dark	sensory.green_tea	0.000000	0.000000	0.000000	neutral	0			db/data/round3m/C0_C1_EVIDENCE_RECEIPT.json	NEUTRAL_ZERO_REVIEWED_C1_MAPPING	NEUTRAL_MISSING_DIRECT_EVIDENCE	db/022_round3b_context_governance.sql|db/data/round3m/C0_C1_EVIDENCE_RECEIPT.json
prior:preparation.family.diluted_espresso:medium_dark:sensory.cedar	preparation.family.diluted_espresso	medium_dark	sensory.cedar	0.000000	0.000000	0.000000	neutral	0			db/data/round3m/C0_C1_EVIDENCE_RECEIPT.json	NEUTRAL_ZERO_REVIEWED_C1_MAPPING	NEUTRAL_MISSING_DIRECT_EVIDENCE	db/022_round3b_context_governance.sql|db/data/round3m/C0_C1_EVIDENCE_RECEIPT.json
prior:preparation.family.diluted_espresso:medium_dark:sensory.earthy	preparation.family.diluted_espresso	medium_dark	sensory.earthy	0.000000	0.000000	0.000000	neutral	0			db/data/round3m/C0_C1_EVIDENCE_RECEIPT.json	NEUTRAL_ZERO_REVIEWED_C1_MAPPING	NEUTRAL_MISSING_DIRECT_EVIDENCE	db/022_round3b_context_governance.sql|db/data/round3m/C0_C1_EVIDENCE_RECEIPT.json
prior:preparation.family.diluted_espresso:medium_dark:sensory.fermented_character	preparation.family.diluted_espresso	medium_dark	sensory.fermented_character	0.000000	0.000000	0.000000	neutral	0			db/data/round3m/C0_C1_EVIDENCE_RECEIPT.json	NEUTRAL_ZERO_REVIEWED_C1_MAPPING	NEUTRAL_MISSING_DIRECT_EVIDENCE	db/022_round3b_context_governance.sql|db/data/round3m/C0_C1_EVIDENCE_RECEIPT.json
prior:preparation.family.diluted_espresso:medium_dark:sensory.wine_like_character	preparation.family.diluted_espresso	medium_dark	sensory.wine_like_character	0.000000	0.000000	0.000000	neutral	0			db/data/round3m/C0_C1_EVIDENCE_RECEIPT.json	NEUTRAL_ZERO_REVIEWED_C1_MAPPING	NEUTRAL_MISSING_DIRECT_EVIDENCE	db/022_round3b_context_governance.sql|db/data/round3m/C0_C1_EVIDENCE_RECEIPT.json
prior:preparation.family.diluted_espresso:dark:sensory.jasmine	preparation.family.diluted_espresso	dark	sensory.jasmine	0.000000	0.000000	0.000000	neutral	0			db/data/round3m/C0_C1_EVIDENCE_RECEIPT.json	NEUTRAL_ZERO_REVIEWED_C1_MAPPING	NEUTRAL_MISSING_DIRECT_EVIDENCE	db/022_round3b_context_governance.sql|db/data/round3m/C0_C1_EVIDENCE_RECEIPT.json
prior:preparation.family.diluted_espresso:dark:sensory.rose	preparation.family.diluted_espresso	dark	sensory.rose	0.000000	0.000000	0.000000	neutral	0			db/data/round3m/C0_C1_EVIDENCE_RECEIPT.json	NEUTRAL_ZERO_REVIEWED_C1_MAPPING	NEUTRAL_MISSING_DIRECT_EVIDENCE	db/022_round3b_context_governance.sql|db/data/round3m/C0_C1_EVIDENCE_RECEIPT.json
prior:preparation.family.diluted_espresso:dark:sensory.orange_blossom	preparation.family.diluted_espresso	dark	sensory.orange_blossom	0.000000	0.000000	0.000000	neutral	0			db/data/round3m/C0_C1_EVIDENCE_RECEIPT.json	NEUTRAL_ZERO_REVIEWED_C1_MAPPING	NEUTRAL_MISSING_DIRECT_EVIDENCE	db/022_round3b_context_governance.sql|db/data/round3m/C0_C1_EVIDENCE_RECEIPT.json
prior:preparation.family.diluted_espresso:dark:sensory.lemon	preparation.family.diluted_espresso	dark	sensory.lemon	0.000000	0.000000	0.000000	neutral	0			db/data/round3m/C0_C1_EVIDENCE_RECEIPT.json	NEUTRAL_ZERO_REVIEWED_C1_MAPPING	NEUTRAL_MISSING_DIRECT_EVIDENCE	db/022_round3b_context_governance.sql|db/data/round3m/C0_C1_EVIDENCE_RECEIPT.json
prior:preparation.family.diluted_espresso:dark:sensory.orange	preparation.family.diluted_espresso	dark	sensory.orange	0.000000	0.000000	0.000000	neutral	0			db/data/round3m/C0_C1_EVIDENCE_RECEIPT.json	NEUTRAL_ZERO_REVIEWED_C1_MAPPING	NEUTRAL_MISSING_DIRECT_EVIDENCE	db/022_round3b_context_governance.sql|db/data/round3m/C0_C1_EVIDENCE_RECEIPT.json
prior:preparation.family.diluted_espresso:dark:sensory.blueberry	preparation.family.diluted_espresso	dark	sensory.blueberry	0.000000	0.000000	0.000000	neutral	0			db/data/round3m/C0_C1_EVIDENCE_RECEIPT.json	NEUTRAL_ZERO_REVIEWED_C1_MAPPING	NEUTRAL_MISSING_DIRECT_EVIDENCE	db/022_round3b_context_governance.sql|db/data/round3m/C0_C1_EVIDENCE_RECEIPT.json
prior:preparation.family.diluted_espresso:dark:sensory.honey	preparation.family.diluted_espresso	dark	sensory.honey	0.000000	0.000000	0.000000	neutral	0			db/data/round3m/C0_C1_EVIDENCE_RECEIPT.json	NEUTRAL_ZERO_REVIEWED_C1_MAPPING	NEUTRAL_MISSING_DIRECT_EVIDENCE	db/022_round3b_context_governance.sql|db/data/round3m/C0_C1_EVIDENCE_RECEIPT.json
prior:preparation.family.diluted_espresso:dark:sensory.caramel	preparation.family.diluted_espresso	dark	sensory.caramel	0.000000	0.000000	0.000000	neutral	0			db/data/round3m/C0_C1_EVIDENCE_RECEIPT.json	NEUTRAL_ZERO_REVIEWED_C1_MAPPING	NEUTRAL_MISSING_DIRECT_EVIDENCE	db/022_round3b_context_governance.sql|db/data/round3m/C0_C1_EVIDENCE_RECEIPT.json
prior:preparation.family.diluted_espresso:dark:sensory.brown_sugar	preparation.family.diluted_espresso	dark	sensory.brown_sugar	0.000000	0.000000	0.000000	neutral	0			db/data/round3m/C0_C1_EVIDENCE_RECEIPT.json	NEUTRAL_ZERO_REVIEWED_C1_MAPPING	NEUTRAL_MISSING_DIRECT_EVIDENCE	db/022_round3b_context_governance.sql|db/data/round3m/C0_C1_EVIDENCE_RECEIPT.json
prior:preparation.family.diluted_espresso:dark:sensory.almond	preparation.family.diluted_espresso	dark	sensory.almond	0.000000	0.000000	0.000000	neutral	0			db/data/round3m/C0_C1_EVIDENCE_RECEIPT.json	NEUTRAL_ZERO_REVIEWED_C1_MAPPING	NEUTRAL_MISSING_DIRECT_EVIDENCE	db/022_round3b_context_governance.sql|db/data/round3m/C0_C1_EVIDENCE_RECEIPT.json
prior:preparation.family.diluted_espresso:dark:sensory.hazelnut	preparation.family.diluted_espresso	dark	sensory.hazelnut	0.000000	0.000000	0.000000	neutral	0			db/data/round3m/C0_C1_EVIDENCE_RECEIPT.json	NEUTRAL_ZERO_REVIEWED_C1_MAPPING	NEUTRAL_MISSING_DIRECT_EVIDENCE	db/022_round3b_context_governance.sql|db/data/round3m/C0_C1_EVIDENCE_RECEIPT.json
prior:preparation.family.diluted_espresso:dark:sensory.dark_chocolate	preparation.family.diluted_espresso	dark	sensory.dark_chocolate	0.000000	0.000000	0.000000	neutral	0			db/data/round3m/C0_C1_EVIDENCE_RECEIPT.json	NEUTRAL_ZERO_REVIEWED_C1_MAPPING	NEUTRAL_MISSING_DIRECT_EVIDENCE	db/022_round3b_context_governance.sql|db/data/round3m/C0_C1_EVIDENCE_RECEIPT.json
prior:preparation.family.diluted_espresso:dark:sensory.cinnamon	preparation.family.diluted_espresso	dark	sensory.cinnamon	0.000000	0.000000	0.000000	neutral	0			db/data/round3m/C0_C1_EVIDENCE_RECEIPT.json	NEUTRAL_ZERO_REVIEWED_C1_MAPPING	NEUTRAL_MISSING_DIRECT_EVIDENCE	db/022_round3b_context_governance.sql|db/data/round3m/C0_C1_EVIDENCE_RECEIPT.json
prior:preparation.family.diluted_espresso:dark:sensory.tobacco	preparation.family.diluted_espresso	dark	sensory.tobacco	0.000000	0.000000	0.000000	neutral	0			db/data/round3m/C0_C1_EVIDENCE_RECEIPT.json	NEUTRAL_ZERO_REVIEWED_C1_MAPPING	NEUTRAL_MISSING_DIRECT_EVIDENCE	db/022_round3b_context_governance.sql|db/data/round3m/C0_C1_EVIDENCE_RECEIPT.json
prior:preparation.family.diluted_espresso:dark:sensory.smoky	preparation.family.diluted_espresso	dark	sensory.smoky	0.000000	0.000000	0.000000	neutral	0			db/data/round3m/C0_C1_EVIDENCE_RECEIPT.json	NEUTRAL_ZERO_REVIEWED_C1_MAPPING	NEUTRAL_MISSING_DIRECT_EVIDENCE	db/022_round3b_context_governance.sql|db/data/round3m/C0_C1_EVIDENCE_RECEIPT.json
prior:preparation.family.diluted_espresso:dark:sensory.green_tea	preparation.family.diluted_espresso	dark	sensory.green_tea	0.000000	0.000000	0.000000	neutral	0			db/data/round3m/C0_C1_EVIDENCE_RECEIPT.json	NEUTRAL_ZERO_REVIEWED_C1_MAPPING	NEUTRAL_MISSING_DIRECT_EVIDENCE	db/022_round3b_context_governance.sql|db/data/round3m/C0_C1_EVIDENCE_RECEIPT.json
prior:preparation.family.diluted_espresso:dark:sensory.cedar	preparation.family.diluted_espresso	dark	sensory.cedar	0.000000	0.000000	0.000000	neutral	0			db/data/round3m/C0_C1_EVIDENCE_RECEIPT.json	NEUTRAL_ZERO_REVIEWED_C1_MAPPING	NEUTRAL_MISSING_DIRECT_EVIDENCE	db/022_round3b_context_governance.sql|db/data/round3m/C0_C1_EVIDENCE_RECEIPT.json
prior:preparation.family.diluted_espresso:dark:sensory.earthy	preparation.family.diluted_espresso	dark	sensory.earthy	0.000000	0.000000	0.000000	neutral	0			db/data/round3m/C0_C1_EVIDENCE_RECEIPT.json	NEUTRAL_ZERO_REVIEWED_C1_MAPPING	NEUTRAL_MISSING_DIRECT_EVIDENCE	db/022_round3b_context_governance.sql|db/data/round3m/C0_C1_EVIDENCE_RECEIPT.json
prior:preparation.family.diluted_espresso:dark:sensory.fermented_character	preparation.family.diluted_espresso	dark	sensory.fermented_character	0.000000	0.000000	0.000000	neutral	0			db/data/round3m/C0_C1_EVIDENCE_RECEIPT.json	NEUTRAL_ZERO_REVIEWED_C1_MAPPING	NEUTRAL_MISSING_DIRECT_EVIDENCE	db/022_round3b_context_governance.sql|db/data/round3m/C0_C1_EVIDENCE_RECEIPT.json
prior:preparation.family.diluted_espresso:dark:sensory.wine_like_character	preparation.family.diluted_espresso	dark	sensory.wine_like_character	0.000000	0.000000	0.000000	neutral	0			db/data/round3m/C0_C1_EVIDENCE_RECEIPT.json	NEUTRAL_ZERO_REVIEWED_C1_MAPPING	NEUTRAL_MISSING_DIRECT_EVIDENCE	db/022_round3b_context_governance.sql|db/data/round3m/C0_C1_EVIDENCE_RECEIPT.json
prior:preparation.family.diluted_espresso:extremely_dark:sensory.jasmine	preparation.family.diluted_espresso	extremely_dark	sensory.jasmine	0.000000	0.000000	0.000000	neutral	0			db/data/round3m/C0_C1_EVIDENCE_RECEIPT.json	NEUTRAL_ZERO_REVIEWED_C1_MAPPING	NEUTRAL_MISSING_DIRECT_EVIDENCE	db/022_round3b_context_governance.sql|db/data/round3m/C0_C1_EVIDENCE_RECEIPT.json
prior:preparation.family.diluted_espresso:extremely_dark:sensory.rose	preparation.family.diluted_espresso	extremely_dark	sensory.rose	0.000000	0.000000	0.000000	neutral	0			db/data/round3m/C0_C1_EVIDENCE_RECEIPT.json	NEUTRAL_ZERO_REVIEWED_C1_MAPPING	NEUTRAL_MISSING_DIRECT_EVIDENCE	db/022_round3b_context_governance.sql|db/data/round3m/C0_C1_EVIDENCE_RECEIPT.json
prior:preparation.family.diluted_espresso:extremely_dark:sensory.orange_blossom	preparation.family.diluted_espresso	extremely_dark	sensory.orange_blossom	0.000000	0.000000	0.000000	neutral	0			db/data/round3m/C0_C1_EVIDENCE_RECEIPT.json	NEUTRAL_ZERO_REVIEWED_C1_MAPPING	NEUTRAL_MISSING_DIRECT_EVIDENCE	db/022_round3b_context_governance.sql|db/data/round3m/C0_C1_EVIDENCE_RECEIPT.json
prior:preparation.family.diluted_espresso:extremely_dark:sensory.lemon	preparation.family.diluted_espresso	extremely_dark	sensory.lemon	0.000000	0.000000	0.000000	neutral	0			db/data/round3m/C0_C1_EVIDENCE_RECEIPT.json	NEUTRAL_ZERO_REVIEWED_C1_MAPPING	NEUTRAL_MISSING_DIRECT_EVIDENCE	db/022_round3b_context_governance.sql|db/data/round3m/C0_C1_EVIDENCE_RECEIPT.json
prior:preparation.family.diluted_espresso:extremely_dark:sensory.orange	preparation.family.diluted_espresso	extremely_dark	sensory.orange	0.000000	0.000000	0.000000	neutral	0			db/data/round3m/C0_C1_EVIDENCE_RECEIPT.json	NEUTRAL_ZERO_REVIEWED_C1_MAPPING	NEUTRAL_MISSING_DIRECT_EVIDENCE	db/022_round3b_context_governance.sql|db/data/round3m/C0_C1_EVIDENCE_RECEIPT.json
prior:preparation.family.diluted_espresso:extremely_dark:sensory.blueberry	preparation.family.diluted_espresso	extremely_dark	sensory.blueberry	0.000000	0.000000	0.000000	neutral	0			db/data/round3m/C0_C1_EVIDENCE_RECEIPT.json	NEUTRAL_ZERO_REVIEWED_C1_MAPPING	NEUTRAL_MISSING_DIRECT_EVIDENCE	db/022_round3b_context_governance.sql|db/data/round3m/C0_C1_EVIDENCE_RECEIPT.json
prior:preparation.family.diluted_espresso:extremely_dark:sensory.honey	preparation.family.diluted_espresso	extremely_dark	sensory.honey	0.000000	0.000000	0.000000	neutral	0			db/data/round3m/C0_C1_EVIDENCE_RECEIPT.json	NEUTRAL_ZERO_REVIEWED_C1_MAPPING	NEUTRAL_MISSING_DIRECT_EVIDENCE	db/022_round3b_context_governance.sql|db/data/round3m/C0_C1_EVIDENCE_RECEIPT.json
prior:preparation.family.diluted_espresso:extremely_dark:sensory.caramel	preparation.family.diluted_espresso	extremely_dark	sensory.caramel	0.000000	0.000000	0.000000	neutral	0			db/data/round3m/C0_C1_EVIDENCE_RECEIPT.json	NEUTRAL_ZERO_REVIEWED_C1_MAPPING	NEUTRAL_MISSING_DIRECT_EVIDENCE	db/022_round3b_context_governance.sql|db/data/round3m/C0_C1_EVIDENCE_RECEIPT.json
prior:preparation.family.diluted_espresso:extremely_dark:sensory.brown_sugar	preparation.family.diluted_espresso	extremely_dark	sensory.brown_sugar	0.000000	0.000000	0.000000	neutral	0			db/data/round3m/C0_C1_EVIDENCE_RECEIPT.json	NEUTRAL_ZERO_REVIEWED_C1_MAPPING	NEUTRAL_MISSING_DIRECT_EVIDENCE	db/022_round3b_context_governance.sql|db/data/round3m/C0_C1_EVIDENCE_RECEIPT.json
prior:preparation.family.diluted_espresso:extremely_dark:sensory.almond	preparation.family.diluted_espresso	extremely_dark	sensory.almond	0.000000	0.000000	0.000000	neutral	0			db/data/round3m/C0_C1_EVIDENCE_RECEIPT.json	NEUTRAL_ZERO_REVIEWED_C1_MAPPING	NEUTRAL_MISSING_DIRECT_EVIDENCE	db/022_round3b_context_governance.sql|db/data/round3m/C0_C1_EVIDENCE_RECEIPT.json
prior:preparation.family.diluted_espresso:extremely_dark:sensory.hazelnut	preparation.family.diluted_espresso	extremely_dark	sensory.hazelnut	0.000000	0.000000	0.000000	neutral	0			db/data/round3m/C0_C1_EVIDENCE_RECEIPT.json	NEUTRAL_ZERO_REVIEWED_C1_MAPPING	NEUTRAL_MISSING_DIRECT_EVIDENCE	db/022_round3b_context_governance.sql|db/data/round3m/C0_C1_EVIDENCE_RECEIPT.json
prior:preparation.family.diluted_espresso:extremely_dark:sensory.dark_chocolate	preparation.family.diluted_espresso	extremely_dark	sensory.dark_chocolate	0.000000	0.000000	0.000000	neutral	0			db/data/round3m/C0_C1_EVIDENCE_RECEIPT.json	NEUTRAL_ZERO_REVIEWED_C1_MAPPING	NEUTRAL_MISSING_DIRECT_EVIDENCE	db/022_round3b_context_governance.sql|db/data/round3m/C0_C1_EVIDENCE_RECEIPT.json
prior:preparation.family.diluted_espresso:extremely_dark:sensory.cinnamon	preparation.family.diluted_espresso	extremely_dark	sensory.cinnamon	0.000000	0.000000	0.000000	neutral	0			db/data/round3m/C0_C1_EVIDENCE_RECEIPT.json	NEUTRAL_ZERO_REVIEWED_C1_MAPPING	NEUTRAL_MISSING_DIRECT_EVIDENCE	db/022_round3b_context_governance.sql|db/data/round3m/C0_C1_EVIDENCE_RECEIPT.json
prior:preparation.family.diluted_espresso:extremely_dark:sensory.tobacco	preparation.family.diluted_espresso	extremely_dark	sensory.tobacco	0.000000	0.000000	0.000000	neutral	0			db/data/round3m/C0_C1_EVIDENCE_RECEIPT.json	NEUTRAL_ZERO_REVIEWED_C1_MAPPING	NEUTRAL_MISSING_DIRECT_EVIDENCE	db/022_round3b_context_governance.sql|db/data/round3m/C0_C1_EVIDENCE_RECEIPT.json
prior:preparation.family.diluted_espresso:extremely_dark:sensory.smoky	preparation.family.diluted_espresso	extremely_dark	sensory.smoky	0.000000	0.000000	0.000000	neutral	0			db/data/round3m/C0_C1_EVIDENCE_RECEIPT.json	NEUTRAL_ZERO_REVIEWED_C1_MAPPING	NEUTRAL_MISSING_DIRECT_EVIDENCE	db/022_round3b_context_governance.sql|db/data/round3m/C0_C1_EVIDENCE_RECEIPT.json
prior:preparation.family.diluted_espresso:extremely_dark:sensory.green_tea	preparation.family.diluted_espresso	extremely_dark	sensory.green_tea	0.000000	0.000000	0.000000	neutral	0			db/data/round3m/C0_C1_EVIDENCE_RECEIPT.json	NEUTRAL_ZERO_REVIEWED_C1_MAPPING	NEUTRAL_MISSING_DIRECT_EVIDENCE	db/022_round3b_context_governance.sql|db/data/round3m/C0_C1_EVIDENCE_RECEIPT.json
prior:preparation.family.diluted_espresso:extremely_dark:sensory.cedar	preparation.family.diluted_espresso	extremely_dark	sensory.cedar	0.000000	0.000000	0.000000	neutral	0			db/data/round3m/C0_C1_EVIDENCE_RECEIPT.json	NEUTRAL_ZERO_REVIEWED_C1_MAPPING	NEUTRAL_MISSING_DIRECT_EVIDENCE	db/022_round3b_context_governance.sql|db/data/round3m/C0_C1_EVIDENCE_RECEIPT.json
prior:preparation.family.diluted_espresso:extremely_dark:sensory.earthy	preparation.family.diluted_espresso	extremely_dark	sensory.earthy	0.000000	0.000000	0.000000	neutral	0			db/data/round3m/C0_C1_EVIDENCE_RECEIPT.json	NEUTRAL_ZERO_REVIEWED_C1_MAPPING	NEUTRAL_MISSING_DIRECT_EVIDENCE	db/022_round3b_context_governance.sql|db/data/round3m/C0_C1_EVIDENCE_RECEIPT.json
prior:preparation.family.diluted_espresso:extremely_dark:sensory.fermented_character	preparation.family.diluted_espresso	extremely_dark	sensory.fermented_character	0.000000	0.000000	0.000000	neutral	0			db/data/round3m/C0_C1_EVIDENCE_RECEIPT.json	NEUTRAL_ZERO_REVIEWED_C1_MAPPING	NEUTRAL_MISSING_DIRECT_EVIDENCE	db/022_round3b_context_governance.sql|db/data/round3m/C0_C1_EVIDENCE_RECEIPT.json
prior:preparation.family.diluted_espresso:extremely_dark:sensory.wine_like_character	preparation.family.diluted_espresso	extremely_dark	sensory.wine_like_character	0.000000	0.000000	0.000000	neutral	0			db/data/round3m/C0_C1_EVIDENCE_RECEIPT.json	NEUTRAL_ZERO_REVIEWED_C1_MAPPING	NEUTRAL_MISSING_DIRECT_EVIDENCE	db/022_round3b_context_governance.sql|db/data/round3m/C0_C1_EVIDENCE_RECEIPT.json
prior:preparation.family.stovetop_boiled:extremely_light:sensory.jasmine	preparation.family.stovetop_boiled	extremely_light	sensory.jasmine	0.000000	0.000000	0.000000	neutral	0			db/data/round3m/C0_C1_EVIDENCE_RECEIPT.json	NEUTRAL_ZERO_REVIEWED_C1_MAPPING	NEUTRAL_MISSING_DIRECT_EVIDENCE	db/022_round3b_context_governance.sql|db/data/round3m/C0_C1_EVIDENCE_RECEIPT.json
prior:preparation.family.stovetop_boiled:extremely_light:sensory.rose	preparation.family.stovetop_boiled	extremely_light	sensory.rose	0.000000	0.000000	0.000000	neutral	0			db/data/round3m/C0_C1_EVIDENCE_RECEIPT.json	NEUTRAL_ZERO_REVIEWED_C1_MAPPING	NEUTRAL_MISSING_DIRECT_EVIDENCE	db/022_round3b_context_governance.sql|db/data/round3m/C0_C1_EVIDENCE_RECEIPT.json
prior:preparation.family.stovetop_boiled:extremely_light:sensory.orange_blossom	preparation.family.stovetop_boiled	extremely_light	sensory.orange_blossom	0.000000	0.000000	0.000000	neutral	0			db/data/round3m/C0_C1_EVIDENCE_RECEIPT.json	NEUTRAL_ZERO_REVIEWED_C1_MAPPING	NEUTRAL_MISSING_DIRECT_EVIDENCE	db/022_round3b_context_governance.sql|db/data/round3m/C0_C1_EVIDENCE_RECEIPT.json
prior:preparation.family.stovetop_boiled:extremely_light:sensory.lemon	preparation.family.stovetop_boiled	extremely_light	sensory.lemon	0.000000	0.000000	0.000000	neutral	0			db/data/round3m/C0_C1_EVIDENCE_RECEIPT.json	NEUTRAL_ZERO_REVIEWED_C1_MAPPING	NEUTRAL_MISSING_DIRECT_EVIDENCE	db/022_round3b_context_governance.sql|db/data/round3m/C0_C1_EVIDENCE_RECEIPT.json
prior:preparation.family.stovetop_boiled:extremely_light:sensory.orange	preparation.family.stovetop_boiled	extremely_light	sensory.orange	0.000000	0.000000	0.000000	neutral	0			db/data/round3m/C0_C1_EVIDENCE_RECEIPT.json	NEUTRAL_ZERO_REVIEWED_C1_MAPPING	NEUTRAL_MISSING_DIRECT_EVIDENCE	db/022_round3b_context_governance.sql|db/data/round3m/C0_C1_EVIDENCE_RECEIPT.json
prior:preparation.family.stovetop_boiled:extremely_light:sensory.blueberry	preparation.family.stovetop_boiled	extremely_light	sensory.blueberry	0.000000	0.000000	0.000000	neutral	0			db/data/round3m/C0_C1_EVIDENCE_RECEIPT.json	NEUTRAL_ZERO_REVIEWED_C1_MAPPING	NEUTRAL_MISSING_DIRECT_EVIDENCE	db/022_round3b_context_governance.sql|db/data/round3m/C0_C1_EVIDENCE_RECEIPT.json
prior:preparation.family.stovetop_boiled:extremely_light:sensory.honey	preparation.family.stovetop_boiled	extremely_light	sensory.honey	0.050000	0.000000	0.050000	weak	4	family.vezzulli-trainedpanel-2022	db/data/round3h/batch1/vezzulli_2022_table2_sensory_medians.tsv	db/data/round3m/C0_C1_EVIDENCE_RECEIPT.json	NEUTRAL_ZERO_REVIEWED_C1_MAPPING	WEAK_SOURCE_LOCAL_WITHIN_STUDY_DIFFERENCE	db/022_round3b_context_governance.sql|db/data/round3m/C0_C1_EVIDENCE_RECEIPT.json|db/data/round3h/batch1/vezzulli_2022_table2_sensory_medians.tsv
prior:preparation.family.stovetop_boiled:extremely_light:sensory.caramel	preparation.family.stovetop_boiled	extremely_light	sensory.caramel	-0.007500	0.000000	-0.007500	weak	4	family.vezzulli-trainedpanel-2022	db/data/round3h/batch1/vezzulli_2022_table2_sensory_medians.tsv	db/data/round3m/C0_C1_EVIDENCE_RECEIPT.json	NEUTRAL_ZERO_REVIEWED_C1_MAPPING	WEAK_SOURCE_LOCAL_WITHIN_STUDY_DIFFERENCE	db/022_round3b_context_governance.sql|db/data/round3m/C0_C1_EVIDENCE_RECEIPT.json|db/data/round3h/batch1/vezzulli_2022_table2_sensory_medians.tsv
prior:preparation.family.stovetop_boiled:extremely_light:sensory.brown_sugar	preparation.family.stovetop_boiled	extremely_light	sensory.brown_sugar	0.000000	0.000000	0.000000	neutral	0			db/data/round3m/C0_C1_EVIDENCE_RECEIPT.json	NEUTRAL_ZERO_REVIEWED_C1_MAPPING	NEUTRAL_MISSING_DIRECT_EVIDENCE	db/022_round3b_context_governance.sql|db/data/round3m/C0_C1_EVIDENCE_RECEIPT.json
prior:preparation.family.stovetop_boiled:extremely_light:sensory.almond	preparation.family.stovetop_boiled	extremely_light	sensory.almond	0.000000	0.000000	0.000000	neutral	0			db/data/round3m/C0_C1_EVIDENCE_RECEIPT.json	NEUTRAL_ZERO_REVIEWED_C1_MAPPING	NEUTRAL_MISSING_DIRECT_EVIDENCE	db/022_round3b_context_governance.sql|db/data/round3m/C0_C1_EVIDENCE_RECEIPT.json
prior:preparation.family.stovetop_boiled:extremely_light:sensory.hazelnut	preparation.family.stovetop_boiled	extremely_light	sensory.hazelnut	0.000000	0.000000	0.000000	neutral	0			db/data/round3m/C0_C1_EVIDENCE_RECEIPT.json	NEUTRAL_ZERO_REVIEWED_C1_MAPPING	NEUTRAL_MISSING_DIRECT_EVIDENCE	db/022_round3b_context_governance.sql|db/data/round3m/C0_C1_EVIDENCE_RECEIPT.json
prior:preparation.family.stovetop_boiled:extremely_light:sensory.dark_chocolate	preparation.family.stovetop_boiled	extremely_light	sensory.dark_chocolate	0.000000	0.000000	0.000000	neutral	0			db/data/round3m/C0_C1_EVIDENCE_RECEIPT.json	NEUTRAL_ZERO_REVIEWED_C1_MAPPING	NEUTRAL_MISSING_DIRECT_EVIDENCE	db/022_round3b_context_governance.sql|db/data/round3m/C0_C1_EVIDENCE_RECEIPT.json
prior:preparation.family.stovetop_boiled:extremely_light:sensory.cinnamon	preparation.family.stovetop_boiled	extremely_light	sensory.cinnamon	0.000000	0.000000	0.000000	neutral	0			db/data/round3m/C0_C1_EVIDENCE_RECEIPT.json	NEUTRAL_ZERO_REVIEWED_C1_MAPPING	NEUTRAL_MISSING_DIRECT_EVIDENCE	db/022_round3b_context_governance.sql|db/data/round3m/C0_C1_EVIDENCE_RECEIPT.json
prior:preparation.family.stovetop_boiled:extremely_light:sensory.tobacco	preparation.family.stovetop_boiled	extremely_light	sensory.tobacco	0.000000	0.000000	0.000000	neutral	0			db/data/round3m/C0_C1_EVIDENCE_RECEIPT.json	NEUTRAL_ZERO_REVIEWED_C1_MAPPING	NEUTRAL_MISSING_DIRECT_EVIDENCE	db/022_round3b_context_governance.sql|db/data/round3m/C0_C1_EVIDENCE_RECEIPT.json
prior:preparation.family.stovetop_boiled:extremely_light:sensory.smoky	preparation.family.stovetop_boiled	extremely_light	sensory.smoky	0.000000	0.000000	0.000000	neutral	0			db/data/round3m/C0_C1_EVIDENCE_RECEIPT.json	NEUTRAL_ZERO_REVIEWED_C1_MAPPING	NEUTRAL_MISSING_DIRECT_EVIDENCE	db/022_round3b_context_governance.sql|db/data/round3m/C0_C1_EVIDENCE_RECEIPT.json
prior:preparation.family.stovetop_boiled:extremely_light:sensory.green_tea	preparation.family.stovetop_boiled	extremely_light	sensory.green_tea	0.000000	0.000000	0.000000	neutral	0			db/data/round3m/C0_C1_EVIDENCE_RECEIPT.json	NEUTRAL_ZERO_REVIEWED_C1_MAPPING	NEUTRAL_MISSING_DIRECT_EVIDENCE	db/022_round3b_context_governance.sql|db/data/round3m/C0_C1_EVIDENCE_RECEIPT.json
prior:preparation.family.stovetop_boiled:extremely_light:sensory.cedar	preparation.family.stovetop_boiled	extremely_light	sensory.cedar	0.000000	0.000000	0.000000	neutral	0			db/data/round3m/C0_C1_EVIDENCE_RECEIPT.json	NEUTRAL_ZERO_REVIEWED_C1_MAPPING	NEUTRAL_MISSING_DIRECT_EVIDENCE	db/022_round3b_context_governance.sql|db/data/round3m/C0_C1_EVIDENCE_RECEIPT.json
prior:preparation.family.stovetop_boiled:extremely_light:sensory.earthy	preparation.family.stovetop_boiled	extremely_light	sensory.earthy	0.000000	0.000000	0.000000	neutral	0			db/data/round3m/C0_C1_EVIDENCE_RECEIPT.json	NEUTRAL_ZERO_REVIEWED_C1_MAPPING	NEUTRAL_MISSING_DIRECT_EVIDENCE	db/022_round3b_context_governance.sql|db/data/round3m/C0_C1_EVIDENCE_RECEIPT.json
prior:preparation.family.stovetop_boiled:extremely_light:sensory.fermented_character	preparation.family.stovetop_boiled	extremely_light	sensory.fermented_character	0.000000	0.000000	0.000000	neutral	0			db/data/round3m/C0_C1_EVIDENCE_RECEIPT.json	NEUTRAL_ZERO_REVIEWED_C1_MAPPING	NEUTRAL_MISSING_DIRECT_EVIDENCE	db/022_round3b_context_governance.sql|db/data/round3m/C0_C1_EVIDENCE_RECEIPT.json
prior:preparation.family.stovetop_boiled:extremely_light:sensory.wine_like_character	preparation.family.stovetop_boiled	extremely_light	sensory.wine_like_character	0.000000	0.000000	0.000000	neutral	0			db/data/round3m/C0_C1_EVIDENCE_RECEIPT.json	NEUTRAL_ZERO_REVIEWED_C1_MAPPING	NEUTRAL_MISSING_DIRECT_EVIDENCE	db/022_round3b_context_governance.sql|db/data/round3m/C0_C1_EVIDENCE_RECEIPT.json
prior:preparation.family.stovetop_boiled:light:sensory.jasmine	preparation.family.stovetop_boiled	light	sensory.jasmine	0.000000	0.000000	0.000000	neutral	0			db/data/round3m/C0_C1_EVIDENCE_RECEIPT.json	NEUTRAL_ZERO_REVIEWED_C1_MAPPING	NEUTRAL_MISSING_DIRECT_EVIDENCE	db/022_round3b_context_governance.sql|db/data/round3m/C0_C1_EVIDENCE_RECEIPT.json
prior:preparation.family.stovetop_boiled:light:sensory.rose	preparation.family.stovetop_boiled	light	sensory.rose	0.000000	0.000000	0.000000	neutral	0			db/data/round3m/C0_C1_EVIDENCE_RECEIPT.json	NEUTRAL_ZERO_REVIEWED_C1_MAPPING	NEUTRAL_MISSING_DIRECT_EVIDENCE	db/022_round3b_context_governance.sql|db/data/round3m/C0_C1_EVIDENCE_RECEIPT.json
prior:preparation.family.stovetop_boiled:light:sensory.orange_blossom	preparation.family.stovetop_boiled	light	sensory.orange_blossom	0.000000	0.000000	0.000000	neutral	0			db/data/round3m/C0_C1_EVIDENCE_RECEIPT.json	NEUTRAL_ZERO_REVIEWED_C1_MAPPING	NEUTRAL_MISSING_DIRECT_EVIDENCE	db/022_round3b_context_governance.sql|db/data/round3m/C0_C1_EVIDENCE_RECEIPT.json
prior:preparation.family.stovetop_boiled:light:sensory.lemon	preparation.family.stovetop_boiled	light	sensory.lemon	0.000000	0.000000	0.000000	neutral	0			db/data/round3m/C0_C1_EVIDENCE_RECEIPT.json	NEUTRAL_ZERO_REVIEWED_C1_MAPPING	NEUTRAL_MISSING_DIRECT_EVIDENCE	db/022_round3b_context_governance.sql|db/data/round3m/C0_C1_EVIDENCE_RECEIPT.json
prior:preparation.family.stovetop_boiled:light:sensory.orange	preparation.family.stovetop_boiled	light	sensory.orange	0.000000	0.000000	0.000000	neutral	0			db/data/round3m/C0_C1_EVIDENCE_RECEIPT.json	NEUTRAL_ZERO_REVIEWED_C1_MAPPING	NEUTRAL_MISSING_DIRECT_EVIDENCE	db/022_round3b_context_governance.sql|db/data/round3m/C0_C1_EVIDENCE_RECEIPT.json
prior:preparation.family.stovetop_boiled:light:sensory.blueberry	preparation.family.stovetop_boiled	light	sensory.blueberry	0.000000	0.000000	0.000000	neutral	0			db/data/round3m/C0_C1_EVIDENCE_RECEIPT.json	NEUTRAL_ZERO_REVIEWED_C1_MAPPING	NEUTRAL_MISSING_DIRECT_EVIDENCE	db/022_round3b_context_governance.sql|db/data/round3m/C0_C1_EVIDENCE_RECEIPT.json
prior:preparation.family.stovetop_boiled:light:sensory.honey	preparation.family.stovetop_boiled	light	sensory.honey	0.050000	0.000000	0.050000	weak	4	family.vezzulli-trainedpanel-2022	db/data/round3h/batch1/vezzulli_2022_table2_sensory_medians.tsv	db/data/round3m/C0_C1_EVIDENCE_RECEIPT.json	NEUTRAL_ZERO_REVIEWED_C1_MAPPING	WEAK_SOURCE_LOCAL_WITHIN_STUDY_DIFFERENCE	db/022_round3b_context_governance.sql|db/data/round3m/C0_C1_EVIDENCE_RECEIPT.json|db/data/round3h/batch1/vezzulli_2022_table2_sensory_medians.tsv
prior:preparation.family.stovetop_boiled:light:sensory.caramel	preparation.family.stovetop_boiled	light	sensory.caramel	-0.007500	0.000000	-0.007500	weak	4	family.vezzulli-trainedpanel-2022	db/data/round3h/batch1/vezzulli_2022_table2_sensory_medians.tsv	db/data/round3m/C0_C1_EVIDENCE_RECEIPT.json	NEUTRAL_ZERO_REVIEWED_C1_MAPPING	WEAK_SOURCE_LOCAL_WITHIN_STUDY_DIFFERENCE	db/022_round3b_context_governance.sql|db/data/round3m/C0_C1_EVIDENCE_RECEIPT.json|db/data/round3h/batch1/vezzulli_2022_table2_sensory_medians.tsv
prior:preparation.family.stovetop_boiled:light:sensory.brown_sugar	preparation.family.stovetop_boiled	light	sensory.brown_sugar	0.000000	0.000000	0.000000	neutral	0			db/data/round3m/C0_C1_EVIDENCE_RECEIPT.json	NEUTRAL_ZERO_REVIEWED_C1_MAPPING	NEUTRAL_MISSING_DIRECT_EVIDENCE	db/022_round3b_context_governance.sql|db/data/round3m/C0_C1_EVIDENCE_RECEIPT.json
prior:preparation.family.stovetop_boiled:light:sensory.almond	preparation.family.stovetop_boiled	light	sensory.almond	0.000000	0.000000	0.000000	neutral	0			db/data/round3m/C0_C1_EVIDENCE_RECEIPT.json	NEUTRAL_ZERO_REVIEWED_C1_MAPPING	NEUTRAL_MISSING_DIRECT_EVIDENCE	db/022_round3b_context_governance.sql|db/data/round3m/C0_C1_EVIDENCE_RECEIPT.json
prior:preparation.family.stovetop_boiled:light:sensory.hazelnut	preparation.family.stovetop_boiled	light	sensory.hazelnut	0.000000	0.000000	0.000000	neutral	0			db/data/round3m/C0_C1_EVIDENCE_RECEIPT.json	NEUTRAL_ZERO_REVIEWED_C1_MAPPING	NEUTRAL_MISSING_DIRECT_EVIDENCE	db/022_round3b_context_governance.sql|db/data/round3m/C0_C1_EVIDENCE_RECEIPT.json
prior:preparation.family.stovetop_boiled:light:sensory.dark_chocolate	preparation.family.stovetop_boiled	light	sensory.dark_chocolate	0.000000	0.000000	0.000000	neutral	0			db/data/round3m/C0_C1_EVIDENCE_RECEIPT.json	NEUTRAL_ZERO_REVIEWED_C1_MAPPING	NEUTRAL_MISSING_DIRECT_EVIDENCE	db/022_round3b_context_governance.sql|db/data/round3m/C0_C1_EVIDENCE_RECEIPT.json
prior:preparation.family.stovetop_boiled:light:sensory.cinnamon	preparation.family.stovetop_boiled	light	sensory.cinnamon	0.000000	0.000000	0.000000	neutral	0			db/data/round3m/C0_C1_EVIDENCE_RECEIPT.json	NEUTRAL_ZERO_REVIEWED_C1_MAPPING	NEUTRAL_MISSING_DIRECT_EVIDENCE	db/022_round3b_context_governance.sql|db/data/round3m/C0_C1_EVIDENCE_RECEIPT.json
prior:preparation.family.stovetop_boiled:light:sensory.tobacco	preparation.family.stovetop_boiled	light	sensory.tobacco	0.000000	0.000000	0.000000	neutral	0			db/data/round3m/C0_C1_EVIDENCE_RECEIPT.json	NEUTRAL_ZERO_REVIEWED_C1_MAPPING	NEUTRAL_MISSING_DIRECT_EVIDENCE	db/022_round3b_context_governance.sql|db/data/round3m/C0_C1_EVIDENCE_RECEIPT.json
prior:preparation.family.stovetop_boiled:light:sensory.smoky	preparation.family.stovetop_boiled	light	sensory.smoky	0.000000	0.000000	0.000000	neutral	0			db/data/round3m/C0_C1_EVIDENCE_RECEIPT.json	NEUTRAL_ZERO_REVIEWED_C1_MAPPING	NEUTRAL_MISSING_DIRECT_EVIDENCE	db/022_round3b_context_governance.sql|db/data/round3m/C0_C1_EVIDENCE_RECEIPT.json
prior:preparation.family.stovetop_boiled:light:sensory.green_tea	preparation.family.stovetop_boiled	light	sensory.green_tea	0.000000	0.000000	0.000000	neutral	0			db/data/round3m/C0_C1_EVIDENCE_RECEIPT.json	NEUTRAL_ZERO_REVIEWED_C1_MAPPING	NEUTRAL_MISSING_DIRECT_EVIDENCE	db/022_round3b_context_governance.sql|db/data/round3m/C0_C1_EVIDENCE_RECEIPT.json
prior:preparation.family.stovetop_boiled:light:sensory.cedar	preparation.family.stovetop_boiled	light	sensory.cedar	0.000000	0.000000	0.000000	neutral	0			db/data/round3m/C0_C1_EVIDENCE_RECEIPT.json	NEUTRAL_ZERO_REVIEWED_C1_MAPPING	NEUTRAL_MISSING_DIRECT_EVIDENCE	db/022_round3b_context_governance.sql|db/data/round3m/C0_C1_EVIDENCE_RECEIPT.json
prior:preparation.family.stovetop_boiled:light:sensory.earthy	preparation.family.stovetop_boiled	light	sensory.earthy	0.000000	0.000000	0.000000	neutral	0			db/data/round3m/C0_C1_EVIDENCE_RECEIPT.json	NEUTRAL_ZERO_REVIEWED_C1_MAPPING	NEUTRAL_MISSING_DIRECT_EVIDENCE	db/022_round3b_context_governance.sql|db/data/round3m/C0_C1_EVIDENCE_RECEIPT.json
prior:preparation.family.stovetop_boiled:light:sensory.fermented_character	preparation.family.stovetop_boiled	light	sensory.fermented_character	0.000000	0.000000	0.000000	neutral	0			db/data/round3m/C0_C1_EVIDENCE_RECEIPT.json	NEUTRAL_ZERO_REVIEWED_C1_MAPPING	NEUTRAL_MISSING_DIRECT_EVIDENCE	db/022_round3b_context_governance.sql|db/data/round3m/C0_C1_EVIDENCE_RECEIPT.json
prior:preparation.family.stovetop_boiled:light:sensory.wine_like_character	preparation.family.stovetop_boiled	light	sensory.wine_like_character	0.000000	0.000000	0.000000	neutral	0			db/data/round3m/C0_C1_EVIDENCE_RECEIPT.json	NEUTRAL_ZERO_REVIEWED_C1_MAPPING	NEUTRAL_MISSING_DIRECT_EVIDENCE	db/022_round3b_context_governance.sql|db/data/round3m/C0_C1_EVIDENCE_RECEIPT.json
prior:preparation.family.stovetop_boiled:medium_light:sensory.jasmine	preparation.family.stovetop_boiled	medium_light	sensory.jasmine	0.000000	0.000000	0.000000	neutral	0			db/data/round3m/C0_C1_EVIDENCE_RECEIPT.json	NEUTRAL_ZERO_REVIEWED_C1_MAPPING	NEUTRAL_MISSING_DIRECT_EVIDENCE	db/022_round3b_context_governance.sql|db/data/round3m/C0_C1_EVIDENCE_RECEIPT.json
prior:preparation.family.stovetop_boiled:medium_light:sensory.rose	preparation.family.stovetop_boiled	medium_light	sensory.rose	0.000000	0.000000	0.000000	neutral	0			db/data/round3m/C0_C1_EVIDENCE_RECEIPT.json	NEUTRAL_ZERO_REVIEWED_C1_MAPPING	NEUTRAL_MISSING_DIRECT_EVIDENCE	db/022_round3b_context_governance.sql|db/data/round3m/C0_C1_EVIDENCE_RECEIPT.json
prior:preparation.family.stovetop_boiled:medium_light:sensory.orange_blossom	preparation.family.stovetop_boiled	medium_light	sensory.orange_blossom	0.000000	0.000000	0.000000	neutral	0			db/data/round3m/C0_C1_EVIDENCE_RECEIPT.json	NEUTRAL_ZERO_REVIEWED_C1_MAPPING	NEUTRAL_MISSING_DIRECT_EVIDENCE	db/022_round3b_context_governance.sql|db/data/round3m/C0_C1_EVIDENCE_RECEIPT.json
prior:preparation.family.stovetop_boiled:medium_light:sensory.lemon	preparation.family.stovetop_boiled	medium_light	sensory.lemon	0.000000	0.000000	0.000000	neutral	0			db/data/round3m/C0_C1_EVIDENCE_RECEIPT.json	NEUTRAL_ZERO_REVIEWED_C1_MAPPING	NEUTRAL_MISSING_DIRECT_EVIDENCE	db/022_round3b_context_governance.sql|db/data/round3m/C0_C1_EVIDENCE_RECEIPT.json
prior:preparation.family.stovetop_boiled:medium_light:sensory.orange	preparation.family.stovetop_boiled	medium_light	sensory.orange	0.000000	0.000000	0.000000	neutral	0			db/data/round3m/C0_C1_EVIDENCE_RECEIPT.json	NEUTRAL_ZERO_REVIEWED_C1_MAPPING	NEUTRAL_MISSING_DIRECT_EVIDENCE	db/022_round3b_context_governance.sql|db/data/round3m/C0_C1_EVIDENCE_RECEIPT.json
prior:preparation.family.stovetop_boiled:medium_light:sensory.blueberry	preparation.family.stovetop_boiled	medium_light	sensory.blueberry	0.000000	0.000000	0.000000	neutral	0			db/data/round3m/C0_C1_EVIDENCE_RECEIPT.json	NEUTRAL_ZERO_REVIEWED_C1_MAPPING	NEUTRAL_MISSING_DIRECT_EVIDENCE	db/022_round3b_context_governance.sql|db/data/round3m/C0_C1_EVIDENCE_RECEIPT.json
prior:preparation.family.stovetop_boiled:medium_light:sensory.honey	preparation.family.stovetop_boiled	medium_light	sensory.honey	0.050000	0.000000	0.050000	weak	4	family.vezzulli-trainedpanel-2022	db/data/round3h/batch1/vezzulli_2022_table2_sensory_medians.tsv	db/data/round3m/C0_C1_EVIDENCE_RECEIPT.json	NEUTRAL_ZERO_REVIEWED_C1_MAPPING	WEAK_SOURCE_LOCAL_WITHIN_STUDY_DIFFERENCE	db/022_round3b_context_governance.sql|db/data/round3m/C0_C1_EVIDENCE_RECEIPT.json|db/data/round3h/batch1/vezzulli_2022_table2_sensory_medians.tsv
prior:preparation.family.stovetop_boiled:medium_light:sensory.caramel	preparation.family.stovetop_boiled	medium_light	sensory.caramel	-0.007500	0.000000	-0.007500	weak	4	family.vezzulli-trainedpanel-2022	db/data/round3h/batch1/vezzulli_2022_table2_sensory_medians.tsv	db/data/round3m/C0_C1_EVIDENCE_RECEIPT.json	NEUTRAL_ZERO_REVIEWED_C1_MAPPING	WEAK_SOURCE_LOCAL_WITHIN_STUDY_DIFFERENCE	db/022_round3b_context_governance.sql|db/data/round3m/C0_C1_EVIDENCE_RECEIPT.json|db/data/round3h/batch1/vezzulli_2022_table2_sensory_medians.tsv
prior:preparation.family.stovetop_boiled:medium_light:sensory.brown_sugar	preparation.family.stovetop_boiled	medium_light	sensory.brown_sugar	0.000000	0.000000	0.000000	neutral	0			db/data/round3m/C0_C1_EVIDENCE_RECEIPT.json	NEUTRAL_ZERO_REVIEWED_C1_MAPPING	NEUTRAL_MISSING_DIRECT_EVIDENCE	db/022_round3b_context_governance.sql|db/data/round3m/C0_C1_EVIDENCE_RECEIPT.json
prior:preparation.family.stovetop_boiled:medium_light:sensory.almond	preparation.family.stovetop_boiled	medium_light	sensory.almond	0.000000	0.000000	0.000000	neutral	0			db/data/round3m/C0_C1_EVIDENCE_RECEIPT.json	NEUTRAL_ZERO_REVIEWED_C1_MAPPING	NEUTRAL_MISSING_DIRECT_EVIDENCE	db/022_round3b_context_governance.sql|db/data/round3m/C0_C1_EVIDENCE_RECEIPT.json
prior:preparation.family.stovetop_boiled:medium_light:sensory.hazelnut	preparation.family.stovetop_boiled	medium_light	sensory.hazelnut	0.000000	0.000000	0.000000	neutral	0			db/data/round3m/C0_C1_EVIDENCE_RECEIPT.json	NEUTRAL_ZERO_REVIEWED_C1_MAPPING	NEUTRAL_MISSING_DIRECT_EVIDENCE	db/022_round3b_context_governance.sql|db/data/round3m/C0_C1_EVIDENCE_RECEIPT.json
prior:preparation.family.stovetop_boiled:medium_light:sensory.dark_chocolate	preparation.family.stovetop_boiled	medium_light	sensory.dark_chocolate	0.000000	0.000000	0.000000	neutral	0			db/data/round3m/C0_C1_EVIDENCE_RECEIPT.json	NEUTRAL_ZERO_REVIEWED_C1_MAPPING	NEUTRAL_MISSING_DIRECT_EVIDENCE	db/022_round3b_context_governance.sql|db/data/round3m/C0_C1_EVIDENCE_RECEIPT.json
prior:preparation.family.stovetop_boiled:medium_light:sensory.cinnamon	preparation.family.stovetop_boiled	medium_light	sensory.cinnamon	0.000000	0.000000	0.000000	neutral	0			db/data/round3m/C0_C1_EVIDENCE_RECEIPT.json	NEUTRAL_ZERO_REVIEWED_C1_MAPPING	NEUTRAL_MISSING_DIRECT_EVIDENCE	db/022_round3b_context_governance.sql|db/data/round3m/C0_C1_EVIDENCE_RECEIPT.json
prior:preparation.family.stovetop_boiled:medium_light:sensory.tobacco	preparation.family.stovetop_boiled	medium_light	sensory.tobacco	0.000000	0.000000	0.000000	neutral	0			db/data/round3m/C0_C1_EVIDENCE_RECEIPT.json	NEUTRAL_ZERO_REVIEWED_C1_MAPPING	NEUTRAL_MISSING_DIRECT_EVIDENCE	db/022_round3b_context_governance.sql|db/data/round3m/C0_C1_EVIDENCE_RECEIPT.json
prior:preparation.family.stovetop_boiled:medium_light:sensory.smoky	preparation.family.stovetop_boiled	medium_light	sensory.smoky	0.000000	0.000000	0.000000	neutral	0			db/data/round3m/C0_C1_EVIDENCE_RECEIPT.json	NEUTRAL_ZERO_REVIEWED_C1_MAPPING	NEUTRAL_MISSING_DIRECT_EVIDENCE	db/022_round3b_context_governance.sql|db/data/round3m/C0_C1_EVIDENCE_RECEIPT.json
prior:preparation.family.stovetop_boiled:medium_light:sensory.green_tea	preparation.family.stovetop_boiled	medium_light	sensory.green_tea	0.000000	0.000000	0.000000	neutral	0			db/data/round3m/C0_C1_EVIDENCE_RECEIPT.json	NEUTRAL_ZERO_REVIEWED_C1_MAPPING	NEUTRAL_MISSING_DIRECT_EVIDENCE	db/022_round3b_context_governance.sql|db/data/round3m/C0_C1_EVIDENCE_RECEIPT.json
prior:preparation.family.stovetop_boiled:medium_light:sensory.cedar	preparation.family.stovetop_boiled	medium_light	sensory.cedar	0.000000	0.000000	0.000000	neutral	0			db/data/round3m/C0_C1_EVIDENCE_RECEIPT.json	NEUTRAL_ZERO_REVIEWED_C1_MAPPING	NEUTRAL_MISSING_DIRECT_EVIDENCE	db/022_round3b_context_governance.sql|db/data/round3m/C0_C1_EVIDENCE_RECEIPT.json
prior:preparation.family.stovetop_boiled:medium_light:sensory.earthy	preparation.family.stovetop_boiled	medium_light	sensory.earthy	0.000000	0.000000	0.000000	neutral	0			db/data/round3m/C0_C1_EVIDENCE_RECEIPT.json	NEUTRAL_ZERO_REVIEWED_C1_MAPPING	NEUTRAL_MISSING_DIRECT_EVIDENCE	db/022_round3b_context_governance.sql|db/data/round3m/C0_C1_EVIDENCE_RECEIPT.json
prior:preparation.family.stovetop_boiled:medium_light:sensory.fermented_character	preparation.family.stovetop_boiled	medium_light	sensory.fermented_character	0.000000	0.000000	0.000000	neutral	0			db/data/round3m/C0_C1_EVIDENCE_RECEIPT.json	NEUTRAL_ZERO_REVIEWED_C1_MAPPING	NEUTRAL_MISSING_DIRECT_EVIDENCE	db/022_round3b_context_governance.sql|db/data/round3m/C0_C1_EVIDENCE_RECEIPT.json
prior:preparation.family.stovetop_boiled:medium_light:sensory.wine_like_character	preparation.family.stovetop_boiled	medium_light	sensory.wine_like_character	0.000000	0.000000	0.000000	neutral	0			db/data/round3m/C0_C1_EVIDENCE_RECEIPT.json	NEUTRAL_ZERO_REVIEWED_C1_MAPPING	NEUTRAL_MISSING_DIRECT_EVIDENCE	db/022_round3b_context_governance.sql|db/data/round3m/C0_C1_EVIDENCE_RECEIPT.json
prior:preparation.family.stovetop_boiled:medium:sensory.jasmine	preparation.family.stovetop_boiled	medium	sensory.jasmine	0.000000	0.000000	0.000000	neutral	0			db/data/round3m/C0_C1_EVIDENCE_RECEIPT.json	NEUTRAL_ZERO_REVIEWED_C1_MAPPING	NEUTRAL_MISSING_DIRECT_EVIDENCE	db/022_round3b_context_governance.sql|db/data/round3m/C0_C1_EVIDENCE_RECEIPT.json
prior:preparation.family.stovetop_boiled:medium:sensory.rose	preparation.family.stovetop_boiled	medium	sensory.rose	0.000000	0.000000	0.000000	neutral	0			db/data/round3m/C0_C1_EVIDENCE_RECEIPT.json	NEUTRAL_ZERO_REVIEWED_C1_MAPPING	NEUTRAL_MISSING_DIRECT_EVIDENCE	db/022_round3b_context_governance.sql|db/data/round3m/C0_C1_EVIDENCE_RECEIPT.json
prior:preparation.family.stovetop_boiled:medium:sensory.orange_blossom	preparation.family.stovetop_boiled	medium	sensory.orange_blossom	0.000000	0.000000	0.000000	neutral	0			db/data/round3m/C0_C1_EVIDENCE_RECEIPT.json	NEUTRAL_ZERO_REVIEWED_C1_MAPPING	NEUTRAL_MISSING_DIRECT_EVIDENCE	db/022_round3b_context_governance.sql|db/data/round3m/C0_C1_EVIDENCE_RECEIPT.json
prior:preparation.family.stovetop_boiled:medium:sensory.lemon	preparation.family.stovetop_boiled	medium	sensory.lemon	0.000000	0.000000	0.000000	neutral	0			db/data/round3m/C0_C1_EVIDENCE_RECEIPT.json	NEUTRAL_ZERO_REVIEWED_C1_MAPPING	NEUTRAL_MISSING_DIRECT_EVIDENCE	db/022_round3b_context_governance.sql|db/data/round3m/C0_C1_EVIDENCE_RECEIPT.json
prior:preparation.family.stovetop_boiled:medium:sensory.orange	preparation.family.stovetop_boiled	medium	sensory.orange	0.000000	0.000000	0.000000	neutral	0			db/data/round3m/C0_C1_EVIDENCE_RECEIPT.json	NEUTRAL_ZERO_REVIEWED_C1_MAPPING	NEUTRAL_MISSING_DIRECT_EVIDENCE	db/022_round3b_context_governance.sql|db/data/round3m/C0_C1_EVIDENCE_RECEIPT.json
prior:preparation.family.stovetop_boiled:medium:sensory.blueberry	preparation.family.stovetop_boiled	medium	sensory.blueberry	0.000000	0.000000	0.000000	neutral	0			db/data/round3m/C0_C1_EVIDENCE_RECEIPT.json	NEUTRAL_ZERO_REVIEWED_C1_MAPPING	NEUTRAL_MISSING_DIRECT_EVIDENCE	db/022_round3b_context_governance.sql|db/data/round3m/C0_C1_EVIDENCE_RECEIPT.json
prior:preparation.family.stovetop_boiled:medium:sensory.honey	preparation.family.stovetop_boiled	medium	sensory.honey	0.050000	0.000000	0.050000	weak	4	family.vezzulli-trainedpanel-2022	db/data/round3h/batch1/vezzulli_2022_table2_sensory_medians.tsv	db/data/round3m/C0_C1_EVIDENCE_RECEIPT.json	NEUTRAL_ZERO_REVIEWED_C1_MAPPING	WEAK_SOURCE_LOCAL_WITHIN_STUDY_DIFFERENCE	db/022_round3b_context_governance.sql|db/data/round3m/C0_C1_EVIDENCE_RECEIPT.json|db/data/round3h/batch1/vezzulli_2022_table2_sensory_medians.tsv
prior:preparation.family.stovetop_boiled:medium:sensory.caramel	preparation.family.stovetop_boiled	medium	sensory.caramel	-0.007500	0.000000	-0.007500	weak	4	family.vezzulli-trainedpanel-2022	db/data/round3h/batch1/vezzulli_2022_table2_sensory_medians.tsv	db/data/round3m/C0_C1_EVIDENCE_RECEIPT.json	NEUTRAL_ZERO_REVIEWED_C1_MAPPING	WEAK_SOURCE_LOCAL_WITHIN_STUDY_DIFFERENCE	db/022_round3b_context_governance.sql|db/data/round3m/C0_C1_EVIDENCE_RECEIPT.json|db/data/round3h/batch1/vezzulli_2022_table2_sensory_medians.tsv
prior:preparation.family.stovetop_boiled:medium:sensory.brown_sugar	preparation.family.stovetop_boiled	medium	sensory.brown_sugar	0.000000	0.000000	0.000000	neutral	0			db/data/round3m/C0_C1_EVIDENCE_RECEIPT.json	NEUTRAL_ZERO_REVIEWED_C1_MAPPING	NEUTRAL_MISSING_DIRECT_EVIDENCE	db/022_round3b_context_governance.sql|db/data/round3m/C0_C1_EVIDENCE_RECEIPT.json
prior:preparation.family.stovetop_boiled:medium:sensory.almond	preparation.family.stovetop_boiled	medium	sensory.almond	0.000000	0.000000	0.000000	neutral	0			db/data/round3m/C0_C1_EVIDENCE_RECEIPT.json	NEUTRAL_ZERO_REVIEWED_C1_MAPPING	NEUTRAL_MISSING_DIRECT_EVIDENCE	db/022_round3b_context_governance.sql|db/data/round3m/C0_C1_EVIDENCE_RECEIPT.json
prior:preparation.family.stovetop_boiled:medium:sensory.hazelnut	preparation.family.stovetop_boiled	medium	sensory.hazelnut	0.000000	0.000000	0.000000	neutral	0			db/data/round3m/C0_C1_EVIDENCE_RECEIPT.json	NEUTRAL_ZERO_REVIEWED_C1_MAPPING	NEUTRAL_MISSING_DIRECT_EVIDENCE	db/022_round3b_context_governance.sql|db/data/round3m/C0_C1_EVIDENCE_RECEIPT.json
prior:preparation.family.stovetop_boiled:medium:sensory.dark_chocolate	preparation.family.stovetop_boiled	medium	sensory.dark_chocolate	0.000000	0.000000	0.000000	neutral	0			db/data/round3m/C0_C1_EVIDENCE_RECEIPT.json	NEUTRAL_ZERO_REVIEWED_C1_MAPPING	NEUTRAL_MISSING_DIRECT_EVIDENCE	db/022_round3b_context_governance.sql|db/data/round3m/C0_C1_EVIDENCE_RECEIPT.json
prior:preparation.family.stovetop_boiled:medium:sensory.cinnamon	preparation.family.stovetop_boiled	medium	sensory.cinnamon	0.000000	0.000000	0.000000	neutral	0			db/data/round3m/C0_C1_EVIDENCE_RECEIPT.json	NEUTRAL_ZERO_REVIEWED_C1_MAPPING	NEUTRAL_MISSING_DIRECT_EVIDENCE	db/022_round3b_context_governance.sql|db/data/round3m/C0_C1_EVIDENCE_RECEIPT.json
prior:preparation.family.stovetop_boiled:medium:sensory.tobacco	preparation.family.stovetop_boiled	medium	sensory.tobacco	0.000000	0.000000	0.000000	neutral	0			db/data/round3m/C0_C1_EVIDENCE_RECEIPT.json	NEUTRAL_ZERO_REVIEWED_C1_MAPPING	NEUTRAL_MISSING_DIRECT_EVIDENCE	db/022_round3b_context_governance.sql|db/data/round3m/C0_C1_EVIDENCE_RECEIPT.json
prior:preparation.family.stovetop_boiled:medium:sensory.smoky	preparation.family.stovetop_boiled	medium	sensory.smoky	0.000000	0.000000	0.000000	neutral	0			db/data/round3m/C0_C1_EVIDENCE_RECEIPT.json	NEUTRAL_ZERO_REVIEWED_C1_MAPPING	NEUTRAL_MISSING_DIRECT_EVIDENCE	db/022_round3b_context_governance.sql|db/data/round3m/C0_C1_EVIDENCE_RECEIPT.json
prior:preparation.family.stovetop_boiled:medium:sensory.green_tea	preparation.family.stovetop_boiled	medium	sensory.green_tea	0.000000	0.000000	0.000000	neutral	0			db/data/round3m/C0_C1_EVIDENCE_RECEIPT.json	NEUTRAL_ZERO_REVIEWED_C1_MAPPING	NEUTRAL_MISSING_DIRECT_EVIDENCE	db/022_round3b_context_governance.sql|db/data/round3m/C0_C1_EVIDENCE_RECEIPT.json
prior:preparation.family.stovetop_boiled:medium:sensory.cedar	preparation.family.stovetop_boiled	medium	sensory.cedar	0.000000	0.000000	0.000000	neutral	0			db/data/round3m/C0_C1_EVIDENCE_RECEIPT.json	NEUTRAL_ZERO_REVIEWED_C1_MAPPING	NEUTRAL_MISSING_DIRECT_EVIDENCE	db/022_round3b_context_governance.sql|db/data/round3m/C0_C1_EVIDENCE_RECEIPT.json
prior:preparation.family.stovetop_boiled:medium:sensory.earthy	preparation.family.stovetop_boiled	medium	sensory.earthy	0.000000	0.000000	0.000000	neutral	0			db/data/round3m/C0_C1_EVIDENCE_RECEIPT.json	NEUTRAL_ZERO_REVIEWED_C1_MAPPING	NEUTRAL_MISSING_DIRECT_EVIDENCE	db/022_round3b_context_governance.sql|db/data/round3m/C0_C1_EVIDENCE_RECEIPT.json
prior:preparation.family.stovetop_boiled:medium:sensory.fermented_character	preparation.family.stovetop_boiled	medium	sensory.fermented_character	0.000000	0.000000	0.000000	neutral	0			db/data/round3m/C0_C1_EVIDENCE_RECEIPT.json	NEUTRAL_ZERO_REVIEWED_C1_MAPPING	NEUTRAL_MISSING_DIRECT_EVIDENCE	db/022_round3b_context_governance.sql|db/data/round3m/C0_C1_EVIDENCE_RECEIPT.json
prior:preparation.family.stovetop_boiled:medium:sensory.wine_like_character	preparation.family.stovetop_boiled	medium	sensory.wine_like_character	0.000000	0.000000	0.000000	neutral	0			db/data/round3m/C0_C1_EVIDENCE_RECEIPT.json	NEUTRAL_ZERO_REVIEWED_C1_MAPPING	NEUTRAL_MISSING_DIRECT_EVIDENCE	db/022_round3b_context_governance.sql|db/data/round3m/C0_C1_EVIDENCE_RECEIPT.json
prior:preparation.family.stovetop_boiled:medium_dark:sensory.jasmine	preparation.family.stovetop_boiled	medium_dark	sensory.jasmine	0.000000	0.000000	0.000000	neutral	0			db/data/round3m/C0_C1_EVIDENCE_RECEIPT.json	NEUTRAL_ZERO_REVIEWED_C1_MAPPING	NEUTRAL_MISSING_DIRECT_EVIDENCE	db/022_round3b_context_governance.sql|db/data/round3m/C0_C1_EVIDENCE_RECEIPT.json
prior:preparation.family.stovetop_boiled:medium_dark:sensory.rose	preparation.family.stovetop_boiled	medium_dark	sensory.rose	0.000000	0.000000	0.000000	neutral	0			db/data/round3m/C0_C1_EVIDENCE_RECEIPT.json	NEUTRAL_ZERO_REVIEWED_C1_MAPPING	NEUTRAL_MISSING_DIRECT_EVIDENCE	db/022_round3b_context_governance.sql|db/data/round3m/C0_C1_EVIDENCE_RECEIPT.json
prior:preparation.family.stovetop_boiled:medium_dark:sensory.orange_blossom	preparation.family.stovetop_boiled	medium_dark	sensory.orange_blossom	0.000000	0.000000	0.000000	neutral	0			db/data/round3m/C0_C1_EVIDENCE_RECEIPT.json	NEUTRAL_ZERO_REVIEWED_C1_MAPPING	NEUTRAL_MISSING_DIRECT_EVIDENCE	db/022_round3b_context_governance.sql|db/data/round3m/C0_C1_EVIDENCE_RECEIPT.json
prior:preparation.family.stovetop_boiled:medium_dark:sensory.lemon	preparation.family.stovetop_boiled	medium_dark	sensory.lemon	0.000000	0.000000	0.000000	neutral	0			db/data/round3m/C0_C1_EVIDENCE_RECEIPT.json	NEUTRAL_ZERO_REVIEWED_C1_MAPPING	NEUTRAL_MISSING_DIRECT_EVIDENCE	db/022_round3b_context_governance.sql|db/data/round3m/C0_C1_EVIDENCE_RECEIPT.json
prior:preparation.family.stovetop_boiled:medium_dark:sensory.orange	preparation.family.stovetop_boiled	medium_dark	sensory.orange	0.000000	0.000000	0.000000	neutral	0			db/data/round3m/C0_C1_EVIDENCE_RECEIPT.json	NEUTRAL_ZERO_REVIEWED_C1_MAPPING	NEUTRAL_MISSING_DIRECT_EVIDENCE	db/022_round3b_context_governance.sql|db/data/round3m/C0_C1_EVIDENCE_RECEIPT.json
prior:preparation.family.stovetop_boiled:medium_dark:sensory.blueberry	preparation.family.stovetop_boiled	medium_dark	sensory.blueberry	0.000000	0.000000	0.000000	neutral	0			db/data/round3m/C0_C1_EVIDENCE_RECEIPT.json	NEUTRAL_ZERO_REVIEWED_C1_MAPPING	NEUTRAL_MISSING_DIRECT_EVIDENCE	db/022_round3b_context_governance.sql|db/data/round3m/C0_C1_EVIDENCE_RECEIPT.json
prior:preparation.family.stovetop_boiled:medium_dark:sensory.honey	preparation.family.stovetop_boiled	medium_dark	sensory.honey	0.050000	0.000000	0.050000	weak	4	family.vezzulli-trainedpanel-2022	db/data/round3h/batch1/vezzulli_2022_table2_sensory_medians.tsv	db/data/round3m/C0_C1_EVIDENCE_RECEIPT.json	NEUTRAL_ZERO_REVIEWED_C1_MAPPING	WEAK_SOURCE_LOCAL_WITHIN_STUDY_DIFFERENCE	db/022_round3b_context_governance.sql|db/data/round3m/C0_C1_EVIDENCE_RECEIPT.json|db/data/round3h/batch1/vezzulli_2022_table2_sensory_medians.tsv
prior:preparation.family.stovetop_boiled:medium_dark:sensory.caramel	preparation.family.stovetop_boiled	medium_dark	sensory.caramel	-0.007500	0.000000	-0.007500	weak	4	family.vezzulli-trainedpanel-2022	db/data/round3h/batch1/vezzulli_2022_table2_sensory_medians.tsv	db/data/round3m/C0_C1_EVIDENCE_RECEIPT.json	NEUTRAL_ZERO_REVIEWED_C1_MAPPING	WEAK_SOURCE_LOCAL_WITHIN_STUDY_DIFFERENCE	db/022_round3b_context_governance.sql|db/data/round3m/C0_C1_EVIDENCE_RECEIPT.json|db/data/round3h/batch1/vezzulli_2022_table2_sensory_medians.tsv
prior:preparation.family.stovetop_boiled:medium_dark:sensory.brown_sugar	preparation.family.stovetop_boiled	medium_dark	sensory.brown_sugar	0.000000	0.000000	0.000000	neutral	0			db/data/round3m/C0_C1_EVIDENCE_RECEIPT.json	NEUTRAL_ZERO_REVIEWED_C1_MAPPING	NEUTRAL_MISSING_DIRECT_EVIDENCE	db/022_round3b_context_governance.sql|db/data/round3m/C0_C1_EVIDENCE_RECEIPT.json
prior:preparation.family.stovetop_boiled:medium_dark:sensory.almond	preparation.family.stovetop_boiled	medium_dark	sensory.almond	0.000000	0.000000	0.000000	neutral	0			db/data/round3m/C0_C1_EVIDENCE_RECEIPT.json	NEUTRAL_ZERO_REVIEWED_C1_MAPPING	NEUTRAL_MISSING_DIRECT_EVIDENCE	db/022_round3b_context_governance.sql|db/data/round3m/C0_C1_EVIDENCE_RECEIPT.json
prior:preparation.family.stovetop_boiled:medium_dark:sensory.hazelnut	preparation.family.stovetop_boiled	medium_dark	sensory.hazelnut	0.000000	0.000000	0.000000	neutral	0			db/data/round3m/C0_C1_EVIDENCE_RECEIPT.json	NEUTRAL_ZERO_REVIEWED_C1_MAPPING	NEUTRAL_MISSING_DIRECT_EVIDENCE	db/022_round3b_context_governance.sql|db/data/round3m/C0_C1_EVIDENCE_RECEIPT.json
prior:preparation.family.stovetop_boiled:medium_dark:sensory.dark_chocolate	preparation.family.stovetop_boiled	medium_dark	sensory.dark_chocolate	0.000000	0.000000	0.000000	neutral	0			db/data/round3m/C0_C1_EVIDENCE_RECEIPT.json	NEUTRAL_ZERO_REVIEWED_C1_MAPPING	NEUTRAL_MISSING_DIRECT_EVIDENCE	db/022_round3b_context_governance.sql|db/data/round3m/C0_C1_EVIDENCE_RECEIPT.json
prior:preparation.family.stovetop_boiled:medium_dark:sensory.cinnamon	preparation.family.stovetop_boiled	medium_dark	sensory.cinnamon	0.000000	0.000000	0.000000	neutral	0			db/data/round3m/C0_C1_EVIDENCE_RECEIPT.json	NEUTRAL_ZERO_REVIEWED_C1_MAPPING	NEUTRAL_MISSING_DIRECT_EVIDENCE	db/022_round3b_context_governance.sql|db/data/round3m/C0_C1_EVIDENCE_RECEIPT.json
prior:preparation.family.stovetop_boiled:medium_dark:sensory.tobacco	preparation.family.stovetop_boiled	medium_dark	sensory.tobacco	0.000000	0.000000	0.000000	neutral	0			db/data/round3m/C0_C1_EVIDENCE_RECEIPT.json	NEUTRAL_ZERO_REVIEWED_C1_MAPPING	NEUTRAL_MISSING_DIRECT_EVIDENCE	db/022_round3b_context_governance.sql|db/data/round3m/C0_C1_EVIDENCE_RECEIPT.json
prior:preparation.family.stovetop_boiled:medium_dark:sensory.smoky	preparation.family.stovetop_boiled	medium_dark	sensory.smoky	0.000000	0.000000	0.000000	neutral	0			db/data/round3m/C0_C1_EVIDENCE_RECEIPT.json	NEUTRAL_ZERO_REVIEWED_C1_MAPPING	NEUTRAL_MISSING_DIRECT_EVIDENCE	db/022_round3b_context_governance.sql|db/data/round3m/C0_C1_EVIDENCE_RECEIPT.json
prior:preparation.family.stovetop_boiled:medium_dark:sensory.green_tea	preparation.family.stovetop_boiled	medium_dark	sensory.green_tea	0.000000	0.000000	0.000000	neutral	0			db/data/round3m/C0_C1_EVIDENCE_RECEIPT.json	NEUTRAL_ZERO_REVIEWED_C1_MAPPING	NEUTRAL_MISSING_DIRECT_EVIDENCE	db/022_round3b_context_governance.sql|db/data/round3m/C0_C1_EVIDENCE_RECEIPT.json
prior:preparation.family.stovetop_boiled:medium_dark:sensory.cedar	preparation.family.stovetop_boiled	medium_dark	sensory.cedar	0.000000	0.000000	0.000000	neutral	0			db/data/round3m/C0_C1_EVIDENCE_RECEIPT.json	NEUTRAL_ZERO_REVIEWED_C1_MAPPING	NEUTRAL_MISSING_DIRECT_EVIDENCE	db/022_round3b_context_governance.sql|db/data/round3m/C0_C1_EVIDENCE_RECEIPT.json
prior:preparation.family.stovetop_boiled:medium_dark:sensory.earthy	preparation.family.stovetop_boiled	medium_dark	sensory.earthy	0.000000	0.000000	0.000000	neutral	0			db/data/round3m/C0_C1_EVIDENCE_RECEIPT.json	NEUTRAL_ZERO_REVIEWED_C1_MAPPING	NEUTRAL_MISSING_DIRECT_EVIDENCE	db/022_round3b_context_governance.sql|db/data/round3m/C0_C1_EVIDENCE_RECEIPT.json
prior:preparation.family.stovetop_boiled:medium_dark:sensory.fermented_character	preparation.family.stovetop_boiled	medium_dark	sensory.fermented_character	0.000000	0.000000	0.000000	neutral	0			db/data/round3m/C0_C1_EVIDENCE_RECEIPT.json	NEUTRAL_ZERO_REVIEWED_C1_MAPPING	NEUTRAL_MISSING_DIRECT_EVIDENCE	db/022_round3b_context_governance.sql|db/data/round3m/C0_C1_EVIDENCE_RECEIPT.json
prior:preparation.family.stovetop_boiled:medium_dark:sensory.wine_like_character	preparation.family.stovetop_boiled	medium_dark	sensory.wine_like_character	0.000000	0.000000	0.000000	neutral	0			db/data/round3m/C0_C1_EVIDENCE_RECEIPT.json	NEUTRAL_ZERO_REVIEWED_C1_MAPPING	NEUTRAL_MISSING_DIRECT_EVIDENCE	db/022_round3b_context_governance.sql|db/data/round3m/C0_C1_EVIDENCE_RECEIPT.json
prior:preparation.family.stovetop_boiled:dark:sensory.jasmine	preparation.family.stovetop_boiled	dark	sensory.jasmine	0.000000	0.000000	0.000000	neutral	0			db/data/round3m/C0_C1_EVIDENCE_RECEIPT.json	NEUTRAL_ZERO_REVIEWED_C1_MAPPING	NEUTRAL_MISSING_DIRECT_EVIDENCE	db/022_round3b_context_governance.sql|db/data/round3m/C0_C1_EVIDENCE_RECEIPT.json
prior:preparation.family.stovetop_boiled:dark:sensory.rose	preparation.family.stovetop_boiled	dark	sensory.rose	0.000000	0.000000	0.000000	neutral	0			db/data/round3m/C0_C1_EVIDENCE_RECEIPT.json	NEUTRAL_ZERO_REVIEWED_C1_MAPPING	NEUTRAL_MISSING_DIRECT_EVIDENCE	db/022_round3b_context_governance.sql|db/data/round3m/C0_C1_EVIDENCE_RECEIPT.json
prior:preparation.family.stovetop_boiled:dark:sensory.orange_blossom	preparation.family.stovetop_boiled	dark	sensory.orange_blossom	0.000000	0.000000	0.000000	neutral	0			db/data/round3m/C0_C1_EVIDENCE_RECEIPT.json	NEUTRAL_ZERO_REVIEWED_C1_MAPPING	NEUTRAL_MISSING_DIRECT_EVIDENCE	db/022_round3b_context_governance.sql|db/data/round3m/C0_C1_EVIDENCE_RECEIPT.json
prior:preparation.family.stovetop_boiled:dark:sensory.lemon	preparation.family.stovetop_boiled	dark	sensory.lemon	0.000000	0.000000	0.000000	neutral	0			db/data/round3m/C0_C1_EVIDENCE_RECEIPT.json	NEUTRAL_ZERO_REVIEWED_C1_MAPPING	NEUTRAL_MISSING_DIRECT_EVIDENCE	db/022_round3b_context_governance.sql|db/data/round3m/C0_C1_EVIDENCE_RECEIPT.json
prior:preparation.family.stovetop_boiled:dark:sensory.orange	preparation.family.stovetop_boiled	dark	sensory.orange	0.000000	0.000000	0.000000	neutral	0			db/data/round3m/C0_C1_EVIDENCE_RECEIPT.json	NEUTRAL_ZERO_REVIEWED_C1_MAPPING	NEUTRAL_MISSING_DIRECT_EVIDENCE	db/022_round3b_context_governance.sql|db/data/round3m/C0_C1_EVIDENCE_RECEIPT.json
prior:preparation.family.stovetop_boiled:dark:sensory.blueberry	preparation.family.stovetop_boiled	dark	sensory.blueberry	0.000000	0.000000	0.000000	neutral	0			db/data/round3m/C0_C1_EVIDENCE_RECEIPT.json	NEUTRAL_ZERO_REVIEWED_C1_MAPPING	NEUTRAL_MISSING_DIRECT_EVIDENCE	db/022_round3b_context_governance.sql|db/data/round3m/C0_C1_EVIDENCE_RECEIPT.json
prior:preparation.family.stovetop_boiled:dark:sensory.honey	preparation.family.stovetop_boiled	dark	sensory.honey	0.050000	0.000000	0.050000	weak	4	family.vezzulli-trainedpanel-2022	db/data/round3h/batch1/vezzulli_2022_table2_sensory_medians.tsv	db/data/round3m/C0_C1_EVIDENCE_RECEIPT.json	NEUTRAL_ZERO_REVIEWED_C1_MAPPING	WEAK_SOURCE_LOCAL_WITHIN_STUDY_DIFFERENCE	db/022_round3b_context_governance.sql|db/data/round3m/C0_C1_EVIDENCE_RECEIPT.json|db/data/round3h/batch1/vezzulli_2022_table2_sensory_medians.tsv
prior:preparation.family.stovetop_boiled:dark:sensory.caramel	preparation.family.stovetop_boiled	dark	sensory.caramel	-0.007500	0.000000	-0.007500	weak	4	family.vezzulli-trainedpanel-2022	db/data/round3h/batch1/vezzulli_2022_table2_sensory_medians.tsv	db/data/round3m/C0_C1_EVIDENCE_RECEIPT.json	NEUTRAL_ZERO_REVIEWED_C1_MAPPING	WEAK_SOURCE_LOCAL_WITHIN_STUDY_DIFFERENCE	db/022_round3b_context_governance.sql|db/data/round3m/C0_C1_EVIDENCE_RECEIPT.json|db/data/round3h/batch1/vezzulli_2022_table2_sensory_medians.tsv
prior:preparation.family.stovetop_boiled:dark:sensory.brown_sugar	preparation.family.stovetop_boiled	dark	sensory.brown_sugar	0.000000	0.000000	0.000000	neutral	0			db/data/round3m/C0_C1_EVIDENCE_RECEIPT.json	NEUTRAL_ZERO_REVIEWED_C1_MAPPING	NEUTRAL_MISSING_DIRECT_EVIDENCE	db/022_round3b_context_governance.sql|db/data/round3m/C0_C1_EVIDENCE_RECEIPT.json
prior:preparation.family.stovetop_boiled:dark:sensory.almond	preparation.family.stovetop_boiled	dark	sensory.almond	0.000000	0.000000	0.000000	neutral	0			db/data/round3m/C0_C1_EVIDENCE_RECEIPT.json	NEUTRAL_ZERO_REVIEWED_C1_MAPPING	NEUTRAL_MISSING_DIRECT_EVIDENCE	db/022_round3b_context_governance.sql|db/data/round3m/C0_C1_EVIDENCE_RECEIPT.json
prior:preparation.family.stovetop_boiled:dark:sensory.hazelnut	preparation.family.stovetop_boiled	dark	sensory.hazelnut	0.000000	0.000000	0.000000	neutral	0			db/data/round3m/C0_C1_EVIDENCE_RECEIPT.json	NEUTRAL_ZERO_REVIEWED_C1_MAPPING	NEUTRAL_MISSING_DIRECT_EVIDENCE	db/022_round3b_context_governance.sql|db/data/round3m/C0_C1_EVIDENCE_RECEIPT.json
prior:preparation.family.stovetop_boiled:dark:sensory.dark_chocolate	preparation.family.stovetop_boiled	dark	sensory.dark_chocolate	0.000000	0.000000	0.000000	neutral	0			db/data/round3m/C0_C1_EVIDENCE_RECEIPT.json	NEUTRAL_ZERO_REVIEWED_C1_MAPPING	NEUTRAL_MISSING_DIRECT_EVIDENCE	db/022_round3b_context_governance.sql|db/data/round3m/C0_C1_EVIDENCE_RECEIPT.json
prior:preparation.family.stovetop_boiled:dark:sensory.cinnamon	preparation.family.stovetop_boiled	dark	sensory.cinnamon	0.000000	0.000000	0.000000	neutral	0			db/data/round3m/C0_C1_EVIDENCE_RECEIPT.json	NEUTRAL_ZERO_REVIEWED_C1_MAPPING	NEUTRAL_MISSING_DIRECT_EVIDENCE	db/022_round3b_context_governance.sql|db/data/round3m/C0_C1_EVIDENCE_RECEIPT.json
prior:preparation.family.stovetop_boiled:dark:sensory.tobacco	preparation.family.stovetop_boiled	dark	sensory.tobacco	0.000000	0.000000	0.000000	neutral	0			db/data/round3m/C0_C1_EVIDENCE_RECEIPT.json	NEUTRAL_ZERO_REVIEWED_C1_MAPPING	NEUTRAL_MISSING_DIRECT_EVIDENCE	db/022_round3b_context_governance.sql|db/data/round3m/C0_C1_EVIDENCE_RECEIPT.json
prior:preparation.family.stovetop_boiled:dark:sensory.smoky	preparation.family.stovetop_boiled	dark	sensory.smoky	0.000000	0.000000	0.000000	neutral	0			db/data/round3m/C0_C1_EVIDENCE_RECEIPT.json	NEUTRAL_ZERO_REVIEWED_C1_MAPPING	NEUTRAL_MISSING_DIRECT_EVIDENCE	db/022_round3b_context_governance.sql|db/data/round3m/C0_C1_EVIDENCE_RECEIPT.json
prior:preparation.family.stovetop_boiled:dark:sensory.green_tea	preparation.family.stovetop_boiled	dark	sensory.green_tea	0.000000	0.000000	0.000000	neutral	0			db/data/round3m/C0_C1_EVIDENCE_RECEIPT.json	NEUTRAL_ZERO_REVIEWED_C1_MAPPING	NEUTRAL_MISSING_DIRECT_EVIDENCE	db/022_round3b_context_governance.sql|db/data/round3m/C0_C1_EVIDENCE_RECEIPT.json
prior:preparation.family.stovetop_boiled:dark:sensory.cedar	preparation.family.stovetop_boiled	dark	sensory.cedar	0.000000	0.000000	0.000000	neutral	0			db/data/round3m/C0_C1_EVIDENCE_RECEIPT.json	NEUTRAL_ZERO_REVIEWED_C1_MAPPING	NEUTRAL_MISSING_DIRECT_EVIDENCE	db/022_round3b_context_governance.sql|db/data/round3m/C0_C1_EVIDENCE_RECEIPT.json
prior:preparation.family.stovetop_boiled:dark:sensory.earthy	preparation.family.stovetop_boiled	dark	sensory.earthy	0.000000	0.000000	0.000000	neutral	0			db/data/round3m/C0_C1_EVIDENCE_RECEIPT.json	NEUTRAL_ZERO_REVIEWED_C1_MAPPING	NEUTRAL_MISSING_DIRECT_EVIDENCE	db/022_round3b_context_governance.sql|db/data/round3m/C0_C1_EVIDENCE_RECEIPT.json
prior:preparation.family.stovetop_boiled:dark:sensory.fermented_character	preparation.family.stovetop_boiled	dark	sensory.fermented_character	0.000000	0.000000	0.000000	neutral	0			db/data/round3m/C0_C1_EVIDENCE_RECEIPT.json	NEUTRAL_ZERO_REVIEWED_C1_MAPPING	NEUTRAL_MISSING_DIRECT_EVIDENCE	db/022_round3b_context_governance.sql|db/data/round3m/C0_C1_EVIDENCE_RECEIPT.json
prior:preparation.family.stovetop_boiled:dark:sensory.wine_like_character	preparation.family.stovetop_boiled	dark	sensory.wine_like_character	0.000000	0.000000	0.000000	neutral	0			db/data/round3m/C0_C1_EVIDENCE_RECEIPT.json	NEUTRAL_ZERO_REVIEWED_C1_MAPPING	NEUTRAL_MISSING_DIRECT_EVIDENCE	db/022_round3b_context_governance.sql|db/data/round3m/C0_C1_EVIDENCE_RECEIPT.json
prior:preparation.family.stovetop_boiled:extremely_dark:sensory.jasmine	preparation.family.stovetop_boiled	extremely_dark	sensory.jasmine	0.000000	0.000000	0.000000	neutral	0			db/data/round3m/C0_C1_EVIDENCE_RECEIPT.json	NEUTRAL_ZERO_REVIEWED_C1_MAPPING	NEUTRAL_MISSING_DIRECT_EVIDENCE	db/022_round3b_context_governance.sql|db/data/round3m/C0_C1_EVIDENCE_RECEIPT.json
prior:preparation.family.stovetop_boiled:extremely_dark:sensory.rose	preparation.family.stovetop_boiled	extremely_dark	sensory.rose	0.000000	0.000000	0.000000	neutral	0			db/data/round3m/C0_C1_EVIDENCE_RECEIPT.json	NEUTRAL_ZERO_REVIEWED_C1_MAPPING	NEUTRAL_MISSING_DIRECT_EVIDENCE	db/022_round3b_context_governance.sql|db/data/round3m/C0_C1_EVIDENCE_RECEIPT.json
prior:preparation.family.stovetop_boiled:extremely_dark:sensory.orange_blossom	preparation.family.stovetop_boiled	extremely_dark	sensory.orange_blossom	0.000000	0.000000	0.000000	neutral	0			db/data/round3m/C0_C1_EVIDENCE_RECEIPT.json	NEUTRAL_ZERO_REVIEWED_C1_MAPPING	NEUTRAL_MISSING_DIRECT_EVIDENCE	db/022_round3b_context_governance.sql|db/data/round3m/C0_C1_EVIDENCE_RECEIPT.json
prior:preparation.family.stovetop_boiled:extremely_dark:sensory.lemon	preparation.family.stovetop_boiled	extremely_dark	sensory.lemon	0.000000	0.000000	0.000000	neutral	0			db/data/round3m/C0_C1_EVIDENCE_RECEIPT.json	NEUTRAL_ZERO_REVIEWED_C1_MAPPING	NEUTRAL_MISSING_DIRECT_EVIDENCE	db/022_round3b_context_governance.sql|db/data/round3m/C0_C1_EVIDENCE_RECEIPT.json
prior:preparation.family.stovetop_boiled:extremely_dark:sensory.orange	preparation.family.stovetop_boiled	extremely_dark	sensory.orange	0.000000	0.000000	0.000000	neutral	0			db/data/round3m/C0_C1_EVIDENCE_RECEIPT.json	NEUTRAL_ZERO_REVIEWED_C1_MAPPING	NEUTRAL_MISSING_DIRECT_EVIDENCE	db/022_round3b_context_governance.sql|db/data/round3m/C0_C1_EVIDENCE_RECEIPT.json
prior:preparation.family.stovetop_boiled:extremely_dark:sensory.blueberry	preparation.family.stovetop_boiled	extremely_dark	sensory.blueberry	0.000000	0.000000	0.000000	neutral	0			db/data/round3m/C0_C1_EVIDENCE_RECEIPT.json	NEUTRAL_ZERO_REVIEWED_C1_MAPPING	NEUTRAL_MISSING_DIRECT_EVIDENCE	db/022_round3b_context_governance.sql|db/data/round3m/C0_C1_EVIDENCE_RECEIPT.json
prior:preparation.family.stovetop_boiled:extremely_dark:sensory.honey	preparation.family.stovetop_boiled	extremely_dark	sensory.honey	0.050000	0.000000	0.050000	weak	4	family.vezzulli-trainedpanel-2022	db/data/round3h/batch1/vezzulli_2022_table2_sensory_medians.tsv	db/data/round3m/C0_C1_EVIDENCE_RECEIPT.json	NEUTRAL_ZERO_REVIEWED_C1_MAPPING	WEAK_SOURCE_LOCAL_WITHIN_STUDY_DIFFERENCE	db/022_round3b_context_governance.sql|db/data/round3m/C0_C1_EVIDENCE_RECEIPT.json|db/data/round3h/batch1/vezzulli_2022_table2_sensory_medians.tsv
prior:preparation.family.stovetop_boiled:extremely_dark:sensory.caramel	preparation.family.stovetop_boiled	extremely_dark	sensory.caramel	-0.007500	0.000000	-0.007500	weak	4	family.vezzulli-trainedpanel-2022	db/data/round3h/batch1/vezzulli_2022_table2_sensory_medians.tsv	db/data/round3m/C0_C1_EVIDENCE_RECEIPT.json	NEUTRAL_ZERO_REVIEWED_C1_MAPPING	WEAK_SOURCE_LOCAL_WITHIN_STUDY_DIFFERENCE	db/022_round3b_context_governance.sql|db/data/round3m/C0_C1_EVIDENCE_RECEIPT.json|db/data/round3h/batch1/vezzulli_2022_table2_sensory_medians.tsv
prior:preparation.family.stovetop_boiled:extremely_dark:sensory.brown_sugar	preparation.family.stovetop_boiled	extremely_dark	sensory.brown_sugar	0.000000	0.000000	0.000000	neutral	0			db/data/round3m/C0_C1_EVIDENCE_RECEIPT.json	NEUTRAL_ZERO_REVIEWED_C1_MAPPING	NEUTRAL_MISSING_DIRECT_EVIDENCE	db/022_round3b_context_governance.sql|db/data/round3m/C0_C1_EVIDENCE_RECEIPT.json
prior:preparation.family.stovetop_boiled:extremely_dark:sensory.almond	preparation.family.stovetop_boiled	extremely_dark	sensory.almond	0.000000	0.000000	0.000000	neutral	0			db/data/round3m/C0_C1_EVIDENCE_RECEIPT.json	NEUTRAL_ZERO_REVIEWED_C1_MAPPING	NEUTRAL_MISSING_DIRECT_EVIDENCE	db/022_round3b_context_governance.sql|db/data/round3m/C0_C1_EVIDENCE_RECEIPT.json
prior:preparation.family.stovetop_boiled:extremely_dark:sensory.hazelnut	preparation.family.stovetop_boiled	extremely_dark	sensory.hazelnut	0.000000	0.000000	0.000000	neutral	0			db/data/round3m/C0_C1_EVIDENCE_RECEIPT.json	NEUTRAL_ZERO_REVIEWED_C1_MAPPING	NEUTRAL_MISSING_DIRECT_EVIDENCE	db/022_round3b_context_governance.sql|db/data/round3m/C0_C1_EVIDENCE_RECEIPT.json
prior:preparation.family.stovetop_boiled:extremely_dark:sensory.dark_chocolate	preparation.family.stovetop_boiled	extremely_dark	sensory.dark_chocolate	0.000000	0.000000	0.000000	neutral	0			db/data/round3m/C0_C1_EVIDENCE_RECEIPT.json	NEUTRAL_ZERO_REVIEWED_C1_MAPPING	NEUTRAL_MISSING_DIRECT_EVIDENCE	db/022_round3b_context_governance.sql|db/data/round3m/C0_C1_EVIDENCE_RECEIPT.json
prior:preparation.family.stovetop_boiled:extremely_dark:sensory.cinnamon	preparation.family.stovetop_boiled	extremely_dark	sensory.cinnamon	0.000000	0.000000	0.000000	neutral	0			db/data/round3m/C0_C1_EVIDENCE_RECEIPT.json	NEUTRAL_ZERO_REVIEWED_C1_MAPPING	NEUTRAL_MISSING_DIRECT_EVIDENCE	db/022_round3b_context_governance.sql|db/data/round3m/C0_C1_EVIDENCE_RECEIPT.json
prior:preparation.family.stovetop_boiled:extremely_dark:sensory.tobacco	preparation.family.stovetop_boiled	extremely_dark	sensory.tobacco	0.000000	0.000000	0.000000	neutral	0			db/data/round3m/C0_C1_EVIDENCE_RECEIPT.json	NEUTRAL_ZERO_REVIEWED_C1_MAPPING	NEUTRAL_MISSING_DIRECT_EVIDENCE	db/022_round3b_context_governance.sql|db/data/round3m/C0_C1_EVIDENCE_RECEIPT.json
prior:preparation.family.stovetop_boiled:extremely_dark:sensory.smoky	preparation.family.stovetop_boiled	extremely_dark	sensory.smoky	0.000000	0.000000	0.000000	neutral	0			db/data/round3m/C0_C1_EVIDENCE_RECEIPT.json	NEUTRAL_ZERO_REVIEWED_C1_MAPPING	NEUTRAL_MISSING_DIRECT_EVIDENCE	db/022_round3b_context_governance.sql|db/data/round3m/C0_C1_EVIDENCE_RECEIPT.json
prior:preparation.family.stovetop_boiled:extremely_dark:sensory.green_tea	preparation.family.stovetop_boiled	extremely_dark	sensory.green_tea	0.000000	0.000000	0.000000	neutral	0			db/data/round3m/C0_C1_EVIDENCE_RECEIPT.json	NEUTRAL_ZERO_REVIEWED_C1_MAPPING	NEUTRAL_MISSING_DIRECT_EVIDENCE	db/022_round3b_context_governance.sql|db/data/round3m/C0_C1_EVIDENCE_RECEIPT.json
prior:preparation.family.stovetop_boiled:extremely_dark:sensory.cedar	preparation.family.stovetop_boiled	extremely_dark	sensory.cedar	0.000000	0.000000	0.000000	neutral	0			db/data/round3m/C0_C1_EVIDENCE_RECEIPT.json	NEUTRAL_ZERO_REVIEWED_C1_MAPPING	NEUTRAL_MISSING_DIRECT_EVIDENCE	db/022_round3b_context_governance.sql|db/data/round3m/C0_C1_EVIDENCE_RECEIPT.json
prior:preparation.family.stovetop_boiled:extremely_dark:sensory.earthy	preparation.family.stovetop_boiled	extremely_dark	sensory.earthy	0.000000	0.000000	0.000000	neutral	0			db/data/round3m/C0_C1_EVIDENCE_RECEIPT.json	NEUTRAL_ZERO_REVIEWED_C1_MAPPING	NEUTRAL_MISSING_DIRECT_EVIDENCE	db/022_round3b_context_governance.sql|db/data/round3m/C0_C1_EVIDENCE_RECEIPT.json
prior:preparation.family.stovetop_boiled:extremely_dark:sensory.fermented_character	preparation.family.stovetop_boiled	extremely_dark	sensory.fermented_character	0.000000	0.000000	0.000000	neutral	0			db/data/round3m/C0_C1_EVIDENCE_RECEIPT.json	NEUTRAL_ZERO_REVIEWED_C1_MAPPING	NEUTRAL_MISSING_DIRECT_EVIDENCE	db/022_round3b_context_governance.sql|db/data/round3m/C0_C1_EVIDENCE_RECEIPT.json
prior:preparation.family.stovetop_boiled:extremely_dark:sensory.wine_like_character	preparation.family.stovetop_boiled	extremely_dark	sensory.wine_like_character	0.000000	0.000000	0.000000	neutral	0			db/data/round3m/C0_C1_EVIDENCE_RECEIPT.json	NEUTRAL_ZERO_REVIEWED_C1_MAPPING	NEUTRAL_MISSING_DIRECT_EVIDENCE	db/022_round3b_context_governance.sql|db/data/round3m/C0_C1_EVIDENCE_RECEIPT.json
prior:preparation.family.cold_extraction:extremely_light:sensory.jasmine	preparation.family.cold_extraction	extremely_light	sensory.jasmine	0.000000	0.000000	0.000000	neutral	0			db/data/round3m/C0_C1_EVIDENCE_RECEIPT.json	NEUTRAL_ZERO_REVIEWED_C1_MAPPING	NEUTRAL_MISSING_DIRECT_EVIDENCE	db/022_round3b_context_governance.sql|db/data/round3m/C0_C1_EVIDENCE_RECEIPT.json
prior:preparation.family.cold_extraction:extremely_light:sensory.rose	preparation.family.cold_extraction	extremely_light	sensory.rose	0.000000	0.000000	0.000000	neutral	0			db/data/round3m/C0_C1_EVIDENCE_RECEIPT.json	NEUTRAL_ZERO_REVIEWED_C1_MAPPING	NEUTRAL_MISSING_DIRECT_EVIDENCE	db/022_round3b_context_governance.sql|db/data/round3m/C0_C1_EVIDENCE_RECEIPT.json
prior:preparation.family.cold_extraction:extremely_light:sensory.orange_blossom	preparation.family.cold_extraction	extremely_light	sensory.orange_blossom	0.000000	0.000000	0.000000	neutral	0			db/data/round3m/C0_C1_EVIDENCE_RECEIPT.json	NEUTRAL_ZERO_REVIEWED_C1_MAPPING	NEUTRAL_MISSING_DIRECT_EVIDENCE	db/022_round3b_context_governance.sql|db/data/round3m/C0_C1_EVIDENCE_RECEIPT.json
prior:preparation.family.cold_extraction:extremely_light:sensory.lemon	preparation.family.cold_extraction	extremely_light	sensory.lemon	0.000000	0.000000	0.000000	neutral	0			db/data/round3m/C0_C1_EVIDENCE_RECEIPT.json	NEUTRAL_ZERO_REVIEWED_C1_MAPPING	NEUTRAL_MISSING_DIRECT_EVIDENCE	db/022_round3b_context_governance.sql|db/data/round3m/C0_C1_EVIDENCE_RECEIPT.json
prior:preparation.family.cold_extraction:extremely_light:sensory.orange	preparation.family.cold_extraction	extremely_light	sensory.orange	0.000000	0.000000	0.000000	neutral	0			db/data/round3m/C0_C1_EVIDENCE_RECEIPT.json	NEUTRAL_ZERO_REVIEWED_C1_MAPPING	NEUTRAL_MISSING_DIRECT_EVIDENCE	db/022_round3b_context_governance.sql|db/data/round3m/C0_C1_EVIDENCE_RECEIPT.json
prior:preparation.family.cold_extraction:extremely_light:sensory.blueberry	preparation.family.cold_extraction	extremely_light	sensory.blueberry	0.000000	0.000000	0.000000	neutral	0			db/data/round3m/C0_C1_EVIDENCE_RECEIPT.json	NEUTRAL_ZERO_REVIEWED_C1_MAPPING	NEUTRAL_MISSING_DIRECT_EVIDENCE	db/022_round3b_context_governance.sql|db/data/round3m/C0_C1_EVIDENCE_RECEIPT.json
prior:preparation.family.cold_extraction:extremely_light:sensory.honey	preparation.family.cold_extraction	extremely_light	sensory.honey	0.000000	0.000000	0.000000	neutral	0			db/data/round3m/C0_C1_EVIDENCE_RECEIPT.json	NEUTRAL_ZERO_REVIEWED_C1_MAPPING	NEUTRAL_MISSING_DIRECT_EVIDENCE	db/022_round3b_context_governance.sql|db/data/round3m/C0_C1_EVIDENCE_RECEIPT.json
prior:preparation.family.cold_extraction:extremely_light:sensory.caramel	preparation.family.cold_extraction	extremely_light	sensory.caramel	0.000000	0.000000	0.000000	neutral	0			db/data/round3m/C0_C1_EVIDENCE_RECEIPT.json	NEUTRAL_ZERO_REVIEWED_C1_MAPPING	NEUTRAL_MISSING_DIRECT_EVIDENCE	db/022_round3b_context_governance.sql|db/data/round3m/C0_C1_EVIDENCE_RECEIPT.json
prior:preparation.family.cold_extraction:extremely_light:sensory.brown_sugar	preparation.family.cold_extraction	extremely_light	sensory.brown_sugar	0.000000	0.000000	0.000000	neutral	0			db/data/round3m/C0_C1_EVIDENCE_RECEIPT.json	NEUTRAL_ZERO_REVIEWED_C1_MAPPING	NEUTRAL_MISSING_DIRECT_EVIDENCE	db/022_round3b_context_governance.sql|db/data/round3m/C0_C1_EVIDENCE_RECEIPT.json
prior:preparation.family.cold_extraction:extremely_light:sensory.almond	preparation.family.cold_extraction	extremely_light	sensory.almond	0.000000	0.000000	0.000000	neutral	0			db/data/round3m/C0_C1_EVIDENCE_RECEIPT.json	NEUTRAL_ZERO_REVIEWED_C1_MAPPING	NEUTRAL_MISSING_DIRECT_EVIDENCE	db/022_round3b_context_governance.sql|db/data/round3m/C0_C1_EVIDENCE_RECEIPT.json
prior:preparation.family.cold_extraction:extremely_light:sensory.hazelnut	preparation.family.cold_extraction	extremely_light	sensory.hazelnut	0.000000	0.000000	0.000000	neutral	0			db/data/round3m/C0_C1_EVIDENCE_RECEIPT.json	NEUTRAL_ZERO_REVIEWED_C1_MAPPING	NEUTRAL_MISSING_DIRECT_EVIDENCE	db/022_round3b_context_governance.sql|db/data/round3m/C0_C1_EVIDENCE_RECEIPT.json
prior:preparation.family.cold_extraction:extremely_light:sensory.dark_chocolate	preparation.family.cold_extraction	extremely_light	sensory.dark_chocolate	0.000000	0.000000	0.000000	neutral	0			db/data/round3m/C0_C1_EVIDENCE_RECEIPT.json	NEUTRAL_ZERO_REVIEWED_C1_MAPPING	NEUTRAL_MISSING_DIRECT_EVIDENCE	db/022_round3b_context_governance.sql|db/data/round3m/C0_C1_EVIDENCE_RECEIPT.json
prior:preparation.family.cold_extraction:extremely_light:sensory.cinnamon	preparation.family.cold_extraction	extremely_light	sensory.cinnamon	0.000000	0.000000	0.000000	neutral	0			db/data/round3m/C0_C1_EVIDENCE_RECEIPT.json	NEUTRAL_ZERO_REVIEWED_C1_MAPPING	NEUTRAL_MISSING_DIRECT_EVIDENCE	db/022_round3b_context_governance.sql|db/data/round3m/C0_C1_EVIDENCE_RECEIPT.json
prior:preparation.family.cold_extraction:extremely_light:sensory.tobacco	preparation.family.cold_extraction	extremely_light	sensory.tobacco	0.000000	0.000000	0.000000	neutral	0			db/data/round3m/C0_C1_EVIDENCE_RECEIPT.json	NEUTRAL_ZERO_REVIEWED_C1_MAPPING	NEUTRAL_MISSING_DIRECT_EVIDENCE	db/022_round3b_context_governance.sql|db/data/round3m/C0_C1_EVIDENCE_RECEIPT.json
prior:preparation.family.cold_extraction:extremely_light:sensory.smoky	preparation.family.cold_extraction	extremely_light	sensory.smoky	0.000000	0.000000	0.000000	neutral	0			db/data/round3m/C0_C1_EVIDENCE_RECEIPT.json	NEUTRAL_ZERO_REVIEWED_C1_MAPPING	NEUTRAL_MISSING_DIRECT_EVIDENCE	db/022_round3b_context_governance.sql|db/data/round3m/C0_C1_EVIDENCE_RECEIPT.json
prior:preparation.family.cold_extraction:extremely_light:sensory.green_tea	preparation.family.cold_extraction	extremely_light	sensory.green_tea	0.000000	0.000000	0.000000	neutral	0			db/data/round3m/C0_C1_EVIDENCE_RECEIPT.json	NEUTRAL_ZERO_REVIEWED_C1_MAPPING	NEUTRAL_MISSING_DIRECT_EVIDENCE	db/022_round3b_context_governance.sql|db/data/round3m/C0_C1_EVIDENCE_RECEIPT.json
prior:preparation.family.cold_extraction:extremely_light:sensory.cedar	preparation.family.cold_extraction	extremely_light	sensory.cedar	0.000000	0.000000	0.000000	neutral	0			db/data/round3m/C0_C1_EVIDENCE_RECEIPT.json	NEUTRAL_ZERO_REVIEWED_C1_MAPPING	NEUTRAL_MISSING_DIRECT_EVIDENCE	db/022_round3b_context_governance.sql|db/data/round3m/C0_C1_EVIDENCE_RECEIPT.json
prior:preparation.family.cold_extraction:extremely_light:sensory.earthy	preparation.family.cold_extraction	extremely_light	sensory.earthy	0.000000	0.000000	0.000000	neutral	0			db/data/round3m/C0_C1_EVIDENCE_RECEIPT.json	NEUTRAL_ZERO_REVIEWED_C1_MAPPING	NEUTRAL_MISSING_DIRECT_EVIDENCE	db/022_round3b_context_governance.sql|db/data/round3m/C0_C1_EVIDENCE_RECEIPT.json
prior:preparation.family.cold_extraction:extremely_light:sensory.fermented_character	preparation.family.cold_extraction	extremely_light	sensory.fermented_character	0.000000	0.000000	0.000000	neutral	0			db/data/round3m/C0_C1_EVIDENCE_RECEIPT.json	NEUTRAL_ZERO_REVIEWED_C1_MAPPING	NEUTRAL_MISSING_DIRECT_EVIDENCE	db/022_round3b_context_governance.sql|db/data/round3m/C0_C1_EVIDENCE_RECEIPT.json
prior:preparation.family.cold_extraction:extremely_light:sensory.wine_like_character	preparation.family.cold_extraction	extremely_light	sensory.wine_like_character	0.000000	0.000000	0.000000	neutral	0			db/data/round3m/C0_C1_EVIDENCE_RECEIPT.json	NEUTRAL_ZERO_REVIEWED_C1_MAPPING	NEUTRAL_MISSING_DIRECT_EVIDENCE	db/022_round3b_context_governance.sql|db/data/round3m/C0_C1_EVIDENCE_RECEIPT.json
prior:preparation.family.cold_extraction:light:sensory.jasmine	preparation.family.cold_extraction	light	sensory.jasmine	0.000000	0.000000	0.000000	neutral	0			db/data/round3m/C0_C1_EVIDENCE_RECEIPT.json	NEUTRAL_ZERO_REVIEWED_C1_MAPPING	NEUTRAL_MISSING_DIRECT_EVIDENCE	db/022_round3b_context_governance.sql|db/data/round3m/C0_C1_EVIDENCE_RECEIPT.json
prior:preparation.family.cold_extraction:light:sensory.rose	preparation.family.cold_extraction	light	sensory.rose	0.000000	0.000000	0.000000	neutral	0			db/data/round3m/C0_C1_EVIDENCE_RECEIPT.json	NEUTRAL_ZERO_REVIEWED_C1_MAPPING	NEUTRAL_MISSING_DIRECT_EVIDENCE	db/022_round3b_context_governance.sql|db/data/round3m/C0_C1_EVIDENCE_RECEIPT.json
prior:preparation.family.cold_extraction:light:sensory.orange_blossom	preparation.family.cold_extraction	light	sensory.orange_blossom	0.000000	0.000000	0.000000	neutral	0			db/data/round3m/C0_C1_EVIDENCE_RECEIPT.json	NEUTRAL_ZERO_REVIEWED_C1_MAPPING	NEUTRAL_MISSING_DIRECT_EVIDENCE	db/022_round3b_context_governance.sql|db/data/round3m/C0_C1_EVIDENCE_RECEIPT.json
prior:preparation.family.cold_extraction:light:sensory.lemon	preparation.family.cold_extraction	light	sensory.lemon	0.000000	0.000000	0.000000	neutral	0			db/data/round3m/C0_C1_EVIDENCE_RECEIPT.json	NEUTRAL_ZERO_REVIEWED_C1_MAPPING	NEUTRAL_MISSING_DIRECT_EVIDENCE	db/022_round3b_context_governance.sql|db/data/round3m/C0_C1_EVIDENCE_RECEIPT.json
prior:preparation.family.cold_extraction:light:sensory.orange	preparation.family.cold_extraction	light	sensory.orange	0.000000	0.000000	0.000000	neutral	0			db/data/round3m/C0_C1_EVIDENCE_RECEIPT.json	NEUTRAL_ZERO_REVIEWED_C1_MAPPING	NEUTRAL_MISSING_DIRECT_EVIDENCE	db/022_round3b_context_governance.sql|db/data/round3m/C0_C1_EVIDENCE_RECEIPT.json
prior:preparation.family.cold_extraction:light:sensory.blueberry	preparation.family.cold_extraction	light	sensory.blueberry	0.000000	0.000000	0.000000	neutral	0			db/data/round3m/C0_C1_EVIDENCE_RECEIPT.json	NEUTRAL_ZERO_REVIEWED_C1_MAPPING	NEUTRAL_MISSING_DIRECT_EVIDENCE	db/022_round3b_context_governance.sql|db/data/round3m/C0_C1_EVIDENCE_RECEIPT.json
prior:preparation.family.cold_extraction:light:sensory.honey	preparation.family.cold_extraction	light	sensory.honey	0.000000	0.000000	0.000000	neutral	0			db/data/round3m/C0_C1_EVIDENCE_RECEIPT.json	NEUTRAL_ZERO_REVIEWED_C1_MAPPING	NEUTRAL_MISSING_DIRECT_EVIDENCE	db/022_round3b_context_governance.sql|db/data/round3m/C0_C1_EVIDENCE_RECEIPT.json
prior:preparation.family.cold_extraction:light:sensory.caramel	preparation.family.cold_extraction	light	sensory.caramel	0.000000	0.000000	0.000000	neutral	0			db/data/round3m/C0_C1_EVIDENCE_RECEIPT.json	NEUTRAL_ZERO_REVIEWED_C1_MAPPING	NEUTRAL_MISSING_DIRECT_EVIDENCE	db/022_round3b_context_governance.sql|db/data/round3m/C0_C1_EVIDENCE_RECEIPT.json
prior:preparation.family.cold_extraction:light:sensory.brown_sugar	preparation.family.cold_extraction	light	sensory.brown_sugar	0.000000	0.000000	0.000000	neutral	0			db/data/round3m/C0_C1_EVIDENCE_RECEIPT.json	NEUTRAL_ZERO_REVIEWED_C1_MAPPING	NEUTRAL_MISSING_DIRECT_EVIDENCE	db/022_round3b_context_governance.sql|db/data/round3m/C0_C1_EVIDENCE_RECEIPT.json
prior:preparation.family.cold_extraction:light:sensory.almond	preparation.family.cold_extraction	light	sensory.almond	0.000000	0.000000	0.000000	neutral	0			db/data/round3m/C0_C1_EVIDENCE_RECEIPT.json	NEUTRAL_ZERO_REVIEWED_C1_MAPPING	NEUTRAL_MISSING_DIRECT_EVIDENCE	db/022_round3b_context_governance.sql|db/data/round3m/C0_C1_EVIDENCE_RECEIPT.json
prior:preparation.family.cold_extraction:light:sensory.hazelnut	preparation.family.cold_extraction	light	sensory.hazelnut	0.000000	0.000000	0.000000	neutral	0			db/data/round3m/C0_C1_EVIDENCE_RECEIPT.json	NEUTRAL_ZERO_REVIEWED_C1_MAPPING	NEUTRAL_MISSING_DIRECT_EVIDENCE	db/022_round3b_context_governance.sql|db/data/round3m/C0_C1_EVIDENCE_RECEIPT.json
prior:preparation.family.cold_extraction:light:sensory.dark_chocolate	preparation.family.cold_extraction	light	sensory.dark_chocolate	0.000000	0.000000	0.000000	neutral	0			db/data/round3m/C0_C1_EVIDENCE_RECEIPT.json	NEUTRAL_ZERO_REVIEWED_C1_MAPPING	NEUTRAL_MISSING_DIRECT_EVIDENCE	db/022_round3b_context_governance.sql|db/data/round3m/C0_C1_EVIDENCE_RECEIPT.json
prior:preparation.family.cold_extraction:light:sensory.cinnamon	preparation.family.cold_extraction	light	sensory.cinnamon	0.000000	0.000000	0.000000	neutral	0			db/data/round3m/C0_C1_EVIDENCE_RECEIPT.json	NEUTRAL_ZERO_REVIEWED_C1_MAPPING	NEUTRAL_MISSING_DIRECT_EVIDENCE	db/022_round3b_context_governance.sql|db/data/round3m/C0_C1_EVIDENCE_RECEIPT.json
prior:preparation.family.cold_extraction:light:sensory.tobacco	preparation.family.cold_extraction	light	sensory.tobacco	0.000000	0.000000	0.000000	neutral	0			db/data/round3m/C0_C1_EVIDENCE_RECEIPT.json	NEUTRAL_ZERO_REVIEWED_C1_MAPPING	NEUTRAL_MISSING_DIRECT_EVIDENCE	db/022_round3b_context_governance.sql|db/data/round3m/C0_C1_EVIDENCE_RECEIPT.json
prior:preparation.family.cold_extraction:light:sensory.smoky	preparation.family.cold_extraction	light	sensory.smoky	0.000000	0.000000	0.000000	neutral	0			db/data/round3m/C0_C1_EVIDENCE_RECEIPT.json	NEUTRAL_ZERO_REVIEWED_C1_MAPPING	NEUTRAL_MISSING_DIRECT_EVIDENCE	db/022_round3b_context_governance.sql|db/data/round3m/C0_C1_EVIDENCE_RECEIPT.json
prior:preparation.family.cold_extraction:light:sensory.green_tea	preparation.family.cold_extraction	light	sensory.green_tea	0.000000	0.000000	0.000000	neutral	0			db/data/round3m/C0_C1_EVIDENCE_RECEIPT.json	NEUTRAL_ZERO_REVIEWED_C1_MAPPING	NEUTRAL_MISSING_DIRECT_EVIDENCE	db/022_round3b_context_governance.sql|db/data/round3m/C0_C1_EVIDENCE_RECEIPT.json
prior:preparation.family.cold_extraction:light:sensory.cedar	preparation.family.cold_extraction	light	sensory.cedar	0.000000	0.000000	0.000000	neutral	0			db/data/round3m/C0_C1_EVIDENCE_RECEIPT.json	NEUTRAL_ZERO_REVIEWED_C1_MAPPING	NEUTRAL_MISSING_DIRECT_EVIDENCE	db/022_round3b_context_governance.sql|db/data/round3m/C0_C1_EVIDENCE_RECEIPT.json
prior:preparation.family.cold_extraction:light:sensory.earthy	preparation.family.cold_extraction	light	sensory.earthy	0.000000	0.000000	0.000000	neutral	0			db/data/round3m/C0_C1_EVIDENCE_RECEIPT.json	NEUTRAL_ZERO_REVIEWED_C1_MAPPING	NEUTRAL_MISSING_DIRECT_EVIDENCE	db/022_round3b_context_governance.sql|db/data/round3m/C0_C1_EVIDENCE_RECEIPT.json
prior:preparation.family.cold_extraction:light:sensory.fermented_character	preparation.family.cold_extraction	light	sensory.fermented_character	0.000000	0.000000	0.000000	neutral	0			db/data/round3m/C0_C1_EVIDENCE_RECEIPT.json	NEUTRAL_ZERO_REVIEWED_C1_MAPPING	NEUTRAL_MISSING_DIRECT_EVIDENCE	db/022_round3b_context_governance.sql|db/data/round3m/C0_C1_EVIDENCE_RECEIPT.json
prior:preparation.family.cold_extraction:light:sensory.wine_like_character	preparation.family.cold_extraction	light	sensory.wine_like_character	0.000000	0.000000	0.000000	neutral	0			db/data/round3m/C0_C1_EVIDENCE_RECEIPT.json	NEUTRAL_ZERO_REVIEWED_C1_MAPPING	NEUTRAL_MISSING_DIRECT_EVIDENCE	db/022_round3b_context_governance.sql|db/data/round3m/C0_C1_EVIDENCE_RECEIPT.json
prior:preparation.family.cold_extraction:medium_light:sensory.jasmine	preparation.family.cold_extraction	medium_light	sensory.jasmine	0.000000	0.000000	0.000000	neutral	0			db/data/round3m/C0_C1_EVIDENCE_RECEIPT.json	NEUTRAL_ZERO_REVIEWED_C1_MAPPING	NEUTRAL_MISSING_DIRECT_EVIDENCE	db/022_round3b_context_governance.sql|db/data/round3m/C0_C1_EVIDENCE_RECEIPT.json
prior:preparation.family.cold_extraction:medium_light:sensory.rose	preparation.family.cold_extraction	medium_light	sensory.rose	0.000000	0.000000	0.000000	neutral	0			db/data/round3m/C0_C1_EVIDENCE_RECEIPT.json	NEUTRAL_ZERO_REVIEWED_C1_MAPPING	NEUTRAL_MISSING_DIRECT_EVIDENCE	db/022_round3b_context_governance.sql|db/data/round3m/C0_C1_EVIDENCE_RECEIPT.json
prior:preparation.family.cold_extraction:medium_light:sensory.orange_blossom	preparation.family.cold_extraction	medium_light	sensory.orange_blossom	0.000000	0.000000	0.000000	neutral	0			db/data/round3m/C0_C1_EVIDENCE_RECEIPT.json	NEUTRAL_ZERO_REVIEWED_C1_MAPPING	NEUTRAL_MISSING_DIRECT_EVIDENCE	db/022_round3b_context_governance.sql|db/data/round3m/C0_C1_EVIDENCE_RECEIPT.json
prior:preparation.family.cold_extraction:medium_light:sensory.lemon	preparation.family.cold_extraction	medium_light	sensory.lemon	0.000000	0.000000	0.000000	neutral	0			db/data/round3m/C0_C1_EVIDENCE_RECEIPT.json	NEUTRAL_ZERO_REVIEWED_C1_MAPPING	NEUTRAL_MISSING_DIRECT_EVIDENCE	db/022_round3b_context_governance.sql|db/data/round3m/C0_C1_EVIDENCE_RECEIPT.json
prior:preparation.family.cold_extraction:medium_light:sensory.orange	preparation.family.cold_extraction	medium_light	sensory.orange	0.000000	0.000000	0.000000	neutral	0			db/data/round3m/C0_C1_EVIDENCE_RECEIPT.json	NEUTRAL_ZERO_REVIEWED_C1_MAPPING	NEUTRAL_MISSING_DIRECT_EVIDENCE	db/022_round3b_context_governance.sql|db/data/round3m/C0_C1_EVIDENCE_RECEIPT.json
prior:preparation.family.cold_extraction:medium_light:sensory.blueberry	preparation.family.cold_extraction	medium_light	sensory.blueberry	0.000000	0.000000	0.000000	neutral	0			db/data/round3m/C0_C1_EVIDENCE_RECEIPT.json	NEUTRAL_ZERO_REVIEWED_C1_MAPPING	NEUTRAL_MISSING_DIRECT_EVIDENCE	db/022_round3b_context_governance.sql|db/data/round3m/C0_C1_EVIDENCE_RECEIPT.json
prior:preparation.family.cold_extraction:medium_light:sensory.honey	preparation.family.cold_extraction	medium_light	sensory.honey	0.000000	0.000000	0.000000	neutral	0			db/data/round3m/C0_C1_EVIDENCE_RECEIPT.json	NEUTRAL_ZERO_REVIEWED_C1_MAPPING	NEUTRAL_MISSING_DIRECT_EVIDENCE	db/022_round3b_context_governance.sql|db/data/round3m/C0_C1_EVIDENCE_RECEIPT.json
prior:preparation.family.cold_extraction:medium_light:sensory.caramel	preparation.family.cold_extraction	medium_light	sensory.caramel	0.000000	0.000000	0.000000	neutral	0			db/data/round3m/C0_C1_EVIDENCE_RECEIPT.json	NEUTRAL_ZERO_REVIEWED_C1_MAPPING	NEUTRAL_MISSING_DIRECT_EVIDENCE	db/022_round3b_context_governance.sql|db/data/round3m/C0_C1_EVIDENCE_RECEIPT.json
prior:preparation.family.cold_extraction:medium_light:sensory.brown_sugar	preparation.family.cold_extraction	medium_light	sensory.brown_sugar	0.000000	0.000000	0.000000	neutral	0			db/data/round3m/C0_C1_EVIDENCE_RECEIPT.json	NEUTRAL_ZERO_REVIEWED_C1_MAPPING	NEUTRAL_MISSING_DIRECT_EVIDENCE	db/022_round3b_context_governance.sql|db/data/round3m/C0_C1_EVIDENCE_RECEIPT.json
prior:preparation.family.cold_extraction:medium_light:sensory.almond	preparation.family.cold_extraction	medium_light	sensory.almond	0.000000	0.000000	0.000000	neutral	0			db/data/round3m/C0_C1_EVIDENCE_RECEIPT.json	NEUTRAL_ZERO_REVIEWED_C1_MAPPING	NEUTRAL_MISSING_DIRECT_EVIDENCE	db/022_round3b_context_governance.sql|db/data/round3m/C0_C1_EVIDENCE_RECEIPT.json
prior:preparation.family.cold_extraction:medium_light:sensory.hazelnut	preparation.family.cold_extraction	medium_light	sensory.hazelnut	0.000000	0.000000	0.000000	neutral	0			db/data/round3m/C0_C1_EVIDENCE_RECEIPT.json	NEUTRAL_ZERO_REVIEWED_C1_MAPPING	NEUTRAL_MISSING_DIRECT_EVIDENCE	db/022_round3b_context_governance.sql|db/data/round3m/C0_C1_EVIDENCE_RECEIPT.json
prior:preparation.family.cold_extraction:medium_light:sensory.dark_chocolate	preparation.family.cold_extraction	medium_light	sensory.dark_chocolate	0.000000	0.000000	0.000000	neutral	0			db/data/round3m/C0_C1_EVIDENCE_RECEIPT.json	NEUTRAL_ZERO_REVIEWED_C1_MAPPING	NEUTRAL_MISSING_DIRECT_EVIDENCE	db/022_round3b_context_governance.sql|db/data/round3m/C0_C1_EVIDENCE_RECEIPT.json
prior:preparation.family.cold_extraction:medium_light:sensory.cinnamon	preparation.family.cold_extraction	medium_light	sensory.cinnamon	0.000000	0.000000	0.000000	neutral	0			db/data/round3m/C0_C1_EVIDENCE_RECEIPT.json	NEUTRAL_ZERO_REVIEWED_C1_MAPPING	NEUTRAL_MISSING_DIRECT_EVIDENCE	db/022_round3b_context_governance.sql|db/data/round3m/C0_C1_EVIDENCE_RECEIPT.json
prior:preparation.family.cold_extraction:medium_light:sensory.tobacco	preparation.family.cold_extraction	medium_light	sensory.tobacco	0.000000	0.000000	0.000000	neutral	0			db/data/round3m/C0_C1_EVIDENCE_RECEIPT.json	NEUTRAL_ZERO_REVIEWED_C1_MAPPING	NEUTRAL_MISSING_DIRECT_EVIDENCE	db/022_round3b_context_governance.sql|db/data/round3m/C0_C1_EVIDENCE_RECEIPT.json
prior:preparation.family.cold_extraction:medium_light:sensory.smoky	preparation.family.cold_extraction	medium_light	sensory.smoky	0.000000	0.000000	0.000000	neutral	0			db/data/round3m/C0_C1_EVIDENCE_RECEIPT.json	NEUTRAL_ZERO_REVIEWED_C1_MAPPING	NEUTRAL_MISSING_DIRECT_EVIDENCE	db/022_round3b_context_governance.sql|db/data/round3m/C0_C1_EVIDENCE_RECEIPT.json
prior:preparation.family.cold_extraction:medium_light:sensory.green_tea	preparation.family.cold_extraction	medium_light	sensory.green_tea	0.000000	0.000000	0.000000	neutral	0			db/data/round3m/C0_C1_EVIDENCE_RECEIPT.json	NEUTRAL_ZERO_REVIEWED_C1_MAPPING	NEUTRAL_MISSING_DIRECT_EVIDENCE	db/022_round3b_context_governance.sql|db/data/round3m/C0_C1_EVIDENCE_RECEIPT.json
prior:preparation.family.cold_extraction:medium_light:sensory.cedar	preparation.family.cold_extraction	medium_light	sensory.cedar	0.000000	0.000000	0.000000	neutral	0			db/data/round3m/C0_C1_EVIDENCE_RECEIPT.json	NEUTRAL_ZERO_REVIEWED_C1_MAPPING	NEUTRAL_MISSING_DIRECT_EVIDENCE	db/022_round3b_context_governance.sql|db/data/round3m/C0_C1_EVIDENCE_RECEIPT.json
prior:preparation.family.cold_extraction:medium_light:sensory.earthy	preparation.family.cold_extraction	medium_light	sensory.earthy	0.000000	0.000000	0.000000	neutral	0			db/data/round3m/C0_C1_EVIDENCE_RECEIPT.json	NEUTRAL_ZERO_REVIEWED_C1_MAPPING	NEUTRAL_MISSING_DIRECT_EVIDENCE	db/022_round3b_context_governance.sql|db/data/round3m/C0_C1_EVIDENCE_RECEIPT.json
prior:preparation.family.cold_extraction:medium_light:sensory.fermented_character	preparation.family.cold_extraction	medium_light	sensory.fermented_character	0.000000	0.000000	0.000000	neutral	0			db/data/round3m/C0_C1_EVIDENCE_RECEIPT.json	NEUTRAL_ZERO_REVIEWED_C1_MAPPING	NEUTRAL_MISSING_DIRECT_EVIDENCE	db/022_round3b_context_governance.sql|db/data/round3m/C0_C1_EVIDENCE_RECEIPT.json
prior:preparation.family.cold_extraction:medium_light:sensory.wine_like_character	preparation.family.cold_extraction	medium_light	sensory.wine_like_character	0.000000	0.000000	0.000000	neutral	0			db/data/round3m/C0_C1_EVIDENCE_RECEIPT.json	NEUTRAL_ZERO_REVIEWED_C1_MAPPING	NEUTRAL_MISSING_DIRECT_EVIDENCE	db/022_round3b_context_governance.sql|db/data/round3m/C0_C1_EVIDENCE_RECEIPT.json
prior:preparation.family.cold_extraction:medium:sensory.jasmine	preparation.family.cold_extraction	medium	sensory.jasmine	0.000000	0.000000	0.000000	neutral	0			db/data/round3m/C0_C1_EVIDENCE_RECEIPT.json	NEUTRAL_ZERO_REVIEWED_C1_MAPPING	NEUTRAL_MISSING_DIRECT_EVIDENCE	db/022_round3b_context_governance.sql|db/data/round3m/C0_C1_EVIDENCE_RECEIPT.json
prior:preparation.family.cold_extraction:medium:sensory.rose	preparation.family.cold_extraction	medium	sensory.rose	0.000000	0.000000	0.000000	neutral	0			db/data/round3m/C0_C1_EVIDENCE_RECEIPT.json	NEUTRAL_ZERO_REVIEWED_C1_MAPPING	NEUTRAL_MISSING_DIRECT_EVIDENCE	db/022_round3b_context_governance.sql|db/data/round3m/C0_C1_EVIDENCE_RECEIPT.json
prior:preparation.family.cold_extraction:medium:sensory.orange_blossom	preparation.family.cold_extraction	medium	sensory.orange_blossom	0.000000	0.000000	0.000000	neutral	0			db/data/round3m/C0_C1_EVIDENCE_RECEIPT.json	NEUTRAL_ZERO_REVIEWED_C1_MAPPING	NEUTRAL_MISSING_DIRECT_EVIDENCE	db/022_round3b_context_governance.sql|db/data/round3m/C0_C1_EVIDENCE_RECEIPT.json
prior:preparation.family.cold_extraction:medium:sensory.lemon	preparation.family.cold_extraction	medium	sensory.lemon	0.000000	0.000000	0.000000	neutral	0			db/data/round3m/C0_C1_EVIDENCE_RECEIPT.json	NEUTRAL_ZERO_REVIEWED_C1_MAPPING	NEUTRAL_MISSING_DIRECT_EVIDENCE	db/022_round3b_context_governance.sql|db/data/round3m/C0_C1_EVIDENCE_RECEIPT.json
prior:preparation.family.cold_extraction:medium:sensory.orange	preparation.family.cold_extraction	medium	sensory.orange	0.000000	0.000000	0.000000	neutral	0			db/data/round3m/C0_C1_EVIDENCE_RECEIPT.json	NEUTRAL_ZERO_REVIEWED_C1_MAPPING	NEUTRAL_MISSING_DIRECT_EVIDENCE	db/022_round3b_context_governance.sql|db/data/round3m/C0_C1_EVIDENCE_RECEIPT.json
prior:preparation.family.cold_extraction:medium:sensory.blueberry	preparation.family.cold_extraction	medium	sensory.blueberry	0.000000	0.000000	0.000000	neutral	0			db/data/round3m/C0_C1_EVIDENCE_RECEIPT.json	NEUTRAL_ZERO_REVIEWED_C1_MAPPING	NEUTRAL_MISSING_DIRECT_EVIDENCE	db/022_round3b_context_governance.sql|db/data/round3m/C0_C1_EVIDENCE_RECEIPT.json
prior:preparation.family.cold_extraction:medium:sensory.honey	preparation.family.cold_extraction	medium	sensory.honey	0.000000	0.000000	0.000000	neutral	0			db/data/round3m/C0_C1_EVIDENCE_RECEIPT.json	NEUTRAL_ZERO_REVIEWED_C1_MAPPING	NEUTRAL_MISSING_DIRECT_EVIDENCE	db/022_round3b_context_governance.sql|db/data/round3m/C0_C1_EVIDENCE_RECEIPT.json
prior:preparation.family.cold_extraction:medium:sensory.caramel	preparation.family.cold_extraction	medium	sensory.caramel	0.000000	0.000000	0.000000	neutral	0			db/data/round3m/C0_C1_EVIDENCE_RECEIPT.json	NEUTRAL_ZERO_REVIEWED_C1_MAPPING	NEUTRAL_MISSING_DIRECT_EVIDENCE	db/022_round3b_context_governance.sql|db/data/round3m/C0_C1_EVIDENCE_RECEIPT.json
prior:preparation.family.cold_extraction:medium:sensory.brown_sugar	preparation.family.cold_extraction	medium	sensory.brown_sugar	0.000000	0.000000	0.000000	neutral	0			db/data/round3m/C0_C1_EVIDENCE_RECEIPT.json	NEUTRAL_ZERO_REVIEWED_C1_MAPPING	NEUTRAL_MISSING_DIRECT_EVIDENCE	db/022_round3b_context_governance.sql|db/data/round3m/C0_C1_EVIDENCE_RECEIPT.json
prior:preparation.family.cold_extraction:medium:sensory.almond	preparation.family.cold_extraction	medium	sensory.almond	0.000000	0.000000	0.000000	neutral	0			db/data/round3m/C0_C1_EVIDENCE_RECEIPT.json	NEUTRAL_ZERO_REVIEWED_C1_MAPPING	NEUTRAL_MISSING_DIRECT_EVIDENCE	db/022_round3b_context_governance.sql|db/data/round3m/C0_C1_EVIDENCE_RECEIPT.json
prior:preparation.family.cold_extraction:medium:sensory.hazelnut	preparation.family.cold_extraction	medium	sensory.hazelnut	0.000000	0.000000	0.000000	neutral	0			db/data/round3m/C0_C1_EVIDENCE_RECEIPT.json	NEUTRAL_ZERO_REVIEWED_C1_MAPPING	NEUTRAL_MISSING_DIRECT_EVIDENCE	db/022_round3b_context_governance.sql|db/data/round3m/C0_C1_EVIDENCE_RECEIPT.json
prior:preparation.family.cold_extraction:medium:sensory.dark_chocolate	preparation.family.cold_extraction	medium	sensory.dark_chocolate	0.000000	0.000000	0.000000	neutral	0			db/data/round3m/C0_C1_EVIDENCE_RECEIPT.json	NEUTRAL_ZERO_REVIEWED_C1_MAPPING	NEUTRAL_MISSING_DIRECT_EVIDENCE	db/022_round3b_context_governance.sql|db/data/round3m/C0_C1_EVIDENCE_RECEIPT.json
prior:preparation.family.cold_extraction:medium:sensory.cinnamon	preparation.family.cold_extraction	medium	sensory.cinnamon	0.000000	0.000000	0.000000	neutral	0			db/data/round3m/C0_C1_EVIDENCE_RECEIPT.json	NEUTRAL_ZERO_REVIEWED_C1_MAPPING	NEUTRAL_MISSING_DIRECT_EVIDENCE	db/022_round3b_context_governance.sql|db/data/round3m/C0_C1_EVIDENCE_RECEIPT.json
prior:preparation.family.cold_extraction:medium:sensory.tobacco	preparation.family.cold_extraction	medium	sensory.tobacco	0.000000	0.000000	0.000000	neutral	0			db/data/round3m/C0_C1_EVIDENCE_RECEIPT.json	NEUTRAL_ZERO_REVIEWED_C1_MAPPING	NEUTRAL_MISSING_DIRECT_EVIDENCE	db/022_round3b_context_governance.sql|db/data/round3m/C0_C1_EVIDENCE_RECEIPT.json
prior:preparation.family.cold_extraction:medium:sensory.smoky	preparation.family.cold_extraction	medium	sensory.smoky	0.000000	0.000000	0.000000	neutral	0			db/data/round3m/C0_C1_EVIDENCE_RECEIPT.json	NEUTRAL_ZERO_REVIEWED_C1_MAPPING	NEUTRAL_MISSING_DIRECT_EVIDENCE	db/022_round3b_context_governance.sql|db/data/round3m/C0_C1_EVIDENCE_RECEIPT.json
prior:preparation.family.cold_extraction:medium:sensory.green_tea	preparation.family.cold_extraction	medium	sensory.green_tea	0.000000	0.000000	0.000000	neutral	0			db/data/round3m/C0_C1_EVIDENCE_RECEIPT.json	NEUTRAL_ZERO_REVIEWED_C1_MAPPING	NEUTRAL_MISSING_DIRECT_EVIDENCE	db/022_round3b_context_governance.sql|db/data/round3m/C0_C1_EVIDENCE_RECEIPT.json
prior:preparation.family.cold_extraction:medium:sensory.cedar	preparation.family.cold_extraction	medium	sensory.cedar	0.000000	0.000000	0.000000	neutral	0			db/data/round3m/C0_C1_EVIDENCE_RECEIPT.json	NEUTRAL_ZERO_REVIEWED_C1_MAPPING	NEUTRAL_MISSING_DIRECT_EVIDENCE	db/022_round3b_context_governance.sql|db/data/round3m/C0_C1_EVIDENCE_RECEIPT.json
prior:preparation.family.cold_extraction:medium:sensory.earthy	preparation.family.cold_extraction	medium	sensory.earthy	0.000000	0.000000	0.000000	neutral	0			db/data/round3m/C0_C1_EVIDENCE_RECEIPT.json	NEUTRAL_ZERO_REVIEWED_C1_MAPPING	NEUTRAL_MISSING_DIRECT_EVIDENCE	db/022_round3b_context_governance.sql|db/data/round3m/C0_C1_EVIDENCE_RECEIPT.json
prior:preparation.family.cold_extraction:medium:sensory.fermented_character	preparation.family.cold_extraction	medium	sensory.fermented_character	0.000000	0.000000	0.000000	neutral	0			db/data/round3m/C0_C1_EVIDENCE_RECEIPT.json	NEUTRAL_ZERO_REVIEWED_C1_MAPPING	NEUTRAL_MISSING_DIRECT_EVIDENCE	db/022_round3b_context_governance.sql|db/data/round3m/C0_C1_EVIDENCE_RECEIPT.json
prior:preparation.family.cold_extraction:medium:sensory.wine_like_character	preparation.family.cold_extraction	medium	sensory.wine_like_character	0.000000	0.000000	0.000000	neutral	0			db/data/round3m/C0_C1_EVIDENCE_RECEIPT.json	NEUTRAL_ZERO_REVIEWED_C1_MAPPING	NEUTRAL_MISSING_DIRECT_EVIDENCE	db/022_round3b_context_governance.sql|db/data/round3m/C0_C1_EVIDENCE_RECEIPT.json
prior:preparation.family.cold_extraction:medium_dark:sensory.jasmine	preparation.family.cold_extraction	medium_dark	sensory.jasmine	0.000000	0.000000	0.000000	neutral	0			db/data/round3m/C0_C1_EVIDENCE_RECEIPT.json	NEUTRAL_ZERO_REVIEWED_C1_MAPPING	NEUTRAL_MISSING_DIRECT_EVIDENCE	db/022_round3b_context_governance.sql|db/data/round3m/C0_C1_EVIDENCE_RECEIPT.json
prior:preparation.family.cold_extraction:medium_dark:sensory.rose	preparation.family.cold_extraction	medium_dark	sensory.rose	0.000000	0.000000	0.000000	neutral	0			db/data/round3m/C0_C1_EVIDENCE_RECEIPT.json	NEUTRAL_ZERO_REVIEWED_C1_MAPPING	NEUTRAL_MISSING_DIRECT_EVIDENCE	db/022_round3b_context_governance.sql|db/data/round3m/C0_C1_EVIDENCE_RECEIPT.json
prior:preparation.family.cold_extraction:medium_dark:sensory.orange_blossom	preparation.family.cold_extraction	medium_dark	sensory.orange_blossom	0.000000	0.000000	0.000000	neutral	0			db/data/round3m/C0_C1_EVIDENCE_RECEIPT.json	NEUTRAL_ZERO_REVIEWED_C1_MAPPING	NEUTRAL_MISSING_DIRECT_EVIDENCE	db/022_round3b_context_governance.sql|db/data/round3m/C0_C1_EVIDENCE_RECEIPT.json
prior:preparation.family.cold_extraction:medium_dark:sensory.lemon	preparation.family.cold_extraction	medium_dark	sensory.lemon	0.000000	0.000000	0.000000	neutral	0			db/data/round3m/C0_C1_EVIDENCE_RECEIPT.json	NEUTRAL_ZERO_REVIEWED_C1_MAPPING	NEUTRAL_MISSING_DIRECT_EVIDENCE	db/022_round3b_context_governance.sql|db/data/round3m/C0_C1_EVIDENCE_RECEIPT.json
prior:preparation.family.cold_extraction:medium_dark:sensory.orange	preparation.family.cold_extraction	medium_dark	sensory.orange	0.000000	0.000000	0.000000	neutral	0			db/data/round3m/C0_C1_EVIDENCE_RECEIPT.json	NEUTRAL_ZERO_REVIEWED_C1_MAPPING	NEUTRAL_MISSING_DIRECT_EVIDENCE	db/022_round3b_context_governance.sql|db/data/round3m/C0_C1_EVIDENCE_RECEIPT.json
prior:preparation.family.cold_extraction:medium_dark:sensory.blueberry	preparation.family.cold_extraction	medium_dark	sensory.blueberry	0.000000	0.000000	0.000000	neutral	0			db/data/round3m/C0_C1_EVIDENCE_RECEIPT.json	NEUTRAL_ZERO_REVIEWED_C1_MAPPING	NEUTRAL_MISSING_DIRECT_EVIDENCE	db/022_round3b_context_governance.sql|db/data/round3m/C0_C1_EVIDENCE_RECEIPT.json
prior:preparation.family.cold_extraction:medium_dark:sensory.honey	preparation.family.cold_extraction	medium_dark	sensory.honey	0.000000	0.000000	0.000000	neutral	0			db/data/round3m/C0_C1_EVIDENCE_RECEIPT.json	NEUTRAL_ZERO_REVIEWED_C1_MAPPING	NEUTRAL_MISSING_DIRECT_EVIDENCE	db/022_round3b_context_governance.sql|db/data/round3m/C0_C1_EVIDENCE_RECEIPT.json
prior:preparation.family.cold_extraction:medium_dark:sensory.caramel	preparation.family.cold_extraction	medium_dark	sensory.caramel	0.000000	0.000000	0.000000	neutral	0			db/data/round3m/C0_C1_EVIDENCE_RECEIPT.json	NEUTRAL_ZERO_REVIEWED_C1_MAPPING	NEUTRAL_MISSING_DIRECT_EVIDENCE	db/022_round3b_context_governance.sql|db/data/round3m/C0_C1_EVIDENCE_RECEIPT.json
prior:preparation.family.cold_extraction:medium_dark:sensory.brown_sugar	preparation.family.cold_extraction	medium_dark	sensory.brown_sugar	0.000000	0.000000	0.000000	neutral	0			db/data/round3m/C0_C1_EVIDENCE_RECEIPT.json	NEUTRAL_ZERO_REVIEWED_C1_MAPPING	NEUTRAL_MISSING_DIRECT_EVIDENCE	db/022_round3b_context_governance.sql|db/data/round3m/C0_C1_EVIDENCE_RECEIPT.json
prior:preparation.family.cold_extraction:medium_dark:sensory.almond	preparation.family.cold_extraction	medium_dark	sensory.almond	0.000000	0.000000	0.000000	neutral	0			db/data/round3m/C0_C1_EVIDENCE_RECEIPT.json	NEUTRAL_ZERO_REVIEWED_C1_MAPPING	NEUTRAL_MISSING_DIRECT_EVIDENCE	db/022_round3b_context_governance.sql|db/data/round3m/C0_C1_EVIDENCE_RECEIPT.json
prior:preparation.family.cold_extraction:medium_dark:sensory.hazelnut	preparation.family.cold_extraction	medium_dark	sensory.hazelnut	0.000000	0.000000	0.000000	neutral	0			db/data/round3m/C0_C1_EVIDENCE_RECEIPT.json	NEUTRAL_ZERO_REVIEWED_C1_MAPPING	NEUTRAL_MISSING_DIRECT_EVIDENCE	db/022_round3b_context_governance.sql|db/data/round3m/C0_C1_EVIDENCE_RECEIPT.json
prior:preparation.family.cold_extraction:medium_dark:sensory.dark_chocolate	preparation.family.cold_extraction	medium_dark	sensory.dark_chocolate	0.000000	0.000000	0.000000	neutral	0			db/data/round3m/C0_C1_EVIDENCE_RECEIPT.json	NEUTRAL_ZERO_REVIEWED_C1_MAPPING	NEUTRAL_MISSING_DIRECT_EVIDENCE	db/022_round3b_context_governance.sql|db/data/round3m/C0_C1_EVIDENCE_RECEIPT.json
prior:preparation.family.cold_extraction:medium_dark:sensory.cinnamon	preparation.family.cold_extraction	medium_dark	sensory.cinnamon	0.000000	0.000000	0.000000	neutral	0			db/data/round3m/C0_C1_EVIDENCE_RECEIPT.json	NEUTRAL_ZERO_REVIEWED_C1_MAPPING	NEUTRAL_MISSING_DIRECT_EVIDENCE	db/022_round3b_context_governance.sql|db/data/round3m/C0_C1_EVIDENCE_RECEIPT.json
prior:preparation.family.cold_extraction:medium_dark:sensory.tobacco	preparation.family.cold_extraction	medium_dark	sensory.tobacco	0.000000	0.000000	0.000000	neutral	0			db/data/round3m/C0_C1_EVIDENCE_RECEIPT.json	NEUTRAL_ZERO_REVIEWED_C1_MAPPING	NEUTRAL_MISSING_DIRECT_EVIDENCE	db/022_round3b_context_governance.sql|db/data/round3m/C0_C1_EVIDENCE_RECEIPT.json
prior:preparation.family.cold_extraction:medium_dark:sensory.smoky	preparation.family.cold_extraction	medium_dark	sensory.smoky	0.000000	0.000000	0.000000	neutral	0			db/data/round3m/C0_C1_EVIDENCE_RECEIPT.json	NEUTRAL_ZERO_REVIEWED_C1_MAPPING	NEUTRAL_MISSING_DIRECT_EVIDENCE	db/022_round3b_context_governance.sql|db/data/round3m/C0_C1_EVIDENCE_RECEIPT.json
prior:preparation.family.cold_extraction:medium_dark:sensory.green_tea	preparation.family.cold_extraction	medium_dark	sensory.green_tea	0.000000	0.000000	0.000000	neutral	0			db/data/round3m/C0_C1_EVIDENCE_RECEIPT.json	NEUTRAL_ZERO_REVIEWED_C1_MAPPING	NEUTRAL_MISSING_DIRECT_EVIDENCE	db/022_round3b_context_governance.sql|db/data/round3m/C0_C1_EVIDENCE_RECEIPT.json
prior:preparation.family.cold_extraction:medium_dark:sensory.cedar	preparation.family.cold_extraction	medium_dark	sensory.cedar	0.000000	0.000000	0.000000	neutral	0			db/data/round3m/C0_C1_EVIDENCE_RECEIPT.json	NEUTRAL_ZERO_REVIEWED_C1_MAPPING	NEUTRAL_MISSING_DIRECT_EVIDENCE	db/022_round3b_context_governance.sql|db/data/round3m/C0_C1_EVIDENCE_RECEIPT.json
prior:preparation.family.cold_extraction:medium_dark:sensory.earthy	preparation.family.cold_extraction	medium_dark	sensory.earthy	0.000000	0.000000	0.000000	neutral	0			db/data/round3m/C0_C1_EVIDENCE_RECEIPT.json	NEUTRAL_ZERO_REVIEWED_C1_MAPPING	NEUTRAL_MISSING_DIRECT_EVIDENCE	db/022_round3b_context_governance.sql|db/data/round3m/C0_C1_EVIDENCE_RECEIPT.json
prior:preparation.family.cold_extraction:medium_dark:sensory.fermented_character	preparation.family.cold_extraction	medium_dark	sensory.fermented_character	0.000000	0.000000	0.000000	neutral	0			db/data/round3m/C0_C1_EVIDENCE_RECEIPT.json	NEUTRAL_ZERO_REVIEWED_C1_MAPPING	NEUTRAL_MISSING_DIRECT_EVIDENCE	db/022_round3b_context_governance.sql|db/data/round3m/C0_C1_EVIDENCE_RECEIPT.json
prior:preparation.family.cold_extraction:medium_dark:sensory.wine_like_character	preparation.family.cold_extraction	medium_dark	sensory.wine_like_character	0.000000	0.000000	0.000000	neutral	0			db/data/round3m/C0_C1_EVIDENCE_RECEIPT.json	NEUTRAL_ZERO_REVIEWED_C1_MAPPING	NEUTRAL_MISSING_DIRECT_EVIDENCE	db/022_round3b_context_governance.sql|db/data/round3m/C0_C1_EVIDENCE_RECEIPT.json
prior:preparation.family.cold_extraction:dark:sensory.jasmine	preparation.family.cold_extraction	dark	sensory.jasmine	0.000000	0.000000	0.000000	neutral	0			db/data/round3m/C0_C1_EVIDENCE_RECEIPT.json	NEUTRAL_ZERO_REVIEWED_C1_MAPPING	NEUTRAL_MISSING_DIRECT_EVIDENCE	db/022_round3b_context_governance.sql|db/data/round3m/C0_C1_EVIDENCE_RECEIPT.json
prior:preparation.family.cold_extraction:dark:sensory.rose	preparation.family.cold_extraction	dark	sensory.rose	0.000000	0.000000	0.000000	neutral	0			db/data/round3m/C0_C1_EVIDENCE_RECEIPT.json	NEUTRAL_ZERO_REVIEWED_C1_MAPPING	NEUTRAL_MISSING_DIRECT_EVIDENCE	db/022_round3b_context_governance.sql|db/data/round3m/C0_C1_EVIDENCE_RECEIPT.json
prior:preparation.family.cold_extraction:dark:sensory.orange_blossom	preparation.family.cold_extraction	dark	sensory.orange_blossom	0.000000	0.000000	0.000000	neutral	0			db/data/round3m/C0_C1_EVIDENCE_RECEIPT.json	NEUTRAL_ZERO_REVIEWED_C1_MAPPING	NEUTRAL_MISSING_DIRECT_EVIDENCE	db/022_round3b_context_governance.sql|db/data/round3m/C0_C1_EVIDENCE_RECEIPT.json
prior:preparation.family.cold_extraction:dark:sensory.lemon	preparation.family.cold_extraction	dark	sensory.lemon	0.000000	0.000000	0.000000	neutral	0			db/data/round3m/C0_C1_EVIDENCE_RECEIPT.json	NEUTRAL_ZERO_REVIEWED_C1_MAPPING	NEUTRAL_MISSING_DIRECT_EVIDENCE	db/022_round3b_context_governance.sql|db/data/round3m/C0_C1_EVIDENCE_RECEIPT.json
prior:preparation.family.cold_extraction:dark:sensory.orange	preparation.family.cold_extraction	dark	sensory.orange	0.000000	0.000000	0.000000	neutral	0			db/data/round3m/C0_C1_EVIDENCE_RECEIPT.json	NEUTRAL_ZERO_REVIEWED_C1_MAPPING	NEUTRAL_MISSING_DIRECT_EVIDENCE	db/022_round3b_context_governance.sql|db/data/round3m/C0_C1_EVIDENCE_RECEIPT.json
prior:preparation.family.cold_extraction:dark:sensory.blueberry	preparation.family.cold_extraction	dark	sensory.blueberry	0.000000	0.000000	0.000000	neutral	0			db/data/round3m/C0_C1_EVIDENCE_RECEIPT.json	NEUTRAL_ZERO_REVIEWED_C1_MAPPING	NEUTRAL_MISSING_DIRECT_EVIDENCE	db/022_round3b_context_governance.sql|db/data/round3m/C0_C1_EVIDENCE_RECEIPT.json
prior:preparation.family.cold_extraction:dark:sensory.honey	preparation.family.cold_extraction	dark	sensory.honey	0.000000	0.000000	0.000000	neutral	0			db/data/round3m/C0_C1_EVIDENCE_RECEIPT.json	NEUTRAL_ZERO_REVIEWED_C1_MAPPING	NEUTRAL_MISSING_DIRECT_EVIDENCE	db/022_round3b_context_governance.sql|db/data/round3m/C0_C1_EVIDENCE_RECEIPT.json
prior:preparation.family.cold_extraction:dark:sensory.caramel	preparation.family.cold_extraction	dark	sensory.caramel	0.000000	0.000000	0.000000	neutral	0			db/data/round3m/C0_C1_EVIDENCE_RECEIPT.json	NEUTRAL_ZERO_REVIEWED_C1_MAPPING	NEUTRAL_MISSING_DIRECT_EVIDENCE	db/022_round3b_context_governance.sql|db/data/round3m/C0_C1_EVIDENCE_RECEIPT.json
prior:preparation.family.cold_extraction:dark:sensory.brown_sugar	preparation.family.cold_extraction	dark	sensory.brown_sugar	0.000000	0.000000	0.000000	neutral	0			db/data/round3m/C0_C1_EVIDENCE_RECEIPT.json	NEUTRAL_ZERO_REVIEWED_C1_MAPPING	NEUTRAL_MISSING_DIRECT_EVIDENCE	db/022_round3b_context_governance.sql|db/data/round3m/C0_C1_EVIDENCE_RECEIPT.json
prior:preparation.family.cold_extraction:dark:sensory.almond	preparation.family.cold_extraction	dark	sensory.almond	0.000000	0.000000	0.000000	neutral	0			db/data/round3m/C0_C1_EVIDENCE_RECEIPT.json	NEUTRAL_ZERO_REVIEWED_C1_MAPPING	NEUTRAL_MISSING_DIRECT_EVIDENCE	db/022_round3b_context_governance.sql|db/data/round3m/C0_C1_EVIDENCE_RECEIPT.json
prior:preparation.family.cold_extraction:dark:sensory.hazelnut	preparation.family.cold_extraction	dark	sensory.hazelnut	0.000000	0.000000	0.000000	neutral	0			db/data/round3m/C0_C1_EVIDENCE_RECEIPT.json	NEUTRAL_ZERO_REVIEWED_C1_MAPPING	NEUTRAL_MISSING_DIRECT_EVIDENCE	db/022_round3b_context_governance.sql|db/data/round3m/C0_C1_EVIDENCE_RECEIPT.json
prior:preparation.family.cold_extraction:dark:sensory.dark_chocolate	preparation.family.cold_extraction	dark	sensory.dark_chocolate	0.000000	0.000000	0.000000	neutral	0			db/data/round3m/C0_C1_EVIDENCE_RECEIPT.json	NEUTRAL_ZERO_REVIEWED_C1_MAPPING	NEUTRAL_MISSING_DIRECT_EVIDENCE	db/022_round3b_context_governance.sql|db/data/round3m/C0_C1_EVIDENCE_RECEIPT.json
prior:preparation.family.cold_extraction:dark:sensory.cinnamon	preparation.family.cold_extraction	dark	sensory.cinnamon	0.000000	0.000000	0.000000	neutral	0			db/data/round3m/C0_C1_EVIDENCE_RECEIPT.json	NEUTRAL_ZERO_REVIEWED_C1_MAPPING	NEUTRAL_MISSING_DIRECT_EVIDENCE	db/022_round3b_context_governance.sql|db/data/round3m/C0_C1_EVIDENCE_RECEIPT.json
prior:preparation.family.cold_extraction:dark:sensory.tobacco	preparation.family.cold_extraction	dark	sensory.tobacco	0.000000	0.000000	0.000000	neutral	0			db/data/round3m/C0_C1_EVIDENCE_RECEIPT.json	NEUTRAL_ZERO_REVIEWED_C1_MAPPING	NEUTRAL_MISSING_DIRECT_EVIDENCE	db/022_round3b_context_governance.sql|db/data/round3m/C0_C1_EVIDENCE_RECEIPT.json
prior:preparation.family.cold_extraction:dark:sensory.smoky	preparation.family.cold_extraction	dark	sensory.smoky	0.000000	0.000000	0.000000	neutral	0			db/data/round3m/C0_C1_EVIDENCE_RECEIPT.json	NEUTRAL_ZERO_REVIEWED_C1_MAPPING	NEUTRAL_MISSING_DIRECT_EVIDENCE	db/022_round3b_context_governance.sql|db/data/round3m/C0_C1_EVIDENCE_RECEIPT.json
prior:preparation.family.cold_extraction:dark:sensory.green_tea	preparation.family.cold_extraction	dark	sensory.green_tea	0.000000	0.000000	0.000000	neutral	0			db/data/round3m/C0_C1_EVIDENCE_RECEIPT.json	NEUTRAL_ZERO_REVIEWED_C1_MAPPING	NEUTRAL_MISSING_DIRECT_EVIDENCE	db/022_round3b_context_governance.sql|db/data/round3m/C0_C1_EVIDENCE_RECEIPT.json
prior:preparation.family.cold_extraction:dark:sensory.cedar	preparation.family.cold_extraction	dark	sensory.cedar	0.000000	0.000000	0.000000	neutral	0			db/data/round3m/C0_C1_EVIDENCE_RECEIPT.json	NEUTRAL_ZERO_REVIEWED_C1_MAPPING	NEUTRAL_MISSING_DIRECT_EVIDENCE	db/022_round3b_context_governance.sql|db/data/round3m/C0_C1_EVIDENCE_RECEIPT.json
prior:preparation.family.cold_extraction:dark:sensory.earthy	preparation.family.cold_extraction	dark	sensory.earthy	0.000000	0.000000	0.000000	neutral	0			db/data/round3m/C0_C1_EVIDENCE_RECEIPT.json	NEUTRAL_ZERO_REVIEWED_C1_MAPPING	NEUTRAL_MISSING_DIRECT_EVIDENCE	db/022_round3b_context_governance.sql|db/data/round3m/C0_C1_EVIDENCE_RECEIPT.json
prior:preparation.family.cold_extraction:dark:sensory.fermented_character	preparation.family.cold_extraction	dark	sensory.fermented_character	0.000000	0.000000	0.000000	neutral	0			db/data/round3m/C0_C1_EVIDENCE_RECEIPT.json	NEUTRAL_ZERO_REVIEWED_C1_MAPPING	NEUTRAL_MISSING_DIRECT_EVIDENCE	db/022_round3b_context_governance.sql|db/data/round3m/C0_C1_EVIDENCE_RECEIPT.json
prior:preparation.family.cold_extraction:dark:sensory.wine_like_character	preparation.family.cold_extraction	dark	sensory.wine_like_character	0.000000	0.000000	0.000000	neutral	0			db/data/round3m/C0_C1_EVIDENCE_RECEIPT.json	NEUTRAL_ZERO_REVIEWED_C1_MAPPING	NEUTRAL_MISSING_DIRECT_EVIDENCE	db/022_round3b_context_governance.sql|db/data/round3m/C0_C1_EVIDENCE_RECEIPT.json
prior:preparation.family.cold_extraction:extremely_dark:sensory.jasmine	preparation.family.cold_extraction	extremely_dark	sensory.jasmine	0.000000	0.000000	0.000000	neutral	0			db/data/round3m/C0_C1_EVIDENCE_RECEIPT.json	NEUTRAL_ZERO_REVIEWED_C1_MAPPING	NEUTRAL_MISSING_DIRECT_EVIDENCE	db/022_round3b_context_governance.sql|db/data/round3m/C0_C1_EVIDENCE_RECEIPT.json
prior:preparation.family.cold_extraction:extremely_dark:sensory.rose	preparation.family.cold_extraction	extremely_dark	sensory.rose	0.000000	0.000000	0.000000	neutral	0			db/data/round3m/C0_C1_EVIDENCE_RECEIPT.json	NEUTRAL_ZERO_REVIEWED_C1_MAPPING	NEUTRAL_MISSING_DIRECT_EVIDENCE	db/022_round3b_context_governance.sql|db/data/round3m/C0_C1_EVIDENCE_RECEIPT.json
prior:preparation.family.cold_extraction:extremely_dark:sensory.orange_blossom	preparation.family.cold_extraction	extremely_dark	sensory.orange_blossom	0.000000	0.000000	0.000000	neutral	0			db/data/round3m/C0_C1_EVIDENCE_RECEIPT.json	NEUTRAL_ZERO_REVIEWED_C1_MAPPING	NEUTRAL_MISSING_DIRECT_EVIDENCE	db/022_round3b_context_governance.sql|db/data/round3m/C0_C1_EVIDENCE_RECEIPT.json
prior:preparation.family.cold_extraction:extremely_dark:sensory.lemon	preparation.family.cold_extraction	extremely_dark	sensory.lemon	0.000000	0.000000	0.000000	neutral	0			db/data/round3m/C0_C1_EVIDENCE_RECEIPT.json	NEUTRAL_ZERO_REVIEWED_C1_MAPPING	NEUTRAL_MISSING_DIRECT_EVIDENCE	db/022_round3b_context_governance.sql|db/data/round3m/C0_C1_EVIDENCE_RECEIPT.json
prior:preparation.family.cold_extraction:extremely_dark:sensory.orange	preparation.family.cold_extraction	extremely_dark	sensory.orange	0.000000	0.000000	0.000000	neutral	0			db/data/round3m/C0_C1_EVIDENCE_RECEIPT.json	NEUTRAL_ZERO_REVIEWED_C1_MAPPING	NEUTRAL_MISSING_DIRECT_EVIDENCE	db/022_round3b_context_governance.sql|db/data/round3m/C0_C1_EVIDENCE_RECEIPT.json
prior:preparation.family.cold_extraction:extremely_dark:sensory.blueberry	preparation.family.cold_extraction	extremely_dark	sensory.blueberry	0.000000	0.000000	0.000000	neutral	0			db/data/round3m/C0_C1_EVIDENCE_RECEIPT.json	NEUTRAL_ZERO_REVIEWED_C1_MAPPING	NEUTRAL_MISSING_DIRECT_EVIDENCE	db/022_round3b_context_governance.sql|db/data/round3m/C0_C1_EVIDENCE_RECEIPT.json
prior:preparation.family.cold_extraction:extremely_dark:sensory.honey	preparation.family.cold_extraction	extremely_dark	sensory.honey	0.000000	0.000000	0.000000	neutral	0			db/data/round3m/C0_C1_EVIDENCE_RECEIPT.json	NEUTRAL_ZERO_REVIEWED_C1_MAPPING	NEUTRAL_MISSING_DIRECT_EVIDENCE	db/022_round3b_context_governance.sql|db/data/round3m/C0_C1_EVIDENCE_RECEIPT.json
prior:preparation.family.cold_extraction:extremely_dark:sensory.caramel	preparation.family.cold_extraction	extremely_dark	sensory.caramel	0.000000	0.000000	0.000000	neutral	0			db/data/round3m/C0_C1_EVIDENCE_RECEIPT.json	NEUTRAL_ZERO_REVIEWED_C1_MAPPING	NEUTRAL_MISSING_DIRECT_EVIDENCE	db/022_round3b_context_governance.sql|db/data/round3m/C0_C1_EVIDENCE_RECEIPT.json
prior:preparation.family.cold_extraction:extremely_dark:sensory.brown_sugar	preparation.family.cold_extraction	extremely_dark	sensory.brown_sugar	0.000000	0.000000	0.000000	neutral	0			db/data/round3m/C0_C1_EVIDENCE_RECEIPT.json	NEUTRAL_ZERO_REVIEWED_C1_MAPPING	NEUTRAL_MISSING_DIRECT_EVIDENCE	db/022_round3b_context_governance.sql|db/data/round3m/C0_C1_EVIDENCE_RECEIPT.json
prior:preparation.family.cold_extraction:extremely_dark:sensory.almond	preparation.family.cold_extraction	extremely_dark	sensory.almond	0.000000	0.000000	0.000000	neutral	0			db/data/round3m/C0_C1_EVIDENCE_RECEIPT.json	NEUTRAL_ZERO_REVIEWED_C1_MAPPING	NEUTRAL_MISSING_DIRECT_EVIDENCE	db/022_round3b_context_governance.sql|db/data/round3m/C0_C1_EVIDENCE_RECEIPT.json
prior:preparation.family.cold_extraction:extremely_dark:sensory.hazelnut	preparation.family.cold_extraction	extremely_dark	sensory.hazelnut	0.000000	0.000000	0.000000	neutral	0			db/data/round3m/C0_C1_EVIDENCE_RECEIPT.json	NEUTRAL_ZERO_REVIEWED_C1_MAPPING	NEUTRAL_MISSING_DIRECT_EVIDENCE	db/022_round3b_context_governance.sql|db/data/round3m/C0_C1_EVIDENCE_RECEIPT.json
prior:preparation.family.cold_extraction:extremely_dark:sensory.dark_chocolate	preparation.family.cold_extraction	extremely_dark	sensory.dark_chocolate	0.000000	0.000000	0.000000	neutral	0			db/data/round3m/C0_C1_EVIDENCE_RECEIPT.json	NEUTRAL_ZERO_REVIEWED_C1_MAPPING	NEUTRAL_MISSING_DIRECT_EVIDENCE	db/022_round3b_context_governance.sql|db/data/round3m/C0_C1_EVIDENCE_RECEIPT.json
prior:preparation.family.cold_extraction:extremely_dark:sensory.cinnamon	preparation.family.cold_extraction	extremely_dark	sensory.cinnamon	0.000000	0.000000	0.000000	neutral	0			db/data/round3m/C0_C1_EVIDENCE_RECEIPT.json	NEUTRAL_ZERO_REVIEWED_C1_MAPPING	NEUTRAL_MISSING_DIRECT_EVIDENCE	db/022_round3b_context_governance.sql|db/data/round3m/C0_C1_EVIDENCE_RECEIPT.json
prior:preparation.family.cold_extraction:extremely_dark:sensory.tobacco	preparation.family.cold_extraction	extremely_dark	sensory.tobacco	0.000000	0.000000	0.000000	neutral	0			db/data/round3m/C0_C1_EVIDENCE_RECEIPT.json	NEUTRAL_ZERO_REVIEWED_C1_MAPPING	NEUTRAL_MISSING_DIRECT_EVIDENCE	db/022_round3b_context_governance.sql|db/data/round3m/C0_C1_EVIDENCE_RECEIPT.json
prior:preparation.family.cold_extraction:extremely_dark:sensory.smoky	preparation.family.cold_extraction	extremely_dark	sensory.smoky	0.000000	0.000000	0.000000	neutral	0			db/data/round3m/C0_C1_EVIDENCE_RECEIPT.json	NEUTRAL_ZERO_REVIEWED_C1_MAPPING	NEUTRAL_MISSING_DIRECT_EVIDENCE	db/022_round3b_context_governance.sql|db/data/round3m/C0_C1_EVIDENCE_RECEIPT.json
prior:preparation.family.cold_extraction:extremely_dark:sensory.green_tea	preparation.family.cold_extraction	extremely_dark	sensory.green_tea	0.000000	0.000000	0.000000	neutral	0			db/data/round3m/C0_C1_EVIDENCE_RECEIPT.json	NEUTRAL_ZERO_REVIEWED_C1_MAPPING	NEUTRAL_MISSING_DIRECT_EVIDENCE	db/022_round3b_context_governance.sql|db/data/round3m/C0_C1_EVIDENCE_RECEIPT.json
prior:preparation.family.cold_extraction:extremely_dark:sensory.cedar	preparation.family.cold_extraction	extremely_dark	sensory.cedar	0.000000	0.000000	0.000000	neutral	0			db/data/round3m/C0_C1_EVIDENCE_RECEIPT.json	NEUTRAL_ZERO_REVIEWED_C1_MAPPING	NEUTRAL_MISSING_DIRECT_EVIDENCE	db/022_round3b_context_governance.sql|db/data/round3m/C0_C1_EVIDENCE_RECEIPT.json
prior:preparation.family.cold_extraction:extremely_dark:sensory.earthy	preparation.family.cold_extraction	extremely_dark	sensory.earthy	0.000000	0.000000	0.000000	neutral	0			db/data/round3m/C0_C1_EVIDENCE_RECEIPT.json	NEUTRAL_ZERO_REVIEWED_C1_MAPPING	NEUTRAL_MISSING_DIRECT_EVIDENCE	db/022_round3b_context_governance.sql|db/data/round3m/C0_C1_EVIDENCE_RECEIPT.json
prior:preparation.family.cold_extraction:extremely_dark:sensory.fermented_character	preparation.family.cold_extraction	extremely_dark	sensory.fermented_character	0.000000	0.000000	0.000000	neutral	0			db/data/round3m/C0_C1_EVIDENCE_RECEIPT.json	NEUTRAL_ZERO_REVIEWED_C1_MAPPING	NEUTRAL_MISSING_DIRECT_EVIDENCE	db/022_round3b_context_governance.sql|db/data/round3m/C0_C1_EVIDENCE_RECEIPT.json
prior:preparation.family.cold_extraction:extremely_dark:sensory.wine_like_character	preparation.family.cold_extraction	extremely_dark	sensory.wine_like_character	0.000000	0.000000	0.000000	neutral	0			db/data/round3m/C0_C1_EVIDENCE_RECEIPT.json	NEUTRAL_ZERO_REVIEWED_C1_MAPPING	NEUTRAL_MISSING_DIRECT_EVIDENCE	db/022_round3b_context_governance.sql|db/data/round3m/C0_C1_EVIDENCE_RECEIPT.json
prior:preparation.family.espresso_milk:extremely_light:sensory.jasmine	preparation.family.espresso_milk	extremely_light	sensory.jasmine	0.000000	0.000000	0.000000	neutral	0			db/data/round3m/C0_C1_EVIDENCE_RECEIPT.json	NEUTRAL_ZERO_REVIEWED_C1_MAPPING	NEUTRAL_MISSING_DIRECT_EVIDENCE	db/022_round3b_context_governance.sql|db/data/round3m/C0_C1_EVIDENCE_RECEIPT.json
prior:preparation.family.espresso_milk:extremely_light:sensory.rose	preparation.family.espresso_milk	extremely_light	sensory.rose	0.000000	0.000000	0.000000	neutral	0			db/data/round3m/C0_C1_EVIDENCE_RECEIPT.json	NEUTRAL_ZERO_REVIEWED_C1_MAPPING	NEUTRAL_MISSING_DIRECT_EVIDENCE	db/022_round3b_context_governance.sql|db/data/round3m/C0_C1_EVIDENCE_RECEIPT.json
prior:preparation.family.espresso_milk:extremely_light:sensory.orange_blossom	preparation.family.espresso_milk	extremely_light	sensory.orange_blossom	0.000000	0.000000	0.000000	neutral	0			db/data/round3m/C0_C1_EVIDENCE_RECEIPT.json	NEUTRAL_ZERO_REVIEWED_C1_MAPPING	NEUTRAL_MISSING_DIRECT_EVIDENCE	db/022_round3b_context_governance.sql|db/data/round3m/C0_C1_EVIDENCE_RECEIPT.json
prior:preparation.family.espresso_milk:extremely_light:sensory.lemon	preparation.family.espresso_milk	extremely_light	sensory.lemon	0.000000	0.000000	0.000000	neutral	0			db/data/round3m/C0_C1_EVIDENCE_RECEIPT.json	NEUTRAL_ZERO_REVIEWED_C1_MAPPING	NEUTRAL_MISSING_DIRECT_EVIDENCE	db/022_round3b_context_governance.sql|db/data/round3m/C0_C1_EVIDENCE_RECEIPT.json
prior:preparation.family.espresso_milk:extremely_light:sensory.orange	preparation.family.espresso_milk	extremely_light	sensory.orange	0.000000	0.000000	0.000000	neutral	0			db/data/round3m/C0_C1_EVIDENCE_RECEIPT.json	NEUTRAL_ZERO_REVIEWED_C1_MAPPING	NEUTRAL_MISSING_DIRECT_EVIDENCE	db/022_round3b_context_governance.sql|db/data/round3m/C0_C1_EVIDENCE_RECEIPT.json
prior:preparation.family.espresso_milk:extremely_light:sensory.blueberry	preparation.family.espresso_milk	extremely_light	sensory.blueberry	0.000000	0.000000	0.000000	neutral	0			db/data/round3m/C0_C1_EVIDENCE_RECEIPT.json	NEUTRAL_ZERO_REVIEWED_C1_MAPPING	NEUTRAL_MISSING_DIRECT_EVIDENCE	db/022_round3b_context_governance.sql|db/data/round3m/C0_C1_EVIDENCE_RECEIPT.json
prior:preparation.family.espresso_milk:extremely_light:sensory.honey	preparation.family.espresso_milk	extremely_light	sensory.honey	0.000000	0.000000	0.000000	neutral	0			db/data/round3m/C0_C1_EVIDENCE_RECEIPT.json	NEUTRAL_ZERO_REVIEWED_C1_MAPPING	NEUTRAL_MISSING_DIRECT_EVIDENCE	db/022_round3b_context_governance.sql|db/data/round3m/C0_C1_EVIDENCE_RECEIPT.json
prior:preparation.family.espresso_milk:extremely_light:sensory.caramel	preparation.family.espresso_milk	extremely_light	sensory.caramel	0.000000	0.000000	0.000000	neutral	0			db/data/round3m/C0_C1_EVIDENCE_RECEIPT.json	NEUTRAL_ZERO_REVIEWED_C1_MAPPING	NEUTRAL_MISSING_DIRECT_EVIDENCE	db/022_round3b_context_governance.sql|db/data/round3m/C0_C1_EVIDENCE_RECEIPT.json
prior:preparation.family.espresso_milk:extremely_light:sensory.brown_sugar	preparation.family.espresso_milk	extremely_light	sensory.brown_sugar	0.000000	0.000000	0.000000	neutral	0			db/data/round3m/C0_C1_EVIDENCE_RECEIPT.json	NEUTRAL_ZERO_REVIEWED_C1_MAPPING	NEUTRAL_MISSING_DIRECT_EVIDENCE	db/022_round3b_context_governance.sql|db/data/round3m/C0_C1_EVIDENCE_RECEIPT.json
prior:preparation.family.espresso_milk:extremely_light:sensory.almond	preparation.family.espresso_milk	extremely_light	sensory.almond	0.000000	0.000000	0.000000	neutral	0			db/data/round3m/C0_C1_EVIDENCE_RECEIPT.json	NEUTRAL_ZERO_REVIEWED_C1_MAPPING	NEUTRAL_MISSING_DIRECT_EVIDENCE	db/022_round3b_context_governance.sql|db/data/round3m/C0_C1_EVIDENCE_RECEIPT.json
prior:preparation.family.espresso_milk:extremely_light:sensory.hazelnut	preparation.family.espresso_milk	extremely_light	sensory.hazelnut	0.000000	0.000000	0.000000	neutral	0			db/data/round3m/C0_C1_EVIDENCE_RECEIPT.json	NEUTRAL_ZERO_REVIEWED_C1_MAPPING	NEUTRAL_MISSING_DIRECT_EVIDENCE	db/022_round3b_context_governance.sql|db/data/round3m/C0_C1_EVIDENCE_RECEIPT.json
prior:preparation.family.espresso_milk:extremely_light:sensory.dark_chocolate	preparation.family.espresso_milk	extremely_light	sensory.dark_chocolate	0.000000	0.000000	0.000000	neutral	0			db/data/round3m/C0_C1_EVIDENCE_RECEIPT.json	NEUTRAL_ZERO_REVIEWED_C1_MAPPING	NEUTRAL_MISSING_DIRECT_EVIDENCE	db/022_round3b_context_governance.sql|db/data/round3m/C0_C1_EVIDENCE_RECEIPT.json
prior:preparation.family.espresso_milk:extremely_light:sensory.cinnamon	preparation.family.espresso_milk	extremely_light	sensory.cinnamon	0.000000	0.000000	0.000000	neutral	0			db/data/round3m/C0_C1_EVIDENCE_RECEIPT.json	NEUTRAL_ZERO_REVIEWED_C1_MAPPING	NEUTRAL_MISSING_DIRECT_EVIDENCE	db/022_round3b_context_governance.sql|db/data/round3m/C0_C1_EVIDENCE_RECEIPT.json
prior:preparation.family.espresso_milk:extremely_light:sensory.tobacco	preparation.family.espresso_milk	extremely_light	sensory.tobacco	0.000000	0.000000	0.000000	neutral	0			db/data/round3m/C0_C1_EVIDENCE_RECEIPT.json	NEUTRAL_ZERO_REVIEWED_C1_MAPPING	NEUTRAL_MISSING_DIRECT_EVIDENCE	db/022_round3b_context_governance.sql|db/data/round3m/C0_C1_EVIDENCE_RECEIPT.json
prior:preparation.family.espresso_milk:extremely_light:sensory.smoky	preparation.family.espresso_milk	extremely_light	sensory.smoky	0.000000	0.000000	0.000000	neutral	0			db/data/round3m/C0_C1_EVIDENCE_RECEIPT.json	NEUTRAL_ZERO_REVIEWED_C1_MAPPING	NEUTRAL_MISSING_DIRECT_EVIDENCE	db/022_round3b_context_governance.sql|db/data/round3m/C0_C1_EVIDENCE_RECEIPT.json
prior:preparation.family.espresso_milk:extremely_light:sensory.green_tea	preparation.family.espresso_milk	extremely_light	sensory.green_tea	0.000000	0.000000	0.000000	neutral	0			db/data/round3m/C0_C1_EVIDENCE_RECEIPT.json	NEUTRAL_ZERO_REVIEWED_C1_MAPPING	NEUTRAL_MISSING_DIRECT_EVIDENCE	db/022_round3b_context_governance.sql|db/data/round3m/C0_C1_EVIDENCE_RECEIPT.json
prior:preparation.family.espresso_milk:extremely_light:sensory.cedar	preparation.family.espresso_milk	extremely_light	sensory.cedar	0.000000	0.000000	0.000000	neutral	0			db/data/round3m/C0_C1_EVIDENCE_RECEIPT.json	NEUTRAL_ZERO_REVIEWED_C1_MAPPING	NEUTRAL_MISSING_DIRECT_EVIDENCE	db/022_round3b_context_governance.sql|db/data/round3m/C0_C1_EVIDENCE_RECEIPT.json
prior:preparation.family.espresso_milk:extremely_light:sensory.earthy	preparation.family.espresso_milk	extremely_light	sensory.earthy	0.000000	0.000000	0.000000	neutral	0			db/data/round3m/C0_C1_EVIDENCE_RECEIPT.json	NEUTRAL_ZERO_REVIEWED_C1_MAPPING	NEUTRAL_MISSING_DIRECT_EVIDENCE	db/022_round3b_context_governance.sql|db/data/round3m/C0_C1_EVIDENCE_RECEIPT.json
prior:preparation.family.espresso_milk:extremely_light:sensory.fermented_character	preparation.family.espresso_milk	extremely_light	sensory.fermented_character	0.000000	0.000000	0.000000	neutral	0			db/data/round3m/C0_C1_EVIDENCE_RECEIPT.json	NEUTRAL_ZERO_REVIEWED_C1_MAPPING	NEUTRAL_MISSING_DIRECT_EVIDENCE	db/022_round3b_context_governance.sql|db/data/round3m/C0_C1_EVIDENCE_RECEIPT.json
prior:preparation.family.espresso_milk:extremely_light:sensory.wine_like_character	preparation.family.espresso_milk	extremely_light	sensory.wine_like_character	0.000000	0.000000	0.000000	neutral	0			db/data/round3m/C0_C1_EVIDENCE_RECEIPT.json	NEUTRAL_ZERO_REVIEWED_C1_MAPPING	NEUTRAL_MISSING_DIRECT_EVIDENCE	db/022_round3b_context_governance.sql|db/data/round3m/C0_C1_EVIDENCE_RECEIPT.json
prior:preparation.family.espresso_milk:light:sensory.jasmine	preparation.family.espresso_milk	light	sensory.jasmine	0.000000	0.000000	0.000000	neutral	0			db/data/round3m/C0_C1_EVIDENCE_RECEIPT.json	NEUTRAL_ZERO_REVIEWED_C1_MAPPING	NEUTRAL_MISSING_DIRECT_EVIDENCE	db/022_round3b_context_governance.sql|db/data/round3m/C0_C1_EVIDENCE_RECEIPT.json
prior:preparation.family.espresso_milk:light:sensory.rose	preparation.family.espresso_milk	light	sensory.rose	0.000000	0.000000	0.000000	neutral	0			db/data/round3m/C0_C1_EVIDENCE_RECEIPT.json	NEUTRAL_ZERO_REVIEWED_C1_MAPPING	NEUTRAL_MISSING_DIRECT_EVIDENCE	db/022_round3b_context_governance.sql|db/data/round3m/C0_C1_EVIDENCE_RECEIPT.json
prior:preparation.family.espresso_milk:light:sensory.orange_blossom	preparation.family.espresso_milk	light	sensory.orange_blossom	0.000000	0.000000	0.000000	neutral	0			db/data/round3m/C0_C1_EVIDENCE_RECEIPT.json	NEUTRAL_ZERO_REVIEWED_C1_MAPPING	NEUTRAL_MISSING_DIRECT_EVIDENCE	db/022_round3b_context_governance.sql|db/data/round3m/C0_C1_EVIDENCE_RECEIPT.json
prior:preparation.family.espresso_milk:light:sensory.lemon	preparation.family.espresso_milk	light	sensory.lemon	0.000000	0.000000	0.000000	neutral	0			db/data/round3m/C0_C1_EVIDENCE_RECEIPT.json	NEUTRAL_ZERO_REVIEWED_C1_MAPPING	NEUTRAL_MISSING_DIRECT_EVIDENCE	db/022_round3b_context_governance.sql|db/data/round3m/C0_C1_EVIDENCE_RECEIPT.json
prior:preparation.family.espresso_milk:light:sensory.orange	preparation.family.espresso_milk	light	sensory.orange	0.000000	0.000000	0.000000	neutral	0			db/data/round3m/C0_C1_EVIDENCE_RECEIPT.json	NEUTRAL_ZERO_REVIEWED_C1_MAPPING	NEUTRAL_MISSING_DIRECT_EVIDENCE	db/022_round3b_context_governance.sql|db/data/round3m/C0_C1_EVIDENCE_RECEIPT.json
prior:preparation.family.espresso_milk:light:sensory.blueberry	preparation.family.espresso_milk	light	sensory.blueberry	0.000000	0.000000	0.000000	neutral	0			db/data/round3m/C0_C1_EVIDENCE_RECEIPT.json	NEUTRAL_ZERO_REVIEWED_C1_MAPPING	NEUTRAL_MISSING_DIRECT_EVIDENCE	db/022_round3b_context_governance.sql|db/data/round3m/C0_C1_EVIDENCE_RECEIPT.json
prior:preparation.family.espresso_milk:light:sensory.honey	preparation.family.espresso_milk	light	sensory.honey	0.000000	0.000000	0.000000	neutral	0			db/data/round3m/C0_C1_EVIDENCE_RECEIPT.json	NEUTRAL_ZERO_REVIEWED_C1_MAPPING	NEUTRAL_MISSING_DIRECT_EVIDENCE	db/022_round3b_context_governance.sql|db/data/round3m/C0_C1_EVIDENCE_RECEIPT.json
prior:preparation.family.espresso_milk:light:sensory.caramel	preparation.family.espresso_milk	light	sensory.caramel	0.000000	0.000000	0.000000	neutral	0			db/data/round3m/C0_C1_EVIDENCE_RECEIPT.json	NEUTRAL_ZERO_REVIEWED_C1_MAPPING	NEUTRAL_MISSING_DIRECT_EVIDENCE	db/022_round3b_context_governance.sql|db/data/round3m/C0_C1_EVIDENCE_RECEIPT.json
prior:preparation.family.espresso_milk:light:sensory.brown_sugar	preparation.family.espresso_milk	light	sensory.brown_sugar	0.000000	0.000000	0.000000	neutral	0			db/data/round3m/C0_C1_EVIDENCE_RECEIPT.json	NEUTRAL_ZERO_REVIEWED_C1_MAPPING	NEUTRAL_MISSING_DIRECT_EVIDENCE	db/022_round3b_context_governance.sql|db/data/round3m/C0_C1_EVIDENCE_RECEIPT.json
prior:preparation.family.espresso_milk:light:sensory.almond	preparation.family.espresso_milk	light	sensory.almond	0.000000	0.000000	0.000000	neutral	0			db/data/round3m/C0_C1_EVIDENCE_RECEIPT.json	NEUTRAL_ZERO_REVIEWED_C1_MAPPING	NEUTRAL_MISSING_DIRECT_EVIDENCE	db/022_round3b_context_governance.sql|db/data/round3m/C0_C1_EVIDENCE_RECEIPT.json
prior:preparation.family.espresso_milk:light:sensory.hazelnut	preparation.family.espresso_milk	light	sensory.hazelnut	0.000000	0.000000	0.000000	neutral	0			db/data/round3m/C0_C1_EVIDENCE_RECEIPT.json	NEUTRAL_ZERO_REVIEWED_C1_MAPPING	NEUTRAL_MISSING_DIRECT_EVIDENCE	db/022_round3b_context_governance.sql|db/data/round3m/C0_C1_EVIDENCE_RECEIPT.json
prior:preparation.family.espresso_milk:light:sensory.dark_chocolate	preparation.family.espresso_milk	light	sensory.dark_chocolate	0.000000	0.000000	0.000000	neutral	0			db/data/round3m/C0_C1_EVIDENCE_RECEIPT.json	NEUTRAL_ZERO_REVIEWED_C1_MAPPING	NEUTRAL_MISSING_DIRECT_EVIDENCE	db/022_round3b_context_governance.sql|db/data/round3m/C0_C1_EVIDENCE_RECEIPT.json
prior:preparation.family.espresso_milk:light:sensory.cinnamon	preparation.family.espresso_milk	light	sensory.cinnamon	0.000000	0.000000	0.000000	neutral	0			db/data/round3m/C0_C1_EVIDENCE_RECEIPT.json	NEUTRAL_ZERO_REVIEWED_C1_MAPPING	NEUTRAL_MISSING_DIRECT_EVIDENCE	db/022_round3b_context_governance.sql|db/data/round3m/C0_C1_EVIDENCE_RECEIPT.json
prior:preparation.family.espresso_milk:light:sensory.tobacco	preparation.family.espresso_milk	light	sensory.tobacco	0.000000	0.000000	0.000000	neutral	0			db/data/round3m/C0_C1_EVIDENCE_RECEIPT.json	NEUTRAL_ZERO_REVIEWED_C1_MAPPING	NEUTRAL_MISSING_DIRECT_EVIDENCE	db/022_round3b_context_governance.sql|db/data/round3m/C0_C1_EVIDENCE_RECEIPT.json
prior:preparation.family.espresso_milk:light:sensory.smoky	preparation.family.espresso_milk	light	sensory.smoky	0.000000	0.000000	0.000000	neutral	0			db/data/round3m/C0_C1_EVIDENCE_RECEIPT.json	NEUTRAL_ZERO_REVIEWED_C1_MAPPING	NEUTRAL_MISSING_DIRECT_EVIDENCE	db/022_round3b_context_governance.sql|db/data/round3m/C0_C1_EVIDENCE_RECEIPT.json
prior:preparation.family.espresso_milk:light:sensory.green_tea	preparation.family.espresso_milk	light	sensory.green_tea	0.000000	0.000000	0.000000	neutral	0			db/data/round3m/C0_C1_EVIDENCE_RECEIPT.json	NEUTRAL_ZERO_REVIEWED_C1_MAPPING	NEUTRAL_MISSING_DIRECT_EVIDENCE	db/022_round3b_context_governance.sql|db/data/round3m/C0_C1_EVIDENCE_RECEIPT.json
prior:preparation.family.espresso_milk:light:sensory.cedar	preparation.family.espresso_milk	light	sensory.cedar	0.000000	0.000000	0.000000	neutral	0			db/data/round3m/C0_C1_EVIDENCE_RECEIPT.json	NEUTRAL_ZERO_REVIEWED_C1_MAPPING	NEUTRAL_MISSING_DIRECT_EVIDENCE	db/022_round3b_context_governance.sql|db/data/round3m/C0_C1_EVIDENCE_RECEIPT.json
prior:preparation.family.espresso_milk:light:sensory.earthy	preparation.family.espresso_milk	light	sensory.earthy	0.000000	0.000000	0.000000	neutral	0			db/data/round3m/C0_C1_EVIDENCE_RECEIPT.json	NEUTRAL_ZERO_REVIEWED_C1_MAPPING	NEUTRAL_MISSING_DIRECT_EVIDENCE	db/022_round3b_context_governance.sql|db/data/round3m/C0_C1_EVIDENCE_RECEIPT.json
prior:preparation.family.espresso_milk:light:sensory.fermented_character	preparation.family.espresso_milk	light	sensory.fermented_character	0.000000	0.000000	0.000000	neutral	0			db/data/round3m/C0_C1_EVIDENCE_RECEIPT.json	NEUTRAL_ZERO_REVIEWED_C1_MAPPING	NEUTRAL_MISSING_DIRECT_EVIDENCE	db/022_round3b_context_governance.sql|db/data/round3m/C0_C1_EVIDENCE_RECEIPT.json
prior:preparation.family.espresso_milk:light:sensory.wine_like_character	preparation.family.espresso_milk	light	sensory.wine_like_character	0.000000	0.000000	0.000000	neutral	0			db/data/round3m/C0_C1_EVIDENCE_RECEIPT.json	NEUTRAL_ZERO_REVIEWED_C1_MAPPING	NEUTRAL_MISSING_DIRECT_EVIDENCE	db/022_round3b_context_governance.sql|db/data/round3m/C0_C1_EVIDENCE_RECEIPT.json
prior:preparation.family.espresso_milk:medium_light:sensory.jasmine	preparation.family.espresso_milk	medium_light	sensory.jasmine	0.000000	0.000000	0.000000	neutral	0			db/data/round3m/C0_C1_EVIDENCE_RECEIPT.json	NEUTRAL_ZERO_REVIEWED_C1_MAPPING	NEUTRAL_MISSING_DIRECT_EVIDENCE	db/022_round3b_context_governance.sql|db/data/round3m/C0_C1_EVIDENCE_RECEIPT.json
prior:preparation.family.espresso_milk:medium_light:sensory.rose	preparation.family.espresso_milk	medium_light	sensory.rose	0.000000	0.000000	0.000000	neutral	0			db/data/round3m/C0_C1_EVIDENCE_RECEIPT.json	NEUTRAL_ZERO_REVIEWED_C1_MAPPING	NEUTRAL_MISSING_DIRECT_EVIDENCE	db/022_round3b_context_governance.sql|db/data/round3m/C0_C1_EVIDENCE_RECEIPT.json
prior:preparation.family.espresso_milk:medium_light:sensory.orange_blossom	preparation.family.espresso_milk	medium_light	sensory.orange_blossom	0.000000	0.000000	0.000000	neutral	0			db/data/round3m/C0_C1_EVIDENCE_RECEIPT.json	NEUTRAL_ZERO_REVIEWED_C1_MAPPING	NEUTRAL_MISSING_DIRECT_EVIDENCE	db/022_round3b_context_governance.sql|db/data/round3m/C0_C1_EVIDENCE_RECEIPT.json
prior:preparation.family.espresso_milk:medium_light:sensory.lemon	preparation.family.espresso_milk	medium_light	sensory.lemon	0.000000	0.000000	0.000000	neutral	0			db/data/round3m/C0_C1_EVIDENCE_RECEIPT.json	NEUTRAL_ZERO_REVIEWED_C1_MAPPING	NEUTRAL_MISSING_DIRECT_EVIDENCE	db/022_round3b_context_governance.sql|db/data/round3m/C0_C1_EVIDENCE_RECEIPT.json
prior:preparation.family.espresso_milk:medium_light:sensory.orange	preparation.family.espresso_milk	medium_light	sensory.orange	0.000000	0.000000	0.000000	neutral	0			db/data/round3m/C0_C1_EVIDENCE_RECEIPT.json	NEUTRAL_ZERO_REVIEWED_C1_MAPPING	NEUTRAL_MISSING_DIRECT_EVIDENCE	db/022_round3b_context_governance.sql|db/data/round3m/C0_C1_EVIDENCE_RECEIPT.json
prior:preparation.family.espresso_milk:medium_light:sensory.blueberry	preparation.family.espresso_milk	medium_light	sensory.blueberry	0.000000	0.000000	0.000000	neutral	0			db/data/round3m/C0_C1_EVIDENCE_RECEIPT.json	NEUTRAL_ZERO_REVIEWED_C1_MAPPING	NEUTRAL_MISSING_DIRECT_EVIDENCE	db/022_round3b_context_governance.sql|db/data/round3m/C0_C1_EVIDENCE_RECEIPT.json
prior:preparation.family.espresso_milk:medium_light:sensory.honey	preparation.family.espresso_milk	medium_light	sensory.honey	0.000000	0.000000	0.000000	neutral	0			db/data/round3m/C0_C1_EVIDENCE_RECEIPT.json	NEUTRAL_ZERO_REVIEWED_C1_MAPPING	NEUTRAL_MISSING_DIRECT_EVIDENCE	db/022_round3b_context_governance.sql|db/data/round3m/C0_C1_EVIDENCE_RECEIPT.json
prior:preparation.family.espresso_milk:medium_light:sensory.caramel	preparation.family.espresso_milk	medium_light	sensory.caramel	0.000000	0.000000	0.000000	neutral	0			db/data/round3m/C0_C1_EVIDENCE_RECEIPT.json	NEUTRAL_ZERO_REVIEWED_C1_MAPPING	NEUTRAL_MISSING_DIRECT_EVIDENCE	db/022_round3b_context_governance.sql|db/data/round3m/C0_C1_EVIDENCE_RECEIPT.json
prior:preparation.family.espresso_milk:medium_light:sensory.brown_sugar	preparation.family.espresso_milk	medium_light	sensory.brown_sugar	0.000000	0.000000	0.000000	neutral	0			db/data/round3m/C0_C1_EVIDENCE_RECEIPT.json	NEUTRAL_ZERO_REVIEWED_C1_MAPPING	NEUTRAL_MISSING_DIRECT_EVIDENCE	db/022_round3b_context_governance.sql|db/data/round3m/C0_C1_EVIDENCE_RECEIPT.json
prior:preparation.family.espresso_milk:medium_light:sensory.almond	preparation.family.espresso_milk	medium_light	sensory.almond	0.000000	0.000000	0.000000	neutral	0			db/data/round3m/C0_C1_EVIDENCE_RECEIPT.json	NEUTRAL_ZERO_REVIEWED_C1_MAPPING	NEUTRAL_MISSING_DIRECT_EVIDENCE	db/022_round3b_context_governance.sql|db/data/round3m/C0_C1_EVIDENCE_RECEIPT.json
prior:preparation.family.espresso_milk:medium_light:sensory.hazelnut	preparation.family.espresso_milk	medium_light	sensory.hazelnut	0.000000	0.000000	0.000000	neutral	0			db/data/round3m/C0_C1_EVIDENCE_RECEIPT.json	NEUTRAL_ZERO_REVIEWED_C1_MAPPING	NEUTRAL_MISSING_DIRECT_EVIDENCE	db/022_round3b_context_governance.sql|db/data/round3m/C0_C1_EVIDENCE_RECEIPT.json
prior:preparation.family.espresso_milk:medium_light:sensory.dark_chocolate	preparation.family.espresso_milk	medium_light	sensory.dark_chocolate	0.000000	0.000000	0.000000	neutral	0			db/data/round3m/C0_C1_EVIDENCE_RECEIPT.json	NEUTRAL_ZERO_REVIEWED_C1_MAPPING	NEUTRAL_MISSING_DIRECT_EVIDENCE	db/022_round3b_context_governance.sql|db/data/round3m/C0_C1_EVIDENCE_RECEIPT.json
prior:preparation.family.espresso_milk:medium_light:sensory.cinnamon	preparation.family.espresso_milk	medium_light	sensory.cinnamon	0.000000	0.000000	0.000000	neutral	0			db/data/round3m/C0_C1_EVIDENCE_RECEIPT.json	NEUTRAL_ZERO_REVIEWED_C1_MAPPING	NEUTRAL_MISSING_DIRECT_EVIDENCE	db/022_round3b_context_governance.sql|db/data/round3m/C0_C1_EVIDENCE_RECEIPT.json
prior:preparation.family.espresso_milk:medium_light:sensory.tobacco	preparation.family.espresso_milk	medium_light	sensory.tobacco	0.000000	0.000000	0.000000	neutral	0			db/data/round3m/C0_C1_EVIDENCE_RECEIPT.json	NEUTRAL_ZERO_REVIEWED_C1_MAPPING	NEUTRAL_MISSING_DIRECT_EVIDENCE	db/022_round3b_context_governance.sql|db/data/round3m/C0_C1_EVIDENCE_RECEIPT.json
prior:preparation.family.espresso_milk:medium_light:sensory.smoky	preparation.family.espresso_milk	medium_light	sensory.smoky	0.000000	0.000000	0.000000	neutral	0			db/data/round3m/C0_C1_EVIDENCE_RECEIPT.json	NEUTRAL_ZERO_REVIEWED_C1_MAPPING	NEUTRAL_MISSING_DIRECT_EVIDENCE	db/022_round3b_context_governance.sql|db/data/round3m/C0_C1_EVIDENCE_RECEIPT.json
prior:preparation.family.espresso_milk:medium_light:sensory.green_tea	preparation.family.espresso_milk	medium_light	sensory.green_tea	0.000000	0.000000	0.000000	neutral	0			db/data/round3m/C0_C1_EVIDENCE_RECEIPT.json	NEUTRAL_ZERO_REVIEWED_C1_MAPPING	NEUTRAL_MISSING_DIRECT_EVIDENCE	db/022_round3b_context_governance.sql|db/data/round3m/C0_C1_EVIDENCE_RECEIPT.json
prior:preparation.family.espresso_milk:medium_light:sensory.cedar	preparation.family.espresso_milk	medium_light	sensory.cedar	0.000000	0.000000	0.000000	neutral	0			db/data/round3m/C0_C1_EVIDENCE_RECEIPT.json	NEUTRAL_ZERO_REVIEWED_C1_MAPPING	NEUTRAL_MISSING_DIRECT_EVIDENCE	db/022_round3b_context_governance.sql|db/data/round3m/C0_C1_EVIDENCE_RECEIPT.json
prior:preparation.family.espresso_milk:medium_light:sensory.earthy	preparation.family.espresso_milk	medium_light	sensory.earthy	0.000000	0.000000	0.000000	neutral	0			db/data/round3m/C0_C1_EVIDENCE_RECEIPT.json	NEUTRAL_ZERO_REVIEWED_C1_MAPPING	NEUTRAL_MISSING_DIRECT_EVIDENCE	db/022_round3b_context_governance.sql|db/data/round3m/C0_C1_EVIDENCE_RECEIPT.json
prior:preparation.family.espresso_milk:medium_light:sensory.fermented_character	preparation.family.espresso_milk	medium_light	sensory.fermented_character	0.000000	0.000000	0.000000	neutral	0			db/data/round3m/C0_C1_EVIDENCE_RECEIPT.json	NEUTRAL_ZERO_REVIEWED_C1_MAPPING	NEUTRAL_MISSING_DIRECT_EVIDENCE	db/022_round3b_context_governance.sql|db/data/round3m/C0_C1_EVIDENCE_RECEIPT.json
prior:preparation.family.espresso_milk:medium_light:sensory.wine_like_character	preparation.family.espresso_milk	medium_light	sensory.wine_like_character	0.000000	0.000000	0.000000	neutral	0			db/data/round3m/C0_C1_EVIDENCE_RECEIPT.json	NEUTRAL_ZERO_REVIEWED_C1_MAPPING	NEUTRAL_MISSING_DIRECT_EVIDENCE	db/022_round3b_context_governance.sql|db/data/round3m/C0_C1_EVIDENCE_RECEIPT.json
prior:preparation.family.espresso_milk:medium:sensory.jasmine	preparation.family.espresso_milk	medium	sensory.jasmine	0.000000	0.000000	0.000000	neutral	0			db/data/round3m/C0_C1_EVIDENCE_RECEIPT.json	NEUTRAL_ZERO_REVIEWED_C1_MAPPING	NEUTRAL_MISSING_DIRECT_EVIDENCE	db/022_round3b_context_governance.sql|db/data/round3m/C0_C1_EVIDENCE_RECEIPT.json
prior:preparation.family.espresso_milk:medium:sensory.rose	preparation.family.espresso_milk	medium	sensory.rose	0.000000	0.000000	0.000000	neutral	0			db/data/round3m/C0_C1_EVIDENCE_RECEIPT.json	NEUTRAL_ZERO_REVIEWED_C1_MAPPING	NEUTRAL_MISSING_DIRECT_EVIDENCE	db/022_round3b_context_governance.sql|db/data/round3m/C0_C1_EVIDENCE_RECEIPT.json
prior:preparation.family.espresso_milk:medium:sensory.orange_blossom	preparation.family.espresso_milk	medium	sensory.orange_blossom	0.000000	0.000000	0.000000	neutral	0			db/data/round3m/C0_C1_EVIDENCE_RECEIPT.json	NEUTRAL_ZERO_REVIEWED_C1_MAPPING	NEUTRAL_MISSING_DIRECT_EVIDENCE	db/022_round3b_context_governance.sql|db/data/round3m/C0_C1_EVIDENCE_RECEIPT.json
prior:preparation.family.espresso_milk:medium:sensory.lemon	preparation.family.espresso_milk	medium	sensory.lemon	0.000000	0.000000	0.000000	neutral	0			db/data/round3m/C0_C1_EVIDENCE_RECEIPT.json	NEUTRAL_ZERO_REVIEWED_C1_MAPPING	NEUTRAL_MISSING_DIRECT_EVIDENCE	db/022_round3b_context_governance.sql|db/data/round3m/C0_C1_EVIDENCE_RECEIPT.json
prior:preparation.family.espresso_milk:medium:sensory.orange	preparation.family.espresso_milk	medium	sensory.orange	0.000000	0.000000	0.000000	neutral	0			db/data/round3m/C0_C1_EVIDENCE_RECEIPT.json	NEUTRAL_ZERO_REVIEWED_C1_MAPPING	NEUTRAL_MISSING_DIRECT_EVIDENCE	db/022_round3b_context_governance.sql|db/data/round3m/C0_C1_EVIDENCE_RECEIPT.json
prior:preparation.family.espresso_milk:medium:sensory.blueberry	preparation.family.espresso_milk	medium	sensory.blueberry	0.000000	0.000000	0.000000	neutral	0			db/data/round3m/C0_C1_EVIDENCE_RECEIPT.json	NEUTRAL_ZERO_REVIEWED_C1_MAPPING	NEUTRAL_MISSING_DIRECT_EVIDENCE	db/022_round3b_context_governance.sql|db/data/round3m/C0_C1_EVIDENCE_RECEIPT.json
prior:preparation.family.espresso_milk:medium:sensory.honey	preparation.family.espresso_milk	medium	sensory.honey	0.000000	0.000000	0.000000	neutral	0			db/data/round3m/C0_C1_EVIDENCE_RECEIPT.json	NEUTRAL_ZERO_REVIEWED_C1_MAPPING	NEUTRAL_MISSING_DIRECT_EVIDENCE	db/022_round3b_context_governance.sql|db/data/round3m/C0_C1_EVIDENCE_RECEIPT.json
prior:preparation.family.espresso_milk:medium:sensory.caramel	preparation.family.espresso_milk	medium	sensory.caramel	0.000000	0.000000	0.000000	neutral	0			db/data/round3m/C0_C1_EVIDENCE_RECEIPT.json	NEUTRAL_ZERO_REVIEWED_C1_MAPPING	NEUTRAL_MISSING_DIRECT_EVIDENCE	db/022_round3b_context_governance.sql|db/data/round3m/C0_C1_EVIDENCE_RECEIPT.json
prior:preparation.family.espresso_milk:medium:sensory.brown_sugar	preparation.family.espresso_milk	medium	sensory.brown_sugar	0.000000	0.000000	0.000000	neutral	0			db/data/round3m/C0_C1_EVIDENCE_RECEIPT.json	NEUTRAL_ZERO_REVIEWED_C1_MAPPING	NEUTRAL_MISSING_DIRECT_EVIDENCE	db/022_round3b_context_governance.sql|db/data/round3m/C0_C1_EVIDENCE_RECEIPT.json
prior:preparation.family.espresso_milk:medium:sensory.almond	preparation.family.espresso_milk	medium	sensory.almond	0.000000	0.000000	0.000000	neutral	0			db/data/round3m/C0_C1_EVIDENCE_RECEIPT.json	NEUTRAL_ZERO_REVIEWED_C1_MAPPING	NEUTRAL_MISSING_DIRECT_EVIDENCE	db/022_round3b_context_governance.sql|db/data/round3m/C0_C1_EVIDENCE_RECEIPT.json
prior:preparation.family.espresso_milk:medium:sensory.hazelnut	preparation.family.espresso_milk	medium	sensory.hazelnut	0.000000	0.000000	0.000000	neutral	0			db/data/round3m/C0_C1_EVIDENCE_RECEIPT.json	NEUTRAL_ZERO_REVIEWED_C1_MAPPING	NEUTRAL_MISSING_DIRECT_EVIDENCE	db/022_round3b_context_governance.sql|db/data/round3m/C0_C1_EVIDENCE_RECEIPT.json
prior:preparation.family.espresso_milk:medium:sensory.dark_chocolate	preparation.family.espresso_milk	medium	sensory.dark_chocolate	0.000000	0.000000	0.000000	neutral	0			db/data/round3m/C0_C1_EVIDENCE_RECEIPT.json	NEUTRAL_ZERO_REVIEWED_C1_MAPPING	NEUTRAL_MISSING_DIRECT_EVIDENCE	db/022_round3b_context_governance.sql|db/data/round3m/C0_C1_EVIDENCE_RECEIPT.json
prior:preparation.family.espresso_milk:medium:sensory.cinnamon	preparation.family.espresso_milk	medium	sensory.cinnamon	0.000000	0.000000	0.000000	neutral	0			db/data/round3m/C0_C1_EVIDENCE_RECEIPT.json	NEUTRAL_ZERO_REVIEWED_C1_MAPPING	NEUTRAL_MISSING_DIRECT_EVIDENCE	db/022_round3b_context_governance.sql|db/data/round3m/C0_C1_EVIDENCE_RECEIPT.json
prior:preparation.family.espresso_milk:medium:sensory.tobacco	preparation.family.espresso_milk	medium	sensory.tobacco	0.000000	0.000000	0.000000	neutral	0			db/data/round3m/C0_C1_EVIDENCE_RECEIPT.json	NEUTRAL_ZERO_REVIEWED_C1_MAPPING	NEUTRAL_MISSING_DIRECT_EVIDENCE	db/022_round3b_context_governance.sql|db/data/round3m/C0_C1_EVIDENCE_RECEIPT.json
prior:preparation.family.espresso_milk:medium:sensory.smoky	preparation.family.espresso_milk	medium	sensory.smoky	0.000000	0.000000	0.000000	neutral	0			db/data/round3m/C0_C1_EVIDENCE_RECEIPT.json	NEUTRAL_ZERO_REVIEWED_C1_MAPPING	NEUTRAL_MISSING_DIRECT_EVIDENCE	db/022_round3b_context_governance.sql|db/data/round3m/C0_C1_EVIDENCE_RECEIPT.json
prior:preparation.family.espresso_milk:medium:sensory.green_tea	preparation.family.espresso_milk	medium	sensory.green_tea	0.000000	0.000000	0.000000	neutral	0			db/data/round3m/C0_C1_EVIDENCE_RECEIPT.json	NEUTRAL_ZERO_REVIEWED_C1_MAPPING	NEUTRAL_MISSING_DIRECT_EVIDENCE	db/022_round3b_context_governance.sql|db/data/round3m/C0_C1_EVIDENCE_RECEIPT.json
prior:preparation.family.espresso_milk:medium:sensory.cedar	preparation.family.espresso_milk	medium	sensory.cedar	0.000000	0.000000	0.000000	neutral	0			db/data/round3m/C0_C1_EVIDENCE_RECEIPT.json	NEUTRAL_ZERO_REVIEWED_C1_MAPPING	NEUTRAL_MISSING_DIRECT_EVIDENCE	db/022_round3b_context_governance.sql|db/data/round3m/C0_C1_EVIDENCE_RECEIPT.json
prior:preparation.family.espresso_milk:medium:sensory.earthy	preparation.family.espresso_milk	medium	sensory.earthy	0.000000	0.000000	0.000000	neutral	0			db/data/round3m/C0_C1_EVIDENCE_RECEIPT.json	NEUTRAL_ZERO_REVIEWED_C1_MAPPING	NEUTRAL_MISSING_DIRECT_EVIDENCE	db/022_round3b_context_governance.sql|db/data/round3m/C0_C1_EVIDENCE_RECEIPT.json
prior:preparation.family.espresso_milk:medium:sensory.fermented_character	preparation.family.espresso_milk	medium	sensory.fermented_character	0.000000	0.000000	0.000000	neutral	0			db/data/round3m/C0_C1_EVIDENCE_RECEIPT.json	NEUTRAL_ZERO_REVIEWED_C1_MAPPING	NEUTRAL_MISSING_DIRECT_EVIDENCE	db/022_round3b_context_governance.sql|db/data/round3m/C0_C1_EVIDENCE_RECEIPT.json
prior:preparation.family.espresso_milk:medium:sensory.wine_like_character	preparation.family.espresso_milk	medium	sensory.wine_like_character	0.000000	0.000000	0.000000	neutral	0			db/data/round3m/C0_C1_EVIDENCE_RECEIPT.json	NEUTRAL_ZERO_REVIEWED_C1_MAPPING	NEUTRAL_MISSING_DIRECT_EVIDENCE	db/022_round3b_context_governance.sql|db/data/round3m/C0_C1_EVIDENCE_RECEIPT.json
prior:preparation.family.espresso_milk:medium_dark:sensory.jasmine	preparation.family.espresso_milk	medium_dark	sensory.jasmine	0.000000	0.000000	0.000000	neutral	0			db/data/round3m/C0_C1_EVIDENCE_RECEIPT.json	NEUTRAL_ZERO_REVIEWED_C1_MAPPING	NEUTRAL_MISSING_DIRECT_EVIDENCE	db/022_round3b_context_governance.sql|db/data/round3m/C0_C1_EVIDENCE_RECEIPT.json
prior:preparation.family.espresso_milk:medium_dark:sensory.rose	preparation.family.espresso_milk	medium_dark	sensory.rose	0.000000	0.000000	0.000000	neutral	0			db/data/round3m/C0_C1_EVIDENCE_RECEIPT.json	NEUTRAL_ZERO_REVIEWED_C1_MAPPING	NEUTRAL_MISSING_DIRECT_EVIDENCE	db/022_round3b_context_governance.sql|db/data/round3m/C0_C1_EVIDENCE_RECEIPT.json
prior:preparation.family.espresso_milk:medium_dark:sensory.orange_blossom	preparation.family.espresso_milk	medium_dark	sensory.orange_blossom	0.000000	0.000000	0.000000	neutral	0			db/data/round3m/C0_C1_EVIDENCE_RECEIPT.json	NEUTRAL_ZERO_REVIEWED_C1_MAPPING	NEUTRAL_MISSING_DIRECT_EVIDENCE	db/022_round3b_context_governance.sql|db/data/round3m/C0_C1_EVIDENCE_RECEIPT.json
prior:preparation.family.espresso_milk:medium_dark:sensory.lemon	preparation.family.espresso_milk	medium_dark	sensory.lemon	0.000000	0.000000	0.000000	neutral	0			db/data/round3m/C0_C1_EVIDENCE_RECEIPT.json	NEUTRAL_ZERO_REVIEWED_C1_MAPPING	NEUTRAL_MISSING_DIRECT_EVIDENCE	db/022_round3b_context_governance.sql|db/data/round3m/C0_C1_EVIDENCE_RECEIPT.json
prior:preparation.family.espresso_milk:medium_dark:sensory.orange	preparation.family.espresso_milk	medium_dark	sensory.orange	0.000000	0.000000	0.000000	neutral	0			db/data/round3m/C0_C1_EVIDENCE_RECEIPT.json	NEUTRAL_ZERO_REVIEWED_C1_MAPPING	NEUTRAL_MISSING_DIRECT_EVIDENCE	db/022_round3b_context_governance.sql|db/data/round3m/C0_C1_EVIDENCE_RECEIPT.json
prior:preparation.family.espresso_milk:medium_dark:sensory.blueberry	preparation.family.espresso_milk	medium_dark	sensory.blueberry	0.000000	0.000000	0.000000	neutral	0			db/data/round3m/C0_C1_EVIDENCE_RECEIPT.json	NEUTRAL_ZERO_REVIEWED_C1_MAPPING	NEUTRAL_MISSING_DIRECT_EVIDENCE	db/022_round3b_context_governance.sql|db/data/round3m/C0_C1_EVIDENCE_RECEIPT.json
prior:preparation.family.espresso_milk:medium_dark:sensory.honey	preparation.family.espresso_milk	medium_dark	sensory.honey	0.000000	0.000000	0.000000	neutral	0			db/data/round3m/C0_C1_EVIDENCE_RECEIPT.json	NEUTRAL_ZERO_REVIEWED_C1_MAPPING	NEUTRAL_MISSING_DIRECT_EVIDENCE	db/022_round3b_context_governance.sql|db/data/round3m/C0_C1_EVIDENCE_RECEIPT.json
prior:preparation.family.espresso_milk:medium_dark:sensory.caramel	preparation.family.espresso_milk	medium_dark	sensory.caramel	0.000000	0.000000	0.000000	neutral	0			db/data/round3m/C0_C1_EVIDENCE_RECEIPT.json	NEUTRAL_ZERO_REVIEWED_C1_MAPPING	NEUTRAL_MISSING_DIRECT_EVIDENCE	db/022_round3b_context_governance.sql|db/data/round3m/C0_C1_EVIDENCE_RECEIPT.json
prior:preparation.family.espresso_milk:medium_dark:sensory.brown_sugar	preparation.family.espresso_milk	medium_dark	sensory.brown_sugar	0.000000	0.000000	0.000000	neutral	0			db/data/round3m/C0_C1_EVIDENCE_RECEIPT.json	NEUTRAL_ZERO_REVIEWED_C1_MAPPING	NEUTRAL_MISSING_DIRECT_EVIDENCE	db/022_round3b_context_governance.sql|db/data/round3m/C0_C1_EVIDENCE_RECEIPT.json
prior:preparation.family.espresso_milk:medium_dark:sensory.almond	preparation.family.espresso_milk	medium_dark	sensory.almond	0.000000	0.000000	0.000000	neutral	0			db/data/round3m/C0_C1_EVIDENCE_RECEIPT.json	NEUTRAL_ZERO_REVIEWED_C1_MAPPING	NEUTRAL_MISSING_DIRECT_EVIDENCE	db/022_round3b_context_governance.sql|db/data/round3m/C0_C1_EVIDENCE_RECEIPT.json
prior:preparation.family.espresso_milk:medium_dark:sensory.hazelnut	preparation.family.espresso_milk	medium_dark	sensory.hazelnut	0.000000	0.000000	0.000000	neutral	0			db/data/round3m/C0_C1_EVIDENCE_RECEIPT.json	NEUTRAL_ZERO_REVIEWED_C1_MAPPING	NEUTRAL_MISSING_DIRECT_EVIDENCE	db/022_round3b_context_governance.sql|db/data/round3m/C0_C1_EVIDENCE_RECEIPT.json
prior:preparation.family.espresso_milk:medium_dark:sensory.dark_chocolate	preparation.family.espresso_milk	medium_dark	sensory.dark_chocolate	0.000000	0.000000	0.000000	neutral	0			db/data/round3m/C0_C1_EVIDENCE_RECEIPT.json	NEUTRAL_ZERO_REVIEWED_C1_MAPPING	NEUTRAL_MISSING_DIRECT_EVIDENCE	db/022_round3b_context_governance.sql|db/data/round3m/C0_C1_EVIDENCE_RECEIPT.json
prior:preparation.family.espresso_milk:medium_dark:sensory.cinnamon	preparation.family.espresso_milk	medium_dark	sensory.cinnamon	0.000000	0.000000	0.000000	neutral	0			db/data/round3m/C0_C1_EVIDENCE_RECEIPT.json	NEUTRAL_ZERO_REVIEWED_C1_MAPPING	NEUTRAL_MISSING_DIRECT_EVIDENCE	db/022_round3b_context_governance.sql|db/data/round3m/C0_C1_EVIDENCE_RECEIPT.json
prior:preparation.family.espresso_milk:medium_dark:sensory.tobacco	preparation.family.espresso_milk	medium_dark	sensory.tobacco	0.000000	0.000000	0.000000	neutral	0			db/data/round3m/C0_C1_EVIDENCE_RECEIPT.json	NEUTRAL_ZERO_REVIEWED_C1_MAPPING	NEUTRAL_MISSING_DIRECT_EVIDENCE	db/022_round3b_context_governance.sql|db/data/round3m/C0_C1_EVIDENCE_RECEIPT.json
prior:preparation.family.espresso_milk:medium_dark:sensory.smoky	preparation.family.espresso_milk	medium_dark	sensory.smoky	0.000000	0.000000	0.000000	neutral	0			db/data/round3m/C0_C1_EVIDENCE_RECEIPT.json	NEUTRAL_ZERO_REVIEWED_C1_MAPPING	NEUTRAL_MISSING_DIRECT_EVIDENCE	db/022_round3b_context_governance.sql|db/data/round3m/C0_C1_EVIDENCE_RECEIPT.json
prior:preparation.family.espresso_milk:medium_dark:sensory.green_tea	preparation.family.espresso_milk	medium_dark	sensory.green_tea	0.000000	0.000000	0.000000	neutral	0			db/data/round3m/C0_C1_EVIDENCE_RECEIPT.json	NEUTRAL_ZERO_REVIEWED_C1_MAPPING	NEUTRAL_MISSING_DIRECT_EVIDENCE	db/022_round3b_context_governance.sql|db/data/round3m/C0_C1_EVIDENCE_RECEIPT.json
prior:preparation.family.espresso_milk:medium_dark:sensory.cedar	preparation.family.espresso_milk	medium_dark	sensory.cedar	0.000000	0.000000	0.000000	neutral	0			db/data/round3m/C0_C1_EVIDENCE_RECEIPT.json	NEUTRAL_ZERO_REVIEWED_C1_MAPPING	NEUTRAL_MISSING_DIRECT_EVIDENCE	db/022_round3b_context_governance.sql|db/data/round3m/C0_C1_EVIDENCE_RECEIPT.json
prior:preparation.family.espresso_milk:medium_dark:sensory.earthy	preparation.family.espresso_milk	medium_dark	sensory.earthy	0.000000	0.000000	0.000000	neutral	0			db/data/round3m/C0_C1_EVIDENCE_RECEIPT.json	NEUTRAL_ZERO_REVIEWED_C1_MAPPING	NEUTRAL_MISSING_DIRECT_EVIDENCE	db/022_round3b_context_governance.sql|db/data/round3m/C0_C1_EVIDENCE_RECEIPT.json
prior:preparation.family.espresso_milk:medium_dark:sensory.fermented_character	preparation.family.espresso_milk	medium_dark	sensory.fermented_character	0.000000	0.000000	0.000000	neutral	0			db/data/round3m/C0_C1_EVIDENCE_RECEIPT.json	NEUTRAL_ZERO_REVIEWED_C1_MAPPING	NEUTRAL_MISSING_DIRECT_EVIDENCE	db/022_round3b_context_governance.sql|db/data/round3m/C0_C1_EVIDENCE_RECEIPT.json
prior:preparation.family.espresso_milk:medium_dark:sensory.wine_like_character	preparation.family.espresso_milk	medium_dark	sensory.wine_like_character	0.000000	0.000000	0.000000	neutral	0			db/data/round3m/C0_C1_EVIDENCE_RECEIPT.json	NEUTRAL_ZERO_REVIEWED_C1_MAPPING	NEUTRAL_MISSING_DIRECT_EVIDENCE	db/022_round3b_context_governance.sql|db/data/round3m/C0_C1_EVIDENCE_RECEIPT.json
prior:preparation.family.espresso_milk:dark:sensory.jasmine	preparation.family.espresso_milk	dark	sensory.jasmine	0.000000	0.000000	0.000000	neutral	0			db/data/round3m/C0_C1_EVIDENCE_RECEIPT.json	NEUTRAL_ZERO_REVIEWED_C1_MAPPING	NEUTRAL_MISSING_DIRECT_EVIDENCE	db/022_round3b_context_governance.sql|db/data/round3m/C0_C1_EVIDENCE_RECEIPT.json
prior:preparation.family.espresso_milk:dark:sensory.rose	preparation.family.espresso_milk	dark	sensory.rose	0.000000	0.000000	0.000000	neutral	0			db/data/round3m/C0_C1_EVIDENCE_RECEIPT.json	NEUTRAL_ZERO_REVIEWED_C1_MAPPING	NEUTRAL_MISSING_DIRECT_EVIDENCE	db/022_round3b_context_governance.sql|db/data/round3m/C0_C1_EVIDENCE_RECEIPT.json
prior:preparation.family.espresso_milk:dark:sensory.orange_blossom	preparation.family.espresso_milk	dark	sensory.orange_blossom	0.000000	0.000000	0.000000	neutral	0			db/data/round3m/C0_C1_EVIDENCE_RECEIPT.json	NEUTRAL_ZERO_REVIEWED_C1_MAPPING	NEUTRAL_MISSING_DIRECT_EVIDENCE	db/022_round3b_context_governance.sql|db/data/round3m/C0_C1_EVIDENCE_RECEIPT.json
prior:preparation.family.espresso_milk:dark:sensory.lemon	preparation.family.espresso_milk	dark	sensory.lemon	0.000000	0.000000	0.000000	neutral	0			db/data/round3m/C0_C1_EVIDENCE_RECEIPT.json	NEUTRAL_ZERO_REVIEWED_C1_MAPPING	NEUTRAL_MISSING_DIRECT_EVIDENCE	db/022_round3b_context_governance.sql|db/data/round3m/C0_C1_EVIDENCE_RECEIPT.json
prior:preparation.family.espresso_milk:dark:sensory.orange	preparation.family.espresso_milk	dark	sensory.orange	0.000000	0.000000	0.000000	neutral	0			db/data/round3m/C0_C1_EVIDENCE_RECEIPT.json	NEUTRAL_ZERO_REVIEWED_C1_MAPPING	NEUTRAL_MISSING_DIRECT_EVIDENCE	db/022_round3b_context_governance.sql|db/data/round3m/C0_C1_EVIDENCE_RECEIPT.json
prior:preparation.family.espresso_milk:dark:sensory.blueberry	preparation.family.espresso_milk	dark	sensory.blueberry	0.000000	0.000000	0.000000	neutral	0			db/data/round3m/C0_C1_EVIDENCE_RECEIPT.json	NEUTRAL_ZERO_REVIEWED_C1_MAPPING	NEUTRAL_MISSING_DIRECT_EVIDENCE	db/022_round3b_context_governance.sql|db/data/round3m/C0_C1_EVIDENCE_RECEIPT.json
prior:preparation.family.espresso_milk:dark:sensory.honey	preparation.family.espresso_milk	dark	sensory.honey	0.000000	0.000000	0.000000	neutral	0			db/data/round3m/C0_C1_EVIDENCE_RECEIPT.json	NEUTRAL_ZERO_REVIEWED_C1_MAPPING	NEUTRAL_MISSING_DIRECT_EVIDENCE	db/022_round3b_context_governance.sql|db/data/round3m/C0_C1_EVIDENCE_RECEIPT.json
prior:preparation.family.espresso_milk:dark:sensory.caramel	preparation.family.espresso_milk	dark	sensory.caramel	0.000000	0.000000	0.000000	neutral	0			db/data/round3m/C0_C1_EVIDENCE_RECEIPT.json	NEUTRAL_ZERO_REVIEWED_C1_MAPPING	NEUTRAL_MISSING_DIRECT_EVIDENCE	db/022_round3b_context_governance.sql|db/data/round3m/C0_C1_EVIDENCE_RECEIPT.json
prior:preparation.family.espresso_milk:dark:sensory.brown_sugar	preparation.family.espresso_milk	dark	sensory.brown_sugar	0.000000	0.000000	0.000000	neutral	0			db/data/round3m/C0_C1_EVIDENCE_RECEIPT.json	NEUTRAL_ZERO_REVIEWED_C1_MAPPING	NEUTRAL_MISSING_DIRECT_EVIDENCE	db/022_round3b_context_governance.sql|db/data/round3m/C0_C1_EVIDENCE_RECEIPT.json
prior:preparation.family.espresso_milk:dark:sensory.almond	preparation.family.espresso_milk	dark	sensory.almond	0.000000	0.000000	0.000000	neutral	0			db/data/round3m/C0_C1_EVIDENCE_RECEIPT.json	NEUTRAL_ZERO_REVIEWED_C1_MAPPING	NEUTRAL_MISSING_DIRECT_EVIDENCE	db/022_round3b_context_governance.sql|db/data/round3m/C0_C1_EVIDENCE_RECEIPT.json
prior:preparation.family.espresso_milk:dark:sensory.hazelnut	preparation.family.espresso_milk	dark	sensory.hazelnut	0.000000	0.000000	0.000000	neutral	0			db/data/round3m/C0_C1_EVIDENCE_RECEIPT.json	NEUTRAL_ZERO_REVIEWED_C1_MAPPING	NEUTRAL_MISSING_DIRECT_EVIDENCE	db/022_round3b_context_governance.sql|db/data/round3m/C0_C1_EVIDENCE_RECEIPT.json
prior:preparation.family.espresso_milk:dark:sensory.dark_chocolate	preparation.family.espresso_milk	dark	sensory.dark_chocolate	0.000000	0.000000	0.000000	neutral	0			db/data/round3m/C0_C1_EVIDENCE_RECEIPT.json	NEUTRAL_ZERO_REVIEWED_C1_MAPPING	NEUTRAL_MISSING_DIRECT_EVIDENCE	db/022_round3b_context_governance.sql|db/data/round3m/C0_C1_EVIDENCE_RECEIPT.json
prior:preparation.family.espresso_milk:dark:sensory.cinnamon	preparation.family.espresso_milk	dark	sensory.cinnamon	0.000000	0.000000	0.000000	neutral	0			db/data/round3m/C0_C1_EVIDENCE_RECEIPT.json	NEUTRAL_ZERO_REVIEWED_C1_MAPPING	NEUTRAL_MISSING_DIRECT_EVIDENCE	db/022_round3b_context_governance.sql|db/data/round3m/C0_C1_EVIDENCE_RECEIPT.json
prior:preparation.family.espresso_milk:dark:sensory.tobacco	preparation.family.espresso_milk	dark	sensory.tobacco	0.000000	0.000000	0.000000	neutral	0			db/data/round3m/C0_C1_EVIDENCE_RECEIPT.json	NEUTRAL_ZERO_REVIEWED_C1_MAPPING	NEUTRAL_MISSING_DIRECT_EVIDENCE	db/022_round3b_context_governance.sql|db/data/round3m/C0_C1_EVIDENCE_RECEIPT.json
prior:preparation.family.espresso_milk:dark:sensory.smoky	preparation.family.espresso_milk	dark	sensory.smoky	0.000000	0.000000	0.000000	neutral	0			db/data/round3m/C0_C1_EVIDENCE_RECEIPT.json	NEUTRAL_ZERO_REVIEWED_C1_MAPPING	NEUTRAL_MISSING_DIRECT_EVIDENCE	db/022_round3b_context_governance.sql|db/data/round3m/C0_C1_EVIDENCE_RECEIPT.json
prior:preparation.family.espresso_milk:dark:sensory.green_tea	preparation.family.espresso_milk	dark	sensory.green_tea	0.000000	0.000000	0.000000	neutral	0			db/data/round3m/C0_C1_EVIDENCE_RECEIPT.json	NEUTRAL_ZERO_REVIEWED_C1_MAPPING	NEUTRAL_MISSING_DIRECT_EVIDENCE	db/022_round3b_context_governance.sql|db/data/round3m/C0_C1_EVIDENCE_RECEIPT.json
prior:preparation.family.espresso_milk:dark:sensory.cedar	preparation.family.espresso_milk	dark	sensory.cedar	0.000000	0.000000	0.000000	neutral	0			db/data/round3m/C0_C1_EVIDENCE_RECEIPT.json	NEUTRAL_ZERO_REVIEWED_C1_MAPPING	NEUTRAL_MISSING_DIRECT_EVIDENCE	db/022_round3b_context_governance.sql|db/data/round3m/C0_C1_EVIDENCE_RECEIPT.json
prior:preparation.family.espresso_milk:dark:sensory.earthy	preparation.family.espresso_milk	dark	sensory.earthy	0.000000	0.000000	0.000000	neutral	0			db/data/round3m/C0_C1_EVIDENCE_RECEIPT.json	NEUTRAL_ZERO_REVIEWED_C1_MAPPING	NEUTRAL_MISSING_DIRECT_EVIDENCE	db/022_round3b_context_governance.sql|db/data/round3m/C0_C1_EVIDENCE_RECEIPT.json
prior:preparation.family.espresso_milk:dark:sensory.fermented_character	preparation.family.espresso_milk	dark	sensory.fermented_character	0.000000	0.000000	0.000000	neutral	0			db/data/round3m/C0_C1_EVIDENCE_RECEIPT.json	NEUTRAL_ZERO_REVIEWED_C1_MAPPING	NEUTRAL_MISSING_DIRECT_EVIDENCE	db/022_round3b_context_governance.sql|db/data/round3m/C0_C1_EVIDENCE_RECEIPT.json
prior:preparation.family.espresso_milk:dark:sensory.wine_like_character	preparation.family.espresso_milk	dark	sensory.wine_like_character	0.000000	0.000000	0.000000	neutral	0			db/data/round3m/C0_C1_EVIDENCE_RECEIPT.json	NEUTRAL_ZERO_REVIEWED_C1_MAPPING	NEUTRAL_MISSING_DIRECT_EVIDENCE	db/022_round3b_context_governance.sql|db/data/round3m/C0_C1_EVIDENCE_RECEIPT.json
prior:preparation.family.espresso_milk:extremely_dark:sensory.jasmine	preparation.family.espresso_milk	extremely_dark	sensory.jasmine	0.000000	0.000000	0.000000	neutral	0			db/data/round3m/C0_C1_EVIDENCE_RECEIPT.json	NEUTRAL_ZERO_REVIEWED_C1_MAPPING	NEUTRAL_MISSING_DIRECT_EVIDENCE	db/022_round3b_context_governance.sql|db/data/round3m/C0_C1_EVIDENCE_RECEIPT.json
prior:preparation.family.espresso_milk:extremely_dark:sensory.rose	preparation.family.espresso_milk	extremely_dark	sensory.rose	0.000000	0.000000	0.000000	neutral	0			db/data/round3m/C0_C1_EVIDENCE_RECEIPT.json	NEUTRAL_ZERO_REVIEWED_C1_MAPPING	NEUTRAL_MISSING_DIRECT_EVIDENCE	db/022_round3b_context_governance.sql|db/data/round3m/C0_C1_EVIDENCE_RECEIPT.json
prior:preparation.family.espresso_milk:extremely_dark:sensory.orange_blossom	preparation.family.espresso_milk	extremely_dark	sensory.orange_blossom	0.000000	0.000000	0.000000	neutral	0			db/data/round3m/C0_C1_EVIDENCE_RECEIPT.json	NEUTRAL_ZERO_REVIEWED_C1_MAPPING	NEUTRAL_MISSING_DIRECT_EVIDENCE	db/022_round3b_context_governance.sql|db/data/round3m/C0_C1_EVIDENCE_RECEIPT.json
prior:preparation.family.espresso_milk:extremely_dark:sensory.lemon	preparation.family.espresso_milk	extremely_dark	sensory.lemon	0.000000	0.000000	0.000000	neutral	0			db/data/round3m/C0_C1_EVIDENCE_RECEIPT.json	NEUTRAL_ZERO_REVIEWED_C1_MAPPING	NEUTRAL_MISSING_DIRECT_EVIDENCE	db/022_round3b_context_governance.sql|db/data/round3m/C0_C1_EVIDENCE_RECEIPT.json
prior:preparation.family.espresso_milk:extremely_dark:sensory.orange	preparation.family.espresso_milk	extremely_dark	sensory.orange	0.000000	0.000000	0.000000	neutral	0			db/data/round3m/C0_C1_EVIDENCE_RECEIPT.json	NEUTRAL_ZERO_REVIEWED_C1_MAPPING	NEUTRAL_MISSING_DIRECT_EVIDENCE	db/022_round3b_context_governance.sql|db/data/round3m/C0_C1_EVIDENCE_RECEIPT.json
prior:preparation.family.espresso_milk:extremely_dark:sensory.blueberry	preparation.family.espresso_milk	extremely_dark	sensory.blueberry	0.000000	0.000000	0.000000	neutral	0			db/data/round3m/C0_C1_EVIDENCE_RECEIPT.json	NEUTRAL_ZERO_REVIEWED_C1_MAPPING	NEUTRAL_MISSING_DIRECT_EVIDENCE	db/022_round3b_context_governance.sql|db/data/round3m/C0_C1_EVIDENCE_RECEIPT.json
prior:preparation.family.espresso_milk:extremely_dark:sensory.honey	preparation.family.espresso_milk	extremely_dark	sensory.honey	0.000000	0.000000	0.000000	neutral	0			db/data/round3m/C0_C1_EVIDENCE_RECEIPT.json	NEUTRAL_ZERO_REVIEWED_C1_MAPPING	NEUTRAL_MISSING_DIRECT_EVIDENCE	db/022_round3b_context_governance.sql|db/data/round3m/C0_C1_EVIDENCE_RECEIPT.json
prior:preparation.family.espresso_milk:extremely_dark:sensory.caramel	preparation.family.espresso_milk	extremely_dark	sensory.caramel	0.000000	0.000000	0.000000	neutral	0			db/data/round3m/C0_C1_EVIDENCE_RECEIPT.json	NEUTRAL_ZERO_REVIEWED_C1_MAPPING	NEUTRAL_MISSING_DIRECT_EVIDENCE	db/022_round3b_context_governance.sql|db/data/round3m/C0_C1_EVIDENCE_RECEIPT.json
prior:preparation.family.espresso_milk:extremely_dark:sensory.brown_sugar	preparation.family.espresso_milk	extremely_dark	sensory.brown_sugar	0.000000	0.000000	0.000000	neutral	0			db/data/round3m/C0_C1_EVIDENCE_RECEIPT.json	NEUTRAL_ZERO_REVIEWED_C1_MAPPING	NEUTRAL_MISSING_DIRECT_EVIDENCE	db/022_round3b_context_governance.sql|db/data/round3m/C0_C1_EVIDENCE_RECEIPT.json
prior:preparation.family.espresso_milk:extremely_dark:sensory.almond	preparation.family.espresso_milk	extremely_dark	sensory.almond	0.000000	0.000000	0.000000	neutral	0			db/data/round3m/C0_C1_EVIDENCE_RECEIPT.json	NEUTRAL_ZERO_REVIEWED_C1_MAPPING	NEUTRAL_MISSING_DIRECT_EVIDENCE	db/022_round3b_context_governance.sql|db/data/round3m/C0_C1_EVIDENCE_RECEIPT.json
prior:preparation.family.espresso_milk:extremely_dark:sensory.hazelnut	preparation.family.espresso_milk	extremely_dark	sensory.hazelnut	0.000000	0.000000	0.000000	neutral	0			db/data/round3m/C0_C1_EVIDENCE_RECEIPT.json	NEUTRAL_ZERO_REVIEWED_C1_MAPPING	NEUTRAL_MISSING_DIRECT_EVIDENCE	db/022_round3b_context_governance.sql|db/data/round3m/C0_C1_EVIDENCE_RECEIPT.json
prior:preparation.family.espresso_milk:extremely_dark:sensory.dark_chocolate	preparation.family.espresso_milk	extremely_dark	sensory.dark_chocolate	0.000000	0.000000	0.000000	neutral	0			db/data/round3m/C0_C1_EVIDENCE_RECEIPT.json	NEUTRAL_ZERO_REVIEWED_C1_MAPPING	NEUTRAL_MISSING_DIRECT_EVIDENCE	db/022_round3b_context_governance.sql|db/data/round3m/C0_C1_EVIDENCE_RECEIPT.json
prior:preparation.family.espresso_milk:extremely_dark:sensory.cinnamon	preparation.family.espresso_milk	extremely_dark	sensory.cinnamon	0.000000	0.000000	0.000000	neutral	0			db/data/round3m/C0_C1_EVIDENCE_RECEIPT.json	NEUTRAL_ZERO_REVIEWED_C1_MAPPING	NEUTRAL_MISSING_DIRECT_EVIDENCE	db/022_round3b_context_governance.sql|db/data/round3m/C0_C1_EVIDENCE_RECEIPT.json
prior:preparation.family.espresso_milk:extremely_dark:sensory.tobacco	preparation.family.espresso_milk	extremely_dark	sensory.tobacco	0.000000	0.000000	0.000000	neutral	0			db/data/round3m/C0_C1_EVIDENCE_RECEIPT.json	NEUTRAL_ZERO_REVIEWED_C1_MAPPING	NEUTRAL_MISSING_DIRECT_EVIDENCE	db/022_round3b_context_governance.sql|db/data/round3m/C0_C1_EVIDENCE_RECEIPT.json
prior:preparation.family.espresso_milk:extremely_dark:sensory.smoky	preparation.family.espresso_milk	extremely_dark	sensory.smoky	0.000000	0.000000	0.000000	neutral	0			db/data/round3m/C0_C1_EVIDENCE_RECEIPT.json	NEUTRAL_ZERO_REVIEWED_C1_MAPPING	NEUTRAL_MISSING_DIRECT_EVIDENCE	db/022_round3b_context_governance.sql|db/data/round3m/C0_C1_EVIDENCE_RECEIPT.json
prior:preparation.family.espresso_milk:extremely_dark:sensory.green_tea	preparation.family.espresso_milk	extremely_dark	sensory.green_tea	0.000000	0.000000	0.000000	neutral	0			db/data/round3m/C0_C1_EVIDENCE_RECEIPT.json	NEUTRAL_ZERO_REVIEWED_C1_MAPPING	NEUTRAL_MISSING_DIRECT_EVIDENCE	db/022_round3b_context_governance.sql|db/data/round3m/C0_C1_EVIDENCE_RECEIPT.json
prior:preparation.family.espresso_milk:extremely_dark:sensory.cedar	preparation.family.espresso_milk	extremely_dark	sensory.cedar	0.000000	0.000000	0.000000	neutral	0			db/data/round3m/C0_C1_EVIDENCE_RECEIPT.json	NEUTRAL_ZERO_REVIEWED_C1_MAPPING	NEUTRAL_MISSING_DIRECT_EVIDENCE	db/022_round3b_context_governance.sql|db/data/round3m/C0_C1_EVIDENCE_RECEIPT.json
prior:preparation.family.espresso_milk:extremely_dark:sensory.earthy	preparation.family.espresso_milk	extremely_dark	sensory.earthy	0.000000	0.000000	0.000000	neutral	0			db/data/round3m/C0_C1_EVIDENCE_RECEIPT.json	NEUTRAL_ZERO_REVIEWED_C1_MAPPING	NEUTRAL_MISSING_DIRECT_EVIDENCE	db/022_round3b_context_governance.sql|db/data/round3m/C0_C1_EVIDENCE_RECEIPT.json
prior:preparation.family.espresso_milk:extremely_dark:sensory.fermented_character	preparation.family.espresso_milk	extremely_dark	sensory.fermented_character	0.000000	0.000000	0.000000	neutral	0			db/data/round3m/C0_C1_EVIDENCE_RECEIPT.json	NEUTRAL_ZERO_REVIEWED_C1_MAPPING	NEUTRAL_MISSING_DIRECT_EVIDENCE	db/022_round3b_context_governance.sql|db/data/round3m/C0_C1_EVIDENCE_RECEIPT.json
prior:preparation.family.espresso_milk:extremely_dark:sensory.wine_like_character	preparation.family.espresso_milk	extremely_dark	sensory.wine_like_character	0.000000	0.000000	0.000000	neutral	0			db/data/round3m/C0_C1_EVIDENCE_RECEIPT.json	NEUTRAL_ZERO_REVIEWED_C1_MAPPING	NEUTRAL_MISSING_DIRECT_EVIDENCE	db/022_round3b_context_governance.sql|db/data/round3m/C0_C1_EVIDENCE_RECEIPT.json
