presentation_slot_key	session_slot_key	beverage_sample_key	sequence_position	blinded_code
pilot.round3d.session_slot.reference.assessor_001.session_01.position_01	pilot.round3d.session_slot.reference.assessor_001.session_01	pilot.round3d.sample.lot_02.medium_dark.filter_percolation.rep_2	1	447
pilot.round3d.session_slot.reference.assessor_001.session_01.position_02	pilot.round3d.session_slot.reference.assessor_001.session_01	pilot.round3d.sample.lot_01.extremely_light.filter_percolation.rep_1	2	534
pilot.round3d.session_slot.reference.assessor_001.session_01.position_03	pilot.round3d.session_slot.reference.assessor_001.session_01	pilot.round3d.sample.lot_02.medium_dark.espresso_pressure.rep_2	3	773
pilot.round3d.session_slot.reference.assessor_001.session_01.position_04	pilot.round3d.session_slot.reference.assessor_001.session_01	pilot.round3d.sample.lot_01.medium.filter_percolation.rep_1	4	850
pilot.round3d.session_slot.reference.assessor_001.session_01.position_05	pilot.round3d.session_slot.reference.assessor_001.session_01	pilot.round3d.sample.lot_01.medium.cold_extraction.rep_2	5	305
pilot.round3d.session_slot.reference.assessor_001.session_01.position_06	pilot.round3d.session_slot.reference.assessor_001.session_01	pilot.round3d.sample.lot_01.extremely_dark.espresso_pressure.rep_1	6	367
pilot.round3d.session_slot.reference.assessor_001.session_01.position_07	pilot.round3d.session_slot.reference.assessor_001.session_01	pilot.round3d.sample.lot_02.extremely_dark.filter_percolation.rep_1	7	735
pilot.round3d.session_slot.reference.assessor_001.session_01.position_08	pilot.round3d.session_slot.reference.assessor_001.session_01	pilot.round3d.sample.lot_01.light.espresso_pressure.rep_1	8	431
pilot.round3d.session_slot.reference.assessor_001.session_01.position_09	pilot.round3d.session_slot.reference.assessor_001.session_01	pilot.round3d.sample.lot_02.dark.espresso_pressure.rep_2	9	285
pilot.round3d.session_slot.reference.assessor_001.session_01.position_10	pilot.round3d.session_slot.reference.assessor_001.session_01	pilot.round3d.sample.lot_02.medium_dark.immersion.rep_2	10	480
pilot.round3d.session_slot.reference.assessor_001.session_01.position_11	pilot.round3d.session_slot.reference.assessor_001.session_01	pilot.round3d.sample.lot_02.light.immersion.rep_2	11	120
pilot.round3d.session_slot.reference.assessor_001.session_02.position_01	pilot.round3d.session_slot.reference.assessor_001.session_02	pilot.round3d.sample.lot_01.medium.espresso_milk.rep_1	1	907
pilot.round3d.session_slot.reference.assessor_001.session_02.position_02	pilot.round3d.session_slot.reference.assessor_001.session_02	pilot.round3d.sample.lot_02.medium.cold_extraction.rep_2	2	915
pilot.round3d.session_slot.reference.assessor_001.session_02.position_03	pilot.round3d.session_slot.reference.assessor_001.session_02	pilot.round3d.sample.lot_02.light.cold_extraction.rep_2	3	754
pilot.round3d.session_slot.reference.assessor_001.session_02.position_04	pilot.round3d.session_slot.reference.assessor_001.session_02	pilot.round3d.sample.lot_02.extremely_dark.espresso_pressure.rep_1	4	932
pilot.round3d.session_slot.reference.assessor_001.session_02.position_05	pilot.round3d.session_slot.reference.assessor_001.session_02	pilot.round3d.sample.lot_01.dark.cold_extraction.rep_1	5	210
pilot.round3d.session_slot.reference.assessor_001.session_02.position_06	pilot.round3d.session_slot.reference.assessor_001.session_02	pilot.round3d.sample.lot_01.extremely_dark.filter_percolation.rep_2	6	753
pilot.round3d.session_slot.reference.assessor_001.session_02.position_07	pilot.round3d.session_slot.reference.assessor_001.session_02	pilot.round3d.sample.lot_01.medium_dark.filter_percolation.rep_2	7	960
pilot.round3d.session_slot.reference.assessor_001.session_02.position_08	pilot.round3d.session_slot.reference.assessor_001.session_02	pilot.round3d.sample.lot_01.medium.espresso_pressure.rep_2	8	259
pilot.round3d.session_slot.reference.assessor_001.session_02.position_09	pilot.round3d.session_slot.reference.assessor_001.session_02	pilot.round3d.sample.lot_01.dark.filter_percolation.rep_2	9	365
pilot.round3d.session_slot.reference.assessor_001.session_02.position_10	pilot.round3d.session_slot.reference.assessor_001.session_02	pilot.round3d.sample.lot_02.medium.hybrid.rep_1	10	896
pilot.round3d.session_slot.reference.assessor_001.session_02.position_11	pilot.round3d.session_slot.reference.assessor_001.session_02	pilot.round3d.sample.lot_01.medium_light.espresso_pressure.rep_1	11	274
pilot.round3d.session_slot.reference.assessor_001.session_03.position_01	pilot.round3d.session_slot.reference.assessor_001.session_03	pilot.round3d.sample.lot_02.medium.hybrid.rep_2	1	648
pilot.round3d.session_slot.reference.assessor_001.session_03.position_02	pilot.round3d.session_slot.reference.assessor_001.session_03	pilot.round3d.sample.lot_01.dark.espresso_milk.rep_2	2	597
pilot.round3d.session_slot.reference.assessor_001.session_03.position_03	pilot.round3d.session_slot.reference.assessor_001.session_03	pilot.round3d.sample.lot_02.medium_light.immersion.rep_2	3	617
pilot.round3d.session_slot.reference.assessor_001.session_03.position_04	pilot.round3d.session_slot.reference.assessor_001.session_03	pilot.round3d.sample.lot_01.medium.hybrid.rep_2	4	613
pilot.round3d.session_slot.reference.assessor_001.session_03.position_05	pilot.round3d.session_slot.reference.assessor_001.session_03	pilot.round3d.sample.lot_02.medium.cold_extraction.rep_1	5	643
pilot.round3d.session_slot.reference.assessor_001.session_03.position_06	pilot.round3d.session_slot.reference.assessor_001.session_03	pilot.round3d.sample.lot_01.light.immersion.rep_1	6	702
pilot.round3d.session_slot.reference.assessor_001.session_03.position_07	pilot.round3d.session_slot.reference.assessor_001.session_03	pilot.round3d.sample.lot_01.dark.hybrid.rep_2	7	850
pilot.round3d.session_slot.reference.assessor_001.session_03.position_08	pilot.round3d.session_slot.reference.assessor_001.session_03	pilot.round3d.sample.lot_02.medium_light.filter_percolation.rep_2	8	361
pilot.round3d.session_slot.reference.assessor_001.session_03.position_09	pilot.round3d.session_slot.reference.assessor_001.session_03	pilot.round3d.sample.lot_01.medium_dark.immersion.rep_2	9	587
pilot.round3d.session_slot.reference.assessor_001.session_03.position_10	pilot.round3d.session_slot.reference.assessor_001.session_03	pilot.round3d.sample.lot_01.light.hybrid.rep_1	10	938
pilot.round3d.session_slot.reference.assessor_001.session_03.position_11	pilot.round3d.session_slot.reference.assessor_001.session_03	pilot.round3d.sample.lot_02.light.diluted_espresso.rep_1	11	622
pilot.round3d.session_slot.reference.assessor_001.session_04.position_01	pilot.round3d.session_slot.reference.assessor_001.session_04	pilot.round3d.sample.lot_02.extremely_light.immersion.rep_2	1	889
pilot.round3d.session_slot.reference.assessor_001.session_04.position_02	pilot.round3d.session_slot.reference.assessor_001.session_04	pilot.round3d.sample.lot_02.light.hybrid.rep_1	2	214
pilot.round3d.session_slot.reference.assessor_001.session_04.position_03	pilot.round3d.session_slot.reference.assessor_001.session_04	pilot.round3d.sample.lot_01.light.cold_extraction.rep_2	3	227
pilot.round3d.session_slot.reference.assessor_001.session_04.position_04	pilot.round3d.session_slot.reference.assessor_001.session_04	pilot.round3d.sample.lot_02.extremely_dark.filter_percolation.rep_2	4	862
pilot.round3d.session_slot.reference.assessor_001.session_04.position_05	pilot.round3d.session_slot.reference.assessor_001.session_04	pilot.round3d.sample.lot_01.medium.diluted_espresso.rep_1	5	619
pilot.round3d.session_slot.reference.assessor_001.session_04.position_06	pilot.round3d.session_slot.reference.assessor_001.session_04	pilot.round3d.sample.lot_02.dark.hybrid.rep_2	6	879
pilot.round3d.session_slot.reference.assessor_001.session_04.position_07	pilot.round3d.session_slot.reference.assessor_001.session_04	pilot.round3d.sample.lot_02.medium_dark.filter_percolation.rep_1	7	362
pilot.round3d.session_slot.reference.assessor_001.session_04.position_08	pilot.round3d.session_slot.reference.assessor_001.session_04	pilot.round3d.sample.lot_02.medium_light.espresso_pressure.rep_1	8	723
pilot.round3d.session_slot.reference.assessor_001.session_04.position_09	pilot.round3d.session_slot.reference.assessor_001.session_04	pilot.round3d.sample.lot_02.medium_light.immersion.rep_1	9	351
pilot.round3d.session_slot.reference.assessor_001.session_04.position_10	pilot.round3d.session_slot.reference.assessor_001.session_04	pilot.round3d.sample.lot_02.light.espresso_pressure.rep_2	10	890
pilot.round3d.session_slot.reference.assessor_001.session_04.position_11	pilot.round3d.session_slot.reference.assessor_001.session_04	pilot.round3d.sample.lot_01.dark.espresso_pressure.rep_1	11	854
pilot.round3d.session_slot.reference.assessor_001.session_05.position_01	pilot.round3d.session_slot.reference.assessor_001.session_05	pilot.round3d.sample.lot_01.extremely_dark.immersion.rep_2	1	814
pilot.round3d.session_slot.reference.assessor_001.session_05.position_02	pilot.round3d.session_slot.reference.assessor_001.session_05	pilot.round3d.sample.lot_02.medium.espresso_pressure.rep_2	2	241
pilot.round3d.session_slot.reference.assessor_001.session_05.position_03	pilot.round3d.session_slot.reference.assessor_001.session_05	pilot.round3d.sample.lot_02.medium.immersion.rep_1	3	740
pilot.round3d.session_slot.reference.assessor_001.session_05.position_04	pilot.round3d.session_slot.reference.assessor_001.session_05	pilot.round3d.sample.lot_01.extremely_light.espresso_pressure.rep_2	4	121
pilot.round3d.session_slot.reference.assessor_001.session_05.position_05	pilot.round3d.session_slot.reference.assessor_001.session_05	pilot.round3d.sample.lot_02.medium_dark.immersion.rep_1	5	837
pilot.round3d.session_slot.reference.assessor_001.session_05.position_06	pilot.round3d.session_slot.reference.assessor_001.session_05	pilot.round3d.sample.lot_02.extremely_light.immersion.rep_1	6	488
pilot.round3d.session_slot.reference.assessor_001.session_05.position_07	pilot.round3d.session_slot.reference.assessor_001.session_05	pilot.round3d.sample.lot_02.medium.diluted_espresso.rep_1	7	475
pilot.round3d.session_slot.reference.assessor_001.session_05.position_08	pilot.round3d.session_slot.reference.assessor_001.session_05	pilot.round3d.sample.lot_02.light.filter_percolation.rep_1	8	329
pilot.round3d.session_slot.reference.assessor_001.session_05.position_09	pilot.round3d.session_slot.reference.assessor_001.session_05	pilot.round3d.sample.lot_02.dark.cold_extraction.rep_2	9	573
pilot.round3d.session_slot.reference.assessor_001.session_05.position_10	pilot.round3d.session_slot.reference.assessor_001.session_05	pilot.round3d.sample.lot_02.light.filter_percolation.rep_2	10	117
pilot.round3d.session_slot.reference.assessor_001.session_05.position_11	pilot.round3d.session_slot.reference.assessor_001.session_05	pilot.round3d.sample.lot_01.light.espresso_pressure.rep_2	11	796
pilot.round3d.session_slot.reference.assessor_001.session_06.position_01	pilot.round3d.session_slot.reference.assessor_001.session_06	pilot.round3d.sample.lot_01.extremely_light.espresso_pressure.rep_1	1	905
pilot.round3d.session_slot.reference.assessor_001.session_06.position_02	pilot.round3d.session_slot.reference.assessor_001.session_06	pilot.round3d.sample.lot_01.extremely_light.immersion.rep_2	2	795
pilot.round3d.session_slot.reference.assessor_001.session_06.position_03	pilot.round3d.session_slot.reference.assessor_001.session_06	pilot.round3d.sample.lot_01.medium_dark.espresso_pressure.rep_2	3	254
pilot.round3d.session_slot.reference.assessor_001.session_06.position_04	pilot.round3d.session_slot.reference.assessor_001.session_06	pilot.round3d.sample.lot_01.light.filter_percolation.rep_1	4	248
pilot.round3d.session_slot.reference.assessor_001.session_06.position_05	pilot.round3d.session_slot.reference.assessor_001.session_06	pilot.round3d.sample.lot_02.light.diluted_espresso.rep_2	5	626
pilot.round3d.session_slot.reference.assessor_001.session_06.position_06	pilot.round3d.session_slot.reference.assessor_001.session_06	pilot.round3d.sample.lot_01.medium.hybrid.rep_1	6	423
pilot.round3d.session_slot.reference.assessor_001.session_06.position_07	pilot.round3d.session_slot.reference.assessor_001.session_06	pilot.round3d.sample.lot_02.light.espresso_pressure.rep_1	7	140
pilot.round3d.session_slot.reference.assessor_001.session_06.position_08	pilot.round3d.session_slot.reference.assessor_001.session_06	pilot.round3d.sample.lot_01.medium.diluted_espresso.rep_2	8	603
pilot.round3d.session_slot.reference.assessor_001.session_06.position_09	pilot.round3d.session_slot.reference.assessor_001.session_06	pilot.round3d.sample.lot_01.medium.espresso_pressure.rep_1	9	805
pilot.round3d.session_slot.reference.assessor_001.session_06.position_10	pilot.round3d.session_slot.reference.assessor_001.session_06	pilot.round3d.sample.lot_02.medium.espresso_pressure.rep_1	10	213
pilot.round3d.session_slot.reference.assessor_001.session_06.position_11	pilot.round3d.session_slot.reference.assessor_001.session_06	pilot.round3d.sample.lot_02.medium_light.espresso_pressure.rep_2	11	877
pilot.round3d.session_slot.reference.assessor_002.session_01.position_01	pilot.round3d.session_slot.reference.assessor_002.session_01	pilot.round3d.sample.lot_02.medium.filter_percolation.rep_1	1	706
pilot.round3d.session_slot.reference.assessor_002.session_01.position_02	pilot.round3d.session_slot.reference.assessor_002.session_01	pilot.round3d.sample.lot_02.dark.immersion.rep_1	2	496
pilot.round3d.session_slot.reference.assessor_002.session_01.position_03	pilot.round3d.session_slot.reference.assessor_002.session_01	pilot.round3d.sample.lot_01.dark.espresso_pressure.rep_2	3	164
pilot.round3d.session_slot.reference.assessor_002.session_01.position_04	pilot.round3d.session_slot.reference.assessor_002.session_01	pilot.round3d.sample.lot_01.medium_dark.immersion.rep_1	4	114
pilot.round3d.session_slot.reference.assessor_002.session_01.position_05	pilot.round3d.session_slot.reference.assessor_002.session_01	pilot.round3d.sample.lot_02.medium.espresso_milk.rep_2	5	135
pilot.round3d.session_slot.reference.assessor_002.session_01.position_06	pilot.round3d.session_slot.reference.assessor_002.session_01	pilot.round3d.sample.lot_01.extremely_dark.immersion.rep_1	6	765
pilot.round3d.session_slot.reference.assessor_002.session_01.position_07	pilot.round3d.session_slot.reference.assessor_002.session_01	pilot.round3d.sample.lot_01.extremely_dark.espresso_pressure.rep_2	7	167
pilot.round3d.session_slot.reference.assessor_002.session_01.position_08	pilot.round3d.session_slot.reference.assessor_002.session_01	pilot.round3d.sample.lot_01.dark.diluted_espresso.rep_1	8	120
pilot.round3d.session_slot.reference.assessor_002.session_01.position_09	pilot.round3d.session_slot.reference.assessor_002.session_01	pilot.round3d.sample.lot_01.medium_light.espresso_pressure.rep_2	9	954
pilot.round3d.session_slot.reference.assessor_002.session_01.position_10	pilot.round3d.session_slot.reference.assessor_002.session_01	pilot.round3d.sample.lot_02.extremely_light.espresso_pressure.rep_2	10	653
pilot.round3d.session_slot.reference.assessor_002.session_01.position_11	pilot.round3d.session_slot.reference.assessor_002.session_01	pilot.round3d.sample.lot_02.light.cold_extraction.rep_1	11	837
pilot.round3d.session_slot.reference.assessor_002.session_02.position_01	pilot.round3d.session_slot.reference.assessor_002.session_02	pilot.round3d.sample.lot_01.light.filter_percolation.rep_2	1	266
pilot.round3d.session_slot.reference.assessor_002.session_02.position_02	pilot.round3d.session_slot.reference.assessor_002.session_02	pilot.round3d.sample.lot_01.medium_dark.filter_percolation.rep_1	2	324
pilot.round3d.session_slot.reference.assessor_002.session_02.position_03	pilot.round3d.session_slot.reference.assessor_002.session_02	pilot.round3d.sample.lot_01.light.immersion.rep_2	3	428
pilot.round3d.session_slot.reference.assessor_002.session_02.position_04	pilot.round3d.session_slot.reference.assessor_002.session_02	pilot.round3d.sample.lot_02.extremely_dark.immersion.rep_2	4	941
pilot.round3d.session_slot.reference.assessor_002.session_02.position_05	pilot.round3d.session_slot.reference.assessor_002.session_02	pilot.round3d.sample.lot_01.medium.filter_percolation.rep_2	5	352
pilot.round3d.session_slot.reference.assessor_002.session_02.position_06	pilot.round3d.session_slot.reference.assessor_002.session_02	pilot.round3d.sample.lot_02.extremely_dark.espresso_pressure.rep_2	6	794
pilot.round3d.session_slot.reference.assessor_002.session_02.position_07	pilot.round3d.session_slot.reference.assessor_002.session_02	pilot.round3d.sample.lot_01.extremely_light.immersion.rep_1	7	280
pilot.round3d.session_slot.reference.assessor_002.session_02.position_08	pilot.round3d.session_slot.reference.assessor_002.session_02	pilot.round3d.sample.lot_01.extremely_light.filter_percolation.rep_2	8	377
pilot.round3d.session_slot.reference.assessor_002.session_02.position_09	pilot.round3d.session_slot.reference.assessor_002.session_02	pilot.round3d.sample.lot_01.light.diluted_espresso.rep_1	9	242
pilot.round3d.session_slot.reference.assessor_002.session_02.position_10	pilot.round3d.session_slot.reference.assessor_002.session_02	pilot.round3d.sample.lot_01.medium.espresso_milk.rep_2	10	437
pilot.round3d.session_slot.reference.assessor_002.session_02.position_11	pilot.round3d.session_slot.reference.assessor_002.session_02	pilot.round3d.sample.lot_01.dark.immersion.rep_1	11	828
pilot.round3d.session_slot.reference.assessor_002.session_03.position_01	pilot.round3d.session_slot.reference.assessor_002.session_03	pilot.round3d.sample.lot_02.medium.espresso_milk.rep_1	1	536
pilot.round3d.session_slot.reference.assessor_002.session_03.position_02	pilot.round3d.session_slot.reference.assessor_002.session_03	pilot.round3d.sample.lot_02.extremely_light.filter_percolation.rep_1	2	789
pilot.round3d.session_slot.reference.assessor_002.session_03.position_03	pilot.round3d.session_slot.reference.assessor_002.session_03	pilot.round3d.sample.lot_02.dark.espresso_pressure.rep_1	3	381
pilot.round3d.session_slot.reference.assessor_002.session_03.position_04	pilot.round3d.session_slot.reference.assessor_002.session_03	pilot.round3d.sample.lot_02.light.hybrid.rep_2	4	648
pilot.round3d.session_slot.reference.assessor_002.session_03.position_05	pilot.round3d.session_slot.reference.assessor_002.session_03	pilot.round3d.sample.lot_02.dark.filter_percolation.rep_2	5	379
pilot.round3d.session_slot.reference.assessor_002.session_03.position_06	pilot.round3d.session_slot.reference.assessor_002.session_03	pilot.round3d.sample.lot_02.medium.filter_percolation.rep_2	6	259
pilot.round3d.session_slot.reference.assessor_002.session_03.position_07	pilot.round3d.session_slot.reference.assessor_002.session_03	pilot.round3d.sample.lot_02.medium_dark.espresso_pressure.rep_1	7	873
pilot.round3d.session_slot.reference.assessor_002.session_03.position_08	pilot.round3d.session_slot.reference.assessor_002.session_03	pilot.round3d.sample.lot_01.medium.immersion.rep_1	8	260
pilot.round3d.session_slot.reference.assessor_002.session_03.position_09	pilot.round3d.session_slot.reference.assessor_002.session_03	pilot.round3d.sample.lot_02.medium_light.filter_percolation.rep_1	9	986
pilot.round3d.session_slot.reference.assessor_002.session_03.position_10	pilot.round3d.session_slot.reference.assessor_002.session_03	pilot.round3d.sample.lot_02.dark.cold_extraction.rep_1	10	222
pilot.round3d.session_slot.reference.assessor_002.session_03.position_11	pilot.round3d.session_slot.reference.assessor_002.session_03	pilot.round3d.sample.lot_01.light.espresso_milk.rep_2	11	162
pilot.round3d.session_slot.reference.assessor_002.session_04.position_01	pilot.round3d.session_slot.reference.assessor_002.session_04	pilot.round3d.sample.lot_01.medium_dark.espresso_pressure.rep_1	1	733
pilot.round3d.session_slot.reference.assessor_002.session_04.position_02	pilot.round3d.session_slot.reference.assessor_002.session_04	pilot.round3d.sample.lot_02.dark.espresso_milk.rep_1	2	811
pilot.round3d.session_slot.reference.assessor_002.session_04.position_03	pilot.round3d.session_slot.reference.assessor_002.session_04	pilot.round3d.sample.lot_01.dark.espresso_milk.rep_1	3	622
pilot.round3d.session_slot.reference.assessor_002.session_04.position_04	pilot.round3d.session_slot.reference.assessor_002.session_04	pilot.round3d.sample.lot_01.medium_light.immersion.rep_1	4	451
pilot.round3d.session_slot.reference.assessor_002.session_04.position_05	pilot.round3d.session_slot.reference.assessor_002.session_04	pilot.round3d.sample.lot_02.medium.diluted_espresso.rep_2	5	995
pilot.round3d.session_slot.reference.assessor_002.session_04.position_06	pilot.round3d.session_slot.reference.assessor_002.session_04	pilot.round3d.sample.lot_01.extremely_dark.filter_percolation.rep_1	6	976
pilot.round3d.session_slot.reference.assessor_002.session_04.position_07	pilot.round3d.session_slot.reference.assessor_002.session_04	pilot.round3d.sample.lot_02.dark.espresso_milk.rep_2	7	680
pilot.round3d.session_slot.reference.assessor_002.session_04.position_08	pilot.round3d.session_slot.reference.assessor_002.session_04	pilot.round3d.sample.lot_01.medium_light.filter_percolation.rep_2	8	564
pilot.round3d.session_slot.reference.assessor_002.session_04.position_09	pilot.round3d.session_slot.reference.assessor_002.session_04	pilot.round3d.sample.lot_02.medium.immersion.rep_2	9	100
pilot.round3d.session_slot.reference.assessor_002.session_04.position_10	pilot.round3d.session_slot.reference.assessor_002.session_04	pilot.round3d.sample.lot_01.light.espresso_milk.rep_1	10	530
pilot.round3d.session_slot.reference.assessor_002.session_04.position_11	pilot.round3d.session_slot.reference.assessor_002.session_04	pilot.round3d.sample.lot_01.dark.cold_extraction.rep_2	11	866
pilot.round3d.session_slot.reference.assessor_002.session_05.position_01	pilot.round3d.session_slot.reference.assessor_002.session_05	pilot.round3d.sample.lot_01.medium_light.filter_percolation.rep_1	1	884
pilot.round3d.session_slot.reference.assessor_002.session_05.position_02	pilot.round3d.session_slot.reference.assessor_002.session_05	pilot.round3d.sample.lot_01.dark.hybrid.rep_1	2	105
pilot.round3d.session_slot.reference.assessor_002.session_05.position_03	pilot.round3d.session_slot.reference.assessor_002.session_05	pilot.round3d.sample.lot_02.light.immersion.rep_1	3	890
pilot.round3d.session_slot.reference.assessor_002.session_05.position_04	pilot.round3d.session_slot.reference.assessor_002.session_05	pilot.round3d.sample.lot_02.dark.filter_percolation.rep_1	4	535
pilot.round3d.session_slot.reference.assessor_002.session_05.position_05	pilot.round3d.session_slot.reference.assessor_002.session_05	pilot.round3d.sample.lot_01.dark.immersion.rep_2	5	851
pilot.round3d.session_slot.reference.assessor_002.session_05.position_06	pilot.round3d.session_slot.reference.assessor_002.session_05	pilot.round3d.sample.lot_02.extremely_light.filter_percolation.rep_2	6	686
pilot.round3d.session_slot.reference.assessor_002.session_05.position_07	pilot.round3d.session_slot.reference.assessor_002.session_05	pilot.round3d.sample.lot_01.light.cold_extraction.rep_1	7	206
pilot.round3d.session_slot.reference.assessor_002.session_05.position_08	pilot.round3d.session_slot.reference.assessor_002.session_05	pilot.round3d.sample.lot_01.medium.cold_extraction.rep_1	8	621
pilot.round3d.session_slot.reference.assessor_002.session_05.position_09	pilot.round3d.session_slot.reference.assessor_002.session_05	pilot.round3d.sample.lot_02.dark.immersion.rep_2	9	430
pilot.round3d.session_slot.reference.assessor_002.session_05.position_10	pilot.round3d.session_slot.reference.assessor_002.session_05	pilot.round3d.sample.lot_02.dark.diluted_espresso.rep_1	10	549
pilot.round3d.session_slot.reference.assessor_002.session_05.position_11	pilot.round3d.session_slot.reference.assessor_002.session_05	pilot.round3d.sample.lot_01.dark.diluted_espresso.rep_2	11	427
pilot.round3d.session_slot.reference.assessor_002.session_06.position_01	pilot.round3d.session_slot.reference.assessor_002.session_06	pilot.round3d.sample.lot_02.light.espresso_milk.rep_2	1	453
pilot.round3d.session_slot.reference.assessor_002.session_06.position_02	pilot.round3d.session_slot.reference.assessor_002.session_06	pilot.round3d.sample.lot_01.light.diluted_espresso.rep_2	2	825
pilot.round3d.session_slot.reference.assessor_002.session_06.position_03	pilot.round3d.session_slot.reference.assessor_002.session_06	pilot.round3d.sample.lot_01.dark.filter_percolation.rep_1	3	104
pilot.round3d.session_slot.reference.assessor_002.session_06.position_04	pilot.round3d.session_slot.reference.assessor_002.session_06	pilot.round3d.sample.lot_02.light.espresso_milk.rep_1	4	346
pilot.round3d.session_slot.reference.assessor_002.session_06.position_05	pilot.round3d.session_slot.reference.assessor_002.session_06	pilot.round3d.sample.lot_02.extremely_light.espresso_pressure.rep_1	5	234
pilot.round3d.session_slot.reference.assessor_002.session_06.position_06	pilot.round3d.session_slot.reference.assessor_002.session_06	pilot.round3d.sample.lot_02.dark.diluted_espresso.rep_2	6	562
pilot.round3d.session_slot.reference.assessor_002.session_06.position_07	pilot.round3d.session_slot.reference.assessor_002.session_06	pilot.round3d.sample.lot_01.light.hybrid.rep_2	7	697
pilot.round3d.session_slot.reference.assessor_002.session_06.position_08	pilot.round3d.session_slot.reference.assessor_002.session_06	pilot.round3d.sample.lot_02.extremely_dark.immersion.rep_1	8	533
pilot.round3d.session_slot.reference.assessor_002.session_06.position_09	pilot.round3d.session_slot.reference.assessor_002.session_06	pilot.round3d.sample.lot_02.dark.hybrid.rep_1	9	824
pilot.round3d.session_slot.reference.assessor_002.session_06.position_10	pilot.round3d.session_slot.reference.assessor_002.session_06	pilot.round3d.sample.lot_01.medium.immersion.rep_2	10	349
pilot.round3d.session_slot.reference.assessor_002.session_06.position_11	pilot.round3d.session_slot.reference.assessor_002.session_06	pilot.round3d.sample.lot_01.medium_light.immersion.rep_2	11	441
pilot.round3d.session_slot.reference.assessor_003.session_01.position_01	pilot.round3d.session_slot.reference.assessor_003.session_01	pilot.round3d.sample.lot_01.medium_dark.filter_percolation.rep_2	1	229
pilot.round3d.session_slot.reference.assessor_003.session_01.position_02	pilot.round3d.session_slot.reference.assessor_003.session_01	pilot.round3d.sample.lot_01.medium.espresso_pressure.rep_2	2	394
pilot.round3d.session_slot.reference.assessor_003.session_01.position_03	pilot.round3d.session_slot.reference.assessor_003.session_01	pilot.round3d.sample.lot_01.dark.filter_percolation.rep_2	3	896
pilot.round3d.session_slot.reference.assessor_003.session_01.position_04	pilot.round3d.session_slot.reference.assessor_003.session_01	pilot.round3d.sample.lot_02.medium.hybrid.rep_1	4	752
pilot.round3d.session_slot.reference.assessor_003.session_01.position_05	pilot.round3d.session_slot.reference.assessor_003.session_01	pilot.round3d.sample.lot_01.medium_light.espresso_pressure.rep_1	5	763
pilot.round3d.session_slot.reference.assessor_003.session_01.position_06	pilot.round3d.session_slot.reference.assessor_003.session_01	pilot.round3d.sample.lot_02.medium.hybrid.rep_2	6	669
pilot.round3d.session_slot.reference.assessor_003.session_01.position_07	pilot.round3d.session_slot.reference.assessor_003.session_01	pilot.round3d.sample.lot_01.dark.espresso_milk.rep_2	7	152
pilot.round3d.session_slot.reference.assessor_003.session_01.position_08	pilot.round3d.session_slot.reference.assessor_003.session_01	pilot.round3d.sample.lot_02.medium_light.immersion.rep_2	8	930
pilot.round3d.session_slot.reference.assessor_003.session_01.position_09	pilot.round3d.session_slot.reference.assessor_003.session_01	pilot.round3d.sample.lot_01.medium.hybrid.rep_2	9	115
pilot.round3d.session_slot.reference.assessor_003.session_01.position_10	pilot.round3d.session_slot.reference.assessor_003.session_01	pilot.round3d.sample.lot_02.medium.cold_extraction.rep_1	10	383
pilot.round3d.session_slot.reference.assessor_003.session_01.position_11	pilot.round3d.session_slot.reference.assessor_003.session_01	pilot.round3d.sample.lot_01.light.immersion.rep_1	11	265
pilot.round3d.session_slot.reference.assessor_003.session_02.position_01	pilot.round3d.session_slot.reference.assessor_003.session_02	pilot.round3d.sample.lot_01.dark.hybrid.rep_2	1	269
pilot.round3d.session_slot.reference.assessor_003.session_02.position_02	pilot.round3d.session_slot.reference.assessor_003.session_02	pilot.round3d.sample.lot_02.medium_light.filter_percolation.rep_2	2	733
pilot.round3d.session_slot.reference.assessor_003.session_02.position_03	pilot.round3d.session_slot.reference.assessor_003.session_02	pilot.round3d.sample.lot_01.medium_dark.immersion.rep_2	3	550
pilot.round3d.session_slot.reference.assessor_003.session_02.position_04	pilot.round3d.session_slot.reference.assessor_003.session_02	pilot.round3d.sample.lot_01.light.hybrid.rep_1	4	565
pilot.round3d.session_slot.reference.assessor_003.session_02.position_05	pilot.round3d.session_slot.reference.assessor_003.session_02	pilot.round3d.sample.lot_02.light.diluted_espresso.rep_1	5	732
pilot.round3d.session_slot.reference.assessor_003.session_02.position_06	pilot.round3d.session_slot.reference.assessor_003.session_02	pilot.round3d.sample.lot_02.extremely_light.immersion.rep_2	6	404
pilot.round3d.session_slot.reference.assessor_003.session_02.position_07	pilot.round3d.session_slot.reference.assessor_003.session_02	pilot.round3d.sample.lot_02.light.hybrid.rep_1	7	368
pilot.round3d.session_slot.reference.assessor_003.session_02.position_08	pilot.round3d.session_slot.reference.assessor_003.session_02	pilot.round3d.sample.lot_01.light.cold_extraction.rep_2	8	446
pilot.round3d.session_slot.reference.assessor_003.session_02.position_09	pilot.round3d.session_slot.reference.assessor_003.session_02	pilot.round3d.sample.lot_02.extremely_dark.filter_percolation.rep_2	9	754
pilot.round3d.session_slot.reference.assessor_003.session_02.position_10	pilot.round3d.session_slot.reference.assessor_003.session_02	pilot.round3d.sample.lot_01.medium.diluted_espresso.rep_1	10	910
pilot.round3d.session_slot.reference.assessor_003.session_02.position_11	pilot.round3d.session_slot.reference.assessor_003.session_02	pilot.round3d.sample.lot_02.dark.hybrid.rep_2	11	213
pilot.round3d.session_slot.reference.assessor_003.session_03.position_01	pilot.round3d.session_slot.reference.assessor_003.session_03	pilot.round3d.sample.lot_02.medium_dark.filter_percolation.rep_1	1	977
pilot.round3d.session_slot.reference.assessor_003.session_03.position_02	pilot.round3d.session_slot.reference.assessor_003.session_03	pilot.round3d.sample.lot_02.medium_light.espresso_pressure.rep_1	2	267
pilot.round3d.session_slot.reference.assessor_003.session_03.position_03	pilot.round3d.session_slot.reference.assessor_003.session_03	pilot.round3d.sample.lot_02.medium_light.immersion.rep_1	3	517
pilot.round3d.session_slot.reference.assessor_003.session_03.position_04	pilot.round3d.session_slot.reference.assessor_003.session_03	pilot.round3d.sample.lot_02.light.espresso_pressure.rep_2	4	678
pilot.round3d.session_slot.reference.assessor_003.session_03.position_05	pilot.round3d.session_slot.reference.assessor_003.session_03	pilot.round3d.sample.lot_01.dark.espresso_pressure.rep_1	5	541
pilot.round3d.session_slot.reference.assessor_003.session_03.position_06	pilot.round3d.session_slot.reference.assessor_003.session_03	pilot.round3d.sample.lot_01.extremely_dark.immersion.rep_2	6	288
pilot.round3d.session_slot.reference.assessor_003.session_03.position_07	pilot.round3d.session_slot.reference.assessor_003.session_03	pilot.round3d.sample.lot_02.medium.espresso_pressure.rep_2	7	323
pilot.round3d.session_slot.reference.assessor_003.session_03.position_08	pilot.round3d.session_slot.reference.assessor_003.session_03	pilot.round3d.sample.lot_02.medium.immersion.rep_1	8	406
pilot.round3d.session_slot.reference.assessor_003.session_03.position_09	pilot.round3d.session_slot.reference.assessor_003.session_03	pilot.round3d.sample.lot_01.extremely_light.espresso_pressure.rep_2	9	944
pilot.round3d.session_slot.reference.assessor_003.session_03.position_10	pilot.round3d.session_slot.reference.assessor_003.session_03	pilot.round3d.sample.lot_02.medium_dark.immersion.rep_1	10	688
pilot.round3d.session_slot.reference.assessor_003.session_03.position_11	pilot.round3d.session_slot.reference.assessor_003.session_03	pilot.round3d.sample.lot_02.extremely_light.immersion.rep_1	11	187
pilot.round3d.session_slot.reference.assessor_003.session_04.position_01	pilot.round3d.session_slot.reference.assessor_003.session_04	pilot.round3d.sample.lot_02.medium.diluted_espresso.rep_1	1	210
pilot.round3d.session_slot.reference.assessor_003.session_04.position_02	pilot.round3d.session_slot.reference.assessor_003.session_04	pilot.round3d.sample.lot_02.light.filter_percolation.rep_1	2	297
pilot.round3d.session_slot.reference.assessor_003.session_04.position_03	pilot.round3d.session_slot.reference.assessor_003.session_04	pilot.round3d.sample.lot_02.dark.cold_extraction.rep_2	3	877
pilot.round3d.session_slot.reference.assessor_003.session_04.position_04	pilot.round3d.session_slot.reference.assessor_003.session_04	pilot.round3d.sample.lot_02.light.filter_percolation.rep_2	4	332
pilot.round3d.session_slot.reference.assessor_003.session_04.position_05	pilot.round3d.session_slot.reference.assessor_003.session_04	pilot.round3d.sample.lot_01.light.espresso_pressure.rep_2	5	187
pilot.round3d.session_slot.reference.assessor_003.session_04.position_06	pilot.round3d.session_slot.reference.assessor_003.session_04	pilot.round3d.sample.lot_01.extremely_light.espresso_pressure.rep_1	6	903
pilot.round3d.session_slot.reference.assessor_003.session_04.position_07	pilot.round3d.session_slot.reference.assessor_003.session_04	pilot.round3d.sample.lot_01.extremely_light.immersion.rep_2	7	291
pilot.round3d.session_slot.reference.assessor_003.session_04.position_08	pilot.round3d.session_slot.reference.assessor_003.session_04	pilot.round3d.sample.lot_01.medium_dark.espresso_pressure.rep_2	8	840
pilot.round3d.session_slot.reference.assessor_003.session_04.position_09	pilot.round3d.session_slot.reference.assessor_003.session_04	pilot.round3d.sample.lot_01.light.filter_percolation.rep_1	9	520
pilot.round3d.session_slot.reference.assessor_003.session_04.position_10	pilot.round3d.session_slot.reference.assessor_003.session_04	pilot.round3d.sample.lot_02.light.diluted_espresso.rep_2	10	703
pilot.round3d.session_slot.reference.assessor_003.session_04.position_11	pilot.round3d.session_slot.reference.assessor_003.session_04	pilot.round3d.sample.lot_01.medium.hybrid.rep_1	11	866
pilot.round3d.session_slot.reference.assessor_003.session_05.position_01	pilot.round3d.session_slot.reference.assessor_003.session_05	pilot.round3d.sample.lot_02.light.espresso_pressure.rep_1	1	206
pilot.round3d.session_slot.reference.assessor_003.session_05.position_02	pilot.round3d.session_slot.reference.assessor_003.session_05	pilot.round3d.sample.lot_01.medium.diluted_espresso.rep_2	2	677
pilot.round3d.session_slot.reference.assessor_003.session_05.position_03	pilot.round3d.session_slot.reference.assessor_003.session_05	pilot.round3d.sample.lot_01.medium.espresso_pressure.rep_1	3	318
pilot.round3d.session_slot.reference.assessor_003.session_05.position_04	pilot.round3d.session_slot.reference.assessor_003.session_05	pilot.round3d.sample.lot_02.medium.espresso_pressure.rep_1	4	674
pilot.round3d.session_slot.reference.assessor_003.session_05.position_05	pilot.round3d.session_slot.reference.assessor_003.session_05	pilot.round3d.sample.lot_02.medium_light.espresso_pressure.rep_2	5	738
pilot.round3d.session_slot.reference.assessor_003.session_05.position_06	pilot.round3d.session_slot.reference.assessor_003.session_05	pilot.round3d.sample.lot_02.medium.filter_percolation.rep_1	6	319
pilot.round3d.session_slot.reference.assessor_003.session_05.position_07	pilot.round3d.session_slot.reference.assessor_003.session_05	pilot.round3d.sample.lot_02.dark.immersion.rep_1	7	303
pilot.round3d.session_slot.reference.assessor_003.session_05.position_08	pilot.round3d.session_slot.reference.assessor_003.session_05	pilot.round3d.sample.lot_01.dark.espresso_pressure.rep_2	8	530
pilot.round3d.session_slot.reference.assessor_003.session_05.position_09	pilot.round3d.session_slot.reference.assessor_003.session_05	pilot.round3d.sample.lot_01.medium_dark.immersion.rep_1	9	428
pilot.round3d.session_slot.reference.assessor_003.session_05.position_10	pilot.round3d.session_slot.reference.assessor_003.session_05	pilot.round3d.sample.lot_02.medium.espresso_milk.rep_2	10	681
pilot.round3d.session_slot.reference.assessor_003.session_05.position_11	pilot.round3d.session_slot.reference.assessor_003.session_05	pilot.round3d.sample.lot_01.extremely_dark.immersion.rep_1	11	952
pilot.round3d.session_slot.reference.assessor_003.session_06.position_01	pilot.round3d.session_slot.reference.assessor_003.session_06	pilot.round3d.sample.lot_01.extremely_dark.espresso_pressure.rep_2	1	527
pilot.round3d.session_slot.reference.assessor_003.session_06.position_02	pilot.round3d.session_slot.reference.assessor_003.session_06	pilot.round3d.sample.lot_01.dark.diluted_espresso.rep_1	2	716
pilot.round3d.session_slot.reference.assessor_003.session_06.position_03	pilot.round3d.session_slot.reference.assessor_003.session_06	pilot.round3d.sample.lot_01.medium_light.espresso_pressure.rep_2	3	715
pilot.round3d.session_slot.reference.assessor_003.session_06.position_04	pilot.round3d.session_slot.reference.assessor_003.session_06	pilot.round3d.sample.lot_02.extremely_light.espresso_pressure.rep_2	4	434
pilot.round3d.session_slot.reference.assessor_003.session_06.position_05	pilot.round3d.session_slot.reference.assessor_003.session_06	pilot.round3d.sample.lot_02.light.cold_extraction.rep_1	5	235
pilot.round3d.session_slot.reference.assessor_003.session_06.position_06	pilot.round3d.session_slot.reference.assessor_003.session_06	pilot.round3d.sample.lot_01.light.filter_percolation.rep_2	6	888
pilot.round3d.session_slot.reference.assessor_003.session_06.position_07	pilot.round3d.session_slot.reference.assessor_003.session_06	pilot.round3d.sample.lot_01.medium_dark.filter_percolation.rep_1	7	422
pilot.round3d.session_slot.reference.assessor_003.session_06.position_08	pilot.round3d.session_slot.reference.assessor_003.session_06	pilot.round3d.sample.lot_01.light.immersion.rep_2	8	382
pilot.round3d.session_slot.reference.assessor_003.session_06.position_09	pilot.round3d.session_slot.reference.assessor_003.session_06	pilot.round3d.sample.lot_02.extremely_dark.immersion.rep_2	9	338
pilot.round3d.session_slot.reference.assessor_003.session_06.position_10	pilot.round3d.session_slot.reference.assessor_003.session_06	pilot.round3d.sample.lot_01.medium.filter_percolation.rep_2	10	480
pilot.round3d.session_slot.reference.assessor_003.session_06.position_11	pilot.round3d.session_slot.reference.assessor_003.session_06	pilot.round3d.sample.lot_02.extremely_dark.espresso_pressure.rep_2	11	294
pilot.round3d.session_slot.reference.assessor_004.session_01.position_01	pilot.round3d.session_slot.reference.assessor_004.session_01	pilot.round3d.sample.lot_01.extremely_light.immersion.rep_1	1	194
pilot.round3d.session_slot.reference.assessor_004.session_01.position_02	pilot.round3d.session_slot.reference.assessor_004.session_01	pilot.round3d.sample.lot_01.extremely_light.filter_percolation.rep_2	2	992
pilot.round3d.session_slot.reference.assessor_004.session_01.position_03	pilot.round3d.session_slot.reference.assessor_004.session_01	pilot.round3d.sample.lot_01.light.diluted_espresso.rep_1	3	282
pilot.round3d.session_slot.reference.assessor_004.session_01.position_04	pilot.round3d.session_slot.reference.assessor_004.session_01	pilot.round3d.sample.lot_01.medium.espresso_milk.rep_2	4	783
pilot.round3d.session_slot.reference.assessor_004.session_01.position_05	pilot.round3d.session_slot.reference.assessor_004.session_01	pilot.round3d.sample.lot_01.dark.immersion.rep_1	5	599
pilot.round3d.session_slot.reference.assessor_004.session_01.position_06	pilot.round3d.session_slot.reference.assessor_004.session_01	pilot.round3d.sample.lot_02.medium.espresso_milk.rep_1	6	893
pilot.round3d.session_slot.reference.assessor_004.session_01.position_07	pilot.round3d.session_slot.reference.assessor_004.session_01	pilot.round3d.sample.lot_02.extremely_light.filter_percolation.rep_1	7	335
pilot.round3d.session_slot.reference.assessor_004.session_01.position_08	pilot.round3d.session_slot.reference.assessor_004.session_01	pilot.round3d.sample.lot_02.dark.espresso_pressure.rep_1	8	678
pilot.round3d.session_slot.reference.assessor_004.session_01.position_09	pilot.round3d.session_slot.reference.assessor_004.session_01	pilot.round3d.sample.lot_02.light.hybrid.rep_2	9	424
pilot.round3d.session_slot.reference.assessor_004.session_01.position_10	pilot.round3d.session_slot.reference.assessor_004.session_01	pilot.round3d.sample.lot_02.dark.filter_percolation.rep_2	10	133
pilot.round3d.session_slot.reference.assessor_004.session_01.position_11	pilot.round3d.session_slot.reference.assessor_004.session_01	pilot.round3d.sample.lot_02.medium.filter_percolation.rep_2	11	985
pilot.round3d.session_slot.reference.assessor_004.session_02.position_01	pilot.round3d.session_slot.reference.assessor_004.session_02	pilot.round3d.sample.lot_02.medium_dark.espresso_pressure.rep_1	1	806
pilot.round3d.session_slot.reference.assessor_004.session_02.position_02	pilot.round3d.session_slot.reference.assessor_004.session_02	pilot.round3d.sample.lot_01.medium.immersion.rep_1	2	854
pilot.round3d.session_slot.reference.assessor_004.session_02.position_03	pilot.round3d.session_slot.reference.assessor_004.session_02	pilot.round3d.sample.lot_02.medium_light.filter_percolation.rep_1	3	989
pilot.round3d.session_slot.reference.assessor_004.session_02.position_04	pilot.round3d.session_slot.reference.assessor_004.session_02	pilot.round3d.sample.lot_02.dark.cold_extraction.rep_1	4	894
pilot.round3d.session_slot.reference.assessor_004.session_02.position_05	pilot.round3d.session_slot.reference.assessor_004.session_02	pilot.round3d.sample.lot_01.light.espresso_milk.rep_2	5	553
pilot.round3d.session_slot.reference.assessor_004.session_02.position_06	pilot.round3d.session_slot.reference.assessor_004.session_02	pilot.round3d.sample.lot_01.medium_dark.espresso_pressure.rep_1	6	396
pilot.round3d.session_slot.reference.assessor_004.session_02.position_07	pilot.round3d.session_slot.reference.assessor_004.session_02	pilot.round3d.sample.lot_02.dark.espresso_milk.rep_1	7	558
pilot.round3d.session_slot.reference.assessor_004.session_02.position_08	pilot.round3d.session_slot.reference.assessor_004.session_02	pilot.round3d.sample.lot_01.dark.espresso_milk.rep_1	8	375
pilot.round3d.session_slot.reference.assessor_004.session_02.position_09	pilot.round3d.session_slot.reference.assessor_004.session_02	pilot.round3d.sample.lot_01.medium_light.immersion.rep_1	9	914
pilot.round3d.session_slot.reference.assessor_004.session_02.position_10	pilot.round3d.session_slot.reference.assessor_004.session_02	pilot.round3d.sample.lot_02.medium.diluted_espresso.rep_2	10	330
pilot.round3d.session_slot.reference.assessor_004.session_02.position_11	pilot.round3d.session_slot.reference.assessor_004.session_02	pilot.round3d.sample.lot_01.extremely_dark.filter_percolation.rep_1	11	413
pilot.round3d.session_slot.reference.assessor_004.session_03.position_01	pilot.round3d.session_slot.reference.assessor_004.session_03	pilot.round3d.sample.lot_02.dark.espresso_milk.rep_2	1	626
pilot.round3d.session_slot.reference.assessor_004.session_03.position_02	pilot.round3d.session_slot.reference.assessor_004.session_03	pilot.round3d.sample.lot_01.medium_light.filter_percolation.rep_2	2	833
pilot.round3d.session_slot.reference.assessor_004.session_03.position_03	pilot.round3d.session_slot.reference.assessor_004.session_03	pilot.round3d.sample.lot_02.medium.immersion.rep_2	3	546
pilot.round3d.session_slot.reference.assessor_004.session_03.position_04	pilot.round3d.session_slot.reference.assessor_004.session_03	pilot.round3d.sample.lot_01.light.espresso_milk.rep_1	4	228
pilot.round3d.session_slot.reference.assessor_004.session_03.position_05	pilot.round3d.session_slot.reference.assessor_004.session_03	pilot.round3d.sample.lot_01.dark.cold_extraction.rep_2	5	104
pilot.round3d.session_slot.reference.assessor_004.session_03.position_06	pilot.round3d.session_slot.reference.assessor_004.session_03	pilot.round3d.sample.lot_01.medium_light.filter_percolation.rep_1	6	253
pilot.round3d.session_slot.reference.assessor_004.session_03.position_07	pilot.round3d.session_slot.reference.assessor_004.session_03	pilot.round3d.sample.lot_01.dark.hybrid.rep_1	7	735
pilot.round3d.session_slot.reference.assessor_004.session_03.position_08	pilot.round3d.session_slot.reference.assessor_004.session_03	pilot.round3d.sample.lot_02.light.immersion.rep_1	8	345
pilot.round3d.session_slot.reference.assessor_004.session_03.position_09	pilot.round3d.session_slot.reference.assessor_004.session_03	pilot.round3d.sample.lot_02.dark.filter_percolation.rep_1	9	574
pilot.round3d.session_slot.reference.assessor_004.session_03.position_10	pilot.round3d.session_slot.reference.assessor_004.session_03	pilot.round3d.sample.lot_01.dark.immersion.rep_2	10	880
pilot.round3d.session_slot.reference.assessor_004.session_03.position_11	pilot.round3d.session_slot.reference.assessor_004.session_03	pilot.round3d.sample.lot_02.extremely_light.filter_percolation.rep_2	11	575
pilot.round3d.session_slot.reference.assessor_004.session_04.position_01	pilot.round3d.session_slot.reference.assessor_004.session_04	pilot.round3d.sample.lot_01.light.cold_extraction.rep_1	1	406
pilot.round3d.session_slot.reference.assessor_004.session_04.position_02	pilot.round3d.session_slot.reference.assessor_004.session_04	pilot.round3d.sample.lot_01.medium.cold_extraction.rep_1	2	166
pilot.round3d.session_slot.reference.assessor_004.session_04.position_03	pilot.round3d.session_slot.reference.assessor_004.session_04	pilot.round3d.sample.lot_02.dark.immersion.rep_2	3	299
pilot.round3d.session_slot.reference.assessor_004.session_04.position_04	pilot.round3d.session_slot.reference.assessor_004.session_04	pilot.round3d.sample.lot_02.dark.diluted_espresso.rep_1	4	135
pilot.round3d.session_slot.reference.assessor_004.session_04.position_05	pilot.round3d.session_slot.reference.assessor_004.session_04	pilot.round3d.sample.lot_01.dark.diluted_espresso.rep_2	5	564
pilot.round3d.session_slot.reference.assessor_004.session_04.position_06	pilot.round3d.session_slot.reference.assessor_004.session_04	pilot.round3d.sample.lot_02.light.espresso_milk.rep_2	6	274
pilot.round3d.session_slot.reference.assessor_004.session_04.position_07	pilot.round3d.session_slot.reference.assessor_004.session_04	pilot.round3d.sample.lot_01.light.diluted_espresso.rep_2	7	197
pilot.round3d.session_slot.reference.assessor_004.session_04.position_08	pilot.round3d.session_slot.reference.assessor_004.session_04	pilot.round3d.sample.lot_01.dark.filter_percolation.rep_1	8	920
pilot.round3d.session_slot.reference.assessor_004.session_04.position_09	pilot.round3d.session_slot.reference.assessor_004.session_04	pilot.round3d.sample.lot_02.light.espresso_milk.rep_1	9	993
pilot.round3d.session_slot.reference.assessor_004.session_04.position_10	pilot.round3d.session_slot.reference.assessor_004.session_04	pilot.round3d.sample.lot_02.extremely_light.espresso_pressure.rep_1	10	738
pilot.round3d.session_slot.reference.assessor_004.session_04.position_11	pilot.round3d.session_slot.reference.assessor_004.session_04	pilot.round3d.sample.lot_02.dark.diluted_espresso.rep_2	11	308
pilot.round3d.session_slot.reference.assessor_004.session_05.position_01	pilot.round3d.session_slot.reference.assessor_004.session_05	pilot.round3d.sample.lot_01.light.hybrid.rep_2	1	480
pilot.round3d.session_slot.reference.assessor_004.session_05.position_02	pilot.round3d.session_slot.reference.assessor_004.session_05	pilot.round3d.sample.lot_02.extremely_dark.immersion.rep_1	2	474
pilot.round3d.session_slot.reference.assessor_004.session_05.position_03	pilot.round3d.session_slot.reference.assessor_004.session_05	pilot.round3d.sample.lot_02.dark.hybrid.rep_1	3	574
pilot.round3d.session_slot.reference.assessor_004.session_05.position_04	pilot.round3d.session_slot.reference.assessor_004.session_05	pilot.round3d.sample.lot_01.medium.immersion.rep_2	4	270
pilot.round3d.session_slot.reference.assessor_004.session_05.position_05	pilot.round3d.session_slot.reference.assessor_004.session_05	pilot.round3d.sample.lot_01.medium_light.immersion.rep_2	5	193
pilot.round3d.session_slot.reference.assessor_004.session_05.position_06	pilot.round3d.session_slot.reference.assessor_004.session_05	pilot.round3d.sample.lot_02.medium_dark.filter_percolation.rep_2	6	123
pilot.round3d.session_slot.reference.assessor_004.session_05.position_07	pilot.round3d.session_slot.reference.assessor_004.session_05	pilot.round3d.sample.lot_01.extremely_light.filter_percolation.rep_1	7	460
pilot.round3d.session_slot.reference.assessor_004.session_05.position_08	pilot.round3d.session_slot.reference.assessor_004.session_05	pilot.round3d.sample.lot_02.medium_dark.espresso_pressure.rep_2	8	982
pilot.round3d.session_slot.reference.assessor_004.session_05.position_09	pilot.round3d.session_slot.reference.assessor_004.session_05	pilot.round3d.sample.lot_01.medium.filter_percolation.rep_1	9	894
pilot.round3d.session_slot.reference.assessor_004.session_05.position_10	pilot.round3d.session_slot.reference.assessor_004.session_05	pilot.round3d.sample.lot_01.medium.cold_extraction.rep_2	10	522
pilot.round3d.session_slot.reference.assessor_004.session_05.position_11	pilot.round3d.session_slot.reference.assessor_004.session_05	pilot.round3d.sample.lot_01.extremely_dark.espresso_pressure.rep_1	11	222
pilot.round3d.session_slot.reference.assessor_004.session_06.position_01	pilot.round3d.session_slot.reference.assessor_004.session_06	pilot.round3d.sample.lot_02.extremely_dark.filter_percolation.rep_1	1	112
pilot.round3d.session_slot.reference.assessor_004.session_06.position_02	pilot.round3d.session_slot.reference.assessor_004.session_06	pilot.round3d.sample.lot_01.light.espresso_pressure.rep_1	2	720
pilot.round3d.session_slot.reference.assessor_004.session_06.position_03	pilot.round3d.session_slot.reference.assessor_004.session_06	pilot.round3d.sample.lot_02.dark.espresso_pressure.rep_2	3	713
pilot.round3d.session_slot.reference.assessor_004.session_06.position_04	pilot.round3d.session_slot.reference.assessor_004.session_06	pilot.round3d.sample.lot_02.medium_dark.immersion.rep_2	4	526
pilot.round3d.session_slot.reference.assessor_004.session_06.position_05	pilot.round3d.session_slot.reference.assessor_004.session_06	pilot.round3d.sample.lot_02.light.immersion.rep_2	5	512
pilot.round3d.session_slot.reference.assessor_004.session_06.position_06	pilot.round3d.session_slot.reference.assessor_004.session_06	pilot.round3d.sample.lot_01.medium.espresso_milk.rep_1	6	606
pilot.round3d.session_slot.reference.assessor_004.session_06.position_07	pilot.round3d.session_slot.reference.assessor_004.session_06	pilot.round3d.sample.lot_02.medium.cold_extraction.rep_2	7	418
pilot.round3d.session_slot.reference.assessor_004.session_06.position_08	pilot.round3d.session_slot.reference.assessor_004.session_06	pilot.round3d.sample.lot_02.light.cold_extraction.rep_2	8	706
pilot.round3d.session_slot.reference.assessor_004.session_06.position_09	pilot.round3d.session_slot.reference.assessor_004.session_06	pilot.round3d.sample.lot_02.extremely_dark.espresso_pressure.rep_1	9	480
pilot.round3d.session_slot.reference.assessor_004.session_06.position_10	pilot.round3d.session_slot.reference.assessor_004.session_06	pilot.round3d.sample.lot_01.dark.cold_extraction.rep_1	10	567
pilot.round3d.session_slot.reference.assessor_004.session_06.position_11	pilot.round3d.session_slot.reference.assessor_004.session_06	pilot.round3d.sample.lot_01.extremely_dark.filter_percolation.rep_2	11	242
pilot.round3d.session_slot.reference.assessor_005.session_01.position_01	pilot.round3d.session_slot.reference.assessor_005.session_01	pilot.round3d.sample.lot_02.light.hybrid.rep_1	1	852
pilot.round3d.session_slot.reference.assessor_005.session_01.position_02	pilot.round3d.session_slot.reference.assessor_005.session_01	pilot.round3d.sample.lot_01.light.cold_extraction.rep_2	2	333
pilot.round3d.session_slot.reference.assessor_005.session_01.position_03	pilot.round3d.session_slot.reference.assessor_005.session_01	pilot.round3d.sample.lot_02.extremely_dark.filter_percolation.rep_2	3	542
pilot.round3d.session_slot.reference.assessor_005.session_01.position_04	pilot.round3d.session_slot.reference.assessor_005.session_01	pilot.round3d.sample.lot_01.medium.diluted_espresso.rep_1	4	354
pilot.round3d.session_slot.reference.assessor_005.session_01.position_05	pilot.round3d.session_slot.reference.assessor_005.session_01	pilot.round3d.sample.lot_02.dark.hybrid.rep_2	5	749
pilot.round3d.session_slot.reference.assessor_005.session_01.position_06	pilot.round3d.session_slot.reference.assessor_005.session_01	pilot.round3d.sample.lot_02.medium_dark.filter_percolation.rep_1	6	308
pilot.round3d.session_slot.reference.assessor_005.session_01.position_07	pilot.round3d.session_slot.reference.assessor_005.session_01	pilot.round3d.sample.lot_02.medium_light.espresso_pressure.rep_1	7	576
pilot.round3d.session_slot.reference.assessor_005.session_01.position_08	pilot.round3d.session_slot.reference.assessor_005.session_01	pilot.round3d.sample.lot_02.medium_light.immersion.rep_1	8	619
pilot.round3d.session_slot.reference.assessor_005.session_01.position_09	pilot.round3d.session_slot.reference.assessor_005.session_01	pilot.round3d.sample.lot_02.light.espresso_pressure.rep_2	9	785
pilot.round3d.session_slot.reference.assessor_005.session_01.position_10	pilot.round3d.session_slot.reference.assessor_005.session_01	pilot.round3d.sample.lot_01.dark.espresso_pressure.rep_1	10	710
pilot.round3d.session_slot.reference.assessor_005.session_01.position_11	pilot.round3d.session_slot.reference.assessor_005.session_01	pilot.round3d.sample.lot_01.extremely_dark.immersion.rep_2	11	232
pilot.round3d.session_slot.reference.assessor_005.session_02.position_01	pilot.round3d.session_slot.reference.assessor_005.session_02	pilot.round3d.sample.lot_02.medium.espresso_pressure.rep_2	1	408
pilot.round3d.session_slot.reference.assessor_005.session_02.position_02	pilot.round3d.session_slot.reference.assessor_005.session_02	pilot.round3d.sample.lot_02.medium.immersion.rep_1	2	736
pilot.round3d.session_slot.reference.assessor_005.session_02.position_03	pilot.round3d.session_slot.reference.assessor_005.session_02	pilot.round3d.sample.lot_01.extremely_light.espresso_pressure.rep_2	3	871
pilot.round3d.session_slot.reference.assessor_005.session_02.position_04	pilot.round3d.session_slot.reference.assessor_005.session_02	pilot.round3d.sample.lot_02.medium_dark.immersion.rep_1	4	583
pilot.round3d.session_slot.reference.assessor_005.session_02.position_05	pilot.round3d.session_slot.reference.assessor_005.session_02	pilot.round3d.sample.lot_02.extremely_light.immersion.rep_1	5	793
pilot.round3d.session_slot.reference.assessor_005.session_02.position_06	pilot.round3d.session_slot.reference.assessor_005.session_02	pilot.round3d.sample.lot_02.medium.diluted_espresso.rep_1	6	738
pilot.round3d.session_slot.reference.assessor_005.session_02.position_07	pilot.round3d.session_slot.reference.assessor_005.session_02	pilot.round3d.sample.lot_02.light.filter_percolation.rep_1	7	334
pilot.round3d.session_slot.reference.assessor_005.session_02.position_08	pilot.round3d.session_slot.reference.assessor_005.session_02	pilot.round3d.sample.lot_02.dark.cold_extraction.rep_2	8	389
pilot.round3d.session_slot.reference.assessor_005.session_02.position_09	pilot.round3d.session_slot.reference.assessor_005.session_02	pilot.round3d.sample.lot_02.light.filter_percolation.rep_2	9	383
pilot.round3d.session_slot.reference.assessor_005.session_02.position_10	pilot.round3d.session_slot.reference.assessor_005.session_02	pilot.round3d.sample.lot_01.light.espresso_pressure.rep_2	10	698
pilot.round3d.session_slot.reference.assessor_005.session_02.position_11	pilot.round3d.session_slot.reference.assessor_005.session_02	pilot.round3d.sample.lot_01.extremely_light.espresso_pressure.rep_1	11	431
pilot.round3d.session_slot.reference.assessor_005.session_03.position_01	pilot.round3d.session_slot.reference.assessor_005.session_03	pilot.round3d.sample.lot_01.extremely_light.immersion.rep_2	1	751
pilot.round3d.session_slot.reference.assessor_005.session_03.position_02	pilot.round3d.session_slot.reference.assessor_005.session_03	pilot.round3d.sample.lot_01.medium_dark.espresso_pressure.rep_2	2	951
pilot.round3d.session_slot.reference.assessor_005.session_03.position_03	pilot.round3d.session_slot.reference.assessor_005.session_03	pilot.round3d.sample.lot_01.light.filter_percolation.rep_1	3	242
pilot.round3d.session_slot.reference.assessor_005.session_03.position_04	pilot.round3d.session_slot.reference.assessor_005.session_03	pilot.round3d.sample.lot_02.light.diluted_espresso.rep_2	4	633
pilot.round3d.session_slot.reference.assessor_005.session_03.position_05	pilot.round3d.session_slot.reference.assessor_005.session_03	pilot.round3d.sample.lot_01.medium.hybrid.rep_1	5	581
pilot.round3d.session_slot.reference.assessor_005.session_03.position_06	pilot.round3d.session_slot.reference.assessor_005.session_03	pilot.round3d.sample.lot_02.light.espresso_pressure.rep_1	6	518
pilot.round3d.session_slot.reference.assessor_005.session_03.position_07	pilot.round3d.session_slot.reference.assessor_005.session_03	pilot.round3d.sample.lot_01.medium.diluted_espresso.rep_2	7	777
pilot.round3d.session_slot.reference.assessor_005.session_03.position_08	pilot.round3d.session_slot.reference.assessor_005.session_03	pilot.round3d.sample.lot_01.medium.espresso_pressure.rep_1	8	700
pilot.round3d.session_slot.reference.assessor_005.session_03.position_09	pilot.round3d.session_slot.reference.assessor_005.session_03	pilot.round3d.sample.lot_02.medium.espresso_pressure.rep_1	9	871
pilot.round3d.session_slot.reference.assessor_005.session_03.position_10	pilot.round3d.session_slot.reference.assessor_005.session_03	pilot.round3d.sample.lot_02.medium_light.espresso_pressure.rep_2	10	899
pilot.round3d.session_slot.reference.assessor_005.session_03.position_11	pilot.round3d.session_slot.reference.assessor_005.session_03	pilot.round3d.sample.lot_02.medium.filter_percolation.rep_1	11	702
pilot.round3d.session_slot.reference.assessor_005.session_04.position_01	pilot.round3d.session_slot.reference.assessor_005.session_04	pilot.round3d.sample.lot_02.dark.immersion.rep_1	1	545
pilot.round3d.session_slot.reference.assessor_005.session_04.position_02	pilot.round3d.session_slot.reference.assessor_005.session_04	pilot.round3d.sample.lot_01.dark.espresso_pressure.rep_2	2	353
pilot.round3d.session_slot.reference.assessor_005.session_04.position_03	pilot.round3d.session_slot.reference.assessor_005.session_04	pilot.round3d.sample.lot_01.medium_dark.immersion.rep_1	3	787
pilot.round3d.session_slot.reference.assessor_005.session_04.position_04	pilot.round3d.session_slot.reference.assessor_005.session_04	pilot.round3d.sample.lot_02.medium.espresso_milk.rep_2	4	212
pilot.round3d.session_slot.reference.assessor_005.session_04.position_05	pilot.round3d.session_slot.reference.assessor_005.session_04	pilot.round3d.sample.lot_01.extremely_dark.immersion.rep_1	5	440
pilot.round3d.session_slot.reference.assessor_005.session_04.position_06	pilot.round3d.session_slot.reference.assessor_005.session_04	pilot.round3d.sample.lot_01.extremely_dark.espresso_pressure.rep_2	6	438
pilot.round3d.session_slot.reference.assessor_005.session_04.position_07	pilot.round3d.session_slot.reference.assessor_005.session_04	pilot.round3d.sample.lot_01.dark.diluted_espresso.rep_1	7	961
pilot.round3d.session_slot.reference.assessor_005.session_04.position_08	pilot.round3d.session_slot.reference.assessor_005.session_04	pilot.round3d.sample.lot_01.medium_light.espresso_pressure.rep_2	8	726
pilot.round3d.session_slot.reference.assessor_005.session_04.position_09	pilot.round3d.session_slot.reference.assessor_005.session_04	pilot.round3d.sample.lot_02.extremely_light.espresso_pressure.rep_2	9	436
pilot.round3d.session_slot.reference.assessor_005.session_04.position_10	pilot.round3d.session_slot.reference.assessor_005.session_04	pilot.round3d.sample.lot_02.light.cold_extraction.rep_1	10	691
pilot.round3d.session_slot.reference.assessor_005.session_04.position_11	pilot.round3d.session_slot.reference.assessor_005.session_04	pilot.round3d.sample.lot_01.light.filter_percolation.rep_2	11	238
pilot.round3d.session_slot.reference.assessor_005.session_05.position_01	pilot.round3d.session_slot.reference.assessor_005.session_05	pilot.round3d.sample.lot_01.medium_dark.filter_percolation.rep_1	1	932
pilot.round3d.session_slot.reference.assessor_005.session_05.position_02	pilot.round3d.session_slot.reference.assessor_005.session_05	pilot.round3d.sample.lot_01.light.immersion.rep_2	2	779
pilot.round3d.session_slot.reference.assessor_005.session_05.position_03	pilot.round3d.session_slot.reference.assessor_005.session_05	pilot.round3d.sample.lot_02.extremely_dark.immersion.rep_2	3	338
pilot.round3d.session_slot.reference.assessor_005.session_05.position_04	pilot.round3d.session_slot.reference.assessor_005.session_05	pilot.round3d.sample.lot_01.medium.filter_percolation.rep_2	4	257
pilot.round3d.session_slot.reference.assessor_005.session_05.position_05	pilot.round3d.session_slot.reference.assessor_005.session_05	pilot.round3d.sample.lot_02.extremely_dark.espresso_pressure.rep_2	5	462
pilot.round3d.session_slot.reference.assessor_005.session_05.position_06	pilot.round3d.session_slot.reference.assessor_005.session_05	pilot.round3d.sample.lot_01.extremely_light.immersion.rep_1	6	629
pilot.round3d.session_slot.reference.assessor_005.session_05.position_07	pilot.round3d.session_slot.reference.assessor_005.session_05	pilot.round3d.sample.lot_01.extremely_light.filter_percolation.rep_2	7	713
pilot.round3d.session_slot.reference.assessor_005.session_05.position_08	pilot.round3d.session_slot.reference.assessor_005.session_05	pilot.round3d.sample.lot_01.light.diluted_espresso.rep_1	8	605
pilot.round3d.session_slot.reference.assessor_005.session_05.position_09	pilot.round3d.session_slot.reference.assessor_005.session_05	pilot.round3d.sample.lot_01.medium.espresso_milk.rep_2	9	310
pilot.round3d.session_slot.reference.assessor_005.session_05.position_10	pilot.round3d.session_slot.reference.assessor_005.session_05	pilot.round3d.sample.lot_01.dark.immersion.rep_1	10	413
pilot.round3d.session_slot.reference.assessor_005.session_05.position_11	pilot.round3d.session_slot.reference.assessor_005.session_05	pilot.round3d.sample.lot_02.medium.espresso_milk.rep_1	11	787
pilot.round3d.session_slot.reference.assessor_005.session_06.position_01	pilot.round3d.session_slot.reference.assessor_005.session_06	pilot.round3d.sample.lot_02.extremely_light.filter_percolation.rep_1	1	844
pilot.round3d.session_slot.reference.assessor_005.session_06.position_02	pilot.round3d.session_slot.reference.assessor_005.session_06	pilot.round3d.sample.lot_02.dark.espresso_pressure.rep_1	2	266
pilot.round3d.session_slot.reference.assessor_005.session_06.position_03	pilot.round3d.session_slot.reference.assessor_005.session_06	pilot.round3d.sample.lot_02.light.hybrid.rep_2	3	218
pilot.round3d.session_slot.reference.assessor_005.session_06.position_04	pilot.round3d.session_slot.reference.assessor_005.session_06	pilot.round3d.sample.lot_02.dark.filter_percolation.rep_2	4	794
pilot.round3d.session_slot.reference.assessor_005.session_06.position_05	pilot.round3d.session_slot.reference.assessor_005.session_06	pilot.round3d.sample.lot_02.medium.filter_percolation.rep_2	5	279
pilot.round3d.session_slot.reference.assessor_005.session_06.position_06	pilot.round3d.session_slot.reference.assessor_005.session_06	pilot.round3d.sample.lot_02.medium_dark.espresso_pressure.rep_1	6	576
pilot.round3d.session_slot.reference.assessor_005.session_06.position_07	pilot.round3d.session_slot.reference.assessor_005.session_06	pilot.round3d.sample.lot_01.medium.immersion.rep_1	7	398
pilot.round3d.session_slot.reference.assessor_005.session_06.position_08	pilot.round3d.session_slot.reference.assessor_005.session_06	pilot.round3d.sample.lot_02.medium_light.filter_percolation.rep_1	8	388
pilot.round3d.session_slot.reference.assessor_005.session_06.position_09	pilot.round3d.session_slot.reference.assessor_005.session_06	pilot.round3d.sample.lot_02.dark.cold_extraction.rep_1	9	804
pilot.round3d.session_slot.reference.assessor_005.session_06.position_10	pilot.round3d.session_slot.reference.assessor_005.session_06	pilot.round3d.sample.lot_01.light.espresso_milk.rep_2	10	571
pilot.round3d.session_slot.reference.assessor_005.session_06.position_11	pilot.round3d.session_slot.reference.assessor_005.session_06	pilot.round3d.sample.lot_01.medium_dark.espresso_pressure.rep_1	11	903
pilot.round3d.session_slot.reference.assessor_006.session_01.position_01	pilot.round3d.session_slot.reference.assessor_006.session_01	pilot.round3d.sample.lot_02.dark.espresso_milk.rep_1	1	374
pilot.round3d.session_slot.reference.assessor_006.session_01.position_02	pilot.round3d.session_slot.reference.assessor_006.session_01	pilot.round3d.sample.lot_01.dark.espresso_milk.rep_1	2	508
pilot.round3d.session_slot.reference.assessor_006.session_01.position_03	pilot.round3d.session_slot.reference.assessor_006.session_01	pilot.round3d.sample.lot_01.medium_light.immersion.rep_1	3	175
pilot.round3d.session_slot.reference.assessor_006.session_01.position_04	pilot.round3d.session_slot.reference.assessor_006.session_01	pilot.round3d.sample.lot_02.medium.diluted_espresso.rep_2	4	490
pilot.round3d.session_slot.reference.assessor_006.session_01.position_05	pilot.round3d.session_slot.reference.assessor_006.session_01	pilot.round3d.sample.lot_01.extremely_dark.filter_percolation.rep_1	5	400
pilot.round3d.session_slot.reference.assessor_006.session_01.position_06	pilot.round3d.session_slot.reference.assessor_006.session_01	pilot.round3d.sample.lot_02.dark.espresso_milk.rep_2	6	644
pilot.round3d.session_slot.reference.assessor_006.session_01.position_07	pilot.round3d.session_slot.reference.assessor_006.session_01	pilot.round3d.sample.lot_01.medium_light.filter_percolation.rep_2	7	521
pilot.round3d.session_slot.reference.assessor_006.session_01.position_08	pilot.round3d.session_slot.reference.assessor_006.session_01	pilot.round3d.sample.lot_02.medium.immersion.rep_2	8	154
pilot.round3d.session_slot.reference.assessor_006.session_01.position_09	pilot.round3d.session_slot.reference.assessor_006.session_01	pilot.round3d.sample.lot_01.light.espresso_milk.rep_1	9	603
pilot.round3d.session_slot.reference.assessor_006.session_01.position_10	pilot.round3d.session_slot.reference.assessor_006.session_01	pilot.round3d.sample.lot_01.dark.cold_extraction.rep_2	10	575
pilot.round3d.session_slot.reference.assessor_006.session_01.position_11	pilot.round3d.session_slot.reference.assessor_006.session_01	pilot.round3d.sample.lot_01.medium_light.filter_percolation.rep_1	11	345
pilot.round3d.session_slot.reference.assessor_006.session_02.position_01	pilot.round3d.session_slot.reference.assessor_006.session_02	pilot.round3d.sample.lot_01.dark.hybrid.rep_1	1	748
pilot.round3d.session_slot.reference.assessor_006.session_02.position_02	pilot.round3d.session_slot.reference.assessor_006.session_02	pilot.round3d.sample.lot_02.light.immersion.rep_1	2	196
pilot.round3d.session_slot.reference.assessor_006.session_02.position_03	pilot.round3d.session_slot.reference.assessor_006.session_02	pilot.round3d.sample.lot_02.dark.filter_percolation.rep_1	3	411
pilot.round3d.session_slot.reference.assessor_006.session_02.position_04	pilot.round3d.session_slot.reference.assessor_006.session_02	pilot.round3d.sample.lot_01.dark.immersion.rep_2	4	528
pilot.round3d.session_slot.reference.assessor_006.session_02.position_05	pilot.round3d.session_slot.reference.assessor_006.session_02	pilot.round3d.sample.lot_02.extremely_light.filter_percolation.rep_2	5	112
pilot.round3d.session_slot.reference.assessor_006.session_02.position_06	pilot.round3d.session_slot.reference.assessor_006.session_02	pilot.round3d.sample.lot_01.light.cold_extraction.rep_1	6	385
pilot.round3d.session_slot.reference.assessor_006.session_02.position_07	pilot.round3d.session_slot.reference.assessor_006.session_02	pilot.round3d.sample.lot_01.medium.cold_extraction.rep_1	7	466
pilot.round3d.session_slot.reference.assessor_006.session_02.position_08	pilot.round3d.session_slot.reference.assessor_006.session_02	pilot.round3d.sample.lot_02.dark.immersion.rep_2	8	878
pilot.round3d.session_slot.reference.assessor_006.session_02.position_09	pilot.round3d.session_slot.reference.assessor_006.session_02	pilot.round3d.sample.lot_02.dark.diluted_espresso.rep_1	9	889
pilot.round3d.session_slot.reference.assessor_006.session_02.position_10	pilot.round3d.session_slot.reference.assessor_006.session_02	pilot.round3d.sample.lot_01.dark.diluted_espresso.rep_2	10	418
pilot.round3d.session_slot.reference.assessor_006.session_02.position_11	pilot.round3d.session_slot.reference.assessor_006.session_02	pilot.round3d.sample.lot_02.light.espresso_milk.rep_2	11	618
pilot.round3d.session_slot.reference.assessor_006.session_03.position_01	pilot.round3d.session_slot.reference.assessor_006.session_03	pilot.round3d.sample.lot_01.light.diluted_espresso.rep_2	1	785
pilot.round3d.session_slot.reference.assessor_006.session_03.position_02	pilot.round3d.session_slot.reference.assessor_006.session_03	pilot.round3d.sample.lot_01.dark.filter_percolation.rep_1	2	151
pilot.round3d.session_slot.reference.assessor_006.session_03.position_03	pilot.round3d.session_slot.reference.assessor_006.session_03	pilot.round3d.sample.lot_02.light.espresso_milk.rep_1	3	774
pilot.round3d.session_slot.reference.assessor_006.session_03.position_04	pilot.round3d.session_slot.reference.assessor_006.session_03	pilot.round3d.sample.lot_02.extremely_light.espresso_pressure.rep_1	4	566
pilot.round3d.session_slot.reference.assessor_006.session_03.position_05	pilot.round3d.session_slot.reference.assessor_006.session_03	pilot.round3d.sample.lot_02.dark.diluted_espresso.rep_2	5	922
pilot.round3d.session_slot.reference.assessor_006.session_03.position_06	pilot.round3d.session_slot.reference.assessor_006.session_03	pilot.round3d.sample.lot_01.light.hybrid.rep_2	6	672
pilot.round3d.session_slot.reference.assessor_006.session_03.position_07	pilot.round3d.session_slot.reference.assessor_006.session_03	pilot.round3d.sample.lot_02.extremely_dark.immersion.rep_1	7	909
pilot.round3d.session_slot.reference.assessor_006.session_03.position_08	pilot.round3d.session_slot.reference.assessor_006.session_03	pilot.round3d.sample.lot_02.dark.hybrid.rep_1	8	220
pilot.round3d.session_slot.reference.assessor_006.session_03.position_09	pilot.round3d.session_slot.reference.assessor_006.session_03	pilot.round3d.sample.lot_01.medium.immersion.rep_2	9	796
pilot.round3d.session_slot.reference.assessor_006.session_03.position_10	pilot.round3d.session_slot.reference.assessor_006.session_03	pilot.round3d.sample.lot_01.medium_light.immersion.rep_2	10	351
pilot.round3d.session_slot.reference.assessor_006.session_03.position_11	pilot.round3d.session_slot.reference.assessor_006.session_03	pilot.round3d.sample.lot_02.medium_dark.filter_percolation.rep_2	11	977
pilot.round3d.session_slot.reference.assessor_006.session_04.position_01	pilot.round3d.session_slot.reference.assessor_006.session_04	pilot.round3d.sample.lot_01.extremely_light.filter_percolation.rep_1	1	244
pilot.round3d.session_slot.reference.assessor_006.session_04.position_02	pilot.round3d.session_slot.reference.assessor_006.session_04	pilot.round3d.sample.lot_02.medium_dark.espresso_pressure.rep_2	2	515
pilot.round3d.session_slot.reference.assessor_006.session_04.position_03	pilot.round3d.session_slot.reference.assessor_006.session_04	pilot.round3d.sample.lot_01.medium.filter_percolation.rep_1	3	518
pilot.round3d.session_slot.reference.assessor_006.session_04.position_04	pilot.round3d.session_slot.reference.assessor_006.session_04	pilot.round3d.sample.lot_01.medium.cold_extraction.rep_2	4	683
pilot.round3d.session_slot.reference.assessor_006.session_04.position_05	pilot.round3d.session_slot.reference.assessor_006.session_04	pilot.round3d.sample.lot_01.extremely_dark.espresso_pressure.rep_1	5	453
pilot.round3d.session_slot.reference.assessor_006.session_04.position_06	pilot.round3d.session_slot.reference.assessor_006.session_04	pilot.round3d.sample.lot_02.extremely_dark.filter_percolation.rep_1	6	730
pilot.round3d.session_slot.reference.assessor_006.session_04.position_07	pilot.round3d.session_slot.reference.assessor_006.session_04	pilot.round3d.sample.lot_01.light.espresso_pressure.rep_1	7	827
pilot.round3d.session_slot.reference.assessor_006.session_04.position_08	pilot.round3d.session_slot.reference.assessor_006.session_04	pilot.round3d.sample.lot_02.dark.espresso_pressure.rep_2	8	253
pilot.round3d.session_slot.reference.assessor_006.session_04.position_09	pilot.round3d.session_slot.reference.assessor_006.session_04	pilot.round3d.sample.lot_02.medium_dark.immersion.rep_2	9	541
pilot.round3d.session_slot.reference.assessor_006.session_04.position_10	pilot.round3d.session_slot.reference.assessor_006.session_04	pilot.round3d.sample.lot_02.light.immersion.rep_2	10	744
pilot.round3d.session_slot.reference.assessor_006.session_04.position_11	pilot.round3d.session_slot.reference.assessor_006.session_04	pilot.round3d.sample.lot_01.medium.espresso_milk.rep_1	11	806
pilot.round3d.session_slot.reference.assessor_006.session_05.position_01	pilot.round3d.session_slot.reference.assessor_006.session_05	pilot.round3d.sample.lot_02.medium.cold_extraction.rep_2	1	929
pilot.round3d.session_slot.reference.assessor_006.session_05.position_02	pilot.round3d.session_slot.reference.assessor_006.session_05	pilot.round3d.sample.lot_02.light.cold_extraction.rep_2	2	229
pilot.round3d.session_slot.reference.assessor_006.session_05.position_03	pilot.round3d.session_slot.reference.assessor_006.session_05	pilot.round3d.sample.lot_02.extremely_dark.espresso_pressure.rep_1	3	240
pilot.round3d.session_slot.reference.assessor_006.session_05.position_04	pilot.round3d.session_slot.reference.assessor_006.session_05	pilot.round3d.sample.lot_01.dark.cold_extraction.rep_1	4	755
pilot.round3d.session_slot.reference.assessor_006.session_05.position_05	pilot.round3d.session_slot.reference.assessor_006.session_05	pilot.round3d.sample.lot_01.extremely_dark.filter_percolation.rep_2	5	948
pilot.round3d.session_slot.reference.assessor_006.session_05.position_06	pilot.round3d.session_slot.reference.assessor_006.session_05	pilot.round3d.sample.lot_01.medium_dark.filter_percolation.rep_2	6	126
pilot.round3d.session_slot.reference.assessor_006.session_05.position_07	pilot.round3d.session_slot.reference.assessor_006.session_05	pilot.round3d.sample.lot_01.medium.espresso_pressure.rep_2	7	925
pilot.round3d.session_slot.reference.assessor_006.session_05.position_08	pilot.round3d.session_slot.reference.assessor_006.session_05	pilot.round3d.sample.lot_01.dark.filter_percolation.rep_2	8	751
pilot.round3d.session_slot.reference.assessor_006.session_05.position_09	pilot.round3d.session_slot.reference.assessor_006.session_05	pilot.round3d.sample.lot_02.medium.hybrid.rep_1	9	981
pilot.round3d.session_slot.reference.assessor_006.session_05.position_10	pilot.round3d.session_slot.reference.assessor_006.session_05	pilot.round3d.sample.lot_01.medium_light.espresso_pressure.rep_1	10	990
pilot.round3d.session_slot.reference.assessor_006.session_05.position_11	pilot.round3d.session_slot.reference.assessor_006.session_05	pilot.round3d.sample.lot_02.medium.hybrid.rep_2	11	970
pilot.round3d.session_slot.reference.assessor_006.session_06.position_01	pilot.round3d.session_slot.reference.assessor_006.session_06	pilot.round3d.sample.lot_01.dark.espresso_milk.rep_2	1	449
pilot.round3d.session_slot.reference.assessor_006.session_06.position_02	pilot.round3d.session_slot.reference.assessor_006.session_06	pilot.round3d.sample.lot_02.medium_light.immersion.rep_2	2	131
pilot.round3d.session_slot.reference.assessor_006.session_06.position_03	pilot.round3d.session_slot.reference.assessor_006.session_06	pilot.round3d.sample.lot_01.medium.hybrid.rep_2	3	594
pilot.round3d.session_slot.reference.assessor_006.session_06.position_04	pilot.round3d.session_slot.reference.assessor_006.session_06	pilot.round3d.sample.lot_02.medium.cold_extraction.rep_1	4	984
pilot.round3d.session_slot.reference.assessor_006.session_06.position_05	pilot.round3d.session_slot.reference.assessor_006.session_06	pilot.round3d.sample.lot_01.light.immersion.rep_1	5	189
pilot.round3d.session_slot.reference.assessor_006.session_06.position_06	pilot.round3d.session_slot.reference.assessor_006.session_06	pilot.round3d.sample.lot_01.dark.hybrid.rep_2	6	714
pilot.round3d.session_slot.reference.assessor_006.session_06.position_07	pilot.round3d.session_slot.reference.assessor_006.session_06	pilot.round3d.sample.lot_02.medium_light.filter_percolation.rep_2	7	726
pilot.round3d.session_slot.reference.assessor_006.session_06.position_08	pilot.round3d.session_slot.reference.assessor_006.session_06	pilot.round3d.sample.lot_01.medium_dark.immersion.rep_2	8	539
pilot.round3d.session_slot.reference.assessor_006.session_06.position_09	pilot.round3d.session_slot.reference.assessor_006.session_06	pilot.round3d.sample.lot_01.light.hybrid.rep_1	9	523
pilot.round3d.session_slot.reference.assessor_006.session_06.position_10	pilot.round3d.session_slot.reference.assessor_006.session_06	pilot.round3d.sample.lot_02.light.diluted_espresso.rep_1	10	747
pilot.round3d.session_slot.reference.assessor_006.session_06.position_11	pilot.round3d.session_slot.reference.assessor_006.session_06	pilot.round3d.sample.lot_02.extremely_light.immersion.rep_2	11	453
pilot.round3d.session_slot.reference.assessor_007.session_01.position_01	pilot.round3d.session_slot.reference.assessor_007.session_01	pilot.round3d.sample.lot_02.light.filter_percolation.rep_1	1	775
pilot.round3d.session_slot.reference.assessor_007.session_01.position_02	pilot.round3d.session_slot.reference.assessor_007.session_01	pilot.round3d.sample.lot_02.dark.cold_extraction.rep_2	2	995
pilot.round3d.session_slot.reference.assessor_007.session_01.position_03	pilot.round3d.session_slot.reference.assessor_007.session_01	pilot.round3d.sample.lot_02.light.filter_percolation.rep_2	3	802
pilot.round3d.session_slot.reference.assessor_007.session_01.position_04	pilot.round3d.session_slot.reference.assessor_007.session_01	pilot.round3d.sample.lot_01.light.espresso_pressure.rep_2	4	468
pilot.round3d.session_slot.reference.assessor_007.session_01.position_05	pilot.round3d.session_slot.reference.assessor_007.session_01	pilot.round3d.sample.lot_01.extremely_light.espresso_pressure.rep_1	5	789
pilot.round3d.session_slot.reference.assessor_007.session_01.position_06	pilot.round3d.session_slot.reference.assessor_007.session_01	pilot.round3d.sample.lot_01.extremely_light.immersion.rep_2	6	852
pilot.round3d.session_slot.reference.assessor_007.session_01.position_07	pilot.round3d.session_slot.reference.assessor_007.session_01	pilot.round3d.sample.lot_01.medium_dark.espresso_pressure.rep_2	7	443
pilot.round3d.session_slot.reference.assessor_007.session_01.position_08	pilot.round3d.session_slot.reference.assessor_007.session_01	pilot.round3d.sample.lot_01.light.filter_percolation.rep_1	8	998
pilot.round3d.session_slot.reference.assessor_007.session_01.position_09	pilot.round3d.session_slot.reference.assessor_007.session_01	pilot.round3d.sample.lot_02.light.diluted_espresso.rep_2	9	120
pilot.round3d.session_slot.reference.assessor_007.session_01.position_10	pilot.round3d.session_slot.reference.assessor_007.session_01	pilot.round3d.sample.lot_01.medium.hybrid.rep_1	10	652
pilot.round3d.session_slot.reference.assessor_007.session_01.position_11	pilot.round3d.session_slot.reference.assessor_007.session_01	pilot.round3d.sample.lot_02.light.espresso_pressure.rep_1	11	514
pilot.round3d.session_slot.reference.assessor_007.session_02.position_01	pilot.round3d.session_slot.reference.assessor_007.session_02	pilot.round3d.sample.lot_01.medium.diluted_espresso.rep_2	1	991
pilot.round3d.session_slot.reference.assessor_007.session_02.position_02	pilot.round3d.session_slot.reference.assessor_007.session_02	pilot.round3d.sample.lot_01.medium.espresso_pressure.rep_1	2	384
pilot.round3d.session_slot.reference.assessor_007.session_02.position_03	pilot.round3d.session_slot.reference.assessor_007.session_02	pilot.round3d.sample.lot_02.medium.espresso_pressure.rep_1	3	195
pilot.round3d.session_slot.reference.assessor_007.session_02.position_04	pilot.round3d.session_slot.reference.assessor_007.session_02	pilot.round3d.sample.lot_02.medium_light.espresso_pressure.rep_2	4	802
pilot.round3d.session_slot.reference.assessor_007.session_02.position_05	pilot.round3d.session_slot.reference.assessor_007.session_02	pilot.round3d.sample.lot_02.medium.filter_percolation.rep_1	5	992
pilot.round3d.session_slot.reference.assessor_007.session_02.position_06	pilot.round3d.session_slot.reference.assessor_007.session_02	pilot.round3d.sample.lot_02.dark.immersion.rep_1	6	276
pilot.round3d.session_slot.reference.assessor_007.session_02.position_07	pilot.round3d.session_slot.reference.assessor_007.session_02	pilot.round3d.sample.lot_01.dark.espresso_pressure.rep_2	7	372
pilot.round3d.session_slot.reference.assessor_007.session_02.position_08	pilot.round3d.session_slot.reference.assessor_007.session_02	pilot.round3d.sample.lot_01.medium_dark.immersion.rep_1	8	419
pilot.round3d.session_slot.reference.assessor_007.session_02.position_09	pilot.round3d.session_slot.reference.assessor_007.session_02	pilot.round3d.sample.lot_02.medium.espresso_milk.rep_2	9	940
pilot.round3d.session_slot.reference.assessor_007.session_02.position_10	pilot.round3d.session_slot.reference.assessor_007.session_02	pilot.round3d.sample.lot_01.extremely_dark.immersion.rep_1	10	735
pilot.round3d.session_slot.reference.assessor_007.session_02.position_11	pilot.round3d.session_slot.reference.assessor_007.session_02	pilot.round3d.sample.lot_01.extremely_dark.espresso_pressure.rep_2	11	362
pilot.round3d.session_slot.reference.assessor_007.session_03.position_01	pilot.round3d.session_slot.reference.assessor_007.session_03	pilot.round3d.sample.lot_01.dark.diluted_espresso.rep_1	1	734
pilot.round3d.session_slot.reference.assessor_007.session_03.position_02	pilot.round3d.session_slot.reference.assessor_007.session_03	pilot.round3d.sample.lot_01.medium_light.espresso_pressure.rep_2	2	353
pilot.round3d.session_slot.reference.assessor_007.session_03.position_03	pilot.round3d.session_slot.reference.assessor_007.session_03	pilot.round3d.sample.lot_02.extremely_light.espresso_pressure.rep_2	3	350
pilot.round3d.session_slot.reference.assessor_007.session_03.position_04	pilot.round3d.session_slot.reference.assessor_007.session_03	pilot.round3d.sample.lot_02.light.cold_extraction.rep_1	4	838
pilot.round3d.session_slot.reference.assessor_007.session_03.position_05	pilot.round3d.session_slot.reference.assessor_007.session_03	pilot.round3d.sample.lot_01.light.filter_percolation.rep_2	5	897
pilot.round3d.session_slot.reference.assessor_007.session_03.position_06	pilot.round3d.session_slot.reference.assessor_007.session_03	pilot.round3d.sample.lot_01.medium_dark.filter_percolation.rep_1	6	891
pilot.round3d.session_slot.reference.assessor_007.session_03.position_07	pilot.round3d.session_slot.reference.assessor_007.session_03	pilot.round3d.sample.lot_01.light.immersion.rep_2	7	208
pilot.round3d.session_slot.reference.assessor_007.session_03.position_08	pilot.round3d.session_slot.reference.assessor_007.session_03	pilot.round3d.sample.lot_02.extremely_dark.immersion.rep_2	8	502
pilot.round3d.session_slot.reference.assessor_007.session_03.position_09	pilot.round3d.session_slot.reference.assessor_007.session_03	pilot.round3d.sample.lot_01.medium.filter_percolation.rep_2	9	449
pilot.round3d.session_slot.reference.assessor_007.session_03.position_10	pilot.round3d.session_slot.reference.assessor_007.session_03	pilot.round3d.sample.lot_02.extremely_dark.espresso_pressure.rep_2	10	166
pilot.round3d.session_slot.reference.assessor_007.session_03.position_11	pilot.round3d.session_slot.reference.assessor_007.session_03	pilot.round3d.sample.lot_01.extremely_light.immersion.rep_1	11	745
pilot.round3d.session_slot.reference.assessor_007.session_04.position_01	pilot.round3d.session_slot.reference.assessor_007.session_04	pilot.round3d.sample.lot_01.extremely_light.filter_percolation.rep_2	1	844
pilot.round3d.session_slot.reference.assessor_007.session_04.position_02	pilot.round3d.session_slot.reference.assessor_007.session_04	pilot.round3d.sample.lot_01.light.diluted_espresso.rep_1	2	237
pilot.round3d.session_slot.reference.assessor_007.session_04.position_03	pilot.round3d.session_slot.reference.assessor_007.session_04	pilot.round3d.sample.lot_01.medium.espresso_milk.rep_2	3	293
pilot.round3d.session_slot.reference.assessor_007.session_04.position_04	pilot.round3d.session_slot.reference.assessor_007.session_04	pilot.round3d.sample.lot_01.dark.immersion.rep_1	4	376
pilot.round3d.session_slot.reference.assessor_007.session_04.position_05	pilot.round3d.session_slot.reference.assessor_007.session_04	pilot.round3d.sample.lot_02.medium.espresso_milk.rep_1	5	610
pilot.round3d.session_slot.reference.assessor_007.session_04.position_06	pilot.round3d.session_slot.reference.assessor_007.session_04	pilot.round3d.sample.lot_02.extremely_light.filter_percolation.rep_1	6	906
pilot.round3d.session_slot.reference.assessor_007.session_04.position_07	pilot.round3d.session_slot.reference.assessor_007.session_04	pilot.round3d.sample.lot_02.dark.espresso_pressure.rep_1	7	206
pilot.round3d.session_slot.reference.assessor_007.session_04.position_08	pilot.round3d.session_slot.reference.assessor_007.session_04	pilot.round3d.sample.lot_02.light.hybrid.rep_2	8	595
pilot.round3d.session_slot.reference.assessor_007.session_04.position_09	pilot.round3d.session_slot.reference.assessor_007.session_04	pilot.round3d.sample.lot_02.dark.filter_percolation.rep_2	9	466
pilot.round3d.session_slot.reference.assessor_007.session_04.position_10	pilot.round3d.session_slot.reference.assessor_007.session_04	pilot.round3d.sample.lot_02.medium.filter_percolation.rep_2	10	578
pilot.round3d.session_slot.reference.assessor_007.session_04.position_11	pilot.round3d.session_slot.reference.assessor_007.session_04	pilot.round3d.sample.lot_02.medium_dark.espresso_pressure.rep_1	11	807
pilot.round3d.session_slot.reference.assessor_007.session_05.position_01	pilot.round3d.session_slot.reference.assessor_007.session_05	pilot.round3d.sample.lot_01.medium.immersion.rep_1	1	938
pilot.round3d.session_slot.reference.assessor_007.session_05.position_02	pilot.round3d.session_slot.reference.assessor_007.session_05	pilot.round3d.sample.lot_02.medium_light.filter_percolation.rep_1	2	748
pilot.round3d.session_slot.reference.assessor_007.session_05.position_03	pilot.round3d.session_slot.reference.assessor_007.session_05	pilot.round3d.sample.lot_02.dark.cold_extraction.rep_1	3	894
pilot.round3d.session_slot.reference.assessor_007.session_05.position_04	pilot.round3d.session_slot.reference.assessor_007.session_05	pilot.round3d.sample.lot_01.light.espresso_milk.rep_2	4	998
pilot.round3d.session_slot.reference.assessor_007.session_05.position_05	pilot.round3d.session_slot.reference.assessor_007.session_05	pilot.round3d.sample.lot_01.medium_dark.espresso_pressure.rep_1	5	619
pilot.round3d.session_slot.reference.assessor_007.session_05.position_06	pilot.round3d.session_slot.reference.assessor_007.session_05	pilot.round3d.sample.lot_02.dark.espresso_milk.rep_1	6	843
pilot.round3d.session_slot.reference.assessor_007.session_05.position_07	pilot.round3d.session_slot.reference.assessor_007.session_05	pilot.round3d.sample.lot_01.dark.espresso_milk.rep_1	7	461
pilot.round3d.session_slot.reference.assessor_007.session_05.position_08	pilot.round3d.session_slot.reference.assessor_007.session_05	pilot.round3d.sample.lot_01.medium_light.immersion.rep_1	8	263
pilot.round3d.session_slot.reference.assessor_007.session_05.position_09	pilot.round3d.session_slot.reference.assessor_007.session_05	pilot.round3d.sample.lot_02.medium.diluted_espresso.rep_2	9	873
pilot.round3d.session_slot.reference.assessor_007.session_05.position_10	pilot.round3d.session_slot.reference.assessor_007.session_05	pilot.round3d.sample.lot_01.extremely_dark.filter_percolation.rep_1	10	811
pilot.round3d.session_slot.reference.assessor_007.session_05.position_11	pilot.round3d.session_slot.reference.assessor_007.session_05	pilot.round3d.sample.lot_02.dark.espresso_milk.rep_2	11	682
pilot.round3d.session_slot.reference.assessor_007.session_06.position_01	pilot.round3d.session_slot.reference.assessor_007.session_06	pilot.round3d.sample.lot_01.medium_light.filter_percolation.rep_2	1	568
pilot.round3d.session_slot.reference.assessor_007.session_06.position_02	pilot.round3d.session_slot.reference.assessor_007.session_06	pilot.round3d.sample.lot_02.medium.immersion.rep_2	2	616
pilot.round3d.session_slot.reference.assessor_007.session_06.position_03	pilot.round3d.session_slot.reference.assessor_007.session_06	pilot.round3d.sample.lot_01.light.espresso_milk.rep_1	3	345
pilot.round3d.session_slot.reference.assessor_007.session_06.position_04	pilot.round3d.session_slot.reference.assessor_007.session_06	pilot.round3d.sample.lot_01.dark.cold_extraction.rep_2	4	903
pilot.round3d.session_slot.reference.assessor_007.session_06.position_05	pilot.round3d.session_slot.reference.assessor_007.session_06	pilot.round3d.sample.lot_01.medium_light.filter_percolation.rep_1	5	305
pilot.round3d.session_slot.reference.assessor_007.session_06.position_06	pilot.round3d.session_slot.reference.assessor_007.session_06	pilot.round3d.sample.lot_01.dark.hybrid.rep_1	6	546
pilot.round3d.session_slot.reference.assessor_007.session_06.position_07	pilot.round3d.session_slot.reference.assessor_007.session_06	pilot.round3d.sample.lot_02.light.immersion.rep_1	7	299
pilot.round3d.session_slot.reference.assessor_007.session_06.position_08	pilot.round3d.session_slot.reference.assessor_007.session_06	pilot.round3d.sample.lot_02.dark.filter_percolation.rep_1	8	415
pilot.round3d.session_slot.reference.assessor_007.session_06.position_09	pilot.round3d.session_slot.reference.assessor_007.session_06	pilot.round3d.sample.lot_01.dark.immersion.rep_2	9	397
pilot.round3d.session_slot.reference.assessor_007.session_06.position_10	pilot.round3d.session_slot.reference.assessor_007.session_06	pilot.round3d.sample.lot_02.extremely_light.filter_percolation.rep_2	10	732
pilot.round3d.session_slot.reference.assessor_007.session_06.position_11	pilot.round3d.session_slot.reference.assessor_007.session_06	pilot.round3d.sample.lot_01.light.cold_extraction.rep_1	11	317
pilot.round3d.session_slot.reference.assessor_008.session_01.position_01	pilot.round3d.session_slot.reference.assessor_008.session_01	pilot.round3d.sample.lot_01.medium.cold_extraction.rep_1	1	963
pilot.round3d.session_slot.reference.assessor_008.session_01.position_02	pilot.round3d.session_slot.reference.assessor_008.session_01	pilot.round3d.sample.lot_02.dark.immersion.rep_2	2	206
pilot.round3d.session_slot.reference.assessor_008.session_01.position_03	pilot.round3d.session_slot.reference.assessor_008.session_01	pilot.round3d.sample.lot_02.dark.diluted_espresso.rep_1	3	148
pilot.round3d.session_slot.reference.assessor_008.session_01.position_04	pilot.round3d.session_slot.reference.assessor_008.session_01	pilot.round3d.sample.lot_01.dark.diluted_espresso.rep_2	4	305
pilot.round3d.session_slot.reference.assessor_008.session_01.position_05	pilot.round3d.session_slot.reference.assessor_008.session_01	pilot.round3d.sample.lot_02.light.espresso_milk.rep_2	5	772
pilot.round3d.session_slot.reference.assessor_008.session_01.position_06	pilot.round3d.session_slot.reference.assessor_008.session_01	pilot.round3d.sample.lot_01.light.diluted_espresso.rep_2	6	609
pilot.round3d.session_slot.reference.assessor_008.session_01.position_07	pilot.round3d.session_slot.reference.assessor_008.session_01	pilot.round3d.sample.lot_01.dark.filter_percolation.rep_1	7	718
pilot.round3d.session_slot.reference.assessor_008.session_01.position_08	pilot.round3d.session_slot.reference.assessor_008.session_01	pilot.round3d.sample.lot_02.light.espresso_milk.rep_1	8	167
pilot.round3d.session_slot.reference.assessor_008.session_01.position_09	pilot.round3d.session_slot.reference.assessor_008.session_01	pilot.round3d.sample.lot_02.extremely_light.espresso_pressure.rep_1	9	340
pilot.round3d.session_slot.reference.assessor_008.session_01.position_10	pilot.round3d.session_slot.reference.assessor_008.session_01	pilot.round3d.sample.lot_02.dark.diluted_espresso.rep_2	10	265
pilot.round3d.session_slot.reference.assessor_008.session_01.position_11	pilot.round3d.session_slot.reference.assessor_008.session_01	pilot.round3d.sample.lot_01.light.hybrid.rep_2	11	860
pilot.round3d.session_slot.reference.assessor_008.session_02.position_01	pilot.round3d.session_slot.reference.assessor_008.session_02	pilot.round3d.sample.lot_02.extremely_dark.immersion.rep_1	1	871
pilot.round3d.session_slot.reference.assessor_008.session_02.position_02	pilot.round3d.session_slot.reference.assessor_008.session_02	pilot.round3d.sample.lot_02.dark.hybrid.rep_1	2	691
pilot.round3d.session_slot.reference.assessor_008.session_02.position_03	pilot.round3d.session_slot.reference.assessor_008.session_02	pilot.round3d.sample.lot_01.medium.immersion.rep_2	3	924
pilot.round3d.session_slot.reference.assessor_008.session_02.position_04	pilot.round3d.session_slot.reference.assessor_008.session_02	pilot.round3d.sample.lot_01.medium_light.immersion.rep_2	4	174
pilot.round3d.session_slot.reference.assessor_008.session_02.position_05	pilot.round3d.session_slot.reference.assessor_008.session_02	pilot.round3d.sample.lot_02.medium_dark.filter_percolation.rep_2	5	354
pilot.round3d.session_slot.reference.assessor_008.session_02.position_06	pilot.round3d.session_slot.reference.assessor_008.session_02	pilot.round3d.sample.lot_01.extremely_light.filter_percolation.rep_1	6	361
pilot.round3d.session_slot.reference.assessor_008.session_02.position_07	pilot.round3d.session_slot.reference.assessor_008.session_02	pilot.round3d.sample.lot_02.medium_dark.espresso_pressure.rep_2	7	812
pilot.round3d.session_slot.reference.assessor_008.session_02.position_08	pilot.round3d.session_slot.reference.assessor_008.session_02	pilot.round3d.sample.lot_01.medium.filter_percolation.rep_1	8	847
pilot.round3d.session_slot.reference.assessor_008.session_02.position_09	pilot.round3d.session_slot.reference.assessor_008.session_02	pilot.round3d.sample.lot_01.medium.cold_extraction.rep_2	9	472
pilot.round3d.session_slot.reference.assessor_008.session_02.position_10	pilot.round3d.session_slot.reference.assessor_008.session_02	pilot.round3d.sample.lot_01.extremely_dark.espresso_pressure.rep_1	10	721
pilot.round3d.session_slot.reference.assessor_008.session_02.position_11	pilot.round3d.session_slot.reference.assessor_008.session_02	pilot.round3d.sample.lot_02.extremely_dark.filter_percolation.rep_1	11	343
pilot.round3d.session_slot.reference.assessor_008.session_03.position_01	pilot.round3d.session_slot.reference.assessor_008.session_03	pilot.round3d.sample.lot_01.light.espresso_pressure.rep_1	1	554
pilot.round3d.session_slot.reference.assessor_008.session_03.position_02	pilot.round3d.session_slot.reference.assessor_008.session_03	pilot.round3d.sample.lot_02.dark.espresso_pressure.rep_2	2	450
pilot.round3d.session_slot.reference.assessor_008.session_03.position_03	pilot.round3d.session_slot.reference.assessor_008.session_03	pilot.round3d.sample.lot_02.medium_dark.immersion.rep_2	3	523
pilot.round3d.session_slot.reference.assessor_008.session_03.position_04	pilot.round3d.session_slot.reference.assessor_008.session_03	pilot.round3d.sample.lot_02.light.immersion.rep_2	4	102
pilot.round3d.session_slot.reference.assessor_008.session_03.position_05	pilot.round3d.session_slot.reference.assessor_008.session_03	pilot.round3d.sample.lot_01.medium.espresso_milk.rep_1	5	907
pilot.round3d.session_slot.reference.assessor_008.session_03.position_06	pilot.round3d.session_slot.reference.assessor_008.session_03	pilot.round3d.sample.lot_02.medium.cold_extraction.rep_2	6	504
pilot.round3d.session_slot.reference.assessor_008.session_03.position_07	pilot.round3d.session_slot.reference.assessor_008.session_03	pilot.round3d.sample.lot_02.light.cold_extraction.rep_2	7	675
pilot.round3d.session_slot.reference.assessor_008.session_03.position_08	pilot.round3d.session_slot.reference.assessor_008.session_03	pilot.round3d.sample.lot_02.extremely_dark.espresso_pressure.rep_1	8	367
pilot.round3d.session_slot.reference.assessor_008.session_03.position_09	pilot.round3d.session_slot.reference.assessor_008.session_03	pilot.round3d.sample.lot_01.dark.cold_extraction.rep_1	9	239
pilot.round3d.session_slot.reference.assessor_008.session_03.position_10	pilot.round3d.session_slot.reference.assessor_008.session_03	pilot.round3d.sample.lot_01.extremely_dark.filter_percolation.rep_2	10	981
pilot.round3d.session_slot.reference.assessor_008.session_03.position_11	pilot.round3d.session_slot.reference.assessor_008.session_03	pilot.round3d.sample.lot_01.medium_dark.filter_percolation.rep_2	11	612
pilot.round3d.session_slot.reference.assessor_008.session_04.position_01	pilot.round3d.session_slot.reference.assessor_008.session_04	pilot.round3d.sample.lot_01.medium.espresso_pressure.rep_2	1	671
pilot.round3d.session_slot.reference.assessor_008.session_04.position_02	pilot.round3d.session_slot.reference.assessor_008.session_04	pilot.round3d.sample.lot_01.dark.filter_percolation.rep_2	2	681
pilot.round3d.session_slot.reference.assessor_008.session_04.position_03	pilot.round3d.session_slot.reference.assessor_008.session_04	pilot.round3d.sample.lot_02.medium.hybrid.rep_1	3	301
pilot.round3d.session_slot.reference.assessor_008.session_04.position_04	pilot.round3d.session_slot.reference.assessor_008.session_04	pilot.round3d.sample.lot_01.medium_light.espresso_pressure.rep_1	4	784
pilot.round3d.session_slot.reference.assessor_008.session_04.position_05	pilot.round3d.session_slot.reference.assessor_008.session_04	pilot.round3d.sample.lot_02.medium.hybrid.rep_2	5	451
pilot.round3d.session_slot.reference.assessor_008.session_04.position_06	pilot.round3d.session_slot.reference.assessor_008.session_04	pilot.round3d.sample.lot_01.dark.espresso_milk.rep_2	6	644
pilot.round3d.session_slot.reference.assessor_008.session_04.position_07	pilot.round3d.session_slot.reference.assessor_008.session_04	pilot.round3d.sample.lot_02.medium_light.immersion.rep_2	7	293
pilot.round3d.session_slot.reference.assessor_008.session_04.position_08	pilot.round3d.session_slot.reference.assessor_008.session_04	pilot.round3d.sample.lot_01.medium.hybrid.rep_2	8	566
pilot.round3d.session_slot.reference.assessor_008.session_04.position_09	pilot.round3d.session_slot.reference.assessor_008.session_04	pilot.round3d.sample.lot_02.medium.cold_extraction.rep_1	9	992
pilot.round3d.session_slot.reference.assessor_008.session_04.position_10	pilot.round3d.session_slot.reference.assessor_008.session_04	pilot.round3d.sample.lot_01.light.immersion.rep_1	10	709
pilot.round3d.session_slot.reference.assessor_008.session_04.position_11	pilot.round3d.session_slot.reference.assessor_008.session_04	pilot.round3d.sample.lot_01.dark.hybrid.rep_2	11	621
pilot.round3d.session_slot.reference.assessor_008.session_05.position_01	pilot.round3d.session_slot.reference.assessor_008.session_05	pilot.round3d.sample.lot_02.medium_light.filter_percolation.rep_2	1	546
pilot.round3d.session_slot.reference.assessor_008.session_05.position_02	pilot.round3d.session_slot.reference.assessor_008.session_05	pilot.round3d.sample.lot_01.medium_dark.immersion.rep_2	2	228
pilot.round3d.session_slot.reference.assessor_008.session_05.position_03	pilot.round3d.session_slot.reference.assessor_008.session_05	pilot.round3d.sample.lot_01.light.hybrid.rep_1	3	376
pilot.round3d.session_slot.reference.assessor_008.session_05.position_04	pilot.round3d.session_slot.reference.assessor_008.session_05	pilot.round3d.sample.lot_02.light.diluted_espresso.rep_1	4	794
pilot.round3d.session_slot.reference.assessor_008.session_05.position_05	pilot.round3d.session_slot.reference.assessor_008.session_05	pilot.round3d.sample.lot_02.extremely_light.immersion.rep_2	5	456
pilot.round3d.session_slot.reference.assessor_008.session_05.position_06	pilot.round3d.session_slot.reference.assessor_008.session_05	pilot.round3d.sample.lot_02.light.hybrid.rep_1	6	615
pilot.round3d.session_slot.reference.assessor_008.session_05.position_07	pilot.round3d.session_slot.reference.assessor_008.session_05	pilot.round3d.sample.lot_01.light.cold_extraction.rep_2	7	510
pilot.round3d.session_slot.reference.assessor_008.session_05.position_08	pilot.round3d.session_slot.reference.assessor_008.session_05	pilot.round3d.sample.lot_02.extremely_dark.filter_percolation.rep_2	8	666
pilot.round3d.session_slot.reference.assessor_008.session_05.position_09	pilot.round3d.session_slot.reference.assessor_008.session_05	pilot.round3d.sample.lot_01.medium.diluted_espresso.rep_1	9	187
pilot.round3d.session_slot.reference.assessor_008.session_05.position_10	pilot.round3d.session_slot.reference.assessor_008.session_05	pilot.round3d.sample.lot_02.dark.hybrid.rep_2	10	844
pilot.round3d.session_slot.reference.assessor_008.session_05.position_11	pilot.round3d.session_slot.reference.assessor_008.session_05	pilot.round3d.sample.lot_02.medium_dark.filter_percolation.rep_1	11	320
pilot.round3d.session_slot.reference.assessor_008.session_06.position_01	pilot.round3d.session_slot.reference.assessor_008.session_06	pilot.round3d.sample.lot_02.medium_light.espresso_pressure.rep_1	1	410
pilot.round3d.session_slot.reference.assessor_008.session_06.position_02	pilot.round3d.session_slot.reference.assessor_008.session_06	pilot.round3d.sample.lot_02.medium_light.immersion.rep_1	2	686
pilot.round3d.session_slot.reference.assessor_008.session_06.position_03	pilot.round3d.session_slot.reference.assessor_008.session_06	pilot.round3d.sample.lot_02.light.espresso_pressure.rep_2	3	902
pilot.round3d.session_slot.reference.assessor_008.session_06.position_04	pilot.round3d.session_slot.reference.assessor_008.session_06	pilot.round3d.sample.lot_01.dark.espresso_pressure.rep_1	4	501
pilot.round3d.session_slot.reference.assessor_008.session_06.position_05	pilot.round3d.session_slot.reference.assessor_008.session_06	pilot.round3d.sample.lot_01.extremely_dark.immersion.rep_2	5	817
pilot.round3d.session_slot.reference.assessor_008.session_06.position_06	pilot.round3d.session_slot.reference.assessor_008.session_06	pilot.round3d.sample.lot_02.medium.espresso_pressure.rep_2	6	872
pilot.round3d.session_slot.reference.assessor_008.session_06.position_07	pilot.round3d.session_slot.reference.assessor_008.session_06	pilot.round3d.sample.lot_02.medium.immersion.rep_1	7	741
pilot.round3d.session_slot.reference.assessor_008.session_06.position_08	pilot.round3d.session_slot.reference.assessor_008.session_06	pilot.round3d.sample.lot_01.extremely_light.espresso_pressure.rep_2	8	754
pilot.round3d.session_slot.reference.assessor_008.session_06.position_09	pilot.round3d.session_slot.reference.assessor_008.session_06	pilot.round3d.sample.lot_02.medium_dark.immersion.rep_1	9	240
pilot.round3d.session_slot.reference.assessor_008.session_06.position_10	pilot.round3d.session_slot.reference.assessor_008.session_06	pilot.round3d.sample.lot_02.extremely_light.immersion.rep_1	10	514
pilot.round3d.session_slot.reference.assessor_008.session_06.position_11	pilot.round3d.session_slot.reference.assessor_008.session_06	pilot.round3d.sample.lot_02.medium.diluted_espresso.rep_1	11	846
pilot.round3d.session_slot.reference.assessor_009.session_01.position_01	pilot.round3d.session_slot.reference.assessor_009.session_01	pilot.round3d.sample.lot_01.dark.espresso_pressure.rep_2	1	143
pilot.round3d.session_slot.reference.assessor_009.session_01.position_02	pilot.round3d.session_slot.reference.assessor_009.session_01	pilot.round3d.sample.lot_01.medium_dark.immersion.rep_1	2	806
pilot.round3d.session_slot.reference.assessor_009.session_01.position_03	pilot.round3d.session_slot.reference.assessor_009.session_01	pilot.round3d.sample.lot_02.medium.espresso_milk.rep_2	3	372
pilot.round3d.session_slot.reference.assessor_009.session_01.position_04	pilot.round3d.session_slot.reference.assessor_009.session_01	pilot.round3d.sample.lot_01.extremely_dark.immersion.rep_1	4	634
pilot.round3d.session_slot.reference.assessor_009.session_01.position_05	pilot.round3d.session_slot.reference.assessor_009.session_01	pilot.round3d.sample.lot_01.extremely_dark.espresso_pressure.rep_2	5	332
pilot.round3d.session_slot.reference.assessor_009.session_01.position_06	pilot.round3d.session_slot.reference.assessor_009.session_01	pilot.round3d.sample.lot_01.dark.diluted_espresso.rep_1	6	387
pilot.round3d.session_slot.reference.assessor_009.session_01.position_07	pilot.round3d.session_slot.reference.assessor_009.session_01	pilot.round3d.sample.lot_01.medium_light.espresso_pressure.rep_2	7	374
pilot.round3d.session_slot.reference.assessor_009.session_01.position_08	pilot.round3d.session_slot.reference.assessor_009.session_01	pilot.round3d.sample.lot_02.extremely_light.espresso_pressure.rep_2	8	558
pilot.round3d.session_slot.reference.assessor_009.session_01.position_09	pilot.round3d.session_slot.reference.assessor_009.session_01	pilot.round3d.sample.lot_02.light.cold_extraction.rep_1	9	417
pilot.round3d.session_slot.reference.assessor_009.session_01.position_10	pilot.round3d.session_slot.reference.assessor_009.session_01	pilot.round3d.sample.lot_01.light.filter_percolation.rep_2	10	608
pilot.round3d.session_slot.reference.assessor_009.session_01.position_11	pilot.round3d.session_slot.reference.assessor_009.session_01	pilot.round3d.sample.lot_01.medium_dark.filter_percolation.rep_1	11	263
pilot.round3d.session_slot.reference.assessor_009.session_02.position_01	pilot.round3d.session_slot.reference.assessor_009.session_02	pilot.round3d.sample.lot_01.light.immersion.rep_2	1	573
pilot.round3d.session_slot.reference.assessor_009.session_02.position_02	pilot.round3d.session_slot.reference.assessor_009.session_02	pilot.round3d.sample.lot_02.extremely_dark.immersion.rep_2	2	386
pilot.round3d.session_slot.reference.assessor_009.session_02.position_03	pilot.round3d.session_slot.reference.assessor_009.session_02	pilot.round3d.sample.lot_01.medium.filter_percolation.rep_2	3	240
pilot.round3d.session_slot.reference.assessor_009.session_02.position_04	pilot.round3d.session_slot.reference.assessor_009.session_02	pilot.round3d.sample.lot_02.extremely_dark.espresso_pressure.rep_2	4	994
pilot.round3d.session_slot.reference.assessor_009.session_02.position_05	pilot.round3d.session_slot.reference.assessor_009.session_02	pilot.round3d.sample.lot_01.extremely_light.immersion.rep_1	5	108
pilot.round3d.session_slot.reference.assessor_009.session_02.position_06	pilot.round3d.session_slot.reference.assessor_009.session_02	pilot.round3d.sample.lot_01.extremely_light.filter_percolation.rep_2	6	723
pilot.round3d.session_slot.reference.assessor_009.session_02.position_07	pilot.round3d.session_slot.reference.assessor_009.session_02	pilot.round3d.sample.lot_01.light.diluted_espresso.rep_1	7	419
pilot.round3d.session_slot.reference.assessor_009.session_02.position_08	pilot.round3d.session_slot.reference.assessor_009.session_02	pilot.round3d.sample.lot_01.medium.espresso_milk.rep_2	8	842
pilot.round3d.session_slot.reference.assessor_009.session_02.position_09	pilot.round3d.session_slot.reference.assessor_009.session_02	pilot.round3d.sample.lot_01.dark.immersion.rep_1	9	492
pilot.round3d.session_slot.reference.assessor_009.session_02.position_10	pilot.round3d.session_slot.reference.assessor_009.session_02	pilot.round3d.sample.lot_02.medium.espresso_milk.rep_1	10	403
pilot.round3d.session_slot.reference.assessor_009.session_02.position_11	pilot.round3d.session_slot.reference.assessor_009.session_02	pilot.round3d.sample.lot_02.extremely_light.filter_percolation.rep_1	11	634
pilot.round3d.session_slot.reference.assessor_009.session_03.position_01	pilot.round3d.session_slot.reference.assessor_009.session_03	pilot.round3d.sample.lot_02.dark.espresso_pressure.rep_1	1	288
pilot.round3d.session_slot.reference.assessor_009.session_03.position_02	pilot.round3d.session_slot.reference.assessor_009.session_03	pilot.round3d.sample.lot_02.light.hybrid.rep_2	2	520
pilot.round3d.session_slot.reference.assessor_009.session_03.position_03	pilot.round3d.session_slot.reference.assessor_009.session_03	pilot.round3d.sample.lot_02.dark.filter_percolation.rep_2	3	517
pilot.round3d.session_slot.reference.assessor_009.session_03.position_04	pilot.round3d.session_slot.reference.assessor_009.session_03	pilot.round3d.sample.lot_02.medium.filter_percolation.rep_2	4	479
pilot.round3d.session_slot.reference.assessor_009.session_03.position_05	pilot.round3d.session_slot.reference.assessor_009.session_03	pilot.round3d.sample.lot_02.medium_dark.espresso_pressure.rep_1	5	301
pilot.round3d.session_slot.reference.assessor_009.session_03.position_06	pilot.round3d.session_slot.reference.assessor_009.session_03	pilot.round3d.sample.lot_01.medium.immersion.rep_1	6	341
pilot.round3d.session_slot.reference.assessor_009.session_03.position_07	pilot.round3d.session_slot.reference.assessor_009.session_03	pilot.round3d.sample.lot_02.medium_light.filter_percolation.rep_1	7	208
pilot.round3d.session_slot.reference.assessor_009.session_03.position_08	pilot.round3d.session_slot.reference.assessor_009.session_03	pilot.round3d.sample.lot_02.dark.cold_extraction.rep_1	8	903
pilot.round3d.session_slot.reference.assessor_009.session_03.position_09	pilot.round3d.session_slot.reference.assessor_009.session_03	pilot.round3d.sample.lot_01.light.espresso_milk.rep_2	9	690
pilot.round3d.session_slot.reference.assessor_009.session_03.position_10	pilot.round3d.session_slot.reference.assessor_009.session_03	pilot.round3d.sample.lot_01.medium_dark.espresso_pressure.rep_1	10	152
pilot.round3d.session_slot.reference.assessor_009.session_03.position_11	pilot.round3d.session_slot.reference.assessor_009.session_03	pilot.round3d.sample.lot_02.dark.espresso_milk.rep_1	11	831
pilot.round3d.session_slot.reference.assessor_009.session_04.position_01	pilot.round3d.session_slot.reference.assessor_009.session_04	pilot.round3d.sample.lot_01.dark.espresso_milk.rep_1	1	376
pilot.round3d.session_slot.reference.assessor_009.session_04.position_02	pilot.round3d.session_slot.reference.assessor_009.session_04	pilot.round3d.sample.lot_01.medium_light.immersion.rep_1	2	134
pilot.round3d.session_slot.reference.assessor_009.session_04.position_03	pilot.round3d.session_slot.reference.assessor_009.session_04	pilot.round3d.sample.lot_02.medium.diluted_espresso.rep_2	3	692
pilot.round3d.session_slot.reference.assessor_009.session_04.position_04	pilot.round3d.session_slot.reference.assessor_009.session_04	pilot.round3d.sample.lot_01.extremely_dark.filter_percolation.rep_1	4	370
pilot.round3d.session_slot.reference.assessor_009.session_04.position_05	pilot.round3d.session_slot.reference.assessor_009.session_04	pilot.round3d.sample.lot_02.dark.espresso_milk.rep_2	5	566
pilot.round3d.session_slot.reference.assessor_009.session_04.position_06	pilot.round3d.session_slot.reference.assessor_009.session_04	pilot.round3d.sample.lot_01.medium_light.filter_percolation.rep_2	6	279
pilot.round3d.session_slot.reference.assessor_009.session_04.position_07	pilot.round3d.session_slot.reference.assessor_009.session_04	pilot.round3d.sample.lot_02.medium.immersion.rep_2	7	891
pilot.round3d.session_slot.reference.assessor_009.session_04.position_08	pilot.round3d.session_slot.reference.assessor_009.session_04	pilot.round3d.sample.lot_01.light.espresso_milk.rep_1	8	530
pilot.round3d.session_slot.reference.assessor_009.session_04.position_09	pilot.round3d.session_slot.reference.assessor_009.session_04	pilot.round3d.sample.lot_01.dark.cold_extraction.rep_2	9	259
pilot.round3d.session_slot.reference.assessor_009.session_04.position_10	pilot.round3d.session_slot.reference.assessor_009.session_04	pilot.round3d.sample.lot_01.medium_light.filter_percolation.rep_1	10	870
pilot.round3d.session_slot.reference.assessor_009.session_04.position_11	pilot.round3d.session_slot.reference.assessor_009.session_04	pilot.round3d.sample.lot_01.dark.hybrid.rep_1	11	241
pilot.round3d.session_slot.reference.assessor_009.session_05.position_01	pilot.round3d.session_slot.reference.assessor_009.session_05	pilot.round3d.sample.lot_02.light.immersion.rep_1	1	387
pilot.round3d.session_slot.reference.assessor_009.session_05.position_02	pilot.round3d.session_slot.reference.assessor_009.session_05	pilot.round3d.sample.lot_02.dark.filter_percolation.rep_1	2	880
pilot.round3d.session_slot.reference.assessor_009.session_05.position_03	pilot.round3d.session_slot.reference.assessor_009.session_05	pilot.round3d.sample.lot_01.dark.immersion.rep_2	3	954
pilot.round3d.session_slot.reference.assessor_009.session_05.position_04	pilot.round3d.session_slot.reference.assessor_009.session_05	pilot.round3d.sample.lot_02.extremely_light.filter_percolation.rep_2	4	562
pilot.round3d.session_slot.reference.assessor_009.session_05.position_05	pilot.round3d.session_slot.reference.assessor_009.session_05	pilot.round3d.sample.lot_01.light.cold_extraction.rep_1	5	781
pilot.round3d.session_slot.reference.assessor_009.session_05.position_06	pilot.round3d.session_slot.reference.assessor_009.session_05	pilot.round3d.sample.lot_01.medium.cold_extraction.rep_1	6	260
pilot.round3d.session_slot.reference.assessor_009.session_05.position_07	pilot.round3d.session_slot.reference.assessor_009.session_05	pilot.round3d.sample.lot_02.dark.immersion.rep_2	7	171
pilot.round3d.session_slot.reference.assessor_009.session_05.position_08	pilot.round3d.session_slot.reference.assessor_009.session_05	pilot.round3d.sample.lot_02.dark.diluted_espresso.rep_1	8	444
pilot.round3d.session_slot.reference.assessor_009.session_05.position_09	pilot.round3d.session_slot.reference.assessor_009.session_05	pilot.round3d.sample.lot_01.dark.diluted_espresso.rep_2	9	661
pilot.round3d.session_slot.reference.assessor_009.session_05.position_10	pilot.round3d.session_slot.reference.assessor_009.session_05	pilot.round3d.sample.lot_02.light.espresso_milk.rep_2	10	349
pilot.round3d.session_slot.reference.assessor_009.session_05.position_11	pilot.round3d.session_slot.reference.assessor_009.session_05	pilot.round3d.sample.lot_01.light.diluted_espresso.rep_2	11	817
pilot.round3d.session_slot.reference.assessor_009.session_06.position_01	pilot.round3d.session_slot.reference.assessor_009.session_06	pilot.round3d.sample.lot_01.dark.filter_percolation.rep_1	1	446
pilot.round3d.session_slot.reference.assessor_009.session_06.position_02	pilot.round3d.session_slot.reference.assessor_009.session_06	pilot.round3d.sample.lot_02.light.espresso_milk.rep_1	2	695
pilot.round3d.session_slot.reference.assessor_009.session_06.position_03	pilot.round3d.session_slot.reference.assessor_009.session_06	pilot.round3d.sample.lot_02.extremely_light.espresso_pressure.rep_1	3	711
pilot.round3d.session_slot.reference.assessor_009.session_06.position_04	pilot.round3d.session_slot.reference.assessor_009.session_06	pilot.round3d.sample.lot_02.dark.diluted_espresso.rep_2	4	179
pilot.round3d.session_slot.reference.assessor_009.session_06.position_05	pilot.round3d.session_slot.reference.assessor_009.session_06	pilot.round3d.sample.lot_01.light.hybrid.rep_2	5	221
pilot.round3d.session_slot.reference.assessor_009.session_06.position_06	pilot.round3d.session_slot.reference.assessor_009.session_06	pilot.round3d.sample.lot_02.extremely_dark.immersion.rep_1	6	165
pilot.round3d.session_slot.reference.assessor_009.session_06.position_07	pilot.round3d.session_slot.reference.assessor_009.session_06	pilot.round3d.sample.lot_02.dark.hybrid.rep_1	7	536
pilot.round3d.session_slot.reference.assessor_009.session_06.position_08	pilot.round3d.session_slot.reference.assessor_009.session_06	pilot.round3d.sample.lot_01.medium.immersion.rep_2	8	246
pilot.round3d.session_slot.reference.assessor_009.session_06.position_09	pilot.round3d.session_slot.reference.assessor_009.session_06	pilot.round3d.sample.lot_01.medium_light.immersion.rep_2	9	141
pilot.round3d.session_slot.reference.assessor_009.session_06.position_10	pilot.round3d.session_slot.reference.assessor_009.session_06	pilot.round3d.sample.lot_02.medium_dark.filter_percolation.rep_2	10	402
pilot.round3d.session_slot.reference.assessor_009.session_06.position_11	pilot.round3d.session_slot.reference.assessor_009.session_06	pilot.round3d.sample.lot_01.extremely_light.filter_percolation.rep_1	11	393
pilot.round3d.session_slot.reference.assessor_010.session_01.position_01	pilot.round3d.session_slot.reference.assessor_010.session_01	pilot.round3d.sample.lot_02.medium_dark.espresso_pressure.rep_2	1	716
pilot.round3d.session_slot.reference.assessor_010.session_01.position_02	pilot.round3d.session_slot.reference.assessor_010.session_01	pilot.round3d.sample.lot_01.medium.filter_percolation.rep_1	2	605
pilot.round3d.session_slot.reference.assessor_010.session_01.position_03	pilot.round3d.session_slot.reference.assessor_010.session_01	pilot.round3d.sample.lot_01.medium.cold_extraction.rep_2	3	627
pilot.round3d.session_slot.reference.assessor_010.session_01.position_04	pilot.round3d.session_slot.reference.assessor_010.session_01	pilot.round3d.sample.lot_01.extremely_dark.espresso_pressure.rep_1	4	989
pilot.round3d.session_slot.reference.assessor_010.session_01.position_05	pilot.round3d.session_slot.reference.assessor_010.session_01	pilot.round3d.sample.lot_02.extremely_dark.filter_percolation.rep_1	5	261
pilot.round3d.session_slot.reference.assessor_010.session_01.position_06	pilot.round3d.session_slot.reference.assessor_010.session_01	pilot.round3d.sample.lot_01.light.espresso_pressure.rep_1	6	227
pilot.round3d.session_slot.reference.assessor_010.session_01.position_07	pilot.round3d.session_slot.reference.assessor_010.session_01	pilot.round3d.sample.lot_02.dark.espresso_pressure.rep_2	7	896
pilot.round3d.session_slot.reference.assessor_010.session_01.position_08	pilot.round3d.session_slot.reference.assessor_010.session_01	pilot.round3d.sample.lot_02.medium_dark.immersion.rep_2	8	438
pilot.round3d.session_slot.reference.assessor_010.session_01.position_09	pilot.round3d.session_slot.reference.assessor_010.session_01	pilot.round3d.sample.lot_02.light.immersion.rep_2	9	703
pilot.round3d.session_slot.reference.assessor_010.session_01.position_10	pilot.round3d.session_slot.reference.assessor_010.session_01	pilot.round3d.sample.lot_01.medium.espresso_milk.rep_1	10	782
pilot.round3d.session_slot.reference.assessor_010.session_01.position_11	pilot.round3d.session_slot.reference.assessor_010.session_01	pilot.round3d.sample.lot_02.medium.cold_extraction.rep_2	11	191
pilot.round3d.session_slot.reference.assessor_010.session_02.position_01	pilot.round3d.session_slot.reference.assessor_010.session_02	pilot.round3d.sample.lot_02.light.cold_extraction.rep_2	1	956
pilot.round3d.session_slot.reference.assessor_010.session_02.position_02	pilot.round3d.session_slot.reference.assessor_010.session_02	pilot.round3d.sample.lot_02.extremely_dark.espresso_pressure.rep_1	2	541
pilot.round3d.session_slot.reference.assessor_010.session_02.position_03	pilot.round3d.session_slot.reference.assessor_010.session_02	pilot.round3d.sample.lot_01.dark.cold_extraction.rep_1	3	151
pilot.round3d.session_slot.reference.assessor_010.session_02.position_04	pilot.round3d.session_slot.reference.assessor_010.session_02	pilot.round3d.sample.lot_01.extremely_dark.filter_percolation.rep_2	4	687
pilot.round3d.session_slot.reference.assessor_010.session_02.position_05	pilot.round3d.session_slot.reference.assessor_010.session_02	pilot.round3d.sample.lot_01.medium_dark.filter_percolation.rep_2	5	455
pilot.round3d.session_slot.reference.assessor_010.session_02.position_06	pilot.round3d.session_slot.reference.assessor_010.session_02	pilot.round3d.sample.lot_01.medium.espresso_pressure.rep_2	6	173
pilot.round3d.session_slot.reference.assessor_010.session_02.position_07	pilot.round3d.session_slot.reference.assessor_010.session_02	pilot.round3d.sample.lot_01.dark.filter_percolation.rep_2	7	262
pilot.round3d.session_slot.reference.assessor_010.session_02.position_08	pilot.round3d.session_slot.reference.assessor_010.session_02	pilot.round3d.sample.lot_02.medium.hybrid.rep_1	8	752
pilot.round3d.session_slot.reference.assessor_010.session_02.position_09	pilot.round3d.session_slot.reference.assessor_010.session_02	pilot.round3d.sample.lot_01.medium_light.espresso_pressure.rep_1	9	119
pilot.round3d.session_slot.reference.assessor_010.session_02.position_10	pilot.round3d.session_slot.reference.assessor_010.session_02	pilot.round3d.sample.lot_02.medium.hybrid.rep_2	10	354
pilot.round3d.session_slot.reference.assessor_010.session_02.position_11	pilot.round3d.session_slot.reference.assessor_010.session_02	pilot.round3d.sample.lot_01.dark.espresso_milk.rep_2	11	987
pilot.round3d.session_slot.reference.assessor_010.session_03.position_01	pilot.round3d.session_slot.reference.assessor_010.session_03	pilot.round3d.sample.lot_02.medium_light.immersion.rep_2	1	674
pilot.round3d.session_slot.reference.assessor_010.session_03.position_02	pilot.round3d.session_slot.reference.assessor_010.session_03	pilot.round3d.sample.lot_01.medium.hybrid.rep_2	2	352
pilot.round3d.session_slot.reference.assessor_010.session_03.position_03	pilot.round3d.session_slot.reference.assessor_010.session_03	pilot.round3d.sample.lot_02.medium.cold_extraction.rep_1	3	549
pilot.round3d.session_slot.reference.assessor_010.session_03.position_04	pilot.round3d.session_slot.reference.assessor_010.session_03	pilot.round3d.sample.lot_01.light.immersion.rep_1	4	461
pilot.round3d.session_slot.reference.assessor_010.session_03.position_05	pilot.round3d.session_slot.reference.assessor_010.session_03	pilot.round3d.sample.lot_01.dark.hybrid.rep_2	5	957
pilot.round3d.session_slot.reference.assessor_010.session_03.position_06	pilot.round3d.session_slot.reference.assessor_010.session_03	pilot.round3d.sample.lot_02.medium_light.filter_percolation.rep_2	6	545
pilot.round3d.session_slot.reference.assessor_010.session_03.position_07	pilot.round3d.session_slot.reference.assessor_010.session_03	pilot.round3d.sample.lot_01.medium_dark.immersion.rep_2	7	426
pilot.round3d.session_slot.reference.assessor_010.session_03.position_08	pilot.round3d.session_slot.reference.assessor_010.session_03	pilot.round3d.sample.lot_01.light.hybrid.rep_1	8	989
pilot.round3d.session_slot.reference.assessor_010.session_03.position_09	pilot.round3d.session_slot.reference.assessor_010.session_03	pilot.round3d.sample.lot_02.light.diluted_espresso.rep_1	9	959
pilot.round3d.session_slot.reference.assessor_010.session_03.position_10	pilot.round3d.session_slot.reference.assessor_010.session_03	pilot.round3d.sample.lot_02.extremely_light.immersion.rep_2	10	524
pilot.round3d.session_slot.reference.assessor_010.session_03.position_11	pilot.round3d.session_slot.reference.assessor_010.session_03	pilot.round3d.sample.lot_02.light.hybrid.rep_1	11	286
pilot.round3d.session_slot.reference.assessor_010.session_04.position_01	pilot.round3d.session_slot.reference.assessor_010.session_04	pilot.round3d.sample.lot_01.light.cold_extraction.rep_2	1	850
pilot.round3d.session_slot.reference.assessor_010.session_04.position_02	pilot.round3d.session_slot.reference.assessor_010.session_04	pilot.round3d.sample.lot_02.extremely_dark.filter_percolation.rep_2	2	999
pilot.round3d.session_slot.reference.assessor_010.session_04.position_03	pilot.round3d.session_slot.reference.assessor_010.session_04	pilot.round3d.sample.lot_01.medium.diluted_espresso.rep_1	3	357
pilot.round3d.session_slot.reference.assessor_010.session_04.position_04	pilot.round3d.session_slot.reference.assessor_010.session_04	pilot.round3d.sample.lot_02.dark.hybrid.rep_2	4	661
pilot.round3d.session_slot.reference.assessor_010.session_04.position_05	pilot.round3d.session_slot.reference.assessor_010.session_04	pilot.round3d.sample.lot_02.medium_dark.filter_percolation.rep_1	5	179
pilot.round3d.session_slot.reference.assessor_010.session_04.position_06	pilot.round3d.session_slot.reference.assessor_010.session_04	pilot.round3d.sample.lot_02.medium_light.espresso_pressure.rep_1	6	438
pilot.round3d.session_slot.reference.assessor_010.session_04.position_07	pilot.round3d.session_slot.reference.assessor_010.session_04	pilot.round3d.sample.lot_02.medium_light.immersion.rep_1	7	820
pilot.round3d.session_slot.reference.assessor_010.session_04.position_08	pilot.round3d.session_slot.reference.assessor_010.session_04	pilot.round3d.sample.lot_02.light.espresso_pressure.rep_2	8	293
pilot.round3d.session_slot.reference.assessor_010.session_04.position_09	pilot.round3d.session_slot.reference.assessor_010.session_04	pilot.round3d.sample.lot_01.dark.espresso_pressure.rep_1	9	616
pilot.round3d.session_slot.reference.assessor_010.session_04.position_10	pilot.round3d.session_slot.reference.assessor_010.session_04	pilot.round3d.sample.lot_01.extremely_dark.immersion.rep_2	10	909
pilot.round3d.session_slot.reference.assessor_010.session_04.position_11	pilot.round3d.session_slot.reference.assessor_010.session_04	pilot.round3d.sample.lot_02.medium.espresso_pressure.rep_2	11	615
pilot.round3d.session_slot.reference.assessor_010.session_05.position_01	pilot.round3d.session_slot.reference.assessor_010.session_05	pilot.round3d.sample.lot_02.medium.immersion.rep_1	1	186
pilot.round3d.session_slot.reference.assessor_010.session_05.position_02	pilot.round3d.session_slot.reference.assessor_010.session_05	pilot.round3d.sample.lot_01.extremely_light.espresso_pressure.rep_2	2	779
pilot.round3d.session_slot.reference.assessor_010.session_05.position_03	pilot.round3d.session_slot.reference.assessor_010.session_05	pilot.round3d.sample.lot_02.medium_dark.immersion.rep_1	3	390
pilot.round3d.session_slot.reference.assessor_010.session_05.position_04	pilot.round3d.session_slot.reference.assessor_010.session_05	pilot.round3d.sample.lot_02.extremely_light.immersion.rep_1	4	451
pilot.round3d.session_slot.reference.assessor_010.session_05.position_05	pilot.round3d.session_slot.reference.assessor_010.session_05	pilot.round3d.sample.lot_02.medium.diluted_espresso.rep_1	5	103
pilot.round3d.session_slot.reference.assessor_010.session_05.position_06	pilot.round3d.session_slot.reference.assessor_010.session_05	pilot.round3d.sample.lot_02.light.filter_percolation.rep_1	6	445
pilot.round3d.session_slot.reference.assessor_010.session_05.position_07	pilot.round3d.session_slot.reference.assessor_010.session_05	pilot.round3d.sample.lot_02.dark.cold_extraction.rep_2	7	530
pilot.round3d.session_slot.reference.assessor_010.session_05.position_08	pilot.round3d.session_slot.reference.assessor_010.session_05	pilot.round3d.sample.lot_02.light.filter_percolation.rep_2	8	711
pilot.round3d.session_slot.reference.assessor_010.session_05.position_09	pilot.round3d.session_slot.reference.assessor_010.session_05	pilot.round3d.sample.lot_01.light.espresso_pressure.rep_2	9	102
pilot.round3d.session_slot.reference.assessor_010.session_05.position_10	pilot.round3d.session_slot.reference.assessor_010.session_05	pilot.round3d.sample.lot_01.extremely_light.espresso_pressure.rep_1	10	652
pilot.round3d.session_slot.reference.assessor_010.session_05.position_11	pilot.round3d.session_slot.reference.assessor_010.session_05	pilot.round3d.sample.lot_01.extremely_light.immersion.rep_2	11	694
pilot.round3d.session_slot.reference.assessor_010.session_06.position_01	pilot.round3d.session_slot.reference.assessor_010.session_06	pilot.round3d.sample.lot_01.medium_dark.espresso_pressure.rep_2	1	105
pilot.round3d.session_slot.reference.assessor_010.session_06.position_02	pilot.round3d.session_slot.reference.assessor_010.session_06	pilot.round3d.sample.lot_01.light.filter_percolation.rep_1	2	484
pilot.round3d.session_slot.reference.assessor_010.session_06.position_03	pilot.round3d.session_slot.reference.assessor_010.session_06	pilot.round3d.sample.lot_02.light.diluted_espresso.rep_2	3	875
pilot.round3d.session_slot.reference.assessor_010.session_06.position_04	pilot.round3d.session_slot.reference.assessor_010.session_06	pilot.round3d.sample.lot_01.medium.hybrid.rep_1	4	860
pilot.round3d.session_slot.reference.assessor_010.session_06.position_05	pilot.round3d.session_slot.reference.assessor_010.session_06	pilot.round3d.sample.lot_02.light.espresso_pressure.rep_1	5	800
pilot.round3d.session_slot.reference.assessor_010.session_06.position_06	pilot.round3d.session_slot.reference.assessor_010.session_06	pilot.round3d.sample.lot_01.medium.diluted_espresso.rep_2	6	379
pilot.round3d.session_slot.reference.assessor_010.session_06.position_07	pilot.round3d.session_slot.reference.assessor_010.session_06	pilot.round3d.sample.lot_01.medium.espresso_pressure.rep_1	7	172
pilot.round3d.session_slot.reference.assessor_010.session_06.position_08	pilot.round3d.session_slot.reference.assessor_010.session_06	pilot.round3d.sample.lot_02.medium.espresso_pressure.rep_1	8	435
pilot.round3d.session_slot.reference.assessor_010.session_06.position_09	pilot.round3d.session_slot.reference.assessor_010.session_06	pilot.round3d.sample.lot_02.medium_light.espresso_pressure.rep_2	9	168
pilot.round3d.session_slot.reference.assessor_010.session_06.position_10	pilot.round3d.session_slot.reference.assessor_010.session_06	pilot.round3d.sample.lot_02.medium.filter_percolation.rep_1	10	136
pilot.round3d.session_slot.reference.assessor_010.session_06.position_11	pilot.round3d.session_slot.reference.assessor_010.session_06	pilot.round3d.sample.lot_02.dark.immersion.rep_1	11	406
pilot.round3d.session_slot.reference.assessor_011.session_01.position_01	pilot.round3d.session_slot.reference.assessor_011.session_01	pilot.round3d.sample.lot_01.light.diluted_espresso.rep_1	1	663
pilot.round3d.session_slot.reference.assessor_011.session_01.position_02	pilot.round3d.session_slot.reference.assessor_011.session_01	pilot.round3d.sample.lot_01.medium.espresso_milk.rep_2	2	943
pilot.round3d.session_slot.reference.assessor_011.session_01.position_03	pilot.round3d.session_slot.reference.assessor_011.session_01	pilot.round3d.sample.lot_01.dark.immersion.rep_1	3	693
pilot.round3d.session_slot.reference.assessor_011.session_01.position_04	pilot.round3d.session_slot.reference.assessor_011.session_01	pilot.round3d.sample.lot_02.medium.espresso_milk.rep_1	4	774
pilot.round3d.session_slot.reference.assessor_011.session_01.position_05	pilot.round3d.session_slot.reference.assessor_011.session_01	pilot.round3d.sample.lot_02.extremely_light.filter_percolation.rep_1	5	393
pilot.round3d.session_slot.reference.assessor_011.session_01.position_06	pilot.round3d.session_slot.reference.assessor_011.session_01	pilot.round3d.sample.lot_02.dark.espresso_pressure.rep_1	6	300
pilot.round3d.session_slot.reference.assessor_011.session_01.position_07	pilot.round3d.session_slot.reference.assessor_011.session_01	pilot.round3d.sample.lot_02.light.hybrid.rep_2	7	271
pilot.round3d.session_slot.reference.assessor_011.session_01.position_08	pilot.round3d.session_slot.reference.assessor_011.session_01	pilot.round3d.sample.lot_02.dark.filter_percolation.rep_2	8	901
pilot.round3d.session_slot.reference.assessor_011.session_01.position_09	pilot.round3d.session_slot.reference.assessor_011.session_01	pilot.round3d.sample.lot_02.medium.filter_percolation.rep_2	9	407
pilot.round3d.session_slot.reference.assessor_011.session_01.position_10	pilot.round3d.session_slot.reference.assessor_011.session_01	pilot.round3d.sample.lot_02.medium_dark.espresso_pressure.rep_1	10	151
pilot.round3d.session_slot.reference.assessor_011.session_01.position_11	pilot.round3d.session_slot.reference.assessor_011.session_01	pilot.round3d.sample.lot_01.medium.immersion.rep_1	11	714
pilot.round3d.session_slot.reference.assessor_011.session_02.position_01	pilot.round3d.session_slot.reference.assessor_011.session_02	pilot.round3d.sample.lot_02.medium_light.filter_percolation.rep_1	1	924
pilot.round3d.session_slot.reference.assessor_011.session_02.position_02	pilot.round3d.session_slot.reference.assessor_011.session_02	pilot.round3d.sample.lot_02.dark.cold_extraction.rep_1	2	769
pilot.round3d.session_slot.reference.assessor_011.session_02.position_03	pilot.round3d.session_slot.reference.assessor_011.session_02	pilot.round3d.sample.lot_01.light.espresso_milk.rep_2	3	922
pilot.round3d.session_slot.reference.assessor_011.session_02.position_04	pilot.round3d.session_slot.reference.assessor_011.session_02	pilot.round3d.sample.lot_01.medium_dark.espresso_pressure.rep_1	4	546
pilot.round3d.session_slot.reference.assessor_011.session_02.position_05	pilot.round3d.session_slot.reference.assessor_011.session_02	pilot.round3d.sample.lot_02.dark.espresso_milk.rep_1	5	360
pilot.round3d.session_slot.reference.assessor_011.session_02.position_06	pilot.round3d.session_slot.reference.assessor_011.session_02	pilot.round3d.sample.lot_01.dark.espresso_milk.rep_1	6	639
pilot.round3d.session_slot.reference.assessor_011.session_02.position_07	pilot.round3d.session_slot.reference.assessor_011.session_02	pilot.round3d.sample.lot_01.medium_light.immersion.rep_1	7	416
pilot.round3d.session_slot.reference.assessor_011.session_02.position_08	pilot.round3d.session_slot.reference.assessor_011.session_02	pilot.round3d.sample.lot_02.medium.diluted_espresso.rep_2	8	925
pilot.round3d.session_slot.reference.assessor_011.session_02.position_09	pilot.round3d.session_slot.reference.assessor_011.session_02	pilot.round3d.sample.lot_01.extremely_dark.filter_percolation.rep_1	9	688
pilot.round3d.session_slot.reference.assessor_011.session_02.position_10	pilot.round3d.session_slot.reference.assessor_011.session_02	pilot.round3d.sample.lot_02.dark.espresso_milk.rep_2	10	167
pilot.round3d.session_slot.reference.assessor_011.session_02.position_11	pilot.round3d.session_slot.reference.assessor_011.session_02	pilot.round3d.sample.lot_01.medium_light.filter_percolation.rep_2	11	642
pilot.round3d.session_slot.reference.assessor_011.session_03.position_01	pilot.round3d.session_slot.reference.assessor_011.session_03	pilot.round3d.sample.lot_02.medium.immersion.rep_2	1	484
pilot.round3d.session_slot.reference.assessor_011.session_03.position_02	pilot.round3d.session_slot.reference.assessor_011.session_03	pilot.round3d.sample.lot_01.light.espresso_milk.rep_1	2	831
pilot.round3d.session_slot.reference.assessor_011.session_03.position_03	pilot.round3d.session_slot.reference.assessor_011.session_03	pilot.round3d.sample.lot_01.dark.cold_extraction.rep_2	3	351
pilot.round3d.session_slot.reference.assessor_011.session_03.position_04	pilot.round3d.session_slot.reference.assessor_011.session_03	pilot.round3d.sample.lot_01.medium_light.filter_percolation.rep_1	4	617
pilot.round3d.session_slot.reference.assessor_011.session_03.position_05	pilot.round3d.session_slot.reference.assessor_011.session_03	pilot.round3d.sample.lot_01.dark.hybrid.rep_1	5	818
pilot.round3d.session_slot.reference.assessor_011.session_03.position_06	pilot.round3d.session_slot.reference.assessor_011.session_03	pilot.round3d.sample.lot_02.light.immersion.rep_1	6	735
pilot.round3d.session_slot.reference.assessor_011.session_03.position_07	pilot.round3d.session_slot.reference.assessor_011.session_03	pilot.round3d.sample.lot_02.dark.filter_percolation.rep_1	7	524
pilot.round3d.session_slot.reference.assessor_011.session_03.position_08	pilot.round3d.session_slot.reference.assessor_011.session_03	pilot.round3d.sample.lot_01.dark.immersion.rep_2	8	260
pilot.round3d.session_slot.reference.assessor_011.session_03.position_09	pilot.round3d.session_slot.reference.assessor_011.session_03	pilot.round3d.sample.lot_02.extremely_light.filter_percolation.rep_2	9	445
pilot.round3d.session_slot.reference.assessor_011.session_03.position_10	pilot.round3d.session_slot.reference.assessor_011.session_03	pilot.round3d.sample.lot_01.light.cold_extraction.rep_1	10	725
pilot.round3d.session_slot.reference.assessor_011.session_03.position_11	pilot.round3d.session_slot.reference.assessor_011.session_03	pilot.round3d.sample.lot_01.medium.cold_extraction.rep_1	11	747
pilot.round3d.session_slot.reference.assessor_011.session_04.position_01	pilot.round3d.session_slot.reference.assessor_011.session_04	pilot.round3d.sample.lot_02.dark.immersion.rep_2	1	787
pilot.round3d.session_slot.reference.assessor_011.session_04.position_02	pilot.round3d.session_slot.reference.assessor_011.session_04	pilot.round3d.sample.lot_02.dark.diluted_espresso.rep_1	2	546
pilot.round3d.session_slot.reference.assessor_011.session_04.position_03	pilot.round3d.session_slot.reference.assessor_011.session_04	pilot.round3d.sample.lot_01.dark.diluted_espresso.rep_2	3	877
pilot.round3d.session_slot.reference.assessor_011.session_04.position_04	pilot.round3d.session_slot.reference.assessor_011.session_04	pilot.round3d.sample.lot_02.light.espresso_milk.rep_2	4	730
pilot.round3d.session_slot.reference.assessor_011.session_04.position_05	pilot.round3d.session_slot.reference.assessor_011.session_04	pilot.round3d.sample.lot_01.light.diluted_espresso.rep_2	5	379
pilot.round3d.session_slot.reference.assessor_011.session_04.position_06	pilot.round3d.session_slot.reference.assessor_011.session_04	pilot.round3d.sample.lot_01.dark.filter_percolation.rep_1	6	906
pilot.round3d.session_slot.reference.assessor_011.session_04.position_07	pilot.round3d.session_slot.reference.assessor_011.session_04	pilot.round3d.sample.lot_02.light.espresso_milk.rep_1	7	752
pilot.round3d.session_slot.reference.assessor_011.session_04.position_08	pilot.round3d.session_slot.reference.assessor_011.session_04	pilot.round3d.sample.lot_02.extremely_light.espresso_pressure.rep_1	8	165
pilot.round3d.session_slot.reference.assessor_011.session_04.position_09	pilot.round3d.session_slot.reference.assessor_011.session_04	pilot.round3d.sample.lot_02.dark.diluted_espresso.rep_2	9	849
pilot.round3d.session_slot.reference.assessor_011.session_04.position_10	pilot.round3d.session_slot.reference.assessor_011.session_04	pilot.round3d.sample.lot_01.light.hybrid.rep_2	10	743
pilot.round3d.session_slot.reference.assessor_011.session_04.position_11	pilot.round3d.session_slot.reference.assessor_011.session_04	pilot.round3d.sample.lot_02.extremely_dark.immersion.rep_1	11	324
pilot.round3d.session_slot.reference.assessor_011.session_05.position_01	pilot.round3d.session_slot.reference.assessor_011.session_05	pilot.round3d.sample.lot_02.dark.hybrid.rep_1	1	858
pilot.round3d.session_slot.reference.assessor_011.session_05.position_02	pilot.round3d.session_slot.reference.assessor_011.session_05	pilot.round3d.sample.lot_01.medium.immersion.rep_2	2	600
pilot.round3d.session_slot.reference.assessor_011.session_05.position_03	pilot.round3d.session_slot.reference.assessor_011.session_05	pilot.round3d.sample.lot_01.medium_light.immersion.rep_2	3	698
pilot.round3d.session_slot.reference.assessor_011.session_05.position_04	pilot.round3d.session_slot.reference.assessor_011.session_05	pilot.round3d.sample.lot_02.medium_dark.filter_percolation.rep_2	4	614
pilot.round3d.session_slot.reference.assessor_011.session_05.position_05	pilot.round3d.session_slot.reference.assessor_011.session_05	pilot.round3d.sample.lot_01.extremely_light.filter_percolation.rep_1	5	316
pilot.round3d.session_slot.reference.assessor_011.session_05.position_06	pilot.round3d.session_slot.reference.assessor_011.session_05	pilot.round3d.sample.lot_02.medium_dark.espresso_pressure.rep_2	6	208
pilot.round3d.session_slot.reference.assessor_011.session_05.position_07	pilot.round3d.session_slot.reference.assessor_011.session_05	pilot.round3d.sample.lot_01.medium.filter_percolation.rep_1	7	168
pilot.round3d.session_slot.reference.assessor_011.session_05.position_08	pilot.round3d.session_slot.reference.assessor_011.session_05	pilot.round3d.sample.lot_01.medium.cold_extraction.rep_2	8	900
pilot.round3d.session_slot.reference.assessor_011.session_05.position_09	pilot.round3d.session_slot.reference.assessor_011.session_05	pilot.round3d.sample.lot_01.extremely_dark.espresso_pressure.rep_1	9	275
pilot.round3d.session_slot.reference.assessor_011.session_05.position_10	pilot.round3d.session_slot.reference.assessor_011.session_05	pilot.round3d.sample.lot_02.extremely_dark.filter_percolation.rep_1	10	593
pilot.round3d.session_slot.reference.assessor_011.session_05.position_11	pilot.round3d.session_slot.reference.assessor_011.session_05	pilot.round3d.sample.lot_01.light.espresso_pressure.rep_1	11	137
pilot.round3d.session_slot.reference.assessor_011.session_06.position_01	pilot.round3d.session_slot.reference.assessor_011.session_06	pilot.round3d.sample.lot_02.dark.espresso_pressure.rep_2	1	573
pilot.round3d.session_slot.reference.assessor_011.session_06.position_02	pilot.round3d.session_slot.reference.assessor_011.session_06	pilot.round3d.sample.lot_02.medium_dark.immersion.rep_2	2	334
pilot.round3d.session_slot.reference.assessor_011.session_06.position_03	pilot.round3d.session_slot.reference.assessor_011.session_06	pilot.round3d.sample.lot_02.light.immersion.rep_2	3	199
pilot.round3d.session_slot.reference.assessor_011.session_06.position_04	pilot.round3d.session_slot.reference.assessor_011.session_06	pilot.round3d.sample.lot_01.medium.espresso_milk.rep_1	4	209
pilot.round3d.session_slot.reference.assessor_011.session_06.position_05	pilot.round3d.session_slot.reference.assessor_011.session_06	pilot.round3d.sample.lot_02.medium.cold_extraction.rep_2	5	355
pilot.round3d.session_slot.reference.assessor_011.session_06.position_06	pilot.round3d.session_slot.reference.assessor_011.session_06	pilot.round3d.sample.lot_02.light.cold_extraction.rep_2	6	969
pilot.round3d.session_slot.reference.assessor_011.session_06.position_07	pilot.round3d.session_slot.reference.assessor_011.session_06	pilot.round3d.sample.lot_02.extremely_dark.espresso_pressure.rep_1	7	917
pilot.round3d.session_slot.reference.assessor_011.session_06.position_08	pilot.round3d.session_slot.reference.assessor_011.session_06	pilot.round3d.sample.lot_01.dark.cold_extraction.rep_1	8	874
pilot.round3d.session_slot.reference.assessor_011.session_06.position_09	pilot.round3d.session_slot.reference.assessor_011.session_06	pilot.round3d.sample.lot_01.extremely_dark.filter_percolation.rep_2	9	706
pilot.round3d.session_slot.reference.assessor_011.session_06.position_10	pilot.round3d.session_slot.reference.assessor_011.session_06	pilot.round3d.sample.lot_01.medium_dark.filter_percolation.rep_2	10	856
pilot.round3d.session_slot.reference.assessor_011.session_06.position_11	pilot.round3d.session_slot.reference.assessor_011.session_06	pilot.round3d.sample.lot_01.medium.espresso_pressure.rep_2	11	794
pilot.round3d.session_slot.reference.assessor_012.session_01.position_01	pilot.round3d.session_slot.reference.assessor_012.session_01	pilot.round3d.sample.lot_01.dark.filter_percolation.rep_2	1	262
pilot.round3d.session_slot.reference.assessor_012.session_01.position_02	pilot.round3d.session_slot.reference.assessor_012.session_01	pilot.round3d.sample.lot_02.medium.hybrid.rep_1	2	782
pilot.round3d.session_slot.reference.assessor_012.session_01.position_03	pilot.round3d.session_slot.reference.assessor_012.session_01	pilot.round3d.sample.lot_01.medium_light.espresso_pressure.rep_1	3	520
pilot.round3d.session_slot.reference.assessor_012.session_01.position_04	pilot.round3d.session_slot.reference.assessor_012.session_01	pilot.round3d.sample.lot_02.medium.hybrid.rep_2	4	546
pilot.round3d.session_slot.reference.assessor_012.session_01.position_05	pilot.round3d.session_slot.reference.assessor_012.session_01	pilot.round3d.sample.lot_01.dark.espresso_milk.rep_2	5	266
pilot.round3d.session_slot.reference.assessor_012.session_01.position_06	pilot.round3d.session_slot.reference.assessor_012.session_01	pilot.round3d.sample.lot_02.medium_light.immersion.rep_2	6	833
pilot.round3d.session_slot.reference.assessor_012.session_01.position_07	pilot.round3d.session_slot.reference.assessor_012.session_01	pilot.round3d.sample.lot_01.medium.hybrid.rep_2	7	976
pilot.round3d.session_slot.reference.assessor_012.session_01.position_08	pilot.round3d.session_slot.reference.assessor_012.session_01	pilot.round3d.sample.lot_02.medium.cold_extraction.rep_1	8	757
pilot.round3d.session_slot.reference.assessor_012.session_01.position_09	pilot.round3d.session_slot.reference.assessor_012.session_01	pilot.round3d.sample.lot_01.light.immersion.rep_1	9	178
pilot.round3d.session_slot.reference.assessor_012.session_01.position_10	pilot.round3d.session_slot.reference.assessor_012.session_01	pilot.round3d.sample.lot_01.dark.hybrid.rep_2	10	768
pilot.round3d.session_slot.reference.assessor_012.session_01.position_11	pilot.round3d.session_slot.reference.assessor_012.session_01	pilot.round3d.sample.lot_02.medium_light.filter_percolation.rep_2	11	744
pilot.round3d.session_slot.reference.assessor_012.session_02.position_01	pilot.round3d.session_slot.reference.assessor_012.session_02	pilot.round3d.sample.lot_01.medium_dark.immersion.rep_2	1	129
pilot.round3d.session_slot.reference.assessor_012.session_02.position_02	pilot.round3d.session_slot.reference.assessor_012.session_02	pilot.round3d.sample.lot_01.light.hybrid.rep_1	2	314
pilot.round3d.session_slot.reference.assessor_012.session_02.position_03	pilot.round3d.session_slot.reference.assessor_012.session_02	pilot.round3d.sample.lot_02.light.diluted_espresso.rep_1	3	488
pilot.round3d.session_slot.reference.assessor_012.session_02.position_04	pilot.round3d.session_slot.reference.assessor_012.session_02	pilot.round3d.sample.lot_02.extremely_light.immersion.rep_2	4	107
pilot.round3d.session_slot.reference.assessor_012.session_02.position_05	pilot.round3d.session_slot.reference.assessor_012.session_02	pilot.round3d.sample.lot_02.light.hybrid.rep_1	5	413
pilot.round3d.session_slot.reference.assessor_012.session_02.position_06	pilot.round3d.session_slot.reference.assessor_012.session_02	pilot.round3d.sample.lot_01.light.cold_extraction.rep_2	6	211
pilot.round3d.session_slot.reference.assessor_012.session_02.position_07	pilot.round3d.session_slot.reference.assessor_012.session_02	pilot.round3d.sample.lot_02.extremely_dark.filter_percolation.rep_2	7	936
pilot.round3d.session_slot.reference.assessor_012.session_02.position_08	pilot.round3d.session_slot.reference.assessor_012.session_02	pilot.round3d.sample.lot_01.medium.diluted_espresso.rep_1	8	942
pilot.round3d.session_slot.reference.assessor_012.session_02.position_09	pilot.round3d.session_slot.reference.assessor_012.session_02	pilot.round3d.sample.lot_02.dark.hybrid.rep_2	9	170
pilot.round3d.session_slot.reference.assessor_012.session_02.position_10	pilot.round3d.session_slot.reference.assessor_012.session_02	pilot.round3d.sample.lot_02.medium_dark.filter_percolation.rep_1	10	393
pilot.round3d.session_slot.reference.assessor_012.session_02.position_11	pilot.round3d.session_slot.reference.assessor_012.session_02	pilot.round3d.sample.lot_02.medium_light.espresso_pressure.rep_1	11	272
pilot.round3d.session_slot.reference.assessor_012.session_03.position_01	pilot.round3d.session_slot.reference.assessor_012.session_03	pilot.round3d.sample.lot_02.medium_light.immersion.rep_1	1	169
pilot.round3d.session_slot.reference.assessor_012.session_03.position_02	pilot.round3d.session_slot.reference.assessor_012.session_03	pilot.round3d.sample.lot_02.light.espresso_pressure.rep_2	2	929
pilot.round3d.session_slot.reference.assessor_012.session_03.position_03	pilot.round3d.session_slot.reference.assessor_012.session_03	pilot.round3d.sample.lot_01.dark.espresso_pressure.rep_1	3	104
pilot.round3d.session_slot.reference.assessor_012.session_03.position_04	pilot.round3d.session_slot.reference.assessor_012.session_03	pilot.round3d.sample.lot_01.extremely_dark.immersion.rep_2	4	358
pilot.round3d.session_slot.reference.assessor_012.session_03.position_05	pilot.round3d.session_slot.reference.assessor_012.session_03	pilot.round3d.sample.lot_02.medium.espresso_pressure.rep_2	5	101
pilot.round3d.session_slot.reference.assessor_012.session_03.position_06	pilot.round3d.session_slot.reference.assessor_012.session_03	pilot.round3d.sample.lot_02.medium.immersion.rep_1	6	507
pilot.round3d.session_slot.reference.assessor_012.session_03.position_07	pilot.round3d.session_slot.reference.assessor_012.session_03	pilot.round3d.sample.lot_01.extremely_light.espresso_pressure.rep_2	7	559
pilot.round3d.session_slot.reference.assessor_012.session_03.position_08	pilot.round3d.session_slot.reference.assessor_012.session_03	pilot.round3d.sample.lot_02.medium_dark.immersion.rep_1	8	862
pilot.round3d.session_slot.reference.assessor_012.session_03.position_09	pilot.round3d.session_slot.reference.assessor_012.session_03	pilot.round3d.sample.lot_02.extremely_light.immersion.rep_1	9	842
pilot.round3d.session_slot.reference.assessor_012.session_03.position_10	pilot.round3d.session_slot.reference.assessor_012.session_03	pilot.round3d.sample.lot_02.medium.diluted_espresso.rep_1	10	665
pilot.round3d.session_slot.reference.assessor_012.session_03.position_11	pilot.round3d.session_slot.reference.assessor_012.session_03	pilot.round3d.sample.lot_02.light.filter_percolation.rep_1	11	479
pilot.round3d.session_slot.reference.assessor_012.session_04.position_01	pilot.round3d.session_slot.reference.assessor_012.session_04	pilot.round3d.sample.lot_02.dark.cold_extraction.rep_2	1	389
pilot.round3d.session_slot.reference.assessor_012.session_04.position_02	pilot.round3d.session_slot.reference.assessor_012.session_04	pilot.round3d.sample.lot_02.light.filter_percolation.rep_2	2	795
pilot.round3d.session_slot.reference.assessor_012.session_04.position_03	pilot.round3d.session_slot.reference.assessor_012.session_04	pilot.round3d.sample.lot_01.light.espresso_pressure.rep_2	3	288
pilot.round3d.session_slot.reference.assessor_012.session_04.position_04	pilot.round3d.session_slot.reference.assessor_012.session_04	pilot.round3d.sample.lot_01.extremely_light.espresso_pressure.rep_1	4	931
pilot.round3d.session_slot.reference.assessor_012.session_04.position_05	pilot.round3d.session_slot.reference.assessor_012.session_04	pilot.round3d.sample.lot_01.extremely_light.immersion.rep_2	5	954
pilot.round3d.session_slot.reference.assessor_012.session_04.position_06	pilot.round3d.session_slot.reference.assessor_012.session_04	pilot.round3d.sample.lot_01.medium_dark.espresso_pressure.rep_2	6	913
pilot.round3d.session_slot.reference.assessor_012.session_04.position_07	pilot.round3d.session_slot.reference.assessor_012.session_04	pilot.round3d.sample.lot_01.light.filter_percolation.rep_1	7	947
pilot.round3d.session_slot.reference.assessor_012.session_04.position_08	pilot.round3d.session_slot.reference.assessor_012.session_04	pilot.round3d.sample.lot_02.light.diluted_espresso.rep_2	8	227
pilot.round3d.session_slot.reference.assessor_012.session_04.position_09	pilot.round3d.session_slot.reference.assessor_012.session_04	pilot.round3d.sample.lot_01.medium.hybrid.rep_1	9	517
pilot.round3d.session_slot.reference.assessor_012.session_04.position_10	pilot.round3d.session_slot.reference.assessor_012.session_04	pilot.round3d.sample.lot_02.light.espresso_pressure.rep_1	10	728
pilot.round3d.session_slot.reference.assessor_012.session_04.position_11	pilot.round3d.session_slot.reference.assessor_012.session_04	pilot.round3d.sample.lot_01.medium.diluted_espresso.rep_2	11	258
pilot.round3d.session_slot.reference.assessor_012.session_05.position_01	pilot.round3d.session_slot.reference.assessor_012.session_05	pilot.round3d.sample.lot_01.medium.espresso_pressure.rep_1	1	196
pilot.round3d.session_slot.reference.assessor_012.session_05.position_02	pilot.round3d.session_slot.reference.assessor_012.session_05	pilot.round3d.sample.lot_02.medium.espresso_pressure.rep_1	2	259
pilot.round3d.session_slot.reference.assessor_012.session_05.position_03	pilot.round3d.session_slot.reference.assessor_012.session_05	pilot.round3d.sample.lot_02.medium_light.espresso_pressure.rep_2	3	887
pilot.round3d.session_slot.reference.assessor_012.session_05.position_04	pilot.round3d.session_slot.reference.assessor_012.session_05	pilot.round3d.sample.lot_02.medium.filter_percolation.rep_1	4	263
pilot.round3d.session_slot.reference.assessor_012.session_05.position_05	pilot.round3d.session_slot.reference.assessor_012.session_05	pilot.round3d.sample.lot_02.dark.immersion.rep_1	5	743
pilot.round3d.session_slot.reference.assessor_012.session_05.position_06	pilot.round3d.session_slot.reference.assessor_012.session_05	pilot.round3d.sample.lot_01.dark.espresso_pressure.rep_2	6	438
pilot.round3d.session_slot.reference.assessor_012.session_05.position_07	pilot.round3d.session_slot.reference.assessor_012.session_05	pilot.round3d.sample.lot_01.medium_dark.immersion.rep_1	7	653
pilot.round3d.session_slot.reference.assessor_012.session_05.position_08	pilot.round3d.session_slot.reference.assessor_012.session_05	pilot.round3d.sample.lot_02.medium.espresso_milk.rep_2	8	819
pilot.round3d.session_slot.reference.assessor_012.session_05.position_09	pilot.round3d.session_slot.reference.assessor_012.session_05	pilot.round3d.sample.lot_01.extremely_dark.immersion.rep_1	9	689
pilot.round3d.session_slot.reference.assessor_012.session_05.position_10	pilot.round3d.session_slot.reference.assessor_012.session_05	pilot.round3d.sample.lot_01.extremely_dark.espresso_pressure.rep_2	10	175
pilot.round3d.session_slot.reference.assessor_012.session_05.position_11	pilot.round3d.session_slot.reference.assessor_012.session_05	pilot.round3d.sample.lot_01.dark.diluted_espresso.rep_1	11	918
pilot.round3d.session_slot.reference.assessor_012.session_06.position_01	pilot.round3d.session_slot.reference.assessor_012.session_06	pilot.round3d.sample.lot_01.medium_light.espresso_pressure.rep_2	1	315
pilot.round3d.session_slot.reference.assessor_012.session_06.position_02	pilot.round3d.session_slot.reference.assessor_012.session_06	pilot.round3d.sample.lot_02.extremely_light.espresso_pressure.rep_2	2	636
pilot.round3d.session_slot.reference.assessor_012.session_06.position_03	pilot.round3d.session_slot.reference.assessor_012.session_06	pilot.round3d.sample.lot_02.light.cold_extraction.rep_1	3	354
pilot.round3d.session_slot.reference.assessor_012.session_06.position_04	pilot.round3d.session_slot.reference.assessor_012.session_06	pilot.round3d.sample.lot_01.light.filter_percolation.rep_2	4	720
pilot.round3d.session_slot.reference.assessor_012.session_06.position_05	pilot.round3d.session_slot.reference.assessor_012.session_06	pilot.round3d.sample.lot_01.medium_dark.filter_percolation.rep_1	5	894
pilot.round3d.session_slot.reference.assessor_012.session_06.position_06	pilot.round3d.session_slot.reference.assessor_012.session_06	pilot.round3d.sample.lot_01.light.immersion.rep_2	6	782
pilot.round3d.session_slot.reference.assessor_012.session_06.position_07	pilot.round3d.session_slot.reference.assessor_012.session_06	pilot.round3d.sample.lot_02.extremely_dark.immersion.rep_2	7	561
pilot.round3d.session_slot.reference.assessor_012.session_06.position_08	pilot.round3d.session_slot.reference.assessor_012.session_06	pilot.round3d.sample.lot_01.medium.filter_percolation.rep_2	8	888
pilot.round3d.session_slot.reference.assessor_012.session_06.position_09	pilot.round3d.session_slot.reference.assessor_012.session_06	pilot.round3d.sample.lot_02.extremely_dark.espresso_pressure.rep_2	9	827
pilot.round3d.session_slot.reference.assessor_012.session_06.position_10	pilot.round3d.session_slot.reference.assessor_012.session_06	pilot.round3d.sample.lot_01.extremely_light.immersion.rep_1	10	594
pilot.round3d.session_slot.reference.assessor_012.session_06.position_11	pilot.round3d.session_slot.reference.assessor_012.session_06	pilot.round3d.sample.lot_01.extremely_light.filter_percolation.rep_2	11	802
pilot.round3d.session_slot.ordinary_user.assessor_001.session_01.position_01	pilot.round3d.session_slot.ordinary_user.assessor_001.session_01	pilot.round3d.sample.lot_02.medium_dark.filter_percolation.rep_2	1	359
pilot.round3d.session_slot.ordinary_user.assessor_001.session_01.position_02	pilot.round3d.session_slot.ordinary_user.assessor_001.session_01	pilot.round3d.sample.lot_01.extremely_light.filter_percolation.rep_1	2	402
pilot.round3d.session_slot.ordinary_user.assessor_001.session_01.position_03	pilot.round3d.session_slot.ordinary_user.assessor_001.session_01	pilot.round3d.sample.lot_02.medium_dark.espresso_pressure.rep_2	3	870
pilot.round3d.session_slot.ordinary_user.assessor_001.session_01.position_04	pilot.round3d.session_slot.ordinary_user.assessor_001.session_01	pilot.round3d.sample.lot_01.medium.filter_percolation.rep_1	4	181
pilot.round3d.session_slot.ordinary_user.assessor_001.session_01.position_05	pilot.round3d.session_slot.ordinary_user.assessor_001.session_01	pilot.round3d.sample.lot_01.medium.cold_extraction.rep_2	5	183
pilot.round3d.session_slot.ordinary_user.assessor_001.session_01.position_06	pilot.round3d.session_slot.ordinary_user.assessor_001.session_01	pilot.round3d.sample.lot_01.extremely_dark.espresso_pressure.rep_1	6	670
pilot.round3d.session_slot.ordinary_user.assessor_001.session_02.position_01	pilot.round3d.session_slot.ordinary_user.assessor_001.session_02	pilot.round3d.sample.lot_02.extremely_dark.filter_percolation.rep_1	1	598
pilot.round3d.session_slot.ordinary_user.assessor_001.session_02.position_02	pilot.round3d.session_slot.ordinary_user.assessor_001.session_02	pilot.round3d.sample.lot_01.light.espresso_pressure.rep_1	2	322
pilot.round3d.session_slot.ordinary_user.assessor_001.session_02.position_03	pilot.round3d.session_slot.ordinary_user.assessor_001.session_02	pilot.round3d.sample.lot_02.dark.espresso_pressure.rep_2	3	711
pilot.round3d.session_slot.ordinary_user.assessor_001.session_02.position_04	pilot.round3d.session_slot.ordinary_user.assessor_001.session_02	pilot.round3d.sample.lot_02.medium_dark.immersion.rep_2	4	262
pilot.round3d.session_slot.ordinary_user.assessor_001.session_02.position_05	pilot.round3d.session_slot.ordinary_user.assessor_001.session_02	pilot.round3d.sample.lot_02.light.immersion.rep_2	5	808
pilot.round3d.session_slot.ordinary_user.assessor_001.session_02.position_06	pilot.round3d.session_slot.ordinary_user.assessor_001.session_02	pilot.round3d.sample.lot_01.medium.espresso_milk.rep_1	6	451
pilot.round3d.session_slot.ordinary_user.assessor_002.session_01.position_01	pilot.round3d.session_slot.ordinary_user.assessor_002.session_01	pilot.round3d.sample.lot_02.medium.cold_extraction.rep_2	1	671
pilot.round3d.session_slot.ordinary_user.assessor_002.session_01.position_02	pilot.round3d.session_slot.ordinary_user.assessor_002.session_01	pilot.round3d.sample.lot_02.light.cold_extraction.rep_2	2	178
pilot.round3d.session_slot.ordinary_user.assessor_002.session_01.position_03	pilot.round3d.session_slot.ordinary_user.assessor_002.session_01	pilot.round3d.sample.lot_02.extremely_dark.espresso_pressure.rep_1	3	715
pilot.round3d.session_slot.ordinary_user.assessor_002.session_01.position_04	pilot.round3d.session_slot.ordinary_user.assessor_002.session_01	pilot.round3d.sample.lot_01.dark.cold_extraction.rep_1	4	673
pilot.round3d.session_slot.ordinary_user.assessor_002.session_01.position_05	pilot.round3d.session_slot.ordinary_user.assessor_002.session_01	pilot.round3d.sample.lot_01.extremely_dark.filter_percolation.rep_2	5	168
pilot.round3d.session_slot.ordinary_user.assessor_002.session_01.position_06	pilot.round3d.session_slot.ordinary_user.assessor_002.session_01	pilot.round3d.sample.lot_01.medium_dark.filter_percolation.rep_2	6	504
pilot.round3d.session_slot.ordinary_user.assessor_002.session_02.position_01	pilot.round3d.session_slot.ordinary_user.assessor_002.session_02	pilot.round3d.sample.lot_01.medium.espresso_pressure.rep_2	1	463
pilot.round3d.session_slot.ordinary_user.assessor_002.session_02.position_02	pilot.round3d.session_slot.ordinary_user.assessor_002.session_02	pilot.round3d.sample.lot_01.dark.filter_percolation.rep_2	2	787
pilot.round3d.session_slot.ordinary_user.assessor_002.session_02.position_03	pilot.round3d.session_slot.ordinary_user.assessor_002.session_02	pilot.round3d.sample.lot_02.medium.hybrid.rep_1	3	456
pilot.round3d.session_slot.ordinary_user.assessor_002.session_02.position_04	pilot.round3d.session_slot.ordinary_user.assessor_002.session_02	pilot.round3d.sample.lot_01.medium_light.espresso_pressure.rep_1	4	573
pilot.round3d.session_slot.ordinary_user.assessor_002.session_02.position_05	pilot.round3d.session_slot.ordinary_user.assessor_002.session_02	pilot.round3d.sample.lot_02.medium.hybrid.rep_2	5	349
pilot.round3d.session_slot.ordinary_user.assessor_002.session_02.position_06	pilot.round3d.session_slot.ordinary_user.assessor_002.session_02	pilot.round3d.sample.lot_01.dark.espresso_milk.rep_2	6	679
pilot.round3d.session_slot.ordinary_user.assessor_003.session_01.position_01	pilot.round3d.session_slot.ordinary_user.assessor_003.session_01	pilot.round3d.sample.lot_02.medium_light.immersion.rep_2	1	536
pilot.round3d.session_slot.ordinary_user.assessor_003.session_01.position_02	pilot.round3d.session_slot.ordinary_user.assessor_003.session_01	pilot.round3d.sample.lot_01.medium.hybrid.rep_2	2	379
pilot.round3d.session_slot.ordinary_user.assessor_003.session_01.position_03	pilot.round3d.session_slot.ordinary_user.assessor_003.session_01	pilot.round3d.sample.lot_02.medium.cold_extraction.rep_1	3	627
pilot.round3d.session_slot.ordinary_user.assessor_003.session_01.position_04	pilot.round3d.session_slot.ordinary_user.assessor_003.session_01	pilot.round3d.sample.lot_01.light.immersion.rep_1	4	456
pilot.round3d.session_slot.ordinary_user.assessor_003.session_01.position_05	pilot.round3d.session_slot.ordinary_user.assessor_003.session_01	pilot.round3d.sample.lot_01.dark.hybrid.rep_2	5	841
pilot.round3d.session_slot.ordinary_user.assessor_003.session_01.position_06	pilot.round3d.session_slot.ordinary_user.assessor_003.session_01	pilot.round3d.sample.lot_02.medium_light.filter_percolation.rep_2	6	589
pilot.round3d.session_slot.ordinary_user.assessor_003.session_02.position_01	pilot.round3d.session_slot.ordinary_user.assessor_003.session_02	pilot.round3d.sample.lot_01.medium_dark.immersion.rep_2	1	785
pilot.round3d.session_slot.ordinary_user.assessor_003.session_02.position_02	pilot.round3d.session_slot.ordinary_user.assessor_003.session_02	pilot.round3d.sample.lot_01.light.hybrid.rep_1	2	922
pilot.round3d.session_slot.ordinary_user.assessor_003.session_02.position_03	pilot.round3d.session_slot.ordinary_user.assessor_003.session_02	pilot.round3d.sample.lot_02.light.diluted_espresso.rep_1	3	860
pilot.round3d.session_slot.ordinary_user.assessor_003.session_02.position_04	pilot.round3d.session_slot.ordinary_user.assessor_003.session_02	pilot.round3d.sample.lot_02.extremely_light.immersion.rep_2	4	742
pilot.round3d.session_slot.ordinary_user.assessor_003.session_02.position_05	pilot.round3d.session_slot.ordinary_user.assessor_003.session_02	pilot.round3d.sample.lot_02.light.hybrid.rep_1	5	690
pilot.round3d.session_slot.ordinary_user.assessor_003.session_02.position_06	pilot.round3d.session_slot.ordinary_user.assessor_003.session_02	pilot.round3d.sample.lot_01.light.cold_extraction.rep_2	6	100
pilot.round3d.session_slot.ordinary_user.assessor_004.session_01.position_01	pilot.round3d.session_slot.ordinary_user.assessor_004.session_01	pilot.round3d.sample.lot_02.extremely_dark.filter_percolation.rep_2	1	158
pilot.round3d.session_slot.ordinary_user.assessor_004.session_01.position_02	pilot.round3d.session_slot.ordinary_user.assessor_004.session_01	pilot.round3d.sample.lot_01.medium.diluted_espresso.rep_1	2	264
pilot.round3d.session_slot.ordinary_user.assessor_004.session_01.position_03	pilot.round3d.session_slot.ordinary_user.assessor_004.session_01	pilot.round3d.sample.lot_02.dark.hybrid.rep_2	3	945
pilot.round3d.session_slot.ordinary_user.assessor_004.session_01.position_04	pilot.round3d.session_slot.ordinary_user.assessor_004.session_01	pilot.round3d.sample.lot_02.medium_dark.filter_percolation.rep_1	4	702
pilot.round3d.session_slot.ordinary_user.assessor_004.session_01.position_05	pilot.round3d.session_slot.ordinary_user.assessor_004.session_01	pilot.round3d.sample.lot_02.medium_light.espresso_pressure.rep_1	5	223
pilot.round3d.session_slot.ordinary_user.assessor_004.session_01.position_06	pilot.round3d.session_slot.ordinary_user.assessor_004.session_01	pilot.round3d.sample.lot_02.medium_light.immersion.rep_1	6	190
pilot.round3d.session_slot.ordinary_user.assessor_004.session_02.position_01	pilot.round3d.session_slot.ordinary_user.assessor_004.session_02	pilot.round3d.sample.lot_02.light.espresso_pressure.rep_2	1	779
pilot.round3d.session_slot.ordinary_user.assessor_004.session_02.position_02	pilot.round3d.session_slot.ordinary_user.assessor_004.session_02	pilot.round3d.sample.lot_01.dark.espresso_pressure.rep_1	2	547
pilot.round3d.session_slot.ordinary_user.assessor_004.session_02.position_03	pilot.round3d.session_slot.ordinary_user.assessor_004.session_02	pilot.round3d.sample.lot_01.extremely_dark.immersion.rep_2	3	663
pilot.round3d.session_slot.ordinary_user.assessor_004.session_02.position_04	pilot.round3d.session_slot.ordinary_user.assessor_004.session_02	pilot.round3d.sample.lot_02.medium.espresso_pressure.rep_2	4	910
pilot.round3d.session_slot.ordinary_user.assessor_004.session_02.position_05	pilot.round3d.session_slot.ordinary_user.assessor_004.session_02	pilot.round3d.sample.lot_02.medium.immersion.rep_1	5	317
pilot.round3d.session_slot.ordinary_user.assessor_004.session_02.position_06	pilot.round3d.session_slot.ordinary_user.assessor_004.session_02	pilot.round3d.sample.lot_01.extremely_light.espresso_pressure.rep_2	6	754
pilot.round3d.session_slot.ordinary_user.assessor_005.session_01.position_01	pilot.round3d.session_slot.ordinary_user.assessor_005.session_01	pilot.round3d.sample.lot_02.medium_dark.immersion.rep_1	1	697
pilot.round3d.session_slot.ordinary_user.assessor_005.session_01.position_02	pilot.round3d.session_slot.ordinary_user.assessor_005.session_01	pilot.round3d.sample.lot_02.extremely_light.immersion.rep_1	2	663
pilot.round3d.session_slot.ordinary_user.assessor_005.session_01.position_03	pilot.round3d.session_slot.ordinary_user.assessor_005.session_01	pilot.round3d.sample.lot_02.medium.diluted_espresso.rep_1	3	926
pilot.round3d.session_slot.ordinary_user.assessor_005.session_01.position_04	pilot.round3d.session_slot.ordinary_user.assessor_005.session_01	pilot.round3d.sample.lot_02.light.filter_percolation.rep_1	4	182
pilot.round3d.session_slot.ordinary_user.assessor_005.session_01.position_05	pilot.round3d.session_slot.ordinary_user.assessor_005.session_01	pilot.round3d.sample.lot_02.dark.cold_extraction.rep_2	5	176
pilot.round3d.session_slot.ordinary_user.assessor_005.session_01.position_06	pilot.round3d.session_slot.ordinary_user.assessor_005.session_01	pilot.round3d.sample.lot_02.light.filter_percolation.rep_2	6	114
pilot.round3d.session_slot.ordinary_user.assessor_005.session_02.position_01	pilot.round3d.session_slot.ordinary_user.assessor_005.session_02	pilot.round3d.sample.lot_01.light.espresso_pressure.rep_2	1	581
pilot.round3d.session_slot.ordinary_user.assessor_005.session_02.position_02	pilot.round3d.session_slot.ordinary_user.assessor_005.session_02	pilot.round3d.sample.lot_01.extremely_light.espresso_pressure.rep_1	2	407
pilot.round3d.session_slot.ordinary_user.assessor_005.session_02.position_03	pilot.round3d.session_slot.ordinary_user.assessor_005.session_02	pilot.round3d.sample.lot_01.extremely_light.immersion.rep_2	3	243
pilot.round3d.session_slot.ordinary_user.assessor_005.session_02.position_04	pilot.round3d.session_slot.ordinary_user.assessor_005.session_02	pilot.round3d.sample.lot_01.medium_dark.espresso_pressure.rep_2	4	805
pilot.round3d.session_slot.ordinary_user.assessor_005.session_02.position_05	pilot.round3d.session_slot.ordinary_user.assessor_005.session_02	pilot.round3d.sample.lot_01.light.filter_percolation.rep_1	5	966
pilot.round3d.session_slot.ordinary_user.assessor_005.session_02.position_06	pilot.round3d.session_slot.ordinary_user.assessor_005.session_02	pilot.round3d.sample.lot_02.light.diluted_espresso.rep_2	6	793
pilot.round3d.session_slot.ordinary_user.assessor_006.session_01.position_01	pilot.round3d.session_slot.ordinary_user.assessor_006.session_01	pilot.round3d.sample.lot_01.medium.hybrid.rep_1	1	399
pilot.round3d.session_slot.ordinary_user.assessor_006.session_01.position_02	pilot.round3d.session_slot.ordinary_user.assessor_006.session_01	pilot.round3d.sample.lot_02.light.espresso_pressure.rep_1	2	860
pilot.round3d.session_slot.ordinary_user.assessor_006.session_01.position_03	pilot.round3d.session_slot.ordinary_user.assessor_006.session_01	pilot.round3d.sample.lot_01.medium.diluted_espresso.rep_2	3	717
pilot.round3d.session_slot.ordinary_user.assessor_006.session_01.position_04	pilot.round3d.session_slot.ordinary_user.assessor_006.session_01	pilot.round3d.sample.lot_01.medium.espresso_pressure.rep_1	4	775
pilot.round3d.session_slot.ordinary_user.assessor_006.session_01.position_05	pilot.round3d.session_slot.ordinary_user.assessor_006.session_01	pilot.round3d.sample.lot_02.medium.espresso_pressure.rep_1	5	268
pilot.round3d.session_slot.ordinary_user.assessor_006.session_01.position_06	pilot.round3d.session_slot.ordinary_user.assessor_006.session_01	pilot.round3d.sample.lot_02.medium_light.espresso_pressure.rep_2	6	526
pilot.round3d.session_slot.ordinary_user.assessor_006.session_02.position_01	pilot.round3d.session_slot.ordinary_user.assessor_006.session_02	pilot.round3d.sample.lot_02.medium.filter_percolation.rep_1	1	328
pilot.round3d.session_slot.ordinary_user.assessor_006.session_02.position_02	pilot.round3d.session_slot.ordinary_user.assessor_006.session_02	pilot.round3d.sample.lot_02.dark.immersion.rep_1	2	866
pilot.round3d.session_slot.ordinary_user.assessor_006.session_02.position_03	pilot.round3d.session_slot.ordinary_user.assessor_006.session_02	pilot.round3d.sample.lot_01.dark.espresso_pressure.rep_2	3	799
pilot.round3d.session_slot.ordinary_user.assessor_006.session_02.position_04	pilot.round3d.session_slot.ordinary_user.assessor_006.session_02	pilot.round3d.sample.lot_01.medium_dark.immersion.rep_1	4	752
pilot.round3d.session_slot.ordinary_user.assessor_006.session_02.position_05	pilot.round3d.session_slot.ordinary_user.assessor_006.session_02	pilot.round3d.sample.lot_02.medium.espresso_milk.rep_2	5	547
pilot.round3d.session_slot.ordinary_user.assessor_006.session_02.position_06	pilot.round3d.session_slot.ordinary_user.assessor_006.session_02	pilot.round3d.sample.lot_01.extremely_dark.immersion.rep_1	6	250
pilot.round3d.session_slot.ordinary_user.assessor_007.session_01.position_01	pilot.round3d.session_slot.ordinary_user.assessor_007.session_01	pilot.round3d.sample.lot_01.extremely_dark.espresso_pressure.rep_2	1	315
pilot.round3d.session_slot.ordinary_user.assessor_007.session_01.position_02	pilot.round3d.session_slot.ordinary_user.assessor_007.session_01	pilot.round3d.sample.lot_01.dark.diluted_espresso.rep_1	2	536
pilot.round3d.session_slot.ordinary_user.assessor_007.session_01.position_03	pilot.round3d.session_slot.ordinary_user.assessor_007.session_01	pilot.round3d.sample.lot_01.medium_light.espresso_pressure.rep_2	3	441
pilot.round3d.session_slot.ordinary_user.assessor_007.session_01.position_04	pilot.round3d.session_slot.ordinary_user.assessor_007.session_01	pilot.round3d.sample.lot_02.extremely_light.espresso_pressure.rep_2	4	495
pilot.round3d.session_slot.ordinary_user.assessor_007.session_01.position_05	pilot.round3d.session_slot.ordinary_user.assessor_007.session_01	pilot.round3d.sample.lot_02.light.cold_extraction.rep_1	5	213
pilot.round3d.session_slot.ordinary_user.assessor_007.session_01.position_06	pilot.round3d.session_slot.ordinary_user.assessor_007.session_01	pilot.round3d.sample.lot_01.light.filter_percolation.rep_2	6	140
pilot.round3d.session_slot.ordinary_user.assessor_007.session_02.position_01	pilot.round3d.session_slot.ordinary_user.assessor_007.session_02	pilot.round3d.sample.lot_01.medium_dark.filter_percolation.rep_1	1	861
pilot.round3d.session_slot.ordinary_user.assessor_007.session_02.position_02	pilot.round3d.session_slot.ordinary_user.assessor_007.session_02	pilot.round3d.sample.lot_01.light.immersion.rep_2	2	496
pilot.round3d.session_slot.ordinary_user.assessor_007.session_02.position_03	pilot.round3d.session_slot.ordinary_user.assessor_007.session_02	pilot.round3d.sample.lot_02.extremely_dark.immersion.rep_2	3	570
pilot.round3d.session_slot.ordinary_user.assessor_007.session_02.position_04	pilot.round3d.session_slot.ordinary_user.assessor_007.session_02	pilot.round3d.sample.lot_01.medium.filter_percolation.rep_2	4	615
pilot.round3d.session_slot.ordinary_user.assessor_007.session_02.position_05	pilot.round3d.session_slot.ordinary_user.assessor_007.session_02	pilot.round3d.sample.lot_02.extremely_dark.espresso_pressure.rep_2	5	590
pilot.round3d.session_slot.ordinary_user.assessor_007.session_02.position_06	pilot.round3d.session_slot.ordinary_user.assessor_007.session_02	pilot.round3d.sample.lot_01.extremely_light.immersion.rep_1	6	501
pilot.round3d.session_slot.ordinary_user.assessor_008.session_01.position_01	pilot.round3d.session_slot.ordinary_user.assessor_008.session_01	pilot.round3d.sample.lot_01.extremely_light.filter_percolation.rep_2	1	275
pilot.round3d.session_slot.ordinary_user.assessor_008.session_01.position_02	pilot.round3d.session_slot.ordinary_user.assessor_008.session_01	pilot.round3d.sample.lot_01.light.diluted_espresso.rep_1	2	200
pilot.round3d.session_slot.ordinary_user.assessor_008.session_01.position_03	pilot.round3d.session_slot.ordinary_user.assessor_008.session_01	pilot.round3d.sample.lot_01.medium.espresso_milk.rep_2	3	108
pilot.round3d.session_slot.ordinary_user.assessor_008.session_01.position_04	pilot.round3d.session_slot.ordinary_user.assessor_008.session_01	pilot.round3d.sample.lot_01.dark.immersion.rep_1	4	756
pilot.round3d.session_slot.ordinary_user.assessor_008.session_01.position_05	pilot.round3d.session_slot.ordinary_user.assessor_008.session_01	pilot.round3d.sample.lot_02.medium.espresso_milk.rep_1	5	136
pilot.round3d.session_slot.ordinary_user.assessor_008.session_01.position_06	pilot.round3d.session_slot.ordinary_user.assessor_008.session_01	pilot.round3d.sample.lot_02.extremely_light.filter_percolation.rep_1	6	160
pilot.round3d.session_slot.ordinary_user.assessor_008.session_02.position_01	pilot.round3d.session_slot.ordinary_user.assessor_008.session_02	pilot.round3d.sample.lot_02.dark.espresso_pressure.rep_1	1	894
pilot.round3d.session_slot.ordinary_user.assessor_008.session_02.position_02	pilot.round3d.session_slot.ordinary_user.assessor_008.session_02	pilot.round3d.sample.lot_02.light.hybrid.rep_2	2	433
pilot.round3d.session_slot.ordinary_user.assessor_008.session_02.position_03	pilot.round3d.session_slot.ordinary_user.assessor_008.session_02	pilot.round3d.sample.lot_02.dark.filter_percolation.rep_2	3	788
pilot.round3d.session_slot.ordinary_user.assessor_008.session_02.position_04	pilot.round3d.session_slot.ordinary_user.assessor_008.session_02	pilot.round3d.sample.lot_02.medium.filter_percolation.rep_2	4	254
pilot.round3d.session_slot.ordinary_user.assessor_008.session_02.position_05	pilot.round3d.session_slot.ordinary_user.assessor_008.session_02	pilot.round3d.sample.lot_02.medium_dark.espresso_pressure.rep_1	5	787
pilot.round3d.session_slot.ordinary_user.assessor_008.session_02.position_06	pilot.round3d.session_slot.ordinary_user.assessor_008.session_02	pilot.round3d.sample.lot_01.medium.immersion.rep_1	6	942
pilot.round3d.session_slot.ordinary_user.assessor_009.session_01.position_01	pilot.round3d.session_slot.ordinary_user.assessor_009.session_01	pilot.round3d.sample.lot_02.medium_light.filter_percolation.rep_1	1	326
pilot.round3d.session_slot.ordinary_user.assessor_009.session_01.position_02	pilot.round3d.session_slot.ordinary_user.assessor_009.session_01	pilot.round3d.sample.lot_02.dark.cold_extraction.rep_1	2	871
pilot.round3d.session_slot.ordinary_user.assessor_009.session_01.position_03	pilot.round3d.session_slot.ordinary_user.assessor_009.session_01	pilot.round3d.sample.lot_01.light.espresso_milk.rep_2	3	401
pilot.round3d.session_slot.ordinary_user.assessor_009.session_01.position_04	pilot.round3d.session_slot.ordinary_user.assessor_009.session_01	pilot.round3d.sample.lot_01.medium_dark.espresso_pressure.rep_1	4	815
pilot.round3d.session_slot.ordinary_user.assessor_009.session_01.position_05	pilot.round3d.session_slot.ordinary_user.assessor_009.session_01	pilot.round3d.sample.lot_02.dark.espresso_milk.rep_1	5	369
pilot.round3d.session_slot.ordinary_user.assessor_009.session_01.position_06	pilot.round3d.session_slot.ordinary_user.assessor_009.session_01	pilot.round3d.sample.lot_01.dark.espresso_milk.rep_1	6	739
pilot.round3d.session_slot.ordinary_user.assessor_009.session_02.position_01	pilot.round3d.session_slot.ordinary_user.assessor_009.session_02	pilot.round3d.sample.lot_01.medium_light.immersion.rep_1	1	425
pilot.round3d.session_slot.ordinary_user.assessor_009.session_02.position_02	pilot.round3d.session_slot.ordinary_user.assessor_009.session_02	pilot.round3d.sample.lot_02.medium.diluted_espresso.rep_2	2	332
pilot.round3d.session_slot.ordinary_user.assessor_009.session_02.position_03	pilot.round3d.session_slot.ordinary_user.assessor_009.session_02	pilot.round3d.sample.lot_01.extremely_dark.filter_percolation.rep_1	3	137
pilot.round3d.session_slot.ordinary_user.assessor_009.session_02.position_04	pilot.round3d.session_slot.ordinary_user.assessor_009.session_02	pilot.round3d.sample.lot_02.dark.espresso_milk.rep_2	4	922
pilot.round3d.session_slot.ordinary_user.assessor_009.session_02.position_05	pilot.round3d.session_slot.ordinary_user.assessor_009.session_02	pilot.round3d.sample.lot_01.medium_light.filter_percolation.rep_2	5	288
pilot.round3d.session_slot.ordinary_user.assessor_009.session_02.position_06	pilot.round3d.session_slot.ordinary_user.assessor_009.session_02	pilot.round3d.sample.lot_02.medium.immersion.rep_2	6	971
pilot.round3d.session_slot.ordinary_user.assessor_010.session_01.position_01	pilot.round3d.session_slot.ordinary_user.assessor_010.session_01	pilot.round3d.sample.lot_01.light.espresso_milk.rep_1	1	493
pilot.round3d.session_slot.ordinary_user.assessor_010.session_01.position_02	pilot.round3d.session_slot.ordinary_user.assessor_010.session_01	pilot.round3d.sample.lot_01.dark.cold_extraction.rep_2	2	898
pilot.round3d.session_slot.ordinary_user.assessor_010.session_01.position_03	pilot.round3d.session_slot.ordinary_user.assessor_010.session_01	pilot.round3d.sample.lot_01.medium_light.filter_percolation.rep_1	3	394
pilot.round3d.session_slot.ordinary_user.assessor_010.session_01.position_04	pilot.round3d.session_slot.ordinary_user.assessor_010.session_01	pilot.round3d.sample.lot_01.dark.hybrid.rep_1	4	165
pilot.round3d.session_slot.ordinary_user.assessor_010.session_01.position_05	pilot.round3d.session_slot.ordinary_user.assessor_010.session_01	pilot.round3d.sample.lot_02.light.immersion.rep_1	5	945
pilot.round3d.session_slot.ordinary_user.assessor_010.session_01.position_06	pilot.round3d.session_slot.ordinary_user.assessor_010.session_01	pilot.round3d.sample.lot_02.dark.filter_percolation.rep_1	6	115
pilot.round3d.session_slot.ordinary_user.assessor_010.session_02.position_01	pilot.round3d.session_slot.ordinary_user.assessor_010.session_02	pilot.round3d.sample.lot_01.dark.immersion.rep_2	1	961
pilot.round3d.session_slot.ordinary_user.assessor_010.session_02.position_02	pilot.round3d.session_slot.ordinary_user.assessor_010.session_02	pilot.round3d.sample.lot_02.extremely_light.filter_percolation.rep_2	2	239
pilot.round3d.session_slot.ordinary_user.assessor_010.session_02.position_03	pilot.round3d.session_slot.ordinary_user.assessor_010.session_02	pilot.round3d.sample.lot_01.light.cold_extraction.rep_1	3	139
pilot.round3d.session_slot.ordinary_user.assessor_010.session_02.position_04	pilot.round3d.session_slot.ordinary_user.assessor_010.session_02	pilot.round3d.sample.lot_01.medium.cold_extraction.rep_1	4	715
pilot.round3d.session_slot.ordinary_user.assessor_010.session_02.position_05	pilot.round3d.session_slot.ordinary_user.assessor_010.session_02	pilot.round3d.sample.lot_02.dark.immersion.rep_2	5	688
pilot.round3d.session_slot.ordinary_user.assessor_010.session_02.position_06	pilot.round3d.session_slot.ordinary_user.assessor_010.session_02	pilot.round3d.sample.lot_02.dark.diluted_espresso.rep_1	6	338
pilot.round3d.session_slot.ordinary_user.assessor_011.session_01.position_01	pilot.round3d.session_slot.ordinary_user.assessor_011.session_01	pilot.round3d.sample.lot_01.dark.diluted_espresso.rep_2	1	114
pilot.round3d.session_slot.ordinary_user.assessor_011.session_01.position_02	pilot.round3d.session_slot.ordinary_user.assessor_011.session_01	pilot.round3d.sample.lot_02.light.espresso_milk.rep_2	2	900
pilot.round3d.session_slot.ordinary_user.assessor_011.session_01.position_03	pilot.round3d.session_slot.ordinary_user.assessor_011.session_01	pilot.round3d.sample.lot_01.light.diluted_espresso.rep_2	3	525
pilot.round3d.session_slot.ordinary_user.assessor_011.session_01.position_04	pilot.round3d.session_slot.ordinary_user.assessor_011.session_01	pilot.round3d.sample.lot_01.dark.filter_percolation.rep_1	4	667
pilot.round3d.session_slot.ordinary_user.assessor_011.session_01.position_05	pilot.round3d.session_slot.ordinary_user.assessor_011.session_01	pilot.round3d.sample.lot_02.light.espresso_milk.rep_1	5	269
pilot.round3d.session_slot.ordinary_user.assessor_011.session_01.position_06	pilot.round3d.session_slot.ordinary_user.assessor_011.session_01	pilot.round3d.sample.lot_02.extremely_light.espresso_pressure.rep_1	6	856
pilot.round3d.session_slot.ordinary_user.assessor_011.session_02.position_01	pilot.round3d.session_slot.ordinary_user.assessor_011.session_02	pilot.round3d.sample.lot_02.dark.diluted_espresso.rep_2	1	572
pilot.round3d.session_slot.ordinary_user.assessor_011.session_02.position_02	pilot.round3d.session_slot.ordinary_user.assessor_011.session_02	pilot.round3d.sample.lot_01.light.hybrid.rep_2	2	646
pilot.round3d.session_slot.ordinary_user.assessor_011.session_02.position_03	pilot.round3d.session_slot.ordinary_user.assessor_011.session_02	pilot.round3d.sample.lot_02.extremely_dark.immersion.rep_1	3	677
pilot.round3d.session_slot.ordinary_user.assessor_011.session_02.position_04	pilot.round3d.session_slot.ordinary_user.assessor_011.session_02	pilot.round3d.sample.lot_02.dark.hybrid.rep_1	4	403
pilot.round3d.session_slot.ordinary_user.assessor_011.session_02.position_05	pilot.round3d.session_slot.ordinary_user.assessor_011.session_02	pilot.round3d.sample.lot_01.medium.immersion.rep_2	5	328
pilot.round3d.session_slot.ordinary_user.assessor_011.session_02.position_06	pilot.round3d.session_slot.ordinary_user.assessor_011.session_02	pilot.round3d.sample.lot_01.medium_light.immersion.rep_2	6	662
pilot.round3d.session_slot.ordinary_user.assessor_012.session_01.position_01	pilot.round3d.session_slot.ordinary_user.assessor_012.session_01	pilot.round3d.sample.lot_01.dark.filter_percolation.rep_2	1	710
pilot.round3d.session_slot.ordinary_user.assessor_012.session_01.position_02	pilot.round3d.session_slot.ordinary_user.assessor_012.session_01	pilot.round3d.sample.lot_02.medium.hybrid.rep_1	2	114
pilot.round3d.session_slot.ordinary_user.assessor_012.session_01.position_03	pilot.round3d.session_slot.ordinary_user.assessor_012.session_01	pilot.round3d.sample.lot_01.medium_light.espresso_pressure.rep_1	3	517
pilot.round3d.session_slot.ordinary_user.assessor_012.session_01.position_04	pilot.round3d.session_slot.ordinary_user.assessor_012.session_01	pilot.round3d.sample.lot_02.medium.hybrid.rep_2	4	409
pilot.round3d.session_slot.ordinary_user.assessor_012.session_01.position_05	pilot.round3d.session_slot.ordinary_user.assessor_012.session_01	pilot.round3d.sample.lot_01.dark.espresso_milk.rep_2	5	747
pilot.round3d.session_slot.ordinary_user.assessor_012.session_01.position_06	pilot.round3d.session_slot.ordinary_user.assessor_012.session_01	pilot.round3d.sample.lot_02.medium_light.immersion.rep_2	6	584
pilot.round3d.session_slot.ordinary_user.assessor_012.session_02.position_01	pilot.round3d.session_slot.ordinary_user.assessor_012.session_02	pilot.round3d.sample.lot_01.medium.hybrid.rep_2	1	901
pilot.round3d.session_slot.ordinary_user.assessor_012.session_02.position_02	pilot.round3d.session_slot.ordinary_user.assessor_012.session_02	pilot.round3d.sample.lot_02.medium.cold_extraction.rep_1	2	613
pilot.round3d.session_slot.ordinary_user.assessor_012.session_02.position_03	pilot.round3d.session_slot.ordinary_user.assessor_012.session_02	pilot.round3d.sample.lot_01.light.immersion.rep_1	3	984
pilot.round3d.session_slot.ordinary_user.assessor_012.session_02.position_04	pilot.round3d.session_slot.ordinary_user.assessor_012.session_02	pilot.round3d.sample.lot_01.dark.hybrid.rep_2	4	278
pilot.round3d.session_slot.ordinary_user.assessor_012.session_02.position_05	pilot.round3d.session_slot.ordinary_user.assessor_012.session_02	pilot.round3d.sample.lot_02.medium_light.filter_percolation.rep_2	5	360
pilot.round3d.session_slot.ordinary_user.assessor_012.session_02.position_06	pilot.round3d.session_slot.ordinary_user.assessor_012.session_02	pilot.round3d.sample.lot_01.medium_dark.immersion.rep_2	6	850
pilot.round3d.session_slot.ordinary_user.assessor_013.session_01.position_01	pilot.round3d.session_slot.ordinary_user.assessor_013.session_01	pilot.round3d.sample.lot_01.light.hybrid.rep_1	1	912
pilot.round3d.session_slot.ordinary_user.assessor_013.session_01.position_02	pilot.round3d.session_slot.ordinary_user.assessor_013.session_01	pilot.round3d.sample.lot_02.light.diluted_espresso.rep_1	2	366
pilot.round3d.session_slot.ordinary_user.assessor_013.session_01.position_03	pilot.round3d.session_slot.ordinary_user.assessor_013.session_01	pilot.round3d.sample.lot_02.extremely_light.immersion.rep_2	3	807
pilot.round3d.session_slot.ordinary_user.assessor_013.session_01.position_04	pilot.round3d.session_slot.ordinary_user.assessor_013.session_01	pilot.round3d.sample.lot_02.light.hybrid.rep_1	4	659
pilot.round3d.session_slot.ordinary_user.assessor_013.session_01.position_05	pilot.round3d.session_slot.ordinary_user.assessor_013.session_01	pilot.round3d.sample.lot_01.light.cold_extraction.rep_2	5	361
pilot.round3d.session_slot.ordinary_user.assessor_013.session_01.position_06	pilot.round3d.session_slot.ordinary_user.assessor_013.session_01	pilot.round3d.sample.lot_02.extremely_dark.filter_percolation.rep_2	6	471
pilot.round3d.session_slot.ordinary_user.assessor_013.session_02.position_01	pilot.round3d.session_slot.ordinary_user.assessor_013.session_02	pilot.round3d.sample.lot_01.medium.diluted_espresso.rep_1	1	170
pilot.round3d.session_slot.ordinary_user.assessor_013.session_02.position_02	pilot.round3d.session_slot.ordinary_user.assessor_013.session_02	pilot.round3d.sample.lot_02.dark.hybrid.rep_2	2	192
pilot.round3d.session_slot.ordinary_user.assessor_013.session_02.position_03	pilot.round3d.session_slot.ordinary_user.assessor_013.session_02	pilot.round3d.sample.lot_02.medium_dark.filter_percolation.rep_1	3	293
pilot.round3d.session_slot.ordinary_user.assessor_013.session_02.position_04	pilot.round3d.session_slot.ordinary_user.assessor_013.session_02	pilot.round3d.sample.lot_02.medium_light.espresso_pressure.rep_1	4	697
pilot.round3d.session_slot.ordinary_user.assessor_013.session_02.position_05	pilot.round3d.session_slot.ordinary_user.assessor_013.session_02	pilot.round3d.sample.lot_02.medium_light.immersion.rep_1	5	382
pilot.round3d.session_slot.ordinary_user.assessor_013.session_02.position_06	pilot.round3d.session_slot.ordinary_user.assessor_013.session_02	pilot.round3d.sample.lot_02.light.espresso_pressure.rep_2	6	122
pilot.round3d.session_slot.ordinary_user.assessor_014.session_01.position_01	pilot.round3d.session_slot.ordinary_user.assessor_014.session_01	pilot.round3d.sample.lot_01.dark.espresso_pressure.rep_1	1	541
pilot.round3d.session_slot.ordinary_user.assessor_014.session_01.position_02	pilot.round3d.session_slot.ordinary_user.assessor_014.session_01	pilot.round3d.sample.lot_01.extremely_dark.immersion.rep_2	2	348
pilot.round3d.session_slot.ordinary_user.assessor_014.session_01.position_03	pilot.round3d.session_slot.ordinary_user.assessor_014.session_01	pilot.round3d.sample.lot_02.medium.espresso_pressure.rep_2	3	415
pilot.round3d.session_slot.ordinary_user.assessor_014.session_01.position_04	pilot.round3d.session_slot.ordinary_user.assessor_014.session_01	pilot.round3d.sample.lot_02.medium.immersion.rep_1	4	631
pilot.round3d.session_slot.ordinary_user.assessor_014.session_01.position_05	pilot.round3d.session_slot.ordinary_user.assessor_014.session_01	pilot.round3d.sample.lot_01.extremely_light.espresso_pressure.rep_2	5	442
pilot.round3d.session_slot.ordinary_user.assessor_014.session_01.position_06	pilot.round3d.session_slot.ordinary_user.assessor_014.session_01	pilot.round3d.sample.lot_02.medium_dark.immersion.rep_1	6	604
pilot.round3d.session_slot.ordinary_user.assessor_014.session_02.position_01	pilot.round3d.session_slot.ordinary_user.assessor_014.session_02	pilot.round3d.sample.lot_02.extremely_light.immersion.rep_1	1	341
pilot.round3d.session_slot.ordinary_user.assessor_014.session_02.position_02	pilot.round3d.session_slot.ordinary_user.assessor_014.session_02	pilot.round3d.sample.lot_02.medium.diluted_espresso.rep_1	2	158
pilot.round3d.session_slot.ordinary_user.assessor_014.session_02.position_03	pilot.round3d.session_slot.ordinary_user.assessor_014.session_02	pilot.round3d.sample.lot_02.light.filter_percolation.rep_1	3	599
pilot.round3d.session_slot.ordinary_user.assessor_014.session_02.position_04	pilot.round3d.session_slot.ordinary_user.assessor_014.session_02	pilot.round3d.sample.lot_02.dark.cold_extraction.rep_2	4	670
pilot.round3d.session_slot.ordinary_user.assessor_014.session_02.position_05	pilot.round3d.session_slot.ordinary_user.assessor_014.session_02	pilot.round3d.sample.lot_02.light.filter_percolation.rep_2	5	644
pilot.round3d.session_slot.ordinary_user.assessor_014.session_02.position_06	pilot.round3d.session_slot.ordinary_user.assessor_014.session_02	pilot.round3d.sample.lot_01.light.espresso_pressure.rep_2	6	499
pilot.round3d.session_slot.ordinary_user.assessor_015.session_01.position_01	pilot.round3d.session_slot.ordinary_user.assessor_015.session_01	pilot.round3d.sample.lot_01.extremely_light.espresso_pressure.rep_1	1	724
pilot.round3d.session_slot.ordinary_user.assessor_015.session_01.position_02	pilot.round3d.session_slot.ordinary_user.assessor_015.session_01	pilot.round3d.sample.lot_01.extremely_light.immersion.rep_2	2	180
pilot.round3d.session_slot.ordinary_user.assessor_015.session_01.position_03	pilot.round3d.session_slot.ordinary_user.assessor_015.session_01	pilot.round3d.sample.lot_01.medium_dark.espresso_pressure.rep_2	3	144
pilot.round3d.session_slot.ordinary_user.assessor_015.session_01.position_04	pilot.round3d.session_slot.ordinary_user.assessor_015.session_01	pilot.round3d.sample.lot_01.light.filter_percolation.rep_1	4	501
pilot.round3d.session_slot.ordinary_user.assessor_015.session_01.position_05	pilot.round3d.session_slot.ordinary_user.assessor_015.session_01	pilot.round3d.sample.lot_02.light.diluted_espresso.rep_2	5	730
pilot.round3d.session_slot.ordinary_user.assessor_015.session_01.position_06	pilot.round3d.session_slot.ordinary_user.assessor_015.session_01	pilot.round3d.sample.lot_01.medium.hybrid.rep_1	6	432
pilot.round3d.session_slot.ordinary_user.assessor_015.session_02.position_01	pilot.round3d.session_slot.ordinary_user.assessor_015.session_02	pilot.round3d.sample.lot_02.light.espresso_pressure.rep_1	1	536
pilot.round3d.session_slot.ordinary_user.assessor_015.session_02.position_02	pilot.round3d.session_slot.ordinary_user.assessor_015.session_02	pilot.round3d.sample.lot_01.medium.diluted_espresso.rep_2	2	438
pilot.round3d.session_slot.ordinary_user.assessor_015.session_02.position_03	pilot.round3d.session_slot.ordinary_user.assessor_015.session_02	pilot.round3d.sample.lot_01.medium.espresso_pressure.rep_1	3	409
pilot.round3d.session_slot.ordinary_user.assessor_015.session_02.position_04	pilot.round3d.session_slot.ordinary_user.assessor_015.session_02	pilot.round3d.sample.lot_02.medium.espresso_pressure.rep_1	4	730
pilot.round3d.session_slot.ordinary_user.assessor_015.session_02.position_05	pilot.round3d.session_slot.ordinary_user.assessor_015.session_02	pilot.round3d.sample.lot_02.medium_light.espresso_pressure.rep_2	5	758
pilot.round3d.session_slot.ordinary_user.assessor_015.session_02.position_06	pilot.round3d.session_slot.ordinary_user.assessor_015.session_02	pilot.round3d.sample.lot_02.medium.filter_percolation.rep_1	6	972
pilot.round3d.session_slot.ordinary_user.assessor_016.session_01.position_01	pilot.round3d.session_slot.ordinary_user.assessor_016.session_01	pilot.round3d.sample.lot_02.dark.immersion.rep_1	1	311
pilot.round3d.session_slot.ordinary_user.assessor_016.session_01.position_02	pilot.round3d.session_slot.ordinary_user.assessor_016.session_01	pilot.round3d.sample.lot_01.dark.espresso_pressure.rep_2	2	125
pilot.round3d.session_slot.ordinary_user.assessor_016.session_01.position_03	pilot.round3d.session_slot.ordinary_user.assessor_016.session_01	pilot.round3d.sample.lot_01.medium_dark.immersion.rep_1	3	511
pilot.round3d.session_slot.ordinary_user.assessor_016.session_01.position_04	pilot.round3d.session_slot.ordinary_user.assessor_016.session_01	pilot.round3d.sample.lot_02.medium.espresso_milk.rep_2	4	518
pilot.round3d.session_slot.ordinary_user.assessor_016.session_01.position_05	pilot.round3d.session_slot.ordinary_user.assessor_016.session_01	pilot.round3d.sample.lot_01.extremely_dark.immersion.rep_1	5	806
pilot.round3d.session_slot.ordinary_user.assessor_016.session_01.position_06	pilot.round3d.session_slot.ordinary_user.assessor_016.session_01	pilot.round3d.sample.lot_01.extremely_dark.espresso_pressure.rep_2	6	215
pilot.round3d.session_slot.ordinary_user.assessor_016.session_02.position_01	pilot.round3d.session_slot.ordinary_user.assessor_016.session_02	pilot.round3d.sample.lot_01.dark.diluted_espresso.rep_1	1	601
pilot.round3d.session_slot.ordinary_user.assessor_016.session_02.position_02	pilot.round3d.session_slot.ordinary_user.assessor_016.session_02	pilot.round3d.sample.lot_01.medium_light.espresso_pressure.rep_2	2	216
pilot.round3d.session_slot.ordinary_user.assessor_016.session_02.position_03	pilot.round3d.session_slot.ordinary_user.assessor_016.session_02	pilot.round3d.sample.lot_02.extremely_light.espresso_pressure.rep_2	3	696
pilot.round3d.session_slot.ordinary_user.assessor_016.session_02.position_04	pilot.round3d.session_slot.ordinary_user.assessor_016.session_02	pilot.round3d.sample.lot_02.light.cold_extraction.rep_1	4	922
pilot.round3d.session_slot.ordinary_user.assessor_016.session_02.position_05	pilot.round3d.session_slot.ordinary_user.assessor_016.session_02	pilot.round3d.sample.lot_01.light.filter_percolation.rep_2	5	936
pilot.round3d.session_slot.ordinary_user.assessor_016.session_02.position_06	pilot.round3d.session_slot.ordinary_user.assessor_016.session_02	pilot.round3d.sample.lot_01.medium_dark.filter_percolation.rep_1	6	532
pilot.round3d.session_slot.ordinary_user.assessor_017.session_01.position_01	pilot.round3d.session_slot.ordinary_user.assessor_017.session_01	pilot.round3d.sample.lot_01.light.immersion.rep_2	1	848
pilot.round3d.session_slot.ordinary_user.assessor_017.session_01.position_02	pilot.round3d.session_slot.ordinary_user.assessor_017.session_01	pilot.round3d.sample.lot_02.extremely_dark.immersion.rep_2	2	273
pilot.round3d.session_slot.ordinary_user.assessor_017.session_01.position_03	pilot.round3d.session_slot.ordinary_user.assessor_017.session_01	pilot.round3d.sample.lot_01.medium.filter_percolation.rep_2	3	174
pilot.round3d.session_slot.ordinary_user.assessor_017.session_01.position_04	pilot.round3d.session_slot.ordinary_user.assessor_017.session_01	pilot.round3d.sample.lot_02.extremely_dark.espresso_pressure.rep_2	4	621
pilot.round3d.session_slot.ordinary_user.assessor_017.session_01.position_05	pilot.round3d.session_slot.ordinary_user.assessor_017.session_01	pilot.round3d.sample.lot_01.extremely_light.immersion.rep_1	5	567
pilot.round3d.session_slot.ordinary_user.assessor_017.session_01.position_06	pilot.round3d.session_slot.ordinary_user.assessor_017.session_01	pilot.round3d.sample.lot_01.extremely_light.filter_percolation.rep_2	6	835
pilot.round3d.session_slot.ordinary_user.assessor_017.session_02.position_01	pilot.round3d.session_slot.ordinary_user.assessor_017.session_02	pilot.round3d.sample.lot_01.light.diluted_espresso.rep_1	1	125
pilot.round3d.session_slot.ordinary_user.assessor_017.session_02.position_02	pilot.round3d.session_slot.ordinary_user.assessor_017.session_02	pilot.round3d.sample.lot_01.medium.espresso_milk.rep_2	2	554
pilot.round3d.session_slot.ordinary_user.assessor_017.session_02.position_03	pilot.round3d.session_slot.ordinary_user.assessor_017.session_02	pilot.round3d.sample.lot_01.dark.immersion.rep_1	3	734
pilot.round3d.session_slot.ordinary_user.assessor_017.session_02.position_04	pilot.round3d.session_slot.ordinary_user.assessor_017.session_02	pilot.round3d.sample.lot_02.medium.espresso_milk.rep_1	4	952
pilot.round3d.session_slot.ordinary_user.assessor_017.session_02.position_05	pilot.round3d.session_slot.ordinary_user.assessor_017.session_02	pilot.round3d.sample.lot_02.extremely_light.filter_percolation.rep_1	5	539
pilot.round3d.session_slot.ordinary_user.assessor_017.session_02.position_06	pilot.round3d.session_slot.ordinary_user.assessor_017.session_02	pilot.round3d.sample.lot_02.dark.espresso_pressure.rep_1	6	931
pilot.round3d.session_slot.ordinary_user.assessor_018.session_01.position_01	pilot.round3d.session_slot.ordinary_user.assessor_018.session_01	pilot.round3d.sample.lot_02.light.hybrid.rep_2	1	879
pilot.round3d.session_slot.ordinary_user.assessor_018.session_01.position_02	pilot.round3d.session_slot.ordinary_user.assessor_018.session_01	pilot.round3d.sample.lot_02.dark.filter_percolation.rep_2	2	894
pilot.round3d.session_slot.ordinary_user.assessor_018.session_01.position_03	pilot.round3d.session_slot.ordinary_user.assessor_018.session_01	pilot.round3d.sample.lot_02.medium.filter_percolation.rep_2	3	167
pilot.round3d.session_slot.ordinary_user.assessor_018.session_01.position_04	pilot.round3d.session_slot.ordinary_user.assessor_018.session_01	pilot.round3d.sample.lot_02.medium_dark.espresso_pressure.rep_1	4	316
pilot.round3d.session_slot.ordinary_user.assessor_018.session_01.position_05	pilot.round3d.session_slot.ordinary_user.assessor_018.session_01	pilot.round3d.sample.lot_01.medium.immersion.rep_1	5	159
pilot.round3d.session_slot.ordinary_user.assessor_018.session_01.position_06	pilot.round3d.session_slot.ordinary_user.assessor_018.session_01	pilot.round3d.sample.lot_02.medium_light.filter_percolation.rep_1	6	656
pilot.round3d.session_slot.ordinary_user.assessor_018.session_02.position_01	pilot.round3d.session_slot.ordinary_user.assessor_018.session_02	pilot.round3d.sample.lot_02.dark.cold_extraction.rep_1	1	233
pilot.round3d.session_slot.ordinary_user.assessor_018.session_02.position_02	pilot.round3d.session_slot.ordinary_user.assessor_018.session_02	pilot.round3d.sample.lot_01.light.espresso_milk.rep_2	2	267
pilot.round3d.session_slot.ordinary_user.assessor_018.session_02.position_03	pilot.round3d.session_slot.ordinary_user.assessor_018.session_02	pilot.round3d.sample.lot_01.medium_dark.espresso_pressure.rep_1	3	975
pilot.round3d.session_slot.ordinary_user.assessor_018.session_02.position_04	pilot.round3d.session_slot.ordinary_user.assessor_018.session_02	pilot.round3d.sample.lot_02.dark.espresso_milk.rep_1	4	119
pilot.round3d.session_slot.ordinary_user.assessor_018.session_02.position_05	pilot.round3d.session_slot.ordinary_user.assessor_018.session_02	pilot.round3d.sample.lot_01.dark.espresso_milk.rep_1	5	746
pilot.round3d.session_slot.ordinary_user.assessor_018.session_02.position_06	pilot.round3d.session_slot.ordinary_user.assessor_018.session_02	pilot.round3d.sample.lot_01.medium_light.immersion.rep_1	6	605
pilot.round3d.session_slot.ordinary_user.assessor_019.session_01.position_01	pilot.round3d.session_slot.ordinary_user.assessor_019.session_01	pilot.round3d.sample.lot_02.medium.diluted_espresso.rep_2	1	675
pilot.round3d.session_slot.ordinary_user.assessor_019.session_01.position_02	pilot.round3d.session_slot.ordinary_user.assessor_019.session_01	pilot.round3d.sample.lot_01.extremely_dark.filter_percolation.rep_1	2	126
pilot.round3d.session_slot.ordinary_user.assessor_019.session_01.position_03	pilot.round3d.session_slot.ordinary_user.assessor_019.session_01	pilot.round3d.sample.lot_02.dark.espresso_milk.rep_2	3	620
pilot.round3d.session_slot.ordinary_user.assessor_019.session_01.position_04	pilot.round3d.session_slot.ordinary_user.assessor_019.session_01	pilot.round3d.sample.lot_01.medium_light.filter_percolation.rep_2	4	476
pilot.round3d.session_slot.ordinary_user.assessor_019.session_01.position_05	pilot.round3d.session_slot.ordinary_user.assessor_019.session_01	pilot.round3d.sample.lot_02.medium.immersion.rep_2	5	154
pilot.round3d.session_slot.ordinary_user.assessor_019.session_01.position_06	pilot.round3d.session_slot.ordinary_user.assessor_019.session_01	pilot.round3d.sample.lot_01.light.espresso_milk.rep_1	6	148
pilot.round3d.session_slot.ordinary_user.assessor_019.session_02.position_01	pilot.round3d.session_slot.ordinary_user.assessor_019.session_02	pilot.round3d.sample.lot_01.dark.cold_extraction.rep_2	1	587
pilot.round3d.session_slot.ordinary_user.assessor_019.session_02.position_02	pilot.round3d.session_slot.ordinary_user.assessor_019.session_02	pilot.round3d.sample.lot_01.medium_light.filter_percolation.rep_1	2	538
pilot.round3d.session_slot.ordinary_user.assessor_019.session_02.position_03	pilot.round3d.session_slot.ordinary_user.assessor_019.session_02	pilot.round3d.sample.lot_01.dark.hybrid.rep_1	3	628
pilot.round3d.session_slot.ordinary_user.assessor_019.session_02.position_04	pilot.round3d.session_slot.ordinary_user.assessor_019.session_02	pilot.round3d.sample.lot_02.light.immersion.rep_1	4	206
pilot.round3d.session_slot.ordinary_user.assessor_019.session_02.position_05	pilot.round3d.session_slot.ordinary_user.assessor_019.session_02	pilot.round3d.sample.lot_02.dark.filter_percolation.rep_1	5	670
pilot.round3d.session_slot.ordinary_user.assessor_019.session_02.position_06	pilot.round3d.session_slot.ordinary_user.assessor_019.session_02	pilot.round3d.sample.lot_01.dark.immersion.rep_2	6	490
pilot.round3d.session_slot.ordinary_user.assessor_020.session_01.position_01	pilot.round3d.session_slot.ordinary_user.assessor_020.session_01	pilot.round3d.sample.lot_02.extremely_light.filter_percolation.rep_2	1	111
pilot.round3d.session_slot.ordinary_user.assessor_020.session_01.position_02	pilot.round3d.session_slot.ordinary_user.assessor_020.session_01	pilot.round3d.sample.lot_01.light.cold_extraction.rep_1	2	925
pilot.round3d.session_slot.ordinary_user.assessor_020.session_01.position_03	pilot.round3d.session_slot.ordinary_user.assessor_020.session_01	pilot.round3d.sample.lot_01.medium.cold_extraction.rep_1	3	108
pilot.round3d.session_slot.ordinary_user.assessor_020.session_01.position_04	pilot.round3d.session_slot.ordinary_user.assessor_020.session_01	pilot.round3d.sample.lot_02.dark.immersion.rep_2	4	757
pilot.round3d.session_slot.ordinary_user.assessor_020.session_01.position_05	pilot.round3d.session_slot.ordinary_user.assessor_020.session_01	pilot.round3d.sample.lot_02.dark.diluted_espresso.rep_1	5	212
pilot.round3d.session_slot.ordinary_user.assessor_020.session_01.position_06	pilot.round3d.session_slot.ordinary_user.assessor_020.session_01	pilot.round3d.sample.lot_01.dark.diluted_espresso.rep_2	6	119
pilot.round3d.session_slot.ordinary_user.assessor_020.session_02.position_01	pilot.round3d.session_slot.ordinary_user.assessor_020.session_02	pilot.round3d.sample.lot_02.light.espresso_milk.rep_2	1	203
pilot.round3d.session_slot.ordinary_user.assessor_020.session_02.position_02	pilot.round3d.session_slot.ordinary_user.assessor_020.session_02	pilot.round3d.sample.lot_01.light.diluted_espresso.rep_2	2	182
pilot.round3d.session_slot.ordinary_user.assessor_020.session_02.position_03	pilot.round3d.session_slot.ordinary_user.assessor_020.session_02	pilot.round3d.sample.lot_01.dark.filter_percolation.rep_1	3	975
pilot.round3d.session_slot.ordinary_user.assessor_020.session_02.position_04	pilot.round3d.session_slot.ordinary_user.assessor_020.session_02	pilot.round3d.sample.lot_02.light.espresso_milk.rep_1	4	567
pilot.round3d.session_slot.ordinary_user.assessor_020.session_02.position_05	pilot.round3d.session_slot.ordinary_user.assessor_020.session_02	pilot.round3d.sample.lot_02.extremely_light.espresso_pressure.rep_1	5	634
pilot.round3d.session_slot.ordinary_user.assessor_020.session_02.position_06	pilot.round3d.session_slot.ordinary_user.assessor_020.session_02	pilot.round3d.sample.lot_02.dark.diluted_espresso.rep_2	6	432
pilot.round3d.session_slot.ordinary_user.assessor_021.session_01.position_01	pilot.round3d.session_slot.ordinary_user.assessor_021.session_01	pilot.round3d.sample.lot_01.light.hybrid.rep_2	1	208
pilot.round3d.session_slot.ordinary_user.assessor_021.session_01.position_02	pilot.round3d.session_slot.ordinary_user.assessor_021.session_01	pilot.round3d.sample.lot_02.extremely_dark.immersion.rep_1	2	516
pilot.round3d.session_slot.ordinary_user.assessor_021.session_01.position_03	pilot.round3d.session_slot.ordinary_user.assessor_021.session_01	pilot.round3d.sample.lot_02.dark.hybrid.rep_1	3	655
pilot.round3d.session_slot.ordinary_user.assessor_021.session_01.position_04	pilot.round3d.session_slot.ordinary_user.assessor_021.session_01	pilot.round3d.sample.lot_01.medium.immersion.rep_2	4	552
pilot.round3d.session_slot.ordinary_user.assessor_021.session_01.position_05	pilot.round3d.session_slot.ordinary_user.assessor_021.session_01	pilot.round3d.sample.lot_01.medium_light.immersion.rep_2	5	502
pilot.round3d.session_slot.ordinary_user.assessor_021.session_01.position_06	pilot.round3d.session_slot.ordinary_user.assessor_021.session_01	pilot.round3d.sample.lot_02.medium_dark.filter_percolation.rep_2	6	173
pilot.round3d.session_slot.ordinary_user.assessor_021.session_02.position_01	pilot.round3d.session_slot.ordinary_user.assessor_021.session_02	pilot.round3d.sample.lot_01.extremely_light.filter_percolation.rep_1	1	124
pilot.round3d.session_slot.ordinary_user.assessor_021.session_02.position_02	pilot.round3d.session_slot.ordinary_user.assessor_021.session_02	pilot.round3d.sample.lot_02.medium_dark.espresso_pressure.rep_2	2	918
pilot.round3d.session_slot.ordinary_user.assessor_021.session_02.position_03	pilot.round3d.session_slot.ordinary_user.assessor_021.session_02	pilot.round3d.sample.lot_01.medium.filter_percolation.rep_1	3	928
pilot.round3d.session_slot.ordinary_user.assessor_021.session_02.position_04	pilot.round3d.session_slot.ordinary_user.assessor_021.session_02	pilot.round3d.sample.lot_01.medium.cold_extraction.rep_2	4	914
pilot.round3d.session_slot.ordinary_user.assessor_021.session_02.position_05	pilot.round3d.session_slot.ordinary_user.assessor_021.session_02	pilot.round3d.sample.lot_01.extremely_dark.espresso_pressure.rep_1	5	709
pilot.round3d.session_slot.ordinary_user.assessor_021.session_02.position_06	pilot.round3d.session_slot.ordinary_user.assessor_021.session_02	pilot.round3d.sample.lot_02.extremely_dark.filter_percolation.rep_1	6	281
pilot.round3d.session_slot.ordinary_user.assessor_022.session_01.position_01	pilot.round3d.session_slot.ordinary_user.assessor_022.session_01	pilot.round3d.sample.lot_01.light.espresso_pressure.rep_1	1	833
pilot.round3d.session_slot.ordinary_user.assessor_022.session_01.position_02	pilot.round3d.session_slot.ordinary_user.assessor_022.session_01	pilot.round3d.sample.lot_02.dark.espresso_pressure.rep_2	2	143
pilot.round3d.session_slot.ordinary_user.assessor_022.session_01.position_03	pilot.round3d.session_slot.ordinary_user.assessor_022.session_01	pilot.round3d.sample.lot_02.medium_dark.immersion.rep_2	3	417
pilot.round3d.session_slot.ordinary_user.assessor_022.session_01.position_04	pilot.round3d.session_slot.ordinary_user.assessor_022.session_01	pilot.round3d.sample.lot_02.light.immersion.rep_2	4	563
pilot.round3d.session_slot.ordinary_user.assessor_022.session_01.position_05	pilot.round3d.session_slot.ordinary_user.assessor_022.session_01	pilot.round3d.sample.lot_01.medium.espresso_milk.rep_1	5	185
pilot.round3d.session_slot.ordinary_user.assessor_022.session_01.position_06	pilot.round3d.session_slot.ordinary_user.assessor_022.session_01	pilot.round3d.sample.lot_02.medium.cold_extraction.rep_2	6	678
pilot.round3d.session_slot.ordinary_user.assessor_022.session_02.position_01	pilot.round3d.session_slot.ordinary_user.assessor_022.session_02	pilot.round3d.sample.lot_02.light.cold_extraction.rep_2	1	633
pilot.round3d.session_slot.ordinary_user.assessor_022.session_02.position_02	pilot.round3d.session_slot.ordinary_user.assessor_022.session_02	pilot.round3d.sample.lot_02.extremely_dark.espresso_pressure.rep_1	2	329
pilot.round3d.session_slot.ordinary_user.assessor_022.session_02.position_03	pilot.round3d.session_slot.ordinary_user.assessor_022.session_02	pilot.round3d.sample.lot_01.dark.cold_extraction.rep_1	3	625
pilot.round3d.session_slot.ordinary_user.assessor_022.session_02.position_04	pilot.round3d.session_slot.ordinary_user.assessor_022.session_02	pilot.round3d.sample.lot_01.extremely_dark.filter_percolation.rep_2	4	761
pilot.round3d.session_slot.ordinary_user.assessor_022.session_02.position_05	pilot.round3d.session_slot.ordinary_user.assessor_022.session_02	pilot.round3d.sample.lot_01.medium_dark.filter_percolation.rep_2	5	610
pilot.round3d.session_slot.ordinary_user.assessor_022.session_02.position_06	pilot.round3d.session_slot.ordinary_user.assessor_022.session_02	pilot.round3d.sample.lot_01.medium.espresso_pressure.rep_2	6	147
pilot.round3d.session_slot.ordinary_user.assessor_023.session_01.position_01	pilot.round3d.session_slot.ordinary_user.assessor_023.session_01	pilot.round3d.sample.lot_02.dark.hybrid.rep_2	1	108
pilot.round3d.session_slot.ordinary_user.assessor_023.session_01.position_02	pilot.round3d.session_slot.ordinary_user.assessor_023.session_01	pilot.round3d.sample.lot_02.medium_dark.filter_percolation.rep_1	2	973
pilot.round3d.session_slot.ordinary_user.assessor_023.session_01.position_03	pilot.round3d.session_slot.ordinary_user.assessor_023.session_01	pilot.round3d.sample.lot_02.medium_light.espresso_pressure.rep_1	3	150
pilot.round3d.session_slot.ordinary_user.assessor_023.session_01.position_04	pilot.round3d.session_slot.ordinary_user.assessor_023.session_01	pilot.round3d.sample.lot_02.medium_light.immersion.rep_1	4	270
pilot.round3d.session_slot.ordinary_user.assessor_023.session_01.position_05	pilot.round3d.session_slot.ordinary_user.assessor_023.session_01	pilot.round3d.sample.lot_02.light.espresso_pressure.rep_2	5	942
pilot.round3d.session_slot.ordinary_user.assessor_023.session_01.position_06	pilot.round3d.session_slot.ordinary_user.assessor_023.session_01	pilot.round3d.sample.lot_01.dark.espresso_pressure.rep_1	6	297
pilot.round3d.session_slot.ordinary_user.assessor_023.session_02.position_01	pilot.round3d.session_slot.ordinary_user.assessor_023.session_02	pilot.round3d.sample.lot_01.extremely_dark.immersion.rep_2	1	820
pilot.round3d.session_slot.ordinary_user.assessor_023.session_02.position_02	pilot.round3d.session_slot.ordinary_user.assessor_023.session_02	pilot.round3d.sample.lot_02.medium.espresso_pressure.rep_2	2	926
pilot.round3d.session_slot.ordinary_user.assessor_023.session_02.position_03	pilot.round3d.session_slot.ordinary_user.assessor_023.session_02	pilot.round3d.sample.lot_02.medium.immersion.rep_1	3	632
pilot.round3d.session_slot.ordinary_user.assessor_023.session_02.position_04	pilot.round3d.session_slot.ordinary_user.assessor_023.session_02	pilot.round3d.sample.lot_01.extremely_light.espresso_pressure.rep_2	4	829
pilot.round3d.session_slot.ordinary_user.assessor_023.session_02.position_05	pilot.round3d.session_slot.ordinary_user.assessor_023.session_02	pilot.round3d.sample.lot_02.medium_dark.immersion.rep_1	5	634
pilot.round3d.session_slot.ordinary_user.assessor_023.session_02.position_06	pilot.round3d.session_slot.ordinary_user.assessor_023.session_02	pilot.round3d.sample.lot_02.extremely_light.immersion.rep_1	6	747
pilot.round3d.session_slot.ordinary_user.assessor_024.session_01.position_01	pilot.round3d.session_slot.ordinary_user.assessor_024.session_01	pilot.round3d.sample.lot_02.medium.diluted_espresso.rep_1	1	538
pilot.round3d.session_slot.ordinary_user.assessor_024.session_01.position_02	pilot.round3d.session_slot.ordinary_user.assessor_024.session_01	pilot.round3d.sample.lot_02.light.filter_percolation.rep_1	2	825
pilot.round3d.session_slot.ordinary_user.assessor_024.session_01.position_03	pilot.round3d.session_slot.ordinary_user.assessor_024.session_01	pilot.round3d.sample.lot_02.dark.cold_extraction.rep_2	3	160
pilot.round3d.session_slot.ordinary_user.assessor_024.session_01.position_04	pilot.round3d.session_slot.ordinary_user.assessor_024.session_01	pilot.round3d.sample.lot_02.light.filter_percolation.rep_2	4	194
pilot.round3d.session_slot.ordinary_user.assessor_024.session_01.position_05	pilot.round3d.session_slot.ordinary_user.assessor_024.session_01	pilot.round3d.sample.lot_01.light.espresso_pressure.rep_2	5	293
pilot.round3d.session_slot.ordinary_user.assessor_024.session_01.position_06	pilot.round3d.session_slot.ordinary_user.assessor_024.session_01	pilot.round3d.sample.lot_01.extremely_light.espresso_pressure.rep_1	6	568
pilot.round3d.session_slot.ordinary_user.assessor_024.session_02.position_01	pilot.round3d.session_slot.ordinary_user.assessor_024.session_02	pilot.round3d.sample.lot_01.extremely_light.immersion.rep_2	1	406
pilot.round3d.session_slot.ordinary_user.assessor_024.session_02.position_02	pilot.round3d.session_slot.ordinary_user.assessor_024.session_02	pilot.round3d.sample.lot_01.medium_dark.espresso_pressure.rep_2	2	157
pilot.round3d.session_slot.ordinary_user.assessor_024.session_02.position_03	pilot.round3d.session_slot.ordinary_user.assessor_024.session_02	pilot.round3d.sample.lot_01.light.filter_percolation.rep_1	3	506
pilot.round3d.session_slot.ordinary_user.assessor_024.session_02.position_04	pilot.round3d.session_slot.ordinary_user.assessor_024.session_02	pilot.round3d.sample.lot_02.light.diluted_espresso.rep_2	4	953
pilot.round3d.session_slot.ordinary_user.assessor_024.session_02.position_05	pilot.round3d.session_slot.ordinary_user.assessor_024.session_02	pilot.round3d.sample.lot_01.medium.hybrid.rep_1	5	982
pilot.round3d.session_slot.ordinary_user.assessor_024.session_02.position_06	pilot.round3d.session_slot.ordinary_user.assessor_024.session_02	pilot.round3d.sample.lot_02.light.espresso_pressure.rep_1	6	646
pilot.round3d.session_slot.ordinary_user.assessor_025.session_01.position_01	pilot.round3d.session_slot.ordinary_user.assessor_025.session_01	pilot.round3d.sample.lot_01.medium.diluted_espresso.rep_2	1	126
pilot.round3d.session_slot.ordinary_user.assessor_025.session_01.position_02	pilot.round3d.session_slot.ordinary_user.assessor_025.session_01	pilot.round3d.sample.lot_01.medium.espresso_pressure.rep_1	2	222
pilot.round3d.session_slot.ordinary_user.assessor_025.session_01.position_03	pilot.round3d.session_slot.ordinary_user.assessor_025.session_01	pilot.round3d.sample.lot_02.medium.espresso_pressure.rep_1	3	215
pilot.round3d.session_slot.ordinary_user.assessor_025.session_01.position_04	pilot.round3d.session_slot.ordinary_user.assessor_025.session_01	pilot.round3d.sample.lot_02.medium_light.espresso_pressure.rep_2	4	972
pilot.round3d.session_slot.ordinary_user.assessor_025.session_01.position_05	pilot.round3d.session_slot.ordinary_user.assessor_025.session_01	pilot.round3d.sample.lot_02.medium.filter_percolation.rep_1	5	657
pilot.round3d.session_slot.ordinary_user.assessor_025.session_01.position_06	pilot.round3d.session_slot.ordinary_user.assessor_025.session_01	pilot.round3d.sample.lot_02.dark.immersion.rep_1	6	975
pilot.round3d.session_slot.ordinary_user.assessor_025.session_02.position_01	pilot.round3d.session_slot.ordinary_user.assessor_025.session_02	pilot.round3d.sample.lot_01.dark.espresso_pressure.rep_2	1	449
pilot.round3d.session_slot.ordinary_user.assessor_025.session_02.position_02	pilot.round3d.session_slot.ordinary_user.assessor_025.session_02	pilot.round3d.sample.lot_01.medium_dark.immersion.rep_1	2	405
pilot.round3d.session_slot.ordinary_user.assessor_025.session_02.position_03	pilot.round3d.session_slot.ordinary_user.assessor_025.session_02	pilot.round3d.sample.lot_02.medium.espresso_milk.rep_2	3	606
pilot.round3d.session_slot.ordinary_user.assessor_025.session_02.position_04	pilot.round3d.session_slot.ordinary_user.assessor_025.session_02	pilot.round3d.sample.lot_01.extremely_dark.immersion.rep_1	4	842
pilot.round3d.session_slot.ordinary_user.assessor_025.session_02.position_05	pilot.round3d.session_slot.ordinary_user.assessor_025.session_02	pilot.round3d.sample.lot_01.extremely_dark.espresso_pressure.rep_2	5	395
pilot.round3d.session_slot.ordinary_user.assessor_025.session_02.position_06	pilot.round3d.session_slot.ordinary_user.assessor_025.session_02	pilot.round3d.sample.lot_01.dark.diluted_espresso.rep_1	6	796
pilot.round3d.session_slot.ordinary_user.assessor_026.session_01.position_01	pilot.round3d.session_slot.ordinary_user.assessor_026.session_01	pilot.round3d.sample.lot_01.medium_light.espresso_pressure.rep_2	1	610
pilot.round3d.session_slot.ordinary_user.assessor_026.session_01.position_02	pilot.round3d.session_slot.ordinary_user.assessor_026.session_01	pilot.round3d.sample.lot_02.extremely_light.espresso_pressure.rep_2	2	388
pilot.round3d.session_slot.ordinary_user.assessor_026.session_01.position_03	pilot.round3d.session_slot.ordinary_user.assessor_026.session_01	pilot.round3d.sample.lot_02.light.cold_extraction.rep_1	3	158
pilot.round3d.session_slot.ordinary_user.assessor_026.session_01.position_04	pilot.round3d.session_slot.ordinary_user.assessor_026.session_01	pilot.round3d.sample.lot_01.light.filter_percolation.rep_2	4	118
pilot.round3d.session_slot.ordinary_user.assessor_026.session_01.position_05	pilot.round3d.session_slot.ordinary_user.assessor_026.session_01	pilot.round3d.sample.lot_01.medium_dark.filter_percolation.rep_1	5	355
pilot.round3d.session_slot.ordinary_user.assessor_026.session_01.position_06	pilot.round3d.session_slot.ordinary_user.assessor_026.session_01	pilot.round3d.sample.lot_01.light.immersion.rep_2	6	896
pilot.round3d.session_slot.ordinary_user.assessor_026.session_02.position_01	pilot.round3d.session_slot.ordinary_user.assessor_026.session_02	pilot.round3d.sample.lot_02.extremely_dark.immersion.rep_2	1	654
pilot.round3d.session_slot.ordinary_user.assessor_026.session_02.position_02	pilot.round3d.session_slot.ordinary_user.assessor_026.session_02	pilot.round3d.sample.lot_01.medium.filter_percolation.rep_2	2	701
pilot.round3d.session_slot.ordinary_user.assessor_026.session_02.position_03	pilot.round3d.session_slot.ordinary_user.assessor_026.session_02	pilot.round3d.sample.lot_02.extremely_dark.espresso_pressure.rep_2	3	936
pilot.round3d.session_slot.ordinary_user.assessor_026.session_02.position_04	pilot.round3d.session_slot.ordinary_user.assessor_026.session_02	pilot.round3d.sample.lot_01.extremely_light.immersion.rep_1	4	847
pilot.round3d.session_slot.ordinary_user.assessor_026.session_02.position_05	pilot.round3d.session_slot.ordinary_user.assessor_026.session_02	pilot.round3d.sample.lot_01.extremely_light.filter_percolation.rep_2	5	815
pilot.round3d.session_slot.ordinary_user.assessor_026.session_02.position_06	pilot.round3d.session_slot.ordinary_user.assessor_026.session_02	pilot.round3d.sample.lot_01.light.diluted_espresso.rep_1	6	731
pilot.round3d.session_slot.ordinary_user.assessor_027.session_01.position_01	pilot.round3d.session_slot.ordinary_user.assessor_027.session_01	pilot.round3d.sample.lot_01.medium.espresso_milk.rep_2	1	221
pilot.round3d.session_slot.ordinary_user.assessor_027.session_01.position_02	pilot.round3d.session_slot.ordinary_user.assessor_027.session_01	pilot.round3d.sample.lot_01.dark.immersion.rep_1	2	369
pilot.round3d.session_slot.ordinary_user.assessor_027.session_01.position_03	pilot.round3d.session_slot.ordinary_user.assessor_027.session_01	pilot.round3d.sample.lot_02.medium.espresso_milk.rep_1	3	418
pilot.round3d.session_slot.ordinary_user.assessor_027.session_01.position_04	pilot.round3d.session_slot.ordinary_user.assessor_027.session_01	pilot.round3d.sample.lot_02.extremely_light.filter_percolation.rep_1	4	796
pilot.round3d.session_slot.ordinary_user.assessor_027.session_01.position_05	pilot.round3d.session_slot.ordinary_user.assessor_027.session_01	pilot.round3d.sample.lot_02.dark.espresso_pressure.rep_1	5	421
pilot.round3d.session_slot.ordinary_user.assessor_027.session_01.position_06	pilot.round3d.session_slot.ordinary_user.assessor_027.session_01	pilot.round3d.sample.lot_02.light.hybrid.rep_2	6	283
pilot.round3d.session_slot.ordinary_user.assessor_027.session_02.position_01	pilot.round3d.session_slot.ordinary_user.assessor_027.session_02	pilot.round3d.sample.lot_02.dark.filter_percolation.rep_2	1	372
pilot.round3d.session_slot.ordinary_user.assessor_027.session_02.position_02	pilot.round3d.session_slot.ordinary_user.assessor_027.session_02	pilot.round3d.sample.lot_02.medium.filter_percolation.rep_2	2	519
pilot.round3d.session_slot.ordinary_user.assessor_027.session_02.position_03	pilot.round3d.session_slot.ordinary_user.assessor_027.session_02	pilot.round3d.sample.lot_02.medium_dark.espresso_pressure.rep_1	3	856
pilot.round3d.session_slot.ordinary_user.assessor_027.session_02.position_04	pilot.round3d.session_slot.ordinary_user.assessor_027.session_02	pilot.round3d.sample.lot_01.medium.immersion.rep_1	4	363
pilot.round3d.session_slot.ordinary_user.assessor_027.session_02.position_05	pilot.round3d.session_slot.ordinary_user.assessor_027.session_02	pilot.round3d.sample.lot_02.medium_light.filter_percolation.rep_1	5	771
pilot.round3d.session_slot.ordinary_user.assessor_027.session_02.position_06	pilot.round3d.session_slot.ordinary_user.assessor_027.session_02	pilot.round3d.sample.lot_02.dark.cold_extraction.rep_1	6	949
pilot.round3d.session_slot.ordinary_user.assessor_028.session_01.position_01	pilot.round3d.session_slot.ordinary_user.assessor_028.session_01	pilot.round3d.sample.lot_01.light.espresso_milk.rep_2	1	803
pilot.round3d.session_slot.ordinary_user.assessor_028.session_01.position_02	pilot.round3d.session_slot.ordinary_user.assessor_028.session_01	pilot.round3d.sample.lot_01.medium_dark.espresso_pressure.rep_1	2	649
pilot.round3d.session_slot.ordinary_user.assessor_028.session_01.position_03	pilot.round3d.session_slot.ordinary_user.assessor_028.session_01	pilot.round3d.sample.lot_02.dark.espresso_milk.rep_1	3	924
pilot.round3d.session_slot.ordinary_user.assessor_028.session_01.position_04	pilot.round3d.session_slot.ordinary_user.assessor_028.session_01	pilot.round3d.sample.lot_01.dark.espresso_milk.rep_1	4	608
pilot.round3d.session_slot.ordinary_user.assessor_028.session_01.position_05	pilot.round3d.session_slot.ordinary_user.assessor_028.session_01	pilot.round3d.sample.lot_01.medium_light.immersion.rep_1	5	766
pilot.round3d.session_slot.ordinary_user.assessor_028.session_01.position_06	pilot.round3d.session_slot.ordinary_user.assessor_028.session_01	pilot.round3d.sample.lot_02.medium.diluted_espresso.rep_2	6	136
pilot.round3d.session_slot.ordinary_user.assessor_028.session_02.position_01	pilot.round3d.session_slot.ordinary_user.assessor_028.session_02	pilot.round3d.sample.lot_01.extremely_dark.filter_percolation.rep_1	1	734
pilot.round3d.session_slot.ordinary_user.assessor_028.session_02.position_02	pilot.round3d.session_slot.ordinary_user.assessor_028.session_02	pilot.round3d.sample.lot_02.dark.espresso_milk.rep_2	2	332
pilot.round3d.session_slot.ordinary_user.assessor_028.session_02.position_03	pilot.round3d.session_slot.ordinary_user.assessor_028.session_02	pilot.round3d.sample.lot_01.medium_light.filter_percolation.rep_2	3	224
pilot.round3d.session_slot.ordinary_user.assessor_028.session_02.position_04	pilot.round3d.session_slot.ordinary_user.assessor_028.session_02	pilot.round3d.sample.lot_02.medium.immersion.rep_2	4	561
pilot.round3d.session_slot.ordinary_user.assessor_028.session_02.position_05	pilot.round3d.session_slot.ordinary_user.assessor_028.session_02	pilot.round3d.sample.lot_01.light.espresso_milk.rep_1	5	931
pilot.round3d.session_slot.ordinary_user.assessor_028.session_02.position_06	pilot.round3d.session_slot.ordinary_user.assessor_028.session_02	pilot.round3d.sample.lot_01.dark.cold_extraction.rep_2	6	802
pilot.round3d.session_slot.ordinary_user.assessor_029.session_01.position_01	pilot.round3d.session_slot.ordinary_user.assessor_029.session_01	pilot.round3d.sample.lot_01.medium_light.filter_percolation.rep_1	1	623
pilot.round3d.session_slot.ordinary_user.assessor_029.session_01.position_02	pilot.round3d.session_slot.ordinary_user.assessor_029.session_01	pilot.round3d.sample.lot_01.dark.hybrid.rep_1	2	963
pilot.round3d.session_slot.ordinary_user.assessor_029.session_01.position_03	pilot.round3d.session_slot.ordinary_user.assessor_029.session_01	pilot.round3d.sample.lot_02.light.immersion.rep_1	3	926
pilot.round3d.session_slot.ordinary_user.assessor_029.session_01.position_04	pilot.round3d.session_slot.ordinary_user.assessor_029.session_01	pilot.round3d.sample.lot_02.dark.filter_percolation.rep_1	4	839
pilot.round3d.session_slot.ordinary_user.assessor_029.session_01.position_05	pilot.round3d.session_slot.ordinary_user.assessor_029.session_01	pilot.round3d.sample.lot_01.dark.immersion.rep_2	5	291
pilot.round3d.session_slot.ordinary_user.assessor_029.session_01.position_06	pilot.round3d.session_slot.ordinary_user.assessor_029.session_01	pilot.round3d.sample.lot_02.extremely_light.filter_percolation.rep_2	6	447
pilot.round3d.session_slot.ordinary_user.assessor_029.session_02.position_01	pilot.round3d.session_slot.ordinary_user.assessor_029.session_02	pilot.round3d.sample.lot_01.light.cold_extraction.rep_1	1	776
pilot.round3d.session_slot.ordinary_user.assessor_029.session_02.position_02	pilot.round3d.session_slot.ordinary_user.assessor_029.session_02	pilot.round3d.sample.lot_01.medium.cold_extraction.rep_1	2	515
pilot.round3d.session_slot.ordinary_user.assessor_029.session_02.position_03	pilot.round3d.session_slot.ordinary_user.assessor_029.session_02	pilot.round3d.sample.lot_02.dark.immersion.rep_2	3	151
pilot.round3d.session_slot.ordinary_user.assessor_029.session_02.position_04	pilot.round3d.session_slot.ordinary_user.assessor_029.session_02	pilot.round3d.sample.lot_02.dark.diluted_espresso.rep_1	4	928
pilot.round3d.session_slot.ordinary_user.assessor_029.session_02.position_05	pilot.round3d.session_slot.ordinary_user.assessor_029.session_02	pilot.round3d.sample.lot_01.dark.diluted_espresso.rep_2	5	931
pilot.round3d.session_slot.ordinary_user.assessor_029.session_02.position_06	pilot.round3d.session_slot.ordinary_user.assessor_029.session_02	pilot.round3d.sample.lot_02.light.espresso_milk.rep_2	6	253
pilot.round3d.session_slot.ordinary_user.assessor_030.session_01.position_01	pilot.round3d.session_slot.ordinary_user.assessor_030.session_01	pilot.round3d.sample.lot_01.light.diluted_espresso.rep_2	1	494
pilot.round3d.session_slot.ordinary_user.assessor_030.session_01.position_02	pilot.round3d.session_slot.ordinary_user.assessor_030.session_01	pilot.round3d.sample.lot_01.dark.filter_percolation.rep_1	2	895
pilot.round3d.session_slot.ordinary_user.assessor_030.session_01.position_03	pilot.round3d.session_slot.ordinary_user.assessor_030.session_01	pilot.round3d.sample.lot_02.light.espresso_milk.rep_1	3	209
pilot.round3d.session_slot.ordinary_user.assessor_030.session_01.position_04	pilot.round3d.session_slot.ordinary_user.assessor_030.session_01	pilot.round3d.sample.lot_02.extremely_light.espresso_pressure.rep_1	4	705
pilot.round3d.session_slot.ordinary_user.assessor_030.session_01.position_05	pilot.round3d.session_slot.ordinary_user.assessor_030.session_01	pilot.round3d.sample.lot_02.dark.diluted_espresso.rep_2	5	655
pilot.round3d.session_slot.ordinary_user.assessor_030.session_01.position_06	pilot.round3d.session_slot.ordinary_user.assessor_030.session_01	pilot.round3d.sample.lot_01.light.hybrid.rep_2	6	920
pilot.round3d.session_slot.ordinary_user.assessor_030.session_02.position_01	pilot.round3d.session_slot.ordinary_user.assessor_030.session_02	pilot.round3d.sample.lot_02.extremely_dark.immersion.rep_1	1	167
pilot.round3d.session_slot.ordinary_user.assessor_030.session_02.position_02	pilot.round3d.session_slot.ordinary_user.assessor_030.session_02	pilot.round3d.sample.lot_02.dark.hybrid.rep_1	2	206
pilot.round3d.session_slot.ordinary_user.assessor_030.session_02.position_03	pilot.round3d.session_slot.ordinary_user.assessor_030.session_02	pilot.round3d.sample.lot_01.medium.immersion.rep_2	3	607
pilot.round3d.session_slot.ordinary_user.assessor_030.session_02.position_04	pilot.round3d.session_slot.ordinary_user.assessor_030.session_02	pilot.round3d.sample.lot_01.medium_light.immersion.rep_2	4	300
pilot.round3d.session_slot.ordinary_user.assessor_030.session_02.position_05	pilot.round3d.session_slot.ordinary_user.assessor_030.session_02	pilot.round3d.sample.lot_02.medium_dark.filter_percolation.rep_2	5	970
pilot.round3d.session_slot.ordinary_user.assessor_030.session_02.position_06	pilot.round3d.session_slot.ordinary_user.assessor_030.session_02	pilot.round3d.sample.lot_01.extremely_light.filter_percolation.rep_1	6	485
pilot.round3d.session_slot.ordinary_user.assessor_031.session_01.position_01	pilot.round3d.session_slot.ordinary_user.assessor_031.session_01	pilot.round3d.sample.lot_02.medium_dark.espresso_pressure.rep_2	1	947
pilot.round3d.session_slot.ordinary_user.assessor_031.session_01.position_02	pilot.round3d.session_slot.ordinary_user.assessor_031.session_01	pilot.round3d.sample.lot_01.medium.filter_percolation.rep_1	2	949
pilot.round3d.session_slot.ordinary_user.assessor_031.session_01.position_03	pilot.round3d.session_slot.ordinary_user.assessor_031.session_01	pilot.round3d.sample.lot_01.medium.cold_extraction.rep_2	3	213
pilot.round3d.session_slot.ordinary_user.assessor_031.session_01.position_04	pilot.round3d.session_slot.ordinary_user.assessor_031.session_01	pilot.round3d.sample.lot_01.extremely_dark.espresso_pressure.rep_1	4	928
pilot.round3d.session_slot.ordinary_user.assessor_031.session_01.position_05	pilot.round3d.session_slot.ordinary_user.assessor_031.session_01	pilot.round3d.sample.lot_02.extremely_dark.filter_percolation.rep_1	5	163
pilot.round3d.session_slot.ordinary_user.assessor_031.session_01.position_06	pilot.round3d.session_slot.ordinary_user.assessor_031.session_01	pilot.round3d.sample.lot_01.light.espresso_pressure.rep_1	6	270
pilot.round3d.session_slot.ordinary_user.assessor_031.session_02.position_01	pilot.round3d.session_slot.ordinary_user.assessor_031.session_02	pilot.round3d.sample.lot_02.dark.espresso_pressure.rep_2	1	180
pilot.round3d.session_slot.ordinary_user.assessor_031.session_02.position_02	pilot.round3d.session_slot.ordinary_user.assessor_031.session_02	pilot.round3d.sample.lot_02.medium_dark.immersion.rep_2	2	270
pilot.round3d.session_slot.ordinary_user.assessor_031.session_02.position_03	pilot.round3d.session_slot.ordinary_user.assessor_031.session_02	pilot.round3d.sample.lot_02.light.immersion.rep_2	3	140
pilot.round3d.session_slot.ordinary_user.assessor_031.session_02.position_04	pilot.round3d.session_slot.ordinary_user.assessor_031.session_02	pilot.round3d.sample.lot_01.medium.espresso_milk.rep_1	4	248
pilot.round3d.session_slot.ordinary_user.assessor_031.session_02.position_05	pilot.round3d.session_slot.ordinary_user.assessor_031.session_02	pilot.round3d.sample.lot_02.medium.cold_extraction.rep_2	5	928
pilot.round3d.session_slot.ordinary_user.assessor_031.session_02.position_06	pilot.round3d.session_slot.ordinary_user.assessor_031.session_02	pilot.round3d.sample.lot_02.light.cold_extraction.rep_2	6	132
pilot.round3d.session_slot.ordinary_user.assessor_032.session_01.position_01	pilot.round3d.session_slot.ordinary_user.assessor_032.session_01	pilot.round3d.sample.lot_02.extremely_dark.espresso_pressure.rep_1	1	907
pilot.round3d.session_slot.ordinary_user.assessor_032.session_01.position_02	pilot.round3d.session_slot.ordinary_user.assessor_032.session_01	pilot.round3d.sample.lot_01.dark.cold_extraction.rep_1	2	560
pilot.round3d.session_slot.ordinary_user.assessor_032.session_01.position_03	pilot.round3d.session_slot.ordinary_user.assessor_032.session_01	pilot.round3d.sample.lot_01.extremely_dark.filter_percolation.rep_2	3	701
pilot.round3d.session_slot.ordinary_user.assessor_032.session_01.position_04	pilot.round3d.session_slot.ordinary_user.assessor_032.session_01	pilot.round3d.sample.lot_01.medium_dark.filter_percolation.rep_2	4	830
pilot.round3d.session_slot.ordinary_user.assessor_032.session_01.position_05	pilot.round3d.session_slot.ordinary_user.assessor_032.session_01	pilot.round3d.sample.lot_01.medium.espresso_pressure.rep_2	5	634
pilot.round3d.session_slot.ordinary_user.assessor_032.session_01.position_06	pilot.round3d.session_slot.ordinary_user.assessor_032.session_01	pilot.round3d.sample.lot_01.dark.filter_percolation.rep_2	6	875
pilot.round3d.session_slot.ordinary_user.assessor_032.session_02.position_01	pilot.round3d.session_slot.ordinary_user.assessor_032.session_02	pilot.round3d.sample.lot_02.medium.hybrid.rep_1	1	666
pilot.round3d.session_slot.ordinary_user.assessor_032.session_02.position_02	pilot.round3d.session_slot.ordinary_user.assessor_032.session_02	pilot.round3d.sample.lot_01.medium_light.espresso_pressure.rep_1	2	802
pilot.round3d.session_slot.ordinary_user.assessor_032.session_02.position_03	pilot.round3d.session_slot.ordinary_user.assessor_032.session_02	pilot.round3d.sample.lot_02.medium.hybrid.rep_2	3	653
pilot.round3d.session_slot.ordinary_user.assessor_032.session_02.position_04	pilot.round3d.session_slot.ordinary_user.assessor_032.session_02	pilot.round3d.sample.lot_01.dark.espresso_milk.rep_2	4	846
pilot.round3d.session_slot.ordinary_user.assessor_032.session_02.position_05	pilot.round3d.session_slot.ordinary_user.assessor_032.session_02	pilot.round3d.sample.lot_02.medium_light.immersion.rep_2	5	282
pilot.round3d.session_slot.ordinary_user.assessor_032.session_02.position_06	pilot.round3d.session_slot.ordinary_user.assessor_032.session_02	pilot.round3d.sample.lot_01.medium.hybrid.rep_2	6	910
pilot.round3d.session_slot.ordinary_user.assessor_033.session_01.position_01	pilot.round3d.session_slot.ordinary_user.assessor_033.session_01	pilot.round3d.sample.lot_02.medium.cold_extraction.rep_1	1	807
pilot.round3d.session_slot.ordinary_user.assessor_033.session_01.position_02	pilot.round3d.session_slot.ordinary_user.assessor_033.session_01	pilot.round3d.sample.lot_01.light.immersion.rep_1	2	109
pilot.round3d.session_slot.ordinary_user.assessor_033.session_01.position_03	pilot.round3d.session_slot.ordinary_user.assessor_033.session_01	pilot.round3d.sample.lot_01.dark.hybrid.rep_2	3	879
pilot.round3d.session_slot.ordinary_user.assessor_033.session_01.position_04	pilot.round3d.session_slot.ordinary_user.assessor_033.session_01	pilot.round3d.sample.lot_02.medium_light.filter_percolation.rep_2	4	291
pilot.round3d.session_slot.ordinary_user.assessor_033.session_01.position_05	pilot.round3d.session_slot.ordinary_user.assessor_033.session_01	pilot.round3d.sample.lot_01.medium_dark.immersion.rep_2	5	939
pilot.round3d.session_slot.ordinary_user.assessor_033.session_01.position_06	pilot.round3d.session_slot.ordinary_user.assessor_033.session_01	pilot.round3d.sample.lot_01.light.hybrid.rep_1	6	509
pilot.round3d.session_slot.ordinary_user.assessor_033.session_02.position_01	pilot.round3d.session_slot.ordinary_user.assessor_033.session_02	pilot.round3d.sample.lot_02.light.diluted_espresso.rep_1	1	302
pilot.round3d.session_slot.ordinary_user.assessor_033.session_02.position_02	pilot.round3d.session_slot.ordinary_user.assessor_033.session_02	pilot.round3d.sample.lot_02.extremely_light.immersion.rep_2	2	777
pilot.round3d.session_slot.ordinary_user.assessor_033.session_02.position_03	pilot.round3d.session_slot.ordinary_user.assessor_033.session_02	pilot.round3d.sample.lot_02.light.hybrid.rep_1	3	420
pilot.round3d.session_slot.ordinary_user.assessor_033.session_02.position_04	pilot.round3d.session_slot.ordinary_user.assessor_033.session_02	pilot.round3d.sample.lot_01.light.cold_extraction.rep_2	4	934
pilot.round3d.session_slot.ordinary_user.assessor_033.session_02.position_05	pilot.round3d.session_slot.ordinary_user.assessor_033.session_02	pilot.round3d.sample.lot_02.extremely_dark.filter_percolation.rep_2	5	294
pilot.round3d.session_slot.ordinary_user.assessor_033.session_02.position_06	pilot.round3d.session_slot.ordinary_user.assessor_033.session_02	pilot.round3d.sample.lot_01.medium.diluted_espresso.rep_1	6	353
pilot.round3d.session_slot.ordinary_user.assessor_034.session_01.position_01	pilot.round3d.session_slot.ordinary_user.assessor_034.session_01	pilot.round3d.sample.lot_01.medium_dark.espresso_pressure.rep_2	1	199
pilot.round3d.session_slot.ordinary_user.assessor_034.session_01.position_02	pilot.round3d.session_slot.ordinary_user.assessor_034.session_01	pilot.round3d.sample.lot_01.light.filter_percolation.rep_1	2	704
pilot.round3d.session_slot.ordinary_user.assessor_034.session_01.position_03	pilot.round3d.session_slot.ordinary_user.assessor_034.session_01	pilot.round3d.sample.lot_02.light.diluted_espresso.rep_2	3	721
pilot.round3d.session_slot.ordinary_user.assessor_034.session_01.position_04	pilot.round3d.session_slot.ordinary_user.assessor_034.session_01	pilot.round3d.sample.lot_01.medium.hybrid.rep_1	4	890
pilot.round3d.session_slot.ordinary_user.assessor_034.session_01.position_05	pilot.round3d.session_slot.ordinary_user.assessor_034.session_01	pilot.round3d.sample.lot_02.light.espresso_pressure.rep_1	5	625
pilot.round3d.session_slot.ordinary_user.assessor_034.session_01.position_06	pilot.round3d.session_slot.ordinary_user.assessor_034.session_01	pilot.round3d.sample.lot_01.medium.diluted_espresso.rep_2	6	810
pilot.round3d.session_slot.ordinary_user.assessor_034.session_02.position_01	pilot.round3d.session_slot.ordinary_user.assessor_034.session_02	pilot.round3d.sample.lot_01.medium.espresso_pressure.rep_1	1	355
pilot.round3d.session_slot.ordinary_user.assessor_034.session_02.position_02	pilot.round3d.session_slot.ordinary_user.assessor_034.session_02	pilot.round3d.sample.lot_02.medium.espresso_pressure.rep_1	2	890
pilot.round3d.session_slot.ordinary_user.assessor_034.session_02.position_03	pilot.round3d.session_slot.ordinary_user.assessor_034.session_02	pilot.round3d.sample.lot_02.medium_light.espresso_pressure.rep_2	3	599
pilot.round3d.session_slot.ordinary_user.assessor_034.session_02.position_04	pilot.round3d.session_slot.ordinary_user.assessor_034.session_02	pilot.round3d.sample.lot_02.medium.filter_percolation.rep_1	4	231
pilot.round3d.session_slot.ordinary_user.assessor_034.session_02.position_05	pilot.round3d.session_slot.ordinary_user.assessor_034.session_02	pilot.round3d.sample.lot_02.dark.immersion.rep_1	5	913
pilot.round3d.session_slot.ordinary_user.assessor_034.session_02.position_06	pilot.round3d.session_slot.ordinary_user.assessor_034.session_02	pilot.round3d.sample.lot_01.dark.espresso_pressure.rep_2	6	134
pilot.round3d.session_slot.ordinary_user.assessor_035.session_01.position_01	pilot.round3d.session_slot.ordinary_user.assessor_035.session_01	pilot.round3d.sample.lot_01.medium_dark.immersion.rep_1	1	455
pilot.round3d.session_slot.ordinary_user.assessor_035.session_01.position_02	pilot.round3d.session_slot.ordinary_user.assessor_035.session_01	pilot.round3d.sample.lot_02.medium.espresso_milk.rep_2	2	484
pilot.round3d.session_slot.ordinary_user.assessor_035.session_01.position_03	pilot.round3d.session_slot.ordinary_user.assessor_035.session_01	pilot.round3d.sample.lot_01.extremely_dark.immersion.rep_1	3	721
pilot.round3d.session_slot.ordinary_user.assessor_035.session_01.position_04	pilot.round3d.session_slot.ordinary_user.assessor_035.session_01	pilot.round3d.sample.lot_01.extremely_dark.espresso_pressure.rep_2	4	635
pilot.round3d.session_slot.ordinary_user.assessor_035.session_01.position_05	pilot.round3d.session_slot.ordinary_user.assessor_035.session_01	pilot.round3d.sample.lot_01.dark.diluted_espresso.rep_1	5	854
pilot.round3d.session_slot.ordinary_user.assessor_035.session_01.position_06	pilot.round3d.session_slot.ordinary_user.assessor_035.session_01	pilot.round3d.sample.lot_01.medium_light.espresso_pressure.rep_2	6	193
pilot.round3d.session_slot.ordinary_user.assessor_035.session_02.position_01	pilot.round3d.session_slot.ordinary_user.assessor_035.session_02	pilot.round3d.sample.lot_02.extremely_light.espresso_pressure.rep_2	1	197
pilot.round3d.session_slot.ordinary_user.assessor_035.session_02.position_02	pilot.round3d.session_slot.ordinary_user.assessor_035.session_02	pilot.round3d.sample.lot_02.light.cold_extraction.rep_1	2	984
pilot.round3d.session_slot.ordinary_user.assessor_035.session_02.position_03	pilot.round3d.session_slot.ordinary_user.assessor_035.session_02	pilot.round3d.sample.lot_01.light.filter_percolation.rep_2	3	653
pilot.round3d.session_slot.ordinary_user.assessor_035.session_02.position_04	pilot.round3d.session_slot.ordinary_user.assessor_035.session_02	pilot.round3d.sample.lot_01.medium_dark.filter_percolation.rep_1	4	239
pilot.round3d.session_slot.ordinary_user.assessor_035.session_02.position_05	pilot.round3d.session_slot.ordinary_user.assessor_035.session_02	pilot.round3d.sample.lot_01.light.immersion.rep_2	5	578
pilot.round3d.session_slot.ordinary_user.assessor_035.session_02.position_06	pilot.round3d.session_slot.ordinary_user.assessor_035.session_02	pilot.round3d.sample.lot_02.extremely_dark.immersion.rep_2	6	292
pilot.round3d.session_slot.ordinary_user.assessor_036.session_01.position_01	pilot.round3d.session_slot.ordinary_user.assessor_036.session_01	pilot.round3d.sample.lot_01.medium.filter_percolation.rep_2	1	299
pilot.round3d.session_slot.ordinary_user.assessor_036.session_01.position_02	pilot.round3d.session_slot.ordinary_user.assessor_036.session_01	pilot.round3d.sample.lot_02.extremely_dark.espresso_pressure.rep_2	2	976
pilot.round3d.session_slot.ordinary_user.assessor_036.session_01.position_03	pilot.round3d.session_slot.ordinary_user.assessor_036.session_01	pilot.round3d.sample.lot_01.extremely_light.immersion.rep_1	3	554
pilot.round3d.session_slot.ordinary_user.assessor_036.session_01.position_04	pilot.round3d.session_slot.ordinary_user.assessor_036.session_01	pilot.round3d.sample.lot_01.extremely_light.filter_percolation.rep_2	4	295
pilot.round3d.session_slot.ordinary_user.assessor_036.session_01.position_05	pilot.round3d.session_slot.ordinary_user.assessor_036.session_01	pilot.round3d.sample.lot_01.light.diluted_espresso.rep_1	5	390
pilot.round3d.session_slot.ordinary_user.assessor_036.session_01.position_06	pilot.round3d.session_slot.ordinary_user.assessor_036.session_01	pilot.round3d.sample.lot_01.medium.espresso_milk.rep_2	6	118
pilot.round3d.session_slot.ordinary_user.assessor_036.session_02.position_01	pilot.round3d.session_slot.ordinary_user.assessor_036.session_02	pilot.round3d.sample.lot_01.dark.immersion.rep_1	1	103
pilot.round3d.session_slot.ordinary_user.assessor_036.session_02.position_02	pilot.round3d.session_slot.ordinary_user.assessor_036.session_02	pilot.round3d.sample.lot_02.medium.espresso_milk.rep_1	2	113
pilot.round3d.session_slot.ordinary_user.assessor_036.session_02.position_03	pilot.round3d.session_slot.ordinary_user.assessor_036.session_02	pilot.round3d.sample.lot_02.extremely_light.filter_percolation.rep_1	3	741
pilot.round3d.session_slot.ordinary_user.assessor_036.session_02.position_04	pilot.round3d.session_slot.ordinary_user.assessor_036.session_02	pilot.round3d.sample.lot_02.dark.espresso_pressure.rep_1	4	258
pilot.round3d.session_slot.ordinary_user.assessor_036.session_02.position_05	pilot.round3d.session_slot.ordinary_user.assessor_036.session_02	pilot.round3d.sample.lot_02.light.hybrid.rep_2	5	807
pilot.round3d.session_slot.ordinary_user.assessor_036.session_02.position_06	pilot.round3d.session_slot.ordinary_user.assessor_036.session_02	pilot.round3d.sample.lot_02.dark.filter_percolation.rep_2	6	583
pilot.round3d.session_slot.ordinary_user.assessor_037.session_01.position_01	pilot.round3d.session_slot.ordinary_user.assessor_037.session_01	pilot.round3d.sample.lot_02.medium.filter_percolation.rep_2	1	296
pilot.round3d.session_slot.ordinary_user.assessor_037.session_01.position_02	pilot.round3d.session_slot.ordinary_user.assessor_037.session_01	pilot.round3d.sample.lot_02.medium_dark.espresso_pressure.rep_1	2	746
pilot.round3d.session_slot.ordinary_user.assessor_037.session_01.position_03	pilot.round3d.session_slot.ordinary_user.assessor_037.session_01	pilot.round3d.sample.lot_01.medium.immersion.rep_1	3	882
pilot.round3d.session_slot.ordinary_user.assessor_037.session_01.position_04	pilot.round3d.session_slot.ordinary_user.assessor_037.session_01	pilot.round3d.sample.lot_02.medium_light.filter_percolation.rep_1	4	552
pilot.round3d.session_slot.ordinary_user.assessor_037.session_01.position_05	pilot.round3d.session_slot.ordinary_user.assessor_037.session_01	pilot.round3d.sample.lot_02.dark.cold_extraction.rep_1	5	901
pilot.round3d.session_slot.ordinary_user.assessor_037.session_01.position_06	pilot.round3d.session_slot.ordinary_user.assessor_037.session_01	pilot.round3d.sample.lot_01.light.espresso_milk.rep_2	6	679
pilot.round3d.session_slot.ordinary_user.assessor_037.session_02.position_01	pilot.round3d.session_slot.ordinary_user.assessor_037.session_02	pilot.round3d.sample.lot_01.medium_dark.espresso_pressure.rep_1	1	772
pilot.round3d.session_slot.ordinary_user.assessor_037.session_02.position_02	pilot.round3d.session_slot.ordinary_user.assessor_037.session_02	pilot.round3d.sample.lot_02.dark.espresso_milk.rep_1	2	820
pilot.round3d.session_slot.ordinary_user.assessor_037.session_02.position_03	pilot.round3d.session_slot.ordinary_user.assessor_037.session_02	pilot.round3d.sample.lot_01.dark.espresso_milk.rep_1	3	393
pilot.round3d.session_slot.ordinary_user.assessor_037.session_02.position_04	pilot.round3d.session_slot.ordinary_user.assessor_037.session_02	pilot.round3d.sample.lot_01.medium_light.immersion.rep_1	4	821
pilot.round3d.session_slot.ordinary_user.assessor_037.session_02.position_05	pilot.round3d.session_slot.ordinary_user.assessor_037.session_02	pilot.round3d.sample.lot_02.medium.diluted_espresso.rep_2	5	847
pilot.round3d.session_slot.ordinary_user.assessor_037.session_02.position_06	pilot.round3d.session_slot.ordinary_user.assessor_037.session_02	pilot.round3d.sample.lot_01.extremely_dark.filter_percolation.rep_1	6	675
pilot.round3d.session_slot.ordinary_user.assessor_038.session_01.position_01	pilot.round3d.session_slot.ordinary_user.assessor_038.session_01	pilot.round3d.sample.lot_02.dark.espresso_milk.rep_2	1	508
pilot.round3d.session_slot.ordinary_user.assessor_038.session_01.position_02	pilot.round3d.session_slot.ordinary_user.assessor_038.session_01	pilot.round3d.sample.lot_01.medium_light.filter_percolation.rep_2	2	892
pilot.round3d.session_slot.ordinary_user.assessor_038.session_01.position_03	pilot.round3d.session_slot.ordinary_user.assessor_038.session_01	pilot.round3d.sample.lot_02.medium.immersion.rep_2	3	287
pilot.round3d.session_slot.ordinary_user.assessor_038.session_01.position_04	pilot.round3d.session_slot.ordinary_user.assessor_038.session_01	pilot.round3d.sample.lot_01.light.espresso_milk.rep_1	4	137
pilot.round3d.session_slot.ordinary_user.assessor_038.session_01.position_05	pilot.round3d.session_slot.ordinary_user.assessor_038.session_01	pilot.round3d.sample.lot_01.dark.cold_extraction.rep_2	5	313
pilot.round3d.session_slot.ordinary_user.assessor_038.session_01.position_06	pilot.round3d.session_slot.ordinary_user.assessor_038.session_01	pilot.round3d.sample.lot_01.medium_light.filter_percolation.rep_1	6	815
pilot.round3d.session_slot.ordinary_user.assessor_038.session_02.position_01	pilot.round3d.session_slot.ordinary_user.assessor_038.session_02	pilot.round3d.sample.lot_01.dark.hybrid.rep_1	1	688
pilot.round3d.session_slot.ordinary_user.assessor_038.session_02.position_02	pilot.round3d.session_slot.ordinary_user.assessor_038.session_02	pilot.round3d.sample.lot_02.light.immersion.rep_1	2	721
pilot.round3d.session_slot.ordinary_user.assessor_038.session_02.position_03	pilot.round3d.session_slot.ordinary_user.assessor_038.session_02	pilot.round3d.sample.lot_02.dark.filter_percolation.rep_1	3	599
pilot.round3d.session_slot.ordinary_user.assessor_038.session_02.position_04	pilot.round3d.session_slot.ordinary_user.assessor_038.session_02	pilot.round3d.sample.lot_01.dark.immersion.rep_2	4	757
pilot.round3d.session_slot.ordinary_user.assessor_038.session_02.position_05	pilot.round3d.session_slot.ordinary_user.assessor_038.session_02	pilot.round3d.sample.lot_02.extremely_light.filter_percolation.rep_2	5	924
pilot.round3d.session_slot.ordinary_user.assessor_038.session_02.position_06	pilot.round3d.session_slot.ordinary_user.assessor_038.session_02	pilot.round3d.sample.lot_01.light.cold_extraction.rep_1	6	987
pilot.round3d.session_slot.ordinary_user.assessor_039.session_01.position_01	pilot.round3d.session_slot.ordinary_user.assessor_039.session_01	pilot.round3d.sample.lot_01.medium.cold_extraction.rep_1	1	557
pilot.round3d.session_slot.ordinary_user.assessor_039.session_01.position_02	pilot.round3d.session_slot.ordinary_user.assessor_039.session_01	pilot.round3d.sample.lot_02.dark.immersion.rep_2	2	489
pilot.round3d.session_slot.ordinary_user.assessor_039.session_01.position_03	pilot.round3d.session_slot.ordinary_user.assessor_039.session_01	pilot.round3d.sample.lot_02.dark.diluted_espresso.rep_1	3	691
pilot.round3d.session_slot.ordinary_user.assessor_039.session_01.position_04	pilot.round3d.session_slot.ordinary_user.assessor_039.session_01	pilot.round3d.sample.lot_01.dark.diluted_espresso.rep_2	4	736
pilot.round3d.session_slot.ordinary_user.assessor_039.session_01.position_05	pilot.round3d.session_slot.ordinary_user.assessor_039.session_01	pilot.round3d.sample.lot_02.light.espresso_milk.rep_2	5	179
pilot.round3d.session_slot.ordinary_user.assessor_039.session_01.position_06	pilot.round3d.session_slot.ordinary_user.assessor_039.session_01	pilot.round3d.sample.lot_01.light.diluted_espresso.rep_2	6	107
pilot.round3d.session_slot.ordinary_user.assessor_039.session_02.position_01	pilot.round3d.session_slot.ordinary_user.assessor_039.session_02	pilot.round3d.sample.lot_01.dark.filter_percolation.rep_1	1	215
pilot.round3d.session_slot.ordinary_user.assessor_039.session_02.position_02	pilot.round3d.session_slot.ordinary_user.assessor_039.session_02	pilot.round3d.sample.lot_02.light.espresso_milk.rep_1	2	169
pilot.round3d.session_slot.ordinary_user.assessor_039.session_02.position_03	pilot.round3d.session_slot.ordinary_user.assessor_039.session_02	pilot.round3d.sample.lot_02.extremely_light.espresso_pressure.rep_1	3	608
pilot.round3d.session_slot.ordinary_user.assessor_039.session_02.position_04	pilot.round3d.session_slot.ordinary_user.assessor_039.session_02	pilot.round3d.sample.lot_02.dark.diluted_espresso.rep_2	4	117
pilot.round3d.session_slot.ordinary_user.assessor_039.session_02.position_05	pilot.round3d.session_slot.ordinary_user.assessor_039.session_02	pilot.round3d.sample.lot_01.light.hybrid.rep_2	5	498
pilot.round3d.session_slot.ordinary_user.assessor_039.session_02.position_06	pilot.round3d.session_slot.ordinary_user.assessor_039.session_02	pilot.round3d.sample.lot_02.extremely_dark.immersion.rep_1	6	869
pilot.round3d.session_slot.ordinary_user.assessor_040.session_01.position_01	pilot.round3d.session_slot.ordinary_user.assessor_040.session_01	pilot.round3d.sample.lot_02.dark.hybrid.rep_1	1	874
pilot.round3d.session_slot.ordinary_user.assessor_040.session_01.position_02	pilot.round3d.session_slot.ordinary_user.assessor_040.session_01	pilot.round3d.sample.lot_01.medium.immersion.rep_2	2	612
pilot.round3d.session_slot.ordinary_user.assessor_040.session_01.position_03	pilot.round3d.session_slot.ordinary_user.assessor_040.session_01	pilot.round3d.sample.lot_01.medium_light.immersion.rep_2	3	589
pilot.round3d.session_slot.ordinary_user.assessor_040.session_01.position_04	pilot.round3d.session_slot.ordinary_user.assessor_040.session_01	pilot.round3d.sample.lot_02.medium_dark.filter_percolation.rep_2	4	565
pilot.round3d.session_slot.ordinary_user.assessor_040.session_01.position_05	pilot.round3d.session_slot.ordinary_user.assessor_040.session_01	pilot.round3d.sample.lot_01.extremely_light.filter_percolation.rep_1	5	662
pilot.round3d.session_slot.ordinary_user.assessor_040.session_01.position_06	pilot.round3d.session_slot.ordinary_user.assessor_040.session_01	pilot.round3d.sample.lot_02.medium_dark.espresso_pressure.rep_2	6	910
pilot.round3d.session_slot.ordinary_user.assessor_040.session_02.position_01	pilot.round3d.session_slot.ordinary_user.assessor_040.session_02	pilot.round3d.sample.lot_01.medium.filter_percolation.rep_1	1	854
pilot.round3d.session_slot.ordinary_user.assessor_040.session_02.position_02	pilot.round3d.session_slot.ordinary_user.assessor_040.session_02	pilot.round3d.sample.lot_01.medium.cold_extraction.rep_2	2	394
pilot.round3d.session_slot.ordinary_user.assessor_040.session_02.position_03	pilot.round3d.session_slot.ordinary_user.assessor_040.session_02	pilot.round3d.sample.lot_01.extremely_dark.espresso_pressure.rep_1	3	786
pilot.round3d.session_slot.ordinary_user.assessor_040.session_02.position_04	pilot.round3d.session_slot.ordinary_user.assessor_040.session_02	pilot.round3d.sample.lot_02.extremely_dark.filter_percolation.rep_1	4	503
pilot.round3d.session_slot.ordinary_user.assessor_040.session_02.position_05	pilot.round3d.session_slot.ordinary_user.assessor_040.session_02	pilot.round3d.sample.lot_01.light.espresso_pressure.rep_1	5	778
pilot.round3d.session_slot.ordinary_user.assessor_040.session_02.position_06	pilot.round3d.session_slot.ordinary_user.assessor_040.session_02	pilot.round3d.sample.lot_02.dark.espresso_pressure.rep_2	6	892
pilot.round3d.session_slot.ordinary_user.assessor_041.session_01.position_01	pilot.round3d.session_slot.ordinary_user.assessor_041.session_01	pilot.round3d.sample.lot_02.medium_dark.immersion.rep_2	1	942
pilot.round3d.session_slot.ordinary_user.assessor_041.session_01.position_02	pilot.round3d.session_slot.ordinary_user.assessor_041.session_01	pilot.round3d.sample.lot_02.light.immersion.rep_2	2	946
pilot.round3d.session_slot.ordinary_user.assessor_041.session_01.position_03	pilot.round3d.session_slot.ordinary_user.assessor_041.session_01	pilot.round3d.sample.lot_01.medium.espresso_milk.rep_1	3	245
pilot.round3d.session_slot.ordinary_user.assessor_041.session_01.position_04	pilot.round3d.session_slot.ordinary_user.assessor_041.session_01	pilot.round3d.sample.lot_02.medium.cold_extraction.rep_2	4	947
pilot.round3d.session_slot.ordinary_user.assessor_041.session_01.position_05	pilot.round3d.session_slot.ordinary_user.assessor_041.session_01	pilot.round3d.sample.lot_02.light.cold_extraction.rep_2	5	205
pilot.round3d.session_slot.ordinary_user.assessor_041.session_01.position_06	pilot.round3d.session_slot.ordinary_user.assessor_041.session_01	pilot.round3d.sample.lot_02.extremely_dark.espresso_pressure.rep_1	6	434
pilot.round3d.session_slot.ordinary_user.assessor_041.session_02.position_01	pilot.round3d.session_slot.ordinary_user.assessor_041.session_02	pilot.round3d.sample.lot_01.dark.cold_extraction.rep_1	1	503
pilot.round3d.session_slot.ordinary_user.assessor_041.session_02.position_02	pilot.round3d.session_slot.ordinary_user.assessor_041.session_02	pilot.round3d.sample.lot_01.extremely_dark.filter_percolation.rep_2	2	943
pilot.round3d.session_slot.ordinary_user.assessor_041.session_02.position_03	pilot.round3d.session_slot.ordinary_user.assessor_041.session_02	pilot.round3d.sample.lot_01.medium_dark.filter_percolation.rep_2	3	403
pilot.round3d.session_slot.ordinary_user.assessor_041.session_02.position_04	pilot.round3d.session_slot.ordinary_user.assessor_041.session_02	pilot.round3d.sample.lot_01.medium.espresso_pressure.rep_2	4	895
pilot.round3d.session_slot.ordinary_user.assessor_041.session_02.position_05	pilot.round3d.session_slot.ordinary_user.assessor_041.session_02	pilot.round3d.sample.lot_01.dark.filter_percolation.rep_2	5	334
pilot.round3d.session_slot.ordinary_user.assessor_041.session_02.position_06	pilot.round3d.session_slot.ordinary_user.assessor_041.session_02	pilot.round3d.sample.lot_02.medium.hybrid.rep_1	6	424
pilot.round3d.session_slot.ordinary_user.assessor_042.session_01.position_01	pilot.round3d.session_slot.ordinary_user.assessor_042.session_01	pilot.round3d.sample.lot_01.medium_light.espresso_pressure.rep_1	1	752
pilot.round3d.session_slot.ordinary_user.assessor_042.session_01.position_02	pilot.round3d.session_slot.ordinary_user.assessor_042.session_01	pilot.round3d.sample.lot_02.medium.hybrid.rep_2	2	467
pilot.round3d.session_slot.ordinary_user.assessor_042.session_01.position_03	pilot.round3d.session_slot.ordinary_user.assessor_042.session_01	pilot.round3d.sample.lot_01.dark.espresso_milk.rep_2	3	124
pilot.round3d.session_slot.ordinary_user.assessor_042.session_01.position_04	pilot.round3d.session_slot.ordinary_user.assessor_042.session_01	pilot.round3d.sample.lot_02.medium_light.immersion.rep_2	4	646
pilot.round3d.session_slot.ordinary_user.assessor_042.session_01.position_05	pilot.round3d.session_slot.ordinary_user.assessor_042.session_01	pilot.round3d.sample.lot_01.medium.hybrid.rep_2	5	157
pilot.round3d.session_slot.ordinary_user.assessor_042.session_01.position_06	pilot.round3d.session_slot.ordinary_user.assessor_042.session_01	pilot.round3d.sample.lot_02.medium.cold_extraction.rep_1	6	375
pilot.round3d.session_slot.ordinary_user.assessor_042.session_02.position_01	pilot.round3d.session_slot.ordinary_user.assessor_042.session_02	pilot.round3d.sample.lot_01.light.immersion.rep_1	1	608
pilot.round3d.session_slot.ordinary_user.assessor_042.session_02.position_02	pilot.round3d.session_slot.ordinary_user.assessor_042.session_02	pilot.round3d.sample.lot_01.dark.hybrid.rep_2	2	585
pilot.round3d.session_slot.ordinary_user.assessor_042.session_02.position_03	pilot.round3d.session_slot.ordinary_user.assessor_042.session_02	pilot.round3d.sample.lot_02.medium_light.filter_percolation.rep_2	3	430
pilot.round3d.session_slot.ordinary_user.assessor_042.session_02.position_04	pilot.round3d.session_slot.ordinary_user.assessor_042.session_02	pilot.round3d.sample.lot_01.medium_dark.immersion.rep_2	4	664
pilot.round3d.session_slot.ordinary_user.assessor_042.session_02.position_05	pilot.round3d.session_slot.ordinary_user.assessor_042.session_02	pilot.round3d.sample.lot_01.light.hybrid.rep_1	5	169
pilot.round3d.session_slot.ordinary_user.assessor_042.session_02.position_06	pilot.round3d.session_slot.ordinary_user.assessor_042.session_02	pilot.round3d.sample.lot_02.light.diluted_espresso.rep_1	6	614
pilot.round3d.session_slot.ordinary_user.assessor_043.session_01.position_01	pilot.round3d.session_slot.ordinary_user.assessor_043.session_01	pilot.round3d.sample.lot_02.extremely_light.immersion.rep_2	1	951
pilot.round3d.session_slot.ordinary_user.assessor_043.session_01.position_02	pilot.round3d.session_slot.ordinary_user.assessor_043.session_01	pilot.round3d.sample.lot_02.light.hybrid.rep_1	2	680
pilot.round3d.session_slot.ordinary_user.assessor_043.session_01.position_03	pilot.round3d.session_slot.ordinary_user.assessor_043.session_01	pilot.round3d.sample.lot_01.light.cold_extraction.rep_2	3	493
pilot.round3d.session_slot.ordinary_user.assessor_043.session_01.position_04	pilot.round3d.session_slot.ordinary_user.assessor_043.session_01	pilot.round3d.sample.lot_02.extremely_dark.filter_percolation.rep_2	4	915
pilot.round3d.session_slot.ordinary_user.assessor_043.session_01.position_05	pilot.round3d.session_slot.ordinary_user.assessor_043.session_01	pilot.round3d.sample.lot_01.medium.diluted_espresso.rep_1	5	923
pilot.round3d.session_slot.ordinary_user.assessor_043.session_01.position_06	pilot.round3d.session_slot.ordinary_user.assessor_043.session_01	pilot.round3d.sample.lot_02.dark.hybrid.rep_2	6	138
pilot.round3d.session_slot.ordinary_user.assessor_043.session_02.position_01	pilot.round3d.session_slot.ordinary_user.assessor_043.session_02	pilot.round3d.sample.lot_02.medium_dark.filter_percolation.rep_1	1	238
pilot.round3d.session_slot.ordinary_user.assessor_043.session_02.position_02	pilot.round3d.session_slot.ordinary_user.assessor_043.session_02	pilot.round3d.sample.lot_02.medium_light.espresso_pressure.rep_1	2	810
pilot.round3d.session_slot.ordinary_user.assessor_043.session_02.position_03	pilot.round3d.session_slot.ordinary_user.assessor_043.session_02	pilot.round3d.sample.lot_02.medium_light.immersion.rep_1	3	176
pilot.round3d.session_slot.ordinary_user.assessor_043.session_02.position_04	pilot.round3d.session_slot.ordinary_user.assessor_043.session_02	pilot.round3d.sample.lot_02.light.espresso_pressure.rep_2	4	845
pilot.round3d.session_slot.ordinary_user.assessor_043.session_02.position_05	pilot.round3d.session_slot.ordinary_user.assessor_043.session_02	pilot.round3d.sample.lot_01.dark.espresso_pressure.rep_1	5	872
pilot.round3d.session_slot.ordinary_user.assessor_043.session_02.position_06	pilot.round3d.session_slot.ordinary_user.assessor_043.session_02	pilot.round3d.sample.lot_01.extremely_dark.immersion.rep_2	6	617
pilot.round3d.session_slot.ordinary_user.assessor_044.session_01.position_01	pilot.round3d.session_slot.ordinary_user.assessor_044.session_01	pilot.round3d.sample.lot_02.medium.espresso_pressure.rep_2	1	759
pilot.round3d.session_slot.ordinary_user.assessor_044.session_01.position_02	pilot.round3d.session_slot.ordinary_user.assessor_044.session_01	pilot.round3d.sample.lot_02.medium.immersion.rep_1	2	426
pilot.round3d.session_slot.ordinary_user.assessor_044.session_01.position_03	pilot.round3d.session_slot.ordinary_user.assessor_044.session_01	pilot.round3d.sample.lot_01.extremely_light.espresso_pressure.rep_2	3	899
pilot.round3d.session_slot.ordinary_user.assessor_044.session_01.position_04	pilot.round3d.session_slot.ordinary_user.assessor_044.session_01	pilot.round3d.sample.lot_02.medium_dark.immersion.rep_1	4	164
pilot.round3d.session_slot.ordinary_user.assessor_044.session_01.position_05	pilot.round3d.session_slot.ordinary_user.assessor_044.session_01	pilot.round3d.sample.lot_02.extremely_light.immersion.rep_1	5	528
pilot.round3d.session_slot.ordinary_user.assessor_044.session_01.position_06	pilot.round3d.session_slot.ordinary_user.assessor_044.session_01	pilot.round3d.sample.lot_02.medium.diluted_espresso.rep_1	6	348
pilot.round3d.session_slot.ordinary_user.assessor_044.session_02.position_01	pilot.round3d.session_slot.ordinary_user.assessor_044.session_02	pilot.round3d.sample.lot_02.light.filter_percolation.rep_1	1	805
pilot.round3d.session_slot.ordinary_user.assessor_044.session_02.position_02	pilot.round3d.session_slot.ordinary_user.assessor_044.session_02	pilot.round3d.sample.lot_02.dark.cold_extraction.rep_2	2	571
pilot.round3d.session_slot.ordinary_user.assessor_044.session_02.position_03	pilot.round3d.session_slot.ordinary_user.assessor_044.session_02	pilot.round3d.sample.lot_02.light.filter_percolation.rep_2	3	930
pilot.round3d.session_slot.ordinary_user.assessor_044.session_02.position_04	pilot.round3d.session_slot.ordinary_user.assessor_044.session_02	pilot.round3d.sample.lot_01.light.espresso_pressure.rep_2	4	512
pilot.round3d.session_slot.ordinary_user.assessor_044.session_02.position_05	pilot.round3d.session_slot.ordinary_user.assessor_044.session_02	pilot.round3d.sample.lot_01.extremely_light.espresso_pressure.rep_1	5	174
pilot.round3d.session_slot.ordinary_user.assessor_044.session_02.position_06	pilot.round3d.session_slot.ordinary_user.assessor_044.session_02	pilot.round3d.sample.lot_01.extremely_light.immersion.rep_2	6	227
pilot.round3d.session_slot.ordinary_user.assessor_045.session_01.position_01	pilot.round3d.session_slot.ordinary_user.assessor_045.session_01	pilot.round3d.sample.lot_02.light.cold_extraction.rep_1	1	607
pilot.round3d.session_slot.ordinary_user.assessor_045.session_01.position_02	pilot.round3d.session_slot.ordinary_user.assessor_045.session_01	pilot.round3d.sample.lot_01.light.filter_percolation.rep_2	2	466
pilot.round3d.session_slot.ordinary_user.assessor_045.session_01.position_03	pilot.round3d.session_slot.ordinary_user.assessor_045.session_01	pilot.round3d.sample.lot_01.medium_dark.filter_percolation.rep_1	3	960
pilot.round3d.session_slot.ordinary_user.assessor_045.session_01.position_04	pilot.round3d.session_slot.ordinary_user.assessor_045.session_01	pilot.round3d.sample.lot_01.light.immersion.rep_2	4	224
pilot.round3d.session_slot.ordinary_user.assessor_045.session_01.position_05	pilot.round3d.session_slot.ordinary_user.assessor_045.session_01	pilot.round3d.sample.lot_02.extremely_dark.immersion.rep_2	5	667
pilot.round3d.session_slot.ordinary_user.assessor_045.session_01.position_06	pilot.round3d.session_slot.ordinary_user.assessor_045.session_01	pilot.round3d.sample.lot_01.medium.filter_percolation.rep_2	6	279
pilot.round3d.session_slot.ordinary_user.assessor_045.session_02.position_01	pilot.round3d.session_slot.ordinary_user.assessor_045.session_02	pilot.round3d.sample.lot_02.extremely_dark.espresso_pressure.rep_2	1	521
pilot.round3d.session_slot.ordinary_user.assessor_045.session_02.position_02	pilot.round3d.session_slot.ordinary_user.assessor_045.session_02	pilot.round3d.sample.lot_01.extremely_light.immersion.rep_1	2	577
pilot.round3d.session_slot.ordinary_user.assessor_045.session_02.position_03	pilot.round3d.session_slot.ordinary_user.assessor_045.session_02	pilot.round3d.sample.lot_01.extremely_light.filter_percolation.rep_2	3	607
pilot.round3d.session_slot.ordinary_user.assessor_045.session_02.position_04	pilot.round3d.session_slot.ordinary_user.assessor_045.session_02	pilot.round3d.sample.lot_01.light.diluted_espresso.rep_1	4	274
pilot.round3d.session_slot.ordinary_user.assessor_045.session_02.position_05	pilot.round3d.session_slot.ordinary_user.assessor_045.session_02	pilot.round3d.sample.lot_01.medium.espresso_milk.rep_2	5	658
pilot.round3d.session_slot.ordinary_user.assessor_045.session_02.position_06	pilot.round3d.session_slot.ordinary_user.assessor_045.session_02	pilot.round3d.sample.lot_01.dark.immersion.rep_1	6	312
pilot.round3d.session_slot.ordinary_user.assessor_046.session_01.position_01	pilot.round3d.session_slot.ordinary_user.assessor_046.session_01	pilot.round3d.sample.lot_02.medium.espresso_milk.rep_1	1	699
pilot.round3d.session_slot.ordinary_user.assessor_046.session_01.position_02	pilot.round3d.session_slot.ordinary_user.assessor_046.session_01	pilot.round3d.sample.lot_02.extremely_light.filter_percolation.rep_1	2	488
pilot.round3d.session_slot.ordinary_user.assessor_046.session_01.position_03	pilot.round3d.session_slot.ordinary_user.assessor_046.session_01	pilot.round3d.sample.lot_02.dark.espresso_pressure.rep_1	3	737
pilot.round3d.session_slot.ordinary_user.assessor_046.session_01.position_04	pilot.round3d.session_slot.ordinary_user.assessor_046.session_01	pilot.round3d.sample.lot_02.light.hybrid.rep_2	4	160
pilot.round3d.session_slot.ordinary_user.assessor_046.session_01.position_05	pilot.round3d.session_slot.ordinary_user.assessor_046.session_01	pilot.round3d.sample.lot_02.dark.filter_percolation.rep_2	5	183
pilot.round3d.session_slot.ordinary_user.assessor_046.session_01.position_06	pilot.round3d.session_slot.ordinary_user.assessor_046.session_01	pilot.round3d.sample.lot_02.medium.filter_percolation.rep_2	6	615
pilot.round3d.session_slot.ordinary_user.assessor_046.session_02.position_01	pilot.round3d.session_slot.ordinary_user.assessor_046.session_02	pilot.round3d.sample.lot_02.medium_dark.espresso_pressure.rep_1	1	208
pilot.round3d.session_slot.ordinary_user.assessor_046.session_02.position_02	pilot.round3d.session_slot.ordinary_user.assessor_046.session_02	pilot.round3d.sample.lot_01.medium.immersion.rep_1	2	717
pilot.round3d.session_slot.ordinary_user.assessor_046.session_02.position_03	pilot.round3d.session_slot.ordinary_user.assessor_046.session_02	pilot.round3d.sample.lot_02.medium_light.filter_percolation.rep_1	3	984
pilot.round3d.session_slot.ordinary_user.assessor_046.session_02.position_04	pilot.round3d.session_slot.ordinary_user.assessor_046.session_02	pilot.round3d.sample.lot_02.dark.cold_extraction.rep_1	4	561
pilot.round3d.session_slot.ordinary_user.assessor_046.session_02.position_05	pilot.round3d.session_slot.ordinary_user.assessor_046.session_02	pilot.round3d.sample.lot_01.light.espresso_milk.rep_2	5	259
pilot.round3d.session_slot.ordinary_user.assessor_046.session_02.position_06	pilot.round3d.session_slot.ordinary_user.assessor_046.session_02	pilot.round3d.sample.lot_01.medium_dark.espresso_pressure.rep_1	6	644
pilot.round3d.session_slot.ordinary_user.assessor_047.session_01.position_01	pilot.round3d.session_slot.ordinary_user.assessor_047.session_01	pilot.round3d.sample.lot_02.dark.espresso_milk.rep_1	1	423
pilot.round3d.session_slot.ordinary_user.assessor_047.session_01.position_02	pilot.round3d.session_slot.ordinary_user.assessor_047.session_01	pilot.round3d.sample.lot_01.dark.espresso_milk.rep_1	2	526
pilot.round3d.session_slot.ordinary_user.assessor_047.session_01.position_03	pilot.round3d.session_slot.ordinary_user.assessor_047.session_01	pilot.round3d.sample.lot_01.medium_light.immersion.rep_1	3	114
pilot.round3d.session_slot.ordinary_user.assessor_047.session_01.position_04	pilot.round3d.session_slot.ordinary_user.assessor_047.session_01	pilot.round3d.sample.lot_02.medium.diluted_espresso.rep_2	4	893
pilot.round3d.session_slot.ordinary_user.assessor_047.session_01.position_05	pilot.round3d.session_slot.ordinary_user.assessor_047.session_01	pilot.round3d.sample.lot_01.extremely_dark.filter_percolation.rep_1	5	851
pilot.round3d.session_slot.ordinary_user.assessor_047.session_01.position_06	pilot.round3d.session_slot.ordinary_user.assessor_047.session_01	pilot.round3d.sample.lot_02.dark.espresso_milk.rep_2	6	765
pilot.round3d.session_slot.ordinary_user.assessor_047.session_02.position_01	pilot.round3d.session_slot.ordinary_user.assessor_047.session_02	pilot.round3d.sample.lot_01.medium_light.filter_percolation.rep_2	1	168
pilot.round3d.session_slot.ordinary_user.assessor_047.session_02.position_02	pilot.round3d.session_slot.ordinary_user.assessor_047.session_02	pilot.round3d.sample.lot_02.medium.immersion.rep_2	2	457
pilot.round3d.session_slot.ordinary_user.assessor_047.session_02.position_03	pilot.round3d.session_slot.ordinary_user.assessor_047.session_02	pilot.round3d.sample.lot_01.light.espresso_milk.rep_1	3	178
pilot.round3d.session_slot.ordinary_user.assessor_047.session_02.position_04	pilot.round3d.session_slot.ordinary_user.assessor_047.session_02	pilot.round3d.sample.lot_01.dark.cold_extraction.rep_2	4	847
pilot.round3d.session_slot.ordinary_user.assessor_047.session_02.position_05	pilot.round3d.session_slot.ordinary_user.assessor_047.session_02	pilot.round3d.sample.lot_01.medium_light.filter_percolation.rep_1	5	793
pilot.round3d.session_slot.ordinary_user.assessor_047.session_02.position_06	pilot.round3d.session_slot.ordinary_user.assessor_047.session_02	pilot.round3d.sample.lot_01.dark.hybrid.rep_1	6	518
pilot.round3d.session_slot.ordinary_user.assessor_048.session_01.position_01	pilot.round3d.session_slot.ordinary_user.assessor_048.session_01	pilot.round3d.sample.lot_02.light.immersion.rep_1	1	864
pilot.round3d.session_slot.ordinary_user.assessor_048.session_01.position_02	pilot.round3d.session_slot.ordinary_user.assessor_048.session_01	pilot.round3d.sample.lot_02.dark.filter_percolation.rep_1	2	294
pilot.round3d.session_slot.ordinary_user.assessor_048.session_01.position_03	pilot.round3d.session_slot.ordinary_user.assessor_048.session_01	pilot.round3d.sample.lot_01.dark.immersion.rep_2	3	603
pilot.round3d.session_slot.ordinary_user.assessor_048.session_01.position_04	pilot.round3d.session_slot.ordinary_user.assessor_048.session_01	pilot.round3d.sample.lot_02.extremely_light.filter_percolation.rep_2	4	627
pilot.round3d.session_slot.ordinary_user.assessor_048.session_01.position_05	pilot.round3d.session_slot.ordinary_user.assessor_048.session_01	pilot.round3d.sample.lot_01.light.cold_extraction.rep_1	5	512
pilot.round3d.session_slot.ordinary_user.assessor_048.session_01.position_06	pilot.round3d.session_slot.ordinary_user.assessor_048.session_01	pilot.round3d.sample.lot_01.medium.cold_extraction.rep_1	6	635
pilot.round3d.session_slot.ordinary_user.assessor_048.session_02.position_01	pilot.round3d.session_slot.ordinary_user.assessor_048.session_02	pilot.round3d.sample.lot_02.dark.immersion.rep_2	1	981
pilot.round3d.session_slot.ordinary_user.assessor_048.session_02.position_02	pilot.round3d.session_slot.ordinary_user.assessor_048.session_02	pilot.round3d.sample.lot_02.dark.diluted_espresso.rep_1	2	856
pilot.round3d.session_slot.ordinary_user.assessor_048.session_02.position_03	pilot.round3d.session_slot.ordinary_user.assessor_048.session_02	pilot.round3d.sample.lot_01.dark.diluted_espresso.rep_2	3	153
pilot.round3d.session_slot.ordinary_user.assessor_048.session_02.position_04	pilot.round3d.session_slot.ordinary_user.assessor_048.session_02	pilot.round3d.sample.lot_02.light.espresso_milk.rep_2	4	453
pilot.round3d.session_slot.ordinary_user.assessor_048.session_02.position_05	pilot.round3d.session_slot.ordinary_user.assessor_048.session_02	pilot.round3d.sample.lot_01.light.diluted_espresso.rep_2	5	560
pilot.round3d.session_slot.ordinary_user.assessor_048.session_02.position_06	pilot.round3d.session_slot.ordinary_user.assessor_048.session_02	pilot.round3d.sample.lot_01.dark.filter_percolation.rep_1	6	209
pilot.round3d.session_slot.ordinary_user.assessor_049.session_01.position_01	pilot.round3d.session_slot.ordinary_user.assessor_049.session_01	pilot.round3d.sample.lot_02.light.espresso_milk.rep_1	1	326
pilot.round3d.session_slot.ordinary_user.assessor_049.session_01.position_02	pilot.round3d.session_slot.ordinary_user.assessor_049.session_01	pilot.round3d.sample.lot_02.extremely_light.espresso_pressure.rep_1	2	169
pilot.round3d.session_slot.ordinary_user.assessor_049.session_01.position_03	pilot.round3d.session_slot.ordinary_user.assessor_049.session_01	pilot.round3d.sample.lot_02.dark.diluted_espresso.rep_2	3	686
pilot.round3d.session_slot.ordinary_user.assessor_049.session_01.position_04	pilot.round3d.session_slot.ordinary_user.assessor_049.session_01	pilot.round3d.sample.lot_01.light.hybrid.rep_2	4	382
pilot.round3d.session_slot.ordinary_user.assessor_049.session_01.position_05	pilot.round3d.session_slot.ordinary_user.assessor_049.session_01	pilot.round3d.sample.lot_02.extremely_dark.immersion.rep_1	5	778
pilot.round3d.session_slot.ordinary_user.assessor_049.session_01.position_06	pilot.round3d.session_slot.ordinary_user.assessor_049.session_01	pilot.round3d.sample.lot_02.dark.hybrid.rep_1	6	206
pilot.round3d.session_slot.ordinary_user.assessor_049.session_02.position_01	pilot.round3d.session_slot.ordinary_user.assessor_049.session_02	pilot.round3d.sample.lot_01.medium.immersion.rep_2	1	300
pilot.round3d.session_slot.ordinary_user.assessor_049.session_02.position_02	pilot.round3d.session_slot.ordinary_user.assessor_049.session_02	pilot.round3d.sample.lot_01.medium_light.immersion.rep_2	2	675
pilot.round3d.session_slot.ordinary_user.assessor_049.session_02.position_03	pilot.round3d.session_slot.ordinary_user.assessor_049.session_02	pilot.round3d.sample.lot_02.medium_dark.filter_percolation.rep_2	3	376
pilot.round3d.session_slot.ordinary_user.assessor_049.session_02.position_04	pilot.round3d.session_slot.ordinary_user.assessor_049.session_02	pilot.round3d.sample.lot_01.extremely_light.filter_percolation.rep_1	4	425
pilot.round3d.session_slot.ordinary_user.assessor_049.session_02.position_05	pilot.round3d.session_slot.ordinary_user.assessor_049.session_02	pilot.round3d.sample.lot_02.medium_dark.espresso_pressure.rep_2	5	601
pilot.round3d.session_slot.ordinary_user.assessor_049.session_02.position_06	pilot.round3d.session_slot.ordinary_user.assessor_049.session_02	pilot.round3d.sample.lot_01.medium.filter_percolation.rep_1	6	233
pilot.round3d.session_slot.ordinary_user.assessor_050.session_01.position_01	pilot.round3d.session_slot.ordinary_user.assessor_050.session_01	pilot.round3d.sample.lot_01.medium.cold_extraction.rep_2	1	991
pilot.round3d.session_slot.ordinary_user.assessor_050.session_01.position_02	pilot.round3d.session_slot.ordinary_user.assessor_050.session_01	pilot.round3d.sample.lot_01.extremely_dark.espresso_pressure.rep_1	2	418
pilot.round3d.session_slot.ordinary_user.assessor_050.session_01.position_03	pilot.round3d.session_slot.ordinary_user.assessor_050.session_01	pilot.round3d.sample.lot_02.extremely_dark.filter_percolation.rep_1	3	826
pilot.round3d.session_slot.ordinary_user.assessor_050.session_01.position_04	pilot.round3d.session_slot.ordinary_user.assessor_050.session_01	pilot.round3d.sample.lot_01.light.espresso_pressure.rep_1	4	804
pilot.round3d.session_slot.ordinary_user.assessor_050.session_01.position_05	pilot.round3d.session_slot.ordinary_user.assessor_050.session_01	pilot.round3d.sample.lot_02.dark.espresso_pressure.rep_2	5	350
pilot.round3d.session_slot.ordinary_user.assessor_050.session_01.position_06	pilot.round3d.session_slot.ordinary_user.assessor_050.session_01	pilot.round3d.sample.lot_02.medium_dark.immersion.rep_2	6	230
pilot.round3d.session_slot.ordinary_user.assessor_050.session_02.position_01	pilot.round3d.session_slot.ordinary_user.assessor_050.session_02	pilot.round3d.sample.lot_02.light.immersion.rep_2	1	168
pilot.round3d.session_slot.ordinary_user.assessor_050.session_02.position_02	pilot.round3d.session_slot.ordinary_user.assessor_050.session_02	pilot.round3d.sample.lot_01.medium.espresso_milk.rep_1	2	649
pilot.round3d.session_slot.ordinary_user.assessor_050.session_02.position_03	pilot.round3d.session_slot.ordinary_user.assessor_050.session_02	pilot.round3d.sample.lot_02.medium.cold_extraction.rep_2	3	947
pilot.round3d.session_slot.ordinary_user.assessor_050.session_02.position_04	pilot.round3d.session_slot.ordinary_user.assessor_050.session_02	pilot.round3d.sample.lot_02.light.cold_extraction.rep_2	4	359
pilot.round3d.session_slot.ordinary_user.assessor_050.session_02.position_05	pilot.round3d.session_slot.ordinary_user.assessor_050.session_02	pilot.round3d.sample.lot_02.extremely_dark.espresso_pressure.rep_1	5	841
pilot.round3d.session_slot.ordinary_user.assessor_050.session_02.position_06	pilot.round3d.session_slot.ordinary_user.assessor_050.session_02	pilot.round3d.sample.lot_01.dark.cold_extraction.rep_1	6	869
pilot.round3d.session_slot.ordinary_user.assessor_051.session_01.position_01	pilot.round3d.session_slot.ordinary_user.assessor_051.session_01	pilot.round3d.sample.lot_01.extremely_dark.filter_percolation.rep_2	1	170
pilot.round3d.session_slot.ordinary_user.assessor_051.session_01.position_02	pilot.round3d.session_slot.ordinary_user.assessor_051.session_01	pilot.round3d.sample.lot_01.medium_dark.filter_percolation.rep_2	2	470
pilot.round3d.session_slot.ordinary_user.assessor_051.session_01.position_03	pilot.round3d.session_slot.ordinary_user.assessor_051.session_01	pilot.round3d.sample.lot_01.medium.espresso_pressure.rep_2	3	140
pilot.round3d.session_slot.ordinary_user.assessor_051.session_01.position_04	pilot.round3d.session_slot.ordinary_user.assessor_051.session_01	pilot.round3d.sample.lot_01.dark.filter_percolation.rep_2	4	356
pilot.round3d.session_slot.ordinary_user.assessor_051.session_01.position_05	pilot.round3d.session_slot.ordinary_user.assessor_051.session_01	pilot.round3d.sample.lot_02.medium.hybrid.rep_1	5	688
pilot.round3d.session_slot.ordinary_user.assessor_051.session_01.position_06	pilot.round3d.session_slot.ordinary_user.assessor_051.session_01	pilot.round3d.sample.lot_01.medium_light.espresso_pressure.rep_1	6	540
pilot.round3d.session_slot.ordinary_user.assessor_051.session_02.position_01	pilot.round3d.session_slot.ordinary_user.assessor_051.session_02	pilot.round3d.sample.lot_02.medium.hybrid.rep_2	1	630
pilot.round3d.session_slot.ordinary_user.assessor_051.session_02.position_02	pilot.round3d.session_slot.ordinary_user.assessor_051.session_02	pilot.round3d.sample.lot_01.dark.espresso_milk.rep_2	2	381
pilot.round3d.session_slot.ordinary_user.assessor_051.session_02.position_03	pilot.round3d.session_slot.ordinary_user.assessor_051.session_02	pilot.round3d.sample.lot_02.medium_light.immersion.rep_2	3	886
pilot.round3d.session_slot.ordinary_user.assessor_051.session_02.position_04	pilot.round3d.session_slot.ordinary_user.assessor_051.session_02	pilot.round3d.sample.lot_01.medium.hybrid.rep_2	4	725
pilot.round3d.session_slot.ordinary_user.assessor_051.session_02.position_05	pilot.round3d.session_slot.ordinary_user.assessor_051.session_02	pilot.round3d.sample.lot_02.medium.cold_extraction.rep_1	5	745
pilot.round3d.session_slot.ordinary_user.assessor_051.session_02.position_06	pilot.round3d.session_slot.ordinary_user.assessor_051.session_02	pilot.round3d.sample.lot_01.light.immersion.rep_1	6	807
pilot.round3d.session_slot.ordinary_user.assessor_052.session_01.position_01	pilot.round3d.session_slot.ordinary_user.assessor_052.session_01	pilot.round3d.sample.lot_01.dark.hybrid.rep_2	1	588
pilot.round3d.session_slot.ordinary_user.assessor_052.session_01.position_02	pilot.round3d.session_slot.ordinary_user.assessor_052.session_01	pilot.round3d.sample.lot_02.medium_light.filter_percolation.rep_2	2	766
pilot.round3d.session_slot.ordinary_user.assessor_052.session_01.position_03	pilot.round3d.session_slot.ordinary_user.assessor_052.session_01	pilot.round3d.sample.lot_01.medium_dark.immersion.rep_2	3	827
pilot.round3d.session_slot.ordinary_user.assessor_052.session_01.position_04	pilot.round3d.session_slot.ordinary_user.assessor_052.session_01	pilot.round3d.sample.lot_01.light.hybrid.rep_1	4	768
pilot.round3d.session_slot.ordinary_user.assessor_052.session_01.position_05	pilot.round3d.session_slot.ordinary_user.assessor_052.session_01	pilot.round3d.sample.lot_02.light.diluted_espresso.rep_1	5	758
pilot.round3d.session_slot.ordinary_user.assessor_052.session_01.position_06	pilot.round3d.session_slot.ordinary_user.assessor_052.session_01	pilot.round3d.sample.lot_02.extremely_light.immersion.rep_2	6	554
pilot.round3d.session_slot.ordinary_user.assessor_052.session_02.position_01	pilot.round3d.session_slot.ordinary_user.assessor_052.session_02	pilot.round3d.sample.lot_02.light.hybrid.rep_1	1	126
pilot.round3d.session_slot.ordinary_user.assessor_052.session_02.position_02	pilot.round3d.session_slot.ordinary_user.assessor_052.session_02	pilot.round3d.sample.lot_01.light.cold_extraction.rep_2	2	299
pilot.round3d.session_slot.ordinary_user.assessor_052.session_02.position_03	pilot.round3d.session_slot.ordinary_user.assessor_052.session_02	pilot.round3d.sample.lot_02.extremely_dark.filter_percolation.rep_2	3	601
pilot.round3d.session_slot.ordinary_user.assessor_052.session_02.position_04	pilot.round3d.session_slot.ordinary_user.assessor_052.session_02	pilot.round3d.sample.lot_01.medium.diluted_espresso.rep_1	4	641
pilot.round3d.session_slot.ordinary_user.assessor_052.session_02.position_05	pilot.round3d.session_slot.ordinary_user.assessor_052.session_02	pilot.round3d.sample.lot_02.dark.hybrid.rep_2	5	104
pilot.round3d.session_slot.ordinary_user.assessor_052.session_02.position_06	pilot.round3d.session_slot.ordinary_user.assessor_052.session_02	pilot.round3d.sample.lot_02.medium_dark.filter_percolation.rep_1	6	798
pilot.round3d.session_slot.ordinary_user.assessor_053.session_01.position_01	pilot.round3d.session_slot.ordinary_user.assessor_053.session_01	pilot.round3d.sample.lot_02.medium_light.espresso_pressure.rep_1	1	444
pilot.round3d.session_slot.ordinary_user.assessor_053.session_01.position_02	pilot.round3d.session_slot.ordinary_user.assessor_053.session_01	pilot.round3d.sample.lot_02.medium_light.immersion.rep_1	2	470
pilot.round3d.session_slot.ordinary_user.assessor_053.session_01.position_03	pilot.round3d.session_slot.ordinary_user.assessor_053.session_01	pilot.round3d.sample.lot_02.light.espresso_pressure.rep_2	3	646
pilot.round3d.session_slot.ordinary_user.assessor_053.session_01.position_04	pilot.round3d.session_slot.ordinary_user.assessor_053.session_01	pilot.round3d.sample.lot_01.dark.espresso_pressure.rep_1	4	848
pilot.round3d.session_slot.ordinary_user.assessor_053.session_01.position_05	pilot.round3d.session_slot.ordinary_user.assessor_053.session_01	pilot.round3d.sample.lot_01.extremely_dark.immersion.rep_2	5	718
pilot.round3d.session_slot.ordinary_user.assessor_053.session_01.position_06	pilot.round3d.session_slot.ordinary_user.assessor_053.session_01	pilot.round3d.sample.lot_02.medium.espresso_pressure.rep_2	6	897
pilot.round3d.session_slot.ordinary_user.assessor_053.session_02.position_01	pilot.round3d.session_slot.ordinary_user.assessor_053.session_02	pilot.round3d.sample.lot_02.medium.immersion.rep_1	1	322
pilot.round3d.session_slot.ordinary_user.assessor_053.session_02.position_02	pilot.round3d.session_slot.ordinary_user.assessor_053.session_02	pilot.round3d.sample.lot_01.extremely_light.espresso_pressure.rep_2	2	844
pilot.round3d.session_slot.ordinary_user.assessor_053.session_02.position_03	pilot.round3d.session_slot.ordinary_user.assessor_053.session_02	pilot.round3d.sample.lot_02.medium_dark.immersion.rep_1	3	342
pilot.round3d.session_slot.ordinary_user.assessor_053.session_02.position_04	pilot.round3d.session_slot.ordinary_user.assessor_053.session_02	pilot.round3d.sample.lot_02.extremely_light.immersion.rep_1	4	448
pilot.round3d.session_slot.ordinary_user.assessor_053.session_02.position_05	pilot.round3d.session_slot.ordinary_user.assessor_053.session_02	pilot.round3d.sample.lot_02.medium.diluted_espresso.rep_1	5	784
pilot.round3d.session_slot.ordinary_user.assessor_053.session_02.position_06	pilot.round3d.session_slot.ordinary_user.assessor_053.session_02	pilot.round3d.sample.lot_02.light.filter_percolation.rep_1	6	666
pilot.round3d.session_slot.ordinary_user.assessor_054.session_01.position_01	pilot.round3d.session_slot.ordinary_user.assessor_054.session_01	pilot.round3d.sample.lot_02.dark.cold_extraction.rep_2	1	134
pilot.round3d.session_slot.ordinary_user.assessor_054.session_01.position_02	pilot.round3d.session_slot.ordinary_user.assessor_054.session_01	pilot.round3d.sample.lot_02.light.filter_percolation.rep_2	2	121
pilot.round3d.session_slot.ordinary_user.assessor_054.session_01.position_03	pilot.round3d.session_slot.ordinary_user.assessor_054.session_01	pilot.round3d.sample.lot_01.light.espresso_pressure.rep_2	3	280
pilot.round3d.session_slot.ordinary_user.assessor_054.session_01.position_04	pilot.round3d.session_slot.ordinary_user.assessor_054.session_01	pilot.round3d.sample.lot_01.extremely_light.espresso_pressure.rep_1	4	267
pilot.round3d.session_slot.ordinary_user.assessor_054.session_01.position_05	pilot.round3d.session_slot.ordinary_user.assessor_054.session_01	pilot.round3d.sample.lot_01.extremely_light.immersion.rep_2	5	203
pilot.round3d.session_slot.ordinary_user.assessor_054.session_01.position_06	pilot.round3d.session_slot.ordinary_user.assessor_054.session_01	pilot.round3d.sample.lot_01.medium_dark.espresso_pressure.rep_2	6	853
pilot.round3d.session_slot.ordinary_user.assessor_054.session_02.position_01	pilot.round3d.session_slot.ordinary_user.assessor_054.session_02	pilot.round3d.sample.lot_01.light.filter_percolation.rep_1	1	493
pilot.round3d.session_slot.ordinary_user.assessor_054.session_02.position_02	pilot.round3d.session_slot.ordinary_user.assessor_054.session_02	pilot.round3d.sample.lot_02.light.diluted_espresso.rep_2	2	925
pilot.round3d.session_slot.ordinary_user.assessor_054.session_02.position_03	pilot.round3d.session_slot.ordinary_user.assessor_054.session_02	pilot.round3d.sample.lot_01.medium.hybrid.rep_1	3	517
pilot.round3d.session_slot.ordinary_user.assessor_054.session_02.position_04	pilot.round3d.session_slot.ordinary_user.assessor_054.session_02	pilot.round3d.sample.lot_02.light.espresso_pressure.rep_1	4	169
pilot.round3d.session_slot.ordinary_user.assessor_054.session_02.position_05	pilot.round3d.session_slot.ordinary_user.assessor_054.session_02	pilot.round3d.sample.lot_01.medium.diluted_espresso.rep_2	5	308
pilot.round3d.session_slot.ordinary_user.assessor_054.session_02.position_06	pilot.round3d.session_slot.ordinary_user.assessor_054.session_02	pilot.round3d.sample.lot_01.medium.espresso_pressure.rep_1	6	325
pilot.round3d.session_slot.ordinary_user.assessor_055.session_01.position_01	pilot.round3d.session_slot.ordinary_user.assessor_055.session_01	pilot.round3d.sample.lot_02.medium.espresso_pressure.rep_1	1	508
pilot.round3d.session_slot.ordinary_user.assessor_055.session_01.position_02	pilot.round3d.session_slot.ordinary_user.assessor_055.session_01	pilot.round3d.sample.lot_02.medium_light.espresso_pressure.rep_2	2	557
pilot.round3d.session_slot.ordinary_user.assessor_055.session_01.position_03	pilot.round3d.session_slot.ordinary_user.assessor_055.session_01	pilot.round3d.sample.lot_02.medium.filter_percolation.rep_1	3	462
pilot.round3d.session_slot.ordinary_user.assessor_055.session_01.position_04	pilot.round3d.session_slot.ordinary_user.assessor_055.session_01	pilot.round3d.sample.lot_02.dark.immersion.rep_1	4	687
pilot.round3d.session_slot.ordinary_user.assessor_055.session_01.position_05	pilot.round3d.session_slot.ordinary_user.assessor_055.session_01	pilot.round3d.sample.lot_01.dark.espresso_pressure.rep_2	5	468
pilot.round3d.session_slot.ordinary_user.assessor_055.session_01.position_06	pilot.round3d.session_slot.ordinary_user.assessor_055.session_01	pilot.round3d.sample.lot_01.medium_dark.immersion.rep_1	6	314
pilot.round3d.session_slot.ordinary_user.assessor_055.session_02.position_01	pilot.round3d.session_slot.ordinary_user.assessor_055.session_02	pilot.round3d.sample.lot_02.medium.espresso_milk.rep_2	1	902
pilot.round3d.session_slot.ordinary_user.assessor_055.session_02.position_02	pilot.round3d.session_slot.ordinary_user.assessor_055.session_02	pilot.round3d.sample.lot_01.extremely_dark.immersion.rep_1	2	132
pilot.round3d.session_slot.ordinary_user.assessor_055.session_02.position_03	pilot.round3d.session_slot.ordinary_user.assessor_055.session_02	pilot.round3d.sample.lot_01.extremely_dark.espresso_pressure.rep_2	3	439
pilot.round3d.session_slot.ordinary_user.assessor_055.session_02.position_04	pilot.round3d.session_slot.ordinary_user.assessor_055.session_02	pilot.round3d.sample.lot_01.dark.diluted_espresso.rep_1	4	289
pilot.round3d.session_slot.ordinary_user.assessor_055.session_02.position_05	pilot.round3d.session_slot.ordinary_user.assessor_055.session_02	pilot.round3d.sample.lot_01.medium_light.espresso_pressure.rep_2	5	383
pilot.round3d.session_slot.ordinary_user.assessor_055.session_02.position_06	pilot.round3d.session_slot.ordinary_user.assessor_055.session_02	pilot.round3d.sample.lot_02.extremely_light.espresso_pressure.rep_2	6	685
pilot.round3d.session_slot.ordinary_user.assessor_056.session_01.position_01	pilot.round3d.session_slot.ordinary_user.assessor_056.session_01	pilot.round3d.sample.lot_01.medium.immersion.rep_1	1	809
pilot.round3d.session_slot.ordinary_user.assessor_056.session_01.position_02	pilot.round3d.session_slot.ordinary_user.assessor_056.session_01	pilot.round3d.sample.lot_02.medium_light.filter_percolation.rep_1	2	253
pilot.round3d.session_slot.ordinary_user.assessor_056.session_01.position_03	pilot.round3d.session_slot.ordinary_user.assessor_056.session_01	pilot.round3d.sample.lot_02.dark.cold_extraction.rep_1	3	985
pilot.round3d.session_slot.ordinary_user.assessor_056.session_01.position_04	pilot.round3d.session_slot.ordinary_user.assessor_056.session_01	pilot.round3d.sample.lot_01.light.espresso_milk.rep_2	4	750
pilot.round3d.session_slot.ordinary_user.assessor_056.session_01.position_05	pilot.round3d.session_slot.ordinary_user.assessor_056.session_01	pilot.round3d.sample.lot_01.medium_dark.espresso_pressure.rep_1	5	987
pilot.round3d.session_slot.ordinary_user.assessor_056.session_01.position_06	pilot.round3d.session_slot.ordinary_user.assessor_056.session_01	pilot.round3d.sample.lot_02.dark.espresso_milk.rep_1	6	229
pilot.round3d.session_slot.ordinary_user.assessor_056.session_02.position_01	pilot.round3d.session_slot.ordinary_user.assessor_056.session_02	pilot.round3d.sample.lot_01.dark.espresso_milk.rep_1	1	543
pilot.round3d.session_slot.ordinary_user.assessor_056.session_02.position_02	pilot.round3d.session_slot.ordinary_user.assessor_056.session_02	pilot.round3d.sample.lot_01.medium_light.immersion.rep_1	2	333
pilot.round3d.session_slot.ordinary_user.assessor_056.session_02.position_03	pilot.round3d.session_slot.ordinary_user.assessor_056.session_02	pilot.round3d.sample.lot_02.medium.diluted_espresso.rep_2	3	972
pilot.round3d.session_slot.ordinary_user.assessor_056.session_02.position_04	pilot.round3d.session_slot.ordinary_user.assessor_056.session_02	pilot.round3d.sample.lot_01.extremely_dark.filter_percolation.rep_1	4	716
pilot.round3d.session_slot.ordinary_user.assessor_056.session_02.position_05	pilot.round3d.session_slot.ordinary_user.assessor_056.session_02	pilot.round3d.sample.lot_02.dark.espresso_milk.rep_2	5	669
pilot.round3d.session_slot.ordinary_user.assessor_056.session_02.position_06	pilot.round3d.session_slot.ordinary_user.assessor_056.session_02	pilot.round3d.sample.lot_01.medium_light.filter_percolation.rep_2	6	841
pilot.round3d.session_slot.ordinary_user.assessor_057.session_01.position_01	pilot.round3d.session_slot.ordinary_user.assessor_057.session_01	pilot.round3d.sample.lot_02.medium.immersion.rep_2	1	877
pilot.round3d.session_slot.ordinary_user.assessor_057.session_01.position_02	pilot.round3d.session_slot.ordinary_user.assessor_057.session_01	pilot.round3d.sample.lot_01.light.espresso_milk.rep_1	2	928
pilot.round3d.session_slot.ordinary_user.assessor_057.session_01.position_03	pilot.round3d.session_slot.ordinary_user.assessor_057.session_01	pilot.round3d.sample.lot_01.dark.cold_extraction.rep_2	3	423
pilot.round3d.session_slot.ordinary_user.assessor_057.session_01.position_04	pilot.round3d.session_slot.ordinary_user.assessor_057.session_01	pilot.round3d.sample.lot_01.medium_light.filter_percolation.rep_1	4	654
pilot.round3d.session_slot.ordinary_user.assessor_057.session_01.position_05	pilot.round3d.session_slot.ordinary_user.assessor_057.session_01	pilot.round3d.sample.lot_01.dark.hybrid.rep_1	5	909
pilot.round3d.session_slot.ordinary_user.assessor_057.session_01.position_06	pilot.round3d.session_slot.ordinary_user.assessor_057.session_01	pilot.round3d.sample.lot_02.light.immersion.rep_1	6	277
pilot.round3d.session_slot.ordinary_user.assessor_057.session_02.position_01	pilot.round3d.session_slot.ordinary_user.assessor_057.session_02	pilot.round3d.sample.lot_02.dark.filter_percolation.rep_1	1	972
pilot.round3d.session_slot.ordinary_user.assessor_057.session_02.position_02	pilot.round3d.session_slot.ordinary_user.assessor_057.session_02	pilot.round3d.sample.lot_01.dark.immersion.rep_2	2	975
pilot.round3d.session_slot.ordinary_user.assessor_057.session_02.position_03	pilot.round3d.session_slot.ordinary_user.assessor_057.session_02	pilot.round3d.sample.lot_02.extremely_light.filter_percolation.rep_2	3	317
pilot.round3d.session_slot.ordinary_user.assessor_057.session_02.position_04	pilot.round3d.session_slot.ordinary_user.assessor_057.session_02	pilot.round3d.sample.lot_01.light.cold_extraction.rep_1	4	871
pilot.round3d.session_slot.ordinary_user.assessor_057.session_02.position_05	pilot.round3d.session_slot.ordinary_user.assessor_057.session_02	pilot.round3d.sample.lot_01.medium.cold_extraction.rep_1	5	481
pilot.round3d.session_slot.ordinary_user.assessor_057.session_02.position_06	pilot.round3d.session_slot.ordinary_user.assessor_057.session_02	pilot.round3d.sample.lot_02.dark.immersion.rep_2	6	774
pilot.round3d.session_slot.ordinary_user.assessor_058.session_01.position_01	pilot.round3d.session_slot.ordinary_user.assessor_058.session_01	pilot.round3d.sample.lot_02.dark.diluted_espresso.rep_1	1	761
pilot.round3d.session_slot.ordinary_user.assessor_058.session_01.position_02	pilot.round3d.session_slot.ordinary_user.assessor_058.session_01	pilot.round3d.sample.lot_01.dark.diluted_espresso.rep_2	2	807
pilot.round3d.session_slot.ordinary_user.assessor_058.session_01.position_03	pilot.round3d.session_slot.ordinary_user.assessor_058.session_01	pilot.round3d.sample.lot_02.light.espresso_milk.rep_2	3	556
pilot.round3d.session_slot.ordinary_user.assessor_058.session_01.position_04	pilot.round3d.session_slot.ordinary_user.assessor_058.session_01	pilot.round3d.sample.lot_01.light.diluted_espresso.rep_2	4	442
pilot.round3d.session_slot.ordinary_user.assessor_058.session_01.position_05	pilot.round3d.session_slot.ordinary_user.assessor_058.session_01	pilot.round3d.sample.lot_01.dark.filter_percolation.rep_1	5	941
pilot.round3d.session_slot.ordinary_user.assessor_058.session_01.position_06	pilot.round3d.session_slot.ordinary_user.assessor_058.session_01	pilot.round3d.sample.lot_02.light.espresso_milk.rep_1	6	372
pilot.round3d.session_slot.ordinary_user.assessor_058.session_02.position_01	pilot.round3d.session_slot.ordinary_user.assessor_058.session_02	pilot.round3d.sample.lot_02.extremely_light.espresso_pressure.rep_1	1	802
pilot.round3d.session_slot.ordinary_user.assessor_058.session_02.position_02	pilot.round3d.session_slot.ordinary_user.assessor_058.session_02	pilot.round3d.sample.lot_02.dark.diluted_espresso.rep_2	2	325
pilot.round3d.session_slot.ordinary_user.assessor_058.session_02.position_03	pilot.round3d.session_slot.ordinary_user.assessor_058.session_02	pilot.round3d.sample.lot_01.light.hybrid.rep_2	3	334
pilot.round3d.session_slot.ordinary_user.assessor_058.session_02.position_04	pilot.round3d.session_slot.ordinary_user.assessor_058.session_02	pilot.round3d.sample.lot_02.extremely_dark.immersion.rep_1	4	601
pilot.round3d.session_slot.ordinary_user.assessor_058.session_02.position_05	pilot.round3d.session_slot.ordinary_user.assessor_058.session_02	pilot.round3d.sample.lot_02.dark.hybrid.rep_1	5	660
pilot.round3d.session_slot.ordinary_user.assessor_058.session_02.position_06	pilot.round3d.session_slot.ordinary_user.assessor_058.session_02	pilot.round3d.sample.lot_01.medium.immersion.rep_2	6	263
pilot.round3d.session_slot.ordinary_user.assessor_059.session_01.position_01	pilot.round3d.session_slot.ordinary_user.assessor_059.session_01	pilot.round3d.sample.lot_01.medium_light.immersion.rep_2	1	636
pilot.round3d.session_slot.ordinary_user.assessor_059.session_01.position_02	pilot.round3d.session_slot.ordinary_user.assessor_059.session_01	pilot.round3d.sample.lot_02.medium_dark.filter_percolation.rep_2	2	486
pilot.round3d.session_slot.ordinary_user.assessor_059.session_01.position_03	pilot.round3d.session_slot.ordinary_user.assessor_059.session_01	pilot.round3d.sample.lot_01.extremely_light.filter_percolation.rep_1	3	414
pilot.round3d.session_slot.ordinary_user.assessor_059.session_01.position_04	pilot.round3d.session_slot.ordinary_user.assessor_059.session_01	pilot.round3d.sample.lot_02.medium_dark.espresso_pressure.rep_2	4	827
pilot.round3d.session_slot.ordinary_user.assessor_059.session_01.position_05	pilot.round3d.session_slot.ordinary_user.assessor_059.session_01	pilot.round3d.sample.lot_01.medium.filter_percolation.rep_1	5	119
pilot.round3d.session_slot.ordinary_user.assessor_059.session_01.position_06	pilot.round3d.session_slot.ordinary_user.assessor_059.session_01	pilot.round3d.sample.lot_01.medium.cold_extraction.rep_2	6	529
pilot.round3d.session_slot.ordinary_user.assessor_059.session_02.position_01	pilot.round3d.session_slot.ordinary_user.assessor_059.session_02	pilot.round3d.sample.lot_01.extremely_dark.espresso_pressure.rep_1	1	943
pilot.round3d.session_slot.ordinary_user.assessor_059.session_02.position_02	pilot.round3d.session_slot.ordinary_user.assessor_059.session_02	pilot.round3d.sample.lot_02.extremely_dark.filter_percolation.rep_1	2	167
pilot.round3d.session_slot.ordinary_user.assessor_059.session_02.position_03	pilot.round3d.session_slot.ordinary_user.assessor_059.session_02	pilot.round3d.sample.lot_01.light.espresso_pressure.rep_1	3	606
pilot.round3d.session_slot.ordinary_user.assessor_059.session_02.position_04	pilot.round3d.session_slot.ordinary_user.assessor_059.session_02	pilot.round3d.sample.lot_02.dark.espresso_pressure.rep_2	4	801
pilot.round3d.session_slot.ordinary_user.assessor_059.session_02.position_05	pilot.round3d.session_slot.ordinary_user.assessor_059.session_02	pilot.round3d.sample.lot_02.medium_dark.immersion.rep_2	5	109
pilot.round3d.session_slot.ordinary_user.assessor_059.session_02.position_06	pilot.round3d.session_slot.ordinary_user.assessor_059.session_02	pilot.round3d.sample.lot_02.light.immersion.rep_2	6	709
pilot.round3d.session_slot.ordinary_user.assessor_060.session_01.position_01	pilot.round3d.session_slot.ordinary_user.assessor_060.session_01	pilot.round3d.sample.lot_01.medium.espresso_milk.rep_1	1	421
pilot.round3d.session_slot.ordinary_user.assessor_060.session_01.position_02	pilot.round3d.session_slot.ordinary_user.assessor_060.session_01	pilot.round3d.sample.lot_02.medium.cold_extraction.rep_2	2	409
pilot.round3d.session_slot.ordinary_user.assessor_060.session_01.position_03	pilot.round3d.session_slot.ordinary_user.assessor_060.session_01	pilot.round3d.sample.lot_02.light.cold_extraction.rep_2	3	387
pilot.round3d.session_slot.ordinary_user.assessor_060.session_01.position_04	pilot.round3d.session_slot.ordinary_user.assessor_060.session_01	pilot.round3d.sample.lot_02.extremely_dark.espresso_pressure.rep_1	4	485
pilot.round3d.session_slot.ordinary_user.assessor_060.session_01.position_05	pilot.round3d.session_slot.ordinary_user.assessor_060.session_01	pilot.round3d.sample.lot_01.dark.cold_extraction.rep_1	5	166
pilot.round3d.session_slot.ordinary_user.assessor_060.session_01.position_06	pilot.round3d.session_slot.ordinary_user.assessor_060.session_01	pilot.round3d.sample.lot_01.extremely_dark.filter_percolation.rep_2	6	383
pilot.round3d.session_slot.ordinary_user.assessor_060.session_02.position_01	pilot.round3d.session_slot.ordinary_user.assessor_060.session_02	pilot.round3d.sample.lot_01.medium_dark.filter_percolation.rep_2	1	200
pilot.round3d.session_slot.ordinary_user.assessor_060.session_02.position_02	pilot.round3d.session_slot.ordinary_user.assessor_060.session_02	pilot.round3d.sample.lot_01.medium.espresso_pressure.rep_2	2	649
pilot.round3d.session_slot.ordinary_user.assessor_060.session_02.position_03	pilot.round3d.session_slot.ordinary_user.assessor_060.session_02	pilot.round3d.sample.lot_01.dark.filter_percolation.rep_2	3	510
pilot.round3d.session_slot.ordinary_user.assessor_060.session_02.position_04	pilot.round3d.session_slot.ordinary_user.assessor_060.session_02	pilot.round3d.sample.lot_02.medium.hybrid.rep_1	4	756
pilot.round3d.session_slot.ordinary_user.assessor_060.session_02.position_05	pilot.round3d.session_slot.ordinary_user.assessor_060.session_02	pilot.round3d.sample.lot_01.medium_light.espresso_pressure.rep_1	5	531
pilot.round3d.session_slot.ordinary_user.assessor_060.session_02.position_06	pilot.round3d.session_slot.ordinary_user.assessor_060.session_02	pilot.round3d.sample.lot_02.medium.hybrid.rep_2	6	570
